/**
 * generated by fontconvert.py
 * name: notosansjp_18_regular
 * size: 18
 * mode: 2-bit  compressed: true
 * Command used: fontconvert.py notosansjp_18_regular 18 ../builtinFonts/source/NotoSansJP/NotoSansCJKjp-Regular.otf --2bit --compress --additional-intervals 0x3040,0x30FF --additional-intervals 0xFF00,0xFFEF
 */
#pragma once
#include "EpdFontData.h"

static const uint8_t notosansjp_18_regularBitmaps[48560] = {
    0xC5, 0x5A, 0x3D, 0x8F, 0xE4, 0xC8, 0x79, 0xAE, 0x66, 0xEB, 0x86, 0x92, 0x28, 0x80, 0x97, 0xC8,
    0x90, 0xBC, 0x27, 0xD0, 0x81, 0x22, 0xFB, 0x2C, 0xA6, 0x0A, 0x76, 0xA6, 0xA8, 0xFB, 0x03, 0xBE,
    0xC0, 0x2B, 0xFF, 0x01, 0x3B, 0x51, 0xB2, 0x89, 0xC3, 0xDD, 0x26, 0x65, 0x03, 0x4E, 0xBD, 0x89,
    0x63, 0x5D, 0xA0, 0xC0, 0xDE, 0x0B, 0x94, 0x5E, 0x30, 0xDD, 0x45, 0xF8, 0x42, 0x25, 0x34, 0x04,
    0xD8, 0x81, 0x13, 0xC2, 0x5E, 0x18, 0xC2, 0x39, 0x58, 0xCA, 0xE0, 0xC9, 0x9C, 0x3B, 0x92, 0xE5,
    0xE7, 0x79, 0x8A, 0xEC, 0xE9, 0x99, 0xDD, 0x93, 0xF7, 0x13, 0xEA, 0x61, 0x3F, 0xEC, 0x21, 0x8B,
    0x55, 0x6F, 0xBD, 0xF5, 0x7E, 0x17, 0xFF, 0xB0, 0xC8, 0xAB, 0xD3, 0xBF, 0x2C, 0xFC, 0x15, 0xEB,
    0x5F, 0xBA, 0xFC, 0x99, 0xE5, 0x93, 0x57, 0xB6, 0x29, 0x1B, 0x5B, 0x67, 0x85, 0xDB, 0x4C, 0x3C,
    0x0C, 0x8F, 0xD2, 0x8C, 0x3B, 0x1D, 0x17, 0x66, 0x3C, 0x37, 0x97, 0xE7, 0xE6, 0x93, 0xF7, 0xCD,
    0x5F, 0x87, 0x07, 0xF0, 0x30, 0xC0, 0x64, 0x0B, 0x64, 0xE6, 0x07, 0x0B, 0xFC, 0xC0, 0x9C, 0x1B,
    0xF3, 0xA7, 0x80, 0x77, 0x76, 0xF7, 0x76, 0x1F, 0xE6, 0xDE, 0xFB, 0x41, 0x60, 0xEE, 0x9A, 0x07,
    0x06, 0xC7, 0x27, 0x0B, 0x7C, 0x62, 0xFA, 0x05, 0x7A, 0xD3, 0x99, 0x12, 0x4D, 0x5A, 0xC1, 0x1F,
    0x7C, 0xFE, 0xE3, 0xCF, 0x3F, 0xDC, 0x74, 0x51, 0x6B, 0x04, 0x51, 0xBB, 0x6D, 0x02, 0x6C, 0x9B,
    0x6D, 0xBD, 0x40, 0x2D, 0x88, 0x6B, 0x63, 0xA2, 0xCE, 0x3C, 0x03, 0xF1, 0x15, 0xC0, 0x79, 0x3C,
    0xC1, 0x61, 0x93, 0x21, 0x9A, 0x4C, 0xDA, 0x98, 0x1F, 0x9A, 0xAC, 0xD6, 0x44, 0x8F, 0xC0, 0x7F,
    0xB3, 0x86, 0x73, 0x01, 0x11, 0x68, 0xCC, 0x69, 0xF9, 0x96, 0x77, 0x66, 0xFD, 0xCF, 0x5B, 0x25,
    0x6F, 0x25, 0x23, 0x60, 0xC3, 0x8B, 0xC6, 0x11, 0x4A, 0x82, 0x25, 0xEF, 0x6C, 0xF8, 0x17, 0x33,
    0x9E, 0x8D, 0x6B, 0xE2, 0xD1, 0x58, 0x0E, 0x19, 0x7B, 0x3E, 0x7B, 0xFF, 0xCA, 0x3C, 0x9F, 0x3E,
    0xF7, 0x08, 0x5D, 0x56, 0x1C, 0x61, 0x20, 0xF7, 0xF0, 0xFD, 0x97, 0x89, 0x7C, 0x03, 0x35, 0x05,
    0x3A, 0xBC, 0x8B, 0x1F, 0x17, 0xF8, 0x69, 0x70, 0x17, 0x3D, 0xA7, 0xD5, 0x86, 0x0F, 0x3D, 0xC0,
    0x8F, 0x6D, 0x13, 0x7E, 0x68, 0xE6, 0xE6, 0xD2, 0x24, 0xB5, 0x16, 0x90, 0x57, 0x32, 0xB3, 0xB4,
    0x39, 0x37, 0xCB, 0x53, 0x9F, 0x44, 0xBE, 0x50, 0x3F, 0x5D, 0x8A, 0x49, 0xE5, 0xC6, 0x46, 0xAD,
    0xFD, 0x60, 0x00, 0x27, 0xF6, 0xDB, 0xFA, 0x21, 0x1E, 0x8E, 0xFD, 0x90, 0x56, 0x23, 0x49, 0x77,
    0x4D, 0x86, 0xB1, 0x2E, 0xC2, 0x83, 0x3D, 0x9A, 0xB2, 0xAB, 0xCD, 0xF2, 0xA3, 0xC7, 0xE8, 0xFC,
    0xB1, 0xE9, 0x96, 0x2B, 0x20, 0x22, 0xFC, 0x48, 0xEA, 0xE5, 0xA9, 0x94, 0xB4, 0x70, 0x5C, 0x4C,
    0x81, 0x3D, 0x6B, 0x0A, 0xF6, 0xEF, 0xC8, 0x39, 0xAC, 0x33, 0x47, 0x37, 0x9C, 0xC2, 0x66, 0x06,
    0xB1, 0x1B, 0x47, 0xD6, 0x27, 0x9E, 0x53, 0xCA, 0xFF, 0x6B, 0x14, 0xF7, 0xF6, 0xC0, 0xBD, 0x7A,
    0x1A, 0x17, 0xDC, 0x09, 0x79, 0xF7, 0x32, 0x22, 0x17, 0x76, 0x09, 0xDB, 0x5B, 0xAB, 0x05, 0xD4,
    0x3A, 0x65, 0x83, 0x38, 0x8F, 0xAE, 0xA7, 0xC8, 0xF7, 0x66, 0x33, 0x26, 0x57, 0xA3, 0x89, 0x86,
    0xAC, 0x75, 0x66, 0xDB, 0xD9, 0xCA, 0xD6, 0x71, 0x57, 0x9A, 0xB4, 0x4B, 0x9B, 0xD2, 0xC4, 0x63,
    0x5E, 0x1D, 0xCC, 0xC6, 0x97, 0x5C, 0xBC, 0x72, 0xE2, 0xEA, 0x65, 0x58, 0xA8, 0xDA, 0x64, 0xBE,
    0xC8, 0x7A, 0x08, 0x4A, 0x9F, 0x78, 0x3F, 0x67, 0xF3, 0xC6, 0xFB, 0x1E, 0xA2, 0x92, 0x81, 0xCC,
    0xF7, 0x1C, 0x3E, 0xE5, 0x6E, 0x77, 0x71, 0x7E, 0xFE, 0xBE, 0xF9, 0xAE, 0x96, 0xF9, 0x21, 0x29,
    0x02, 0x0B, 0xB6, 0x9D, 0xD9, 0xB6, 0x9C, 0x7B, 0x8A, 0xA3, 0xE2, 0x32, 0xE5, 0xBA, 0x7F, 0xA1,
    0x63, 0xA7, 0x86, 0x0F, 0x39, 0x1F, 0x1E, 0xE1, 0xF7, 0x6E, 0xBD, 0x8B, 0x66, 0x39, 0x17, 0x99,
    0x07, 0x1E, 0x4F, 0x28, 0xCE, 0xEC, 0x90, 0xDC, 0x19, 0xD4, 0x14, 0x2D, 0xBE, 0xC7, 0x89, 0xBD,
    0xA7, 0xF6, 0x68, 0x8C, 0x21, 0x8E, 0xCD, 0xA2, 0xD0, 0x6C, 0x24, 0xBB, 0xD9, 0x38, 0xF4, 0x78,
    0x3C, 0xF2, 0x93, 0xE3, 0xF4, 0xFA, 0x85, 0x1A, 0x5F, 0xEA, 0xC1, 0x61, 0x9D, 0x42, 0xA3, 0x29,
    0x54, 0x6C, 0x8B, 0xFB, 0xEF, 0x07, 0x9D, 0xCE, 0xAE, 0xBF, 0xEF, 0xE6, 0x1B, 0x53, 0x3A, 0x57,
    0x41, 0x25, 0xAB, 0x33, 0x30, 0xD8, 0xF8, 0x1A, 0x2C, 0xC4, 0x83, 0xFF, 0xD3, 0xE3, 0x49, 0x48,
    0x4F, 0xF1, 0x43, 0x73, 0xF2, 0x19, 0x5F, 0x08, 0x1C, 0xF4, 0xBB, 0x17, 0xFC, 0xE4, 0xF1, 0xFC,
    0xF8, 0xA3, 0x17, 0x7A, 0x0C, 0x12, 0x14, 0x3D, 0x4A, 0x87, 0x74, 0x4C, 0x47, 0xA8, 0xD7, 0x03,
    0xCC, 0x63, 0xD8, 0x76, 0x59, 0x63, 0x8B, 0xEF, 0x70, 0xFD, 0x7D, 0x8F, 0xE3, 0x8F, 0xD9, 0x55,
    0x56, 0xDB, 0xC6, 0xB6, 0xB6, 0xC9, 0xAA, 0x20, 0x6D, 0x58, 0x24, 0xCE, 0xD2, 0x50, 0x55, 0xA8,
    0x6C, 0xD4, 0x14, 0xCE, 0x2D, 0x97, 0x76, 0x51, 0x57, 0xC4, 0x13, 0x29, 0x59, 0x1F, 0x14, 0xF3,
    0xC6, 0x23, 0xF5, 0x1B, 0x7B, 0xE4, 0xCF, 0x39, 0x8D, 0x33, 0x0A, 0xBF, 0xA5, 0x2A, 0xF8, 0xA7,
    0xA3, 0xD9, 0x4E, 0xB0, 0x26, 0x31, 0xAC, 0x9E, 0x49, 0xA1, 0x9A, 0x15, 0x64, 0x21, 0xAB, 0x61,
    0x9D, 0xD2, 0x06, 0x86, 0x29, 0xC5, 0xDC, 0x4C, 0xD2, 0x12, 0x3A, 0x40, 0xDC, 0x61, 0x09, 0x9F,
    0x85, 0x22, 0x80, 0x9A, 0x24, 0xAD, 0x1E, 0x63, 0x07, 0xB5, 0xBA, 0x42, 0xA7, 0xB6, 0x8A, 0x7B,
    0x74, 0xAF, 0x81, 0x8C, 0xF7, 0xE3, 0x32, 0xB8, 0xC8, 0x80, 0x32, 0x9D, 0x61, 0x29, 0xB3, 0xE5,
    0xCB, 0xFF, 0xDF, 0xF4, 0x17, 0x8B, 0x3C, 0xAD, 0x5F, 0x73, 0x07, 0x24, 0x44, 0xB0, 0xEC, 0x30,
    0x05, 0xB0, 0x78, 0xB6, 0x89, 0x27, 0x8A, 0xA5, 0x37, 0x5F, 0xC7, 0x02, 0x16, 0x47, 0x4B, 0x5A,
    0x1D, 0xE1, 0x78, 0x4D, 0x76, 0x96, 0x66, 0x77, 0x33, 0xD1, 0xF0, 0x50, 0x1E, 0x62, 0x1A, 0x82,
    0x94, 0x46, 0x5A, 0xC6, 0x80, 0xE6, 0x38, 0xE2, 0xCD, 0x84, 0xD6, 0x26, 0xE7, 0x75, 0x1A, 0x98,
    0x88, 0x0F, 0x25, 0x5C, 0x27, 0xFB, 0xA5, 0xF7, 0x1D, 0xFD, 0x4A, 0x00, 0x73, 0xE7, 0x8B, 0x02,
    0x72, 0x1C, 0x68, 0x19, 0xF1, 0x40, 0xE4, 0x69, 0xBE, 0xDC, 0x2D, 0x0A, 0xAA, 0x53, 0x0A, 0x64,
    0xF8, 0x69, 0x6F, 0x32, 0x5A, 0x75, 0x18, 0x0D, 0x63, 0xBE, 0x49, 0xCB, 0x0D, 0x66, 0xCA, 0x06,
    0xB1, 0xB1, 0x5C, 0x4B, 0xDA, 0xAC, 0xB4, 0x2D, 0xF0, 0x7D, 0xFA, 0x97, 0x1D, 0x49, 0x75, 0x0D,
    0xAC, 0x31, 0xDC, 0xE0, 0x4C, 0x9F, 0xD4, 0xD3, 0xC3, 0xC8, 0xF3, 0xFA, 0xD5, 0xEF, 0xC4, 0x84,
    0x94, 0x90, 0x73, 0xC8, 0x92, 0x7E, 0x65, 0x02, 0x44, 0xC3, 0xBA, 0xE6, 0x10, 0x0B, 0xBA, 0x2C,
    0xA9, 0x34, 0x80, 0x2C, 0x8C, 0x60, 0xC5, 0xA8, 0xCC, 0x96, 0x23, 0x5B, 0xD2, 0x80, 0x5B, 0x9F,
    0x3D, 0xF6, 0xFF, 0x04, 0x27, 0xE4, 0x67, 0xC1, 0xEA, 0xA2, 0xFE, 0x3F, 0x00, 0x55, 0xBE, 0x38,
    0x01, 0x72, 0x59, 0x10, 0x5F, 0x43, 0xBB, 0x42, 0x22, 0xF8, 0x57, 0x0F, 0xD3, 0x24, 0x07, 0xEB,
    0x1D, 0xA6, 0xD5, 0x6C, 0x7C, 0xB1, 0xAE, 0x4A, 0x76, 0x93, 0x11, 0x49, 0x77, 0x93, 0x2F, 0xCD,
    0xBB, 0x6C, 0xF7, 0x90, 0x4B, 0xE5, 0x1A, 0x4C, 0x3F, 0xE7, 0x52, 0xC4, 0x5C, 0x94, 0xE0, 0x79,
    0x23, 0xFF, 0x88, 0x66, 0x7E, 0xA2, 0xE0, 0x82, 0x96, 0x19, 0xAB, 0x80, 0x2E, 0xBE, 0x1E, 0xF8,
    0x9B, 0x57, 0xB7, 0x7C, 0x2F, 0x3E, 0x07, 0xF3, 0x57, 0x30, 0xB7, 0x74, 0x34, 0x53, 0x89, 0xAE,
    0xE6, 0xAB, 0x33, 0x6F, 0xB0, 0x56, 0xAE, 0x00, 0x49, 0xB6, 0x9A, 0xB9, 0x3C, 0x87, 0x05, 0xD2,
    0xBA, 0x24, 0x58, 0x19, 0x8C, 0x22, 0xA8, 0x9D, 0xAD, 0x40, 0x17, 0xFC, 0xC4, 0x00, 0x31, 0xDB,
    0x48, 0x57, 0x4A, 0xD2, 0x12, 0xCF, 0x54, 0x1A, 0x08, 0xCD, 0x11, 0x44, 0x7D, 0xBD, 0x8E, 0xBF,
    0x5B, 0x6D, 0x54, 0xD4, 0xAF, 0xDC, 0x4A, 0x9A, 0xB5, 0xC5, 0x2D, 0x32, 0x0F, 0x84, 0xE9, 0x08,
    0x8A, 0x27, 0xF4, 0x28, 0xE5, 0x68, 0x2B, 0xE8, 0x8F, 0x70, 0x8B, 0xEF, 0xDD, 0xCA, 0xC2, 0x33,
    0x70, 0x9C, 0x26, 0x0F, 0x7C, 0xF9, 0x78, 0xE2, 0x53, 0x8E, 0xD7, 0x61, 0x3E, 0x9A, 0xA0, 0xF8,
    0x0B, 0x24, 0xFC, 0x17, 0x4F, 0x65, 0x15, 0x34, 0x06, 0x86, 0xC8, 0x57, 0x14, 0xC1, 0xAB, 0x81,
    0x3C, 0xC5, 0x0C, 0x66, 0x4F, 0x0F, 0x90, 0xCC, 0xA4, 0xD3, 0x23, 0x26, 0x0C, 0x42, 0x95, 0xB6,
    0xAB, 0xA0, 0x6D, 0x8F, 0x16, 0x26, 0xE9, 0x10, 0x22, 0xA5, 0x2D, 0xA2, 0xA3, 0xB2, 0x8E, 0xFD,
    0xC7, 0x9E, 0x06, 0x7C, 0xA0, 0xF3, 0x06, 0x19, 0x77, 0x18, 0xDC, 0x78, 0xC5, 0x58, 0x0E, 0x1E,
    0x41, 0x8E, 0xB3, 0x06, 0x41, 0x50, 0x1D, 0x5B, 0x04, 0xEE, 0xAE, 0xCC, 0x86, 0x0B, 0x86, 0xC8,
    0x08, 0xAC, 0x00, 0x5E, 0xB3, 0x85, 0x88, 0xB8, 0x2E, 0xBD, 0x8A, 0xBF, 0x6C, 0x21, 0x70, 0xFF,
    0xDE, 0x1A, 0x37, 0x43, 0xAA, 0xCE, 0x1E, 0xA5, 0x47, 0x06, 0xDE, 0xE2, 0xA2, 0x33, 0x67, 0xB4,
    0x02, 0x69, 0x03, 0xAD, 0xCE, 0xA8, 0xC8, 0x90, 0x17, 0xDC, 0xBC, 0xAF, 0x30, 0xE0, 0xD4, 0xF6,
    0x3F, 0xFB, 0xB9, 0xBE, 0x1B, 0x63, 0x2E, 0x70, 0x25, 0x83, 0x58, 0xFA, 0xCC, 0xE7, 0xAB, 0xDD,
    0x0C, 0x3F, 0xDF, 0xE7, 0x52, 0xF4, 0x0C, 0x60, 0x7A, 0x1A, 0x81, 0x47, 0x46, 0x5E, 0x11, 0x92,
    0x6F, 0xEE, 0x50, 0x5C, 0x79, 0x35, 0x98, 0x11, 0x37, 0x28, 0xC0, 0x51, 0xF0, 0x48, 0x2D, 0x8F,
    0x64, 0x2B, 0x64, 0x3B, 0x42, 0xAB, 0xB3, 0x5E, 0xFD, 0xFD, 0xE4, 0xF1, 0xE3, 0xC7, 0x1F, 0x5D,
    0x7B, 0x44, 0xF3, 0x3B, 0x3F, 0xB7, 0x1A, 0x7F, 0x64, 0x6E, 0x8C, 0x76, 0x67, 0x19, 0x4D, 0xBA,
    0xD3, 0x9B, 0x85, 0xA4, 0x25, 0x76, 0xED, 0x97, 0x71, 0x33, 0xF0, 0xEB, 0xCC, 0x3F, 0x09, 0x34,
    0xE7, 0x47, 0x9A, 0x0F, 0xEC, 0xE5, 0x43, 0x0D, 0x72, 0xFF, 0xD7, 0xB4, 0x03, 0x05, 0xD8, 0xDB,
    0xD8, 0x2A, 0xEB, 0xBE, 0xA7, 0xF9, 0x52, 0x38, 0x61, 0x68, 0x24, 0xA9, 0x14, 0x4F, 0xF2, 0x8E,
    0x6A, 0x4C, 0x45, 0x77, 0xC1, 0x32, 0xB3, 0x09, 0x05, 0x94, 0x8B, 0xC7, 0x65, 0xA3, 0x31, 0x7C,
    0xDE, 0x52, 0xF0, 0xBA, 0x6D, 0xAF, 0xBF, 0xA9, 0xDA, 0x04, 0x5A, 0xB9, 0x9E, 0x32, 0x20, 0xE5,
    0xD5, 0x3D, 0xD7, 0x05, 0x0B, 0x0E, 0x3F, 0x81, 0x10, 0x2E, 0x28, 0xB9, 0x4C, 0x32, 0x3A, 0x97,
    0xFA, 0xC4, 0xAD, 0xF4, 0x06, 0x1E, 0x98, 0xFE, 0x97, 0xDE, 0x98, 0xD1, 0x54, 0xFF, 0x97, 0x66,
    0xC0, 0xB0, 0x6E, 0xEA, 0xCD, 0x65, 0x8E, 0x0E, 0xEE, 0x77, 0xE6, 0xC1, 0x05, 0x08, 0x03, 0xC5,
    0x77, 0x11, 0x10, 0xD7, 0xD0, 0xAB, 0xF3, 0x4B, 0x28, 0x04, 0x9E, 0xC1, 0xF9, 0x82, 0x7E, 0xFB,
    0xEE, 0x25, 0x42, 0x23, 0xF8, 0xEE, 0x07, 0x03, 0xA2, 0x35, 0xF8, 0xEF, 0xCB, 0x01, 0x0B, 0x8F,
    0xBE, 0x86, 0x01, 0xD7, 0x19, 0x78, 0x5F, 0x42, 0xCB, 0x6D, 0xBD, 0x6D, 0x2F, 0x8D, 0xFD, 0xA9,
    0x87, 0x7A, 0x3D, 0x00, 0x1B, 0x7F, 0xF5, 0xB9, 0x2B, 0xCE, 0x41, 0xEF, 0x07, 0x9E, 0xF6, 0xD7,
    0xBC, 0x6B, 0xCA, 0x86, 0x01, 0x5D, 0xC8, 0x8A, 0xEA, 0x70, 0x5E, 0x25, 0x2C, 0x1A, 0x97, 0xB9,
    0xD3, 0x2B, 0xFD, 0x11, 0x79, 0x70, 0x05, 0x3B, 0xA3, 0x75, 0x5A, 0xD6, 0xFC, 0x8E, 0x0F, 0xAE,
    0xC0, 0xBC, 0xB3, 0x24, 0x62, 0x8D, 0x2C, 0xB2, 0x9E, 0x2F, 0x85, 0x7B, 0xB5, 0x1B, 0x65, 0x33,
    0x7A, 0x19, 0x8D, 0x6E, 0x2F, 0x33, 0x51, 0x8A, 0x15, 0x56, 0x76, 0x27, 0x2F, 0x38, 0xB8, 0x38,
    0x4F, 0x2B, 0x10, 0xAC, 0x02, 0xC8, 0xE3, 0xBA, 0x94, 0x22, 0xE7, 0xA0, 0xE5, 0x9B, 0x48, 0x12,
    0x8C, 0x1C, 0x68, 0x27, 0x09, 0x30, 0x23, 0xF3, 0xE3, 0xC7, 0x5E, 0x0D, 0x4A, 0x19, 0x76, 0x5B,
    0xE8, 0xC1, 0xA5, 0x2B, 0xE6, 0x48, 0x0A, 0x48, 0xB0, 0x10, 0xA5, 0xEC, 0x90, 0x93, 0x99, 0xB2,
    0x7E, 0x7E, 0x44, 0xE3, 0x38, 0xC3, 0xE1, 0x40, 0x11, 0x2D, 0x43, 0x71, 0x2A, 0xFC, 0x31, 0x44,
    0x41, 0x93, 0x05, 0xF4, 0x6F, 0x42, 0x80, 0x3A, 0x61, 0xE8, 0xCA, 0x72, 0xD8, 0x00, 0x9F, 0xFD,
    0xC2, 0xD3, 0xAD, 0x65, 0x6A, 0x3C, 0x72, 0x26, 0x33, 0xE1, 0x40, 0x70, 0x47, 0xF0, 0x96, 0x4E,
    0x78, 0x6D, 0x92, 0xF7, 0x32, 0xC5, 0x84, 0x02, 0x40, 0x55, 0x50, 0xA6, 0x15, 0x1C, 0x88, 0x95,
    0xFD, 0xF6, 0x4F, 0x60, 0xBC, 0xE1, 0x38, 0xA0, 0xC8, 0x8A, 0x02, 0x82, 0x18, 0x85, 0x8C, 0x2F,
    0x88, 0x52, 0xB0, 0x2A, 0xC1, 0x7D, 0x84, 0xA4, 0x6E, 0x41, 0x7F, 0x82, 0xEE, 0x19, 0x54, 0xBC,
    0xB2, 0xF4, 0x10, 0x7A, 0x93, 0x4B, 0xD3, 0x28, 0xDF, 0xD2, 0x88, 0x25, 0x73, 0x48, 0xF8, 0x9F,
    0x85, 0x92, 0x24, 0x78, 0x0D, 0x52, 0x68, 0x7D, 0x88, 0x01, 0xB9, 0xEE, 0xA4, 0x9E, 0xCB, 0x73,
    0xE6, 0x6B, 0x85, 0xEE, 0x74, 0xE2, 0xEC, 0x44, 0x93, 0x34, 0x9A, 0xAF, 0x1C, 0x87, 0x17, 0x3A,
    0x61, 0x49, 0xBB, 0x1A, 0xAC, 0xEB, 0x8A, 0xD5, 0x09, 0x9E, 0x5C, 0x0F, 0x2D, 0xDD, 0x75, 0x0F,
    0x9B, 0xE9, 0xBA, 0xE7, 0x30, 0x8A, 0x46, 0xD4, 0xE8, 0x81, 0x92, 0x85, 0xAA, 0x85, 0x42, 0x2D,
    0xD2, 0x0A, 0xE6, 0x45, 0x83, 0x08, 0x63, 0x42, 0xFA, 0x7B, 0x02, 0x2F, 0xF5, 0xEC, 0xD2, 0x81,
    0xAF, 0x6F, 0xC2, 0xEF, 0x8F, 0x96, 0x9B, 0x80, 0x55, 0x24, 0x7B, 0xE2, 0x75, 0x01, 0x19, 0x58,
    0x3F, 0xD9, 0x28, 0x40, 0x41, 0xE6, 0xFB, 0x55, 0x72, 0x16, 0x24, 0xC6, 0x3D, 0x4F, 0xCE, 0x30,
    0xBF, 0x80, 0x6E, 0xC5, 0xE0, 0x31, 0x19, 0x9F, 0x48, 0x9D, 0x69, 0x63, 0xD3, 0x3A, 0x97, 0x59,
    0x65, 0xCF, 0xF0, 0xED, 0xAC, 0x18, 0xD4, 0x0C, 0x19, 0xA1, 0x9F, 0xFE, 0xC9, 0x3B, 0xCB, 0x02,
    0x16, 0xA4, 0x6A, 0x58, 0x28, 0x7C, 0x46, 0x32, 0x5E, 0x15, 0xFD, 0xCA, 0xF7, 0x23, 0xBE, 0xA9,
    0x9E, 0x17, 0x7C, 0xB5, 0xBF, 0x25, 0x88, 0x7A, 0xC3, 0xDF, 0xCD, 0xF8, 0x2D, 0x98, 0x46, 0x64,
    0x4C, 0x03, 0x22, 0x85, 0x0E, 0x3E, 0x90, 0x81, 0x49, 0xC5, 0x00, 0xC3, 0x2A, 0xC5, 0xA0, 0x25,
    0xD3, 0xEF, 0xAC, 0x55, 0x5E, 0x5D, 0x87, 0x1C, 0x86, 0x61, 0xF8, 0x24, 0x43, 0x4B, 0xA1, 0xE0,
    0x4D, 0xD2, 0x48, 0x47, 0x27, 0x1B, 0x62, 0xB7, 0xEC, 0xDE, 0x26, 0x0A, 0xC4, 0x33, 0x5D, 0x29,
    0x3D, 0xEF, 0x7A, 0xC6, 0xC8, 0x76, 0xE2, 0xAA, 0xDA, 0x9E, 0x7E, 0xD6, 0xB6, 0xF4, 0x15, 0x90,
    0x99, 0x59, 0xE2, 0xE6, 0xCC, 0xF5, 0x28, 0x19, 0xA3, 0x7B, 0x8A, 0x96, 0x55, 0x08, 0x72, 0xD4,
    0x64, 0x33, 0x9F, 0x58, 0x07, 0x5B, 0xBF, 0xB6, 0x80, 0xBF, 0x16, 0x2C, 0xE6, 0x78, 0x05, 0x96,
    0xE6, 0x66, 0x8B, 0x39, 0x6E, 0x67, 0xFA, 0xB2, 0x58, 0x98, 0xCC, 0x96, 0xF2, 0x3B, 0x5F, 0x60,
    0xA6, 0xD9, 0xEE, 0x02, 0xB9, 0xB4, 0xDD, 0x5D, 0xB0, 0x34, 0xB2, 0xB3, 0xE8, 0xE4, 0xC1, 0xCE,
    0xC2, 0x8B, 0x8D, 0x3B, 0x8B, 0xB8, 0x60, 0x38, 0xD8, 0xB4, 0x8E, 0xBA, 0x83, 0x8D, 0x9B, 0x2D,
    0x70, 0xDB, 0xC6, 0x0D, 0xB0, 0x4B, 0xEA, 0x83, 0xDD, 0xF4, 0x69, 0x05, 0x07, 0x31, 0x64, 0x05,
    0x10, 0x8E, 0x1E, 0xF8, 0xF0, 0x82, 0x68, 0x1F, 0x12, 0xF3, 0x4B, 0x62, 0x3A, 0x08, 0x3B, 0x62,
    0x22, 0x84, 0xD7, 0x3F, 0x84, 0x50, 0xFC, 0x06, 0x56, 0xB2, 0x99, 0xB5, 0x50, 0xDE, 0xCF, 0xF6,
    0x42, 0xAE, 0x45, 0x71, 0xB1, 0x17, 0x5A, 0x5D, 0xC9, 0x15, 0xD9, 0xC2, 0xB7, 0x02, 0xE1, 0x28,
    0x81, 0xF0, 0xA7, 0x40, 0x66, 0x61, 0xB0, 0xB7, 0x93, 0xB0, 0x14, 0x42, 0xB6, 0x0B, 0xAB, 0x04,
    0xC3, 0x2A, 0x93, 0x67, 0x96, 0x46, 0x8C, 0x46, 0xD9, 0xE7, 0x49, 0x58, 0xE6, 0x44, 0x7B, 0x5F,
    0xD1, 0xF2, 0x53, 0x62, 0xEA, 0x89, 0x5B, 0x61, 0x24, 0x34, 0x01, 0x19, 0xE9, 0xC9, 0xC7, 0x05,
    0x6F, 0x52, 0xD2, 0xB3, 0x6C, 0x7C, 0x93, 0x78, 0x43, 0xF1, 0x72, 0x35, 0xEB, 0x97, 0x79, 0x4B,
    0xD9, 0x4B, 0x19, 0xB2, 0x53, 0x86, 0x59, 0x5E, 0x1C, 0x69, 0x7B, 0x36, 0xA3, 0x53, 0x02, 0x2D,
    0xAB, 0x13, 0x70, 0xF6, 0x27, 0xE8, 0xAE, 0x71, 0x52, 0xB6, 0x3B, 0xF1, 0x29, 0x50, 0xAA, 0x1E,
    0xD8, 0x5B, 0xDC, 0xA7, 0xEA, 0x39, 0xD1, 0x28, 0xB4, 0x76, 0xAE, 0x0E, 0xA3, 0x3F, 0xD7, 0xC7,
    0x3D, 0x32, 0xAB, 0x83, 0xF7, 0x14, 0x49, 0x77, 0x8C, 0x0B, 0xB6, 0xC3, 0x0A, 0xD1, 0xB8, 0x82,
    0x3C, 0xBA, 0xAE, 0xC5, 0x8C, 0x01, 0xB2, 0x8E, 0x11, 0x42, 0xB3, 0xCA, 0x11, 0x2D, 0xF7, 0x17,
    0xC5, 0x6B, 0xD8, 0xEB, 0x2B, 0x73, 0x64, 0x5A, 0xE0, 0xDA, 0xC2, 0x36, 0x13, 0x66, 0x61, 0x02,
    0xE3, 0x4C, 0xE0, 0x9C, 0x09, 0x93, 0x35, 0x61, 0xE6, 0x26, 0xB0, 0xC1, 0x04, 0xEE, 0x05, 0xA3,
    0xBD, 0x9C, 0xE6, 0x10, 0x1E, 0x1C, 0x4F, 0xEE, 0xE4, 0x34, 0xAD, 0x0F, 0x04, 0xDE, 0xAF, 0x9D,
    0x85, 0x55, 0xD1, 0x40, 0x10, 0x47, 0x6A, 0x3D, 0x7E, 0xB2, 0xA0, 0x51, 0xB2, 0xAC, 0x56, 0x45,
    0xFE, 0x48, 0x20, 0x0B, 0x13, 0x24, 0x77, 0xE3, 0x54, 0x5D, 0x08, 0xF1, 0xFB, 0x52, 0xFC, 0x20,
    0xF9, 0x4B, 0x38, 0xF9, 0x24, 0x04, 0x8B, 0xDE, 0x2F, 0xB1, 0xB3, 0xFE, 0x45, 0x52, 0x06, 0xAE,
    0xAD, 0x81, 0xD9, 0xB2, 0x00, 0xA5, 0xE2, 0xAF, 0xFE, 0x59, 0xDE, 0x47, 0xE3, 0x8D, 0x45, 0xD1,
    0x1A, 0x95, 0xED, 0xEA, 0x6C, 0xB5, 0x82, 0x34, 0x3C, 0x39, 0x41, 0xC6, 0x47, 0xB6, 0x47, 0xA6,
    0x27, 0x44, 0x27, 0x0A, 0x2D, 0x64, 0xCD, 0x43, 0x0A, 0x79, 0x3D, 0xD0, 0x18, 0x62, 0x8E, 0x88,
    0xE9, 0x46, 0x46, 0xF7, 0xE4, 0x65, 0x4F, 0x8B, 0x7C, 0x80, 0x0D, 0xDD, 0x74, 0xB7, 0x0B, 0x02,
    0xDD, 0x5A, 0xAD, 0xD9, 0x32, 0x05, 0xD8, 0x28, 0x30, 0xB6, 0x4C, 0xEF, 0x12, 0x39, 0xB5, 0x92,
    0x3F, 0xCF, 0x42, 0x65, 0x9E, 0xFF, 0xC7, 0xE3, 0x5A, 0x12, 0x52, 0x71, 0x68, 0x81, 0x94, 0xD7,
    0x60, 0x71, 0x20, 0xB4, 0x73, 0x71, 0xBF, 0x67, 0x3E, 0xD1, 0xB0, 0x0E, 0x55, 0x28, 0xEB, 0xA1,
    0xFF, 0xF2, 0xC5, 0x29, 0x3E, 0xCF, 0x29, 0xFF, 0xFE, 0xB1, 0x54, 0x10, 0xF7, 0xB6, 0x71, 0x09,
    0x15, 0x0B, 0x39, 0xAB, 0x82, 0xA3, 0x52, 0x4E, 0x9D, 0xC4, 0x74, 0xA6, 0x68, 0x32, 0xD5, 0xEE,
    0xC9, 0xE8, 0x2D, 0x78, 0xD9, 0x29, 0x61, 0x68, 0xA4, 0xEE, 0x85, 0x09, 0x49, 0xA4, 0xEA, 0x55,
    0xCC, 0xEC, 0x43, 0x1D, 0x85, 0x12, 0x20, 0x53, 0xCA, 0x1E, 0x4A, 0x65, 0x82, 0x4E, 0x8B, 0x3B,
    0x2B, 0x03, 0x19, 0x99, 0x60, 0x40, 0x1B, 0x60, 0x31, 0x91, 0xB9, 0xE1, 0xD8, 0xB2, 0x64, 0xAF,
    0xAC, 0x63, 0x52, 0xD6, 0x71, 0xD0, 0x23, 0xA5, 0xF2, 0x27, 0xAB, 0xE4, 0x11, 0x5D, 0x15, 0x4B,
    0x19, 0x61, 0x8D, 0x8A, 0x9A, 0xBD, 0x8A, 0x4F, 0xA3, 0x92, 0x1F, 0xE1, 0x6F, 0x94, 0x4A, 0x7D,
    0xD9, 0x49, 0x33, 0xBA, 0xE3, 0xFE, 0x8D, 0x71, 0x4A, 0xA2, 0xCA, 0x5A, 0x0E, 0x95, 0x69, 0x4F,
    0x09, 0xBA, 0x98, 0x77, 0x1D, 0x70, 0xE6, 0x6E, 0xCE, 0xC4, 0x62, 0x29, 0xCE, 0x23, 0x6B, 0x27,
    0x13, 0x68, 0x01, 0xAD, 0xD9, 0x8E, 0xDB, 0x08, 0x30, 0x03, 0x30, 0xD4, 0x2C, 0x11, 0xC0, 0x27,
    0x6D, 0x7B, 0x9C, 0x2F, 0xF2, 0x62, 0xDB, 0xA1, 0x93, 0x87, 0x59, 0x85, 0x33, 0x32, 0xC4, 0xAC,
    0x8E, 0x3B, 0xCC, 0x61, 0x44, 0x38, 0xD6, 0x62, 0x16, 0x43, 0xDA, 0xA0, 0x97, 0x71, 0xD3, 0x27,
    0x2D, 0x13, 0xD4, 0x08, 0x09, 0x27, 0xCF, 0x68, 0xDB, 0x61, 0x94, 0xC3, 0xB6, 0xDD, 0x76, 0xF0,
    0x1D, 0x65, 0xDC, 0x44, 0x3D, 0xA6, 0x64, 0x93, 0x7A, 0x43, 0x75, 0xC3, 0xD9, 0x50, 0x4D, 0xEC,
    0x9F, 0x55, 0x3A, 0xE7, 0x7F, 0x5F, 0x98, 0xFD, 0x0E, 0x33, 0xFE, 0x99, 0x31, 0x3B, 0x4C, 0x34,
    0x7D, 0x0A, 0xBF, 0x78, 0x19, 0x8A, 0x82, 0xF4, 0x46, 0x0C, 0x21, 0x72, 0x9E, 0xA7, 0x50, 0x8C,
    0xA4, 0x12, 0x60, 0x89, 0x72, 0xA5, 0xE1, 0xD4, 0xA0, 0x99, 0xFA, 0x09, 0x83, 0xB5, 0x15, 0x9B,
    0xB1, 0x80, 0x64, 0xBC, 0x17, 0x5F, 0xC3, 0xB2, 0xE4, 0x81, 0x97, 0xCD, 0x41, 0x79, 0x9C, 0xF8,
    0xF7, 0xDB, 0xE1, 0x84, 0x73, 0x47, 0x9E, 0x2D, 0xBF, 0xC3, 0xF5, 0xED, 0xFF, 0xAA, 0x8A, 0xF0,
    0x1F, 0x32, 0x4D, 0xF5, 0xAC, 0xA2, 0x8C, 0x93, 0x89, 0xE5, 0x82, 0xCF, 0x8C, 0x43, 0xC1, 0x03,
    0x10, 0x00, 0xCE, 0x80, 0x00, 0xF0, 0x0B, 0x04, 0xA4, 0x92, 0x20, 0x0E, 0xEA, 0xD5, 0x8C, 0x1B,
    0x32, 0xC4, 0x2C, 0x2C, 0xB2, 0xE4, 0x22, 0x2C, 0x3E, 0x9E, 0x62, 0x42, 0x2A, 0x9A, 0x17, 0x61,
    0x29, 0x17, 0x9A, 0x43, 0x06, 0xAA, 0x48, 0xB8, 0x09, 0xB9, 0xA7, 0xAA, 0xC0, 0xBF, 0x51, 0x0A,
    0xFC, 0x85, 0xCC, 0x62, 0xA0, 0x3C, 0xAC, 0xB6, 0x3D, 0x4D, 0xEE, 0x5E, 0x19, 0x53, 0x56, 0x4D,
    0x8F, 0x70, 0x2C, 0x3B, 0x07, 0x8B, 0xD5, 0x9C, 0x96, 0x9D, 0x65, 0x76, 0x42, 0x4D, 0xBA, 0x5F,
    0x2D, 0x99, 0x02, 0x7F, 0x45, 0xFC, 0x7E, 0x4D, 0xFE, 0x55, 0xDC, 0x93, 0x85, 0x53, 0x55, 0x54,
    0x23, 0xB9, 0x63, 0x49, 0x7B, 0xB8, 0xD9, 0x37, 0x0D, 0xD3, 0x29, 0xC0, 0x09, 0x16, 0x17, 0xEB,
    0xEE, 0xD1, 0x5B, 0x3A, 0xC2, 0x28, 0x0F, 0xB4, 0xF9, 0x17, 0x36, 0x2E, 0x32, 0x13, 0x36, 0x32,
    0x58, 0x9F, 0xE1, 0xC6, 0x06, 0x37, 0x38, 0x58, 0x68, 0xD1, 0xE6, 0x65, 0xBF, 0x6C, 0x80, 0x5C,
    0x2E, 0xBB, 0x1B, 0x6F, 0xEF, 0xA1, 0x0F, 0xDD, 0x0C, 0x1F, 0x78, 0xF1, 0x7A, 0x7F, 0xEA, 0x23,
    0x3E, 0x3A, 0x18, 0xEA, 0xBC, 0xC9, 0x68, 0x47, 0x2C, 0xB7, 0x67, 0x1E, 0x92, 0x88, 0x4B, 0x16,
    0x6F, 0x06, 0xA8, 0x2C, 0x34, 0x98, 0xFB, 0x6C, 0x20, 0x80, 0x3A, 0x6B, 0x92, 0x66, 0xD3, 0xD3,
    0x20, 0x8D, 0xB4, 0x47, 0x97, 0xF4, 0x75, 0xBB, 0x65, 0x47, 0x4D, 0x42, 0x27, 0x27, 0x12, 0xF0,
    0xDB, 0xF7, 0xF0, 0x31, 0x5F, 0xD3, 0x7C, 0xCA, 0x8A, 0x11, 0x45, 0x22, 0x55, 0xE4, 0x42, 0x43,
    0xE5, 0xBF, 0x01, 0xCF, 0x8C, 0xBC, 0x4C, 0x5B, 0x20, 0x39, 0xA3, 0x9A, 0x8C, 0x3B, 0xC5, 0xDF,
    0x58, 0x1C, 0xD7, 0xF5, 0x8E, 0x72, 0x49, 0xAF, 0xEF, 0x15, 0x08, 0x20, 0x60, 0x86, 0xA9, 0x86,
    0xC4, 0x94, 0x1C, 0xAF, 0x64, 0xFD, 0x78, 0x01, 0xC7, 0x18, 0xA0, 0xAC, 0x10, 0xC4, 0x40, 0x46,
    0xA0, 0x2A, 0x1E, 0xC6, 0x64, 0xE3, 0xE0, 0x84, 0xDD, 0xB1, 0xB3, 0x17, 0x81, 0x0D, 0xC2, 0x04,
    0x97, 0x21, 0xE0, 0x70, 0x98, 0x82, 0x71, 0x03, 0x82, 0x10, 0xC4, 0x43, 0x96, 0x49, 0x68, 0xDA,
    0x12, 0x58, 0xE8, 0x51, 0xB5, 0x27, 0xBE, 0x09, 0xC9, 0x11, 0xD4, 0x2E, 0x6F, 0x10, 0x9C, 0x96,
    0xB5, 0xEB, 0x11, 0xC2, 0x1C, 0xA8, 0x30, 0x7B, 0x0B, 0xA5, 0xBC, 0x3C, 0x0B, 0x7B, 0xBD, 0xCD,
    0x69, 0x1D, 0xDF, 0x17, 0x4B, 0x96, 0x7C, 0xA2, 0x0D, 0xF5, 0x73, 0xF6, 0x5D, 0xAA, 0xF5, 0x86,
    0xB4, 0x69, 0x0D, 0x0E, 0x36, 0x0C, 0x0E, 0x32, 0x45, 0x12, 0x35, 0x3A, 0xD5, 0x96, 0x52, 0x73,
    0x2C, 0xB1, 0xBD, 0x18, 0x9C, 0xF9, 0x0F, 0x10, 0x8A, 0xF9, 0xDF, 0x8E, 0xEC, 0x65, 0x44, 0x7F,
    0xF7, 0x47, 0xF4, 0xBC, 0x1D, 0x31, 0x46, 0x34, 0x82, 0xA0, 0x88, 0xF1, 0xAE, 0x42, 0xDF, 0x67,
    0xA1, 0x5E, 0xEF, 0xC2, 0x3B, 0x46, 0x23, 0x2C, 0x6F, 0x32, 0xC6, 0xB3, 0x29, 0x47, 0xAC, 0xEA,
    0x34, 0x72, 0xC3, 0x60, 0x84, 0x89, 0x2E, 0xC6, 0x75, 0xF3, 0x62, 0xD4, 0xA4, 0x19, 0x9F, 0x97,
    0x35, 0x23, 0x3E, 0xBA, 0x88, 0xB8, 0x85, 0x49, 0x93, 0x33, 0x40, 0x3A, 0xF0, 0x0F, 0xF7, 0xFE,
    0xA2, 0x3B, 0xD9, 0x5D, 0x38, 0x6E, 0x40, 0x85, 0x49, 0xB7, 0x6B, 0xE4, 0x87, 0x40, 0x35, 0xAE,
    0xD6, 0x49, 0x7B, 0xEE, 0x5D, 0xC1, 0xF9, 0x7E, 0x53, 0x3B, 0x13, 0x1C, 0x41, 0x66, 0x84, 0xD3,
    0xDB, 0x2E, 0xE5, 0xD9, 0xD3, 0x2F, 0xAB, 0xF5, 0x14, 0x37, 0x9E, 0x6F, 0xDF, 0x7B, 0x95, 0x2F,
    0xF8, 0xE7, 0x47, 0x85, 0xA9, 0x91, 0xFF, 0x78, 0xFE, 0x47, 0x98, 0xBD, 0x99, 0x94, 0xDA, 0x02,
    0x4A, 0x92, 0x57, 0x98, 0x5B, 0x56, 0xE9, 0x17, 0x77, 0xA3, 0x8A, 0xA4, 0xD3, 0xF6, 0x63, 0xA4,
    0xD5, 0xEF, 0x19, 0x41, 0x54, 0x60, 0xC0, 0xBB, 0x61, 0x9B, 0x74, 0x29, 0xF1, 0xB7, 0x21, 0x3A,
    0xFF, 0x4C, 0xA5, 0xC8, 0x4E, 0x55, 0x49, 0x68, 0x60, 0x3C, 0x51, 0x21, 0xE7, 0x63, 0x35, 0x10,
    0xE9, 0x12, 0x79, 0xDF, 0x80, 0x21, 0xE9, 0xFC, 0x63, 0xEE, 0xA4, 0xF9, 0xA5, 0xEA, 0xFE, 0x92,
    0x22, 0xEF, 0xF0, 0x44, 0x4A, 0x7E, 0x94, 0x90, 0x49, 0x37, 0x41, 0x62, 0x5D, 0x8B, 0xDC, 0x0A,
    0x02, 0x6C, 0x0B, 0xE6, 0xDB, 0xD5, 0x0A, 0xF9, 0xAB, 0xC2, 0x3B, 0x74, 0xB2, 0xCD, 0xE9, 0x46,
    0x44, 0x5E, 0xBF, 0xD8, 0x1F, 0xCB, 0xBF, 0x40, 0xC4, 0xAF, 0x38, 0x6E, 0x15, 0xCF, 0x71, 0xFD,
    0x8D, 0x1C, 0x90, 0xAF, 0x12, 0xB6, 0x9E, 0xEF, 0x40, 0x60, 0xE2, 0xF7, 0x5E, 0x8A, 0x79, 0x0B,
    0x80, 0x65, 0x21, 0x29, 0xC2, 0xE2, 0x3B, 0xEA, 0xB0, 0x76, 0x7C, 0x1C, 0xDD, 0x9D, 0x93, 0xC1,
    0xA3, 0x33, 0x73, 0x19, 0x81, 0xA9, 0xBE, 0x9B, 0x79, 0x6D, 0x70, 0x4A, 0x03, 0x0B, 0x64, 0x5C,
    0xDA, 0x23, 0x82, 0xBA, 0x39, 0x0A, 0xD4, 0xD2, 0x55, 0x48, 0x9D, 0x4A, 0x2E, 0x41, 0x5E, 0x7F,
    0x1B, 0xBF, 0x5F, 0xFE, 0xAF, 0x64, 0xE2, 0x82, 0xB4, 0x62, 0x0F, 0x33, 0xC6, 0x52, 0xFB, 0x3E,
    0xF5, 0x5D, 0x02, 0xA9, 0xDB, 0x97, 0x7E, 0xB4, 0x34, 0x72, 0x53, 0x3C, 0x4F, 0x11, 0x5F, 0xD1,
    0x61, 0x80, 0xE8, 0x98, 0x50, 0xBB, 0x2A, 0x0C, 0xC9, 0xBD, 0x85, 0xD3, 0xB3, 0x5D, 0x05, 0xE1,
    0x6D, 0x9C, 0xF7, 0x94, 0xC1, 0x3D, 0x65, 0x70, 0xFF, 0xD6, 0x64, 0xF0, 0xE6, 0xF6, 0x69, 0xC5,
    0xED, 0xD3, 0x16, 0x56, 0x2E, 0xED, 0x19, 0xA3, 0x8D, 0x0A, 0xD7, 0x68, 0x5D, 0x27, 0x85, 0x6F,
    0xB7, 0xA1, 0x0E, 0xA1, 0xB1, 0xE2, 0xE1, 0xED, 0x98, 0x70, 0x67, 0x4F, 0x1D, 0xA8, 0xAB, 0xD0,
    0x29, 0xBB, 0xDF, 0xD3, 0x7D, 0xEC, 0xE9, 0x3E, 0x0E, 0x6F, 0xCE, 0x7D, 0xE8, 0x5D, 0x01, 0x47,
    0xF7, 0xE1, 0xE8, 0x3E, 0x5E, 0x4A, 0x34, 0xB9, 0x37, 0x4A, 0xD3, 0xDE, 0xBF, 0x61, 0xD3, 0x3E,
    0xD3, 0xDE, 0x21, 0xF6, 0x8D, 0xE7, 0x0F, 0xC6, 0x97, 0xF2, 0x35, 0xFB, 0x68, 0xDE, 0xA7, 0xD3,
    0xDE, 0x8E, 0x87, 0xE9, 0x6B, 0xAE, 0x63, 0xAD, 0xC1, 0x69, 0x4A, 0x2F, 0x72, 0x98, 0x3F, 0xB9,
    0xA2, 0x45, 0x6C, 0x12, 0xEF, 0xFA, 0xB4, 0x8D, 0xE8, 0x35, 0xB4, 0x13, 0xAA, 0xCD, 0x18, 0x6E,
    0xC1, 0x31, 0x1F, 0xE6, 0x52, 0xDC, 0x61, 0x29, 0x91, 0x9B, 0x44, 0x4C, 0x06, 0xB4, 0x9F, 0x3C,
    0x7E, 0x07, 0xE7, 0xB2, 0x88, 0x87, 0x72, 0x76, 0xD0, 0x00, 0x16, 0x30, 0x7F, 0x6D, 0x36, 0x3F,
    0xE7, 0xCE, 0x51, 0xD8, 0xA7, 0x3E, 0xFD, 0xD2, 0x41, 0xAD, 0xDF, 0x97, 0xF2, 0x05, 0xCB, 0x96,
    0xA0, 0x42, 0x58, 0xAF, 0x80, 0xA5, 0x60, 0x7E, 0x42, 0xAF, 0x54, 0xBC, 0x0E, 0x1C, 0x16, 0x1D,
    0x74, 0x45, 0x59, 0xB0, 0x00, 0xD6, 0x64, 0x7A, 0x69, 0x22, 0x2F, 0x12, 0x3F, 0xE4, 0x05, 0x64,
    0x2E, 0x67, 0xFE, 0xBA, 0xE1, 0xB2, 0x6D, 0x87, 0x9C, 0xBE, 0x94, 0xFB, 0x7E, 0x1D, 0x64, 0x35,
    0x6D, 0x10, 0xE3, 0x69, 0x8B, 0x2F, 0xAF, 0x40, 0x9E, 0x2D, 0x36, 0xAA, 0x90, 0x8E, 0x8C, 0x99,
    0x0E, 0x2C, 0xEF, 0x96, 0xDC, 0x73, 0xB7, 0xDC, 0x36, 0xCC, 0xFF, 0x96, 0x95, 0xF4, 0x4F, 0x09,
    0xBF, 0xE4, 0x9B, 0x3B, 0x4F, 0x19, 0x77, 0x92, 0xA3, 0x51, 0x28, 0x3E, 0x28, 0x2C, 0x73, 0x21,
    0xD4, 0xA2, 0x5D, 0x3B, 0x68, 0x4B, 0xA7, 0x50, 0x81, 0x2F, 0xF2, 0x0C, 0x07, 0x31, 0xC4, 0x7F,
    0xD7, 0x18, 0x20, 0xAB, 0xB7, 0xFF, 0xD6, 0xA0, 0xCB, 0xB4, 0x8E, 0x3F, 0x6D, 0xC1, 0x98, 0xB4,
    0x49, 0x3E, 0xED, 0x18, 0x38, 0xB6, 0xE9, 0xDF, 0x74, 0x71, 0x0B, 0x81, 0x4F, 0x7F, 0xA4, 0x90,
    0xB2, 0xCF, 0x14, 0x5F, 0x46, 0x43, 0xCE, 0xA4, 0xD1, 0x6C, 0x86, 0x0B, 0x04, 0x9D, 0x18, 0x71,
    0x3C, 0x47, 0x04, 0x8A, 0x41, 0xC7, 0x07, 0x86, 0x45, 0x46, 0xB3, 0xBF, 0x64, 0xD2, 0x89, 0x38,
    0x73, 0x30, 0x39, 0xB3, 0x34, 0xDB, 0x9B, 0x6C, 0x0A, 0xBB, 0x81, 0x21, 0x70, 0xED, 0x14, 0x40,
    0x61, 0xE6, 0x59, 0x73, 0xFD, 0x8E, 0x0F, 0x96, 0x02, 0x8D, 0x66, 0xAE, 0x48, 0xC9, 0x77, 0x07,
    0xF2, 0x5F, 0xB2, 0x9C, 0xC5, 0x69, 0xC5, 0x9C, 0x11, 0x4B, 0x5D, 0xEB, 0xFB, 0x25, 0x4C, 0xD4,
    0x7F, 0x46, 0x99, 0x61, 0x54, 0x35, 0x31, 0x1B, 0x1F, 0x99, 0x31, 0x76, 0xCC, 0x13, 0x5B, 0xD8,
    0xC3, 0x8C, 0x7E, 0x02, 0x86, 0x5A, 0x9B, 0x7D, 0x37, 0xF8, 0x0C, 0xB7, 0xDC, 0x25, 0xD7, 0x7C,
    0x06, 0x61, 0xE4, 0x00, 0xEB, 0xB5, 0xE4, 0xF3, 0x81, 0x2F, 0x43, 0xE8, 0x45, 0x3E, 0x5B, 0xB0,
    0xB6, 0xFB, 0x53, 0x96, 0x79, 0xFF, 0x19, 0xA2, 0x92, 0xFC, 0x8A, 0xD2, 0xF9, 0x9F, 0x7C, 0x4B,
    0xEA, 0xCB, 0x86, 0xDC, 0xA5, 0xDF, 0xF7, 0xD5, 0xBA, 0x7B, 0x5D, 0x1E, 0xDF, 0x8D, 0xB8, 0x7E,
    0x19, 0x82, 0x81, 0x86, 0x0A, 0x72, 0x6C, 0x9B, 0xE9, 0xDD, 0x9B, 0x3E, 0x94, 0xBA, 0x26, 0x7E,
    0x33, 0x55, 0xC9, 0x7E, 0xC7, 0x2E, 0xB4, 0x0A, 0xEB, 0x55, 0xB8, 0xBC, 0x04, 0x46, 0x9C, 0x6D,
    0x5E, 0x87, 0x4D, 0x1B, 0xB7, 0x7C, 0x19, 0x5E, 0x95, 0x8C, 0x60, 0xF8, 0x5A, 0x9F, 0x5E, 0x8B,
    0xE3, 0x31, 0x28, 0x4F, 0x79, 0xE6, 0xC0, 0x2D, 0xBE, 0xD4, 0xD4, 0xD0, 0x6B, 0xDC, 0xE9, 0xA4,
    0x3C, 0xCF, 0x6D, 0x76, 0xDA, 0xCF, 0xA8, 0x6D, 0x85, 0x92, 0x26, 0xF4, 0xEE, 0x0B, 0x7F, 0xD0,
    0xBF, 0x53, 0x2A, 0xCD, 0xC7, 0xBF, 0xEA, 0x18, 0xD6, 0xD7, 0x00, 0x47, 0x25, 0x9B, 0x79, 0x47,
    0xC1, 0x28, 0x1F, 0x91, 0xFD, 0xB7, 0xEE, 0x3E, 0xEF, 0x00, 0x97, 0x69, 0x90, 0xAA, 0xF0, 0x5E,
    0x13, 0x5F, 0x54, 0xA8, 0xF2, 0xA7, 0x63, 0xD4, 0x5D, 0x6C, 0xFC, 0x2F, 0x9A, 0xF7, 0xC0, 0x67,
    0xAA, 0xC2, 0x95, 0xF9, 0x3F, 0xD5, 0x5B, 0xBF, 0x93, 0xDC, 0xC6, 0x95, 0x7E, 0x00, 0xB8, 0x84,
    0x64, 0xD8, 0x0B, 0x05, 0x56, 0x95, 0x6D, 0x9D, 0x04, 0x06, 0x17, 0xDC, 0xB9, 0x28, 0x21, 0x51,
    0xA0, 0x60, 0x66, 0x1B, 0xBA, 0xC4, 0xC1, 0x25, 0x0A, 0xC4, 0x72, 0xE0, 0xC0, 0x0E, 0x14, 0x5C,
    0xB9, 0x5C, 0x45, 0x07, 0x0E, 0x14, 0xCC, 0x12, 0x50, 0xE9, 0x0F, 0x30, 0x13, 0x3B, 0x35, 0x83,
    0x0B, 0x7C, 0x9B, 0x58, 0x81, 0x82, 0x0D, 0x38, 0xDB, 0x90, 0x53, 0x07, 0x86, 0xED, 0xC0, 0xE1,
    0xA1, 0xEA, 0x18, 0xF9, 0x02, 0xE2, 0x4A, 0x38, 0xD7, 0xF0, 0x88, 0x99, 0xBE, 0xEF, 0x7B, 0x0D,
    0xCC, 0xCE, 0x2E, 0x57, 0xB6, 0x24, 0x4A, 0x5C, 0x2D, 0x66, 0xE6, 0x75, 0x2F, 0xD0, 0xE8, 0x7E,
    0xFD, 0xFA, 0xFD, 0xEE, 0xDE, 0xAC, 0x30, 0x75, 0xD9, 0x94, 0x4D, 0x5E, 0xC9, 0x78, 0xA5, 0x85,
    0xFF, 0x64, 0xA7, 0x9F, 0x8A, 0x9F, 0xFC, 0xCC, 0xE7, 0x3B, 0xC5, 0xD8, 0x7C, 0xF6, 0x24, 0x08,
    0xEC, 0x5D, 0x91, 0xDC, 0x0D, 0x22, 0xCE, 0x39, 0x89, 0xDC, 0xE1, 0x6D, 0x49, 0xFB, 0xD9, 0x35,
    0xC9, 0x1A, 0x3C, 0x35, 0x35, 0x41, 0x01, 0x50, 0xCA, 0x93, 0x40, 0x1F, 0x98, 0x0A, 0x20, 0x67,
    0xBB, 0xB4, 0x9B, 0x05, 0x12, 0x6F, 0x66, 0x59, 0x11, 0xA2, 0xAB, 0x4A, 0x4A, 0xB7, 0x16, 0xB9,
    0xEE, 0x9A, 0x8B, 0xC7, 0x95, 0x6F, 0xE2, 0x17, 0x3A, 0x0C, 0x9E, 0xB1, 0x5D, 0xE9, 0x5C, 0x21,
    0xAE, 0x30, 0x55, 0x34, 0xC8, 0xF3, 0x12, 0xF5, 0x78, 0x18, 0x75, 0x00, 0x71, 0x37, 0xD5, 0x3C,
    0xE0, 0x83, 0x70, 0x05, 0x70, 0x7D, 0x7D, 0xAB, 0x20, 0xCA, 0xAD, 0x07, 0x72, 0xC2, 0x3E, 0xEF,
    0x9C, 0x05, 0x7A, 0x6F, 0xCD, 0x49, 0x0E, 0xD3, 0xBB, 0x29, 0x9A, 0x72, 0x30, 0x57, 0xDB, 0x2D,
    0x20, 0x26, 0x77, 0x0F, 0xE5, 0x9D, 0xB0, 0x2F, 0x7F, 0xE8, 0xFE, 0xDC, 0x65, 0xBC, 0x17, 0xAF,
    0x43, 0x27, 0x49, 0x87, 0x39, 0xA6, 0x8D, 0x64, 0x75, 0x56, 0x4B, 0x5A, 0x83, 0xEC, 0x69, 0x93,
    0x17, 0x92, 0x34, 0x5A, 0xD3, 0x7B, 0xFA, 0x54, 0xDB, 0xF1, 0x8D, 0x82, 0xEF, 0x36, 0xDA, 0x0B,
    0xFA, 0x0B, 0x3A, 0xF6, 0xFC, 0xD6, 0x8B, 0xA0, 0xFE, 0xAD, 0xBC, 0x06, 0x26, 0x68, 0x1C, 0x0E,
    0x68, 0x1C, 0xF5, 0xC0, 0x25, 0xEE, 0xC2, 0x01, 0xBD, 0xC8, 0x80, 0x0E, 0x80, 0xA9, 0x29, 0xC4,
    0xE0, 0x23, 0x59, 0x75, 0x1F, 0x58, 0xD6, 0x98, 0x62, 0xFC, 0x47, 0xCC, 0x38, 0xFA, 0x18, 0x08,
    0x07, 0x0E, 0x43, 0xA1, 0xE7, 0x41, 0x01, 0xA9, 0x2F, 0x0A, 0x2E, 0xBA, 0xF7, 0x89, 0x60, 0xF6,
    0xE4, 0x85, 0x07, 0xFF, 0x74, 0xE1, 0x6D, 0xE2, 0x9D, 0xBB, 0x07, 0x18, 0x18, 0x3C, 0x11, 0xAF,
    0x82, 0x13, 0x22, 0x0A, 0x9E, 0x20, 0xDF, 0xE5, 0x64, 0x26, 0xAD, 0x65, 0x5C, 0xDA, 0xF4, 0x11,
    0x57, 0x09, 0x6D, 0x89, 0x4D, 0x25, 0x26, 0x76, 0x2B, 0x59, 0xE0, 0x65, 0xCC, 0x2B, 0x70, 0xD5,
    0x40, 0xDE, 0x00, 0x48, 0x1B, 0x8B, 0x56, 0x8D, 0x69, 0x01, 0x32, 0x57, 0x24, 0x75, 0xE8, 0x1E,
    0xA5, 0x95, 0xDC, 0x46, 0xF7, 0xE0, 0x40, 0x2E, 0x51, 0xBC, 0x21, 0x9E, 0x96, 0xC0, 0x70, 0x84,
    0x7C, 0x3B, 0x96, 0x91, 0xE7, 0xF8, 0x20, 0xBB, 0x1B, 0x0F, 0xE8, 0xD7, 0x75, 0xE0, 0x1A, 0xF0,
    0x8A, 0x04, 0xF8, 0x1D, 0xE0, 0x63, 0x0B, 0xFF, 0x39, 0x20, 0xF5, 0xF4, 0xDA, 0x3B, 0xE2, 0x6B,
    0xC0, 0x9D, 0xFD, 0xA6, 0x0F, 0xE4, 0x76, 0xA3, 0xFC, 0x00, 0xB6, 0x09, 0xC8, 0x02, 0x07, 0x12,
    0xD7, 0xA3, 0xE8, 0x84, 0xAE, 0x8A, 0xEA, 0x57, 0xC0, 0x81, 0x5D, 0xD8, 0xCE, 0xC4, 0xFE, 0x72,
    0x10, 0xF0, 0xF0, 0x20, 0xAF, 0xCB, 0x87, 0x1F, 0x2A, 0xBB, 0xBD, 0xFB, 0x41, 0x4C, 0x7E, 0x99,
    0x75, 0x49, 0xE3, 0x8B, 0xFA, 0x4C, 0xA1, 0x37, 0x3F, 0x88, 0xB5, 0x18, 0x5F, 0x98, 0x05, 0x2B,
    0xF9, 0x96, 0x7C, 0x38, 0x03, 0x2F, 0x2F, 0xA5, 0x7B, 0x45, 0x8C, 0x5B, 0x85, 0x6D, 0x5A, 0x24,
    0xAE, 0x89, 0x6A, 0x0C, 0xFB, 0x82, 0xA4, 0x55, 0xD0, 0x29, 0x12, 0xB2, 0x04, 0x8E, 0x2B, 0xA5,
    0x22, 0x09, 0x19, 0xBA, 0x87, 0x4A, 0x81, 0x97, 0x28, 0x12, 0x8A, 0x7E, 0x9D, 0xB9, 0xFE, 0x95,
    0x37, 0x41, 0xBC, 0x85, 0xC8, 0x5C, 0xBE, 0xB3, 0x8E, 0xDD, 0x3A, 0x6B, 0xE6, 0x07, 0x32, 0x5F,
    0xF0, 0x7B, 0x68, 0xBE, 0xB7, 0xCE, 0xDD, 0x61, 0xBC, 0xFA, 0x36, 0x16, 0xE6, 0x05, 0xC9, 0xE4,
    0x43, 0x39, 0x0C, 0x3B, 0x59, 0xC5, 0x4D, 0xD4, 0x65, 0x55, 0x5A, 0x97, 0x20, 0xDE, 0x20, 0x07,
    0x98, 0xF1, 0x1C, 0x03, 0x1A, 0x8C, 0x94, 0xD5, 0x4B, 0x89, 0xDB, 0x1C, 0x44, 0x48, 0x6B, 0xB9,
    0x1F, 0xB5, 0x92, 0x4B, 0x0F, 0x59, 0xFB, 0x11, 0x65, 0xA0, 0x57, 0xF0, 0xE3, 0xA3, 0xA3, 0x23,
    0x52, 0x28, 0xF8, 0x34, 0xA0, 0x74, 0xFC, 0x7E, 0xF7, 0xE8, 0x9E, 0x24, 0x44, 0xFC, 0xE4, 0x37,
    0x8D, 0xA0, 0x4F, 0xF0, 0x75, 0x21, 0x37, 0x65, 0x3F, 0x5D, 0xA5, 0x72, 0x73, 0xFF, 0x76, 0x5C,
    0xCC, 0xF6, 0x93, 0xA8, 0x7A, 0x63, 0x3F, 0x05, 0x48, 0x87, 0xA8, 0x9A, 0xED, 0xFF, 0x24, 0xAA,
    0x6E, 0xEE, 0xEF, 0xC7, 0xC5, 0xCB, 0xFB, 0x49, 0x2A, 0xE9, 0xB5, 0xE0, 0x65, 0x89, 0x6A, 0x4C,
    0x31, 0xE8, 0x81, 0x3D, 0xD6, 0x17, 0xCB, 0x1E, 0xBC, 0x8D, 0x45, 0x77, 0x0E, 0xDF, 0x17, 0x6F,
    0xDD, 0x82, 0x68, 0x80, 0x78, 0xD9, 0x9B, 0xDD, 0x5C, 0x16, 0x33, 0x99, 0x2D, 0xC0, 0xC7, 0x32,
    0x43, 0x3D, 0x7B, 0xB3, 0x4F, 0x5C, 0x1B, 0x9C, 0x70, 0xA9, 0xFF, 0xCD, 0xAF, 0xFB, 0xFD, 0xA7,
    0x2F, 0x9C, 0x5E, 0xEB, 0xB1, 0x00, 0x39, 0x36, 0x47, 0x47, 0xBF, 0xFE, 0x62, 0xBA, 0xC6, 0xF5,
    0xB6, 0x7C, 0xC2, 0x75, 0xA4, 0xD7, 0x7F, 0xF8, 0x61, 0x37, 0x63, 0x21, 0xAA, 0x20, 0x29, 0xF9,
    0xBD, 0x98, 0x7F, 0x19, 0x40, 0x55, 0x70, 0x0C, 0x38, 0xC1, 0xFF, 0xC0, 0x14, 0x10, 0x31, 0x5D,
    0x0C, 0xF2, 0x28, 0x74, 0x08, 0x85, 0x9C, 0x8A, 0x8E, 0x2A, 0x13, 0x7A, 0xA8, 0x00, 0xFD, 0x8A,
    0x3D, 0x10, 0x50, 0x6C, 0x05, 0x12, 0xF6, 0x92, 0xBF, 0x37, 0xC8, 0xBE, 0x1C, 0x7A, 0xE6, 0xD3,
    0x1F, 0xD0, 0xBA, 0x0E, 0x0E, 0x2C, 0xC1, 0x7E, 0x65, 0x3F, 0xEA, 0xCB, 0x9C, 0x82, 0x5D, 0xDC,
    0x44, 0x69, 0x0A, 0x8B, 0xB1, 0x29, 0xC6, 0x8D, 0xC7, 0xF2, 0x1A, 0x84, 0x86, 0x36, 0x01, 0xBC,
    0x1D, 0xAE, 0x25, 0xE9, 0xC9, 0xB7, 0x90, 0xD0, 0xE7, 0x55, 0x6C, 0xD9, 0xFA, 0xE9, 0x00, 0x7B,
    0x71, 0x40, 0x16, 0x6A, 0xD4, 0xB6, 0xE9, 0xC3, 0x0A, 0x2C, 0xF9, 0xC3, 0xE1, 0xC4, 0xAD, 0xD3,
    0xE1, 0x24, 0x6F, 0xA3, 0xE1, 0x64, 0xAB, 0xD1, 0xCF, 0x01, 0xBB, 0x05, 0xFE, 0x0A, 0xAC, 0x1A,
    0x1F, 0x07, 0x1D, 0xB3, 0xF9, 0x41, 0x9D, 0xBA, 0x75, 0x52, 0xE7, 0x04, 0x86, 0xA0, 0x24, 0xB0,
    0x04, 0xEE, 0x2C, 0xB0, 0xDB, 0xA7, 0x66, 0xFB, 0x46, 0x42, 0x10, 0x12, 0x48, 0x4E, 0x20, 0x87,
    0x04, 0xF3, 0xA7, 0x05, 0x7A, 0x65, 0xB5, 0x69, 0x4D, 0x67, 0x5A, 0xEA, 0x83, 0xA8, 0x89, 0xEB,
    0xB4, 0x0F, 0x96, 0xA0, 0xC1, 0x41, 0xB0, 0x36, 0xFD, 0x3F, 0x63, 0x1D, 0xF3, 0xA1, 0x1C, 0x5E,
    0x1C, 0xE4, 0x93, 0x3E, 0x9E, 0x95, 0x60, 0xBB, 0xA9, 0x6F, 0xB3, 0x06, 0xF6, 0x03, 0x2B, 0x76,
    0x08, 0xED, 0x72, 0x1F, 0xC6, 0xE3, 0xBE, 0x24, 0xB5, 0x2F, 0xD3, 0x9A, 0xF7, 0xF8, 0x2C, 0xFB,
    0xC3, 0x5A, 0xDB, 0x92, 0x1B, 0x5E, 0x90, 0x42, 0xDE, 0x8D, 0x1A, 0x39, 0x80, 0xC8, 0x65, 0x05,
    0x5A, 0x37, 0x06, 0xE6, 0x15, 0x2C, 0x34, 0x80, 0x95, 0xA8, 0x45, 0xA8, 0x32, 0x96, 0x51, 0x17,
    0xAC, 0xD2, 0x1A, 0x1A, 0xA3, 0x60, 0x2F, 0xB9, 0x40, 0xAF, 0x43, 0xC0, 0x6F, 0x04, 0x95, 0x37,
    0xA7, 0x60, 0x9E, 0x9C, 0x25, 0xB8, 0xAD, 0x44, 0x19, 0x82, 0x09, 0x81, 0x2F, 0x85, 0x59, 0x19,
    0x33, 0xA9, 0x7C, 0x99, 0x89, 0x2F, 0x0F, 0xC6, 0x72, 0x31, 0x96, 0xBD, 0x2F, 0x55, 0x19, 0xA2,
    0x8C, 0x1A, 0x5F, 0x82, 0x3E, 0xBF, 0x66, 0x09, 0xDD, 0x3C, 0xB0, 0x7C, 0x4D, 0x62, 0x2D, 0x67,
    0x92, 0xDE, 0x67, 0x79, 0x2C, 0xAF, 0xA1, 0x87, 0x63, 0x8C, 0x3A, 0x63, 0x4F, 0x40, 0xE8, 0x98,
    0x65, 0x5C, 0x07, 0xDD, 0x42, 0x95, 0x7A, 0xD4, 0xB0, 0xCC, 0x30, 0xFE, 0x42, 0x25, 0x25, 0xD5,
    0x11, 0x17, 0x54, 0x28, 0x0D, 0x47, 0xD5, 0x92, 0xAA, 0x86, 0xF7, 0x15, 0xD9, 0xC5, 0x88, 0xEC,
    0x42, 0xD9, 0x9B, 0x25, 0xE7, 0x47, 0xC4, 0x38, 0x3F, 0x22, 0xC6, 0xF9, 0xD1, 0x66, 0x70, 0x7E,
    0x69, 0xE1, 0xF1, 0xCF, 0xC7, 0x79, 0xCC, 0xC6, 0xF2, 0x78, 0x2C, 0xA7, 0xF9, 0xB4, 0xBE, 0x54,
    0x53, 0xC3, 0xF9, 0x54, 0xBE, 0xCC, 0x54, 0xD2, 0x06, 0x99, 0x87, 0x14, 0xF0, 0x41, 0x16, 0x71,
    0x5B, 0x16, 0x28, 0xFB, 0xB8, 0x42, 0x93, 0x81, 0x88, 0x81, 0x04, 0xEF, 0x70, 0x54, 0xB2, 0x0A,
    0x11, 0x63, 0x49, 0xC4, 0xD8, 0xC5, 0x6B, 0xA3, 0x84, 0x72, 0x4E, 0x94, 0xE4, 0x95, 0xB7, 0x21,
    0x44, 0x96, 0x62, 0xCF, 0xD7, 0xA8, 0x09, 0x62, 0xAF, 0x0D, 0x88, 0x6C, 0x40, 0x3F, 0x09, 0xAF,
    0x44, 0xB4, 0x9C, 0x73, 0x9A, 0x6A, 0xD7, 0x05, 0xE0, 0x01, 0xB6, 0xA5, 0x56, 0x60, 0x5B, 0x6A,
    0x06, 0xB6, 0xFD, 0x06, 0xFB, 0xE4, 0x10, 0x5C, 0xAD, 0xD9, 0x58, 0x1E, 0x8F, 0x0A, 0x4C, 0xBD,
    0xB1, 0x5E, 0xD7, 0x99, 0x1A, 0x43, 0x27, 0x56, 0xAE, 0x3C, 0x3D, 0x20, 0x88, 0xBA, 0xCE, 0x18,
    0x08, 0x96, 0xAA, 0x20, 0xFD, 0x41, 0xF1, 0xEA, 0xA6, 0x9A, 0x18, 0x5B, 0x99, 0xE2, 0x24, 0xEC,
    0x82, 0xC7, 0x15, 0xB4, 0x49, 0x54, 0x47, 0xBF, 0xAB, 0xA0, 0x51, 0x92, 0x2A, 0xF9, 0x39, 0x49,
    0x02, 0x13, 0xA0, 0xA4, 0x79, 0x4D, 0xE6, 0xA9, 0x5F, 0x84, 0x85, 0x96, 0x2B, 0xE9, 0x59, 0x06,
    0x5D, 0xD8, 0xA5, 0x8A, 0x6C, 0xA4, 0x5E, 0x4E, 0x5C, 0xC7, 0x5A, 0x72, 0x54, 0xDE, 0xCF, 0x47,
    0xBA, 0xCC, 0xC7, 0xF2, 0xD8, 0x97, 0x44, 0x32, 0x01, 0x5D, 0xD2, 0xC1, 0xFF, 0xD4, 0x8B, 0xDC,
    0xB9, 0xC2, 0x7B, 0xDE, 0x9F, 0x8C, 0x46, 0xBA, 0xA5, 0x93, 0x06, 0x45, 0xB7, 0x58, 0x96, 0x88,
    0xFC, 0xCB, 0xDB, 0x8D, 0xF7, 0x43, 0xE8, 0x90, 0xE8, 0x8F, 0x23, 0xD6, 0xF2, 0x41, 0xD6, 0x45,
    0x43, 0x02, 0x7B, 0x19, 0xD2, 0xE3, 0xC9, 0x31, 0x4E, 0xA8, 0xBD, 0xFA, 0xB5, 0x4E, 0x95, 0xB3,
    0xA3, 0xB5, 0x17, 0x50, 0xA5, 0x8E, 0x3A, 0x4A, 0x12, 0x55, 0xE7, 0xD5, 0x7E, 0xAE, 0xF7, 0x8D,
    0x22, 0x57, 0x2A, 0x5C, 0x7A, 0xB1, 0x18, 0xD4, 0xC2, 0x12, 0x86, 0xDD, 0x52, 0x7D, 0x5F, 0xAE,
    0x66, 0xDC, 0xD2, 0xC3, 0x49, 0xE8, 0x82, 0x42, 0xB0, 0x89, 0x6F, 0x56, 0xC3, 0x94, 0x03, 0x45,
    0x22, 0x6A, 0x14, 0xE5, 0x52, 0xE7, 0x73, 0xA2, 0xCE, 0xEE, 0x1A, 0xDE, 0xA6, 0xBA, 0x70, 0x03,
    0x5D, 0x26, 0x78, 0x43, 0x11, 0xAC, 0x99, 0xD3, 0x06, 0xA5, 0x24, 0xAD, 0x78, 0xE7, 0x16, 0x0A,
    0xDD, 0x77, 0x45, 0x17, 0x35, 0x6D, 0x38, 0xCF, 0x54, 0x87, 0x4B, 0x3A, 0x3B, 0x79, 0xCD, 0x7B,
    0x5E, 0x65, 0xF9, 0x29, 0x71, 0x1A, 0xA1, 0x5A, 0xA7, 0x44, 0xB1, 0xCD, 0x75, 0xDA, 0xFB, 0x72,
    0x55, 0x67, 0x67, 0x54, 0x54, 0xAD, 0x8F, 0x2C, 0xB8, 0x6C, 0x49, 0xCB, 0x66, 0x59, 0x41, 0xC1,
    0xFB, 0x86, 0x84, 0xD5, 0xD5, 0x9C, 0x17, 0x9A, 0xBE, 0x83, 0x66, 0x6B, 0xEA, 0x88, 0xD2, 0xBE,
    0x47, 0xAD, 0x93, 0x3E, 0x46, 0x27, 0xE0, 0x5A, 0xBC, 0xFE, 0x96, 0xF2, 0xFA, 0x55, 0x9C, 0x97,
    0x5F, 0x17, 0x34, 0x6B, 0x27, 0xE8, 0xEF, 0x5C, 0x70, 0x5D, 0x15, 0x0E, 0xDC, 0x2B, 0x4E, 0x31,
    0x54, 0x33, 0x16, 0x36, 0xAF, 0x12, 0xD6, 0x84, 0x41, 0xAB, 0x9A, 0x78, 0xB3, 0x3A, 0x9D, 0xD1,
    0x95, 0xD4, 0x21, 0x31, 0x9D, 0x5A, 0x55, 0x90, 0x53, 0x25, 0x9B, 0x2A, 0x66, 0xE2, 0x45, 0x6B,
    0xC6, 0xCA, 0x7A, 0xAC, 0x84, 0xC3, 0x58, 0x89, 0xFA, 0xB1, 0x92, 0x74, 0x63, 0xC5, 0x0F, 0xA3,
    0xFA, 0x67, 0xAC, 0x98, 0x62, 0xAC, 0x58, 0x5A, 0xF9, 0x4E, 0x63, 0x7F, 0x5F, 0xC1, 0x1C, 0x7C,
    0x05, 0x98, 0xF8, 0x36, 0x1A, 0xB2, 0x4F, 0xD8, 0x68, 0x25, 0x9F, 0x2A, 0xE6, 0x2F, 0x47, 0xBE,
    0xE2, 0xC6, 0x50, 0x34, 0x58, 0x8F, 0x15, 0xDA, 0x05, 0xAD, 0xC4, 0xFD, 0x58, 0x49, 0xBB, 0xB1,
    0x42, 0x15, 0x6F, 0xD8, 0x83, 0xA9, 0xC7, 0x0A, 0xE7, 0x64, 0x7C, 0x9F, 0xB7, 0x7D, 0x8C, 0xCC,
    0x34, 0x85, 0x51, 0xF3, 0xE5, 0x1E, 0x20, 0xDC, 0x8D, 0x36, 0x34, 0x77, 0x89, 0xAE, 0x6B, 0xDA,
    0x9D, 0x6A, 0x52, 0x53, 0x6D, 0x83, 0x60, 0x1F, 0xBC, 0x8F, 0xCE, 0xAD, 0x87, 0x6E, 0x07, 0xDA,
    0x27, 0xA0, 0x27, 0xA4, 0xEF, 0xC1, 0xF7, 0xA6, 0x09, 0x0F, 0x1D, 0xE5, 0xEB, 0x3A, 0x22, 0x7A,
    0x74, 0xED, 0x75, 0x37, 0x61, 0x92, 0x28, 0x56, 0x72, 0x5B, 0xF5, 0xB9, 0x77, 0xC2, 0x46, 0x33,
    0xA6, 0xF5, 0xEB, 0x83, 0x76, 0x7B, 0x28, 0xA3, 0x33, 0x30, 0xC5, 0x32, 0x1A, 0x2E, 0xC8, 0x1D,
    0x8E, 0x76, 0x63, 0x7B, 0xD3, 0xAF, 0x65, 0x3D, 0x19, 0x06, 0xF5, 0x12, 0xE5, 0xDD, 0x5D, 0x66,
    0x25, 0x3D, 0xAA, 0x1D, 0xA0, 0xF7, 0x3E, 0x2D, 0x70, 0xF0, 0x5E, 0x77, 0xC0, 0x67, 0x7A, 0x77,
    0x1A, 0xBC, 0x3E, 0x05, 0xB8, 0xA3, 0x96, 0xAC, 0x9B, 0xF0, 0x35, 0xCD, 0x38, 0x87, 0x88, 0x4B,
    0x12, 0x34, 0x5F, 0x59, 0xC4, 0xD5, 0xB7, 0x48, 0xC9, 0x58, 0xE6, 0x57, 0x98, 0x06, 0x1C, 0x75,
    0x09, 0x7B, 0xFA, 0xD2, 0xB5, 0xBC, 0xF1, 0x15, 0xC5, 0x19, 0x0E, 0xEA, 0x31, 0xC4, 0x07, 0x92,
    0x14, 0x0D, 0x88, 0x1D, 0x15, 0xDD, 0x73, 0xD7, 0x57, 0x09, 0xDD, 0x3D, 0x1A, 0x15, 0x32, 0x04,
    0xE4, 0x26, 0xD8, 0xA8, 0x30, 0x26, 0x5B, 0x3C, 0xBF, 0x84, 0xEF, 0x35, 0x8A, 0x58, 0xC0, 0x54,
    0x1B, 0xF5, 0x39, 0x44, 0xF4, 0x8D, 0x2F, 0x73, 0x34, 0xBA, 0x70, 0x21, 0xC4, 0x3E, 0xFE, 0x18,
    0xA1, 0x63, 0xB5, 0x94, 0x3B, 0x88, 0xE2, 0x5F, 0x97, 0x78, 0x67, 0x29, 0x9E, 0xED, 0x6F, 0x0E,
    0xCF, 0x12, 0x2A, 0xBB, 0xC2, 0xAF, 0x3E, 0xF0, 0x39, 0xBF, 0x4B, 0xC3, 0x05, 0xA6, 0xEE, 0x91,
    0x42, 0x38, 0x49, 0xDE, 0xEC, 0x41, 0x8D, 0xBD, 0xE4, 0x54, 0x99, 0xD9, 0x9A, 0x30, 0x6F, 0x09,
    0xD3, 0x4E, 0x53, 0x2D, 0x2B, 0x42, 0xF0, 0x35, 0x03, 0x60, 0x85, 0xC1, 0x5A, 0xD5, 0xDE, 0xDA,
    0xB2, 0x83, 0x11, 0xFA, 0x3B, 0xA7, 0xD0, 0xB7, 0x09, 0x76, 0xDE, 0x8A, 0xB4, 0x9F, 0xB8, 0x3F,
    0xED, 0xD9, 0x34, 0x84, 0xAE, 0x1A, 0x47, 0x77, 0x64, 0xEB, 0x2D, 0x56, 0xD4, 0x4F, 0xF0, 0x19,
    0xDE, 0x12, 0x06, 0x1F, 0xD0, 0x5F, 0xD6, 0x51, 0x8B, 0x0D, 0xF9, 0x7F, 0x43, 0x95, 0x77, 0x31,
    0x55, 0xDB, 0x3D, 0x9F, 0x1A, 0xD9, 0x21, 0xA3, 0x86, 0x31, 0x6A, 0x9C, 0x0A, 0xA3, 0x66, 0xDB,
    0xA8, 0x0D, 0x33, 0x6A, 0xD2, 0x0E, 0x96, 0x0A, 0x8D, 0xDE, 0x41, 0xC4, 0x03, 0x08, 0xA7, 0x00,
    0x10, 0x16, 0x1E, 0x50, 0xAD, 0xA6, 0xA1, 0x11, 0x2D, 0x0C, 0x6D, 0x2A, 0x60, 0xA9, 0xD0, 0x54,
    0x84, 0x59, 0x4D, 0x48, 0xAF, 0x99, 0x69, 0x04, 0x42, 0x9A, 0x6D, 0xA3, 0x56, 0x1C, 0xB0, 0xCC,
    0x09, 0xCD, 0x6D, 0xC2, 0xEC, 0x21, 0x21, 0x74, 0x97, 0x61, 0x44, 0x4A, 0x18, 0x2A, 0x14, 0x0F,
    0xED, 0xB4, 0xF6, 0xA1, 0xB7, 0x44, 0x17, 0x84, 0x52, 0x6A, 0xCE, 0x7C, 0x74, 0x2D, 0x3B, 0x9E,
    0xB9, 0x9A, 0x58, 0x6F, 0xCC, 0x4A, 0xE7, 0x93, 0x56, 0x89, 0xD3, 0x57, 0x6D, 0xCD, 0x88, 0x2C,
    0x6F, 0xF9, 0x66, 0xDA, 0xD1, 0x28, 0x46, 0x2B, 0x52, 0x23, 0x1A, 0x68, 0x2C, 0x83, 0xC1, 0xAA,
    0x85, 0x57, 0xF3, 0xE9, 0xE1, 0xC6, 0xED, 0x40, 0x7B, 0x0A, 0xD7, 0xA5, 0xB6, 0xE4, 0x5B, 0x98,
    0x9F, 0xF6, 0xC0, 0xDE, 0xE2, 0x3E, 0xD5, 0x9E, 0x13, 0x1D, 0x85, 0x26, 0x16, 0x7C, 0xA2, 0xA3,
    0x9F, 0x33, 0xB1, 0x8F, 0x76, 0x96, 0x23, 0xF6, 0x93, 0xA9, 0x2F, 0x0C, 0xA8, 0x52, 0xBD, 0x1D,
    0xC8, 0xD5, 0x9B, 0x5D, 0xE6, 0xDD, 0x50, 0x75, 0x3D, 0x87, 0x52, 0x9D, 0x4E, 0x4E, 0x26, 0xAD,
    0x18, 0x68, 0x07, 0xBB, 0x0B, 0x76, 0x45, 0x66, 0x14, 0xAE, 0xA8, 0x8A, 0x33, 0x57, 0xC0, 0x2B,
    0x37, 0xB6, 0xC5, 0xD3, 0x79, 0xCC, 0xA4, 0xC9, 0x42, 0xAC, 0xB2, 0xE0, 0xDE, 0x15, 0xE5, 0xC0,
    0xA4, 0xA6, 0x08, 0x65, 0x2D, 0xFD, 0xCE, 0xAC, 0x4D, 0xBA, 0xE9, 0xCE, 0x99, 0xEB, 0x6A, 0xCC,
    0xE8, 0x39, 0xF5, 0x53, 0xBD, 0x19, 0xCF, 0x0A, 0x75, 0x7A, 0x4B, 0x0D, 0x63, 0xA0, 0x3A, 0xC3,
    0x31, 0xF7, 0x63, 0xBD, 0xAC, 0xE1, 0xA1, 0x0F, 0x4A, 0x54, 0x17, 0x87, 0x83, 0x4F, 0x0B, 0x59,
    0x2F, 0x86, 0xB9, 0xF7, 0xA9, 0x13, 0xEF, 0x98, 0xC4, 0xBE, 0xC8, 0xFC, 0xCD, 0x52, 0xBB, 0x0D,
    0xB8, 0x77, 0x27, 0x7E, 0xE3, 0x4E, 0x3B, 0xB4, 0xDE, 0x43, 0xC7, 0xC3, 0xC0, 0x67, 0x8C, 0x62,
    0x1F, 0x6B, 0x68, 0x87, 0xD6, 0xA3, 0x94, 0x57, 0x5F, 0x67, 0xF1, 0xB5, 0x33, 0x94, 0xBD, 0xA6,
    0xA8, 0x1F, 0xE8, 0x34, 0x96, 0x9C, 0xD2, 0xA6, 0x87, 0x57, 0x1E, 0xBB, 0x71, 0xAA, 0xF4, 0xD6,
    0x8D, 0xAE, 0x8D, 0x25, 0x71, 0x83, 0xC7, 0x2B, 0x28, 0xEE, 0xE8, 0x63, 0xC6, 0x42, 0xE9, 0x47,
    0x94, 0x2B, 0x53, 0x90, 0xAC, 0x4B, 0x12, 0x31, 0x58, 0x11, 0x42, 0xBE, 0x00, 0x21, 0x6B, 0x80,
    0x30, 0xA0, 0x80, 0x77, 0x40, 0xE2, 0x92, 0x68, 0xAD, 0xCD, 0xFB, 0x1D, 0xF0, 0x33, 0xBF, 0xAF,
    0x49, 0x5C, 0x78, 0x8D, 0xD1, 0x2A, 0xDD, 0x28, 0x71, 0x87, 0x53, 0xE2, 0x26, 0xAE, 0x89, 0x9D,
    0xE4, 0x96, 0xC4, 0xBD, 0xA3, 0xC4, 0xBD, 0xAF, 0xC4, 0x7D, 0x61, 0xDC, 0x51, 0xF3, 0xC4, 0xF0,
    0xC1, 0x45, 0x73, 0xAA, 0xA9, 0x82, 0xCD, 0x4E, 0xD4, 0x91, 0x9C, 0x63, 0x9F, 0x52, 0xA3, 0x98,
    0x2F, 0x1B, 0x9A, 0x6D, 0xE0, 0x67, 0x34, 0x66, 0x2A, 0xD5, 0xD4, 0x59, 0x8D, 0x7E, 0x36, 0x34,
    0x17, 0xF0, 0x39, 0xC1, 0xAC, 0x58, 0xCF, 0x68, 0x53, 0xDC, 0xEE, 0x46, 0x23, 0x4A, 0x9A, 0x17,
    0xDC, 0x9D, 0x7E, 0x20, 0xD3, 0x5E, 0xF4, 0x18, 0xE5, 0x04, 0xBA, 0xE2, 0xF1, 0x4E, 0xB4, 0xED,
    0x63, 0xB0, 0x37, 0xAE, 0xEC, 0xEC, 0xBC, 0x7D, 0x51, 0x79, 0x49, 0x3E, 0xEE, 0x75, 0xF3, 0x76,
    0xA9, 0x3B, 0xE4, 0xF4, 0xB4, 0x5E, 0x3F, 0xBF, 0x6C, 0x57, 0x66, 0x5E, 0x73, 0xCD, 0x47, 0x5A,
    0x7D, 0xD1, 0x29, 0xBC, 0xE3, 0x93, 0xF2, 0x72, 0x75, 0xF9, 0xF0, 0xB9, 0x9D, 0x38, 0x5B, 0x73,
    0x10, 0xDE, 0xF7, 0xF1, 0xD9, 0x01, 0x1F, 0xD5, 0xBF, 0x7C, 0x3E, 0x6C, 0xA2, 0x4B, 0x57, 0x31,
    0xFD, 0x50, 0x6A, 0xAC, 0xBF, 0x51, 0x25, 0xB4, 0x66, 0x10, 0x1B, 0xAA, 0xF3, 0xCA, 0xE4, 0xCB,
    0x66, 0xCC, 0xEB, 0x68, 0xAA, 0xA6, 0xF0, 0xA9, 0x1A, 0x4D, 0xD2, 0x34, 0x5E, 0x1F, 0x72, 0x94,
    0xE8, 0x7F, 0x54, 0x29, 0xFE, 0x9F, 0x0A, 0xB6, 0xF3, 0x9A, 0xB1, 0xD9, 0x46, 0xF4, 0x53, 0x56,
    0xE2, 0x73, 0xC3, 0xBF, 0x15, 0x7A, 0xDD, 0xD3, 0xF8, 0x4B, 0x41, 0x43, 0x87, 0xB1, 0x33, 0xCC,
    0x58, 0x18, 0xB5, 0x09, 0x54, 0xBB, 0x46, 0x33, 0x42, 0x23, 0xD0, 0x3F, 0xF5, 0x41, 0x44, 0x90,
    0xF6, 0x46, 0x02, 0xDB, 0x4E, 0x81, 0x23, 0x33, 0x3E, 0x9B, 0xE2, 0xEF, 0x44, 0x7B, 0xF2, 0xB5,
    0x7F, 0xD7, 0xBD, 0xDE, 0x4A, 0x77, 0x43, 0x24, 0x5D, 0x25, 0x8C, 0xBB, 0xE8, 0xDF, 0x56, 0xA0,
    0x1C, 0xB4, 0xD9, 0x9A, 0x4C, 0xB3, 0xA6, 0x7E, 0x1F, 0x00, 0xE0, 0x04, 0x58, 0x52, 0x55, 0x15,
    0xAC, 0xEA, 0x57, 0xD5, 0xED, 0x96, 0x3E, 0xB6, 0x65, 0x23, 0xCB, 0x77, 0x2C, 0x35, 0xA3, 0x95,
    0x8C, 0xAF, 0xC5, 0x0E, 0xC1, 0x0C, 0xE6, 0x61, 0x69, 0x4F, 0xEC, 0x64, 0x0B, 0x4F, 0xD4, 0x5E,
    0x6C, 0x01, 0xFE, 0xEC, 0xC3, 0xB5, 0x0D, 0xDC, 0xC3, 0x15, 0x7A, 0x71, 0xAD, 0xD5, 0x8D, 0x74,
    0x4D, 0xA7, 0x1C, 0x6F, 0x75, 0xAB, 0x7A, 0xBD, 0xAA, 0x87, 0xD4, 0xF6, 0xA8, 0xE5, 0xF1, 0xD9,
    0x96, 0x7F, 0x7C, 0x92, 0xD3, 0x5F, 0xC2, 0xCC, 0x43, 0x2A, 0xEF, 0xDC, 0xE9, 0xAE, 0x60, 0xCC,
    0xB3, 0x34, 0x72, 0x7A, 0xB0, 0x62, 0x3A, 0x0A, 0x12, 0x58, 0xA7, 0x26, 0x5D, 0xE2, 0x0D, 0xB8,
    0x37, 0x63, 0xC4, 0x49, 0xB2, 0x73, 0x3E, 0x23, 0xB0, 0xD4, 0x83, 0x65, 0x95, 0xE8, 0xA2, 0x80,
    0x6F, 0xDC, 0x8A, 0x54, 0xF6, 0x41, 0xB9, 0xA6, 0xC4, 0xBA, 0x31, 0x1D, 0xE6, 0x79, 0xD3, 0xD4,
    0xE3, 0x10, 0x8A, 0x9F, 0x9E, 0x84, 0x90, 0xEA, 0x72, 0xF0, 0x53, 0x89, 0xA1, 0xA3, 0x20, 0xF9,
    0x43, 0xEE, 0xE8, 0x30, 0x47, 0x39, 0x60, 0x05, 0x81, 0xD4, 0x52, 0xC2, 0x5A, 0xFE, 0xE1, 0x52,
    0xB0, 0xFA, 0xA6, 0x5A, 0x96, 0x2A, 0x2D, 0x22, 0xD7, 0xA5, 0x92, 0xFC, 0x71, 0xC8, 0xE1, 0x14,
    0x97, 0x1B, 0x49, 0x8B, 0x6C, 0x05, 0xEB, 0x1A, 0x14, 0x97, 0x82, 0x55, 0x2F, 0x2B, 0xE6, 0x63,
    0xA0, 0x23, 0x06, 0xAC, 0x65, 0xB0, 0x0A, 0x56, 0x17, 0x1F, 0x4F, 0x78, 0x26, 0x7C, 0xF5, 0xB6,
    0xAE, 0x1B, 0x0F, 0xF5, 0x30, 0x01, 0x39, 0xE3, 0x16, 0xDE, 0x22, 0x68, 0xC7, 0x9A, 0xDE, 0xD3,
    0x94, 0xD7, 0xB9, 0x43, 0x14, 0xCF, 0x02, 0xB5, 0x97, 0xD6, 0x8C, 0x52, 0x39, 0x4C, 0x9D, 0xC3,
    0xF9, 0xCF, 0xA0, 0x33, 0x2C, 0x14, 0x4D, 0xDA, 0xC4, 0x7F, 0x1D, 0x60, 0x7A, 0xF6, 0x98, 0x51,
    0xF5, 0xF9, 0x5A, 0x5B, 0x7B, 0xDF, 0xAF, 0xAC, 0x7C, 0x10, 0x07, 0xE9, 0x45, 0x79, 0x9D, 0x3A,
    0x1E, 0xAA, 0xD7, 0xEA, 0xB9, 0x0E, 0x38, 0x5A, 0x77, 0x35, 0xC9, 0x04, 0x9B, 0x60, 0x46, 0xED,
    0xA8, 0x2F, 0x97, 0xA3, 0xBA, 0x2C, 0xC7, 0xD4, 0x6D, 0x49, 0xF7, 0x4F, 0x85, 0x2B, 0x7E, 0xBC,
    0x96, 0x57, 0x38, 0xC3, 0x9A, 0xF9, 0xE4, 0xC4, 0x6D, 0x80, 0xE2, 0x5A, 0x4F, 0xEE, 0xE9, 0x01,
    0xBA, 0x80, 0x7A, 0x3A, 0xE7, 0x69, 0x27, 0x3E, 0x46, 0x58, 0x9D, 0x33, 0x6F, 0x75, 0xCD, 0x8B,
    0xA6, 0xEE, 0x3D, 0x6A, 0x7F, 0xDA, 0xF9, 0x79, 0x50, 0x4F, 0x4F, 0x35, 0x4F, 0xAC, 0x7B, 0x97,
    0xF0, 0x08, 0x53, 0x74, 0xF5, 0x17, 0x57, 0xA3, 0xD3, 0x0D, 0x8D, 0x53, 0x3B, 0x9D, 0xD9, 0x3B,
    0x9E, 0x0E, 0xD4, 0x71, 0x86, 0xDC, 0x46, 0xA0, 0xAB, 0xD4, 0x8C, 0x91, 0xAC, 0x0A, 0x5D, 0xF2,
    0x60, 0x32, 0x63, 0x07, 0x5B, 0xF5, 0xA5, 0x1E, 0x63, 0xBA, 0xD5, 0x18, 0x3E, 0x4F, 0x9C, 0x9F,
    0xDA, 0xBB, 0xB3, 0x5B, 0xB3, 0xEE, 0xCC, 0x79, 0x44, 0x68, 0x62, 0x1E, 0xAF, 0x4B, 0x1B, 0xD0,
    0x2F, 0x6E, 0x31, 0x4C, 0xD4, 0xE5, 0x15, 0xB3, 0x0C, 0xBF, 0xB8, 0xF5, 0xFD, 0x8E, 0x64, 0x1C,
    0x41, 0x31, 0xCD, 0xE8, 0x74, 0x32, 0xC9, 0x38, 0x99, 0xB8, 0x12, 0x4D, 0x9B, 0xE6, 0x5C, 0x86,
    0xC0, 0x5B, 0xDA, 0x1B, 0x32, 0x6E, 0xA2, 0xAB, 0x96, 0xBD, 0x40, 0x91, 0xF9, 0xFC, 0xE4, 0x8D,
    0x4B, 0xC2, 0x4F, 0xB3, 0xD0, 0x4E, 0x69, 0xCA, 0x63, 0x08, 0xBF, 0x5D, 0xD1, 0xB9, 0x59, 0x72,
    0x57, 0x1C, 0xC6, 0xE7, 0xDE, 0xB9, 0x60, 0xE2, 0x59, 0x61, 0x75, 0x48, 0x07, 0xD9, 0x11, 0x37,
    0x05, 0x87, 0xFE, 0x8C, 0xE5, 0x65, 0xAD, 0xE0, 0xCB, 0x2A, 0x20, 0x65, 0xCD, 0x75, 0x63, 0xC2,
    0xDE, 0x67, 0x69, 0xCF, 0xED, 0x42, 0xDB, 0xA7, 0xF8, 0xFA, 0x3D, 0x6D, 0x60, 0x64, 0xAB, 0x70,
    0xC3, 0x80, 0x00, 0x28, 0xE1, 0xAF, 0x73, 0xFE, 0x17, 0x90, 0xFD, 0xDC, 0x5F, 0xE1, 0xC9, 0xD0,
    0x12, 0x13, 0x85, 0xE6, 0x8A, 0x1E, 0x51, 0xA1, 0x18, 0xE1, 0x61, 0x9B, 0xB9, 0x44, 0xCD, 0x35,
    0x6F, 0x67, 0xCF, 0x0C, 0xF4, 0x85, 0xFE, 0x34, 0x02, 0xB8, 0xA3, 0x4B, 0xC9, 0xCF, 0x7C, 0xF4,
    0x3A, 0xCF, 0x93, 0xEF, 0x0B, 0xFD, 0xDD, 0xF0, 0x47, 0x45, 0x82, 0x46, 0xA0, 0xFD, 0x3A, 0xC9,
    0xFE, 0x57, 0xB5, 0x2A, 0x17, 0xD9, 0xF3, 0x3A, 0x48, 0x61, 0xBF, 0xD7, 0xC3, 0xDF, 0xA2, 0x1B,
    0x51, 0x79, 0x2D, 0x3E, 0x06, 0xD1, 0x50, 0xC2, 0xD0, 0xA4, 0xCE, 0xFD, 0x67, 0x13, 0xB9, 0x87,
    0xAE, 0x85, 0xA2, 0xD2, 0xD0, 0x38, 0x25, 0xDF, 0xC4, 0xDC, 0x6A, 0x8C, 0xBA, 0x93, 0x27, 0x40,
    0x4C, 0x07, 0x4C, 0x9F, 0xA6, 0x2D, 0x96, 0x2E, 0x53, 0x95, 0x5B, 0xA5, 0xAB, 0x80, 0x07, 0x9D,
    0xA9, 0x2F, 0x2D, 0xC5, 0x2B, 0x81, 0x09, 0xF1, 0x11, 0x20, 0x0C, 0x74, 0x45, 0x03, 0x5D, 0xC4,
    0x7F, 0x58, 0x43, 0x87, 0xD6, 0x34, 0xD0, 0x55, 0x3A, 0xD0, 0x40, 0xBF, 0x75, 0x9E, 0x36, 0x4B,
    0xAA, 0xDF, 0x25, 0xAC, 0x84, 0x2C, 0x79, 0xD0, 0xD9, 0xF2, 0xBC, 0xB0, 0x6D, 0xF5, 0x34, 0xEA,
    0x78, 0x9E, 0xAD, 0x9A, 0x40, 0xFE, 0x79, 0x01, 0xF3, 0x04, 0xA3, 0xA6, 0x54, 0x7D, 0x9B, 0x6F,
    0x85, 0x22, 0x58, 0x6F, 0x8D, 0x9B, 0x46, 0xE5, 0x7B, 0x9F, 0x28, 0x86, 0xDE, 0x2A, 0x54, 0x90,
    0xA2, 0xB2, 0x85, 0x55, 0x48, 0x7B, 0xCA, 0xCB, 0x90, 0x31, 0x65, 0x41, 0x65, 0xB7, 0xA6, 0xC8,
    0x6D, 0xCE, 0x03, 0x3E, 0xD0, 0x26, 0xE0, 0xF9, 0x68, 0xC0, 0x88, 0x49, 0xAF, 0x1D, 0x68, 0x57,
    0xBE, 0xD3, 0xD0, 0x9F, 0x53, 0x55, 0xBA, 0xCD, 0x27, 0xAD, 0xEE, 0x9D, 0xAF, 0x5E, 0x4E, 0x2D,
    0xD8, 0xE8, 0xAC, 0xDE, 0xB8, 0x24, 0xFC, 0xE8, 0x31, 0xE8, 0x79, 0x87, 0x98, 0x47, 0x1F, 0xB2,
    0x8F, 0x98, 0xED, 0x26, 0x5A, 0x03, 0x4F, 0x30, 0xFF, 0x74, 0x77, 0xCF, 0xE3, 0x19, 0x62, 0xA5,
    0x8B, 0x65, 0xDA, 0x08, 0x0F, 0x86, 0xA8, 0x09, 0xFA, 0xF2, 0x5F, 0xEB, 0xB0, 0xCB, 0x30, 0x5A,
    0x1B, 0x39, 0xBA, 0x82, 0x6F, 0x5F, 0x0A, 0x56, 0x3C, 0x4B, 0xED, 0xD9, 0x57, 0xC1, 0xE9, 0x71,
    0xEA, 0xCB, 0xE3, 0xAB, 0xD1, 0x91, 0xE3, 0x4E, 0xC1, 0x4E, 0x11, 0xBA, 0x51, 0x02, 0xE5, 0xB3,
    0x5C, 0x4F, 0x9C, 0xEC, 0x3D, 0xF2, 0x27, 0x7B, 0x3F, 0xC5, 0xF5, 0x99, 0x70, 0x01, 0xFE, 0xAF,
    0x72, 0x26, 0x0B, 0x8E, 0xC8, 0xD9, 0x99, 0x16, 0xF3, 0x4C, 0x3B, 0x5A, 0x0F, 0x92, 0x67, 0x39,
    0xE4, 0x55, 0xD8, 0x81, 0x3C, 0x49, 0x7D, 0x82, 0x50, 0x5C, 0x00, 0x16, 0x04, 0x3D, 0xC8, 0xF3,
    0x7E, 0x23, 0xEB, 0xFC, 0xF7, 0x05, 0xC8, 0xB3, 0x21, 0x79, 0x06, 0x4F, 0x1E, 0xD3, 0xF2, 0xE8,
    0x44, 0x95, 0xF1, 0xFF, 0x24, 0x5E, 0x1D, 0xC9, 0x33, 0x5D, 0xCD, 0x74, 0xBA, 0x62, 0xC7, 0xB3,
    0x32, 0x5B, 0xFB, 0xA9, 0x4F, 0xA4, 0xBB, 0x78, 0x56, 0x6A, 0x30, 0x9F, 0x06, 0x9C, 0x8C, 0x07,
    0x77, 0x6D, 0x51, 0x16, 0xDC, 0xC5, 0xE1, 0xC1, 0x7E, 0x58, 0xE8, 0x1C, 0x0E, 0xEA, 0x2A, 0x2F,
    0x02, 0x77, 0x77, 0xBB, 0x93, 0xA7, 0x27, 0xDF, 0x34, 0x7E, 0xD5, 0xED, 0x1B, 0xD5, 0x65, 0x9B,
    0x69, 0xA3, 0xDD, 0x63, 0x5A, 0x5D, 0x22, 0x92, 0x7B, 0x54, 0xEE, 0x3C, 0x26, 0x28, 0x86, 0x58,
    0x91, 0x57, 0xC3, 0x95, 0x7A, 0x2B, 0x08, 0x1A, 0xD3, 0x0A, 0x5E, 0x57, 0xB0, 0xCD, 0x84, 0x5E,
    0x02, 0xFD, 0x22, 0xA2, 0x91, 0xF4, 0x2A, 0x2D, 0x00, 0x51, 0xFB, 0x44, 0xA2, 0xFE, 0x99, 0x2F,
    0xA8, 0xCF, 0x86, 0x6E, 0xA6, 0x7D, 0x2B, 0x3D, 0xC3, 0x72, 0xBA, 0xB4, 0x6A, 0x9B, 0x7E, 0x76,
    0xF1, 0x82, 0xEA, 0x19, 0x75, 0x10, 0x38, 0x5A, 0xE5, 0xF4, 0x04, 0x49, 0xE5, 0x0E, 0x21, 0x3A,
    0x62, 0x29, 0x90, 0xBA, 0xE6, 0xF1, 0x2E, 0x6E, 0xB2, 0xE6, 0x3C, 0x12, 0x6B, 0xE8, 0x2B, 0xDC,
    0xE1, 0x2B, 0xBA, 0x3B, 0xC9, 0xB3, 0xC4, 0xEF, 0xF1, 0x4C, 0xE7, 0x6F, 0xC1, 0xD5, 0xC9, 0x9F,
    0x78, 0x72, 0xF3, 0xBF, 0x30, 0x64, 0xF4, 0xB8, 0xF1, 0xFF, 0x20, 0x43, 0xF3, 0x3D, 0x45, 0x1C,
    0xE5, 0xF6, 0x70, 0xF8, 0x30, 0xFD, 0xBF, 0x90, 0xCA, 0x82, 0xEE, 0x57, 0xB0, 0x6D, 0x46, 0xB4,
    0xB3, 0xFE, 0xCC, 0xE9, 0xF1, 0x4F, 0x03, 0x40, 0x04, 0xB1, 0x19, 0x8C, 0x3E, 0x63, 0x39, 0xB1,
    0xF0, 0x24, 0x2A, 0xC4, 0x7C, 0xA6, 0xB6, 0xE4, 0x63, 0x02, 0x4D, 0xF9, 0x78, 0xB7, 0xE3, 0x0C,
    0x48, 0xB6, 0x40, 0xDB, 0xE5, 0x0D, 0xF0, 0x2C, 0x6B, 0xDB, 0xD3, 0x6B, 0xA0, 0x2B, 0x62, 0x0D,
    0x5C, 0x11, 0x7B, 0x7D, 0x53, 0x7C, 0x36, 0x84, 0x64, 0xEB, 0xC8, 0x4D, 0x9E, 0xB9, 0xA5, 0x39,
    0x9E, 0x5F, 0x0D, 0xDA, 0xFF, 0x3F, 0xD5, 0x97, 0xBF, 0x72, 0xE4, 0x44, 0x10, 0xC6, 0x7B, 0xA4,
    0xF2, 0x2D, 0xA0, 0x40, 0x24, 0x54, 0x41, 0x1D, 0x94, 0x12, 0x02, 0x28, 0x0A, 0xF4, 0x02, 0xE7,
    0x9B, 0x29, 0x9E, 0xC0, 0x01, 0x5B, 0x04, 0x04, 0x10, 0x5C, 0xEE, 0x17, 0xB0, 0x91, 0x32, 0x02,
    0x12, 0x13, 0x90, 0x13, 0x5F, 0x42, 0x4A, 0x70, 0x6B, 0xA9, 0x78, 0x82, 0x8D, 0x2E, 0x45, 0x81,
    0xF3, 0x53, 0x20, 0x28, 0x1D, 0x48, 0x1A, 0xBE, 0xAF, 0x47, 0x6B, 0x2F, 0xF6, 0xFA, 0xEA, 0xE0,
    0xC0, 0xC6, 0x5B, 0xBB, 0x3F, 0x6D, 0x49, 0x33, 0x3D, 0xDD, 0x3D, 0xD3, 0x7F, 0x24, 0x99, 0xF7,
    0xB5, 0x48, 0xE0, 0xDE, 0x72, 0xE9, 0x64, 0xD7, 0x27, 0x5F, 0x93, 0xB6, 0x25, 0x0B, 0xE5, 0xAA,
    0x23, 0x87, 0x01, 0x30, 0x1D, 0x19, 0xB5, 0x2B, 0x30, 0x6E, 0x0B, 0x70, 0xD1, 0x58, 0x30, 0x59,
    0xE7, 0x90, 0x96, 0xD6, 0x19, 0xE5, 0xD7, 0x29, 0x98, 0x97, 0x29, 0x04, 0x59, 0x49, 0x20, 0xA2,
    0x90, 0x05, 0x78, 0x2A, 0x31, 0x04, 0x8D, 0x12, 0x0D, 0x62, 0xBC, 0xF7, 0x83, 0x44, 0xE0, 0x28,
    0xF1, 0xF4, 0xF8, 0xB1, 0xD7, 0x01, 0x85, 0x24, 0x0D, 0xA6, 0x38, 0x9D, 0x38, 0x8B, 0xCA, 0xC1,
    0x74, 0x6D, 0x29, 0x5C, 0x97, 0x4B, 0xDA, 0x8A, 0x4B, 0x77, 0x90, 0xD0, 0x8B, 0x42, 0x96, 0xCB,
    0xCF, 0xE4, 0xFA, 0xCF, 0xFD, 0xC9, 0x71, 0xA1, 0x46, 0x72, 0x0E, 0xCE, 0xD6, 0x8B, 0x41, 0x5E,
    0x17, 0x99, 0xF8, 0xA8, 0x52, 0x13, 0x67, 0x98, 0xCA, 0xE3, 0xEA, 0xA1, 0xC9, 0xE4, 0x0A, 0x8C,
    0xC3, 0x3D, 0xCB, 0x07, 0xA7, 0xE7, 0xA8, 0xB0, 0x9E, 0x14, 0x65, 0xE2, 0xC5, 0x7A, 0x5F, 0x48,
    0xEA, 0x7B, 0x8B, 0x59, 0x25, 0x46, 0xBD, 0x23, 0x51, 0x29, 0xF2, 0x89, 0xC4, 0x54, 0xD6, 0x25,
    0x60, 0x72, 0x56, 0x40, 0xE5, 0xC8, 0xEB, 0x3A, 0x87, 0xCD, 0x1D, 0xF5, 0x71, 0x09, 0xCB, 0x60,
    0x13, 0x0C, 0x6B, 0x64, 0x5F, 0xA2, 0x4E, 0xA0, 0xD8, 0xF4, 0x05, 0x16, 0xB0, 0x1E, 0xD3, 0x17,
    0xD3, 0xAD, 0x78, 0x1B, 0x76, 0x3D, 0x17, 0xB5, 0x6E, 0x3D, 0xDB, 0x68, 0x06, 0xB9, 0xEF, 0x49,
    0xA9, 0x6A, 0x32, 0x6F, 0xC8, 0xB4, 0x25, 0x17, 0x3D, 0x19, 0x0F, 0x64, 0xA4, 0x34, 0x23, 0x29,
    0x63, 0x45, 0x01, 0x33, 0xC3, 0x9D, 0x0B, 0x86, 0x31, 0x66, 0x6B, 0x56, 0xAC, 0x72, 0x16, 0xDD,
    0x85, 0x64, 0xBB, 0x26, 0x7D, 0x39, 0xAF, 0xEE, 0xE7, 0x03, 0x19, 0xB4, 0xEA, 0xD5, 0x1B, 0xD1,
    0xB0, 0x93, 0xB0, 0xBB, 0x55, 0x36, 0xD7, 0x8E, 0x89, 0x4E, 0x3F, 0xA5, 0x21, 0xFE, 0x37, 0x2E,
    0x41, 0x1B, 0x63, 0xEF, 0x8A, 0x41, 0x92, 0x41, 0xE0, 0xD1, 0xB4, 0xE5, 0x18, 0x38, 0x0D, 0xC4,
    0xDE, 0x81, 0x36, 0xB0, 0xBC, 0xC2, 0xFA, 0x62, 0x4C, 0xD6, 0xC0, 0x0D, 0x92, 0x76, 0x92, 0x0E,
    0xDC, 0xBA, 0x42, 0xCF, 0xC6, 0x34, 0x50, 0x91, 0x06, 0x4C, 0x26, 0x37, 0xC8, 0x8B, 0xA3, 0x0A,
    0x1B, 0xE1, 0xCB, 0x2D, 0xE8, 0xBD, 0x97, 0x05, 0x85, 0x6E, 0xE1, 0x6F, 0xCD, 0xDD, 0x2C, 0x5E,
    0x5F, 0x00, 0x5A, 0x4F, 0x12, 0xF0, 0xD6, 0x72, 0xF9, 0x82, 0xF8, 0x8F, 0xFC, 0x09, 0x1D, 0x19,
    0xFC, 0x28, 0xF1, 0x28, 0x45, 0x8D, 0x70, 0x49, 0xD7, 0x08, 0x80, 0x45, 0x83, 0xF3, 0x1F, 0xB7,
    0x79, 0x09, 0xD8, 0xEF, 0x97, 0x9F, 0xB7, 0x94, 0x3C, 0x83, 0xB9, 0x11, 0x3E, 0x14, 0x3A, 0x0F,
    0x3B, 0xCE, 0x9D, 0x4A, 0x18, 0xA2, 0xF1, 0x24, 0x8B, 0x52, 0x54, 0x03, 0x1C, 0x71, 0x07, 0x67,
    0x9D, 0x89, 0x94, 0xF2, 0x3E, 0xE2, 0x55, 0x9E, 0xE0, 0xF4, 0xC4, 0xD8, 0x59, 0xFB, 0x25, 0xA2,
    0x23, 0xC5, 0x43, 0x2E, 0xF7, 0x7F, 0xF5, 0x9F, 0x7E, 0x7E, 0x90, 0x37, 0x44, 0x7A, 0x41, 0x5E,
    0xF9, 0x5A, 0x90, 0x6E, 0xF2, 0x9F, 0xB1, 0xF1, 0x09, 0x0F, 0x67, 0xAC, 0x23, 0xFC, 0xAD, 0xB8,
    0xD3, 0x1C, 0xC8, 0x9B, 0xD9, 0x28, 0x4F, 0xAC, 0x2F, 0xFB, 0xE3, 0xEC, 0x8F, 0xEE, 0xA7, 0xC8,
    0x37, 0x8F, 0xE4, 0xB0, 0x3C, 0xD7, 0x81, 0xA9, 0xEF, 0x06, 0x7F, 0x51, 0x2F, 0x1F, 0x60, 0x37,
    0x1F, 0x64, 0x3F, 0xAE, 0x8F, 0xF2, 0xF8, 0xF7, 0x7E, 0x5F, 0x7C, 0xFB, 0x00, 0xB9, 0xF7, 0x8A,
    0x6F, 0x98, 0x86, 0xFF, 0xC5, 0x1F, 0x3C, 0xA7, 0xBF, 0x2B, 0xE7, 0xDB, 0xDE, 0xEC, 0x0F, 0x41,
    0x86, 0xEF, 0x8E, 0x28, 0xAB, 0x5E, 0xE1, 0x2B, 0xF2, 0xDA, 0xB9, 0x2D, 0x38, 0x4B, 0x3C, 0x1F,
    0x21, 0x58, 0x52, 0x2D, 0x87, 0x7A, 0x56, 0xE4, 0xBD, 0xCB, 0x09, 0xA8, 0x64, 0xE9, 0x42, 0x52,
    0x23, 0xB5, 0x8C, 0xD9, 0x4E, 0xC9, 0x74, 0xEC, 0x1E, 0xAE, 0x94, 0x56, 0xEF, 0x60, 0x7B, 0x40,
    0xEC, 0x1E, 0x88, 0x8A, 0x07, 0xA2, 0x30, 0x82, 0x4C, 0x8A, 0xCE, 0xA2, 0x42, 0x92, 0x85, 0xD2,
    0x96, 0x64, 0x56, 0x93, 0x49, 0x43, 0xE2, 0xFC, 0x82, 0xD1, 0x40, 0xCA, 0xA8, 0x2C, 0x72, 0xD2,
    0x1E, 0x92, 0xD9, 0x33, 0x12, 0x47, 0xC2, 0x32, 0x50, 0xC8, 0x48, 0x29, 0x81, 0xD5, 0x79, 0x5F,
    0x75, 0x9E, 0xDF, 0x13, 0xD6, 0x83, 0xAC, 0xD9, 0x18, 0xC6, 0x7A, 0x18, 0xF7, 0x9B, 0x11, 0x3B,
    0x3E, 0x2B, 0x53, 0x9D, 0xC8, 0x0A, 0x35, 0x4F, 0x56, 0x05, 0xCA, 0x77, 0x35, 0x46, 0x5E, 0xAA,
    0x06, 0x92, 0x21, 0xDB, 0xBA, 0x8A, 0x62, 0x36, 0xC8, 0xFF, 0x29, 0xE4, 0x6D, 0x89, 0x1C, 0x37,
    0x20, 0x1C, 0x73, 0x6A, 0x1E, 0xFF, 0xAA, 0x05, 0xC8, 0x87, 0xBE, 0xA4, 0xBE, 0xC3, 0xCE, 0x37,
    0xB5, 0xBC, 0x0B, 0x49, 0x72, 0x8C, 0x9E, 0xCA, 0xC0, 0xD3, 0x05, 0x7B, 0x9F, 0xEC, 0x19, 0x3B,
    0x33, 0x9E, 0xB5, 0x68, 0xBC, 0x1D, 0x97, 0x87, 0xA6, 0x3B, 0x61, 0x93, 0x30, 0x73, 0xC7, 0xE7,
    0xF0, 0xB9, 0xE8, 0xD3, 0x46, 0x7B, 0x04, 0x16, 0xE5, 0x75, 0xA2, 0xA9, 0x16, 0xED, 0x0D, 0xCA,
    0x37, 0xDA, 0x1B, 0x9E, 0xA4, 0xB4, 0x65, 0x2A, 0x8D, 0x7B, 0x6E, 0x4B, 0x3C, 0xB0, 0xDB, 0x34,
    0x03, 0xE3, 0xCA, 0x8C, 0x1A, 0x5D, 0x81, 0x93, 0xDF, 0x62, 0x75, 0xC1, 0xB1, 0xD0, 0x91, 0xDA,
    0xA3, 0x0E, 0x41, 0x02, 0xA5, 0x2D, 0xBA, 0x54, 0x25, 0x27, 0xBA, 0x0A, 0x72, 0x33, 0x1B, 0x2A,
    0x5D, 0x9D, 0x89, 0x68, 0xD8, 0x68, 0x15, 0x34, 0x64, 0x6A, 0x0A, 0x78, 0xA9, 0x02, 0x3C, 0x6A,
    0xC5, 0x28, 0x21, 0xB4, 0x68, 0x10, 0x0E, 0x69, 0x87, 0x40, 0x8F, 0x07, 0x54, 0x0C, 0x33, 0xF0,
    0x4C, 0x8D, 0xD4, 0x62, 0xBA, 0x0C, 0x3E, 0xD0, 0x21, 0x29, 0x9B, 0x17, 0xA8, 0x95, 0x74, 0x2A,
    0x40, 0x45, 0x05, 0xA1, 0x2A, 0x7E, 0x4F, 0xE4, 0x00, 0x8A, 0x8B, 0x69, 0x79, 0x94, 0xD1, 0xAD,
    0xC2, 0x14, 0xF6, 0xB6, 0xC6, 0x6B, 0x66, 0xB1, 0xFD, 0x1D, 0xF5, 0xF1, 0x57, 0x0C, 0x51, 0x58,
    0x5D, 0xA2, 0x48, 0xA7, 0x2C, 0xD2, 0x39, 0x46, 0x3D, 0x9D, 0x38, 0xA8, 0xA7, 0x75, 0x27, 0xB7,
    0xE2, 0x6D, 0xF4, 0xBB, 0xDA, 0x93, 0x2E, 0x7C, 0xB8, 0xDA, 0xF9, 0x8A, 0xDA, 0x3D, 0x86, 0x9A,
    0xAE, 0x57, 0x26, 0xBD, 0x71, 0xCE, 0xE8, 0xE3, 0x5C, 0xFA, 0xC7, 0x39, 0x91, 0xF0, 0x4A, 0xCF,
    0x8C, 0xF3, 0x8B, 0xC1, 0xE5, 0x2B, 0x3B, 0x02, 0x7F, 0xE9, 0xBA, 0x6B, 0xDC, 0xB6, 0x9C, 0x8D,
    0xDC, 0xCD, 0x3A, 0xF4, 0xF3, 0xB6, 0x1E, 0x1B, 0xBD, 0x36, 0x7A, 0xCE, 0x7A, 0x8F, 0xB3, 0x1D,
    0xB8, 0xF5, 0x51, 0xB8, 0x46, 0xB0, 0x36, 0x61, 0x8E, 0xCE, 0xE1, 0xE5, 0x8A, 0x51, 0x8A, 0x46,
    0x19, 0xCD, 0x72, 0x47, 0x11, 0xD5, 0x37, 0x1D, 0xD2, 0x18, 0x9C, 0x93, 0xFD, 0x52, 0xE3, 0x4D,
    0x05, 0x8B, 0x2C, 0xB8, 0x75, 0xC2, 0xDE, 0x07, 0x73, 0x72, 0xC7, 0x6E, 0x7B, 0xE4, 0x1F, 0xE8,
    0x63, 0xF8, 0xA7, 0xA4, 0x62, 0x5E, 0x3B, 0x3E, 0x17, 0xFE, 0xE8, 0x23, 0x4D, 0xB5, 0xF0, 0xB9,
    0x51, 0x5D, 0xF2, 0x30, 0x5D, 0x82, 0x40, 0x17, 0xFA, 0xA3, 0x94, 0x09, 0x8B, 0xF7, 0x8B, 0x6F,
    0x7B, 0x39, 0xD2, 0xB9, 0xEC, 0xD9, 0xA9, 0x79, 0x8F, 0x73, 0x0B, 0xBB, 0xEE, 0xA9, 0xAA, 0x18,
    0xBE, 0xE7, 0x04, 0x2C, 0x3A, 0xB4, 0xA1, 0xE2, 0x27, 0x44, 0x40, 0xD4, 0x15, 0x98, 0x1D, 0x37,
    0x29, 0x46, 0x98, 0x13, 0xB3, 0xFA, 0xEB, 0x31, 0xE1, 0xD9, 0xB4, 0xEE, 0xBF, 0xA6, 0x0D, 0xD4,
    0x2A, 0x43, 0x16, 0xBA, 0x47, 0x95, 0xEE, 0xD0, 0xC4, 0x7A, 0x08, 0xDB, 0x11, 0x6D, 0x78, 0xA5,
    0x89, 0x27, 0x77, 0xD8, 0xCE, 0xAF, 0x4F, 0xDC, 0x17, 0x47, 0xD3, 0xCE, 0xB4, 0x7A, 0x7E, 0xC8,
    0x94, 0xBD, 0x0F, 0x5F, 0x34, 0xC7, 0x92, 0xC7, 0x78, 0x61, 0x79, 0x28, 0x55, 0x27, 0x1F, 0x4B,
    0x76, 0xB2, 0x33, 0xDD, 0xD0, 0x3B, 0xEE, 0x55, 0x70, 0x2A, 0x21, 0xDF, 0x57, 0xAE, 0x70, 0x2C,
    0x2D, 0xEB, 0xCC, 0x3B, 0xF4, 0xA6, 0xB9, 0x43, 0xCC, 0xE5, 0x0E, 0x31, 0x87, 0x6E, 0x59, 0xD3,
    0xDE, 0xCC, 0x6B, 0xB2, 0xDF, 0x5D, 0xF1, 0x70, 0xCC, 0x97, 0x51, 0x85, 0x59, 0x2E, 0x0F, 0xAE,
    0x4F, 0xE3, 0x37, 0xE2, 0xD7, 0x47, 0x72, 0x0F, 0x4B, 0x1D, 0x31, 0xD7, 0x61, 0x9B, 0x73, 0xC6,
    0xC5, 0x77, 0x2B, 0x99, 0xD3, 0x9D, 0xB0, 0x42, 0xDF, 0x49, 0x1F, 0x1B, 0x0D, 0x6C, 0x35, 0x8C,
    0x99, 0x3C, 0xA9, 0x23, 0xA4, 0x92, 0x0E, 0x9D, 0x91, 0xD1, 0x37, 0xB1, 0x9C, 0x81, 0x6F, 0xDC,
    0xAD, 0xB8, 0xFC, 0x4F, 0xDD, 0x57, 0x41, 0x8E, 0xE4, 0x44, 0x10, 0x0C, 0xDB, 0x30, 0x3D, 0xE0,
    0x83, 0xB9, 0x20, 0x21, 0x16, 0xAD, 0x2F, 0x5C, 0x90, 0x40, 0xBE, 0x70, 0x64, 0xB7, 0xEA, 0x09,
    0xFC, 0x64, 0xF8, 0x00, 0x6B, 0x3F, 0xA1, 0xC5, 0x33, 0xF6, 0x0D, 0x74, 0xDB, 0xFC, 0xA0, 0x9F,
    0x60, 0x21, 0xEE, 0x6B, 0x21, 0x1F, 0xBC, 0xC2, 0xDD, 0x45, 0x44, 0x96, 0xA7, 0xA7, 0xB7, 0xA7,
    0x05, 0x12, 0x2C, 0xA3, 0x61, 0xAC, 0x9E, 0xB0, 0xC6, 0x2E, 0x67, 0x65, 0x66, 0x64, 0x86, 0xD3,
    0x00, 0x8F, 0x6B, 0x01, 0x5E, 0x19, 0xD6, 0x86, 0xEE, 0x04, 0xB7, 0xC0, 0xCD, 0xDB, 0x74, 0x46,
    0x1E, 0x42, 0x18, 0xE0, 0x88, 0x1E, 0xA1, 0x5F, 0x05, 0x64, 0x07, 0xA0, 0xED, 0xF2, 0x09, 0x28,
    0xFB, 0x62, 0x00, 0xF2, 0xA1, 0xEA, 0x80, 0x6C, 0x72, 0xC4, 0x74, 0x76, 0x1E, 0x48, 0x66, 0x33,
    0xB7, 0x6F, 0x85, 0x87, 0xBF, 0xC6, 0xB8, 0x32, 0x3E, 0x25, 0x0B, 0xD9, 0x1C, 0xAD, 0xC9, 0x72,
    0x31, 0x68, 0x97, 0xAA, 0x8F, 0x3B, 0xC6, 0xDD, 0xE5, 0xC9, 0x0C, 0x79, 0xD5, 0x43, 0x1E, 0x9A,
    0xAF, 0x48, 0x0D, 0xCB, 0xC6, 0xB0, 0x13, 0x16, 0xA7, 0x68, 0xD7, 0xAB, 0x66, 0x09, 0x2E, 0x0D,
    0x3F, 0xED, 0xF9, 0xAF, 0xC2, 0x02, 0xC3, 0x6A, 0x14, 0x51, 0xDD, 0x83, 0x7B, 0x71, 0x53, 0xFE,
    0xB2, 0x59, 0x36, 0x92, 0x19, 0xF2, 0x67, 0x0F, 0xC7, 0xE7, 0x0E, 0x97, 0xD0, 0xEE, 0xC6, 0x95,
    0x45, 0xAF, 0xA7, 0xF2, 0x51, 0xBF, 0x68, 0x2D, 0x5A, 0xE6, 0x2E, 0x7B, 0xB9, 0x17, 0xD6, 0x78,
    0xE7, 0xB8, 0x6A, 0x70, 0xE7, 0xEA, 0xE2, 0xE5, 0xD9, 0x29, 0x06, 0x83, 0xD6, 0xA8, 0x71, 0x53,
    0x3C, 0x35, 0xF1, 0xE4, 0x1F, 0xE0, 0xE4, 0x96, 0x93, 0xB7, 0x9C, 0xE9, 0x54, 0x9B, 0x03, 0xF4,
    0x08, 0xA2, 0xE8, 0x20, 0xFE, 0x91, 0x30, 0xBC, 0x62, 0xC4, 0x8A, 0x94, 0x64, 0x07, 0x7F, 0xC3,
    0x8C, 0x26, 0x0C, 0x7C, 0x07, 0xE3, 0xC9, 0x2B, 0xD2, 0xF0, 0xDB, 0x12, 0xF3, 0xC7, 0xF7, 0x4A,
    0xAC, 0xF2, 0xE7, 0x57, 0xAC, 0x18, 0x59, 0x74, 0x34, 0xEE, 0x7A, 0x43, 0xFF, 0x1E, 0x70, 0x6B,
    0x48, 0xBF, 0x5B, 0x46, 0xE7, 0x53, 0xFA, 0xE5, 0x76, 0x25, 0x91, 0x25, 0x40, 0x17, 0xF2, 0x30,
    0x11, 0x93, 0xB0, 0x96, 0x3B, 0xD7, 0x48, 0xC4, 0x9A, 0xCF, 0x19, 0x42, 0xBE, 0xD3, 0x95, 0x74,
    0x12, 0x83, 0x08, 0x93, 0x79, 0xD9, 0xE3, 0xEC, 0xA8, 0x76, 0x76, 0x7D, 0xB0, 0x26, 0x32, 0xDC,
    0x8C, 0xC2, 0x99, 0x19, 0x41, 0x32, 0x0A, 0xD3, 0x61, 0x43, 0xCC, 0x06, 0x25, 0x76, 0xD5, 0x2B,
    0xD0, 0x68, 0xB9, 0xE8, 0xC4, 0x7F, 0xD9, 0x89, 0xF0, 0xAA, 0x29, 0x76, 0x4A, 0x42, 0x3E, 0x28,
    0xCF, 0xAB, 0x41, 0xFD, 0x97, 0x8D, 0x2A, 0x30, 0x66, 0x43, 0x29, 0x9D, 0x59, 0x44, 0x81, 0xC5,
    0x94, 0x1D, 0x5E, 0xBF, 0x0E, 0xB6, 0xA0, 0x46, 0xDE, 0x2B, 0x30, 0x7B, 0x70, 0x31, 0x25, 0x62,
    0x8A, 0x9D, 0xC8, 0x2A, 0x6C, 0xBB, 0x7C, 0x50, 0x97, 0x65, 0x63, 0x6C, 0x92, 0x0E, 0x5F, 0xD0,
    0x0D, 0xD0, 0x9B, 0x39, 0x65, 0x38, 0xB5, 0x9E, 0xAF, 0xDE, 0x74, 0xEA, 0x26, 0xAD, 0xDA, 0xE3,
    0xDE, 0xF1, 0xEC, 0xE0, 0xB5, 0x6F, 0xAF, 0x54, 0x4D, 0x28, 0x77, 0xE4, 0xF9, 0x23, 0xA3, 0xDE,
    0xCA, 0x60, 0x91, 0x0D, 0x42, 0xD2, 0xD2, 0x42, 0x1D, 0xE8, 0xD8, 0xC1, 0xD7, 0x5C, 0xC7, 0x6B,
    0x4E, 0x37, 0xB6, 0x47, 0x68, 0x19, 0x05, 0xEA, 0x86, 0x3B, 0xB1, 0x30, 0x6A, 0x14, 0x61, 0x72,
    0x7C, 0xAA, 0x71, 0xF8, 0x12, 0x57, 0xF8, 0x11, 0xA5, 0x2F, 0x9B, 0x2D, 0xF2, 0xDF, 0x27, 0x6E,
    0x47, 0xAF, 0xDA, 0xE6, 0xCE, 0x07, 0xF7, 0xB0, 0x7F, 0x1F, 0x00, 0xFE, 0x05, 0x32, 0x32, 0x54,
    0x74, 0x05, 0xD9, 0xCA, 0xDE, 0x32, 0x2F, 0x81, 0x19, 0x54, 0x53, 0x7F, 0xEA, 0xCF, 0xD8, 0xEF,
    0xDE, 0xEF, 0xDF, 0x15, 0xD0, 0x48, 0xAF, 0xC8, 0x12, 0x99, 0x52, 0x61, 0x2C, 0x5A, 0x5A, 0xCF,
    0xA6, 0x09, 0xC3, 0x39, 0x41, 0x26, 0x80, 0x51, 0x0C, 0x6B, 0x15, 0x49, 0x12, 0x76, 0x4C, 0xB1,
    0xA8, 0x6C, 0x3B, 0xF6, 0x25, 0xC5, 0x93, 0x4D, 0xCA, 0x62, 0x58, 0x24, 0xBA, 0x91, 0xC0, 0xD6,
    0x26, 0xB6, 0xE2, 0x2F, 0x89, 0x12, 0xBD, 0x08, 0x75, 0x38, 0xC1, 0x13, 0x89, 0xDE, 0xD7, 0xB6,
    0x52, 0x4F, 0x51, 0xDE, 0x9B, 0x5B, 0x89, 0x5E, 0x8D, 0x85, 0x59, 0xCE, 0xC7, 0x3B, 0x89, 0x8E,
    0xBB, 0x5F, 0x96, 0x68, 0xE0, 0x07, 0xAC, 0x58, 0x79, 0x12, 0x36, 0xA7, 0x46, 0x2F, 0x7F, 0xE1,
    0xA2, 0xD5, 0x1F, 0x83, 0xE4, 0x51, 0x4D, 0x14, 0xFC, 0xBD, 0xF2, 0x33, 0xDD, 0x34, 0x09, 0x95,
    0x9A, 0x9A, 0xB0, 0x4A, 0xA5, 0x47, 0x13, 0x69, 0x53, 0x5E, 0x13, 0x61, 0xD3, 0xE3, 0x73, 0xD0,
    0x0D, 0x5B, 0x62, 0xDA, 0x6C, 0xD2, 0x1C, 0x95, 0xD9, 0x84, 0xD9, 0x8C, 0x9A, 0x79, 0xD5, 0x1F,
    0xAC, 0x02, 0xD5, 0x85, 0x5B, 0xA5, 0xF3, 0xD7, 0xC9, 0xF6, 0xB6, 0x5E, 0x3F, 0xAD, 0xC4, 0xDB,
    0x8A, 0x77, 0xFE, 0xBF, 0xC6, 0x28, 0xBE, 0x51, 0x7B, 0xA3, 0xF4, 0x46, 0xE5, 0x8D, 0xC2, 0x1B,
    0x75, 0x37, 0xCA, 0x6E, 0x54, 0xDD, 0x45, 0x74, 0xA3, 0xE6, 0x9A, 0xE4, 0x26, 0xC0, 0x27, 0x7A,
    0xF1, 0x4D, 0x94, 0x1C, 0x56, 0x53, 0x3A, 0x49, 0x26, 0x0E, 0x66, 0x51, 0xED, 0x5B, 0xA8, 0x9E,
    0x3E, 0xFC, 0xFE, 0x5E, 0xC6, 0x4D, 0x30, 0xFF, 0x0D, 0x98, 0xD6, 0x9A, 0xD4, 0x9A, 0xD2, 0x9A,
    0xD0, 0x9A, 0xCE, 0x9A, 0xCC, 0x46, 0x95, 0xA5, 0x9B, 0xF1, 0x05, 0x81, 0x4B, 0xC7, 0x0B, 0x94,
    0x26, 0x2F, 0x31, 0x62, 0xE1, 0x57, 0xF8, 0xFC, 0xFF, 0x49, 0x42, 0xA6, 0x19, 0xC3, 0xE0, 0xEC,
    0xC8, 0xFA, 0xB4, 0xA7, 0x88, 0x53, 0xC6, 0x0D, 0xD2, 0x75, 0xBA, 0xBE, 0x98, 0x8B, 0x07, 0xA1,
    0x03, 0x88, 0x75, 0x60, 0x6F, 0xB8, 0xF8, 0xAE, 0xC8, 0x77, 0x77, 0xEF, 0xE7, 0x6F, 0x9E, 0x24,
    0x35, 0xC0, 0x67, 0x82, 0x97, 0x82, 0x9F, 0x25, 0x70, 0xE2, 0x28, 0x53, 0xD8, 0xA9, 0x7F, 0x9C,
    0x24, 0xE9, 0xF8, 0x1A, 0xCF, 0x8D, 0x97, 0x57, 0x7F, 0x27, 0x53, 0x4F, 0x8B, 0x2A, 0xF1, 0xD3,
    0x25, 0x1D, 0xD2, 0x51, 0x85, 0xB9, 0x55, 0x3A, 0x2A, 0x4D, 0x2B, 0xF9, 0xF8, 0x68, 0x9B, 0x2A,
    0x31, 0xCA, 0x72, 0x9B, 0xE5, 0x57, 0xD6, 0xFF, 0xC9, 0x74, 0xF2, 0xBD, 0xF5, 0xFC, 0x69, 0x32,
    0x75, 0x7D, 0xEC, 0x29, 0xBD, 0x4E, 0x63, 0xF8, 0xA9, 0x45, 0xBF, 0x7E, 0x8C, 0x24, 0xA5, 0x27,
    0x1F, 0x5C, 0x71, 0xB6, 0x5A, 0xD9, 0x9C, 0x85, 0x70, 0x9C, 0xEE, 0x78, 0xE9, 0x6C, 0x2E, 0x51,
    0x52, 0x98, 0xA6, 0xCE, 0xD0, 0x26, 0x70, 0x37, 0x1A, 0xCE, 0xC2, 0x97, 0x1B, 0x43, 0xFB, 0x64,
    0x72, 0xFC, 0xE4, 0x24, 0xD2, 0x3E, 0x91, 0xC3, 0x36, 0x91, 0xF2, 0x4A, 0xE4, 0x4C, 0xAF, 0x74,
    0xEF, 0x0D, 0x6B, 0x43, 0xD7, 0x08, 0xCB, 0x4E, 0x98, 0xF7, 0xC2, 0x6C, 0x10, 0xEA, 0x8B, 0xDA,
    0xD9, 0x17, 0xB2, 0x06, 0xEA, 0x4A, 0xE8, 0x6E, 0x84, 0xE5, 0x1B, 0x61, 0x11, 0x84, 0x99, 0x61,
    0x6A, 0x88, 0x88, 0xED, 0xE2, 0xF5, 0xB7, 0x36, 0xC2, 0x1D, 0x63, 0x92, 0xDB, 0xFA, 0xC6, 0xD5,
    0x34, 0x78, 0xBC, 0xF3, 0xDD, 0x45, 0x06, 0xB0, 0x49, 0xDA, 0x35, 0x36, 0x9C, 0xD4, 0xB1, 0xA9,
    0x39, 0x2E, 0xB5, 0xFB, 0x34, 0xA0, 0xED, 0x69, 0xB9, 0xF5, 0x31, 0xB5, 0xAE, 0xB9, 0x85, 0xEA,
    0x9F, 0xC2, 0x9F, 0x2D, 0x8E, 0xC1, 0x09, 0xC3, 0x30, 0x14, 0x43, 0xE5, 0xBA, 0xE0, 0x42, 0x0E,
    0xB9, 0xF6, 0x96, 0x05, 0x0A, 0xDE, 0xA0, 0xCE, 0x10, 0xCD, 0x3C, 0x99, 0x2C, 0x8D, 0xBB, 0x41,
    0xA0, 0x0B, 0x78, 0x84, 0x1C, 0x7A, 0x08, 0xD4, 0x89, 0x2B, 0xE1, 0xDA, 0xFE, 0x86, 0x8F, 0xF4,
    0xDF, 0xD7, 0x15, 0x40, 0x60, 0xCD, 0x11, 0xE8, 0x56, 0xC0, 0xED, 0x6C, 0x4A, 0x0F, 0xF8, 0x04,
    0x34, 0x1B, 0x60, 0x8A, 0x1C, 0x54, 0x5B, 0xAA, 0x27, 0x16, 0x28, 0xEA, 0x98, 0x85, 0x6E, 0xF6,
    0x9E, 0xDA, 0x0C, 0xD8, 0x5C, 0x2D, 0xB4, 0x6A, 0xC4, 0xE5, 0xCA, 0x1B, 0x63, 0xE5, 0x5F, 0xB4,
    0xA3, 0x1C, 0x7C, 0xC3, 0xF0, 0x20, 0x39, 0xF9, 0x1C, 0x0E, 0x5D, 0x9F, 0xDD, 0x1A, 0x88, 0xDC,
    0xBB, 0x08, 0xBB, 0x35, 0x89, 0x4C, 0xFB, 0x41, 0xBB, 0x98, 0x2C, 0xF2, 0x53, 0xC3, 0x01, 0x13,
    0x61, 0x2F, 0x2D, 0x78, 0x13, 0x69, 0xBF, 0x49, 0xB1, 0xE2, 0x3F, 0x28, 0xEE, 0x4A, 0x73, 0xD3,
    0x77, 0x06, 0x7E, 0xDD, 0x5A, 0xBD, 0x8E, 0xDD, 0xC6, 0x15, 0x1E, 0x92, 0xC0, 0x12, 0x01, 0x83,
    0xB0, 0x49, 0x62, 0x23, 0x2A, 0x58, 0xA7, 0x11, 0xDF, 0x60, 0xC9, 0x2A, 0xB5, 0x1B, 0x21, 0x0F,
    0x91, 0x42, 0x2F, 0xE0, 0x5D, 0x32, 0x4F, 0x10, 0x15, 0x4E, 0x6D, 0x17, 0x49, 0x11, 0xA5, 0xD8,
    0x36, 0x85, 0x2E, 0x87, 0x70, 0x9B, 0x86, 0x40, 0xD2, 0xFB, 0x22, 0x56, 0xA5, 0xC6, 0x2C, 0x98,
    0x98, 0x52, 0x48, 0x4E, 0xCE, 0xF7, 0x9D, 0x21, 0x2F, 0x77, 0xB5, 0xD6, 0xCF, 0x4A, 0x90, 0xED,
    0xEC, 0xE2, 0x7E, 0x67, 0x96, 0x77, 0x7E, 0xCF, 0x9C, 0x7F, 0x6E, 0xD0, 0x9B, 0xBF, 0x99, 0x68,
    0x0A, 0x66, 0x81, 0x70, 0x36, 0xE1, 0x60, 0x26, 0x73, 0xE3, 0xA7, 0x70, 0xCE, 0xD5, 0x3B, 0xE0,
    0xB3, 0x37, 0x05, 0xE7, 0xC6, 0x3D, 0xBC, 0xD5, 0xD8, 0x75, 0xF1, 0xF6, 0x04, 0xC6, 0xE4, 0x1D,
    0x1F, 0xF7, 0xC0, 0x8A, 0x78, 0x18, 0x80, 0x13, 0xF6, 0x1D, 0x0C, 0xC0, 0xB0, 0x3F, 0x08, 0x46,
    0x7D, 0x25, 0x18, 0x1F, 0x31, 0x4D, 0xD2, 0xE5, 0xA5, 0x31, 0x69, 0x9B, 0xC9, 0x04, 0x59, 0x9B,
    0x62, 0x9A, 0x3A, 0xED, 0xB0, 0x44, 0x22, 0x53, 0x54, 0x26, 0x16, 0x6C, 0x4C, 0x24, 0x13, 0x09,
    0x0B, 0x26, 0x13, 0xC8, 0x52, 0x93, 0x09, 0x05, 0x85, 0x2D, 0xCB, 0xE3, 0xC7, 0x8E, 0x1D, 0x2A,
    0x93, 0x1C, 0x65, 0x48, 0xC9, 0x81, 0x7E, 0xAA, 0x5C, 0x30, 0xED, 0x0A, 0x4C, 0xCE, 0xE5, 0x92,
    0xDE, 0x62, 0xE9, 0x01, 0x9B, 0x3D, 0xEE, 0xE0, 0x2D, 0x8F, 0xFC, 0x27, 0x9E, 0xBB, 0x2C, 0x9E,
    0x5D, 0x71, 0x6C, 0x3E, 0x08, 0x44, 0x93, 0x40, 0x00, 0x30, 0x33, 0x60, 0xD9, 0x5A, 0x80, 0x10,
    0x5F, 0xC4, 0x23, 0x3A, 0xF7, 0x18, 0xDB, 0x01, 0x30, 0xCB, 0x17, 0x02, 0xCB, 0x23, 0xB4, 0x16,
    0x53, 0x3C, 0xD3, 0xFB, 0xAB, 0x30, 0x69, 0xDA, 0x63, 0x04, 0x20, 0x1A, 0x56, 0xE0, 0x9F, 0x09,
    0x20, 0xEB, 0x0A, 0x61, 0x03, 0x6E, 0x7C, 0x36, 0x0A, 0xB2, 0x97, 0x0E, 0x5F, 0x6C, 0x7B, 0xD1,
    0x1D, 0x34, 0x00, 0xBB, 0x81, 0xC3, 0x26, 0x97, 0xB5, 0x4B, 0x7E, 0x62, 0x44, 0xE9, 0xF7, 0xF2,
    0x0E, 0xB2, 0xF4, 0x9E, 0x81, 0xD7, 0x2C, 0x37, 0x1A, 0x5E, 0x23, 0x22, 0x04, 0x29, 0x48, 0xBF,
    0x27, 0xB1, 0x12, 0xB9, 0x7F, 0x92, 0x8E, 0x24, 0xF5, 0xA4, 0xDD, 0x93, 0x4C, 0x49, 0x5E, 0xEF,
    0x89, 0xC8, 0x07, 0x89, 0x21, 0xA9, 0x94, 0x34, 0x4A, 0x66, 0x25, 0x13, 0x49, 0xA0, 0x04, 0x82,
    0x28, 0x04, 0x42, 0x97, 0xEA, 0x92, 0xF2, 0x71, 0xFC, 0xA9, 0xAF, 0x93, 0x99, 0xA7, 0xB9, 0x4E,
    0xCA, 0xC3, 0xEB, 0x48, 0xFE, 0x83, 0xD2, 0xE9, 0xAA, 0xE4, 0x81, 0xF3, 0x56, 0x94, 0x1A, 0x0D,
    0x79, 0x3C, 0xA1, 0x11, 0xB9, 0xFA, 0x97, 0x0B, 0x1A, 0xC9, 0xF3, 0xD2, 0x58, 0x5E, 0x0C, 0x34,
    0xAF, 0x96, 0x86, 0xF0, 0x55, 0x38, 0x2D, 0x0D, 0xCC, 0x97, 0x76, 0xD2, 0x68, 0xA8, 0x7C, 0xD2,
    0x98, 0xA9, 0x7F, 0xD1, 0x10, 0xD2, 0x12, 0x8C, 0x68, 0xD2, 0x3C, 0x44, 0x43, 0x4C, 0x6B, 0x61,
    0xA1, 0x1C, 0x34, 0x1E, 0x6A, 0x4F, 0x0C, 0x19, 0x7B, 0x84, 0x38, 0x48, 0x9F, 0xA8, 0xDF, 0x0F,
    0xDF, 0x26, 0xE4, 0x12, 0xD6, 0xF8, 0xD5, 0xA1, 0xEE, 0x15, 0xF6, 0x03, 0x1B, 0xB0, 0x78, 0x89,
    0x09, 0xB9, 0x67, 0x59, 0x23, 0x1A, 0xB9, 0xF9, 0x09, 0xA6, 0x45, 0x1A, 0x62, 0x59, 0xB3, 0x8E,
    0xE7, 0xB2, 0x62, 0x35, 0xD8, 0x28, 0xEA, 0xED, 0xC8, 0xE6, 0x4C, 0x94, 0x02, 0x7B, 0x59, 0x64,
    0x59, 0xEE, 0x2C, 0x99, 0x61, 0xD6, 0x22, 0x69, 0x8C, 0xD8, 0x5C, 0x44, 0x73, 0x1C, 0xEC, 0x90,
    0x3B, 0xC3, 0x2A, 0xDC, 0x20, 0x8F, 0x24, 0xE7, 0x89, 0x45, 0xDB, 0x81, 0x32, 0x8F, 0x39, 0xBB,
    0xE2, 0x79, 0xCC, 0x3D, 0x1D, 0xB5, 0x50, 0xD8, 0x2B, 0xB5, 0xE5, 0xE5, 0xCB, 0xF8, 0x33, 0xF0,
    0x00, 0x7B, 0x09, 0x17, 0x93, 0xCF, 0xE6, 0xE1, 0x84, 0xC9, 0x5C, 0x4F, 0x56, 0x09, 0x9F, 0xCF,
    0xDC, 0x53, 0xBD, 0xB7, 0x82, 0x62, 0x42, 0x61, 0x09, 0x88, 0x11, 0x31, 0x21, 0xA6, 0x5F, 0x01,
    0xF3, 0xCF, 0x81, 0x45, 0x06, 0x9C, 0x81, 0xC1, 0x94, 0x0B, 0x46, 0x03, 0x30, 0xE9, 0x81, 0x69,
    0x07, 0xCC, 0x6B, 0x60, 0x65, 0x80, 0x0B, 0x50, 0xCE, 0x26, 0xC8, 0xAB, 0x2D, 0xE4, 0x54, 0x82,
    0x72, 0xD9, 0x82, 0x72, 0xD3, 0x82, 0x98, 0xBA, 0x2E, 0x1A, 0xE2, 0x44, 0x1C, 0x88, 0x3D, 0xB1,
    0x23, 0xD6, 0x54, 0xB7, 0x5F, 0x9B, 0xB3, 0x1A, 0xDB, 0x85, 0x8D, 0x2F, 0x78, 0x41, 0x59, 0x47,
    0x3F, 0xE0, 0xA8, 0x1C, 0xF6, 0x78, 0xC3, 0xB7, 0xFD, 0x48, 0xCE, 0x85, 0x1D, 0x56, 0x25, 0xEC,
    0xBC, 0x03, 0xC6, 0x8E, 0xC6, 0xE4, 0xDF, 0x40, 0x11, 0xAA, 0x82, 0xD7, 0x5B, 0x40, 0x18, 0x4D,
    0x41, 0x31, 0x29, 0x54, 0xD0, 0x28, 0x20, 0x85, 0xEA, 0x0D, 0x6E, 0x18, 0xAA, 0x67, 0x76, 0x58,
    0x6E, 0xCF, 0xBD, 0x81, 0x8A, 0x39, 0x2A, 0x9A, 0x4E, 0xB3, 0xC9, 0xB2, 0xA7, 0x55, 0xA4, 0x13,
    0x38, 0x43, 0xBD, 0x93, 0x4E, 0x74, 0x02, 0x44, 0xAB, 0x9C, 0x6C, 0xBD, 0x75, 0x80, 0x72, 0x8D,
    0x14, 0xA0, 0x91, 0x8E, 0x75, 0x84, 0x9D, 0x03, 0x4E, 0xC0, 0x60, 0x87, 0xE1, 0xB8, 0x2A, 0xCC,
    0x86, 0x54, 0x21, 0x55, 0x24, 0x31, 0xB8, 0x1B, 0xCA, 0x21, 0x80, 0x2D, 0x30, 0xDB, 0xA1, 0x70,
    0x52, 0x50, 0x84, 0x59, 0xB0, 0xA2, 0x62, 0x58, 0xE2, 0x0C, 0xFC, 0x68, 0x02, 0xDA, 0x91, 0xD8,
    0x03, 0x21, 0xD2, 0xD1, 0x88, 0x9D, 0x86, 0x0B, 0x38, 0x1C, 0x2D, 0xE0, 0x76, 0x4C, 0x4C, 0x96,
    0x42, 0x7A, 0xA6, 0xCB, 0xB9, 0x8C, 0xCA, 0x2E, 0xCF, 0x9F, 0xC8, 0x69, 0x2E, 0xCF, 0xCF, 0x8D,
    0x39, 0xBF, 0xC4, 0x4D, 0x7D, 0x7A, 0x59, 0x48, 0x14, 0x31, 0x5D, 0x16, 0x69, 0x6D, 0xC6, 0xA6,
    0x48, 0xDB, 0xB0, 0x6F, 0x8A, 0xB8, 0x8B, 0x04, 0xA3, 0x63, 0xDC, 0x09, 0xF6, 0x49, 0xDB, 0x14,
    0xC1, 0x90, 0xD6, 0xE2, 0x14, 0xC7, 0xAC, 0x14, 0x7C, 0x92, 0xC3, 0x41, 0x5E, 0x9C, 0x03, 0x8B,
    0x0B, 0x60, 0xFE, 0x04, 0x98, 0x8E, 0xC4, 0x1E, 0x98, 0x10, 0xA3, 0xA3, 0xBA, 0xD2, 0x97, 0x51,
    0xE5, 0xF3, 0x1D, 0xD1, 0xAD, 0xB6, 0x7E, 0xC3, 0xF7, 0x35, 0x33, 0xD1, 0x98, 0x87, 0xCF, 0x61,
    0x8F, 0x68, 0x49, 0x2B, 0x44, 0x4F, 0x81, 0xEB, 0x12, 0x67, 0x22, 0xB9, 0x05, 0xDB, 0xA6, 0x90,
    0xEA, 0x63, 0x06, 0x3F, 0xD6, 0x43, 0xDA, 0x84, 0xFF, 0xB8, 0x85, 0x49, 0x44, 0x4B, 0xC4, 0x00,
    0x76, 0x35, 0x98, 0x81, 0x46, 0x71, 0x71, 0x3B, 0xB4, 0x27, 0x9C, 0x2B, 0xF6, 0xC4, 0x28, 0x09,
    0x77, 0x38, 0x03, 0x66, 0x8B, 0x07, 0x7A, 0xC8, 0x3E, 0xE1, 0x2A, 0xD1, 0x82, 0x15, 0x75, 0x75,
    0x08, 0xE3, 0xB4, 0xEE, 0x8A, 0x3B, 0xE4, 0xD9, 0xAF, 0x23, 0xAD, 0xC0, 0x0F, 0x0E, 0x7D, 0xCC,
    0x36, 0x7B, 0x67, 0x09, 0xCB, 0xB5, 0xC6, 0x6C, 0xD1, 0xB8, 0x02, 0x83, 0x3E, 0x02, 0xA3, 0x2D,
    0x3E, 0x8B, 0x11, 0x9F, 0x65, 0x3D, 0xA2, 0xB7, 0x6E, 0x8D, 0xBB, 0xE0, 0xA9, 0x5F, 0x94, 0x77,
    0x8E, 0x93, 0xF4, 0x6E, 0x63, 0x72, 0x51, 0x39, 0xEA, 0x9E, 0xC6, 0xE2, 0xF7, 0x84, 0xD3, 0x9F,
    0x7A, 0x37, 0x95, 0xD2, 0x11, 0xE5, 0xAD, 0xF1, 0xD2, 0xB0, 0x7A, 0x17, 0xF5, 0x3A, 0x76, 0x87,
    0x6E, 0x87, 0xF6, 0x25, 0xAC, 0xCA, 0xD3, 0x0C, 0x3A, 0x5B, 0x4A, 0x8B, 0x8D, 0x55, 0x7E, 0xCA,
    0x15, 0x65, 0x46, 0x77, 0x3C, 0xBB, 0xED, 0x6E, 0x19, 0x11, 0x95, 0x7B, 0xBC, 0x6D, 0x85, 0xEF,
    0x1F, 0xAD, 0x59, 0x73, 0x86, 0x9C, 0xF9, 0x43, 0xC1, 0x54, 0xA4, 0x22, 0x0F, 0x17, 0x06, 0x7D,
    0xB4, 0x95, 0xC8, 0x43, 0x26, 0x9F, 0x93, 0xE0, 0xA1, 0xDD, 0xA5, 0x1F, 0xE2, 0x66, 0x90, 0x78,
    0xB4, 0x4C, 0x3C, 0x98, 0x5D, 0xC4, 0x7D, 0xC3, 0xC8, 0x05, 0x5E, 0x2E, 0x78, 0x4E, 0xC7, 0xBF,
    0x30, 0xF0, 0xB1, 0xBC, 0x99, 0x82, 0x5C, 0xD4, 0xDC, 0xC9, 0xDF, 0x52, 0xB9, 0xED, 0xEA, 0x37,
    0x18, 0x14, 0xC2, 0x54, 0x0B, 0xA2, 0x63, 0xB4, 0x94, 0x27, 0xF7, 0xF8, 0x1D, 0xE4, 0x21, 0x24,
    0x0A, 0xEC, 0x57, 0x43, 0x6F, 0xAD, 0x2B, 0xE9, 0x9B, 0x6C, 0x17, 0x23, 0x26, 0x4C, 0x7B, 0xFA,
    0x8A, 0x68, 0xCC, 0x5A, 0xBA, 0x24, 0xB9, 0x52, 0xF8, 0xCE, 0x82, 0x52, 0xB8, 0x28, 0x69, 0xAE,
    0x91, 0xC5, 0x77, 0xE1, 0x80, 0x70, 0x12, 0x6E, 0x60, 0x38, 0x27, 0xCB, 0xFA, 0x50, 0x0C, 0x96,
    0x08, 0x34, 0xA3, 0x37, 0xB7, 0x2D, 0xEB, 0x37, 0xF1, 0x8A, 0x7D, 0xE2, 0xAC, 0x76, 0xE5, 0xEC,
    0xC0, 0x20, 0x6D, 0xF2, 0x51, 0x19, 0x5C, 0xA3, 0x53, 0xD7, 0x58, 0xA2, 0x5B, 0xDE, 0x6A, 0x30,
    0xA9, 0x91, 0x24, 0x38, 0x18, 0xFD, 0x67, 0x64, 0x96, 0x40, 0x0E, 0xFA, 0xA0, 0xB1, 0xDD, 0xDA,
    0xFA, 0x3C, 0xFA, 0x16, 0x5C, 0x4E, 0xFE, 0x85, 0xFE, 0x69, 0x8B, 0x50, 0x2B, 0xAF, 0xAD, 0xAA,
    0x70, 0x8D, 0x45, 0xE5, 0x34, 0x72, 0x8B, 0xA9, 0xFA, 0x34, 0x8D, 0x0F, 0x27, 0x46, 0xFA, 0x33,
    0xF7, 0xE6, 0xD8, 0x4D, 0xAD, 0xA8, 0x35, 0x3F, 0x38, 0x04, 0xB7, 0xA7, 0x3D, 0x32, 0x00, 0x1D,
    0xDF, 0x18, 0x87, 0x6B, 0x39, 0xEA, 0x6B, 0xA1, 0x04, 0x08, 0x3F, 0x66, 0xB0, 0x66, 0xCE, 0xA0,
    0x09, 0xC9, 0x52, 0x06, 0x73, 0xC4, 0x4C, 0xDC, 0x02, 0xCE, 0xEC, 0x0B, 0x06, 0x72, 0x77, 0x80,
    0x82, 0xE2, 0x90, 0x76, 0x3F, 0x7A, 0xAA, 0xB9, 0xDF, 0xCB, 0xD4, 0x7F, 0x6F, 0xFE, 0x6F, 0x1B,
    0xCE, 0x67, 0xBD, 0x2F, 0x37, 0xD6, 0x70, 0xBE, 0xBC, 0x53, 0xE3, 0x94, 0x0D, 0xA8, 0xD7, 0xB8,
    0x41, 0xB6, 0xAE, 0x6F, 0x4F, 0xD4, 0x3E, 0xD1, 0x91, 0xFB, 0xBC, 0x17, 0xDF, 0x05, 0x30, 0xCA,
    0x28, 0x0A, 0x0C, 0x24, 0x0C, 0xB7, 0x4B, 0x8D, 0xDB, 0x4B, 0x96, 0x02, 0xA8, 0x09, 0xFB, 0x87,
    0x9E, 0xF8, 0x9E, 0x89, 0x8E, 0x43, 0xF9, 0x6B, 0x9D, 0xD3, 0x31, 0xF3, 0x13, 0xF2, 0x48, 0x8F,
    0xC3, 0x58, 0xE0, 0x7D, 0x10, 0xF7, 0xAC, 0x24, 0x71, 0xA3, 0x12, 0x57, 0xE2, 0x3B, 0xB1, 0xC5,
    0xEC, 0x92, 0xF5, 0x24, 0x89, 0x12, 0x49, 0x9C, 0x35, 0x36, 0xB9, 0x8D, 0x0C, 0xFB, 0x9E, 0x3A,
    0x2E, 0x70, 0xED, 0x69, 0x4E, 0x58, 0x17, 0x90, 0xA5, 0x5E, 0x57, 0xBF, 0x4B, 0x65, 0xE1, 0xC5,
    0x27, 0xBE, 0xD4, 0xA5, 0x61, 0x93, 0x70, 0x1A, 0x8B, 0x8E, 0xB7, 0xD4, 0xCF, 0x36, 0x08, 0xB6,
    0x00, 0x8A, 0xFD, 0xAA, 0x7E, 0x2D, 0x4D, 0x2C, 0xCA, 0x4F, 0x73, 0x0F, 0xF2, 0x15, 0xD0, 0xE3,
    0xA4, 0x14, 0x89, 0x62, 0x80, 0x2F, 0x4A, 0x4B, 0x93, 0xF5, 0xBB, 0x1C, 0x9D, 0x56, 0xC6, 0x2C,
    0x3B, 0x6F, 0x5F, 0xEC, 0x73, 0xEE, 0xDA, 0x64, 0x94, 0xD4, 0x3D, 0x9E, 0xA2, 0xA5, 0x7D, 0xCC,
    0x74, 0xF2, 0xCC, 0x3A, 0x9B, 0xCC, 0xFC, 0xB1, 0xE6, 0x5B, 0x5C, 0xB1, 0xD2, 0xD5, 0xB9, 0x93,
    0x50, 0xFD, 0x20, 0x77, 0xC8, 0x42, 0xE7, 0xDA, 0xB0, 0x4E, 0x73, 0xB8, 0x58, 0x37, 0x2C, 0x1C,
    0x9F, 0x03, 0x4B, 0x5D, 0x92, 0xA4, 0x27, 0x83, 0x6F, 0x35, 0xB6, 0x34, 0xF1, 0xE4, 0xF3, 0xBC,
    0x70, 0xA6, 0xD3, 0xF5, 0xF9, 0x1C, 0x8B, 0x0B, 0xD6, 0x27, 0x91, 0xCC, 0x3B, 0x59, 0x3B, 0x81,
    0x9B, 0x5A, 0x1B, 0x2C, 0x10, 0xEC, 0x1A, 0xED, 0xA9, 0xA1, 0x55, 0x89, 0x7D, 0xE7, 0x53, 0x63,
    0x9B, 0x70, 0x5B, 0x82, 0x8B, 0xBA, 0xFD, 0x36, 0x4E, 0x1B, 0xDB, 0xB6, 0x9A, 0x3D, 0xF7, 0x9B,
    0xDF, 0x8E, 0xB3, 0x1D, 0x50, 0x8F, 0x6C, 0x82, 0xAB, 0x13, 0x57, 0x11, 0x24, 0xD4, 0x12, 0x31,
    0xA0, 0x5A, 0x83, 0x4E, 0x35, 0xB3, 0xDA, 0x1A, 0x9B, 0x28, 0xEA, 0x64, 0x87, 0xFA, 0x04, 0x5B,
    0x29, 0xEA, 0x70, 0xE6, 0x2D, 0x70, 0x14, 0x6B, 0x43, 0x35, 0x59, 0x5C, 0xAF, 0x65, 0x10, 0x7A,
    0x6A, 0xD9, 0x6C, 0xA1, 0xE9, 0x66, 0x0D, 0x9F, 0x8E, 0x3B, 0xED, 0x80, 0xC8, 0x8E, 0x6B, 0x5C,
    0x59, 0x51, 0xA3, 0xDC, 0xB2, 0xAE, 0x4B, 0x3D, 0xAD, 0x53, 0xAE, 0xA2, 0x91, 0x9E, 0xB9, 0xB7,
    0xF0, 0xD2, 0x8E, 0x26, 0xC7, 0xCD, 0x65, 0x9D, 0x1C, 0xF4, 0x27, 0xFE, 0x9A, 0xED, 0x16, 0x30,
    0x0B, 0x04, 0xD6, 0x31, 0x91, 0x92, 0xCC, 0xB4, 0xAC, 0xB0, 0x4A, 0xA5, 0x59, 0x7E, 0xB3, 0x81,
    0x15, 0x91, 0x34, 0x55, 0x9D, 0x30, 0x91, 0x91, 0xE8, 0xD1, 0x41, 0xA1, 0xAC, 0x96, 0xF2, 0x02,
    0x91, 0xDA, 0x33, 0x7B, 0x84, 0xD0, 0x1E, 0xC1, 0x94, 0x47, 0x72, 0x88, 0xCF, 0x0C, 0x58, 0x62,
    0xE2, 0x71, 0x0D, 0xAA, 0x51, 0x1C, 0x61, 0x25, 0x4D, 0xE5, 0xAE, 0x00, 0x8B, 0xAB, 0x4C, 0x2C,
    0x55, 0x55, 0x7D, 0xE3, 0x4A, 0xC9, 0x99, 0xAB, 0x56, 0x9E, 0x64, 0x47, 0xB9, 0x8E, 0x04, 0xD1,
    0x65, 0x34, 0x00, 0xC6, 0x13, 0x30, 0xCF, 0xAE, 0xD6, 0x84, 0x64, 0x80, 0x61, 0xEA, 0x51, 0xFF,
    0x44, 0xE8, 0x97, 0x77, 0xF1, 0x2C, 0xCC, 0x0C, 0x68, 0x97, 0x2A, 0x08, 0xE9, 0x19, 0x6F, 0x46,
    0x8E, 0x6F, 0x21, 0x29, 0xF6, 0xC1, 0xD5, 0x84, 0x23, 0xCC, 0x38, 0xF6, 0x02, 0x68, 0xD6, 0x96,
    0x30, 0x59, 0xBE, 0x1D, 0xD0, 0xAF, 0x05, 0xA0, 0xF2, 0x76, 0xC6, 0x2E, 0x15, 0x59, 0x5C, 0x92,
    0xCF, 0x2B, 0x38, 0xE9, 0xFC, 0xBB, 0xD9, 0xF7, 0xF3, 0xD3, 0xB7, 0xDB, 0x67, 0x17, 0x72, 0xDF,
    0xF5, 0x03, 0xFE, 0x0D, 0x2B, 0xE6, 0x8A, 0x25, 0xAB, 0x2B, 0x8A, 0xE6, 0x26, 0xB2, 0x34, 0x68,
    0x2E, 0x89, 0xFA, 0x52, 0xE1, 0x40, 0x9C, 0x4E, 0x18, 0x68, 0xB1, 0x63, 0x58, 0x4B, 0x86, 0x83,
    0xFA, 0xB6, 0xEE, 0x1A, 0x6A, 0x9A, 0xC0, 0xB8, 0xF2, 0xD5, 0xE8, 0xBD, 0x57, 0x08, 0x5B, 0x95,
    0x33, 0x3D, 0x73, 0xCC, 0xBC, 0xAB, 0x56, 0xC4, 0x3C, 0xED, 0xC4, 0x73, 0xC6, 0x47, 0xD4, 0x4A,
    0x7A, 0x94, 0x4A, 0xFA, 0xE2, 0x8F, 0x0F, 0x7E, 0x4B, 0x13, 0xE7, 0xA1, 0x5C, 0xCD, 0x0F, 0xF3,
    0x02, 0x4A, 0x06, 0xE4, 0x16, 0xC9, 0x56, 0x5C, 0x1B, 0xBA, 0x97, 0x1C, 0x4A, 0x17, 0xB8, 0xA7,
    0x90, 0x16, 0xB9, 0xEF, 0x43, 0xDE, 0xE3, 0x9D, 0xC9, 0x94, 0x4D, 0xC8, 0x5A, 0xA6, 0xB3, 0x19,
    0x05, 0xAF, 0x7F, 0x0A, 0x54, 0x2C, 0x43, 0x89, 0xBC, 0x1E, 0x20, 0x5D, 0x15, 0x8B, 0xDA, 0x6D,
    0x15, 0x0E, 0x66, 0xAD, 0x28, 0x46, 0x5A, 0x6A, 0x4D, 0xF4, 0x2F, 0x7C, 0x47, 0xDD, 0xAB, 0xE0,
    0xEC, 0xFC, 0x70, 0x4C, 0x26, 0xDA, 0x88, 0xA9, 0xB3, 0x36, 0xEE, 0x99, 0x17, 0xC9, 0xA6, 0xC0,
    0x54, 0xD9, 0x60, 0xA5, 0x99, 0x7F, 0x05, 0x49, 0x41, 0xCE, 0x17, 0xA3, 0x64, 0xCA, 0x4B, 0x49,
    0x4B, 0x35, 0xC3, 0xF3, 0x66, 0x36, 0x67, 0x5F, 0x2C, 0xFD, 0xC5, 0x15, 0xFD, 0x24, 0x0C, 0x23,
    0x4D, 0xD4, 0xD9, 0xBC, 0x69, 0x9B, 0x1E, 0xBE, 0xE4, 0x9F, 0xF7, 0x25, 0x7F, 0xD1, 0xA4, 0x52,
    0x73, 0xCA, 0xAB, 0x17, 0xEC, 0x94, 0x41, 0x88, 0x0A, 0x80, 0x6D, 0xA1, 0x72, 0x02, 0x11, 0x20,
    0xF9, 0x4A, 0x20, 0xFB, 0x83, 0x40, 0x91, 0x0A, 0x1C, 0xD2, 0xB6, 0x09, 0x46, 0x81, 0xA8, 0x17,
    0x48, 0x3A, 0x81, 0xAC, 0x16, 0x40, 0x25, 0xB2, 0x39, 0x08, 0x58, 0xD4, 0xAE, 0xC4, 0xEF, 0xA7,
    0x50, 0x2A, 0x81, 0x1A, 0x00, 0x1E, 0x04, 0xA5, 0xF9, 0xB9, 0x89, 0x3B, 0x73, 0x01, 0x78, 0x82,
    0xF2, 0x97, 0x24, 0x7E, 0x33, 0x5F, 0x38, 0x21, 0xCF, 0x48, 0x16, 0x73, 0xEB, 0xCF, 0x87, 0xD8,
    0x1A, 0x54, 0xAE, 0xA4, 0x9D, 0xB1, 0x28, 0x39, 0x5A, 0x54, 0x1C, 0x2D, 0xEC, 0x86, 0x05, 0xD3,
    0x2C, 0xAE, 0xC1, 0x82, 0xCD, 0xB4, 0xC5, 0x56, 0x13, 0x41, 0xB4, 0xC0, 0x7F, 0xDF, 0x25, 0x47,
    0x67, 0xB9, 0x3F, 0x8B, 0xEC, 0x47, 0x75, 0xDB, 0xEB, 0x7B, 0x45, 0x3D, 0x6E, 0x61, 0x65, 0xA7,
    0x3D, 0xB4, 0xD2, 0x27, 0x23, 0xD4, 0x2B, 0xE4, 0xE5, 0x0A, 0xF4, 0x17, 0x37, 0xE0, 0x12, 0x70,
    0x00, 0x4C, 0x02, 0x1F, 0x01, 0x0A, 0xA4, 0x7A, 0x15, 0x8A, 0xF2, 0x8D, 0x98, 0xDB, 0xC9, 0xD2,
    0x7E, 0xDB, 0x96, 0x27, 0xE9, 0x84, 0x49, 0xC8, 0x8A, 0x71, 0xA0, 0x41, 0xEE, 0xDA, 0x1C, 0xE4,
    0xF8, 0x57, 0xE6, 0x20, 0x2B, 0x14, 0xE6, 0x70, 0x69, 0x0A, 0xC1, 0xC2, 0x5C, 0x08, 0xE6, 0xA5,
    0x04, 0x05, 0x4D, 0xDA, 0x8A, 0x79, 0x6B, 0x92, 0x2F, 0x25, 0x90, 0x68, 0xA2, 0xAF, 0x8F, 0xC0,
    0x6F, 0x45, 0x2D, 0x9B, 0x00, 0xF1, 0x45, 0x63, 0x90, 0xF3, 0x36, 0xF4, 0x64, 0x8D, 0x39, 0x27,
    0x9A, 0x0D, 0xD7, 0x3B, 0x7A, 0x2D, 0x38, 0xB5, 0x57, 0x2B, 0xBC, 0xE9, 0x30, 0xDA, 0x70, 0xAF,
    0xF6, 0x33, 0xD5, 0xBE, 0x16, 0xAD, 0xAD, 0x8E, 0x89, 0x9C, 0x68, 0x40, 0xCE, 0x39, 0x31, 0xFD,
    0x44, 0xB1, 0x93, 0x79, 0xD5, 0x72, 0x13, 0x5A, 0xCD, 0xB7, 0x83, 0x09, 0x2F, 0x9D, 0x26, 0x51,
    0xFB, 0x64, 0xE0, 0x04, 0x9C, 0x4A, 0x27, 0x0D, 0xE9, 0x3C, 0xE4, 0xCF, 0x1D, 0xF8, 0x24, 0xF7,
    0xBD, 0xC2, 0x21, 0x90, 0x85, 0x0E, 0x99, 0x48, 0x40, 0x23, 0x8B, 0x18, 0x3B, 0x06, 0xB2, 0x50,
    0xAB, 0xE2, 0x9D, 0x1E, 0x01, 0x78, 0xB5, 0xCA, 0xF7, 0xAB, 0xF1, 0x75, 0x48, 0x36, 0x60, 0xBF,
    0xBC, 0x13, 0x87, 0x25, 0xAE, 0x6B, 0x10, 0x75, 0x66, 0xCA, 0x68, 0xA1, 0xF6, 0xF6, 0x0C, 0xAE,
    0x61, 0x53, 0xFC, 0x37, 0x00, 0x03, 0x7F, 0xB8, 0x31, 0xB6, 0x8C, 0x5C, 0x79, 0x5F, 0x8B, 0x5D,
    0xAC, 0x75, 0x65, 0x9D, 0xAF, 0x77, 0xAB, 0xED, 0xBC, 0x09, 0xED, 0x66, 0x4F, 0x7B, 0xAD, 0x5E,
    0x05, 0x22, 0x75, 0x65, 0x56, 0xAE, 0xF6, 0x14, 0xB1, 0x8E, 0x68, 0x37, 0x0C, 0x7D, 0xEB, 0xB6,
    0x8B, 0xD7, 0xF0, 0xE8, 0x3D, 0x43, 0x65, 0xB4, 0xFC, 0x12, 0x8D, 0x39, 0x7C, 0x00, 0xBC, 0x41,
    0x8F, 0x17, 0x99, 0x1D, 0x5E, 0x6A, 0xB6, 0x7C, 0x8B, 0x85, 0x97, 0x14, 0xA5, 0x61, 0xC8, 0xD5,
    0x88, 0x3A, 0x19, 0x1A, 0xF0, 0xA2, 0x44, 0x15, 0xFC, 0xF7, 0x08, 0x7A, 0xBF, 0x94, 0x69, 0x92,
    0x7F, 0xA0, 0x4C, 0xFE, 0x35, 0xDE, 0x89, 0xFE, 0xB7, 0x43, 0x38, 0xDC, 0xF2, 0xA5, 0x89, 0x61,
    0xB8, 0xE6, 0xE3, 0x96, 0x86, 0x6F, 0xDA, 0xD6, 0xF4, 0x9F, 0x3B, 0x60, 0xD1, 0x17, 0x7D, 0x33,
    0xD8, 0xB1, 0x6C, 0x30, 0xBB, 0x97, 0x51, 0x77, 0x24, 0xC9, 0x58, 0xDD, 0x7B, 0xCE, 0xE0, 0xC8,
    0x32, 0xC0, 0x80, 0x4F, 0x89, 0x66, 0x89, 0x89, 0xB3, 0x5E, 0x12, 0x2A, 0x71, 0x14, 0x23, 0x4B,
    0x4F, 0x21, 0x8A, 0xC3, 0xAC, 0x39, 0x79, 0x52, 0xEF, 0xAA, 0x4C, 0x37, 0x89, 0x76, 0xC9, 0xB5,
    0x56, 0x85, 0x98, 0x4E, 0xD4, 0x21, 0xA5, 0x97, 0x1B, 0x62, 0x4C, 0x9D, 0xF7, 0x21, 0x17, 0x6A,
    0xD7, 0x0A, 0xD4, 0x3D, 0xD9, 0xC4, 0xF0, 0xAE, 0x47, 0x91, 0xF5, 0xB2, 0x0E, 0x9B, 0x45, 0x84,
    0x0A, 0xD7, 0x06, 0x63, 0xBA, 0xC0, 0x67, 0x55, 0x78, 0x11, 0x99, 0xFF, 0x1D, 0xCC, 0xFB, 0x06,
    0x25, 0x6E, 0xE4, 0xA1, 0xA8, 0x7E, 0xC2, 0x6A, 0x81, 0xA1, 0x28, 0x1E, 0x7E, 0x2E, 0x5F, 0x54,
    0x90, 0xAF, 0x39, 0x82, 0xB9, 0x43, 0x6D, 0xAB, 0x47, 0x45, 0x4B, 0x9C, 0x65, 0x29, 0x4A, 0x9D,
    0xA3, 0x3A, 0x48, 0xA5, 0xD1, 0x88, 0xE9, 0xBD, 0x02, 0x0A, 0x32, 0x27, 0xB8, 0xA5, 0xDA, 0x32,
    0xDD, 0x02, 0x38, 0x73, 0xF5, 0xAA, 0x8F, 0x5C, 0x43, 0x95, 0x0F, 0x81, 0x45, 0xE0, 0x0D, 0x7E,
    0x9B, 0x5F, 0xBD, 0xB0, 0x9E, 0x55, 0xB7, 0x7E, 0xAC, 0xBE, 0x84, 0xFD, 0xE0, 0xC4, 0x6D, 0x2A,
    0xBB, 0x23, 0xDF, 0xE7, 0x5E, 0x16, 0x25, 0xCE, 0x93, 0xDB, 0xE4, 0xED, 0xF2, 0xF5, 0xC4, 0x68,
    0x32, 0xA9, 0x48, 0x77, 0xFE, 0x8A, 0xD2, 0xDE, 0xF2, 0x97, 0x92, 0xFF, 0x33, 0x31, 0xEB, 0x7F,
    0x4E, 0xD4, 0x78, 0x5E, 0x75, 0x40, 0x11, 0xC9, 0x90, 0x2F, 0xF0, 0x42, 0xBE, 0xCC, 0xDB, 0xDA,
    0x09, 0x31, 0x17, 0xAF, 0xBC, 0x5C, 0x39, 0xF8, 0x2D, 0xB5, 0x82, 0xEE, 0x0B, 0xDA, 0x5B, 0xFD,
    0xCF, 0x99, 0xD7, 0xE2, 0xE3, 0x4F, 0x80, 0x32, 0x12, 0xE8, 0x3A, 0x3C, 0xCF, 0x7B, 0x60, 0x3C,
    0x00, 0xC3, 0x91, 0x38, 0x9D, 0x30, 0xE2, 0x93, 0x0C, 0x7D, 0xAE, 0xDC, 0x91, 0xA3, 0x4A, 0xE0,
    0x53, 0x3F, 0xE7, 0x77, 0x7E, 0x1E, 0x7F, 0xC6, 0xCC, 0x0F, 0x89, 0x85, 0x84, 0x54, 0x93, 0xD5,
    0x77, 0x54, 0x78, 0x13, 0x65, 0x91, 0xAD, 0x68, 0x3B, 0x9E, 0xEC, 0x5F, 0xDD, 0x88, 0x9D, 0x58,
    0xF7, 0x5C, 0x3C, 0xC6, 0x53, 0x26, 0x0A, 0x34, 0x4E, 0x9D, 0xB9, 0xAF, 0xF5, 0x01, 0xC6, 0xA5,
    0xC1, 0x29, 0x2E, 0x95, 0x0B, 0x79, 0xF0, 0xC0, 0x6A, 0x94, 0x6E, 0xFC, 0x6D, 0x55, 0x66, 0x6F,
    0x43, 0xD9, 0x59, 0x86, 0x5D, 0xC0, 0x60, 0x5A, 0x1F, 0xE2, 0x1A, 0x46, 0xE0, 0xD8, 0x5B, 0xA2,
    0xAE, 0xCC, 0xC2, 0xAD, 0x21, 0xA4, 0x46, 0x0E, 0x95, 0x8C, 0x70, 0x77, 0xA8, 0xF0, 0x57, 0xE2,
    0x4F, 0xC5, 0xAC, 0xE5, 0x2D, 0xE3, 0xB3, 0xB4, 0xB3, 0x46, 0x9D, 0x27, 0xB8, 0x8D, 0x83, 0xCF,
    0xC6, 0x73, 0x90, 0x0C, 0x68, 0xD4, 0xB1, 0x7A, 0xE7, 0xE9, 0x07, 0xF8, 0xE1, 0x99, 0x4E, 0xE6,
    0xA7, 0x8E, 0x10, 0x9D, 0x6D, 0xCB, 0x72, 0x13, 0x88, 0x94, 0x5B, 0xBA, 0xB4, 0xC8, 0x3D, 0xB3,
    0x6D, 0x82, 0x57, 0xB2, 0x62, 0x7E, 0x04, 0xBA, 0x0D, 0xF0, 0x67, 0x8C, 0x2F, 0x42, 0xF7, 0xE7,
    0x87, 0xAD, 0x26, 0x75, 0x29, 0xA1, 0x43, 0xA5, 0xBF, 0x65, 0x34, 0x29, 0x2E, 0x68, 0xC6, 0x3F,
    0x74, 0x70, 0x82, 0x1E, 0xFF, 0x57, 0x85, 0xB1, 0x55, 0x8D, 0xF8, 0xE6, 0x42, 0x7E, 0xC5, 0xAC,
    0x39, 0x0F, 0x17, 0x9B, 0xB4, 0xDE, 0xF8, 0xF9, 0x00, 0xE9, 0xCF, 0xFF, 0x00, 0xDD, 0x5B, 0xBD,
    0x93, 0xDD, 0x56, 0x15, 0x3F, 0x92, 0xE2, 0x95, 0xB3, 0x22, 0x11, 0x05, 0xCC, 0x84, 0x71, 0x36,
    0x6A, 0x52, 0x98, 0x19, 0xB3, 0x6A, 0x52, 0xB8, 0xF0, 0xEE, 0x15, 0xA4, 0x48, 0xC1, 0x30, 0x76,
    0x81, 0x87, 0x82, 0x26, 0x05, 0x05, 0xDD, 0xBA, 0xA0, 0x70, 0x61, 0x56, 0x32, 0xFC, 0x01, 0xEC,
    0x30, 0x43, 0x8D, 0xEB, 0x34, 0x50, 0x50, 0x7A, 0x9F, 0x64, 0x37, 0x94, 0x88, 0xC0, 0x4C, 0x5A,
    0x11, 0x9B, 0x49, 0x41, 0x11, 0x65, 0x46, 0x19, 0x14, 0x5B, 0xEF, 0x5D, 0x7E, 0xE7, 0xDC, 0x2B,
    0xE9, 0xB1, 0x1F, 0x61, 0xED, 0x90, 0x7D, 0x4F, 0xFB, 0xDE, 0xCC, 0x79, 0x6F, 0x57, 0x57, 0x57,
    0xE7, 0x9E, 0xDF, 0x3D, 0x9F, 0xF7, 0x3C, 0xA2, 0xB8, 0x24, 0xBC, 0x54, 0xCD, 0x34, 0x15, 0x7A,
    0xD8, 0x30, 0xED, 0x3A, 0x10, 0xA7, 0x61, 0xEA, 0xD6, 0x87, 0xA0, 0x5E, 0x9D, 0x82, 0xFA, 0x95,
    0x02, 0x0D, 0xCA, 0x38, 0x21, 0x0A, 0x8B, 0xA8, 0x20, 0x8A, 0x8A, 0x10, 0x34, 0xCE, 0x42, 0x4C,
    0xA4, 0x28, 0xC0, 0x14, 0x29, 0xF9, 0xA0, 0x33, 0xF2, 0x30, 0xD1, 0x9C, 0xDC, 0x8E, 0x1C, 0xAD,
    0x75, 0x47, 0x2E, 0xE8, 0x9C, 0xBC, 0xC5, 0x07, 0x1F, 0x68, 0x19, 0x90, 0x52, 0x50, 0xE1, 0x96,
    0x44, 0x6E, 0xB4, 0x53, 0xC5, 0xA0, 0x61, 0xA9, 0x78, 0x72, 0x79, 0x5C, 0x50, 0xE7, 0xFC, 0x68,
    0xE1, 0xE8, 0xE4, 0xD7, 0x25, 0xA1, 0x7C, 0x1F, 0x66, 0xA9, 0x84, 0xCA, 0x8A, 0xC2, 0x0C, 0xE4,
    0xCA, 0x22, 0xE1, 0xC7, 0x56, 0x14, 0x6B, 0xDD, 0x52, 0x54, 0xFA, 0x1D, 0xBD, 0x4A, 0xB4, 0xE0,
    0xEB, 0xB9, 0x2C, 0xD8, 0x12, 0x27, 0xD7, 0xF8, 0xD4, 0xE0, 0x6B, 0x91, 0xA4, 0x18, 0x87, 0xFF,
    0x29, 0xBE, 0x30, 0x1B, 0x48, 0x8E, 0x45, 0x50, 0x9A, 0x05, 0x9A, 0x94, 0xD6, 0x29, 0x85, 0xBA,
    0x55, 0xB8, 0x2B, 0x53, 0x27, 0x33, 0xE5, 0x24, 0x2C, 0x2A, 0xE6, 0x3A, 0x6C, 0x79, 0x15, 0x4C,
    0x3C, 0x61, 0x6E, 0x37, 0x91, 0x47, 0xCA, 0x77, 0xDF, 0x2C, 0xAB, 0x95, 0x3B, 0xE4, 0x7B, 0x20,
    0xFF, 0x0F, 0x93, 0xA3, 0xF3, 0x4D, 0x04, 0x24, 0xFF, 0x80, 0xFF, 0x9A, 0x33, 0x4F, 0x22, 0xDE,
    0x28, 0xE9, 0x57, 0xC3, 0xFC, 0x38, 0x7C, 0x81, 0x0E, 0x8E, 0x4B, 0xEB, 0x9C, 0x50, 0xDA, 0xA0,
    0x81, 0x27, 0xDA, 0x67, 0xA1, 0xFE, 0x95, 0x65, 0x98, 0x7F, 0x8E, 0x95, 0xB9, 0xED, 0x7C, 0x10,
    0x98, 0x8F, 0xF7, 0x34, 0xC5, 0x8F, 0xD7, 0xFB, 0xFD, 0x86, 0xF2, 0x98, 0xCD, 0xA0, 0x20, 0x6F,
    0x8E, 0x05, 0x87, 0xFA, 0x47, 0xB8, 0xFD, 0x37, 0x98, 0x63, 0xCE, 0xC3, 0x6A, 0xFA, 0x13, 0x0F,
    0xFB, 0xE6, 0x2A, 0x80, 0x10, 0xCD, 0x20, 0x4F, 0x04, 0xEA, 0x88, 0x28, 0xE9, 0x9E, 0x88, 0xF7,
    0xCD, 0x9C, 0x17, 0x70, 0x21, 0x80, 0xB8, 0x4C, 0x76, 0xC7, 0x13, 0x8F, 0x93, 0xDB, 0xC9, 0x69,
    0xD9, 0x2C, 0xDD, 0xD5, 0x78, 0x8A, 0xC7, 0x6B, 0x94, 0xFB, 0x42, 0x0A, 0x58, 0x1C, 0xCE, 0x71,
    0xFB, 0x91, 0x3F, 0x05, 0x97, 0x7A, 0x21, 0x6C, 0x64, 0x50, 0x9C, 0xB4, 0x80, 0xE2, 0x84, 0x95,
    0x3C, 0xA4, 0x9F, 0x92, 0xC9, 0x15, 0x5D, 0x93, 0xAF, 0x41, 0xD2, 0xA7, 0x7E, 0x8D, 0x71, 0x7E,
    0x0D, 0xE0, 0xFD, 0x1A, 0xBC, 0xF6, 0xA4, 0xA6, 0xA8, 0xF6, 0x5B, 0xCA, 0x6B, 0x4F, 0xEB, 0x7F,
    0xD7, 0xA4, 0xF5, 0xAF, 0x6B, 0xBA, 0xD2, 0xCA, 0xF6, 0x70, 0x45, 0x17, 0xFD, 0x8E, 0x06, 0x6C,
    0x29, 0x12, 0x21, 0xEF, 0x32, 0xE0, 0x2C, 0x4D, 0xC0, 0x71, 0x70, 0x11, 0xF4, 0x62, 0x57, 0x38,
    0x2C, 0x7B, 0xBD, 0x70, 0x6B, 0xE8, 0x45, 0x50, 0x62, 0x5B, 0xDE, 0x4C, 0x48, 0xDD, 0xC4, 0x4C,
    0x9D, 0x0B, 0xA5, 0x79, 0x40, 0x77, 0x56, 0x65, 0x9B, 0x98, 0xB3, 0xD6, 0xE5, 0x05, 0xE8, 0x77,
    0x59, 0x22, 0x57, 0x34, 0xE8, 0x16, 0x6E, 0x38, 0x22, 0xEB, 0x8B, 0xA3, 0x24, 0xA4, 0xB2, 0xAB,
    0x44, 0xBA, 0xB9, 0x4B, 0xCE, 0x67, 0xD0, 0x0A, 0xA7, 0x8C, 0x2A, 0xCB, 0xBF, 0xCB, 0x1C, 0x86,
    0x1A, 0x77, 0xA8, 0xDF, 0xB3, 0xC9, 0x72, 0x9B, 0x15, 0x42, 0x63, 0x42, 0x8A, 0x65, 0xB1, 0x57,
    0xBC, 0x96, 0x28, 0x81, 0x6D, 0xA5, 0xD7, 0xC8, 0xCD, 0x26, 0xEB, 0x2A, 0x5E, 0x22, 0x9C, 0xF2,
    0x44, 0x00, 0xBC, 0x29, 0xE3, 0x4F, 0x31, 0x22, 0x0D, 0xAC, 0xE6, 0x40, 0xA9, 0x0E, 0x09, 0xBB,
    0xF7, 0xCD, 0x15, 0xAA, 0xCF, 0x59, 0x03, 0x30, 0xFB, 0xBA, 0x2E, 0x74, 0x26, 0x63, 0xC5, 0x00,
    0x8A, 0x49, 0x7D, 0x23, 0x7C, 0x84, 0x75, 0x6E, 0xBB, 0x1E, 0xCB, 0x8D, 0xDD, 0x27, 0xA0, 0xD9,
    0xC3, 0x54, 0xAE, 0x16, 0x96, 0xF7, 0xAA, 0xA9, 0x5A, 0x40, 0x89, 0x7D, 0xF8, 0x49, 0x78, 0x94,
    0x09, 0x7F, 0x9C, 0xA4, 0x7D, 0x95, 0xBC, 0x47, 0xF5, 0x36, 0x3B, 0xE3, 0x1D, 0x36, 0x89, 0x0F,
    0x01, 0xCC, 0x7B, 0x18, 0xAB, 0x34, 0xA6, 0xF4, 0x17, 0xB4, 0x4A, 0x30, 0x45, 0xD0, 0x76, 0x9F,
    0x1A, 0xFF, 0x24, 0xD7, 0xDE, 0x08, 0xEF, 0x5F, 0x48, 0x7C, 0x36, 0xC6, 0x68, 0xB9, 0x8F, 0x18,
    0x9C, 0xEF, 0x37, 0xC0, 0xA7, 0xB8, 0xBB, 0x6E, 0xF8, 0x7C, 0x97, 0x46, 0xA3, 0xE0, 0x9B, 0x00,
    0xAE, 0x1E, 0x82, 0xB9, 0xAD, 0xF0, 0x43, 0xF0, 0xFF, 0xD6, 0xA6, 0xE0, 0x23, 0x26, 0x32, 0xA8,
    0x0C, 0x3E, 0xF3, 0x49, 0xE3, 0x23, 0xA6, 0xC3, 0x9F, 0x0F, 0x42, 0x8C, 0x2C, 0x71, 0xB3, 0xD9,
    0x16, 0x40, 0x6A, 0x7A, 0x90, 0x1A, 0xDE, 0xAC, 0xEB, 0xA2, 0x44, 0x08, 0x28, 0xCA, 0x3E, 0xA0,
    0x88, 0x24, 0xA0, 0xF8, 0xDE, 0x52, 0x40, 0xB1, 0xC5, 0x06, 0x1B, 0x6B, 0xF0, 0x65, 0xCD, 0x11,
    0xD4, 0xCA, 0x9B, 0xB8, 0x12, 0xD9, 0x80, 0xE2, 0x9E, 0x09, 0x28, 0xDC, 0x21, 0xA0, 0x70, 0x0A,
    0xBA, 0xCA, 0xFA, 0x73, 0xCF, 0xC6, 0x12, 0x29, 0x84, 0x4F, 0x1B, 0x2B, 0x82, 0xE6, 0x3B, 0x12,
    0x32, 0x60, 0xBF, 0x8C, 0x1A, 0xF2, 0x34, 0xBD, 0x08, 0x1E, 0xE6, 0x65, 0x02, 0x0A, 0x27, 0x83,
    0x3C, 0x20, 0x89, 0x6D, 0x56, 0xB0, 0x41, 0x7D, 0x7E, 0xBA, 0x26, 0x3E, 0xE8, 0x4C, 0x01, 0x85,
    0xE2, 0x04, 0x6D, 0x89, 0x0C, 0xAE, 0xEA, 0x2C, 0x84, 0x97, 0xB0, 0x44, 0x5E, 0xE8, 0x5E, 0x3B,
    0x81, 0x2E, 0x46, 0x72, 0x32, 0xE7, 0xB7, 0xFA, 0xD2, 0x8B, 0xC7, 0x52, 0x72, 0x17, 0x7D, 0x85,
    0xC0, 0xD5, 0x07, 0x9C, 0x63, 0x42, 0xE2, 0xB8, 0x97, 0x43, 0xBB, 0xB4, 0xC0, 0xE6, 0x08, 0x4B,
    0xC0, 0xED, 0x57, 0x40, 0xDB, 0xAB, 0x11, 0x2A, 0x78, 0xB5, 0xFA, 0xDD, 0xED, 0x9F, 0xD4, 0x3C,
    0xBD, 0x25, 0x52, 0xCD, 0xC9, 0x7A, 0x48, 0x4D, 0x4A, 0xDA, 0x98, 0xD9, 0xFD, 0x8C, 0x84, 0x0D,
    0x40, 0x93, 0x40, 0xB8, 0x4F, 0x4F, 0xD9, 0x11, 0xDF, 0x62, 0x22, 0x86, 0x88, 0x63, 0x7C, 0xF3,
    0xED, 0x97, 0xB2, 0x75, 0x79, 0xAE, 0xC5, 0x68, 0x64, 0x93, 0xDE, 0xD2, 0x2E, 0x86, 0x02, 0x59,
    0xFF, 0x5A, 0x2B, 0xB1, 0xBB, 0x4F, 0x45, 0x9C, 0xCC, 0xE4, 0x5E, 0x21, 0xDA, 0xC7, 0xAB, 0x29,
    0x7B, 0x6F, 0x2E, 0xFB, 0xF2, 0x67, 0xC7, 0xE5, 0x70, 0x1E, 0x00, 0xFC, 0x98, 0x2F, 0xE8, 0x0C,
    0x96, 0x46, 0x37, 0x51, 0x12, 0x3E, 0xD2, 0x39, 0xAC, 0x4E, 0x3A, 0xA7, 0x4D, 0x73, 0xCF, 0x5A,
    0x8A, 0xF3, 0x92, 0x49, 0xD6, 0xBD, 0xC2, 0xD1, 0xAD, 0x5F, 0xB8, 0xF5, 0x2C, 0x2C, 0xBC, 0x32,
    0xD6, 0x89, 0x57, 0xC0, 0x20, 0x40, 0x0F, 0x6F, 0xAD, 0x44, 0x92, 0x56, 0x93, 0xD8, 0x81, 0x30,
    0xC0, 0x6E, 0x17, 0x73, 0x5D, 0x0D, 0x19, 0x8F, 0xBA, 0x89, 0xBB, 0x3B, 0xAE, 0x2B, 0xFC, 0x11,
    0xEF, 0x35, 0x95, 0x29, 0xC7, 0xCE, 0xD4, 0x17, 0x42, 0x8C, 0xCF, 0x80, 0xB0, 0xE0, 0xFB, 0x3D,
    0xFD, 0x67, 0xAC, 0xE3, 0x23, 0x36, 0xB9, 0xF0, 0x05, 0x74, 0x83, 0xAE, 0xF1, 0x88, 0x57, 0x56,
    0x21, 0xE2, 0xB7, 0xA5, 0x18, 0x28, 0xDE, 0x42, 0x6A, 0xE1, 0x8F, 0xB9, 0x00, 0xF5, 0x17, 0x56,
    0xAB, 0x29, 0x88, 0x78, 0xA9, 0xE8, 0x97, 0xF5, 0xC6, 0xCC, 0x69, 0x15, 0x18, 0xFF, 0x85, 0x06,
    0xE3, 0xDE, 0xE7, 0x5C, 0xF4, 0x2B, 0x4C, 0xD1, 0x8F, 0x4E, 0x2C, 0xFA, 0x11, 0x17, 0xFD, 0x02,
    0x48, 0x97, 0xA7, 0x2E, 0x60, 0x1C, 0xA3, 0x1A, 0xBE, 0xD9, 0x6B, 0xE0, 0x5D, 0x9D, 0x96, 0x1D,
    0x72, 0x27, 0xF9, 0x76, 0xF8, 0xCF, 0xDB, 0xB7, 0xBB, 0x90, 0x3D, 0xB6, 0x21, 0xE5, 0x20, 0xD8,
    0x5A, 0x82, 0x3E, 0x06, 0x4B, 0x22, 0x55, 0x9D, 0x39, 0x15, 0x4F, 0x55, 0xF3, 0xA4, 0x18, 0x95,
    0x7E, 0x41, 0x7D, 0xFC, 0x9E, 0x16, 0x3D, 0x8B, 0x6E, 0x85, 0xAD, 0xEC, 0x71, 0x29, 0x0C, 0x6C,
    0xAB, 0x9B, 0x7F, 0x9F, 0xC2, 0x56, 0x16, 0x01, 0x47, 0xF5, 0x70, 0x76, 0x02, 0xA2, 0x7F, 0xC0,
    0x75, 0xD0, 0x8F, 0x0A, 0x8A, 0x78, 0x2B, 0xEF, 0x13, 0x02, 0xA2, 0x77, 0x4E, 0x28, 0x47, 0x9C,
    0x9B, 0xCF, 0x4B, 0xB3, 0x6B, 0xF8, 0x0B, 0xB1, 0xA8, 0xFB, 0x0F, 0x2C, 0xDA, 0x2B, 0x86, 0xE2,
    0x96, 0x67, 0x8A, 0x5B, 0xFF, 0xB5, 0xA9, 0xDF, 0xA7, 0x07, 0xEB, 0x2A, 0xEC, 0xA8, 0x44, 0x74,
    0xA5, 0xE6, 0xDB, 0x44, 0x77, 0x53, 0x70, 0x7E, 0x67, 0xF4, 0x1A, 0x5A, 0x3C, 0x0B, 0x07, 0x85,
    0x9F, 0x70, 0x4C, 0xCD, 0xC6, 0x63, 0x55, 0x12, 0x97, 0xB2, 0x94, 0x2D, 0x18, 0x62, 0xF8, 0x21,
    0x64, 0x2A, 0xA1, 0x24, 0x02, 0xFF, 0xEB, 0x6B, 0x6C, 0x90, 0xCF, 0x1E, 0xAA, 0x8D, 0xC2, 0x0E,
    0xD8, 0x96, 0xC4, 0x8F, 0x5B, 0x96, 0xF8, 0x21, 0x5F, 0x84, 0x17, 0x7A, 0x00, 0x6F, 0xBE, 0xB2,
    0x8D, 0x7E, 0xC6, 0xE0, 0x6E, 0x37, 0x51, 0xF5, 0x46, 0x0B, 0x4C, 0xDA, 0xA0, 0x96, 0x52, 0x22,
    0x6C, 0xE1, 0xCB, 0xBD, 0x61, 0x26, 0x93, 0xBC, 0xF2, 0x6B, 0xA7, 0x71, 0x9A, 0xA0, 0x8E, 0xB2,
    0xDE, 0x55, 0xC5, 0xC5, 0xD9, 0xDE, 0x8A, 0x5E, 0xEE, 0x3D, 0xE6, 0x33, 0x69, 0x92, 0x17, 0x79,
    0x16, 0xE3, 0x1B, 0x66, 0x2B, 0x95, 0xE4, 0xCE, 0x2F, 0xC6, 0xC3, 0x38, 0x97, 0x1A, 0x66, 0xD8,
    0xFB, 0x42, 0x6A, 0xAB, 0x9C, 0x9B, 0xA6, 0x9C, 0x8D, 0x39, 0xBA, 0x0C, 0x04, 0x39, 0xCA, 0x8B,
    0x10, 0x18, 0xC4, 0x15, 0xDB, 0x90, 0xB0, 0xE6, 0xBB, 0xBD, 0x96, 0x41, 0xF2, 0x3A, 0x4E, 0x1C,
    0x9D, 0x2E, 0x97, 0x5D, 0x23, 0x51, 0xA6, 0xA1, 0x0B, 0xBD, 0x44, 0xF3, 0x91, 0xCE, 0x53, 0x19,
    0x29, 0xE9, 0x66, 0x67, 0x66, 0xE0, 0xD9, 0xFC, 0x26, 0x94, 0x99, 0x03, 0x79, 0x0A, 0x6F, 0xBD,
    0xBC, 0x30, 0x4F, 0xE7, 0x5D, 0xDB, 0xF5, 0x5C, 0x19, 0x0E, 0x4F, 0x7D, 0x99, 0x83, 0xBD, 0x50,
    0xAC, 0xB2, 0xB1, 0xCD, 0xE6, 0xBB, 0x04, 0xC3, 0x76, 0x3B, 0xCE, 0x65, 0x3B, 0x66, 0x78, 0x44,
    0x5A, 0x21, 0x83, 0x0A, 0x1B, 0x0C, 0xF1, 0x3A, 0x6C, 0x47, 0xA7, 0x63, 0x47, 0x39, 0x67, 0x9E,
    0x16, 0x47, 0x09, 0x5F, 0x90, 0x21, 0xE0, 0xD2, 0xEB, 0xC0, 0x64, 0xD0, 0xC8, 0x04, 0x32, 0x95,
    0x99, 0x54, 0xA6, 0x3F, 0x7D, 0x3B, 0xE6, 0xC6, 0x1B, 0xF6, 0x7B, 0x52, 0x62, 0xA0, 0x58, 0xD8,
    0x55, 0xCD, 0x70, 0xE0, 0x40, 0x5C, 0x5F, 0xEB, 0xA9, 0xDB, 0x8E, 0xA7, 0xF1, 0x97, 0x96, 0xA6,
    0x9B, 0x08, 0x48, 0x0E, 0xB3, 0xEF, 0xC8, 0x62, 0xF7, 0xCA, 0xDE, 0xD3, 0x4B, 0x0D, 0x4B, 0xD0,
    0x10, 0x35, 0xBF, 0x7E, 0x6A, 0x42, 0x72, 0x3E, 0x28, 0xB9, 0x02, 0x40, 0x50, 0xF4, 0x16, 0x32,
    0xAC, 0x19, 0x05, 0xD5, 0x3D, 0x60, 0x69, 0xA5, 0xC2, 0x2F, 0x5F, 0x74, 0x12, 0x27, 0x99, 0x9A,
    0xF8, 0xF1, 0xBA, 0x3C, 0xD6, 0xAC, 0xD9, 0x4E, 0xDB, 0xF4, 0x35, 0x7F, 0x97, 0x7B, 0x0D, 0xF4,
    0x13, 0x4C, 0x1B, 0x3E, 0x69, 0x05, 0x09, 0x3E, 0x81, 0xD8, 0xA1, 0x6D, 0x3A, 0x39, 0xEA, 0x1E,
    0x50, 0x31, 0x12, 0x34, 0xC2, 0x34, 0x72, 0x15, 0x64, 0x48, 0xA0, 0x21, 0x11, 0x3C, 0x09, 0x06,
    0x62, 0xBE, 0x17, 0x27, 0x51, 0xB9, 0x6A, 0x46, 0x0A, 0x46, 0x24, 0x20, 0xD9, 0xD9, 0xCC, 0xCC,
    0xF6, 0x29, 0xCB, 0x40, 0x09, 0x3E, 0x6E, 0xBD, 0x54, 0x88, 0xDF, 0x15, 0xBD, 0x7E, 0x5D, 0x49,
    0xFD, 0x69, 0xDA, 0x48, 0xBD, 0x3D, 0xC0, 0xA3, 0x86, 0xF3, 0x11, 0xAF, 0xCE, 0x31, 0xE3, 0xC7,
    0x3C, 0x46, 0x30, 0x12, 0x88, 0x2C, 0x42, 0xAF, 0xAC, 0x48, 0x65, 0x5C, 0x63, 0xA6, 0xF4, 0x52,
    0x03, 0x4B, 0x28, 0x25, 0xB8, 0x48, 0x54, 0xE6, 0x50, 0x80, 0xB8, 0x35, 0x6D, 0x95, 0x09, 0x79,
    0xA5, 0x61, 0x33, 0x98, 0x60, 0x24, 0x82, 0xF9, 0x7D, 0x84, 0xCE, 0xFA, 0x09, 0x92, 0x93, 0x8F,
    0x19, 0x08, 0x3E, 0xB5, 0xBA, 0x4A, 0xDF, 0x58, 0xA1, 0xD9, 0x42, 0x5E, 0x55, 0x33, 0xDF, 0x1F,
    0xF2, 0xC2, 0xDE, 0xE3, 0x9C, 0x6A, 0x93, 0xD2, 0x51, 0xD6, 0xC6, 0xE1, 0xA5, 0x17, 0x40, 0x31,
    0xE0, 0xFA, 0x10, 0x53, 0xC6, 0x0B, 0xEC, 0xAF, 0x1B, 0x29, 0x78, 0xBB, 0xEB, 0xB7, 0x43, 0x92,
    0x2A, 0xC5, 0x6A, 0x3E, 0x58, 0xF8, 0xA4, 0xD7, 0x8E, 0xAB, 0xF4, 0xDA, 0x6A, 0x40, 0x89, 0x8E,
    0x09, 0xBC, 0x66, 0x1D, 0x0E, 0x33, 0xCE, 0xAA, 0x90, 0x60, 0x67, 0x13, 0xF4, 0x1C, 0x2F, 0x11,
    0x5D, 0x49, 0x58, 0x23, 0x98, 0xF8, 0xCF, 0xF1, 0xDF, 0xE8, 0x51, 0xC7, 0xDA, 0x92, 0xB2, 0xC1,
    0x46, 0x64, 0x79, 0xE7, 0x78, 0x87, 0xC8, 0x1A, 0xC6, 0x63, 0xF6, 0xE5, 0xCB, 0x3A, 0xA3, 0xD2,
    0x14, 0x29, 0x2E, 0x4B, 0x12, 0xB4, 0x2F, 0x49, 0x48, 0x2A, 0xF6, 0x19, 0x76, 0xDA, 0xED, 0xFD,
    0xEA, 0x8C, 0x85, 0x86, 0xD8, 0x2D, 0xE0, 0xD4, 0x45, 0x12, 0xAC, 0x84, 0x74, 0xE5, 0x6B, 0x32,
    0x42, 0xE6, 0x12, 0x7D, 0x54, 0xB1, 0x98, 0x82, 0x1E, 0xD6, 0x42, 0xA0, 0x49, 0xFA, 0xDD, 0xD2,
    0x03, 0xFA, 0xE5, 0xD4, 0x8C, 0x34, 0x77, 0xF1, 0x0C, 0x06, 0x56, 0xAF, 0xE5, 0x99, 0x01, 0x6B,
    0x3B, 0xC2, 0x6A, 0x9E, 0xFE, 0x25, 0xB0, 0x5E, 0x5D, 0xEA, 0xB4, 0xD2, 0x43, 0x35, 0xC0, 0x42,
    0x19, 0x97, 0x2E, 0x5F, 0x4C, 0x38, 0x19, 0x38, 0x94, 0xCE, 0xB1, 0x77, 0x8C, 0x47, 0xEA, 0xA9,
    0xEC, 0x66, 0x39, 0xBE, 0x17, 0x31, 0xE8, 0xDF, 0xCE, 0x19, 0x43, 0x4E, 0x08, 0x8F, 0x84, 0x05,
    0xF5, 0xD7, 0x1F, 0x16, 0x38, 0xE5, 0x78, 0x40, 0xCF, 0x5A, 0x04, 0xA4, 0xF2, 0x8C, 0x91, 0x82,
    0x1A, 0xA5, 0xD2, 0x65, 0xC5, 0x18, 0x65, 0x13, 0x45, 0xCA, 0x98, 0x33, 0x65, 0x52, 0x84, 0x62,
    0xD4, 0x39, 0x63, 0x05, 0x91, 0xA1, 0x8F, 0x48, 0xC5, 0x09, 0x23, 0xB5, 0xB9, 0x96, 0x48, 0x19,
    0x0E, 0xE2, 0x66, 0x6C, 0x72, 0x41, 0x2A, 0xBE, 0x25, 0x0E, 0x76, 0x26, 0x39, 0x4E, 0x2A, 0x39,
    0x8E, 0x12, 0x5B, 0x99, 0x4E, 0x12, 0x29, 0xD3, 0x53, 0xEC, 0x98, 0x82, 0x8A, 0x31, 0x1B, 0xA6,
    0xCD, 0xC7, 0xAB, 0x18, 0x23, 0x73, 0xB0, 0xAD, 0x32, 0xC6, 0x68, 0x67, 0x1D, 0x31, 0x72, 0x6E,
    0x71, 0x1B, 0x6E, 0x38, 0xE7, 0x70, 0x47, 0xE9, 0xAC, 0xDB, 0xA2, 0xFD, 0xE8, 0x79, 0x33, 0xA3,
    0x87, 0xAE, 0xAE, 0x53, 0xFA, 0x39, 0xED, 0xD9, 0xF3, 0xC8, 0xA9, 0xA1, 0x63, 0x92, 0xE6, 0xBC,
    0xF4, 0x0B, 0x2C, 0xB4, 0xE1, 0x3E, 0xE4, 0x6A, 0x11, 0xFD, 0x8A, 0xBC, 0x42, 0xE9, 0x28, 0xF3,
    0x8B, 0x00, 0x1E, 0x04, 0x97, 0x6E, 0xAD, 0xA9, 0x7D, 0x33, 0xD9, 0xDB, 0xFE, 0x92, 0xE4, 0xD5,
    0x12, 0x9D, 0x9E, 0xDF, 0x39, 0x2D, 0x9C, 0xA8, 0x46, 0xD3, 0x16, 0x2D, 0x85, 0x13, 0xE2, 0x63,
    0xFB, 0x3A, 0xBB, 0xE9, 0x61, 0x5E, 0x5F, 0x4F, 0x74, 0x5A, 0x90, 0x61, 0x03, 0x73, 0x09, 0x33,
    0xD8, 0x37, 0xD9, 0x40, 0x23, 0x15, 0xC3, 0xFE, 0x75, 0x53, 0x65, 0x28, 0x57, 0xA4, 0xC5, 0x8D,
    0xA4, 0xB2, 0xC6, 0x5C, 0xCA, 0xAA, 0x0B, 0xF6, 0x91, 0xB0, 0x5B, 0x08, 0x3B, 0xFD, 0x0E, 0xAB,
    0x4B, 0xF6, 0x6A, 0x69, 0xC0, 0x28, 0x05, 0x41, 0x0C, 0xDE, 0x38, 0xB5, 0xB8, 0x7A, 0x6C, 0x75,
    0xF9, 0xD2, 0xEA, 0x94, 0x39, 0x28, 0x57, 0xC9, 0x57, 0x21, 0x33, 0x26, 0x39, 0x47, 0xF9, 0x69,
    0xE2, 0xEA, 0x44, 0x95, 0x91, 0x4E, 0x80, 0x6C, 0x9C, 0x04, 0xBA, 0x8D, 0x13, 0x47, 0x1F, 0xC4,
    0xC9, 0x0B, 0xF6, 0x5B, 0x9A, 0x7D, 0x68, 0x0C, 0xF4, 0x95, 0x6A, 0xD9, 0x40, 0x8F, 0x7D, 0x21,
    0xBB, 0x47, 0x66, 0x9B, 0x16, 0x48, 0xE2, 0x76, 0xA2, 0x76, 0xF0, 0x46, 0xB2, 0x9A, 0x9D, 0xBE,
    0xAE, 0x28, 0xEB, 0x3C, 0xE1, 0xB0, 0xEF, 0x9C, 0xA0, 0x32, 0xA6, 0x4C, 0xFA, 0x2B, 0xD8, 0x4F,
    0xD2, 0x46, 0x26, 0x1D, 0xFF, 0xAC, 0xD4, 0x71, 0x25, 0xFA, 0x8C, 0x9D, 0xC4, 0x1F, 0x37, 0x7A,
    0xED, 0xB6, 0x6A, 0x0F, 0x41, 0x88, 0x98, 0x5A, 0xF3, 0x91, 0x59, 0x50, 0xCE, 0xE1, 0x43, 0xD9,
    0x0F, 0x01, 0xC6, 0x22, 0x63, 0xA1, 0xB1, 0xD8, 0x58, 0x70, 0x2C, 0x3A, 0x16, 0x9E, 0x1E, 0x1F,
    0x0B, 0xD0, 0x80, 0x90, 0x91, 0xBD, 0x5F, 0x8E, 0x91, 0xB6, 0x69, 0x40, 0xE2, 0x44, 0x96, 0x33,
    0xFA, 0x4D, 0xD9, 0xB8, 0x8A, 0x83, 0x05, 0xA6, 0x5E, 0xD2, 0xD7, 0x86, 0x97, 0x4C, 0xFE, 0xBE,
    0x2D, 0x13, 0x2F, 0xA4, 0x87, 0x49, 0xC4, 0xFF, 0x7F, 0xA0, 0x82, 0x20, 0x09, 0x84, 0x24, 0x18,
    0x92, 0x80, 0x48, 0x82, 0x22, 0x09, 0x8C, 0x64, 0x71, 0xB4, 0x45, 0x68, 0x53, 0xFB, 0x91, 0x05,
    0x00, 0x48, 0xF1, 0x34, 0xB0, 0x97, 0x0B, 0x03, 0x9D, 0x32, 0x40, 0x06, 0x17, 0x14, 0xC8, 0x6C,
    0xAC, 0x44, 0x9A, 0x38, 0xDC, 0x9C, 0x72, 0x1B, 0x1C, 0x79, 0xBE, 0x4D, 0x39, 0x02, 0x57, 0x52,
    0x2E, 0x53, 0xF2, 0x4B, 0xB3, 0x35, 0x04, 0xD2, 0xDA, 0x43, 0x6B, 0x10, 0x39, 0xFC, 0x66, 0x8D,
    0x44, 0xBE, 0xC4, 0x1A, 0xE9, 0x19, 0x8D, 0xC4, 0x5A, 0xF8, 0x63, 0xF7, 0x82, 0x02, 0xF9, 0x96,
    0x09, 0x2B, 0x24, 0x2D, 0xD9, 0xE8, 0x96, 0x42, 0xAD, 0x1D, 0x39, 0xC8, 0x7C, 0xC8, 0xCF, 0xF0,
    0xE5, 0x8C, 0xD5, 0xCB, 0xD6, 0x11, 0xC2, 0x6F, 0x13, 0x31, 0x53, 0x69, 0xE3, 0xD6, 0x2E, 0x6E,
    0x5F, 0x78, 0x55, 0x58, 0xB8, 0xB5, 0xFA, 0xB4, 0xC4, 0x47, 0x15, 0xE8, 0x2C, 0x2C, 0x9C, 0x03,
    0x67, 0x36, 0x60, 0x57, 0x5C, 0x28, 0x6B, 0x4A, 0xA6, 0x11, 0x7A, 0x47, 0x0E, 0xDC, 0xE1, 0x33,
    0xE2, 0x1F, 0x96, 0x0F, 0x37, 0x68, 0xD7, 0x7D, 0xD6, 0x2A, 0xFC, 0x33, 0xAF, 0x15, 0x5D, 0x43,
    0x64, 0xB8, 0x8E, 0x8A, 0x37, 0xBE, 0x36, 0xB2, 0x65, 0x64, 0xC2, 0x93, 0x3E, 0x2E, 0x98, 0x0F,
    0xFC, 0xDF, 0xF1, 0x64, 0x5F, 0xC7, 0xCE, 0xB3, 0xE5, 0x8F, 0xE1, 0xD8, 0x7B, 0xF3, 0x58, 0x16,
    0xB4, 0xDE, 0x10, 0x1F, 0xEF, 0xAB, 0x30, 0x9D, 0x51, 0xF6, 0xD7, 0x8E, 0x86, 0xDA, 0x63, 0x15,
    0x1A, 0x73, 0x1A, 0x5B, 0xE6, 0xE9, 0xC6, 0x0A, 0x9D, 0x8D, 0x50, 0xFD, 0x23, 0xD3, 0x73, 0xB2,
    0xA2, 0x32, 0x8E, 0xFC, 0x52, 0x49, 0xA3, 0x16, 0xD2, 0x31, 0x3D, 0xE7, 0x87, 0x70, 0x3F, 0x75,
    0x27, 0xA5, 0xB1, 0x85, 0xED, 0xB6, 0x96, 0x06, 0xEA, 0xC4, 0x34, 0x50, 0x4B, 0xEB, 0x74, 0x69,
    0x5A, 0xA7, 0xA5, 0xD3, 0xE3, 0x33, 0xE9, 0xC6, 0x7B, 0x26, 0xAC, 0xE8, 0xDA, 0x64, 0xCD, 0x63,
    0xDD, 0x49, 0x65, 0x5F, 0x95, 0x9A, 0x5E, 0xFF, 0xA1, 0x33, 0xBA, 0xE8, 0xA3, 0x20, 0x23, 0x8E,
    0xC5, 0x50, 0xE8, 0x7A, 0xFD, 0x64, 0xD1, 0xA5, 0x92, 0x7E, 0x22, 0xA7, 0x6B, 0x63, 0xEE, 0x1A,
    0xE1, 0xFE, 0x11, 0xFE, 0x61, 0x69, 0x58, 0x62, 0xBD, 0x61, 0x81, 0x55, 0x46, 0x05, 0x56, 0x0B,
    0xE9, 0x77, 0xBC, 0x0B, 0x66, 0xBC, 0x09, 0xA4, 0x33, 0x45, 0x25, 0x58, 0x57, 0x74, 0x1F, 0x0F,
    0x09, 0x1F, 0x63, 0x6D, 0xC1, 0xDF, 0xF0, 0x4C, 0xFF, 0x09, 0x24, 0xE5, 0x3D, 0x2F, 0xFB, 0x82,
    0x8D, 0xE4, 0x66, 0xE2, 0xBE, 0xD3, 0xE1, 0xC7, 0x58, 0x5D, 0x7F, 0xFA, 0x2E, 0xB5, 0x45, 0x29,
    0xCA, 0x4B, 0x93, 0xD1, 0xA2, 0x77, 0x19, 0xD3, 0x92, 0xFC, 0xE9, 0x1D, 0xF1, 0xF6, 0x29, 0x4B,
    0x34, 0x4A, 0x56, 0x2A, 0x6E, 0x04, 0x1F, 0x51, 0x15, 0xB4, 0x10, 0x77, 0xD8, 0x42, 0xDC, 0x7E,
    0x03, 0x71, 0x73, 0x5A, 0x37, 0x33, 0xCA, 0xB0, 0xF4, 0x83, 0x1F, 0xF3, 0xBB, 0x6D, 0x13, 0x8A,
    0x99, 0x9A, 0xDB, 0x36, 0x4D, 0x59, 0x3D, 0x5C, 0x53, 0x53, 0xC8, 0x86, 0x1F, 0x6C, 0x0F, 0xFD,
    0xDB, 0xA2, 0xFC, 0xFB, 0x27, 0xFF, 0x58, 0x7E, 0xED, 0x34, 0x83, 0x2E, 0x25, 0x1C, 0x98, 0xC0,
    0x5B, 0xF1, 0xAF, 0x3B, 0x34, 0xE3, 0xD3, 0xC6, 0xFF, 0x82, 0x97, 0xA8, 0x7D, 0x0C, 0x74, 0x1E,
    0x58, 0x24, 0xA7, 0x07, 0x52, 0x9C, 0xB9, 0x07, 0xA4, 0x1B, 0xAF, 0x74, 0x9E, 0xCD, 0xFD, 0xC2,
    0xAB, 0xD5, 0x1F, 0x32, 0xAF, 0x0C, 0x35, 0x79, 0xA5, 0xDB, 0x4E, 0xC3, 0x68, 0xFD, 0x07, 0xAD,
    0x56, 0x31, 0x6F, 0x1C, 0x45, 0x14, 0x7E, 0xBB, 0x63, 0x67, 0x03, 0xAB, 0x64, 0x5C, 0x10, 0x29,
    0x42, 0xC2, 0xEB, 0x82, 0xCA, 0x8A, 0xB3, 0x6D, 0x0A, 0xDF, 0xED, 0x60, 0x17, 0x14, 0x29, 0xA0,
    0x88, 0x6B, 0x52, 0xD0, 0x50, 0x99, 0x82, 0xE2, 0x0A, 0x3B, 0x37, 0x8A, 0x4B, 0x9A, 0xFC, 0x03,
    0x52, 0xA2, 0xAB, 0x28, 0x5C, 0x18, 0x61, 0xFB, 0x26, 0xA4, 0xA4, 0x19, 0xC9, 0x7F, 0x60, 0x05,
    0x0D, 0x1D, 0x23, 0xB1, 0x22, 0x8B, 0x58, 0xDF, 0xF0, 0xBD, 0x99, 0xF5, 0xD9, 0x16, 0x17, 0x12,
    0x09, 0x66, 0x6F, 0xDF, 0xBC, 0xD9, 0x79, 0xFB, 0xBD, 0xEF, 0xCD, 0x7B, 0x33, 0x7B, 0xDE, 0xDB,
    0xC9, 0xE4, 0xD9, 0xD8, 0x37, 0xF8, 0xAD, 0x4F, 0x9E, 0x8F, 0xBD, 0xF7, 0x36, 0x88, 0x3B, 0x3B,
    0x3B, 0x3B, 0x6A, 0xC1, 0x10, 0xAD, 0xBB, 0xE8, 0xF9, 0x21, 0xDA, 0xA3, 0x7E, 0xEC, 0xCD, 0xFA,
    0x24, 0x36, 0x65, 0x6F, 0xFD, 0x5F, 0xD7, 0xA7, 0x37, 0x49, 0xA5, 0x36, 0x37, 0x05, 0x0D, 0x68,
    0x8F, 0x46, 0x34, 0x55, 0x53, 0x33, 0x36, 0x95, 0x5E, 0xA6, 0x84, 0x0A, 0x53, 0xBA, 0xD2, 0x49,
    0x97, 0xE0, 0x12, 0x36, 0x33, 0x85, 0x1A, 0xD0, 0x0A, 0x49, 0x5D, 0xD6, 0xA5, 0x2B, 0x5C, 0x8A,
    0xA7, 0x69, 0x2D, 0x8C, 0xD4, 0x43, 0x7A, 0x40, 0x68, 0x8A, 0x28, 0x85, 0x15, 0xB0, 0x14, 0xA3,
    0x0D, 0xE8, 0x08, 0x88, 0x0D, 0x30, 0x1D, 0x50, 0x67, 0x34, 0x35, 0x5E, 0x8D, 0x8D, 0xD7, 0x95,
    0x1E, 0xD3, 0x32, 0x2D, 0x01, 0x7F, 0x09, 0x1E, 0x2A, 0x5D, 0xBA, 0x31, 0xFC, 0x8C, 0xAD, 0x74,
    0xA5, 0x65, 0x3F, 0xB8, 0x0D, 0x7B, 0xCB, 0x8C, 0x54, 0x85, 0x1A, 0x02, 0xA7, 0x85, 0xD7, 0xE0,
    0x97, 0xCA, 0x3A, 0xDA, 0x16, 0xAE, 0xB2, 0xA9, 0xCB, 0x82, 0x6D, 0x5A, 0x67, 0x86, 0x59, 0xF0,
    0xFC, 0x90, 0x3A, 0x70, 0xF9, 0x92, 0x62, 0x3B, 0x5F, 0x20, 0x3A, 0x16, 0xC7, 0xFF, 0x10, 0xEB,
    0x93, 0xD9, 0xE4, 0xDB, 0x0A, 0x6B, 0xDC, 0x06, 0xB1, 0xC8, 0xE4, 0x4D, 0xA2, 0x9B, 0x8B, 0xF3,
    0xFF, 0x20, 0x5E, 0x03, 0x7F, 0x49, 0x2D, 0x30, 0x7D, 0x5B, 0x56, 0x6F, 0x1F, 0xD6, 0x22, 0x2E,
    0x94, 0xCE, 0x48, 0x7A, 0x5D, 0x7A, 0x5B, 0x79, 0x37, 0xFF, 0x61, 0x88, 0x87, 0xE9, 0x39, 0xE5,
    0x1A, 0x26, 0xFB, 0x54, 0xD5, 0xE8, 0xBC, 0xAA, 0x1C, 0x51, 0x82, 0xEC, 0xC6, 0x91, 0xE4, 0xB9,
    0x27, 0xC8, 0x19, 0xE5, 0x86, 0x44, 0x5D, 0x59, 0x2A, 0x1C, 0xC9, 0x06, 0xB3, 0x25, 0xFA, 0xF6,
    0x62, 0x5C, 0x60, 0xDE, 0x52, 0x56, 0xA7, 0x2D, 0x15, 0x1E, 0x41, 0xAA, 0x0A, 0x08, 0xFC, 0x53,
    0xC5, 0x8C, 0xD2, 0x86, 0xE6, 0x0D, 0x06, 0x74, 0x9B, 0x95, 0xDC, 0x13, 0xDD, 0x63, 0xA5, 0x80,
    0xFB, 0x4D, 0x56, 0x06, 0xC2, 0xD0, 0x21, 0x2B, 0x9B, 0xA9, 0x45, 0xA9, 0xA1, 0x8D, 0x92, 0x1A,
    0x2A, 0xDA, 0x51, 0x82, 0xFA, 0x8C, 0x8A, 0xCB, 0x15, 0x2B, 0x87, 0xE4, 0x24, 0xF5, 0x4F, 0x36,
    0x2E, 0x94, 0x00, 0xC3, 0x6F, 0x05, 0x18, 0xC6, 0x71, 0xA5, 0xA6, 0xB1, 0xDA, 0x14, 0x3F, 0x5A,
    0x5F, 0xA7, 0xDE, 0x16, 0xF9, 0xC1, 0x4B, 0xDB, 0x88, 0x17, 0x4E, 0xFA, 0x7C, 0xDB, 0x8C, 0x72,
    0xDD, 0xA4, 0xAD, 0xCC, 0xD5, 0xA6, 0x44, 0x71, 0xD3, 0x86, 0x64, 0x05, 0x18, 0x90, 0x83, 0x82,
    0x95, 0x43, 0x49, 0x1B, 0x41, 0x81, 0xAF, 0x8D, 0x55, 0x28, 0x89, 0xED, 0x9F, 0xA0, 0x4E, 0xA3,
    0x4D, 0xA6, 0xFA, 0xB7, 0x24, 0xF5, 0x38, 0x1F, 0x50, 0x06, 0x64, 0xD5, 0xB0, 0x55, 0xF0, 0xC5,
    0xD8, 0xC1, 0x3B, 0x07, 0x55, 0x29, 0xF0, 0x21, 0x35, 0x5F, 0x8F, 0x52, 0x57, 0x0A, 0x17, 0x55,
    0xC4, 0x1B, 0x64, 0x1F, 0x1B, 0xED, 0x78, 0x3E, 0x33, 0x86, 0x35, 0xDF, 0xA7, 0x98, 0xE5, 0xFB,
    0x24, 0x6C, 0x8B, 0x01, 0xEE, 0x7D, 0x6C, 0x25, 0xDE, 0x92, 0xC7, 0x71, 0x9D, 0x68, 0x5D, 0x93,
    0x74, 0x24, 0xDA, 0x90, 0xEF, 0x52, 0xD1, 0xB2, 0xC2, 0x9E, 0xA4, 0x82, 0xB3, 0x0A, 0x4B, 0x81,
    0x0C, 0x19, 0x7E, 0x3C, 0xC4, 0x22, 0x83, 0x02, 0x66, 0x0C, 0x72, 0x45, 0x49, 0x13, 0x6A, 0xA6,
    0x24, 0x7A, 0x07, 0xDB, 0x72, 0x84, 0xE9, 0x42, 0xE5, 0x16, 0xD6, 0xEC, 0x60, 0x40, 0x27, 0x49,
    0x9B, 0xD5, 0xD2, 0x94, 0xF0, 0xB4, 0x86, 0x0B, 0xEE, 0xE9, 0xEE, 0x1E, 0xA5, 0xC8, 0xDB, 0xDE,
    0x2A, 0x09, 0xAF, 0x12, 0x97, 0x69, 0x74, 0x99, 0x49, 0xEA, 0xC4, 0xB3, 0xB3, 0x11, 0x7D, 0xCE,
    0x8B, 0xB5, 0x0A, 0x42, 0xA0, 0x85, 0xB4, 0x72, 0xCE, 0xD2, 0x9A, 0x42, 0xA2, 0x8E, 0x62, 0x92,
    0xEF, 0xF3, 0x54, 0xA1, 0xF3, 0x03, 0x23, 0xEA, 0xB1, 0x4D, 0x7F, 0x23, 0xD9, 0x4D, 0x1D, 0x58,
    0x14, 0xDD, 0xB4, 0x06, 0x79, 0xD9, 0x55, 0x56, 0xFC, 0xA4, 0xF2, 0xF6, 0x5D, 0x92, 0x5B, 0x36,
    0x79, 0xC6, 0x84, 0x9B, 0x98, 0xEF, 0x01, 0x57, 0x8F, 0x0D, 0x60, 0x28, 0x01, 0x86, 0xDE, 0x88,
    0x8E, 0x8E, 0x82, 0xDB, 0x94, 0x49, 0x48, 0x0A, 0x94, 0x84, 0xE9, 0x09, 0x8E, 0x22, 0xDD, 0x9E,
    0xFC, 0xFB, 0x8A, 0xBE, 0xC0, 0xB2, 0xD2, 0x6C, 0x2E, 0x4E, 0x17, 0x88, 0x13, 0xD0, 0xBB, 0x2E,
    0x54, 0x14, 0xFB, 0xD7, 0xC5, 0x1E, 0xC9, 0x05, 0x62, 0x51, 0x0B, 0xC8, 0x95, 0x05, 0xBF, 0x31,
    0x84, 0xAA, 0x0C, 0x2F, 0x17, 0xA3, 0xA0, 0x25, 0x7D, 0x29, 0x64, 0x26, 0xF6, 0x42, 0x87, 0x6E,
    0x49, 0xE8, 0x15, 0xEE, 0x87, 0x42, 0x85, 0xF0, 0xCB, 0x97, 0x0F, 0x43, 0x9F, 0xBC, 0x7A, 0x12,
    0xED, 0x8A, 0xFA, 0x5A, 0x9F, 0xBE, 0xDA, 0x55, 0xD1, 0xEE, 0xE3, 0x60, 0x77, 0x5F, 0x68, 0xD7,
    0xE3, 0xAD, 0x5C, 0xC5, 0x9D, 0xFB, 0x89, 0x7E, 0x6F, 0xF0, 0x51, 0xAF, 0xC3, 0x82, 0x86, 0x15,
    0xCD, 0x62, 0xFF, 0x61, 0xA6, 0x1E, 0xDF, 0x14, 0x66, 0x6D, 0x98, 0xA5, 0xAE, 0xDC, 0x7A, 0xD1,
    0x16, 0x67, 0x85, 0xCD, 0x7F, 0xFE, 0xBA, 0x4E, 0xFE, 0xFA, 0x9E, 0xE8, 0x74, 0x46, 0x5C, 0x4E,
    0x94, 0xC3, 0xF3, 0x18, 0xCE, 0xCA, 0x96, 0xF2, 0x5F, 0x4A, 0x75, 0xE3, 0x8F, 0x6F, 0x6C, 0xB5,
    0x9D, 0xB9, 0xF2, 0xE9, 0xD3, 0xF6, 0x41, 0x46, 0xF5, 0x2D, 0x61, 0xBE, 0xBA, 0xC0, 0x9B, 0xE3,
    0xF3, 0x49, 0xC3, 0xFD, 0xEE, 0xAF, 0xE1, 0x3D, 0xE1, 0xBD, 0x4A, 0xBD, 0xD7, 0x85, 0xE7, 0xA3,
    0xC8, 0xD7, 0x95, 0xE6, 0xEF, 0x81, 0x6C, 0xB0, 0x85, 0x9A, 0xDB, 0x24, 0x70, 0x06, 0x73, 0x49,
    0x27, 0xE8, 0xD3, 0xAE, 0xEF, 0xFB, 0xB1, 0x68, 0xE2, 0xB3, 0xCC, 0x45, 0x5D, 0x82, 0x4C, 0xCE,
    0xDB, 0xCB, 0x84, 0xE2, 0xA6, 0x29, 0x85, 0xAD, 0x96, 0xF0, 0xF1, 0x37, 0x8B, 0x30, 0x6C, 0x9E,
    0x5F, 0x98, 0xDB, 0xC8, 0x9F, 0xE3, 0x60, 0x9D, 0x5F, 0x61, 0x1D, 0xF9, 0x0E, 0xFD, 0x9B, 0x5A,
    0xD1, 0xBF, 0xC7, 0x87, 0x64, 0xE9, 0x62, 0x5F, 0xB9, 0xCB, 0x31, 0x9F, 0x9A, 0x79, 0x1F, 0xE7,
    0x23, 0x8E, 0x32, 0xE9, 0x38, 0xC6, 0xA4, 0xE3, 0x08, 0x93, 0x8E, 0xE3, 0x4B, 0x62, 0x74, 0x31,
    0xB6, 0x18, 0x59, 0x8C, 0x2B, 0x46, 0xD5, 0x85, 0x98, 0xBA, 0x10, 0x51, 0x17, 0xE2, 0xE9, 0x42,
    0x34, 0x6D, 0x88, 0xA5, 0x0D, 0x91, 0xB4, 0x81, 0x43, 0x1B, 0x18, 0xB7, 0x81, 0x53, 0x1B, 0x22,
    0x68, 0xFF, 0x8D, 0x37, 0xFC, 0x82, 0xA5, 0x98, 0x05, 0xE9, 0x7B, 0x9D, 0xF9, 0xB6, 0x77, 0x14,
    0x15, 0x7F, 0xA2, 0x58, 0x13, 0xFC, 0x41, 0x29, 0x75, 0xEE, 0xF1, 0x85, 0xD0, 0xC8, 0x7B, 0x0B,
    0x1D, 0x1C, 0x4B, 0x2E, 0xA0, 0xF3, 0xAB, 0x92, 0x5D, 0x51, 0xC7, 0x32, 0x6D, 0x59, 0x66, 0x0E,
    0x45, 0x0D, 0x4A, 0x2C, 0x11, 0xA7, 0x62, 0xD6, 0x90, 0x70, 0x08, 0x09, 0xD6, 0xD8, 0x1F, 0x08,
    0x0C, 0x12, 0x2B, 0xCF, 0xD2, 0xF6, 0xF2, 0x75, 0x0D, 0x5E, 0x60, 0xC9, 0x5F, 0x98, 0x06, 0x1B,
    0x87, 0xCA, 0x86, 0xD7, 0x02, 0x5F, 0x1B, 0xA0, 0x65, 0x36, 0x56, 0x32, 0x57, 0x35, 0xEE, 0x7B,
    0x42, 0x7F, 0x57, 0x6D, 0x6F, 0x37, 0xD9, 0xEF, 0x9F, 0xE1, 0xB8, 0x6F, 0x63, 0x6E, 0xA6, 0x27,
    0x94, 0x9F, 0x7D, 0x62, 0x2B, 0xB1, 0xD5, 0xDC, 0x15, 0xFA, 0x71, 0xB0, 0xE5, 0x77, 0x52, 0x7D,
    0xE9, 0xE2, 0x0A, 0xC6, 0x06, 0x63, 0x1C, 0x30, 0xC6, 0xAE, 0x66, 0x5F, 0x8C, 0x91, 0xFC, 0x70,
    0x4A, 0xC5, 0xD9, 0xC3, 0xBA, 0x12, 0x1F, 0x35, 0xEF, 0x09, 0xBD, 0x76, 0x15, 0xE3, 0x6F, 0x63,
    0x60, 0xFA, 0xC1, 0xC0, 0xC0, 0x0E, 0xC4, 0xFC, 0x40, 0xAC, 0xB7, 0x83, 0x81, 0xC1, 0x06, 0x88,
    0xBF, 0xEC, 0x60, 0x60, 0xFA, 0xF0, 0x83, 0x81, 0xF9, 0xC0, 0x0F, 0x06, 0xFE, 0x86, 0x1F, 0x0C,
    0xF2, 0x0C, 0x3F, 0x18, 0xEC, 0xFF, 0xFF, 0x3F, 0x00, 0xC2, 0x0C, 0x40, 0x36, 0x2A, 0x0E, 0x60,
    0x00, 0x00, 0x6D, 0xD1, 0x31, 0x4E, 0xC3, 0x30, 0x14, 0x06, 0xE0, 0xDF, 0x09, 0x90, 0x21, 0x83,
    0x77, 0x86, 0xFA, 0x04, 0x6D, 0x56, 0x86, 0x94, 0xF8, 0x3E, 0x5C, 0x80, 0xA1, 0x52, 0x73, 0x14,
    0x66, 0x4E, 0x80, 0x10, 0xC2, 0x3E, 0x42, 0x8E, 0xE0, 0x81, 0x03, 0x78, 0x08, 0x12, 0x54, 0xAE,
    0x1F, 0xEF, 0x39, 0x54, 0x8A, 0x10, 0x8E, 0xF4, 0x29, 0xF2, 0xF3, 0xB3, 0x7F, 0x27, 0xB7, 0x16,
    0xB8, 0x19, 0x8D, 0x07, 0x5A, 0x6F, 0xBC, 0x5E, 0x3D, 0x66, 0x12, 0x77, 0x41, 0x8F, 0xED, 0xB4,
    0x2D, 0xF6, 0xD1, 0xD8, 0x66, 0x31, 0xB0, 0xA8, 0xC3, 0xDD, 0xDC, 0xA1, 0x8E, 0x8F, 0xEC, 0xC3,
    0x29, 0x67, 0xF7, 0xE4, 0x88, 0xC7, 0x5C, 0xC5, 0x78, 0xB8, 0x87, 0x8A, 0xB1, 0xDF, 0x43, 0xCD,
    0x22, 0xD8, 0x1E, 0xF8, 0x0C, 0xFB, 0x03, 0xF0, 0x1D, 0xB6, 0xEC, 0x69, 0xDA, 0xBD, 0x01, 0xAF,
    0xD3, 0xE6, 0x05, 0x78, 0xF7, 0x86, 0x3D, 0x7A, 0x3D, 0x5F, 0x1C, 0xBC, 0x8E, 0xEC, 0x28, 0x02,
    0x69, 0x8D, 0xE6, 0x13, 0x84, 0xF8, 0xB7, 0xD0, 0x7D, 0x24, 0x28, 0xCA, 0x09, 0x4D, 0x76, 0x09,
    0x3A, 0xD4, 0x09, 0x9D, 0xE7, 0xC2, 0x60, 0x05, 0xFC, 0x83, 0x14, 0x8C, 0xAF, 0x78, 0xF1, 0x6C,
    0xB8, 0x8D, 0x88, 0x13, 0xD1, 0x17, 0x87, 0xBB, 0xB6, 0x58, 0x8D, 0x8E, 0x2F, 0x65, 0x0B, 0x80,
    0x7A, 0x5E, 0x66, 0x02, 0xBF, 0x12, 0xF1, 0xA9, 0xCD, 0x59, 0x11, 0x87, 0x8A, 0xE0, 0xFB, 0xF1,
    0x71, 0x90, 0xD4, 0xA2, 0x2B, 0xAD, 0xB9, 0x78, 0x16, 0x54, 0x71, 0x20, 0x49, 0xBE, 0x58, 0x95,
    0xE4, 0x6B, 0x65, 0xFE, 0xE2, 0xD2, 0xF5, 0xBB, 0xC3, 0xB2, 0xDB, 0xB1, 0xC4, 0x1A, 0x3C, 0xAE,
    0x00, 0x13, 0xB0, 0xE1, 0x9F, 0x96, 0xA4, 0x54, 0x13, 0xC9, 0x62, 0x57, 0xBE, 0x49, 0x9B, 0x2D,
    0x7E, 0x00, 0xCD, 0x58, 0xBD, 0x6E, 0xE4, 0x54, 0x14, 0xBE, 0xF6, 0x24, 0xF2, 0x4A, 0x46, 0x38,
    0xC5, 0xAE, 0x44, 0x41, 0xD6, 0x29, 0x28, 0x68, 0x12, 0xA7, 0xA0, 0x48, 0x11, 0xC5, 0x16, 0x4F,
    0x90, 0x06, 0xF1, 0x0C, 0x6C, 0x05, 0xD2, 0x4A, 0xA4, 0xF0, 0x30, 0x23, 0x51, 0xF0, 0x04, 0xF4,
    0xDB, 0x20, 0x2D, 0xA1, 0x60, 0x0B, 0x0A, 0x0A, 0xEF, 0xD8, 0xE2, 0x09, 0x46, 0xBC, 0x00, 0x96,
    0xE8, 0x56, 0x14, 0xD6, 0x92, 0x85, 0xD1, 0xAE, 0xC7, 0xE6, 0xDE, 0x7B, 0xCE, 0x77, 0x3C, 0xB6,
    0x27, 0x61, 0x01, 0x11, 0xB8, 0xDA, 0xE4, 0x7E, 0x1B, 0x8F, 0xEF, 0x3D, 0xF7, 0x3B, 0xDF, 0xF9,
    0xB9, 0xA3, 0x94, 0x8C, 0x43, 0x80, 0x9C, 0x67, 0xA7, 0x66, 0xE0, 0x55, 0x0C, 0xC2, 0x25, 0x83,
    0x59, 0x42, 0xB3, 0xBB, 0xE6, 0x3F, 0x04, 0x2F, 0x2F, 0xED, 0x78, 0x3C, 0x6B, 0x69, 0xD4, 0x11,
    0x80, 0xB7, 0xC2, 0xC2, 0x0D, 0x40, 0x3C, 0xC7, 0x6B, 0x25, 0x83, 0xC9, 0x15, 0x9E, 0xAD, 0xE5,
    0x43, 0x00, 0x6F, 0x01, 0xD8, 0x4D, 0x4B, 0x7C, 0xDA, 0x37, 0xE6, 0x85, 0xAD, 0xB1, 0xA6, 0x9D,
    0x2B, 0xA7, 0x79, 0x55, 0x2A, 0xEF, 0xB7, 0x5F, 0x57, 0x2A, 0xFC, 0xB1, 0x6A, 0x54, 0xFE, 0x7E,
    0x15, 0x17, 0x4F, 0xDD, 0xCA, 0x2F, 0x8E, 0xDD, 0xCA, 0x9D, 0x2B, 0xD7, 0x1C, 0xE1, 0x76, 0x7F,
    0xF5, 0xC7, 0x93, 0x21, 0xA9, 0x42, 0xB3, 0x8A, 0x0A, 0xB0, 0x81, 0xD7, 0x26, 0x1B, 0x1F, 0x7A,
    0x40, 0xC4, 0xE6, 0x4B, 0x30, 0xBB, 0x02, 0xA8, 0x06, 0x6C, 0x3A, 0xE0, 0xD7, 0x03, 0x99, 0x01,
    0xFC, 0x15, 0x27, 0x03, 0x17, 0x38, 0xE2, 0x94, 0x83, 0x5B, 0x27, 0xC6, 0xFC, 0xB2, 0x5E, 0xB1,
    0xFE, 0xB1, 0x9E, 0xD2, 0x3E, 0x6B, 0xC9, 0x7B, 0xD6, 0x8F, 0xD6, 0xA3, 0xE4, 0x5B, 0xEB, 0x65,
    0x52, 0x47, 0x29, 0x1A, 0xB8, 0xCB, 0x76, 0x1B, 0x8D, 0xD0, 0x49, 0xD6, 0xFC, 0x33, 0x59, 0xF1,
    0x69, 0xAD, 0xB2, 0x8C, 0x5E, 0xE3, 0x82, 0x19, 0x69, 0x98, 0x23, 0xD6, 0x63, 0x3C, 0x87, 0x42,
    0x2B, 0x61, 0x96, 0x55, 0x9C, 0x2F, 0x5D, 0x72, 0x40, 0x9E, 0x98, 0x7F, 0xDA, 0xE2, 0x9A, 0xB5,
    0xEF, 0x57, 0x1C, 0x0D, 0xC6, 0x67, 0xD6, 0x95, 0x33, 0x76, 0x25, 0xF9, 0xD5, 0xC4, 0xD0, 0x77,
    0x3D, 0xBF, 0x0F, 0x34, 0x6B, 0x6C, 0x8C, 0x48, 0xB3, 0x85, 0x39, 0x6B, 0xA5, 0xBC, 0xE7, 0xCF,
    0x6B, 0x15, 0xFD, 0x50, 0xE5, 0x2A, 0x77, 0xAB, 0xA8, 0xC8, 0x0C, 0x27, 0x07, 0x6E, 0xE5, 0x24,
    0x7F, 0x93, 0x59, 0xFB, 0x6E, 0xEA, 0x56, 0x5E, 0x61, 0xD7, 0x33, 0x2B, 0x27, 0xBE, 0xD9, 0xC3,
    0x6D, 0x7E, 0xD7, 0x8F, 0x73, 0xBD, 0x2F, 0x59, 0x10, 0x08, 0x5F, 0x8E, 0x55, 0x92, 0x66, 0xFC,
    0x23, 0x92, 0x89, 0xE6, 0xC3, 0x58, 0x1C, 0x93, 0xC4, 0xE2, 0x17, 0x5F, 0x9D, 0x9B, 0x89, 0x69,
    0x23, 0x05, 0x9D, 0x91, 0xA2, 0x22, 0xCA, 0x08, 0x11, 0x29, 0x2E, 0x72, 0x6C, 0xF0, 0x46, 0x94,
    0x1E, 0xCE, 0x88, 0xB2, 0x33, 0x92, 0xE3, 0x91, 0x28, 0x3F, 0xEF, 0xA9, 0xDE, 0x27, 0x15, 0xBB,
    0x5B, 0x1F, 0x72, 0x40, 0x20, 0x1C, 0x9A, 0x9E, 0xDE, 0x39, 0x77, 0x4C, 0x8A, 0x4D, 0xBA, 0x77,
    0x9F, 0x74, 0x86, 0xF3, 0x31, 0xEE, 0x7D, 0x9D, 0xD3, 0x27, 0x5B, 0x6B, 0xEB, 0xE4, 0x95, 0x9D,
    0x82, 0x9F, 0xED, 0x14, 0x7F, 0x61, 0x5F, 0x6F, 0xBC, 0xC2, 0xEE, 0x63, 0xA7, 0xA0, 0xB2, 0x53,
    0x54, 0x4C, 0x96, 0xD6, 0x22, 0x33, 0x69, 0xFB, 0xCC, 0xC4, 0xD6, 0xB2, 0x79, 0xF9, 0xA6, 0xE9,
    0x9C, 0x24, 0x39, 0x45, 0x52, 0x82, 0x24, 0x3E, 0x10, 0x8F, 0xFC, 0x88, 0x63, 0xF1, 0x88, 0x0C,
    0xDE, 0xE9, 0x4D, 0x87, 0xBD, 0x70, 0xE5, 0x17, 0xF8, 0x75, 0x5E, 0x0C, 0xB9, 0x17, 0x0F, 0xAB,
    0x5E, 0x5A, 0x99, 0x71, 0xA2, 0x2E, 0x06, 0x0F, 0x37, 0x8E, 0x82, 0x83, 0xF9, 0x74, 0x4C, 0x77,
    0x65, 0x27, 0xB5, 0xA0, 0x29, 0x22, 0x42, 0x7C, 0xA2, 0xC7, 0x25, 0xB2, 0x54, 0xBE, 0xEC, 0xF8,
    0xEC, 0xAB, 0x83, 0x29, 0x97, 0xC1, 0xEE, 0x60, 0xE7, 0xB0, 0xAB, 0xDA, 0x4D, 0x37, 0x06, 0xD7,
    0x73, 0x38, 0xA6, 0x97, 0x65, 0xC3, 0x22, 0x62, 0x49, 0xB1, 0xC0, 0x20, 0x37, 0x16, 0x1F, 0x25,
    0x3B, 0x16, 0x26, 0xCB, 0x14, 0xA2, 0x7D, 0x71, 0xF9, 0x68, 0xA4, 0x0B, 0x16, 0x3B, 0xE7, 0xD7,
    0xCB, 0x39, 0xB2, 0x40, 0x21, 0x40, 0x8D, 0xC7, 0x9E, 0x54, 0xA7, 0x97, 0x76, 0xC9, 0x0D, 0x1E,
    0x3A, 0x80, 0xF4, 0x1B, 0xA1, 0x96, 0x45, 0xA8, 0x97, 0x11, 0x2A, 0x68, 0x84, 0x1C, 0x1D, 0xC1,
    0x73, 0xA1, 0x68, 0x1F, 0xE7, 0x8F, 0x84, 0x0F, 0xF0, 0xB3, 0xBB, 0xAD, 0x6A, 0xF8, 0xA8, 0x03,
    0xAE, 0x54, 0x8D, 0x56, 0xAC, 0x2C, 0x46, 0x85, 0xF6, 0xB5, 0xAA, 0x71, 0xEF, 0xE8, 0x0E, 0x4D,
    0x99, 0xF2, 0x96, 0x0C, 0x82, 0x82, 0x01, 0x0B, 0x35, 0x43, 0xD5, 0xCE, 0x50, 0xEC, 0xB3, 0x90,
    0xD7, 0xCA, 0x72, 0x3E, 0x7A, 0x8E, 0x7E, 0x40, 0xC0, 0xD3, 0x96, 0x7B, 0x86, 0x0C, 0x66, 0x66,
    0xA8, 0x80, 0x19, 0x42, 0x3E, 0x83, 0x99, 0x19, 0xCC, 0xCC, 0x50, 0xD5, 0x32, 0xA3, 0x66, 0x07,
    0x16, 0xFA, 0x73, 0x95, 0xA2, 0xE6, 0xA5, 0x68, 0x29, 0x52, 0x04, 0x4E, 0x8A, 0xD0, 0x49, 0xD1,
    0xC8, 0xA4, 0x28, 0x95, 0x29, 0x09, 0xE0, 0x9B, 0x26, 0x95, 0xD6, 0x05, 0x20, 0x43, 0x35, 0x4E,
    0xC1, 0x4F, 0x0A, 0xC6, 0x52, 0x70, 0x98, 0x82, 0x55, 0x02, 0x7E, 0x09, 0x33, 0x0A, 0xEC, 0x3E,
    0xD2, 0x4E, 0x57, 0x7B, 0xBB, 0x5E, 0x27, 0x19, 0x76, 0x58, 0x52, 0xC3, 0xA5, 0xAA, 0xAB, 0x99,
    0x48, 0x54, 0x2A, 0x56, 0x8D, 0xEE, 0x00, 0x9E, 0x03, 0xDB, 0xA2, 0x05, 0x51, 0x87, 0xE8, 0x65,
    0x86, 0xF5, 0x44, 0x2E, 0x76, 0xAB, 0x33, 0x58, 0xB8, 0x50, 0xD7, 0x2D, 0x11, 0x16, 0xD7, 0xED,
    0xF2, 0x17, 0xDB, 0xBF, 0x1B, 0x54, 0x29, 0x94, 0x9C, 0x01, 0xDC, 0xDD, 0xEC, 0x54, 0xDE, 0x35,
    0xE0, 0xA1, 0xFE, 0x99, 0xE2, 0x04, 0x06, 0x4C, 0x5A, 0x06, 0x81, 0x09, 0xDA, 0xA9, 0xAD, 0xB1,
    0x25, 0x81, 0x45, 0xB3, 0xB2, 0xC0, 0xAD, 0xEB, 0xC6, 0x02, 0xBF, 0xAA, 0xB5, 0x92, 0xA6, 0xC6,
    0x8A, 0x5A, 0xCB, 0x6D, 0x6A, 0x76, 0xAA, 0x5D, 0x0B, 0xEE, 0xE8, 0x05, 0xE7, 0xFD, 0x95, 0xFF,
    0x55, 0xB0, 0xA3, 0xC1, 0x9E, 0x01, 0x81, 0x06, 0x95, 0x01, 0xE1, 0x72, 0x6A, 0x1C, 0x5F, 0x6B,
    0xF7, 0x4F, 0x8D, 0x14, 0x6A, 0x2D, 0xDE, 0xA9, 0x49, 0x1E, 0xFA, 0xAD, 0xD9, 0x74, 0x4D, 0xAF,
    0x87, 0xED, 0x15, 0x01, 0xCF, 0x56, 0x34, 0x0D, 0x5C, 0xD3, 0x2E, 0xD9, 0x95, 0x5B, 0x6C, 0x71,
    0x6A, 0xC0, 0xF7, 0xA0, 0x6F, 0x67, 0xC4, 0xEA, 0x7A, 0xC8, 0xBC, 0xF8, 0x42, 0xBC, 0x83, 0x2C,
    0x22, 0x1E, 0x8C, 0x86, 0x01, 0x52, 0x8B, 0xDF, 0xDD, 0x1B, 0xDA, 0xDA, 0x2D, 0x09, 0x6A, 0xB1,
    0x69, 0xCF, 0x5E, 0x4F, 0x87, 0x3D, 0x65, 0xCE, 0x5E, 0x67, 0xB1, 0x3C, 0xF9, 0x27, 0x3D, 0x72,
    0x38, 0xEA, 0x91, 0xD7, 0xA3, 0x38, 0xDD, 0xEB, 0xD5, 0x80, 0x37, 0xC5, 0xA8, 0xF9, 0xC0, 0xCC,
    0x2D, 0x37, 0xA6, 0x61, 0xD4, 0x39, 0x0D, 0x33, 0xE6, 0x83, 0xC3, 0x18, 0x40, 0xDD, 0xE2, 0x18,
    0x11, 0xB5, 0x64, 0x0E, 0xDB, 0x51, 0xF4, 0x97, 0x7F, 0x9A, 0x40, 0xE4, 0xF2, 0xE6, 0x2E, 0xAF,
    0xDD, 0xD0, 0xC1, 0xA3, 0x49, 0x75, 0xC3, 0x4D, 0x68, 0x3E, 0xDC, 0x54, 0x9B, 0x21, 0x86, 0x89,
    0xA9, 0x62, 0xFC, 0x6D, 0x32, 0x26, 0x6E, 0x12, 0xC7, 0x89, 0x2B, 0x3B, 0x46, 0xC4, 0xDD, 0xDE,
    0xF8, 0x94, 0xA2, 0xF9, 0x08, 0x42, 0x0B, 0xC6, 0xBB, 0x1C, 0x00, 0x64, 0xC3, 0xF7, 0x85, 0x37,
    0xB9, 0xD4, 0x09, 0x5B, 0x39, 0xD9, 0xA1, 0xD3, 0x00, 0x0D, 0x05, 0x13, 0x3B, 0x9F, 0xE5, 0xC3,
    0x9B, 0x65, 0x28, 0x75, 0xA1, 0x1C, 0x86, 0xB9, 0xB3, 0xA5, 0x33, 0x78, 0xC6, 0x5B, 0x4C, 0xB0,
    0xB2, 0x12, 0xD0, 0xD5, 0xAE, 0xD1, 0xE1, 0xDD, 0x71, 0x44, 0x3F, 0xDC, 0x42, 0xED, 0xAE, 0x30,
    0x33, 0xE2, 0xD1, 0xDF, 0xFA, 0x05, 0xC1, 0x03, 0x48, 0x75, 0x86, 0x4E, 0x6D, 0xD6, 0x0F, 0xF7,
    0x6D, 0xE9, 0x08, 0xB4, 0xF9, 0xAB, 0x6B, 0xB9, 0x98, 0x75, 0x59, 0x82, 0xBB, 0x82, 0x2B, 0xAC,
    0xBC, 0x04, 0x18, 0xDE, 0xA4, 0xDD, 0xD5, 0xF0, 0xD4, 0x41, 0x31, 0x74, 0xB4, 0x3F, 0x38, 0xB0,
    0xDE, 0xE6, 0x9C, 0x36, 0xAA, 0xF0, 0x5D, 0x81, 0x76, 0x2F, 0xE7, 0x1B, 0xE3, 0xDF, 0xB5, 0x38,
    0x38, 0x96, 0x90, 0x23, 0x4E, 0x8C, 0xE6, 0xBE, 0xB5, 0xF7, 0x49, 0x6B, 0xCD, 0x95, 0x2D, 0x7A,
    0x66, 0xAC, 0xC5, 0x5F, 0xC6, 0x21, 0x0D, 0x72, 0x1B, 0xE7, 0x77, 0xED, 0x5C, 0xEE, 0xC8, 0xF4,
    0xD9, 0x40, 0x85, 0x16, 0xCA, 0x15, 0x98, 0xE0, 0xDB, 0x85, 0x69, 0xC0, 0xA8, 0x59, 0x35, 0x65,
    0x20, 0x7C, 0x86, 0x94, 0xE0, 0x49, 0x8A, 0x72, 0x3A, 0xA2, 0x17, 0x72, 0x58, 0xB3, 0x25, 0xE9,
    0xC0, 0xFC, 0x9F, 0x94, 0xEE, 0x95, 0x70, 0xBB, 0x96, 0x01, 0xD4, 0xAB, 0x77, 0x7E, 0x74, 0x6D,
    0x88, 0xBD, 0x01, 0x70, 0x3A, 0x94, 0x8D, 0xF7, 0x0B, 0x83, 0xFB, 0x6F, 0x33, 0xB8, 0x60, 0xE0,
    0x96, 0xFB, 0x1F, 0xE8, 0x71, 0xAE, 0xFC, 0x24, 0xA4, 0x9C, 0xC0, 0x77, 0xA8, 0x13, 0x94, 0x93,
    0x13, 0x74, 0xB3, 0x27, 0x88, 0xB7, 0x93, 0xD3, 0x11, 0x90, 0x47, 0xF2, 0x61, 0x79, 0xBD, 0x5B,
    0x50, 0xB6, 0x90, 0x4D, 0xC5, 0x8C, 0xCE, 0x30, 0x31, 0xB5, 0xD3, 0xFC, 0xE9, 0xE8, 0x80, 0xC3,
    0xF1, 0xCE, 0x66, 0xD0, 0x3B, 0x3F, 0xD1, 0x42, 0x9F, 0x17, 0x54, 0x6D, 0x4A, 0x5A, 0xE3, 0xC2,
    0x4C, 0x95, 0xDA, 0x37, 0x87, 0x2E, 0xAC, 0xA4, 0xFC, 0xC4, 0x76, 0xEA, 0xFB, 0xF6, 0xEF, 0xF6,
    0xF9, 0x09, 0x7D, 0xD7, 0x70, 0x9F, 0x3A, 0x78, 0x2F, 0x09, 0xBE, 0x4C, 0x94, 0xF3, 0xE1, 0x32,
    0xD2, 0x11, 0xE2, 0x69, 0x9F, 0x39, 0x7A, 0x32, 0x1B, 0xFC, 0xB7, 0x93, 0xCD, 0x1A, 0x4A, 0x69,
    0x02, 0x87, 0x34, 0x9C, 0x8F, 0xB2, 0xC4, 0x67, 0x00, 0x9F, 0x22, 0x15, 0x7D, 0x82, 0x8C, 0xF0,
    0xB1, 0xEE, 0xAF, 0xEF, 0x19, 0x37, 0x3C, 0x09, 0x38, 0x3B, 0x57, 0xFA, 0xD4, 0xC7, 0x68, 0x25,
    0x8E, 0x71, 0xA3, 0x66, 0xE0, 0x27, 0xC7, 0x50, 0xCC, 0x31, 0x34, 0x34, 0x04, 0xF2, 0x48, 0x3E,
    0x7C, 0xD8, 0x2D, 0x28, 0x5B, 0xC8, 0xA6, 0x62, 0x06, 0x19, 0x56, 0x0D, 0x4D, 0x15, 0xE3, 0x2F,
    0x46, 0x07, 0xA4, 0x41, 0x14, 0x30, 0x21, 0xFF, 0x07, 0xE7, 0xB0, 0x50, 0x58, 0x36, 0x2C, 0x22,
    0x96, 0x14, 0x04, 0xC6, 0x72, 0x63, 0xF1, 0xB1, 0x14, 0x59, 0x98, 0x90, 0x29, 0x8B, 0x96, 0x25,
    0xCC, 0x82, 0x46, 0x4D, 0x7B, 0x6F, 0x93, 0x82, 0xC7, 0x68, 0x51, 0xA5, 0x69, 0xAD, 0x51, 0x2B,
    0x6B, 0x43, 0x4D, 0x32, 0x68, 0x75, 0x03, 0x9B, 0x7A, 0x34, 0x88, 0x17, 0x35, 0x01, 0xDD, 0x20,
    0xAB, 0x5E, 0xCB, 0x2C, 0x4D, 0x74, 0x98, 0x4C, 0x1D, 0x0B, 0xEE, 0xE8, 0xFE, 0xFA, 0xE0, 0x16,
    0x9A, 0xFA, 0x1D, 0x0D, 0x12, 0x03, 0x8E, 0xF4, 0x95, 0xA2, 0xB4, 0x97, 0x8C, 0x79, 0xED, 0xDB,
    0xBB, 0x45, 0xA0, 0xAF, 0x1D, 0x85, 0x01, 0x93, 0x55, 0xBD, 0xA0, 0xB7, 0x9A, 0xA6, 0x26, 0x10,
    0x9B, 0x33, 0xF5, 0xAE, 0x2F, 0x72, 0xA1, 0xB1, 0x69, 0x79, 0x8A, 0x5E, 0x7E, 0x8A, 0x16, 0x41,
    0x13, 0xF5, 0x07, 0xED, 0x5B, 0xBD, 0x8F, 0xE5, 0x56, 0x15, 0xBF, 0xF6, 0xDB, 0x19, 0x07, 0x0C,
    0xF1, 0x16, 0x80, 0x22, 0x26, 0xC1, 0x14, 0x29, 0x60, 0x89, 0x30, 0x45, 0x0A, 0x82, 0xF4, 0xC6,
    0x46, 0x29, 0x29, 0xD8, 0x22, 0x89, 0x04, 0x55, 0x0A, 0x0A, 0x44, 0x33, 0x29, 0x52, 0xEE, 0x8C,
    0xAD, 0x50, 0xA4, 0x64, 0x8A, 0xB4, 0x48, 0x5B, 0x04, 0x29, 0x99, 0x14, 0xB3, 0x25, 0xC5, 0xCC,
    0xDA, 0x28, 0x05, 0x05, 0x8D, 0x25, 0xFE, 0x80, 0x3C, 0x91, 0x91, 0x90, 0x22, 0xA4, 0x7D, 0x8A,
    0xAC, 0xE0, 0x09, 0x7E, 0x36, 0xE7, 0xF3, 0x3E, 0xDB, 0xEF, 0xBD, 0xF9, 0xC8, 0x6E, 0x96, 0xAC,
    0x84, 0xA5, 0x79, 0xC7, 0x63, 0xDF, 0x8F, 0xDF, 0xF9, 0xB8, 0xF7, 0x9E, 0x73, 0xEE, 0xF5, 0x33,
    0x06, 0xAF, 0x6D, 0x73, 0x4A, 0x34, 0x28, 0x62, 0xA2, 0x61, 0x16, 0x11, 0x8D, 0x4D, 0x90, 0x21,
    0x3D, 0x30, 0x7E, 0x81, 0xB4, 0x31, 0x93, 0x19, 0x10, 0xA7, 0x36, 0xEE, 0x1C, 0x28, 0xFE, 0xD4,
    0x40, 0xF1, 0xE1, 0x09, 0x50, 0x2C, 0x14, 0x77, 0x70, 0x41, 0xA5, 0x08, 0x29, 0x36, 0xF9, 0xC9,
    0xD1, 0x51, 0x8B, 0xEF, 0x4A, 0xAC, 0x0E, 0x65, 0xE7, 0x58, 0x9D, 0xEA, 0x4E, 0xB0, 0x0D, 0x68,
    0x80, 0xDA, 0x84, 0x06, 0xB8, 0x8F, 0x5D, 0xE9, 0x33, 0x32, 0x8C, 0x21, 0xC8, 0x76, 0x89, 0xFA,
    0xC5, 0x09, 0xD1, 0xC9, 0xAC, 0x26, 0xEA, 0x7E, 0x4A, 0xD5, 0x8D, 0xF9, 0xCF, 0x8C, 0x69, 0x5E,
    0x30, 0x8D, 0x33, 0xA1, 0x4C, 0xCC, 0xF7, 0x84, 0x7E, 0xC3, 0x0C, 0xAE, 0x1D, 0x44, 0xE5, 0x76,
    0x1D, 0xD4, 0x0E, 0xDA, 0x63, 0x68, 0x33, 0x2D, 0x9C, 0x16, 0xBB, 0x37, 0xA9, 0x31, 0x4F, 0x41,
    0xFF, 0xD4, 0x4C, 0x58, 0xB0, 0x5C, 0xE8, 0xB7, 0x34, 0xC2, 0x08, 0xFD, 0x6E, 0xB7, 0x19, 0xFC,
    0xC6, 0x5D, 0xED, 0x97, 0x4E, 0xF7, 0x41, 0x1B, 0x14, 0x5E, 0x6D, 0xA2, 0x3F, 0x14, 0x50, 0xCA,
    0xFF, 0xA8, 0x80, 0xDA, 0x93, 0x2E, 0x43, 0x08, 0x5D, 0x76, 0x80, 0xBF, 0x24, 0xA0, 0x9C, 0x44,
    0xD0, 0xE2, 0xAF, 0xD3, 0xE0, 0xEF, 0xA4, 0x46, 0xC9, 0x7B, 0x73, 0xEC, 0x13, 0x2A, 0xC6, 0x09,
    0xA2, 0x8F, 0x66, 0x2E, 0x48, 0xCE, 0xEF, 0xF2, 0x9A, 0x00, 0x62, 0x7F, 0xD1, 0x39, 0xD6, 0x46,
    0x91, 0x36, 0xFC, 0xFB, 0xBB, 0x23, 0xB8, 0x1A, 0xC3, 0x82, 0xFB, 0x42, 0xBF, 0x5F, 0x72, 0x6B,
    0xEF, 0xC1, 0xD3, 0x5F, 0xDF, 0x66, 0x6B, 0xEA, 0xDA, 0x04, 0xAD, 0x06, 0xDE, 0xCD, 0xDF, 0x00,
    0xC6, 0xDA, 0x64, 0xA7, 0x85, 0xCE, 0x62, 0x60, 0x2C, 0xAF, 0x50, 0x28, 0xC0, 0xDF, 0xCC, 0xB8,
    0xD8, 0x7F, 0x2C, 0x56, 0xD1, 0xD5, 0x24, 0xE7, 0x49, 0xDD, 0x90, 0xEC, 0x83, 0xD9, 0x81, 0x09,
    0xA1, 0x8D, 0x18, 0xEC, 0x33, 0x22, 0x69, 0x86, 0xA8, 0x28, 0xA8, 0x12, 0x24, 0x40, 0xFD, 0x39,
    0xD0, 0x29, 0xB4, 0x52, 0x80, 0xB5, 0x4C, 0xA9, 0x45, 0xB4, 0x1A, 0x10, 0x31, 0xBD, 0xF7, 0x2A,
    0xA4, 0x91, 0x09, 0x4B, 0xB4, 0xAA, 0x30, 0x49, 0x13, 0xB2, 0xEC, 0xBF, 0x2C, 0xD8, 0xB2, 0xFF,
    0x5E, 0xB1, 0x65, 0xA3, 0x25, 0xB8, 0x60, 0xD9, 0x68, 0xBD, 0xA0, 0x11, 0xD3, 0xB1, 0xFA, 0x27,
    0xA8, 0x80, 0x3C, 0x31, 0xDE, 0x03, 0xC0, 0x0D, 0x55, 0xDC, 0xB7, 0x3A, 0x32, 0x1A, 0x34, 0x71,
    0xE2, 0xCB, 0xF2, 0xE9, 0x74, 0x6C, 0xA0, 0x1D, 0x3D, 0xF5, 0x3A, 0x32, 0x1A, 0xFF, 0x01, 0xDB,
    0xCE, 0xDF, 0xB8, 0xCA, 0xDB, 0x64, 0xB4, 0xF1, 0xCB, 0xD8, 0xA7, 0x49, 0x89, 0x67, 0xB6, 0x07,
    0x84, 0x40, 0x16, 0xD9, 0xA0, 0x2D, 0x98, 0x49, 0x85, 0xC6, 0x80, 0x38, 0x22, 0xE2, 0x9F, 0xC0,
    0x83, 0x28, 0xE0, 0x0E, 0x9F, 0x20, 0x3E, 0x78, 0x3F, 0xA9, 0xC9, 0x5A, 0xB1, 0x19, 0xA8, 0xEB,
    0x2C, 0x88, 0x65, 0xB8, 0xA5, 0x76, 0x53, 0x6C, 0x04, 0x87, 0x83, 0x8F, 0x7D, 0x46, 0x05, 0x56,
    0x85, 0x66, 0xC8, 0xA2, 0x83, 0x79, 0x8C, 0xC4, 0x9B, 0xD3, 0x70, 0xED, 0xEA, 0x94, 0x48, 0x93,
    0xAE, 0xF9, 0xAF, 0x91, 0x22, 0x52, 0x01, 0x71, 0x00, 0x0A, 0x69, 0xCC, 0xE3, 0xA6, 0x11, 0x07,
    0xE0, 0xA1, 0x6E, 0x41, 0xF8, 0x0B, 0x02, 0x41, 0x90, 0x1A, 0x02, 0x38, 0x69, 0x68, 0x58, 0x22,
    0x1E, 0xE8, 0x1E, 0xF1, 0x80, 0xB1, 0xE3, 0x70, 0x82, 0x5B, 0xC4, 0x03, 0x3A, 0xC7, 0x51, 0x0B,
    0xCD, 0x20, 0xEF, 0x50, 0x09, 0x6D, 0x02, 0x9A, 0x59, 0x90, 0x94, 0x88, 0x29, 0x13, 0x53, 0x27,
    0x26, 0xFA, 0xFD, 0xBC, 0x27, 0xCF, 0xE0, 0xA3, 0xB2, 0x27, 0x6B, 0x91, 0xBC, 0xE8, 0x41, 0xAE,
    0x2D, 0xB4, 0xC6, 0x44, 0x46, 0x4F, 0x06, 0xC3, 0x8A, 0x69, 0x7C, 0xC6, 0xAF, 0xA5, 0x2C, 0x37,
    0x4E, 0x80, 0xCC, 0x72, 0xC4, 0x1B, 0xB2, 0xBA, 0xFE, 0x64, 0xB2, 0x2B, 0x74, 0x2A, 0x94, 0x65,
    0xD4, 0x65, 0x4A, 0xE3, 0x23, 0xBA, 0x12, 0x2D, 0xA7, 0xF5, 0x22, 0x33, 0x6C, 0xD7, 0x9F, 0x0D,
    0xFB, 0x25, 0xDD, 0x53, 0x83, 0x82, 0x4B, 0x71, 0x3A, 0x82, 0xDB, 0xF2, 0x61, 0x21, 0x8D, 0xE8,
    0xD6, 0xF1, 0x06, 0x3E, 0xF9, 0x7D, 0xC7, 0xE5, 0xA0, 0x3F, 0xA2, 0x28, 0xF8, 0x84, 0xF1, 0x84,
    0xD2, 0x28, 0xD1, 0x58, 0xDA, 0xDB, 0x15, 0x3A, 0x15, 0xBA, 0x86, 0xCF, 0x63, 0xE1, 0x73, 0x50,
    0x2F, 0x32, 0xC3, 0x76, 0x81, 0xCF, 0x41, 0xBF, 0xC0, 0x27, 0xD3, 0x54, 0x70, 0xAD, 0xF2, 0x79,
    0x7C, 0x31, 0x9F, 0x76, 0xFE, 0xEE, 0x0E, 0x71, 0x76, 0x6C, 0x4C, 0xD4, 0x7E, 0x50, 0x9B, 0xBC,
    0x34, 0x37, 0x5D, 0x94, 0xA1, 0x57, 0x93, 0x79, 0xEB, 0xD4, 0x4D, 0x8B, 0x41, 0x2C, 0x1C, 0xB4,
    0xF8, 0xB3, 0x30, 0xF9, 0xAB, 0xAF, 0xBE, 0x62, 0xEE, 0x13, 0x08, 0xAB, 0x22, 0xB2, 0xEE, 0x10,
    0x95, 0x12, 0x34, 0xC6, 0x01, 0x4B, 0xFA, 0x3C, 0x27, 0x51, 0x26, 0x66, 0xBB, 0x3B, 0x33, 0xB7,
    0x00, 0xD2, 0x3B, 0x46, 0x16, 0xB7, 0x52, 0xE8, 0x82, 0x71, 0x6C, 0x77, 0x82, 0x2B, 0x12, 0x95,
    0x7A, 0x15, 0x53, 0x36, 0x5B, 0xB8, 0xEE, 0x8F, 0x6D, 0x41, 0x2A, 0x04, 0x99, 0x52, 0x1E, 0x62,
    0x5D, 0xA1, 0xF4, 0x16, 0x19, 0xD1, 0x71, 0x36, 0x2C, 0x37, 0xB6, 0xC5, 0x03, 0xA1, 0xCD, 0xD0,
    0x94, 0xC2, 0x99, 0xE0, 0xCA, 0x2C, 0x4E, 0xA2, 0xF0, 0x78, 0xC0, 0x47, 0x3D, 0xF8, 0x4D, 0xB0,
    0x81, 0xD8, 0x3C, 0x49, 0xBF, 0x22, 0x4D, 0xD2, 0x09, 0x73, 0x48, 0xF7, 0x33, 0xD2, 0x3E, 0xCD,
    0x39, 0xA0, 0x04, 0x1E, 0x57, 0x29, 0xBB, 0x14, 0xE5, 0x72, 0x88, 0xF3, 0x6B, 0x19, 0xFE, 0xFC,
    0x9A, 0x05, 0xE7, 0x57, 0xCB, 0xD7, 0x7C, 0x4F, 0x53, 0x9E, 0x94, 0x69, 0x97, 0x92, 0xE6, 0x6E,
    0xC8, 0x70, 0x78, 0xBE, 0x72, 0x17, 0x4B, 0xF5, 0x73, 0x5B, 0xF1, 0x72, 0x1E, 0x95, 0x5F, 0xB4,
    0xF2, 0x8A, 0x7E, 0x70, 0x95, 0xBC, 0xCB, 0xB3, 0xC5, 0x7B, 0xAC, 0xF6, 0x85, 0x10, 0xB3, 0xE1,
    0xFA, 0xAD, 0xE9, 0xAD, 0xB8, 0x0F, 0x45, 0xA0, 0xCF, 0xF6, 0xE8, 0xE8, 0xFD, 0x95, 0x6E, 0x4F,
    0x1E, 0x59, 0x0F, 0x70, 0x7D, 0xAB, 0x07, 0xFD, 0x19, 0xBD, 0xB9, 0x23, 0xD4, 0x91, 0x79, 0xD6,
    0x78, 0x32, 0x21, 0xC2, 0x8A, 0xFE, 0xFF, 0x22, 0x70, 0x7D, 0x7F, 0xA0, 0x72, 0x54, 0x0C, 0x8D,
    0x7A, 0xF7, 0x13, 0x99, 0x15, 0xCD, 0x44, 0xEB, 0x9A, 0x89, 0x9D, 0x10, 0x7D, 0x5B, 0xE1, 0x69,
    0x7B, 0xF7, 0x4D, 0x7B, 0xF7, 0x82, 0xBD, 0xFB, 0xA9, 0xBD, 0x7B, 0xD1, 0xDE, 0xDD, 0xB3, 0x77,
    0x33, 0x7B, 0x57, 0xEA, 0x8D, 0xBB, 0xEC, 0x2C, 0xD3, 0x3B, 0xEF, 0xC2, 0x6E, 0x9F, 0xBB, 0xB0,
    0xDB, 0x37, 0x85, 0xDE, 0xB4, 0xDD, 0xDE, 0xD3, 0x6E, 0x9D, 0xCA, 0x29, 0x75, 0x22, 0xD3, 0x6E,
    0xFD, 0x46, 0xBB, 0x7D, 0xF6, 0x54, 0xBB, 0x7D, 0x31, 0xD5, 0x6E, 0x5F, 0x8F, 0x6D, 0xB7, 0xD1,
    0x1F, 0xF5, 0x2E, 0xF8, 0x97, 0xBD, 0xAB, 0x2D, 0xE2, 0xCA, 0x72, 0x31, 0xB7, 0x9C, 0x59, 0x6E,
    0x9D, 0x72, 0x75, 0xA8, 0x6D, 0xA3, 0x47, 0xF7, 0x9D, 0x43, 0x58, 0x01, 0x12, 0x58, 0x64, 0x6A,
    0x0F, 0x3C, 0x57, 0x98, 0x68, 0xAA, 0xF0, 0x0C, 0x3C, 0xC0, 0xEE, 0xF0, 0x26, 0xCC, 0x96, 0xF9,
    0xCB, 0x0D, 0xCD, 0xC0, 0xE1, 0x47, 0x1C, 0xFC, 0x78, 0xB8, 0x76, 0x9D, 0x88, 0xF3, 0x71, 0x22,
    0x33, 0xC5, 0x89, 0xF8, 0x24, 0xFB, 0x80, 0xE6, 0x41, 0x49, 0x33, 0x77, 0xFC, 0xD7, 0x0A, 0x3D,
    0x26, 0xB7, 0x73, 0xE0, 0x45, 0xD0, 0x82, 0x8F, 0x9F, 0x7E, 0x7E, 0x8F, 0xBC, 0x7C, 0x1F, 0x9C,
    0x5E, 0xF2, 0xF3, 0x21, 0x18, 0xE1, 0xFE, 0x69, 0x35, 0x47, 0x00, 0x0B, 0x23, 0x08, 0xBA, 0x42,
    0x20, 0x84, 0x33, 0xC1, 0x30, 0xA9, 0x14, 0x44, 0x6D, 0x51, 0x58, 0x18, 0x8A, 0xE3, 0x8E, 0x02,
    0x39, 0x51, 0x24, 0x8D, 0x40, 0x71, 0x6B, 0xC1, 0xE2, 0xCF, 0x05, 0x4C, 0x5E, 0x0A, 0x9A, 0x4E,
    0xC2, 0x8E, 0xE3, 0x33, 0x95, 0x4A, 0xFD, 0x44, 0x12, 0x9E, 0xDE, 0x6A, 0x21, 0x3C, 0xE3, 0xBE,
    0x3B, 0x54, 0xF7, 0x8B, 0xEB, 0x57, 0xD2, 0x60, 0x36, 0x8C, 0x28, 0xDB, 0x0D, 0xAF, 0xC5, 0x5A,
    0x73, 0xB1, 0xAC, 0x66, 0xE8, 0x4A, 0x46, 0xD7, 0x7A, 0xAD, 0x5E, 0x83, 0x27, 0xAF, 0x43, 0x79,
    0x9D, 0xB2, 0xF9, 0x3B, 0xB2, 0x3A, 0x78, 0xCC, 0xCE, 0x3C, 0x14, 0xCA, 0x1E, 0xC3, 0xD1, 0xDD,
    0x93, 0xCD, 0xD7, 0x92, 0xDD, 0x3F, 0x2F, 0x99, 0x75, 0x2B, 0x19, 0x16, 0x09, 0xC5, 0xB4, 0x18,
    0x29, 0x15, 0xF8, 0x2C, 0x4A, 0x70, 0xA8, 0xC4, 0x14, 0x85, 0x9D, 0x92, 0xD7, 0xDA, 0xA0, 0xDF,
    0x02, 0xAF, 0x62, 0x2A, 0x7E, 0x4A, 0xC5, 0x9B, 0x47, 0x50, 0xFC, 0x39, 0xF1, 0x89, 0xD9, 0x2B,
    0x62, 0xDF, 0xE6, 0x74, 0xB8, 0x68, 0x5C, 0x86, 0xF9, 0x0D, 0x6A, 0xB5, 0xA1, 0x56, 0xEF, 0x53,
    0xAB, 0xF1, 0x82, 0x82, 0x25, 0x02, 0x31, 0x61, 0x10, 0x0D, 0x81, 0xE8, 0x08, 0xC4, 0x83, 0xB7,
    0x10, 0xC4, 0x2F, 0x3F, 0x46, 0x10, 0x14, 0xDF, 0x9D, 0x9A, 0x8E, 0x30, 0xA7, 0x8C, 0xB9, 0xC0,
    0xD6, 0xF3, 0x39, 0xB6, 0xD4, 0xD6, 0x84, 0x79, 0x41, 0x98, 0xA7, 0x84, 0xF9, 0xC6, 0xE5, 0x98,
    0x9F, 0x1A, 0xCD, 0x8B, 0xEA, 0xFE, 0xAB, 0x25, 0x69, 0xAE, 0x82, 0x03, 0x49, 0x9B, 0xCB, 0xD0,
    0xDC, 0x86, 0xE6, 0x3A, 0x34, 0xF7, 0xA1, 0xB9, 0x90, 0x03, 0xF1, 0x05, 0x1B, 0xCE, 0x42, 0x38,
    0x35, 0x4F, 0x68, 0xF0, 0x43, 0x32, 0xF1, 0x66, 0x2C, 0x21, 0x04, 0x77, 0x4A, 0x69, 0x1C, 0x06,
    0x17, 0x0B, 0xD4, 0x7D, 0x79, 0x87, 0x65, 0xBC, 0x12, 0x66, 0x5C, 0xAE, 0x4B, 0x6D, 0xC0, 0x3F,
    0x5E, 0xC9, 0x6D, 0x33, 0x6F, 0xFB, 0xE2, 0x6F, 0xC6, 0xC2, 0x5F, 0x98, 0xEC, 0x4B, 0x04, 0xF3,
    0xC2, 0x68, 0x19, 0x18, 0x4E, 0xF8, 0x5E, 0x32, 0xCA, 0x25, 0x25, 0xDA, 0x8E, 0xB6, 0xAB, 0xFD,
    0x68, 0xBF, 0x8A, 0x43, 0x71, 0x59, 0x9C, 0x8A, 0x5B, 0xF9, 0x50, 0xBE, 0x94, 0x4F, 0xE5, 0x5B,
    0xE5, 0xA0, 0x72, 0xB1, 0x72, 0xBA, 0x72, 0x0E, 0xA9, 0xDB, 0x90, 0x43, 0x8A, 0x46, 0x7A, 0x14,
    0xBD, 0x6E, 0xBD, 0x43, 0x63, 0x31, 0xA7, 0x6A, 0x3E, 0xFB, 0x4E, 0xF1, 0x99, 0x83, 0x93, 0x6F,
    0x4B, 0xBE, 0x1F, 0x4E, 0x11, 0x60, 0x77, 0x14, 0xE5, 0x89, 0x40, 0x0F, 0x34, 0x50, 0x8A, 0x78,
    0xE1, 0xDF, 0x65, 0x60, 0xD3, 0x01, 0xD9, 0x67, 0xC9, 0xDD, 0x79, 0x5C, 0xE4, 0x07, 0xB4, 0xD8,
    0x65, 0xE4, 0xAA, 0x6D, 0x25, 0x8F, 0xAD, 0xDB, 0xFD, 0x3E, 0x51, 0xDE, 0x45, 0x20, 0x71, 0xCF,
    0x68, 0x62, 0x15, 0x9D, 0x08, 0x12, 0x13, 0x08, 0xF8, 0xC7, 0x42, 0x56, 0x91, 0x07, 0xAC, 0x00,
    0x47, 0xD2, 0x32, 0x5B, 0x7F, 0x62, 0x5D, 0x63, 0x6E, 0x04, 0xFE, 0xBA, 0x8A, 0xA6, 0x5C, 0x34,
    0x10, 0x9C, 0x53, 0xB1, 0x25, 0x34, 0x12, 0xFB, 0x57, 0x3C, 0xDC, 0x5F, 0x30, 0xFA, 0xC3, 0xF9,
    0x1A, 0x53, 0x87, 0x10, 0x5A, 0xC6, 0x00, 0x33, 0x06, 0x04, 0xF1, 0x21, 0xC5, 0xAB, 0x80, 0x7B,
    0x0F, 0x5E, 0xC2, 0xB4, 0x32, 0x81, 0xC9, 0xC6, 0x81, 0xF5, 0x3C, 0x00, 0xF4, 0x68, 0x29, 0x18,
    0x60, 0x48, 0x46, 0x87, 0x30, 0xA9, 0xAD, 0xA7, 0x42, 0x0F, 0xBE, 0xE2, 0xF4, 0xB4, 0x3F, 0xE7,
    0x14, 0x9C, 0xFF, 0x41, 0x19, 0x34, 0x1C, 0x7B, 0x3B, 0x92, 0x16, 0x42, 0x37, 0x0C, 0x26, 0x66,
    0x17, 0x38, 0x47, 0xCD, 0xB8, 0x38, 0xE5, 0x42, 0x54, 0xC5, 0x61, 0x93, 0xD9, 0x81, 0x19, 0x37,
    0xDB, 0x6E, 0x50, 0x40, 0xE0, 0xC5, 0xC4, 0x0D, 0x4A, 0x28, 0xE8, 0x12, 0x70, 0x8A, 0x40, 0x44,
    0x51, 0x81, 0x0B, 0x1F, 0xC8, 0x28, 0x26, 0xFD, 0x83, 0x90, 0x52, 0xD2, 0x28, 0xF4, 0x7A, 0x9F,
    0x44, 0x07, 0x37, 0xA7, 0x34, 0x2F, 0xAC, 0xBD, 0x39, 0xF9, 0x8A, 0xDD, 0x34, 0xCB, 0x1B, 0xDF,
    0xDE, 0x94, 0x24, 0xBC, 0x86, 0xF2, 0x62, 0x51, 0xE6, 0xF0, 0xB4, 0x11, 0x27, 0x6E, 0x4D, 0x32,
    0xCD, 0x29, 0x4B, 0x0C, 0x21, 0xFD, 0x62, 0x82, 0x71, 0x2E, 0x48, 0xAE, 0x9A, 0x74, 0x59, 0x84,
    0xF9, 0xB5, 0x6C, 0x72, 0x2E, 0xC9, 0x87, 0x75, 0x36, 0x3F, 0x5B, 0x6F, 0xF3, 0xD8, 0x0B, 0x29,
    0xE1, 0x81, 0xF1, 0x7E, 0xF1, 0x61, 0xF1, 0xB4, 0x5F, 0x94, 0xCF, 0xFA, 0xC5, 0xBD, 0xFE, 0x1F,
    0x3C, 0x9B, 0xE1, 0x3B, 0xF7, 0xC1, 0x03, 0x6E, 0x36, 0x28, 0x2F, 0xB6, 0xF9, 0x7C, 0x6C, 0xF3,
    0xBC, 0x52, 0x83, 0x1B, 0xCF, 0xB3, 0xF0, 0xA2, 0x4F, 0x3C, 0xF1, 0xA2, 0x6E, 0x9B, 0x2F, 0xE7,
    0xDA, 0xE2, 0x1F, 0x72, 0xCE, 0xD2, 0x2C, 0xC7, 0x75, 0xA1, 0x2B, 0x28, 0x99, 0xDE, 0x95, 0x34,
    0xCD, 0xE7, 0x05, 0x2D, 0xDF, 0x51, 0x22, 0x44, 0x1E, 0x6A, 0x11, 0xAE, 0x20, 0xD5, 0xB7, 0x6C,
    0x8B, 0x5F, 0xC6, 0x75, 0xBB, 0xEF, 0x56, 0x0E, 0xA5, 0x24, 0xA2, 0x23, 0x41, 0x22, 0xC4, 0xAE,
    0xEC, 0x4A, 0x81, 0xB3, 0x81, 0xEB, 0x38, 0xC3, 0x32, 0xC8, 0xDC, 0xFF, 0x96, 0xAF, 0xAB, 0xCB,
    0x9F, 0x97, 0x53, 0x8A, 0x76, 0x1A, 0x23, 0xD1, 0x4E, 0x63, 0x24, 0xDA, 0xC1, 0xF2, 0x1C, 0xED,
    0x98, 0xC9, 0x82, 0xA3, 0x1D, 0xCA, 0xBC, 0x60, 0xB4, 0x43, 0x46, 0x47, 0x8E, 0x6D, 0xAA, 0xD1,
    0x4E, 0xA3, 0xD1, 0x0E, 0x0A, 0x8C, 0xA2, 0x1D, 0x5A, 0x39, 0x62, 0xF6, 0xD2, 0x39, 0xDA, 0x21,
    0xE7, 0x9B, 0xA2, 0x1D, 0xF3, 0x33, 0x89, 0x76, 0x20, 0xCE, 0xD2, 0x4D, 0x16, 0xE8, 0xF1, 0xEB,
    0x98, 0xD7, 0xFF, 0x1A, 0x3E, 0x9C, 0xE1, 0x52, 0xE4, 0x76, 0xC7, 0x2D, 0x76, 0x11, 0x54, 0x06,
    0x8A, 0x2F, 0xD0, 0x63, 0x0F, 0xDB, 0x9C, 0xBC, 0x4A, 0xA8, 0x5C, 0x90, 0x53, 0x40, 0x75, 0xAF,
    0x78, 0x7D, 0x97, 0x7D, 0x75, 0x23, 0xD9, 0xBE, 0x44, 0xA9, 0x71, 0x7E, 0x03, 0x6F, 0x6F, 0x20,
    0xE7, 0x98, 0xEC, 0xC7, 0x05, 0x0D, 0x47, 0x52, 0xE2, 0x2D, 0x5C, 0x78, 0xD9, 0xD2, 0x06, 0x51,
    0x05, 0x06, 0x01, 0xB2, 0xF0, 0x71, 0xAD, 0xFB, 0xB1, 0xE1, 0xF8, 0xF0, 0x06, 0xAE, 0xE1, 0x87,
    0xAB, 0xFD, 0x7C, 0xFB, 0x55, 0xBA, 0x56, 0xFB, 0xD9, 0x70, 0x8D, 0xCB, 0x29, 0xCE, 0x47, 0x26,
    0x8F, 0x51, 0x3B, 0x93, 0x41, 0x3B, 0xCD, 0xE6, 0x76, 0x7E, 0x54, 0xB3, 0x62, 0x5C, 0x34, 0x0B,
    0x0C, 0x4C, 0xFD, 0x16, 0xC2, 0x81, 0xB4, 0x05, 0x0B, 0x2A, 0x28, 0xD4, 0xF5, 0xE7, 0x31, 0x87,
    0xF9, 0x4E, 0xBD, 0x2F, 0x6B, 0x50, 0x73, 0x22, 0x8E, 0x2F, 0x99, 0xC5, 0x42, 0xCC, 0xC2, 0xAD,
    0xC5, 0x2C, 0x28, 0xFA, 0x52, 0xB3, 0x70, 0x96, 0x66, 0xE1, 0x8B, 0x59, 0x14, 0x6B, 0xCC, 0xE2,
    0x2A, 0x17, 0x8B, 0xFC, 0x15, 0x8D, 0x3A, 0x17, 0xBD, 0x9B, 0x2F, 0x5C, 0xEB, 0xE6, 0x60, 0xCB,
    0xE1, 0xCE, 0x20, 0x54, 0x15, 0x3F, 0x76, 0xDE, 0xCF, 0x6E, 0xF0, 0x7E, 0x2A, 0xCD, 0xD4, 0xC3,
    0x0C, 0x1F, 0x28, 0x33, 0xE7, 0x9D, 0x39, 0xD9, 0x9E, 0xD8, 0x1F, 0x24, 0xEC, 0x6A, 0xC9, 0xC3,
    0x98, 0xD5, 0x7A, 0xC7, 0x9F, 0x50, 0x3D, 0xD9, 0xBD, 0x90, 0x84, 0x74, 0x34, 0x48, 0x47, 0x0F,
    0xDB, 0x12, 0x78, 0xCF, 0xF7, 0xB8, 0xBB, 0x5A, 0x92, 0x73, 0xF5, 0x1A, 0xD6, 0xB3, 0xA2, 0xBA,
    0xAA, 0x2A, 0x56, 0xBB, 0x1D, 0xCA, 0xF3, 0x64, 0x2C, 0x4F, 0xA8, 0xF4, 0xDA, 0xF9, 0x9A, 0x7A,
    0xFE, 0x80, 0x79, 0x49, 0xC6, 0x47, 0xCB, 0x6D, 0xA1, 0x31, 0xCE, 0xD7, 0x16, 0x84, 0xD3, 0xA9,
    0x36, 0xE8, 0x66, 0xA5, 0x42, 0xCA, 0x8C, 0xC5, 0x9B, 0x75, 0x33, 0xC8, 0xA9, 0xCA, 0x38, 0x16,
    0x58, 0x8E, 0x84, 0x30, 0x11, 0x8F, 0xEF, 0x6D, 0xF9, 0x37, 0x95, 0x65, 0x84, 0x26, 0x5E, 0x28,
    0x54, 0xF7, 0x0B, 0xB9, 0x1D, 0x5B, 0x75, 0xDA, 0xF6, 0x0B, 0xE9, 0x5B, 0x5B, 0x9A, 0xB6, 0x5A,
    0x38, 0x3C, 0xB2, 0xD9, 0x07, 0x89, 0x97, 0xA2, 0x56, 0x8B, 0x56, 0x5A, 0x34, 0x1B, 0x17, 0x95,
    0xF4, 0x5A, 0x24, 0xD4, 0x29, 0x36, 0xAE, 0x18, 0xAC, 0xB1, 0xDB, 0x01, 0x4B, 0x64, 0xA6, 0x54,
    0x99, 0x8E, 0x75, 0xFF, 0x43, 0xF7, 0xEA, 0xB4, 0xE9, 0xD4, 0x6E, 0xC5, 0x28, 0xAC, 0x31, 0x07,
    0xBE, 0x72, 0xB0, 0xB1, 0xA8, 0x4A, 0x28, 0xAF, 0x65, 0xCF, 0xFA, 0x02, 0x09, 0xAD, 0x14, 0x62,
    0xE6, 0x63, 0xC9, 0x0F, 0xC5, 0x02, 0xEB, 0x87, 0x97, 0x18, 0xA8, 0xCC, 0xCF, 0x3A, 0xDF, 0xEA,
    0x2E, 0x50, 0x36, 0x2C, 0xA5, 0xE9, 0xC9, 0xBD, 0x79, 0x5F, 0xF4, 0x8E, 0xC8, 0x37, 0xE4, 0xE2,
    0xDB, 0x02, 0x41, 0x70, 0xEE, 0x0C, 0xD5, 0xBD, 0xA7, 0x3B, 0xD2, 0x6A, 0x22, 0x99, 0x48, 0xE7,
    0x5C, 0xA5, 0x23, 0xC2, 0x48, 0x45, 0x9D, 0xAE, 0xCA, 0x2D, 0xB4, 0x9A, 0x6F, 0x55, 0x9D, 0x67,
    0x66, 0xD4, 0xC8, 0x7C, 0xB8, 0xA3, 0x69, 0x92, 0xAB, 0xEA, 0xF5, 0xB2, 0x01, 0x3C, 0x2E, 0xAF,
    0xED, 0xE8, 0xFB, 0x97, 0x74, 0xCB, 0xB4, 0x1C, 0xA3, 0xAF, 0xC6, 0xE8, 0x17, 0x2B, 0xE8, 0x93,
    0xB1, 0x08, 0x46, 0x8D, 0x84, 0xBC, 0xA5, 0xEC, 0x0E, 0x45, 0xE8, 0x0F, 0xA5, 0x1F, 0x0D, 0xA5,
    0x9F, 0x0F, 0xA4, 0x4F, 0x2E, 0x73, 0xDF, 0x6E, 0x6F, 0x3E, 0x94, 0x1D, 0x6C, 0x5C, 0xAF, 0x6D,
    0x79, 0x6D, 0x67, 0x58, 0xAA, 0x30, 0x6E, 0x26, 0x09, 0x45, 0x9E, 0xBE, 0x61, 0xC5, 0xCB, 0x13,
    0xDE, 0x1A, 0xB3, 0xBB, 0x5C, 0xBC, 0x5D, 0x05, 0xE1, 0x85, 0x6E, 0x64, 0x79, 0xBA, 0xC5, 0xC5,
    0xC3, 0x36, 0x4F, 0x78, 0x23, 0x0D, 0x2A, 0xF8, 0xBA, 0xBF, 0x25, 0x3B, 0x5F, 0x09, 0xA7, 0x24,
    0xA1, 0x02, 0x6F, 0x88, 0x41, 0x05, 0xDE, 0x2A, 0xD3, 0x3A, 0xCB, 0x27, 0x50, 0xC6, 0x17, 0x49,
    0xE9, 0x3B, 0xDB, 0x8E, 0xAB, 0x2D, 0x63, 0x59, 0xDE, 0x95, 0xB3, 0xBD, 0x5B, 0x3C, 0x16, 0xFB,
    0x12, 0xB3, 0xE5, 0xA2, 0xD7, 0x8D, 0x72, 0x8A, 0xBC, 0x27, 0xFD, 0x24, 0xEF, 0x5D, 0xD9, 0x8F,
    0x95, 0x24, 0xEB, 0x6A, 0x6B, 0xD0, 0xB3, 0x84, 0xA3, 0x8F, 0x12, 0x74, 0x26, 0xDD, 0x04, 0x73,
    0xC9, 0xF6, 0x6A, 0xE9, 0xA5, 0xA0, 0x67, 0x97, 0x0B, 0xDA, 0x6C, 0x10, 0x34, 0x54, 0x60, 0xCC,
    0x96, 0x0B, 0xCB, 0x97, 0xE5, 0xF4, 0x27, 0xC6, 0xAC, 0x3A, 0x88, 0xE1, 0x32, 0x39, 0x99, 0xF1,
    0x22, 0xC6, 0x63, 0x78, 0x6A, 0x72, 0xA2, 0x77, 0xFC, 0x56, 0x0E, 0xF7, 0x88, 0x6C, 0xDA, 0x41,
    0xB2, 0x4C, 0xDE, 0x62, 0x42, 0x83, 0x87, 0x06, 0xD3, 0xFC, 0x63, 0x0E, 0x45, 0xDB, 0x09, 0x33,
    0x34, 0xA3, 0xCD, 0x2E, 0x28, 0x4C, 0x0B, 0x15, 0xCC, 0xDD, 0xB4, 0x80, 0x7A, 0x5D, 0x12, 0xF0,
    0x39, 0x80, 0x2A, 0x90, 0xA1, 0xB9, 0xA7, 0x27, 0x2A, 0x74, 0xAC, 0xCA, 0x00, 0xD0, 0x61, 0x94,
    0xCA, 0x83, 0x13, 0x79, 0x50, 0x4B, 0x89, 0x8A, 0x4B, 0x38, 0x73, 0xAE, 0x82, 0xBE, 0x50, 0x3A,
    0xE7, 0x95, 0x16, 0x93, 0x89, 0x04, 0x03, 0xBA, 0x72, 0x57, 0xB6, 0x79, 0xA6, 0xE2, 0xA0, 0x4C,
    0x65, 0x8C, 0xDE, 0x21, 0x38, 0xBC, 0xE4, 0x02, 0x3E, 0x5E, 0x73, 0xE1, 0x41, 0xC5, 0x70, 0x7E,
    0xCE, 0xFC, 0xA5, 0x9F, 0xCD, 0x87, 0x6B, 0x60, 0x5A, 0xE9, 0x14, 0x92, 0xC8, 0x0B, 0x89, 0x7A,
    0xDF, 0xE6, 0x07, 0x41, 0xC6, 0x25, 0x82, 0xC4, 0xA3, 0x07, 0x21, 0xCC, 0x3A, 0x74, 0xA6, 0x4B,
    0x24, 0xB8, 0x2B, 0x4B, 0xF7, 0x34, 0x64, 0x81, 0xEE, 0x4B, 0xC3, 0x32, 0x9B, 0xE8, 0xC2, 0x1E,
    0xB6, 0x83, 0x95, 0x36, 0x64, 0x71, 0x3B, 0xDD, 0x3F, 0xE6, 0xFC, 0x96, 0x3D, 0x8B, 0x74, 0xC6,
    0x62, 0xDF, 0x95, 0x3D, 0xC6, 0x9B, 0xEA, 0x1F, 0x18, 0x6F, 0xCD, 0x7C, 0x62, 0x7D, 0x87, 0x62,
    0xE8, 0x3B, 0xAC, 0x5D, 0xF4, 0x86, 0xBE, 0xC3, 0xFA, 0x42, 0xFA, 0xEF, 0xF5, 0x3C, 0x84, 0xCB,
    0x8B, 0x6E, 0xE6, 0x81, 0x62, 0x26, 0x07, 0xAD, 0x03, 0x93, 0x13, 0x19, 0x9D, 0x08, 0x81, 0x00,
    0x20, 0x38, 0xC7, 0x73, 0x5C, 0x69, 0x02, 0xE3, 0x2D, 0xAE, 0xBC, 0x05, 0x06, 0x88, 0x5E, 0x07,
    0xED, 0xDE, 0xA1, 0x98, 0x29, 0xA3, 0x98, 0x89, 0xB3, 0xB8, 0xC3, 0x73, 0x3D, 0xF9, 0xD9, 0x17,
    0xF6, 0x20, 0x36, 0x17, 0x0D, 0x58, 0xBE, 0x57, 0xF4, 0x2D, 0xCE, 0xFB, 0x0B, 0xBB, 0x3B, 0x5C,
    0xD8, 0xED, 0x5A, 0xF7, 0xD2, 0xA6, 0x45, 0xE1, 0x91, 0xC8, 0xC3, 0x39, 0x1C, 0xF8, 0x1C, 0xB2,
    0xEA, 0xB9, 0xB2, 0x58, 0xA6, 0x8C, 0x5F, 0x96, 0xB9, 0x6D, 0x66, 0xDB, 0xC9, 0x59, 0x7B, 0x11,
    0x33, 0xAF, 0x2B, 0xAD, 0xFC, 0x8B, 0xAF, 0x55, 0x6C, 0xD6, 0xB5, 0x28, 0x39, 0xDA, 0xA5, 0x15,
    0x37, 0x38, 0xE4, 0xE6, 0xD1, 0xCA, 0x77, 0xA0, 0x2E, 0x15, 0xDB, 0x03, 0x60, 0x58, 0xCC, 0xC1,
    0x29, 0x06, 0x8B, 0x61, 0x32, 0x4B, 0x51, 0x40, 0x31, 0x51, 0xC0, 0x9E, 0xBA, 0x22, 0x4B, 0x8B,
    0xAA, 0xCC, 0x2A, 0x16, 0x47, 0x82, 0x8E, 0x3D, 0x85, 0x3F, 0x63, 0x3C, 0xE7, 0x32, 0xDA, 0x92,
    0x25, 0x2A, 0xA0, 0xD5, 0x30, 0xF1, 0xAF, 0xBB, 0xE9, 0xE1, 0xC8, 0xB5, 0x50, 0xB6, 0x97, 0x7C,
    0x59, 0x58, 0xE9, 0xAA, 0x8F, 0x31, 0xF2, 0x9D, 0xD4, 0x9B, 0x90, 0x02, 0x63, 0x60, 0x35, 0xCD,
    0x5B, 0xD8, 0x81, 0x5F, 0x12, 0x2F, 0xE0, 0x6B, 0x11, 0x6B, 0xD0, 0x72, 0xD4, 0x72, 0xC1, 0x30,
    0x63, 0x0E, 0x6E, 0xF4, 0x38, 0x38, 0xEC, 0xC9, 0x60, 0xE4, 0xA9, 0xF4, 0x31, 0xAC, 0x28, 0xA6,
    0xEA, 0x2B, 0x66, 0x29, 0x92, 0x75, 0x12, 0x9F, 0x2D, 0x7D, 0xD3, 0x4B, 0xCE, 0xD7, 0x8D, 0xF6,
    0x4C, 0xD5, 0x4B, 0xD4, 0x73, 0x70, 0xD1, 0x25, 0xE7, 0xEB, 0xF6, 0x47, 0x74, 0x3A, 0x2A, 0xB7,
    0x72, 0xA6, 0xEA, 0xB2, 0xF3, 0x75, 0xF1, 0xE8, 0x7C, 0x9D, 0x19, 0x9E, 0xAF, 0xBB, 0xF8, 0xA4,
    0x57, 0x36, 0x38, 0x61, 0xC5, 0x49, 0xA6, 0x5E, 0xF0, 0x68, 0x4F, 0x64, 0x29, 0xAA, 0x70, 0xE5,
    0xA4, 0xD7, 0x10, 0xA5, 0xA5, 0xD7, 0x3C, 0xE9, 0x55, 0x5D, 0x7C, 0xD2, 0xAB, 0x5C, 0x9E, 0xF4,
    0x1A, 0xB8, 0xE4, 0x92, 0x26, 0xE0, 0x58, 0x74, 0x0B, 0xA3, 0xFA, 0xF5, 0x7A, 0xDB, 0xED, 0x1D,
    0x5F, 0xA8, 0x39, 0xF8, 0x44, 0x79, 0xBA, 0x9C, 0x67, 0xA7, 0x95, 0x15, 0xE5, 0xED, 0xCB, 0x16,
    0x1D, 0xA2, 0xDE, 0x15, 0xB4, 0x53, 0x41, 0xBB, 0x2F, 0x68, 0xF7, 0x0D, 0x1F, 0xF7, 0x9E, 0x4A,
    0xAF, 0xBB, 0x9C, 0x91, 0xC6, 0xB2, 0xC4, 0x3C, 0xB4, 0x83, 0xBB, 0x7B, 0xF8, 0x4F, 0x2C, 0x7A,
    0x3B, 0x10, 0xBD, 0xC9, 0x01, 0x2D, 0x47, 0x9C, 0xA8, 0x7F, 0xCE, 0xD7, 0x9F, 0x8B, 0x0C, 0xC5,
    0xFE, 0xE2, 0x91, 0x85, 0x3C, 0x65, 0xB9, 0xBF, 0x61, 0x56, 0xA5, 0x8B, 0xF2, 0xC9, 0xD7, 0xEB,
    0xD9, 0xFD, 0x8C, 0xC7, 0xE1, 0x64, 0x2E, 0x07, 0xC2, 0x4A, 0x3E, 0x3F, 0x42, 0x59, 0x7A, 0x86,
    0x7C, 0x20, 0xCA, 0x89, 0x65, 0xE3, 0x97, 0xF4, 0xD5, 0x70, 0x0F, 0x98, 0xAA, 0x45, 0x2A, 0xDB,
    0x13, 0x94, 0x70, 0xB7, 0xC9, 0xF2, 0x8C, 0x25, 0x17, 0xC8, 0x86, 0x26, 0xD6, 0x3B, 0x15, 0xC9,
    0x35, 0x2C, 0x39, 0xD2, 0x51, 0xC3, 0x42, 0xA6, 0xAD, 0x8E, 0x82, 0xF5, 0x1C, 0x64, 0xEB, 0xF5,
    0xDC, 0xB2, 0x9E, 0x45, 0x4A, 0x56, 0xC5, 0xE6, 0x75, 0x9D, 0xCA, 0x45, 0x4E, 0xA1, 0xC8, 0xAD,
    0xFB, 0x9C, 0xE4, 0x35, 0x59, 0xAC, 0x3F, 0xEF, 0x3A, 0x1E, 0x8F, 0x9B, 0xC6, 0xE1, 0xFE, 0x86,
    0x71, 0x18, 0xAA, 0x25, 0xCB, 0x1C, 0xA2, 0x59, 0x7E, 0x47, 0xD3, 0x8E, 0x69, 0x37, 0xB4, 0x37,
    0xCE, 0x86, 0x26, 0xD7, 0xCD, 0x2E, 0xCB, 0x79, 0x87, 0x95, 0x98, 0x69, 0xA0, 0xCF, 0x56, 0xCA,
    0xE9, 0x84, 0x16, 0x8C, 0x4F, 0x66, 0x1E, 0x8C, 0xB6, 0xE7, 0x57, 0xC6, 0xEB, 0x35, 0xC7, 0xE9,
    0xA9, 0x8C, 0xAF, 0xC6, 0x2E, 0x9F, 0xB1, 0x0E, 0x2B, 0xD1, 0x1B, 0xE2, 0x79, 0xFF, 0xDA, 0xDC,
    0x6E, 0xE6, 0xF7, 0x49, 0xD6, 0x6F, 0x36, 0x3C, 0x93, 0x45, 0xF3, 0xC2, 0x2D, 0xCE, 0x35, 0xAE,
    0x8B, 0x85, 0x45, 0xA8, 0x6A, 0xE9, 0xF6, 0x30, 0xDD, 0x4D, 0x33, 0x1E, 0xC7, 0x4F, 0x98, 0xDE,
    0x1F, 0xA5, 0x1C, 0xE0, 0xFA, 0xD5, 0xCA, 0x57, 0x17, 0x74, 0x4A, 0x81, 0xBF, 0x5E, 0xE0, 0xAF,
    0x2E, 0x12, 0xF9, 0xBA, 0xA1, 0xC4, 0x84, 0x78, 0x84, 0x01, 0x33, 0x74, 0x1E, 0x61, 0x93, 0x30,
    0xDD, 0x44, 0x38, 0xF1, 0x03, 0xA7, 0x11, 0x6A, 0x3F, 0x24, 0x21, 0xD1, 0xA1, 0x85, 0x48, 0x4E,
    0x2D, 0x44, 0xF4, 0x55, 0xC5, 0xF6, 0x51, 0x7E, 0xF4, 0x5E, 0x90, 0x4D, 0x31, 0x39, 0xB3, 0x08,
    0xB2, 0x5D, 0xA5, 0xF2, 0x3E, 0x96, 0xA3, 0xE0, 0x5C, 0x0F, 0xBF, 0xBA, 0xE0, 0x76, 0x02, 0x6A,
    0xFF, 0x80, 0x3C, 0x1A, 0x39, 0x03, 0x12, 0x21, 0x08, 0x50, 0x0D, 0xE1, 0xE0, 0xAF, 0x41, 0x0A,
    0x4E, 0x17, 0xA2, 0x4D, 0x01, 0xEE, 0xB0, 0xE9, 0xF1, 0x81, 0x7C, 0x31, 0x9F, 0xF2, 0xD5, 0xC5,
    0xB5, 0xF9, 0x35, 0xC2, 0xAF, 0x11, 0x7E, 0x8D, 0xF0, 0x6B, 0x84, 0xDF, 0xE5, 0x21, 0x0D, 0x3D,
    0xA5, 0xC1, 0xFC, 0x1E, 0x6D, 0xE0, 0xD7, 0x08, 0xBF, 0x46, 0xF8, 0x35, 0xC2, 0x6F, 0xEF, 0xCC,
    0xCB, 0x81, 0x9C, 0x4B, 0x91, 0x33, 0x2F, 0xCC, 0xAF, 0x79, 0x68, 0x7E, 0xCD, 0x05, 0xFC, 0xE6,
    0xBC, 0x0F, 0xE2, 0x36, 0x3D, 0x7E, 0x5D, 0xFC, 0xAA, 0xE6, 0x4D, 0x33, 0x29, 0x70, 0x6F, 0x79,
    0x21, 0x5F, 0xD5, 0xA4, 0x09, 0x7F, 0x55, 0x13, 0x96, 0x39, 0xFC, 0x42, 0xDC, 0xF8, 0x29, 0x7F,
    0x55, 0x43, 0x07, 0x14, 0xF0, 0xAB, 0x9A, 0x5C, 0xBF, 0xAA, 0x29, 0xF8, 0xAB, 0x1A, 0x7A, 0x0E,
    0xE5, 0x3E, 0x6B, 0xE4, 0xAB, 0x9A, 0x4E, 0xBE, 0xAA, 0x89, 0xB3, 0xD8, 0xB6, 0xAB, 0xFD, 0x68,
    0xBF, 0x6E, 0x9F, 0x5F, 0xDC, 0x9F, 0x51, 0x9C, 0x8A, 0xBB, 0xCF, 0x6F, 0xF2, 0x28, 0xF9, 0x35,
    0xC2, 0xEF, 0xBA, 0xAF, 0x88, 0xA2, 0x87, 0xFF, 0x8A, 0xA8, 0x90, 0xAF, 0x88, 0xCA, 0x37, 0x07,
    0xFA, 0x7D, 0x3C, 0xFC, 0x96, 0x43, 0x7E, 0x9D, 0xDA, 0xDA, 0x99, 0x7E, 0xB7, 0xA7, 0x76, 0xD8,
    0xB3, 0xE7, 0x1B, 0xCC, 0x0F, 0xA6, 0x3C, 0x88, 0xDF, 0x94, 0xF5, 0x6A, 0x69, 0xF4, 0x38, 0xED,
    0x59, 0xD6, 0xB5, 0x77, 0x65, 0x7E, 0xAB, 0x95, 0xCA, 0xBA, 0x74, 0x01, 0x3D, 0xC4, 0x2F, 0xFA,
    0xEA, 0x29, 0xBA, 0x5B, 0x31, 0x50, 0x4C, 0x8E, 0x75, 0xF8, 0x3C, 0xC5, 0xCF, 0x90, 0x80, 0x86,
    0x25, 0x28, 0x14, 0xA8, 0x57, 0x01, 0x1C, 0xA0, 0x4E, 0x93, 0x73, 0x7D, 0xDC, 0x64, 0x46, 0x1A,
    0xCD, 0x87, 0x34, 0xE5, 0xE7, 0xCE, 0x82, 0xCB, 0x69, 0x3D, 0x6D, 0x27, 0x4D, 0x26, 0x8D, 0xF4,
    0xD3, 0xF6, 0xFA, 0x55, 0x1C, 0x97, 0xE0, 0x1D, 0xF3, 0x77, 0x6B, 0x79, 0x0E, 0x55, 0x0F, 0x83,
    0xFB, 0x4F, 0x32, 0xBD, 0x80, 0xBF, 0xFE, 0x25, 0x0B, 0xB2, 0xE6, 0xE2, 0xFC, 0xD1, 0xDE, 0x50,
    0x5E, 0x4A, 0xC0, 0xC9, 0xD4, 0xFF, 0xB7, 0x04, 0xE3, 0x1F, 0x4A, 0x72, 0x89, 0x73, 0x5B, 0x4E,
    0xC3, 0xD4, 0xAB, 0x98, 0x86, 0x25, 0x53, 0xD0, 0x50, 0xC9, 0x47, 0x64, 0x89, 0x82, 0xF7, 0x4C,
    0x14, 0x5C, 0x15, 0xA2, 0xF8, 0xBD, 0x5C, 0xC9, 0x91, 0xCD, 0xA4, 0xE4, 0xC8, 0x06, 0x29, 0x1E,
    0x10, 0x40, 0x4A, 0x1F, 0xA0, 0x95, 0x1C, 0xF8, 0x00, 0xA5, 0xC0, 0x07, 0x28, 0xE5, 0x5A, 0x81,
    0x52, 0xE2, 0x16, 0x28, 0x25, 0xC8, 0x27, 0x25, 0x9F, 0xE2, 0x9D, 0x94, 0xEC, 0xE6, 0x74, 0x65,
    0x24, 0x54, 0xF8, 0x1E, 0xE5, 0xA9, 0xB6, 0x35, 0x50, 0x9B, 0x33, 0x7B, 0x14, 0x7B, 0x83, 0xE7,
    0x26, 0xE4, 0x8C, 0x1D, 0xA7, 0x33, 0x4E, 0x02, 0x54, 0x1C, 0x9E, 0x9F, 0x4B, 0x15, 0x99, 0x1D,
    0x76, 0x96, 0x37, 0x36, 0x1A, 0x3F, 0xD7, 0xFC, 0x47, 0xAD, 0x37, 0x9A, 0x7A, 0xD0, 0xF8, 0xFC,
    0xF0, 0xB2, 0xBD, 0x17, 0xEB, 0xDF, 0x9D, 0x6B, 0x5A, 0xC0, 0x36, 0x2A, 0x81, 0xB2, 0xC0, 0x53,
    0xB8, 0x34, 0x92, 0x0F, 0x05, 0x9B, 0xA6, 0x02, 0xC9, 0x2F, 0x59, 0xF2, 0x53, 0xF6, 0x1A, 0x10,
    0x7E, 0x14, 0x6C, 0x2C, 0x7E, 0xE9, 0xEE, 0x06, 0x5F, 0x48, 0x9F, 0xA7, 0xAB, 0x4C, 0x5E, 0x00,
    0x6C, 0x36, 0x00, 0xE6, 0xB3, 0xA8, 0xB6, 0x95, 0x30, 0xBA, 0x81, 0xD0, 0x55, 0xDA, 0x36, 0x1D,
    0xF0, 0xFC, 0xB5, 0xF6, 0x62, 0xB6, 0xCB, 0x7E, 0x0A, 0x70, 0xC9, 0xF8, 0x6C, 0xC0, 0x78, 0xDD,
    0x63, 0x60, 0x47, 0x82, 0x4B, 0xCB, 0xCF, 0xAA, 0xA0, 0xD3, 0x0B, 0x04, 0x2D, 0xFA, 0xF2, 0x6C,
    0x0E, 0x1B, 0xE6, 0x77, 0x18, 0x77, 0x93, 0x19, 0x2C, 0x07, 0x21, 0xAC, 0x5B, 0x55, 0x3C, 0xC3,
    0x79, 0x2C, 0xA8, 0xF5, 0x7F, 0xF0, 0xD3, 0x61, 0x70, 0x79, 0xB3, 0xFF, 0x02, 0xE5, 0x7D, 0x4D,
    0x8C, 0xE4, 0xD6, 0x99, 0xD8, 0x23, 0x39, 0xDD, 0x25, 0x0D, 0xB3, 0xC3, 0x39, 0xCC, 0x4C, 0xEC,
    0x19, 0x5B, 0x14, 0x02, 0x05, 0xB0, 0xB5, 0x96, 0xE8, 0xC3, 0x1E, 0xB4, 0xC1, 0x4C, 0x91, 0x96,
    0x10, 0xE8, 0xB0, 0x07, 0xF7, 0x61, 0x46, 0x40, 0x46, 0x07, 0xE9, 0x90, 0x05, 0xD6, 0x1A, 0x6C,
    0xDA, 0x07, 0x1F, 0xB4, 0x46, 0x77, 0x93, 0xB6, 0x80, 0xF8, 0x90, 0x43, 0x3A, 0x80, 0x94, 0x05,
    0xD6, 0x87, 0xE8, 0xA0, 0x41, 0xEC, 0x9E, 0x04, 0xAD, 0x83, 0x0E, 0xDA, 0xA0, 0xBB, 0x49, 0xC9,
    0x58, 0xEC, 0x71, 0xB9, 0xBB, 0xD8, 0x5C, 0x02, 0x64, 0xE9, 0xEC, 0x18, 0x88, 0xA4, 0x83, 0xE8,
    0x4D, 0x39, 0xE0, 0x8C, 0xC8, 0x62, 0xBE, 0x5F, 0x16, 0xC9, 0xAA, 0xEA, 0x19, 0x4B, 0x72, 0xBC,
    0x0B, 0x97, 0x46, 0xF5, 0xBD, 0xAE, 0x62, 0x91, 0xEF, 0x7D, 0xEF, 0x7B, 0xDF, 0xFF, 0xFB, 0x9E,
    0x31, 0xF2, 0x0A, 0x22, 0x06, 0x66, 0x01, 0xCE, 0x98, 0xA9, 0x75, 0xAB, 0x32, 0x5E, 0x0B, 0x2F,
    0x06, 0xF3, 0x7D, 0x63, 0xDD, 0xD8, 0xE3, 0x2B, 0xAF, 0x99, 0x0B, 0x08, 0x76, 0xF8, 0xDA, 0x1D,
    0x13, 0x22, 0xD8, 0x6B, 0x5B, 0xFC, 0x36, 0x6D, 0xDB, 0x99, 0x31, 0x93, 0xF9, 0xD6, 0x7C, 0x0E,
    0xF7, 0xAA, 0xAD, 0x59, 0x18, 0x99, 0x93, 0x23, 0xBB, 0xF4, 0x32, 0x7B, 0xB6, 0x33, 0xC9, 0xF1,
    0xBF, 0x1D, 0x2F, 0x73, 0x0A, 0x2F, 0xD9, 0x09, 0x8C, 0x53, 0x06, 0x66, 0xF7, 0x18, 0xC0, 0xD4,
    0x84, 0x95, 0x71, 0x8A, 0x6B, 0x26, 0x2C, 0x8D, 0x9B, 0x03, 0xC8, 0x8C, 0x9F, 0x4D, 0x37, 0x5B,
    0x63, 0xE2, 0x28, 0x84, 0x1B, 0x4F, 0xE6, 0xD0, 0x89, 0x6F, 0x7E, 0x2F, 0xAD, 0x8C, 0xB5, 0x75,
    0xC6, 0x6D, 0x33, 0x7C, 0xA0, 0x53, 0x99, 0xE5, 0xD7, 0xA4, 0x60, 0xE8, 0xE6, 0x02, 0xB3, 0x0E,
    0x5E, 0x2E, 0xCD, 0x45, 0xE3, 0x7D, 0xD4, 0xB6, 0xA5, 0x09, 0x70, 0x5C, 0x6D, 0x41, 0xF0, 0xC7,
    0xD0, 0xEB, 0x8D, 0x83, 0x43, 0x1E, 0x99, 0xF1, 0x04, 0xFA, 0x91, 0xA9, 0x09, 0x1A, 0x81, 0x57,
    0x5A, 0x7A, 0x1C, 0xFE, 0x22, 0x01, 0x18, 0xCF, 0xFF, 0x18, 0xC7, 0xE9, 0xB4, 0xC9, 0xE4, 0xAF,
    0x1A, 0xF8, 0xBA, 0x35, 0x5E, 0x16, 0xC3, 0xC7, 0x87, 0xF0, 0x4B, 0x3F, 0xB3, 0x9A, 0x00, 0x90,
    0xE2, 0xE5, 0xCE, 0x2C, 0x30, 0x7B, 0xD0, 0x27, 0x2F, 0x0F, 0xE0, 0x36, 0x4E, 0xE9, 0x27, 0xBE,
    0x3D, 0x03, 0x18, 0x1A, 0xFF, 0xF9, 0x12, 0xE0, 0x9E, 0xF1, 0x5E, 0xCA, 0x00, 0x1E, 0xC3, 0xE8,
    0x22, 0xB8, 0xAE, 0x36, 0x1E, 0x60, 0xCD, 0xCB, 0x01, 0xC2, 0xD3, 0xFC, 0xAC, 0x36, 0x01, 0x8C,
    0x27, 0x4C, 0x4E, 0xEC, 0x36, 0x37, 0x56, 0x6B, 0x62, 0xEC, 0xB4, 0x0B, 0x9F, 0xB6, 0x7F, 0x5D,
    0x5A, 0x69, 0x69, 0x36, 0xEF, 0xD9, 0xFB, 0x29, 0xF5, 0xC7, 0x20, 0x02, 0xE9, 0xF5, 0x55, 0x18,
    0xC1, 0x45, 0x6E, 0x86, 0x0B, 0x00, 0xE3, 0x47, 0xE0, 0x15, 0x04, 0x9C, 0x92, 0x80, 0x5D, 0xF1,
    0x25, 0x35, 0x83, 0x46, 0x26, 0x92, 0x41, 0xC8, 0xB3, 0x1B, 0x44, 0x04, 0xFC, 0x84, 0x80, 0x97,
    0xF9, 0x11, 0x83, 0xC4, 0x24, 0x80, 0x64, 0x2F, 0xB1, 0x72, 0x1C, 0x5F, 0x66, 0x97, 0x66, 0x52,
    0xBA, 0xB9, 0x83, 0xA3, 0x9A, 0x14, 0x6E, 0x61, 0x1C, 0x18, 0xBC, 0x87, 0xC8, 0xB7, 0x9B, 0x98,
    0x3A, 0xD8, 0xB6, 0xDC, 0x99, 0x9A, 0xE7, 0x83, 0xE6, 0x49, 0xFA, 0x69, 0xC2, 0xA8, 0xD7, 0x61,
    0x78, 0x02, 0xC1, 0x80, 0xBB, 0xAC, 0x7D, 0x86, 0xFB, 0x33, 0xD4, 0x5E, 0x5B, 0xD2, 0x6D, 0xED,
    0xB7, 0x89, 0x05, 0x86, 0x02, 0x83, 0x88, 0xEF, 0xEB, 0x67, 0x4C, 0xE1, 0x9E, 0xC2, 0xDC, 0x4F,
    0xB8, 0x0F, 0x7E, 0xC6, 0x37, 0x86, 0x8E, 0xFE, 0x13, 0xC4, 0x0A, 0xC0, 0x00, 0x21, 0x50, 0x0F,
    0xFC, 0xD4, 0x99, 0x41, 0x2F, 0x61, 0x52, 0x9D, 0x19, 0x0C, 0xEB, 0x04, 0x1E, 0x9C, 0x3B, 0x95,
    0x45, 0xDD, 0xB7, 0x1A, 0x21, 0xBE, 0xF6, 0xE3, 0x92, 0x1F, 0xD9, 0x32, 0xBD, 0xF9, 0x32, 0x19,
    0xF6, 0xBD, 0x3E, 0x51, 0x4E, 0x5F, 0xE7, 0x6B, 0xDA, 0xB7, 0x88, 0x80, 0x80, 0x6E, 0xCC, 0xC6,
    0x9D, 0x99, 0x59, 0xF5, 0xDA, 0xB8, 0x0E, 0x6F, 0x57, 0x5A, 0xB8, 0x1D, 0x52, 0x1A, 0x8C, 0xB0,
    0xDD, 0xB7, 0x5B, 0xE3, 0xEF, 0x23, 0x8E, 0xCE, 0xD0, 0x58, 0x78, 0x24, 0xAB, 0xDF, 0xF9, 0x5B,
    0x1E, 0x75, 0xCA, 0x1D, 0xA5, 0x81, 0x52, 0x67, 0xD3, 0x82, 0x6E, 0x1D, 0x61, 0x2F, 0xF1, 0x03,
    0x8F, 0xFA, 0xEA, 0xDE, 0x5D, 0x3C, 0xFC, 0x82, 0xCC, 0xC2, 0x5C, 0xFB, 0x8B, 0x0B, 0xED, 0x32,
    0x03, 0x63, 0x5E, 0x48, 0x33, 0x73, 0xFA, 0xEB, 0xD2, 0xE1, 0x5B, 0xDC, 0x7B, 0x78, 0xC8, 0x36,
    0xAF, 0xB0, 0xB4, 0xBD, 0x6B, 0xB6, 0x2B, 0x13, 0xC3, 0x53, 0x9C, 0xDA, 0xFC, 0x2E, 0x5E, 0x35,
    0x37, 0x32, 0x5B, 0x63, 0x1A, 0x5D, 0x02, 0x72, 0x09, 0xFF, 0x80, 0x31, 0x8F, 0x77, 0xA1, 0x21,
    0x09, 0xDE, 0x89, 0x8C, 0x2C, 0xC6, 0xBA, 0x4F, 0x17, 0x6E, 0x12, 0x7E, 0x37, 0x79, 0x99, 0x7A,
    0xBC, 0x6A, 0xDD, 0x39, 0xA1, 0xC4, 0x66, 0x32, 0x7B, 0x94, 0x81, 0xD7, 0xDE, 0x66, 0xC0, 0xD7,
    0xDC, 0x6A, 0x79, 0x46, 0xAC, 0x97, 0xD7, 0x8E, 0xEF, 0x22, 0x4E, 0x9A, 0x47, 0xF3, 0x42, 0x00,
    0xFE, 0x72, 0x7F, 0xBC, 0x15, 0x30, 0x5A, 0x4E, 0x8C, 0x10, 0xE7, 0x82, 0xBC, 0x95, 0xB3, 0x12,
    0xE6, 0x8D, 0x2D, 0x7D, 0xF9, 0x05, 0x8D, 0x20, 0x48, 0xF6, 0x78, 0x96, 0x68, 0x21, 0xD6, 0xB4,
    0xD8, 0x60, 0x50, 0xB8, 0xBC, 0xFC, 0x1C, 0x48, 0x74, 0x23, 0x82, 0x65, 0x03, 0x0F, 0xC1, 0xCB,
    0x1C, 0x00, 0x8F, 0xC0, 0xF7, 0xAF, 0x40, 0x87, 0xAD, 0xB7, 0xB8, 0x2F, 0x76, 0x7B, 0x7F, 0x8B,
    0x21, 0x13, 0x14, 0xCE, 0x93, 0x90, 0xD4, 0xCD, 0xD2, 0x3C, 0xD4, 0x0B, 0x47, 0x6A, 0x59, 0x2F,
    0x1C, 0x32, 0x23, 0xE3, 0x61, 0x11, 0x84, 0xDF, 0x3B, 0x1F, 0x5E, 0x07, 0xBE, 0xD3, 0xC7, 0x7F,
    0xC7, 0x6F, 0x3D, 0x61, 0xB1, 0xEB, 0xBE, 0x56, 0x7E, 0xD4, 0x72, 0x37, 0xDA, 0x1F, 0xCE, 0x78,
    0xDE, 0x18, 0x35, 0x5E, 0xC9, 0x0C, 0x15, 0x38, 0x3C, 0xD1, 0x66, 0xCB, 0x98, 0xC3, 0x69, 0xC5,
    0xE9, 0xF6, 0x66, 0x78, 0x63, 0xEB, 0xE5, 0x30, 0xA7, 0xA5, 0x52, 0xE2, 0x43, 0x00, 0x0B, 0xE5,
    0x59, 0x9A, 0x66, 0x10, 0x42, 0x5D, 0xE7, 0xB7, 0x18, 0x0D, 0xE5, 0x18, 0x44, 0x08, 0x2C, 0x60,
    0xB3, 0xC6, 0xFE, 0xBF, 0xE9, 0x73, 0x73, 0x22, 0xE3, 0x28, 0xCD, 0x01, 0x7C, 0x00, 0x5C, 0xF5,
    0xC9, 0x3B, 0x25, 0xA1, 0x9B, 0x7E, 0xF0, 0x6D, 0xFD, 0x9D, 0x23, 0xE0, 0xE7, 0x87, 0xF7, 0x0D,
    0xE3, 0x00, 0xC6, 0xE8, 0xB6, 0x1F, 0xDC, 0xC2, 0x5E, 0xCD, 0x70, 0x96, 0x6C, 0x1C, 0x4D, 0x68,
    0xDC, 0xBF, 0x2F, 0x91, 0x41, 0xF9, 0xDF, 0x07, 0xE0, 0x25, 0xA1, 0x4D, 0x7F, 0xED, 0x22, 0x08,
    0xA2, 0x23, 0x04, 0xB1, 0xD9, 0x03, 0x00, 0xCB, 0x2E, 0x7C, 0xAD, 0x34, 0xDB, 0xC0, 0xC7, 0x61,
    0x08, 0x70, 0x33, 0xA7, 0x2D, 0x02, 0xA4, 0xC1, 0xED, 0xE4, 0xEC, 0x56, 0x9F, 0xF1, 0x75, 0x9C,
    0x4F, 0x49, 0x7E, 0x4D, 0xC3, 0x4A, 0xB8, 0x71, 0x99, 0xB1, 0x1C, 0x1E, 0xB6, 0x0E, 0xAC, 0x31,
    0x1F, 0x27, 0xCB, 0xC4, 0x05, 0x35, 0x5E, 0x37, 0x6E, 0x63, 0xCE, 0x1E, 0xA4, 0x11, 0x22, 0x2A,
    0x92, 0x9F, 0x07, 0x7A, 0x9F, 0x47, 0xD7, 0xDC, 0xF9, 0x85, 0xD7, 0xB9, 0xB1, 0xCD, 0xEB, 0x85,
    0xB0, 0x55, 0x31, 0xAE, 0xB7, 0x26, 0xC8, 0xB1, 0x5D, 0xBC, 0x57, 0x8C, 0xF7, 0x6B, 0x99, 0xC1,
    0x58, 0x2D, 0x09, 0x12, 0x60, 0xFB, 0x55, 0xC8, 0x82, 0xD6, 0xCB, 0xA5, 0x11, 0x24, 0xD2, 0x60,
    0xD9, 0xE1, 0x69, 0x83, 0x38, 0x39, 0x36, 0xE0, 0x3E, 0x41, 0x16, 0x22, 0xD1, 0xC2, 0xB7, 0xF7,
    0x60, 0xBE, 0xB7, 0x99, 0xE4, 0x0C, 0xD1, 0x9C, 0x49, 0x1B, 0xE0, 0x17, 0x88, 0x10, 0x77, 0x66,
    0x62, 0x9E, 0x6A, 0x47, 0x88, 0x4D, 0xA7, 0xA8, 0xD7, 0x98, 0x94, 0x23, 0x99, 0x4F, 0x42, 0x3F,
    0xD0, 0x06, 0x91, 0x27, 0xB2, 0x45, 0xFC, 0xDF, 0xDA, 0x6E, 0xE7, 0xB8, 0x28, 0x43, 0xE2, 0x4A,
    0x28, 0xFE, 0xDA, 0xF6, 0xFE, 0xE1, 0x0C, 0x45, 0xC9, 0xCF, 0x42, 0xA4, 0x87, 0x9A, 0xD1, 0x52,
    0x13, 0x31, 0xC2, 0x92, 0x3B, 0x22, 0x24, 0x1D, 0xE3, 0xBF, 0x20, 0x21, 0x1D, 0xE0, 0x98, 0xB8,
    0x6B, 0x8D, 0x5F, 0xC1, 0xC0, 0x90, 0x98, 0x6B, 0x5C, 0xB0, 0xD8, 0x1D, 0x14, 0xED, 0xD2, 0x00,
    0x16, 0x83, 0x6B, 0xBF, 0x66, 0x39, 0xA3, 0xCA, 0x43, 0x26, 0x0D, 0xE0, 0x07, 0x56, 0x25, 0x33,
    0x60, 0xCF, 0x84, 0x6B, 0xF0, 0x80, 0x1A, 0x69, 0x40, 0x5F, 0x98, 0x7B, 0x38, 0x33, 0x3B, 0x22,
    0xD6, 0xE2, 0x96, 0x0E, 0x4F, 0x8E, 0x9F, 0x3B, 0x2C, 0x44, 0xED, 0xC4, 0x4A, 0xEF, 0x9E, 0xBA,
    0xB4, 0xBD, 0xAE, 0x01, 0xE8, 0xDC, 0x04, 0x54, 0x06, 0xA8, 0x08, 0xE1, 0x7D, 0xBD, 0xE7, 0x0A,
    0x6E, 0x4C, 0xDE, 0x2B, 0xB9, 0x8B, 0x4E, 0x51, 0x08, 0x92, 0x4A, 0xC1, 0xD8, 0x23, 0xFB, 0xD2,
    0x38, 0x61, 0xD1, 0x2F, 0x64, 0xEA, 0xFF, 0xC9, 0x5B, 0x38, 0x95, 0x29, 0xE2, 0x30, 0x81, 0x5F,
    0xC6, 0x84, 0x4C, 0x98, 0x06, 0x68, 0xC0, 0x94, 0x39, 0x33, 0x20, 0xEB, 0x3D, 0xC0, 0x0C, 0x71,
    0xEA, 0x63, 0x1C, 0x69, 0x43, 0xCA, 0x05, 0xFC, 0x8B, 0xB5, 0x01, 0x37, 0xB2, 0x66, 0xD8, 0x00,
    0xAC, 0xC2, 0x78, 0xE1, 0x1A, 0x2F, 0xD3, 0x46, 0x8E, 0xFD, 0x82, 0x86, 0x9B, 0xE0, 0x87, 0x8C,
    0x28, 0x68, 0x30, 0xA2, 0x00, 0x75, 0xDC, 0x08, 0x15, 0x63, 0x7D, 0xD4, 0x11, 0x09, 0xE0, 0x73,
    0x49, 0xEF, 0x73, 0x66, 0x22, 0x10, 0xDD, 0x72, 0x03, 0x19, 0x0D, 0x8E, 0xD3, 0x65, 0xD4, 0x85,
    0xD9, 0xA4, 0x65, 0x99, 0x18, 0xD9, 0xED, 0x3A, 0x1C, 0xB2, 0x88, 0x61, 0xFE, 0x44, 0x44, 0xC0,
    0x6A, 0xD1, 0xBF, 0x31, 0x4F, 0x5E, 0xBF, 0x18, 0xA7, 0x2D, 0x53, 0x11, 0x73, 0x96, 0xFB, 0xA8,
    0x6D, 0xDD, 0x78, 0x89, 0x59, 0x1E, 0x0B, 0x61, 0x33, 0xC9, 0x95, 0x74, 0xCF, 0x13, 0xBD, 0xDE,
    0x2A, 0x3F, 0xBC, 0x7D, 0xE3, 0x45, 0x20, 0x71, 0xD2, 0x3A, 0xDB, 0x7D, 0x7A, 0x47, 0x36, 0x70,
    0x5D, 0x57, 0xA2, 0xC8, 0x09, 0xF9, 0xBD, 0xE8, 0xAE, 0x30, 0x38, 0xC4, 0xC4, 0x7F, 0xAE, 0xF1,
    0x73, 0x0F, 0x98, 0x33, 0xC8, 0x86, 0xB3, 0xB0, 0x38, 0x89, 0xC2, 0x5F, 0x5E, 0x2D, 0x31, 0x03,
    0xEE, 0x88, 0xCF, 0x2B, 0x02, 0xC5, 0x1E, 0x4C, 0x3E, 0x8A, 0x08, 0xD4, 0x4F, 0x62, 0x06, 0xD6,
    0x21, 0xE9, 0xBC, 0xCC, 0x30, 0x85, 0x87, 0x3B, 0x39, 0x8D, 0xD0, 0x41, 0x9A, 0x80, 0xC9, 0x72,
    0x8A, 0x8A, 0xEF, 0x59, 0xEE, 0x10, 0xFC, 0xC3, 0x77, 0xAF, 0x3D, 0x79, 0xDD, 0xDA, 0x3E, 0x6C,
    0xAE, 0xB1, 0xEA, 0x3C, 0x7F, 0x82, 0x20, 0x49, 0xD5, 0x8D, 0x1B, 0x2F, 0x66, 0xC3, 0x75, 0xA8,
    0x2B, 0x14, 0x18, 0xE1, 0x79, 0x62, 0xD5, 0xD5, 0x95, 0x99, 0xF9, 0xEE, 0xED, 0x1B, 0x37, 0x91,
    0xB5, 0xC4, 0xA2, 0x7A, 0x13, 0xA4, 0x35, 0x7E, 0x43, 0x87, 0xAF, 0xE3, 0xEF, 0x94, 0xF7, 0xEE,
    0x46, 0x15, 0xF5, 0xD0, 0xFD, 0xB0, 0xA1, 0xEF, 0xDC, 0x76, 0x4E, 0xD7, 0x5A, 0x87, 0x28, 0x87,
    0x13, 0x56, 0x5C, 0xFC, 0x85, 0xE2, 0x6E, 0x94, 0x6A, 0xFB, 0xF7, 0xF4, 0x44, 0x38, 0x3A, 0x80,
    0xF9, 0x8D, 0xB7, 0x91, 0xC1, 0xB1, 0xA0, 0xA3, 0x81, 0x20, 0x04, 0x16, 0xA1, 0x68, 0x79, 0x7C,
    0x31, 0xEF, 0x36, 0x51, 0x8D, 0xCB, 0xAB, 0x97, 0xBA, 0x93, 0xE2, 0x8D, 0x9D, 0xF9, 0xE2, 0x9E,
    0x71, 0xB6, 0xB8, 0x8E, 0x17, 0x37, 0x75, 0x9F, 0x18, 0x19, 0x6B, 0x2B, 0x5E, 0xB9, 0x98, 0x14,
    0x6E, 0xF3, 0x85, 0x7C, 0x17, 0xC3, 0x7A, 0x55, 0x40, 0x37, 0x9B, 0x30, 0xD1, 0x09, 0x33, 0xA6,
    0x6B, 0xBD, 0x7A, 0xD1, 0x11, 0x93, 0xD2, 0xBD, 0xFD, 0xDE, 0xB5, 0xA2, 0xFC, 0x50, 0x2F, 0xCC,
    0x63, 0x86, 0xAD, 0x37, 0x26, 0x11, 0x7A, 0xB1, 0x58, 0x96, 0x47, 0x79, 0xFC, 0x17, 0xF7, 0x90,
    0xC4, 0x04, 0xDC, 0x86, 0xC9, 0x1D, 0x46, 0xF7, 0x05, 0x7E, 0xF2, 0x2E, 0x5C, 0xDE, 0x98, 0x77,
    0x02, 0x7A, 0xCE, 0x11, 0x70, 0x10, 0xE8, 0xE0, 0x74, 0x92, 0xD9, 0x70, 0x0B, 0xDF, 0xC9, 0xB1,
    0xEB, 0x80, 0x54, 0x1C, 0xCD, 0x24, 0xE1, 0xD5, 0x05, 0x3F, 0xE6, 0x19, 0xE3, 0xC1, 0xE9, 0x20,
    0x2C, 0xD5, 0x04, 0x98, 0x2E, 0x78, 0x1C, 0x3A, 0x10, 0x19, 0x89, 0xF1, 0xB9, 0x47, 0x13, 0xD1,
    0x22, 0x58, 0xD5, 0x94, 0x91, 0xEB, 0x4F, 0x1C, 0xF9, 0x49, 0xAB, 0xE6, 0xA7, 0xBE, 0xCE, 0x88,
    0x2C, 0x45, 0x36, 0x86, 0xAC, 0x85, 0x26, 0x3B, 0x58, 0x40, 0x22, 0x02, 0x85, 0x40, 0x19, 0x44,
    0x68, 0x08, 0x3B, 0x3B, 0xC3, 0x02, 0xF8, 0x8D, 0x1F, 0x85, 0xAC, 0xF7, 0x54, 0x0A, 0xA7, 0xC6,
    0x3E, 0x6C, 0xD3, 0xFB, 0x5B, 0x53, 0xB9, 0x6E, 0xF7, 0x01, 0xF0, 0x58, 0xE1, 0x19, 0x81, 0x4F,
    0xF1, 0x73, 0x77, 0xAF, 0x32, 0xDC, 0xE3, 0x65, 0x64, 0xF6, 0xDE, 0x61, 0x18, 0xF2, 0x32, 0x63,
    0x38, 0x17, 0x0C, 0xD5, 0x8C, 0x46, 0x24, 0x19, 0xE4, 0xFB, 0x20, 0x03, 0x49, 0x70, 0x04, 0xC2,
    0x9D, 0x53, 0x16, 0x65, 0x13, 0xC1, 0xC5, 0x44, 0xD4, 0x2D, 0x2B, 0x3F, 0x45, 0x0C, 0x5C, 0x15,
    0xF8, 0xB5, 0x6B, 0xE6, 0x31, 0x44, 0xC1, 0xC9, 0x53, 0x8F, 0xB1, 0x8D, 0xB0, 0xE7, 0x79, 0xCC,
    0x2B, 0xF6, 0xBC, 0xDF, 0x4B, 0x08, 0x2B, 0x7B, 0x93, 0xEF, 0x89, 0xF9, 0x67, 0x8B, 0xFD, 0x35,
    0x55, 0xB6, 0x32, 0x95, 0xFF, 0xCD, 0x14, 0x34, 0xC6, 0x3D, 0x58, 0x7E, 0xB4, 0x62, 0x76, 0xB5,
    0x71, 0x0C, 0x7D, 0x22, 0xFF, 0xC0, 0x91, 0x5E, 0xDC, 0x35, 0xEA, 0x87, 0x69, 0x9C, 0xD7, 0xC6,
    0x55, 0x16, 0xBD, 0xDC, 0x40, 0xD4, 0xD6, 0xEF, 0xC8, 0x32, 0xAC, 0x4B, 0x69, 0x9C, 0x94, 0xF2,
    0x53, 0x54, 0xA9, 0x49, 0xCE, 0xC4, 0xB9, 0xA8, 0x9E, 0x48, 0x89, 0xA4, 0x12, 0x60, 0x83, 0x74,
    0x54, 0xD4, 0x00, 0x88, 0x3E, 0x71, 0xA4, 0x44, 0x3B, 0x40, 0x07, 0x4C, 0x68, 0xA0, 0x4E, 0x06,
    0x95, 0x19, 0x72, 0x1B, 0xA4, 0x05, 0x7C, 0x47, 0x05, 0xEA, 0xBA, 0x2A, 0xC4, 0x02, 0x6C, 0x14,
    0x7A, 0x6F, 0x99, 0x5F, 0xC5, 0x6B, 0x25, 0x1F, 0xDF, 0x5B, 0x05, 0xE2, 0x81, 0xDE, 0xCD, 0xAB,
    0x2A, 0xF2, 0xE6, 0xC0, 0xCF, 0x0E, 0xF3, 0x49, 0xCB, 0x4C, 0x9E, 0x84, 0x73, 0x66, 0x36, 0xD3,
    0xF6, 0xFE, 0xEB, 0xA3, 0x07, 0x09, 0xAF, 0xB7, 0x1C, 0x1E, 0xAF, 0xFB, 0x9E, 0x28, 0xBD, 0x05,
    0x23, 0xC2, 0x2A, 0x77, 0x70, 0xE8, 0xE6, 0x7A, 0xF5, 0x04, 0x0F, 0x7A, 0x47, 0x06, 0x7F, 0x9E,
    0x47, 0xFF, 0x23, 0xF3, 0x2B, 0x7F, 0x3D, 0x16, 0x0D, 0xC4, 0x61, 0xA7, 0xA7, 0x3E, 0x10, 0x0A,
    0x8F, 0x67, 0x06, 0xBD, 0x05, 0xC2, 0x12, 0x70, 0xB2, 0x5D, 0x70, 0xFF, 0x51, 0x95, 0x8F, 0x05,
    0x02, 0x5A, 0x56, 0xCF, 0xA2, 0x48, 0x09, 0x2F, 0xEF, 0x53, 0x84, 0xC8, 0x33, 0x90, 0x42, 0xB8,
    0xAC, 0xED, 0x99, 0x75, 0xF4, 0xCF, 0xB7, 0x8C, 0x35, 0x6F, 0x6B, 0x92, 0xFF, 0x02, 0xEE, 0x47,
    0x97, 0x0E, 0xDA, 0x83, 0x74, 0xD0, 0x21, 0x7F, 0xA8, 0x0E, 0x14, 0x7D, 0x61, 0x66, 0x55, 0x03,
    0x1D, 0x23, 0x36, 0xD6, 0xBE, 0x71, 0xEE, 0xA7, 0x09, 0xE8, 0x2C, 0xD0, 0xDD, 0x0C, 0xAE, 0x02,
    0xD6, 0x93, 0x50, 0x0F, 0x36, 0xBA, 0x6E, 0xAD, 0x02, 0x62, 0x62, 0x0A, 0x1F, 0xB0, 0x51, 0x96,
    0xFE, 0x2B, 0x72, 0xBF, 0xA1, 0x7E, 0xE3, 0x32, 0x00, 0x2B, 0x7C, 0xAE, 0x64, 0x20, 0xC6, 0xAF,
    0x7A, 0xC4, 0x5C, 0xD4, 0x03, 0xA1, 0xA7, 0x4C, 0x06, 0x7E, 0xC6, 0x64, 0xE0, 0x65, 0x16, 0x89,
    0x7C, 0x78, 0x7E, 0x75, 0x9E, 0xFB, 0xFE, 0x1D, 0xEE, 0x3C, 0xF4, 0xFB, 0xF7, 0x23, 0xE8, 0x29,
    0x2C, 0x06, 0x16, 0xE1, 0x22, 0xCA, 0xEF, 0x81, 0xE5, 0x79, 0xD8, 0x7E, 0xD8, 0xA8, 0xAB, 0x63,
    0x34, 0x35, 0x63, 0x31, 0x3C, 0xD6, 0x11, 0xC4, 0xAA, 0x27, 0x65, 0xCB, 0xDE, 0x37, 0x93, 0x0F,
    0xC1, 0x7E, 0x81, 0xEF, 0x26, 0x48, 0xC4, 0x30, 0xC2, 0x4D, 0xB4, 0x07, 0xE8, 0xB7, 0x17, 0x17,
    0xF7, 0xD0, 0x7B, 0x8E, 0x61, 0x27, 0xEA, 0xD5, 0x07, 0x58, 0xA9, 0xC8, 0x7F, 0xDD, 0x58, 0xFF,
    0x85, 0x7D, 0x93, 0x68, 0xE3, 0x92, 0xB9, 0x54, 0xB3, 0xCD, 0x8F, 0x46, 0xF4, 0x93, 0xD1, 0x60,
    0x5D, 0x25, 0x7D, 0xC3, 0xEC, 0x61, 0x80, 0xF9, 0xD5, 0x02, 0x47, 0xDC, 0x60, 0x19, 0x5B, 0x74,
    0x64, 0x6C, 0x81, 0x34, 0xC0, 0xA7, 0x83, 0x2C, 0x25, 0x51, 0x51, 0x93, 0x38, 0x4E, 0x4B, 0xE3,
    0x35, 0xD1, 0x8B, 0x20, 0x75, 0x1D, 0x99, 0x7E, 0x56, 0xF8, 0x40, 0x6B, 0xBC, 0xBB, 0xB0, 0x39,
    0xE3, 0x05, 0x70, 0xF9, 0x09, 0x80, 0x3F, 0x00, 0x5F, 0x63, 0x17, 0xE1, 0x94, 0x7D, 0x83, 0x3E,
    0x68, 0xE9, 0x21, 0x3E, 0x94, 0x74, 0xF7, 0x49, 0xFE, 0x1D, 0x72, 0x84, 0x95, 0xC4, 0x8B, 0x50,
    0xE4, 0xEC, 0x9D, 0xC2, 0xA7, 0x56, 0x82, 0x93, 0x01, 0x38, 0x5E, 0x06, 0x9B, 0x0C, 0xBC, 0xE8,
    0x84, 0x97, 0xF4, 0x09, 0x4B, 0xFC, 0x98, 0x95, 0x17, 0x1C, 0x2D, 0xA8, 0x0A, 0xB0, 0xD2, 0x2D,
    0x60, 0xFD, 0xFE, 0x3D, 0xA0, 0xEC, 0x88, 0xA8, 0xBC, 0x62, 0x55, 0x2E, 0x21, 0xC7, 0xD3, 0x58,
    0xA1, 0x0F, 0x47, 0x0C, 0x65, 0x15, 0x7C, 0xF2, 0x90, 0xD5, 0x72, 0xA6, 0x6A, 0x82, 0x1F, 0xA6,
    0x07, 0x07, 0x27, 0xE7, 0xD7, 0xFF, 0x6E, 0x83, 0xA1, 0xC5, 0x1E, 0x6F, 0xEC, 0x06, 0xFB, 0x19,
    0xF3, 0x38, 0xE2, 0x59, 0x63, 0x4A, 0xDC, 0x13, 0x78, 0x2C, 0x0C, 0xE5, 0x48, 0xF8, 0xCB, 0xB1,
    0x50, 0x68, 0x8C, 0x9E, 0x1E, 0xD2, 0xC6, 0xE2, 0x5C, 0x3C, 0x51, 0x99, 0xB8, 0x74, 0x98, 0x92,
    0xBF, 0xA8, 0x2E, 0x16, 0x99, 0x33, 0x4B, 0x94, 0xA4, 0x89, 0x32, 0x0F, 0x51, 0xB7, 0xE4, 0xF2,
    0x54, 0xBE, 0x16, 0x7D, 0xCB, 0x9C, 0x5B, 0xC9, 0x64, 0x49, 0x38, 0x03, 0xCD, 0x97, 0xBB, 0x82,
    0xA2, 0x3A, 0x90, 0xC6, 0x35, 0xD2, 0xA5, 0x41, 0x39, 0x0A, 0xDC, 0x88, 0x1B, 0xE7, 0xD0, 0xB8,
    0xB9, 0x79, 0x00, 0xE8, 0xF8, 0xB1, 0xAC, 0x7A, 0x50, 0xBD, 0xBB, 0xC6, 0xB7, 0x6E, 0x74, 0x41,
    0x83, 0x15, 0x8D, 0x8B, 0xD2, 0xB0, 0xC4, 0xF1, 0xDB, 0xA1, 0xA9, 0xC3, 0x13, 0x20, 0x4A, 0x96,
    0xEE, 0xAE, 0xAE, 0xDD, 0xA3, 0x5E, 0x23, 0x17, 0xDA, 0x90, 0xC6, 0x9E, 0x60, 0x0B, 0x3A, 0x1A,
    0x8A, 0xEA, 0x78, 0x5F, 0x06, 0xEE, 0x2A, 0xC2, 0x4C, 0x7A, 0x98, 0x8C, 0x7D, 0x1C, 0x73, 0xF5,
    0x1B, 0x28, 0xA7, 0xF1, 0x67, 0xDA, 0x31, 0x11, 0xFC, 0xDB, 0xD2, 0x41, 0x93, 0xAA, 0x4A, 0x10,
    0x24, 0xA7, 0xFA, 0xCD, 0x2A, 0x99, 0x93, 0x51, 0x23, 0x54, 0x6D, 0x7B, 0x7A, 0x7A, 0x63, 0x86,
    0x3E, 0xAA, 0xA9, 0xD9, 0xB8, 0xB9, 0x90, 0x4D, 0x6D, 0x71, 0x89, 0xB1, 0x7A, 0xB0, 0x0F, 0x52,
    0x65, 0x7E, 0xFB, 0x1B, 0xE8, 0x06, 0x9B, 0xC3, 0x12, 0xB0, 0x66, 0xF2, 0xAB, 0xE5, 0x06, 0xFB,
    0xAE, 0xFA, 0x0D, 0x47, 0x1A, 0xDE, 0x1D, 0x6D, 0xB4, 0x05, 0x37, 0xCE, 0xB2, 0x2A, 0x3E, 0x35,
    0x0F, 0xE1, 0x6D, 0x52, 0xDB, 0x10, 0x15, 0xCF, 0x8B, 0xFB, 0x4C, 0x97, 0xCC, 0x47, 0x1C, 0x6D,
    0xA0, 0x77, 0xF7, 0xC3, 0xA8, 0x43, 0xC8, 0xB7, 0xD5, 0x6E, 0xBE, 0xF0, 0xAA, 0xF0, 0x99, 0x7A,
    0xE7, 0xAA, 0xDC, 0xB3, 0xBE, 0xFA, 0x94, 0xB6, 0x1E, 0xF3, 0xB4, 0xE5, 0x2D, 0x5A, 0x91, 0xB6,
    0xBA, 0x5E, 0x2C, 0x5A, 0x73, 0x32, 0xCC, 0x42, 0xEB, 0x95, 0x14, 0xF5, 0xCC, 0x8B, 0xB7, 0x5A,
    0x91, 0xE7, 0xA1, 0x08, 0x20, 0x72, 0x57, 0xDD, 0xDE, 0x22, 0xCC, 0x7E, 0x35, 0xEA, 0xD0, 0x6F,
    0xD6, 0xB4, 0x18, 0x73, 0x83, 0xD6, 0x86, 0xAD, 0x2D, 0x57, 0xDC, 0x95, 0xFD, 0x96, 0xF5, 0x4A,
    0x32, 0xC4, 0xCD, 0xCA, 0x56, 0xD0, 0x21, 0x22, 0xE8, 0x1C, 0xE4, 0x68, 0x19, 0x5E, 0x7A, 0x53,
    0x68, 0x93, 0xED, 0x4B, 0x36, 0xC3, 0x79, 0x69, 0xFE, 0x36, 0xA0, 0x6F, 0x6B, 0xE8, 0xF7, 0xBF,
    0x99, 0x2A, 0x82, 0x93, 0x1E, 0xFC, 0xF1, 0x75, 0x47, 0x24, 0xAB, 0x98, 0x56, 0x9D, 0xAE, 0x33,
    0x1F, 0x9A, 0x01, 0xB2, 0x36, 0x4C, 0xCA, 0x9D, 0xB1, 0xEB, 0xE1, 0xAF, 0xE2, 0xE4, 0x85, 0x3B,
    0xD0, 0x8B, 0x4D, 0x42, 0x5C, 0xC9, 0xFE, 0x8B, 0x83, 0x02, 0xE0, 0x21, 0x61, 0xF1, 0xAD, 0x8E,
    0xE2, 0x8F, 0xCD, 0x40, 0x4B, 0x51, 0x31, 0x3D, 0x59, 0x0E, 0xA7, 0x0D, 0xC3, 0x6C, 0x2A, 0xD6,
    0xD5, 0xCA, 0x56, 0x7D, 0x40, 0x59, 0x72, 0x28, 0x4B, 0xD4, 0x15, 0x3F, 0x23, 0x88, 0xDE, 0x68,
    0xB5, 0x8F, 0xFD, 0xE6, 0x09, 0xF3, 0x34, 0x61, 0xEA, 0x4E, 0xD7, 0x20, 0x5C, 0x6C, 0xC9, 0xB0,
    0x2C, 0x99, 0xA3, 0xF7, 0xCA, 0x23, 0xE1, 0x8C, 0xB3, 0x6B, 0x82, 0x8F, 0xA3, 0x40, 0x2C, 0xD2,
    0x6B, 0xBF, 0x25, 0x18, 0xF1, 0x75, 0xFD, 0x93, 0xBD, 0xE8, 0xAB, 0xDF, 0x50, 0x90, 0x62, 0x78,
    0xE9, 0x95, 0x46, 0xD1, 0x62, 0x14, 0x2F, 0x88, 0x18, 0x65, 0xC1, 0x8A, 0x19, 0xF1, 0x42, 0xF5,
    0x5D, 0x93, 0x8A, 0x9C, 0x0E, 0x2B, 0x9D, 0x26, 0xB2, 0x68, 0xB8, 0xDD, 0xC5, 0xDD, 0xCF, 0x15,
    0x45, 0x1D, 0x8E, 0x90, 0x15, 0x24, 0x66, 0x80, 0x25, 0x12, 0x73, 0x2B, 0x15, 0xD6, 0x7C, 0x04,
    0xB3, 0x21, 0x5C, 0xE8, 0x46, 0xAF, 0x30, 0x69, 0x7E, 0x3C, 0x17, 0xEF, 0xAE, 0x42, 0xD4, 0x0B,
    0x83, 0xB9, 0xDE, 0x7E, 0x6F, 0x34, 0x4A, 0x8C, 0x31, 0x62, 0xBF, 0x30, 0x02, 0xD5, 0xCE, 0x90,
    0x1E, 0x08, 0xEA, 0xE0, 0x3B, 0xBA, 0x28, 0x87, 0xC3, 0x1B, 0x77, 0x27, 0x48, 0x2C, 0x16, 0x89,
    0x11, 0xFF, 0x22, 0x14, 0xAC, 0x9D, 0x08, 0xD2, 0x1A, 0x86, 0xA0, 0x05, 0x92, 0x62, 0x08, 0x86,
    0x1C, 0xE1, 0x07, 0x95, 0xE1, 0x79, 0x64, 0xFE, 0xC0, 0x2D, 0x49, 0xB8, 0xD7, 0x28, 0x2F, 0xA1,
    0x3F, 0x35, 0x22, 0xD8, 0x3A, 0x04, 0xCB, 0xA6, 0x43, 0x0A, 0xC5, 0x72, 0x2E, 0xE8, 0x93, 0x77,
    0xE4, 0xD1, 0x5F, 0x09, 0xA4, 0x71, 0x0D, 0xF9, 0x0B, 0xE2, 0x82, 0xFC, 0x9F, 0x41, 0x74, 0xD1,
    0x78, 0xCF, 0xA1, 0x93, 0xF8, 0x4E, 0x03, 0xF6, 0x0F, 0xB1, 0xDE, 0xC6, 0x38, 0x09, 0x35, 0xEE,
    0x0A, 0x99, 0x6E, 0x8D, 0x30, 0xA1, 0x9A, 0x3A, 0x36, 0x2E, 0x1D, 0x1C, 0x6C, 0x11, 0x47, 0x21,
    0x64, 0x50, 0x24, 0x92, 0x1A, 0xE4, 0xFA, 0x44, 0xDA, 0x74, 0x56, 0xFA, 0xA4, 0x87, 0xA4, 0xE0,
    0x67, 0x63, 0x29, 0x03, 0xD8, 0x29, 0x44, 0xCE, 0x0B, 0x2D, 0x29, 0x7E, 0x00, 0x41, 0x7C, 0x03,
    0xC0, 0x10, 0x37, 0x10, 0x45, 0xA5, 0x2C, 0x35, 0x24, 0xA1, 0x0B, 0x46, 0x91, 0x44, 0x5A, 0x45,
    0x8C, 0x0D, 0x7C, 0xC2, 0x26, 0x5A, 0x3A, 0xD6, 0x82, 0x78, 0xBE, 0x3B, 0x98, 0xE7, 0xE3, 0xBE,
    0x2E, 0x80, 0x23, 0xDC, 0xDC, 0xBF, 0x6E, 0x6A, 0xEB, 0x56, 0x9B, 0x33, 0x8F, 0x65, 0xF0, 0x81,
    0x79, 0xE1, 0xCE, 0xFD, 0x37, 0xFA, 0x01, 0x92, 0xB2, 0x3F, 0x38, 0x19, 0x5A, 0x67, 0x96, 0x58,
    0x37, 0x08, 0xD9, 0x29, 0x92, 0x58, 0xE0, 0x93, 0xA8, 0x08, 0xD3, 0xBB, 0x66, 0x7B, 0x66, 0xE2,
    0x86, 0xD6, 0x1F, 0xB9, 0x7C, 0x1A, 0x36, 0xC5, 0x4F, 0x98, 0x45, 0xC5, 0x4C, 0x51, 0x31, 0x7B,
    0x0A, 0x07, 0xBA, 0xA2, 0x98, 0x06, 0xC2, 0xE1, 0xD8, 0xB6, 0xBB, 0x84, 0x5C, 0x84, 0xA2, 0x1E,
    0x04, 0xEE, 0x92, 0x52, 0xFF, 0xC1, 0x83, 0xEC, 0xCA, 0x77, 0x04, 0x9E, 0x3F, 0x22, 0xA7, 0x2B,
    0x48, 0xE0, 0xA9, 0xE0, 0xE0, 0xC8, 0x97, 0xC6, 0xD4, 0x63, 0x2F, 0xBF, 0xF1, 0x27, 0x11, 0x35,
    0xAC, 0x6F, 0x26, 0x34, 0xD3, 0x97, 0xDA, 0x3F, 0x83, 0x47, 0x7D, 0xC2, 0x66, 0xB5, 0x61, 0xCD,
    0x07, 0xAE, 0x00, 0xA5, 0xF1, 0xC3, 0xD7, 0x47, 0x81, 0x89, 0x87, 0xE1, 0x07, 0x3A, 0xE5, 0x7E,
    0x24, 0xDA, 0x6A, 0x30, 0x69, 0x59, 0x2F, 0x0A, 0xC3, 0xF6, 0x0E, 0x09, 0xD7, 0x18, 0x23, 0x3B,
    0x88, 0x95, 0x74, 0x26, 0x5A, 0x0B, 0x31, 0x83, 0x46, 0xF5, 0xBF, 0x13, 0x8D, 0xB5, 0x9D, 0x88,
    0xCB, 0x5E, 0x95, 0xEA, 0x15, 0x34, 0xAB, 0x72, 0x80, 0xBC, 0x49, 0x4C, 0x62, 0xEC, 0x36, 0x30,
    0x2F, 0xD2, 0x4D, 0x2D, 0x31, 0x14, 0x3A, 0x53, 0x01, 0x47, 0xB6, 0x64, 0x21, 0x6F, 0x93, 0xA3,
    0x37, 0x26, 0x52, 0x87, 0x65, 0x98, 0x36, 0xA0, 0x6A, 0xCF, 0x23, 0xAB, 0x8D, 0x88, 0x4D, 0x85,
    0x19, 0x46, 0x77, 0x61, 0x01, 0x5E, 0xEB, 0x9B, 0xA5, 0xC3, 0xC0, 0xDA, 0x90, 0x6E, 0x8A, 0x3E,
    0x52, 0x44, 0xA0, 0xB5, 0x7D, 0xCF, 0x61, 0x4A, 0x21, 0xF2, 0x43, 0x12, 0x19, 0xD2, 0x41, 0x49,
    0x73, 0xF8, 0xAE, 0x2E, 0xCF, 0x9B, 0xF7, 0x23, 0x61, 0x90, 0x8B, 0xC4, 0x0C, 0xC4, 0x23, 0xB0,
    0xCE, 0x7D, 0xD4, 0xEC, 0x36, 0xC9, 0xBB, 0xEC, 0x23, 0x57, 0xBF, 0xCB, 0xDC, 0x3F, 0x68, 0x24,
    0x22, 0x2E, 0xBC, 0x71, 0x2E, 0x7E, 0x52, 0xD5, 0xAE, 0x4F, 0x6D, 0xA4, 0xDA, 0xE8, 0x70, 0xDD,
    0x2C, 0xA1, 0x58, 0xB5, 0xC7, 0x4E, 0xC0, 0x68, 0xC0, 0xDC, 0x15, 0x05, 0xD3, 0x4A, 0xF9, 0xDA,
    0x8D, 0x94, 0x71, 0xED, 0x32, 0x37, 0x26, 0x21, 0xC7, 0xE1, 0x2E, 0xBB, 0x17, 0xE1, 0x3C, 0xCD,
    0xA1, 0x77, 0x41, 0x35, 0xB9, 0x1D, 0xF5, 0x77, 0x4F, 0x95, 0xD8, 0x88, 0xC1, 0xD1, 0xDD, 0xDF,
    0x57, 0xE7, 0x3E, 0x7F, 0xF3, 0xCA, 0x07, 0x16, 0x77, 0x42, 0x02, 0xC5, 0xDB, 0x22, 0x0C, 0x60,
    0x2E, 0xB7, 0x36, 0x5B, 0xF4, 0x2C, 0x52, 0xD8, 0x10, 0x63, 0xF6, 0x39, 0x53, 0x0C, 0xA7, 0x94,
    0x38, 0xB5, 0xE8, 0x84, 0xB0, 0x20, 0xCF, 0x0F, 0xC7, 0xFE, 0x30, 0x8D, 0xCE, 0xC2, 0xEF, 0x14,
    0xF0, 0x4E, 0x04, 0xAA, 0x76, 0x22, 0xFE, 0x68, 0x54, 0x91, 0xD4, 0x7B, 0x2F, 0xEA, 0xCD, 0xA6,
    0xC4, 0xB4, 0x6F, 0x8A, 0x40, 0xD4, 0x60, 0x3D, 0xC6, 0x00, 0xF8, 0x52, 0x67, 0xA1, 0x87, 0x5A,
    0x37, 0x0F, 0xE1, 0x86, 0x2F, 0xA0, 0x3D, 0x57, 0x8A, 0xAE, 0x58, 0xA2, 0xC9, 0x7F, 0xD8, 0x44,
    0x60, 0x1B, 0xBD, 0x61, 0x30, 0x0F, 0xE5, 0xF7, 0x35, 0x27, 0x62, 0xA1, 0xAB, 0xA8, 0xEC, 0x52,
    0x91, 0xA9, 0x9A, 0xDD, 0xDE, 0x68, 0x2D, 0xD5, 0x43, 0xD5, 0x68, 0x2C, 0x0A, 0x3B, 0x38, 0x1B,
    0x7E, 0x6F, 0x57, 0xCB, 0x9E, 0x8E, 0x01, 0x49, 0xA9, 0x46, 0xA7, 0x76, 0xC9, 0x44, 0x90, 0x60,
    0xE9, 0x10, 0x83, 0x56, 0x3D, 0xE7, 0x72, 0xAB, 0xCB, 0xF2, 0xA8, 0x17, 0xEE, 0xE0, 0x17, 0x17,
    0x0F, 0x89, 0xFB, 0x3F, 0xC9, 0x23, 0x26, 0x81, 0xDD, 0xDE, 0x99, 0x6F, 0xA1, 0x30, 0xBB, 0xCD,
    0x41, 0x87, 0xAF, 0xF6, 0x9E, 0x86, 0xDD, 0x78, 0x59, 0xFB, 0x39, 0x13, 0x99, 0x4D, 0x3E, 0x1F,
    0x44, 0x40, 0xF5, 0xB4, 0x98, 0x70, 0x3B, 0x9E, 0xA0, 0xE2, 0x69, 0xB2, 0x05, 0x8F, 0x35, 0xA4,
    0x58, 0x93, 0xEF, 0x74, 0x28, 0x15, 0xD7, 0x36, 0x9A, 0xA5, 0x45, 0xD3, 0xAD, 0xA7, 0x4E, 0xAD,
    0xF2, 0x3B, 0x41, 0xD9, 0xD1, 0x89, 0xEA, 0x3E, 0x30, 0x69, 0x4A, 0x0E, 0xB2, 0x4E, 0x00, 0x27,
    0x7A, 0xCF, 0xCD, 0x7A, 0x79, 0x75, 0xB8, 0x43, 0x2F, 0xDE, 0x90, 0x13, 0xE1, 0x58, 0x7F, 0x87,
    0x86, 0x8F, 0x2B, 0x16, 0x73, 0xB6, 0x1A, 0xC4, 0x8A, 0x25, 0x81, 0x7D, 0x44, 0x7A, 0x90, 0x10,
    0xE3, 0xF1, 0xFE, 0x9C, 0x83, 0xD0, 0x8C, 0x6E, 0xE9, 0x8E, 0xDB, 0xF4, 0x6D, 0x6B, 0x9E, 0xA2,
    0x61, 0x2E, 0x8A, 0xF0, 0xB3, 0x20, 0x79, 0xA0, 0x3F, 0x77, 0xE8, 0xC8, 0x0D, 0x84, 0x1D, 0xC2,
    0x60, 0x2F, 0x1E, 0x26, 0xEC, 0xB3, 0x64, 0x95, 0x04, 0x80, 0x75, 0xB8, 0xF0, 0xE0, 0x9D, 0xED,
    0x64, 0x07, 0xB9, 0x72, 0x9F, 0x76, 0x33, 0x7A, 0x24, 0x2C, 0x78, 0xF2, 0x27, 0xB8, 0xEF, 0x95,
    0x34, 0x56, 0x27, 0x2F, 0x68, 0xB0, 0x60, 0x16, 0x22, 0xED, 0x59, 0x39, 0x4B, 0x36, 0xEA, 0xE5,
    0x89, 0x38, 0x0D, 0x42, 0xA0, 0xB2, 0x84, 0xBA, 0x10, 0xD3, 0x20, 0xFD, 0xF7, 0x75, 0x7D, 0x35,
    0x42, 0x83, 0xF9, 0x20, 0x2C, 0x13, 0x08, 0xC5, 0x69, 0x7A, 0x53, 0x33, 0x94, 0x2A, 0xAA, 0xF6,
    0x05, 0xC9, 0x6A, 0x07, 0xED, 0xDE, 0x68, 0xFA, 0xE3, 0x11, 0x15, 0x04, 0xAA, 0x3E, 0x32, 0x0E,
    0x8C, 0x22, 0x41, 0xB1, 0x80, 0x3E, 0xD1, 0xF9, 0x40, 0x2C, 0xA9, 0x66, 0xA3, 0x8B, 0x77, 0x9D,
    0x02, 0xEA, 0x65, 0xCC, 0xB2, 0xFC, 0x1F, 0xCE, 0xEC, 0xC8, 0xC4, 0x77, 0x80, 0xF7, 0xB9, 0x14,
    0xB0, 0x6E, 0xF7, 0xBD, 0x39, 0xAB, 0x7B, 0xE4, 0x07, 0x40, 0xCD, 0xC0, 0xAF, 0x99, 0x76, 0x9D,
    0xB9, 0x2C, 0xDA, 0x1D, 0x5A, 0xD4, 0x15, 0xE8, 0x58, 0x93, 0x92, 0xED, 0x48, 0xBC, 0x7D, 0x25,
    0x3A, 0x5C, 0x25, 0xC6, 0x72, 0x25, 0x03, 0xAA, 0x85, 0xE2, 0x6B, 0x59, 0xEB, 0xB5, 0x10, 0x9D,
    0xE0, 0x7E, 0xAB, 0x26, 0x2B, 0x2D, 0xC6, 0xC5, 0x1C, 0xD2, 0x34, 0xA3, 0x61, 0xE2, 0xDD, 0xB5,
    0x88, 0xC5, 0x01, 0xE6, 0xD2, 0x96, 0x31, 0x76, 0x84, 0x6A, 0x12, 0xE6, 0x22, 0x60, 0xB0, 0x2E,
    0x8C, 0xAC, 0x9A, 0xB2, 0x4C, 0x0A, 0x10, 0x2F, 0x5B, 0x24, 0x32, 0x4A, 0xF1, 0xAA, 0x30, 0xEE,
    0x2E, 0x21, 0x5A, 0x36, 0xF7, 0x47, 0xD8, 0x58, 0x60, 0xE1, 0x82, 0xF8, 0x91, 0x43, 0x0A, 0xDA,
    0x2B, 0x4C, 0x90, 0x5D, 0xDC, 0x8F, 0xC6, 0x41, 0xD3, 0xE0, 0x01, 0x8E, 0xF6, 0xE9, 0x1A, 0xB8,
    0x3B, 0x86, 0x22, 0x59, 0x77, 0x9F, 0x32, 0xD4, 0xB3, 0xBD, 0xAB, 0x6C, 0x71, 0xEF, 0xED, 0xB0,
    0xAF, 0x62, 0x6F, 0xC6, 0x30, 0x2C, 0x47, 0xB0, 0xB0, 0x25, 0x39, 0xC8, 0x02, 0x81, 0x78, 0xA9,
    0x08, 0x39, 0xDB, 0xA0, 0x00, 0xC3, 0x1A, 0xF5, 0xC9, 0x02, 0x38, 0x14, 0x88, 0xAF, 0xFB, 0x91,
    0xAA, 0x51, 0x1B, 0x3D, 0x8A, 0x78, 0x72, 0xBD, 0x4B, 0x63, 0xCA, 0xF1, 0x0D, 0xA1, 0x43, 0xF2,
    0x62, 0xA2, 0x1A, 0x01, 0x7D, 0xBA, 0xC2, 0x68, 0xAC, 0x6C, 0xF1, 0x27, 0xD4, 0xFE, 0xBC, 0x26,
    0x9A, 0xDF, 0x4D, 0xF3, 0x9A, 0x04, 0x46, 0xD8, 0x18, 0x4A, 0x4D, 0x30, 0xE1, 0xCC, 0x62, 0xD5,
    0x3B, 0xCC, 0x6C, 0x36, 0x84, 0xD2, 0x8C, 0x13, 0x17, 0x0C, 0xB9, 0xED, 0x31, 0x0B, 0xE4, 0x93,
    0x62, 0x42, 0xC9, 0x1F, 0x93, 0xBF, 0x2B, 0x91, 0x17, 0x1D, 0x19, 0xEF, 0xFD, 0xCA, 0xE3, 0x46,
    0x52, 0x07, 0xA4, 0x58, 0xFA, 0xD1, 0x09, 0x3B, 0x39, 0x02, 0x13, 0x9E, 0x50, 0x63, 0x8A, 0x69,
    0xB2, 0xE9, 0x3E, 0x36, 0xBC, 0x8A, 0x04, 0xDC, 0x35, 0x78, 0x4E, 0xF0, 0x1F, 0x81, 0x17, 0xC1,
    0x27, 0xF9, 0x1E, 0x72, 0xC6, 0x10, 0x48, 0xE6, 0x08, 0x63, 0x7F, 0xE1, 0xF7, 0x5B, 0xBC, 0x5B,
    0x9B, 0xF9, 0x40, 0x47, 0xBB, 0x26, 0xF8, 0xDB, 0xC2, 0x45, 0x87, 0xC8, 0x37, 0xDA, 0xE7, 0x4B,
    0xD4, 0x0E, 0x83, 0xB6, 0xB1, 0xC4, 0xCE, 0x56, 0x21, 0xFB, 0xAD, 0xD5, 0x2E, 0xD1, 0xD3, 0x5C,
    0x40, 0xD3, 0x5E, 0xE3, 0x32, 0xC5, 0xF8, 0xD3, 0x68, 0x82, 0xF8, 0x01, 0xE2, 0x49, 0x30, 0xD9,
    0x03, 0x1B, 0x20, 0xAB, 0xD3, 0xC4, 0x84, 0x1F, 0x1C, 0x83, 0xDC, 0x62, 0xE3, 0x0B, 0xD0, 0x45,
    0x1A, 0xDE, 0x89, 0xE6, 0xB2, 0xA4, 0xA5, 0x88, 0x41, 0x54, 0xE4, 0x90, 0x02, 0x28, 0xF6, 0x8B,
    0x18, 0x63, 0xCE, 0x59, 0x69, 0x84, 0xB7, 0xE2, 0xC5, 0x47, 0x8D, 0x50, 0x1B, 0xF3, 0x8A, 0x1B,
    0x76, 0x0D, 0x8D, 0x0B, 0x84, 0x7C, 0xF8, 0xBF, 0xBD, 0x8F, 0x8F, 0x13, 0xC3, 0x2B, 0xC8, 0x2A,
    0x60, 0x69, 0x98, 0x5F, 0x08, 0xD7, 0x55, 0x18, 0x27, 0x3E, 0x36, 0x15, 0x3C, 0x68, 0xD2, 0x66,
    0xCF, 0x50, 0xC3, 0xFB, 0x5B, 0x9A, 0x98, 0x9A, 0xD2, 0xB1, 0x30, 0x0F, 0xE5, 0xA3, 0xD6, 0xE4,
    0x6C, 0xDD, 0xD6, 0x2C, 0xAA, 0x6C, 0xD6, 0xBC, 0x56, 0x48, 0x93, 0xED, 0x39, 0x67, 0x15, 0x8A,
    0x02, 0x2A, 0x16, 0xC0, 0x04, 0x30, 0xBD, 0x8D, 0x7A, 0xF0, 0x6C, 0x52, 0xA0, 0xFD, 0x95, 0x26,
    0xB0, 0xE8, 0x52, 0x54, 0x2A, 0x30, 0x01, 0x2A, 0x83, 0x15, 0x8F, 0xD9, 0x1A, 0x39, 0x7C, 0x88,
    0xC1, 0xDA, 0xD2, 0xC7, 0x44, 0x66, 0xE0, 0x03, 0x30, 0xF9, 0xB0, 0xC4, 0x6D, 0x4C, 0x99, 0xC2,
    0x14, 0x98, 0x7A, 0x4F, 0x7C, 0x5D, 0xBB, 0xC2, 0x3B, 0x8E, 0x59, 0x48, 0xD6, 0x47, 0xDC, 0x15,
    0xF8, 0xDB, 0x22, 0x3E, 0x72, 0x4C, 0xAC, 0xC8, 0xAE, 0xF6, 0x08, 0xA3, 0xCE, 0x2C, 0x26, 0x5E,
    0x32, 0x29, 0xC3, 0x08, 0x71, 0xEE, 0x95, 0x41, 0x86, 0x3C, 0x34, 0xC8, 0xBD, 0xFB, 0x2D, 0xE5,
    0x26, 0x50, 0x76, 0x0B, 0xA0, 0xD9, 0x26, 0x5D, 0xBD, 0xC6, 0x8C, 0x33, 0xF3, 0x4F, 0x3B, 0xFF,
    0x13, 0xCF, 0xBD, 0x92, 0xC6, 0x1F, 0x8D, 0xFD, 0x09, 0xB1, 0xF0, 0xCD, 0x70, 0x19, 0x92, 0x72,
    0x14, 0x0A, 0xA7, 0x08, 0xC5, 0xE9, 0x15, 0x6E, 0xBC, 0x1D, 0x48, 0xC6, 0x60, 0x38, 0x80, 0xB7,
    0x99, 0x84, 0x42, 0xD3, 0xC1, 0xDD, 0x35, 0xF0, 0x68, 0x1D, 0x3C, 0x2F, 0x10, 0x34, 0xDE, 0xF3,
    0x08, 0x5F, 0xC5, 0x89, 0x00, 0x45, 0xE4, 0x1D, 0xB6, 0x54, 0x8E, 0x4B, 0xE7, 0x1E, 0x9A, 0x95,
    0x69, 0x81, 0x68, 0x07, 0xAA, 0xCC, 0x31, 0x77, 0x37, 0x2E, 0x63, 0x94, 0x89, 0xA1, 0x5B, 0x87,
    0x04, 0xAD, 0x26, 0x4C, 0x40, 0x46, 0xB5, 0xE6, 0x19, 0x30, 0xB1, 0xDB, 0x8F, 0x1B, 0xEA, 0x37,
    0xAD, 0x74, 0xCA, 0xA5, 0x39, 0xC5, 0xCB, 0xFB, 0x98, 0xC0, 0x73, 0x9E, 0x71, 0x91, 0x40, 0x42,
    0xCF, 0x8D, 0x38, 0xCB, 0xC0, 0xFD, 0x01, 0x8B, 0xDD, 0xD0, 0xF9, 0x49, 0x2E, 0x8D, 0xBF, 0x64,
    0x86, 0x14, 0x5A, 0x49, 0x87, 0x27, 0x45, 0xD4, 0x96, 0x41, 0x0C, 0x7D, 0x4C, 0xC4, 0xCA, 0x28,
    0xC2, 0xB8, 0x0A, 0xB2, 0x9B, 0xFB, 0x5B, 0x9A, 0x67, 0xBD, 0xC0, 0xD2, 0xA2, 0xB1, 0xBB, 0xBE,
    0xB1, 0xA3, 0x8D, 0xA3, 0x41, 0x03, 0x79, 0xF7, 0xD1, 0xD7, 0xB4, 0x71, 0x15, 0x54, 0x67, 0xF4,
    0x05, 0x1E, 0xBD, 0x2B, 0x5E, 0xA5, 0xE3, 0x99, 0x35, 0x7F, 0x01, 0x1D, 0xDC, 0x7B, 0xA5, 0x83,
    0x09, 0xF0, 0x20, 0x0C, 0x0B, 0xE0, 0x51, 0x01, 0xE0, 0x92, 0x71, 0xF7, 0x12, 0x46, 0x57, 0x10,
    0x69, 0xCF, 0x35, 0xD0, 0x00, 0xAC, 0xC6, 0x98, 0x04, 0x97, 0x4C, 0xEE, 0x01, 0x5F, 0xF9, 0x0A,
    0xE0, 0xCD, 0xE6, 0x98, 0x19, 0x20, 0x30, 0x26, 0x02, 0x82, 0x01, 0x6E, 0x1E, 0x2C, 0xFC, 0x0B,
    0xAA, 0x55, 0x9B, 0xC9, 0xC7, 0x1A, 0x8E, 0xB3, 0x33, 0x46, 0xDD, 0x39, 0x93, 0x33, 0xEA, 0x7E,
    0xCB, 0x08, 0xC6, 0x3C, 0x5B, 0x1A, 0x70, 0xB1, 0xA0, 0xAE, 0x59, 0x42, 0xDD, 0xCB, 0xBF, 0x29,
    0xA8, 0x23, 0xF4, 0x7D, 0xDB, 0x5C, 0x46, 0x69, 0x9E, 0x52, 0xD8, 0x8D, 0xA4, 0x11, 0xC3, 0x04,
    0x7F, 0x76, 0xF2, 0xFA, 0x09, 0x2F, 0x41, 0xAB, 0x62, 0xDD, 0x03, 0x99, 0x81, 0xE6, 0x36, 0xA2,
    0xF2, 0x87, 0xDF, 0x79, 0x25, 0x0F, 0x09, 0x7D, 0xCF, 0xC7, 0x92, 0x3C, 0x83, 0x8F, 0xF5, 0x1A,
    0xF6, 0x77, 0x7B, 0x29, 0x73, 0x65, 0xEF, 0xA5, 0x8C, 0x5C, 0x15, 0xDE, 0xBF, 0x2F, 0xC8, 0x53,
    0xE1, 0xFD, 0x60, 0x46, 0x8A, 0xB3, 0xF7, 0x6C, 0xC3, 0xFA, 0x64, 0x54, 0x13, 0xF4, 0xA3, 0xAF,
    0x73, 0x1E, 0xCD, 0x88, 0x1B, 0x4C, 0x05, 0x1E, 0x0B, 0x94, 0x84, 0x45, 0xF4, 0x49, 0xA0, 0x65,
    0x87, 0xDD, 0x40, 0xC6, 0x88, 0x36, 0x1D, 0x48, 0xF1, 0x4D, 0xDE, 0x2E, 0x21, 0x4C, 0xD4, 0xD3,
    0x24, 0xE5, 0xF4, 0xFE, 0xAA, 0x55, 0xF7, 0x25, 0xCD, 0xEB, 0x79, 0x5A, 0x1A, 0x4F, 0x6B, 0x22,
    0xA3, 0xE7, 0xE2, 0xE8, 0xDF, 0x31, 0x81, 0xFB, 0x5A, 0x06, 0xD6, 0x20, 0x60, 0xC7, 0x79, 0x3F,
    0x4F, 0x11, 0xAF, 0xC1, 0x73, 0x94, 0xF5, 0x00, 0x7C, 0xF6, 0x7B, 0x91, 0xF9, 0xEE, 0xD6, 0x9E,
    0xF4, 0x0A, 0xD9, 0x27, 0x51, 0x1D, 0xA1, 0xAA, 0x10, 0xA5, 0x88, 0x2C, 0x4E, 0x44, 0x16, 0x69,
    0xAE, 0xA1, 0x9A, 0x1D, 0xBB, 0xAA, 0xE0, 0xD7, 0x62, 0xAD, 0x93, 0x91, 0xE7, 0x82, 0x26, 0x4A,
    0x7A, 0x89, 0xFB, 0x17, 0x39, 0xA3, 0xCE, 0xFD, 0xF3, 0x19, 0x8B, 0x38, 0xF7, 0x27, 0xE2, 0x98,
    0xF3, 0x92, 0x86, 0xCD, 0x0E, 0x2F, 0x79, 0xC6, 0x08, 0xDA, 0xCE, 0x77, 0xF9, 0x47, 0x1D, 0xE2,
    0xB8, 0x11, 0xAB, 0x6A, 0xD6, 0x88, 0x5D, 0x42, 0x7A, 0x22, 0x2A, 0x89, 0x64, 0x12, 0xA3, 0x56,
    0xCD, 0x8A, 0x76, 0x9B, 0x6F, 0xB2, 0xBB, 0x3C, 0x6C, 0x25, 0x7A, 0xE6, 0xAA, 0xE1, 0xBB, 0x30,
    0x8A, 0x86, 0xF4, 0xD3, 0x2D, 0xBF, 0xB6, 0x5B, 0x7E, 0xA2, 0x04, 0x7E, 0xD9, 0x14, 0x8C, 0x3A,
    0x6C, 0x10, 0xEA, 0xA0, 0xC1, 0xA8, 0xFB, 0xE6, 0x73, 0x19, 0xA3, 0xEE, 0xB5, 0x36, 0x12, 0xD4,
    0xFD, 0xE8, 0x37, 0x0E, 0x75, 0x43, 0x86, 0xDF, 0x45, 0x4F, 0x3B, 0x1F, 0x04, 0x50, 0xB1, 0x7E,
    0x14, 0x74, 0x36, 0xEA, 0xBC, 0x73, 0xDE, 0xAB, 0x1B, 0xA8, 0x19, 0x3B, 0x35, 0x9C, 0x6C, 0xF4,
    0x88, 0x33, 0xDA, 0xF0, 0xCD, 0xC8, 0xF4, 0xEF, 0xFD, 0x08, 0xF4, 0x9D, 0x4C, 0xDC, 0x53, 0xA2,
    0xCD, 0xC7, 0x91, 0xB8, 0x14, 0xFC, 0x8C, 0x06, 0xFD, 0x35, 0x9C, 0x93, 0x39, 0x19, 0x73, 0x0E,
    0x71, 0x0B, 0x78, 0x34, 0x28, 0x09, 0xA0, 0x5E, 0x78, 0x94, 0x59, 0x0B, 0xF8, 0xC2, 0x78, 0x32,
    0x20, 0xB7, 0x20, 0x7F, 0xCA, 0x09, 0x6E, 0x3C, 0xAA, 0xE5, 0x7A, 0x1A, 0x1D, 0x30, 0x04, 0xD0,
    0x46, 0xED, 0x08, 0xE3, 0xC8, 0xB3, 0x47, 0x90, 0xB7, 0x56, 0x94, 0x37, 0xEF, 0x68, 0x7C, 0xCA,
    0xBA, 0xB5, 0xB4, 0x3C, 0xCF, 0x2D, 0xE1, 0x27, 0xC0, 0x3E, 0x24, 0xA4, 0x58, 0xE4, 0xE2, 0xFC,
    0x0C, 0x2A, 0x9B, 0xB3, 0x8A, 0x26, 0xAD, 0x53, 0x1C, 0x89, 0x97, 0x83, 0x03, 0x33, 0xC0, 0x0A,
    0x8F, 0x9E, 0x16, 0x37, 0xD9, 0xB5, 0x33, 0x92, 0x73, 0xFA, 0xD4, 0x03, 0xB2, 0x97, 0x57, 0xE2,
    0xC7, 0x7A, 0x00, 0x7E, 0xBE, 0x84, 0x2A, 0x12, 0xA7, 0x71, 0x33, 0x7E, 0xE0, 0xD1, 0x16, 0x25,
    0x1C, 0xA3, 0x87, 0xAE, 0x21, 0x63, 0xA8, 0x40, 0x6C, 0xB8, 0x05, 0x65, 0x28, 0xA2, 0x6A, 0x45,
    0x14, 0x1C, 0xA3, 0x7E, 0xC6, 0x19, 0x79, 0x80, 0x9F, 0xC4, 0x8E, 0x70, 0x4E, 0xAB, 0x47, 0x11,
    0x2D, 0xB5, 0xE2, 0x47, 0x92, 0x78, 0x3A, 0x4A, 0x7A, 0xB4, 0x8B, 0xFD, 0xA9, 0xD3, 0x37, 0x6C,
    0xC4, 0xA9, 0x81, 0x61, 0xF9, 0x98, 0x9D, 0xDC, 0x95, 0x29, 0x9F, 0x62, 0x73, 0xDA, 0xCA, 0x79,
    0x70, 0x6D, 0xAF, 0x71, 0x4E, 0xDC, 0xDC, 0x12, 0xC1, 0xCA, 0x0D, 0xDB, 0xE4, 0x56, 0xD4, 0xD9,
    0x75, 0x6B, 0xD1, 0x52, 0x2C, 0xD0, 0x62, 0x12, 0xF1, 0xB9, 0x4C, 0x56, 0xA3, 0xE5, 0x0B, 0x88,
    0xAF, 0x11, 0x5A, 0xEC, 0x5F, 0x15, 0x5A, 0xCC, 0xD8, 0x23, 0xBD, 0x60, 0x4B, 0x1A, 0x75, 0x0F,
    0x3F, 0x16, 0x35, 0x34, 0x15, 0x37, 0x0A, 0xB0, 0xB0, 0x56, 0x3D, 0xFE, 0x3C, 0x42, 0x98, 0x75,
    0x76, 0x0F, 0xC1, 0x9F, 0xEC, 0x6A, 0x00, 0xB9, 0x4C, 0x0B, 0x8D, 0x3C, 0xE1, 0xAD, 0xA6, 0x42,
    0xE0, 0xD5, 0xE4, 0x74, 0xC5, 0x37, 0xCA, 0xA5, 0x40, 0xD6, 0x14, 0x27, 0x92, 0x6D, 0x1A, 0xA8,
    0xEB, 0xE2, 0x91, 0x21, 0x01, 0x7B, 0xEA, 0xB0, 0x9D, 0x2C, 0x56, 0xBA, 0xAA, 0x84, 0x71, 0x3E,
    0x8E, 0xE9, 0xBA, 0x0F, 0x8E, 0x2F, 0xA8, 0x15, 0x61, 0xE7, 0x53, 0xCD, 0x80, 0x0E, 0xC4, 0xFD,
    0x41, 0x66, 0x20, 0x2E, 0x94, 0x9D, 0x09, 0x19, 0x11, 0xA5, 0x09, 0x6D, 0xEC, 0xF0, 0x27, 0xB5,
    0xA8, 0x3B, 0x59, 0xCB, 0xB4, 0xD4, 0x72, 0xBF, 0x71, 0x6A, 0x78, 0xEC, 0xC0, 0xDF, 0x78, 0xEC,
    0x30, 0xD9, 0x8E, 0x6E, 0x9D, 0x61, 0x4C, 0xB5, 0xF2, 0x07, 0xA1, 0x04, 0xC7, 0x4E, 0x2E, 0x68,
    0x0C, 0x98, 0x10, 0x2F, 0xC4, 0x84, 0x5D, 0xEE, 0x3E, 0x0C, 0x8B, 0x53, 0x3A, 0x60, 0xEC, 0xF6,
    0x20, 0x1D, 0x5A, 0x3D, 0xEE, 0x5D, 0x36, 0xF0, 0x60, 0xEC, 0xE5, 0x38, 0x88, 0x65, 0x8F, 0xE7,
    0xB7, 0x8B, 0x6B, 0x86, 0x7A, 0x9F, 0x99, 0x70, 0x37, 0xAB, 0xA0, 0x47, 0xC6, 0xC6, 0xCA, 0x27,
    0x09, 0x8D, 0x9D, 0x1B, 0x38, 0xF6, 0x12, 0xBF, 0xC2, 0xB1, 0xBF, 0x1B, 0xC8, 0xD8, 0xC9, 0xEA,
    0xC3, 0xB1, 0x23, 0xC9, 0xFF, 0x23, 0x19, 0xFB, 0xD8, 0xDB, 0xF4, 0x02, 0xFA, 0x57, 0x28, 0x7A,
    0x06, 0x3A, 0x2D, 0x41, 0x10, 0x97, 0x37, 0x6E, 0x34, 0x5B, 0x3C, 0xC5, 0x47, 0x42, 0x89, 0x3D,
    0x18, 0x8E, 0x20, 0x91, 0xCD, 0x91, 0xF5, 0xF2, 0x94, 0x93, 0x05, 0xCA, 0xDD, 0x0E, 0x5A, 0x07,
    0xE9, 0xFC, 0x76, 0xB4, 0x2B, 0xD7, 0x1D, 0xB1, 0x77, 0x6A, 0x08, 0x77, 0xC5, 0x6A, 0xDA, 0x65,
    0xAB, 0x89, 0xE0, 0xAB, 0x20, 0xFD, 0x1A, 0xB2, 0x9A, 0x52, 0x54, 0x25, 0x8F, 0x4B, 0x9B, 0x34,
    0xD9, 0x14, 0xFD, 0x14, 0x61, 0x1B, 0xC5, 0x39, 0x08, 0xE0, 0x69, 0x5C, 0xC4, 0x19, 0x42, 0xB4,
    0x9A, 0x60, 0xB4, 0xC7, 0x56, 0x1D, 0x26, 0x4E, 0x05, 0x88, 0x7D, 0x35, 0x8C, 0x2C, 0x94, 0x0D,
    0xE7, 0x49, 0x73, 0x2D, 0x48, 0x71, 0xB5, 0x7E, 0xFF, 0x94, 0xF0, 0x84, 0xAE, 0x91, 0x4D, 0xCF,
    0x6C, 0x10, 0xB6, 0xBC, 0xE7, 0x13, 0xC6, 0xD1, 0xE4, 0x27, 0xA8, 0x20, 0x1F, 0xBC, 0xF1, 0x4A,
    0xFA, 0x7E, 0x2E, 0x58, 0xFA, 0xE9, 0xBE, 0x4F, 0x68, 0x9A, 0x17, 0x1D, 0x7E, 0x3A, 0xC4, 0x2C,
    0x1A, 0xE1, 0x52, 0x63, 0xBA, 0x68, 0x58, 0x07, 0x07, 0x73, 0x4A, 0x45, 0xB6, 0x35, 0x27, 0x19,
    0x1B, 0xF3, 0x37, 0x19, 0x21, 0x47, 0xAA, 0xDF, 0x2F, 0x37, 0x76, 0xFA, 0x8D, 0xFA, 0x77, 0x34,
    0xDF, 0x58, 0x13, 0x8F, 0x41, 0xF5, 0xF7, 0x49, 0x61, 0x3D, 0x2A, 0x25, 0x30, 0x76, 0x52, 0x3A,
    0x95, 0x95, 0xA2, 0xBD, 0x8F, 0x06, 0x67, 0x88, 0x0E, 0x5A, 0xC2, 0x59, 0x30, 0xE3, 0xC6, 0x1E,
    0x30, 0x22, 0xB0, 0x35, 0x4B, 0x83, 0xEE, 0x22, 0x34, 0x36, 0x0F, 0x6B, 0xF3, 0x38, 0xAB, 0xF0,
    0x25, 0x0F, 0x87, 0x3C, 0xCC, 0x03, 0x8F, 0x95, 0x11, 0xD7, 0x3C, 0x53, 0xA0, 0xF0, 0x19, 0xE7,
    0x7D, 0xF5, 0xE1, 0x99, 0xB7, 0x19, 0x87, 0xD0, 0x60, 0xFA, 0x9A, 0x50, 0x03, 0x71, 0xF8, 0x5E,
    0x21, 0x38, 0x6C, 0x33, 0xC1, 0xE1, 0xB7, 0x7E, 0x43, 0x71, 0x78, 0xBC, 0x0A, 0x60, 0xAF, 0x9E,
    0xDC, 0x82, 0x85, 0x74, 0x2B, 0xE7, 0x54, 0x21, 0x05, 0xE6, 0xC6, 0xC1, 0xFC, 0x8D, 0x7E, 0xE4,
    0x7B, 0x19, 0x7C, 0x35, 0x82, 0xDF, 0xBD, 0x58, 0xF0, 0x0F, 0x14, 0x6C, 0xDC, 0x3C, 0x98, 0xDF,
    0xDE, 0xEA, 0x79, 0x38, 0xD7, 0x83, 0x2B, 0x14, 0xAA, 0xB0, 0x79, 0xC4, 0xDE, 0xFC, 0x80, 0x82,
    0xE1, 0x38, 0x5A, 0xDA, 0xC5, 0x3C, 0x0D, 0x1A, 0xC4, 0xFD, 0xD4, 0x6E, 0x71, 0xAB, 0xDC, 0x9E,
    0x89, 0xCB, 0x30, 0x02, 0xB9, 0xEA, 0x95, 0xC1, 0x5D, 0xDC, 0x94, 0x98, 0x73, 0x7C, 0x0B, 0x57,
    0x1D, 0x51, 0xC1, 0xC6, 0x8F, 0xBB, 0xFC, 0x20, 0x5E, 0x57, 0x07, 0xE2, 0xF6, 0x75, 0xDB, 0x2E,
    0x9F, 0xE6, 0x7E, 0x1A, 0x8D, 0x83, 0x2B, 0xCD, 0x52, 0x18, 0xB8, 0x4B, 0x3A, 0xE9, 0x71, 0x35,
    0x7B, 0x5F, 0x58, 0x17, 0xEB, 0x6E, 0x40, 0x48, 0xD4, 0xB0, 0xE2, 0x88, 0x1A, 0x18, 0x27, 0x8C,
    0xD0, 0x40, 0x44, 0xCF, 0x6B, 0x83, 0x8D, 0xF4, 0x67, 0xCD, 0x76, 0xFB, 0x51, 0x06, 0xBC, 0x15,
    0xEE, 0x17, 0x63, 0x82, 0x6E, 0x49, 0xA9, 0xBA, 0xE8, 0xEA, 0x42, 0xA5, 0x63, 0xBB, 0x01, 0xC5,
    0x1D, 0x49, 0x35, 0xC0, 0xD1, 0xA1, 0x99, 0x1A, 0xA6, 0x20, 0x09, 0xD1, 0xE3, 0x18, 0xFB, 0xD9,
    0x2E, 0xF5, 0xAF, 0x71, 0x92, 0x29, 0x85, 0xB2, 0xD1, 0x0B, 0xFE, 0x9C, 0xB8, 0xC8, 0x03, 0x9C,
    0x5F, 0x54, 0xF1, 0x48, 0x39, 0x20, 0xAE, 0x3E, 0xEF, 0x31, 0x65, 0xB7, 0x8B, 0x98, 0x2D, 0x32,
    0x77, 0x8C, 0xDA, 0x36, 0xAB, 0x33, 0xF4, 0xEA, 0xD5, 0xB1, 0x3B, 0xA3, 0x12, 0xBF, 0xDA, 0x78,
    0x1B, 0xCC, 0xA3, 0x14, 0xD0, 0x59, 0xE2, 0x5E, 0x43, 0x24, 0x7C, 0x78, 0xE4, 0x36, 0x7A, 0xAE,
    0x68, 0x83, 0x4F, 0x25, 0x41, 0x89, 0x4A, 0x82, 0x1C, 0x95, 0x68, 0xF8, 0x15, 0xDF, 0x8C, 0x15,
    0xB4, 0xAF, 0x6B, 0x40, 0xCE, 0xBD, 0x5F, 0x4B, 0x74, 0xFF, 0x58, 0xDC, 0xE8, 0x53, 0x71, 0x9F,
    0x32, 0xBC, 0xD6, 0xC1, 0x6B, 0x02, 0x91, 0x54, 0x9E, 0x80, 0x4F, 0x79, 0xDB, 0x61, 0xF8, 0x2C,
    0x6F, 0xB7, 0xF2, 0x39, 0xDF, 0xCD, 0xB8, 0x34, 0xFB, 0xA1, 0x18, 0x1E, 0xA1, 0xA4, 0x16, 0x28,
    0x4C, 0x79, 0x1A, 0xB1, 0x3B, 0x60, 0x67, 0x5B, 0xB8, 0x85, 0xD2, 0xD6, 0x24, 0xB3, 0x54, 0x92,
    0xA5, 0x36, 0x0F, 0x0F, 0x24, 0x50, 0x6E, 0xEF, 0xF7, 0x66, 0xFE, 0x82, 0xC4, 0xE0, 0x6B, 0x49,
    0x52, 0xA8, 0x25, 0x66, 0x76, 0xDC, 0x99, 0xF6, 0x9C, 0x95, 0x10, 0x4E, 0xF8, 0x3E, 0x41, 0xDA,
    0xA6, 0x68, 0xB0, 0xFB, 0xED, 0x7E, 0x88, 0xB3, 0x00, 0x1A, 0xD3, 0x1E, 0x4A, 0x5E, 0xB0, 0xED,
    0x8F, 0x71, 0x9E, 0xA0, 0x7F, 0x60, 0x6F, 0xE4, 0x76, 0x5B, 0x92, 0x7B, 0x76, 0xF2, 0xF7, 0x33,
    0x2C, 0x6F, 0x30, 0xF3, 0xB2, 0x9A, 0x3C, 0xE3, 0x7E, 0x52, 0x93, 0x3F, 0x3C, 0x30, 0x7B, 0x78,
    0xFB, 0x1A, 0x46, 0x8A, 0x06, 0x64, 0xBD, 0x6B, 0x7C, 0x24, 0xDA, 0x7A, 0x07, 0x26, 0x9C, 0x9D,
    0x9E, 0xA8, 0xC6, 0x59, 0xD5, 0x11, 0x09, 0x79, 0x1B, 0x20, 0x4A, 0x66, 0x67, 0x76, 0x04, 0x0F,
    0x8E, 0x80, 0xCA, 0x60, 0x9D, 0xC0, 0xA4, 0x78, 0x79, 0xF8, 0xEC, 0xFC, 0x1C, 0xD2, 0x47, 0xC0,
    0x59, 0xBF, 0x9C, 0xDE, 0xE8, 0x37, 0xA4, 0x0D, 0x6E, 0xEA, 0x76, 0x63, 0xA1, 0x9A, 0x50, 0x48,
    0xFE, 0x8B, 0x43, 0x01, 0x95, 0x2F, 0x05, 0x48, 0x4E, 0x81, 0xFE, 0x6D, 0x2F, 0xD9, 0xD0, 0xDC,
    0x02, 0xCD, 0xE5, 0xE3, 0x00, 0xFE, 0xC1, 0xED, 0x41, 0xC0, 0x24, 0x38, 0x25, 0x60, 0x72, 0x1E,
    0xFE, 0x9B, 0x92, 0x8A, 0x1E, 0xBF, 0xBE, 0x6B, 0x2E, 0x82, 0x9A, 0x4B, 0x51, 0x2D, 0x98, 0x47,
    0xBE, 0x2F, 0xAC, 0x8F, 0x4B, 0xED, 0xC1, 0x1B, 0xB4, 0x60, 0x8E, 0xE4, 0xD9, 0xB5, 0xF4, 0xB1,
    0x16, 0x15, 0xAB, 0x96, 0xEC, 0x89, 0xFE, 0xDF, 0x28, 0x58, 0x8F, 0x25, 0x16, 0x15, 0xCB, 0xA2,
    0x08, 0x13, 0xF6, 0xB1, 0x07, 0xBF, 0xB0, 0xB6, 0x1B, 0xE9, 0xF1, 0x4C, 0xF8, 0x11, 0xE1, 0xE5,
    0xB2, 0x24, 0x1A, 0x7C, 0x7D, 0xC0, 0x29, 0x88, 0x85, 0xFC, 0x01, 0x25, 0x11, 0x62, 0x2A, 0x56,
    0xC2, 0x91, 0xC2, 0xED, 0x7B, 0x38, 0x10, 0x2A, 0x46, 0xE0, 0x7F, 0xBF, 0x9D, 0x63, 0x7A, 0x79,
    0x3B, 0x8F, 0x80, 0x4F, 0x11, 0x7D, 0xD6, 0x94, 0xD5, 0x63, 0x76, 0x39, 0x4C, 0xBA, 0x9B, 0x36,
    0xB4, 0xEB, 0x33, 0xCC, 0x69, 0xBF, 0xCE, 0x53, 0x26, 0xB4, 0x22, 0x9C, 0xCC, 0xD0, 0xC6, 0xDF,
    0xE1, 0xEF, 0x89, 0x1F, 0x66, 0x78, 0xCF, 0xE5, 0xFD, 0x15, 0x3D, 0x1E, 0x35, 0xDA, 0x1F, 0x71,
    0x3C, 0x08, 0x20, 0x0A, 0x5A, 0x9F, 0x90, 0x55, 0x6E, 0x96, 0xB2, 0x6A, 0x8A, 0x61, 0xAE, 0xC1,
    0x97, 0xD4, 0x3E, 0x9F, 0x6B, 0xAC, 0x31, 0x56, 0x33, 0x2A, 0xC0, 0xD8, 0xEA, 0x3D, 0x46, 0x77,
    0x4C, 0x9D, 0x73, 0x0B, 0xE0, 0xDD, 0x94, 0xCD, 0xF5, 0xF3, 0xF6, 0x1E, 0x53, 0x62, 0xCB, 0xF6,
    0x33, 0x34, 0x64, 0x01, 0x72, 0xAA, 0x30, 0x46, 0x4F, 0xA5, 0x91, 0x36, 0x21, 0x7B, 0x2B, 0xC3,
    0xDC, 0x67, 0x3F, 0xC5, 0x53, 0x34, 0x31, 0x64, 0xA0, 0x4C, 0x8A, 0x73, 0xD1, 0x15, 0xF2, 0x53,
    0x94, 0x1E, 0xAF, 0x4F, 0x7B, 0xE6, 0xF1, 0x02, 0x05, 0x34, 0xDF, 0x7A, 0x6B, 0x18, 0x2D, 0x5F,
    0x11, 0x24, 0x8F, 0xC6, 0x99, 0x62, 0x5D, 0xEE, 0x98, 0x97, 0x2F, 0x25, 0x16, 0x2E, 0x6D, 0x90,
    0xEE, 0x0A, 0xA4, 0xD8, 0xFB, 0xCB, 0x46, 0xD9, 0x45, 0x46, 0x6A, 0xD8, 0xED, 0xF3, 0x0A, 0x29,
    0x29, 0x79, 0x13, 0x87, 0x3C, 0x45, 0xE7, 0x49, 0x69, 0xAE, 0x59, 0xED, 0x21, 0x74, 0x7F, 0xD7,
    0x05, 0x95, 0xBE, 0x35, 0x3B, 0x41, 0xE2, 0xC3, 0x45, 0x3B, 0x7B, 0xC6, 0x07, 0x59, 0xB1, 0x53,
    0x61, 0xF0, 0x32, 0x3B, 0x2E, 0x09, 0xA4, 0x19, 0x00, 0x37, 0x83, 0x45, 0x1A, 0xE0, 0x5F, 0x51,
    0x44, 0xC0, 0xC9, 0x02, 0xB8, 0x72, 0x6F, 0x52, 0x00, 0x76, 0xA2, 0x3D, 0xBB, 0x9A, 0x02, 0xC9,
    0x4F, 0x4D, 0x7B, 0x3C, 0xA9, 0xF9, 0x09, 0x33, 0x62, 0x75, 0x20, 0x47, 0xBE, 0x08, 0x26, 0xE4,
    0xBD, 0xDE, 0x18, 0x24, 0x99, 0x95, 0xB9, 0xBC, 0x26, 0xBD, 0xBF, 0x3A, 0x1C, 0x43, 0xB7, 0x37,
    0x74, 0xD6, 0x4B, 0xCB, 0xF0, 0x24, 0x2C, 0xAB, 0x4B, 0x08, 0x09, 0x03, 0xD4, 0x6F, 0xDA, 0xF2,
    0x87, 0xD9, 0x14, 0x3E, 0xBA, 0x62, 0xB1, 0xFE, 0x8B, 0xF1, 0x9A, 0xA3, 0x2B, 0x18, 0x83, 0x8B,
    0x93, 0x23, 0x18, 0x5B, 0x00, 0xD3, 0xB1, 0x03, 0x14, 0x12, 0x4E, 0x4A, 0xCA, 0x45, 0x0F, 0x3D,
    0xDC, 0x05, 0xE9, 0x16, 0x53, 0x8A, 0x54, 0x38, 0xE5, 0x74, 0x47, 0xE0, 0x8C, 0x21, 0x9A, 0xC3,
    0x58, 0xB6, 0x26, 0xA4, 0xC8, 0x31, 0xC0, 0xEC, 0x71, 0x80, 0x30, 0xD0, 0xE4, 0x55, 0x80, 0x6E,
    0x1E, 0x46, 0xC7, 0xE4, 0x88, 0x09, 0xA3, 0x30, 0x02, 0x55, 0x26, 0x09, 0x22, 0xFF, 0xA7, 0x15,
    0x30, 0x2C, 0x3F, 0x9A, 0xB4, 0x33, 0x60, 0x58, 0x3E, 0x4A, 0x78, 0xE8, 0x07, 0x3C, 0x26, 0x40,
    0x7A, 0xD8, 0x40, 0x55, 0xE1, 0xAD, 0x81, 0xBD, 0xB9, 0x26, 0xE5, 0x5F, 0xCD, 0x92, 0xC9, 0xC8,
    0xB9, 0x24, 0xEA, 0x76, 0x76, 0xEA, 0xFB, 0xDF, 0x1C, 0xCC, 0xD4, 0x05, 0xEB, 0x91, 0x86, 0x71,
    0xFA, 0xF5, 0x6E, 0xEF, 0xFD, 0xF7, 0x32, 0x8A, 0x39, 0x17, 0x9C, 0x0D, 0x1E, 0x99, 0x70, 0x1F,
    0x23, 0x8C, 0xC7, 0xC6, 0xFD, 0x68, 0x8E, 0xFB, 0xE0, 0xF3, 0x36, 0xC3, 0x77, 0x7F, 0x96, 0xE2,
    0x56, 0xA2, 0x59, 0x88, 0x99, 0xF9, 0x85, 0xC7, 0x8B, 0x44, 0xB7, 0xAA, 0x3F, 0xF4, 0x6E, 0xAE,
    0x25, 0x78, 0xE3, 0x47, 0xE2, 0xD0, 0xAB, 0x07, 0xF0, 0xE0, 0x8D, 0xCF, 0x74, 0xDF, 0xE1, 0xA6,
    0x8E, 0x2B, 0xCC, 0x20, 0x2D, 0xC9, 0x2A, 0x74, 0xDB, 0x8F, 0x68, 0xA1, 0xFA, 0x58, 0x24, 0x68,
    0x46, 0xAB, 0x23, 0xF8, 0x4F, 0x2D, 0x87, 0xBE, 0xBE, 0x87, 0x8E, 0x7F, 0x5C, 0x94, 0x41, 0xC5,
    0x0B, 0x67, 0x32, 0x47, 0xEE, 0x12, 0x47, 0x30, 0x59, 0xC1, 0x0C, 0xA6, 0xD9, 0x5C, 0x45, 0x2C,
    0x35, 0xE8, 0xF1, 0xB3, 0xD4, 0xE1, 0x7D, 0xF9, 0x84, 0x1F, 0xB7, 0xB9, 0xC8, 0x74, 0x20, 0x6F,
    0x08, 0x25, 0x7C, 0x6D, 0x8A, 0x3A, 0xB7, 0x91, 0xB2, 0x56, 0x67, 0x6D, 0x77, 0xA1, 0xA9, 0x61,
    0xCE, 0x9C, 0x70, 0x4E, 0x4D, 0x74, 0x19, 0x03, 0x4C, 0x06, 0xF0, 0x12, 0xE6, 0xD8, 0xDF, 0xA3,
    0x64, 0x20, 0xFF, 0xF7, 0x30, 0xB9, 0xCB, 0x04, 0x68, 0xD7, 0xC6, 0x19, 0xB9, 0xEC, 0xFC, 0x9C,
    0x64, 0xA3, 0x5B, 0x50, 0xD6, 0x15, 0x86, 0x12, 0x69, 0x39, 0x05, 0xBD, 0x05, 0xA8, 0x19, 0x7A,
    0x79, 0xDF, 0xDD, 0x44, 0x1B, 0x9F, 0x65, 0xFF, 0xE9, 0x06, 0x66, 0xB2, 0x05, 0x9C, 0xCF, 0xEE,
    0x73, 0x1A, 0x99, 0xD7, 0xAE, 0xF3, 0xAE, 0xF2, 0xDD, 0xB8, 0xEB, 0x5E, 0x86, 0x3E, 0x16, 0x2F,
    0xF3, 0x5B, 0x0C, 0x94, 0xA6, 0x80, 0x24, 0xEF, 0xFB, 0x35, 0xF0, 0x05, 0xFF, 0x79, 0x40, 0x74,
    0xE6, 0xBF, 0x84, 0x62, 0x3E, 0x98, 0xE2, 0x6F, 0x82, 0x1D, 0xEC, 0x15, 0x76, 0x95, 0xD7, 0x9B,
    0x3D, 0xC3, 0xFE, 0xDA, 0x15, 0xA9, 0x87, 0x55, 0x48, 0xC1, 0x10, 0xEC, 0x7A, 0xF7, 0x4E, 0xB9,
    0x56, 0xF4, 0x3E, 0xA3, 0x1A, 0x47, 0xFC, 0x4E, 0xE3, 0xE2, 0x61, 0xF1, 0x70, 0x78, 0x81, 0xC5,
    0x3C, 0xD9, 0x8B, 0xA5, 0x45, 0x69, 0x31, 0xB4, 0x93, 0x66, 0x93, 0x86, 0x13, 0x10, 0xCB, 0xF7,
    0x48, 0x40, 0x6E, 0x0E, 0x06, 0xF6, 0xD5, 0x57, 0x0E, 0x88, 0x00, 0x43, 0xD1, 0x06, 0x42, 0xC9,
    0xA1, 0xBC, 0xD8, 0x4B, 0xD2, 0x4F, 0x86, 0x49, 0xFA, 0xB3, 0xA1, 0x8F, 0x30, 0x1D, 0x26, 0xC4,
    0xA9, 0x17, 0x2F, 0xFE, 0x88, 0x84, 0xB3, 0xE6, 0x64, 0xBA, 0xED, 0xCF, 0x5E, 0xC0, 0xFE, 0x04,
    0xF7, 0x78, 0xD9, 0x23, 0xFE, 0x81, 0xA5, 0xB3, 0xEB, 0xB9, 0x16, 0x2F, 0xC6, 0x89, 0x6C, 0xFC,
    0x0E, 0x85, 0x61, 0x84, 0xE8, 0xFE, 0x9C, 0x33, 0x91, 0xC7, 0x98, 0x80, 0x8B, 0xBD, 0x78, 0x71,
    0x86, 0xDF, 0xDA, 0xA5, 0x55, 0x4B, 0xD1, 0x84, 0x3D, 0x54, 0x90, 0x71, 0xA3, 0x17, 0xFA, 0x4B,
    0x40, 0x03, 0x0F, 0xB6, 0xD1, 0xA3, 0x3E, 0x8F, 0x7C, 0x22, 0xBF, 0x54, 0xD2, 0x12, 0xAF, 0xA8,
    0x3B, 0xF8, 0xE6, 0x68, 0x2B, 0x69, 0xF8, 0x10, 0x8D, 0xFE, 0x56, 0x93, 0x57, 0x22, 0xDC, 0xE0,
    0xD0, 0x26, 0x94, 0x94, 0x80, 0xE5, 0xBC, 0x52, 0x4A, 0x82, 0x69, 0x5B, 0x67, 0x8E, 0xFC, 0xED,
    0xE9, 0xAD, 0x5D, 0xBF, 0x64, 0x11, 0x7F, 0x14, 0xCB, 0xE6, 0xE3, 0x93, 0x5A, 0x6E, 0x81, 0xDA,
    0x03, 0x35, 0xB0, 0x6B, 0x7B, 0xE2, 0xD1, 0xA3, 0xC6, 0x44, 0xC3, 0x0F, 0x5E, 0x2D, 0x32, 0x8D,
    0xDC, 0xF3, 0x47, 0xEC, 0x70, 0x95, 0x7C, 0x1C, 0x69, 0x38, 0x95, 0x34, 0x30, 0x87, 0x80, 0x13,
    0x0F, 0xF2, 0x8A, 0x85, 0x46, 0x98, 0x48, 0x23, 0xC5, 0x8F, 0x2D, 0x0A, 0x9E, 0x55, 0x24, 0x57,
    0xBE, 0x7E, 0x95, 0x1A, 0x15, 0x17, 0xAC, 0x30, 0x56, 0xF3, 0x12, 0x37, 0x4C, 0xDB, 0x8A, 0x0A,
    0x46, 0xD5, 0x4A, 0x6A, 0xCD, 0xDD, 0x5B, 0xCA, 0x21, 0xB8, 0x78, 0xE3, 0xC6, 0xCD, 0x77, 0x39,
    0x89, 0x69, 0xDE, 0x81, 0x27, 0x6F, 0x44, 0xE2, 0x80, 0x1A, 0x64, 0xBE, 0x8A, 0xB0, 0xF6, 0xD4,
    0x79, 0xDB, 0x33, 0x63, 0x24, 0xBF, 0x2C, 0xF8, 0x1F, 0x44, 0x1E, 0x7C, 0x17, 0xA7, 0xBD, 0x7F,
    0x07, 0x03, 0x37, 0x73, 0xA2, 0x0D, 0x4C, 0xEA, 0x9D, 0x54, 0xE4, 0xED, 0xB7, 0x6A, 0x4E, 0xA4,
    0x9B, 0xB3, 0x9B, 0x33, 0xE6, 0x55, 0x1B, 0xF3, 0x74, 0xC4, 0x8F, 0xF4, 0x65, 0xCB, 0x49, 0x5F,
    0x07, 0x14, 0x62, 0x94, 0xAE, 0x71, 0xC5, 0xA2, 0x6D, 0xE4, 0x80, 0xB2, 0x57, 0x52, 0x0C, 0x8B,
    0x74, 0x55, 0x82, 0x6A, 0x3D, 0x00, 0xA2, 0x75, 0xCC, 0xFA, 0x60, 0x53, 0x72, 0x74, 0x6B, 0x2C,
    0x5C, 0x12, 0x82, 0x0C, 0x04, 0x22, 0x78, 0xF2, 0xD9, 0x9F, 0xB7, 0x1F, 0xA6, 0x60, 0x87, 0x7E,
    0x52, 0x51, 0x21, 0x15, 0xB8, 0x3F, 0xE8, 0x96, 0x13, 0x8E, 0x25, 0xD1, 0x4A, 0xDA, 0xE5, 0xC4,
    0xB0, 0x29, 0x27, 0x2D, 0x4F, 0xCD, 0x27, 0x08, 0x76, 0x9D, 0xFF, 0x83, 0xE0, 0x78, 0xF2, 0xD7,
    0x64, 0xC9, 0x78, 0x3F, 0x41, 0x5B, 0xB5, 0x0E, 0xD1, 0x34, 0x9A, 0xCC, 0xF6, 0x10, 0xF8, 0xC5,
    0x55, 0x00, 0xE8, 0x51, 0x71, 0x0A, 0x6B, 0x1B, 0x91, 0x55, 0x38, 0xA4, 0xD7, 0x15, 0x16, 0xB2,
    0x28, 0xA0, 0x7B, 0xCA, 0xFE, 0xD9, 0x32, 0x9F, 0x21, 0x33, 0x46, 0x3F, 0xB9, 0xD4, 0x55, 0x3B,
    0x6A, 0x13, 0xEB, 0x95, 0x7D, 0x6A, 0xE0, 0xAE, 0x5B, 0x2C, 0xFA, 0xB5, 0x3B, 0x91, 0xA4, 0xEA,
    0x9D, 0xE0, 0x5E, 0x84, 0x39, 0x23, 0xE6, 0x18, 0xF7, 0x66, 0x12, 0xE1, 0x54, 0xC2, 0x1D, 0x5A,
    0xC9, 0xBB, 0xE0, 0xAA, 0x08, 0xD0, 0x05, 0xE6, 0x46, 0x60, 0x26, 0x79, 0x5A, 0x3A, 0x26, 0xD0,
    0x86, 0xA4, 0xEA, 0x25, 0x4C, 0xD5, 0x20, 0x7F, 0x98, 0xAA, 0x51, 0x00, 0x95, 0xB2, 0x01, 0x8D,
    0xA8, 0x1A, 0x49, 0x8A, 0xA8, 0x1A, 0x6D, 0xC4, 0x94, 0x6D, 0xD8, 0x8A, 0xA9, 0x1A, 0x2B, 0x0E,
    0x3C, 0x83, 0x0D, 0x0E, 0x92, 0xD5, 0xC2, 0xEC, 0x0C, 0x15, 0x2A, 0xE2, 0x86, 0x38, 0xC3, 0x6B,
    0xE3, 0xEC, 0x0F, 0xF5, 0xD3, 0xEB, 0x9D, 0x75, 0xFD, 0x42, 0x31, 0x92, 0xC7, 0xF4, 0xD0, 0x27,
    0x6F, 0x2C, 0xA5, 0xC2, 0x16, 0xAB, 0xAD, 0x2D, 0x9F, 0x53, 0xDF, 0xD5, 0x28, 0x09, 0xDA, 0x03,
    0x7A, 0x38, 0x74, 0x05, 0x47, 0x3F, 0x69, 0x76, 0x69, 0x51, 0xF8, 0x18, 0x41, 0x22, 0xB9, 0x5A,
    0xD3, 0x4F, 0x1B, 0x5C, 0x87, 0x6E, 0xE1, 0x50, 0xEE, 0x18, 0x56, 0x99, 0xA3, 0x8C, 0x98, 0x92,
    0x7D, 0x0F, 0x76, 0xE9, 0x93, 0xEB, 0x01, 0x79, 0x3F, 0xC3, 0x29, 0x09, 0x76, 0xBB, 0xDC, 0x05,
    0x53, 0xA4, 0xCD, 0x9D, 0x72, 0xC7, 0x9C, 0xB8, 0x2D, 0xD8, 0xA5, 0x47, 0xA6, 0xF6, 0x93, 0x93,
    0x49, 0x71, 0xE4, 0xE0, 0x25, 0xDF, 0xCC, 0xE3, 0x97, 0xCA, 0xA9, 0xF1, 0x3E, 0xCE, 0xC2, 0x36,
    0x43, 0xBD, 0x1E, 0xE3, 0xFB, 0x41, 0x7E, 0xA5, 0x41, 0x57, 0xB2, 0x46, 0xAB, 0xBB, 0xCC, 0x99,
    0x8B, 0x03, 0x9A, 0xB1, 0x0F, 0x0E, 0xEE, 0xB4, 0x92, 0xBE, 0xAD, 0x9B, 0x95, 0x0E, 0x0E, 0xE7,
    0x23, 0x4F, 0x72, 0xB7, 0xCF, 0x47, 0x93, 0x1C, 0x41, 0xAB, 0xFE, 0x40, 0x03, 0x93, 0x1C, 0x0C,
    0x89, 0xEF, 0x45, 0x2F, 0xCD, 0x24, 0xFD, 0x99, 0xFD, 0xD9, 0x33, 0x91, 0x12, 0xA9, 0x04, 0x41,
    0x81, 0xE9, 0xC3, 0x4A, 0xA1, 0x1A, 0x38, 0x2E, 0x06, 0x6E, 0xA1, 0x3B, 0x89, 0x1F, 0xED, 0x69,
    0x7D, 0x86, 0x90, 0x45, 0x4A, 0x68, 0xA6, 0x1C, 0x86, 0x0C, 0xFE, 0x43, 0xB3, 0x5D, 0x0D, 0x1E,
    0xE1, 0xB4, 0xAC, 0x61, 0x1B, 0xEF, 0x17, 0x32, 0x8F, 0x71, 0xA6, 0xDD, 0x11, 0xED, 0x11, 0x71,
    0x9F, 0xD2, 0xD3, 0xDB, 0x62, 0x22, 0xD9, 0x97, 0xB5, 0x5F, 0x04, 0xB8, 0x94, 0xBE, 0xD1, 0x02,
    0x91, 0x55, 0x14, 0x99, 0x69, 0x28, 0x85, 0xBE, 0xA0, 0xE8, 0x49, 0x8A, 0x3A, 0xBA, 0x4B, 0xEA,
    0xD1, 0x94, 0xA5, 0x6C, 0x90, 0x9C, 0x61, 0x7B, 0xE3, 0x4C, 0xCF, 0x40, 0x1B, 0xD3, 0xC5, 0x64,
    0x41, 0x17, 0x37, 0x41, 0xAF, 0x3A, 0x38, 0xFC, 0x84, 0xF2, 0x1C, 0x24, 0xE9, 0x13, 0xFD, 0x4D,
    0xBC, 0x3B, 0x2E, 0x1C, 0xA5, 0x15, 0xD6, 0x2B, 0x32, 0xAF, 0xED, 0xCC, 0x78, 0xFF, 0x1D, 0xF0,
    0x16, 0x50, 0x15, 0xAC, 0x02, 0xEB, 0x74, 0x85, 0xF3, 0x17, 0x2B, 0xDC, 0xB2, 0xD0, 0x82, 0xAE,
    0x81, 0xA1, 0x49, 0x18, 0x13, 0x0E, 0x1E, 0xFA, 0x69, 0x93, 0x53, 0x23, 0xA7, 0xD4, 0x5F, 0x24,
    0x2D, 0xCA, 0xC7, 0xF7, 0xE0, 0x8A, 0x23, 0x61, 0xBE, 0x47, 0x22, 0xBE, 0x8F, 0x84, 0x41, 0x1E,
    0xC9, 0x73, 0x8F, 0xC4, 0xC4, 0x38, 0xEA, 0x9B, 0xA8, 0x0A, 0x3B, 0x7F, 0x1B, 0xF0, 0xE7, 0x8D,
    0xFF, 0xDA, 0xDB, 0x66, 0xA5, 0xBB, 0xF0, 0xCD, 0x2B, 0xFF, 0x8D, 0xDD, 0x31, 0x96, 0x59, 0xDA,
    0x1E, 0x54, 0x8E, 0x0D, 0xBA, 0x2E, 0xE0, 0x14, 0x2B, 0x3F, 0x9A, 0x2F, 0x65, 0xD2, 0x57, 0x63,
    0x9B, 0xAF, 0x0B, 0x04, 0x76, 0x06, 0x62, 0xB8, 0xEC, 0x15, 0xBC, 0xBC, 0x2F, 0x71, 0xB6, 0x56,
    0xCB, 0xAA, 0x74, 0xDB, 0x0F, 0x92, 0x54, 0x73, 0xB0, 0x43, 0x8D, 0xB7, 0x06, 0xDA, 0x1B, 0x20,
    0xB6, 0x49, 0x44, 0x0A, 0x70, 0x84, 0x33, 0x96, 0x6A, 0x85, 0x95, 0x5A, 0x4A, 0xAB, 0xD8, 0xDC,
    0x08, 0x29, 0xDE, 0x88, 0x91, 0x02, 0x26, 0x84, 0x08, 0x63, 0x8A, 0x94, 0x9A, 0xE2, 0x50, 0x4C,
    0x1A, 0x68, 0x06, 0x24, 0x15, 0x8E, 0x8E, 0xF6, 0x39, 0xA3, 0x8A, 0x44, 0xE5, 0xAC, 0xAE, 0x44,
    0x3D, 0x1B, 0x61, 0xE8, 0x14, 0x0F, 0xDB, 0xDB, 0x91, 0x86, 0xF2, 0x33, 0x0B, 0xB3, 0x63, 0x00,
    0xD2, 0x8E, 0xD1, 0x8B, 0x77, 0xFE, 0x9D, 0x58, 0x40, 0xDE, 0x6B, 0x92, 0xE6, 0xDD, 0x95, 0xB3,
    0x78, 0x97, 0x7F, 0x5C, 0x9E, 0xC7, 0x82, 0x84, 0xFB, 0xE6, 0x6D, 0xAD, 0x48, 0xA8, 0x25, 0x09,
    0xB9, 0x26, 0x21, 0xF4, 0x55, 0x8A, 0x12, 0x0E, 0xAA, 0x12, 0x76, 0x79, 0xF2, 0xF1, 0x1A, 0xAB,
    0x21, 0x1E, 0x5D, 0x37, 0x1F, 0xCE, 0x8D, 0x33, 0xDA, 0x78, 0x29, 0x3B, 0x1B, 0x6C, 0x11, 0x13,
    0x92, 0x53, 0x20, 0xDB, 0x1A, 0xCE, 0x76, 0xBB, 0x1A, 0xC4, 0x8F, 0x28, 0x1A, 0xB4, 0xBD, 0x2E,
    0x8A, 0xDA, 0x2C, 0xBB, 0x35, 0xDF, 0x15, 0x91, 0x5B, 0x0B, 0x41, 0x42, 0xFF, 0x6E, 0xDC, 0x02,
    0x55, 0x9C, 0x12, 0xDD, 0x30, 0x14, 0x85, 0x29, 0xB4, 0xF7, 0x0F, 0xB1, 0xA4, 0xE5, 0x75, 0xA7,
    0xB0, 0xB1, 0x94, 0x25, 0xFA, 0xFE, 0x2A, 0x9B, 0x6B, 0x64, 0x55, 0xA6, 0x16, 0xD8, 0x90, 0x99,
    0x8C, 0x0E, 0x3E, 0x1C, 0x2B, 0x5B, 0x36, 0x08, 0x9F, 0x40, 0x6D, 0x8B, 0xD3, 0x77, 0x6B, 0x86,
    0x96, 0x94, 0xCF, 0xC3, 0x1D, 0x68, 0x25, 0xAF, 0x43, 0x4E, 0xF1, 0x28, 0x98, 0xAE, 0xFD, 0x6C,
    0x8B, 0xC8, 0x30, 0x4C, 0x78, 0xD3, 0x4E, 0x0C, 0x8C, 0x84, 0x63, 0xE5, 0x97, 0xC9, 0xC6, 0xBD,
    0xC0, 0xCA, 0x32, 0x32, 0xB1, 0x80, 0x6B, 0xF1, 0x04, 0x92, 0xF8, 0xC5, 0x02, 0x76, 0x01, 0x76,
    0xCD, 0x79, 0xE3, 0xFF, 0xCB, 0xFD, 0x1D, 0x2E, 0x5D, 0x75, 0xA4, 0xE0, 0xE2, 0xB7, 0xB6, 0xDF,
    0xE0, 0x8C, 0x6D, 0xC9, 0xC6, 0x5E, 0x05, 0xE0, 0x9E, 0xD5, 0xDB, 0x0C, 0x38, 0x31, 0xAA, 0xE1,
    0xB4, 0x6A, 0x14, 0x7C, 0x53, 0xE6, 0xAC, 0xC7, 0xEC, 0x63, 0xA8, 0x69, 0xAD, 0x91, 0x47, 0x9A,
    0xFD, 0xD1, 0x21, 0x7B, 0x92, 0x02, 0xBE, 0xEA, 0x72, 0x57, 0xB2, 0xE8, 0xDD, 0xDE, 0x94, 0x7C,
    0x07, 0x77, 0x93, 0xBD, 0x3B, 0x35, 0xD7, 0x7C, 0x13, 0xB8, 0x89, 0xF7, 0x5C, 0x04, 0xF4, 0x68,
    0x91, 0xAA, 0x0F, 0x46, 0xD6, 0xAB, 0x5E, 0xF4, 0xB6, 0x93, 0xC0, 0x3F, 0x68, 0xC0, 0x9F, 0xA8,
    0xFF, 0x6F, 0xE0, 0xFD, 0xBE, 0xE6, 0x65, 0x53, 0x27, 0xF7, 0xB1, 0x1A, 0x6E, 0x35, 0xC9, 0xDF,
    0x41, 0x2C, 0xE6, 0x58, 0x2B, 0xD4, 0x6B, 0xA3, 0xA7, 0x9C, 0xEC, 0xAA, 0x95, 0x3F, 0x63, 0x72,
    0x78, 0x7F, 0x6C, 0x92, 0x61, 0x26, 0xCD, 0x5B, 0x9C, 0x31, 0xF2, 0x74, 0xB7, 0x95, 0x88, 0x8C,
    0x7F, 0x52, 0xEF, 0xEC, 0x79, 0x67, 0x91, 0x91, 0x58, 0x71, 0xAB, 0x2E, 0x05, 0x85, 0x37, 0x93,
    0x65, 0x4A, 0x83, 0x93, 0xEE, 0x72, 0xB2, 0x76, 0xD0, 0x02, 0xA4, 0x1C, 0xD1, 0x14, 0x98, 0xD5,
    0x84, 0xB4, 0x22, 0xFA, 0x4E, 0xB8, 0x0F, 0xE7, 0x56, 0x70, 0x7A, 0xD8, 0x37, 0xC8, 0x4A, 0xCC,
    0x8E, 0xE8, 0x03, 0x10, 0x91, 0x30, 0xF9, 0x01, 0xDE, 0xB8, 0x3E, 0x83, 0xF2, 0xE9, 0xD5, 0x45,
    0xAD, 0xAA, 0x9E, 0x32, 0xCB, 0x5B, 0x9F, 0x58, 0x87, 0x61, 0xEB, 0x4A, 0xBC, 0x38, 0x2C, 0xFC,
    0xDC, 0x59, 0x6F, 0x8D, 0xB4, 0x0B, 0xAB, 0x92, 0xE2, 0x3A, 0x5C, 0x28, 0x20, 0x40, 0xDD, 0xC0,
    0x26, 0xB6, 0x29, 0xD1, 0xF8, 0x35, 0x55, 0xDA, 0xCE, 0x8D, 0x18, 0xA7, 0x72, 0xBE, 0xF1, 0x1E,
    0x84, 0x93, 0xE1, 0xDA, 0xB1, 0x74, 0xDF, 0x90, 0x6C, 0xB9, 0x72, 0xA4, 0x8C, 0x99, 0xFB, 0xD3,
    0xB4, 0xE5, 0xFA, 0x77, 0x16, 0x29, 0xBF, 0x98, 0xAD, 0x9B, 0xAF, 0xB8, 0x4D, 0x3D, 0xDC, 0xD5,
    0xE3, 0x94, 0xAC, 0x2A, 0xBB, 0x1F, 0x69, 0x82, 0xDB, 0x47, 0xAC, 0xC9, 0x49, 0x0E, 0x03, 0x68,
    0x01, 0xA4, 0xF5, 0xB4, 0xC4, 0x3B, 0x69, 0x8A, 0x70, 0x8D, 0x50, 0xE2, 0x52, 0xC1, 0x53, 0x84,
    0x10, 0x3B, 0xAF, 0x45, 0x0B, 0x3D, 0x09, 0x71, 0xC3, 0x67, 0x34, 0xA3, 0x58, 0x89, 0xB6, 0x62,
    0x8E, 0xE3, 0x95, 0xBF, 0x45, 0xBB, 0x57, 0xC2, 0xDC, 0xDF, 0x47, 0x1D, 0xC1, 0x4F, 0x02, 0x2E,
    0xE9, 0xB6, 0x28, 0xAE, 0x40, 0x7B, 0xF1, 0x70, 0x9D, 0x64, 0x60, 0x7D, 0xDC, 0x58, 0x69, 0x91,
    0xD3, 0x17, 0x71, 0xDB, 0x15, 0x4D, 0x90, 0x12, 0x04, 0x39, 0x83, 0x72, 0xEF, 0x00, 0x5E, 0x3C,
    0x2A, 0x45, 0x2A, 0x0A, 0x93, 0xCD, 0x37, 0x89, 0xD7, 0x4D, 0x4A, 0x4A, 0xD1, 0x77, 0x0A, 0x92,
    0x5C, 0x4E, 0x41, 0xE2, 0x6A, 0x52, 0xD0, 0xD3, 0x27, 0xC5, 0x8E, 0x64, 0xB0, 0xF4, 0xB4, 0xBE,
    0xA1, 0x93, 0x62, 0xB8, 0x3B, 0x86, 0xB9, 0xA1, 0xEC, 0xA0, 0x93, 0xCD, 0x24, 0xBC, 0x41, 0x51,
    0x76, 0x82, 0x69, 0x56, 0x15, 0xED, 0x58, 0xD2, 0xDD, 0x67, 0x5A, 0x81, 0xA2, 0x14, 0x58, 0xE9,
    0xDF, 0x43, 0x59, 0x38, 0xF0, 0xA4, 0x5D, 0x94, 0x0C, 0xB9, 0x58, 0x84, 0x67, 0x2C, 0x1C, 0x3A,
    0x16, 0xC2, 0x8D, 0x95, 0x5A, 0x65, 0x1B, 0x52, 0x2C, 0xBA, 0xCA, 0x9E, 0x6C, 0x35, 0x1E, 0x51,
    0xD1, 0x98, 0x13, 0x77, 0xEC, 0x7F, 0x36, 0x14, 0xCC, 0x5D, 0xAD, 0xD4, 0xAC, 0xE7, 0x68, 0x5F,
    0xA4, 0x8F, 0x49, 0xF1, 0x33, 0x4D, 0x30, 0xEB, 0xB6, 0xBF, 0xBD, 0xBA, 0x62, 0xD6, 0x36, 0x06,
    0x5B, 0x35, 0x58, 0x7B, 0x93, 0x4E, 0x4B, 0x9F, 0xC3, 0xB2, 0x97, 0xC3, 0x22, 0x41, 0xB3, 0x58,
    0xD2, 0xB1, 0x78, 0x90, 0x04, 0xDC, 0xF6, 0x63, 0x72, 0xE6, 0x35, 0x14, 0xA1, 0x6B, 0xF7, 0x09,
    0x54, 0x34, 0xD5, 0x8F, 0x45, 0x3A, 0xE3, 0x9F, 0x0F, 0xE8, 0x25, 0x48, 0xA9, 0xB7, 0x4D, 0xD4,
    0x4E, 0x65, 0xA9, 0xBA, 0xEB, 0x4B, 0x0A, 0xBE, 0x69, 0x18, 0xDC, 0xD5, 0x52, 0x26, 0x33, 0xB9,
    0x3A, 0xEB, 0x8B, 0x4F, 0x4B, 0x14, 0x18, 0xBF, 0x95, 0xD2, 0x78, 0x33, 0x82, 0x60, 0x8D, 0x53,
    0x9A, 0x2D, 0x70, 0x35, 0xAA, 0x0C, 0x36, 0xE7, 0x1A, 0xDE, 0xE1, 0x3E, 0x4F, 0xD3, 0x85, 0x15,
    0xF1, 0xC0, 0x4F, 0x0B, 0x9B, 0x35, 0xF0, 0x47, 0xAB, 0xFD, 0x72, 0x63, 0x40, 0xE4, 0xDA, 0x30,
    0x68, 0x4D, 0x8B, 0x0B, 0xAE, 0xE5, 0x7B, 0x9F, 0x30, 0x68, 0x8C, 0x6C, 0x4F, 0xE8, 0x01, 0xBB,
    0x32, 0x92, 0xF3, 0x58, 0x2F, 0x28, 0xCC, 0x1B, 0xAE, 0xD3, 0xA4, 0xEF, 0x51, 0x68, 0xFA, 0x59,
    0x4E, 0xA9, 0xEC, 0x38, 0x25, 0xBF, 0x17, 0xEF, 0x43, 0x95, 0x54, 0x2C, 0xAD, 0xD6, 0x17, 0x8D,
    0xEC, 0xBC, 0x5F, 0x0A, 0x27, 0xBA, 0xF9, 0xB0, 0xD5, 0x31, 0x49, 0x8D, 0x98, 0x5A, 0xD6, 0x79,
    0x6D, 0x7A, 0xC3, 0xD2, 0x71, 0x59, 0x02, 0x65, 0x64, 0x3A, 0x34, 0x1C, 0x5B, 0x2D, 0xCA, 0x71,
    0x23, 0x2C, 0xFE, 0x7A, 0x9F, 0xAA, 0xD6, 0x94, 0xC5, 0x59, 0xD2, 0xBD, 0x8A, 0x41, 0x52, 0x97,
    0x86, 0x91, 0x53, 0x49, 0x8B, 0x93, 0x2A, 0xF2, 0x6D, 0x33, 0x4C, 0xF2, 0xFC, 0xD3, 0x55, 0x2C,
    0x93, 0xCB, 0xAB, 0x65, 0x0A, 0xEE, 0x1F, 0x80, 0xA1, 0x97, 0x2D, 0x79, 0x3E, 0x3E, 0x77, 0xD0,
    0x2F, 0x34, 0xA6, 0xA0, 0xAB, 0x7A, 0xEF, 0xCA, 0x56, 0xFD, 0x31, 0x7C, 0x60, 0x58, 0xF3, 0xFF,
    0x33, 0x14, 0x92, 0x68, 0xC6, 0xB0, 0x6F, 0x49, 0xCF, 0x56, 0x00, 0x6B, 0x09, 0xF8, 0xCC, 0xE6,
    0x15, 0x1C, 0x80, 0xB1, 0x7D, 0xF0, 0xF6, 0xC2, 0x69, 0x25, 0xCC, 0x42, 0x6C, 0xF6, 0x86, 0x13,
    0xC7, 0x7E, 0xCE, 0x45, 0x63, 0xDF, 0x9B, 0x71, 0xB2, 0xE5, 0x8C, 0xD4, 0x13, 0x02, 0x01, 0x06,
    0xAD, 0x91, 0x3A, 0x10, 0x20, 0xC3, 0xA9, 0xF8, 0x16, 0x15, 0x4B, 0xA9, 0x8A, 0x78, 0x17, 0xDB,
    0x78, 0xEE, 0x9D, 0xAA, 0xB7, 0xA9, 0xCA, 0x6D, 0x47, 0x55, 0x4F, 0x14, 0x4E, 0x1E, 0x02, 0xFA,
    0x22, 0xB3, 0xC6, 0xB0, 0x9F, 0x99, 0x98, 0x16, 0x03, 0x92, 0x74, 0x3E, 0x11, 0x77, 0xFC, 0xDF,
    0x31, 0x0C, 0x7F, 0xC2, 0xB0, 0x65, 0xFF, 0x8A, 0x53, 0xB3, 0xAC, 0xF2, 0x4A, 0x86, 0x71, 0xC6,
    0x86, 0x71, 0xCB, 0x35, 0x37, 0xDC, 0x9A, 0xB5, 0xF3, 0x98, 0xB5, 0x74, 0xB4, 0x44, 0x10, 0xFA,
    0xB2, 0x49, 0x2B, 0x2D, 0x19, 0x92, 0x3D, 0x06, 0xF0, 0x91, 0x85, 0x9D, 0xBE, 0x25, 0x3C, 0x26,
    0x6D, 0x15, 0xF2, 0xB8, 0xB9, 0x1C, 0x40, 0x27, 0xF3, 0xC6, 0x70, 0xBC, 0x51, 0x7A, 0x08, 0x95,
    0x88, 0x43, 0x61, 0x14, 0x0A, 0xB9, 0x8C, 0x91, 0x1C, 0x4E, 0xB0, 0x04, 0xF7, 0x04, 0x7B, 0x7B,
    0xA2, 0x57, 0xEC, 0x09, 0x71, 0xED, 0x0A, 0x57, 0x38, 0x16, 0x25, 0xE5, 0x58, 0x74, 0x8B, 0x63,
    0xB1, 0xD0, 0x6A, 0xC9, 0x8C, 0xAF, 0x85, 0x3B, 0xD4, 0xE2, 0x8C, 0xAF, 0x59, 0xC3, 0x27, 0x83,
    0x29, 0x63, 0x8A, 0x43, 0xCE, 0x08, 0x0C, 0x08, 0xB8, 0xA1, 0x85, 0x8C, 0x27, 0x40, 0x6F, 0x01,
    0x16, 0xB0, 0xCF, 0xB9, 0x1E, 0x97, 0x4F, 0x1B, 0xB2, 0x7B, 0x49, 0xDC, 0xA3, 0x8C, 0x93, 0x52,
    0x58, 0xE7, 0x96, 0x58, 0x4A, 0x36, 0xEF, 0xA9, 0x86, 0x07, 0x55, 0x53, 0x69, 0xEC, 0xF8, 0xD2,
    0x98, 0x9E, 0x93, 0x86, 0xAF, 0xF8, 0x7A, 0xA4, 0x87, 0xB8, 0x50, 0x58, 0xE7, 0x02, 0x35, 0x0B,
    0x1C, 0xD1, 0x32, 0x08, 0x75, 0x91, 0x84, 0xA6, 0x87, 0xA6, 0x45, 0x63, 0xA2, 0x0D, 0xA4, 0xCB,
    0x50, 0x75, 0xE4, 0xA9, 0x2E, 0xC8, 0x3D, 0xD5, 0xC3, 0xF6, 0x54, 0xB5, 0xDB, 0x53, 0x66, 0x7A,
    0xAC, 0x4A, 0xD9, 0xB1, 0xAA, 0x65, 0xB5, 0x24, 0x55, 0x72, 0x38, 0x55, 0xAB, 0x6F, 0xA2, 0x3A,
    0x43, 0xD3, 0x29, 0x48, 0x23, 0x85, 0x26, 0x42, 0x8D, 0x10, 0x34, 0x1A, 0x8B, 0x34, 0xB1, 0x18,
    0x0F, 0xAC, 0xA0, 0x98, 0x7F, 0xB4, 0x3E, 0xF1, 0xDE, 0xCB, 0x57, 0x2F, 0xA0, 0xBE, 0xC3, 0xE8,
    0x65, 0x12, 0x0C, 0x9B, 0x69, 0x69, 0xBA, 0x62, 0xF7, 0x97, 0xB8, 0x76, 0x70, 0x4A, 0x25, 0x4A,
    0x90, 0x2E, 0xE7, 0x1C, 0xC2, 0xF9, 0x19, 0x8B, 0x8B, 0xF3, 0x0B, 0x83, 0x79, 0x6F, 0xD9, 0x8A,
    0xA7, 0x52, 0xEA, 0x61, 0xB4, 0x49, 0x02, 0x31, 0xB8, 0x43, 0x7D, 0xC4, 0xBA, 0x90, 0xED, 0xBE,
    0xB5, 0xCD, 0x37, 0x54, 0x2E, 0x9A, 0xB6, 0x1F, 0x50, 0x07, 0xF7, 0xF6, 0x3B, 0x0F, 0xE6, 0xAA,
    0x0E, 0xF6, 0xF5, 0xBE, 0xF1, 0x66, 0xFF, 0xA5, 0x4D, 0xFF, 0xFF, 0x7B, 0x31, 0xF8, 0x37, 0x95,
    0x74, 0xF4, 0xB7, 0x54, 0xCA, 0x68, 0xB3, 0x90, 0xF2, 0x24, 0x38, 0x8B, 0x44, 0x31, 0xF8, 0x0C,
    0xA2, 0x18, 0x5A, 0xB6, 0x3A, 0xF7, 0x17, 0xE4, 0x71, 0xB7, 0x66, 0x2C, 0x02, 0x53, 0x2E, 0xDB,
    0x7E, 0x8B, 0x31, 0xF4, 0x4A, 0x2B, 0x15, 0x7E, 0x62, 0xF5, 0xF1, 0x84, 0xF3, 0x7D, 0xD6, 0x61,
    0x7F, 0x77, 0x81, 0x95, 0x15, 0x0E, 0xEE, 0xA0, 0x97, 0x72, 0x70, 0x8B, 0xF3, 0xC2, 0xFE, 0x6D,
    0xDA, 0x4A, 0x34, 0x80, 0x26, 0x16, 0x9D, 0x30, 0x78, 0xEB, 0xB8, 0x15, 0x97, 0x62, 0xDC, 0xCE,
    0x7F, 0xC8, 0xB1, 0x86, 0x0F, 0x04, 0x3F, 0x4F, 0xAC, 0x2A, 0xD7, 0xAE, 0x28, 0xEA, 0x70, 0xB4,
    0xF0, 0x9F, 0x3D, 0x54, 0xE9, 0x00, 0x7D, 0x5D, 0x18, 0xE5, 0x44, 0xA8, 0x32, 0x30, 0x72, 0xC8,
    0x68, 0x59, 0x0E, 0x67, 0x7E, 0x40, 0x87, 0xBB, 0x68, 0x11, 0xB3, 0x40, 0xF6, 0x71, 0xA2, 0x77,
    0x0D, 0x2C, 0x04, 0xD2, 0x1D, 0x42, 0xF1, 0xCA, 0x87, 0x42, 0xE2, 0xA9, 0x28, 0xEC, 0x0D, 0x2B,
    0xD8, 0x58, 0x7B, 0xA7, 0x66, 0xB7, 0x1B, 0xA9, 0xA9, 0x93, 0x92, 0x33, 0x4E, 0x40, 0xF7, 0xB2,
    0x06, 0x86, 0x46, 0x32, 0xD8, 0x12, 0xA2, 0xEA, 0x88, 0x6E, 0x92, 0x57, 0xFF, 0x2F, 0x47, 0x64,
    0xBA, 0xA2, 0xC6, 0x7E, 0x35, 0x60, 0xFA, 0xAE, 0xD8, 0x00, 0xA9, 0xAA, 0xB8, 0x12, 0x83, 0x9D,
    0x0F, 0x0D, 0x0A, 0x6B, 0x80, 0x93, 0x2F, 0x0C, 0xE2, 0x13, 0x40, 0xFF, 0x57, 0xB9, 0xAE, 0x5A,
    0xC4, 0x75, 0x8F, 0xC8, 0x74, 0xA4, 0xB2, 0x20, 0x73, 0x2C, 0x0B, 0x52, 0x30, 0x76, 0x1C, 0x2D,
    0x95, 0x4E, 0xD5, 0x04, 0xDC, 0xFB, 0x07, 0x07, 0x5C, 0xEE, 0x5D, 0x10, 0xC4, 0x5C, 0x27, 0xD1,
    0x54, 0xEB, 0x48, 0x50, 0x1A, 0xEB, 0x88, 0xE6, 0x3A, 0xA4, 0x46, 0xC6, 0x44, 0xF7, 0x9C, 0x8B,
    0x7B, 0x92, 0x46, 0x85, 0x24, 0x4C, 0xE6, 0x1C, 0xD5, 0x6F, 0x8A, 0x04, 0x55, 0x67, 0xFA, 0xB3,
    0xB6, 0xBC, 0x7F, 0x66, 0xB2, 0x54, 0x46, 0x25, 0xCC, 0x46, 0x59, 0xDA, 0x5D, 0x42, 0x60, 0x30,
    0x1B, 0x65, 0xCF, 0xFA, 0x5A, 0x69, 0x45, 0xF7, 0xB8, 0x06, 0x9A, 0xD1, 0x1F, 0xEB, 0x6F, 0x7C,
    0x0D, 0x60, 0xAD, 0xE0, 0xE4, 0xFE, 0x52, 0x9E, 0x4D, 0xB0, 0xDE, 0x9F, 0xBA, 0x5C, 0x09, 0x86,
    0xD9, 0x74, 0x24, 0xE5, 0x0B, 0xA4, 0x40, 0x25, 0x6F, 0xF4, 0xCF, 0x85, 0xFE, 0xC3, 0x4C, 0x1A,
    0x5C, 0xE7, 0x94, 0x95, 0x57, 0x47, 0x1D, 0x35, 0x13, 0xDD, 0xC4, 0xC0, 0x85, 0x8C, 0x73, 0xE1,
    0x8C, 0x68, 0xF3, 0x11, 0x27, 0xB2, 0x4E, 0xEF, 0x5A, 0x57, 0xA4, 0x46, 0x9D, 0x99, 0x5D, 0x6D,
    0x9A, 0x0E, 0xA9, 0xDD, 0x46, 0x1A, 0x0D, 0x4F, 0x74, 0x48, 0xED, 0x36, 0x41, 0x84, 0xB3, 0x71,
    0x2E, 0xBC, 0xB7, 0x46, 0xE6, 0x75, 0x6C, 0x5C, 0x6E, 0x71, 0x16, 0x89, 0x0D, 0xE7, 0x9A, 0x0E,
    0x19, 0xC0, 0x06, 0x55, 0x97, 0x45, 0xA1, 0x43, 0xE5, 0x65, 0xB1, 0xC7, 0x56, 0xB9, 0x25, 0x3D,
    0x2E, 0xFB, 0x7C, 0xA7, 0x43, 0x66, 0x2B, 0x51, 0x00, 0x5B, 0x1B, 0x8E, 0x36, 0xA0, 0xEB, 0xCC,
    0x4E, 0x83, 0x5C, 0x75, 0x89, 0x44, 0x1A, 0xAD, 0x70, 0x15, 0xA7, 0x11, 0x3E, 0x83, 0x46, 0x0F,
    0x61, 0x15, 0x29, 0x94, 0xD5, 0xA0, 0x6C, 0x95, 0xB3, 0xDD, 0x7B, 0x30, 0x32, 0xAD, 0xA5, 0x02,
    0x92, 0xDD, 0xFE, 0x81, 0x6E, 0x27, 0x89, 0x92, 0x9F, 0x16, 0xE7, 0x5E, 0x14, 0x97, 0x0E, 0xBA,
    0xF4, 0xAC, 0xD5, 0x12, 0x90, 0x83, 0x1E, 0x35, 0x83, 0x2A, 0xE8, 0x69, 0xF8, 0xD6, 0xAF, 0x19,
    0x88, 0xA2, 0x36, 0x04, 0xFD, 0x4B, 0xEC, 0x7A, 0xE5, 0x88, 0x64, 0xFB, 0xC7, 0xD7, 0x84, 0x28,
    0xB4, 0x2E, 0x91, 0x2F, 0xC1, 0x40, 0xEF, 0xFB, 0x52, 0x0B, 0x2A, 0x93, 0x53, 0x0E, 0x16, 0x89,
    0x4C, 0xE2, 0x7F, 0x5A, 0x82, 0xAB, 0x25, 0xEE, 0xAF, 0x0F, 0xA6, 0xD2, 0xAF, 0x31, 0x5C, 0x79,
    0xBD, 0x86, 0x99, 0x39, 0x41, 0xAB, 0x51, 0x92, 0xEB, 0x1A, 0xC7, 0x9F, 0xA2, 0xA1, 0xA5, 0x6A,
    0x93, 0xE5, 0xC6, 0xA7, 0xBB, 0x21, 0x35, 0x98, 0xF9, 0x1D, 0xAB, 0x64, 0x6D, 0x54, 0x19, 0xF8,
    0x56, 0x6F, 0x99, 0xC6, 0xE6, 0x81, 0x31, 0xA9, 0xF5, 0x45, 0x9D, 0x82, 0x2E, 0x4E, 0x56, 0x8E,
    0x17, 0xDB, 0x6A, 0xAD, 0x1A, 0x69, 0x03, 0x9E, 0xEE, 0xFE, 0xE5, 0xFB, 0xAC, 0xF2, 0x7B, 0x7F,
    0xF5, 0x53, 0xB6, 0x05, 0xDC, 0xBC, 0xD4, 0xC6, 0x3B, 0xAF, 0x4A, 0xE3, 0xD5, 0x27, 0xA4, 0xF1,
    0x8C, 0x91, 0x86, 0x59, 0x34, 0x44, 0x83, 0x6E, 0xB3, 0xE5, 0xC6, 0xF2, 0xC5, 0xFC, 0xAC, 0xE5,
    0x46, 0xF6, 0xE0, 0x86, 0xAF, 0x8D, 0x5E, 0x6D, 0xBF, 0xB5, 0xA8, 0x6B, 0xC6, 0xA8, 0xF3, 0xC7,
    0xCC, 0x59, 0x4B, 0x41, 0x2D, 0xA4, 0xD7, 0x62, 0xF3, 0xDA, 0x98, 0x9F, 0x24, 0x23, 0xC7, 0xB4,
    0xB2, 0x22, 0xF5, 0x6B, 0xF8, 0xF5, 0xE8, 0x0B, 0xD5, 0x02, 0x1F, 0x19, 0x68, 0xE4, 0x7C, 0xDB,
    0xC7, 0x85, 0x6F, 0xBD, 0xC3, 0x1E, 0x37, 0xAB, 0xB6, 0xB9, 0x00, 0x6C, 0xCD, 0x35, 0xC1, 0x60,
    0x8E, 0xC9, 0x8C, 0xC2, 0x29, 0x2E, 0x16, 0x2A, 0x8D, 0x2D, 0x43, 0xD3, 0x4A, 0x68, 0x63, 0x07,
    0x8C, 0x9E, 0xFC, 0x35, 0x74, 0xEA, 0x05, 0xE2, 0x05, 0xD6, 0x9D, 0xE1, 0x7C, 0xF5, 0xB6, 0x56,
    0x5F, 0x62, 0x14, 0x74, 0xEE, 0x99, 0xD5, 0xD1, 0x00, 0xDC, 0x33, 0x6B, 0x45, 0xB2, 0xEC, 0xF0,
    0x7F, 0x37, 0x9A, 0xF1, 0x03, 0x29, 0x80, 0xC1, 0x3B, 0x54, 0xA7, 0xEC, 0x97, 0xB7, 0x4A, 0x5F,
    0xC4, 0x5D, 0x75, 0x46, 0x08, 0x9D, 0x4C, 0x35, 0xF3, 0x95, 0x85, 0x87, 0x19, 0x5F, 0xB2, 0x23,
    0x78, 0x4B, 0x09, 0xB9, 0x94, 0x4C, 0x0C, 0xAC, 0xC0, 0x48, 0x7D, 0x44, 0x14, 0x90, 0x59, 0xE2,
    0x8B, 0x27, 0x9F, 0x6C, 0x49, 0x0A, 0xA1, 0xB4, 0x63, 0x99, 0xE1, 0x8F, 0x85, 0x6A, 0xB7, 0x2A,
    0x3C, 0xBD, 0x44, 0x77, 0x37, 0x74, 0xF5, 0xAF, 0xB6, 0x1B, 0xA5, 0x02, 0xC1, 0x63, 0x2A, 0xB8,
    0x48, 0x05, 0x55, 0x13, 0x2D, 0x8B, 0xE5, 0x48, 0x56, 0xB7, 0xB1, 0x96, 0xD0, 0xA3, 0xBC, 0x49,
    0xFC, 0x73, 0x66, 0xE0, 0x29, 0x2F, 0x87, 0xE2, 0x50, 0x85, 0xA0, 0xD2, 0x6C, 0x3A, 0x54, 0x70,
    0x74, 0x30, 0x6B, 0x9D, 0xDB, 0x66, 0xE8, 0xDA, 0xED, 0xCE, 0xC4, 0x93, 0x89, 0xFD, 0x41, 0xC3,
    0x5F, 0xB3, 0xCA, 0x01, 0xE3, 0x26, 0x5C, 0xE0, 0xF1, 0x55, 0x33, 0xF6, 0x4B, 0xA0, 0x0A, 0x84,
    0x7E, 0x09, 0xD4, 0xBA, 0x53, 0xC6, 0xA7, 0xDB, 0x72, 0x8C, 0x8B, 0xB7, 0x17, 0x7A, 0x33, 0xEE,
    0xAA, 0x53, 0xF0, 0x4E, 0x3E, 0x2B, 0x19, 0x0F, 0x57, 0x57, 0xD0, 0x9B, 0xB2, 0xA5, 0x47, 0x36,
    0xD5, 0x1A, 0x29, 0xF5, 0x88, 0xAF, 0x6B, 0x9A, 0x2E, 0xEE, 0x6F, 0x88, 0x96, 0xF1, 0x3F, 0x55,
    0x77, 0x2B, 0xB5, 0xB1, 0x14, 0x8C, 0xEF, 0xF4, 0xD5, 0x87, 0xE0, 0x80, 0xCB, 0x51, 0xF9, 0xF5,
    0x31, 0xFD, 0x2E, 0x3B, 0xC4, 0x6B, 0xBB, 0xA0, 0xB7, 0x5C, 0xDC, 0xBE, 0x34, 0x93, 0x4B, 0x26,
    0x9A, 0x9B, 0xA5, 0x41, 0x8A, 0x5C, 0x0F, 0x9D, 0x89, 0x38, 0x26, 0x88, 0x6B, 0x9B, 0x4C, 0x14,
    0xAA, 0xB8, 0x83, 0x54, 0xCF, 0x8A, 0x7B, 0x22, 0x8C, 0x03, 0x28, 0x98, 0xC3, 0x2A, 0xD0, 0xA3,
    0xC7, 0x86, 0xEA, 0xC8, 0xC0, 0x90, 0x50, 0xAE, 0xB5, 0x16, 0x46, 0xCB, 0x70, 0x93, 0x83, 0xFD,
    0x57, 0x5A, 0x4A, 0x03, 0x78, 0x91, 0x94, 0x84, 0x80, 0x6A, 0xF0, 0x61, 0x3A, 0x6B, 0xFB, 0x33,
    0xAF, 0xB8, 0x4C, 0x39, 0xB5, 0x3E, 0x96, 0x1A, 0x40, 0x56, 0x1C, 0xC5, 0xF3, 0x6D, 0xF4, 0x09,
    0x98, 0x3D, 0x0C, 0x52, 0x5B, 0x52, 0x19, 0x83, 0xB0, 0x87, 0x19, 0x06, 0x25, 0x43, 0x42, 0x19,
    0x40, 0x8A, 0x98, 0xE0, 0x11, 0x2A, 0xF2, 0xBC, 0x33, 0xEB, 0xFA, 0xD1, 0xEF, 0x67, 0x57, 0xFD,
    0x36, 0xEB, 0x34, 0x36, 0xEB, 0x96, 0xE4, 0x2E, 0xE3, 0x62, 0x72, 0xB4, 0x14, 0xF3, 0xAD, 0x76,
    0x7E, 0xBB, 0xE3, 0x21, 0x1D, 0x0F, 0x94, 0x5F, 0xBB, 0x98, 0x62, 0x70, 0x36, 0x91, 0x1C, 0x03,
    0xE4, 0xF1, 0x93, 0x4C, 0x4E, 0x96, 0xB2, 0xCB, 0x77, 0x85, 0xEB, 0xCF, 0x54, 0x8B, 0x7C, 0xD3,
    0x8C, 0xEB, 0xFE, 0xBE, 0x2C, 0x8D, 0xED, 0x9A, 0xE3, 0x8A, 0x87, 0xE4, 0xF3, 0xF4, 0xFE, 0x2C,
    0x5D, 0x9C, 0x42, 0xF0, 0xC7, 0x33, 0xEC, 0x43, 0x3B, 0x8F, 0xF8, 0x6C, 0xB2, 0x7B, 0x91, 0x94,
    0xEA, 0xCA, 0x88, 0xE2, 0xC2, 0xBB, 0x74, 0xF0, 0x0B, 0xB2, 0x25, 0x3C, 0xEE, 0xA8, 0x91, 0x3B,
    0x3B, 0x7A, 0x32, 0x16, 0xAF, 0x5F, 0xAC, 0x40, 0x92, 0x49, 0x83, 0x57, 0x2E, 0x34, 0x1E, 0x1D,
    0xAA, 0xB7, 0x0F, 0xD5, 0xC8, 0x7B, 0xFA, 0xED, 0xA5, 0x52, 0xBD, 0xDE, 0xEA, 0x77, 0x61, 0xA6,
    0xF1, 0xDB, 0x6D, 0xFB, 0xC1, 0x96, 0x10, 0xCD, 0x3D, 0x8E, 0x45, 0xCD, 0x79, 0xFD, 0x37, 0xB4,
    0xF9, 0xC2, 0xAA, 0x69, 0x02, 0xAD, 0x9A, 0x3A, 0x69, 0x57, 0x64, 0xD6, 0x39, 0x33, 0x62, 0x88,
    0xC0, 0x97, 0x91, 0xFE, 0xE1, 0x02, 0x3A, 0xA2, 0x25, 0x27, 0xBE, 0xE9, 0x67, 0x5C, 0x5D, 0x2B,
    0xA1, 0x9B, 0x0A, 0xE7, 0x69, 0xFB, 0x02, 0x52, 0x33, 0x13, 0xCB, 0xBE, 0x42, 0x3D, 0x88, 0x7F,
    0x49, 0x04, 0x43, 0x78, 0x2C, 0x47, 0x3A, 0x44, 0x74, 0x06, 0x12, 0x21, 0x2A, 0x7A, 0xB6, 0xB5,
    0xB5, 0x7C, 0xF4, 0xA6, 0x30, 0x92, 0x4D, 0x09, 0x5D, 0x2E, 0x94, 0x54, 0x39, 0x3D, 0x89, 0x03,
    0x9B, 0xF0, 0xCB, 0x27, 0x1E, 0x15, 0xDF, 0x0D, 0x31, 0x3B, 0x7B, 0x8B, 0x8D, 0x7E, 0x18, 0x2C,
    0x4D, 0x01, 0x56, 0x7F, 0x2A, 0x78, 0xA4, 0x24, 0x1F, 0x81, 0x13, 0x38, 0xB2, 0x65, 0x87, 0x06,
    0x83, 0x23, 0x4D, 0x85, 0x2E, 0xA9, 0x6E, 0x53, 0xC2, 0xBC, 0x01, 0x87, 0x7D, 0x6E, 0x99, 0xE1,
    0xDA, 0xA3, 0xA8, 0xA2, 0xF2, 0x6B, 0xCD, 0x23, 0x16, 0x87, 0x83, 0xA5, 0x47, 0x02, 0xD5, 0x43,
    0x59, 0x23, 0x27, 0x2C, 0x39, 0x22, 0x69, 0xA4, 0x78, 0x85, 0x4A, 0x52, 0x5F, 0x3E, 0x56, 0x61,
    0x6D, 0x65, 0x63, 0x6F, 0xC2, 0x03, 0xC4, 0x81, 0xF6, 0x4E, 0x4B, 0x75, 0xEB, 0xE2, 0x0A, 0x3E,
    0x3C, 0x38, 0x48, 0xD5, 0xC3, 0x92, 0x88, 0x87, 0x25, 0x62, 0x13, 0x34, 0x96, 0x41, 0x9C, 0xF4,
    0x3D, 0x2C, 0xFB, 0x78, 0x2B, 0x17, 0xCF, 0x87, 0xC4, 0xC2, 0x04, 0x25, 0xF4, 0x17, 0xFD, 0xAF,
    0x89, 0x49, 0x0B, 0x30, 0x9B, 0x1F, 0x45, 0x91, 0xC0, 0xDC, 0xD7, 0xD6, 0x93, 0x04, 0x54, 0x1B,
    0xF2, 0x14, 0x0E, 0x8F, 0x9C, 0xB4, 0xDA, 0x6F, 0x72, 0x18, 0x49, 0x4E, 0x69, 0x0D, 0x66, 0xA4,
    0xA4, 0xA8, 0x93, 0xC0, 0x9B, 0x8F, 0xE2, 0x40, 0xFC, 0xE3, 0x54, 0x6E, 0x16, 0xEC, 0x9F, 0xA6,
    0x92, 0x76, 0x25, 0x2B, 0x1E, 0x09, 0xE4, 0x2F, 0x16, 0x27, 0xD0, 0x43, 0x7F, 0xA2, 0xAE, 0x96,
    0xD7, 0xC4, 0x2D, 0x32, 0x79, 0x2F, 0xE9, 0xBB, 0x5A, 0xC4, 0x13, 0xB5, 0xA8, 0xA7, 0xAF, 0xBE,
    0x28, 0x3E, 0x5F, 0x31, 0x11, 0xB1, 0x80, 0xE8, 0x76, 0xD4, 0xD5, 0xE2, 0x95, 0xFA, 0xA9, 0x86,
    0x9B, 0x5A, 0xF1, 0xC4, 0x4C, 0x1A, 0xAB, 0xE0, 0xDD, 0x93, 0x33, 0xA0, 0x7F, 0x5C, 0x75, 0x71,
    0x66, 0xD3, 0xB9, 0x7C, 0x68, 0x82, 0xC5, 0xB3, 0x50, 0x23, 0xA9, 0x1A, 0x25, 0x6B, 0x3B, 0x03,
    0xBF, 0x33, 0x64, 0xE7, 0x9D, 0x15, 0xAA, 0x22, 0x5C, 0x94, 0x10, 0x7B, 0x2E, 0x6A, 0x89, 0x57,
    0xC9, 0x11, 0x99, 0x20, 0x3F, 0x92, 0x7E, 0x26, 0x53, 0xA7, 0xCD, 0xDB, 0xAA, 0x4D, 0x74, 0xA5,
    0xCA, 0x97, 0x8F, 0x51, 0x58, 0x89, 0x4B, 0xEB, 0x6D, 0x36, 0x8C, 0xE8, 0xF2, 0x1B, 0xB7, 0xE8,
    0x98, 0x25, 0x29, 0xAF, 0x6C, 0xA9, 0x6F, 0xF1, 0xC7, 0xD7, 0x3F, 0x95, 0x9D, 0x96, 0x4A, 0x38,
    0x72, 0x0C, 0x57, 0xE4, 0x20, 0x4E, 0xD6, 0xE5, 0xA8, 0x8E, 0xD3, 0x49, 0xA2, 0x81, 0xBF, 0x4A,
    0xDD, 0x55, 0x5D, 0xFD, 0x7D, 0xB9, 0xAD, 0x94, 0xFC, 0x55, 0x47, 0x40, 0xA7, 0x74, 0x17, 0x66,
    0xFD, 0x6B, 0x53, 0x7E, 0x7B, 0x19, 0x3B, 0x68, 0xDD, 0xB8, 0x79, 0x48, 0x32, 0xD4, 0xE6, 0xD3,
    0x75, 0xBE, 0x42, 0xC8, 0x98, 0x99, 0x33, 0xA0, 0xC7, 0xDC, 0xC0, 0x88, 0xCE, 0x55, 0x5F, 0x86,
    0xF9, 0x34, 0x11, 0x1E, 0x34, 0xBC, 0xE7, 0x33, 0x6E, 0xB8, 0xEF, 0x8B, 0x0A, 0xCC, 0x46, 0x35,
    0xEE, 0xC1, 0xEC, 0xE1, 0x26, 0xD5, 0xB8, 0xDB, 0xB8, 0x51, 0x0F, 0x94, 0x96, 0x45, 0x6A, 0x62,
    0xBE, 0xD6, 0x5B, 0xE2, 0x3F, 0x58, 0x2D, 0x72, 0x96, 0x2A, 0x4F, 0xAB, 0xE9, 0xD2, 0x15, 0xD9,
    0xE8, 0xC8, 0xAF, 0xBB, 0x64, 0xA1, 0xCF, 0x89, 0x7E, 0x02, 0x82, 0xFC, 0x6C, 0xF4, 0x18, 0xC9,
    0xBA, 0x22, 0xE4, 0xB3, 0x46, 0x83, 0x04, 0x87, 0x9C, 0x79, 0x18, 0xE5, 0xF2, 0x81, 0xDC, 0xB1,
    0x08, 0x7B, 0x34, 0x29, 0xE8, 0x10, 0x6B, 0xF8, 0xE8, 0x2E, 0xF0, 0x16, 0x0A, 0x20, 0x72, 0xD5,
    0x2B, 0x61, 0x52, 0xC2, 0x41, 0xC5, 0x01, 0x24, 0xDD, 0x97, 0x24, 0xFB, 0xB6, 0xCF, 0x3C, 0x65,
    0x1E, 0x79, 0x1A, 0xC5, 0x25, 0x16, 0x57, 0x3D, 0x75, 0x56, 0x52, 0x10, 0x26, 0xA3, 0x09, 0xFD,
    0xCE, 0xC2, 0xFA, 0xB2, 0x70, 0x8F, 0x4F, 0x2D, 0x1B, 0x50, 0x4E, 0x08, 0x26, 0x74, 0x88, 0x0E,
    0x16, 0x03, 0x0C, 0x51, 0xC3, 0xF1, 0x72, 0xAA, 0xD6, 0x83, 0x47, 0x67, 0xA2, 0xF8, 0xA3, 0xA2,
    0x81, 0x20, 0x0D, 0x33, 0xF8, 0x35, 0xEA, 0x01, 0x89, 0x45, 0xE7, 0x88, 0x86, 0xC2, 0x69, 0x53,
    0xF1, 0x8E, 0x35, 0x6C, 0x9E, 0xAC, 0x13, 0x0A, 0xFE, 0xE9, 0x5E, 0x68, 0x25, 0xD0, 0x38, 0x1F,
    0x98, 0x1F, 0x4A, 0xA0, 0xB2, 0x88, 0xAF, 0xB4, 0xB2, 0xC8, 0xB5, 0xE2, 0x70, 0x3E, 0x74, 0x71,
    0xF6, 0xED, 0x23, 0x3D, 0xF6, 0xC3, 0xDA, 0xD7, 0x9C, 0xA8, 0x52, 0x75, 0xED, 0x4A, 0xF7, 0xC3,
    0xEE, 0x20, 0x8D, 0xDA, 0x80, 0xAB, 0xE9, 0xA6, 0xD0, 0xE1, 0x97, 0x71, 0x57, 0xA6, 0x18, 0xA9,
    0x54, 0x97, 0x07, 0x26, 0x18, 0xB1, 0xD3, 0xF0, 0x79, 0xB1, 0x11, 0x8E, 0x95, 0x8B, 0x26, 0x86,
    0xAA, 0x1C, 0xC0, 0x87, 0x80, 0x41, 0xC0, 0x0C, 0x7F, 0x48, 0xD3, 0xCF, 0xE7, 0x72, 0x23, 0x63,
    0x91, 0xCD, 0xE4, 0xFC, 0x56, 0x7D, 0x6A, 0x3D, 0xBC, 0x7E, 0xA0, 0x83, 0xB4, 0xF3, 0x3A, 0xC7,
    0xCA, 0x42, 0x94, 0x6B, 0xAA, 0x3C, 0x72, 0xD5, 0x48, 0xED, 0xEC, 0xF6, 0x65, 0x7B, 0x2C, 0x94,
    0x15, 0x37, 0x86, 0x9F, 0xF2, 0x25, 0x8E, 0x9F, 0x66, 0x0C, 0x4F, 0xE1, 0x90, 0x93, 0x71, 0x16,
    0x76, 0x31, 0x5C, 0xE6, 0xDD, 0xD9, 0x0D, 0xD9, 0xA9, 0x9C, 0x4F, 0xF5, 0x86, 0x60, 0x75, 0xE6,
    0x4E, 0x17, 0xEE, 0x19, 0x98, 0x68, 0x9D, 0x20, 0xD0, 0x42, 0xE6, 0x5F, 0x09, 0x3A, 0xAB, 0x4C,
    0x1E, 0x83, 0x62, 0x94, 0x46, 0xF1, 0xCD, 0xD7, 0xE4, 0x88, 0xD9, 0xE7, 0xD5, 0xE5, 0xF5, 0x6C,
    0x62, 0x3E, 0xE3, 0xAB, 0x1D, 0xE5, 0xA9, 0xF4, 0x1A, 0xFD, 0x45, 0xBD, 0xE0, 0x81, 0x0F, 0xC1,
    0x0C, 0x57, 0x70, 0xC5, 0xB5, 0x3E, 0x9F, 0xE5, 0x7A, 0xFC, 0xC1, 0x98, 0x2B, 0xBA, 0xCB, 0x5C,
    0x31, 0x1B, 0x8D, 0x22, 0xED, 0xEE, 0xBD, 0x78, 0xDB, 0x3B, 0xF5, 0x8D, 0x4E, 0x53, 0x8E, 0xE9,
    0x28, 0x67, 0x14, 0xAC, 0x31, 0x86, 0xF4, 0xE2, 0x4D, 0x10, 0xB5, 0x31, 0x9A, 0xE7, 0x31, 0x46,
    0x68, 0x91, 0x43, 0xD5, 0x78, 0xAB, 0x9D, 0x78, 0xC5, 0xED, 0x4F, 0x7F, 0x4B, 0xC7, 0x68, 0x46,
    0x7B, 0x1B, 0x57, 0xF2, 0xF9, 0x29, 0xBE, 0xCF, 0x02, 0x7C, 0x3F, 0xF2, 0x12, 0x78, 0x9F, 0x4E,
    0x72, 0x5C, 0xE1, 0x0E, 0xB6, 0x81, 0x39, 0x9C, 0xD0, 0xEE, 0xBA, 0x93, 0x5E, 0x0C, 0x80, 0xB5,
    0x56, 0x76, 0x75, 0xA4, 0xA4, 0x05, 0x9C, 0x50, 0x00, 0xF2, 0x84, 0x76, 0x61, 0x9C, 0x00, 0x8B,
    0x9A, 0xE1, 0x95, 0xA0, 0xAE, 0x9D, 0x10, 0xD7, 0x3E, 0xA1, 0x7C, 0xB9, 0xFE, 0x1D, 0x7E, 0xD9,
    0xF7, 0xB6, 0xD3, 0x48, 0xB6, 0x86, 0xB4, 0xFB, 0x99, 0xA0, 0x1E, 0x93, 0x35, 0x86, 0xAB, 0xAE,
    0x7F, 0xC0, 0x4A, 0x1D, 0xAF, 0xD0, 0x35, 0x79, 0x50, 0x63, 0x96, 0xAF, 0x71, 0x8A, 0xCE, 0x0D,
    0x37, 0xD4, 0x7F, 0x35, 0xF0, 0xE8, 0xAC, 0x3E, 0x41, 0xD4, 0x92, 0x75, 0x31, 0x86, 0xBF, 0xEE,
    0x97, 0x28, 0x2D, 0xB3, 0x31, 0xBC, 0x38, 0x98, 0xC2, 0x48, 0xCE, 0x7E, 0x64, 0x30, 0x73, 0x7A,
    0x6E, 0x2F, 0x91, 0x06, 0x82, 0x4C, 0xC1, 0xA5, 0xE6, 0xA5, 0x46, 0x54, 0x65, 0x3D, 0xE5, 0x3D,
    0xE8, 0x0D, 0xF9, 0x0B, 0x49, 0xD9, 0x6E, 0xB9, 0x9A, 0x5A, 0x5A, 0x92, 0x0A, 0xE1, 0x35, 0xB4,
    0x45, 0xDD, 0x6E, 0x59, 0x4F, 0x88, 0xB5, 0xD0, 0xA0, 0x80, 0x84, 0x75, 0x6A, 0xD6, 0xBA, 0xFE,
    0x82, 0x78, 0x71, 0x4B, 0x7A, 0x33, 0x48, 0x5B, 0xF4, 0xC3, 0x80, 0x92, 0xED, 0xB3, 0x13, 0x11,
    0x4D, 0x62, 0xFC, 0x3E, 0xBF, 0xC2, 0xA2, 0x23, 0x90, 0x5B, 0xDC, 0x1D, 0xF9, 0x66, 0xAC, 0xB7,
    0xC6, 0xC1, 0xF3, 0x07, 0x36, 0x2C, 0x25, 0x37, 0x4B, 0x43, 0x03, 0x96, 0x46, 0x23, 0x07, 0xCE,
    0xDA, 0x15, 0x01, 0xD7, 0xFE, 0xD6, 0x20, 0xEE, 0x4F, 0xBD, 0x96, 0x5B, 0x75, 0xB5, 0x59, 0x2A,
    0x3E, 0x5F, 0x74, 0xD2, 0xCE, 0xA4, 0x54, 0x5B, 0x3B, 0xF3, 0xF8, 0x78, 0x89, 0xFF, 0x35, 0xC3,
    0x12, 0xEB, 0x93, 0x16, 0xCB, 0xC6, 0x04, 0x58, 0x7A, 0x39, 0xB7, 0xB1, 0x44, 0x73, 0xE4, 0x55,
    0x5C, 0x46, 0x1B, 0x39, 0x00, 0x36, 0xBE, 0xDC, 0x4B, 0xFE, 0xFA, 0x25, 0x1B, 0x9D, 0xCC, 0xEF,
    0xED, 0xEA, 0xBB, 0x30, 0x58, 0x24, 0x02, 0x44, 0xF0, 0xA7, 0x7D, 0xB6, 0x2C, 0x1E, 0xBC, 0x95,
    0xAA, 0xA2, 0x10, 0x8B, 0xC8, 0x42, 0xB9, 0x49, 0xBA, 0xC2, 0x3D, 0xE1, 0x0E, 0xDC, 0x13, 0x4C,
    0x17, 0xF6, 0xCA, 0xF4, 0xDC, 0xAC, 0xB7, 0x08, 0xD9, 0x54, 0xBA, 0x22, 0xE9, 0xB9, 0xF3, 0xFE,
    0x2D, 0xCE, 0xF6, 0x64, 0xE6, 0x17, 0x94, 0x62, 0x1B, 0x6D, 0xA4, 0x66, 0xE0, 0xF1, 0xF1, 0xD5,
    0x07, 0x84, 0x7A, 0x65, 0x2E, 0x94, 0xCC, 0x6C, 0xA3, 0x3B, 0x2F, 0x3D, 0xEE, 0x9F, 0x1B, 0x53,
    0xAB, 0x56, 0xD7, 0x28, 0x02, 0x52, 0xA5, 0x9C, 0x50, 0x72, 0x7A, 0x68, 0x4D, 0x70, 0x44, 0x5A,
    0xC2, 0xBA, 0x74, 0x6B, 0x5A, 0x30, 0xAE, 0x64, 0x8C, 0x71, 0x88, 0x5F, 0x67, 0x60, 0x2E, 0x68,
    0x64, 0x15, 0x01, 0xEE, 0xEA, 0xA8, 0x9E, 0x27, 0x5A, 0x55, 0xAA, 0x15, 0x3A, 0x34, 0xED, 0x1A,
    0x55, 0xF7, 0x48, 0x9D, 0xEF, 0xFC, 0xEA, 0x6A, 0xC0, 0x2E, 0x69, 0x06, 0x81, 0x16, 0x3D, 0x20,
    0x03, 0x1B, 0xD0, 0xF2, 0xAF, 0x27, 0xEF, 0x51, 0x87, 0xEC, 0x9A, 0xEC, 0x2B, 0xE8, 0x59, 0xA3,
    0x8B, 0x39, 0xD5, 0xE5, 0xCC, 0xF8, 0x09, 0xBB, 0x7D, 0xDF, 0xBA, 0xF0, 0x4F, 0x94, 0xAD, 0x36,
    0xCA, 0x67, 0x6B, 0xC1, 0x8F, 0xA5, 0x05, 0xFC, 0x09, 0x1B, 0x9D, 0x26, 0x95, 0x2A, 0x43, 0xC6,
    0x3B, 0x76, 0xE7, 0x0B, 0x13, 0x36, 0xD4, 0x9D, 0xC3, 0x9E, 0x2C, 0xD5, 0x22, 0x5B, 0x61, 0xE1,
    0x4C, 0x27, 0xB8, 0x59, 0xA6, 0x16, 0xFC, 0xF0, 0x02, 0xB1, 0x6A, 0xA5, 0xAE, 0x66, 0xB1, 0x15,
    0xB8, 0xA3, 0x4F, 0x29, 0xA5, 0xF6, 0x84, 0xA2, 0x45, 0xCB, 0xB8, 0x77, 0xD1, 0x01, 0xF7, 0x59,
    0xE1, 0xDB, 0xE7, 0xD4, 0xE9, 0xFD, 0x65, 0xC3, 0x16, 0xF5, 0x05, 0xFA, 0x04, 0x37, 0x66, 0x79,
    0x36, 0x7B, 0xD8, 0x1A, 0x52, 0x55, 0x09, 0x2D, 0x27, 0x63, 0xB4, 0x24, 0xD2, 0xE8, 0x42, 0x57,
    0xDC, 0xA9, 0xE3, 0x3E, 0x5A, 0x64, 0xD7, 0x0F, 0x2F, 0x91, 0x05, 0x5A, 0x34, 0x0D, 0x64, 0x52,
    0x6A, 0x62, 0x48, 0xA1, 0xF8, 0xC9, 0x65, 0xD1, 0x8C, 0xF0, 0x53, 0x08, 0xB5, 0x20, 0xFD, 0xCC,
    0x15, 0x3F, 0x1A, 0x55, 0x79, 0x28, 0xFC, 0x24, 0x43, 0xFC, 0x7C, 0x67, 0x59, 0x23, 0x5E, 0x05,
    0x56, 0x1C, 0x49, 0xFA, 0x38, 0xEF, 0x26, 0x9F, 0x11, 0x08, 0x68, 0xDF, 0x13, 0xD6, 0xB8, 0xDF,
    0xE3, 0x30, 0xCB, 0x9E, 0xD9, 0xC6, 0x8D, 0x28, 0xF1, 0x36, 0xA9, 0xD2, 0x31, 0x73, 0xCD, 0x58,
    0xB6, 0x6B, 0xDE, 0x7D, 0xC0, 0xAD, 0x1F, 0x0A, 0xC4, 0x83, 0xCC, 0xAB, 0xF0, 0x2E, 0x1E, 0xE4,
    0x22, 0xE9, 0x00, 0x92, 0x37, 0x42, 0x29, 0x57, 0x0B, 0xFF, 0xF4, 0x30, 0xC2, 0xB1, 0x55, 0xD1,
    0x41, 0x8B, 0x78, 0x5C, 0x2F, 0xCD, 0x65, 0xC5, 0x85, 0xB6, 0x30, 0x65, 0x8C, 0xE0, 0xF4, 0x2C,
    0x43, 0x5F, 0xD4, 0xD1, 0x33, 0x02, 0x1F, 0x97, 0x5C, 0x1E, 0xAE, 0x69, 0x41, 0x4E, 0x41, 0x74,
    0xCE, 0xB5, 0x7C, 0xD6, 0x04, 0x05, 0xDF, 0xC2, 0x68, 0x9B, 0xAB, 0x40, 0xF1, 0xE0, 0x69, 0x6F,
    0x33, 0xC3, 0xBC, 0xEB, 0x6B, 0x5F, 0xCD, 0xFD, 0xBC, 0x60, 0x17, 0x65, 0xC0, 0xED, 0x52, 0x87,
    0x09, 0xFB, 0xC9, 0xDA, 0xDE, 0x69, 0x20, 0xB7, 0x7A, 0xE8, 0x50, 0x89, 0x08, 0x8C, 0x94, 0x24,
    0xFF, 0xD3, 0x6E, 0x42, 0xF7, 0xB9, 0xEA, 0xD0, 0xC9, 0xB8, 0xE6, 0x19, 0x5B, 0xA0, 0xFC, 0x7D,
    0x6D, 0xC2, 0xDF, 0x7B, 0x2D, 0x3F, 0xEF, 0x9F, 0x55, 0x03, 0x3C, 0x6C, 0x33, 0x1E, 0x5C, 0xC1,
    0x03, 0x1F, 0x85, 0x14, 0x71, 0xE6, 0x5B, 0x78, 0xC8, 0xCE, 0xA8, 0x50, 0x64, 0x67, 0x28, 0xD1,
    0xB6, 0x7F, 0x10, 0x78, 0x50, 0x85, 0xA8, 0x4C, 0xFB, 0xAE, 0xAE, 0xBA, 0x2F, 0x15, 0x45, 0xA2,
    0xE9, 0x21, 0x5C, 0xAB, 0x4A, 0x7C, 0x0C, 0xF7, 0x0F, 0xC4, 0x66, 0xBD, 0x98, 0x13, 0xA7, 0xE9,
    0x7A, 0x2F, 0x3C, 0xE7, 0x64, 0xC9, 0xE1, 0xAA, 0x1C, 0xD5, 0xB2, 0x58, 0xCC, 0x6D, 0xF3, 0x67,
    0x72, 0x4C, 0xAD, 0x38, 0xB1, 0x1F, 0xED, 0xD3, 0xB6, 0xDA, 0x4D, 0xCF, 0x76, 0x55, 0x6E, 0x54,
    0x43, 0x16, 0x07, 0x3C, 0xD0, 0xBB, 0x6E, 0xC1, 0xAF, 0x35, 0x9E, 0xB7, 0xA3, 0xE1, 0xFD, 0xD9,
    0x52, 0xEE, 0xEC, 0xD2, 0x19, 0x54, 0x9D, 0xFD, 0xD5, 0x29, 0x4B, 0x9D, 0x9D, 0xDA, 0x79, 0x0B,
    0x96, 0xB3, 0x84, 0x56, 0x9D, 0xD8, 0x37, 0xCE, 0x12, 0x6A, 0xD6, 0xFA, 0xBD, 0xBA, 0x14, 0x20,
    0x55, 0xAB, 0xEC, 0x25, 0xB5, 0x4A, 0x3D, 0x0A, 0x1A, 0x12, 0x57, 0x3D, 0x90, 0x77, 0xE8, 0xB1,
    0x8A, 0x99, 0x8C, 0x32, 0x8B, 0xBC, 0xD5, 0x09, 0x45, 0xD6, 0x9B, 0x66, 0xE8, 0x1C, 0x5F, 0xC8,
    0xCF, 0xEF, 0x38, 0x72, 0x8F, 0x6F, 0x6B, 0xD2, 0x0D, 0x7C, 0x22, 0x7B, 0x0B, 0xDC, 0x48, 0x13,
    0x22, 0x34, 0x57, 0xA2, 0xFA, 0x9C, 0x51, 0x97, 0xFD, 0x83, 0x47, 0x1D, 0xBF, 0xFE, 0x74, 0x2C,
    0x68, 0x3D, 0xF5, 0xEA, 0x84, 0x1F, 0x6B, 0xAA, 0xE6, 0xB3, 0x73, 0xED, 0xB9, 0x1C, 0x04, 0x55,
    0x49, 0x92, 0x00, 0xC8, 0x7D, 0xAF, 0xCB, 0xF3, 0x63, 0xEF, 0x5D, 0xC4, 0x9A, 0x00, 0x85, 0x41,
    0x70, 0x18, 0xE4, 0x68, 0x44, 0x55, 0xDB, 0xD7, 0xDD, 0x9C, 0xE4, 0x69, 0xB2, 0xBB, 0x12, 0x65,
    0x98, 0xEA, 0x36, 0x48, 0xA0, 0x59, 0x24, 0x0F, 0x4C, 0x16, 0xA9, 0x86, 0x66, 0x94, 0x7A, 0xB6,
    0x28, 0x0A, 0xAD, 0x87, 0xF9, 0x2C, 0xEA, 0x64, 0x76, 0x5E, 0x3B, 0xBD, 0x4F, 0xD4, 0xB9, 0xA5,
    0x57, 0x17, 0x2A, 0xC6, 0xD5, 0xBB, 0xCB, 0x85, 0x8A, 0x67, 0x26, 0x44, 0x33, 0xC4, 0xFB, 0xA4,
    0xE1, 0xCC, 0xAE, 0x30, 0x6B, 0xA3, 0x33, 0x2C, 0x8B, 0xF9, 0x89, 0xA0, 0xEC, 0xB1, 0x76, 0x87,
    0xF5, 0x01, 0x6A, 0x41, 0x02, 0xB3, 0x04, 0xBC, 0x80, 0x66, 0x8E, 0x0E, 0xD7, 0x2A, 0x24, 0x3D,
    0x14, 0x1D, 0x47, 0xB4, 0x29, 0xC9, 0x99, 0x77, 0x45, 0xDB, 0x23, 0xD5, 0x5A, 0x73, 0xAE, 0x3E,
    0xD7, 0x1B, 0x72, 0x7D, 0xCA, 0x90, 0x97, 0x1C, 0x7C, 0x93, 0x64, 0x14, 0xD6, 0x76, 0xD5, 0x01,
    0xB7, 0xA8, 0x4F, 0xAC, 0xD9, 0x8C, 0x05, 0x69, 0x9E, 0x20, 0xEF, 0x73, 0x5C, 0x17, 0x38, 0xE4,
    0x82, 0xEB, 0x13, 0xCF, 0xF8, 0x1A, 0x1C, 0x32, 0xFD, 0x0A, 0x87, 0x4C, 0xF7, 0xF9, 0x54, 0x43,
    0x6E, 0xC6, 0x43, 0x0E, 0xBB, 0x21, 0x67, 0x32, 0x64, 0x27, 0xFA, 0xDC, 0x86, 0x3C, 0x19, 0xB9,
    0x0E, 0x1E, 0x2A, 0x5C, 0x22, 0x2B, 0xBE, 0x1E, 0xC3, 0x87, 0x0E, 0xBB, 0x4C, 0x32, 0x87, 0x4E,
    0xE4, 0xF5, 0x72, 0x87, 0xB6, 0x87, 0xFA, 0xE8, 0x9C, 0x9F, 0xCB, 0xB1, 0xAF, 0xE8, 0x5D, 0xC2,
    0xEB, 0x02, 0xAC, 0x43, 0x8E, 0xCE, 0xDB, 0x1C, 0x75, 0xBD, 0x12, 0xBA, 0xE8, 0xD1, 0x96, 0x14,
    0xA7, 0x02, 0xDE, 0x80, 0xB1, 0x8A, 0x5A, 0x72, 0x62, 0x5B, 0x39, 0xCA, 0xFA, 0xD5, 0x33, 0x4B,
    0xCF, 0x3B, 0x2F, 0x1C, 0x26, 0x94, 0x35, 0xA9, 0x2A, 0xC9, 0xE5, 0x95, 0x1B, 0x0C, 0xD4, 0x94,
    0x78, 0x62, 0x2A, 0xEC, 0xEA, 0x48, 0x63, 0x27, 0x53, 0x8D, 0x9D, 0x70, 0xD0, 0x0E, 0x7B, 0xF5,
    0x9A, 0x9C, 0x78, 0x30, 0x59, 0x15, 0x3B, 0x09, 0x14, 0x23, 0xCB, 0x0D, 0xB3, 0x32, 0xD9, 0x7D,
    0x5D, 0xC3, 0x01, 0x0C, 0x51, 0xBD, 0x70, 0xB7, 0x70, 0x4A, 0x8B, 0x13, 0x03, 0x30, 0xA5, 0x90,
    0x84, 0x2F, 0x56, 0x64, 0x8A, 0x68, 0x8F, 0x2A, 0x05, 0x06, 0x40, 0xEF, 0xC5, 0x8E, 0x15, 0x86,
    0xF1, 0x05, 0xFD, 0x77, 0x09, 0x61, 0x58, 0xB5, 0x9D, 0x4F, 0x55, 0x68, 0x50, 0x1F, 0xA6, 0x5D,
    0x3C, 0xB8, 0x59, 0x1D, 0x1B, 0x57, 0xCD, 0x99, 0x15, 0x4F, 0xBF, 0xA0, 0xE4, 0x10, 0xB4, 0x5D,
    0x43, 0xE8, 0xE7, 0xF2, 0xBC, 0xE7, 0x54, 0x5D, 0xB8, 0x02, 0x94, 0xF2, 0xAE, 0xBA, 0x12, 0x52,
    0x62, 0xE1, 0xD1, 0x6F, 0x74, 0x5F, 0xF9, 0xA9, 0x3C, 0x8B, 0x7F, 0x3E, 0x7A, 0xFA, 0x6F, 0x08,
    0xEA, 0xBA, 0x55, 0x34, 0x13, 0xD8, 0x84, 0x83, 0x7D, 0x6E, 0xEA, 0x2E, 0x1F, 0x15, 0x86, 0x78,
    0x98, 0x4D, 0x03, 0x28, 0xAD, 0x31, 0xC3, 0x0E, 0xB3, 0x58, 0x5A, 0x96, 0x02, 0xC4, 0x22, 0xAC,
    0x36, 0xF1, 0xE5, 0xD8, 0x34, 0xF6, 0x37, 0xF0, 0x21, 0x50, 0x28, 0xBA, 0x34, 0xAA, 0x53, 0x0C,
    0x43, 0x6F, 0x5A, 0xF1, 0xBE, 0x3B, 0xBE, 0x42, 0x9D, 0x41, 0xDA, 0x1B, 0x75, 0x01, 0x29, 0x0B,
    0xEA, 0xB2, 0xF2, 0xCB, 0x7E, 0x62, 0x9C, 0xA8, 0xBF, 0xDD, 0x91, 0xC9, 0xF7, 0x58, 0xBB, 0x63,
    0x78, 0x45, 0xF6, 0x95, 0x8B, 0x53, 0xC3, 0x5C, 0x59, 0xE3, 0xB4, 0xBF, 0x17, 0x31, 0x8B, 0xA3,
    0x95, 0xAB, 0xBB, 0xF0, 0x37, 0x53, 0x86, 0x16, 0x6F, 0x67, 0x51, 0xCD, 0x51, 0x8E, 0xB8, 0x5F,
    0xFB, 0xF2, 0xA5, 0x76, 0xE2, 0xB0, 0x47, 0xB7, 0xE4, 0x50, 0x67, 0xAD, 0x63, 0x76, 0x45, 0xF2,
    0x07, 0xAE, 0x08, 0xAE, 0xFF, 0x70, 0xD5, 0xAD, 0x1E, 0x53, 0x46, 0xE2, 0xAF, 0xCF, 0x01, 0x7B,
    0x88, 0xBD, 0x00, 0xD6, 0x7A, 0x6D, 0xC9, 0x59, 0xAF, 0x2D, 0x81, 0x44, 0xE0, 0xD3, 0x3F, 0x7C,
    0x4D, 0xEE, 0xC1, 0xCD, 0xFF, 0x33, 0xB1, 0x13, 0xE5, 0xC4, 0x64, 0xF5, 0x5B, 0xCD, 0xB5, 0x03,
    0xB5, 0xF4, 0x8D, 0x9E, 0x49, 0xA7, 0x03, 0x55, 0x22, 0x20, 0xF0, 0x51, 0x17, 0x31, 0xA4, 0xEF,
    0x96, 0xB8, 0x6D, 0xA7, 0x32, 0x97, 0x0E, 0x7B, 0x87, 0x84, 0xB6, 0xF7, 0xB7, 0xE8, 0x08, 0xC4,
    0x0F, 0x28, 0x1B, 0xEB, 0xE9, 0x37, 0x86, 0x83, 0xEC, 0x74, 0xDD, 0x71, 0x8D, 0x65, 0x27, 0x3A,
    0xDD, 0x3B, 0xDD, 0x8F, 0x1B, 0x79, 0xD2, 0x47, 0xA4, 0xAF, 0x39, 0xAB, 0x60, 0xD4, 0x4B, 0xF4,
    0xA7, 0x12, 0x62, 0xD2, 0x82, 0x6F, 0xE3, 0xD7, 0x2C, 0xD0, 0xEC, 0x76, 0x5B, 0x82, 0xB3, 0x1A,
    0xA0, 0xD4, 0x85, 0x31, 0xCA, 0x2A, 0x0C, 0x44, 0xBD, 0x8B, 0x7F, 0xC0, 0x5E, 0xA7, 0x96, 0x5D,
    0x92, 0x2E, 0x7B, 0x58, 0x51, 0xAF, 0x20, 0x62, 0xC7, 0x22, 0x60, 0x73, 0x89, 0xE4, 0x62, 0x8D,
    0x21, 0x2E, 0xB4, 0xCC, 0xD6, 0xC9, 0x97, 0xBA, 0x9B, 0x4B, 0x46, 0x6A, 0x97, 0x37, 0xB6, 0xD1,
    0xE9, 0x80, 0x8C, 0xAD, 0x31, 0xFC, 0xAC, 0x69, 0xE4, 0x69, 0xDB, 0xB7, 0xD9, 0x16, 0xF0, 0x33,
    0xDC, 0x77, 0x14, 0x52, 0x50, 0x6D, 0x1D, 0xE3, 0xBC, 0x94, 0x7A, 0xDE, 0xA5, 0x9A, 0x08, 0xDC,
    0x6C, 0x57, 0xD4, 0x6B, 0x94, 0xB8, 0xD7, 0xF0, 0xF0, 0x66, 0x72, 0xB2, 0x9E, 0xA7, 0xAC, 0xFF,
    0x17, 0xF1, 0x48, 0x29, 0xEB, 0x10, 0x31, 0x30, 0xA7, 0x63, 0x84, 0x5F, 0x84, 0xA5, 0xF6, 0x7C,
    0x09, 0x34, 0xF4, 0x33, 0xAC, 0x76, 0xDA, 0x62, 0x6D, 0xA0, 0x64, 0xBA, 0x45, 0x45, 0x80, 0x10,
    0x9B, 0xCA, 0xA5, 0x39, 0x49, 0x8E, 0x56, 0x94, 0x9B, 0xB3, 0xDF, 0xB0, 0xD8, 0xEC, 0xB3, 0xF6,
    0xB2, 0xBF, 0x56, 0xAC, 0xE1, 0x46, 0xE8, 0x95, 0x25, 0x80, 0x65, 0x09, 0x7E, 0x75, 0x68, 0xFB,
    0xD4, 0xE3, 0xC6, 0xBA, 0x23, 0x68, 0xFF, 0x80, 0xEF, 0x64, 0x6D, 0xF3, 0xDE, 0x26, 0x4C, 0x54,
    0x44, 0xA2, 0xF9, 0x13, 0xE1, 0xD7, 0xC0, 0xCB, 0xEE, 0x3F, 0x5B, 0xD1, 0x56, 0xB7, 0x0F, 0x10,
    0x1B, 0x7C, 0xF4, 0x35, 0x86, 0xA2, 0xE7, 0x3F, 0x64, 0xCF, 0xE7, 0x34, 0x62, 0xD9, 0xC1, 0x28,
    0xB7, 0x75, 0x1B, 0xFB, 0x44, 0x3D, 0x57, 0x62, 0x20, 0xD7, 0xCA, 0xDF, 0x9B, 0x45, 0xD1, 0xBD,
    0xF1, 0xA9, 0xD3, 0xA7, 0x55, 0xF9, 0x5D, 0xCA, 0xCD, 0x5B, 0x51, 0xEE, 0x77, 0xC9, 0x07, 0xDE,
    0x59, 0x6A, 0xC3, 0xE8, 0xB3, 0xA4, 0x67, 0x89, 0x6D, 0x27, 0x06, 0xF3, 0xD2, 0x1C, 0x0C, 0xBD,
    0x04, 0x42, 0x10, 0xC3, 0xEA, 0xA3, 0xDE, 0xAA, 0xC2, 0x1E, 0x5A, 0xF8, 0x21, 0xD1, 0xA1, 0x70,
    0xBC, 0xAB, 0x1E, 0x02, 0xB3, 0x32, 0x1C, 0x5E, 0xF5, 0xE2, 0xE2, 0xC3, 0x80, 0xB8, 0x7D, 0x8A,
    0xF5, 0xB9, 0x9E, 0xB1, 0x76, 0x8D, 0x65, 0xC3, 0xB4, 0xC3, 0x9F, 0xF7, 0x10, 0xD9, 0x2D, 0xCB,
    0x76, 0x3F, 0x36, 0xD4, 0x50, 0x4E, 0x96, 0x1B, 0xDD, 0xB0, 0x9E, 0xC4, 0x92, 0x0E, 0x6F, 0x92,
    0xA2, 0x53, 0x06, 0x5D, 0xE8, 0xC9, 0x79, 0xA8, 0x77, 0x72, 0xF7, 0xC8, 0xFB, 0x59, 0xB8, 0xCD,
    0x9D, 0x5F, 0xE2, 0xB7, 0x21, 0x1F, 0xC2, 0xD8, 0x7B, 0x1F, 0xE0, 0x43, 0x15, 0x98, 0x45, 0xBF,
    0x3A, 0xB0, 0x9E, 0x14, 0x4E, 0x07, 0xEC, 0xAA, 0x1C, 0x81, 0x4F, 0x7B, 0x33, 0x01, 0x71, 0xBF,
    0xBC, 0x4B, 0x19, 0xAF, 0xBD, 0xA7, 0xC6, 0xB6, 0xB2, 0x21, 0xF8, 0x65, 0x63, 0x89, 0xE2, 0x33,
    0x9B, 0xA7, 0x3D, 0x7D, 0x4D, 0x63, 0x42, 0x03, 0x0F, 0xDA, 0xEA, 0x9A, 0x1B, 0x51, 0x4F, 0x7F,
    0x13, 0x7D, 0x49, 0xB4, 0x37, 0x76, 0x5F, 0x68, 0x41, 0x16, 0x89, 0xF8, 0xCC, 0x16, 0xCA, 0x91,
    0x14, 0x5F, 0x74, 0x58, 0x3D, 0xB1, 0xEE, 0xF5, 0x7A, 0xF6, 0x2D, 0x7A, 0xC0, 0xC9, 0xE8, 0xDD,
    0x7B, 0xE8, 0x77, 0xFF, 0xD4, 0xF7, 0x20, 0x59, 0xBC, 0x87, 0xD1, 0x8D, 0x8E, 0xAD, 0xA6, 0x0B,
    0x9E, 0xC9, 0x0B, 0x8E, 0xF9, 0x19, 0x6B, 0x85, 0xA4, 0x63, 0x72, 0x62, 0x1B, 0x1D, 0x6B, 0xC5,
    0xE5, 0x43, 0x38, 0x47, 0x4A, 0xEA, 0x47, 0xD5, 0x8A, 0x94, 0x5A, 0x57, 0xD3, 0xAF, 0xBE, 0x01,
    0x72, 0x69, 0x65, 0xC3, 0x22, 0xC9, 0x85, 0xE9, 0xD2, 0x99, 0xA4, 0x0C, 0x79, 0xB9, 0x34, 0xF0,
    0x38, 0x29, 0x3A, 0x9F, 0xB5, 0xA5, 0xE5, 0x0F, 0x02, 0xAA, 0x21, 0xB5, 0x05, 0x44, 0x14, 0xBB,
    0x83, 0xA9, 0xA2, 0x39, 0x7D, 0xFB, 0xE7, 0x2D, 0x4F, 0x2A, 0x95, 0x68, 0x23, 0x33, 0x9E, 0x36,
    0x11, 0x97, 0x92, 0x08, 0x46, 0x89, 0xCC, 0xE4, 0xC7, 0xE9, 0x29, 0x46, 0xFC, 0x7A, 0xE5, 0x94,
    0x70, 0xC4, 0x67, 0x03, 0x11, 0x01, 0x3B, 0xE3, 0x48, 0x4A, 0x11, 0x33, 0xA9, 0x71, 0x22, 0x46,
    0x12, 0xB3, 0x7A, 0x1F, 0x73, 0x80, 0x1F, 0x01, 0x57, 0xAB, 0xC6, 0x89, 0x8B, 0x39, 0x97, 0x2D,
    0xE6, 0xE3, 0xBD, 0x63, 0x0E, 0x38, 0xC6, 0x1C, 0x7A, 0x8E, 0x99, 0x16, 0xA5, 0xC6, 0x83, 0x28,
    0x44, 0xE7, 0x56, 0xAD, 0x96, 0x21, 0x47, 0x67, 0xB1, 0xFC, 0x6B, 0x06, 0x2B, 0x65, 0x0D, 0x4B,
    0x7C, 0x05, 0xCB, 0x69, 0x40, 0xB5, 0x70, 0x6D, 0x64, 0xD5, 0x5C, 0x40, 0xA0, 0xE1, 0x6A, 0x3B,
    0x8B, 0x77, 0xAB, 0xE6, 0x80, 0x17, 0xD7, 0xDD, 0x61, 0xBD, 0xAF, 0xEE, 0xC4, 0x49, 0xBF, 0x9E,
    0xB4, 0xB8, 0xEE, 0x16, 0x3C, 0xC0, 0x5D, 0x54, 0xF4, 0x60, 0x06, 0x40, 0x11, 0x5F, 0x8B, 0x0F,
    0x98, 0xE7, 0xED, 0x43, 0x1C, 0x25, 0x4D, 0x96, 0x4C, 0xC8, 0xB9, 0x8A, 0x18, 0x15, 0x2C, 0x51,
    0x28, 0x9C, 0x46, 0xA0, 0xAC, 0xD6, 0xB8, 0x5B, 0xB5, 0xA1, 0xA8, 0x16, 0xA1, 0x86, 0xCB, 0x64,
    0xCC, 0xC4, 0x9B, 0x2C, 0x81, 0x36, 0x47, 0x3C, 0xD6, 0xD6, 0xA8, 0x1A, 0x67, 0x95, 0xAC, 0xC9,
    0xF7, 0x52, 0x0F, 0xD4, 0x28, 0xDF, 0x2B, 0xAE, 0x06, 0xEA, 0xB9, 0x26, 0x1B, 0x6B, 0x61, 0xC7,
    0xA7, 0xD7, 0x33, 0xE1, 0x75, 0xB5, 0x94, 0x8E, 0x96, 0xA1, 0x14, 0x4B, 0x99, 0x8D, 0xE1, 0xE2,
    0x50, 0xAC, 0xCF, 0x17, 0x6A, 0xA6, 0xEC, 0x18, 0xAE, 0xEB, 0xDF, 0x00, 0x3E, 0xA8, 0x56, 0x54,
    0xEF, 0xC5, 0x11, 0x9E, 0xB6, 0x10, 0x58, 0x79, 0xC3, 0x82, 0x66, 0x23, 0xC3, 0x2A, 0x96, 0x3F,
    0xB8, 0xD4, 0x6B, 0xE6, 0x48, 0x59, 0x60, 0x36, 0x18, 0xFD, 0x44, 0x2A, 0xF1, 0x25, 0xAD, 0x28,
    0x64, 0x3B, 0x03, 0xD3, 0xE6, 0x73, 0x81, 0xED, 0x9A, 0xD7, 0xCA, 0x6C, 0xBB, 0xA2, 0xED, 0x2F,
    0xB7, 0x53, 0x42, 0x52, 0x93, 0xD5, 0x5A, 0x66, 0x48, 0xF5, 0xE8, 0x64, 0xC3, 0xA6, 0x2C, 0x89,
    0x01, 0x57, 0x1C, 0x64, 0x71, 0x88, 0x5A, 0xA8, 0xE9, 0x18, 0x83, 0x93, 0x24, 0x06, 0xE9, 0x18,
    0x41, 0x3F, 0x1D, 0x43, 0xB6, 0x39, 0xB2, 0x46, 0x2C, 0x01, 0x83, 0xF8, 0x5E, 0x7F, 0xE0, 0x67,
    0x56, 0xDA, 0xC0, 0xDD, 0x0E, 0xBA, 0x9E, 0xB9, 0xC5, 0x4F, 0x2C, 0x46, 0x49, 0x56, 0x54, 0xE1,
    0x26, 0xE2, 0x65, 0x83, 0x0E, 0x9D, 0x50, 0x86, 0xF8, 0xC8, 0xFA, 0x95, 0xA7, 0x7B, 0xC3, 0x96,
    0x0A, 0x48, 0x64, 0x03, 0xEF, 0xB0, 0x3E, 0x5B, 0x22, 0x21, 0x9A, 0xA0, 0x2F, 0xF9, 0xF9, 0x9A,
    0x9E, 0x1F, 0x70, 0xCF, 0xF8, 0xB4, 0x16, 0x73, 0x59, 0x94, 0xD5, 0x58, 0xE6, 0x23, 0x10, 0x5B,
    0xF0, 0xDC, 0xCA, 0xC8, 0x88, 0xC4, 0x8D, 0x6C, 0x87, 0x0F, 0x60, 0xF5, 0xDE, 0x2F, 0x09, 0x3A,
    0x39, 0xE7, 0x59, 0x73, 0xA9, 0x1B, 0x3C, 0x4B, 0xF4, 0x2A, 0xC3, 0x23, 0x21, 0xFF, 0xF3, 0xDD,
    0x32, 0x48, 0x87, 0x19, 0xE7, 0x1D, 0x3C, 0x96, 0x09, 0x3C, 0x96, 0x95, 0x31, 0x80, 0x30, 0xA3,
    0xC7, 0xA2, 0x8A, 0x1C, 0xCB, 0xD4, 0x1E, 0x0B, 0xD5, 0x1C, 0xCB, 0x1C, 0x1F, 0x9F, 0xC6, 0xC0,
    0x24, 0xC0, 0x34, 0x2E, 0x0F, 0x76, 0x7A, 0x26, 0xB4, 0xE0, 0x4B, 0xF7, 0x5A, 0xEA, 0x11, 0x4F,
    0x46, 0x95, 0xFB, 0xC7, 0x07, 0xB6, 0x81, 0x1C, 0x97, 0x91, 0xAC, 0x7A, 0x8F, 0x7B, 0x09, 0xB9,
    0xFF, 0xE2, 0x20, 0x05, 0x1A, 0xD6, 0x42, 0xA7, 0x7C, 0xE8, 0x0A, 0xBF, 0xF3, 0xBF, 0x5D, 0x7A,
    0xAF, 0xA9, 0x41, 0xEF, 0xB6, 0x9C, 0x34, 0x82, 0xC8, 0xC4, 0xF1, 0x1D, 0xD1, 0x03, 0x6B, 0xCA,
    0x0F, 0xA9, 0x70, 0x44, 0x56, 0x35, 0xA9, 0xCD, 0x79, 0x67, 0x06, 0x64, 0x1C, 0x82, 0x8E, 0x8C,
    0xBB, 0xC6, 0xF0, 0x20, 0xD1, 0xCB, 0x07, 0xDD, 0xAC, 0xFD, 0xD1, 0xC8, 0x49, 0x35, 0xAA, 0x60,
    0x69, 0x8D, 0xAB, 0x29, 0xDF, 0x47, 0x5B, 0xC3, 0x74, 0xB9, 0x07, 0xBE, 0x16, 0x1F, 0x92, 0xBD,
    0x77, 0x73, 0xAE, 0xB6, 0x84, 0x7A, 0xE1, 0xB1, 0x10, 0x65, 0x2D, 0x44, 0x59, 0xB3, 0x65, 0x44,
    0x75, 0x01, 0xEC, 0x51, 0x7D, 0xE6, 0xBE, 0xA0, 0x19, 0xF3, 0xB1, 0x68, 0x30, 0x3F, 0x93, 0xD1,
    0xFC, 0x88, 0x80, 0xE9, 0x92, 0xD0, 0xBE, 0xD2, 0xB7, 0xF4, 0xE5, 0xA7, 0x5A, 0x04, 0xF8, 0x39,
    0xD1, 0xCC, 0xDF, 0x13, 0xBE, 0x92, 0x0B, 0x33, 0x28, 0xB9, 0x92, 0xA2, 0x55, 0x8C, 0x78, 0x52,
    0xB5, 0x54, 0xA8, 0xAE, 0x11, 0xCA, 0x1B, 0xC2, 0xDA, 0x68, 0x2A, 0x93, 0x2A, 0xC5, 0x8D, 0x50,
    0xA2, 0x26, 0xF5, 0x34, 0x32, 0xC2, 0x46, 0x28, 0xB2, 0xE9, 0x8F, 0xB4, 0xA3, 0xC8, 0xE1, 0x88,
    0x1F, 0x58, 0x21, 0x26, 0x1B, 0xB8, 0xBC, 0x7C, 0xDD, 0xB8, 0x25, 0xBB, 0x17, 0x94, 0x32, 0x47,
    0x39, 0xFA, 0x7F, 0x7A, 0xAA, 0xA9, 0xB3, 0x38, 0x48, 0x9B, 0xFB, 0x10, 0xE2, 0x41, 0xDA, 0xD4,
    0x70, 0x7E, 0x22, 0x69, 0x1D, 0xF6, 0x5F, 0x4A, 0x50, 0xC5, 0x52, 0x1F, 0xB5, 0x26, 0x6F, 0xD3,
    0x69, 0xCF, 0xEA, 0xB5, 0x5F, 0x6E, 0x28, 0x51, 0xFF, 0x0A, 0x1B, 0xE3, 0xE8, 0x74, 0xAF, 0xD1,
    0x77, 0x0B, 0x7D, 0xE6, 0xC6, 0xC5, 0x15, 0xA8, 0x93, 0xD4, 0x03, 0xF3, 0xB6, 0xA6, 0x1E, 0x54,
    0x9A, 0x7A, 0xB0, 0xAB, 0x5B, 0x45, 0x43, 0x8D, 0xC2, 0xF9, 0x7D, 0xB6, 0xA9, 0xDA, 0x89, 0xD3,
    0x0E, 0xFC, 0x87, 0xED, 0xF2, 0x06, 0x85, 0x7C, 0xE0, 0x62, 0x5E, 0xE4, 0xF7, 0xE5, 0x96, 0x66,
    0xFC, 0xC9, 0x19, 0x22, 0x5E, 0x1E, 0x68, 0xE2, 0x86, 0x6C, 0xBA, 0xF7, 0xF2, 0xA7, 0xF5, 0x26,
    0x67, 0xD6, 0xBA, 0x36, 0x3E, 0x43, 0x43, 0x4B, 0x4B, 0x44, 0xCB, 0x8D, 0x71, 0xEA, 0x01, 0x7F,
    0xD0, 0x6D, 0xA2, 0x94, 0x45, 0xE9, 0x4A, 0x12, 0x87, 0x9E, 0x08, 0x6D, 0x97, 0xC2, 0x43, 0x93,
    0x2E, 0x6F, 0x43, 0xB3, 0x35, 0x06, 0x59, 0x1B, 0xE3, 0x1A, 0x5A, 0x5D, 0x65, 0x83, 0x35, 0xEC,
    0x05, 0xD4, 0x07, 0xEF, 0x43, 0xE0, 0x61, 0x87, 0x85, 0xF0, 0xAE, 0xAC, 0x83, 0x03, 0x27, 0xCE,
    0xA8, 0xA2, 0x6F, 0x57, 0xBA, 0x75, 0x14, 0xA0, 0xE9, 0x0E, 0x6B, 0x49, 0x06, 0x21, 0x13, 0x6F,
    0x58, 0xAE, 0x49, 0xCF, 0x35, 0x8E, 0xB5, 0x5C, 0x53, 0x21, 0xF2, 0x74, 0xA8, 0x5B, 0x5B, 0xDD,
    0x10, 0x7C, 0xA4, 0xDC, 0x28, 0x44, 0x45, 0x06, 0xFE, 0x45, 0xA0, 0x78, 0xD8, 0xB3, 0x71, 0x08,
    0xA9, 0x1A, 0x43, 0xAC, 0xD8, 0x0B, 0xAF, 0xEB, 0x76, 0x27, 0x73, 0x7A, 0xA5, 0xA0, 0xDB, 0x2E,
    0x41, 0xC2, 0x1F, 0x7D, 0xB8, 0xA8, 0x0F, 0xED, 0x55, 0x9D, 0x3E, 0xB1, 0xB8, 0x9C, 0xBF, 0x21,
    0x47, 0x04, 0xF5, 0x11, 0x5B, 0xD6, 0xA0, 0xF6, 0x33, 0x57, 0xFA, 0xC5, 0x5D, 0x3D, 0x58, 0xFB,
    0xF9, 0x31, 0x83, 0xB5, 0x9F, 0xE1, 0xA6, 0xAF, 0x6A, 0x44, 0x89, 0x91, 0x21, 0xA8, 0x91, 0x24,
    0xB1, 0xFE, 0x17, 0x4D, 0x2F, 0xC8, 0xC4, 0x29, 0x1C, 0xCC, 0xDC, 0x59, 0x05, 0x93, 0x0C, 0x64,
    0xF9, 0x9A, 0x7E, 0xFD, 0xD4, 0xC0, 0xD6, 0xAC, 0xFA, 0xEF, 0x62, 0xD9, 0xFF, 0xE3, 0x78, 0x9F,
    0xFD, 0x3F, 0xC5, 0x52, 0xCB, 0x0D, 0x82, 0x40, 0x10, 0x7D, 0xB8, 0x89, 0x24, 0x72, 0xA0, 0x14,
    0x4B, 0x50, 0x3A, 0xB0, 0x23, 0x2D, 0xC5, 0xAB, 0x55, 0x60, 0x29, 0x96, 0xC0, 0x61, 0x0F, 0x73,
    0x40, 0xC6, 0xF9, 0x2C, 0x90, 0x98, 0xC5, 0x83, 0xF1, 0x43, 0xC2, 0x7B, 0x03, 0x2C, 0xC9, 0xFB,
    0x0C, 0x8A, 0x0B, 0x36, 0x03, 0xB0, 0xE5, 0xEB, 0x91, 0x81, 0x96, 0x4F, 0x2C, 0xC4, 0x4D, 0x71,
    0x07, 0x56, 0x3D, 0x02, 0x41, 0xEF, 0x10, 0x67, 0x8A, 0x19, 0x6A, 0x59, 0x2E, 0x02, 0x3B, 0xA5,
    0xA7, 0xEC, 0xC9, 0xEF, 0x93, 0xD9, 0xC1, 0x8E, 0x8B, 0xBD, 0xE8, 0x29, 0xA3, 0x18, 0xA9, 0x49,
    0x9C, 0x54, 0xA4, 0x06, 0x6E, 0x76, 0xE2, 0x09, 0x5A, 0xA6, 0xB2, 0x63, 0x05, 0x9B, 0xE4, 0xDD,
    0xE7, 0x41, 0x54, 0x15, 0x07, 0x95, 0x25, 0xA3, 0xEA, 0xEA, 0x20, 0xC2, 0x04, 0x45, 0x99, 0xA0,
    0x48, 0x53, 0x8C, 0x79, 0x34, 0x55, 0x30, 0x81, 0x69, 0x5E, 0x3A, 0xF9, 0x3E, 0x5A, 0x76, 0x61,
    0x50, 0x5C, 0xB1, 0x77, 0x0A, 0xA4, 0xDD, 0xF0, 0xE5, 0x90, 0x3C, 0x6D, 0x3B, 0xAA, 0xCE, 0xD7,
    0xC3, 0x52, 0x0D, 0x3D, 0xEA, 0xE8, 0x9B, 0x21, 0xD9, 0xD2, 0x14, 0x6A, 0x96, 0x7D, 0x2F, 0x34,
    0x6A, 0x4E, 0x69, 0x3B, 0xFB, 0xF7, 0xFF, 0xB3, 0xFB, 0x5D, 0x9F, 0x93, 0x61, 0x6D, 0xCA, 0x1C,
    0x5B, 0x65, 0xCD, 0xD4, 0x57, 0x2A, 0x8B, 0xC6, 0xF4, 0x68, 0x8E, 0x71, 0x69, 0x18, 0x9D, 0x62,
    0xB4, 0x3E, 0xBF, 0x79, 0xF1, 0xD7, 0xCF, 0x06, 0xEF, 0x7D, 0xAA, 0xDE, 0xDB, 0x7F, 0x00, 0xED,
    0x7D, 0x3D, 0x90, 0xE4, 0xC6, 0x95, 0x66, 0x02, 0xE0, 0x4C, 0xAD, 0x88, 0xD3, 0x82, 0xC6, 0x8C,
    0xA4, 0xE5, 0x50, 0x82, 0x0C, 0x19, 0xE4, 0x1C, 0xD9, 0x58, 0x43, 0xC6, 0x1A, 0xDD, 0x05, 0x70,
    0x69, 0xEA, 0x22, 0x76, 0x0C, 0xCD, 0x1A, 0x5A, 0x43, 0x6B, 0xAC, 0xB1, 0x1A, 0x19, 0x23, 0x43,
    0x06, 0x8D, 0x9E, 0x06, 0x28, 0x19, 0x32, 0xCE, 0x60, 0x2B, 0x62, 0x65, 0x9D, 0x71, 0x34, 0x78,
    0x11, 0x64, 0xCD, 0x45, 0x8C, 0x0C, 0x1A, 0x73, 0x11, 0xDD, 0x0D, 0x50, 0x32, 0x74, 0x11, 0x32,
    0x58, 0xAB, 0x8D, 0x8D, 0x33, 0xCE, 0x20, 0x14, 0x9C, 0xD8, 0xD5, 0x92, 0xC6, 0x40, 0xAB, 0x62,
    0x08, 0x1C, 0x56, 0x01, 0xF7, 0xBE, 0xEF, 0x25, 0x7E, 0xAA, 0xFF, 0xA6, 0x87, 0xEC, 0x99, 0x38,
    0x63, 0xAB, 0x2B, 0x5F, 0x56, 0xA1, 0x12, 0x99, 0x0F, 0x99, 0x2F, 0xDF, 0x5F, 0xBE, 0xCC, 0xBE,
    0x9C, 0xA4, 0x05, 0xFF, 0xB2, 0x78, 0xF8, 0x4B, 0xBA, 0xBF, 0xC8, 0x74, 0x7F, 0xCF, 0x9A, 0xEE,
    0x15, 0x99, 0xB4, 0xC8, 0xE5, 0x8E, 0xC8, 0xE4, 0x49, 0x5C, 0x1C, 0x4E, 0xA9, 0x89, 0x98, 0x62,
    0x13, 0x65, 0xB1, 0x09, 0x91, 0x92, 0xA9, 0x09, 0x92, 0x0D, 0x13, 0x98, 0x4B, 0xE6, 0x82, 0xDC,
    0xFF, 0xBC, 0x79, 0x1A, 0xD5, 0x6C, 0xCB, 0x05, 0x79, 0xDD, 0xED, 0xB2, 0x10, 0xD9, 0xC2, 0x7C,
    0x4D, 0xB3, 0x0D, 0x64, 0x95, 0x79, 0x49, 0xB3, 0x2D, 0x63, 0xE2, 0x16, 0xAF, 0xB9, 0xCD, 0x2E,
    0xFF, 0xF5, 0xC7, 0xD7, 0xF7, 0xAF, 0x27, 0xC6, 0x2D, 0xA5, 0x1E, 0xD3, 0x65, 0xDE, 0x5C, 0xEA,
    0x19, 0xB2, 0x42, 0xEA, 0xE9, 0xB3, 0x09, 0xB3, 0xEB, 0x7F, 0xF3, 0xCF, 0xD7, 0x3F, 0xBE, 0x6E,
    0x58, 0x49, 0x9B, 0xD8, 0x4C, 0xB0, 0x73, 0x2A, 0x29, 0x12, 0x24, 0x52, 0x8F, 0x64, 0xC6, 0x66,
    0x52, 0x4F, 0x9F, 0x85, 0xA8, 0xA7, 0xCF, 0x36, 0x50, 0x9D, 0x31, 0x7F, 0x66, 0xDC, 0xCC, 0xB0,
    0xCC, 0x29, 0xF0, 0x62, 0x5E, 0xA3, 0xD3, 0xDA, 0xB6, 0x30, 0x8E, 0xB4, 0xB6, 0x30, 0x5E, 0x63,
    0x7C, 0x79, 0x4B, 0x8B, 0x07, 0x26, 0x90, 0xBA, 0xBF, 0x62, 0x02, 0x54, 0x66, 0x42, 0x42, 0x5C,
    0x11, 0x08, 0x94, 0xCD, 0x64, 0x05, 0xE8, 0xB6, 0xBC, 0x94, 0x37, 0x09, 0x0A, 0xB5, 0xF8, 0xC5,
    0x01, 0xD6, 0xC6, 0xF8, 0x2D, 0x10, 0x35, 0xE9, 0x92, 0x85, 0x1B, 0xB6, 0xD9, 0x12, 0xC6, 0xD9,
    0x00, 0x23, 0xFB, 0x19, 0x7D, 0x29, 0x63, 0x9A, 0xA1, 0x4C, 0xBC, 0x32, 0x57, 0x56, 0x72, 0x3F,
    0xF0, 0x31, 0x79, 0xDB, 0x66, 0xC0, 0xF3, 0xDE, 0x69, 0xCF, 0xC2, 0x31, 0xBB, 0x39, 0x67, 0x7F,
    0x0A, 0x4A, 0xD2, 0xA4, 0x2F, 0x37, 0x4D, 0x16, 0xB9, 0x16, 0x08, 0x8A, 0x28, 0xE1, 0xA0, 0x85,
    0x49, 0x90, 0x99, 0x4D, 0x92, 0x89, 0x5F, 0x70, 0x1C, 0xA6, 0xE8, 0xAC, 0x4A, 0x3F, 0xCC, 0xD9,
    0xB5, 0x53, 0xE9, 0x53, 0xF6, 0x23, 0x3E, 0xA0, 0x1A, 0xFE, 0xC4, 0x76, 0x50, 0x78, 0xC3, 0xD8,
    0xDB, 0x37, 0x1D, 0x41, 0x2C, 0x94, 0xBA, 0xEF, 0xFA, 0x82, 0x67, 0x90, 0x85, 0x49, 0x15, 0xBE,
    0xBB, 0x34, 0x7E, 0x99, 0xBA, 0x65, 0x2C, 0x45, 0x05, 0x0D, 0xAF, 0xB8, 0x25, 0x45, 0x4D, 0x5A,
    0xFA, 0xD9, 0xB6, 0x92, 0x50, 0x60, 0xF6, 0x64, 0x24, 0x39, 0x48, 0xF6, 0xC3, 0xA6, 0xA9, 0xE5,
    0x66, 0x12, 0xD9, 0x52, 0x3F, 0x54, 0xF6, 0x83, 0x60, 0xA3, 0x65, 0x04, 0x1B, 0xBD, 0x5D, 0xB0,
    0x99, 0x9A, 0x98, 0x23, 0x2D, 0xD9, 0x0E, 0x31, 0x32, 0xC1, 0x3F, 0x2E, 0x49, 0xB0, 0x66, 0xD2,
    0xE2, 0x39, 0x30, 0x9E, 0x39, 0xAA, 0xB9, 0xC4, 0x9E, 0xF1, 0x74, 0x14, 0xC2, 0x96, 0xC3, 0x10,
    0xBF, 0xC6, 0x41, 0xDB, 0x67, 0x25, 0xD2, 0x4C, 0x64, 0x78, 0x87, 0xCD, 0xEC, 0x45, 0x9B, 0xED,
    0x23, 0x3B, 0x70, 0x6B, 0x0E, 0x62, 0x50, 0xF1, 0xF6, 0x56, 0xA9, 0x40, 0x07, 0x33, 0x5C, 0xA0,
    0x26, 0x93, 0x2F, 0x51, 0xDA, 0x5B, 0xB5, 0xC8, 0x82, 0x2A, 0x2D, 0x1C, 0xA9, 0xB0, 0x08, 0x2B,
    0x6F, 0x21, 0x03, 0x3A, 0x59, 0x4E, 0x2A, 0x41, 0xD4, 0x6D, 0x85, 0x72, 0x50, 0xF6, 0x7E, 0x81,
    0x2C, 0x14, 0x02, 0x39, 0x00, 0xC2, 0x52, 0x33, 0x50, 0x4C, 0x40, 0x0C, 0x81, 0x60, 0x1A, 0x2D,
    0x4C, 0x7A, 0x5F, 0x87, 0xFE, 0x95, 0x16, 0x84, 0x54, 0xA3, 0xDC, 0x15, 0x29, 0xF0, 0x5C, 0x37,
    0xC1, 0xD7, 0x98, 0x81, 0x65, 0x02, 0xA1, 0xFC, 0xC9, 0xE4, 0xF5, 0x12, 0xE3, 0xCF, 0x41, 0x51,
    0x29, 0x50, 0x71, 0x85, 0x98, 0x2B, 0x5C, 0x10, 0x02, 0x0E, 0x13, 0x3C, 0xA3, 0x3C, 0xD8, 0x2D,
    0x23, 0x7D, 0x8A, 0xF7, 0xF2, 0xC8, 0x7B, 0x8F, 0xBF, 0xEE, 0xB0, 0x58, 0x04, 0x52, 0xC1, 0x8D,
    0x72, 0xBB, 0x54, 0x22, 0x4F, 0x64, 0x56, 0xFC, 0x41, 0xA6, 0xC1, 0x64, 0x6E, 0x1C, 0xF3, 0x45,
    0x7E, 0x93, 0x02, 0xF2, 0x78, 0xD2, 0x10, 0xEE, 0xD7, 0x3B, 0xC3, 0x8C, 0xB7, 0xC9, 0x0F, 0x25,
    0xEE, 0x94, 0xB7, 0xCB, 0x12, 0xCE, 0xE8, 0x2D, 0x5F, 0xDD, 0xCA, 0xFE, 0x2A, 0xB5, 0x49, 0x61,
    0x45, 0x31, 0x66, 0x7F, 0x4A, 0x5F, 0x2E, 0x84, 0x8A, 0xD0, 0x94, 0x5C, 0x78, 0x8A, 0x0F, 0xFD,
    0xBC, 0x3E, 0xFB, 0xF6, 0xD9, 0xB2, 0x97, 0x98, 0xFD, 0x3C, 0x9A, 0x4B, 0xE6, 0x2F, 0x64, 0x9E,
    0x6E, 0x83, 0x22, 0xF2, 0x62, 0x1B, 0x53, 0x36, 0xA8, 0xF7, 0xD2, 0x39, 0x27, 0x29, 0x47, 0x31,
    0x6A, 0x75, 0x32, 0xEB, 0xC8, 0x86, 0x4A, 0x2D, 0x79, 0x0B, 0x32, 0xF1, 0x57, 0x7B, 0xB9, 0x5C,
    0x4D, 0xE7, 0xDB, 0x7E, 0x6D, 0xDC, 0xC6, 0x6C, 0x3B, 0x6D, 0x12, 0x82, 0x97, 0x85, 0x55, 0x8C,
    0x16, 0x9C, 0xC5, 0x53, 0x6C, 0xE8, 0x99, 0xB3, 0x61, 0xB6, 0xB9, 0xF6, 0x6D, 0xEF, 0xBC, 0x33,
    0x65, 0x97, 0x2B, 0x9B, 0xCD, 0x66, 0xB3, 0x66, 0x36, 0x7B, 0xEB, 0x71, 0x34, 0xD4, 0x4D, 0xAD,
    0x24, 0xA8, 0xC2, 0x65, 0xB4, 0x0C, 0x57, 0x3E, 0x3A, 0x78, 0xCF, 0xD4, 0x6E, 0x25, 0x73, 0x3F,
    0x3B, 0x30, 0x7F, 0x7B, 0x14, 0x17, 0x79, 0xBD, 0x15, 0x65, 0xF9, 0xBC, 0xAD, 0xDA, 0x2A, 0x9F,
    0x87, 0x49, 0x47, 0xCC, 0x5F, 0xE9, 0x3E, 0xD8, 0x5E, 0x31, 0x64, 0xF5, 0x46, 0x25, 0x82, 0xBE,
    0xC2, 0xFF, 0x28, 0x82, 0xD7, 0xD7, 0x7B, 0x09, 0xEF, 0xE4, 0x25, 0x29, 0xB5, 0x21, 0xA1, 0x0A,
    0xDD, 0x0A, 0x69, 0x86, 0x32, 0x97, 0x6A, 0xBC, 0x85, 0x4F, 0x39, 0x2B, 0x8A, 0xA9, 0x46, 0x98,
    0x10, 0xD8, 0x0B, 0x44, 0x0A, 0xF8, 0x04, 0x21, 0x05, 0x4E, 0x0A, 0x58, 0x0C, 0x30, 0x1C, 0xC1,
    0xEE, 0xBA, 0x96, 0xB4, 0x77, 0xB1, 0x86, 0x90, 0xB5, 0x69, 0xCD, 0x22, 0x1E, 0x9D, 0xA5, 0x6D,
    0xD1, 0x69, 0xD1, 0xBA, 0x62, 0x62, 0xB1, 0x52, 0x0C, 0x4D, 0x0E, 0x99, 0xD4, 0x42, 0x10, 0x76,
    0x80, 0xEC, 0xEE, 0x49, 0x00, 0xC1, 0xA6, 0x6D, 0x00, 0x5A, 0x02, 0xE1, 0xBF, 0xC0, 0x28, 0x05,
    0x76, 0x6E, 0x0B, 0x4C, 0x83, 0x95, 0x49, 0x2B, 0x13, 0x0B, 0xF3, 0x11, 0x66, 0x9D, 0x18, 0x6F,
    0x69, 0xBE, 0x60, 0xF0, 0x4C, 0x78, 0xAD, 0x46, 0x90, 0x57, 0xF4, 0xBA, 0x47, 0x49, 0x30, 0x21,
    0xBB, 0x50, 0x71, 0x10, 0x51, 0xF4, 0xA7, 0x19, 0x65, 0x3E, 0x7F, 0x5C, 0x0E, 0x3F, 0xA6, 0xC5,
    0xA1, 0xCB, 0x11, 0x2F, 0x53, 0x34, 0x79, 0x64, 0x3D, 0x61, 0x23, 0xA8, 0x64, 0xD4, 0x99, 0x2C,
    0x34, 0x17, 0xDB, 0x7B, 0xC4, 0x53, 0x18, 0xBE, 0x27, 0x17, 0x84, 0x09, 0x7E, 0x02, 0x99, 0x10,
    0x17, 0xC0, 0xF0, 0x4F, 0x4F, 0xC6, 0xD0, 0x25, 0xF4, 0x89, 0x1B, 0xB9, 0x5B, 0x0E, 0x15, 0xC4,
    0x6D, 0x6B, 0x6A, 0x28, 0x2D, 0x31, 0xCC, 0xAB, 0x01, 0x17, 0x7B, 0x6F, 0x6E, 0xFA, 0x4E, 0x53,
    0xA9, 0x27, 0x9F, 0xB7, 0xA8, 0xA6, 0x08, 0x9A, 0xEE, 0xCA, 0x44, 0xB5, 0x09, 0x97, 0x94, 0x46,
    0x3A, 0xC2, 0x52, 0xA7, 0x62, 0x68, 0xD0, 0x75, 0x28, 0x38, 0xEF, 0x55, 0xA0, 0xC9, 0xA7, 0x54,
    0xC8, 0xFE, 0x2F, 0x60, 0xFC, 0x3A, 0x60, 0x0E, 0x62, 0x71, 0x56, 0x80, 0x5E, 0x0D, 0xE8, 0x57,
    0x80, 0x61, 0x01, 0x18, 0x27, 0x4A, 0x4A, 0x02, 0x05, 0x79, 0x81, 0xD2, 0xB1, 0x02, 0x83, 0x12,
    0x50, 0x9E, 0x57, 0x60, 0xFE, 0xE1, 0xEC, 0xCE, 0x83, 0x5D, 0x0E, 0x60, 0xA9, 0x70, 0xD0, 0xC0,
    0xCE, 0x06, 0xD1, 0x87, 0xCB, 0x75, 0xA8, 0x9D, 0xA0, 0xB0, 0x3C, 0x0C, 0xFD, 0xF9, 0x08, 0xFE,
    0x06, 0x2A, 0x57, 0xC0, 0x61, 0x09, 0xDA, 0x8F, 0xA4, 0x07, 0x20, 0x93, 0x48, 0x03, 0x9E, 0xF6,
    0x5E, 0x73, 0xA4, 0x0F, 0x8F, 0xC2, 0xD6, 0xBC, 0x68, 0xD0, 0x93, 0x69, 0x82, 0x9E, 0x8F, 0x17,
    0xA0, 0x3A, 0xD4, 0x39, 0xEF, 0x04, 0xD0, 0xD3, 0xED, 0x2E, 0x6B, 0xA9, 0x39, 0x45, 0x0A, 0x8C,
    0xFD, 0x42, 0x14, 0xAB, 0xC9, 0x52, 0x06, 0xDC, 0xFC, 0x9C, 0xA4, 0x44, 0xD5, 0x93, 0x7A, 0x22,
    0xE6, 0xA3, 0x56, 0x7C, 0x60, 0xBE, 0xB3, 0x6B, 0x0E, 0x7C, 0xA9, 0x62, 0x25, 0xA4, 0x53, 0x34,
    0x4D, 0x92, 0x0A, 0x6B, 0x35, 0x93, 0x1A, 0xFC, 0x60, 0x09, 0xAA, 0x5B, 0xA1, 0xF6, 0xD5, 0x01,
    0xCA, 0xE2, 0x8E, 0x06, 0xE3, 0xBB, 0xC2, 0x54, 0x5E, 0x85, 0x28, 0x12, 0xA0, 0xB0, 0x3C, 0x48,
    0x54, 0x39, 0x9C, 0x10, 0x91, 0xCE, 0x8D, 0x92, 0xBC, 0xBB, 0xE9, 0xC1, 0xAA, 0x23, 0x7C, 0x76,
    0x19, 0x55, 0x61, 0x22, 0x91, 0x77, 0xA4, 0xE7, 0x0E, 0x3F, 0x96, 0x5D, 0x09, 0xC5, 0xB5, 0xEF,
    0x84, 0xA6, 0x23, 0x38, 0x52, 0x2F, 0x49, 0x95, 0x55, 0x2A, 0x58, 0x74, 0x80, 0x95, 0x0C, 0x00,
    0x2A, 0xB8, 0x20, 0x74, 0x4F, 0xD5, 0x73, 0x69, 0xB3, 0xFD, 0x50, 0xB0, 0x13, 0x8C, 0x65, 0xC6,
    0x42, 0xE9, 0x20, 0xD1, 0x48, 0xB5, 0x68, 0xF1, 0x80, 0x70, 0x87, 0x57, 0x6E, 0xF1, 0xCE, 0x25,
    0x26, 0x0C, 0xD4, 0x96, 0x36, 0xC3, 0x90, 0xC7, 0x4D, 0x40, 0xEE, 0x84, 0x8E, 0x69, 0x31, 0x37,
    0xBC, 0xDA, 0x91, 0xEE, 0x12, 0x94, 0xFD, 0x25, 0xFA, 0xD7, 0x69, 0xF8, 0x58, 0x29, 0xB1, 0x56,
    0x3E, 0x29, 0xDA, 0x95, 0x42, 0x72, 0x3F, 0x4C, 0xF5, 0x56, 0x74, 0x07, 0x68, 0xFD, 0x5E, 0xFB,
    0x61, 0xBE, 0xE8, 0x38, 0xDE, 0x45, 0xCE, 0xB1, 0x8B, 0x1C, 0xC5, 0x14, 0xDD, 0xE5, 0x92, 0x62,
    0xA4, 0x58, 0x5A, 0xB2, 0xFE, 0x05, 0xEA, 0x17, 0x64, 0xD8, 0xF5, 0x6C, 0xE5, 0x80, 0xAD, 0xD8,
    0xB6, 0xCC, 0xC0, 0x63, 0xF3, 0x24, 0x82, 0x15, 0x22, 0x72, 0x55, 0x48, 0x21, 0x11, 0x2B, 0x24,
    0xCD, 0x13, 0xA9, 0xAD, 0x91, 0x12, 0x69, 0x0B, 0x95, 0xC3, 0x79, 0xDB, 0x52, 0x55, 0x3E, 0xA2,
    0xBF, 0xD1, 0xFC, 0x97, 0x29, 0x34, 0x91, 0xA7, 0x14, 0x32, 0x2D, 0x1D, 0xF0, 0x38, 0x70, 0x3E,
    0xE0, 0x83, 0xDE, 0xBD, 0x02, 0x03, 0xC5, 0x9F, 0x47, 0x55, 0x5C, 0xC7, 0x8B, 0xA8, 0xBA, 0xD8,
    0x8B, 0xE0, 0xA3, 0xAF, 0x51, 0xA9, 0x4C, 0x54, 0x35, 0xE9, 0x21, 0x51, 0x78, 0x85, 0x61, 0xCA,
    0x07, 0x67, 0xD7, 0x3C, 0xE4, 0x75, 0x0D, 0xCF, 0x2A, 0xB8, 0x07, 0xAD, 0x3C, 0x84, 0x34, 0x4E,
    0x59, 0x16, 0x51, 0x51, 0xDF, 0xC6, 0x80, 0xC8, 0xD0, 0x45, 0x54, 0xEC, 0x2E, 0x1D, 0xBE, 0xD3,
    0x99, 0x5B, 0xD9, 0x67, 0xA5, 0xA1, 0xAA, 0x62, 0xA8, 0x4B, 0x9F, 0xF9, 0x91, 0xBE, 0x6A, 0x1D,
    0x93, 0x56, 0x1F, 0x33, 0x5D, 0xAC, 0x7D, 0x8D, 0x6A, 0xB3, 0xF6, 0xBD, 0xFB, 0xFD, 0xB4, 0x0B,
    0xA5, 0x59, 0x6B, 0xA0, 0x6B, 0xF0, 0x2C, 0x17, 0x6C, 0x6E, 0x32, 0xAB, 0x08, 0xAD, 0x6B, 0x47,
    0xE6, 0xCC, 0xAF, 0x63, 0xB5, 0xAA, 0xEE, 0xC7, 0xE7, 0x3B, 0xF3, 0x20, 0x3B, 0xF3, 0x23, 0x3D,
    0xF4, 0x42, 0xBE, 0x78, 0xC8, 0x33, 0x3A, 0x6A, 0xFC, 0x9E, 0xCB, 0xA0, 0x1C, 0xFF, 0x15, 0x8C,
    0x93, 0xAF, 0x6F, 0x74, 0x0F, 0xEA, 0xCE, 0xAE, 0xE9, 0x4C, 0x03, 0x43, 0xCF, 0xC2, 0x4F, 0x44,
    0xD9, 0x80, 0xB8, 0xA8, 0x36, 0xC0, 0x46, 0x9E, 0xB2, 0x5C, 0xC5, 0x1D, 0x58, 0x4B, 0xCF, 0x9A,
    0xE2, 0xC2, 0x1A, 0xE0, 0xE0, 0xAC, 0xF6, 0x52, 0xD6, 0x4D, 0xA6, 0x9E, 0x3D, 0xA9, 0x84, 0x7D,
    0xF3, 0xA4, 0x31, 0xA8, 0x3B, 0xF6, 0x4F, 0x11, 0xAE, 0x82, 0xC0, 0x52, 0xD3, 0x33, 0x16, 0x61,
    0x32, 0x04, 0x0A, 0x4D, 0xD6, 0x7E, 0xCF, 0xDC, 0x5C, 0x68, 0x49, 0x77, 0xD5, 0x35, 0x9B, 0x28,
    0x13, 0x15, 0x9E, 0xC4, 0x0A, 0xBC, 0xD2, 0xE5, 0xD3, 0xBA, 0x95, 0x8A, 0x21, 0x53, 0xC3, 0x84,
    0x5A, 0xFC, 0x9D, 0xD9, 0x13, 0x6B, 0x2A, 0x5F, 0x2D, 0xCC, 0x76, 0x24, 0x4A, 0x9E, 0x54, 0xB3,
    0x29, 0x06, 0x78, 0x25, 0x33, 0x68, 0x6B, 0x4B, 0xEE, 0x95, 0x27, 0xDB, 0xDA, 0x16, 0xE5, 0xC5,
    0x2B, 0xCD, 0xD6, 0x9E, 0xCC, 0x28, 0x6F, 0x8E, 0x1C, 0xB6, 0xBA, 0xD9, 0x5C, 0x0A, 0x1B, 0x14,
    0x65, 0x72, 0xBB, 0x16, 0xBD, 0x5C, 0xCC, 0xAB, 0xBA, 0x86, 0x43, 0xA7, 0x30, 0x8B, 0x3D, 0xB9,
    0x8E, 0x3B, 0x51, 0x2E, 0x2E, 0xFC, 0xB9, 0xDC, 0xF7, 0x5A, 0x5B, 0x46, 0x99, 0x5C, 0x6D, 0x3F,
    0x10, 0x09, 0x30, 0x85, 0x31, 0x2A, 0xC3, 0x1E, 0xE1, 0x71, 0xC4, 0xA2, 0x0C, 0xB2, 0x8E, 0x25,
    0x68, 0xEE, 0xD9, 0x51, 0x71, 0x3A, 0xB2, 0x85, 0xB2, 0xF1, 0x03, 0x9A, 0xC4, 0xC9, 0x97, 0xAD,
    0xB2, 0xA1, 0x06, 0xD5, 0x95, 0xB6, 0xD1, 0x91, 0xBB, 0x60, 0xEF, 0x6C, 0xC7, 0x99, 0xDF, 0xAA,
    0x6B, 0xE6, 0x7D, 0xB5, 0xBA, 0xDE, 0x63, 0xF5, 0xD1, 0xB7, 0xF8, 0xF4, 0xB1, 0xCA, 0xE8, 0x54,
    0xDB, 0x5A, 0xE9, 0x80, 0x2C, 0x8D, 0x95, 0x1D, 0x8D, 0x62, 0x91, 0xAA, 0x98, 0x40, 0x37, 0xCA,
    0xFC, 0x82, 0xC0, 0x11, 0xDE, 0x0F, 0x41, 0x19, 0x52, 0x75, 0xC0, 0xC8, 0x42, 0x0C, 0xC4, 0xBD,
    0x0F, 0x05, 0xA3, 0xD2, 0xCE, 0x66, 0xB7, 0x97, 0xC4, 0x5D, 0x12, 0x59, 0x66, 0xAB, 0xE4, 0x92,
    0xAB, 0xC8, 0x89, 0x33, 0xCA, 0xDB, 0x98, 0x0A, 0x8A, 0x09, 0xE7, 0x50, 0xA0, 0x65, 0xC4, 0x48,
    0x25, 0x7E, 0x25, 0x75, 0xDC, 0xD3, 0x49, 0x98, 0x49, 0x4D, 0xB9, 0x88, 0x0F, 0xA9, 0x48, 0xD4,
    0x23, 0x1D, 0xD9, 0x15, 0x19, 0xF2, 0x8A, 0x75, 0xAE, 0x28, 0xA0, 0x87, 0x2B, 0xFC, 0xD5, 0x63,
    0xC9, 0x9B, 0x95, 0x51, 0xAF, 0x96, 0x85, 0xB3, 0xDB, 0x82, 0xD8, 0x0A, 0x02, 0x84, 0x25, 0xD3,
    0x6C, 0x45, 0x81, 0xBF, 0xA2, 0xFE, 0x32, 0x82, 0xE5, 0xF0, 0x39, 0xE2, 0xAF, 0x69, 0xA1, 0x77,
    0x29, 0x0F, 0x51, 0xED, 0x48, 0xC0, 0x27, 0x74, 0x6A, 0x01, 0x51, 0x47, 0x9D, 0x67, 0xD4, 0xDD,
    0xE2, 0x4F, 0xCC, 0xCD, 0xA5, 0x88, 0x42, 0xA1, 0x30, 0xD2, 0x6D, 0x32, 0xA9, 0x07, 0x45, 0x35,
    0xD4, 0xCE, 0x2F, 0x46, 0x9E, 0xA9, 0x64, 0x80, 0x63, 0x65, 0x66, 0x7C, 0xDD, 0x7A, 0xAF, 0x8A,
    0xA1, 0x06, 0xAD, 0xCD, 0x57, 0x0D, 0x09, 0xAD, 0x7C, 0x13, 0x2D, 0x4A, 0x4F, 0xA7, 0xD2, 0xFA,
    0xCA, 0x62, 0xA2, 0x58, 0xC9, 0xF8, 0xDF, 0x93, 0x41, 0x69, 0x76, 0x39, 0x34, 0x8D, 0x0E, 0x50,
    0x29, 0x7D, 0xE6, 0xE4, 0x4B, 0x3A, 0x46, 0x1A, 0x40, 0xB9, 0xFD, 0x80, 0xC3, 0x01, 0x18, 0x96,
    0x07, 0x6C, 0xE3, 0x80, 0x03, 0x7F, 0x40, 0x2A, 0x20, 0xAC, 0x1F, 0x0E, 0x27, 0x2C, 0xE9, 0x57,
    0x43, 0x0D, 0xE1, 0x7C, 0xA8, 0xB9, 0x4D, 0xBA, 0x16, 0x1D, 0xD1, 0xC2, 0x72, 0x2A, 0x67, 0x1D,
    0x56, 0x16, 0xC3, 0x76, 0x31, 0x02, 0xBD, 0x00, 0x3E, 0x0B, 0x40, 0x3D, 0x23, 0xF0, 0x48, 0xF7,
    0xDA, 0x0A, 0xDA, 0xE5, 0x00, 0x30, 0xCE, 0xD5, 0x00, 0x9A, 0x5E, 0x0D, 0x38, 0x03, 0xE8, 0x08,
    0xC5, 0x82, 0x47, 0xBA, 0xF7, 0x38, 0xD0, 0xDB, 0x02, 0x39, 0x7A, 0x8C, 0x0C, 0xAF, 0x86, 0xA6,
    0x95, 0x5C, 0x69, 0xD4, 0x30, 0xD8, 0xB3, 0x76, 0x8E, 0x51, 0x6A, 0xB3, 0x04, 0x62, 0xA9, 0x45,
    0xD9, 0x71, 0x47, 0x47, 0x96, 0xA8, 0x3A, 0x6E, 0x9F, 0x52, 0xF1, 0xC6, 0x37, 0xC9, 0x60, 0xBB,
    0xDA, 0xAC, 0xD3, 0x94, 0xA0, 0x90, 0xA9, 0x2A, 0x1A, 0x2A, 0x3F, 0xD5, 0x79, 0x9B, 0xD0, 0xB8,
    0x89, 0x13, 0x32, 0x19, 0x29, 0x0E, 0x24, 0xA4, 0x0E, 0xA0, 0xA4, 0x16, 0x28, 0xA4, 0xAD, 0x63,
    0x0D, 0x89, 0x8B, 0x98, 0x2B, 0x29, 0x99, 0xCA, 0x39, 0x40, 0x0C, 0xC7, 0x3A, 0x3C, 0xAF, 0x9A,
    0x09, 0x0F, 0x91, 0x81, 0xB5, 0xDF, 0x9E, 0x10, 0x38, 0xD2, 0xB8, 0x5A, 0x24, 0x8F, 0x19, 0xE8,
    0x00, 0x17, 0xCF, 0x81, 0x44, 0x72, 0x19, 0xCB, 0x24, 0xBE, 0x37, 0x69, 0xA1, 0xC2, 0xD3, 0x94,
    0x93, 0xF1, 0x8E, 0x44, 0xC0, 0x34, 0x2C, 0xD3, 0x90, 0xEB, 0x36, 0xE4, 0xB1, 0x0D, 0xE9, 0xAC,
    0xA1, 0x81, 0x0A, 0x3A, 0x44, 0x19, 0x08, 0xDE, 0x86, 0xD6, 0x71, 0x63, 0xA2, 0x12, 0x10, 0x56,
    0x78, 0xE3, 0xE2, 0xBE, 0xC6, 0x07, 0xB1, 0x34, 0x11, 0x04, 0x52, 0x93, 0xDE, 0x87, 0x9A, 0xDF,
    0x82, 0x9A, 0xDA, 0x25, 0x24, 0x43, 0x5B, 0xE1, 0x5E, 0xA1, 0xA3, 0x96, 0x55, 0x09, 0xED, 0x35,
    0x34, 0xFB, 0xFB, 0x56, 0xA4, 0x50, 0x43, 0xFE, 0xDF, 0xE3, 0x20, 0x3C, 0xBC, 0xA1, 0x6F, 0xA0,
    0x21, 0xC9, 0x37, 0xA4, 0xFF, 0xCF, 0x30, 0xF1, 0xCF, 0x11, 0x80, 0x55, 0x0C, 0x80, 0x13, 0xCF,
    0xAF, 0x63, 0x9A, 0x6B, 0x75, 0x5C, 0x51, 0x21, 0x8E, 0x21, 0x6C, 0x45, 0xE9, 0xC7, 0xE8, 0xEE,
    0xD4, 0x53, 0x4A, 0xAD, 0x7A, 0x0A, 0x0F, 0xFB, 0xB2, 0x9E, 0x8A, 0xB6, 0xEE, 0x7E, 0x5C, 0xC7,
    0x22, 0x65, 0xBD, 0xDF, 0xD7, 0x31, 0x74, 0x93, 0xDF, 0x4A, 0x26, 0xC6, 0xFA, 0xBB, 0x75, 0x2C,
    0x82, 0x33, 0x7C, 0xAD, 0x8E, 0xE1, 0xEC, 0x7E, 0xB9, 0x8E, 0x45, 0xC1, 0x97, 0x14, 0xC3, 0x7B,
    0x8E, 0xEC, 0xC0, 0x2C, 0x91, 0xC9, 0x25, 0x64, 0xD1, 0x2B, 0x15, 0xB2, 0xF0, 0x97, 0x25, 0xB2,
    0xE0, 0xD7, 0x05, 0xB2, 0xC9, 0x7D, 0x66, 0xA2, 0x76, 0x20, 0x13, 0x7B, 0x01, 0x99, 0xF4, 0x23,
    0xB3, 0x3D, 0xCD, 0xCC, 0xD1, 0x0C, 0xCB, 0x03, 0x4B, 0xF8, 0x20, 0x04, 0x56, 0x84, 0x35, 0x21,
    0x84, 0xF1, 0x72, 0x9A, 0x13, 0x4A, 0x21, 0xB9, 0x12, 0xC2, 0xC1, 0x10, 0xFB, 0xB0, 0x18, 0x63,
    0x19, 0x2D, 0x81, 0x14, 0xFE, 0xB1, 0x8C, 0x16, 0x60, 0x9C, 0x01, 0x86, 0x73, 0xC0, 0xA0, 0x02,
    0xF4, 0x6A, 0x40, 0x47, 0x14, 0x0F, 0x69, 0xAC, 0x25, 0x8C, 0x5F, 0x03, 0x0C, 0xDF, 0x05, 0x0C,
    0x7E, 0x0F, 0xE8, 0x2D, 0x00, 0x9D, 0x15, 0xA0, 0xD0, 0x0A, 0x4D, 0x39, 0xC2, 0x90, 0x30, 0x20,
    0x84, 0xA2, 0x79, 0x85, 0x96, 0xA1, 0xAB, 0x62, 0x2F, 0xB4, 0x9E, 0x14, 0x8A, 0x63, 0x87, 0x4E,
    0x1E, 0xD5, 0x21, 0xF3, 0x8C, 0x6B, 0x4A, 0xF1, 0x9C, 0xFC, 0x2C, 0xA8, 0x48, 0xFC, 0x7E, 0x45,
    0x5E, 0xE7, 0x2D, 0xC8, 0xF9, 0xBC, 0x3A, 0x35, 0x3D, 0x47, 0x00, 0x4B, 0x58, 0xCB, 0xD6, 0x7F,
    0xB3, 0x37, 0xD8, 0xDB, 0x6D, 0x65, 0x6A, 0x9F, 0x97, 0xBE, 0x36, 0x64, 0x9B, 0xC5, 0x1A, 0x0E,
    0xD8, 0x65, 0x4A, 0x94, 0x3A, 0x04, 0x2D, 0xBA, 0x8A, 0x7C, 0x4E, 0xBD, 0xA7, 0x97, 0x8B, 0xC2,
    0xE4, 0xA5, 0xCD, 0x2B, 0x2B, 0xD2, 0x56, 0x4B, 0x18, 0x27, 0x84, 0x59, 0xCE, 0x69, 0x7B, 0x18,
    0xEA, 0xF5, 0x1C, 0x65, 0x5C, 0x96, 0x97, 0x86, 0x48, 0x88, 0x84, 0x49, 0x27, 0x65, 0x47, 0x86,
    0xED, 0x67, 0x83, 0xC7, 0xF4, 0x75, 0xC9, 0xBE, 0x4E, 0xB5, 0xAF, 0x85, 0x7B, 0x50, 0xF3, 0xEF,
    0xFA, 0xBA, 0xD0, 0xBE, 0x2E, 0xC7, 0x7D, 0x3D, 0x59, 0xEB, 0x6B, 0xEF, 0xE1, 0x7D, 0xED, 0x1D,
    0xDF, 0xD7, 0x94, 0x71, 0x41, 0x49, 0xB1, 0x14, 0xCD, 0xD9, 0x6C, 0x9A, 0xB9, 0xB4, 0xC6, 0x69,
    0x16, 0x89, 0xDA, 0x68, 0xA2, 0xF6, 0x23, 0x20, 0xE8, 0xD9, 0xBE, 0x8E, 0xAC, 0x63, 0x4D, 0x15,
    0xE4, 0x4E, 0x3C, 0x46, 0x0B, 0xAB, 0x2F, 0x27, 0x4F, 0xE9, 0xCA, 0xE2, 0x4A, 0x17, 0x2D, 0x28,
    0x58, 0x9D, 0x3B, 0xBF, 0x13, 0x61, 0xF3, 0x6F, 0x74, 0x18, 0xCA, 0xE0, 0xA4, 0x1C, 0x9C, 0x14,
    0xB6, 0x3E, 0x05, 0x5B, 0x4B, 0x18, 0xD3, 0xDF, 0x1B, 0x17, 0x87, 0xBD, 0xBE, 0x7A, 0x3D, 0x4D,
    0x52, 0x7A, 0x29, 0x53, 0xAA, 0xB2, 0x29, 0xD5, 0xE5, 0x94, 0x2A, 0x6E, 0x4A, 0x4A, 0x48, 0xA9,
    0x46, 0xA7, 0xEC, 0xB9, 0x14, 0x6E, 0x12, 0x7A, 0x57, 0x09, 0x05, 0xC3, 0x94, 0xDE, 0x86, 0x94,
    0xCE, 0x9A, 0x94, 0xF4, 0x8E, 0xDA, 0xB4, 0xF5, 0xDC, 0x0C, 0xED, 0xA2, 0xA7, 0x6F, 0xD2, 0x01,
    0x41, 0x1D, 0x21, 0x55, 0xDD, 0x77, 0x7E, 0xB1, 0x25, 0x19, 0x86, 0x05, 0x54, 0x7D, 0xA7, 0xF3,
    0xCA, 0x55, 0x83, 0xCA, 0xA0, 0xF6, 0x95, 0xD3, 0x2D, 0xB1, 0x9A, 0x7E, 0x89, 0x55, 0xC6, 0x78,
    0x97, 0x03, 0xBE, 0x54, 0x93, 0x2B, 0x19, 0x56, 0x62, 0xD5, 0xCD, 0xAA, 0xAE, 0x50, 0x75, 0xD9,
    0x5A, 0xB8, 0xC0, 0x52, 0xA2, 0x5F, 0xA1, 0x47, 0xA3, 0x2A, 0x6C, 0x77, 0x2F, 0xB6, 0x85, 0x4B,
    0xE7, 0x30, 0xFC, 0x4B, 0x35, 0x1C, 0xA4, 0x8D, 0xAA, 0xE5, 0xD6, 0xC4, 0x5E, 0x75, 0xF6, 0xF9,
    0x23, 0xB9, 0x1C, 0x9F, 0x10, 0x4C, 0x69, 0xAA, 0x3E, 0x09, 0xE8, 0x92, 0x95, 0x29, 0x4F, 0x51,
    0x32, 0x57, 0x2A, 0x17, 0x86, 0x52, 0x61, 0x64, 0x7D, 0x50, 0x46, 0xE1, 0xB5, 0xBB, 0x5F, 0x56,
    0xAB, 0xA6, 0x61, 0x7F, 0x62, 0x40, 0xF3, 0x07, 0x56, 0xAF, 0x8B, 0x8B, 0xB8, 0x18, 0x94, 0x36,
    0x5D, 0x44, 0x80, 0xEB, 0xB7, 0xA2, 0x7E, 0x81, 0x01, 0xD7, 0xD5, 0x04, 0x43, 0xFE, 0x4C, 0x9B,
    0x1D, 0x56, 0x1F, 0x28, 0xAF, 0xD1, 0xC7, 0xCD, 0xD5, 0xB3, 0x18, 0xAB, 0x5A, 0x20, 0x48, 0xA0,
    0xDE, 0x88, 0x04, 0x88, 0xDF, 0x0F, 0xD4, 0xA0, 0x5F, 0x91, 0x7C, 0x68, 0x30, 0x7A, 0x0B, 0x57,
    0xFD, 0x00, 0x34, 0x26, 0x9D, 0xA5, 0x52, 0xD5, 0x4A, 0xED, 0xD8, 0x03, 0x5D, 0xD2, 0x8F, 0x75,
    0x4D, 0x3F, 0xBE, 0x99, 0xE8, 0x9C, 0x32, 0xA3, 0xB5, 0xDD, 0x40, 0x0D, 0xDC, 0xC9, 0xD2, 0xCE,
    0x48, 0x5C, 0x5D, 0x2A, 0xC7, 0xD3, 0x7E, 0x81, 0x67, 0xDF, 0xAD, 0xE3, 0x84, 0xAB, 0xB7, 0xC2,
    0xA2, 0xC1, 0x46, 0x25, 0x81, 0x73, 0x4F, 0xDE, 0xC7, 0xB2, 0xA8, 0x54, 0xEE, 0xFF, 0x7A, 0xAE,
    0x3E, 0xEF, 0xE0, 0x57, 0xF0, 0x05, 0xC2, 0xB7, 0xFD, 0xE3, 0x4A, 0xF0, 0x95, 0x07, 0x13, 0x59,
    0x28, 0x74, 0x0F, 0x0B, 0xD6, 0x5D, 0xE8, 0x04, 0x88, 0x05, 0xEF, 0x28, 0x93, 0x1E, 0xD8, 0xC1,
    0x12, 0x74, 0xE2, 0x62, 0x01, 0x7A, 0x25, 0x4F, 0xEC, 0xC0, 0xF4, 0x3D, 0xC0, 0x93, 0xC2, 0x14,
    0x4E, 0xF1, 0xAC, 0x8D, 0xDC, 0x13, 0xE3, 0x69, 0x0F, 0xE4, 0xE9, 0xA2, 0x0C, 0x03, 0x20, 0x1F,
    0xB0, 0xF8, 0x6E, 0xE2, 0x89, 0x34, 0xF2, 0x0B, 0xE8, 0xE1, 0xDF, 0x92, 0x66, 0x7F, 0x03, 0x5A,
    0x7F, 0x5D, 0x10, 0xF9, 0x00, 0x43, 0xF5, 0x9E, 0xE0, 0xF7, 0x87, 0x0A, 0x56, 0xB7, 0x60, 0xFC,
    0xC7, 0x12, 0x3A, 0xB6, 0x9D, 0x35, 0xD0, 0x81, 0xE0, 0x31, 0xD4, 0x30, 0x05, 0x7C, 0xE0, 0xCC,
    0x93, 0x07, 0x1A, 0x46, 0x3A, 0x98, 0x63, 0xE9, 0x23, 0x2A, 0x94, 0x13, 0xA0, 0x43, 0x60, 0x21,
    0x01, 0x4F, 0x19, 0x5F, 0x4C, 0xE0, 0x70, 0x0E, 0x09, 0xE3, 0xE3, 0xC1, 0x41, 0x28, 0x09, 0xC4,
    0xA3, 0xEA, 0x1F, 0xBA, 0xF4, 0x5E, 0x0F, 0xB3, 0x93, 0xDA, 0x86, 0xBD, 0x4E, 0x3F, 0xB5, 0x30,
    0x5C, 0x4E, 0x4E, 0xD0, 0x49, 0xC0, 0x7A, 0xE2, 0x02, 0x53, 0x58, 0x19, 0x4F, 0x03, 0x9E, 0x82,
    0x86, 0x72, 0x2E, 0xBF, 0x88, 0x7D, 0x5E, 0x82, 0xF2, 0x80, 0x5B, 0x50, 0xE1, 0x46, 0x61, 0xD4,
    0xA4, 0x4E, 0x5C, 0x99, 0x70, 0x91, 0x41, 0xE4, 0x5C, 0x45, 0xCE, 0x82, 0xAE, 0xC8, 0x1C, 0xDE,
    0x0B, 0x84, 0x57, 0xA8, 0x73, 0xC0, 0x59, 0xC6, 0x62, 0xC0, 0x79, 0xA1, 0x5A, 0x05, 0xF9, 0xFA,
    0x6A, 0x35, 0xC4, 0x6E, 0x28, 0xB6, 0xEA, 0x96, 0xFC, 0xBC, 0xF3, 0x36, 0x62, 0x80, 0xCC, 0x08,
    0x92, 0x04, 0x73, 0x50, 0xA0, 0xD3, 0x98, 0xCE, 0x39, 0xB5, 0x66, 0x99, 0xAB, 0x85, 0xD4, 0xAE,
    0xB9, 0x79, 0x3B, 0x07, 0x96, 0x15, 0x13, 0x27, 0xDC, 0x1F, 0x9D, 0xF9, 0x7E, 0xFA, 0x0F, 0xDA,
    0x11, 0x4C, 0xDB, 0x4A, 0xDE, 0xB7, 0x18, 0x12, 0xF0, 0xF8, 0xDE, 0xDA, 0xCA, 0xD7, 0x8F, 0x2C,
    0x76, 0xF6, 0xCB, 0x9F, 0xFD, 0x82, 0x68, 0xBF, 0x44, 0xFA, 0x1F, 0x85, 0x46, 0x85, 0xBE, 0x92,
    0x43, 0xA7, 0xEF, 0x42, 0x29, 0x1E, 0xCF, 0xDB, 0x36, 0xF1, 0x3D, 0xA3, 0x0A, 0xEB, 0x47, 0xC2,
    0x56, 0x7E, 0x24, 0x6C, 0x4B, 0x98, 0xD2, 0xDF, 0x9B, 0x17, 0xCC, 0xAC, 0x7B, 0xED, 0xB6, 0xDD,
    0x6B, 0x7E, 0x35, 0x03, 0xFD, 0x79, 0x1A, 0x33, 0x12, 0x25, 0xE6, 0x42, 0x22, 0xC6, 0x76, 0x49,
    0x77, 0x0A, 0x8D, 0xF0, 0x42, 0xF4, 0xAF, 0xB4, 0xF4, 0xED, 0x12, 0x8F, 0x7A, 0x69, 0xBB, 0xF5,
    0xA0, 0xEF, 0x8B, 0x44, 0x8F, 0xDA, 0x4F, 0x97, 0x6E, 0xBB, 0xEB, 0x2E, 0x85, 0x44, 0x45, 0xEE,
    0x64, 0x2A, 0x82, 0x38, 0x31, 0x39, 0xD1, 0x45, 0xB9, 0x9E, 0x3B, 0xF9, 0x52, 0x14, 0xBC, 0x8F,
    0x97, 0x13, 0x51, 0x55, 0x96, 0xF0, 0xB0, 0x2E, 0x3F, 0xAB, 0xEA, 0x88, 0x95, 0xB7, 0xDC, 0x87,
    0xC6, 0x93, 0xE7, 0x54, 0x4A, 0xB9, 0xEC, 0x99, 0xCF, 0xC1, 0x02, 0x07, 0x15, 0x37, 0x27, 0x4C,
    0x93, 0x91, 0xBA, 0x7B, 0x04, 0xA6, 0x43, 0x79, 0x31, 0x08, 0xC5, 0xC4, 0x14, 0xD1, 0x28, 0xB5,
    0xA7, 0x95, 0x55, 0x9E, 0xF7, 0xA9, 0xB6, 0xED, 0x39, 0x74, 0x3F, 0x38, 0xA2, 0x98, 0x42, 0x47,
    0xA5, 0x4E, 0x5D, 0x8B, 0xEC, 0xB8, 0xB8, 0x0C, 0x64, 0x76, 0xFE, 0x20, 0xAC, 0xBA, 0x59, 0xC9,
    0x79, 0x7B, 0xDC, 0xFA, 0xB6, 0x95, 0xA9, 0x56, 0xAF, 0xC2, 0xA2, 0x94, 0x79, 0x51, 0xA4, 0x90,
    0x4B, 0xC7, 0x0E, 0xBA, 0x0F, 0xAB, 0x8B, 0xF9, 0x27, 0x66, 0x08, 0x5B, 0x7B, 0x24, 0xE8, 0xE4,
    0xF7, 0x04, 0x0A, 0x6A, 0xDF, 0x2D, 0x88, 0xB8, 0x68, 0x49, 0x99, 0xE8, 0x4A, 0x88, 0x9D, 0x11,
    0xCE, 0x4B, 0xAE, 0x1A, 0x72, 0x19, 0x37, 0xA2, 0xBB, 0x15, 0x68, 0x1E, 0x82, 0xC5, 0x00, 0x23,
    0x5D, 0xF0, 0x85, 0xB9, 0x5E, 0xC0, 0x35, 0x98, 0x8B, 0xA6, 0x90, 0xF8, 0xC2, 0xF5, 0xA4, 0xE2,
    0xF7, 0xB9, 0xEA, 0x28, 0xB2, 0xD8, 0x6D, 0xCB, 0xA0, 0xB0, 0x28, 0xB3, 0x4B, 0x44, 0xD7, 0x13,
    0x0D, 0xC2, 0x6D, 0x93, 0x09, 0x97, 0xFB, 0xA4, 0x47, 0x29, 0x12, 0xA8, 0x3F, 0x84, 0x99, 0x6D,
    0xE5, 0x67, 0xD7, 0xAF, 0xDF, 0x2C, 0xB8, 0x6E, 0x5E, 0xD0, 0xE5, 0x52, 0x8C, 0xDD, 0x93, 0xD6,
    0x31, 0x59, 0x8E, 0x5C, 0x92, 0x32, 0xC2, 0x3B, 0xCA, 0xEA, 0xD8, 0x4A, 0xA7, 0xF1, 0x8D, 0x16,
    0x19, 0xD5, 0x49, 0x46, 0x25, 0xFD, 0x42, 0xBF, 0xDE, 0x3F, 0x52, 0x4A, 0xFD, 0x6A, 0x58, 0xCF,
    0xF1, 0x35, 0xA0, 0xA0, 0xD3, 0x97, 0x15, 0x56, 0x6B, 0xBF, 0x3E, 0x46, 0xE8, 0x92, 0x54, 0x23,
    0x36, 0xD9, 0xFE, 0x4B, 0xFB, 0xE1, 0x1B, 0x42, 0xAC, 0x21, 0x94, 0x0D, 0x60, 0x2A, 0x7D, 0xE5,
    0x71, 0x31, 0x5D, 0x54, 0x20, 0xC0, 0x05, 0xAE, 0x7B, 0x9C, 0x91, 0x08, 0xDC, 0x68, 0x13, 0x84,
    0x26, 0xE4, 0x78, 0x50, 0xE7, 0x53, 0x28, 0x6A, 0x93, 0x12, 0xB6, 0x85, 0xAF, 0xA1, 0x6D, 0xC5,
    0x20, 0x3E, 0x64, 0x6E, 0xB5, 0x6F, 0xD2, 0x5F, 0xD6, 0x2A, 0x2C, 0xD0, 0xF8, 0xCD, 0x32, 0x54,
    0x51, 0x6D, 0x7A, 0x58, 0xD2, 0xF0, 0xE5, 0x58, 0xE7, 0x49, 0xD0, 0xFC, 0xEC, 0xCE, 0x8A, 0x46,
    0x58, 0x09, 0x05, 0xFD, 0x13, 0xBB, 0x12, 0x7C, 0x76, 0x70, 0xB3, 0x16, 0x2D, 0x06, 0x21, 0x11,
    0xF2, 0x78, 0x65, 0xDC, 0x26, 0x37, 0x2B, 0x11, 0xC0, 0x13, 0x68, 0x9E, 0x9E, 0xF2, 0x01, 0x18,
    0xDE, 0x9F, 0x0B, 0x80, 0x2B, 0xE5, 0x45, 0x3B, 0xCF, 0x11, 0x16, 0x69, 0x5F, 0x71, 0x76, 0xB6,
    0x3F, 0xCB, 0x8B, 0x6B, 0xD5, 0x95, 0x90, 0xE0, 0xE4, 0x74, 0xEA, 0xA3, 0x4B, 0x45, 0x10, 0xB6,
    0x8F, 0x25, 0xA9, 0xA2, 0x2C, 0x26, 0xCE, 0xF3, 0xA2, 0x4E, 0xC5, 0x4A, 0xFE, 0xF4, 0xC5, 0x5E,
    0x7E, 0xB4, 0x8E, 0x56, 0xC0, 0x31, 0x64, 0xC0, 0x4F, 0x2E, 0x5F, 0x5D, 0x84, 0x3F, 0xFA, 0xE0,
    0xEF, 0x5C, 0xA5, 0x15, 0x56, 0x16, 0xC3, 0x03, 0x16, 0x43, 0xCB, 0x8F, 0xA1, 0x22, 0xC7, 0xAD,
    0x30, 0xB6, 0x78, 0x25, 0xC4, 0x16, 0x2F, 0x50, 0x0E, 0xC6, 0x6D, 0x0C, 0x27, 0x5B, 0x0C, 0xF6,
    0xD8, 0x55, 0x15, 0xA0, 0x52, 0xAF, 0xA6, 0x8B, 0xE4, 0xB2, 0xE5, 0x5B, 0x8F, 0x33, 0xC5, 0x96,
    0x5F, 0x46, 0xE5, 0x45, 0xFA, 0x8A, 0x41, 0x3F, 0xE6, 0xCE, 0xEF, 0xCC, 0x14, 0xA2, 0x41, 0xF8,
    0x17, 0x29, 0x2A, 0x41, 0xAC, 0x1F, 0xA8, 0xEA, 0x5D, 0x98, 0x75, 0x42, 0x59, 0xE9, 0xA7, 0x8B,
    0x49, 0x0B, 0xF5, 0x2E, 0x80, 0x1B, 0x22, 0x11, 0x8E, 0x05, 0x7D, 0x1F, 0x61, 0x95, 0x46, 0xF5,
    0x46, 0xFB, 0x21, 0x2A, 0x9E, 0xE4, 0x87, 0x29, 0x66, 0xC0, 0xF4, 0xC8, 0x0C, 0xF0, 0xD7, 0x67,
    0xC0, 0xE7, 0x9B, 0x06, 0xE3, 0xC0, 0x0A, 0x87, 0x5C, 0x44, 0x28, 0x39, 0x5C, 0x22, 0xA4, 0x55,
    0x98, 0x1F, 0x58, 0xB7, 0xF4, 0x0E, 0x02, 0x1F, 0xAC, 0x1F, 0xA7, 0xA5, 0x36, 0xDA, 0xF4, 0x30,
    0x98, 0xEB, 0x15, 0xFD, 0x55, 0x4B, 0xE2, 0xAE, 0x3C, 0x11, 0xF9, 0x25, 0x35, 0x68, 0x6D, 0x5A,
    0x33, 0x16, 0xE1, 0x12, 0xCB, 0x65, 0xF7, 0x29, 0x6E, 0xF7, 0x29, 0x6E, 0x0F, 0xCE, 0x28, 0x6E,
    0x8F, 0x0A, 0x5D, 0xBD, 0x92, 0x3F, 0x44, 0xDC, 0xE6, 0x14, 0xB7, 0x39, 0x43, 0xBF, 0x3E, 0xA3,
    0x47, 0xE9, 0x62, 0xBB, 0x1B, 0x71, 0xB1, 0x39, 0x26, 0x43, 0xCB, 0xB1, 0x94, 0x7D, 0xA5, 0x65,
    0xE0, 0xAF, 0xF6, 0x52, 0xCA, 0x15, 0x0B, 0x15, 0xFC, 0xA9, 0x7A, 0x7F, 0xD7, 0x60, 0x6B, 0x86,
    0x5F, 0xB5, 0x24, 0x7B, 0x09, 0x5E, 0x68, 0xE9, 0x25, 0x31, 0x32, 0x65, 0x4A, 0x79, 0xAC, 0x59,
    0x90, 0x86, 0xD3, 0xC9, 0x6F, 0xB3, 0xF4, 0xD4, 0x80, 0xA2, 0x93, 0xE1, 0x1E, 0x62, 0x3C, 0xF6,
    0x10, 0xED, 0xB5, 0x8F, 0x29, 0xB0, 0x1F, 0xDF, 0xBB, 0x68, 0xF6, 0x57, 0xDD, 0x32, 0x7E, 0x3E,
    0xEF, 0x82, 0xCF, 0x72, 0x8D, 0x1F, 0xFA, 0x4C, 0x80, 0x2E, 0x36, 0xAE, 0xE1, 0x4D, 0xE0, 0xBD,
    0x42, 0xA4, 0x0A, 0x57, 0x49, 0xD5, 0xB2, 0x57, 0x75, 0x64, 0x35, 0x12, 0xA9, 0xF7, 0x18, 0x8A,
    0x96, 0x75, 0xD1, 0x67, 0x94, 0xC4, 0xAE, 0x2E, 0xB3, 0xBF, 0x48, 0x95, 0x6E, 0x57, 0xAE, 0x45,
    0xED, 0xAC, 0x2D, 0xD5, 0x6B, 0x77, 0x45, 0x04, 0x8E, 0xB9, 0x48, 0x26, 0xBB, 0x26, 0x8F, 0x0E,
    0xC3, 0x61, 0xD5, 0x53, 0xE1, 0xF2, 0xC4, 0x92, 0x0F, 0x83, 0x63, 0xFB, 0xAC, 0x1C, 0x84, 0xBC,
    0x28, 0x1E, 0x4F, 0xD1, 0xCD, 0x64, 0xA3, 0x2C, 0xE9, 0x83, 0x7B, 0x13, 0x7D, 0xED, 0xD6, 0x9F,
    0x13, 0xD0, 0x36, 0x96, 0xD9, 0x2C, 0xDA, 0x4F, 0x1D, 0x2D, 0x2E, 0x36, 0xB5, 0x8C, 0xD6, 0xEF,
    0x45, 0x03, 0x6C, 0x5F, 0xAB, 0x11, 0xF5, 0x50, 0x6B, 0x30, 0x26, 0xC3, 0x82, 0x32, 0x7A, 0x3B,
    0x88, 0xDE, 0x01, 0x25, 0x3F, 0xBD, 0x25, 0x36, 0xF4, 0x72, 0x81, 0x0F, 0x50, 0x4C, 0x56, 0xFC,
    0xE9, 0xC0, 0x7A, 0x48, 0xD4, 0x41, 0x82, 0xDB, 0x35, 0xA2, 0x33, 0xE0, 0x52, 0xA7, 0x5F, 0xD2,
    0x2B, 0xF2, 0x7B, 0x0E, 0xC0, 0x1F, 0x69, 0x00, 0x32, 0x5A, 0x5E, 0x23, 0xF8, 0x18, 0xAC, 0xD8,
    0x71, 0xBD, 0x24, 0xCA, 0x94, 0x0F, 0x42, 0x19, 0xF4, 0x57, 0xD6, 0x61, 0x03, 0xBF, 0x08, 0x71,
    0x08, 0x19, 0x5C, 0x8E, 0x30, 0x9E, 0x28, 0x71, 0x18, 0xAB, 0x3D, 0x0D, 0x33, 0x91, 0x49, 0xF2,
    0xBE, 0xC5, 0xA0, 0x04, 0xB9, 0xB8, 0xE7, 0xCF, 0x15, 0xB1, 0x7A, 0x52, 0x2A, 0x6E, 0x0B, 0x8F,
    0x66, 0x79, 0xEA, 0x56, 0xEE, 0x82, 0x78, 0x7A, 0x95, 0x53, 0x87, 0xE0, 0xD8, 0xAF, 0xCC, 0x0D,
    0x7D, 0x4B, 0xE1, 0xAF, 0x0A, 0xB3, 0x47, 0xDF, 0xF9, 0x7B, 0x85, 0xD9, 0xC1, 0xCA, 0x83, 0xFF,
    0xBE, 0xF0, 0xED, 0x7D, 0xA3, 0x71, 0xF2, 0xD1, 0xD2, 0x46, 0x0F, 0x30, 0x04, 0x0F, 0x4B, 0x37,
    0xF0, 0xE2, 0x06, 0x5C, 0xCD, 0x11, 0x83, 0x56, 0x88, 0xCA, 0xD5, 0xDE, 0x68, 0xED, 0xFA, 0x3F,
    0xB5, 0xC4, 0x79, 0xCA, 0x11, 0x65, 0xC0, 0xC6, 0x83, 0x7A, 0x78, 0xEA, 0xBC, 0xE8, 0x9F, 0xDD,
    0xE3, 0x15, 0xFF, 0x0F, 0xBA, 0xAE, 0xD5, 0xA8, 0x67, 0x34, 0xE1, 0x24, 0x2D, 0xF0, 0x2C, 0x30,
    0x65, 0x16, 0x0C, 0xAD, 0x2D, 0xB1, 0x98, 0x1D, 0x15, 0x9D, 0x6B, 0x53, 0xD5, 0xDD, 0xF1, 0x18,
    0xE5, 0x24, 0x9E, 0x95, 0x1D, 0x1A, 0xED, 0x13, 0x47, 0x63, 0x0E, 0x1B, 0xE2, 0xA6, 0xAE, 0xAF,
    0x38, 0x09, 0x54, 0x37, 0x66, 0xD4, 0x42, 0xCC, 0xE8, 0xC3, 0x94, 0xA1, 0x2A, 0xFB, 0x74, 0x59,
    0xA9, 0x5B, 0xA4, 0x1E, 0x42, 0x66, 0xE2, 0x91, 0x35, 0x1F, 0x8E, 0xD7, 0xE9, 0x87, 0x30, 0xB0,
    0x51, 0x00, 0xA8, 0xC6, 0xB0, 0x47, 0xEA, 0x54, 0xD6, 0x75, 0x7E, 0x38, 0x86, 0x7B, 0x50, 0x75,
    0x9E, 0x85, 0x34, 0xB1, 0x81, 0x1C, 0xD4, 0x74, 0xD7, 0x63, 0x64, 0x58, 0x9F, 0xBF, 0x5E, 0xB4,
    0x59, 0x2F, 0x7A, 0x68, 0x55, 0x10, 0x2E, 0x60, 0x86, 0x44, 0xD4, 0x8C, 0xF2, 0xAF, 0x46, 0x6F,
    0x06, 0xFD, 0x9B, 0xF5, 0xB7, 0x5B, 0x99, 0x2B, 0x25, 0xC3, 0xF2, 0x33, 0x50, 0x95, 0x7C, 0x3D,
    0x54, 0xE0, 0x70, 0x25, 0xAC, 0xC7, 0xA8, 0x51, 0x29, 0x0D, 0xF9, 0xD5, 0x5F, 0x9C, 0xE5, 0xF5,
    0x0D, 0xB4, 0xD0, 0x6F, 0x51, 0x58, 0x76, 0xBB, 0x1F, 0xFA, 0x0D, 0x10, 0xF5, 0xFA, 0x5B, 0xAE,
    0xC7, 0xBB, 0x18, 0xF2, 0x08, 0xBB, 0x36, 0xF0, 0xF5, 0x50, 0x81, 0xA3, 0x95, 0xD4, 0xE6, 0xCB,
    0x0B, 0xB8, 0xF4, 0xBF, 0xB7, 0xA6, 0xFB, 0xD9, 0xC0, 0xA8, 0xCE, 0x53, 0x4F, 0x8E, 0x85, 0xBE,
    0xCD, 0x26, 0x4D, 0x82, 0x78, 0x20, 0xB7, 0x46, 0x00, 0xE6, 0x0A, 0x96, 0x05, 0xE8, 0x07, 0x9E,
    0x36, 0x6A, 0xD1, 0x51, 0xED, 0xB4, 0xD9, 0x17, 0x34, 0x7E, 0xA8, 0xB1, 0x31, 0x56, 0xAD, 0x0D,
    0xBA, 0xB9, 0xD2, 0x8C, 0x83, 0xF6, 0xFC, 0xE4, 0xEF, 0x4C, 0x28, 0xFD, 0x34, 0xF5, 0x4A, 0x99,
    0x6F, 0x85, 0xA9, 0x82, 0xC4, 0xAD, 0x36, 0x8C, 0x37, 0xDF, 0x14, 0xD6, 0x29, 0xD4, 0x9A, 0x88,
    0x21, 0x20, 0x9D, 0x16, 0xC9, 0xCF, 0x53, 0xAF, 0x30, 0x9B, 0x13, 0x49, 0x7E, 0x66, 0xB6, 0x83,
    0x84, 0xE9, 0x2E, 0x93, 0x61, 0xCE, 0x6B, 0x3E, 0x52, 0xC6, 0x32, 0x5B, 0x52, 0x76, 0x43, 0xEE,
    0x09, 0xE5, 0x5E, 0xD4, 0x81, 0xBA, 0x26, 0xC5, 0x5D, 0xA9, 0x7B, 0x4B, 0x06, 0x4A, 0x24, 0x22,
    0x5C, 0xE9, 0xDB, 0x52, 0x68, 0xEA, 0xE2, 0xC7, 0x5A, 0xAC, 0xA5, 0x67, 0x5E, 0x74, 0xBB, 0xAF,
    0xA2, 0xAC, 0x17, 0xDB, 0xC6, 0x2B, 0x37, 0x8C, 0xA9, 0x42, 0x34, 0x90, 0xB1, 0xF1, 0x0D, 0x6F,
    0x6E, 0x42, 0x57, 0x2A, 0x7C, 0x59, 0x06, 0x2F, 0x5B, 0x68, 0x85, 0x4C, 0x52, 0x78, 0xAE, 0xC9,
    0x15, 0xE4, 0x3D, 0x26, 0x7B, 0x0D, 0xBF, 0x49, 0x99, 0x49, 0x81, 0x0D, 0x46, 0xFA, 0x40, 0xA8,
    0x03, 0x75, 0xA1, 0xFD, 0x1A, 0x7B, 0xC3, 0x42, 0x69, 0x6B, 0x2A, 0xCF, 0xBC, 0x67, 0x42, 0xA1,
    0x90, 0x2D, 0xC1, 0xF9, 0x92, 0x93, 0x91, 0x59, 0xB5, 0x65, 0xF4, 0xF2, 0x62, 0xD3, 0x6C, 0xBE,
    0x6A, 0x5E, 0x7A, 0xC7, 0x7C, 0x4D, 0xDE, 0x3F, 0x34, 0x2F, 0xC9, 0xD7, 0xE8, 0xE5, 0x5A, 0x7E,
    0x72, 0x0E, 0x12, 0xC4, 0x59, 0x33, 0xCD, 0x66, 0xC9, 0x2D, 0x43, 0x8F, 0xD4, 0xB9, 0x27, 0x33,
    0xDA, 0x99, 0xF7, 0x38, 0xD2, 0x8D, 0x59, 0x4E, 0xF9, 0x84, 0xE4, 0x70, 0x87, 0x54, 0x5C, 0xC2,
    0x25, 0x00, 0xAB, 0xA4, 0xED, 0xBF, 0xAC, 0x48, 0xAA, 0x7F, 0x0B, 0x26, 0x92, 0x56, 0xF9, 0x22,
    0x5F, 0xA4, 0x55, 0x98, 0x75, 0x64, 0x09, 0x6D, 0x89, 0x1A, 0x13, 0x7D, 0x4D, 0x5D, 0xF2, 0xBB,
    0x04, 0x2E, 0x95, 0x21, 0xF8, 0xDB, 0x26, 0xEB, 0x9C, 0xC2, 0x3E, 0xB0, 0x2D, 0xEB, 0x8C, 0x5A,
    0x72, 0x57, 0x20, 0x27, 0xB1, 0x57, 0xAA, 0x68, 0x05, 0x73, 0x4B, 0x95, 0xBF, 0x74, 0x8C, 0x7A,
    0x62, 0xC9, 0xF7, 0xC6, 0xEC, 0x36, 0xAC, 0xE5, 0x2C, 0xE5, 0x94, 0x60, 0xFD, 0x5A, 0xE7, 0xD6,
    0x4B, 0x92, 0x36, 0x25, 0xDD, 0x35, 0x66, 0x2A, 0x75, 0x6D, 0x95, 0xBA, 0x6B, 0xA6, 0x4B, 0x68,
    0xEA, 0x55, 0xEE, 0x14, 0xC3, 0x26, 0x31, 0x3A, 0xC4, 0xD0, 0x9C, 0x6F, 0x9B, 0x0B, 0xFA, 0xAE,
    0xFE, 0x13, 0x49, 0x5F, 0xB3, 0x0C, 0x72, 0x4B, 0xF1, 0x03, 0xF3, 0x00, 0x23, 0x26, 0x6E, 0x05,
    0x9D, 0xDC, 0x9E, 0xA4, 0xF0, 0x5F, 0x0B, 0x93, 0xFE, 0xA4, 0x20, 0xC9, 0x3F, 0x33, 0x7E, 0xFC,
    0xD3, 0x92, 0x93, 0x70, 0x8F, 0xD1, 0xE1, 0x04, 0x33, 0x0C, 0xE4, 0xB4, 0x33, 0xBB, 0x93, 0x6C,
    0xCA, 0x44, 0x90, 0x24, 0x68, 0x87, 0x4C, 0xDB, 0x4C, 0x1B, 0xE6, 0x2F, 0x10, 0x08, 0xDB, 0xF7,
    0xDB, 0x9E, 0x46, 0x0F, 0x8E, 0xFB, 0x4D, 0x38, 0x2D, 0x0C, 0x2E, 0xA0, 0x6B, 0xA4, 0x99, 0x67,
    0x67, 0xB3, 0x2C, 0x94, 0x7E, 0x0A, 0xB9, 0x69, 0x21, 0x31, 0x9F, 0x25, 0xC5, 0xB4, 0x22, 0x34,
    0x21, 0x40, 0x97, 0x9D, 0x77, 0x28, 0xC1, 0xD2, 0x40, 0x7A, 0xF6, 0xF6, 0x83, 0x5D, 0xF6, 0x13,
    0xC4, 0x15, 0x9D, 0x3D, 0x18, 0x07, 0x49, 0xDB, 0x60, 0xD0, 0xD8, 0xCC, 0x85, 0x2D, 0x5B, 0x32,
    0x13, 0x0B, 0xD8, 0x88, 0xD8, 0x02, 0x5A, 0x49, 0x6F, 0xCB, 0x6F, 0xCF, 0x56, 0xEA, 0xDC, 0x17,
    0x1D, 0x10, 0x41, 0xC2, 0xD8, 0x96, 0x89, 0xDD, 0x84, 0x4E, 0x69, 0x64, 0x8A, 0x0A, 0xA7, 0xFF,
    0x77, 0xC6, 0xA7, 0xCD, 0xAF, 0xB4, 0xFF, 0x54, 0xA4, 0xB5, 0x57, 0xC4, 0xB5, 0x9F, 0x7D, 0xFD,
    0x55, 0x19, 0xB1, 0x6D, 0x19, 0xF7, 0x4D, 0xE9, 0x8F, 0x4D, 0xE9, 0x8F, 0xAD, 0xAF, 0x68, 0x5F,
    0x6E, 0xD8, 0xE1, 0x0B, 0xED, 0xFE, 0x46, 0xA6, 0x44, 0xA3, 0x11, 0x7D, 0x25, 0xA2, 0x8B, 0xB3,
    0xB7, 0xE0, 0x9F, 0x90, 0xD4, 0xD8, 0x1B, 0x36, 0x74, 0x37, 0x20, 0xFB, 0xB6, 0x4B, 0x87, 0x89,
    0x67, 0x7B, 0xD4, 0xEF, 0x7B, 0xE8, 0x17, 0x98, 0xCF, 0xD5, 0xD5, 0xD9, 0xEC, 0x0D, 0x4E, 0x85,
    0x85, 0xBC, 0x67, 0xB3, 0xC3, 0xA2, 0xEA, 0xEA, 0x6C, 0x91, 0xB6, 0x78, 0x1F, 0x96, 0x50, 0x66,
    0xA1, 0xB7, 0xB4, 0xF6, 0xA7, 0x37, 0xB9, 0x49, 0x6F, 0xD3, 0xCD, 0x9E, 0x7F, 0xC9, 0x2D, 0x37,
    0x37, 0xBC, 0x72, 0x33, 0x14, 0x8E, 0x19, 0x78, 0xC5, 0x46, 0x30, 0x29, 0x42, 0x49, 0x81, 0x10,
    0x7B, 0x20, 0x4F, 0xF2, 0x54, 0x47, 0xF0, 0x44, 0x7A, 0xD3, 0x22, 0x64, 0x09, 0x74, 0x32, 0xE7,
    0x26, 0x3A, 0xAA, 0x9A, 0xB0, 0xF6, 0x41, 0x08, 0x59, 0x2F, 0x43, 0x96, 0x5D, 0xBA, 0x7E, 0xFD,
    0xFA, 0xB7, 0xAD, 0xEB, 0x1E, 0x02, 0x78, 0x95, 0xEB, 0xD2, 0xB0, 0xA5, 0x28, 0xA9, 0xEC, 0xE9,
    0xBF, 0x94, 0x51, 0x7A, 0x45, 0xA6, 0xFF, 0xB7, 0x84, 0x70, 0xFE, 0x2A, 0x33, 0xC1, 0x4D, 0xE9,
    0x40, 0x91, 0x69, 0xC1, 0x7F, 0x19, 0x3A, 0x35, 0xB4, 0x29, 0x1A, 0xF5, 0xDD, 0x88, 0x2E, 0xE1,
    0x9A, 0x9D, 0x54, 0xC3, 0x7C, 0xF6, 0x07, 0x66, 0xF6, 0x75, 0x3B, 0x15, 0x97, 0xEA, 0xFB, 0x00,
    0xE2, 0xFE, 0x5C, 0xB5, 0x93, 0x98, 0x1B, 0x2C, 0x89, 0x3C, 0xF4, 0x11, 0xAC, 0xB7, 0x4A, 0x07,
    0x4D, 0x56, 0x0B, 0xA1, 0x0F, 0x91, 0x94, 0xC2, 0xCA, 0x77, 0x04, 0xBD, 0x6F, 0x72, 0xDF, 0xEF,
    0xC3, 0x52, 0x7D, 0x28, 0x5D, 0x53, 0x02, 0x38, 0x86, 0xC8, 0x73, 0x0D, 0x6F, 0xA9, 0x91, 0x20,
    0xB6, 0x25, 0x2D, 0x86, 0xE4, 0x54, 0x9A, 0x5C, 0x9B, 0x30, 0xDB, 0x3C, 0xBB, 0x5D, 0x16, 0xEC,
    0x03, 0x4F, 0x88, 0x8A, 0xD0, 0x11, 0x3B, 0xFA, 0x58, 0x70, 0xB3, 0x70, 0xED, 0x7B, 0x4E, 0xC7,
    0x37, 0x17, 0x17, 0x7F, 0x30, 0x66, 0xE7, 0xE8, 0xF0, 0x01, 0xE8, 0x46, 0xE4, 0xC7, 0x01, 0x18,
    0x25, 0x31, 0x80, 0x11, 0x0A, 0x5B, 0x27, 0x26, 0x38, 0x23, 0x6D, 0xD2, 0x45, 0x2F, 0xC7, 0xC6,
    0x1F, 0x43, 0x12, 0x40, 0xA7, 0x0F, 0x44, 0x36, 0x85, 0x52, 0x76, 0x2A, 0x69, 0x4F, 0x52, 0xBD,
    0x25, 0x63, 0xB8, 0x25, 0xC4, 0xB7, 0x25, 0x63, 0xB8, 0x25, 0x63, 0xB8, 0x25, 0x02, 0x74, 0x4B,
    0x86, 0x78, 0x4B, 0x86, 0xDA, 0xD6, 0x0B, 0xCB, 0x0E, 0x3E, 0xEA, 0xC0, 0x3A, 0xBB, 0x82, 0xEC,
    0x50, 0x1A, 0x46, 0x23, 0xD5, 0x38, 0xB8, 0x15, 0x92, 0x50, 0xDA, 0x16, 0x53, 0xC8, 0xB4, 0x29,
    0x9D, 0xBC, 0x29, 0x84, 0xBF, 0x29, 0x14, 0xB7, 0x29, 0x57, 0x36, 0xF9, 0xB7, 0x2D, 0x7F, 0x4B,
    0x49, 0xB5, 0xD9, 0x16, 0xD6, 0xF7, 0xAA, 0xD0, 0xD3, 0xDD, 0x49, 0x29, 0xBA, 0x43, 0x61, 0x16,
    0x51, 0xF6, 0xF2, 0x42, 0x2C, 0x69, 0x51, 0x8E, 0xDB, 0xEA, 0x45, 0xAB, 0xB9, 0xF7, 0x8F, 0x3F,
    0x1D, 0xA5, 0x0D, 0x11, 0xFB, 0x51, 0x0A, 0xA7, 0x72, 0x81, 0xE8, 0x63, 0xBA, 0xF4, 0xEF, 0x1B,
    0xF3, 0x4E, 0xCF, 0x3E, 0x98, 0x64, 0xF2, 0xBD, 0x76, 0xD7, 0x04, 0xF7, 0x6B, 0x51, 0x94, 0xEB,
    0x09, 0xCB, 0xCD, 0x4D, 0xFB, 0x51, 0x61, 0xFE, 0x57, 0xC7, 0xDE, 0x41, 0x14, 0x24, 0x8E, 0xB9,
    0xB2, 0xE5, 0x2E, 0x81, 0x4D, 0xBB, 0xC2, 0xDB, 0xBE, 0x30, 0x7A, 0xF6, 0x30, 0x19, 0x66, 0x4F,
    0xCA, 0x90, 0x96, 0xDA, 0x34, 0xB7, 0x17, 0xCE, 0xC2, 0xA9, 0xBC, 0x0A, 0xF1, 0xDC, 0x5E, 0x29,
    0x46, 0xD1, 0x3C, 0xCC, 0x3C, 0x51, 0xF4, 0x27, 0xC5, 0x01, 0xF6, 0x4D, 0xEB, 0x8D, 0xA3, 0x69,
    0xB7, 0xBD, 0x2E, 0xA2, 0x7C, 0x2B, 0x0A, 0x62, 0x5A, 0x21, 0xFD, 0x44, 0xC2, 0x65, 0x37, 0x1B,
    0x0D, 0xFF, 0xAB, 0x87, 0x38, 0x5A, 0x3D, 0x4C, 0x1C, 0x98, 0xE8, 0xB0, 0xA8, 0xE1, 0x5B, 0xC0,
    0x96, 0x6D, 0x5F, 0x52, 0x90, 0x4D, 0xA5, 0x45, 0xEC, 0x9F, 0x9E, 0xCA, 0xFC, 0xDC, 0x92, 0x5B,
    0xB6, 0xCC, 0x37, 0x7A, 0xD6, 0xB8, 0xB7, 0x5E, 0x49, 0x27, 0x92, 0x30, 0xA9, 0x3B, 0x5C, 0x0E,
    0xAC, 0xA4, 0x1F, 0xCD, 0x82, 0x8E, 0x85, 0xC6, 0x1A, 0x36, 0xF4, 0xB9, 0x13, 0x82, 0x4E, 0xBA,
    0x34, 0x5C, 0x77, 0xAE, 0x99, 0x37, 0x64, 0x60, 0x9C, 0xCA, 0x07, 0x98, 0x9C, 0x02, 0xE8, 0xDD,
    0x1F, 0xC0, 0xF8, 0x57, 0xFF, 0x10, 0xC8, 0x3A, 0x20, 0xA3, 0xE1, 0xBC, 0xC1, 0xAD, 0xE8, 0x04,
    0x61, 0xA7, 0xAB, 0x71, 0x68, 0x54, 0x87, 0xEB, 0x37, 0x3A, 0xF9, 0x55, 0x67, 0x88, 0x51, 0x7D,
    0xFA, 0xD3, 0xBE, 0x23, 0x12, 0x63, 0x45, 0xA9, 0x86, 0xAB, 0xE7, 0xFD, 0x1A, 0x04, 0x5D, 0x0B,
    0xDC, 0x4E, 0xEF, 0x74, 0x53, 0xF7, 0x39, 0xEC, 0x6A, 0x8E, 0x71, 0x37, 0x36, 0x2E, 0x20, 0x76,
    0x35, 0x84, 0x5D, 0x15, 0xA3, 0x82, 0x5B, 0xD0, 0xD2, 0xF6, 0xBA, 0x5D, 0x05, 0x6E, 0xD5, 0x6D,
    0x4D, 0x1B, 0xF6, 0x55, 0xA5, 0x5D, 0x68, 0xA6, 0x9A, 0x62, 0x95, 0xB5, 0xDE, 0x61, 0x23, 0x73,
    0x76, 0xEA, 0x0A, 0x81, 0xD7, 0xF3, 0x89, 0x09, 0xC4, 0xD3, 0x04, 0xEB, 0x1D, 0x13, 0xB5, 0x24,
    0xB8, 0x8E, 0xC8, 0x9A, 0xBD, 0xB2, 0xE3, 0x33, 0x5C, 0x64, 0x64, 0x1B, 0x43, 0x1F, 0xC4, 0xDD,
    0x1C, 0x53, 0x7C, 0xD8, 0x07, 0xDC, 0x3E, 0xC1, 0x00, 0x6E, 0x44, 0xEE, 0x87, 0xFF, 0x75, 0x6E,
    0xC3, 0xF5, 0xF7, 0xDD, 0x85, 0x06, 0x2A, 0x88, 0xC8, 0x58, 0x42, 0xD9, 0xDB, 0xC1, 0xB3, 0xC5,
    0xBA, 0x95, 0x5C, 0x9E, 0xF7, 0x8B, 0x63, 0x45, 0x78, 0x7A, 0x0C, 0xD8, 0x1A, 0x01, 0x68, 0x82,
    0xF0, 0xD9, 0x4E, 0x6F, 0x42, 0x81, 0xE5, 0xEE, 0xCD, 0x26, 0x94, 0x0F, 0xBB, 0x42, 0xBB, 0x0D,
    0xF8, 0xC6, 0x2D, 0xC1, 0xE8, 0x99, 0x2D, 0x90, 0xE9, 0x16, 0x1E, 0x06, 0x2A, 0xBF, 0xD9, 0x02,
    0x1B, 0xDF, 0x9A, 0x64, 0xEB, 0x55, 0x75, 0x60, 0x68, 0x88, 0x23, 0x1B, 0x25, 0x57, 0xEC, 0x6E,
    0x30, 0x6E, 0x4B, 0x75, 0x10, 0x43, 0x65, 0xCC, 0x37, 0xBE, 0x2A, 0x65, 0x04, 0xE3, 0x29, 0x10,
    0xA0, 0x59, 0x54, 0x88, 0x49, 0x54, 0x98, 0x3D, 0xE9, 0xA2, 0x5A, 0xDA, 0xA8, 0xA5, 0xD3, 0x64,
    0x5E, 0x4B, 0x93, 0xA5, 0x7C, 0xC2, 0xBE, 0x0B, 0x0A, 0xEB, 0x4E, 0x7E, 0x8C, 0x59, 0xC1, 0x9E,
    0x76, 0x18, 0x04, 0x28, 0xE3, 0x10, 0xE6, 0xBA, 0x31, 0xA7, 0xB5, 0x3F, 0x41, 0x7A, 0x3A, 0xE8,
    0xCA, 0x6C, 0xD0, 0xB5, 0x3B, 0x0E, 0x1A, 0xCE, 0xDE, 0x91, 0x67, 0x85, 0x7F, 0x7A, 0x29, 0x65,
    0xF7, 0x84, 0x0E, 0xF6, 0xA4, 0x45, 0xB4, 0xBF, 0x90, 0xD6, 0xAA, 0xE0, 0x7F, 0x3B, 0x55, 0xF4,
    0x57, 0x6E, 0x99, 0x46, 0x3F, 0x9E, 0x6F, 0x07, 0xFF, 0x54, 0x3C, 0xEF, 0x7D, 0x8A, 0x4D, 0x63,
    0x99, 0x06, 0x01, 0xD0, 0x23, 0x31, 0xA7, 0x97, 0xC3, 0x79, 0x80, 0x0D, 0xF8, 0x05, 0xC9, 0x21,
    0xB4, 0x33, 0xB8, 0xD5, 0xF8, 0x00, 0x7F, 0xA1, 0x54, 0x35, 0xE2, 0x26, 0xD7, 0xEC, 0x22, 0xD7,
    0x85, 0x1C, 0xDE, 0x70, 0xE1, 0x88, 0x01, 0x56, 0x6E, 0xFC, 0x07, 0x55, 0x47, 0x30, 0x27, 0x01,
    0x48, 0x99, 0x11, 0x50, 0xC2, 0x52, 0x50, 0xF6, 0x24, 0xB6, 0x4E, 0x67, 0xF4, 0xEC, 0x71, 0x67,
    0x09, 0x37, 0x82, 0xC7, 0x9D, 0x77, 0xD1, 0xE9, 0x77, 0x06, 0xF2, 0x7E, 0xD5, 0x7A, 0x26, 0x7A,
    0x6A, 0xC4, 0x25, 0x73, 0x29, 0x48, 0x22, 0x18, 0x93, 0x11, 0xAC, 0xDD, 0x18, 0xE6, 0xDF, 0x54,
    0x46, 0x5E, 0x64, 0xD5, 0x14, 0x66, 0xA9, 0x68, 0x5B, 0xA2, 0x62, 0xBB, 0x73, 0x9E, 0x13, 0x71,
    0x17, 0x1D, 0x59, 0x63, 0x76, 0xF6, 0xA8, 0x0E, 0x28, 0x0C, 0xAD, 0x47, 0x7D, 0xEB, 0xFB, 0x7D,
    0xEB, 0x6B, 0xBB, 0x85, 0x9C, 0x7E, 0xB7, 0x10, 0x2B, 0x32, 0xFD, 0x9C, 0x62, 0x00, 0xF2, 0x00,
    0x4E, 0x7F, 0xC1, 0x51, 0x32, 0x02, 0xE3, 0x1E, 0x5A, 0x07, 0xA7, 0xF7, 0xD5, 0x80, 0xED, 0xAA,
    0xDF, 0x45, 0xC9, 0xA6, 0xE7, 0x5D, 0x43, 0xFB, 0x23, 0xC7, 0xC4, 0xF6, 0x91, 0xF7, 0x0E, 0xF9,
    0x44, 0x5A, 0x9B, 0xB4, 0x31, 0xDB, 0x79, 0xB1, 0x1D, 0x56, 0xDB, 0x93, 0xA5, 0x08, 0xDC, 0x6D,
    0xF3, 0xE7, 0x47, 0x0B, 0xF7, 0xF5, 0x48, 0x9D, 0x7F, 0x6F, 0x4E, 0xC1, 0xF9, 0x18, 0x70, 0x0A,
    0x45, 0x0C, 0x8F, 0x3A, 0x80, 0xFE, 0xA1, 0x27, 0xC3, 0xE8, 0xF4, 0x20, 0x3A, 0x81, 0x40, 0xB8,
    0x1E, 0xEB, 0x14, 0xEB, 0xDB, 0x16, 0xC1, 0xDE, 0x06, 0x70, 0xDE, 0xAF, 0x43, 0xC3, 0x78, 0xA9,
    0xDB, 0xD9, 0x24, 0xB3, 0xA5, 0x92, 0xB4, 0x08, 0x7A, 0x91, 0xE5, 0x59, 0xD9, 0x89, 0x51, 0x94,
    0x87, 0xCA, 0x26, 0x05, 0x64, 0x8E, 0x5B, 0xCB, 0x30, 0xAE, 0x70, 0xCA, 0x05, 0x0E, 0xD7, 0x68,
    0x55, 0x0D, 0x03, 0x71, 0xE1, 0xA9, 0xE0, 0xCF, 0x84, 0x73, 0xD3, 0xBF, 0x2F, 0x26, 0xE9, 0xAF,
    0xE7, 0x26, 0x7E, 0xA5, 0x32, 0x8D, 0xB3, 0x90, 0x51, 0xAE, 0xC4, 0x7A, 0xBE, 0x86, 0x58, 0x6D,
    0x10, 0xC1, 0xD3, 0x6B, 0xF3, 0xF5, 0xA4, 0x29, 0x09, 0x6C, 0x00, 0x96, 0x00, 0xF5, 0xDA, 0x0C,
    0x18, 0xF8, 0x3C, 0xA7, 0xDE, 0xB4, 0xE3, 0xEE, 0xCE, 0xB0, 0x8B, 0xB7, 0x82, 0x11, 0xFA, 0xEF,
    0x58, 0xC5, 0xF9, 0x7D, 0x6D, 0x82, 0x4F, 0x44, 0xED, 0x4A, 0x7F, 0x5B, 0xC5, 0x49, 0xFC, 0x9A,
    0x08, 0x4A, 0x61, 0xB7, 0x93, 0xE4, 0x19, 0xA7, 0x72, 0x1F, 0xC2, 0x14, 0x44, 0xA0, 0x76, 0xA7,
    0xD2, 0x04, 0x9D, 0x76, 0x9D, 0xA9, 0xCC, 0xEC, 0xB8, 0x64, 0x3C, 0x52, 0xDC, 0x6E, 0x0D, 0xBA,
    0x87, 0x33, 0xD2, 0x3D, 0x26, 0x56, 0xF7, 0xC0, 0x6D, 0xB1, 0x92, 0x00, 0xFA, 0x0A, 0x04, 0x00,
    0xB1, 0xA7, 0xEB, 0x4D, 0x5A, 0xC3, 0x9F, 0xF4, 0x1D, 0xF3, 0x02, 0x1E, 0x71, 0x4A, 0x80, 0xFE,
    0x57, 0xD9, 0x80, 0x1A, 0x37, 0x81, 0xD8, 0x36, 0x84, 0xC6, 0x9E, 0x7A, 0xFA, 0xE8, 0xDC, 0xDB,
    0x86, 0xB6, 0xB3, 0x05, 0x30, 0x05, 0xE6, 0x11, 0x1A, 0x8F, 0x30, 0x82, 0xF0, 0x2A, 0x09, 0x1B,
    0x91, 0x3A, 0x02, 0x19, 0x40, 0xC1, 0x83, 0xA7, 0x9A, 0xC8, 0x53, 0x88, 0x29, 0x97, 0x08, 0x6A,
    0x58, 0xDF, 0x9C, 0x4F, 0x81, 0xE8, 0x2D, 0x80, 0xFF, 0x24, 0x68, 0x27, 0x5D, 0x6F, 0x6E, 0x1F,
    0x9B, 0xBE, 0x28, 0x69, 0x8A, 0x43, 0x44, 0x44, 0xA8, 0x88, 0xAA, 0x9B, 0x96, 0x32, 0x3F, 0x0C,
    0x26, 0x24, 0xE5, 0xF7, 0xAD, 0x13, 0xEF, 0x5B, 0x4F, 0xB7, 0xB8, 0x0A, 0x76, 0x05, 0x07, 0x06,
    0xC0, 0x31, 0x90, 0x5D, 0xD4, 0x2D, 0x5F, 0x63, 0x6D, 0xAC, 0x8E, 0x35, 0xFE, 0x72, 0xA1, 0x83,
    0xE1, 0x8C, 0x34, 0xA9, 0x11, 0x59, 0xAE, 0x09, 0x9E, 0xB1, 0xEC, 0xDA, 0x1F, 0x64, 0xD7, 0xC4,
    0xCA, 0x2E, 0x11, 0x2B, 0xE0, 0x85, 0x13, 0x7B, 0x79, 0x7D, 0xE2, 0x4D, 0x92, 0x9E, 0xA6, 0xCA,
    0xCE, 0x59, 0x3D, 0x05, 0x3D, 0xED, 0x71, 0x4C, 0xA7, 0xC0, 0x20, 0xC2, 0xAC, 0x90, 0x86, 0xBC,
    0xB9, 0x8F, 0x6E, 0x44, 0x90, 0x22, 0xF6, 0x65, 0x47, 0x89, 0x83, 0x48, 0x46, 0x69, 0x6E, 0x8A,
    0x76, 0xB1, 0xD7, 0x03, 0x43, 0x49, 0x19, 0x4D, 0x05, 0x8B, 0xD5, 0xFA, 0x03, 0x5F, 0xA4, 0x1E,
    0x65, 0xA5, 0x96, 0xFB, 0x46, 0x27, 0x64, 0x4E, 0x02, 0x6B, 0x53, 0xB6, 0x39, 0xB9, 0x9C, 0xF7,
    0xA3, 0xF2, 0xE7, 0xC6, 0xFB, 0x45, 0x59, 0x99, 0xC9, 0x2F, 0xCA, 0xBB, 0xC6, 0xFF, 0x91, 0xC8,
    0x92, 0x40, 0x4C, 0x78, 0xF8, 0x1A, 0x37, 0xCC, 0x86, 0x5B, 0x8A, 0xD5, 0xE2, 0x96, 0x81, 0xD9,
    0x13, 0x90, 0xDC, 0x75, 0x4B, 0x3F, 0xF9, 0xBA, 0x5B, 0x5E, 0x18, 0x4B, 0x38, 0x6E, 0x0F, 0xE6,
    0x91, 0x08, 0x51, 0x27, 0x53, 0x7B, 0x0E, 0x98, 0xA5, 0x5D, 0x84, 0xF7, 0xBA, 0x52, 0xB9, 0xAE,
    0xE5, 0xF5, 0x2C, 0x10, 0x84, 0xE6, 0x56, 0x32, 0x20, 0x2E, 0x37, 0x3B, 0x2C, 0xF7, 0xBB, 0x38,
    0x44, 0x86, 0x21, 0x52, 0x36, 0x69, 0x87, 0x54, 0x9D, 0x52, 0xAA, 0x5B, 0xC0, 0xF7, 0x7B, 0x9D,
    0x8D, 0x4C, 0x93, 0xCE, 0xB0, 0x2F, 0x58, 0x5C, 0x9E, 0x4E, 0xD4, 0x6A, 0x0B, 0xB0, 0x7A, 0x87,
    0xB0, 0x4B, 0xBF, 0x4D, 0x54, 0x93, 0xF4, 0xD7, 0x78, 0x1C, 0x9C, 0x2E, 0xD1, 0x3D, 0x5D, 0x3C,
    0x70, 0xC1, 0xCE, 0x42, 0xCB, 0x9F, 0xFA, 0xED, 0xC5, 0xC3, 0xEB, 0xAE, 0x5D, 0x40, 0xC9, 0x61,
    0x51, 0x72, 0xA7, 0x95, 0x8D, 0x89, 0xA0, 0x01, 0x3D, 0x56, 0xF8, 0xBC, 0xDD, 0x75, 0x66, 0x3F,
    0x5F, 0x63, 0xF6, 0x23, 0x8E, 0x9F, 0x1D, 0xD5, 0xC1, 0x63, 0x6C, 0xAB, 0x9D, 0x52, 0xCB, 0x03,
    0xB8, 0xA5, 0xF3, 0x77, 0xD9, 0xCF, 0x5F, 0x98, 0xAE, 0x98, 0xBA, 0xD8, 0xB2, 0x6A, 0xE7, 0xEF,
    0xCD, 0x36, 0xB9, 0xC2, 0x70, 0xA0, 0xB6, 0xBD, 0x2F, 0x60, 0x77, 0x32, 0xDF, 0x48, 0xAC, 0x35,
    0xCD, 0x01, 0x4F, 0x94, 0x84, 0x8E, 0x70, 0xEA, 0xC2, 0x11, 0x5C, 0x3C, 0x99, 0xE2, 0x13, 0x19,
    0x65, 0xAF, 0x16, 0x1C, 0x56, 0x38, 0x33, 0x49, 0x9E, 0x26, 0xC4, 0x23, 0xDA, 0xE8, 0x0B, 0x72,
    0xEB, 0x56, 0xC3, 0x89, 0xFC, 0xF7, 0x11, 0xDA, 0x2B, 0xAD, 0xFE, 0x65, 0xCD, 0x80, 0xB8, 0x7D,
    0x99, 0xDD, 0x4B, 0xF3, 0x4D, 0xCF, 0xFA, 0x3B, 0x23, 0xAB, 0x75, 0x89, 0x5A, 0x69, 0x8F, 0x31,
    0x52, 0x71, 0x51, 0xF7, 0x60, 0x61, 0xC7, 0xE9, 0xE1, 0xE0, 0xB0, 0x50, 0x7D, 0xC8, 0x1D, 0xBD,
    0x35, 0xA3, 0x7D, 0x3A, 0x7F, 0x0A, 0x63, 0x04, 0x79, 0x43, 0x27, 0x51, 0xBE, 0x1A, 0x07, 0x12,
    0xEE, 0xF5, 0x60, 0x5B, 0xF5, 0x65, 0x31, 0x54, 0xA6, 0x30, 0x72, 0xA6, 0x13, 0x19, 0xD6, 0x38,
    0x6F, 0x45, 0x91, 0x6F, 0xFF, 0x5B, 0x31, 0x11, 0x11, 0x27, 0x5C, 0x27, 0x09, 0x4C, 0x7C, 0x5F,
    0x34, 0xB1, 0xE7, 0x61, 0x4E, 0x4A, 0xF5, 0xDB, 0x18, 0x3C, 0xB8, 0x4A, 0x0A, 0xE8, 0xBA, 0xBF,
    0x84, 0x03, 0xEB, 0xDD, 0xB9, 0x19, 0xF5, 0xB7, 0x37, 0x10, 0x6B, 0x0F, 0x54, 0x46, 0x2C, 0xFA,
    0xCD, 0xD3, 0x03, 0x15, 0xBF, 0x39, 0x08, 0xF3, 0x39, 0x40, 0xA5, 0xE0, 0x88, 0xB2, 0x70, 0x88,
    0x92, 0x46, 0xA0, 0x58, 0x23, 0xAC, 0x43, 0xFA, 0xC4, 0x88, 0xCE, 0x2C, 0x38, 0xC9, 0xBB, 0x82,
    0xD3, 0x1D, 0xBA, 0x34, 0x72, 0x86, 0x1F, 0x9B, 0x62, 0xA5, 0x36, 0xA6, 0x87, 0x95, 0xB5, 0x0E,
    0xF7, 0xA2, 0x1D, 0x95, 0xC5, 0xC1, 0x1F, 0x81, 0x4D, 0x27, 0xA9, 0x1F, 0x29, 0x83, 0x72, 0xE1,
    0x87, 0x6C, 0xC7, 0xBC, 0xBC, 0x27, 0xDE, 0xE3, 0x79, 0xF9, 0xC8, 0x3D, 0x07, 0x8A, 0x4C, 0x0B,
    0xD2, 0x2E, 0x95, 0xC7, 0x5E, 0x6D, 0xBD, 0x74, 0x0B, 0x5E, 0x20, 0xBC, 0x37, 0x4F, 0x7B, 0x6F,
    0x6D, 0x62, 0xDB, 0x39, 0xDE, 0xB7, 0xCC, 0xD6, 0xA5, 0x41, 0x4F, 0xE4, 0x72, 0x9F, 0x57, 0xD9,
    0x13, 0xBB, 0xD2, 0x04, 0xCB, 0x84, 0x35, 0xD7, 0x1A, 0x6A, 0x78, 0x37, 0x17, 0x9F, 0x0D, 0x54,
    0x47, 0xC0, 0xAE, 0x23, 0x40, 0x8C, 0xAF, 0x0D, 0xB7, 0x12, 0xAE, 0xEC, 0xCD, 0xBD, 0xF9, 0x06,
    0xA6, 0xEB, 0x06, 0xC4, 0xF3, 0x46, 0x0C, 0x0F, 0xC7, 0xBE, 0x3C, 0x7E, 0x84, 0xC3, 0xDC, 0x22,
    0x1B, 0xBF, 0xB4, 0x05, 0x56, 0xF8, 0xDC, 0x1A, 0x2F, 0xDA, 0x3B, 0xA3, 0x98, 0x1D, 0xA5, 0x62,
    0x5B, 0x18, 0x3D, 0x16, 0xB4, 0xB6, 0xA5, 0x91, 0x6D, 0x92, 0xBC, 0x98, 0x1F, 0xC2, 0xE5, 0xE8,
    0xB1, 0x92, 0x27, 0xDF, 0x96, 0xAE, 0xDD, 0x16, 0x11, 0xB9, 0xD3, 0x28, 0x13, 0xCC, 0xED, 0xFE,
    0x8C, 0xAF, 0x1C, 0xE3, 0x24, 0xD9, 0x94, 0x67, 0x39, 0xAF, 0x74, 0x5C, 0xBD, 0x23, 0x72, 0x81,
    0x13, 0xA5, 0x46, 0x82, 0x8E, 0x33, 0x24, 0xA7, 0x1A, 0x92, 0x6B, 0x93, 0xC7, 0xE7, 0x3B, 0x9E,
    0x94, 0xE2, 0xC1, 0x25, 0xCA, 0xA8, 0xB7, 0x81, 0x94, 0x68, 0x1E, 0x8D, 0x1C, 0x42, 0x97, 0xAC,
    0x33, 0x3B, 0xB5, 0x62, 0x10, 0x93, 0x0D, 0x94, 0xE7, 0x2E, 0xCC, 0x9F, 0x4B, 0xB9, 0x1F, 0xCA,
    0x9F, 0xD8, 0xED, 0x6B, 0x5A, 0x5E, 0x75, 0x54, 0xCB, 0xDB, 0x19, 0xD4, 0x8F, 0x4E, 0xCB, 0xC3,
    0xE6, 0xAD, 0x95, 0x1E, 0x09, 0x81, 0xF3, 0x06, 0xA6, 0xDD, 0x61, 0x0B, 0xCF, 0xE1, 0xF3, 0x8B,
    0xA1, 0x99, 0x06, 0x59, 0x38, 0x29, 0x82, 0x1F, 0x97, 0x93, 0x77, 0x33, 0x79, 0x0C, 0xE1, 0xEE,
    0x32, 0x27, 0xAB, 0x77, 0x36, 0xCB, 0x17, 0xCB, 0xE7, 0xCA, 0x17, 0xDF, 0xD9, 0x8C, 0x2B, 0x7F,
    0xCE, 0x10, 0xD1, 0x4A, 0xE1, 0xD5, 0xD9, 0x6C, 0x76, 0xBB, 0x3A, 0x1C, 0xDD, 0x79, 0xBE, 0xD0,
    0xB9, 0x26, 0x2D, 0x05, 0xBA, 0xB2, 0x86, 0xEC, 0xC6, 0x2C, 0x7F, 0x7A, 0x76, 0x67, 0xAE, 0x21,
    0x77, 0x4F, 0x24, 0xBB, 0x6C, 0x10, 0x79, 0xAD, 0x8E, 0xA7, 0x18, 0xA1, 0xD7, 0xF3, 0x2E, 0xBB,
    0x3A, 0x3B, 0xD0, 0x13, 0x1D, 0x76, 0x4E, 0xCD, 0xA8, 0x6B, 0x0C, 0x59, 0xC5, 0x0C, 0xB1, 0x4F,
    0xF0, 0xEE, 0xD4, 0xCC, 0x76, 0xB8, 0x5F, 0xD4, 0x70, 0xCF, 0xC4, 0x8E, 0x87, 0x98, 0x16, 0xB3,
    0x13, 0xC1, 0x64, 0x31, 0x3B, 0x39, 0x23, 0x86, 0x77, 0x62, 0x72, 0x83, 0xCB, 0x22, 0x80, 0x9E,
    0x89, 0x47, 0xE7, 0x4C, 0x9D, 0x33, 0x44, 0x04, 0xFA, 0x1B, 0x8C, 0x05, 0x5E, 0x28, 0xEC, 0xA6,
    0x1E, 0xE3, 0xB6, 0x86, 0xCC, 0x99, 0x35, 0xB3, 0x6E, 0x81, 0xE2, 0x68, 0xB6, 0x5A, 0xCB, 0x1A,
    0xCD, 0x5A, 0x66, 0xAE, 0x66, 0x3C, 0xAA, 0xD1, 0x60, 0xD3, 0x2A, 0x8F, 0x3F, 0xFC, 0x75, 0x49,
    0x0F, 0xD7, 0x2F, 0xA1, 0xC4, 0x5E, 0xCA, 0xDD, 0x95, 0x89, 0x6F, 0x23, 0x20, 0x09, 0xCA, 0x79,
    0x8D, 0x88, 0xB8, 0xF6, 0xA7, 0xF3, 0x75, 0x0D, 0xEB, 0xDB, 0x1C, 0x16, 0xB3, 0xD4, 0xAA, 0xC7,
    0x99, 0xA7, 0x08, 0xDA, 0xCC, 0x95, 0xE7, 0xB1, 0xCF, 0xC6, 0xD6, 0x15, 0x97, 0x00, 0xF2, 0x58,
    0x3E, 0x7D, 0x04, 0xFE, 0x66, 0x0E, 0x9C, 0x5A, 0x75, 0x67, 0x1C, 0xFE, 0x41, 0x53, 0x86, 0xD9,
    0xAD, 0xFE, 0xA2, 0xF3, 0x3F, 0xA1, 0x29, 0xC5, 0xED, 0x32, 0x7E, 0x45, 0x10, 0x6C, 0xEB, 0x48,
    0x24, 0xC7, 0x0B, 0xD7, 0xCD, 0x44, 0xCF, 0xDE, 0xC0, 0x74, 0x65, 0x5F, 0x95, 0x16, 0x32, 0x8A,
    0xFF, 0x9C, 0xC7, 0x85, 0xD3, 0x2D, 0xEE, 0x27, 0x1D, 0xC6, 0xA8, 0x91, 0xAF, 0x16, 0xCE, 0xDE,
    0xC6, 0x9B, 0x85, 0x3F, 0xDF, 0xFB, 0x02, 0xE0, 0x1D, 0xA9, 0x70, 0xC6, 0xCA, 0xE5, 0xFD, 0x0F,
    0x02, 0x2F, 0x5F, 0x97, 0xD7, 0xB5, 0xF1, 0xC4, 0x37, 0xBD, 0xD3, 0xE4, 0x64, 0x38, 0x2E, 0x9F,
    0xB2, 0x86, 0x1D, 0x3E, 0xCB, 0x49, 0x90, 0x25, 0x17, 0x0A, 0xF9, 0x8C, 0x6F, 0xA6, 0x7C, 0x3A,
    0x63, 0xB3, 0x1B, 0xB3, 0x83, 0xAB, 0xB3, 0xDC, 0x74, 0xE7, 0x63, 0x9E, 0x92, 0xF1, 0x78, 0xBA,
    0x21, 0x9B, 0xBD, 0xDD, 0x1D, 0x72, 0x7A, 0x72, 0xF6, 0xA5, 0x39, 0x6F, 0x68, 0xCB, 0x21, 0x7B,
    0xE1, 0x7A, 0x02, 0x22, 0xCB, 0xD9, 0x7A, 0x66, 0xB3, 0x1B, 0xB3, 0x26, 0x9E, 0xDD, 0x41, 0x54,
    0x44, 0x4C, 0xC6, 0x7E, 0x72, 0x06, 0xAC, 0x47, 0x19, 0xC6, 0x27, 0xC8, 0x88, 0xDE, 0x89, 0xD9,
    0x77, 0xF4, 0x86, 0xD6, 0xAE, 0xE9, 0x23, 0x13, 0x32, 0x7B, 0x76, 0x36, 0x4B, 0x7A, 0x5D, 0x8A,
    0x95, 0xD9, 0x0C, 0xB8, 0x9C, 0x86, 0x84, 0xC5, 0x93, 0x95, 0x35, 0x5D, 0x76, 0x56, 0x5C, 0xFE,
    0x26, 0x7D, 0x28, 0x2E, 0x2B, 0x88, 0x1A, 0x9B, 0xDD, 0x98, 0xAD, 0xD4, 0xD0, 0xDC, 0x7F, 0x58,
    0x86, 0x13, 0x87, 0xB0, 0xE1, 0x10, 0x9E, 0xD9, 0x82, 0x83, 0x23, 0xE6, 0x1E, 0xC6, 0x21, 0x65,
    0xA4, 0x90, 0x69, 0xB0, 0xAC, 0x69, 0xDC, 0x8F, 0x97, 0xC8, 0xFC, 0x2A, 0x97, 0xEC, 0xFB, 0xE9,
    0x3C, 0xA6, 0xDC, 0x49, 0x02, 0xA1, 0x8F, 0x66, 0x5F, 0x88, 0xEB, 0x7B, 0xD7, 0x21, 0xB9, 0x12,
    0xF9, 0x16, 0x32, 0x6E, 0x9B, 0x99, 0x74, 0x48, 0xF8, 0x21, 0x10, 0xDC, 0xD1, 0x98, 0x8C, 0x93,
    0x33, 0xBD, 0x21, 0xE9, 0xB2, 0xD9, 0xDB, 0x72, 0x1F, 0xDA, 0xC3, 0x6F, 0x27, 0x64, 0xDF, 0xFF,
    0x2E, 0xEF, 0x6B, 0xBF, 0xAB, 0xED, 0x21, 0xBB, 0xCA, 0x0E, 0x91, 0xEE, 0x59, 0x6A, 0xF0, 0x38,
    0xB3, 0x1B, 0xB3, 0xE5, 0x7F, 0x7E, 0xD0, 0x48, 0xD9, 0xE5, 0x64, 0x4E, 0xEF, 0xF5, 0x89, 0x99,
    0xDC, 0x30, 0xCE, 0x66, 0x6F, 0x21, 0xDB, 0x81, 0x20, 0x3F, 0x31, 0xFB, 0xBE, 0xDE, 0x80, 0xC3,
    0x18, 0xA5, 0x43, 0x70, 0x30, 0xE3, 0x5C, 0x46, 0x45, 0x66, 0x4B, 0x66, 0x0D, 0x3D, 0x1C, 0x9A,
    0x14, 0xF7, 0xD9, 0xE5, 0xBF, 0xD6, 0xB3, 0x78, 0x9D, 0x9A, 0x5A, 0x72, 0x9F, 0xCD, 0x70, 0x83,
    0x70, 0xBD, 0xCB, 0x2C, 0x82, 0x7D, 0x34, 0x72, 0x83, 0x8F, 0x3D, 0xCF, 0x6D, 0x1D, 0xCE, 0x57,
    0xDC, 0x94, 0x8C, 0x89, 0x00, 0xB5, 0x20, 0xD2, 0x2C, 0x1C, 0x7D, 0xD3, 0xDF, 0xBE, 0x1F, 0x25,
    0x3B, 0xC0, 0x25, 0xF8, 0x17, 0xEC, 0x77, 0x6E, 0xC4, 0xAC, 0x01, 0x53, 0x44, 0x18, 0xDA, 0x98,
    0x5B, 0xC5, 0x54, 0x11, 0xB8, 0x89, 0xFF, 0xFC, 0xE0, 0x11, 0x6E, 0x78, 0x99, 0x8A, 0xC2, 0xA3,
    0xDE, 0x0B, 0xDC, 0xEE, 0x7C, 0xAE, 0x76, 0x8D, 0x3D, 0x39, 0x6E, 0x29, 0x56, 0xF4, 0xE9, 0xB0,
    0x99, 0x2D, 0x0F, 0x66, 0x4B, 0xC6, 0x18, 0x58, 0x78, 0x96, 0xBB, 0x14, 0x8E, 0xEF, 0x9A, 0xCD,
    0xDE, 0xBA, 0xD1, 0x1F, 0x56, 0xB6, 0xD4, 0x43, 0x96, 0xCF, 0x90, 0x49, 0xF3, 0xC8, 0xE0, 0xCB,
    0x4C, 0xFB, 0x0C, 0xBF, 0xE5, 0x9A, 0x89, 0x28, 0x93, 0x0C, 0x5B, 0x57, 0x25, 0xF3, 0x3E, 0x9D,
    0x23, 0xC3, 0x66, 0x57, 0xC9, 0xC2, 0x5F, 0xA0, 0xC0, 0x32, 0xCF, 0x78, 0x92, 0x78, 0x63, 0xE2,
    0x52, 0x20, 0x36, 0xC4, 0x08, 0x2A, 0x19, 0x3D, 0x00, 0xCA, 0xF1, 0x1F, 0x21, 0x53, 0xCD, 0xCE,
    0xEE, 0x2D, 0xD7, 0xC5, 0x36, 0xA1, 0x5E, 0x35, 0xA6, 0x63, 0x0D, 0xC3, 0x5E, 0x71, 0xD1, 0x6F,
    0xB2, 0xD4, 0x9D, 0xFF, 0x3C, 0x6D, 0xE9, 0x22, 0x76, 0x3B, 0xDD, 0x33, 0xE9, 0x8A, 0x7B, 0x8C,
    0xE1, 0xCA, 0x15, 0x65, 0xE2, 0xAB, 0x56, 0x7F, 0x75, 0xAE, 0xE1, 0xCD, 0x16, 0xBA, 0xE3, 0xCA,
    0x8E, 0xCD, 0x27, 0x87, 0x72, 0xBF, 0xB2, 0xEB, 0x7F, 0xB5, 0xEE, 0x51, 0x16, 0x64, 0x18, 0x78,
    0x1D, 0xED, 0xEB, 0x0E, 0xE6, 0x54, 0x0C, 0x20, 0xF8, 0x1E, 0x56, 0x51, 0x92, 0xF2, 0xFC, 0xC1,
    0xE0, 0x1F, 0x81, 0x53, 0x58, 0x4D, 0x3E, 0xC5, 0xA9, 0x8F, 0x71, 0xC1, 0xA3, 0x1E, 0xE1, 0x68,
    0x11, 0xC2, 0xDF, 0x82, 0x7B, 0xE2, 0xAB, 0xEA, 0xA4, 0xB8, 0xB1, 0xAB, 0xD6, 0x77, 0x42, 0x13,
    0x18, 0x6E, 0xE0, 0xE4, 0x0A, 0x37, 0x61, 0x39, 0x5D, 0x60, 0x6D, 0xA4, 0xDB, 0xAF, 0xFA, 0x8D,
    0x3F, 0x93, 0x72, 0x87, 0x88, 0xEE, 0xF4, 0x24, 0x37, 0xE1, 0x75, 0x8D, 0x0C, 0x0F, 0xB9, 0x59,
    0x37, 0xCE, 0xB4, 0x06, 0xD4, 0xB6, 0xB4, 0x35, 0xDB, 0x56, 0x70, 0x90, 0xA5, 0xB9, 0x3A, 0x28,
    0x70, 0x96, 0x50, 0x1F, 0x16, 0xB2, 0x1D, 0x95, 0x43, 0x64, 0xAC, 0x9E, 0x15, 0xB7, 0xD2, 0x55,
    0x5A, 0x3D, 0x20, 0x8A, 0x9B, 0x41, 0x70, 0x9A, 0x86, 0xC3, 0x4D, 0x64, 0xE1, 0x0A, 0xA7, 0x08,
    0x20, 0x9A, 0x36, 0xE6, 0xCE, 0xE4, 0x49, 0xC5, 0xE3, 0x07, 0xAF, 0x3D, 0x3D, 0x9B, 0xFD, 0x14,
    0x87, 0xE8, 0x89, 0x86, 0xFE, 0x07, 0xEB, 0x30, 0x67, 0x8E, 0xE5, 0x31, 0x46, 0xDE, 0x1C, 0xCE,
    0x71, 0x8E, 0x48, 0x3D, 0xEA, 0x7F, 0xE4, 0x4B, 0x5D, 0x87, 0x65, 0x1E, 0x2E, 0xF4, 0x5C, 0x78,
    0xB1, 0x43, 0x79, 0xEC, 0x5D, 0xBA, 0xE4, 0xE6, 0x12, 0xD3, 0xE4, 0x26, 0xFA, 0xEF, 0x05, 0xB7,
    0xD1, 0xA7, 0x3C, 0x15, 0x32, 0xFA, 0x6D, 0x33, 0x11, 0x2E, 0x57, 0x06, 0xED, 0x12, 0x3B, 0x2E,
    0x32, 0x84, 0x21, 0xB7, 0x70, 0xC0, 0xE5, 0x85, 0x9E, 0xAB, 0xFF, 0x67, 0x63, 0xBD, 0xF1, 0x34,
    0xA5, 0x25, 0x60, 0x00, 0xBC, 0x42, 0x31, 0x31, 0x1E, 0x60, 0x9A, 0xF9, 0xE3, 0xFD, 0x6A, 0xBA,
    0xDD, 0x97, 0x3E, 0x96, 0x50, 0x37, 0x34, 0x93, 0x64, 0x0F, 0xC8, 0x62, 0x97, 0xDC, 0xE1, 0xBD,
    0x00, 0xBD, 0xA6, 0x25, 0x0E, 0xBF, 0xC7, 0xE9, 0x66, 0x0B, 0x9C, 0x03, 0x13, 0x36, 0x21, 0xCF,
    0x57, 0xA1, 0xEB, 0xEA, 0xD2, 0xB3, 0xC7, 0x8C, 0xD0, 0xC3, 0x94, 0xA9, 0x49, 0x75, 0xF9, 0x3B,
    0xB7, 0xED, 0xB1, 0x33, 0x54, 0xA9, 0x9A, 0xDB, 0xD5, 0xD5, 0x6F, 0x3F, 0x5C, 0x05, 0x1B, 0xC3,
    0xC3, 0x8C, 0x4F, 0x70, 0x38, 0xCD, 0x08, 0xD8, 0x5D, 0x53, 0x69, 0xCF, 0xAA, 0xA2, 0x5A, 0xA3,
    0x41, 0xA9, 0x90, 0xD8, 0x2E, 0x14, 0xDE, 0xC8, 0x67, 0xB7, 0x1F, 0xBC, 0x01, 0xBD, 0xBC, 0x32,
    0xE7, 0x05, 0xB9, 0x49, 0x76, 0xA9, 0x90, 0x5B, 0x67, 0xFB, 0xC3, 0x06, 0x8F, 0xA7, 0xF8, 0x1B,
    0xB3, 0x3B, 0x1F, 0xCE, 0xDE, 0x64, 0xF9, 0x5A, 0xE1, 0xBA, 0x67, 0xE8, 0x4B, 0xD7, 0x74, 0x95,
    0x3F, 0xE1, 0xC3, 0xC8, 0xB4, 0x68, 0x77, 0xAF, 0xD4, 0x08, 0xF8, 0xC1, 0x39, 0x37, 0x35, 0x96,
    0x4D, 0x3C, 0xDD, 0x49, 0xCF, 0xCF, 0xAE, 0x1E, 0x1E, 0xD5, 0xF2, 0xAC, 0xAC, 0xF4, 0x01, 0x2C,
    0x25, 0x5F, 0x4F, 0x2A, 0xBC, 0xF3, 0x3B, 0x9A, 0xD6, 0xE9, 0x19, 0xDF, 0xB3, 0xB7, 0x45, 0x7A,
    0xE2, 0x7D, 0xF6, 0x5B, 0xBA, 0xF7, 0x0E, 0x8C, 0x0F, 0x88, 0xE1, 0x47, 0x4F, 0x43, 0xC8, 0x6E,
    0xFE, 0x99, 0xEE, 0x1F, 0xA7, 0xCB, 0xF4, 0x94, 0x3F, 0x2B, 0x9F, 0xCD, 0x29, 0x6F, 0x51, 0x70,
    0x52, 0x04, 0x32, 0xAD, 0x8E, 0xFF, 0x95, 0x3F, 0x49, 0x67, 0x9C, 0x5E, 0x89, 0xBC, 0x6F, 0xF0,
    0xA1, 0xCD, 0x79, 0x3D, 0x24, 0x7E, 0xEB, 0xCA, 0x3D, 0xCA, 0x43, 0xBF, 0xC0, 0x87, 0x8E, 0xCC,
    0x71, 0xFF, 0x01, 0xE0, 0xF8, 0x37, 0x89, 0x55, 0x28, 0x75, 0x79, 0xF6, 0x5B, 0xD6, 0xFE, 0xAB,
    0x80, 0x93, 0x84, 0x89, 0xD0, 0x7D, 0x98, 0x7D, 0x1E, 0x90, 0xB6, 0x1D, 0xB8, 0x7A, 0xFB, 0x73,
    0x56, 0x75, 0x2C, 0x70, 0x77, 0xC3, 0x2E, 0x20, 0x61, 0x8F, 0x13, 0xE4, 0xF8, 0x37, 0x4F, 0x85,
    0x59, 0xC1, 0x6A, 0x38, 0xE1, 0xA7, 0xD9, 0x6C, 0x75, 0xCA, 0xED, 0xA3, 0xB7, 0xF4, 0xCB, 0xB5,
    0xB3, 0xF7, 0x0B, 0x1F, 0x7A, 0xE8, 0x83, 0x47, 0xEA, 0xB0, 0x1B, 0xB7, 0xCF, 0xA7, 0x5F, 0x86,
    0x05, 0xBF, 0xF2, 0x09, 0xE6, 0xC2, 0x93, 0x6F, 0x3F, 0x98, 0x89, 0xE9, 0x67, 0x8F, 0xBD, 0x8D,
    0xC7, 0xC7, 0xE6, 0x3E, 0x96, 0x16, 0x23, 0x9B, 0xC7, 0xC7, 0xE4, 0x0F, 0xDE, 0xD2, 0xBC, 0x5D,
    0xAE, 0xE7, 0x27, 0x95, 0x5F, 0xCF, 0x2F, 0xFF, 0xA4, 0x44, 0xBC, 0x7E, 0xDB, 0xFE, 0xAA, 0xD4,
    0x23, 0x37, 0x7E, 0x05, 0x0B, 0xA6, 0xF9, 0x1F, 0xC9, 0x39, 0x3F, 0x87, 0x73, 0x4D, 0xCF, 0x6D,
    0xF5, 0x6C, 0x90, 0xFF, 0xB9, 0xE4, 0x62, 0x77, 0x9D, 0x98, 0x3F, 0xB8, 0xA3, 0x39, 0x04, 0xC9,
    0x38, 0x7F, 0xC8, 0x7D, 0xAF, 0x90, 0x3A, 0xDB, 0xF6, 0x03, 0xC9, 0xD1, 0x1F, 0x1F, 0x90, 0x64,
    0x1F, 0xFC, 0xC3, 0x79, 0xE1, 0x2D, 0x33, 0x2C, 0x1B, 0x42, 0x55, 0x4D, 0xBF, 0x4D, 0xFB, 0x1C,
    0xB2, 0xA7, 0xF9, 0x00, 0x90, 0xCF, 0xE7, 0x90, 0x85, 0xFF, 0x7C, 0xFB, 0xB7, 0x35, 0x09, 0x5B,
    0xB3, 0xE6, 0xA7, 0xF5, 0xD5, 0xD9, 0xCF, 0x92, 0x73, 0x42, 0xD7, 0x9A, 0x5C, 0x66, 0xF9, 0xE4,
    0xF3, 0x1B, 0xF8, 0x27, 0x24, 0x8D, 0x55, 0x5E, 0x3A, 0xF5, 0x45, 0xF2, 0x1B, 0x7A, 0x66, 0xC8,
    0x91, 0xEB, 0xBD, 0xDE, 0xF3, 0xE4, 0xF3, 0x0B, 0x03, 0x87, 0xEB, 0x0E, 0x3D, 0x7E, 0x72, 0x28,
    0x5C, 0xBE, 0x7E, 0x7D, 0x26, 0x2A, 0xBC, 0x9E, 0x66, 0xB1, 0x62, 0x2E, 0x5C, 0x21, 0x28, 0x2E,
    0x5C, 0x0B, 0xBB, 0xE0, 0xC2, 0x13, 0xF3, 0x50, 0xFF, 0xF1, 0x46, 0x9F, 0x5F, 0xB8, 0x7E, 0xF3,
    0xD4, 0xF2, 0xA7, 0xE7, 0xC7, 0xE2, 0x67, 0xFB, 0x63, 0xA2, 0x91, 0x66, 0x4B, 0xFF, 0x89, 0xE4,
    0xCF, 0x48, 0xFE, 0xA5, 0xD9, 0xED, 0x76, 0xB1, 0xD4, 0xC5, 0x1B, 0xE4, 0x71, 0xDB, 0x7C, 0x5B,
    0x7F, 0x5F, 0x9A, 0x87, 0xE4, 0x62, 0x57, 0xAD, 0xE5, 0x17, 0xAE, 0x9F, 0xED, 0xBE, 0x13, 0xF2,
    0x63, 0xF0, 0xEC, 0xFA, 0xC3, 0xFA, 0x81, 0x1F, 0x6B, 0xA6, 0x04, 0xB2, 0xA3, 0x47, 0xCB, 0xEE,
    0x80, 0x4C, 0xDE, 0x4E, 0xE4, 0x22, 0x4C, 0xE1, 0x1D, 0x5D, 0xED, 0x79, 0x4C, 0xD9, 0x31, 0xB8,
    0x5C, 0xD5, 0xC9, 0x7B, 0x8C, 0x44, 0x8E, 0xED, 0x99, 0xB1, 0x4F, 0x3A, 0xBF, 0xCC, 0xC5, 0x8C,
    0x93, 0xF1, 0xB2, 0x65, 0x46, 0x56, 0xDF, 0xFF, 0x67, 0xF9, 0xE5, 0xEF, 0xE0, 0x24, 0x52, 0x0E,
    0xAE, 0xCD, 0xDF, 0x8C, 0xCD, 0xB3, 0xB3, 0xEB, 0xD7, 0x1E, 0x7F, 0xFB, 0xD2, 0x78, 0xFC, 0xB0,
    0x97, 0x0D, 0xBC, 0x3A, 0x11, 0x76, 0x47, 0x3B, 0x2E, 0x6C, 0x9C, 0x8A, 0xD3, 0xFE, 0x9F, 0x77,
    0xF3, 0xC4, 0x5B, 0x79, 0xC5, 0x57, 0x4D, 0xB0, 0x40, 0x99, 0xB0, 0xF4, 0xB8, 0xEF, 0xCE, 0xE3,
    0xE6, 0x74, 0xC2, 0xE4, 0x04, 0x98, 0x0D, 0x25, 0xF5, 0x2E, 0xD4, 0xE0, 0x18, 0xAF, 0xF1, 0x8A,
    0x50, 0x6A, 0xFE, 0xD7, 0x77, 0xF5, 0x6C, 0xCA, 0xA6, 0x6B, 0xD1, 0xDC, 0xFC, 0xE4, 0x34, 0xDC,
    0x34, 0xEA, 0xFE, 0xD9, 0x07, 0xA6, 0xFB, 0x4F, 0x18, 0x21, 0xEF, 0x8D, 0xF1, 0x4F, 0x56, 0xB0,
    0xB0, 0x1C, 0x66, 0x08, 0x58, 0xB8, 0x68, 0x37, 0x50, 0xAF, 0x1D, 0x18, 0x49, 0xA8, 0x11, 0x56,
    0xF6, 0xFF, 0xEE, 0x28, 0x3C, 0xE8, 0xFC, 0x06, 0x25, 0x1F, 0xB7, 0x34, 0x97, 0xD3, 0x9F, 0x61,
    0xD1, 0x45, 0x43, 0xBF, 0xD6, 0x4E, 0x53, 0xCA, 0xFA, 0x78, 0x2C, 0xDB, 0xE1, 0x07, 0x43, 0x6D,
    0xEA, 0x4D, 0x8C, 0xC6, 0x07, 0x18, 0x11, 0x5A, 0xE1, 0xA8, 0x1A, 0xA2, 0x8D, 0x4B, 0x19, 0x42,
    0x53, 0xC2, 0x73, 0xCB, 0x87, 0x03, 0xBB, 0x86, 0x43, 0xBC, 0x0E, 0xED, 0x9E, 0x46, 0xC1, 0xF5,
    0x2B, 0xDF, 0xBC, 0x9C, 0x70, 0x32, 0x71, 0x57, 0x78, 0xCB, 0x45, 0x61, 0x77, 0x35, 0x3E, 0xBB,
    0xD1, 0xE7, 0x16, 0x7C, 0x8D, 0x78, 0x4F, 0xB8, 0x7A, 0x3F, 0x1C, 0xD3, 0xD8, 0x8C, 0xCE, 0x67,
    0xAC, 0xF5, 0x78, 0xFF, 0xA5, 0x9E, 0x67, 0xD4, 0x9D, 0xC8, 0xA8, 0x5D, 0x85, 0xE8, 0x58, 0x3D,
    0x71, 0xA8, 0xEA, 0xB2, 0xFE, 0x5F, 0x0F, 0x8C, 0xB3, 0x33, 0x14, 0x39, 0x21, 0x73, 0xDF, 0xEC,
    0x45, 0xBE, 0x28, 0xCB, 0x85, 0xEA, 0xCE, 0x82, 0xE1, 0xC5, 0x5D, 0xE1, 0xEA, 0x3E, 0xFF, 0x0D,
    0x91, 0x46, 0x29, 0x56, 0xFA, 0x8F, 0x16, 0xBE, 0x66, 0xF3, 0x97, 0xB0, 0x0F, 0xD9, 0x5D, 0x60,
    0x87, 0x6A, 0x88, 0xD8, 0xC5, 0xCD, 0x3D, 0x98, 0x0B, 0xB5, 0xD9, 0xDE, 0x56, 0xA7, 0xF5, 0xF6,
    0x16, 0x5C, 0x28, 0x4B, 0x73, 0x97, 0xF9, 0x9E, 0x59, 0x4C, 0xCD, 0x2D, 0x73, 0xA3, 0xBD, 0xDD,
    0xE4, 0xB3, 0xF6, 0x2D, 0x3B, 0x90, 0x4B, 0x13, 0xBB, 0x15, 0x76, 0x4D, 0x9B, 0xC8, 0x2D, 0x83,
    0x0C, 0x24, 0xE9, 0xCD, 0xB1, 0x9F, 0xD2, 0x84, 0xAF, 0x14, 0xFE, 0xBB, 0xF0, 0xE8, 0xFD, 0xA4,
    0x98, 0xFC, 0x42, 0x73, 0xEF, 0x37, 0xD8, 0x84, 0xF3, 0xEB, 0xCC, 0xFB, 0x00, 0xA1, 0x19, 0xEF,
    0x25, 0xEE, 0x07, 0x08, 0xAA, 0x78, 0xCF, 0xB8, 0x7F, 0x40, 0xFE, 0xBE, 0x71, 0xFE, 0x88, 0xFC,
    0xBE, 0x31, 0x9F, 0x66, 0xBA, 0x4C, 0xDC, 0xDA, 0x4D, 0xFD, 0xDD, 0x3F, 0xE8, 0x91, 0xAE, 0xAF,
    0xCF, 0xFC, 0xB2, 0x81, 0x95, 0x45, 0x1F, 0x09, 0xBF, 0xBE, 0xEB, 0x64, 0x88, 0x90, 0x7F, 0x60,
    0x7D, 0x81, 0x15, 0x8F, 0xA0, 0xE2, 0x18, 0xEA, 0x44, 0x59, 0xF5, 0xA4, 0xCE, 0x19, 0x40, 0x51,
    0xA9, 0x47, 0x70, 0x66, 0x76, 0xCF, 0xC3, 0xC4, 0x6A, 0x14, 0xDC, 0x93, 0x00, 0x62, 0x11, 0xBA,
    0x11, 0x26, 0x3D, 0x79, 0x3F, 0x37, 0xC1, 0x7B, 0xAF, 0x17, 0x71, 0xF0, 0x93, 0x72, 0x2B, 0x78,
    0xAD, 0xFA, 0x46, 0x90, 0xED, 0x1E, 0xDD, 0x61, 0x76, 0x8E, 0x49, 0x63, 0x86, 0xA7, 0x43, 0xC0,
    0x64, 0xD1, 0xCD, 0xC9, 0xF1, 0x93, 0x24, 0x71, 0xF7, 0x7F, 0x4D, 0xB1, 0x74, 0xC2, 0xCD, 0x67,
    0xE9, 0xFA, 0x66, 0x81, 0x7E, 0x33, 0x10, 0x9F, 0xFA, 0xAB, 0x66, 0x1C, 0x72, 0xF9, 0x78, 0x50,
    0x7F, 0x26, 0xC8, 0x92, 0xCD, 0x20, 0x2B, 0xE3, 0xE0, 0xC7, 0x55, 0xF8, 0xFA, 0xEB, 0x85, 0xFF,
    0xDE, 0x9D, 0xC4, 0x6D, 0x0F, 0xD8, 0x95, 0x58, 0x8E, 0xE4, 0x06, 0x25, 0x3C, 0x0E, 0xBA, 0xDA,
    0xED, 0x63, 0x81, 0x1E, 0x29, 0x89, 0xC2, 0x71, 0xCD, 0xDC, 0x2C, 0x8D, 0xFB, 0x60, 0xDF, 0x04,
    0x89, 0x9F, 0xBD, 0x24, 0x54, 0x21, 0xEC, 0xA0, 0xFA, 0xA1, 0x31, 0x3F, 0xFF, 0xB9, 0x31, 0x3F,
    0x40, 0xC2, 0x67, 0x5C, 0xC3, 0x6F, 0x28, 0xE3, 0x3E, 0xC0, 0x3F, 0xB8, 0x28, 0xCD, 0xFF, 0x03,
};

static const EpdGlyph notosansjp_18_regularGlyphs[] = {
    { 0, 0, 134, 0, 0, 0, 0 }, // U+0020
    { 6, 29, 194, 3, 29, 44, 0 }, // !
    { 12, 11, 284, 3, 29, 33, 44 }, // "
    { 19, 28, 333, 1, 28, 133, 77 }, // #
    { 17, 36, 333, 2, 32, 153, 210 }, // $
    { 33, 28, 553, 1, 28, 231, 363 }, // %
    { 24, 28, 408, 1, 28, 168, 594 }, // &
    { 4, 11, 167, 3, 29, 11, 762 }, // '
    { 9, 39, 203, 3, 31, 88, 773 }, // (
    { 9, 39, 203, 1, 31, 88, 861 }, // )
    { 14, 13, 280, 2, 30, 46, 949 }, // *
    { 19, 20, 333, 1, 24, 95, 995 }, // +
    { 8, 13, 167, 1, 5, 26, 1090 }, // ,
    { 11, 3, 208, 1, 12, 9, 1116 }, // -
    { 6, 6, 167, 2, 6, 9, 1125 }, // .
    { 15, 37, 235, 0, 30, 139, 1134 }, // /
    { 18, 28, 333, 1, 28, 126, 1273 }, // 0
    { 16, 28, 333, 3, 28, 112, 1399 }, // 1
    { 18, 28, 333, 1, 28, 126, 1511 }, // 2
    { 18, 28, 333, 1, 28, 126, 1637 }, // 3
    { 20, 28, 333, 0, 28, 140, 1763 }, // 4
    { 18, 28, 333, 1, 28, 126, 1903 }, // 5
    { 18, 28, 333, 2, 28, 126, 2029 }, // 6
    { 19, 28, 333, 1, 28, 133, 2155 }, // 7
    { 19, 28, 333, 1, 28, 133, 2288 }, // 8
    { 18, 28, 333, 1, 28, 126, 2421 }, // 9
    { 6, 21, 167, 2, 21, 32, 2547 }, // :
    { 8, 28, 167, 1, 20, 56, 2579 }, // ;
    { 19, 17, 333, 1, 22, 81, 2635 }, // <
    { 19, 12, 333, 1, 20, 57, 2716 }, // =
    { 19, 17, 333, 1, 22, 81, 2773 }, // >
    { 15, 29, 284, 1, 29, 109, 2854 }, // ?
    { 32, 34, 568, 2, 27, 272, 2963 }, // @
    { 23, 28, 365, 0, 28, 161, 3235 }, // A
    { 20, 28, 394, 3, 28, 140, 3396 }, // B
    { 21, 28, 383, 2, 28, 147, 3536 }, // C
    { 21, 28, 413, 3, 28, 147, 3683 }, // D
    { 18, 28, 353, 3, 28, 126, 3830 }, // E
    { 17, 28, 331, 3, 28, 119, 3956 }, // F
    { 22, 28, 413, 2, 28, 154, 4075 }, // G
    { 21, 28, 437, 3, 28, 147, 4229 }, // H
    { 5, 28, 176, 3, 28, 35, 4376 }, // I
    { 16, 28, 321, 1, 28, 112, 4411 }, // J
    { 22, 28, 388, 3, 28, 154, 4523 }, // K
    { 17, 28, 326, 3, 28, 119, 4677 }, // L
    { 24, 28, 487, 3, 28, 168, 4796 }, // M
    { 21, 28, 434, 3, 28, 147, 4964 }, // N
    { 24, 28, 445, 2, 28, 168, 5111 }, // O
    { 19, 28, 380, 3, 28, 133, 5279 }, // P
    { 25, 35, 445, 2, 28, 219, 5412 }, // Q
    { 20, 28, 381, 3, 28, 140, 5631 }, // R
    { 20, 28, 358, 1, 28, 140, 5771 }, // S
    { 21, 28, 359, 1, 28, 147, 5911 }, // T
    { 21, 28, 433, 3, 28, 147, 6058 }, // U
    { 22, 28, 345, 0, 28, 154, 6205 }, // V
    { 32, 28, 527, 0, 28, 224, 6359 }, // W
    { 21, 28, 344, 0, 28, 147, 6583 }, // X
    { 21, 28, 319, -1, 28, 147, 6730 }, // Y
    { 20, 28, 362, 1, 28, 140, 6877 }, // Z
    { 9, 36, 203, 3, 30, 81, 7017 }, // [
    { 15, 37, 235, 0, 30, 139, 7098 }, // <backslash>
    { 8, 36, 203, 1, 30, 72, 7237 }, // ]
    { 17, 17, 333, 2, 28, 73, 7309 }, // ^
    { 21, 3, 335, 0, -3, 16, 7382 }, // _
    { 9, 9, 364, 5, 33, 21, 7398 }, // `
    { 17, 20, 338, 2, 20, 85, 7419 }, // a
    { 19, 29, 371, 3, 29, 138, 7504 }, // b
    { 18, 20, 306, 1, 20, 90, 7642 }, // c
    { 19, 29, 372, 1, 29, 138, 7732 }, // d
    { 19, 20, 332, 1, 20, 95, 7870 }, // e
    { 13, 30, 195, 1, 30, 98, 7965 }, // f
    { 20, 29, 338, 1, 20, 145, 8063 }, // g
    { 17, 29, 364, 3, 29, 124, 8208 }, // h
    { 6, 29, 165, 2, 29, 44, 8332 }, // i
    { 10, 38, 165, -2, 29, 95, 8376 }, // j
    { 18, 30, 331, 3, 30, 135, 8471 }, // k
    { 7, 31, 170, 3, 31, 55, 8606 }, // l
    { 29, 20, 556, 3, 20, 145, 8661 }, // m
    { 17, 20, 366, 3, 20, 85, 8806 }, // n
    { 20, 20, 364, 1, 20, 100, 8891 }, // o
    { 19, 29, 372, 3, 20, 138, 8991 }, // p
    { 19, 29, 372, 1, 20, 138, 9129 }, // q
    { 12, 20, 233, 3, 20, 60, 9267 }, // r
    { 16, 20, 281, 1, 20, 80, 9327 }, // s
    { 13, 26, 226, 1, 26, 85, 9407 }, // t
    { 17, 20, 364, 3, 20, 85, 9492 }, // u
    { 20, 20, 313, 0, 20, 100, 9577 }, // v
    { 29, 20, 481, 1, 20, 145, 9677 }, // w
    { 19, 20, 299, 0, 20, 95, 9822 }, // x
    { 20, 29, 313, 0, 20, 145, 9917 }, // y
    { 16, 20, 285, 1, 20, 80, 10062 }, // z
    { 11, 36, 203, 1, 30, 99, 10142 }, // {
    { 4, 42, 162, 3, 31, 42, 10241 }, // |
    { 11, 36, 203, 1, 30, 99, 10283 }, // }
    { 19, 6, 333, 1, 17, 29, 10382 }, // ~
    { 0, 0, 134, 0, 0, 0, 0 }, // U+00A0
    { 6, 29, 194, 3, 20, 44, 0 }, // U+00A1
    { 18, 30, 333, 2, 28, 135, 44 }, // U+00A2
    { 17, 27, 333, 2, 27, 115, 179 }, // U+00A3
    { 19, 19, 333, 1, 23, 91, 294 }, // U+00A4
    { 20, 27, 333, 0, 27, 135, 385 }, // U+00A5
    { 4, 42, 162, 3, 31, 42, 520 }, // U+00A6
    { 18, 34, 600, 10, 30, 153, 562 }, // U+00A7
    { 13, 5, 364, 5, 29, 17, 715 }, // U+00A8
    { 28, 28, 499, 2, 28, 196, 732 }, // U+00A9
    { 12, 15, 232, 1, 31, 45, 928 }, // U+00AA
    { 15, 16, 287, 1, 19, 60, 973 }, // U+00AB
    { 19, 11, 333, 1, 15, 53, 1033 }, // U+00AC
    { 11, 3, 208, 1, 12, 9, 1086 }, // U+00AD
    { 17, 17, 284, 0, 30, 73, 1095 }, // U+00AE
    { 12, 3, 364, 5, 28, 9, 1168 }, // U+00AF
    { 12, 11, 222, 1, 29, 33, 1177 }, // U+00B0
    { 28, 31, 600, 5, 31, 217, 1210 }, // U+00B1
    { 13, 18, 247, 1, 34, 59, 1427 }, // U+00B2
    { 13, 18, 247, 1, 33, 59, 1486 }, // U+00B3
    { 10, 9, 364, 8, 33, 23, 1545 }, // U+00B4
    { 20, 28, 377, 3, 20, 140, 1568 }, // U+00B5
    { 17, 33, 600, 9, 29, 141, 1708 }, // U+00B6
    { 6, 6, 337, 7, 17, 9, 1849 }, // U+00B7
    { 8, 10, 364, 7, 0, 20, 1858 }, // U+00B8
    { 7, 17, 247, 3, 33, 30, 1878 }, // U+00B9
    { 13, 15, 244, 1, 31, 49, 1908 }, // U+00BA
    { 15, 16, 287, 2, 19, 60, 1957 }, // U+00BB
    { 30, 28, 524, 2, 28, 210, 2017 }, // U+00BC
    { 30, 28, 542, 2, 28, 210, 2227 }, // U+00BD
    { 31, 28, 533, 1, 28, 217, 2437 }, // U+00BE
    { 16, 28, 284, 1, 20, 112, 2654 }, // U+00BF
    { 23, 37, 365, 0, 37, 213, 2766 }, // U+00C0
    { 23, 37, 365, 0, 37, 213, 2979 }, // U+00C1
    { 23, 36, 365, 0, 36, 207, 3192 }, // U+00C2
    { 23, 36, 365, 0, 36, 207, 3399 }, // U+00C3
    { 23, 35, 365, 0, 35, 202, 3606 }, // U+00C4
    { 23, 38, 365, 0, 38, 219, 3808 }, // U+00C5
    { 33, 28, 551, 0, 28, 231, 4027 }, // U+00C6
    { 21, 37, 383, 2, 28, 195, 4258 }, // U+00C7
    { 18, 37, 353, 3, 37, 167, 4453 }, // U+00C8
    { 18, 37, 353, 3, 37, 167, 4620 }, // U+00C9
    { 18, 36, 353, 3, 36, 162, 4787 }, // U+00CA
    { 18, 35, 353, 3, 35, 158, 4949 }, // U+00CB
    { 9, 37, 176, -1, 37, 84, 5107 }, // U+00CC
    { 9, 37, 176, 3, 37, 84, 5191 }, // U+00CD
    { 13, 36, 176, -1, 36, 117, 5275 }, // U+00CE
    { 13, 35, 176, -1, 35, 114, 5392 }, // U+00CF
    { 24, 28, 427, 1, 28, 168, 5506 }, // U+00D0
    { 21, 36, 434, 3, 36, 189, 5674 }, // U+00D1
    { 24, 37, 445, 2, 37, 222, 5863 }, // U+00D2
    { 24, 37, 445, 2, 37, 222, 6085 }, // U+00D3
    { 24, 35, 445, 2, 35, 210, 6307 }, // U+00D4
    { 24, 35, 445, 2, 35, 210, 6517 }, // U+00D5
    { 24, 35, 445, 2, 35, 210, 6727 }, // U+00D6
    { 25, 25, 600, 6, 26, 157, 6937 }, // U+00D7
    { 24, 30, 445, 2, 29, 180, 7094 }, // U+00D8
    { 21, 37, 433, 3, 37, 195, 7274 }, // U+00D9
    { 21, 37, 433, 3, 37, 195, 7469 }, // U+00DA
    { 21, 36, 433, 3, 36, 189, 7664 }, // U+00DB
    { 21, 35, 433, 3, 35, 184, 7853 }, // U+00DC
    { 21, 37, 319, -1, 37, 195, 8037 }, // U+00DD
    { 20, 28, 391, 3, 28, 140, 8232 }, // U+00DE
    { 20, 31, 386, 3, 31, 155, 8372 }, // U+00DF
    { 17, 32, 338, 2, 32, 136, 8527 }, // U+00E0
    { 17, 32, 338, 2, 32, 136, 8663 }, // U+00E1
    { 17, 30, 338, 2, 30, 128, 8799 }, // U+00E2
    { 17, 30, 338, 2, 30, 128, 8927 }, // U+00E3
    { 17, 28, 338, 2, 28, 119, 9055 }, // U+00E4
    { 17, 31, 338, 2, 31, 132, 9174 }, // U+00E5
    { 30, 20, 526, 2, 20, 150, 9306 }, // U+00E6
    { 18, 29, 306, 1, 20, 131, 9456 }, // U+00E7
    { 19, 32, 332, 1, 32, 152, 9587 }, // U+00E8
    { 19, 32, 332, 1, 32, 152, 9739 }, // U+00E9
    { 19, 30, 332, 1, 30, 143, 9891 }, // U+00EA
    { 19, 28, 332, 1, 28, 133, 10034 }, // U+00EB
    { 9, 33, 165, -1, 33, 75, 10167 }, // U+00EC
    { 10, 33, 165, 2, 33, 83, 10242 }, // U+00ED
    { 14, 31, 165, -2, 31, 109, 10325 }, // U+00EE
    { 13, 29, 165, -1, 29, 95, 10434 }, // U+00EF
    { 19, 31, 365, 2, 31, 148, 10529 }, // U+00F0
    { 17, 30, 366, 3, 30, 128, 10677 }, // U+00F1
    { 20, 32, 364, 1, 32, 160, 10805 }, // U+00F2
    { 20, 32, 364, 1, 32, 160, 10965 }, // U+00F3
    { 20, 30, 364, 1, 30, 150, 11125 }, // U+00F4
    { 20, 30, 364, 1, 30, 150, 11275 }, // U+00F5
    { 20, 28, 364, 1, 28, 140, 11425 }, // U+00F6
    { 28, 26, 600, 5, 27, 182, 11565 }, // U+00F7
    { 20, 22, 364, 1, 21, 110, 11747 }, // U+00F8
    { 17, 33, 364, 3, 33, 141, 11857 }, // U+00F9
    { 17, 33, 364, 3, 33, 141, 11998 }, // U+00FA
    { 17, 31, 364, 3, 31, 132, 12139 }, // U+00FB
    { 17, 29, 364, 3, 29, 124, 12271 }, // U+00FC
    { 20, 42, 313, 0, 33, 210, 12395 }, // U+00FD
    { 19, 38, 372, 3, 29, 181, 12605 }, // U+00FE
    { 20, 38, 313, 0, 29, 190, 12786 }, // U+00FF
    { 23, 34, 365, 0, 34, 196, 0 }, // U+0100
    { 17, 28, 338, 2, 28, 119, 196 }, // U+0101
    { 23, 36, 365, 0, 36, 207, 315 }, // U+0102
    { 17, 30, 338, 2, 30, 128, 522 }, // U+0103
    { 24, 28, 427, 1, 28, 168, 650 }, // U+0110
    { 22, 30, 372, 1, 30, 165, 818 }, // U+0111
    { 18, 34, 353, 3, 34, 153, 983 }, // U+0112
    { 19, 28, 332, 1, 28, 133, 1136 }, // U+0113
    { 18, 36, 353, 3, 36, 162, 1269 }, // U+011A
    { 19, 31, 332, 1, 31, 148, 1431 }, // U+011B
    { 15, 36, 176, -2, 36, 135, 1579 }, // U+0128
    { 16, 30, 165, -3, 30, 120, 1714 }, // U+0129
    { 13, 34, 176, -1, 34, 111, 1834 }, // U+012A
    { 12, 28, 165, -1, 28, 84, 1945 }, // U+012B
    { 21, 37, 434, 3, 37, 195, 2029 }, // U+0143
    { 17, 33, 366, 3, 33, 141, 2224 }, // U+0144
    { 21, 36, 434, 3, 36, 189, 2365 }, // U+0147
    { 17, 31, 366, 3, 31, 132, 2554 }, // U+0148
    { 24, 34, 445, 2, 34, 204, 2686 }, // U+014C
    { 20, 28, 364, 1, 28, 140, 2890 }, // U+014D
    { 24, 36, 445, 2, 36, 216, 3030 }, // U+014E
    { 20, 30, 364, 1, 30, 150, 3246 }, // U+014F
    { 32, 28, 568, 2, 28, 224, 3396 }, // U+0152
    { 33, 20, 562, 1, 20, 165, 3620 }, // U+0153
    { 21, 36, 433, 3, 36, 189, 3785 }, // U+0168
    { 17, 30, 364, 3, 30, 128, 3974 }, // U+0169
    { 21, 34, 433, 3, 34, 179, 4102 }, // U+016A
    { 17, 28, 364, 3, 28, 119, 4281 }, // U+016B
    { 21, 36, 433, 3, 36, 189, 4400 }, // U+016C
    { 17, 31, 364, 3, 31, 132, 4589 }, // U+016D
    { 24, 34, 445, 2, 34, 204, 0 }, // U+01A0
    { 21, 28, 364, 1, 28, 147, 204 }, // U+01A1
    { 26, 36, 442, 3, 36, 234, 351 }, // U+01AF
    { 21, 28, 364, 3, 28, 147, 585 }, // U+01B0
    { 23, 36, 365, 0, 36, 207, 732 }, // U+01CD
    { 17, 31, 338, 2, 31, 132, 939 }, // U+01CE
    { 13, 36, 176, -1, 36, 117, 1071 }, // U+01CF
    { 14, 31, 165, -2, 31, 109, 1188 }, // U+01D0
    { 24, 36, 445, 2, 36, 216, 1297 }, // U+01D1
    { 20, 31, 364, 1, 31, 155, 1513 }, // U+01D2
    { 21, 36, 433, 3, 36, 189, 1668 }, // U+01D3
    { 17, 31, 364, 3, 31, 132, 1857 }, // U+01D4
    { 21, 39, 433, 3, 39, 205, 1989 }, // U+01D5
    { 17, 33, 364, 3, 33, 141, 2194 }, // U+01D6
    { 21, 41, 433, 3, 41, 216, 2335 }, // U+01D7
    { 17, 35, 364, 3, 35, 149, 2551 }, // U+01D8
    { 21, 42, 433, 3, 42, 221, 2700 }, // U+01D9
    { 17, 36, 364, 3, 36, 153, 2921 }, // U+01DA
    { 21, 41, 433, 3, 41, 216, 3074 }, // U+01DB
    { 17, 35, 364, 3, 35, 149, 3290 }, // U+01DC
    { 21, 37, 434, 3, 37, 195, 3439 }, // U+01F8
    { 17, 33, 366, 3, 33, 141, 3634 }, // U+01F9
    { 15, 13, 0, 4, 27, 49, 0 }, // U+0300
    { 15, 14, 0, 4, 29, 53, 49 }, // U+0301
    { 12, 3, 0, -6, 28, 9, 102 }, // U+0304
    { 8, 8, 0, 7, 33, 16, 111 }, // U+0307
    { 20, 15, 0, 1, 27, 75, 127 }, // U+030C
    { 18, 35, 353, 3, 35, 158, 0 }, // U+0401
    { 23, 28, 365, 0, 28, 161, 158 }, // U+0410
    { 20, 28, 389, 3, 28, 140, 319 }, // U+0411
    { 20, 28, 394, 3, 28, 140, 459 }, // U+0412
    { 17, 28, 334, 3, 28, 119, 599 }, // U+0413
    { 25, 36, 427, 1, 28, 225, 718 }, // U+0414
    { 18, 28, 353, 3, 28, 126, 943 }, // U+0415
    { 34, 28, 539, 0, 28, 238, 1069 }, // U+0416
    { 21, 28, 372, 1, 28, 147, 1307 }, // U+0417
    { 21, 28, 440, 3, 28, 147, 1454 }, // U+0418
    { 21, 36, 440, 3, 36, 189, 1601 }, // U+0419
    { 22, 28, 389, 3, 28, 154, 1790 }, // U+041A
    { 23, 28, 422, 0, 28, 161, 1944 }, // U+041B
    { 24, 28, 487, 3, 28, 168, 2105 }, // U+041C
    { 21, 28, 437, 3, 28, 147, 2273 }, // U+041D
    { 24, 28, 445, 2, 28, 168, 2420 }, // U+041E
    { 21, 28, 433, 3, 28, 147, 2588 }, // U+041F
    { 19, 28, 380, 3, 28, 133, 2735 }, // U+0420
    { 21, 28, 383, 2, 28, 147, 2868 }, // U+0421
    { 21, 28, 359, 1, 28, 147, 3015 }, // U+0422
    { 22, 28, 345, 0, 28, 154, 3162 }, // U+0423
    { 28, 28, 491, 1, 28, 196, 3316 }, // U+0424
    { 21, 28, 344, 0, 28, 147, 3512 }, // U+0425
    { 23, 36, 431, 3, 28, 207, 3659 }, // U+0426
    { 20, 28, 401, 2, 28, 140, 3866 }, // U+0427
    { 30, 28, 580, 3, 28, 210, 4006 }, // U+0428
    { 33, 36, 586, 3, 28, 297, 4216 }, // U+0429
    { 28, 28, 483, 1, 28, 196, 4513 }, // U+042A
    { 27, 28, 535, 3, 28, 189, 4709 }, // U+042B
    { 20, 28, 389, 3, 28, 140, 4898 }, // U+042C
    { 21, 28, 383, 1, 28, 147, 5038 }, // U+042D
    { 33, 28, 608, 3, 28, 231, 5185 }, // U+042E
    { 21, 28, 390, 0, 28, 147, 5416 }, // U+042F
    { 17, 20, 338, 2, 20, 85, 5563 }, // U+0430
    { 19, 31, 365, 2, 31, 148, 5648 }, // U+0431
    { 17, 20, 340, 3, 20, 85, 5796 }, // U+0432
    { 14, 20, 275, 3, 20, 70, 5881 }, // U+0433
    { 22, 28, 356, 0, 20, 154, 5951 }, // U+0434
    { 19, 20, 332, 1, 20, 95, 6105 }, // U+0435
    { 28, 20, 456, 0, 20, 140, 6200 }, // U+0436
    { 17, 20, 306, 1, 20, 85, 6340 }, // U+0437
    { 18, 20, 379, 3, 20, 90, 6425 }, // U+0438
    { 18, 31, 379, 3, 31, 140, 6515 }, // U+0439
    { 18, 20, 334, 3, 20, 90, 6655 }, // U+043A
    { 19, 20, 356, 0, 20, 95, 6745 }, // U+043B
    { 21, 20, 424, 3, 20, 105, 6840 }, // U+043C
    { 18, 20, 377, 3, 20, 90, 6945 }, // U+043D
    { 20, 20, 364, 1, 20, 100, 7035 }, // U+043E
    { 17, 20, 371, 3, 20, 85, 7135 }, // U+043F
    { 19, 29, 372, 3, 20, 138, 7220 }, // U+0440
    { 18, 20, 306, 1, 20, 90, 7358 }, // U+0441
    { 18, 20, 308, 1, 20, 90, 7448 }, // U+0442
    { 20, 29, 313, 0, 20, 145, 7538 }, // U+0443
    { 28, 38, 492, 1, 29, 266, 7683 }, // U+0444
    { 19, 20, 299, 0, 20, 95, 7949 }, // U+0445
    { 20, 28, 371, 3, 20, 140, 8044 }, // U+0446
    { 16, 20, 343, 2, 20, 80, 8184 }, // U+0447
    { 25, 20, 502, 3, 20, 125, 8264 }, // U+0448
    { 28, 28, 507, 3, 20, 196, 8389 }, // U+0449
    { 23, 20, 399, 1, 20, 115, 8585 }, // U+044A
    { 22, 20, 452, 3, 20, 110, 8700 }, // U+044B
    { 16, 20, 329, 3, 20, 80, 8810 }, // U+044C
    { 17, 20, 306, 1, 20, 85, 8890 }, // U+044D
    { 26, 20, 495, 3, 20, 130, 8975 }, // U+044E
    { 18, 20, 344, 1, 20, 90, 9105 }, // U+044F
    { 19, 28, 332, 1, 28, 133, 9195 }, // U+0451
    { 23, 37, 365, 0, 28, 213, 0 }, // U+1EA0
    { 17, 29, 338, 2, 20, 124, 213 }, // U+1EA1
    { 23, 37, 365, 0, 37, 213, 337 }, // U+1EA2
    { 17, 31, 338, 2, 31, 132, 550 }, // U+1EA3
    { 23, 38, 365, 0, 38, 219, 682 }, // U+1EA4
    { 19, 33, 338, 2, 33, 157, 901 }, // U+1EA5
    { 23, 38, 365, 0, 38, 219, 1058 }, // U+1EA6
    { 19, 33, 338, 0, 33, 157, 1277 }, // U+1EA7
    { 23, 39, 365, 0, 39, 225, 1434 }, // U+1EA8
    { 18, 32, 338, 2, 32, 144, 1659 }, // U+1EA9
    { 23, 41, 365, 0, 41, 236, 1803 }, // U+1EAA
    { 17, 33, 338, 2, 33, 141, 2039 }, // U+1EAB
    { 23, 45, 365, 0, 36, 259, 2180 }, // U+1EAC
    { 17, 39, 338, 2, 30, 166, 2439 }, // U+1EAD
    { 23, 41, 365, 0, 41, 236, 2605 }, // U+1EAE
    { 17, 34, 338, 2, 34, 145, 2841 }, // U+1EAF
    { 23, 41, 365, 0, 41, 236, 2986 }, // U+1EB0
    { 17, 34, 338, 2, 34, 145, 3222 }, // U+1EB1
    { 23, 41, 365, 0, 41, 236, 3367 }, // U+1EB2
    { 17, 35, 338, 2, 35, 149, 3603 }, // U+1EB3
    { 23, 41, 365, 0, 41, 236, 3752 }, // U+1EB4
    { 17, 33, 338, 2, 33, 141, 3988 }, // U+1EB5
    { 23, 45, 365, 0, 36, 259, 4129 }, // U+1EB6
    { 17, 39, 338, 2, 30, 166, 4388 }, // U+1EB7
    { 18, 37, 353, 3, 28, 167, 4554 }, // U+1EB8
    { 19, 29, 332, 1, 20, 138, 4721 }, // U+1EB9
    { 18, 37, 353, 3, 37, 167, 4859 }, // U+1EBA
    { 19, 31, 332, 1, 31, 148, 5026 }, // U+1EBB
    { 18, 36, 353, 3, 36, 162, 5174 }, // U+1EBC
    { 19, 30, 332, 1, 30, 143, 5336 }, // U+1EBD
    { 19, 38, 353, 3, 38, 181, 5479 }, // U+1EBE
    { 20, 33, 332, 1, 33, 165, 5660 }, // U+1EBF
    { 18, 38, 353, 3, 38, 171, 5825 }, // U+1EC0
    { 20, 33, 332, 0, 33, 165, 5996 }, // U+1EC1
    { 18, 39, 353, 3, 39, 176, 6161 }, // U+1EC2
    { 19, 32, 332, 1, 32, 152, 6337 }, // U+1EC3
    { 18, 41, 353, 3, 41, 185, 6489 }, // U+1EC4
    { 19, 33, 332, 1, 33, 157, 6674 }, // U+1EC5
    { 18, 45, 353, 3, 36, 203, 6831 }, // U+1EC6
    { 19, 39, 332, 1, 30, 186, 7034 }, // U+1EC7
    { 7, 37, 176, 2, 37, 65, 7220 }, // U+1EC8
    { 7, 32, 165, 2, 32, 56, 7285 }, // U+1EC9
    { 5, 37, 176, 3, 28, 47, 7341 }, // U+1ECA
    { 6, 38, 165, 2, 29, 57, 7388 }, // U+1ECB
    { 24, 37, 445, 2, 28, 222, 7445 }, // U+1ECC
    { 20, 29, 364, 1, 20, 145, 7667 }, // U+1ECD
    { 24, 37, 445, 2, 37, 222, 7812 }, // U+1ECE
    { 20, 31, 364, 1, 31, 155, 8034 }, // U+1ECF
    { 24, 38, 445, 2, 38, 228, 8189 }, // U+1ED0
    { 21, 33, 364, 1, 33, 174, 8417 }, // U+1ED1
    { 24, 38, 445, 2, 38, 228, 8591 }, // U+1ED2
    { 20, 33, 364, 1, 33, 165, 8819 }, // U+1ED3
    { 24, 38, 445, 2, 38, 228, 8984 }, // U+1ED4
    { 20, 32, 364, 1, 32, 160, 9212 }, // U+1ED5
    { 24, 40, 445, 2, 40, 240, 9372 }, // U+1ED6
    { 20, 33, 364, 1, 33, 165, 9612 }, // U+1ED7
    { 24, 44, 445, 2, 35, 264, 9777 }, // U+1ED8
    { 20, 39, 364, 1, 30, 195, 10041 }, // U+1ED9
    { 24, 37, 445, 2, 37, 222, 10236 }, // U+1EDA
    { 21, 34, 364, 1, 34, 179, 10458 }, // U+1EDB
    { 24, 37, 445, 2, 37, 222, 10637 }, // U+1EDC
    { 21, 34, 364, 1, 34, 179, 10859 }, // U+1EDD
    { 24, 37, 445, 2, 37, 222, 11038 }, // U+1EDE
    { 21, 33, 364, 1, 33, 174, 11260 }, // U+1EDF
    { 24, 36, 445, 2, 36, 216, 11434 }, // U+1EE0
    { 21, 31, 364, 1, 31, 163, 11650 }, // U+1EE1
    { 24, 43, 445, 2, 34, 258, 11813 }, // U+1EE2
    { 21, 37, 364, 1, 28, 195, 12071 }, // U+1EE3
    { 21, 37, 433, 3, 28, 195, 12266 }, // U+1EE4
    { 17, 29, 364, 3, 20, 124, 12461 }, // U+1EE5
    { 21, 37, 433, 3, 37, 195, 12585 }, // U+1EE6
    { 17, 32, 364, 3, 32, 136, 12780 }, // U+1EE7
    { 26, 37, 442, 3, 37, 241, 12916 }, // U+1EE8
    { 21, 33, 364, 3, 33, 174, 13157 }, // U+1EE9
    { 26, 37, 442, 3, 37, 241, 13331 }, // U+1EEA
    { 21, 33, 364, 3, 33, 174, 13572 }, // U+1EEB
    { 26, 37, 442, 3, 37, 241, 13746 }, // U+1EEC
    { 21, 32, 364, 3, 32, 168, 13987 }, // U+1EED
    { 26, 36, 442, 3, 36, 234, 14155 }, // U+1EEE
    { 21, 31, 364, 3, 31, 163, 14389 }, // U+1EEF
    { 26, 45, 442, 3, 36, 293, 14552 }, // U+1EF0
    { 21, 37, 364, 3, 28, 195, 14845 }, // U+1EF1
    { 21, 37, 319, -1, 37, 195, 15040 }, // U+1EF2
    { 20, 42, 313, 0, 33, 210, 15235 }, // U+1EF3
    { 21, 37, 319, -1, 28, 195, 15445 }, // U+1EF4
    { 20, 29, 313, 0, 20, 145, 15640 }, // U+1EF5
    { 21, 37, 319, -1, 37, 195, 15785 }, // U+1EF6
    { 20, 41, 313, 0, 32, 205, 15980 }, // U+1EF7
    { 21, 36, 319, -1, 36, 189, 16185 }, // U+1EF8
    { 20, 39, 313, 0, 30, 195, 16374 }, // U+1EF9
    { 0, 0, 300, 0, 0, 0, 0 }, // U+2002
    { 0, 0, 600, 0, 0, 0, 0 }, // U+2003
    { 10, 2, 600, 14, 15, 5, 0 }, // U+2010
    { 11, 3, 208, 1, 12, 9, 5 }, // U+2011
    { 18, 3, 322, 1, 12, 14, 14 }, // U+2012
    { 18, 3, 322, 1, 12, 14, 28 }, // U+2013
    { 31, 3, 536, 1, 12, 24, 42 }, // U+2014
    { 33, 2, 600, 2, 15, 17, 66 }, // U+2015
    { 8, 38, 600, 15, 33, 76, 83 }, // U+2016
    { 6, 12, 167, 2, 30, 18, 159 }, // U+2018
    { 7, 12, 167, 2, 30, 21, 177 }, // U+2019
    { 7, 12, 167, 2, 5, 21, 198 }, // U+201A
    { 14, 12, 284, 2, 30, 42, 219 }, // U+201C
    { 14, 12, 284, 2, 30, 42, 261 }, // U+201D
    { 14, 12, 284, 2, 5, 42, 303 }, // U+201E
    { 19, 32, 600, 9, 29, 152, 345 }, // U+2020
    { 19, 32, 600, 9, 29, 152, 497 }, // U+2021
    { 11, 11, 204, 1, 17, 31, 649 }, // U+2022
    { 25, 5, 600, 6, 17, 32, 680 }, // U+2025
    { 31, 5, 600, 3, 17, 39, 712 }, // U+2026
    { 9, 8, 600, 14, 18, 18, 751 }, // U+2027
    { 36, 31, 600, 1, 29, 279, 769 }, // U+2030
    { 5, 12, 167, 3, 30, 15, 1048 }, // U+2032
    { 13, 12, 284, 3, 30, 39, 1063 }, // U+2033
    { 9, 6, 600, 12, 36, 14, 1102 }, // U+2035
    { 9, 16, 181, 1, 19, 36, 1116 }, // U+2039
    { 8, 16, 181, 2, 19, 32, 1152 }, // U+203A
    { 28, 28, 600, 5, 28, 196, 1184 }, // U+203B
    { 17, 29, 368, 3, 29, 124, 1380 }, // U+203C
    { 31, 31, 600, 3, 30, 241, 1504 }, // U+2042
    { 32, 29, 546, 1, 29, 232, 1745 }, // U+2047
    { 24, 29, 455, 1, 29, 174, 1977 }, // U+2048
    { 24, 29, 455, 3, 29, 174, 2151 }, // U+2049
    { 15, 32, 600, 11, 30, 120, 2325 }, // U+2051
    { 14, 17, 247, 1, 33, 60, 0 }, // U+2074
    { 23, 27, 333, -1, 27, 156, 0 }, // U+20A9
    { 19, 28, 333, 2, 28, 133, 156 }, // U+20AB
    { 21, 28, 333, 0, 28, 147, 289 }, // U+20AC
    { 35, 19, 600, 1, 24, 167, 0 }, // U+2190
    { 18, 35, 600, 10, 32, 158, 167 }, // U+2191
    { 36, 19, 600, 1, 24, 171, 325 }, // U+2192
    { 18, 35, 600, 10, 31, 158, 496 }, // U+2193
    { 36, 19, 600, 1, 23, 171, 654 }, // U+2194
    { 18, 35, 600, 10, 32, 158, 825 }, // U+2195
    { 26, 27, 600, 6, 27, 176, 983 }, // U+2196
    { 27, 27, 600, 5, 27, 183, 1159 }, // U+2197
    { 27, 27, 600, 5, 28, 183, 1342 }, // U+2198
    { 26, 27, 600, 6, 28, 176, 1525 }, // U+2199
    { 33, 32, 600, 2, 32, 264, 1701 }, // U+21B8
    { 36, 36, 600, 1, 32, 324, 1965 }, // U+21B9
    { 36, 36, 600, 1, 32, 324, 2289 }, // U+21C4
    { 35, 35, 600, 1, 32, 307, 2613 }, // U+21C5
    { 36, 36, 600, 1, 32, 324, 2920 }, // U+21C6
    { 36, 34, 600, 1, 31, 306, 3244 }, // U+21CB
    { 36, 34, 600, 1, 31, 306, 3550 }, // U+21CC
    { 36, 27, 600, 0, 27, 243, 3856 }, // U+21D0
    { 36, 27, 600, 1, 27, 243, 4099 }, // U+21D2
    { 37, 27, 600, 0, 27, 250, 4342 }, // U+21D4
    { 35, 28, 600, 1, 28, 245, 4592 }, // U+21E6
    { 27, 37, 600, 5, 33, 250, 4837 }, // U+21E7
    { 36, 28, 600, 1, 28, 252, 5087 }, // U+21E8
    { 27, 37, 600, 5, 32, 250, 5339 }, // U+21E9
    { 35, 35, 600, 1, 32, 307, 5589 }, // U+21F5
    { 30, 31, 600, 4, 29, 233, 0 }, // U+2200
    { 22, 30, 600, 8, 29, 165, 233 }, // U+2202
    { 23, 29, 600, 7, 28, 167, 398 }, // U+2203
    { 29, 30, 600, 4, 29, 218, 565 }, // U+2205
    { 27, 29, 600, 5, 28, 196, 783 }, // U+2206
    { 27, 29, 600, 5, 27, 196, 979 }, // U+2207
    { 29, 26, 600, 4, 27, 189, 1175 }, // U+2208
    { 29, 33, 600, 4, 30, 240, 1364 }, // U+2209
    { 20, 22, 600, 9, 21, 110, 1604 }, // U+220A
    { 29, 26, 600, 4, 27, 189, 1714 }, // U+220B
    { 23, 34, 600, 7, 27, 196, 1903 }, // U+220F
    { 23, 29, 600, 7, 28, 167, 2099 }, // U+2211
    { 19, 3, 333, 1, 15, 15, 2266 }, // U+2212
    { 28, 32, 600, 5, 29, 224, 2281 }, // U+2213
    { 36, 35, 600, 1, 32, 315, 2505 }, // U+2215
    { 37, 38, 600, 1, 33, 352, 2820 }, // U+221A
    { 31, 16, 600, 1, 22, 124, 3172 }, // U+221D
    { 36, 16, 600, 1, 22, 144, 3296 }, // U+221E
    { 27, 30, 600, 6, 29, 203, 3440 }, // U+221F
    { 30, 27, 600, 3, 27, 203, 3643 }, // U+2220
    { 4, 28, 600, 17, 28, 28, 3846 }, // U+2223
    { 23, 30, 600, 7, 29, 173, 3874 }, // U+2225
    { 23, 30, 600, 7, 29, 173, 4047 }, // U+2226
    { 30, 30, 600, 4, 29, 225, 4220 }, // U+2227
    { 30, 30, 600, 4, 29, 225, 4445 }, // U+2228
    { 25, 30, 600, 6, 29, 188, 4670 }, // U+2229
    { 25, 30, 600, 6, 29, 188, 4858 }, // U+222A
    { 15, 36, 600, 11, 32, 135, 5046 }, // U+222B
    { 29, 36, 600, 4, 32, 261, 5181 }, // U+222C
    { 35, 36, 600, 1, 32, 315, 5442 }, // U+222D
    { 15, 36, 600, 11, 32, 135, 5757 }, // U+222E
    { 26, 24, 600, 6, 26, 156, 5892 }, // U+2234
    { 26, 24, 600, 6, 26, 156, 6048 }, // U+2235
    { 6, 24, 600, 16, 26, 36, 6204 }, // U+2236
    { 26, 24, 600, 6, 26, 156, 6240 }, // U+2237
    { 36, 16, 600, 1, 22, 144, 6396 }, // U+223D
    { 29, 15, 600, 4, 22, 109, 6540 }, // U+2243
    { 29, 19, 600, 4, 23, 138, 6649 }, // U+2245
    { 29, 16, 600, 4, 22, 116, 6787 }, // U+2248
    { 36, 28, 600, 1, 28, 252, 6903 }, // U+224C
    { 28, 28, 600, 5, 28, 196, 7155 }, // U+2260
    { 28, 20, 600, 5, 24, 140, 7351 }, // U+2261
    { 28, 28, 600, 5, 28, 196, 7491 }, // U+2262
    { 30, 30, 600, 3, 30, 225, 7687 }, // U+2264
    { 30, 30, 600, 4, 30, 225, 7912 }, // U+2265
    { 31, 36, 600, 3, 33, 279, 8137 }, // U+2266
    { 30, 36, 600, 4, 33, 270, 8416 }, // U+2267
    { 34, 30, 600, 2, 29, 255, 8686 }, // U+226A
    { 34, 30, 600, 2, 29, 255, 8941 }, // U+226B
    { 31, 32, 600, 3, 30, 248, 9196 }, // U+226E
    { 30, 32, 600, 4, 30, 240, 9444 }, // U+226F
    { 30, 34, 600, 4, 31, 255, 9684 }, // U+2272
    { 30, 34, 600, 4, 31, 255, 9939 }, // U+2273
    { 31, 35, 600, 3, 31, 272, 10194 }, // U+2276
    { 31, 35, 600, 3, 31, 272, 10466 }, // U+2277
    { 29, 26, 600, 4, 27, 189, 10738 }, // U+2282
    { 29, 26, 600, 4, 27, 189, 10927 }, // U+2283
    { 29, 32, 600, 4, 30, 232, 11116 }, // U+2284
    { 29, 32, 600, 4, 30, 232, 11348 }, // U+2285
    { 29, 30, 600, 4, 29, 218, 11580 }, // U+2286
    { 29, 30, 600, 4, 29, 218, 11798 }, // U+2287
    { 29, 33, 600, 4, 29, 240, 12016 }, // U+228A
    { 29, 33, 600, 4, 29, 240, 12256 }, // U+228B
    { 29, 30, 600, 4, 29, 218, 12496 }, // U+2295
    { 29, 30, 600, 4, 29, 218, 12714 }, // U+2296
    { 29, 30, 600, 4, 29, 218, 12932 }, // U+2297
    { 29, 30, 600, 4, 29, 218, 13150 }, // U+2298
    { 29, 30, 600, 4, 29, 218, 13368 }, // U+2299
    { 31, 32, 600, 3, 30, 248, 13586 }, // U+22A0
    { 31, 28, 600, 3, 28, 217, 13834 }, // U+22A5
    { 30, 31, 600, 3, 30, 233, 14051 }, // U+22BF
    { 30, 38, 600, 3, 33, 285, 14284 }, // U+22DA
    { 30, 38, 600, 4, 33, 285, 14569 }, // U+22DB
    { 31, 5, 600, 3, 17, 39, 14854 }, // U+22EF
    { 26, 29, 600, 6, 26, 189, 0 }, // U+3041
    { 30, 34, 600, 4, 31, 255, 189 }, // U+3042
    { 26, 24, 600, 6, 22, 156, 444 }, // U+3043
    { 31, 28, 600, 4, 27, 217, 600 }, // U+3044
    { 22, 29, 600, 8, 25, 160, 817 }, // U+3045
    { 25, 33, 600, 6, 30, 207, 977 }, // U+3046
    { 25, 27, 600, 7, 24, 169, 1184 }, // U+3047
    { 31, 33, 600, 4, 30, 256, 1353 }, // U+3048
    { 28, 27, 600, 6, 24, 189, 1609 }, // U+3049
    { 33, 33, 600, 3, 31, 273, 1798 }, // U+304A
    { 35, 33, 600, 2, 30, 289, 2071 }, // U+304B
    { 35, 36, 600, 2, 33, 315, 2360 }, // U+304C
    { 27, 34, 600, 6, 31, 230, 2675 }, // U+304D
    { 32, 35, 600, 4, 32, 280, 2905 }, // U+304E
    { 22, 33, 600, 6, 30, 182, 3185 }, // U+304F
    { 26, 33, 600, 6, 30, 215, 3367 }, // U+3050
    { 31, 34, 600, 4, 30, 264, 3582 }, // U+3051
    { 33, 36, 600, 4, 32, 297, 3846 }, // U+3052
    { 26, 29, 600, 6, 27, 189, 4143 }, // U+3053
    { 32, 36, 600, 5, 33, 288, 4332 }, // U+3054
    { 28, 33, 600, 5, 31, 231, 4620 }, // U+3055
    { 32, 36, 600, 5, 33, 288, 4851 }, // U+3056
    { 26, 33, 600, 8, 30, 215, 5139 }, // U+3057
    { 26, 33, 600, 8, 30, 215, 5354 }, // U+3058
    { 32, 34, 600, 3, 31, 272, 5569 }, // U+3059
    { 33, 36, 600, 2, 32, 297, 5841 }, // U+305A
    { 34, 31, 600, 1, 30, 264, 6138 }, // U+305B
    { 37, 32, 600, 0, 30, 296, 6402 }, // U+305C
    { 30, 33, 600, 3, 30, 248, 6698 }, // U+305D
    { 33, 33, 600, 2, 30, 273, 6946 }, // U+305E
    { 32, 34, 600, 3, 31, 272, 7219 }, // U+305F
    { 34, 33, 600, 2, 30, 281, 7491 }, // U+3060
    { 28, 34, 600, 4, 30, 238, 7772 }, // U+3061
    { 34, 37, 600, 3, 33, 315, 8010 }, // U+3062
    { 26, 21, 600, 6, 19, 137, 8325 }, // U+3063
    { 33, 26, 600, 2, 25, 215, 8462 }, // U+3064
    { 34, 33, 600, 2, 32, 281, 8677 }, // U+3065
    { 31, 30, 600, 3, 28, 233, 8958 }, // U+3066
    { 33, 30, 600, 2, 27, 248, 9191 }, // U+3067
    { 25, 32, 600, 7, 30, 200, 9439 }, // U+3068
    { 31, 34, 600, 6, 31, 264, 9639 }, // U+3069
    { 32, 34, 600, 3, 31, 272, 9903 }, // U+306A
    { 30, 32, 600, 4, 29, 240, 10175 }, // U+306B
    { 35, 32, 600, 2, 30, 280, 10415 }, // U+306C
    { 35, 34, 600, 2, 31, 298, 10695 }, // U+306D
    { 32, 29, 600, 3, 27, 232, 10993 }, // U+306E
    { 32, 33, 600, 4, 30, 264, 11225 }, // U+306F
    { 34, 35, 600, 3, 32, 298, 11489 }, // U+3070
    { 34, 35, 600, 3, 32, 298, 11787 }, // U+3071
    { 32, 32, 600, 4, 29, 256, 12085 }, // U+3072
    { 34, 36, 600, 3, 32, 306, 12341 }, // U+3073
    { 34, 35, 600, 3, 31, 298, 12647 }, // U+3074
    { 36, 32, 600, 1, 30, 288, 12945 }, // U+3075
    { 36, 32, 600, 0, 30, 288, 13233 }, // U+3076
    { 36, 31, 600, 0, 29, 279, 13521 }, // U+3077
    { 34, 25, 600, 2, 25, 213, 13800 }, // U+3078
    { 35, 29, 600, 1, 28, 254, 14013 }, // U+3079
    { 35, 28, 600, 1, 27, 245, 14267 }, // U+307A
    { 32, 33, 600, 4, 30, 264, 14512 }, // U+307B
    { 34, 35, 600, 3, 32, 298, 14776 }, // U+307C
    { 35, 36, 600, 3, 33, 315, 15074 }, // U+307D
    { 27, 33, 600, 6, 30, 223, 15389 }, // U+307E
    { 34, 33, 600, 2, 29, 281, 15612 }, // U+307F
    { 32, 34, 600, 3, 31, 272, 15893 }, // U+3080
    { 31, 33, 600, 3, 30, 256, 16165 }, // U+3081
    { 30, 34, 600, 3, 31, 255, 16421 }, // U+3082
    { 28, 28, 600, 4, 24, 196, 16676 }, // U+3083
    { 33, 34, 600, 2, 31, 281, 16872 }, // U+3084
    { 26, 29, 600, 7, 24, 189, 17153 }, // U+3085
    { 31, 34, 600, 4, 30, 264, 17342 }, // U+3086
    { 23, 27, 600, 7, 24, 156, 17606 }, // U+3087
    { 29, 33, 600, 4, 30, 240, 17762 }, // U+3088
    { 26, 34, 600, 6, 30, 221, 18002 }, // U+3089
    { 23, 34, 600, 7, 31, 196, 18223 }, // U+308A
    { 29, 32, 600, 4, 29, 232, 18419 }, // U+308B
    { 35, 34, 600, 2, 31, 298, 18651 }, // U+308C
    { 28, 32, 600, 4, 28, 224, 18949 }, // U+308D
    { 28, 28, 600, 5, 25, 196, 19173 }, // U+308E
    { 33, 34, 600, 2, 31, 281, 19369 }, // U+308F
    { 31, 32, 600, 3, 29, 248, 19650 }, // U+3090
    { 33, 33, 600, 2, 30, 273, 19898 }, // U+3091
    { 31, 34, 600, 3, 31, 264, 20171 }, // U+3092
    { 34, 33, 600, 2, 30, 281, 20435 }, // U+3093
    { 31, 33, 600, 5, 30, 256, 20716 }, // U+3094
    { 29, 27, 600, 6, 24, 196, 20972 }, // U+3095
    { 26, 28, 600, 7, 23, 182, 21168 }, // U+3096
    { 10, 8, 0, -10, 33, 20, 21350 }, // U+3099
    { 9, 8, 0, -9, 33, 18, 21370 }, // U+309A
    { 12, 9, 600, 0, 32, 27, 21388 }, // U+309B
    { 10, 9, 600, 0, 31, 23, 21415 }, // U+309C
    { 17, 22, 600, 12, 24, 94, 21438 }, // U+309D
    { 21, 27, 600, 10, 28, 142, 21532 }, // U+309E
    { 31, 37, 600, 2, 33, 287, 21674 }, // U+309F
    { 17, 8, 600, 10, 18, 34, 21961 }, // U+30A0
    { 27, 25, 600, 6, 21, 169, 21995 }, // U+30A1
    { 31, 31, 600, 4, 28, 241, 22164 }, // U+30A2
    { 26, 26, 600, 4, 23, 169, 22405 }, // U+30A3
    { 30, 31, 600, 3, 29, 233, 22574 }, // U+30A4
    { 25, 27, 600, 7, 23, 169, 22807 }, // U+30A5
    { 29, 34, 600, 5, 31, 247, 22976 }, // U+30A6
    { 27, 21, 600, 5, 20, 142, 23223 }, // U+30A7
    { 32, 26, 600, 3, 26, 208, 23365 }, // U+30A8
    { 27, 26, 600, 6, 23, 176, 23573 }, // U+30A9
    { 31, 32, 600, 3, 30, 248, 23749 }, // U+30AA
    { 29, 32, 600, 4, 30, 232, 23997 }, // U+30AB
    { 33, 35, 600, 3, 32, 289, 24229 }, // U+30AC
    { 30, 32, 600, 4, 30, 240, 24518 }, // U+30AD
    { 33, 35, 600, 3, 32, 289, 24758 }, // U+30AE
    { 30, 34, 600, 3, 31, 255, 25047 }, // U+30AF
    { 34, 36, 600, 2, 32, 306, 25302 }, // U+30B0
    { 33, 34, 600, 2, 31, 281, 25608 }, // U+30B1
    { 35, 36, 600, 1, 32, 315, 25889 }, // U+30B2
    { 27, 29, 600, 5, 27, 196, 26204 }, // U+30B3
    { 31, 36, 600, 5, 33, 279, 26400 }, // U+30B4
    { 33, 33, 600, 2, 30, 273, 26679 }, // U+30B5
    { 35, 35, 600, 1, 31, 307, 26952 }, // U+30B6
    { 32, 30, 600, 3, 29, 240, 27259 }, // U+30B7
    { 33, 32, 600, 3, 30, 264, 27499 }, // U+30B8
    { 31, 29, 600, 3, 27, 225, 27763 }, // U+30B9
    { 33, 36, 600, 3, 33, 297, 27988 }, // U+30BA
    { 32, 32, 600, 2, 30, 256, 28285 }, // U+30BB
    { 35, 34, 600, 1, 32, 298, 28541 }, // U+30BC
    { 28, 29, 600, 4, 27, 203, 28839 }, // U+30BD
    { 32, 34, 600, 4, 32, 272, 29042 }, // U+30BE
    { 30, 34, 600, 3, 31, 255, 29314 }, // U+30BF
    { 34, 37, 600, 2, 33, 315, 29569 }, // U+30C0
    { 32, 33, 600, 3, 30, 264, 29884 }, // U+30C1
    { 34, 32, 600, 2, 29, 272, 30148 }, // U+30C2
    { 26, 25, 600, 6, 21, 163, 30420 }, // U+30C3
    { 31, 30, 600, 3, 28, 233, 30583 }, // U+30C4
    { 33, 35, 600, 3, 32, 289, 30816 }, // U+30C5
    { 32, 31, 600, 3, 28, 248, 31105 }, // U+30C6
    { 34, 37, 600, 3, 33, 315, 31353 }, // U+30C7
    { 20, 31, 600, 12, 29, 155, 31668 }, // U+30C8
    { 22, 31, 600, 11, 29, 171, 31823 }, // U+30C9
    { 32, 33, 600, 3, 30, 264, 31994 }, // U+30CA
    { 31, 24, 600, 3, 25, 186, 32258 }, // U+30CB
    { 27, 30, 600, 4, 27, 203, 32444 }, // U+30CC
    { 33, 34, 600, 2, 31, 281, 32647 }, // U+30CD
    { 26, 29, 600, 5, 28, 189, 32928 }, // U+30CE
    { 33, 26, 600, 2, 26, 215, 33117 }, // U+30CF
    { 34, 31, 600, 2, 31, 264, 33332 }, // U+30D0
    { 35, 33, 600, 2, 31, 289, 33596 }, // U+30D1
    { 25, 31, 600, 8, 30, 194, 33885 }, // U+30D2
    { 29, 34, 600, 6, 32, 247, 34079 }, // U+30D3
    { 30, 33, 600, 6, 31, 248, 34326 }, // U+30D4
    { 28, 29, 600, 5, 27, 203, 34574 }, // U+30D5
    { 33, 36, 600, 4, 33, 297, 34777 }, // U+30D6
    { 33, 35, 600, 4, 32, 289, 35074 }, // U+30D7
    { 34, 24, 600, 2, 25, 204, 35363 }, // U+30D8
    { 35, 28, 600, 1, 28, 245, 35567 }, // U+30D9
    { 35, 27, 600, 1, 27, 237, 35812 }, // U+30DA
    { 32, 32, 600, 3, 30, 256, 36049 }, // U+30DB
    { 34, 35, 600, 2, 32, 298, 36305 }, // U+30DC
    { 33, 35, 600, 2, 32, 289, 36603 }, // U+30DD
    { 32, 30, 600, 3, 27, 240, 36892 }, // U+30DE
    { 26, 30, 600, 5, 28, 195, 37132 }, // U+30DF
    { 34, 33, 600, 2, 30, 281, 37327 }, // U+30E0
    { 29, 30, 600, 4, 28, 218, 37608 }, // U+30E1
    { 31, 29, 600, 4, 27, 225, 37826 }, // U+30E2
    { 28, 27, 600, 5, 23, 189, 38051 }, // U+30E3
    { 33, 32, 600, 2, 30, 264, 38240 }, // U+30E4
    { 28, 21, 600, 5, 20, 147, 38504 }, // U+30E5
    { 33, 25, 600, 2, 26, 207, 38651 }, // U+30E6
    { 23, 25, 600, 7, 21, 144, 38858 }, // U+30E7
    { 27, 29, 600, 5, 27, 196, 39002 }, // U+30E8
    { 28, 32, 600, 5, 29, 224, 39198 }, // U+30E9
    { 22, 30, 600, 8, 28, 165, 39422 }, // U+30EA
    { 34, 30, 600, 2, 28, 255, 39587 }, // U+30EB
    { 27, 29, 600, 8, 28, 196, 39842 }, // U+30EC
    { 28, 29, 600, 5, 27, 203, 40038 }, // U+30ED
    { 24, 25, 600, 7, 21, 150, 40241 }, // U+30EE
    { 29, 30, 600, 4, 27, 218, 40391 }, // U+30EF
    { 32, 33, 600, 3, 30, 264, 40609 }, // U+30F0
    { 32, 27, 600, 3, 27, 216, 40873 }, // U+30F1
    { 27, 31, 600, 6, 28, 210, 41089 }, // U+30F2
    { 30, 29, 600, 5, 28, 218, 41299 }, // U+30F3
    { 32, 36, 600, 4, 33, 288, 41517 }, // U+30F4
    { 24, 27, 600, 6, 23, 162, 41805 }, // U+30F5
    { 29, 27, 600, 4, 23, 196, 41967 }, // U+30F6
    { 32, 37, 600, 4, 33, 296, 42163 }, // U+30F7
    { 34, 35, 600, 2, 32, 298, 42459 }, // U+30F8
    { 34, 34, 600, 2, 33, 289, 42757 }, // U+30F9
    { 32, 37, 600, 4, 33, 296, 43046 }, // U+30FA
    { 9, 8, 600, 14, 18, 18, 43342 }, // U+30FB
    { 31, 5, 600, 3, 17, 39, 43360 }, // U+30FC
    { 18, 18, 600, 10, 22, 81, 43399 }, // U+30FD
    { 21, 24, 600, 10, 27, 126, 43480 }, // U+30FE
    { 23, 32, 600, 7, 29, 184, 43606 }, // U+30FF
    { 25, 30, 386, 1, 30, 188, 0 }, // U+FB00
    { 19, 30, 360, 1, 30, 143, 188 }, // U+FB01
    { 21, 30, 366, 1, 30, 158, 331 }, // U+FB02
    { 31, 30, 551, 1, 30, 233, 489 }, // U+FB03
    { 33, 30, 557, 1, 30, 248, 722 }, // U+FB04
    { 6, 30, 600, 16, 29, 45, 0 }, // U+FF01
    { 14, 13, 600, 12, 33, 46, 45 }, // U+FF02
    { 26, 30, 600, 6, 29, 195, 91 }, // U+FF03
    { 21, 39, 600, 8, 33, 205, 286 }, // U+FF04
    { 33, 30, 600, 2, 29, 248, 491 }, // U+FF05
    { 25, 31, 600, 7, 29, 194, 739 }, // U+FF06
    { 5, 13, 600, 16, 33, 17, 933 }, // U+FF07
    { 10, 36, 600, 26, 32, 90, 950 }, // U+FF08
    { 11, 36, 600, 1, 32, 99, 1040 }, // U+FF09
    { 27, 29, 600, 5, 29, 196, 1139 }, // U+FF0A
    { 28, 29, 600, 5, 28, 203, 1335 }, // U+FF0B
    { 8, 14, 600, 5, 9, 28, 1538 }, // U+FF0C
    { 28, 3, 600, 5, 15, 21, 1566 }, // U+FF0D
    { 6, 6, 600, 6, 5, 9, 1587 }, // U+FF0E
    { 36, 35, 600, 1, 32, 315, 1596 }, // U+FF0F
    { 21, 28, 600, 8, 28, 147, 1911 }, // U+FF10
    { 20, 28, 600, 9, 28, 140, 2058 }, // U+FF11
    { 21, 28, 600, 8, 28, 147, 2198 }, // U+FF12
    { 21, 28, 600, 8, 28, 147, 2345 }, // U+FF13
    { 22, 28, 600, 8, 28, 154, 2492 }, // U+FF14
    { 21, 28, 600, 8, 28, 147, 2646 }, // U+FF15
    { 20, 28, 600, 9, 28, 140, 2793 }, // U+FF16
    { 20, 28, 600, 9, 28, 140, 2933 }, // U+FF17
    { 21, 28, 600, 8, 28, 147, 3073 }, // U+FF18
    { 21, 28, 600, 8, 28, 147, 3220 }, // U+FF19
    { 7, 25, 600, 15, 26, 44, 3367 }, // U+FF1A
    { 9, 31, 600, 14, 26, 70, 3411 }, // U+FF1B
    { 31, 30, 600, 3, 29, 233, 3481 }, // U+FF1C
    { 28, 12, 600, 5, 20, 84, 3714 }, // U+FF1D
    { 30, 30, 600, 4, 29, 225, 3798 }, // U+FF1E
    { 19, 30, 600, 9, 29, 143, 4023 }, // U+FF1F
    { 32, 36, 600, 3, 32, 288, 4166 }, // U+FF20
    { 27, 28, 600, 5, 28, 189, 4454 }, // U+FF21
    { 22, 28, 600, 9, 28, 154, 4643 }, // U+FF22
    { 24, 28, 600, 7, 28, 168, 4797 }, // U+FF23
    { 23, 28, 600, 8, 28, 161, 4965 }, // U+FF24
    { 19, 28, 600, 10, 28, 133, 5126 }, // U+FF25
    { 19, 28, 600, 11, 28, 133, 5259 }, // U+FF26
    { 25, 28, 600, 6, 28, 175, 5392 }, // U+FF27
    { 23, 28, 600, 7, 28, 161, 5567 }, // U+FF28
    { 20, 28, 600, 9, 28, 140, 5728 }, // U+FF29
    { 18, 28, 600, 9, 28, 126, 5868 }, // U+FF2A
    { 23, 28, 600, 9, 28, 161, 5994 }, // U+FF2B
    { 19, 28, 600, 11, 28, 133, 6155 }, // U+FF2C
    { 27, 28, 600, 5, 28, 189, 6288 }, // U+FF2D
    { 23, 28, 600, 7, 28, 161, 6477 }, // U+FF2E
    { 28, 28, 600, 5, 28, 196, 6638 }, // U+FF2F
    { 21, 28, 600, 9, 28, 147, 6834 }, // U+FF30
    { 28, 35, 600, 5, 28, 245, 6981 }, // U+FF31
    { 22, 28, 600, 9, 28, 154, 7226 }, // U+FF32
    { 23, 28, 600, 7, 28, 161, 7380 }, // U+FF33
    { 24, 28, 600, 7, 28, 168, 7541 }, // U+FF34
    { 24, 28, 600, 7, 28, 168, 7709 }, // U+FF35
    { 25, 28, 600, 6, 28, 175, 7877 }, // U+FF36
    { 36, 28, 600, 1, 28, 252, 8052 }, // U+FF37
    { 24, 28, 600, 7, 28, 168, 8304 }, // U+FF38
    { 24, 28, 600, 7, 28, 168, 8472 }, // U+FF39
    { 22, 28, 600, 8, 28, 154, 8640 }, // U+FF3A
    { 11, 36, 600, 26, 32, 99, 8794 }, // U+FF3B
    { 36, 35, 600, 1, 32, 315, 8893 }, // U+FF3C
    { 10, 35, 600, 1, 32, 88, 9208 }, // U+FF3D
    { 13, 6, 600, 13, 36, 20, 9296 }, // U+FF3E
    { 38, 2, 600, 0, -3, 19, 9316 }, // U+FF3F
    { 9, 6, 600, 12, 36, 14, 9335 }, // U+FF40
    { 19, 20, 600, 9, 20, 95, 9349 }, // U+FF41
    { 21, 29, 600, 9, 29, 153, 9444 }, // U+FF42
    { 20, 20, 600, 9, 20, 100, 9597 }, // U+FF43
    { 22, 29, 600, 7, 29, 160, 9697 }, // U+FF44
    { 22, 20, 600, 8, 20, 110, 9857 }, // U+FF45
    { 21, 30, 600, 10, 30, 158, 9967 }, // U+FF46
    { 22, 29, 600, 8, 20, 160, 10125 }, // U+FF47
    { 20, 29, 600, 9, 29, 145, 10285 }, // U+FF48
    { 6, 30, 600, 16, 30, 45, 10430 }, // U+FF49
    { 16, 39, 600, 8, 30, 156, 10475 }, // U+FF4A
    { 20, 30, 600, 10, 30, 150, 10631 }, // U+FF4B
    { 13, 31, 600, 16, 31, 101, 10781 }, // U+FF4C
    { 33, 20, 600, 2, 20, 165, 10882 }, // U+FF4D
    { 20, 20, 600, 9, 20, 100, 11047 }, // U+FF4E
    { 22, 20, 600, 8, 20, 110, 11147 }, // U+FF4F
    { 21, 29, 600, 9, 20, 153, 11257 }, // U+FF50
    { 21, 29, 600, 8, 20, 153, 11410 }, // U+FF51
    { 17, 20, 600, 12, 20, 85, 11563 }, // U+FF52
    { 20, 20, 600, 9, 20, 100, 11648 }, // U+FF53
    { 21, 26, 600, 9, 26, 137, 11748 }, // U+FF54
    { 19, 20, 600, 9, 20, 95, 11885 }, // U+FF55
    { 22, 20, 600, 8, 20, 110, 11980 }, // U+FF56
    { 33, 20, 600, 2, 20, 165, 12090 }, // U+FF57
    { 21, 20, 600, 8, 20, 105, 12255 }, // U+FF58
    { 22, 29, 600, 8, 20, 160, 12360 }, // U+FF59
    { 20, 20, 600, 9, 20, 100, 12520 }, // U+FF5A
    { 11, 38, 600, 26, 33, 105, 12620 }, // U+FF5B
    { 3, 38, 600, 17, 33, 29, 12725 }, // U+FF5C
    { 11, 36, 600, 1, 32, 99, 12754 }, // U+FF5D
    { 35, 12, 600, 1, 20, 105, 12853 }, // U+FF5E
    { 16, 36, 600, 21, 32, 144, 12958 }, // U+FF5F
    { 16, 36, 600, 1, 32, 144, 13102 }, // U+FF60
    { 12, 12, 300, 1, 9, 36, 13246 }, // U+FF61
    { 13, 26, 300, 5, 32, 85, 13282 }, // U+FF62
    { 13, 26, 300, 1, 22, 85, 13367 }, // U+FF63
    { 12, 11, 300, 0, 8, 33, 13452 }, // U+FF64
    { 7, 7, 300, 6, 18, 13, 13485 }, // U+FF65
    { 14, 30, 300, 3, 27, 105, 13498 }, // U+FF66
    { 14, 24, 300, 3, 21, 84, 13603 }, // U+FF67
    { 13, 25, 300, 2, 22, 82, 13687 }, // U+FF68
    { 13, 26, 300, 3, 23, 85, 13769 }, // U+FF69
    { 14, 20, 300, 2, 19, 70, 13854 }, // U+FF6A
    { 14, 25, 300, 2, 23, 88, 13924 }, // U+FF6B
    { 14, 25, 300, 2, 22, 88, 14012 }, // U+FF6C
    { 14, 20, 300, 2, 19, 70, 14100 }, // U+FF6D
    { 11, 23, 300, 4, 20, 64, 14170 }, // U+FF6E
    { 14, 23, 300, 2, 20, 81, 14234 }, // U+FF6F
    { 15, 5, 300, 2, 16, 19, 14315 }, // U+FF70
    { 16, 30, 300, 2, 27, 120, 14334 }, // U+FF71
    { 16, 31, 300, 1, 29, 124, 14454 }, // U+FF72
    { 15, 33, 300, 2, 30, 124, 14578 }, // U+FF73
    { 17, 26, 300, 1, 26, 111, 14702 }, // U+FF74
    { 16, 32, 300, 2, 30, 128, 14813 }, // U+FF75
    { 16, 32, 300, 1, 30, 128, 14941 }, // U+FF76
    { 15, 31, 300, 2, 29, 117, 15069 }, // U+FF77
    { 15, 33, 300, 2, 30, 124, 15186 }, // U+FF78
    { 16, 33, 300, 1, 30, 132, 15310 }, // U+FF79
    { 14, 27, 300, 2, 26, 95, 15442 }, // U+FF7A
    { 17, 32, 300, 1, 29, 136, 15537 }, // U+FF7B
    { 17, 30, 300, 1, 29, 128, 15673 }, // U+FF7C
    { 17, 29, 300, 1, 27, 124, 15801 }, // U+FF7D
    { 17, 31, 300, 0, 30, 132, 15925 }, // U+FF7E
    { 16, 28, 300, 1, 27, 112, 16057 }, // U+FF7F
    { 16, 35, 300, 1, 31, 140, 16169 }, // U+FF80
    { 17, 31, 300, 1, 29, 132, 16309 }, // U+FF81
    { 17, 29, 300, 1, 27, 124, 16441 }, // U+FF82
    { 17, 31, 300, 1, 28, 132, 16565 }, // U+FF83
    { 11, 30, 300, 5, 28, 83, 16697 }, // U+FF84
    { 17, 32, 300, 1, 29, 136, 16780 }, // U+FF85
    { 17, 24, 300, 1, 25, 102, 16916 }, // U+FF86
    { 15, 30, 300, 1, 27, 113, 17018 }, // U+FF87
    { 17, 33, 300, 1, 30, 141, 17131 }, // U+FF88
    { 14, 28, 300, 2, 27, 98, 17272 }, // U+FF89
    { 18, 26, 300, 0, 26, 117, 17370 }, // U+FF8A
    { 13, 31, 300, 3, 29, 101, 17487 }, // U+FF8B
    { 15, 29, 300, 2, 26, 109, 17588 }, // U+FF8C
    { 18, 25, 300, 0, 25, 113, 17697 }, // U+FF8D
    { 17, 31, 300, 1, 29, 132, 17810 }, // U+FF8E
    { 17, 29, 300, 1, 26, 124, 17942 }, // U+FF8F
    { 13, 30, 300, 3, 28, 98, 18066 }, // U+FF90
    { 18, 30, 300, 0, 28, 135, 18164 }, // U+FF91
    { 16, 30, 300, 1, 28, 120, 18299 }, // U+FF92
    { 17, 28, 300, 1, 27, 119, 18419 }, // U+FF93
    { 18, 31, 300, 0, 29, 140, 18538 }, // U+FF94
    { 17, 26, 300, 1, 26, 111, 18678 }, // U+FF95
    { 14, 28, 300, 3, 27, 98, 18789 }, // U+FF96
    { 15, 31, 300, 2, 28, 117, 18887 }, // U+FF97
    { 12, 30, 300, 3, 28, 90, 19004 }, // U+FF98
    { 19, 29, 300, 0, 27, 138, 19094 }, // U+FF99
    { 14, 29, 300, 3, 28, 102, 19232 }, // U+FF9A
    { 15, 29, 300, 2, 27, 109, 19334 }, // U+FF9B
    { 15, 30, 300, 2, 27, 113, 19443 }, // U+FF9C
    { 15, 28, 300, 2, 27, 105, 19556 }, // U+FF9D
    { 10, 9, 300, 0, 32, 23, 19661 }, // U+FF9E
    { 8, 9, 300, 1, 32, 18, 19684 }, // U+FF9F
    { 0, 0, 552, 0, 0, 0, 19702 }, // U+FFA0
    { 22, 19, 552, 6, 23, 105, 19702 }, // U+FFA1
    { 26, 19, 552, 5, 23, 124, 19807 }, // U+FFA2
    { 28, 20, 552, 4, 24, 140, 19931 }, // U+FFA3
    { 23, 18, 552, 6, 23, 104, 20071 }, // U+FFA4
    { 26, 21, 552, 5, 24, 137, 20175 }, // U+FFA5
    { 25, 21, 552, 5, 24, 132, 20312 }, // U+FFA6
    { 23, 19, 552, 6, 23, 110, 20444 }, // U+FFA7
    { 24, 18, 552, 5, 23, 108, 20554 }, // U+FFA8
    { 23, 20, 552, 6, 24, 115, 20662 }, // U+FFA9
    { 25, 19, 552, 5, 23, 119, 20777 }, // U+FFAA
    { 25, 19, 552, 5, 23, 119, 20896 }, // U+FFAB
    { 25, 20, 552, 5, 24, 125, 21015 }, // U+FFAC
    { 27, 20, 552, 5, 24, 135, 21140 }, // U+FFAD
    { 25, 19, 552, 5, 23, 119, 21275 }, // U+FFAE
    { 26, 19, 552, 5, 23, 124, 21394 }, // U+FFAF
    { 26, 20, 552, 5, 24, 130, 21518 }, // U+FFB0
    { 23, 19, 552, 6, 23, 110, 21648 }, // U+FFB1
    { 22, 20, 552, 6, 24, 110, 21758 }, // U+FFB2
    { 24, 20, 552, 6, 24, 120, 21868 }, // U+FFB3
    { 26, 20, 552, 6, 24, 130, 21988 }, // U+FFB4
    { 25, 19, 552, 5, 23, 119, 22118 }, // U+FFB5
    { 29, 18, 552, 3, 23, 131, 22237 }, // U+FFB6
    { 22, 20, 552, 6, 24, 110, 22368 }, // U+FFB7
    { 23, 20, 552, 6, 24, 115, 22478 }, // U+FFB8
    { 29, 20, 552, 3, 24, 145, 22593 }, // U+FFB9
    { 24, 23, 552, 5, 26, 138, 22738 }, // U+FFBA
    { 23, 20, 552, 6, 24, 115, 22876 }, // U+FFBB
    { 23, 19, 552, 6, 23, 110, 22991 }, // U+FFBC
    { 23, 19, 552, 6, 23, 110, 23101 }, // U+FFBD
    { 23, 23, 552, 6, 26, 133, 23211 }, // U+FFBE
    { 12, 35, 552, 14, 31, 105, 23344 }, // U+FFC2
    { 13, 35, 552, 11, 31, 114, 23449 }, // U+FFC3
    { 12, 35, 552, 13, 31, 105, 23563 }, // U+FFC4
    { 13, 35, 552, 11, 31, 114, 23668 }, // U+FFC5
    { 12, 35, 552, 11, 31, 105, 23782 }, // U+FFC6
    { 17, 35, 552, 8, 31, 149, 23887 }, // U+FFC7
    { 12, 35, 552, 11, 31, 105, 24036 }, // U+FFCA
    { 17, 35, 552, 8, 31, 149, 24141 }, // U+FFCB
    { 32, 18, 552, 1, 25, 144, 24290 }, // U+FFCC
    { 31, 35, 552, 2, 31, 272, 24434 }, // U+FFCD
    { 29, 35, 552, 2, 31, 254, 24706 }, // U+FFCE
    { 27, 35, 552, 3, 31, 237, 24960 }, // U+FFCF
    { 31, 19, 552, 2, 25, 148, 25197 }, // U+FFD2
    { 31, 19, 552, 2, 20, 148, 25345 }, // U+FFD3
    { 29, 35, 552, 2, 31, 254, 25493 }, // U+FFD4
    { 30, 35, 552, 2, 31, 263, 25747 }, // U+FFD5
    { 28, 35, 552, 3, 31, 245, 26010 }, // U+FFD6
    { 32, 19, 552, 1, 20, 152, 26255 }, // U+FFD7
    { 32, 3, 552, 1, 16, 24, 26407 }, // U+FFDA
    { 29, 36, 552, 2, 31, 261, 26431 }, // U+FFDB
    { 4, 34, 552, 15, 31, 34, 26692 }, // U+FFDC
    { 21, 32, 600, 8, 29, 168, 26726 }, // U+FFE0
    { 22, 29, 600, 8, 28, 160, 26894 }, // U+FFE1
    { 29, 13, 600, 4, 20, 95, 27054 }, // U+FFE2
    { 38, 2, 600, 0, 33, 19, 27149 }, // U+FFE3
    { 3, 34, 600, 17, 31, 26, 27168 }, // U+FFE4
    { 25, 29, 600, 6, 28, 182, 27194 }, // U+FFE5
    { 32, 29, 600, 3, 28, 232, 27376 }, // U+FFE6
    { 3, 42, 300, 8, 31, 32, 27608 }, // U+FFE8
    { 18, 19, 300, 0, 24, 86, 27640 }, // U+FFE9
    { 15, 35, 300, 2, 32, 132, 27726 }, // U+FFEA
    { 19, 19, 300, 0, 23, 91, 27858 }, // U+FFEB
    { 15, 35, 300, 2, 32, 132, 27949 }, // U+FFEC
    { 15, 14, 300, 2, 21, 53, 28081 }, // U+FFED
    { 15, 14, 300, 2, 21, 53, 28134 }, // U+FFEE
};

static const EpdUnicodeInterval notosansjp_18_regularIntervals[] = {
    { 0x20, 0x7E, 0x0 },
    { 0xA0, 0xFF, 0x5F },
    { 0x100, 0x103, 0xBF },
    { 0x110, 0x113, 0xC3 },
    { 0x11A, 0x11B, 0xC7 },
    { 0x128, 0x12B, 0xC9 },
    { 0x143, 0x144, 0xCD },
    { 0x147, 0x148, 0xCF },
    { 0x14C, 0x14F, 0xD1 },
    { 0x152, 0x153, 0xD5 },
    { 0x168, 0x16D, 0xD7 },
    { 0x1A0, 0x1A1, 0xDD },
    { 0x1AF, 0x1B0, 0xDF },
    { 0x1CD, 0x1DC, 0xE1 },
    { 0x1F8, 0x1F9, 0xF1 },
    { 0x300, 0x301, 0xF3 },
    { 0x304, 0x304, 0xF5 },
    { 0x307, 0x307, 0xF6 },
    { 0x30C, 0x30C, 0xF7 },
    { 0x401, 0x401, 0xF8 },
    { 0x410, 0x44F, 0xF9 },
    { 0x451, 0x451, 0x139 },
    { 0x1EA0, 0x1EF9, 0x13A },
    { 0x2002, 0x2003, 0x194 },
    { 0x2010, 0x2016, 0x196 },
    { 0x2018, 0x201A, 0x19D },
    { 0x201C, 0x201E, 0x1A0 },
    { 0x2020, 0x2022, 0x1A3 },
    { 0x2025, 0x2027, 0x1A6 },
    { 0x2030, 0x2030, 0x1A9 },
    { 0x2032, 0x2033, 0x1AA },
    { 0x2035, 0x2035, 0x1AC },
    { 0x2039, 0x203C, 0x1AD },
    { 0x2042, 0x2042, 0x1B1 },
    { 0x2047, 0x2049, 0x1B2 },
    { 0x2051, 0x2051, 0x1B5 },
    { 0x2074, 0x2074, 0x1B6 },
    { 0x20A9, 0x20A9, 0x1B7 },
    { 0x20AB, 0x20AC, 0x1B8 },
    { 0x2190, 0x2199, 0x1BA },
    { 0x21B8, 0x21B9, 0x1C4 },
    { 0x21C4, 0x21C6, 0x1C6 },
    { 0x21CB, 0x21CC, 0x1C9 },
    { 0x21D0, 0x21D0, 0x1CB },
    { 0x21D2, 0x21D2, 0x1CC },
    { 0x21D4, 0x21D4, 0x1CD },
    { 0x21E6, 0x21E9, 0x1CE },
    { 0x21F5, 0x21F5, 0x1D2 },
    { 0x2200, 0x2200, 0x1D3 },
    { 0x2202, 0x2203, 0x1D4 },
    { 0x2205, 0x220B, 0x1D6 },
    { 0x220F, 0x220F, 0x1DD },
    { 0x2211, 0x2213, 0x1DE },
    { 0x2215, 0x2215, 0x1E1 },
    { 0x221A, 0x221A, 0x1E2 },
    { 0x221D, 0x2220, 0x1E3 },
    { 0x2223, 0x2223, 0x1E7 },
    { 0x2225, 0x222E, 0x1E8 },
    { 0x2234, 0x2237, 0x1F2 },
    { 0x223D, 0x223D, 0x1F6 },
    { 0x2243, 0x2243, 0x1F7 },
    { 0x2245, 0x2245, 0x1F8 },
    { 0x2248, 0x2248, 0x1F9 },
    { 0x224C, 0x224C, 0x1FA },
    { 0x2260, 0x2262, 0x1FB },
    { 0x2264, 0x2267, 0x1FE },
    { 0x226A, 0x226B, 0x202 },
    { 0x226E, 0x226F, 0x204 },
    { 0x2272, 0x2273, 0x206 },
    { 0x2276, 0x2277, 0x208 },
    { 0x2282, 0x2287, 0x20A },
    { 0x228A, 0x228B, 0x210 },
    { 0x2295, 0x2299, 0x212 },
    { 0x22A0, 0x22A0, 0x217 },
    { 0x22A5, 0x22A5, 0x218 },
    { 0x22BF, 0x22BF, 0x219 },
    { 0x22DA, 0x22DB, 0x21A },
    { 0x22EF, 0x22EF, 0x21C },
    { 0x3041, 0x3096, 0x21D },
    { 0x3099, 0x30FF, 0x273 },
    { 0xFB00, 0xFB04, 0x2DA },
    { 0xFF01, 0xFFBE, 0x2DF },
    { 0xFFC2, 0xFFC7, 0x39D },
    { 0xFFCA, 0xFFCF, 0x3A3 },
    { 0xFFD2, 0xFFD7, 0x3A9 },
    { 0xFFDA, 0xFFDC, 0x3AF },
    { 0xFFE0, 0xFFE6, 0x3B2 },
    { 0xFFE8, 0xFFEE, 0x3B9 },
};

static const EpdFontGroup notosansjp_18_regularGroups[] = {
    { 0, 4197, 11329, 95, 0 },
    { 4197, 3937, 14032, 96, 95 },
    { 8134, 1294, 5140, 30, 191 },
    { 9428, 1039, 4233, 22, 221 },
    { 10467, 144, 208, 5, 243 },
    { 10611, 3002, 10029, 66, 248 },
    { 13613, 2882, 17767, 90, 314 },
    { 16495, 1168, 2577, 34, 404 },
    { 17663, 51, 68, 1, 438 },
    { 17714, 256, 470, 3, 439 },
    { 17970, 1585, 6074, 25, 442 },
    { 19555, 4090, 15840, 74, 467 },
    { 23645, 14917, 45917, 189, 541 },
    { 38562, 221, 1050, 5, 730 },
    { 38783, 9777, 30389, 225, 735 },
};

static const EpdKernClassEntry notosansjp_18_regularKernLeftClasses[] = {
    { 0x0021, 1 }, // !
    { 0x0022, 2 }, // "
    { 0x0027, 2 }, // '
    { 0x0028, 3 }, // (
    { 0x002C, 4 }, // ,
    { 0x002E, 4 }, // .
    { 0x002F, 5 }, // /
    { 0x003A, 6 }, // :
    { 0x003B, 6 }, // ;
    { 0x003F, 7 }, // ?
    { 0x0041, 8 }, // A
    { 0x0042, 9 }, // B
    { 0x0043, 10 }, // C
    { 0x0044, 11 }, // D
    { 0x0045, 12 }, // E
    { 0x0046, 13 }, // F
    { 0x0047, 14 }, // G
    { 0x004A, 15 }, // J
    { 0x004B, 16 }, // K
    { 0x004C, 17 }, // L
    { 0x004F, 11 }, // O
    { 0x0050, 18 }, // P
    { 0x0051, 11 }, // Q
    { 0x0052, 19 }, // R
    { 0x0053, 20 }, // S
    { 0x0054, 21 }, // T
    { 0x0055, 22 }, // U
    { 0x0056, 23 }, // V
    { 0x0057, 24 }, // W
    { 0x0058, 25 }, // X
    { 0x0059, 26 }, // Y
    { 0x005A, 27 }, // Z
    { 0x005B, 3 }, // [
    { 0x005C, 28 }, // <backslash>
    { 0x0061, 29 }, // a
    { 0x0062, 30 }, // b
    { 0x0063, 31 }, // c
    { 0x0065, 32 }, // e
    { 0x0066, 33 }, // f
    { 0x0067, 34 }, // g
    { 0x0068, 35 }, // h
    { 0x006B, 36 }, // k
    { 0x006C, 37 }, // l
    { 0x006D, 35 }, // m
    { 0x006E, 35 }, // n
    { 0x006F, 30 }, // o
    { 0x0070, 30 }, // p
    { 0x0071, 38 }, // q
    { 0x0072, 39 }, // r
    { 0x0073, 40 }, // s
    { 0x0074, 41 }, // t
    { 0x0075, 38 }, // u
    { 0x0076, 42 }, // v
    { 0x0077, 43 }, // w
    { 0x0078, 44 }, // x
    { 0x0079, 45 }, // y
    { 0x007A, 46 }, // z
    { 0x007B, 3 }, // {
    { 0x00A1, 47 }, // U+00A1
    { 0x00AB, 48 }, // U+00AB
    { 0x00AD, 49 }, // U+00AD
    { 0x00B7, 50 }, // U+00B7
    { 0x00BB, 51 }, // U+00BB
    { 0x00BF, 52 }, // U+00BF
    { 0x00C0, 8 }, // U+00C0
    { 0x00C1, 8 }, // U+00C1
    { 0x00C2, 8 }, // U+00C2
    { 0x00C3, 8 }, // U+00C3
    { 0x00C4, 8 }, // U+00C4
    { 0x00C5, 8 }, // U+00C5
    { 0x00C6, 12 }, // U+00C6
    { 0x00C7, 10 }, // U+00C7
    { 0x00C8, 12 }, // U+00C8
    { 0x00C9, 12 }, // U+00C9
    { 0x00CA, 12 }, // U+00CA
    { 0x00CB, 12 }, // U+00CB
    { 0x00D0, 11 }, // U+00D0
    { 0x00D2, 11 }, // U+00D2
    { 0x00D3, 11 }, // U+00D3
    { 0x00D4, 11 }, // U+00D4
    { 0x00D5, 11 }, // U+00D5
    { 0x00D6, 11 }, // U+00D6
    { 0x00D8, 11 }, // U+00D8
    { 0x00D9, 22 }, // U+00D9
    { 0x00DA, 22 }, // U+00DA
    { 0x00DB, 22 }, // U+00DB
    { 0x00DC, 22 }, // U+00DC
    { 0x00DD, 26 }, // U+00DD
    { 0x00DE, 53 }, // U+00DE
    { 0x00DF, 54 }, // U+00DF
    { 0x00E0, 29 }, // U+00E0
    { 0x00E1, 29 }, // U+00E1
    { 0x00E2, 29 }, // U+00E2
    { 0x00E3, 29 }, // U+00E3
    { 0x00E4, 29 }, // U+00E4
    { 0x00E5, 29 }, // U+00E5
    { 0x00E6, 32 }, // U+00E6
    { 0x00E7, 31 }, // U+00E7
    { 0x00E8, 32 }, // U+00E8
    { 0x00E9, 32 }, // U+00E9
    { 0x00EA, 32 }, // U+00EA
    { 0x00EB, 32 }, // U+00EB
    { 0x00F1, 35 }, // U+00F1
    { 0x00F2, 30 }, // U+00F2
    { 0x00F3, 30 }, // U+00F3
    { 0x00F4, 30 }, // U+00F4
    { 0x00F5, 30 }, // U+00F5
    { 0x00F6, 30 }, // U+00F6
    { 0x00F8, 30 }, // U+00F8
    { 0x00F9, 38 }, // U+00F9
    { 0x00FA, 38 }, // U+00FA
    { 0x00FB, 38 }, // U+00FB
    { 0x00FC, 38 }, // U+00FC
    { 0x00FD, 45 }, // U+00FD
    { 0x00FE, 30 }, // U+00FE
    { 0x00FF, 45 }, // U+00FF
    { 0x0100, 8 }, // U+0100
    { 0x0101, 29 }, // U+0101
    { 0x0102, 8 }, // U+0102
    { 0x0103, 29 }, // U+0103
    { 0x0110, 11 }, // U+0110
    { 0x0112, 12 }, // U+0112
    { 0x0113, 32 }, // U+0113
    { 0x011A, 12 }, // U+011A
    { 0x011B, 32 }, // U+011B
    { 0x0144, 35 }, // U+0144
    { 0x0148, 35 }, // U+0148
    { 0x014C, 11 }, // U+014C
    { 0x014D, 30 }, // U+014D
    { 0x014E, 11 }, // U+014E
    { 0x014F, 30 }, // U+014F
    { 0x0152, 12 }, // U+0152
    { 0x0153, 32 }, // U+0153
    { 0x0168, 22 }, // U+0168
    { 0x0169, 38 }, // U+0169
    { 0x016A, 22 }, // U+016A
    { 0x016B, 38 }, // U+016B
    { 0x016C, 22 }, // U+016C
    { 0x016D, 38 }, // U+016D
    { 0x01A0, 55 }, // U+01A0
    { 0x01A1, 56 }, // U+01A1
    { 0x01AF, 57 }, // U+01AF
    { 0x01B0, 58 }, // U+01B0
    { 0x01CD, 8 }, // U+01CD
    { 0x01CE, 29 }, // U+01CE
    { 0x01D1, 11 }, // U+01D1
    { 0x01D2, 30 }, // U+01D2
    { 0x01D3, 22 }, // U+01D3
    { 0x01D4, 38 }, // U+01D4
    { 0x01D5, 22 }, // U+01D5
    { 0x01D6, 38 }, // U+01D6
    { 0x01D7, 22 }, // U+01D7
    { 0x01D8, 38 }, // U+01D8
    { 0x01D9, 22 }, // U+01D9
    { 0x01DA, 38 }, // U+01DA
    { 0x01DB, 22 }, // U+01DB
    { 0x01DC, 38 }, // U+01DC
    { 0x01F9, 35 }, // U+01F9
    { 0x0401, 59 }, // U+0401
    { 0x0410, 60 }, // U+0410
    { 0x0411, 61 }, // U+0411
    { 0x0412, 61 }, // U+0412
    { 0x0413, 62 }, // U+0413
    { 0x0414, 63 }, // U+0414
    { 0x0415, 59 }, // U+0415
    { 0x0416, 64 }, // U+0416
    { 0x0417, 61 }, // U+0417
    { 0x041A, 64 }, // U+041A
    { 0x041E, 65 }, // U+041E
    { 0x0420, 66 }, // U+0420
    { 0x0421, 67 }, // U+0421
    { 0x0422, 68 }, // U+0422
    { 0x0423, 69 }, // U+0423
    { 0x0424, 70 }, // U+0424
    { 0x0425, 71 }, // U+0425
    { 0x0426, 63 }, // U+0426
    { 0x0429, 63 }, // U+0429
    { 0x042A, 72 }, // U+042A
    { 0x042C, 72 }, // U+042C
    { 0x042D, 65 }, // U+042D
    { 0x042E, 65 }, // U+042E
    { 0x0430, 73 }, // U+0430
    { 0x0431, 74 }, // U+0431
    { 0x0432, 75 }, // U+0432
    { 0x0433, 76 }, // U+0433
    { 0x0434, 77 }, // U+0434
    { 0x0435, 78 }, // U+0435
    { 0x0436, 79 }, // U+0436
    { 0x0437, 75 }, // U+0437
    { 0x0438, 80 }, // U+0438
    { 0x0439, 80 }, // U+0439
    { 0x043A, 79 }, // U+043A
    { 0x043B, 80 }, // U+043B
    { 0x043C, 80 }, // U+043C
    { 0x043D, 80 }, // U+043D
    { 0x043E, 81 }, // U+043E
    { 0x043F, 80 }, // U+043F
    { 0x0440, 81 }, // U+0440
    { 0x0441, 82 }, // U+0441
    { 0x0442, 83 }, // U+0442
    { 0x0443, 84 }, // U+0443
    { 0x0444, 81 }, // U+0444
    { 0x0445, 85 }, // U+0445
    { 0x0446, 77 }, // U+0446
    { 0x0447, 80 }, // U+0447
    { 0x0448, 80 }, // U+0448
    { 0x0449, 77 }, // U+0449
    { 0x044A, 86 }, // U+044A
    { 0x044B, 80 }, // U+044B
    { 0x044C, 86 }, // U+044C
    { 0x044D, 81 }, // U+044D
    { 0x044E, 81 }, // U+044E
    { 0x044F, 80 }, // U+044F
    { 0x0451, 78 }, // U+0451
    { 0x1EA0, 8 }, // U+1EA0
    { 0x1EA1, 29 }, // U+1EA1
    { 0x1EA2, 8 }, // U+1EA2
    { 0x1EA3, 29 }, // U+1EA3
    { 0x1EA4, 8 }, // U+1EA4
    { 0x1EA5, 29 }, // U+1EA5
    { 0x1EA6, 8 }, // U+1EA6
    { 0x1EA7, 29 }, // U+1EA7
    { 0x1EA8, 8 }, // U+1EA8
    { 0x1EA9, 29 }, // U+1EA9
    { 0x1EAA, 8 }, // U+1EAA
    { 0x1EAB, 29 }, // U+1EAB
    { 0x1EAC, 8 }, // U+1EAC
    { 0x1EAD, 29 }, // U+1EAD
    { 0x1EAE, 8 }, // U+1EAE
    { 0x1EAF, 29 }, // U+1EAF
    { 0x1EB0, 8 }, // U+1EB0
    { 0x1EB1, 29 }, // U+1EB1
    { 0x1EB2, 8 }, // U+1EB2
    { 0x1EB3, 29 }, // U+1EB3
    { 0x1EB4, 8 }, // U+1EB4
    { 0x1EB5, 29 }, // U+1EB5
    { 0x1EB6, 8 }, // U+1EB6
    { 0x1EB7, 29 }, // U+1EB7
    { 0x1EB8, 12 }, // U+1EB8
    { 0x1EB9, 32 }, // U+1EB9
    { 0x1EBA, 12 }, // U+1EBA
    { 0x1EBB, 32 }, // U+1EBB
    { 0x1EBC, 12 }, // U+1EBC
    { 0x1EBD, 32 }, // U+1EBD
    { 0x1EBE, 12 }, // U+1EBE
    { 0x1EBF, 32 }, // U+1EBF
    { 0x1EC0, 12 }, // U+1EC0
    { 0x1EC1, 32 }, // U+1EC1
    { 0x1EC2, 12 }, // U+1EC2
    { 0x1EC3, 32 }, // U+1EC3
    { 0x1EC4, 12 }, // U+1EC4
    { 0x1EC5, 32 }, // U+1EC5
    { 0x1EC6, 12 }, // U+1EC6
    { 0x1EC7, 32 }, // U+1EC7
    { 0x1ECC, 11 }, // U+1ECC
    { 0x1ECD, 30 }, // U+1ECD
    { 0x1ECE, 11 }, // U+1ECE
    { 0x1ECF, 30 }, // U+1ECF
    { 0x1ED0, 11 }, // U+1ED0
    { 0x1ED1, 30 }, // U+1ED1
    { 0x1ED2, 11 }, // U+1ED2
    { 0x1ED3, 30 }, // U+1ED3
    { 0x1ED4, 11 }, // U+1ED4
    { 0x1ED5, 30 }, // U+1ED5
    { 0x1ED6, 11 }, // U+1ED6
    { 0x1ED7, 30 }, // U+1ED7
    { 0x1ED8, 11 }, // U+1ED8
    { 0x1ED9, 30 }, // U+1ED9
    { 0x1EDA, 55 }, // U+1EDA
    { 0x1EDB, 56 }, // U+1EDB
    { 0x1EDC, 55 }, // U+1EDC
    { 0x1EDD, 56 }, // U+1EDD
    { 0x1EDE, 55 }, // U+1EDE
    { 0x1EDF, 56 }, // U+1EDF
    { 0x1EE0, 55 }, // U+1EE0
    { 0x1EE1, 56 }, // U+1EE1
    { 0x1EE2, 55 }, // U+1EE2
    { 0x1EE3, 56 }, // U+1EE3
    { 0x1EE4, 22 }, // U+1EE4
    { 0x1EE5, 38 }, // U+1EE5
    { 0x1EE6, 22 }, // U+1EE6
    { 0x1EE7, 38 }, // U+1EE7
    { 0x1EE8, 57 }, // U+1EE8
    { 0x1EE9, 58 }, // U+1EE9
    { 0x1EEA, 57 }, // U+1EEA
    { 0x1EEB, 58 }, // U+1EEB
    { 0x1EEC, 57 }, // U+1EEC
    { 0x1EED, 58 }, // U+1EED
    { 0x1EEE, 57 }, // U+1EEE
    { 0x1EEF, 58 }, // U+1EEF
    { 0x1EF0, 57 }, // U+1EF0
    { 0x1EF1, 58 }, // U+1EF1
    { 0x1EF2, 26 }, // U+1EF2
    { 0x1EF3, 45 }, // U+1EF3
    { 0x1EF4, 26 }, // U+1EF4
    { 0x1EF5, 45 }, // U+1EF5
    { 0x1EF6, 26 }, // U+1EF6
    { 0x1EF7, 45 }, // U+1EF7
    { 0x1EF8, 26 }, // U+1EF8
    { 0x1EF9, 45 }, // U+1EF9
    { 0x2013, 49 }, // U+2013
    { 0x2014, 49 }, // U+2014
    { 0x2018, 87 }, // U+2018
    { 0x2019, 88 }, // U+2019
    { 0x201A, 4 }, // U+201A
    { 0x201C, 87 }, // U+201C
    { 0x201D, 88 }, // U+201D
    { 0x201E, 4 }, // U+201E
    { 0x2039, 48 }, // U+2039
    { 0x203A, 51 }, // U+203A
    { 0x203C, 1 }, // U+203C
    { 0x2047, 7 }, // U+2047
    { 0x2048, 1 }, // U+2048
    { 0x2049, 7 }, // U+2049
    { 0x3042, 89 }, // U+3042
    { 0x3043, 90 }, // U+3043
    { 0x3044, 91 }, // U+3044
    { 0x3046, 92 }, // U+3046
    { 0x3048, 93 }, // U+3048
    { 0x304B, 94 }, // U+304B
    { 0x304C, 95 }, // U+304C
    { 0x304D, 96 }, // U+304D
    { 0x304E, 97 }, // U+304E
    { 0x304F, 98 }, // U+304F
    { 0x3050, 99 }, // U+3050
    { 0x3051, 100 }, // U+3051
    { 0x3052, 101 }, // U+3052
    { 0x3053, 102 }, // U+3053
    { 0x3054, 103 }, // U+3054
    { 0x3056, 104 }, // U+3056
    { 0x3057, 105 }, // U+3057
    { 0x3059, 106 }, // U+3059
    { 0x305A, 107 }, // U+305A
    { 0x305C, 108 }, // U+305C
    { 0x305D, 109 }, // U+305D
    { 0x305E, 109 }, // U+305E
    { 0x305F, 110 }, // U+305F
    { 0x3060, 111 }, // U+3060
    { 0x3062, 112 }, // U+3062
    { 0x3063, 113 }, // U+3063
    { 0x3064, 100 }, // U+3064
    { 0x3065, 114 }, // U+3065
    { 0x3066, 115 }, // U+3066
    { 0x3067, 116 }, // U+3067
    { 0x3068, 117 }, // U+3068
    { 0x3069, 118 }, // U+3069
    { 0x306B, 119 }, // U+306B
    { 0x306C, 120 }, // U+306C
    { 0x306D, 121 }, // U+306D
    { 0x306E, 122 }, // U+306E
    { 0x306F, 123 }, // U+306F
    { 0x3070, 124 }, // U+3070
    { 0x3071, 124 }, // U+3071
    { 0x3072, 125 }, // U+3072
    { 0x3073, 126 }, // U+3073
    { 0x3074, 127 }, // U+3074
    { 0x3075, 128 }, // U+3075
    { 0x3076, 129 }, // U+3076
    { 0x3077, 129 }, // U+3077
    { 0x3078, 130 }, // U+3078
    { 0x3079, 131 }, // U+3079
    { 0x307A, 132 }, // U+307A
    { 0x307D, 133 }, // U+307D
    { 0x307E, 134 }, // U+307E
    { 0x307F, 135 }, // U+307F
    { 0x3081, 112 }, // U+3081
    { 0x3082, 136 }, // U+3082
    { 0x3083, 137 }, // U+3083
    { 0x3084, 114 }, // U+3084
    { 0x3086, 138 }, // U+3086
    { 0x3088, 139 }, // U+3088
    { 0x3089, 140 }, // U+3089
    { 0x308A, 141 }, // U+308A
    { 0x308B, 142 }, // U+308B
    { 0x308C, 143 }, // U+308C
    { 0x308E, 121 }, // U+308E
    { 0x308F, 144 }, // U+308F
    { 0x3093, 145 }, // U+3093
    { 0x30A1, 100 }, // U+30A1
    { 0x30A2, 146 }, // U+30A2
    { 0x30A4, 147 }, // U+30A4
    { 0x30A9, 100 }, // U+30A9
    { 0x30AA, 148 }, // U+30AA
    { 0x30AB, 149 }, // U+30AB
    { 0x30AC, 149 }, // U+30AC
    { 0x30AD, 150 }, // U+30AD
    { 0x30AE, 151 }, // U+30AE
    { 0x30AF, 152 }, // U+30AF
    { 0x30B0, 153 }, // U+30B0
    { 0x30B1, 154 }, // U+30B1
    { 0x30B2, 155 }, // U+30B2
    { 0x30B3, 156 }, // U+30B3
    { 0x30B4, 157 }, // U+30B4
    { 0x30B5, 158 }, // U+30B5
    { 0x30B6, 159 }, // U+30B6
    { 0x30B7, 160 }, // U+30B7
    { 0x30B8, 161 }, // U+30B8
    { 0x30B9, 162 }, // U+30B9
    { 0x30BB, 163 }, // U+30BB
    { 0x30BC, 164 }, // U+30BC
    { 0x30BD, 165 }, // U+30BD
    { 0x30BE, 166 }, // U+30BE
    { 0x30BF, 167 }, // U+30BF
    { 0x30C0, 168 }, // U+30C0
    { 0x30C1, 169 }, // U+30C1
    { 0x30C2, 170 }, // U+30C2
    { 0x30C3, 137 }, // U+30C3
    { 0x30C4, 171 }, // U+30C4
    { 0x30C5, 172 }, // U+30C5
    { 0x30C6, 173 }, // U+30C6
    { 0x30C7, 174 }, // U+30C7
    { 0x30C8, 149 }, // U+30C8
    { 0x30C9, 175 }, // U+30C9
    { 0x30CA, 176 }, // U+30CA
    { 0x30CC, 177 }, // U+30CC
    { 0x30CD, 178 }, // U+30CD
    { 0x30CE, 179 }, // U+30CE
    { 0x30CF, 180 }, // U+30CF
    { 0x30D0, 181 }, // U+30D0
    { 0x30D1, 182 }, // U+30D1
    { 0x30D3, 183 }, // U+30D3
    { 0x30D5, 184 }, // U+30D5
    { 0x30D6, 185 }, // U+30D6
    { 0x30D7, 186 }, // U+30D7
    { 0x30D9, 157 }, // U+30D9
    { 0x30DE, 187 }, // U+30DE
    { 0x30E0, 188 }, // U+30E0
    { 0x30E1, 149 }, // U+30E1
    { 0x30E4, 189 }, // U+30E4
    { 0x30E5, 190 }, // U+30E5
    { 0x30E8, 191 }, // U+30E8
    { 0x30E9, 192 }, // U+30E9
    { 0x30EA, 193 }, // U+30EA
    { 0x30EB, 194 }, // U+30EB
    { 0x30EC, 195 }, // U+30EC
    { 0x30EF, 196 }, // U+30EF
    { 0x30F0, 197 }, // U+30F0
    { 0x30F2, 100 }, // U+30F2
    { 0x30F3, 198 }, // U+30F3
    { 0x30FA, 199 }, // U+30FA
    { 0x30FC, 200 }, // U+30FC
    { 0xFB00, 33 }, // U+FB00
    { 0xFB02, 37 }, // U+FB02
};

static const EpdKernClassEntry notosansjp_18_regularKernRightClasses[] = {
    { 0x0021, 1 }, // !
    { 0x0022, 2 }, // "
    { 0x0027, 2 }, // '
    { 0x0029, 3 }, // )
    { 0x002A, 4 }, // *
    { 0x002C, 5 }, // ,
    { 0x002E, 6 }, // .
    { 0x002F, 7 }, // /
    { 0x003A, 8 }, // :
    { 0x003B, 9 }, // ;
    { 0x003F, 10 }, // ?
    { 0x0041, 11 }, // A
    { 0x0043, 12 }, // C
    { 0x0047, 12 }, // G
    { 0x004A, 13 }, // J
    { 0x004F, 12 }, // O
    { 0x0051, 12 }, // Q
    { 0x0053, 14 }, // S
    { 0x0054, 15 }, // T
    { 0x0055, 16 }, // U
    { 0x0056, 17 }, // V
    { 0x0057, 18 }, // W
    { 0x0058, 19 }, // X
    { 0x0059, 20 }, // Y
    { 0x005A, 21 }, // Z
    { 0x005C, 22 }, // <backslash>
    { 0x005D, 3 }, // ]
    { 0x0061, 23 }, // a
    { 0x0063, 24 }, // c
    { 0x0064, 24 }, // d
    { 0x0065, 24 }, // e
    { 0x0066, 25 }, // f
    { 0x0067, 26 }, // g
    { 0x0069, 27 }, // i
    { 0x006A, 28 }, // j
    { 0x006D, 29 }, // m
    { 0x006E, 29 }, // n
    { 0x006F, 24 }, // o
    { 0x0070, 29 }, // p
    { 0x0071, 24 }, // q
    { 0x0072, 29 }, // r
    { 0x0073, 30 }, // s
    { 0x0074, 31 }, // t
    { 0x0075, 32 }, // u
    { 0x0076, 33 }, // v
    { 0x0077, 34 }, // w
    { 0x0078, 35 }, // x
    { 0x0079, 36 }, // y
    { 0x007A, 37 }, // z
    { 0x007D, 3 }, // }
    { 0x00A1, 38 }, // U+00A1
    { 0x00AB, 39 }, // U+00AB
    { 0x00AD, 40 }, // U+00AD
    { 0x00AE, 41 }, // U+00AE
    { 0x00B7, 42 }, // U+00B7
    { 0x00BB, 43 }, // U+00BB
    { 0x00BF, 44 }, // U+00BF
    { 0x00C0, 11 }, // U+00C0
    { 0x00C1, 11 }, // U+00C1
    { 0x00C2, 11 }, // U+00C2
    { 0x00C3, 11 }, // U+00C3
    { 0x00C4, 11 }, // U+00C4
    { 0x00C5, 11 }, // U+00C5
    { 0x00C6, 45 }, // U+00C6
    { 0x00C7, 12 }, // U+00C7
    { 0x00D0, 46 }, // U+00D0
    { 0x00D2, 12 }, // U+00D2
    { 0x00D3, 12 }, // U+00D3
    { 0x00D4, 12 }, // U+00D4
    { 0x00D5, 12 }, // U+00D5
    { 0x00D6, 12 }, // U+00D6
    { 0x00D8, 12 }, // U+00D8
    { 0x00D9, 16 }, // U+00D9
    { 0x00DA, 16 }, // U+00DA
    { 0x00DB, 16 }, // U+00DB
    { 0x00DC, 16 }, // U+00DC
    { 0x00DD, 20 }, // U+00DD
    { 0x00E0, 23 }, // U+00E0
    { 0x00E1, 23 }, // U+00E1
    { 0x00E2, 23 }, // U+00E2
    { 0x00E3, 23 }, // U+00E3
    { 0x00E4, 23 }, // U+00E4
    { 0x00E5, 23 }, // U+00E5
    { 0x00E6, 23 }, // U+00E6
    { 0x00E7, 24 }, // U+00E7
    { 0x00E8, 24 }, // U+00E8
    { 0x00E9, 24 }, // U+00E9
    { 0x00EA, 24 }, // U+00EA
    { 0x00EB, 24 }, // U+00EB
    { 0x00EC, 47 }, // U+00EC
    { 0x00ED, 48 }, // U+00ED
    { 0x00EE, 49 }, // U+00EE
    { 0x00EF, 50 }, // U+00EF
    { 0x00F1, 29 }, // U+00F1
    { 0x00F2, 24 }, // U+00F2
    { 0x00F3, 24 }, // U+00F3
    { 0x00F4, 24 }, // U+00F4
    { 0x00F5, 24 }, // U+00F5
    { 0x00F6, 24 }, // U+00F6
    { 0x00F8, 24 }, // U+00F8
    { 0x00F9, 32 }, // U+00F9
    { 0x00FA, 32 }, // U+00FA
    { 0x00FB, 32 }, // U+00FB
    { 0x00FC, 32 }, // U+00FC
    { 0x00FD, 36 }, // U+00FD
    { 0x00FF, 36 }, // U+00FF
    { 0x0100, 11 }, // U+0100
    { 0x0101, 23 }, // U+0101
    { 0x0102, 11 }, // U+0102
    { 0x0103, 23 }, // U+0103
    { 0x0110, 46 }, // U+0110
    { 0x0111, 24 }, // U+0111
    { 0x0113, 24 }, // U+0113
    { 0x011B, 24 }, // U+011B
    { 0x0129, 50 }, // U+0129
    { 0x012B, 49 }, // U+012B
    { 0x0144, 29 }, // U+0144
    { 0x0148, 29 }, // U+0148
    { 0x014C, 12 }, // U+014C
    { 0x014D, 24 }, // U+014D
    { 0x014E, 12 }, // U+014E
    { 0x014F, 24 }, // U+014F
    { 0x0152, 12 }, // U+0152
    { 0x0153, 24 }, // U+0153
    { 0x0168, 16 }, // U+0168
    { 0x0169, 32 }, // U+0169
    { 0x016A, 16 }, // U+016A
    { 0x016B, 32 }, // U+016B
    { 0x016C, 16 }, // U+016C
    { 0x016D, 32 }, // U+016D
    { 0x01A0, 12 }, // U+01A0
    { 0x01A1, 24 }, // U+01A1
    { 0x01AF, 16 }, // U+01AF
    { 0x01B0, 32 }, // U+01B0
    { 0x01CD, 11 }, // U+01CD
    { 0x01CE, 23 }, // U+01CE
    { 0x01D0, 51 }, // U+01D0
    { 0x01D1, 12 }, // U+01D1
    { 0x01D2, 24 }, // U+01D2
    { 0x01D3, 16 }, // U+01D3
    { 0x01D4, 32 }, // U+01D4
    { 0x01D5, 16 }, // U+01D5
    { 0x01D6, 32 }, // U+01D6
    { 0x01D7, 16 }, // U+01D7
    { 0x01D8, 32 }, // U+01D8
    { 0x01D9, 16 }, // U+01D9
    { 0x01DA, 32 }, // U+01DA
    { 0x01DB, 16 }, // U+01DB
    { 0x01DC, 32 }, // U+01DC
    { 0x01F9, 29 }, // U+01F9
    { 0x0401, 52 }, // U+0401
    { 0x0410, 53 }, // U+0410
    { 0x0411, 52 }, // U+0411
    { 0x0412, 52 }, // U+0412
    { 0x0413, 52 }, // U+0413
    { 0x0414, 54 }, // U+0414
    { 0x0415, 52 }, // U+0415
    { 0x0416, 55 }, // U+0416
    { 0x0417, 56 }, // U+0417
    { 0x0418, 52 }, // U+0418
    { 0x0419, 52 }, // U+0419
    { 0x041A, 52 }, // U+041A
    { 0x041B, 57 }, // U+041B
    { 0x041C, 52 }, // U+041C
    { 0x041D, 52 }, // U+041D
    { 0x041E, 58 }, // U+041E
    { 0x041F, 52 }, // U+041F
    { 0x0420, 52 }, // U+0420
    { 0x0421, 58 }, // U+0421
    { 0x0422, 59 }, // U+0422
    { 0x0423, 60 }, // U+0423
    { 0x0424, 61 }, // U+0424
    { 0x0425, 62 }, // U+0425
    { 0x0426, 52 }, // U+0426
    { 0x0427, 63 }, // U+0427
    { 0x0428, 52 }, // U+0428
    { 0x0429, 52 }, // U+0429
    { 0x042A, 59 }, // U+042A
    { 0x042B, 52 }, // U+042B
    { 0x042C, 52 }, // U+042C
    { 0x042D, 56 }, // U+042D
    { 0x042E, 52 }, // U+042E
    { 0x042F, 64 }, // U+042F
    { 0x0430, 65 }, // U+0430
    { 0x0431, 66 }, // U+0431
    { 0x0432, 67 }, // U+0432
    { 0x0433, 67 }, // U+0433
    { 0x0434, 68 }, // U+0434
    { 0x0435, 69 }, // U+0435
    { 0x0436, 70 }, // U+0436
    { 0x0437, 71 }, // U+0437
    { 0x0438, 67 }, // U+0438
    { 0x0439, 67 }, // U+0439
    { 0x043A, 67 }, // U+043A
    { 0x043B, 72 }, // U+043B
    { 0x043C, 67 }, // U+043C
    { 0x043D, 67 }, // U+043D
    { 0x043E, 69 }, // U+043E
    { 0x043F, 67 }, // U+043F
    { 0x0440, 73 }, // U+0440
    { 0x0441, 69 }, // U+0441
    { 0x0442, 74 }, // U+0442
    { 0x0443, 75 }, // U+0443
    { 0x0444, 69 }, // U+0444
    { 0x0445, 76 }, // U+0445
    { 0x0446, 67 }, // U+0446
    { 0x0447, 77 }, // U+0447
    { 0x0448, 67 }, // U+0448
    { 0x0449, 67 }, // U+0449
    { 0x044A, 74 }, // U+044A
    { 0x044B, 67 }, // U+044B
    { 0x044C, 67 }, // U+044C
    { 0x044D, 78 }, // U+044D
    { 0x044E, 67 }, // U+044E
    { 0x044F, 79 }, // U+044F
    { 0x0451, 69 }, // U+0451
    { 0x1EA0, 11 }, // U+1EA0
    { 0x1EA1, 23 }, // U+1EA1
    { 0x1EA2, 11 }, // U+1EA2
    { 0x1EA3, 23 }, // U+1EA3
    { 0x1EA4, 11 }, // U+1EA4
    { 0x1EA5, 23 }, // U+1EA5
    { 0x1EA6, 11 }, // U+1EA6
    { 0x1EA7, 23 }, // U+1EA7
    { 0x1EA8, 11 }, // U+1EA8
    { 0x1EA9, 23 }, // U+1EA9
    { 0x1EAA, 11 }, // U+1EAA
    { 0x1EAB, 23 }, // U+1EAB
    { 0x1EAC, 11 }, // U+1EAC
    { 0x1EAD, 23 }, // U+1EAD
    { 0x1EAE, 11 }, // U+1EAE
    { 0x1EAF, 23 }, // U+1EAF
    { 0x1EB0, 11 }, // U+1EB0
    { 0x1EB1, 23 }, // U+1EB1
    { 0x1EB2, 11 }, // U+1EB2
    { 0x1EB3, 23 }, // U+1EB3
    { 0x1EB4, 11 }, // U+1EB4
    { 0x1EB5, 23 }, // U+1EB5
    { 0x1EB6, 11 }, // U+1EB6
    { 0x1EB7, 23 }, // U+1EB7
    { 0x1EB9, 24 }, // U+1EB9
    { 0x1EBB, 24 }, // U+1EBB
    { 0x1EBD, 24 }, // U+1EBD
    { 0x1EBF, 24 }, // U+1EBF
    { 0x1EC1, 24 }, // U+1EC1
    { 0x1EC3, 24 }, // U+1EC3
    { 0x1EC5, 24 }, // U+1EC5
    { 0x1EC7, 24 }, // U+1EC7
    { 0x1EC9, 48 }, // U+1EC9
    { 0x1ECB, 27 }, // U+1ECB
    { 0x1ECC, 12 }, // U+1ECC
    { 0x1ECD, 24 }, // U+1ECD
    { 0x1ECE, 12 }, // U+1ECE
    { 0x1ECF, 24 }, // U+1ECF
    { 0x1ED0, 12 }, // U+1ED0
    { 0x1ED1, 24 }, // U+1ED1
    { 0x1ED2, 12 }, // U+1ED2
    { 0x1ED3, 24 }, // U+1ED3
    { 0x1ED4, 12 }, // U+1ED4
    { 0x1ED5, 24 }, // U+1ED5
    { 0x1ED6, 12 }, // U+1ED6
    { 0x1ED7, 24 }, // U+1ED7
    { 0x1ED8, 12 }, // U+1ED8
    { 0x1ED9, 24 }, // U+1ED9
    { 0x1EDA, 12 }, // U+1EDA
    { 0x1EDB, 24 }, // U+1EDB
    { 0x1EDC, 12 }, // U+1EDC
    { 0x1EDD, 24 }, // U+1EDD
    { 0x1EDE, 12 }, // U+1EDE
    { 0x1EDF, 24 }, // U+1EDF
    { 0x1EE0, 12 }, // U+1EE0
    { 0x1EE1, 24 }, // U+1EE1
    { 0x1EE2, 12 }, // U+1EE2
    { 0x1EE3, 24 }, // U+1EE3
    { 0x1EE4, 16 }, // U+1EE4
    { 0x1EE5, 32 }, // U+1EE5
    { 0x1EE6, 16 }, // U+1EE6
    { 0x1EE7, 32 }, // U+1EE7
    { 0x1EE8, 16 }, // U+1EE8
    { 0x1EE9, 32 }, // U+1EE9
    { 0x1EEA, 16 }, // U+1EEA
    { 0x1EEB, 32 }, // U+1EEB
    { 0x1EEC, 16 }, // U+1EEC
    { 0x1EED, 32 }, // U+1EED
    { 0x1EEE, 16 }, // U+1EEE
    { 0x1EEF, 32 }, // U+1EEF
    { 0x1EF0, 16 }, // U+1EF0
    { 0x1EF1, 32 }, // U+1EF1
    { 0x1EF2, 20 }, // U+1EF2
    { 0x1EF3, 36 }, // U+1EF3
    { 0x1EF4, 20 }, // U+1EF4
    { 0x1EF5, 36 }, // U+1EF5
    { 0x1EF6, 20 }, // U+1EF6
    { 0x1EF7, 36 }, // U+1EF7
    { 0x1EF8, 20 }, // U+1EF8
    { 0x1EF9, 36 }, // U+1EF9
    { 0x2013, 40 }, // U+2013
    { 0x2014, 40 }, // U+2014
    { 0x2018, 80 }, // U+2018
    { 0x2019, 81 }, // U+2019
    { 0x201A, 6 }, // U+201A
    { 0x201C, 80 }, // U+201C
    { 0x201D, 81 }, // U+201D
    { 0x201E, 6 }, // U+201E
    { 0x2027, 82 }, // U+2027
    { 0x2039, 39 }, // U+2039
    { 0x203A, 43 }, // U+203A
    { 0x203C, 1 }, // U+203C
    { 0x2047, 10 }, // U+2047
    { 0x2048, 10 }, // U+2048
    { 0x2049, 1 }, // U+2049
    { 0x3042, 83 }, // U+3042
    { 0x3043, 84 }, // U+3043
    { 0x3044, 85 }, // U+3044
    { 0x3045, 86 }, // U+3045
    { 0x3046, 87 }, // U+3046
    { 0x3047, 88 }, // U+3047
    { 0x3049, 89 }, // U+3049
    { 0x304A, 90 }, // U+304A
    { 0x304B, 91 }, // U+304B
    { 0x304C, 92 }, // U+304C
    { 0x304D, 93 }, // U+304D
    { 0x304E, 94 }, // U+304E
    { 0x304F, 95 }, // U+304F
    { 0x3050, 96 }, // U+3050
    { 0x3053, 97 }, // U+3053
    { 0x3054, 97 }, // U+3054
    { 0x3055, 97 }, // U+3055
    { 0x3056, 97 }, // U+3056
    { 0x3059, 98 }, // U+3059
    { 0x305A, 99 }, // U+305A
    { 0x305B, 100 }, // U+305B
    { 0x305C, 100 }, // U+305C
    { 0x305D, 101 }, // U+305D
    { 0x305E, 101 }, // U+305E
    { 0x305F, 102 }, // U+305F
    { 0x3060, 103 }, // U+3060
    { 0x3061, 104 }, // U+3061
    { 0x3062, 105 }, // U+3062
    { 0x3063, 106 }, // U+3063
    { 0x3064, 107 }, // U+3064
    { 0x3065, 108 }, // U+3065
    { 0x3066, 109 }, // U+3066
    { 0x3067, 110 }, // U+3067
    { 0x3068, 111 }, // U+3068
    { 0x3069, 112 }, // U+3069
    { 0x306A, 113 }, // U+306A
    { 0x306E, 114 }, // U+306E
    { 0x306F, 115 }, // U+306F
    { 0x3070, 116 }, // U+3070
    { 0x3071, 116 }, // U+3071
    { 0x3072, 117 }, // U+3072
    { 0x3073, 117 }, // U+3073
    { 0x3074, 117 }, // U+3074
    { 0x3075, 118 }, // U+3075
    { 0x3076, 119 }, // U+3076
    { 0x3077, 120 }, // U+3077
    { 0x3078, 121 }, // U+3078
    { 0x3079, 121 }, // U+3079
    { 0x307A, 121 }, // U+307A
    { 0x307E, 122 }, // U+307E
    { 0x307F, 123 }, // U+307F
    { 0x3082, 124 }, // U+3082
    { 0x3083, 125 }, // U+3083
    { 0x3084, 126 }, // U+3084
    { 0x3085, 127 }, // U+3085
    { 0x3087, 128 }, // U+3087
    { 0x3088, 129 }, // U+3088
    { 0x308A, 130 }, // U+308A
    { 0x308B, 131 }, // U+308B
    { 0x308C, 132 }, // U+308C
    { 0x308D, 133 }, // U+308D
    { 0x3092, 116 }, // U+3092
    { 0x30A1, 134 }, // U+30A1
    { 0x30A2, 135 }, // U+30A2
    { 0x30A3, 136 }, // U+30A3
    { 0x30A4, 137 }, // U+30A4
    { 0x30A5, 134 }, // U+30A5
    { 0x30A6, 138 }, // U+30A6
    { 0x30A7, 139 }, // U+30A7
    { 0x30A8, 140 }, // U+30A8
    { 0x30A9, 141 }, // U+30A9
    { 0x30AB, 142 }, // U+30AB
    { 0x30AC, 142 }, // U+30AC
    { 0x30AF, 143 }, // U+30AF
    { 0x30B0, 144 }, // U+30B0
    { 0x30B2, 145 }, // U+30B2
    { 0x30B3, 146 }, // U+30B3
    { 0x30B4, 146 }, // U+30B4
    { 0x30B5, 147 }, // U+30B5
    { 0x30B6, 148 }, // U+30B6
    { 0x30B7, 149 }, // U+30B7
    { 0x30B8, 149 }, // U+30B8
    { 0x30B9, 150 }, // U+30B9
    { 0x30BA, 151 }, // U+30BA
    { 0x30BB, 152 }, // U+30BB
    { 0x30BC, 152 }, // U+30BC
    { 0x30BD, 153 }, // U+30BD
    { 0x30BE, 154 }, // U+30BE
    { 0x30BF, 155 }, // U+30BF
    { 0x30C0, 156 }, // U+30C0
    { 0x30C1, 152 }, // U+30C1
    { 0x30C3, 134 }, // U+30C3
    { 0x30C4, 157 }, // U+30C4
    { 0x30C5, 157 }, // U+30C5
    { 0x30C6, 158 }, // U+30C6
    { 0x30C7, 159 }, // U+30C7
    { 0x30C8, 160 }, // U+30C8
    { 0x30C9, 161 }, // U+30C9
    { 0x30CA, 162 }, // U+30CA
    { 0x30CB, 152 }, // U+30CB
    { 0x30CD, 163 }, // U+30CD
    { 0x30CE, 164 }, // U+30CE
    { 0x30CF, 165 }, // U+30CF
    { 0x30D0, 166 }, // U+30D0
    { 0x30D1, 167 }, // U+30D1
    { 0x30D5, 168 }, // U+30D5
    { 0x30D6, 169 }, // U+30D6
    { 0x30D7, 170 }, // U+30D7
    { 0x30D8, 171 }, // U+30D8
    { 0x30D9, 172 }, // U+30D9
    { 0x30DA, 173 }, // U+30DA
    { 0x30DE, 174 }, // U+30DE
    { 0x30DF, 175 }, // U+30DF
    { 0x30E0, 176 }, // U+30E0
    { 0x30E1, 177 }, // U+30E1
    { 0x30E3, 178 }, // U+30E3
    { 0x30E4, 179 }, // U+30E4
    { 0x30E5, 180 }, // U+30E5
    { 0x30E6, 181 }, // U+30E6
    { 0x30E9, 182 }, // U+30E9
    { 0x30EB, 183 }, // U+30EB
    { 0x30EC, 184 }, // U+30EC
    { 0x30F3, 185 }, // U+30F3
    { 0x30FC, 186 }, // U+30FC
    { 0xFB00, 25 }, // U+FB00
    { 0xFB01, 25 }, // U+FB01
    { 0xFB02, 25 }, // U+FB02
    { 0xFF0C, 187 }, // U+FF0C
    { 0xFF0E, 188 }, // U+FF0E
};

static const int8_t notosansjp_18_regularKernMatrix[] = {
       0,    0,    0,    0,    0,    0,    0,    0,    0,    0,    0,    0,    0,    0,    0,    0,    0,    0,    0,    0,    0,    0,    0,    0,    0,    0,    0,    0,    0,    0,    0,    0,    0,    0,    0,    0,    0,    0,    0,    0,    0,    0,    0,    0,    0,    0,    0,    0,    0,    0,    0,    0,    0,    0,    0,    0,    0,    0,    0,    0,    0,    0,    0,    0,    0,    0,    0,    0,    0,    0,    0,    0,    0,    0,    0,    0,    0,    0,    0,    0,  -22,    0,    0,    0,    0,    0,    0,    0,    0,    0,    0,    0,    0,    0,    0,    0,    0,    0,    0,    0,    0,    0,    0,    0,    0,    0,    0,    0,    0,    0,    0,    0,    0,    0,    0,    0,    0,    0,    0,    0,    0,    0,    0,    0,    0,    0,    0,    0,    0,    0,    0,    0,    0,    0,    0,    0,    0,    0,    0,    0,    0,    0,    0,    0,    0,    0,    0,    0,    0,    0,    0,    0,    0,    0,    0,    0,    0,    0,    0,    0,    0,    0,    0,    0,    0,    0,    0,    0,    0,    0,    0,    0,    0,    0,    0,    0,    0,    0,    0,    0,    0,    0,    0,    0,    0,    0,    0,    0,
       0,    0,    0,    0,  -77,  -77,    0,    0,    0,    0,  -37,    0,  -64,   -7,    0,    0,    0,    0,   -7,    0,    0,    0,    0,  -20,    0,    0,    0,    0,    0,  -13,    0,    0,    0,    0,    0,    0,    0,    0,    0,    0,    0,    0,    0,    0,    0,    0,    0,    0,    0,    0,    0,    0,  -37,  -53,    0,    0,  -59,    0,    0,    4,  -22,   -7,    0,    0,    0,    0,    0,  -27,  -20,    0,    0,  -32,    0,    0,    0,    0,    0,    0,  -22,    0,    0,    0,    0,    0,    0,    0,    0,    0,    0,    0,    0,    0,    0,    0,    0,    0,    0,    0,    0,    0,    0,    0,    0,    0,    0,    0,    0,    0,    0,    0,    0,    0,    0,    0,    0,    0,    0,    0,    0,    0,    0,    0,    0,    0,    0,    0,    0,    0,    0,    0,    0,    0,    0,    0,    0,    0,    0,    0,    0,    0,    0,    0,    0,    0,    0,    0,    0,    0,    0,    0,    0,    0,    0,    0,    0,    0,    0,    0,    0,    0,    0,    0,    0,    0,    0,    0,    0,    0,    0,    0,    0,    0,    0,    0,    0,    0,    0,    0,    0,    0,    0,    0,    0,    0,    0,    0,    0,    0,
       0,    0,    0,    0,    0,    0,    0,    0,    0,    0,    0,    0,  -13,    0,    0,    0,    0,    0,    0,    0,    0,    0,    0,    0,    0,    0,    0,   53,    0,    0,    0,    0,    0,    0,    0,    0,    0,    0,    0,    0,    0,    0,    0,    0,    0,    0,    0,    0,    0,    0,    0,    0,    0,   13,    8,    0,    0,    0,    0,    8,    0,    0,    0,    0,    0,    0,    0,   13,    0,    0,    0,    0,    0,    0,    0,    0,    0,    0,    0,    0,    0,    0,    0,    0,    0,    0,    0,    0,    0,    0,    0,    0,    0,    0,    0,    0,    0,    0,    0,    0,    0,    0,    0,    0,    0,    0,    0,    0,    0,    0,    0,    0,    0,    0,    0,    0,    0,    0,    0,    0,    0,    0,    0,    0,    0,    0,    0,    0,    0,    0,    0,    0,    0,    0,    0,    0,    0,    0,    0,    0,    0,    0,    0,    0,    0,    0,    0,    0,    0,    0,    0,    0,    0,    0,    0,    0,    0,    0,    0,    0,    0,    0,    0,    0,    0,    0,    0,    0,    0,    0,    0,    0,    0,    0,    0,    0,    0,    0,    0,    0,    0,    0,    0,    0,    0,    0,    0,    0,
       0,  -64,    0,  -92,    0,    0,    0,    0,    0,    0,    0,    0,    0,    0,  -66,  -13,  -44,  -23,    0,  -62,    0,    0,    0,   -8,    0,    0,    0,   17,    0,    0,  -31,    0,  -23,  -15,    0,  -13,    0,    0,    0,    0,    0,    0,    0,    0,    0,    0,    0,    0,    0,    0,    0,    0,    0,   27,    0,    0,   27,    0,  -66,  -13,  -32,    0,  -37,    0,    0,    0,    0,   27,   -8,    0,    0,   22,    0,  -31,  -13,    0,  -23,    0,    0,  -56,  -70,    0,    0,    0,    0,    0,    0,    0,    0,    0,    0,    0,    0,    0,    0,    0,    0,    0,    0,    0,    0,    0,    0,    0,    0,    0,    0,    0,    0,    0,    0,    0,    0,    0,    0,    0,    0,    0,    0,    0,    0,    0,    0,    0,    0,    0,    0,    0,    0,    0,    0,    0,    0,    0,    0,    0,    0,    0,    0,    0,    0,    0,    0,    0,    0,    0,    0,    0,    0,    0,    0,    0,    0,    0,    0,    0,    0,    0,    0,    0,    0,    0,    0,    0,    0,    0,    0,    0,    0,    0,    0,    0,    0,    0,    0,    0,    0,    0,    0,    0,    0,    0,    0,    0,    0,    0,    0,    0,
       0,    0,    0,    0,    0,    0,    0,    0,    0,    0,  -27,   -7,  -53,    0,    0,    0,    0,    0,    0,    0,    0,    0,  -16,  -21,    0,   -7,   17,   17,    0,    0,    6,  -13,    0,    0,    0,    0,    0,    0,    0,    0,    0,    0,    0,    0,    0,    0,   27,   17,   61,   61,   61,    0,  -27,    0,    0,    0,    0,   -7,    0,    0,    0,    0,    0,    0,  -16,    0,    0,    0,  -21,    0,    0,    0,    0,    6,    0,    0,    0,    0,    0,    0,    0,    0,    0,    0,    0,    0,    0,    0,    0,    0,    0,    0,    0,    0,    0,    0,    0,    0,    0,    0,    0,    0,    0,    0,    0,    0,    0,    0,    0,    0,    0,    0,    0,    0,    0,    0,    0,    0,    0,    0,    0,    0,    0,    0,    0,    0,    0,    0,    0,    0,    0,    0,    0,    0,    0,    0,    0,    0,    0,    0,    0,    0,    0,    0,    0,    0,    0,    0,    0,    0,    0,    0,    0,    0,    0,    0,    0,    0,    0,    0,    0,    0,    0,    0,    0,    0,    0,    0,    0,    0,    0,    0,    0,    0,    0,    0,    0,    0,    0,    0,    0,    0,    0,    0,    0,    0,    0,    0,
       0,    0,    0,  -33,    0,    0,    0,    0,    0,    0,    0,    0,    0,    0,    0,    0,    0,    0,    0,  -17,    0,    0,    0,    0,    0,    0,    0,    2,    0,    0,    0,    0,    0,    0,    0,    0,    0,    0,    0,    0,    0,    0,    0,    0,    0,    0,    0,    0,    0,    0,    0,    0,    0,   27,    0,    0,   10,    0,    0,    0,    0,    0,    0,    0,    0,    0,    0,   22,    0,    0,    0,   22,    0,    0,    0,    0,    0,    0,    0,    0,    0,    0,    0,    0,    0,    0,    0,    0,    0,    0,    0,    0,    0,    0,    0,    0,    0,    0,    0,    0,    0,    0,    0,    0,    0,    0,    0,    0,    0,    0,    0,    0,    0,    0,    0,    0,    0,    0,    0,    0,    0,    0,    0,    0,    0,    0,    0,    0,    0,    0,    0,    0,    0,    0,    0,    0,    0,    0,    0,    0,    0,    0,    0,    0,    0,    0,    0,    0,    0,    0,    0,    0,    0,    0,    0,    0,    0,    0,    0,    0,    0,    0,    0,    0,    0,    0,    0,    0,    0,    0,    0,    0,    0,    0,    0,    0,    0,    0,    0,    0,    0,    0,    0,    0,    0,    0,    0,    0,
       0,    0,    0,    0,    0,    0,    0,    0,    0,    0,    0,    0,    0,    0,    0,    0,    0,    0,    0,    0,    0,    0,    0,    0,    0,    0,    0,    0,    0,    0,    0,    0,    0,    0,    0,    0,    0,    0,    0,    0,    0,    0,    0,    0,    0,    0,    0,    0,    0,    0,    0,    0,    0,    0,    0,    0,    0,    0,    0,    0,    0,    0,    0,    0,    0,    0,    0,    0,    0,    0,    0,    0,    0,    0,    0,    0,    0,    0,    0,    0,  -14,    0,    0,    0,    0,    0,    0,    0,    0,    0,    0,    0,    0,    0,    0,    0,    0,    0,    0,    0,    0,    0,    0,    0,    0,    0,    0,    0,    0,    0,    0,    0,    0,    0,    0,    0,    0,    0,    0,    0,    0,    0,    0,    0,    0,    0,    0,    0,    0,    0,    0,    0,    0,    0,    0,    0,    0,    0,    0,    0,    0,    0,    0,    0,    0,    0,    0,    0,    0,    0,    0,    0,    0,    0,    0,    0,    0,    0,    0,    0,    0,    0,    0,    0,    0,    0,    0,    0,    0,    0,    0,    0,    0,    0,    0,    0,    0,    0,    0,    0,    0,    0,    0,    0,    0,    0,    0,    0,
       0,  -37,    0,  -63,    0,    0,    0,    0,    0,  -17,   -4,   -7,    0,    0,  -37,  -10,   -9,    0,    2,   -9,   -5,  -27,   16,    0,   -7,    0,    0,    0,    0,   16,   -9,   -4,   -5,   -2,   -2,   -5,    0,    0,    0,    0,  -53,  -16,    0,    0,    0,    0,    0,    0,    0,    0,    0,    0,    0,    0,    0,    0,    0,    0,    0,    0,    0,    0,    0,    0,    0,    0,    0,    0,    0,    0,    0,    0,    0,    0,    0,    0,    0,    0,    0,  -44,  -38,    0,    0,    0,    0,    0,    0,    0,    0,    0,    0,    0,    0,    0,    0,    0,    0,    0,    0,    0,    0,    0,    0,    0,    0,    0,    0,    0,    0,    0,    0,    0,    0,    0,    0,    0,    0,    0,    0,    0,    0,    0,    0,    0,    0,    0,    0,    0,    0,    0,    0,    0,    0,    0,    0,    0,    0,    0,    0,    0,    0,    0,    0,    0,    0,    0,    0,    0,    0,    0,    0,    0,    0,    0,    0,    0,    0,    0,    0,    0,    0,    0,    0,    0,    0,    0,    0,    0,    0,    0,    0,    0,    0,    0,    0,    0,    0,    0,    0,    0,    0,    0,    0,    0,    0,    0,    0,    0,
       0,    0,    0,  -20,    0,    0,    0,    0,    0,    0,    0,    0,  -11,   -9,  -16,    0,   -4,   -2,   -2,   -9,   -2,    0,    0,    0,    0,    0,    0,    0,    0,    0,   -7,    0,   -9,   -7,   -7,   -9,    0,    0,    0,    0,    0,  -13,    0,    0,    0,    0,    0,    0,    0,    0,    0,    0,    0,    0,    0,    0,    0,    0,    0,    0,    0,    0,    0,    0,    0,    0,    0,    0,    0,    0,    0,    0,    0,    0,    0,    0,    0,    0,    0,   -9,  -13,    0,    0,    0,    0,    0,    0,    0,    0,    0,    0,    0,    0,    0,    0,    0,    0,    0,    0,    0,    0,    0,    0,    0,    0,    0,    0,    0,    0,    0,    0,    0,    0,    0,    0,    0,    0,    0,    0,    0,    0,    0,    0,    0,    0,    0,    0,    0,    0,    0,    0,    0,    0,    0,    0,    0,    0,    0,    0,    0,    0,    0,    0,    0,    0,    0,    0,    0,    0,    0,    0,    0,    0,    0,    0,    0,    0,    0,    0,    0,    0,    0,    0,    0,    0,    0,    0,    0,    0,    0,    0,    0,    0,    0,    0,    0,    0,    0,    0,    0,    0,    0,    0,    0,    0,    0,    0,    0,
       0,    0,    0,    0,    0,    0,    0,    0,    0,    0,    0,  -19,   -7,  -16,  -12,   -9,   -2,   -2,   -2,   -5,   -7,    0,    0,    0,    0,  -13,    0,    0,    0,    0,  -18,   -7,   -9,   -7,    0,   -9,    0,    0,   -9,  -17,    7,  -35,    0,    0,    0,    0,    0,    0,    0,    0,    0,    0,    0,    0,    0,    0,    0,    0,    0,    0,    0,    0,    0,    0,    0,    0,    0,    0,    0,    0,    0,    0,    0,    0,    0,    0,    0,    0,    0,    0,    0,    0,    0,    0,    0,    0,    0,    0,    0,    0,    0,    0,    0,    0,    0,    0,    0,    0,    0,    0,    0,    0,    0,    0,    0,    0,    0,    0,    0,    0,    0,    0,    0,    0,    0,    0,    0,    0,    0,    0,    0,    0,    0,    0,    0,    0,    0,    0,    0,    0,    0,    0,    0,    0,    0,    0,    0,    0,    0,    0,    0,    0,    0,    0,    0,    0,    0,    0,    0,    0,    0,    0,    0,    0,    0,    0,    0,    0,    0,    0,    0,    0,    0,    0,    0,    0,    0,    0,    0,    0,    0,    0,    0,    0,    0,    0,    0,    0,    0,    0,    0,    0,    0,    0,    0,    0,    0,    0,
       0,    0,    0,  -23,    0,    0,  -12,    0,    0,    0,   -7,    0,  -26,    0,  -16,    0,   -7,   -4,  -11,  -13,  -13,    0,    0,    0,    0,    0,    0,    0,    0,    0,    0,    0,    0,    0,   -9,    0,   -5,    0,    0,    0,    4,    0,    0,    0,    0,    0,    0,    0,    0,    0,    0,    0,    0,    0,    0,    0,    0,    0,    0,    0,    0,    0,    0,    0,    0,    0,    0,    0,    0,    0,    0,    0,    0,    0,    0,    0,    0,    0,    0,    0,    0,    0,    0,    0,    0,    0,    0,    0,    0,    0,    0,    0,    0,    0,    0,    0,    0,    0,    0,    0,    0,    0,    0,    0,    0,    0,    0,    0,    0,    0,    0,    0,    0,    0,    0,    0,    0,    0,    0,    0,    0,    0,    0,    0,    0,    0,    0,    0,    0,    0,    0,    0,    0,    0,    0,    0,    0,    0,    0,    0,    0,    0,    0,    0,    0,    0,    0,    0,    0,    0,    0,    0,    0,    0,    0,    0,    0,    0,    0,    0,    0,    0,    0,    0,    0,    0,    0,    0,    0,    0,    0,    0,    0,    0,    0,    0,    0,    0,    0,    0,    0,    0,    0,    0,    0,    0,    0,    0,
       0,    0,    0,    0,    0,    0,    0,    0,    0,    0,    0,    0,    0,    0,    0,    0,    0,    0,    0,    0,    0,    0,    0,   -7,    0,    0,    0,    0,    0,    0,  -16,    0,   -7,    0,  -20,   -7,    0,    0,    0,    0,    0,    0,    0,    0,    0,    0,    0,    0,    0,    0,    0,    0,    0,    0,    0,    0,    0,    0,    0,    0,    0,    0,    0,    0,    0,    0,    0,    0,    0,    0,    0,    0,    0,    0,    0,    0,    0,    0,    0,    0,    0,    0,    0,    0,    0,    0,    0,    0,    0,    0,    0,    0,    0,    0,    0,    0,    0,    0,    0,    0,    0,    0,    0,    0,    0,    0,    0,    0,    0,    0,    0,    0,    0,    0,    0,    0,    0,    0,    0,    0,    0,    0,    0,    0,    0,    0,    0,    0,    0,    0,    0,    0,    0,    0,    0,    0,    0,    0,    0,    0,    0,    0,    0,    0,    0,    0,    0,    0,    0,    0,    0,    0,    0,    0,    0,    0,    0,    0,    0,    0,    0,    0,    0,    0,    0,    0,    0,    0,    0,    0,    0,    0,    0,    0,    0,    0,    0,    0,    0,    0,    0,    0,    0,    0,    0,    0,    0,    0,
       0,    0,    0,    0,  -49,  -49,  -47,    0,    0,    0,  -25,   -7,  -93,  -13,    0,    0,    2,    2,  -16,    0,  -20,    0,  -23,   -9,    0,  -16,    0,    0,  -13,  -13,   -7,  -11,  -13,  -11,  -17,  -11,  -20,    0,  -13,    0,   14,   -9,    0,    0,    0,    0,    0,    0,   20,   25,    0,    0,    0,    0,    0,    0,    0,    0,    0,    0,    0,    0,    0,    0,    0,    0,    0,    0,    0,    0,    0,    0,    0,    0,    0,    0,    0,    0,    0,    0,    0,    0,    0,    0,    0,    0,    0,    0,    0,    0,    0,    0,    0,    0,    0,    0,    0,    0,    0,    0,    0,    0,    0,    0,    0,    0,    0,    0,    0,    0,    0,    0,    0,    0,    0,    0,    0,    0,    0,    0,    0,    0,    0,    0,    0,    0,    0,    0,    0,    0,    0,    0,    0,    0,    0,    0,    0,    0,    0,    0,    0,    0,    0,    0,    0,    0,    0,    0,    0,    0,    0,    0,    0,    0,    0,    0,    0,    0,    0,    0,    0,    0,    0,    0,    0,    0,    0,    0,    0,    0,    0,    0,    0,    0,    0,    0,    0,    0,    0,    0,    0,    0,    0,    0,    0,    0,    0,    0,
       0,    0,    0,  -19,    0,    0,    0,    0,    0,    0,   -2,    0,    0,    0,  -13,    0,   -9,   -2,    0,    0,    0,    0,    0,    0,    0,    0,    0,    0,    0,    0,    0,    0,    0,    0,    0,    0,    0,    0,    0,    0,    5,    0,    0,    0,    0,    0,    0,    0,    0,    0,    0,    0,    0,    0,    0,    0,    0,    0,    0,    0,    0,    0,    0,    0,    0,    0,    0,    0,    0,    0,    0,    0,    0,    0,    0,    0,    0,    0,    0,    0,    0,    0,    0,    0,    0,    0,    0,    0,    0,    0,    0,    0,    0,    0,    0,    0,    0,    0,    0,    0,    0,    0,    0,    0,    0,    0,    0,    0,    0,    0,    0,    0,    0,    0,    0,    0,    0,    0,    0,    0,    0,    0,    0,    0,    0,    0,    0,    0,    0,    0,    0,    0,    0,    0,    0,    0,    0,    0,    0,    0,    0,    0,    0,    0,    0,    0,    0,    0,    0,    0,    0,    0,    0,    0,    0,    0,    0,    0,    0,    0,    0,    0,    0,    0,    0,    0,    0,    0,    0,    0,    0,    0,    0,    0,    0,    0,    0,    0,    0,    0,    0,    0,    0,    0,    0,    0,    0,    0,
       0,    0,    0,    0,  -16,  -16,    0,    0,    0,    0,    0,    0,  -27,    0,    0,    0,    0,    0,    0,    0,    0,    0,    0,    0,    0,    0,    0,    0,    0,    0,    0,    0,    0,    0,    0,    0,    0,    0,    0,    0,    0,    0,    0,    0,    0,    0,    0,    0,    0,    0,    0,    0,    0,    0,    0,    0,    0,    0,    0,    0,    0,    0,    0,    0,    0,    0,    0,    0,    0,    0,    0,    0,    0,    0,    0,    0,    0,    0,    0,    0,    0,    0,    0,    0,    0,    0,    0,    0,    0,    0,    0,    0,    0,    0,    0,    0,    0,    0,    0,    0,    0,    0,    0,    0,    0,    0,    0,    0,    0,    0,    0,    0,    0,    0,    0,    0,    0,    0,    0,    0,    0,    0,    0,    0,    0,    0,    0,    0,    0,    0,    0,    0,    0,    0,    0,    0,    0,    0,    0,    0,    0,    0,    0,    0,    0,    0,    0,    0,    0,    0,    0,    0,    0,    0,    0,    0,    0,    0,    0,    0,    0,    0,    0,    0,    0,    0,    0,    0,    0,    0,    0,    0,    0,    0,    0,    0,    0,    0,    0,    0,    0,    0,    0,    0,    0,    0,    0,    0,
       0,  -14,    0,  -27,    0,    0,    0,    0,    0,   -5,   -7,  -13,    0,   -6,  -11,   -9,   -8,   -7,    0,  -11,    0,    0,    0,   -5,    0,    0,    0,   -7,    0,    0,  -22,  -10,  -13,  -11,  -11,  -13,   -9,    0,   -7,  -20,    2,  -31,   -2,    0,    0,    0,    0,    0,    0,    0,    0,    0,    0,    0,    0,    0,    0,    0,    0,    0,    0,    0,    0,    0,    0,    0,    0,    0,    0,    0,    0,    0,    0,    0,    0,    0,    0,    0,    0,  -12,  -12,    0,    0,    0,    0,    0,    0,    0,    0,    0,    0,    0,    0,    0,    0,    0,    0,    0,    0,    0,    0,    0,    0,    0,    0,    0,    0,    0,    0,    0,    0,    0,    0,    0,    0,    0,    0,    0,    0,    0,    0,    0,    0,    0,    0,    0,    0,    0,    0,    0,    0,    0,    0,    0,    0,    0,    0,    0,    0,    0,    0,    0,    0,    0,    0,    0,    0,    0,    0,    0,    0,    0,    0,    0,    0,    0,    0,    0,    0,    0,    0,    0,    0,    0,    0,    0,    0,    0,    0,    0,    0,    0,    0,    0,    0,    0,    0,    0,    0,    0,    0,    0,    0,    0,    0,    0,    0,    0,
       0,  -59,    0, -102,    0,    0,    0,    0,    0,  -22,    2,  -17,    0,  -15,  -80,  -19,  -51,  -38,    0,  -51,    0,  -53,    0,   -8,   -9,   -2,    0,    0,    0,    0,  -13,   -7,  -24,  -23,    0,  -24,    0,    0,  -23,  -36,  -62,  -62,    0,    0,    0,    0,    0,    0,    0,    0,    0,    0,    0,    0,    0,    0,    0,    0,    0,    0,    0,    0,    0,    0,    0,    0,    0,    0,    0,    0,    0,    0,    0,    0,    0,    0,    0,    0,    0,  -52,  -52,    0,    0,    0,    0,    0,    0,    0,    0,    0,    0,    0,    0,    0,    0,    0,    0,    0,    0,    0,    0,    0,    0,    0,    0,    0,    0,    0,    0,    0,    0,    0,    0,    0,    0,    0,    0,    0,    0,    0,    0,    0,    0,    0,    0,    0,    0,    0,    0,    0,    0,    0,    0,    0,    0,    0,    0,    0,    0,    0,    0,    0,    0,    0,    0,    0,    0,    0,    0,    0,    0,    0,    0,    0,    0,    0,    0,    0,    0,    0,    0,    0,    0,    0,    0,    0,    0,    0,    0,    0,    0,    0,    0,    0,    0,    0,    0,    0,    0,    0,    0,    0,    0,    0,    0,    0,    0,    0,
       0,    0,    0,    0,  -75,  -75,  -51,    0,    0,    0,  -34,    0,  -98,   -7,  -16,    0,    0,    0,  -16,   -7,  -52,    0,  -29,  -16,    0,  -20,    0,    0,    0,   -7,    0,    0,    0,    0,   -9,    0,  -13,    0,  -13,  -22,   20,   -5,    0,    0,    0,    0,    0,    0,    0,    0,    0,    0,    0,    0,    0,    0,    0,    0,    0,    0,    0,    0,    0,    0,    0,    0,    0,    0,    0,    0,    0,    0,    0,    0,    0,    0,    0,    0,    0,    0,    0,    0,    0,    0,    0,    0,    0,    0,    0,    0,    0,    0,    0,    0,    0,    0,    0,    0,    0,    0,    0,    0,    0,    0,    0,    0,    0,    0,    0,    0,    0,    0,    0,    0,    0,    0,    0,    0,    0,    0,    0,    0,    0,    0,    0,    0,    0,    0,    0,    0,    0,    0,    0,    0,    0,    0,    0,    0,    0,    0,    0,    0,    0,    0,    0,    0,    0,    0,    0,    0,    0,    0,    0,    0,    0,    0,    0,    0,    0,    0,    0,    0,    0,    0,    0,    0,    0,    0,    0,    0,    0,    0,    0,    0,    0,    0,    0,    0,    0,    0,    0,    0,    0,    0,    0,    0,    0,    0,
       0,    0,    0,   -7,    0,    0,    0,    0,    0,    0,   -2,    0,  -12,   -9,   -9,    0,    4,    4,   -2,    0,   -7,    0,   -2,   -7,    0,   -2,    0,    0,    0,    0,    0,    0,    0,    0,   -5,    0,   -5,    0,  -20,  -21,   17,   -7,   -9,    0,    0,    0,    0,    0,    0,    0,    0,    0,    0,    0,    0,    0,    0,    0,    0,    0,    0,    0,    0,    0,    0,    0,    0,    0,    0,    0,    0,    0,    0,    0,    0,    0,    0,    0,    0,    0,    0,    0,    0,    0,    0,    0,    0,    0,    0,    0,    0,    0,    0,    0,    0,    0,    0,    0,    0,    0,    0,    0,    0,    0,    0,    0,    0,    0,    0,    0,    0,    0,    0,    0,    0,    0,    0,    0,    0,    0,    0,    0,    0,    0,    0,    0,    0,    0,    0,    0,    0,    0,    0,    0,    0,    0,    0,    0,    0,    0,    0,    0,    0,    0,    0,    0,    0,    0,    0,    0,    0,    0,    0,    0,    0,    0,    0,    0,    0,    0,    0,    0,    0,    0,    0,    0,    0,    0,    0,    0,    0,    0,    0,    0,    0,    0,    0,    0,    0,    0,    0,    0,    0,    0,    0,    0,    0,    0,
       0,    0,    0,  -11,    0,    0,    0,    0,    0,    0,    0,    0,   -9,   -9,  -13,    0,    0,    0,    0,   -9,    0,    0,    0,    0,    0,    0,    0,    0,    0,    0,  -16,    0,    0,    0,    0,    0,    0,    0,    0,    9,    2,   -8,    0,    0,    0,    0,    0,    0,    0,    0,    0,    0,    0,    0,    0,    0,    0,    0,    0,    0,    0,    0,    0,    0,    0,    0,    0,    0,    0,    0,    0,    0,    0,    0,    0,    0,    0,    0,    0,    0,   -7,    0,    0,    0,    0,    0,    0,    0,    0,    0,    0,    0,    0,    0,    0,    0,    0,    0,    0,    0,    0,    0,    0,    0,    0,    0,    0,    0,    0,    0,    0,    0,    0,    0,    0,    0,    0,    0,    0,    0,    0,    0,    0,    0,    0,    0,    0,    0,    0,    0,    0,    0,    0,    0,    0,    0,    0,    0,    0,    0,    0,    0,    0,    0,    0,    0,    0,    0,    0,    0,    0,    0,    0,    0,    0,    0,    0,    0,    0,    0,    0,    0,    0,    0,    0,    0,    0,    0,    0,    0,    0,    0,    0,    0,    0,    0,    0,    0,    0,    0,    0,    0,    0,    0,    0,    0,    0,    0,
       0,    0,    0,    0,  -71,  -71,  -60,  -13,  -13,    0,  -27,  -16,  -85,  -26,    0,    0,    0,    0,  -13,   -9,  -36,    0,  -49,  -44,  -12,  -49,    0,    0,  -31,  -40,  -12,  -31,  -22,  -23,  -26,  -22,  -50,    0,  -32,  -49,   13,  -43,  -27,    0,  -58,    0,    0,    0,    0,    0,    0,    0,    0,    0,    0,    0,    0,    0,    0,    0,    0,    0,    0,    0,    0,    0,    0,    0,    0,    0,    0,    0,    0,    0,    0,    0,    0,    0,    0,    0,    0,    0,    0,    0,    0,    0,    0,    0,    0,    0,    0,    0,    0,    0,    0,    0,    0,    0,    0,    0,    0,    0,    0,    0,    0,    0,    0,    0,    0,    0,    0,    0,    0,    0,    0,    0,    0,    0,    0,    0,    0,    0,    0,    0,    0,    0,    0,    0,    0,    0,    0,    0,    0,    0,    0,    0,    0,    0,    0,    0,    0,    0,    0,    0,    0,    0,    0,    0,    0,    0,    0,    0,    0,    0,    0,    0,    0,    0,    0,    0,    0,    0,    0,    0,    0,    0,    0,    0,    0,    0,    0,    0,    0,    0,    0,    0,    0,    0,    0,    0,    0,    0,    0,    0,    0,    0,    0,    0,
       0,    0,    0,    0,  -11,  -11,  -21,    0,    0,    0,  -11,    0,  -32,   -7,    0,    0,   -2,    0,   -7,   -9,    0,    0,   -2,    0,    0,   -7,    0,    0,    0,   -2,    0,    0,    0,    0,   -5,    0,    0,    0,    0,    0,    0,    0,    0,    0,    0,    0,    0,    0,    0,    0,    0,    0,    0,    0,    0,    0,    0,    0,    0,    0,    0,    0,    0,    0,    0,    0,    0,    0,    0,    0,    0,    0,    0,    0,    0,    0,    0,    0,    0,    0,    0,    0,    0,    0,    0,    0,    0,    0,    0,    0,    0,    0,    0,    0,    0,    0,    0,    0,    0,    0,    0,    0,    0,    0,    0,    0,    0,    0,    0,    0,    0,    0,    0,    0,    0,    0,    0,    0,    0,    0,    0,    0,    0,    0,    0,    0,    0,    0,    0,    0,    0,    0,    0,    0,    0,    0,    0,    0,    0,    0,    0,    0,    0,    0,    0,    0,    0,    0,    0,    0,    0,    0,    0,    0,    0,    0,    0,    0,    0,    0,    0,    0,    0,    0,    0,    0,    0,    0,    0,    0,    0,    0,    0,    0,    0,    0,    0,    0,    0,    0,    0,    0,    0,    0,    0,    0,    0,    0,
       0,    0,    0,    0,  -44,  -44,  -31,    0,    0,    0,   -9,   -7,  -49,   -7,    0,   -7,    7,    0,    0,    0,  -13,    0,  -15,  -10,    0,  -14,    0,    0,  -13,   -8,    0,  -20,   -6,   -6,  -10,   -6,  -17,    0,  -14,  -13,   35,   -8,  -13,    0,    0,    0,   13,    8,   35,   43,   28,    0,    0,    0,    0,    0,    0,    0,    0,    0,    0,    0,    0,    0,    0,    0,    0,    0,    0,    0,    0,    0,    0,    0,    0,    0,    0,    0,    0,    0,    8,    0,    0,    0,    0,    0,    0,    0,    0,    0,    0,    0,    0,    0,    0,    0,    0,    0,    0,    0,    0,    0,    0,    0,    0,    0,    0,    0,    0,    0,    0,    0,    0,    0,    0,    0,    0,    0,    0,    0,    0,    0,    0,    0,    0,    0,    0,    0,    0,    0,    0,    0,    0,    0,    0,    0,    0,    0,    0,    0,    0,    0,    0,    0,    0,    0,    0,    0,    0,    0,    0,    0,    0,    0,    0,    0,    0,    0,    0,    0,    0,    0,    0,    0,    0,    0,    0,    0,    0,    0,    0,    0,    0,    0,    0,    0,    0,    0,    0,    0,    0,    0,    0,    0,    0,    0,    0,    0,
       0,    0,    0,    0,  -23,  -23,  -20,    0,    0,    0,    0,   -4,  -44,   -4,    0,    0,    0,    0,    0,    0,   -4,    0,  -11,    0,    0,   -8,    0,    0,    0,    0,    0,    0,    0,    0,    0,    0,   -7,    0,   -7,   -7,   26,    0,  -11,    0,    0,    0,    0,    0,    0,    0,    0,    0,    0,    0,    0,    0,    0,    0,    0,    0,    0,    0,    0,    0,    0,    0,    0,    0,    0,    0,    0,    0,    0,    0,    0,    0,    0,    0,    0,    0,    8,    0,    0,    0,    0,    0,    0,    0,    0,    0,    0,    0,    0,    0,    0,    0,    0,    0,    0,    0,    0,    0,    0,    0,    0,    0,    0,    0,    0,    0,    0,    0,    0,    0,    0,    0,    0,    0,    0,    0,    0,    0,    0,    0,    0,    0,    0,    0,    0,    0,    0,    0,    0,    0,    0,    0,    0,    0,    0,    0,    0,    0,    0,    0,    0,    0,    0,    0,    0,    0,    0,    0,    0,    0,    0,    0,    0,    0,    0,    0,    0,    0,    0,    0,    0,    0,    0,    0,    0,    0,    0,    0,    0,    0,    0,    0,    0,    0,    0,    0,    0,    0,    0,    0,    0,    0,    0,    0,
       0,   -7,    0,   -7,    0,    0,    0,    0,    0,    0,    2,  -11,    0,   -9,  -13,   -7,    0,    0,    0,    0,    0,    0,   -7,   -5,  -11,    0,    0,    0,    0,    0,  -11,   -7,  -11,   -9,   -7,  -11,   -9,    0,   -9,  -18,    5,  -27,   -9,    0,    0,    0,    0,    0,    0,    0,    0,    0,    0,    0,    0,    0,    0,    0,    0,    0,    0,    0,    0,    0,    0,    0,    0,    0,    0,    0,    0,    0,    0,    0,    0,    0,    0,    0,    0,   -5,   -5,    0,    0,    0,    0,    0,    0,    0,    0,    0,    0,    0,    0,    0,    0,    0,    0,    0,    0,    0,    0,    0,    0,    0,    0,    0,    0,    0,    0,    0,    0,    0,    0,    0,    0,    0,    0,    0,    0,    0,    0,    0,    0,    0,    0,    0,    0,    0,    0,    0,    0,    0,    0,    0,    0,    0,    0,    0,    0,    0,    0,    0,    0,    0,    0,    0,    0,    0,    0,    0,    0,    0,    0,    0,    0,    0,    0,    0,    0,    0,    0,    0,    0,    0,    0,    0,    0,    0,    0,    0,    0,    0,    0,    0,    0,    0,    0,    0,    0,    0,    0,    0,    0,    0,    0,    0,    0,    0,
       0,    0,    0,    0,  -61,  -61,  -45,  -17,  -17,   -5,   -9,   -9,  -67,  -11,   -9,   -7,    0,    0,    0,    0,  -17,    0,  -45,  -28,    0,  -40,    0,    0,  -27,  -28,  -19,  -23,   -9,  -16,  -23,   -9,  -32,    0,  -37,  -44,   22,  -31,  -25,    0,    0,    0,    0,    0,    0,    0,    0,    0,    0,    0,    0,    0,    0,    0,    0,    0,    0,    0,    0,    0,    0,    0,    0,    0,    0,    0,    0,    0,    0,    0,    0,    0,    0,    0,    0,    0,    6,    0,    0,    0,    0,    0,    0,    0,    0,    0,    0,    0,    0,    0,    0,    0,    0,    0,    0,    0,    0,    0,    0,    0,    0,    0,    0,    0,    0,    0,    0,    0,    0,    0,    0,    0,    0,    0,    0,    0,    0,    0,    0,    0,    0,    0,    0,    0,    0,    0,    0,    0,    0,    0,    0,    0,    0,    0,    0,    0,    0,    0,    0,    0,    0,    0,    0,    0,    0,    0,    0,    0,    0,    0,    0,    0,    0,    0,    0,    0,    0,    0,    0,    0,    0,    0,    0,    0,    0,    0,    0,    0,    0,    0,    0,    0,    0,    0,    0,    0,    0,    0,    0,    0,    0,    0,    0,    0,
       0,    0,    0,    0,    0,    0,    0,    0,    0,    0,   -4,  -13,  -22,  -20,    0,   -7,   -4,   -4,    0,   -9,  -11,    0,  -11,  -14,  -13,  -10,    0,    0,    0,    0,   -9,  -16,  -11,  -11,  -16,  -11,    0,    0,  -23,  -23,   13,  -40,    0,    0,    0,    0,    0,    0,    0,    0,    0,    0,    0,    0,    0,    0,    0,    0,    0,    0,    0,    0,    0,    0,    0,    0,    0,    0,    0,    0,    0,    0,    0,    0,    0,    0,    0,    0,    0,    0,    0,    0,    0,    0,    0,    0,    0,    0,    0,    0,    0,    0,    0,    0,    0,    0,    0,    0,    0,    0,    0,    0,    0,    0,    0,    0,    0,    0,    0,    0,    0,    0,    0,    0,    0,    0,    0,    0,    0,    0,    0,    0,    0,    0,    0,    0,    0,    0,    0,    0,    0,    0,    0,    0,    0,    0,    0,    0,    0,    0,    0,    0,    0,    0,    0,    0,    0,    0,    0,    0,    0,    0,    0,    0,    0,    0,    0,    0,    0,    0,    0,    0,    0,    0,    0,    0,    0,    0,    0,    0,    0,    0,    0,    0,    0,    0,    0,    0,    0,    0,    0,    0,    0,    0,    0,    0,    0,    0,
       0,    0,    0,    0,    0,    0,    0,    0,    0,    0,    0,    0,    0,    0,  -58,  -20,  -35,  -20,    0,  -49,    0,    0,    0,    0,    0,   22,    0,   49,    0,    0,    0,    0,  -13,   -7,    0,    8,    0,    0,    0,    0,    0,    0,    0,    0,    0,  -20,    0,    0,    0,    0,    0,    0,    0,    0,    0,    0,    0,    0,  -58,    0,    0,    0,    0,    0,    0,    0,    0,    0,    0,    0,    0,    0,    0,    0,    8,    0,    0,    0,    0,    0,    0,    0,    0,    0,    0,    0,    0,    0,    0,    0,    0,    0,    0,    0,    0,    0,    0,    0,    0,    0,    0,    0,    0,    0,    0,    0,    0,    0,    0,    0,    0,    0,    0,    0,    0,    0,    0,    0,    0,    0,    0,    0,    0,    0,    0,    0,    0,    0,    0,    0,    0,    0,    0,    0,    0,    0,    0,    0,    0,    0,    0,    0,    0,    0,    0,    0,    0,    0,    0,    0,    0,    0,    0,    0,    0,    0,    0,    0,    0,    0,    0,    0,    0,    0,    0,    0,    0,    0,    0,    0,    0,    0,    0,    0,    0,    0,    0,    0,    0,    0,    0,    0,    0,    0,    0,    0,    0,    0,
       0,    0,    0,  -36,    0,    0,    0,    0,    0,   -8,    0,    0,    0,    0,  -16,    0,  -11,   -2,    0,  -16,    0,    0,    0,    0,    0,    0,    0,    0,    0,    0,   -9,    0,    0,    0,    0,    0,    0,    0,    0,    0,    0,    0,    0,    0,    0,    0,    0,    0,    0,    0,    0,    0,    0,    0,    0,    0,    0,    0,    0,    0,    0,    0,    0,    0,    0,    0,    0,    0,    0,    0,    0,    0,    0,    0,    0,    0,    0,    0,    0,    0,  -11,    0,    0,    0,    0,    0,    0,    0,    0,    0,    0,    0,    0,    0,    0,    0,    0,    0,    0,    0,    0,    0,    0,    0,    0,    0,    0,    0,    0,    0,    0,    0,    0,    0,    0,    0,    0,    0,    0,    0,    0,    0,    0,    0,    0,    0,    0,    0,    0,    0,    0,    0,    0,    0,    0,    0,    0,    0,    0,    0,    0,    0,    0,    0,    0,    0,    0,    0,    0,    0,    0,    0,    0,    0,    0,    0,    0,    0,    0,    0,    0,    0,    0,    0,    0,    0,    0,    0,    0,    0,    0,    0,    0,    0,    0,    0,    0,    0,    0,    0,    0,    0,    0,    0,    0,    0,    0,    0,
       0,  -20,    0,  -17,   -7,   -7,    0,    0,    0,   -8,    0,    0,    0,    0,  -38,    0,  -13,    0,   -2,  -31,    0,  -17,  -10,    0,    0,    0,    0,    0,    0,    0,  -11,    0,   -2,   -2,  -11,   -2,   -4,    0,    0,    4,   -5,    0,    0,    0,    0,    0,    0,    0,    0,    0,    0,    0,    0,    0,    0,    0,    0,    0,    0,    0,    0,    0,    0,    0,    0,    0,    0,    0,    0,    0,    0,    0,    0,    0,    0,    0,    0,    0,    0,  -10,  -17,    0,    0,    0,    0,    0,    0,    0,    0,    0,    0,    0,    0,    0,    0,    0,    0,    0,    0,    0,    0,    0,    0,    0,    0,    0,    0,    0,    0,    0,    0,    0,    0,    0,    0,    0,    0,    0,    0,    0,    0,    0,    0,    0,    0,    0,    0,    0,    0,    0,    0,    0,    0,    0,    0,    0,    0,    0,    0,    0,    0,    0,    0,    0,    0,    0,    0,    0,    0,    0,    0,    0,    0,    0,    0,    0,    0,    0,    0,    0,    0,    0,    0,    0,    0,    0,    0,    0,    0,    0,    0,    0,    0,    0,    0,    0,    0,    0,    0,    0,    0,    0,    0,    0,    0,    0,    0,    0,
       0,    0,    0,    0,    0,    0,    0,    0,    0,    0,    0,    0,    0,    0,  -13,    0,   -9,    0,    0,  -16,    0,    0,   -7,  -14,    0,   -7,    0,    0,    0,    0,   -7,    0,    4,    4,    5,    4,    0,    0,   -9,  -13,   14,   -9,    0,    0,    0,    0,    0,    0,    0,    0,    0,    0,    0,    0,    0,    0,    0,    0,    0,    0,    0,    0,    0,    0,    0,    0,    0,    0,    0,    0,    0,    0,    0,    0,    0,    0,    0,    0,    0,    0,    0,    0,    0,    0,    0,    0,    0,    0,    0,    0,    0,    0,    0,    0,    0,    0,    0,    0,    0,    0,    0,    0,    0,    0,    0,    0,    0,    0,    0,    0,    0,    0,    0,    0,    0,    0,    0,    0,    0,    0,    0,    0,    0,    0,    0,    0,    0,    0,    0,    0,    0,    0,    0,    0,    0,    0,    0,    0,    0,    0,    0,    0,    0,    0,    0,    0,    0,    0,    0,    0,    0,    0,    0,    0,    0,    0,    0,    0,    0,    0,    0,    0,    0,    0,    0,    0,    0,    0,    0,    0,    0,    0,    0,    0,    0,    0,    0,    0,    0,    0,    0,    0,    0,    0,    0,    0,    0,    0,
       0,    0,    0,  -23,    0,    0,    0,    0,    0,   -5,    0,    0,  -13,  -13,  -16,    0,  -11,   -7,    0,  -17,    0,  -13,  -10,    0,    0,   -7,    0,    0,    0,    0,   -7,    0,    3,    3,   -5,    3,    0,    0,    0,    7,    0,   -2,    0,    0,    0,    0,    0,    0,    0,    0,    0,    0,    0,    0,    0,    0,    0,    0,    0,    0,    0,    0,    0,    0,    0,    0,    0,    0,    0,    0,    0,    0,    0,    0,    0,    0,    0,    0,    0,    0,   -7,    0,    0,    0,    0,    0,    0,    0,    0,    0,    0,    0,    0,    0,    0,    0,    0,    0,    0,    0,    0,    0,    0,    0,    0,    0,    0,    0,    0,    0,    0,    0,    0,    0,    0,    0,    0,    0,    0,    0,    0,    0,    0,    0,    0,    0,    0,    0,    0,    0,    0,    0,    0,    0,    0,    0,    0,    0,    0,    0,    0,    0,    0,    0,    0,    0,    0,    0,    0,    0,    0,    0,    0,    0,    0,    0,    0,    0,    0,    0,    0,    0,    0,    0,    0,    0,    0,    0,    0,    0,    0,    0,    0,    0,    0,    0,    0,    0,    0,    0,    0,    0,    0,    0,    0,    0,    0,    0,
      10,   27,   33,    0,  -34,  -34,  -10,    0,    0,   17,    0,    0,    0,    0,   31,    0,   44,   31,   22,   40,    0,   42,  -13,   -7,    0,  -10,    0,   -7,    0,   -2,    0,    0,    8,    0,   -2,    0,   -9,    0,    0,   -9,   51,  -13,    0,    0,    0,    0,    0,    0,    0,    0,    0,    0,    0,    0,    0,    0,    0,    0,    0,    0,    0,    0,    0,    0,    0,    0,    0,    0,    0,    0,    0,    0,    0,    0,    0,    0,    0,    0,    0,   23,   23,    0,    0,    0,    0,    0,    0,    0,    0,    0,    0,    0,    0,    0,    0,    0,    0,    0,    0,    0,    0,    0,    0,    0,    0,    0,    0,    0,    0,    0,    0,    0,    0,    0,    0,    0,    0,    0,    0,    0,    0,    0,    0,    0,    0,    0,    0,    0,    0,    0,    0,    0,    0,    0,    0,    0,    0,    0,    0,    0,    0,    0,    0,    0,    0,    0,    0,    0,    0,    0,    0,    0,    0,    0,    0,    0,    0,    0,    0,    0,    0,    0,    0,    0,    0,    0,    0,    0,    0,    0,    0,    0,    0,    0,    0,    0,    0,    0,    0,    0,    0,    0,    0,    0,    0,    0,    0,    0,
       0,    0,   10,  -22,    0,    0,   32,    0,    0,  -24,    0,    0,    0,    0,  -17,    0,    0,    0,    0,   -9,    0,    0,  -11,   -9,    0,    0,    0,   25,    0,    0,    0,    0,   -2,   -2,    0,   10,   -9,    0,    0,    0,   10,   -5,    0,    0,    0,    0,    0,    0,    0,    0,    0,    0,    0,    0,    0,    0,    0,    0,    0,    0,    0,    0,    0,    0,    0,    0,    0,    0,    0,    0,    0,    0,    0,    0,    0,    0,    0,    0,    0,    0,    0,    0,    0,    0,    0,    0,    0,    0,    0,    0,    0,    0,    0,    0,    0,    0,    0,    0,    0,    0,    0,    0,    0,    0,    0,    0,    0,    0,    0,    0,    0,    0,    0,    0,    0,    0,    0,    0,    0,    0,    0,    0,    0,    0,    0,    0,    0,    0,    0,    0,    0,    0,    0,    0,    0,    0,    0,    0,    0,    0,    0,    0,    0,    0,    0,    0,    0,    0,    0,    0,    0,    0,    0,    0,    0,    0,    0,    0,    0,    0,    0,    0,    0,    0,    0,    0,    0,    0,    0,    0,    0,    0,    0,    0,    0,    0,    0,    0,    0,    0,    0,    0,    0,    0,    0,    0,    0,    0,
       0,    0,    0,  -23,    0,    0,    0,    0,    0,   -5,    0,    0,    0,    0,  -16,    0,   -7,    0,    0,  -11,    0,    0,    0,    0,    0,    0,    0,    0,    0,    0,    0,    0,    0,    0,    0,    0,    0,    0,    0,    0,    0,    0,    0,    0,    0,    0,    0,    0,    0,    0,    0,    0,    0,    0,    0,    0,    0,    0,    0,    0,    0,    0,    0,    0,    0,    0,    0,    0,    0,    0,    0,    0,    0,    0,    0,    0,    0,    0,    0,    0,  -13,    0,    0,    0,    0,    0,    0,    0,    0,    0,    0,    0,    0,    0,    0,    0,    0,    0,    0,    0,    0,    0,    0,    0,    0,    0,    0,    0,    0,    0,    0,    0,    0,    0,    0,    0,    0,    0,    0,    0,    0,    0,    0,    0,    0,    0,    0,    0,    0,    0,    0,    0,    0,    0,    0,    0,    0,    0,    0,    0,    0,    0,    0,    0,    0,    0,    0,    0,    0,    0,    0,    0,    0,    0,    0,    0,    0,    0,    0,    0,    0,    0,    0,    0,    0,    0,    0,    0,    0,    0,    0,    0,    0,    0,    0,    0,    0,    0,    0,    0,    0,    0,    0,    0,    0,    0,    0,    0,
       0,    0,    0,  -14,    8,    8,    0,    8,    8,   -8,    0,    0,    0,    0,  -23,    0,    0,    0,    0,   -8,    0,    0,   -7,  -12,    0,   -7,    0,   -7,    0,    0,  -14,   -9,    0,    0,   -5,    0,   -5,    0,  -17,  -29,    0,  -17,   -7,    0,    0,    0,    0,    0,    0,    0,    0,    0,    0,    0,    0,    0,    0,    0,    0,    0,    0,    0,    0,    0,    0,    0,    0,    0,    0,    0,    0,    0,    0,    0,    0,    0,    0,    0,    0,    0,  -17,    0,    0,    0,    0,    0,    0,    0,    0,    0,    0,    0,    0,    0,    0,    0,    0,    0,    0,    0,    0,    0,    0,    0,    0,    0,    0,    0,    0,    0,    0,    0,    0,    0,    0,    0,    0,    0,    0,    0,    0,    0,    0,    0,    0,    0,    0,    0,    0,    0,    0,    0,    0,    0,    0,    0,    0,    0,    0,    0,    0,    0,    0,    0,    0,    0,    0,    0,    0,    0,    0,    0,    0,    0,    0,    0,    0,    0,    0,    0,    0,    0,    0,    0,    0,    0,    0,    0,    0,    0,    0,    0,    0,    0,    0,    0,    0,    0,    0,    0,    0,    0,    0,    0,    0,    0,    0,    0,
       0,    0,    0,    0,    0,    0,    0,    0,    0,    0,    0,    0,    0,    0,    0,    0,    0,    0,    0,    0,    0,    0,    0,    0,    0,    0,    0,    5,    0,    0,    0,    0,    0,    0,    0,    0,    0,    0,    0,    0,    0,    0,    0,    0,    0,    0,    0,    0,    0,    0,    0,    0,    0,    0,    0,    0,    0,    0,    0,    0,    0,    0,    0,    0,    0,    0,    0,    0,    0,    0,    0,    0,    0,    0,    0,    0,    0,    0,    0,    0,    0,    0,    0,    0,    0,    0,    0,    0,    0,    0,    0,    0,    0,    0,    0,    0,    0,    0,    0,    0,    0,    0,    0,    0,    0,    0,    0,    0,    0,    0,    0,    0,    0,    0,    0,    0,    0,    0,    0,    0,    0,    0,    0,    0,    0,    0,    0,    0,    0,    0,    0,    0,    0,    0,    0,    0,    0,    0,    0,    0,    0,    0,    0,    0,    0,    0,    0,    0,    0,    0,    0,    0,    0,    0,    0,    0,    0,    0,    0,    0,    0,    0,    0,    0,    0,    0,    0,    0,    0,    0,    0,    0,    0,    0,    0,    0,    0,    0,    0,    0,    0,    0,    0,    0,    0,    0,    0,    0,
       0,    0,    0,  -16,    0,    0,    0,    0,    0,    0,    0,    0,    0,    0,  -13,    0,   -9,    0,    0,  -20,    0,    0,    0,    0,    0,    0,    0,    0,    0,    0,    0,    0,    0,    0,    0,    0,    0,    0,    0,    0,    0,    0,    0,    0,    0,    0,    0,    0,    0,    0,    0,    0,    0,    0,    0,    0,    0,    0,    0,    0,    0,    0,    0,    0,    0,    0,    0,    0,    0,    0,    0,    0,    0,    0,    0,    0,    0,    0,    0,    0,    0,    0,    0,    0,    0,    0,    0,    0,    0,    0,    0,    0,    0,    0,    0,    0,    0,    0,    0,    0,    0,    0,    0,    0,    0,    0,    0,    0,    0,    0,    0,    0,    0,    0,    0,    0,    0,    0,    0,    0,    0,    0,    0,    0,    0,    0,    0,    0,    0,    0,    0,    0,    0,    0,    0,    0,    0,    0,    0,    0,    0,    0,    0,    0,    0,    0,    0,    0,    0,    0,    0,    0,    0,    0,    0,    0,    0,    0,    0,    0,    0,    0,    0,    0,    0,    0,    0,    0,    0,    0,    0,    0,    0,    0,    0,    0,    0,    0,    0,    0,    0,    0,    0,    0,    0,    0,    0,    0,
       0,    0,    0,    0,  -38,  -38,  -23,   17,   17,    0,   -9,    0,  -37,    0,    0,    0,    0,    0,    0,    0,   -7,    8,  -16,   -7,    0,   -7,    0,    0,    0,   -2,    0,    0,   17,   13,    0,   17,   -2,    0,  -13,  -16,   42,  -11,    0,    0,    0,    0,    0,    0,    0,    0,    0,    0,    0,    0,    0,    0,    0,    0,    0,    0,    0,    0,    0,    0,    0,    0,    0,    0,    0,    0,    0,    0,    0,    0,    0,    0,    0,    0,    0,   22,   12,    0,    0,    0,    0,    0,    0,    0,    0,    0,    0,    0,    0,    0,    0,    0,    0,    0,    0,    0,    0,    0,    0,    0,    0,    0,    0,    0,    0,    0,    0,    0,    0,    0,    0,    0,    0,    0,    0,    0,    0,    0,    0,    0,    0,    0,    0,    0,    0,    0,    0,    0,    0,    0,    0,    0,    0,    0,    0,    0,    0,    0,    0,    0,    0,    0,    0,    0,    0,    0,    0,    0,    0,    0,    0,    0,    0,    0,    0,    0,    0,    0,    0,    0,    0,    0,    0,    0,    0,    0,    0,    0,    0,    0,    0,    0,    0,    0,    0,    0,    0,    0,    0,    0,    0,    0,    0,    0,
       0,    0,    0,  -33,    0,    0,    0,    0,    0,   -7,    0,    0,    0,    0,  -16,    0,   -7,    0,    0,  -13,    0,    0,    0,    0,    0,    0,    0,    0,    0,    0,  -13,    0,    0,    0,    0,    0,    0,    0,    0,    7,    0,    0,    0,    0,    0,    0,    0,    0,    0,    0,    0,    0,    0,    0,    0,    0,    0,    0,    0,    0,    0,    0,    0,    0,    0,    0,    0,    0,    0,    0,    0,    0,    0,    0,    0,    0,    0,    0,    0,    0,   -7,    0,    0,    0,    0,    0,    0,    0,    0,    0,    0,    0,    0,    0,    0,    0,    0,    0,    0,    0,    0,    0,    0,    0,    0,    0,    0,    0,    0,    0,    0,    0,    0,    0,    0,    0,    0,    0,    0,    0,    0,    0,    0,    0,    0,    0,    0,    0,    0,    0,    0,    0,    0,    0,    0,    0,    0,    0,    0,    0,    0,    0,    0,    0,    0,    0,    0,    0,    0,    0,    0,    0,    0,    0,    0,    0,    0,    0,    0,    0,    0,    0,    0,    0,    0,    0,    0,    0,    0,    0,    0,    0,    0,    0,    0,    0,    0,    0,    0,    0,    0,    0,    0,    0,    0,    0,    0,    0,
       0,    0,    0,    0,    4,    4,    7,   10,   10,  -17,    0,    0,    0,    0,   -9,    0,    0,    0,    0,   -2,    0,    0,  -14,   -9,    0,   -7,    0,    0,    0,   -7,  -13,    0,    0,    0,  -11,    0,    0,    0,  -12,  -17,   23,  -13,   -9,    0,    0,    0,    0,    0,    0,    0,    0,    0,    0,    0,    0,    0,    0,    0,    0,    0,    0,    0,    0,    0,    0,    0,    0,    0,    0,    0,    0,    0,    0,    0,    0,    0,    0,    0,    0,    0,    0,    0,    0,    0,    0,    0,    0,    0,    0,    0,    0,    0,    0,    0,    0,    0,    0,    0,    0,    0,    0,    0,    0,    0,    0,    0,    0,    0,    0,    0,    0,    0,    0,    0,    0,    0,    0,    0,    0,    0,    0,    0,    0,    0,    0,    0,    0,    0,    0,    0,    0,    0,    0,    0,    0,    0,    0,    0,    0,    0,    0,    0,    0,    0,    0,    0,    0,    0,    0,    0,    0,    0,    0,    0,    0,    0,    0,    0,    0,    0,    0,    0,    0,    0,    0,    0,    0,    0,    0,    0,    0,    0,    0,    0,    0,    0,    0,    0,    0,    0,    0,    0,    0,    0,    0,    0,    0,    0,
       0,    0,    0,   -8,  -23,  -23,  -13,    0,    0,    0,   -8,    0,  -27,    0,  -13,    0,   -6,    0,    0,   -9,   -7,    0,  -13,   -2,    0,    0,    0,   -7,    0,    0,    0,    0,    0,    0,    0,    0,  -16,    0,    0,   -5,   31,    0,    0,    0,    0,    0,    0,    0,    0,    0,    0,    0,    0,    0,    0,    0,    0,    0,    0,    0,    0,    0,    0,    0,    0,    0,    0,    0,    0,    0,    0,    0,    0,    0,    0,    0,    0,    0,    0,    0,    0,    0,    0,    0,    0,    0,    0,    0,    0,    0,    0,    0,    0,    0,    0,    0,    0,    0,    0,    0,    0,    0,    0,    0,    0,    0,    0,    0,    0,    0,    0,    0,    0,    0,    0,    0,    0,    0,    0,    0,    0,    0,    0,    0,    0,    0,    0,    0,    0,    0,    0,    0,    0,    0,    0,    0,    0,    0,    0,    0,    0,    0,    0,    0,    0,    0,    0,    0,    0,    0,    0,    0,    0,    0,    0,    0,    0,    0,    0,    0,    0,    0,    0,    0,    0,    0,    0,    0,    0,    0,    0,    0,    0,    0,    0,    0,    0,    0,    0,    0,    0,    0,    0,    0,    0,    0,    0,    0,
       0,    0,    0,   -8,  -27,  -27,   -5,    0,    0,    0,   -2,    0,  -20,    0,  -16,    0,   -6,    0,   -9,  -16,    0,    0,   -7,   -2,    0,    0,    0,   -7,    0,    0,    0,    0,    0,    0,    0,    0,  -11,    0,    0,    0,   26,    0,    0,    0,    0,    0,    0,    0,    0,    0,    0,    0,    0,    0,    0,    0,    0,    0,    0,    0,    0,    0,    0,    0,    0,    0,    0,    0,    0,    0,    0,    0,    0,    0,    0,    0,    0,    0,    0,    0,    0,    0,    0,    0,    0,    0,    0,    0,    0,    0,    0,    0,    0,    0,    0,    0,    0,    0,    0,    0,    0,    0,    0,    0,    0,    0,    0,    0,    0,    0,    0,    0,    0,    0,    0,    0,    0,    0,    0,    0,    0,    0,    0,    0,    0,    0,    0,    0,    0,    0,    0,    0,    0,    0,    0,    0,    0,    0,    0,    0,    0,    0,    0,    0,    0,    0,    0,    0,    0,    0,    0,    0,    0,    0,    0,    0,    0,    0,    0,    0,    0,    0,    0,    0,    0,    0,    0,    0,    0,    0,    0,    0,    0,    0,    0,    0,    0,    0,    0,    0,    0,    0,    0,    0,    0,    0,    0,    0,
      -9,    0,    0,  -15,    0,   -5,    0,    0,    5,    0,    0,   -7,    0,   -2,  -22,    0,  -10,    0,   -7,  -23,    0,    0,   -7,  -11,    0,    0,    0,    0,    0,    0,  -16,    0,    0,    0,    0,    0,    0,    0,  -16,   -9,   26,  -13,  -13,    0,    0,    0,    0,    0,    0,    0,    0,    0,    0,    0,    0,    0,    0,    0,    0,    0,    0,    0,    0,    0,    0,    0,    0,    0,    0,    0,    0,    0,    0,    0,    0,    0,    0,    0,    0,    0,    0,    0,    0,    0,    0,    0,    0,    0,    0,    0,    0,    0,    0,    0,    0,    0,    0,    0,    0,    0,    0,    0,    0,    0,    0,    0,    0,    0,    0,    0,    0,    0,    0,    0,    0,    0,    0,    0,    0,    0,    0,    0,    0,    0,    0,    0,    0,    0,    0,    0,    0,    0,    0,    0,    0,    0,    0,    0,    0,    0,    0,    0,    0,    0,    0,    0,    0,    0,    0,    0,    0,    0,    0,    0,    0,    0,    0,    0,    0,    0,    0,    0,    0,    0,    0,    0,    0,    0,    0,    0,    0,    0,    0,    0,    0,    0,    0,    0,    0,    0,    0,    0,    0,    0,    0,    0,    0,    0,
       0,    0,    0,    0,  -23,  -23,  -10,    0,    0,    0,    0,    0,  -27,    0,  -13,    0,   -2,    0,   -2,   -5,    0,    0,  -13,   -2,    0,    0,    0,   -7,    0,    0,    0,    0,    0,    0,   -9,    0,  -16,    0,   -2,    0,   31,    0,   -2,    0,    0,    0,    0,    0,    0,    0,    0,    0,    0,    0,    0,    0,    0,    0,    0,    0,    0,    0,    0,    0,    0,    0,    0,    0,    0,    0,    0,    0,    0,    0,    0,    0,    0,    0,    0,    0,    0,    0,    0,    0,    0,    0,    0,    0,    0,    0,    0,    0,    0,    0,    0,    0,    0,    0,    0,    0,    0,    0,    0,    0,    0,    0,    0,    0,    0,    0,    0,    0,    0,    0,    0,    0,    0,    0,    0,    0,    0,    0,    0,    0,    0,    0,    0,    0,    0,    0,    0,    0,    0,    0,    0,    0,    0,    0,    0,    0,    0,    0,    0,    0,    0,    0,    0,    0,    0,    0,    0,    0,    0,    0,    0,    0,    0,    0,    0,    0,    0,    0,    0,    0,    0,    0,    0,    0,    0,    0,    0,    0,    0,    0,    0,    0,    0,    0,    0,    0,    0,    0,    0,    0,    0,    0,    0,    0,
       0,    0,    0,    0,    0,    0,    0,    0,    0,    0,    0,    0,    0,    0,  -17,    0,    0,    0,    0,  -20,    0,    0,  -16,   -7,    0,   -4,    0,    0,    0,    0,    0,   -7,   -2,    0,    0,   -2,    0,    0,    0,  -11,   17,   -8,    0,    0,    0,    0,    0,    0,    0,    0,    0,    0,    0,    0,    0,    0,    0,    0,    0,    0,    0,    0,    0,    0,    0,    0,    0,    0,    0,    0,    0,    0,    0,    0,    0,    0,    0,    0,    0,    0,    0,    0,    0,    0,    0,    0,    0,    0,    0,    0,    0,    0,    0,    0,    0,    0,    0,    0,    0,    0,    0,    0,    0,    0,    0,    0,    0,    0,    0,    0,    0,    0,    0,    0,    0,    0,    0,    0,    0,    0,    0,    0,    0,    0,    0,    0,    0,    0,    0,    0,    0,    0,    0,    0,    0,    0,    0,    0,    0,    0,    0,    0,    0,    0,    0,    0,    0,    0,    0,    0,    0,    0,    0,    0,    0,    0,    0,    0,    0,    0,    0,    0,    0,    0,    0,    0,    0,    0,    0,    0,    0,    0,    0,    0,    0,    0,    0,    0,    0,    0,    0,    0,    0,    0,    0,    0,    0,    0,
       0,    0,    0,    0,    0,    0,    0,    0,    0,    0,    0,    0,    0,    0,    0,    0,  -22,  -11,    0,  -29,    0,    0,    0,    0,    0,    0,    0,   22,    0,    0,    0,    0,    0,    0,    0,    0,    0,    0,    0,    0,    0,    0,    0,    0,    0,    0,    0,    0,    0,    0,    0,    0,    0,    0,    0,    0,    0,    0,    0,    0,    0,    0,    0,    0,    0,    0,    0,    0,    0,    0,    0,    0,    0,    0,    0,    0,    0,    0,    0,    0,    0,    0,    0,    0,    0,    0,    0,    0,    0,    0,    0,    0,    0,    0,    0,    0,    0,    0,    0,    0,    0,    0,    0,    0,    0,    0,    0,    0,    0,    0,    0,    0,    0,    0,    0,    0,    0,    0,    0,    0,    0,    0,    0,    0,    0,    0,    0,    0,    0,    0,    0,    0,    0,    0,    0,    0,    0,    0,    0,    0,    0,    0,    0,    0,    0,    0,    0,    0,    0,    0,    0,    0,    0,    0,    0,    0,    0,    0,    0,    0,    0,    0,    0,    0,    0,    0,    0,    0,    0,    0,    0,    0,    0,    0,    0,    0,    0,    0,    0,    0,    0,    0,    0,    0,    0,    0,    0,    0,
       0,    0,    0,    0,    0,    0,    0,    0,    0,    0,    0,    0,    0,    0,  -27,    0,  -11,  -11,   -9,  -25,    0,    0,    0,    0,    0,    0,    0,    0,    0,    0,   -9,    0,   -2,    0,  -13,   -2,    0,    0,    0,    0,    0,    0,    0,    0,    0,    0,    0,    0,    0,    0,    0,    0,    0,    0,   -5,    0,    0,    0,  -27,  -18,    0,   -9,   -9,  -13,    0,    0,    0,    0,    0,  -13,    0,    0,    0,   -9,   -2,  -13,    0,   -2,  -13,    0,    0,    0,    0,    0,    0,    0,    0,    0,    0,    0,    0,    0,    0,    0,    0,    0,    0,    0,    0,    0,    0,    0,    0,    0,    0,    0,    0,    0,    0,    0,    0,    0,    0,    0,    0,    0,    0,    0,    0,    0,    0,    0,    0,    0,    0,    0,    0,    0,    0,    0,    0,    0,    0,    0,    0,    0,    0,    0,    0,    0,    0,    0,    0,    0,    0,    0,    0,    0,    0,    0,    0,    0,    0,    0,    0,    0,    0,    0,    0,    0,    0,    0,    0,    0,    0,    0,    0,    0,    0,    0,    0,    0,    0,    0,    0,    0,    0,    0,    0,    0,    0,    0,    0,    0,    0,    0,    0,    0,
       0,    0,    0,    0,    0,    0,    0,    0,    0,    0,    0,    0,  -13,  -11,  -32,    0,  -13,   -7,  -18,  -44,  -13,    0,    0,    0,    0,    0,    0,    0,    0,    0,  -17,    0,   -5,    0,   -9,    0,    0,    0,    0,    0,    0,    0,    0,    0,    0,    0,    0,    0,    0,    0,    0,    0,    0,  -20,  -18,  -13,  -20,    0,  -32,  -18,    4,  -18,  -13,  -16,    0,    0,    0,   -7,    0,  -16,  -14,   -7,    0,  -17,    0,   -9,    0,  -16,   -7,    0,    0,    0,    0,    0,    0,    0,    0,    0,    0,    0,    0,    0,    0,    0,    0,    0,    0,    0,    0,    0,    0,    0,    0,    0,    0,    0,    0,    0,    0,    0,    0,    0,    0,    0,    0,    0,    0,    0,    0,    0,    0,    0,    0,    0,    0,    0,    0,    0,    0,    0,    0,    0,    0,    0,    0,    0,    0,    0,    0,    0,    0,    0,    0,    0,    0,    0,    0,    0,    0,    0,    0,    0,    0,    0,    0,    0,    0,    0,    0,    0,    0,    0,    0,    0,    0,    0,    0,    0,    0,    0,    0,    0,    0,    0,    0,    0,    0,    0,    0,    0,    0,    0,    0,    0,    0,    0,    0,    0,
       0,    0,    0,    0,    0,    0,    0,    0,    0,    0,  -16,    0,    0,  -16,  -43,    0,  -17,    0,  -17,  -38,  -25,    0,    0,    0,    0,    0,    0,    0,    0,    0,    0,    0,    0,    0,  -13,    0,    0,    0,    0,    0,    0,    0,    0,    0,    0,    0,    0,    0,    0,    0,    0,    0,  -16,  -20,  -11,    0,    0,    0,  -43,  -11,    0,  -17,   -9,    0,    0,    0,    0,    0,    0,    0,    0,    0,    0,    0,    0,  -13,    0,    0,    0,    0,    0,    0,    0,    0,    0,    0,    0,    0,    0,    0,    0,    0,    0,    0,    0,    0,    0,    0,    0,    0,    0,    0,    0,    0,    0,    0,    0,    0,    0,    0,    0,    0,    0,    0,    0,    0,    0,    0,    0,    0,    0,    0,    0,    0,    0,    0,    0,    0,    0,    0,    0,    0,    0,    0,    0,    0,    0,    0,    0,    0,    0,    0,    0,    0,    0,    0,    0,    0,    0,    0,    0,    0,    0,    0,    0,    0,    0,    0,    0,    0,    0,    0,    0,    0,    0,    0,    0,    0,    0,    0,    0,    0,    0,    0,    0,    0,    0,    0,    0,    0,    0,    0,    0,    0,    0,    0,    0,    0,
       0,    0,    0,    0,    0,    0,    0,    0,    0,    0,    0,    0,  -20,  -20,  -31,    0,  -14,   -7,   -9,  -37,  -12,    0,    0,    0,    0,    0,    0,    0,    0,    0,  -22,    0,   -5,    0,  -16,   -5,    0,    0,    0,    0,    0,    0,    0,    0,    0,    0,    0,    0,    0,    0,    0,    0,    0,   -8,  -11,  -13,   -8,    0,  -31,  -23,    0,   -9,  -27,  -18,    0,    0,    0,    0,    0,   -9,   -9,    0,    0,  -22,   -5,  -16,    0,  -11,   -9,    0,    0,    0,    0,    0,    0,    0,    0,    0,    0,    0,    0,    0,    0,    0,    0,    0,    0,    0,    0,    0,    0,    0,    0,    0,    0,    0,    0,    0,    0,    0,    0,    0,    0,    0,    0,    0,    0,    0,    0,    0,    0,    0,    0,    0,    0,    0,    0,    0,    0,    0,    0,    0,    0,    0,    0,    0,    0,    0,    0,    0,    0,    0,    0,    0,    0,    0,    0,    0,    0,    0,    0,    0,    0,    0,    0,    0,    0,    0,    0,    0,    0,    0,    0,    0,    0,    0,    0,    0,    0,    0,    0,    0,    0,    0,    0,    0,    0,    0,    0,    0,    0,    0,    0,    0,    0,    0,    0,    0,
       0,    0,    0,    0,    0,    0,    0,    0,    0,    0,  -41,  -29,    0,  -23,  -59,  -26,  -38,  -26,  -28,  -59,    0,    0,  -23,  -14,  -41,    0,    0,   40,    0,    0,    0,    0,    0,    0,    0,    0,    0,    0,    0,    0,    0,    0,    0,    0,    0,    0,    0,    0,    0,    0,    0,    0,  -41,    0,    0,    0,    0,  -29,  -59,    0,    0,  -28,    0,    0,  -23,    0,    0,    0,  -14,    0,    0,    0,    0,    0,    0,    0,    0,    0,    0,    0,    0,    0,    0,    0,    0,    0,    0,    0,    0,    0,    0,    0,    0,    0,    0,    0,    0,    0,    0,    0,    0,    0,    0,    0,    0,    0,    0,    0,    0,    0,    0,    0,    0,    0,    0,    0,    0,    0,    0,    0,    0,    0,    0,    0,    0,    0,    0,    0,    0,    0,    0,    0,    0,    0,    0,    0,    0,    0,    0,    0,    0,    0,    0,    0,    0,    0,    0,    0,    0,    0,    0,    0,    0,    0,    0,    0,    0,    0,    0,    0,    0,    0,    0,    0,    0,    0,    0,    0,    0,    0,    0,    0,    0,    0,    0,    0,    0,    0,    0,    0,    0,    0,    0,    0,    0,    0,    0,    0,
       0,    0,    0,  -41,    0,    0,  -39,    0,    0,    0,    0,    0,    0,    0,    0,    0,    0,    0,    0,    0,    0,  -27,    0,    0,    0,    0,    0,    0,    0,    0,    0,    0,    0,    0,    0,    0,    0,    0,    0,    0,    0,    0,    0,    0,    0,    0,    0,    0,    0,    0,    0,    0,    0,    0,    0,    0,    0,    0,    0,    0,    0,    0,    0,    0,    0,    0,    0,    0,    0,    0,    0,    0,    0,    0,    0,    0,    0,    0,    0,    0,    0,    0,    0,    0,    0,    0,    0,    0,    0,    0,    0,    0,    0,    0,    0,    0,    0,    0,    0,    0,    0,    0,    0,    0,    0,    0,    0,    0,    0,    0,    0,    0,    0,    0,    0,    0,    0,    0,    0,    0,    0,    0,    0,    0,    0,    0,    0,    0,    0,    0,    0,    0,    0,    0,    0,    0,    0,    0,    0,    0,    0,    0,    0,    0,    0,    0,    0,    0,    0,    0,    0,    0,    0,    0,    0,    0,    0,    0,    0,    0,    0,    0,    0,    0,    0,    0,    0,    0,    0,    0,    0,    0,    0,    0,    0,    0,    0,    0,    0,    0,    0,    0,    0,    0,    0,    0,    0,    0,
       0,  -45,    0,    0,    0,    0,    0,    0,    0,  -11,    0,    0,    0,    0,    0,    0,    0,    0,    0,    0,    0,  -17,    0,    0,   -2,    0,    0,    0,    0,    0,  -11,    0,  -11,   -9,    4,  -11,    0,    0,    0,    0,  -23,    0,    0,    0,    0,    0,    0,    0,    0,    0,    0,    0,    0,    0,    0,    0,    0,    0,    0,    0,    0,    0,    0,    0,    0,    0,    0,    0,    0,    0,    0,    0,    0,    0,    0,    0,    0,    0,    0,  -32,  -37,    0,    0,    0,    0,    0,    0,    0,    0,    0,    0,    0,    0,    0,    0,    0,    0,    0,    0,    0,    0,    0,    0,    0,    0,    0,    0,    0,    0,    0,    0,    0,    0,    0,    0,    0,    0,    0,    0,    0,    0,    0,    0,    0,    0,    0,    0,    0,    0,    0,    0,    0,    0,    0,    0,    0,    0,    0,    0,    0,    0,    0,    0,    0,    0,    0,    0,    0,    0,    0,    0,    0,    0,    0,    0,    0,    0,    0,    0,    0,    0,    0,    0,    0,    0,    0,    0,    0,    0,    0,    0,    0,    0,    0,    0,    0,    0,    0,    0,    0,    0,    0,    0,    0,    0,    0,    0,    0,
       0,    0,    0,    0,    0,    0,  -10,    0,    0,    0,    0,    0,    0,    0,    0,    0,    0,    0,    0,    0,    0,    0,    0,    0,    0,    0,    0,    0,    0,    0,    0,    0,    0,    0,    0,    0,   -2,    0,    0,    0,    4,    0,    0,    0,    0,    0,    0,    0,    0,    0,    0,    0,    0,    0,    0,    0,    0,    0,    0,    0,    0,    0,    0,    0,    0,    0,    0,    0,    0,    0,    0,    0,    0,    0,    0,    0,    0,    0,    0,    0,    0,    0,    0,    0,    0,    0,    0,    0,    0,    0,    0,    0,    0,    0,    0,    0,    0,    0,    0,    0,    0,    0,    0,    0,    0,    0,    0,    0,    0,    0,    0,    0,    0,    0,    0,    0,    0,    0,    0,    0,    0,    0,    0,    0,    0,    0,    0,    0,    0,    0,    0,    0,    0,    0,    0,    0,    0,    0,    0,    0,    0,    0,    0,    0,    0,    0,    0,    0,    0,    0,    0,    0,    0,    0,    0,    0,    0,    0,    0,    0,    0,    0,    0,    0,    0,    0,    0,    0,    0,    0,    0,    0,    0,    0,    0,    0,    0,    0,    0,    0,    0,    0,    0,    0,    0,    0,    0,    0,
       0,    7,   13,    0,    0,    0,    0,    0,    0,    2,    0,    0,    0,    0,    0,    0,    0,    0,    0,    0,    0,   13,    0,    0,    0,    0,    0,    0,    0,    0,    0,    0,    0,    0,   -2,    0,   -2,    0,    0,    0,   17,    0,    0,    0,    0,    0,    0,    0,    0,    0,    0,    0,    0,    0,    0,    0,    0,    0,    0,    0,    0,    0,    0,    0,    0,    0,    0,    0,    0,    0,    0,    0,    0,    0,    0,    0,    0,    0,    0,    6,   11,    0,    0,    0,    0,    0,    0,    0,    0,    0,    0,    0,    0,    0,    0,    0,    0,    0,    0,    0,    0,    0,    0,    0,    0,    0,    0,    0,    0,    0,    0,    0,    0,    0,    0,    0,    0,    0,    0,    0,    0,    0,    0,    0,    0,    0,    0,    0,    0,    0,    0,    0,    0,    0,    0,    0,    0,    0,    0,    0,    0,    0,    0,    0,    0,    0,    0,    0,    0,    0,    0,    0,    0,    0,    0,    0,    0,    0,    0,    0,    0,    0,    0,    0,    0,    0,    0,    0,    0,    0,    0,    0,    0,    0,    0,    0,    0,    0,    0,    0,    0,    0,    0,    0,    0,    0,    0,    0,
       0,    0,    0,    5,    0,    0,  -33,    0,    0,    0,    0,    0,    0,    0,    0,    0,    0,    0,    0,    0,    0,   35,  -13,    0,    0,   -9,    0,    0,    0,  -13,    0,    0,    0,    0,   -5,    0,    0,    0,    0,    0,   13,    0,    0,    0,    0,    0,    0,    0,    0,    0,    0,    0,    0,    0,    0,    0,    0,    0,    0,    0,    0,    0,    0,    0,    0,    0,    0,    0,    0,    0,    0,    0,    0,    0,    0,    0,    0,    0,    0,    0,    0,    0,    0,    0,    0,    0,    0,    0,    0,    0,    0,    0,    0,    0,    0,    0,    0,    0,    0,    0,    0,    0,    0,    0,    0,    0,    0,    0,    0,    0,    0,    0,    0,    0,    0,    0,    0,    0,    0,    0,    0,    0,    0,    0,    0,    0,    0,    0,    0,    0,    0,    0,    0,    0,    0,    0,    0,    0,    0,    0,    0,    0,    0,    0,    0,    0,    0,    0,    0,    0,    0,    0,    0,    0,    0,    0,    0,    0,    0,    0,    0,    0,    0,    0,    0,    0,    0,    0,    0,    0,    0,    0,    0,    0,    0,    0,    0,    0,    0,    0,    0,    0,    0,    0,    0,    0,    0,    0,
       0,   32,   34,    0,    0,    0,    0,    0,    0,    6,    0,    0,    0,    0,    0,    0,    0,    0,    0,    0,    0,   32,   -7,    0,   14,    0,    9,   11,    0,    0,   11,    0,    7,    7,    0,    7,    0,    0,    0,    0,   49,    0,    0,    0,    0,    0,    9,    9,    9,    9,    9,    0,    0,    0,    0,    0,    0,    0,    0,    0,    0,    0,    0,    0,    0,    0,    0,    0,    0,    0,    0,    0,    0,    0,    0,    0,    0,    0,    0,   29,   16,    0,    0,    0,    0,    0,    0,    0,    0,    0,    0,    0,    0,    0,    0,    0,    0,    0,    0,    0,    0,    0,    0,    0,    0,    0,    0,    0,    0,    0,    0,    0,    0,    0,    0,    0,    0,    0,    0,    0,    0,    0,    0,    0,    0,    0,    0,    0,    0,    0,    0,    0,    0,    0,    0,    0,    0,    0,    0,    0,    0,    0,    0,    0,    0,    0,    0,    0,    0,    0,    0,    0,    0,    0,    0,    0,    0,    0,    0,    0,    0,    0,    0,    0,    0,    0,    0,    0,    0,    0,    0,    0,    0,    0,    0,    0,    0,    0,    0,    0,    0,    0,    0,    0,    0,    0,    0,    0,
       0,    0,    0,    0,    0,    0,    0,    0,    0,    0,    0,    0,    0,    0,    0,    0,    0,    0,    0,    0,    0,    0,    0,    0,    0,    0,    0,    0,    0,    0,    0,    0,    0,    0,    0,    0,    0,    0,    0,    0,    0,    0,    0,    0,    0,    0,    0,    0,    0,    0,    0,    0,    0,    0,    0,  -16,    0,    0,    0,    0,  -18,    0,   -7,    0,    0,  -16,    0,    0,   -7,    0,   -7,    0,    0,  -16,   -7,  -20,  -16,    0,    0,    0,    0,    0,    0,    0,    0,    0,    0,    0,    0,    0,    0,    0,    0,    0,    0,    0,    0,    0,    0,    0,    0,    0,    0,    0,    0,    0,    0,    0,    0,    0,    0,    0,    0,    0,    0,    0,    0,    0,    0,    0,    0,    0,    0,    0,    0,    0,    0,    0,    0,    0,    0,    0,    0,    0,    0,    0,    0,    0,    0,    0,    0,    0,    0,    0,    0,    0,    0,    0,    0,    0,    0,    0,    0,    0,    0,    0,    0,    0,    0,    0,    0,    0,    0,    0,    0,    0,    0,    0,    0,    0,    0,    0,    0,    0,    0,    0,    0,    0,    0,    0,    0,    0,    0,    0,    0,    0,    0,    0,
       0,  -37,    0,  -63,    0,    0,    0,    0,    0,  -17,    0,   -7,    0,    0,  -27,  -10,   -9,    0,    2,   -9,    0,  -27,    0,    0,   -7,    0,    0,    0,    0,    0,   -9,    0,   -9,    0,    0,   -9,    0,    0,    0,    0,  -53,  -16,    0,    0,    0,    0,    0,    0,    0,    0,    0,    0,   -4,    5,    0,    0,    5,   -7,  -37,    0,   -5,    2,  -53,    0,   16,    0,    0,   13,    0,    0,    8,   13,    0,   -9,   -5,   -2,  -18,   17,    0,  -44,  -38,    0,    0,    0,    0,    0,    0,    0,    0,    0,    0,    0,    0,    0,    0,    0,    0,    0,    0,    0,    0,    0,    0,    0,    0,    0,    0,    0,    0,    0,    0,    0,    0,    0,    0,    0,    0,    0,    0,    0,    0,    0,    0,    0,    0,    0,    0,    0,    0,    0,    0,    0,    0,    0,    0,    0,    0,    0,    0,    0,    0,    0,    0,    0,    0,    0,    0,    0,    0,    0,    0,    0,    0,    0,    0,    0,    0,    0,    0,    0,    0,    0,    0,    0,    0,    0,    0,    0,    0,    0,    0,    0,    0,    0,    0,    0,    0,    0,    0,    0,    0,    0,    0,    0,    0,    0,    0,    0,
       0,    0,    0,  -20,    0,    0,    0,    0,    0,    0,    0,    0,    0,    0,    0,    0,    0,    0,    0,    0,    0,    0,    0,    0,    0,    0,    0,    0,    0,    0,    0,    0,    0,    0,    0,    0,    0,    0,    0,    0,    0,  -13,    0,    0,    0,    0,    0,    0,    0,    0,    0,    0,    0,   -2,    0,  -13,   -2,    0,  -16,    0,    0,   -2,  -16,    0,    0,    0,    0,    0,    0,    0,   -9,    0,    0,   -7,   -9,   -7,   -7,    0,   -7,   -9,  -13,    0,    0,    0,    0,    0,    0,    0,    0,    0,    0,    0,    0,    0,    0,    0,    0,    0,    0,    0,    0,    0,    0,    0,    0,    0,    0,    0,    0,    0,    0,    0,    0,    0,    0,    0,    0,    0,    0,    0,    0,    0,    0,    0,    0,    0,    0,    0,    0,    0,    0,    0,    0,    0,    0,    0,    0,    0,    0,    0,    0,    0,    0,    0,    0,    0,    0,    0,    0,    0,    0,    0,    0,    0,    0,    0,    0,    0,    0,    0,    0,    0,    0,    0,    0,    0,    0,    0,    0,    0,    0,    0,    0,    0,    0,    0,    0,    0,    0,    0,    0,    0,    0,    0,    0,    0,    0,    0,
       0,    0,    0,    0,  -86,  -86,    0,  -13,  -13,    0,    0,    0,    0,    0,    0,    0,    0,    0,    0,    0,    0,    0,    0,    0,    0,    0,    0,    0,    0,    0,    0,    0,    0,    0,    0,    0,    0,    0,  -49,  -64,   13,  -27,  -44,    0,    0,    0,    0,    0,    0,    0,    0,    0,  -40,  -73,    0,  -27,  -73,  -25,    0,    0,  -52,  -11,    0,  -27,  -62,  -33,  -40,  -71,  -71,    0,  -44,  -76,  -40,  -28,  -31,  -20,  -40,  -35,  -73,    0,    0,    0,    0,    0,    0,    0,    0,    0,    0,    0,    0,    0,    0,    0,    0,    0,    0,    0,    0,    0,    0,    0,    0,    0,    0,    0,    0,    0,    0,    0,    0,    0,    0,    0,    0,    0,    0,    0,    0,    0,    0,    0,    0,    0,    0,    0,    0,    0,    0,    0,    0,    0,    0,    0,    0,    0,    0,    0,    0,    0,    0,    0,    0,    0,    0,    0,    0,    0,    0,    0,    0,    0,    0,    0,    0,    0,    0,    0,    0,    0,    0,    0,    0,    0,    0,    0,    0,    0,    0,    0,    0,    0,    0,    0,    0,    0,    0,    0,    0,    0,    0,    0,    0,    0,    0,    0,    0,    0,
       0,   -2,   13,    0,   13,   13,    0,   13,   13,   -9,    0,    0,    0,    0,    0,    0,    0,    0,    0,    0,    0,    0,    0,    0,    0,    0,    5,    0,    0,    0,    0,    0,    0,    0,    0,    0,    0,    0,    0,   -7,    0,    0,    0,    0,    0,    0,    5,    5,    5,    5,    5,   -5,    0,   18,    0,    0,   18,   -7,  -13,    0,   -7,    0,  -11,    0,    5,    0,    5,   27,    5,    0,    0,   25,   13,   -7,    4,    0,   -5,    5,    2,    0,    0,    0,    0,    0,    0,    0,    0,    0,    0,    0,    0,    0,    0,    0,    0,    0,    0,    0,    0,    0,    0,    0,    0,    0,    0,    0,    0,    0,    0,    0,    0,    0,    0,    0,    0,    0,    0,    0,    0,    0,    0,    0,    0,    0,    0,    0,    0,    0,    0,    0,    0,    0,    0,    0,    0,    0,    0,    0,    0,    0,    0,    0,    0,    0,    0,    0,    0,    0,    0,    0,    0,    0,    0,    0,    0,    0,    0,    0,    0,    0,    0,    0,    0,    0,    0,    0,    0,    0,    0,    0,    0,    0,    0,    0,    0,    0,    0,    0,    0,    0,    0,    0,    0,    0,    0,    0,    0,    0,
       0,    0,    8,    0,    0,    0,    0,    0,    0,    0,    0,    0,    0,    0,    0,    0,    0,    0,    0,    0,    0,    0,    0,    0,    0,    0,    0,    0,    0,    0,    0,    0,    0,    0,    0,    0,    0,    0,  -11,  -18,    0,  -16,   -5,    0,    0,    0,    0,    0,    0,    0,    0,    0,    0,    7,    0,    0,   10,   -7,    0,    0,  -17,    0,  -11,    0,    0,   -5,    0,   13,   -5,    0,    8,   13,    0,  -20,  -11,    0,  -16,   20,   -9,    0,    0,    0,    0,    0,    0,    0,    0,    0,    0,    0,    0,    0,    0,    0,    0,    0,    0,    0,    0,    0,    0,    0,    0,    0,    0,    0,    0,    0,    0,    0,    0,    0,    0,    0,    0,    0,    0,    0,    0,    0,    0,    0,    0,    0,    0,    0,    0,    0,    0,    0,    0,    0,    0,    0,    0,    0,    0,    0,    0,    0,    0,    0,    0,    0,    0,    0,    0,    0,    0,    0,    0,    0,    0,    0,    0,    0,    0,    0,    0,    0,    0,    0,    0,    0,    0,    0,    0,    0,    0,    0,    0,    0,    0,    0,    0,    0,    0,    0,    0,    0,    0,    0,    0,    0,    0,    0,    0,    0,
       0,    0,    0,  -23,    0,    0,  -12,    0,    0,    0,   -7,    0,  -26,    0,  -13,    0,   -7,    0,  -11,  -13,  -13,    0,    0,    0,    0,    0,    0,    0,    0,    0,    0,    0,    0,    0,    0,    0,    0,    0,    0,    0,    4,    0,    0,    0,    0,    0,    0,    0,    0,    0,    0,    0,   -7,  -16,   -7,  -23,  -11,    0,  -16,    0,    0,  -11,    0,    0,    0,    0,    0,    0,    0,   -2,   -9,   -5,    0,    0,    0,   -9,    0,   -5,   -2,    0,    0,    0,    0,    0,    0,    0,    0,    0,    0,    0,    0,    0,    0,    0,    0,    0,    0,    0,    0,    0,    0,    0,    0,    0,    0,    0,    0,    0,    0,    0,    0,    0,    0,    0,    0,    0,    0,    0,    0,    0,    0,    0,    0,    0,    0,    0,    0,    0,    0,    0,    0,    0,    0,    0,    0,    0,    0,    0,    0,    0,    0,    0,    0,    0,    0,    0,    0,    0,    0,    0,    0,    0,    0,    0,    0,    0,    0,    0,    0,    0,    0,    0,    0,    0,    0,    0,    0,    0,    0,    0,    0,    0,    0,    0,    0,    0,    0,    0,    0,    0,    0,    0,    0,    0,    0,    0,    0,    0,
       0,    0,    0,    0,  -75,  -75,  -51,    0,    0,    0,    0,    0,    0,    0,    0,    0,    0,    0,    0,    0,    0,    0,    0,    0,    0,    0,    0,    0,    0,    0,    0,    0,    0,    0,    0,    0,    0,    0,  -13,  -22,    0,   -5,    0,    0,    0,    0,    0,    0,    0,    0,    0,    0,  -34,  -58,    0,  -38,  -58,    0,  -16,   -7,    0,  -16,    0,    0,  -29,    0,    0,  -33,  -16,    0,  -13,  -40,    0,    0,    0,   -9,    0,    0,  -13,    0,    0,    0,    0,    0,    0,    0,    0,    0,    0,    0,    0,    0,    0,    0,    0,    0,    0,    0,    0,    0,    0,    0,    0,    0,    0,    0,    0,    0,    0,    0,    0,    0,    0,    0,    0,    0,    0,    0,    0,    0,    0,    0,    0,    0,    0,    0,    0,    0,    0,    0,    0,    0,    0,    0,    0,    0,    0,    0,    0,    0,    0,    0,    0,    0,    0,    0,    0,    0,    0,    0,    0,    0,    0,    0,    0,    0,    0,    0,    0,    0,    0,    0,    0,    0,    0,    0,    0,    0,    0,    0,    0,    0,    0,    0,    0,    0,    0,    0,    0,    0,    0,    0,    0,    0,    0,    0,    0,    0,
       0,    0,    0,    0,    0,    0,    0,    0,    0,    0,    0,    0,    0,    0,    0,    0,    0,    0,    0,    0,    0,    0,    0,    0,    0,    0,    0,    0,    0,    0,    0,    0,    0,    0,    0,    0,    0,    0,   -9,  -17,    0,  -35,    0,    0,    0,    0,    0,    0,    0,    0,    0,    0,    0,    0,    0,   -7,    0,  -19,  -12,    0,  -29,   -2,  -13,    0,    0,  -13,    0,    0,    0,    0,    0,    0,    0,  -18,   -9,    0,  -27,    0,    0,    0,    0,    0,    0,    0,    0,    0,    0,    0,    0,    0,    0,    0,    0,    0,    0,    0,    0,    0,    0,    0,    0,    0,    0,    0,    0,    0,    0,    0,    0,    0,    0,    0,    0,    0,    0,    0,    0,    0,    0,    0,    0,    0,    0,    0,    0,    0,    0,    0,    0,    0,    0,    0,    0,    0,    0,    0,    0,    0,    0,    0,    0,    0,    0,    0,    0,    0,    0,    0,    0,    0,    0,    0,    0,    0,    0,    0,    0,    0,    0,    0,    0,    0,    0,    0,    0,    0,    0,    0,    0,    0,    0,    0,    0,    0,    0,    0,    0,    0,    0,    0,    0,    0,    0,    0,    0,    0,    0,    0,
       0,    0,    0,    0,  -71,  -71,  -60,  -13,  -13,    0,    0,    0,    0,    0,    0,    0,    0,    0,    0,    0,    0,    0,    0,    0,    0,    0,    0,    0,    0,    0,    0,    0,    0,    0,    0,    0,    0,    0,  -32,  -49,    0,  -43,  -27,    0,    0,    0,    0,    0,    0,    0,    0,    0,  -27,  -44,    0,  -16,  -46,  -16,    0,    0,  -41,  -13,    0,  -13,  -49,  -26,  -31,  -60,  -44,    0,  -33,  -65,  -31,  -12,  -22,  -26,  -25,  -29,  -62,    0,    0,    0,    0,    0,    0,    0,    0,    0,    0,    0,    0,    0,    0,    0,    0,    0,    0,    0,    0,    0,    0,    0,    0,    0,    0,    0,    0,    0,    0,    0,    0,    0,    0,    0,    0,    0,    0,    0,    0,    0,    0,    0,    0,    0,    0,    0,    0,    0,    0,    0,    0,    0,    0,    0,    0,    0,    0,    0,    0,    0,    0,    0,    0,    0,    0,    0,    0,    0,    0,    0,    0,    0,    0,    0,    0,    0,    0,    0,    0,    0,    0,    0,    0,    0,    0,    0,    0,    0,    0,    0,    0,    0,    0,    0,    0,    0,    0,    0,    0,    0,    0,    0,    0,    0,    0,    0,    0,    0,
       0,    0,    8,    0,  -59,  -59,    0,    0,    0,    8,    0,    0,    0,    0,    0,    0,    0,    0,    0,    0,    0,    0,    0,    0,    0,    0,    0,    0,    0,    0,    0,    0,    0,    0,    0,    0,    0,    0,  -18,  -27,    0,  -11,  -23,    0,    0,    0,    0,    0,    0,    0,    0,    0,  -27,  -40,    0,  -16,  -43,   -2,    0,  -13,  -16,  -18,   -9,   -2,  -16,   -9,  -20,  -40,  -27,  -18,  -23,  -53,  -20,   -9,  -11,   -9,  -13,  -11,  -32,    7,   11,    0,    0,    0,    0,    0,    0,    0,    0,    0,    0,    0,    0,    0,    0,    0,    0,    0,    0,    0,    0,    0,    0,    0,    0,    0,    0,    0,    0,    0,    0,    0,    0,    0,    0,    0,    0,    0,    0,    0,    0,    0,    0,    0,    0,    0,    0,    0,    0,    0,    0,    0,    0,    0,    0,    0,    0,    0,    0,    0,    0,    0,    0,    0,    0,    0,    0,    0,    0,    0,    0,    0,    0,    0,    0,    0,    0,    0,    0,    0,    0,    0,    0,    0,    0,    0,    0,    0,    0,    0,    0,    0,    0,    0,    0,    0,    0,    0,    0,    0,    0,    0,    0,    0,    0,    0,    0,    0,
       0,  -22,    0,    0,  -32,  -32,    0,    0,    0,  -13,    0,    0,    0,    0,    0,    0,    0,    0,    0,    0,    0,    0,    0,    0,    0,    0,    0,    0,    0,    0,    0,    0,    0,    0,    0,    0,    0,    0,    0,    4,    0,    0,    0,    0,    0,    0,    0,    0,    0,    0,    0,    0,   -5,  -26,  -17,  -34,  -26,    0,  -53,   -2,    0,  -20,    0,   -7,  -13,    0,    0,   -9,    0,   -2,   -9,   -9,    0,    0,    0,   -2,    0,   -2,   -2,   -8,  -22,    0,    0,    0,    0,    0,    0,    0,    0,    0,    0,    0,    0,    0,    0,    0,    0,    0,    0,    0,    0,    0,    0,    0,    0,    0,    0,    0,    0,    0,    0,    0,    0,    0,    0,    0,    0,    0,    0,    0,    0,    0,    0,    0,    0,    0,    0,    0,    0,    0,    0,    0,    0,    0,    0,    0,    0,    0,    0,    0,    0,    0,    0,    0,    0,    0,    0,    0,    0,    0,    0,    0,    0,    0,    0,    0,    0,    0,    0,    0,    0,    0,    0,    0,    0,    0,    0,    0,    0,    0,    0,    0,    0,    0,    0,    0,    0,    0,    0,    0,    0,    0,    0,    0,    0,    0,    0,    0,
       0,   -7,    0,   -7,    0,    0,    0,    0,    0,    0,    0,    0,    0,    0,    0,    0,    0,    0,    0,    0,    0,    0,    0,    0,    0,    0,    0,    0,    0,    0,    0,    0,    0,    0,    0,    0,    0,    0,   -9,  -18,    0,  -27,  -13,    0,    0,    0,    0,    0,    0,    0,    0,    0,    2,    0,    0,   -7,    0,  -11,  -13,    0,  -20,    0,   -9,   -5,   -7,   -9,    0,    0,   -5,    0,    0,    0,    0,  -11,  -11,   -7,  -25,    8,    0,   -5,   -5,    0,    0,    0,    0,    0,    0,    0,    0,    0,    0,    0,    0,    0,    0,    0,    0,    0,    0,    0,    0,    0,    0,    0,    0,    0,    0,    0,    0,    0,    0,    0,    0,    0,    0,    0,    0,    0,    0,    0,    0,    0,    0,    0,    0,    0,    0,    0,    0,    0,    0,    0,    0,    0,    0,    0,    0,    0,    0,    0,    0,    0,    0,    0,    0,    0,    0,    0,    0,    0,    0,    0,    0,    0,    0,    0,    0,    0,    0,    0,    0,    0,    0,    0,    0,    0,    0,    0,    0,    0,    0,    0,    0,    0,    0,    0,    0,    0,    0,    0,    0,    0,    0,    0,    0,    0,    0,    0,
       0,  -58,    0,    0,    0,    0,    0,    0,    0,  -18,    0,    0,    0,    0,    0,    0,    0,    0,    0,    0,    0,    0,    0,    0,    0,    0,    0,    0,    0,    0,    0,    0,    0,    0,    0,    0,    0,    0,    0,    0,    0,    0,    0,    0,    0,    0,    0,    0,    0,    0,    0,    0,    0,    2,   -9,  -16,   -2,    0,  -76,  -20,    0,   -7,  -44,   -9,    0,    0,    0,    0,    0,    0,  -11,    0,    0,  -13,   -2,   -7,   -7,   -7,   -2,  -44,  -44,    0,    0,    0,    0,    0,    0,    0,    0,    0,    0,    0,    0,    0,    0,    0,    0,    0,    0,    0,    0,    0,    0,    0,    0,    0,    0,    0,    0,    0,    0,    0,    0,    0,    0,    0,    0,    0,    0,    0,    0,    0,    0,    0,    0,    0,    0,    0,    0,    0,    0,    0,    0,    0,    0,    0,    0,    0,    0,    0,    0,    0,    0,    0,    0,    0,    0,    0,    0,    0,    0,    0,    0,    0,    0,    0,    0,    0,    0,    0,    0,    0,    0,    0,    0,    0,    0,    0,    0,    0,    0,    0,    0,    0,    0,    0,    0,    0,    0,    0,    0,    0,    0,    0,    0,    0,    0,    0,
       0,    0,    0,  -36,    0,    0,    0,    0,    0,   -8,    0,    0,    0,    0,    0,    0,    0,    0,    0,    0,    0,    0,    0,    0,    0,    0,    0,    0,    0,    0,    0,    0,    0,    0,    0,    0,    0,    0,    0,    0,    0,    0,    0,    0,    0,    0,    0,    0,    0,    0,    0,    0,    0,    0,    0,    0,    0,    0,  -16,    0,    0,    0,    0,    0,    0,    0,    0,    0,    0,    0,    0,    0,    0,   -9,    0,    0,    0,    0,    0,    0,  -11,    0,    0,    0,    0,    0,    0,    0,    0,    0,    0,    0,    0,    0,    0,    0,    0,    0,    0,    0,    0,    0,    0,    0,    0,    0,    0,    0,    0,    0,    0,    0,    0,    0,    0,    0,    0,    0,    0,    0,    0,    0,    0,    0,    0,    0,    0,    0,    0,    0,    0,    0,    0,    0,    0,    0,    0,    0,    0,    0,    0,    0,    0,    0,    0,    0,    0,    0,    0,    0,    0,    0,    0,    0,    0,    0,    0,    0,    0,    0,    0,    0,    0,    0,    0,    0,    0,    0,    0,    0,    0,    0,    0,    0,    0,    0,    0,    0,    0,    0,    0,    0,    0,    0,    0,    0,    0,    0,
       0,    0,    0,    0,    0,    0,    0,    0,    0,    0,    0,    0,    0,    0,    0,    0,    0,    0,    0,    0,    0,    0,    0,    0,    0,    0,    0,    0,    0,    0,    0,    0,    0,    0,    0,    0,    0,    0,    0,    0,    0,    0,    0,    0,    0,    0,    0,    0,    0,    0,    0,    0,    0,    0,    0,    0,    0,    0,    0,    0,    0,    0,    0,    0,   -7,    0,    0,    0,    0,   -2,  -20,   -7,    0,  -23,   -5,  -11,   -6,  -14,   -7,    0,  -13,    0,    0,    0,    0,    0,    0,    0,    0,    0,    0,    0,    0,    0,    0,    0,    0,    0,    0,    0,    0,    0,    0,    0,    0,    0,    0,    0,    0,    0,    0,    0,    0,    0,    0,    0,    0,    0,    0,    0,    0,    0,    0,    0,    0,    0,    0,    0,    0,    0,    0,    0,    0,    0,    0,    0,    0,    0,    0,    0,    0,    0,    0,    0,    0,    0,    0,    0,    0,    0,    0,    0,    0,    0,    0,    0,    0,    0,    0,    0,    0,    0,    0,    0,    0,    0,    0,    0,    0,    0,    0,    0,    0,    0,    0,    0,    0,    0,    0,    0,    0,    0,    0,    0,    0,    0,    0,    0,
       0,    0,    0,    0,    0,    0,    0,    0,    0,    0,    0,    0,    0,    0,    0,    0,    0,    0,    0,    0,    0,    0,    0,    0,    0,    0,    0,    0,    0,    0,    0,    0,    0,    0,    0,    0,    0,    0,    0,    0,    0,    0,    0,    0,    0,    0,    0,    0,    0,    0,    0,    0,    0,    0,    0,    0,    0,    0,    0,    0,    0,    0,    0,    0,    0,    0,    0,    0,    0,    0,  -13,    0,    0,  -16,   -2,    0,   -7,   -9,   -2,    0,    0,    0,    0,    0,    0,    0,    0,    0,    0,    0,    0,    0,    0,    0,    0,    0,    0,    0,    0,    0,    0,    0,    0,    0,    0,    0,    0,    0,    0,    0,    0,    0,    0,    0,    0,    0,    0,    0,    0,    0,    0,    0,    0,    0,    0,    0,    0,    0,    0,    0,    0,    0,    0,    0,    0,    0,    0,    0,    0,    0,    0,    0,    0,    0,    0,    0,    0,    0,    0,    0,    0,    0,    0,    0,    0,    0,    0,    0,    0,    0,    0,    0,    0,    0,    0,    0,    0,    0,    0,    0,    0,    0,    0,    0,    0,    0,    0,    0,    0,    0,    0,    0,    0,    0,    0,    0,    0,    0,
       0,    0,    0,    0,  -67,  -67,    0,    0,    0,    0,    0,    0,    0,    0,    0,    0,    0,    0,    0,    0,    0,    0,    0,    0,    0,    0,    0,    0,    0,    0,    0,    0,    0,    0,    0,    0,    0,    0,  -22,  -31,   39,    0,    0,    0,    0,    0,    0,    0,    0,    0,    0,    0,    0,    0,    0,    0,    0,    0,    0,    0,    0,    0,    0,    0,  -23,    0,    0,  -33,  -29,   -7,  -13,  -40,    0,    0,   -7,   -9,    0,   -9,  -29,    5,    0,    0,    0,    0,    0,    0,    0,    0,    0,    0,    0,    0,    0,    0,    0,    0,    0,    0,    0,    0,    0,    0,    0,    0,    0,    0,    0,    0,    0,    0,    0,    0,    0,    0,    0,    0,    0,    0,    0,    0,    0,    0,    0,    0,    0,    0,    0,    0,    0,    0,    0,    0,    0,    0,    0,    0,    0,    0,    0,    0,    0,    0,    0,    0,    0,    0,    0,    0,    0,    0,    0,    0,    0,    0,    0,    0,    0,    0,    0,    0,    0,    0,    0,    0,    0,    0,    0,    0,    0,    0,    0,    0,    0,    0,    0,    0,    0,    0,    0,    0,    0,    0,    0,    0,    0,    0,    0,    0,
       0,   -5,   13,    0,   13,   13,    0,   13,   13,    0,    0,    0,    0,    0,    0,    0,    0,    0,    0,    0,    0,    0,    0,    0,    0,    0,    0,    0,    0,    0,    0,    0,    0,    0,    0,    0,    0,    0,    0,   -2,    0,    0,    0,    0,    0,    0,    0,    0,    0,    0,    0,    0,    0,    0,    0,    0,    0,    0,    0,    0,    0,    0,    0,    0,    2,    0,    0,   27,    0,    4,    0,   11,    7,   -9,   -2,    0,   -2,    0,    0,    0,    0,    0,    0,    0,    0,    0,    0,    0,    0,    0,    0,    0,    0,    0,    0,    0,    0,    0,    0,    0,    0,    0,    0,    0,    0,    0,    0,    0,    0,    0,    0,    0,    0,    0,    0,    0,    0,    0,    0,    0,    0,    0,    0,    0,    0,    0,    0,    0,    0,    0,    0,    0,    0,    0,    0,    0,    0,    0,    0,    0,    0,    0,    0,    0,    0,    0,    0,    0,    0,    0,    0,    0,    0,    0,    0,    0,    0,    0,    0,    0,    0,    0,    0,    0,    0,    0,    0,    0,    0,    0,    0,    0,    0,    0,    0,    0,    0,    0,    0,    0,    0,    0,    0,    0,    0,    0,    0,    0,
       0,    0,    0,  -23,    0,    0,    0,    0,    0,   -5,    0,    0,    0,    0,    0,    0,    0,    0,    0,    0,    0,  -13,    0,    0,    0,    0,    0,    0,    0,    0,    0,    0,    0,    0,    0,    0,    0,    0,    0,    7,    0,   -2,    0,    0,    0,    0,    0,    0,    0,    0,    0,    0,    0,    0,    0,    0,    0,    0,  -16,    0,    0,    0,    0,    0,  -10,    0,    0,    0,    0,   -2,    0,    0,    0,   -7,    3,   -5,    0,    0,   -2,    0,   -7,    0,    0,    0,    0,    0,    0,    0,    0,    0,    0,    0,    0,    0,    0,    0,    0,    0,    0,    0,    0,    0,    0,    0,    0,    0,    0,    0,    0,    0,    0,    0,    0,    0,    0,    0,    0,    0,    0,    0,    0,    0,    0,    0,    0,    0,    0,    0,    0,    0,    0,    0,    0,    0,    0,    0,    0,    0,    0,    0,    0,    0,    0,    0,    0,    0,    0,    0,    0,    0,    0,    0,    0,    0,    0,    0,    0,    0,    0,    0,    0,    0,    0,    0,    0,    0,    0,    0,    0,    0,    0,    0,    0,    0,    0,    0,    0,    0,    0,    0,    0,    0,    0,    0,    0,    0,    0,    0,
       0,    0,    0,    0,    0,    0,    0,    0,    0,    0,    0,    0,    0,    0,    0,    0,    0,    0,    0,    0,    0,    0,    0,    0,    0,    0,    0,    0,    0,    0,    0,    0,    0,    0,    0,    0,    0,    0,   -9,  -16,   14,    0,  -13,    0,    0,    0,    0,    0,    0,    0,    0,    0,    0,    0,    0,    0,    0,    0,    0,    0,    0,    0,    0,    0,   -7,   -2,    0,   10,  -11,   -5,    0,    0,    0,  -11,   -9,    0,  -11,    5,  -10,    0,   -7,    0,    0,    0,    0,    0,    0,    0,    0,    0,    0,    0,    0,    0,    0,    0,    0,    0,    0,    0,    0,    0,    0,    0,    0,    0,    0,    0,    0,    0,    0,    0,    0,    0,    0,    0,    0,    0,    0,    0,    0,    0,    0,    0,    0,    0,    0,    0,    0,    0,    0,    0,    0,    0,    0,    0,    0,    0,    0,    0,    0,    0,    0,    0,    0,    0,    0,    0,    0,    0,    0,    0,    0,    0,    0,    0,    0,    0,    0,    0,    0,    0,    0,    0,    0,    0,    0,    0,    0,    0,    0,    0,    0,    0,    0,    0,    0,    0,    0,    0,    0,    0,    0,    0,    0,    0,    0,    0,
       0,    0,    0,  -16,    0,    0,    0,    0,    0,    0,    0,    0,    0,    0,    0,    0,    0,    0,    0,    0,    0,    0,    0,    0,    0,    0,    0,    0,    0,    0,    0,    0,    0,    0,    0,    0,    0,    0,    0,    0,    0,    0,    0,    0,    0,    0,    0,    0,    0,    0,    0,    0,    0,    0,    0,    0,    0,    0,  -13,    0,    0,    0,    0,    0,    0,    0,    0,    0,    0,    0,    0,    0,    0,    0,    0,    0,    0,    0,    0,    0,    0,    0,    0,    0,    0,    0,    0,    0,    0,    0,    0,    0,    0,    0,    0,    0,    0,    0,    0,    0,    0,    0,    0,    0,    0,    0,    0,    0,    0,    0,    0,    0,    0,    0,    0,    0,    0,    0,    0,    0,    0,    0,    0,    0,    0,    0,    0,    0,    0,    0,    0,    0,    0,    0,    0,    0,    0,    0,    0,    0,    0,    0,    0,    0,    0,    0,    0,    0,    0,    0,    0,    0,    0,    0,    0,    0,    0,    0,    0,    0,    0,    0,    0,    0,    0,    0,    0,    0,    0,    0,    0,    0,    0,    0,    0,    0,    0,    0,    0,    0,    0,    0,    0,    0,    0,    0,    0,    0,
       0,  -20,    0,  -17,   -7,   -7,    0,    0,    0,   -8,    0,    0,    0,    0,    0,    0,    0,    0,    0,    0,    0,  -17,    0,    0,    0,    0,    0,    0,    0,    0,    0,    0,    0,    0,    0,    0,    0,    0,    0,    4,    0,    0,    0,    0,    0,    0,    0,    0,    0,    0,    0,    0,    0,    0,    0,    0,    0,    0,  -38,    0,    0,   -2,    0,    0,  -10,    0,    0,    0,    0,    0,  -11,    0,    0,  -11,   -2,  -11,    0,  -14,   -2,  -10,  -17,    0,    0,    0,    0,    0,    0,    0,    0,    0,    0,    0,    0,    0,    0,    0,    0,    0,    0,    0,    0,    0,    0,    0,    0,    0,    0,    0,    0,    0,    0,    0,    0,    0,    0,    0,    0,    0,    0,    0,    0,    0,    0,    0,    0,    0,    0,    0,    0,    0,    0,    0,    0,    0,    0,    0,    0,    0,    0,    0,    0,    0,    0,    0,    0,    0,    0,    0,    0,    0,    0,    0,    0,    0,    0,    0,    0,    0,    0,    0,    0,    0,    0,    0,    0,    0,    0,    0,    0,    0,    0,    0,    0,    0,    0,    0,    0,    0,    0,    0,    0,    0,    0,    0,    0,    0,    0,    0,
       0,    0,    0,    0,    0,    0,    0,    0,    0,    0,    0,    0,    0,    0,    0,    0,    0,    0,    0,    0,    0,    0,    0,    0,    0,    0,    0,    0,    0,    0,    0,    0,    0,    0,    0,    0,    0,    0,   -9,  -13,    0,   -9,    0,    0,    0,    0,    0,    0,    0,    0,    0,    0,    0,    0,    0,    0,    0,    0,  -13,    0,    0,    0,    0,    0,   -7,   -5,    0,    0,  -14,    0,    0,    8,    0,   -7,    4,    5,   -7,    0,   -7,    0,    0,    0,    0,    0,    0,    0,    0,    0,    0,    0,    0,    0,    0,    0,    0,    0,    0,    0,    0,    0,    0,    0,    0,    0,    0,    0,    0,    0,    0,    0,    0,    0,    0,    0,    0,    0,    0,    0,    0,    0,    0,    0,    0,    0,    0,    0,    0,    0,    0,    0,    0,    0,    0,    0,    0,    0,    0,    0,    0,    0,    0,    0,    0,    0,    0,    0,    0,    0,    0,    0,    0,    0,    0,    0,    0,    0,    0,    0,    0,    0,    0,    0,    0,    0,    0,    0,    0,    0,    0,    0,    0,    0,    0,    0,    0,    0,    0,    0,    0,    0,    0,    0,    0,    0,    0,    0,    0,    0,
       0,    0,    0,    0,    4,    4,    7,   10,   10,  -17,    0,    0,    0,    0,    0,    0,    0,    0,    0,    0,    0,    0,    0,    0,    0,    0,    0,    0,    0,    0,    0,    0,    0,    0,    0,    0,    0,    0,  -12,  -17,   26,  -13,   -9,    0,    0,    0,    0,    0,    0,    0,    0,    0,    0,    0,    0,    0,    0,    0,   -9,    0,    0,    0,    0,    0,  -14,    0,    0,  -19,   -9,    0,  -13,  -27,    0,  -13,    0,  -11,    0,   -7,  -25,    0,    0,    0,    0,    0,    0,    0,    0,    0,    0,    0,    0,    0,    0,    0,    0,    0,    0,    0,    0,    0,    0,    0,    0,    0,    0,    0,    0,    0,    0,    0,    0,    0,    0,    0,    0,    0,    0,    0,    0,    0,    0,    0,    0,    0,    0,    0,    0,    0,    0,    0,    0,    0,    0,    0,    0,    0,    0,    0,    0,    0,    0,    0,    0,    0,    0,    0,    0,    0,    0,    0,    0,    0,    0,    0,    0,    0,    0,    0,    0,    0,    0,    0,    0,    0,    0,    0,    0,    0,    0,    0,    0,    0,    0,    0,    0,    0,    0,    0,    0,    0,    0,    0,    0,    0,    0,    0,    0,    0,
       0,    0,    0,    0,  -23,  -23,  -10,    0,    0,    0,    0,    0,    0,    0,    0,    0,    0,    0,    0,    0,    0,    0,    0,    0,    0,    0,    0,    0,    0,    0,    0,    0,    0,    0,    0,    0,    0,    0,   -2,    0,    0,    0,   -2,    0,    0,    0,    0,    0,    0,    0,    0,    0,    0,    0,    0,    0,    0,    0,  -13,    0,    0,   -2,    0,    0,  -13,    0,    0,   -5,   -2,   -7,   -9,   -5,    0,    0,    0,   -9,    0,   -5,   -7,    0,    0,    0,    0,    0,    0,    0,    0,    0,    0,    0,    0,    0,    0,    0,    0,    0,    0,    0,    0,    0,    0,    0,    0,    0,    0,    0,    0,    0,    0,    0,    0,    0,    0,    0,    0,    0,    0,    0,    0,    0,    0,    0,    0,    0,    0,    0,    0,    0,    0,    0,    0,    0,    0,    0,    0,    0,    0,    0,    0,    0,    0,    0,    0,    0,    0,    0,    0,    0,    0,    0,    0,    0,    0,    0,    0,    0,    0,    0,    0,    0,    0,    0,    0,    0,    0,    0,    0,    0,    0,    0,    0,    0,    0,    0,    0,    0,    0,    0,    0,    0,    0,    0,    0,    0,    0,    0,    0,    0,
      -9,    0,    0,  -15,    0,   -5,    0,    0,    5,    0,    0,    0,    0,    0,    0,    0,    0,    0,    0,    0,    0,    0,    0,    0,    0,    0,    0,    0,    0,    0,    0,    0,    0,    0,    0,    0,    0,    0,  -16,   -9,    0,  -13,  -13,    0,    0,    0,    0,    0,    0,    0,    0,    0,    0,    0,    0,    0,    0,   -7,  -22,    0,    0,   -7,    0,    0,   -7,   -7,    0,   10,  -11,   -5,   -5,    0,    0,  -16,    0,    0,   -9,    5,  -11,    0,    0,    0,    0,    0,    0,    0,    0,    0,    0,    0,    0,    0,    0,    0,    0,    0,    0,    0,    0,    0,    0,    0,    0,    0,    0,    0,    0,    0,    0,    0,    0,    0,    0,    0,    0,    0,    0,    0,    0,    0,    0,    0,    0,    0,    0,    0,    0,    0,    0,    0,    0,    0,    0,    0,    0,    0,    0,    0,    0,    0,    0,    0,    0,    0,    0,    0,    0,    0,    0,    0,    0,    0,    0,    0,    0,    0,    0,    0,    0,    0,    0,    0,    0,    0,    0,    0,    0,    0,    0,    0,    0,    0,    0,    0,    0,    0,    0,    0,    0,    0,    0,    0,    0,    0,    0,    0,    0,    0,
       0,  -53,    0,    0,    0,    0,    0,    0,    0,  -13,    0,    0,    0,    0,    0,    0,    0,    0,    0,    0,    0,    0,    0,    0,    0,    0,    0,    0,    0,    0,    0,    0,    0,    0,    0,    0,    0,    0,    0,    0,  -37,    0,    0,    0,    0,    0,    0,    0,    0,    0,    0,    0,    0,    0,    0,    0,    0,    0,    0,    0,    0,    0,    0,    0,    0,    0,    0,    0,    0,   -2,  -13,    0,    0,  -49,  -11,   -9,  -22,  -13,   -7,  -44,  -49,    0,    0,    0,    0,    0,    0,    0,    0,    0,    0,    0,    0,    0,    0,    0,    0,    0,    0,    0,    0,    0,    0,    0,    0,    0,    0,    0,    0,    0,    0,    0,    0,    0,    0,    0,    0,    0,    0,    0,    0,    0,    0,    0,    0,    0,    0,    0,    0,    0,    0,    0,    0,    0,    0,    0,    0,    0,    0,    0,    0,    0,    0,    0,    0,    0,    0,    0,    0,    0,    0,    0,    0,    0,    0,    0,    0,    0,    0,    0,    0,    0,    0,    0,    0,    0,    0,    0,    0,    0,    0,    0,    0,    0,    0,    0,    0,    0,    0,    0,    0,    0,    0,    0,    0,    0,    0,    0,
       0,    0,    0,    0,  -55,  -55,    0,    0,    0,    0,  -38,    0,  -50,   -9,    0,    0,    8,    8,   -5,    6,    0,    0,  -29,  -22,   -9,  -22,    0,    0,    0,   -7,    0,    0,    0,    0,    0,    0,    0,  -35,    0,    0,    0,    0,    0,  -89,  -58,    0,    0,    0,    0,    0,    0,    0,  -38,  -40,   -2,    0,  -40,    0,    0,    6,  -13,   -5,    0,    0,  -29,    0,    0,  -22,  -22,   -5,    0,  -27,    0,    0,    0,    0,    0,    0,  -16,    0,    0,    0,    0,    0,    0,    0,    0,    0,    0,    0,    0,    0,    0,    0,    0,    0,    0,    0,    0,    0,    0,    0,    0,    0,    0,    0,    0,    0,    0,    0,    0,    0,    0,    0,    0,    0,    0,    0,    0,    0,    0,    0,    0,    0,    0,    0,    0,    0,    0,    0,    0,    0,    0,    0,    0,    0,    0,    0,    0,    0,    0,    0,    0,    0,    0,    0,    0,    0,    0,    0,    0,    0,    0,    0,    0,    0,    0,    0,    0,    0,    0,    0,    0,    0,    0,    0,    0,    0,    0,    0,    0,    0,    0,    0,    0,    0,    0,    0,    0,    0,    0,    0,    0,    0,    0,    0,    0,    0,
       0,    0,    0,    0,  -89,  -89,    0,    0,    0,    0,  -39,    0,  -55,    0,    0,    0,    0,    0,   -5,    0,    0,    0,  -44,  -39,  -11,  -31,    0,    0,   -8,  -33,    0,    0,    0,    0,    0,    0,  -17,    0,    0,    0,    0,    0,    0,    0,  -58,    0,    0,    0,    0,    0,    0,    0,  -39,  -40,    0,    0,  -40,    0,    0,   13,  -22,   -5,    0,    0,  -44,    0,   -8,  -25,  -39,    0,    0,  -29,    0,    0,    0,    0,    0,    0,  -16,    0,    0,    0,    0,    0,    0,    0,    0,    0,    0,    0,    0,    0,    0,    0,    0,    0,    0,    0,    0,    0,    0,    0,    0,    0,    0,    0,    0,    0,    0,    0,    0,    0,    0,    0,    0,    0,    0,    0,    0,    0,    0,    0,    0,    0,    0,    0,    0,    0,    0,    0,    0,    0,    0,    0,    0,    0,    0,    0,    0,    0,    0,    0,    0,    0,    0,    0,    0,    0,    0,    0,    0,    0,    0,    0,    0,    0,    0,    0,    0,    0,    0,    0,    0,    0,    0,    0,    0,    0,    0,    0,    0,    0,    0,    0,    0,    0,    0,    0,    0,    0,    0,    0,    0,    0,    0,    0,    0,    0,
       0,    0,    0,    0,    0,    0,    0,    0,    0,    0,    0,    0,    0,    0,    0,    0,    0,    0,    0,    0,    0,    0,    0,    0,    0,    0,    0,    0,    0,    0,    0,    0,    0,    0,    0,    0,    0,    0,    0,    0,    0,    0,    0,    0,    0,    0,    0,    0,    0,    0,    0,    0,    0,    0,    0,    0,    0,    0,    0,    0,    0,    0,    0,    0,    0,    0,    0,    0,    0,    0,    0,    0,    0,    0,    0,    0,    0,    0,    0,    0,    0,    0,    0,    0,    0,    0,    0,    0,    0,    0,    0,    0,    0,    0,    0,    0,    0,    0,    0,    0,    0,    0,    0,    0,    0,    0,    0,    0,  -12,  -12,    0,    0,    0,    0,    0,    0,    0,    0,    0,    0,    0,    0,    0,    0,    0,    0,    0,    0,    0,    0,    0,    0,    0,    0,    0,    0,    0,    0,    0,    0,    0,    0,    0,    0,    0,    0,    0,    0,    0,    0,    0,    0,   -6,   -6,    0,    0,    0,    0,    0,    0,    0,    0,    0,    0,    0,    0,    0,  -12,    0,    0,    0,    0,    0,    0,    0,    0,    0,    0,    0,    0,    0,    0,    0,    0,    0,    0,    0,    0,
       0,    0,    0,    0,    0,    0,    0,    0,    0,    0,    0,    0,    0,    0,    0,    0,    0,    0,    0,    0,    0,    0,    0,    0,    0,    0,    0,    0,    0,    0,    0,    0,    0,    0,    0,    0,    0,    0,    0,    0,    0,    0,    0,    0,    0,    0,    0,    0,    0,    0,    0,    0,    0,    0,    0,    0,    0,    0,    0,    0,    0,    0,    0,    0,    0,    0,    0,    0,    0,    0,    0,    0,    0,    0,    0,    0,    0,    0,    0,    0,    0,    0,    0,    0,    0,    0,    0,    0,    0,    0,    0,    0,    0,    0,    0,    0,    0,    0,    0,    0,    0,    0,    0,    0,    0,    0,    0,    0,  -12,  -12,    0,    0,    0,    0,    0,    0,    0,    0,    0,    0,    0,    0,    0,    0,    0,    0,    0,    0,    0,    0,    0,    0,    0,    0,    0,    0,    0,    0,    0,    0,    0,    0,    0,    0,    0,    0,    0,    0,    0,    0,    0,    0,    0,    0,    0,    0,    0,    0,    0,    0,    0,    0,    0,    0,    0,    0,    0,    0,    0,    0,    0,    0,    0,    0,    0,    0,    0,    0,    0,    0,    0,    0,    0,    0,    0,    0,    0,    0,
       0,    0,    0,    0,    0,    0,    0,    0,    0,    0,    0,    0,    0,    0,    0,    0,    0,    0,    0,    0,    0,    0,    0,    0,    0,    0,    0,    0,    0,    0,    0,    0,    0,    0,    0,    0,    0,    0,    0,    0,    0,    0,    0,    0,    0,    0,    0,    0,    0,    0,    0,    0,    0,    0,    0,    0,    0,    0,    0,    0,    0,    0,    0,    0,    0,    0,    0,    0,    0,    0,    0,    0,    0,    0,    0,    0,    0,    0,    0,    0,    0,    0,    0,    0,    0,    0,    0,    0,    0,    0,    0,    0,    0,    0,    0,    0,    0,    0,    0,    0,    0,    0,    0,    0,    0,    0,    0,    0,  -18,  -18,    0,    0,    0,    0,    0,    0,    0,    0,    0,    0,    0,    0,    0,    0,    0,    0,    0,    0,  -12,    0,    0,    0,    0,    0,    0,    0,    0,    0,    0,    0,    0,    0,    0,    0,    0,    0,    0,    0,    0,    0,    0,    0,    0,    0,    0,    0,    0,    0,    0,    0,    0,    0,    0,    0,    0,    0,    0,    0,    0,    0,    0,    0,    0,    0,    0,    0,    0,    0,    0,    0,    0,    0,    0,    0,    0,    0,    0,    0,
       0,    0,    0,    0,    0,    0,    0,    0,    0,    0,    0,    0,    0,    0,    0,    0,    0,    0,    0,    0,    0,    0,    0,    0,    0,    0,    0,    0,    0,    0,    0,    0,    0,    0,    0,    0,    0,    0,    0,    0,    0,    0,    0,    0,    0,    0,    0,    0,    0,    0,    0,    0,    0,    0,    0,    0,    0,    0,    0,    0,    0,    0,    0,    0,    0,    0,    0,    0,    0,    0,    0,    0,    0,    0,    0,    0,    0,    0,    0,    0,    0,    0,    0,    0,    0,    0,    0,    0,    0,    0,    0,    0,    0,    0,    0,    0,    0,    0,    0,    0,    0,    0,    0,    0,    0,    0,    0,    0,    0,    0,    0,    0,    0,    0,    0,    0,    0,    0,    0,    0,    0,    0,    0,    0,    0,    0,    0,    0,    0,    0,    0,    0,    0,    0,    0,    0,    0,    0,    0,    0,    0,    0,    0,    0,    0,    0,    0,    0,    0,    0,    0,    0,    0,    0,    0,    0,    0,    0,    0,    0,    0,    0,    0,    0,    0,    0,    0,  -12,  -12,  -12,    0,    0,    0,    0,    0,    0,    0,    0,    0,    0,    0,    0,    0,    0,    0,    0,  -60,  -48,
       0,    0,    0,    0,    0,    0,    0,    0,    0,    0,    0,    0,    0,    0,    0,    0,    0,    0,    0,    0,    0,    0,    0,    0,    0,    0,    0,    0,    0,    0,    0,    0,    0,    0,    0,    0,    0,    0,    0,    0,    0,    0,    0,    0,    0,    0,    0,    0,    0,    0,    0,    0,    0,    0,    0,    0,    0,    0,    0,    0,    0,    0,    0,    0,    0,    0,    0,    0,    0,    0,    0,    0,    0,    0,    0,    0,    0,    0,    0,    0,    0,    0,    0,    0,    0,    0,    0,    0,    0,    0,    0,    0,  -18,  -18,  -18,  -18,    0,    0,    0,    0,    0,    0,    0,    0,    0,    0,  -18,  -18,  -30,  -18,    0,    0,    0,    0,    0,    0,    0,    0,    0,    0,  -42,    0,    0,    0,    0,    0,    0,    0,    0,    0,  -18,    0,    0,    0,    0,    0,    0,    0,    0,    0,    0,    0,    0,    0,    0,    0,  -18,    0,    0,    0,    0,    0,    0,    0,    0,    0,    0,    0,    0,    0,    0,    0,    0,    0,    0,    0,    0,  -12,  -12,    0,  -12,  -12,  -12,    0,    0,    0,    0,    0,    0,    0,    0,    0,    0,    0,    0,    0,    0,    0,
       0,    0,    0,    0,    0,    0,    0,    0,    0,    0,    0,    0,    0,    0,    0,    0,    0,    0,    0,    0,    0,    0,    0,    0,    0,    0,    0,    0,    0,    0,    0,    0,    0,    0,    0,    0,    0,    0,    0,    0,    0,    0,    0,    0,    0,    0,    0,    0,    0,    0,    0,    0,    0,    0,    0,    0,    0,    0,    0,    0,    0,    0,    0,    0,    0,    0,    0,    0,    0,    0,    0,    0,    0,    0,    0,    0,    0,    0,    0,    0,    0,    0,    0,    0,    0,    0,    0,    0,    0,    0,    0,    0,    0,    0,    0,    0,    0,    0,    0,    0,    0,    0,    0,    0,    0,    0,    0,    0,    0,    0,    0,    0,    0,    0,  -24,    0,    0,    0,    0,    0,    0,    0,    0,    0,    0,    0,    0,    0,  -30,    0,    0,    0,    0,    0,    0,    0,    0,    0,    0,    0,    0,    0,    0,    0,    0,    0,    0,    0,    0,    0,    0,    0,    0,    0,    0,    0,    0,    0,    0,    0,    0,    0,    0,    0,    0,    0,    0,    0,    0,    0,    0,    0,    0,    0,    0,    0,    0,    0,    0,    0,    0,    0,    0,    0,    0,    0,  -36,  -30,
       0,    0,    0,    0,    0,    0,    0,    0,    0,    0,    0,    0,    0,    0,    0,    0,    0,    0,    0,    0,    0,    0,    0,    0,    0,    0,    0,    0,    0,    0,    0,    0,    0,    0,    0,    0,    0,    0,    0,    0,    0,    0,    0,    0,    0,    0,    0,    0,    0,    0,    0,    0,    0,    0,    0,    0,    0,    0,    0,    0,    0,    0,    0,    0,    0,    0,    0,    0,    0,    0,    0,    0,    0,    0,    0,    0,    0,    0,    0,    0,    0,    0,    0,    0,    0,    0,    0,    0,    0,    0,    0,    0,    0,    0,    0,    0,    0,    0,    0,    0,    0,    0,    0,    0,    0,    0,    0,    0,    0,    0,    0,    0,    0,    0,    0,    0,    0,    0,    0,    0,    0,    0,    0,    0,    0,    0,    0,    0,  -30,    0,    0,    0,    0,    0,    0,    0,    0,    0,    0,    0,    0,    0,    0,    0,    0,    0,    0,    0,    0,    0,    0,    0,    0,    0,    0,    0,    0,    0,    0,    0,    0,    0,    0,    0,    0,    0,    0,    0,    0,    0,    0,    0,    0,    0,    0,    0,    0,    0,    0,    0,    0,    0,    0,    0,    0,    0,  -36,  -36,
       0,    0,    0,    0,    0,    0,    0,    0,    0,    0,    0,    0,    0,    0,    0,    0,    0,    0,    0,    0,    0,    0,    0,    0,    0,    0,    0,    0,    0,    0,    0,    0,    0,    0,    0,    0,    0,    0,    0,    0,    0,    0,    0,    0,    0,    0,    0,    0,    0,    0,    0,    0,    0,    0,    0,    0,    0,    0,    0,    0,    0,    0,    0,    0,    0,    0,    0,    0,    0,    0,    0,    0,    0,    0,    0,    0,    0,    0,    0,    0,    0,    0,    0,  -24,    0,  -24,  -12,  -18,  -18,    0,    0,    0,    0,    0,    0,    0,    0,    0,    0,    0,    0,    0,    0,    0,    0,  -24,    0,    0,    0,    0,    0,    0,    0,    0,    0,    0,    0,    0,    0,    0,    0,    0,    0,    0,    0,    0,    0,    0,    0,    0,  -12,    0,    0,    0,    0,    0,    0,    0,    0,    0,    0,    0,    0,    0,    0,    0,    0,    0,    0,    0,    0,    0,    0,    0,    0,    0,    0,    0,    0,    0,    0,    0,    0,    0,    0,    0,    0,    0,    0,    0,    0,    0,    0,    0,    0,    0,    0,    0,    0,    0,    0,    0,    0,    0,    0,    0,  -18,  -18,
       0,    0,    0,    0,    0,    0,    0,    0,    0,    0,    0,    0,    0,    0,    0,    0,    0,    0,    0,    0,    0,    0,    0,    0,    0,    0,    0,    0,    0,    0,    0,    0,    0,    0,    0,    0,    0,    0,    0,    0,    0,    0,    0,    0,    0,    0,    0,    0,    0,    0,    0,    0,    0,    0,    0,    0,    0,    0,    0,    0,    0,    0,    0,    0,    0,    0,    0,    0,    0,    0,    0,    0,    0,    0,    0,    0,    0,    0,    0,    0,    0,    0,    0,  -12,    0,  -18,    0,  -12,  -24,    0,    0,    0,    0,    0,   12,   12,    0,    0,    0,    0,    0,    0,    0,    0,    0,  -24,    0,    0,    0,    0,    0,    0,    0,    0,    0,    0,    0,    0,    0,    0,    0,    0,    0,    0,  -12,    0,  -18,  -30,    0,    0,    0,    0,    0,    0,    0,    0,    0,    0,    0,    0,    0,    0,    0,    0,    0,    0,    0,    0,    0,    0,    0,    0,    0,    0,    0,    0,    0,    0,    0,    0,    0,    0,    0,    0,    0,    0,    0,    0,    0,    0,    0,    0,    0,    0,    0,    0,    0,    0,    0,    0,    0,    0,    0,    0,    0,    0,  -36,  -24,
       0,    0,    0,    0,    0,    0,    0,    0,    0,    0,    0,    0,    0,    0,    0,    0,    0,    0,    0,    0,    0,    0,    0,    0,    0,    0,    0,    0,    0,    0,    0,    0,    0,    0,    0,    0,    0,    0,    0,    0,    0,    0,    0,    0,    0,    0,    0,    0,    0,    0,    0,    0,    0,    0,    0,    0,    0,    0,    0,    0,    0,    0,    0,    0,    0,    0,    0,    0,    0,    0,    0,    0,    0,    0,    0,    0,    0,    0,    0,    0,    0,    0,    0,    0,    0,    0,  -12,    0,    0,    0,    0,    0,    0,    0,    0,    0,    0,    0,    0,    0,    0,    0,    0,    0,    0,    0,    0,    0,  -18,  -18,    0,    0,    0,    0,    0,    0,    0,    0,    0,    0,    0,    0,   24,    0,    0,    0,    0,    0,    0,    0,  -12,    0,    0,    0,    0,    0,    0,    0,    0,    0,    0,    0,    0,    0,    0,    0,    0,    0,    0,    0,    0,    0,    0,    0,    0,    0,    0,    0,    0,    0,    0,    0,    0,    0,    0,    0,    0,    0,    0,    0,    0,    0,    0,    0,    0,    0,    0,    0,    0,    0,    0,    0,    0,    0,    0,    0,  -18,    0,
       0,    0,    0,    0,    0,    0,    0,    0,    0,    0,    0,    0,    0,    0,    0,    0,    0,    0,    0,    0,    0,    0,    0,    0,    0,    0,    0,    0,    0,    0,    0,    0,    0,    0,    0,    0,    0,    0,    0,    0,    0,    0,    0,    0,    0,    0,    0,    0,    0,    0,    0,    0,    0,    0,    0,    0,    0,    0,    0,    0,    0,    0,    0,    0,    0,    0,    0,    0,    0,    0,    0,    0,    0,    0,    0,    0,    0,    0,    0,    0,    0,    0,    0,    0,    0,    0,  -12,    0,    0,    0,    0,    0,    0,    0,    0,    0,    0,    0,    0,    0,    0,    0,    0,    0,    0,    0,    0,    0,    6,    6,    0,    0,    0,    0,    0,    0,    0,    0,    0,    0,    0,    0,   18,    0,    0,    0,    0,    0,    0,    0,  -12,    0,    0,    0,    0,    0,    0,    0,    0,    0,    0,    0,    0,    0,    0,    0,    0,    0,    0,    0,    0,    0,    0,    0,    0,    0,    0,    0,    0,    0,    0,    0,    0,    0,    0,    0,    0,    0,    0,    0,    0,    0,    0,    0,    0,    0,    0,    0,    0,    0,    0,    0,    0,    0,    0,    0,  -30,  -18,
       0,    0,    0,    0,    0,    0,    0,    0,    0,    0,    0,    0,    0,    0,    0,    0,    0,    0,    0,    0,    0,    0,    0,    0,    0,    0,    0,    0,    0,    0,    0,    0,    0,    0,    0,    0,    0,    0,    0,    0,    0,    0,    0,    0,    0,    0,    0,    0,    0,    0,    0,    0,    0,    0,    0,    0,    0,    0,    0,    0,    0,    0,    0,    0,    0,    0,    0,    0,    0,    0,    0,    0,    0,    0,    0,    0,    0,    0,    0,    0,    0,    0,    0,    0,    0,    0,    0,    0,    0,    0,    0,    0,    0,    0,    0,    0,    0,    0,    0,    0,    0,    0,    0,    0,    0,    0,    0,    0,    0,    0,    0,    0,    0,    0,    0,    0,    0,    0,    0,    0,    0,    0,    0,    0,    0,    0,    0,    0,    0,    0,    0,    0,    0,    0,    0,    0,    0,    0,    0,    0,    0,    0,    0,    0,    0,    0,    0,    0,    0,    0,    0,    0,    0,    0,    0,    0,    0,    0,    0,    0,    0,    0,    0,    0,    0,    0,    0,    0,    0,    0,    0,    0,    0,    0,    0,    0,    0,    0,    0,    0,    0,    0,    0,    0,    0,    0,  -30,  -30,
       0,    0,    0,    0,    0,    0,    0,    0,    0,    0,    0,    0,    0,    0,    0,    0,    0,    0,    0,    0,    0,    0,    0,    0,    0,    0,    0,    0,    0,    0,    0,    0,    0,    0,    0,    0,    0,    0,    0,    0,    0,    0,    0,    0,    0,    0,    0,    0,    0,    0,    0,    0,    0,    0,    0,    0,    0,    0,    0,    0,    0,    0,    0,    0,    0,    0,    0,    0,    0,    0,    0,    0,    0,    0,    0,    0,    0,    0,    0,    0,    0,    0,    0,    0,    0,    0,    0,    0,    0,    0,    0,    0,    0,    0,    0,    0,    0,    0,    0,    0,    0,    0,    0,    0,    0,    0,    0,    0,    0,    0,    0,    0,    0,    0,    0,    0,    0,    0,    0,    0,    0,    0,    0,    0,    0,    0,    0,    0,    0,    0,    0,    0,    0,    0,    0,    0,    0,    0,    0,    0,    0,    0,    0,    0,    0,    0,    0,    0,    0,    0,    0,    0,    0,    0,    0,    0,    0,    0,    0,    0,    0,    0,    0,    0,    0,    0,    0,    0,    0,    0,    0,    0,    0,    0,    0,    0,    0,    0,    0,    0,    0,    0,    0,    0,    0,    0,  -60,  -30,
       0,    0,    0,    0,    0,    0,    0,    0,    0,    0,    0,    0,    0,    0,    0,    0,    0,    0,    0,    0,    0,    0,    0,    0,    0,    0,    0,    0,    0,    0,    0,    0,    0,    0,    0,    0,    0,    0,    0,    0,    0,    0,    0,    0,    0,    0,    0,    0,    0,    0,    0,    0,    0,    0,    0,    0,    0,    0,    0,    0,    0,    0,    0,    0,    0,    0,    0,    0,    0,    0,    0,    0,    0,    0,    0,    0,    0,    0,    0,    0,    0,    0,    0,    0,    0,    0,    0,    0,    0,    0,    0,    0,    0,    0,    0,    0,    0,  -12,  -12,    0,    0,    0,    0,    0,    0,  -42,    0,    0,    0,    0,    0,    0,    0,    0,    0,    0,    0,    0,    0,    0,    0,    0,    0,    0,    0,    0,    0,    0,    0,    0,    0,    0,    0,    0,    0,    0,    0,    0,    0,    0,    0,    0,    0,    0,    0,    0,    0,    0,    0,    0,    0,    0,    0,    0,    0,    0,    0,    0,    0,    0,    0,    0,    0,    0,    0,    0,    0,    0,    0,    0,    0,    0,    0,    0,    0,    0,    0,    0,    0,    0,    0,    0,    0,    0,    0,    0,  -30,  -18,
       0,    0,    0,    0,    0,    0,    0,    0,    0,    0,    0,    0,    0,    0,    0,    0,    0,    0,    0,    0,    0,    0,    0,    0,    0,    0,    0,    0,    0,    0,    0,    0,    0,    0,    0,    0,    0,    0,    0,    0,    0,    0,    0,    0,    0,    0,    0,    0,    0,    0,    0,    0,    0,    0,    0,    0,    0,    0,    0,    0,    0,    0,    0,    0,    0,    0,    0,    0,    0,    0,    0,    0,    0,    0,    0,    0,    0,    0,    0,    0,    0,    0,    0,    0,    0,    0,    0,    0,    0,    0,    0,    0,    0,    0,    0,    0,    0,    6,    6,    0,    0,    0,    0,    0,    0,    0,    0,    0,    6,    6,    0,    0,    0,    0,    0,    0,    0,    0,    0,    0,    0,    0,    0,    0,    0,    0,    0,    0,    0,    0,    0,    0,    0,    0,    0,    0,    0,    0,    0,    0,    0,    0,    0,    0,    0,    0,    0,    0,    0,    0,    0,    0,    0,    0,    0,    0,    0,    0,    0,    0,    0,    0,    0,    0,    0,    0,    0,    0,    0,    0,    0,    0,    0,    0,    0,    0,    0,    0,    0,    0,    0,    0,    0,    0,    0,    0,    6,    0,
       0,    0,    0,    0,    0,    0,    0,    0,    0,    0,    0,    0,    0,    0,    0,    0,    0,    0,    0,    0,    0,    0,    0,    0,    0,    0,    0,    0,    0,    0,    0,    0,    0,    0,    0,    0,    0,    0,    0,    0,    0,    0,    0,    0,    0,    0,    0,    0,    0,    0,    0,    0,    0,    0,    0,    0,    0,    0,    0,    0,    0,    0,    0,    0,    0,    0,    0,    0,    0,    0,    0,    0,    0,    0,    0,    0,    0,    0,    0,    0,    0,    0,    0,    0,    0,    0,    0,    0,    0,    0,    0,    0,    0,    0,    0,    0,    0,    0,    0,    0,    0,    0,    0,    0,    0,    0,    0,    0,    0,    0,    0,    0,    0,    0,    0,    0,    0,    0,    0,    0,    0,    0,    0,    0,    0,    0,    0,    0,  -24,    0,    0,    0,    0,    0,    0,    0,    0,    0,    0,    0,    0,    0,    0,    0,    0,    0,    0,    0,    0,    0,    0,    0,    0,    0,    0,    0,    0,    0,    0,    0,    0,    0,    0,    0,    0,    0,    0,    0,    0,    0,    0,    0,    0,    0,    0,    0,    0,    0,    0,    0,    0,    0,    0,    0,    0,    0,    0,    0,
       0,    0,    0,    0,    0,    0,    0,    0,    0,    0,    0,    0,    0,    0,    0,    0,    0,    0,    0,    0,    0,    0,    0,    0,    0,    0,    0,    0,    0,    0,    0,    0,    0,    0,    0,    0,    0,    0,    0,    0,    0,    0,    0,    0,    0,    0,    0,    0,    0,    0,    0,    0,    0,    0,    0,    0,    0,    0,    0,    0,    0,    0,    0,    0,    0,    0,    0,    0,    0,    0,    0,    0,    0,    0,    0,    0,    0,    0,    0,    0,    0,    0,    0,    0,    0,    0,    0,    0,    0,    0,    0,    0,    0,    0,    0,    0,    0,  -12,  -12,    0,    0,    0,    0,    0,    0,    0,  -36,  -36,  -18,  -18,    0,    0,    0,    0,    0,    0,    0,    0,    0,    0,    0,    0,    0,    0,    0,   -6,    0,    0,    0,    0,    0,    0,    0,    0,    0,    0,    0,    0,    0,    0,    0,    0,    0,    0,    0,    0,  -12,    0,    0,    0,    0,    0,    0,    0,    0,    0,    0,    0,    0,    0,    0,    0,    0,    0,    0,    0,    0,    0,    0,    0,    0,    0,    0,    0,    0,    0,    0,    0,    0,    0,    0,    0,    0,    0,    0,    0,    0,    0,
       0,    0,    0,    0,    0,    0,    0,    0,    0,    0,    0,    0,    0,    0,    0,    0,    0,    0,    0,    0,    0,    0,    0,    0,    0,    0,    0,    0,    0,    0,    0,    0,    0,    0,    0,    0,    0,    0,    0,    0,    0,    0,    0,    0,    0,    0,    0,    0,    0,    0,    0,    0,    0,    0,    0,    0,    0,    0,    0,    0,    0,    0,    0,    0,    0,    0,    0,    0,    0,    0,    0,    0,    0,    0,    0,    0,    0,    0,    0,    0,    0,    0,    0,  -12,    0,  -18,    0,  -24,  -12,    0,    0,    0,    0,    0,    0,    0,    0,    0,    0,    0,    0,    0,    0,    0,    0,  -24,    0,    0,    6,    6,    0,    0,    0,    0,    0,    0,    0,  -12,  -12,  -12,  -42,    0,    0,    0,  -12,    0,    0,    0,    0,    0,    0,    0,    0,    0,    0,    0,    0,    0,    0,    0,    0,    0,  -18,    0,    0,    0,    0,    0,    0,    0,    0,    0,    0,    0,    0,    0,    0,    0,    0,    0,    0,    0,    0,  -36,    0,    0,    0,    0,    0,    0,  -54,  -42,  -54,    0,    0,    0,    0,    0,    0,    0,    0,    0,    0,    0,    0,    0,  -24,  -24,
       0,    0,    0,    0,    0,    0,    0,    0,    0,    0,    0,    0,    0,    0,    0,    0,    0,    0,    0,    0,    0,    0,    0,    0,    0,    0,    0,    0,    0,    0,    0,    0,    0,    0,    0,    0,    0,    0,    0,    0,    0,    0,    0,    0,    0,    0,    0,    0,    0,    0,    0,    0,    0,    0,    0,    0,    0,    0,    0,    0,    0,    0,    0,    0,    0,    0,    0,    0,    0,    0,    0,    0,    0,    0,    0,    0,    0,    0,    0,    0,    0,    0,    0,    0,    0,    0,    0,    0,    0,    0,    0,    0,    0,    0,    0,    0,    0,    0,    0,    0,    0,    0,   -6,    0,    0,    0,    0,    0,    0,    0,    0,    0,    0,    0,    0,    0,    0,    0,    0,    0,  -30,    0,    0,    0,    0,    0,    0,    0,    0,    0,    0,    0,    0,    0,    0,    0,    0,    0,    0,    0,    0,    0,    0,    0,    0,    0,    0,    0,    0,    0,    0,    0,    0,    0,    0,    0,    0,    0,    0,    0,    0,    0,    0,  -42,    0,    0,    0,    0,    0,    0,  -42,  -42,  -42,    0,    0,    0,    0,    0,    0,    0,    0,    0,    0,    0,    0,    0,  -30,  -24,
       0,    0,    0,    0,    0,    0,    0,    0,    0,    0,    0,    0,    0,    0,    0,    0,    0,    0,    0,    0,    0,    0,    0,    0,    0,    0,    0,    0,    0,    0,    0,    0,    0,    0,    0,    0,    0,    0,    0,    0,    0,    0,    0,    0,    0,    0,    0,    0,    0,    0,    0,    0,    0,    0,    0,    0,    0,    0,    0,    0,    0,    0,    0,    0,    0,    0,    0,    0,    0,    0,    0,    0,    0,    0,    0,    0,    0,    0,    0,    0,    0,    0,    0,    0,    0,    0,    0,    0,    0,    0,    0,    0,    0,    0,    0,    0,    0,   12,   12,    0,    0,    0,    0,    0,    0,    0,    0,    0,   18,   18,    0,    0,    0,    0,    0,    0,    0,    0,    0,    0,  -30,    0,    0,    0,    0,    0,    0,    0,    0,    0,    0,    0,    0,    0,    0,    0,    0,    0,    0,    0,    0,    0,    0,    0,    0,    0,    0,    0,    0,    0,    0,    0,    0,    0,    0,    0,    0,    0,    0,    0,    0,    0,    0,    0,    0,    0,    0,    0,    0,    0,    0,    0,    0,    0,    0,    0,    0,    0,    0,    0,    0,    0,    0,    0,    0,    0,    0,    0,
       0,    0,    0,    0,    0,    0,    0,    0,    0,    0,    0,    0,    0,    0,    0,    0,    0,    0,    0,    0,    0,    0,    0,    0,    0,    0,    0,    0,    0,    0,    0,    0,    0,    0,    0,    0,    0,    0,    0,    0,    0,    0,    0,    0,    0,    0,    0,    0,    0,    0,    0,    0,    0,    0,    0,    0,    0,    0,    0,    0,    0,    0,    0,    0,    0,    0,    0,    0,    0,    0,    0,    0,    0,    0,    0,    0,    0,    0,    0,    0,    0,    0,    0,    0,    0,    0,    0,    0,    0,    0,    0,    0,    0,    0,    0,    0,    0,    0,    0,    0,    0,    0,    0,    0,    0,    0,    0,    0,    0,    0,    0,    0,    0,    0,    0,    0,    0,    0,    0,    0,    0,    0,    0,    0,    0,    0,    0,    0,    0,    0,    0,    0,    0,    0,    0,    0,    0,    0,    0,    0,    0,    0,    0,    0,    0,    0,    0,    0,    0,    0,    0,    0,    0,    0,    0,    0,    0,    0,    0,    0,    0,    0,    0,    0,    0,    0,    0,    0,    0,    0,    0,    0,    0,    0,    0,    0,    0,    0,    0,    0,    0,    0,    0,    0,    0,    0,  -30,  -12,
       0,    0,    0,    0,    0,    0,    0,    0,    0,    0,    0,    0,    0,    0,    0,    0,    0,    0,    0,    0,    0,    0,    0,    0,    0,    0,    0,    0,    0,    0,    0,    0,    0,    0,    0,    0,    0,    0,    0,    0,    0,    0,    0,    0,    0,    0,    0,    0,    0,    0,    0,    0,    0,    0,    0,    0,    0,    0,    0,    0,    0,    0,    0,    0,    0,    0,    0,    0,    0,    0,    0,    0,    0,    0,    0,    0,    0,    0,    0,    0,    0,    0,    0,    0,    0,    0,    0,    0,    0,    0,    0,    0,    0,    0,    0,    0,    0,    0,    0,    0,    0,    0,    0,    0,    0,    0,    0,    0,    0,    0,    0,    0,    0,    0,    0,    0,    0,    0,    0,    0,    0,  -18,    0,    0,    0,    0,    0,    0,    0,    0,    0,    0,  -36,    0,    0,    0,    0,    0,    0,    0,    0,    0,    0,    0,    0,    0,    0,    0,    0,    0,    0,    0,    0,    0,    0,    0,    0,    0,    0,    0,    0,    0,    0,    0,    0,    0,    0,    0,    0,    0,    0,    0,    0,    0,    0,    0,    0,    0,    0,    0,    0,    0,    0,    0,    0,    0,  -12,    0,
       0,    0,    0,    0,    0,    0,    0,    0,    0,    0,    0,    0,    0,    0,    0,    0,    0,    0,    0,    0,    0,    0,    0,    0,    0,    0,    0,    0,    0,    0,    0,    0,    0,    0,    0,    0,    0,    0,    0,    0,    0,    0,    0,    0,    0,    0,    0,    0,    0,    0,    0,    0,    0,    0,    0,    0,    0,    0,    0,    0,    0,    0,    0,    0,    0,    0,    0,    0,    0,    0,    0,    0,    0,    0,    0,    0,    0,    0,    0,    0,    0,    0,    0,    0,    0,    0,    0,    0,    0,    0,    0,    0,    0,    0,    0,    0,    0,    0,    0,    0,    0,    0,    0,    0,    0,    0,    0,    0,    0,    0,    0,    0,    0,    0,    0,    0,    0,    0,    0,    0,    0,  -12,    0,    0,    0,    0,    0,    0,    0,    0,    0,    0,  -36,    0,    0,    0,    0,    0,    0,    0,    0,    0,    0,    0,    0,    0,    0,    0,    0,    0,    0,    0,    0,    0,    0,    0,    0,    0,    0,    0,    0,    0,    0,    0,    0,    0,    0,    0,    0,    0,    0,    0,    0,    0,    0,    0,    0,    0,    0,    0,    0,    0,    0,    0,    0,    0,  -30,  -18,
       0,    0,    0,    0,    0,    0,    0,    0,    0,    0,    0,    0,    0,    0,    0,    0,    0,    0,    0,    0,    0,    0,    0,    0,    0,    0,    0,    0,    0,    0,    0,    0,    0,    0,    0,    0,    0,    0,    0,    0,    0,    0,    0,    0,    0,    0,    0,    0,    0,    0,    0,    0,    0,    0,    0,    0,    0,    0,    0,    0,    0,    0,    0,    0,    0,    0,    0,    0,    0,    0,    0,    0,    0,    0,    0,    0,    0,    0,    0,    0,    0,    0,    0,    0,    0,    0,    0,    0,    0,    0,    0,    0,    0,    0,    0,    0,    0,    0,    0,    0,    0,    0,    0,    0,    0,    0,    0,    0,    0,    0,    0,    0,    0,    0,    0,    0,    0,    0,    0,    0,    0,    0,    0,    0,    0,    0,    0,    0,    0,    0,    0,    0,    0,    0,    0,    0,    0,    0,    0,    0,    0,    0,    0,    0,    0,    0,    0,    0,    0,    0,    0,    0,    0,    0,    0,    0,    0,    0,    0,    0,    0,    0,    0,    0,    0,    0,    0,    0,    0,    0,    0,    0,    0,    0,    0,    0,    0,    0,    0,    0,    0,    0,    0,    0,    0,    0,  -30,  -24,
       0,    0,    0,    0,    0,    0,    0,    0,    0,    0,    0,    0,    0,    0,    0,    0,    0,    0,    0,    0,    0,    0,    0,    0,    0,    0,    0,    0,    0,    0,    0,    0,    0,    0,    0,    0,    0,    0,    0,    0,    0,    0,    0,    0,    0,    0,    0,    0,    0,    0,    0,    0,    0,    0,    0,    0,    0,    0,    0,    0,    0,    0,    0,    0,    0,    0,    0,    0,    0,    0,    0,    0,    0,    0,    0,    0,    0,    0,    0,    0,    0,    0,    0,    0,    0,    0,    0,    0,    0,    0,    0,    0,    0,    0,    0,    0,    0,    0,    0,    0,    0,    0,    0,    0,    0,    0,    0,    0,  -30,    0,    0,    0,    0,   18,    0,    0,    0,    0,    0,    0,    0,    0,    0,    0,    0,    0,    0,    0,    0,    0,    0,    0,    0,    0,    0,    0,    0,    0,    0,    0,    0,    0,    0,    0,    0,    0,    0,    0,    0,    0,    0,    0,    0,    0,    0,    0,    0,    0,    0,    0,    0,    0,    0,    0,    0,    0,    0,    0,    0,    0,    0,    0,    0,    0,    0,    0,    0,    0,    0,    0,    0,    0,    0,    0,    0,    0,    0,    0,
       0,    0,    0,    0,    0,    0,    0,    0,    0,    0,    0,    0,    0,    0,    0,    0,    0,    0,    0,    0,    0,    0,    0,    0,    0,    0,    0,    0,    0,    0,    0,    0,    0,    0,    0,    0,    0,    0,    0,    0,    0,    0,    0,    0,    0,    0,    0,    0,    0,    0,    0,    0,    0,    0,    0,    0,    0,    0,    0,    0,    0,    0,    0,    0,    0,    0,    0,    0,    0,    0,    0,    0,    0,    0,    0,    0,    0,    0,    0,    0,    0,    0,    0,    0,    0,    0,    0,    0,    0,    0,    0,    0,    0,    0,    0,    0,    0,    0,    0,    0,    0,    0,    0,    0,    0,    0,    0,    0,    0,    0,    0,    0,    0,    0,    0,    0,    0,    0,    0,    0,    0,    0,    0,    0,    0,    0,    0,    0,    0,    0,    0,    0,    0,    0,    0,    0,    0,    0,    0,    0,    0,    0,    0,    0,    0,    0,    0,    0,    0,    0,    0,    0,    0,    0,    0,    0,    0,    0,    0,    0,    0,    0,    0,    0,    0,    0,    0,    0,    0,    0,    0,    0,    0,    0,    0,    0,    0,    0,    0,    0,    0,    0,    0,    0,    0,    0,  -24,  -18,
       0,    0,    0,    0,    0,    0,    0,    0,    0,    0,    0,    0,    0,    0,    0,    0,    0,    0,    0,    0,    0,    0,    0,    0,    0,    0,    0,    0,    0,    0,    0,    0,    0,    0,    0,    0,    0,    0,    0,    0,    0,    0,    0,    0,    0,    0,    0,    0,    0,    0,    0,    0,    0,    0,    0,    0,    0,    0,    0,    0,    0,    0,    0,    0,    0,    0,    0,    0,    0,    0,    0,    0,    0,    0,    0,    0,    0,    0,    0,    0,    0,    0,  -18,    0,    0,    0,    0,    0,    0,  -18,    0,    0,  -18,  -18,  -18,  -18,    0,    0,    0,    0,  -18,    0,    0,    0,    0,  -36,  -12,  -12,    0,    0,    0,    0,    0,    0,  -12,  -12,    0,    0,    0,    0,    0,  -30,    0,  -30,    0,    0,    0,    0,    0,    0,    0,    0,    0,    0,    0,    0,    0,    0,    0,    0,    0,    0,    0,    0,    0,    0,    0,    0,    0,    0,    0,    0,    0,    0,    0,    0,    0,    0,    0,    0,    0,    0,    0,    0,    0,    0,    0,    0,    0,    0,    0,    0,    0,    0,    0,    0,    0,    0,    0,    0,    0,    0,    0,    0,    0,    0,  -42,  -30,
       0,    0,    0,    0,    0,    0,    0,    0,    0,    0,    0,    0,    0,    0,    0,    0,    0,    0,    0,    0,    0,    0,    0,    0,    0,    0,    0,    0,    0,    0,    0,    0,    0,    0,    0,    0,    0,    0,    0,    0,    0,    0,    0,    0,    0,    0,    0,    0,    0,    0,    0,    0,    0,    0,    0,    0,    0,    0,    0,    0,    0,    0,    0,    0,    0,    0,    0,    0,    0,    0,    0,    0,    0,    0,    0,    0,    0,    0,    0,    0,    0,    0,   -6,    0,    0,    0,    0,    0,    0,    0,    0,    0,    0,    0,    0,   12,    0,    0,    0,    0,    0,    0,    0,    0,    0,    0,    0,    0,    0,    0,    0,    0,    0,    0,    0,    0,    0,    0,    0,    0,    0,    0,    0,    0,    0,    0,    0,    0,    0,    0,    0,    0,    0,    0,    0,    0,    0,    0,    0,    0,    0,    0,    0,    0,    0,    0,    0,    0,    0,    0,    0,    0,    0,    0,    0,    0,    0,    0,    0,    0,    0,    0,    0,    0,    0,    0,    0,    0,    0,    0,    0,    0,    0,    0,    0,    0,    0,    0,    0,    0,    0,    0,    0,    0,    0,    0,  -24,  -24,
       0,    0,    0,    0,    0,    0,    0,    0,    0,    0,    0,    0,    0,    0,    0,    0,    0,    0,    0,    0,    0,    0,    0,    0,    0,    0,    0,    0,    0,    0,    0,    0,    0,    0,    0,    0,    0,    0,    0,    0,    0,    0,    0,    0,    0,    0,    0,    0,    0,    0,    0,    0,    0,    0,    0,    0,    0,    0,    0,    0,    0,    0,    0,    0,    0,    0,    0,    0,    0,    0,    0,    0,    0,    0,    0,    0,    0,    0,    0,    0,    0,    0,    0,    0,    0,    0,    0,    0,    0,    0,    0,    0,    0,    0,  -18,    0,    0,  -18,  -18,    0,  -18,    0,    0,    0,    0,  -18,  -24,  -24,  -18,  -18,    0,    0,  -18,   -6,    0,    0,    0,    0,    0,    0,  -30,    0,    0,    0,    0,    0,    0,    0,    0,    0,    0,    0,    0,    0,    0,    0,    0,    0,    0,    0,    0,    0,    0,    0,    0,    0,    0,    0,    0,    0,    0,    0,    0,    0,    0,    0,    0,    0,    0,    0,    0,    0,    0,    0,    0,    0,    0,    0,    0,    0,    0,    0,    0,    0,    0,    0,    0,    0,    0,    0,    0,    0,    0,    0,    0,    0,  -24,  -18,
       0,    0,    0,    0,    0,    0,    0,    0,    0,    0,    0,    0,    0,    0,    0,    0,    0,    0,    0,    0,    0,    0,    0,    0,    0,    0,    0,    0,    0,    0,    0,    0,    0,    0,    0,    0,    0,    0,    0,    0,    0,    0,    0,    0,    0,    0,    0,    0,    0,    0,    0,    0,    0,    0,    0,    0,    0,    0,    0,    0,    0,    0,    0,    0,    0,    0,    0,    0,    0,    0,    0,    0,    0,    0,    0,    0,    0,    0,    0,    0,    0,    0,    0,    0,    0,    0,    0,    0,    0,    0,    0,    0,  -18,  -18,  -18,  -18,  -18,    0,    0,    0,  -18,    0,    0,    0,    0,    0,  -18,  -18,  -12,  -12,    0,    0,  -12,    0,    0,    0,    0,    0,    0,    0,  -30,    0,  -18,    0,    0,    0,    0,    0,    0,    0,    0,    0,    0,    0,    0,    0,    0,    0,    0,    0,    0,    0,    0,    0,    0,    0,    0,    0,    0,    0,    0,    0,    0,    0,    0,    0,    0,    0,    0,    0,    0,    0,    0,    0,    0,    0,    0,    0,    0,    0,    0,    0,    0,    0,    0,    0,    0,    0,    0,    0,    0,    0,    0,    0,    0,    0,  -30,  -30,
       0,    0,    0,    0,    0,    0,    0,    0,    0,    0,    0,    0,    0,    0,    0,    0,    0,    0,    0,    0,    0,    0,    0,    0,    0,    0,    0,    0,    0,    0,    0,    0,    0,    0,    0,    0,    0,    0,    0,    0,    0,    0,    0,    0,    0,    0,    0,    0,    0,    0,    0,    0,    0,    0,    0,    0,    0,    0,    0,    0,    0,    0,    0,    0,    0,    0,    0,    0,    0,    0,    0,    0,    0,    0,    0,    0,    0,    0,    0,    0,    0,    0,    0,    0,    0,    0,    0,    0,    0,    0,    0,  -12,    0,    0,  -12,  -12,  -12,    6,    6,    0,  -12,    0,    0,    0,    0,    0,    0,    0,    0,    0,    0,    0,    0,    0,    0,    0,    0,    0,    0,    0,    0,    0,    0,    0,    0,    0,    0,    0,    0,    0,    0,    0,    0,    0,    0,    0,    0,    0,    0,    0,    0,    0,    0,    0,    0,    0,    0,    0,    0,    0,    0,    0,    0,    0,    0,    0,    0,    0,    0,    0,    0,    0,    0,    0,    0,    0,    0,    0,    0,    0,    0,    0,    0,    0,    0,    0,    0,    0,    0,    0,    0,    0,    0,    0,    0,    0,  -30,  -18,
       0,    0,    0,    0,    0,    0,    0,    0,    0,    0,    0,    0,    0,    0,    0,    0,    0,    0,    0,    0,    0,    0,    0,    0,    0,    0,    0,    0,    0,    0,    0,    0,    0,    0,    0,    0,    0,    0,    0,    0,    0,    0,    0,    0,    0,    0,    0,    0,    0,    0,    0,    0,    0,    0,    0,    0,    0,    0,    0,    0,    0,    0,    0,    0,    0,    0,    0,    0,    0,    0,    0,    0,    0,    0,    0,    0,    0,    0,    0,    0,    0,    0,    0,    0,    0,    0,    0,    0,    0,    0,    0,    0,  -12,  -12,    0,    0,    0,    0,    0,    0,    0,    0,    0,  -18,    0,    0,    0,    0,    0,    0,    0,    0,    0,    0,    0,    0,  -12,    0,    0,    0,    0,    0,    0,    0,    0,    0,    0,    0,    0,    0,    0,    0,    0,    0,    0,    0,    0,    0,    0,    0,    0,    0,    0,    0,    0,    0,    0,    0,    0,    0,    0,    0,    0,    0,    0,    0,    0,    0,    0,    0,    0,    0,    0,    0,    0,    0,    0,    0,    0,    0,    0,    0,    0,    0,    0,    0,    0,    0,    0,    0,    0,    0,    0,    0,    0,    0,   -6,    6,
       0,    0,    0,    0,    0,    0,    0,    0,    0,    0,    0,    0,    0,    0,    0,    0,    0,    0,    0,    0,    0,    0,    0,    0,    0,    0,    0,    0,    0,    0,    0,    0,    0,    0,    0,    0,    0,    0,    0,    0,    0,    0,    0,    0,    0,    0,    0,    0,    0,    0,    0,    0,    0,    0,    0,    0,    0,    0,    0,    0,    0,    0,    0,    0,    0,    0,    0,    0,    0,    0,    0,    0,    0,    0,    0,    0,    0,    0,    0,    0,    0,    0,    0,    0,    0,    0,    0,    0,    0,    0,    0,    0,    0,    0,    0,    0,    0,    0,    0,    0,    0,    0,    0,    0,    0,    0,    0,    0,    0,    0,    0,    0,    0,    0,    0,    0,    0,    0,    0,    0,    0,    0,    0,    0,    0,    0,    0,    0,    0,    0,    0,    0,    0,    0,    0,    0,    0,    0,    0,    0,    0,    0,    0,    0,    0,    0,    0,    0,    0,    0,    0,    0,    0,    0,    0,    0,    0,    0,    0,    0,    0,    0,    0,    0,    0,    0,    0,    0,    0,    0,    0,    0,    0,    0,    0,    0,    0,    0,    0,    0,    0,    0,    0,    0,    0,    0,  -24,    0,
       0,    0,    0,    0,    0,    0,    0,    0,    0,    0,    0,    0,    0,    0,    0,    0,    0,    0,    0,    0,    0,    0,    0,    0,    0,    0,    0,    0,    0,    0,    0,    0,    0,    0,    0,    0,    0,    0,    0,    0,    0,    0,    0,    0,    0,    0,    0,    0,    0,    0,    0,    0,    0,    0,    0,    0,    0,    0,    0,    0,    0,    0,    0,    0,    0,    0,    0,    0,    0,    0,    0,    0,    0,    0,    0,    0,    0,    0,    0,    0,    0,    0,    0,    0,    0,    0,    0,    0,    0,    0,    0,    0,  -18,    0,    0,    0,    0,    0,    0,    0,    0,    0,    0,    0,    0,    0,    0,    0,    0,    0,    0,    0,    0,    0,    0,    0,    0,    0,    0,    0,    0,    0,    0,    0,    0,    0,    0,    0,    0,    0,    0,    0,    0,    0,    0,    0,    0,    0,    0,    0,    0,    0,    0,    0,    0,    0,    0,    0,    0,    0,    0,    0,    0,    0,    0,    0,    0,    0,    0,    0,    0,    0,    0,    0,    0,    0,    0,    0,    0,    0,    0,    0,    0,    0,    0,    0,    0,    0,    0,    0,    0,    0,    0,    0,    0,    0,  -36,  -18,
       0,    0,    0,    0,    0,    0,    0,    0,    0,    0,    0,    0,    0,    0,    0,    0,    0,    0,    0,    0,    0,    0,    0,    0,    0,    0,    0,    0,    0,    0,    0,    0,    0,    0,    0,    0,    0,    0,    0,    0,    0,    0,    0,    0,    0,    0,    0,    0,    0,    0,    0,    0,    0,    0,    0,    0,    0,    0,    0,    0,    0,    0,    0,    0,    0,    0,    0,    0,    0,    0,    0,    0,    0,    0,    0,    0,    0,    0,    0,    0,    0,    0,    0,    0,    0,    0,    0,    0,    0,    0,    0,    0,    0,    0,    0,    0,    0,    0,    0,    0,    0,  -12,  -12,    0,    0,    0,    0,    0,    0,    0,    0,    0,    0,    0,    0,    0,    0,    0,    0,    0,    0,    0,    0,    0,    0,    0,    0,    0,    0,    0,    0,    0,    0,    0,    0,    0,    0,    0,    0,    0,    0,    0,    0,    0,    0,    0,    0,    0,    0,    0,    0,    0,    0,    0,    0,    0,    0,    0,    0,    0,    0,    0,    0,    0,    0,    0,    0,    0,    0,    0,    0,    0,    0,    0,    0,    0,    0,    0,    0,    0,    0,    0,    0,    0,    0,    0,    0,    0,
       0,    0,    0,    0,    0,    0,    0,    0,    0,    0,    0,    0,    0,    0,    0,    0,    0,    0,    0,    0,    0,    0,    0,    0,    0,    0,    0,    0,    0,    0,    0,    0,    0,    0,    0,    0,    0,    0,    0,    0,    0,    0,    0,    0,    0,    0,    0,    0,    0,    0,    0,    0,    0,    0,    0,    0,    0,    0,    0,    0,    0,    0,    0,    0,    0,    0,    0,    0,    0,    0,    0,    0,    0,    0,    0,    0,    0,    0,    0,    0,    0,    0,    0,    0,    0,    0,    0,    0,    0,    0,   12,    0,    0,    0,    0,    0,    0,    0,    0,    0,    0,    0,    0,    0,    0,    0,    0,    0,    0,    0,    0,    0,    0,    0,    0,    0,    0,    0,    0,    0,    0,    0,    0,    0,    0,    0,    0,    0,    0,    0,    0,    0,    0,    0,    0,    0,    0,    0,    0,    0,    0,    0,    0,    0,    0,    0,    0,    0,    0,    0,    0,    0,    0,    0,    0,    0,    0,    0,    0,    0,    0,    0,    0,    0,    0,    0,    0,    0,    0,    0,    0,    0,    0,    0,    0,    0,    0,    0,    0,    0,    0,    0,    0,    0,    0,    0,    0,    0,
       0,    0,    0,    0,    0,    0,    0,    0,    0,    0,    0,    0,    0,    0,    0,    0,    0,    0,    0,    0,    0,    0,    0,    0,    0,    0,    0,    0,    0,    0,    0,    0,    0,    0,    0,    0,    0,    0,    0,    0,    0,    0,    0,    0,    0,    0,    0,    0,    0,    0,    0,    0,    0,    0,    0,    0,    0,    0,    0,    0,    0,    0,    0,    0,    0,    0,    0,    0,    0,    0,    0,    0,    0,    0,    0,    0,    0,    0,    0,    0,    0,    0,    0,    0,    0,    0,    0,    0,    0,    0,    0,    0,    0,    0,    0,    0,    0,    0,    0,    0,    0,    0,    0,    0,    0,    0,    0,    0,    0,    0,  -18,  -18,    0,    0,    0,    0,    0,    0,    0,    0,    0,    0,    0,    0,    0,    0,    0,    0,    0,    0,    0,    0,    0,    0,    0,    0,    0,    0,    0,    0,    0,    0,    0,    0,    0,    0,    0,    0,    0,    0,    0,    0,    0,    0,    0,    0,    0,    0,    0,    0,    0,    0,    0,    0,    0,    0,    0,    0,    0,    0,    0,    0,    0,    0,    0,    0,    0,    0,    0,    0,    0,    0,    0,    0,    0,    0,  -30,  -24,
       0,    0,    0,    0,    0,    0,    0,    0,    0,    0,    0,    0,    0,    0,    0,    0,    0,    0,    0,    0,    0,    0,    0,    0,    0,    0,    0,    0,    0,    0,    0,    0,    0,    0,    0,    0,    0,    0,    0,    0,    0,    0,    0,    0,    0,    0,    0,    0,    0,    0,    0,    0,    0,    0,    0,    0,    0,    0,    0,    0,    0,    0,    0,    0,    0,    0,    0,    0,    0,    0,    0,    0,    0,    0,    0,    0,    0,    0,    0,    0,    0,    0,    0,    0,    0,    0,    0,    0,    0,    0,    0,    0,    0,    0,    0,    0,    0,    0,    0,    0,    0,    0,    0,    0,    0,    0,    0,    0,    0,    0,    0,    0,    0,    0,    0,    0,    0,    0,    0,    0,    0,    0,    0,    0,    0,    0,    0,    0,    0,    0,    0,    0,    0,    0,    0,    0,    0,    0,    0,    0,    0,    0,    0,    0,    0,    0,    0,    0,    0,    0,    0,    0,    0,    0,    0,    0,    0,    0,    0,    0,    0,    0,    0,    0,    0,    0,    0,    0,    0,    0,    0,    0,    0,    0,    0,    0,    0,    0,    0,    0,    0,    0,    0,    0,    0,    0,    0,  -30,
       0,    0,    0,    0,    0,    0,    0,    0,    0,    0,    0,    0,    0,    0,    0,    0,    0,    0,    0,    0,    0,    0,    0,    0,    0,    0,    0,    0,    0,    0,    0,    0,    0,    0,    0,    0,    0,    0,    0,    0,    0,    0,    0,    0,    0,    0,    0,    0,    0,    0,    0,    0,    0,    0,    0,    0,    0,    0,    0,    0,    0,    0,    0,    0,    0,    0,    0,    0,    0,    0,    0,    0,    0,    0,    0,    0,    0,    0,    0,    0,    0,    0,    0,    0,    0,    0,    0,    0,    0,    0,    0,    0,    0,    0,    0,    0,    0,    0,    0,    0,    0,    0,    0,    0,    0,    0,    0,    0,    0,    0,    0,    0,    0,    0,    0,    0,    0,    0,    0,    0,    0,    0,    0,    0,    0,    0,    0,    0,    0,    0,    0,    0,    0,    0,    0,    0,    0,    0,    0,    0,    0,    0,    0,    0,    0,    0,    0,    0,    0,    0,    0,    0,    0,    0,    0,    0,    0,    0,    0,    0,    0,    0,    0,    0,    0,    0,    0,    0,    0,    0,    0,    0,    0,    0,    0,    0,    0,    0,    0,    0,    0,    0,    0,    0,    0,    0,  -42,  -30,
       0,    0,    0,    0,    0,    0,    0,    0,    0,    0,    0,    0,    0,    0,    0,    0,    0,    0,    0,    0,    0,    0,    0,    0,    0,    0,    0,    0,    0,    0,    0,    0,    0,    0,    0,    0,    0,    0,    0,    0,    0,    0,    0,    0,    0,    0,    0,    0,    0,    0,    0,    0,    0,    0,    0,    0,    0,    0,    0,    0,    0,    0,    0,    0,    0,    0,    0,    0,    0,    0,    0,    0,    0,    0,    0,    0,    0,    0,    0,    0,    0,    0,    0,    0,    0,    0,    0,    0,    0,    0,    0,    0,    0,    0,    0,    0,    0,    0,    0,    0,    0,    0,    0,  -18,  -18,    0,    0,    0,    0,    0,    0,    0,    0,    0,    0,    0,    0,    0,    0,    0,    0,    0,    0,    0,    0,    0,    0,    0,    0,    0,    0,    0,    0,    0,    0,    0,    0,    0,    0,    0,    0,    0,    0,    0,    0,    0,    0,    0,    0,    0,    0,    0,    0,    0,    0,    0,    0,    0,    0,    0,    0,    0,    0,    0,    0,    0,    0,    0,    0,    0,    0,    0,    0,    0,    0,    0,    0,    0,    0,    0,    0,    0,    0,    0,    0,    0,  -12,    0,
       0,    0,    0,    0,    0,    0,    0,    0,    0,    0,    0,    0,    0,    0,    0,    0,    0,    0,    0,    0,    0,    0,    0,    0,    0,    0,    0,    0,    0,    0,    0,    0,    0,    0,    0,    0,    0,    0,    0,    0,    0,    0,    0,    0,    0,    0,    0,    0,    0,    0,    0,    0,    0,    0,    0,    0,    0,    0,    0,    0,    0,    0,    0,    0,    0,    0,    0,    0,    0,    0,    0,    0,    0,    0,    0,    0,    0,    0,    0,    0,    0,    0,    0,    0,    0,    0,    0,    0,    0,    0,    0,    0,    0,    0,    0,    0,    0,    0,    0,    0,    0,    0,    0,    6,    6,    0,    0,    0,    0,    0,    0,    0,    0,    0,    0,    0,    0,    0,    0,    0,    0,    0,    0,    0,    0,    0,    0,    0,    0,    0,    0,    0,    0,    0,    0,    0,    0,    0,    0,    0,    0,    0,    0,    0,    0,    0,    0,    0,    0,    0,    0,    0,    0,    0,    0,    0,    0,    0,    0,    0,    0,    0,    0,    0,    0,    0,    0,    0,    0,    0,    0,    0,    0,    0,    0,    0,    0,    0,    0,    0,    0,    0,    0,    0,    0,    0,  -30,  -12,
       0,    0,    0,    0,    0,    0,    0,    0,    0,    0,    0,    0,    0,    0,    0,    0,    0,    0,    0,    0,    0,    0,    0,    0,    0,    0,    0,    0,    0,    0,    0,    0,    0,    0,    0,    0,    0,    0,    0,    0,    0,    0,    0,    0,    0,    0,    0,    0,    0,    0,    0,    0,    0,    0,    0,    0,    0,    0,    0,    0,    0,    0,    0,    0,    0,    0,    0,    0,    0,    0,    0,    0,    0,    0,    0,    0,    0,    0,    0,    0,    0,    0,    0,    0,    0,    0,    0,    0,    0,    0,    0,    0,    0,    0,    0,    0,    0,    0,    0,    0,    0,    0,    0,    0,    0,    0,    0,    0,  -42,  -42,  -30,  -30,    0,    0,    0,    0,    0,    0,    0,    0,    0,    0,    0,    0,    0,    0,    0,    0,    0,    0,    0,    0,    0,    0,    0,    0,    0,    0,    0,    0,    0,    0,    0,    0,    0,    0,    0,    0,    0,    0,    0,    0,    0,    0,    0,    0,    0,    0,    0,    0,    0,    0,    0,    0,    0,    0,    0,    0,    0,    0,    0,    0,    0,    0,    0,    0,    0,    0,    0,    0,    0,    0,    0,    0,    0,    0,  -18,    0,
       0,    0,    0,    0,    0,    0,    0,    0,    0,    0,    0,    0,    0,    0,    0,    0,    0,    0,    0,    0,    0,    0,    0,    0,    0,    0,    0,    0,    0,    0,    0,    0,    0,    0,    0,    0,    0,    0,    0,    0,    0,    0,    0,    0,    0,    0,    0,    0,    0,    0,    0,    0,    0,    0,    0,    0,    0,    0,    0,    0,    0,    0,    0,    0,    0,    0,    0,    0,    0,    0,    0,    0,    0,    0,    0,    0,    0,    0,    0,    0,    0,    0,    0,    0,    0,    0,    0,    0,    0,    0,    0,    0,    0,    0,    0,    0,    0,    0,    0,    0,    0,    0,    0,    0,    0,    0,    0,    0,  -24,  -24,    0,  -24,    0,    0,    0,    0,    0,    0,    0,    0,    0,    0,    0,    0,    0,    0,    0,    0,    0,    0,    0,    0,    0,    0,    0,    0,    0,    0,    0,    0,    0,    0,    0,    0,    0,    0,    0,    0,    0,    0,    0,    0,    0,    0,    0,    0,    0,    0,    0,    0,    0,    0,    0,    0,    0,    0,    0,    0,    0,    0,    0,    0,    0,    0,    0,    0,    0,    0,    0,    0,    0,    0,    0,    0,    0,    0,  -18,    0,
       0,    0,    0,    0,    0,    0,    0,    0,    0,    0,    0,    0,    0,    0,    0,    0,    0,    0,    0,    0,    0,    0,    0,    0,    0,    0,    0,    0,    0,    0,    0,    0,    0,    0,    0,    0,    0,    0,    0,    0,    0,    0,    0,    0,    0,    0,    0,    0,    0,    0,    0,    0,    0,    0,    0,    0,    0,    0,    0,    0,    0,    0,    0,    0,    0,    0,    0,    0,    0,    0,    0,    0,    0,    0,    0,    0,    0,    0,    0,    0,    0,    0,    0,    0,    0,    0,    0,    0,    0,    0,    0,    0,    0,    0,    0,    0,    0,    0,    0,    0,    0,    0,    0,    0,    0,    0,    0,    0,  -24,  -24,  -24,  -24,    0,    0,    0,    0,    0,    0,    0,    0,    0,    0,    0,    0,    0,    0,    0,    0,    0,    0,    0,    0,    0,    0,    0,    0,    0,    0,    0,    0,    0,    0,    0,    0,    0,    0,    0,    0,    0,    0,    0,    0,    0,    0,    0,    0,    0,    0,    0,    0,    0,    0,    0,    0,    0,    0,    0,    0,    0,    0,    0,    0,    0,    0,    0,    0,    0,    0,    0,    0,    0,    0,    0,    0,    0,    0,  -18,    0,
       0,    0,    0,    0,    0,    0,    0,    0,    0,    0,    0,    0,    0,    0,    0,    0,    0,    0,    0,    0,    0,    0,    0,    0,    0,    0,    0,    0,    0,    0,    0,    0,    0,    0,    0,    0,    0,    0,    0,    0,    0,    0,    0,    0,    0,    0,    0,    0,    0,    0,    0,    0,    0,    0,    0,    0,    0,    0,    0,    0,    0,    0,    0,    0,    0,    0,    0,    0,    0,    0,    0,    0,    0,    0,    0,    0,    0,    0,    0,    0,    0,    0,    0,    0,    0,    0,    0,    0,    0,    0,    0,    0,    0,    0,    0,    0,    0,    0,    0,    0,    0,    0,    0,    0,    0,    0,    0,    0,    0,    0,    0,    0,    0,    0,    0,    0,    0,    0,    0,    6,    0,    0,    0,    0,    0,    0,    0,    0,    0,    0,    0,    0,    0,    0,    0,    0,    0,    0,    0,    0,    0,    0,    0,    0,    0,    0,    0,    0,    0,    0,    0,    0,    0,    0,    0,    0,    0,    0,    0,    0,    0,    0,    0,    0,    0,    0,    0,    0,    0,    0,    0,    0,    0,    0,    0,    0,    0,    0,    0,    0,    0,    0,    0,    0,    0,    0,    0,    0,
       0,    0,    0,    0,    0,    0,    0,    0,    0,    0,    0,    0,    0,    0,    0,    0,    0,    0,    0,    0,    0,    0,    0,    0,    0,    0,    0,    0,    0,    0,    0,    0,    0,    0,    0,    0,    0,    0,    0,    0,    0,    0,    0,    0,    0,    0,    0,    0,    0,    0,    0,    0,    0,    0,    0,    0,    0,    0,    0,    0,    0,    0,    0,    0,    0,    0,    0,    0,    0,    0,    0,    0,    0,    0,    0,    0,    0,    0,    0,    0,    0,    0,    0,    0,    0,    0,    0,    0,    0,    0,    0,    0,    0,    0,    0,    0,    0,    0,    0,  -18,    0,    0,    0,    0,    0,  -24,    0,    0,    0,    0,    0,    0,    0,    0,    0,    0,    0,    0,    0,    0,    0,    0,    0,    0,    0,    0,    0,    0,    0,    0,    0,    0,    0,    0,    0,    0,    0,    0,    0,    0,    0,    0,    0,    0,    0,    0,    0,    0,    0,    0,    0,    0,    0,    0,    0,    0,    0,    0,    0,    0,    0,    0,    0,    0,    0,    0,    0,    0,    0,    0,    0,    0,    0,    0,    0,    0,    0,    0,    0,    0,    0,    0,    0,    0,    0,    0,  -30,  -24,
       0,    0,    0,    0,    0,    0,    0,    0,    0,    0,    0,    0,    0,    0,    0,    0,    0,    0,    0,    0,    0,    0,    0,    0,    0,    0,    0,    0,    0,    0,    0,    0,    0,    0,    0,    0,    0,    0,    0,    0,    0,    0,    0,    0,    0,    0,    0,    0,    0,    0,    0,    0,    0,    0,    0,    0,    0,    0,    0,    0,    0,    0,    0,    0,    0,    0,    0,    0,    0,    0,    0,    0,    0,    0,    0,    0,    0,    0,    0,    0,    0,    0,    0,    0,    0,    0,    0,    0,    0,    0,    0,    0,    0,    0,    0,    0,    0,    0,    0,    0,    0,    0,    0,    0,    0,    0,    0,    0,    0,    0,    0,    0,    0,    0,    0,    0,    0,    0,    0,    0,    0,    0,    0,    0,    0,    0,    0,    0,    0,    0,    0,    0,    0,    0,    0,    0,    0,    0,    0,    0,    0,    0,    0,    0,    0,    0,    0,    0,    0,    0,    0,    0,    0,    0,    0,    0,    0,    0,    0,    0,    0,    0,    0,    0,    0,    0,    0,    0,    0,    0,    0,    0,    0,    0,    0,    0,    0,    0,    0,    0,    0,    0,    0,    0,    0,    0,  -24,  -24,
       0,    0,    0,    0,    0,    0,    0,    0,    0,    0,    0,    0,    0,    0,    0,    0,    0,    0,    0,    0,    0,    0,    0,    0,    0,    0,    0,    0,    0,    0,    0,    0,    0,    0,    0,    0,    0,    0,    0,    0,    0,    0,    0,    0,    0,    0,    0,    0,    0,    0,    0,    0,    0,    0,    0,    0,    0,    0,    0,    0,    0,    0,    0,    0,    0,    0,    0,    0,    0,    0,    0,    0,    0,    0,    0,    0,    0,    0,    0,    0,    0,    0,    0,    0,  -12,    0,  -18,    0,    0,    0,    0,    0,    0,    0,    0,    0,    0,    0,    0,    0,  -12,    0,    0,    0,    0,    0,  -24,    0,  -24,  -24,  -12,  -12,    0,    0,    0,    0,    0,    0,    0,    0,    0,    0,    0,    0,    0,    0,    0,    0,    0,    0,    0,    0,    0,    0,    0,    0,    0,    0,    0,    0,    0,    0,    0,    0,    0,    0,    0,    0,    0,    0,    0,    0,    0,    0,    0,    0,    0,    0,    0,    0,    0,    0,    0,    0,    0,    0,    0,    0,    0,    0,    0,    0,    0,    0,    0,    0,    0,    0,    0,    0,    0,    0,    0,    0,    0,    0,  -24,  -18,
       0,    0,    0,    0,    0,    0,    0,    0,    0,    0,    0,    0,    0,    0,    0,    0,    0,    0,    0,    0,    0,    0,    0,    0,    0,    0,    0,    0,    0,    0,    0,    0,    0,    0,    0,    0,    0,    0,    0,    0,    0,    0,    0,    0,    0,    0,    0,    0,    0,    0,    0,    0,    0,    0,    0,    0,    0,    0,    0,    0,    0,    0,    0,    0,    0,    0,    0,    0,    0,    0,    0,    0,    0,    0,    0,    0,    0,    0,    0,    0,    0,    0,    0,    0,    0,    0,    0,    0,    0,    0,    0,    0,    0,    0,    0,    0,    0,    0,    0,    0,    0,    0,    0,    0,    0,    0,    0,    0,    0,    0,    0,    0,    0,    0,    0,    0,    0,    0,    0,    0,    0,    0,    0,    0,    0,    0,    0,    0,    0,    0,    0,    0,    0,    0,    0,    0,    0,    0,    0,    0,    0,    0,    0,    0,    0,    0,    0,    0,    0,    0,    0,    0,    0,    0,    0,    0,    0,    0,    0,    0,    0,    0,    0,    0,    0,    0,    0,    0,    0,    0,    0,    0,    0,    0,    0,    0,    0,    0,    0,    0,    0,    0,    0,    0,    0,    0,  -30,    0,
       0,    0,    0,    0,    0,    0,    0,    0,    0,    0,    0,    0,    0,    0,    0,    0,    0,    0,    0,    0,    0,    0,    0,    0,    0,    0,    0,    0,    0,    0,    0,    0,    0,    0,    0,    0,    0,    0,    0,    0,    0,    0,    0,    0,    0,    0,    0,    0,    0,    0,    0,    0,    0,    0,    0,    0,    0,    0,    0,    0,    0,    0,    0,    0,    0,    0,    0,    0,    0,    0,    0,    0,    0,    0,    0,    0,    0,    0,    0,    0,    0,    0,    0,    0,    0,    0,    0,    0,    0,    0,    0,    0,    0,    0,    0,    0,    0,    0,    0,    0,    0,    0,    0,    0,    0,    0,    0,    0,    0,    0,    0,    0,    0,    0,    0,    0,    0,  -12,  -18,  -18,    0,    0,    0,    0,    0,    0,    0,    0,    0,    0,    0,    0,    0,    0,    0,    0,    0,    0,    0,    0,    0,    0,    0,    0,    0,    0,    0,    0,    0,    0,    0,    0,    0,    0,    0,    0,    0,    0,    0,    0,    0,    0,    0,    0,    0,    0,    0,    0,    0,    0,    0,    0,    0,    0,    0,    0,    0,    0,    0,    0,    0,    0,    0,    0,    0,    0,  -30,  -18,
       0,    0,    0,    0,    0,    0,    0,    0,    0,    0,    0,    0,    0,    0,    0,    0,    0,    0,    0,    0,    0,    0,    0,    0,    0,    0,    0,    0,    0,    0,    0,    0,    0,    0,    0,    0,    0,    0,    0,    0,    0,    0,    0,    0,    0,    0,    0,    0,    0,    0,    0,    0,    0,    0,    0,    0,    0,    0,    0,    0,    0,    0,    0,    0,    0,    0,    0,    0,    0,    0,    0,    0,    0,    0,    0,    0,    0,    0,    0,    0,    0,    0,    0,    0,    0,  -24,    0,    0,    0,    0,    0,    0,    0,    0,    0,    0,    0,    0,    0,    0,    0,    0,    0,    0,    0,  -18,    0,    0,    0,    0,    0,    0,    0,    0,    0,    0,    0,    0,    0,    0,    0,    0,    0,    0,    0,    0,    0,    0,    0,  -12,  -18,    0,    0,    0,    0,    0,    0,    0,    0,    0,    0,    0,    0,    0,    0,    0,    0,    0,    0,    0,    0,    0,    0,    0,    0,    0,    0,    0,    0,    0,    0,    0,    0,    0,    0,    0,    0,    0,    0,    0,    0,    0,    0,    0,    0,    0,    0,    0,    0,    0,    0,    0,    0,    0,    0,    0,    0,    0,
       0,    0,    0,    0,    0,    0,    0,    0,    0,    0,    0,    0,    0,    0,    0,    0,    0,    0,    0,    0,    0,    0,    0,    0,    0,    0,    0,    0,    0,    0,    0,    0,    0,    0,    0,    0,    0,    0,    0,    0,    0,    0,    0,    0,    0,    0,    0,    0,    0,    0,    0,    0,    0,    0,    0,    0,    0,    0,    0,    0,    0,    0,    0,    0,    0,    0,    0,    0,    0,    0,    0,    0,    0,    0,    0,    0,    0,    0,    0,    0,    0,    0,    0,    0,    0,    0,    0,    0,    0,    0,    0,    0,    0,    0,    0,    0,    0,  -12,  -12,  -12,    0,    0,    0,    0,    0,    0,    0,    0,  -18,  -18,    0,    0,    0,    0,    0,    0,    0,    0,    0,    0,    0,    0,    0,    0,    0,    0,    0,    0,    0,    0,    0,    0,    0,    0,    0,    0,    0,    0,    0,    0,    0,    0,    0,    0,    0,    0,    0,    0,    0,    0,    0,    0,    0,    0,    0,    0,    0,    0,    0,    0,    0,    0,    0,    0,    0,    0,    0,    0,    0,    0,    0,    0,    0,    0,    0,    0,    0,    0,    0,    0,    0,    0,    0,    0,    0,    0,  -18,    0,
       0,    0,    0,    0,    0,    0,    0,    0,    0,    0,    0,    0,    0,    0,    0,    0,    0,    0,    0,    0,    0,    0,    0,    0,    0,    0,    0,    0,    0,    0,    0,    0,    0,    0,    0,    0,    0,    0,    0,    0,    0,    0,    0,    0,    0,    0,    0,    0,    0,    0,    0,    0,    0,    0,    0,    0,    0,    0,    0,    0,    0,    0,    0,    0,    0,    0,    0,    0,    0,    0,    0,    0,    0,    0,    0,    0,    0,    0,    0,    0,    0,    0,    0,    0,    0,    0,    0,    0,    0,    0,    0,    0,    0,    0,    0,    0,    0,    0,    0,    0,    0,    0,    0,    0,    0,    0,    6,    0,    0,    0,    0,    0,    0,    0,    0,    0,    0,    0,    0,    0,    0,    0,    0,    0,    0,    0,    0,    0,    0,    0,    0,    0,    0,    0,    0,    0,    0,    0,    0,    0,    0,    0,    0,    0,    0,    0,    0,    0,    0,    0,    0,    0,    0,    0,    0,    0,    0,    0,    0,    0,    0,    0,    0,    0,    0,    0,    0,    0,    0,    0,    0,    0,    0,    0,    0,    0,    0,    0,    0,    0,    0,    0,    0,    0,    0,    0,  -42,  -24,
       0,    0,    0,    0,    0,    0,    0,    0,    0,    0,    0,    0,    0,    0,    0,    0,    0,    0,    0,    0,    0,    0,    0,    0,    0,    0,    0,    0,    0,    0,    0,    0,    0,    0,    0,    0,    0,    0,    0,    0,    0,    0,    0,    0,    0,    0,    0,    0,    0,    0,    0,    0,    0,    0,    0,    0,    0,    0,    0,    0,    0,    0,    0,    0,    0,    0,    0,    0,    0,    0,    0,    0,    0,    0,    0,    0,    0,    0,    0,    0,    0,    0,    0,    0,    0,    0,    0,    0,    0,    0,    0,    0,    0,    0,    0,    0,    0,    0,    0,    0,    0,    0,    0,    0,    0,    0,  -24,  -24,    0,    0,    0,    0,    0,    0,    0,    0,    0,    0,    0,    0,    0,    0,    0,    0,    0,    0,    0,    0,    0,    0,    0,    0,    0,    0,    0,    0,    0,    0,    0,    0,    0,    0,    0,    0,    0,    0,    0,    0,    0,    0,    0,    0,    0,    0,    0,    0,  -12,    0,    0,    0,    0,    0,    0,    0,    0,    0,    0,    0,    0,    0,    0,    0,    0,  -24,    0,    0,    0,    0,    0,    0,    0,    0,    0,    0,    0,    0,    0,    0,
       0,    0,    0,    0,    0,    0,    0,    0,    0,    0,    0,    0,    0,    0,    0,    0,    0,    0,    0,    0,    0,    0,    0,    0,    0,    0,    0,    0,    0,    0,    0,    0,    0,    0,    0,    0,    0,    0,    0,    0,    0,    0,    0,    0,    0,    0,    0,    0,    0,    0,    0,    0,    0,    0,    0,    0,    0,    0,    0,    0,    0,    0,    0,    0,    0,    0,    0,    0,    0,    0,    0,    0,    0,    0,    0,    0,    0,    0,    0,    0,    0,    0,    0,    0,    0,    0,    0,    0,    0,    0,    0,    0,    0,    0,    0,    0,    0,    0,    0,    0,    0,    0,    0,    0,    0,    0,  -12,  -12,  -18,  -18,    0,    0,    0,    0,    0,    0,    0,    6,    6,    6,    0,    0,    0,    0,    0,    0,    0,    0,    0,    0,    0,    0,    0,    0,    0,    0,    0,    0,    0,    0,    0,    0,    0,    0,    0,    0,    0,    0,    0,    0,    0,    0,    0,    0,    0,    0,    0,    0,    0,    0,    0,    0,    0,    0,    0,    0,    0,    0,    0,    0,    0,    0,    0,    0,    0,    0,    0,    0,    0,    0,    0,    0,    0,    0,    0,    0,    0,    0,
       0,    0,    0,    0,    0,    0,    0,    0,    0,    0,    0,    0,    0,    0,    0,    0,    0,    0,    0,    0,    0,    0,    0,    0,    0,    0,    0,    0,    0,    0,    0,    0,    0,    0,    0,    0,    0,    0,    0,    0,    0,    0,    0,    0,    0,    0,    0,    0,    0,    0,    0,    0,    0,    0,    0,    0,    0,    0,    0,    0,    0,    0,    0,    0,    0,    0,    0,    0,    0,    0,    0,    0,    0,    0,    0,    0,    0,    0,    0,    0,    0,    0,    0,    0,    0,    0,    0,    0,    0,    0,    0,    0,    0,    0,    0,    0,    0,    0,    0,    0,    0,    0,    0,    0,    0,    0,    0,    0,    0,    0,    0,    0,    0,    0,    0,    0,    0,    0,    0,    0,    0,    0,    0,    0,    0,    0,    0,    0,    0,    0,    0,  -30,    0,    0,    0,    0,    0,    0,    0,    0,    0,    0,    0,    0,    0,    0,    0,    0,    0,    0,    0,    0,    0,    0,    0,    0,    0,    0,    0,    0,    0,    0,    0,    0,    0,    0,    0,    0,    0,    0,    0,    0,    0,    0,    0,    0,    0,    0,    0,    0,    0,    0,    0,    0,    0,    0,    0,    0,
       0,    0,    0,    0,    0,    0,    0,    0,    0,    0,    0,    0,    0,    0,    0,    0,    0,    0,    0,    0,    0,    0,    0,    0,    0,    0,    0,    0,    0,    0,    0,    0,    0,    0,    0,    0,    0,    0,    0,    0,    0,    0,    0,    0,    0,    0,    0,    0,    0,    0,    0,    0,    0,    0,    0,    0,    0,    0,    0,    0,    0,    0,    0,    0,    0,    0,    0,    0,    0,    0,    0,    0,    0,    0,    0,    0,    0,    0,    0,    0,    0,    0,    0,    0,    0,    0,    0,    0,    0,    0,    0,    0,    0,    0,    0,    0,    0,  -12,    0,    0,    0,    0,    0,    0,    0,    0,    0,    0,  -30,  -30,    0,  -18,    0,    0,    0,    0,    0,    0,    0,    0,    0,    0,    0,    0,    0,    0,    0,    0,    0,    0,    0,    0,    0,    0,    0,    0,    0,    0,    0,    0,    0,    0,    0,    0,    0,    0,    0,    0,    0,    0,    0,    0,    0,    0,    0,    0,    0,    0,    0,    0,    0,    0,    0,    0,    0,    0,    0,    0,    0,    0,    0,    0,    0,    0,    0,    0,    0,    0,    0,    0,    0,    0,    0,    0,    0,    0,    0,    0,
       0,    0,    0,    0,    0,    0,    0,    0,    0,    0,    0,    0,    0,    0,    0,    0,    0,    0,    0,    0,    0,    0,    0,    0,    0,    0,    0,    0,    0,    0,    0,    0,    0,    0,    0,    0,    0,    0,    0,    0,    0,    0,    0,    0,    0,    0,    0,    0,    0,    0,    0,    0,    0,    0,    0,    0,    0,    0,    0,    0,    0,    0,    0,    0,    0,    0,    0,    0,    0,    0,    0,    0,    0,    0,    0,    0,    0,    0,    0,    0,    0,    0,    0,    0,    0,    0,    0,    0,    0,    0,    0,    0,    0,    0,    0,    0,    0,    0,    0,    0,    0,    0,    0,    0,    0,    0,    0,    0,    0,    0,  -12,  -18,    0,    0,    0,    0,    0,  -18,  -12,  -12,    0,    0,    0,    0,    0,    0,    0,    0,    0,    0,    0,    0,    0,    0,    0,    0,  -30,    0,    0,    0,    0,    0,  -30,  -30,    0,    0,    0,    0,  -24,    0,    0,  -12,    0,    0,    0,    0,    0,    0,    0,    0,    0,  -12,    0,  -54,  -24,  -24,  -12,    0,    0,    0,  -12,  -12,  -12,    0,  -12,  -42,  -30,    0,    0,    0,    0,    0,   -6,    0,  -24,  -36,  -60,  -60,
       0,    0,    0,    0,    0,    0,    0,    0,    0,    0,    0,    0,    0,    0,    0,    0,    0,    0,    0,    0,    0,    0,    0,    0,    0,    0,    0,    0,    0,    0,    0,    0,    0,    0,    0,    0,    0,    0,    0,    0,    0,    0,    0,    0,    0,    0,    0,    0,    0,    0,    0,    0,    0,    0,    0,    0,    0,    0,    0,    0,    0,    0,    0,    0,    0,    0,    0,    0,    0,    0,    0,    0,    0,    0,    0,    0,    0,    0,    0,    0,    0,    0,    0,    0,    0,    0,    0,    0,    0,    0,    0,    0,    0,    0,    0,    0,    0,    0,    0,    0,    0,    0,    0,    0,    0,    0,    0,    0,    0,    0,    0,    0,    0,    0,    0,    0,    0,   -6,   -6,   -6,    0,    0,    0,    0,    0,    0,    0,    0,    0,    0,    0,    0,    0,    0,    0,    0,    0,    0,    0,   -6,    0,    0,  -12,  -12,    0,    0,    0,    0,    0,  -18,  -18,    0,    0,    0,  -24,  -24,    0,  -12,    0,    0,    0,  -12,    0,    0,  -12,  -12,  -12,    0,    0,    0,    0,    0,    0,    0,    0,  -12,    0,    0,  -18,    0,  -12,    0,    0,    0,    0,    0,    0,    0,
       0,    0,    0,    0,    0,    0,    0,    0,    0,    0,    0,    0,    0,    0,    0,    0,    0,    0,    0,    0,    0,    0,    0,    0,    0,    0,    0,    0,    0,    0,    0,    0,    0,    0,    0,    0,    0,    0,    0,    0,    0,    0,    0,    0,    0,    0,    0,    0,    0,    0,    0,    0,    0,    0,    0,    0,    0,    0,    0,    0,    0,    0,    0,    0,    0,    0,    0,    0,    0,    0,    0,    0,    0,    0,    0,    0,    0,    0,    0,    0,    0,    0,    0,    0,    0,    0,    0,    0,    0,    0,    0,    0,    0,    0,    0,    0,    0,    0,    0,    0,    0,    0,    0,    0,    0,    0,    0,    0,    0,    0,    0,    0,    0,    0,    0,    0,    0,    0,    0,    0,    0,    0,    0,    0,    0,    0,    0,    0,    0,    0,    0,    0,    0,    0,    0,    0,    0,    0,    0,    0,    0,    0,  -12,  -12,    0,    0,    0,    0,    0,    0,    0,    0,    0,    0,    0,    0,    0,    0,    0,    0,    0,    0,    0,    0,    0,    0,    0,    0,    0,    0,    0,    0,    0,    0,    0,  -18,    0,    0,    0,    0,    0,    0,    0,    0,    0,    0,  -30,  -24,
       0,    0,    0,    0,    0,    0,    0,    0,    0,    0,    0,    0,    0,    0,    0,    0,    0,    0,    0,    0,    0,    0,    0,    0,    0,    0,    0,    0,    0,    0,    0,    0,    0,    0,    0,    0,    0,    0,    0,    0,    0,    0,    0,    0,    0,    0,    0,    0,    0,    0,    0,    0,    0,    0,    0,    0,    0,    0,    0,    0,    0,    0,    0,    0,    0,    0,    0,    0,    0,    0,    0,    0,    0,    0,    0,    0,    0,    0,    0,    0,    0,    0,    0,    0,    0,    0,    0,    0,    0,    0,    0,    0,    0,    0,    0,    0,    0,    0,    0,    0,    0,    0,    0,    0,    0,    0,    0,    0,    0,    0,    0,    0,    0,    0,    0,    0,    0,    0,    0,    0,    0,    0,    0,    0,    0,    0,    0,    0,    0,    0,    0,    0,    0,    0,    0,    0,    0,    0,    0,    0,    0,    0,    0,    0,    0,    0,    0,    0,    0,    0,    0,    0,    0,    0,    0,    0,    0,    0,    0,    0,    0,    0,    0,    0,    0,    0,    0,    0,    0,    0,    0,    0,    0,    0,    0,    0,    0,    0,    0,    0,    0,    0,    0,    0,    0,    0,  -18,    0,
       0,    0,    0,    0,    0,    0,    0,    0,    0,    0,    0,    0,    0,    0,    0,    0,    0,    0,    0,    0,    0,    0,    0,    0,    0,    0,    0,    0,    0,    0,    0,    0,    0,    0,    0,    0,    0,    0,    0,    0,    0,    0,    0,    0,    0,    0,    0,    0,    0,    0,    0,    0,    0,    0,    0,    0,    0,    0,    0,    0,    0,    0,    0,    0,    0,    0,    0,    0,    0,    0,    0,    0,    0,    0,    0,    0,    0,    0,    0,    0,    0,    0,    0,    0,    0,    0,    0,    0,    0,    0,    0,    0,    0,    0,    0,    0,    0,    0,    0,    0,    0,    0,    0,    0,    0,    0,    0,    0,    0,    0,    0,    0,    0,    0,    0,    0,    0,    0,    0,    0,    0,    0,    0,    0,    0,    0,    0,    0,    0,    0,    0,    0,    0,    0,    0,    0,    0,    0,    0,    0,    0,    0,    0,    0,    0,    0,    0,    0,    0,  -18,    0,    0,    0,    0,    0,    0,    0,    0,    0,    0,    0,    0,    0,  -42,    0,    0,    0,    0,    0,    0,    0,    0,    0,    0,    0,    0,    0,    0,    0,    0,    0,    0,    0,    0,  -18,    0,  -18,  -18,
       0,    0,    0,    0,    0,    0,    0,    0,    0,    0,    0,    0,    0,    0,    0,    0,    0,    0,    0,    0,    0,    0,    0,    0,    0,    0,    0,    0,    0,    0,    0,    0,    0,    0,    0,    0,    0,    0,    0,    0,    0,    0,    0,    0,    0,    0,    0,    0,    0,    0,    0,    0,    0,    0,    0,    0,    0,    0,    0,    0,    0,    0,    0,    0,    0,    0,    0,    0,    0,    0,    0,    0,    0,    0,    0,    0,    0,    0,    0,    0,    0,    0,    0,    0,    0,    0,    0,    0,    0,    0,    0,    0,    0,    0,    0,    0,    0,    0,    0,    0,    0,    0,    0,    0,    0,    0,    0,    0,    0,    0,    0,    0,    0,    0,    0,    0,    0,    0,    0,    0,    0,    0,    0,    0,    0,    0,    0,    0,    0,    0,    0,    0,    0,    0,    0,    0,    0,    0,    0,    0,    0,    0,    0,    0,    0,    0,    0,    0,    0,    0,    0,    0,    0,    0,    0,    0,    0,    0,    0,    0,    0,    0,    0,  -24,    0,    0,    0,    0,    0,    0,    0,    0,    0,    0,    0,    0,    0,    0,    0,    0,    0,    0,    0,    0,    0,    0,  -42,  -30,
       0,    0,    0,    0,    0,    0,    0,    0,    0,    0,    0,    0,    0,    0,    0,    0,    0,    0,    0,    0,    0,    0,    0,    0,    0,    0,    0,    0,    0,    0,    0,    0,    0,    0,    0,    0,    0,    0,    0,    0,    0,    0,    0,    0,    0,    0,    0,    0,    0,    0,    0,    0,    0,    0,    0,    0,    0,    0,    0,    0,    0,    0,    0,    0,    0,    0,    0,    0,    0,    0,    0,    0,    0,    0,    0,    0,    0,    0,    0,    0,    0,  -12,    0,    0,    0,    0,    0,    0,    0,    0,    0,    0,    0,    0,    0,    0,    0,    0,    0,    0,    0,    0,    0,    0,    0,    0,    0,    0,    0,    0,    0,    0,    0,    0,    0,    0,    0,    0,    0,    0,    0,    0,    0,    0,    0,    0,    0,    0,    0,    0,    0,    0,    0,    0,    0,    0,    0,    0,   -6,    0,    0,    0,  -24,  -24,    0,    0,    0,    0,    0,  -18,  -12,    0,    0,    0,  -24,  -24,    0,    0,    0,    0,    0,    0,    0,  -36,  -30,  -30,  -30,    0,    0,    0,    0,    0,    0,    0,    0,  -48,  -24,    0,    0,    0,    0,    0,  -18,    0,    0,    0,  -54,  -30,
       0,    0,    0,    0,    0,    0,    0,    0,    0,    0,    0,    0,    0,    0,    0,    0,    0,    0,    0,    0,    0,    0,    0,    0,    0,    0,    0,    0,    0,    0,    0,    0,    0,    0,    0,    0,    0,    0,    0,    0,    0,    0,    0,    0,    0,    0,    0,    0,    0,    0,    0,    0,    0,    0,    0,    0,    0,    0,    0,    0,    0,    0,    0,    0,    0,    0,    0,    0,    0,    0,    0,    0,    0,    0,    0,    0,    0,    0,    0,    0,    0,    0,    0,    0,    0,    0,    0,    0,    0,    0,    0,    0,    0,    0,    0,    0,    0,    0,    0,    0,    0,    0,    0,    0,    0,    0,    0,    0,    0,    0,    0,    0,    0,    0,    0,    0,    0,    0,    0,    0,    0,    0,    0,    0,    0,    0,    0,    0,    0,    0,    0,    0,    0,    0,    0,    0,    0,    0,    0,    0,    0,    0,  -12,  -12,    0,    0,    0,    0,    0,    0,    0,    0,    0,    6,    0,    0,    0,    0,    0,    0,    0,    0,    0,  -12,    0,    0,    0,    0,    0,    0,    0,    0,    0,    0,    0,  -12,    0,    0,    0,    0,    0,    0,    0,    0,    0,    0,  -42,  -30,
       0,    0,    0,    0,    0,    0,    0,    0,    0,    0,    0,    0,    0,    0,    0,    0,    0,    0,    0,    0,    0,    0,    0,    0,    0,    0,    0,    0,    0,    0,    0,    0,    0,    0,    0,    0,    0,    0,    0,    0,    0,    0,    0,    0,    0,    0,    0,    0,    0,    0,    0,    0,    0,    0,    0,    0,    0,    0,    0,    0,    0,    0,    0,    0,    0,    0,    0,    0,    0,    0,    0,    0,    0,    0,    0,    0,    0,    0,    0,    0,    0,    0,    0,    0,    0,    0,    0,    0,    0,    0,    0,    0,    0,    0,    0,    0,    0,    0,    0,    0,    0,    0,    0,    0,    0,    0,    0,    0,    0,    0,    0,    0,    0,    0,    0,    0,    0,    0,    0,    0,    0,    0,    0,    0,    0,    0,    0,    0,    0,    0,    0,    0,    0,    0,    0,    0,  -12,    0,    0,    0,    0,    0,    0,    0,    0,    0,    0,    0,    0,    0,    0,    0,    0,    0,    0,    0,    0,  -12,  -12,    0,    0,    0,    0,  -36,  -24,  -24,  -24,    0,    0,    0,  -18,  -18,  -18,    0,  -18,  -42,  -18,    0,    0,    0,    0,    0,    0,  -12,  -18,    0,  -60,  -30,
       0,    0,    0,    0,    0,    0,    0,    0,    0,    0,    0,    0,    0,    0,    0,    0,    0,    0,    0,    0,    0,    0,    0,    0,    0,    0,    0,    0,    0,    0,    0,    0,    0,    0,    0,    0,    0,    0,    0,    0,    0,    0,    0,    0,    0,    0,    0,    0,    0,    0,    0,    0,    0,    0,    0,    0,    0,    0,    0,    0,    0,    0,    0,    0,    0,    0,    0,    0,    0,    0,    0,    0,    0,    0,    0,    0,    0,    0,    0,    0,    0,    0,    0,    0,    0,    0,    0,    0,    0,    0,    0,    0,    0,    0,    0,    0,    0,    0,    0,    0,    0,    0,    0,    0,    0,    0,    0,    0,    0,    0,    0,    0,    0,    0,    0,    0,    0,    0,    0,    0,    0,    0,    0,    0,    0,    0,    0,    0,    0,    0,    0,    0,    0,    0,    0,  -18,  -12,    0,  -12,    0,    0,    0,    0,    0,    0,    0,    0,    0,    0,    0,    0,    0,    0,    0,    0,    0,    0,    0,    0,    0,    0,    0,    0,  -18,  -12,  -12,  -12,    0,    0,    0,    0,    0,    0,    0,   -6,  -30,  -18,    0,    0,    0,    0,    0,    0,    0,    0,    0,  -42,  -30,
       0,    0,    0,    0,    0,    0,    0,    0,    0,    0,    0,    0,    0,    0,    0,    0,    0,    0,    0,    0,    0,    0,    0,    0,    0,    0,    0,    0,    0,    0,    0,    0,    0,    0,    0,    0,    0,    0,    0,    0,    0,    0,    0,    0,    0,    0,    0,    0,    0,    0,    0,    0,    0,    0,    0,    0,    0,    0,    0,    0,    0,    0,    0,    0,    0,    0,    0,    0,    0,    0,    0,    0,    0,    0,    0,    0,    0,    0,    0,    0,    0,    0,    0,    0,    0,    0,    0,    0,    0,    0,    0,    0,    0,    0,    0,    0,    0,    0,    0,    0,    0,    0,    0,    0,    0,    0,    0,    0,    0,    0,    0,    0,    0,    0,    0,    0,    0,    0,    0,    0,    0,    0,    0,    0,    0,    0,    0,    0,    0,    0,    0,    0,    0,    0,    0,    0,    0,  -24,    0,    0,    0,    0,    0,    0,    0,    0,    0,    0,    0,    0,    0,    0,    0,    0,    0,    0,    0,    0,    0,    0,    0,    0,    0,    0,    0,    0,    0,    0,    0,    0,    0,    0,    0,    0,    0,    0,    0,    0,    0,    0,    0,    0,    0,    0,    0,    0,    0,    0,
       0,    0,    0,    0,    0,    0,    0,    0,    0,    0,    0,    0,    0,    0,    0,    0,    0,    0,    0,    0,    0,    0,    0,    0,    0,    0,    0,    0,    0,    0,    0,    0,    0,    0,    0,    0,    0,    0,    0,    0,    0,    0,    0,    0,    0,    0,    0,    0,    0,    0,    0,    0,    0,    0,    0,    0,    0,    0,    0,    0,    0,    0,    0,    0,    0,    0,    0,    0,    0,    0,    0,    0,    0,    0,    0,    0,    0,    0,    0,    0,    0,    0,    0,    0,    0,    0,    0,    0,    0,    0,    0,    0,    0,    0,    0,    0,    0,    0,    0,    0,    0,    0,    0,    0,    0,    0,    0,    0,    0,    0,    0,    0,    0,    0,    0,    0,    0,    0,    0,    0,    0,    0,    0,    0,    0,    0,    0,    0,    0,    0,    0,    0,    0,    0,    0,    0,    0,    0,    0,    0,    0,    0,    0,    0,    0,    0,    0,    0,    0,   12,   12,    0,    0,    0,    0,    0,    0,    0,    0,    0,    0,    0,    0,    0,    0,    0,    0,    0,    0,    0,    0,    0,    0,    0,    0,    0,    0,    0,    0,    0,    0,    0,    0,    0,    0,    0,    0,    0,
       0,    0,    0,    0,    0,    0,    0,    0,    0,    0,    0,    0,    0,    0,    0,    0,    0,    0,    0,    0,    0,    0,    0,    0,    0,    0,    0,    0,    0,    0,    0,    0,    0,    0,    0,    0,    0,    0,    0,    0,    0,    0,    0,    0,    0,    0,    0,    0,    0,    0,    0,    0,    0,    0,    0,    0,    0,    0,    0,    0,    0,    0,    0,    0,    0,    0,    0,    0,    0,    0,    0,    0,    0,    0,    0,    0,    0,    0,    0,    0,    0,    0,    0,    0,    0,    0,    0,    0,    0,    0,    0,    0,    0,    0,    0,    0,    0,    0,    0,    0,    0,    0,    0,    0,    0,    0,    0,    0,    0,    0,    0,    0,    0,    0,    0,    0,    0,    0,    0,    0,    0,    0,    0,    0,    0,    0,    0,    0,    0,    0,    0,    0,    0,    0,    0,    0,    0,    0,    0,    0,    0,    0,    0,    0,    0,    0,    0,    0,    0,  -12,    0,    0,    0,    0,    0,    0,    0,    0,    0,    0,    0,    0,    0,  -12,  -24,  -24,  -24,    0,    0,    0,    0,    0,    0,    0,    0,  -12,    0,    0,    0,    0,    0,    0,    0,    0,    0,    0,  -42,  -30,
       0,    0,    0,    0,    0,    0,    0,    0,    0,    0,    0,    0,    0,    0,    0,    0,    0,    0,    0,    0,    0,    0,    0,    0,    0,    0,    0,    0,    0,    0,    0,    0,    0,    0,    0,    0,    0,    0,    0,    0,    0,    0,    0,    0,    0,    0,    0,    0,    0,    0,    0,    0,    0,    0,    0,    0,    0,    0,    0,    0,    0,    0,    0,    0,    0,    0,    0,    0,    0,    0,    0,    0,    0,    0,    0,    0,    0,    0,    0,    0,    0,    0,    0,    0,    0,    0,    0,    0,    0,    0,    0,    0,    0,    0,    0,    0,    0,    0,    0,    0,    0,    0,    0,    0,    0,    0,    0,    0,    0,    0,    0,    0,    0,    0,    0,    0,    0,    0,    0,    0,    0,    0,    0,    0,    0,    0,    0,    0,    0,    0,    0,    0,    0,    0,    0,    0,    0,    0,    0,    0,    0,    0,    0,    0,    0,    0,    0,    0,    0,   -6,    0,    0,    0,    0,    0,    0,    0,    0,    0,    0,    0,    0,    0,  -12,    0,    0,    0,    0,    0,    0,    0,    0,    0,    0,    0,  -12,    0,    0,    0,    0,    0,    0,    0,    0,    0,    0,  -36,  -24,
       0,    0,    0,    0,    0,    0,    0,    0,    0,    0,    0,    0,    0,    0,    0,    0,    0,    0,    0,    0,    0,    0,    0,    0,    0,    0,    0,    0,    0,    0,    0,    0,    0,    0,    0,    0,    0,    0,    0,    0,    0,    0,    0,    0,    0,    0,    0,    0,    0,    0,    0,    0,    0,    0,    0,    0,    0,    0,    0,    0,    0,    0,    0,    0,    0,    0,    0,    0,    0,    0,    0,    0,    0,    0,    0,    0,    0,    0,    0,    0,    0,    0,    0,    0,    0,    0,    0,    0,    0,    0,    0,    0,    0,    0,    0,    0,    0,    0,    0,    0,    0,    0,    0,    0,    0,    0,    0,    0,    0,    0,    0,    0,    0,    0,    0,    0,    0,    0,    0,    0,    0,    0,    0,    0,    0,    0,    0,    0,    0,    0,    0,    0,    0,    0,    0,    0,    0,    0,    0,    0,    0,    0,    0,    0,    0,    0,    0,    0,    0,    0,    0,    0,    0,    0,    0,    0,    0,    0,    0,    0,    0,    0,    0,    0,  -18,  -18,  -18,    0,    0,    0,    0,    0,    0,    0,    0,    0,    0,    0,    0,    0,    0,    0,    0,    0,    0,    0,  -18,  -12,
       0,    0,    0,    0,    0,    0,    0,    0,    0,    0,    0,    0,    0,    0,    0,    0,    0,    0,    0,    0,    0,    0,    0,    0,    0,    0,    0,    0,    0,    0,    0,    0,    0,    0,    0,    0,    0,    0,    0,    0,    0,    0,    0,    0,    0,    0,    0,    0,    0,    0,    0,    0,    0,    0,    0,    0,    0,    0,    0,    0,    0,    0,    0,    0,    0,    0,    0,    0,    0,    0,    0,    0,    0,    0,    0,    0,    0,    0,    0,    0,    0,    0,    0,    0,    0,    0,    0,    0,    0,    0,    0,    0,    0,    0,    0,    0,    0,    0,    0,    0,    0,    0,    0,    0,    0,    0,    0,    0,    0,    0,    0,    0,    0,    0,    0,    0,    0,    0,    0,    0,    0,    0,    0,    0,    0,    0,    0,    0,    0,    0,    0,    0,    0,    0,    0,    0,    0,    0,    0,    0,    0,    0,    0,    0,    0,    0,    0,    0,    0,    0,    0,    0,    0,    0,  -12,  -12,    0,    0,    0,    0,    0,    0,    0,  -12,  -36,  -36,  -36,    0,    0,    0,    0,    0,    0,    0,    0,    0,    0,  -30,    0,  -42,    0,    0,    0,    0,    0,    0,  -18,  -12,
       0,    0,    0,    0,    0,    0,    0,    0,    0,    0,    0,    0,    0,    0,    0,    0,    0,    0,    0,    0,    0,    0,    0,    0,    0,    0,    0,    0,    0,    0,    0,    0,    0,    0,    0,    0,    0,    0,    0,    0,    0,    0,    0,    0,    0,    0,    0,    0,    0,    0,    0,    0,    0,    0,    0,    0,    0,    0,    0,    0,    0,    0,    0,    0,    0,    0,    0,    0,    0,    0,    0,    0,    0,    0,    0,    0,    0,    0,    0,    0,    0,    0,    0,    0,    0,    0,    0,    0,    0,    0,    0,    0,    0,    0,    0,    0,    0,    0,    0,    0,    0,    0,    0,    0,    0,    0,    0,    0,    0,    0,    0,    0,    0,    0,    0,    0,    0,    0,    0,    0,    0,    0,    0,    0,    0,    0,    0,    0,    0,    0,    0,    0,    0,    0,    0,    0,    0,    0,    0,    0,    0,    0,    0,    0,    0,    0,    0,    0,    0,    0,    0,    0,    0,    0,    0,    0,    0,    0,    0,    0,    0,    0,    0,    0,    0,    0,    0,    0,    0,    0,  -42,  -42,  -42,  -18,    0,    0,    0,    0,    0,    0,    0,    0,    0,    0,    0,    0,    0,    0,
       0,    0,    0,    0,    0,    0,    0,    0,    0,    0,    0,    0,    0,    0,    0,    0,    0,    0,    0,    0,    0,    0,    0,    0,    0,    0,    0,    0,    0,    0,    0,    0,    0,    0,    0,    0,    0,    0,    0,    0,    0,    0,    0,    0,    0,    0,    0,    0,    0,    0,    0,    0,    0,    0,    0,    0,    0,    0,    0,    0,    0,    0,    0,    0,    0,    0,    0,    0,    0,    0,    0,    0,    0,    0,    0,    0,    0,    0,    0,    0,    0,    0,    0,    0,    0,    0,    0,    0,    0,    0,    0,    0,    0,    0,    0,    0,    0,    0,    0,    0,    0,    0,    0,    0,    0,    0,    0,    0,    0,    0,    0,    0,    0,    0,    0,    0,    0,    0,    0,    0,    0,    0,    0,    0,    0,    0,    0,    0,    0,    0,    0,    0,    0,    0,    0,    0,    0,    0,    0,    0,    0,    0,    0,    0,    0,    0,    0,    0,    0,    0,    0,    0,    0,    0,    0,    0,    0,    0,    0,    0,    0,    0,    0,    0,    0,    0,    0,    0,    0,    0,  -12,    0,    0,    0,    0,    0,  -12,    0,    0,    0,    0,    0,    0,    0,    0,    0,    0,    0,
       0,    0,    0,    0,    0,    0,    0,    0,    0,    0,    0,    0,    0,    0,    0,    0,    0,    0,    0,    0,    0,    0,    0,    0,    0,    0,    0,    0,    0,    0,    0,    0,    0,    0,    0,    0,    0,    0,    0,    0,    0,    0,    0,    0,    0,    0,    0,    0,    0,    0,    0,    0,    0,    0,    0,    0,    0,    0,    0,    0,    0,    0,    0,    0,    0,    0,    0,    0,    0,    0,    0,    0,    0,    0,    0,    0,    0,    0,    0,    0,    0,    0,    0,    0,    0,    0,    0,    0,    0,    0,    0,    0,    0,    0,    0,    0,    0,    0,    0,    0,    0,    0,    0,    0,    0,    0,    0,    0,    0,    0,    0,    0,    0,    0,    0,    0,    0,    0,    0,    0,    0,    0,    0,    0,    0,    0,    0,    0,    0,    0,    0,    0,    0,    0,    0,    0,    0,    0,    0,    0,    0,    0,    0,    0,    0,    0,    0,    0,    0,    0,    0,    0,    0,    0,    0,    0,    0,    0,    0,    0,    0,    0,    0,  -18,    0,    0,    0,    0,    0,    0,   -6,    0,    0,    0,    0,    0,    0,    0,    0,    0,    0,    0,    0,    0,    0,    0,    0,    0,
       0,    0,    0,    0,    0,    0,    0,    0,    0,    0,    0,    0,    0,    0,    0,    0,    0,    0,    0,    0,    0,    0,    0,    0,    0,    0,    0,    0,    0,    0,    0,    0,    0,    0,    0,    0,    0,    0,    0,    0,    0,    0,    0,    0,    0,    0,    0,    0,    0,    0,    0,    0,    0,    0,    0,    0,    0,    0,    0,    0,    0,    0,    0,    0,    0,    0,    0,    0,    0,    0,    0,    0,    0,    0,    0,    0,    0,    0,    0,    0,    0,    0,    0,    0,    0,    0,    0,    0,    0,    0,    0,    0,    0,    0,    0,    0,    0,    0,    0,    0,    0,    0,    0,    0,    0,    0,    0,    0,    0,    0,    0,    0,    0,    0,    0,    0,    0,    0,    0,    0,    0,    0,    0,    0,    0,    0,    0,    0,    0,    0,    0,    0,    0,    0,    0,    0,    0,    0,    0,    0,    0,    0,    0,    0,    0,    0,    0,    0,    0,    0,    0,    0,    0,    0,    0,    0,    0,    0,    0,    0,    0,    0,    0,  -18,    0,    0,    0,    0,    0,    0,    0,    0,    0,    0,    0,  -12,    0,    0,    0,    0,    0,    0,    0,    0,    0,    0,  -42,  -30,
       0,    0,    0,    0,    0,    0,    0,    0,    0,    0,    0,    0,    0,    0,    0,    0,    0,    0,    0,    0,    0,    0,    0,    0,    0,    0,    0,    0,    0,    0,    0,    0,    0,    0,    0,    0,    0,    0,    0,    0,    0,    0,    0,    0,    0,    0,    0,    0,    0,    0,    0,    0,    0,    0,    0,    0,    0,    0,    0,    0,    0,    0,    0,    0,    0,    0,    0,    0,    0,    0,    0,    0,    0,    0,    0,    0,    0,    0,    0,    0,    0,    0,    0,    0,    0,    0,    0,    0,    0,    0,    0,    0,    0,    0,    0,    0,    0,    0,    0,    0,    0,    0,    0,    0,    0,    0,    0,    0,    0,    0,    0,    0,    0,    0,    0,    0,    0,    0,    0,    0,    0,    0,    0,    0,    0,    0,    0,    0,    0,    0,    0,    0,    0,    0,    0,    0,    0,    0,    0,    0,    0,    0,    0,    0,    0,    0,    0,    0,    0,    0,    0,    0,    0,    0,    0,    0,    0,    0,    0,    0,    0,    0,    0,  -18,    0,    0,    0,    0,    0,    0,    0,    0,    0,    0,    0,    0,    0,    0,    0,    0,    0,    0,    0,    0,    0,    0,  -42,  -30,
       0,    0,    0,    0,    0,    0,    0,    0,    0,    0,    0,    0,    0,    0,    0,    0,    0,    0,    0,    0,    0,    0,    0,    0,    0,    0,    0,    0,    0,    0,    0,    0,    0,    0,    0,    0,    0,    0,    0,    0,    0,    0,    0,    0,    0,    0,    0,    0,    0,    0,    0,    0,    0,    0,    0,    0,    0,    0,    0,    0,    0,    0,    0,    0,    0,    0,    0,    0,    0,    0,    0,    0,    0,    0,    0,    0,    0,    0,    0,    0,    0,    0,    0,    0,    0,    0,    0,    0,    0,    0,    0,    0,    0,    0,    0,    0,    0,    0,    0,    0,    0,    0,    0,    0,    0,    0,    0,    0,    0,    0,    0,    0,    0,    0,    0,    0,    0,    0,    0,    0,    0,    0,    0,    0,    0,    0,    0,    0,    0,    0,    0,    0,    0,    0,    0,    0,    0,    0,    0,    0,    0,    0,    0,    0,    0,    0,    0,    0,    0,    0,    0,    0,    0,    0,    0,    0,    0,    0,    0,    0,    0,    0,    0,  -18,    0,    0,    0,    0,    0,    0,    0,    0,    0,    0,    0,    0,  -18,    0,    0,    0,    0,    0,    0,    0,    0,    0,  -30,  -18,
       0,    0,    0,    0,    0,    0,    0,    0,    0,    0,    0,    0,    0,    0,    0,    0,    0,    0,    0,    0,    0,    0,    0,    0,    0,    0,    0,    0,    0,    0,    0,    0,    0,    0,    0,    0,    0,    0,    0,    0,    0,    0,    0,    0,    0,    0,    0,    0,    0,    0,    0,    0,    0,    0,    0,    0,    0,    0,    0,    0,    0,    0,    0,    0,    0,    0,    0,    0,    0,    0,    0,    0,    0,    0,    0,    0,    0,    0,    0,    0,    0,    0,    0,    0,    0,    0,    0,    0,    0,    0,    0,    0,    0,    0,    0,    0,    0,    0,    0,    0,    0,    0,    0,    0,    0,    0,    0,    0,    0,    0,    0,    0,    0,    0,    0,    0,    0,    0,    0,    0,    0,    0,    0,    0,    0,    0,    0,    0,    0,    0,    0,    0,    0,    0,    0,    0,    0,    0,    0,    0,    0,    0,    0,    0,    0,    0,    0,    0,   12,    0,    0,    0,    0,    0,    0,    0,    0,    0,    0,    0,    0,    0,    0,  -18,    0,    0,    0,    0,    0,    0,    0,    0,    0,    0,    0,    0,  -18,    0,    0,    0,    0,    0,    0,    0,    0,    0,  -30,    0,
       0,    0,    0,    0,    0,    0,    0,    0,    0,    0,    0,    0,    0,    0,    0,    0,    0,    0,    0,    0,    0,    0,    0,    0,    0,    0,    0,    0,    0,    0,    0,    0,    0,    0,    0,    0,    0,    0,    0,    0,    0,    0,    0,    0,    0,    0,    0,    0,    0,    0,    0,    0,    0,    0,    0,    0,    0,    0,    0,    0,    0,    0,    0,    0,    0,    0,    0,    0,    0,    0,    0,    0,    0,    0,    0,    0,    0,    0,    0,    0,    0,    0,    0,    0,    0,    0,    0,    0,    0,    0,    0,    0,    0,    0,    0,    0,    0,    0,    0,    0,    0,    0,    0,    0,    0,    0,    0,    0,    0,    0,    0,    0,    0,    0,    0,    0,    0,    0,    0,    0,    0,    0,    0,    0,    0,    0,    0,    0,    0,    0,    0,    0,    0,    0,    0,    0,    0,    0,    0,    0,    0,    0,    0,    0,    0,    0,    0,    0,    0,    0,    0,    0,    0,    0,    0,    0,    0,    0,    0,    0,    0,    0,    0,  -18,    0,    0,    0,    0,    0,    0,    0,    0,    0,    0,    0,  -12,    0,   -6,    0,    0,    0,    0,    0,    0,    0,    0,  -18,  -18,
       0,    0,    0,    0,    0,    0,    0,    0,    0,    0,    0,    0,    0,    0,    0,    0,    0,    0,    0,    0,    0,    0,    0,    0,    0,    0,    0,    0,    0,    0,    0,    0,    0,    0,    0,    0,    0,    0,    0,    0,    0,    0,    0,    0,    0,    0,    0,    0,    0,    0,    0,    0,    0,    0,    0,    0,    0,    0,    0,    0,    0,    0,    0,    0,    0,    0,    0,    0,    0,    0,    0,    0,    0,    0,    0,    0,    0,    0,    0,    0,    0,    0,    0,    0,    0,    0,    0,    0,    0,    0,    0,    0,    0,    0,    0,    0,    0,    0,    0,    0,    0,    0,    0,    0,    0,    0,    0,    0,    0,    0,    0,    0,    0,    0,    0,    0,    0,    0,    0,    0,    0,    0,    0,    0,    0,    0,    0,    0,    0,    0,    0,    0,    0,    0,    0,    0,    0,    0,  -12,    0,    0,    0,    0,    0,    0,    0,    0,    0,    0,    0,    0,    0,    0,    0,    0,    0,    0,    0,    0,    0,    0,    0,    0,  -18,    0,    0,    0,    0,    0,    0,    0,    0,    0,    0,    0,    0,    0,    0,    0,    0,    0,    0,    0,    0,    0,    0,  -42,  -12,
       0,    0,    0,    0,    0,    0,    0,    0,    0,    0,    0,    0,    0,    0,    0,    0,    0,    0,    0,    0,    0,    0,    0,    0,    0,    0,    0,    0,    0,    0,    0,    0,    0,    0,    0,    0,    0,    0,    0,    0,    0,    0,    0,    0,    0,    0,    0,    0,    0,    0,    0,    0,    0,    0,    0,    0,    0,    0,    0,    0,    0,    0,    0,    0,    0,    0,    0,    0,    0,    0,    0,    0,    0,    0,    0,    0,    0,    0,    0,    0,    0,    0,    0,    0,    0,    0,    0,    0,    0,    0,    0,    0,    0,    0,    0,    0,    0,    0,    0,    0,    0,    0,    0,    0,    0,    0,    0,    0,    0,    0,    0,    0,    0,    0,    0,    0,    0,    0,    0,    0,    0,    0,    0,    0,    0,    0,    0,    0,    0,    0,    0,    0,    0,    0,    0,    0,    0,    0,    0,    0,    0,    0,    0,    0,    0,    0,    0,    0,    0,    0,    0,    0,    0,    0,    0,    0,    0,    0,    0,    0,    0,    0,    0,    0,    0,    0,    0,    0,    0,    0,    0,    0,    0,    0,    0,  -12,    0,    0,    0,    0,    0,    0,    0,    0,    0,    0,  -30,  -12,
       0,    0,    0,    0,    0,    0,    0,    0,    0,    0,    0,    0,    0,    0,    0,    0,    0,    0,    0,    0,    0,    0,    0,    0,    0,    0,    0,    0,    0,    0,    0,    0,    0,    0,    0,    0,    0,    0,    0,    0,    0,    0,    0,    0,    0,    0,    0,    0,    0,    0,    0,    0,    0,    0,    0,    0,    0,    0,    0,    0,    0,    0,    0,    0,    0,    0,    0,    0,    0,    0,    0,    0,    0,    0,    0,    0,    0,    0,    0,    0,    0,    0,    0,    0,    0,    0,    0,    0,    0,    0,    0,    0,    0,    0,    0,    0,    0,    0,    0,    0,    0,    0,    0,    0,    0,    0,    0,    0,    0,    0,    0,    0,    0,    0,    0,    0,    0,    0,    0,    0,    0,    0,    0,    0,    0,    0,    0,    0,    0,    0,    0,    0,    0,    0,    0,    0,    0,    0,    0,    0,    0,    0,    0,    0,    0,    0,    0,    0,    0,    0,    0,    0,    0,    0,    0,    0,    0,    0,    0,    0,    0,    0,    0,  -18,    0,    0,    0,    0,    0,    0,    0,    0,    0,    0,    0,  -12,    0,    0,    0,    0,    0,    0,    0,    0,    0,    0,  -24,  -12,
       0,    0,    0,    0,    0,    0,    0,    0,    0,    0,    0,    0,    0,    0,    0,    0,    0,    0,    0,    0,    0,    0,    0,    0,    0,    0,    0,    0,    0,    0,    0,    0,    0,    0,    0,    0,    0,    0,    0,    0,    0,    0,    0,    0,    0,    0,    0,    0,    0,    0,    0,    0,    0,    0,    0,    0,    0,    0,    0,    0,    0,    0,    0,    0,    0,    0,    0,    0,    0,    0,    0,    0,    0,    0,    0,    0,    0,    0,    0,    0,    0,    0,    0,    0,    0,    0,    0,    0,    0,    0,    0,    0,    0,    0,    0,    0,    0,    0,    0,    0,    0,    0,    0,    0,    0,    0,    0,    0,    0,    0,    0,    0,    0,    0,    0,    0,    0,    0,    0,    0,    0,    0,    0,    0,    0,    0,    0,    0,    0,    0,    0,    0,    0,    0,    0,  -36,    0,    0,    0,    0,    0,    0,    0,    0,    0,    0,    0,    0,    0,    0,    0,    0,    0,    0,    0,    0,    0,    0,    0,    0,    0,    0,    0,  -18,  -12,    0,    0,    0,    0,    0,    0,    0,    0,    0,    0,  -18,    0,    0,    0,    0,    0,    0,    0,    0,    0,    0,  -24,  -12,
       0,    0,    0,    0,    0,    0,    0,    0,    0,    0,    0,    0,    0,    0,    0,    0,    0,    0,    0,    0,    0,    0,    0,    0,    0,    0,    0,    0,    0,    0,    0,    0,    0,    0,    0,    0,    0,    0,    0,    0,    0,    0,    0,    0,    0,    0,    0,    0,    0,    0,    0,    0,    0,    0,    0,    0,    0,    0,    0,    0,    0,    0,    0,    0,    0,    0,    0,    0,    0,    0,    0,    0,    0,    0,    0,    0,    0,    0,    0,    0,    0,    0,    0,    0,    0,    0,    0,    0,    0,    0,    0,    0,    0,    0,    0,    0,    0,    0,    0,    0,    0,    0,    0,    0,    0,    0,    0,    0,    0,    0,    0,    0,    0,    0,    0,    0,    0,    0,    0,    0,    0,    0,    0,    0,    0,    0,    0,    0,    0,    0,    0,    0,    0,    0,    0,  -42,    0,    0,    0,    0,    0,    0,    0,    0,    0,    0,    0,    0,    0,    0,    0,    0,    0,    0,    0,    0,    0,    0,    0,    0,    0,    0,    0,    0,    0,    0,    0,    0,    0,    0,    0,    0,    0,    0,    0,  -12,    0,    0,    0,    0,    0,    0,    0,    0,    0,    0,  -30,  -24,
       0,    0,    0,    0,    0,    0,    0,    0,    0,    0,    0,    0,    0,    0,    0,    0,    0,    0,    0,    0,    0,    0,    0,    0,    0,    0,    0,    0,    0,    0,    0,    0,    0,    0,    0,    0,    0,    0,    0,    0,    0,    0,    0,    0,    0,    0,    0,    0,    0,    0,    0,    0,    0,    0,    0,    0,    0,    0,    0,    0,    0,    0,    0,    0,    0,    0,    0,    0,    0,    0,    0,    0,    0,    0,    0,    0,    0,    0,    0,    0,    0,    0,    0,    0,    0,    0,    0,    0,    0,    0,    0,    0,    0,    0,    0,    0,    0,    0,    0,    0,    0,    0,    0,    0,    0,    0,    0,    0,    0,    0,    0,    0,    0,    0,    0,    0,    0,    0,    0,    0,    0,    0,    0,    0,    0,    0,    0,    0,    0,    0,    0,    0,    0,    0,    0,    0,    0,    0,    0,    0,    0,    0,    0,    0,    0,    0,    0,    0,    0,    0,    0,    0,    0,    0,    0,    0,    0,    0,    0,    0,    0,    0,    0,  -12,    0,    0,    0,    0,    0,    0,    0,    0,    0,    0,    0,    0,    0,    0,    0,    0,    0,    0,    0,    0,    0,    0,  -12,    0,
       0,    0,    0,    0,    0,    0,    0,    0,    0,    0,    0,    0,    0,    0,    0,    0,    0,    0,    0,    0,    0,    0,    0,    0,    0,    0,    0,    0,    0,    0,    0,    0,    0,    0,    0,    0,    0,    0,    0,    0,    0,    0,    0,    0,    0,    0,    0,    0,    0,    0,    0,    0,    0,    0,    0,    0,    0,    0,    0,    0,    0,    0,    0,    0,    0,    0,    0,    0,    0,    0,    0,    0,    0,    0,    0,    0,    0,    0,    0,    0,    0,    0,    0,    0,    0,    0,    0,    0,    0,    0,    0,    0,    0,    0,    0,    0,    0,    0,    0,    0,    0,    0,    0,    0,    0,    0,    0,    0,    0,    0,    0,    0,    0,    0,    0,    0,    0,    0,    0,    0,    0,    0,    0,    0,    0,    0,    0,    0,    0,    0,    0,    0,    0,    0,    0,    0,    0,    0,    0,    0,    0,    0,    0,    0,    0,    0,    0,    0,    0,    0,    0,    0,    0,    0,    0,    0,    0,    0,    0,    0,    0,    0,    0,  -30,    0,    0,    0,    0,    0,    0,    0,    0,    0,    0,    0,  -18,    0,    0,    0,    0,    0,    0,    0,    0,    0,    0,  -48,  -48,
       0,    0,    0,    0,    0,    0,    0,    0,    0,    0,    0,    0,    0,    0,    0,    0,    0,    0,    0,    0,    0,    0,    0,    0,    0,    0,    0,    0,    0,    0,    0,    0,    0,    0,    0,    0,    0,    0,    0,    0,    0,    0,    0,    0,    0,    0,    0,    0,    0,    0,    0,    0,    0,    0,    0,    0,    0,    0,    0,    0,    0,    0,    0,    0,    0,    0,    0,    0,    0,    0,    0,    0,    0,    0,    0,    0,    0,    0,    0,    0,    0,    0,    0,    0,    0,    0,    0,    0,    0,    0,    0,    0,    0,    0,    0,    0,    0,    0,    0,    0,    0,    0,    0,    0,    0,    0,    0,    0,    0,    0,    0,    0,    0,    0,    0,    0,    0,    0,    0,    0,    0,    0,    0,    0,    0,    0,    0,    0,    0,    0,    0,    0,    0,    0,    0,    0,    0,    0,    0,    0,    0,    0,    0,    0,    0,    0,    0,    0,    0,    0,    0,    0,    0,    0,    0,    0,    0,    0,    0,    0,    0,    0,    0,  -12,    0,    0,    0,    0,    0,    0,    0,    0,    0,    0,    0,    0,    0,    0,    0,    0,    0,    0,    0,    0,    0,    0,    0,    0,
       0,    0,    0,    0,    0,    0,    0,    0,    0,    0,    0,    0,    0,    0,    0,    0,    0,    0,    0,    0,    0,    0,    0,    0,    0,    0,    0,    0,    0,    0,    0,    0,    0,    0,    0,    0,    0,    0,    0,    0,    0,    0,    0,    0,    0,    0,    0,    0,    0,    0,    0,    0,    0,    0,    0,    0,    0,    0,    0,    0,    0,    0,    0,    0,    0,    0,    0,    0,    0,    0,    0,    0,    0,    0,    0,    0,    0,    0,    0,    0,    0,    0,    0,    0,    0,    0,    0,    0,    0,    0,    0,    0,    0,    0,    0,    0,    0,    0,    0,    0,    0,    0,    0,    0,    0,    0,    0,    0,    0,    0,    0,    0,    0,    0,    0,    0,    0,    0,    0,    0,    0,    0,    0,    0,    0,    0,    0,    0,    0,    0,    0,    0,    0,    0,    0,    0,    0,    0,    0,    0,    0,    0,    0,    0,    0,  -12,    0,    0,    0,    0,    0,    0,    0,    0,    0,    0,    0,    0,    0,    0,    0,    0,    0,    0,    0,    0,    0,    0,    0,    0,    0,    0,    0,    0,    0,    0,    0,    0,    0,    0,    0,    0,    0,    0,    0,    0,    0,    0,
       0,    0,    0,    0,    0,    0,    0,    0,    0,    0,    0,    0,    0,    0,    0,    0,    0,    0,    0,    0,    0,    0,    0,    0,    0,    0,    0,    0,    0,    0,    0,    0,    0,    0,    0,    0,    0,    0,    0,    0,    0,    0,    0,    0,    0,    0,    0,    0,    0,    0,    0,    0,    0,    0,    0,    0,    0,    0,    0,    0,    0,    0,    0,    0,    0,    0,    0,    0,    0,    0,    0,    0,    0,    0,    0,    0,    0,    0,    0,    0,    0,    0,    0,    0,    0,    0,    0,    0,    0,    0,    0,    0,    0,    0,    0,    0,    0,    0,    0,    0,    0,    0,    0,    0,    0,    0,    0,    0,    0,    0,    0,    0,    0,    0,    0,    0,    0,    0,    0,    0,    0,    0,    0,    0,    0,    0,    0,    0,    0,    0,    0,    0,    0,  -12,    0,  -24,    0,    0,  -12,    0,  -18,    0,    0,    0,    0,    0,    0,    0,    0,    0,    0,    0,    0,    0,  -12,    0,    0,    0,    0,    0,    0,    0,    0,    0,    0,    0,    0,    0,    0,    0,    0,    0,    0,    0,    0,    0,    0,    0,    0,  -12,    0,    0,    0,    0,    0,    0,    0,    0,
       0,    0,    0,    0,    0,    0,    0,    0,    0,    0,    0,    0,    0,    0,    0,    0,    0,    0,    0,    0,    0,    0,    0,    0,    0,    0,    0,    0,    0,    0,    0,    0,    0,    0,    0,    0,    0,    0,    0,    0,    0,    0,    0,    0,    0,    0,    0,    0,    0,    0,    0,    0,    0,    0,    0,    0,    0,    0,    0,    0,    0,    0,    0,    0,    0,    0,    0,    0,    0,    0,    0,    0,    0,    0,    0,    0,    0,    0,    0,    0,    0,    0,    0,    0,    0,    0,    0,    0,    0,    0,    0,    0,    0,    0,    0,    0,    0,    0,    0,    0,    0,    0,    0,    0,    0,    0,    0,    0,    0,    0,    0,    0,    0,    0,    0,    0,    0,    0,    0,    0,    0,    0,    0,    0,    0,    0,    0,    0,    0,    0,    0,    0,    0,    0,    0,    0,  -12,    0,    0,    0,    0,    0,    0,    0,    0,    0,    0,    0,    0,    0,    0,    0,    0,    0,    0,    0,    0,    0,    0,   18,    0,    0,    0,    0,    0,    0,    0,    0,    0,    0,    0,    0,    0,    0,    0,    0,    0,    0,    0,    0,    0,    0,    0,    0,    0,    0,    0,    0,
       0,    0,    0,    0,    0,    0,    0,    0,    0,    0,    0,    0,    0,    0,    0,    0,    0,    0,    0,    0,    0,    0,    0,    0,    0,    0,    0,    0,    0,    0,    0,    0,    0,    0,    0,    0,    0,    0,    0,    0,    0,    0,    0,    0,    0,    0,    0,    0,    0,    0,    0,    0,    0,    0,    0,    0,    0,    0,    0,    0,    0,    0,    0,    0,    0,    0,    0,    0,    0,    0,    0,    0,    0,    0,    0,    0,    0,    0,    0,    0,    0,    0,    0,    0,    0,    0,    0,    0,    0,    0,    0,    0,    0,    0,    0,    0,    0,    0,    0,    0,    0,    0,    0,    0,    0,    0,    0,    0,    0,    0,    0,    0,    0,    0,    0,    0,    0,    0,    0,    0,    0,    0,    0,    0,    0,    0,    0,    0,    0,    0,    0,    0,    0,    0,    0,    0,    0,    0,    0,    0,    0,    0,    0,    0,    0,    0,    0,    0,    0,    0,    0,    0,    0,    0,    0,    0,    0,    0,    0,   18,   18,    0,    0,    0,    0,    0,    0,    0,    0,    0,    0,    0,    0,    0,    0,    0,    0,    0,    0,    0,    0,    0,    0,    0,   30,    0,    6,    6,
       0,    0,    0,    0,    0,    0,    0,    0,    0,    0,    0,    0,    0,    0,    0,    0,    0,    0,    0,    0,    0,    0,    0,    0,    0,    0,    0,    0,    0,    0,    0,    0,    0,    0,    0,    0,    0,    0,    0,    0,    0,    0,    0,    0,    0,    0,    0,    0,    0,    0,    0,    0,    0,    0,    0,    0,    0,    0,    0,    0,    0,    0,    0,    0,    0,    0,    0,    0,    0,    0,    0,    0,    0,    0,    0,    0,    0,    0,    0,    0,    0,    0,    0,    0,    0,    0,    0,    0,    0,    0,    0,    0,    0,    0,    0,    0,    0,    0,    0,    0,    0,    0,    0,    0,    0,    0,    0,    0,    0,    0,    0,    0,    0,    0,    0,    0,    0,    0,    0,    0,    0,    0,    0,    0,    0,    0,    0,    0,    0,    0,    0,    0,    0,    0,    0,    0,    0,    0,    0,    0,    0,    0,    0,    0,    0,    0,    0,    0,    0,    0,    0,    0,    0,    0,    0,    0,    0,    0,    0,   18,   18,    0,    0,    0,    0,    0,    0,    0,    0,    0,    0,    0,    0,    0,    0,    0,    0,    0,    0,    0,    0,    0,    0,    0,   30,    0,    0,    0,
       0,    0,    0,    0,    0,    0,    0,    0,    0,    0,    0,    0,    0,    0,    0,    0,    0,    0,    0,    0,    0,    0,    0,    0,    0,    0,    0,    0,    0,    0,    0,    0,    0,    0,    0,    0,    0,    0,    0,    0,    0,    0,    0,    0,    0,    0,    0,    0,    0,    0,    0,    0,    0,    0,    0,    0,    0,    0,    0,    0,    0,    0,    0,    0,    0,    0,    0,    0,    0,    0,    0,    0,    0,    0,    0,    0,    0,    0,    0,    0,    0,    0,    0,    0,    0,    0,    0,    0,    0,    0,    0,    0,    0,    0,    0,    0,    0,    0,    0,    0,    0,    0,    0,    0,    0,    0,    0,    0,    0,    0,    0,    0,    0,    0,    0,    0,    0,    0,    0,    0,    0,    0,    0,    0,    0,    0,    0,    0,    0,    0,    0,    0,    0,    0,    0,  -12,    0,    0,    0,    0,    0,    0,    0,    0,    0,    0,    0,    0,    0,    0,    0,    0,    0,    0,    0,    0,    0,    0,    0,    0,    0,    0,    0,    0,    0,    0,    0,    0,    0,    0,    0,    0,    0,    0,    0,    0,    0,    0,    0,    0,    0,    0,    0,    0,    0,    0,    0,    0,
       0,    0,    0,    0,    0,    0,    0,    0,    0,    0,    0,    0,    0,    0,    0,    0,    0,    0,    0,    0,    0,    0,    0,    0,    0,    0,    0,    0,    0,    0,    0,    0,    0,    0,    0,    0,    0,    0,    0,    0,    0,    0,    0,    0,    0,    0,    0,    0,    0,    0,    0,    0,    0,    0,    0,    0,    0,    0,    0,    0,    0,    0,    0,    0,    0,    0,    0,    0,    0,    0,    0,    0,    0,    0,    0,    0,    0,    0,    0,    0,    0,    0,    0,    0,    0,    0,    0,    0,    0,    0,    0,    0,    0,    0,    0,    0,    0,    0,    0,    0,    0,    0,    0,    0,    0,    0,    0,    0,    0,    0,    0,    0,    0,    0,    0,    0,    0,    0,    0,    0,    0,    0,    0,    0,    0,    0,    0,    0,    0,    0,    0,    0,    0,    0,    0,  -12,    0,    0,    0,    0,    0,    0,    0,    0,   -6,    0,    0,    0,    0,    0,    0,    0,    0,    0,    0,    0,    0,    0,    0,    0,    0,    0,    0,    0,    0,    0,    0,    0,    0,    0,    0,    0,    0,    0,    0,  -18,    0,    0,    0,    0,    0,    0,    0,    0,   12,    0,  -12,  -12,
       0,    0,    0,    0,    0,    0,    0,    0,    0,    0,    0,    0,    0,    0,    0,    0,    0,    0,    0,    0,    0,    0,    0,    0,    0,    0,    0,    0,    0,    0,    0,    0,    0,    0,    0,    0,    0,    0,    0,    0,    0,    0,    0,    0,    0,    0,    0,    0,    0,    0,    0,    0,    0,    0,    0,    0,    0,    0,    0,    0,    0,    0,    0,    0,    0,    0,    0,    0,    0,    0,    0,    0,    0,    0,    0,    0,    0,    0,    0,    0,    0,    0,    0,    0,    0,    0,    0,    0,    0,    0,    0,    0,    0,    0,    0,    0,    0,    0,    0,    0,    0,    0,    0,    0,    0,    0,    0,    0,    0,    0,    0,    0,    0,    0,    0,    0,    0,    0,    0,    0,    0,    0,    0,    0,    0,    0,    0,    0,    0,    0,    0,    0,    0,    0,    0,  -18,    0,    0,    0,    0,    0,    0,    0,    0,    0,    0,    0,    0,    0,    0,    0,    0,    0,    0,    0,    0,    0,    0,    0,    0,    0,    0,    0,    0,    0,    0,    0,    0,    0,    0,    0,    0,    0,    0,    0,    0,    0,    0,    0,    0,    0,    0,    0,    0,    0,    0,  -30,  -12,
       0,    0,    0,    0,    0,    0,    0,    0,    0,    0,    0,    0,    0,    0,    0,    0,    0,    0,    0,    0,    0,    0,    0,    0,    0,    0,    0,    0,    0,    0,    0,    0,    0,    0,    0,    0,    0,    0,    0,    0,    0,    0,    0,    0,    0,    0,    0,    0,    0,    0,    0,    0,    0,    0,    0,    0,    0,    0,    0,    0,    0,    0,    0,    0,    0,    0,    0,    0,    0,    0,    0,    0,    0,    0,    0,    0,    0,    0,    0,    0,    0,    0,    0,    0,    0,    0,    0,    0,    0,    0,    0,    0,    0,    0,    0,    0,    0,    0,    0,    0,    0,    0,    0,    0,    0,    0,    0,    0,    0,    0,    0,    0,    0,    0,    0,    0,    0,    0,    0,    0,    0,    0,    0,    0,    0,    0,    0,    0,    0,    0,    0,    0,    0,    0,    0,  -18,    0,    0,    0,    0,    0,    0,    0,    0,    0,    0,    0,    0,    0,    0,    0,    0,    0,    0,    0,    0,    0,    0,    0,    0,    0,    0,    0,    0,    0,    0,    0,    0,    0,    0,    0,    0,    0,    0,    0,    0,    0,    0,    0,  -12,    0,    0,    0,    0,    0,    0,  -30,  -12,
       0,    0,    0,    0,    0,    0,    0,    0,    0,    0,    0,    0,    0,    0,    0,    0,    0,    0,    0,    0,    0,    0,    0,    0,    0,    0,    0,    0,    0,    0,    0,    0,    0,    0,    0,    0,    0,    0,    0,    0,    0,    0,    0,    0,    0,    0,    0,    0,    0,    0,    0,    0,    0,    0,    0,    0,    0,    0,    0,    0,    0,    0,    0,    0,    0,    0,    0,    0,    0,    0,    0,    0,    0,    0,    0,    0,    0,    0,    0,    0,    0,    0,    0,    0,    0,    0,    0,    0,    0,    0,    0,    0,    0,    0,    0,    0,    0,    0,    0,    0,    0,    0,    0,    0,    0,    0,    0,    0,    0,    0,    0,    0,    0,    0,    0,    0,    0,    0,    0,    0,    0,    0,    0,    0,    0,    0,    0,    0,    0,    0,    0,    0,    0,    0,    0,    0,    0,    0,    0,    0,    0,    0,    0,    0,    0,    0,    0,    0,    0,    0,    0,    0,    0,    0,    0,    0,    0,    0,    0,    0,    0,    0,    0,  -18,    0,    0,    0,    0,    0,    0,    0,    0,    0,    0,    0,    0,    0,    0,    0,    0,    0,    0,    0,    0,    0,    0,  -30,  -18,
       0,    0,    0,    0,    0,    0,    0,    0,    0,    0,    0,    0,    0,    0,    0,    0,    0,    0,    0,    0,    0,    0,    0,    0,    0,    0,    0,    0,    0,    0,    0,    0,    0,    0,    0,    0,    0,    0,    0,    0,    0,    0,    0,    0,    0,    0,    0,    0,    0,    0,    0,    0,    0,    0,    0,    0,    0,    0,    0,    0,    0,    0,    0,    0,    0,    0,    0,    0,    0,    0,    0,    0,    0,    0,    0,    0,    0,    0,    0,    0,    0,    0,    0,    0,    0,    0,    0,    0,    0,    0,    0,    0,    0,    0,    0,    0,    0,    0,    0,    0,    0,    0,    0,    0,    0,    0,    0,    0,    0,    0,    0,    0,    0,    0,    0,    0,    0,    0,    0,    0,    0,    0,    0,    0,    0,    0,    0,    0,    0,    0,    0,    0,    0,    0,    0,    0,    0,    0,    0,    0,    0,    0,    0,    0,    0,    0,    0,    0,    0,    0,    0,    0,    0,    0,    0,    0,    0,    0,    0,    0,    0,    0,    0,    0,    0,    0,    0,  -36,  -36,  -36,    0,    0,    0,    0,    0,    0,    0,    0,    0,    0,    0,  -30,    0,    0,    0,    0,    0,    0,
       0,    0,    0,    0,    0,    0,    0,    0,    0,    0,    0,    0,    0,    0,    0,    0,    0,    0,    0,    0,    0,    0,    0,    0,    0,    0,    0,    0,    0,    0,    0,    0,    0,    0,    0,    0,    0,    0,    0,    0,    0,    0,    0,    0,    0,    0,    0,    0,    0,    0,    0,    0,    0,    0,    0,    0,    0,    0,    0,    0,    0,    0,    0,    0,    0,    0,    0,    0,    0,    0,    0,    0,    0,    0,    0,    0,    0,    0,    0,    0,    0,    0,    0,    0,    0,    0,    0,    0,    0,    0,    0,    0,    0,    0,    0,    0,    0,    0,    0,    0,    0,    0,    0,    0,    0,    0,    0,    0,    0,    0,    0,    0,    0,    0,    0,    0,    0,    0,    0,    0,    0,    0,    0,    0,    0,    0,    0,    0,    0,    0,    0,    0,    0,    0,    0,    0,  -12,    0,    0,    0,    0,    0,    0,    0,    0,    0,    0,    0,    0,    0,    0,    0,    0,    0,    0,    0,    0,    0,    0,    0,    0,    0,    0,  -48,  -12,  -12,  -12,    0,    0,    0,    0,    0,    0,    0,    0,  -18,  -12,    0,    0,    0,    0,    0,    0,    0,    0,    0,  -42,  -30,
       0,    0,    0,    0,    0,    0,    0,    0,    0,    0,    0,    0,    0,    0,    0,    0,    0,    0,    0,    0,    0,    0,    0,    0,    0,    0,    0,    0,    0,    0,    0,    0,    0,    0,    0,    0,    0,    0,    0,    0,    0,    0,    0,    0,    0,    0,    0,    0,    0,    0,    0,    0,    0,    0,    0,    0,    0,    0,    0,    0,    0,    0,    0,    0,    0,    0,    0,    0,    0,    0,    0,    0,    0,    0,    0,    0,    0,    0,    0,    0,    0,    0,    0,    0,    0,    0,    0,    0,    0,    0,    0,    0,    0,    0,    0,    0,    0,    0,    0,    0,    0,    0,    0,    0,    0,    0,    0,    0,    0,    0,    0,    0,    0,    0,    0,    0,    0,    0,    0,    0,    0,    0,    0,    0,    0,    0,    0,    0,    0,    0,    0,    0,    0,    0,  -12,    0,    0,    0,    0,    0,    0,    0,    0,    0,    0,    0,    0,    0,    0,    0,    0,    0,    0,    0,    0,    0,    0,    0,    0,    0,    0,    0,    0,    0,    0,    0,    0,    0,    0,    0,    0,    0,    0,    0,    0,    0,    0,    0,    0,    0,    0,    0,    0,  -12,    0,    0,    0,    0,
       0,    0,    0,    0,    0,    0,    0,    0,    0,    0,    0,    0,    0,    0,    0,    0,    0,    0,    0,    0,    0,    0,    0,    0,    0,    0,    0,    0,    0,    0,    0,    0,    0,    0,    0,    0,    0,    0,    0,    0,    0,    0,    0,    0,    0,    0,    0,    0,    0,    0,    0,    0,    0,    0,    0,    0,    0,    0,    0,    0,    0,    0,    0,    0,    0,    0,    0,    0,    0,    0,    0,    0,    0,    0,    0,    0,    0,    0,    0,    0,    0,    0,    0,    0,    0,    0,    0,    0,    0,    0,    0,    0,    0,    0,    0,    0,    0,    0,    0,    0,    0,    0,    0,    0,    0,    0,    0,    0,    0,    0,    0,    0,    0,    0,    0,    0,    0,  -12,  -12,  -12,    0,    0,    0,    0,    0,    0,    0,    0,    0,    0,    0,    0,    0,    0,    0,    0,    0,    0,    0,    0,    0,    0,    0,    0,    0,    0,    0,    0,    0,    0,    0,    0,    0,    0,    0,    0,    0,    0,    0,    0,    0,    0,    0,    0,    0,    0,    0,    0,    0,    0,    0,    0,    0,    0,    0,    0,    0,    0,    0,    0,    0,    0,    0,    0,    0,    0,    0,    0,
       0,    0,    0,    0,    0,    0,    0,    0,    0,    0,    0,    0,    0,    0,    0,    0,    0,    0,    0,    0,    0,    0,    0,    0,    0,    0,    0,    0,    0,    0,    0,    0,    0,    0,    0,    0,    0,    0,    0,    0,    0,    0,    0,    0,    0,    0,    0,    0,    0,    0,    0,    0,    0,    0,    0,    0,    0,    0,    0,    0,    0,    0,    0,    0,    0,    0,    0,    0,    0,    0,    0,    0,    0,    0,    0,    0,    0,    0,    0,    0,    0,    0,    0,    0,    0,    0,    0,    0,    0,    0,    0,    0,    0,    0,    0,    0,    0,    0,    0,    0,    0,    0,    0,    0,    0,    0,    0,    0,    0,    0,    0,    0,    0,    0,    0,    0,    0,    0,    0,    0,    0,    0,    0,    0,    0,    0,    0,    0,    0,    0,    0,    0,    0,    0,    0,    0,    0,    0,    0,    0,    0,    0,    0,    0,    0,    0,    0,    0,  -12,  -12,  -12,    0,    0,    0,    0,    0,    0,    0,    0,    0,    0,    0,    0,  -12,   -6,   -6,   -6,    0,    0,    0,    0,    0,    0,    0,    0,  -18,  -18,    0,    0,    0,    0,    0,    0,    0,    0,    0,  -30,  -12,
       0,    0,    0,    0,    0,    0,    0,    0,    0,    0,    0,    0,    0,    0,    0,    0,    0,    0,    0,    0,    0,    0,    0,    0,    0,    0,    0,    0,    0,    0,    0,    0,    0,    0,    0,    0,    0,    0,    0,    0,    0,    0,    0,    0,    0,    0,    0,    0,    0,    0,    0,    0,    0,    0,    0,    0,    0,    0,    0,    0,    0,    0,    0,    0,    0,    0,    0,    0,    0,    0,    0,    0,    0,    0,    0,    0,    0,    0,    0,    0,    0,    0,    0,    0,    0,    0,    0,    0,    0,    0,    0,    0,    0,    0,    0,    0,    0,    0,    0,    0,    0,    0,    0,    0,    0,    0,    0,    0,    0,    0,    0,    0,    0,    0,    0,    0,    0,    0,    0,    0,    0,    0,    0,    0,    0,    0,    0,    0,    0,    0,    0,    0,    0,    0,    0,    0,    0,    0,    0,    0,    0,    0,    0,    0,    0,    0,    0,    0,    0,    0,    0,    0,    0,    0,    0,    0,    0,    0,    0,    0,    0,    0,    0,    0,    0,    0,    0,    0,    0,    0,    0,    0,    0,    0,    0,    0,    0,    0,    0,    0,    0,    0,    0,    0,    0,    0,  -18,  -24,
       0,    0,    0,    0,    0,    0,    0,    0,    0,    0,    0,    0,    0,    0,    0,    0,    0,    0,    0,    0,    0,    0,    0,    0,    0,    0,    0,    0,    0,    0,    0,    0,    0,    0,    0,    0,    0,    0,    0,    0,    0,    0,    0,    0,    0,    0,    0,    0,    0,    0,    0,    0,    0,    0,    0,    0,    0,    0,    0,    0,    0,    0,    0,    0,    0,    0,    0,    0,    0,    0,    0,    0,    0,    0,    0,    0,    0,    0,    0,    0,    0,    0,    0,    0,    0,    0,    0,    0,    0,    0,    0,    0,    0,    0,    0,    0,    0,    0,    0,    0,    0,    0,    0,    0,    0,    0,    0,    0,    0,    0,    0,    0,    0,    0,    0,    0,    0,    0,    0,    0,    0,    0,    0,    0,    0,    0,    0,    0,    0,    0,    0,    0,    0,    0,    0,    0,    0,    0,    0,    0,    0,  -18,    0,    0,    0,  -12,    0,    0,    0,    0,    0,    0,    0,    0,    0,    0,    0,    0,    0,    0,    0,    0,    0,    0,    0,    0,    0,    0,    0,    0,    0,    0,    0,    0,    0,  -12,    0,    0,    0,    0,    0,    0,    0,    0,  -12,    0,    0,    0,
       0,    0,    0,    0,    0,    0,    0,    0,    0,    0,    0,    0,    0,    0,    0,    0,    0,    0,    0,    0,    0,    0,    0,    0,    0,    0,    0,    0,    0,    0,    0,    0,    0,    0,    0,    0,    0,    0,    0,    0,    0,    0,    0,    0,    0,    0,    0,    0,    0,    0,    0,    0,    0,    0,    0,    0,    0,    0,    0,    0,    0,    0,    0,    0,    0,    0,    0,    0,    0,    0,    0,    0,    0,    0,    0,    0,    0,    0,    0,    0,    0,    0,    0,    0,    0,    0,    0,    0,    0,    0,    0,    0,    0,    0,    0,    0,    0,    0,    0,    0,    0,    0,    0,    0,    0,    0,    0,    0,    0,    0,    0,    0,    0,    0,    0,    0,    0,    0,    0,    0,    0,    0,    0,    0,    0,    0,    0,    0,    0,    0,    0,    0,    0,    0,    0,    0,    0,    0,    0,    0,    0,    0,    0,    0,    0,    0,    0,    0,    0,    0,    0,    0,    0,    0,    0,    0,    0,    0,    0,    0,    0,    0,    0,    0,    0,    0,    0,    0,    0,    0,    0,    0,    0,    0,    0,  -12,    0,    0,    0,    0,    0,    0,    0,    0,    0,    0,    0,    0,
       0,    0,    0,    0,    0,    0,    0,    0,    0,    0,    0,    0,    0,    0,    0,    0,    0,    0,    0,    0,    0,    0,    0,    0,    0,    0,    0,    0,    0,    0,    0,    0,    0,    0,    0,    0,    0,    0,    0,    0,    0,    0,    0,    0,    0,    0,    0,    0,    0,    0,    0,    0,    0,    0,    0,    0,    0,    0,    0,    0,    0,    0,    0,    0,    0,    0,    0,    0,    0,    0,    0,    0,    0,    0,    0,    0,    0,    0,    0,    0,    0,    0,    0,    0,    0,    0,    0,    0,    0,    0,    0,    0,    0,    0,    0,    0,    0,    0,    0,    0,    0,    0,    0,    0,    0,    0,    0,    0,    0,    0,    0,    0,    0,    0,    0,    0,    0,    0,    0,    0,    0,    0,    0,    0,    0,    0,    0,    0,    0,    0,    0,    0,    0,    0,    0,  -18,    0,    0,    0,    0,    0,    0,    0,    0,    0,    0,    0,    0,    0,    0,    0,    0,    0,    0,    0,    0,    0,    0,    0,    0,    0,    0,    0,  -30,   -6,  -12,  -12,    0,    0,    0,    0,    0,    0,    0,    0,    0,    0,    0,    0,    0,    0,    0,    0,    0,    0,    0,  -30,    0,
       0,    0,    0,    0,    0,    0,    0,    0,    0,    0,    0,    0,    0,    0,    0,    0,    0,    0,    0,    0,    0,    0,    0,    0,    0,    0,    0,    0,    0,    0,    0,    0,    0,    0,    0,    0,    0,    0,    0,    0,    0,    0,    0,    0,    0,    0,    0,    0,    0,    0,    0,    0,    0,    0,    0,    0,    0,    0,    0,    0,    0,    0,    0,    0,    0,    0,    0,    0,    0,    0,    0,    0,    0,    0,    0,    0,    0,    0,    0,    0,    0,    0,    0,    0,    0,    0,    0,    0,    0,    0,    0,    0,    0,    0,    0,    0,    0,    0,    0,    0,    0,    0,    0,    0,    0,    0,    0,    0,    0,    0,    0,    0,    0,    0,    0,    0,    0,    0,    0,    0,    0,    0,    0,    0,    0,    0,    0,    0,    0,    0,    0,    0,    0,    0,    0,    0,    0,    0,    0,    0,    0,    0,    0,    0,    0,    0,    0,    0,    0,    0,    0,    0,    0,    0,    0,    0,    0,    0,    0,    0,    0,    0,    0,  -30,    0,    0,    0,    0,    0,    0,    0,    0,    0,    0,    0,    0,    0,    0,    0,    0,    0,    0,    0,    0,    0,    0,    0,    0,
       0,    0,    0,    0,    0,    0,    0,    0,    0,    0,    0,    0,    0,    0,    0,    0,    0,    0,    0,    0,    0,    0,    0,    0,    0,    0,    0,    0,    0,    0,    0,    0,    0,    0,    0,    0,    0,    0,    0,    0,    0,    0,    0,    0,    0,    0,    0,    0,    0,    0,    0,    0,    0,    0,    0,    0,    0,    0,    0,    0,    0,    0,    0,    0,    0,    0,    0,    0,    0,    0,    0,    0,    0,    0,    0,    0,    0,    0,    0,    0,    0,    0,    0,    0,    0,    0,    0,    0,    0,    0,    0,    0,    0,    0,    0,    0,    0,    0,    0,    0,    0,    0,    0,    0,    0,    0,    0,    0,    0,    0,    0,    0,    0,    0,    0,    0,    0,    0,    0,    0,    0,    0,    0,    0,    0,    0,    0,    0,    0,    0,    0,    0,    0,    0,    0,    0,    0,    0,    0,    0,    0,    0,    0,    0,    0,    0,    0,    0,    0,  -12,  -12,    0,    0,    0,    0,    0,    0,    0,    0,    0,    0,    0,  -12,  -30,    0,    0,    0,  -18,  -18,  -18,    0,    0,    0,    0,    0,  -12,  -18,    0,    0,    0,    0,    0,    0,    0,    0,    0,  -30,  -30,
       0,    0,    0,    0,    0,    0,    0,    0,    0,    0,    0,    0,    0,    0,    0,    0,    0,    0,    0,    0,    0,    0,    0,    0,    0,    0,    0,    0,    0,    0,    0,    0,    0,    0,    0,    0,    0,    0,    0,    0,    0,    0,    0,    0,    0,    0,    0,    0,    0,    0,    0,    0,    0,    0,    0,    0,    0,    0,    0,    0,    0,    0,    0,    0,    0,    0,    0,    0,    0,    0,    0,    0,    0,    0,    0,    0,    0,    0,    0,    0,    0,    0,    0,    0,    0,    0,    0,    0,    0,    0,    0,    0,    0,    0,    0,    0,    0,    0,    0,    0,    0,    0,    0,    0,    0,    0,    0,    0,    0,    0,    0,    0,    0,    0,    0,    0,    0,    0,  -12,    0,    0,    0,    0,    0,    0,    0,    0,    0,    0,    0,    0,    0,    0,    0,    0,    0,    0,    0,    0,    0,    0,    0,    0,    0,    0,    0,    0,    0,    0,    0,    0,    0,    0,    0,    0,    0,    0,    0,    0,    0,    0,    0,    0,    0,    0,    0,    0,    0,    0,    0,    0,    0,    0,    0,    0,    0,    0,    0,    0,    0,    0,    0,    0,    0,    0,    0,    0,    0,
       0,    0,    0,    0,    0,    0,    0,    0,    0,    0,    0,    0,    0,    0,    0,    0,    0,    0,    0,    0,    0,    0,    0,    0,    0,    0,    0,    0,    0,    0,    0,    0,    0,    0,    0,    0,    0,    0,    0,    0,    0,    0,    0,    0,    0,    0,    0,    0,    0,    0,    0,    0,    0,    0,    0,    0,    0,    0,    0,    0,    0,    0,    0,    0,    0,    0,    0,    0,    0,    0,    0,    0,    0,    0,    0,    0,    0,    0,    0,    0,    0,    0,    0,    0,    0,    0,    0,    0,    0,    0,    0,    0,    0,    0,    0,    0,    0,    0,    0,    0,    0,    0,    0,    0,    0,    0,    0,    0,  -36,  -36,    0,    0,    0,    0,    0,    0,    0,  -24,  -24,  -24,    0,    0,    0,    0,    0,    0,    0,    0,    0,    0,    0,    0,    0,    0,  -24,  -24,    0,    0,    0,    0,    0,    0,    0,    0,    0,    0,  -12,  -12,  -12,  -30,  -30,    0,    0,    0,    0,    0,  -12,    0,    0,    0,    0,    0,    0,  -36,  -12,   -6,   -6,  -36,  -36,  -36,    0,    0,    0,    0,    0,  -18,  -24,    0,    0,    0,    0,    0,    0,    0,  -30,    0,    0,    0,
};

static const EpdLigaturePair notosansjp_18_regularLigaturePairs[] = {
    { 0x00660066, 0xFB00 }, // f f -> U+FB00
    { 0x00660069, 0xFB01 }, // f i -> U+FB01
    { 0x0066006C, 0xFB02 }, // f l -> U+FB02
    { 0xFB000069, 0xFB03 }, // U+FB00 i -> U+FB03
    { 0xFB00006C, 0xFB04 }, // U+FB00 l -> U+FB04
};

static const EpdFontData notosansjp_18_regular = {
    notosansjp_18_regularBitmaps,
    notosansjp_18_regularGlyphs,
    notosansjp_18_regularIntervals,
    88,
    54,
    44,
    -11,
    true,
    notosansjp_18_regularGroups,
    15,
    nullptr,
    notosansjp_18_regularKernLeftClasses,
    notosansjp_18_regularKernRightClasses,
    notosansjp_18_regularKernMatrix,
    443,
    440,
    200,
    188,
    notosansjp_18_regularLigaturePairs,
    5,
};
