/**
 * generated by fontconvert.py
 * name: notosansjp_8_regular
 * size: 8
 * mode: 2-bit  compressed: true
 * Command used: fontconvert.py notosansjp_8_regular 8 ../builtinFonts/source/NotoSansJP/NotoSansCJKjp-Regular.otf --2bit --compress --additional-intervals 0x3040,0x30FF --additional-intervals 0xFF00,0xFFEF --additional-intervals 0x4E00,0x4E00 --additional-intervals 0x4E0A,0x4E0A --additional-intervals 0x4E0B,0x4E0B --additional-intervals 0x4E21,0x4E21 --additional-intervals 0x4E2D,0x4E2D --additional-intervals 0x4E86,0x4E86 --additional-intervals 0x4ED6,0x4ED6 --additional-intervals 0x4ED8,0x4ED8 --additional-intervals 0x4EF6,0x4EF6 --additional-intervals 0x4F4D,0x4F4D --additional-intervals 0x4F53,0x4F53 --additional-intervals 0x4F59,0x4F59 --additional-intervals 0x4F5C,0x4F5C --additional-intervals 0x4F7F,0x4F7F --additional-intervals 0x4FDD,0x4FDD --additional-intervals 0x4FE1,0x4FE1 --additional-intervals 0x4FEE,0x4FEE --additional-intervals 0x50CF,0x50CF --additional-intervals 0x5143,0x5143 --additional-intervals 0x5148,0x5148 --additional-intervals 0x5149,0x5149 --additional-intervals 0x5165,0x5165 --additional-intervals 0x5168,0x5168 --additional-intervals 0x5185,0x5185 --additional-intervals 0x518D,0x518D --additional-intervals 0x51FA,0x51FA --additional-intervals 0x5206,0x5206 --additional-intervals 0x5207,0x5207 --additional-intervals 0x523B,0x523B --additional-intervals 0x524A,0x524A --additional-intervals 0x524D,0x524D --additional-intervals 0x5272,0x5272 --additional-intervals 0x529B,0x529B --additional-intervals 0x529F,0x529F --additional-intervals 0x52A0,0x52A0 --additional-intervals 0x52D5,0x52D5 --additional-intervals 0x5316,0x5316 --additional-intervals 0x539F,0x539F --additional-intervals 0x53BB,0x53BB --additional-intervals 0x53C2,0x53C2 --additional-intervals 0x53CD,0x53CD --additional-intervals 0x53D6,0x53D6 --additional-intervals 0x53D7,0x53D7 --additional-intervals 0x53EF,0x53EF --additional-intervals 0x53F3,0x53F3 --additional-intervals 0x53F7,0x53F7 --additional-intervals 0x5404,0x5404 --additional-intervals 0x5408,0x5408 --additional-intervals 0x540C,0x540C --additional-intervals 0x540D,0x540D --additional-intervals 0x5411,0x5411 --additional-intervals 0x544A,0x544A --additional-intervals 0x56DE,0x56DE --additional-intervals 0x56E0,0x56E0 --additional-intervals 0x56F2,0x56F2 --additional-intervals 0x5728,0x5728 --additional-intervals 0x57CB,0x57CB --additional-intervals 0x5831,0x5831 --additional-intervals 0x5916,0x5916 --additional-intervals 0x5927,0x5927 --additional-intervals 0x592A,0x592A --additional-intervals 0x592E,0x592E --additional-intervals 0x5931,0x5931 --additional-intervals 0x5B57,0x5B57 --additional-intervals 0x5B58,0x5B58 --additional-intervals 0x5B8C,0x5B8C --additional-intervals 0x5B9A,0x5B9A --additional-intervals 0x5B9B,0x5B9B --additional-intervals 0x5BB3,0x5BB3 --additional-intervals 0x5C0F,0x5C0F --additional-intervals 0x5C3E,0x5C3E --additional-intervals 0x5DE6,0x5DE6 --additional-intervals 0x5E38,0x5E38 --additional-intervals 0x5E83,0x5E83 --additional-intervals 0x5EA6,0x5EA6 --additional-intervals 0x5F53,0x5F53 --additional-intervals 0x5F79,0x5F79 --additional-intervals 0x5F97,0x5F97 --additional-intervals 0x60C5,0x60C5 --additional-intervals 0x6210,0x6210 --additional-intervals 0x623B,0x623B --additional-intervals 0x629E,0x629E --additional-intervals 0x62BC,0x62BC --additional-intervals 0x6357,0x6357 --additional-intervals 0x63A5,0x63A5 --additional-intervals 0x63C3,0x63C3 --additional-intervals 0x64AE,0x64AE --additional-intervals 0x64CD,0x64CD --additional-intervals 0x6557,0x6557 --additional-intervals 0x6570,0x6570 --additional-intervals 0x6587,0x6587 --additional-intervals 0x65B0,0x65B0 --additional-intervals 0x65B9,0x65B9 --additional-intervals 0x65E2,0x65E2 --additional-intervals 0x65E5,0x65E5 --additional-intervals 0x6642,0x6642 --additional-intervals 0x6697,0x6697 --additional-intervals 0x66F8,0x66F8 --additional-intervals 0x66FF,0x66FF --additional-intervals 0x6700,0x6700 --additional-intervals 0x671F,0x671F --additional-intervals 0x672A,0x672A --additional-intervals 0x672B,0x672B --additional-intervals 0x672C,0x672C --additional-intervals 0x6790,0x6790 --additional-intervals 0x691C,0x691C --additional-intervals 0x6A19,0x6A19 --additional-intervals 0x6A2A,0x6A2A --additional-intervals 0x6B21,0x6B21 --additional-intervals 0x6B63,0x6B63 --additional-intervals 0x6B8B,0x6B8B --additional-intervals 0x6BB5,0x6BB5 --additional-intervals 0x6CE8,0x6CE8 --additional-intervals 0x6D88,0x6D88 --additional-intervals 0x6DFB,0x6DFB --additional-intervals 0x6E08,0x6E08 --additional-intervals 0x6E90,0x6E90 --additional-intervals 0x6E96,0x6E96 --additional-intervals 0x7121,0x7121 --additional-intervals 0x7167,0x7167 --additional-intervals 0x7279,0x7279 --additional-intervals 0x72ED,0x72ED --additional-intervals 0x7387,0x7387 --additional-intervals 0x73FE,0x73FE --additional-intervals 0x7528,0x7528 --additional-intervals 0x753B,0x753B --additional-intervals 0x756A,0x756A --additional-intervals 0x767D,0x767D --additional-intervals 0x7684,0x7684 --additional-intervals 0x76EE,0x76EE --additional-intervals 0x77ED,0x77ED --additional-intervals 0x78BA,0x78BA --additional-intervals 0x793A,0x793A --additional-intervals 0x79F0,0x79F0 --additional-intervals 0x79FB,0x79FB --additional-intervals 0x7A7A,0x7A7A --additional-intervals 0x7AE0,0x7AE0 --additional-intervals 0x7AEF,0x7AEF --additional-intervals 0x7B2C,0x7B2C --additional-intervals 0x7B97,0x7B97 --additional-intervals 0x7BC4,0x7BC4 --additional-intervals 0x7D22,0x7D22 --additional-intervals 0x7D30,0x7D30 --additional-intervals 0x7D42,0x7D42 --additional-intervals 0x7D9A,0x7D9A --additional-intervals 0x7DE8,0x7DE8 --additional-intervals 0x7E26,0x7E26 --additional-intervals 0x7F6E,0x7F6E --additional-intervals 0x80FD,0x80FD --additional-intervals 0x811A,0x811A --additional-intervals 0x81EA,0x81EA --additional-intervals 0x822C,0x822C --additional-intervals 0x8272,0x8272 --additional-intervals 0x843D,0x843D --additional-intervals 0x884C,0x884C --additional-intervals 0x8868,0x8868 --additional-intervals 0x898B,0x898B --additional-intervals 0x8996,0x8996 --additional-intervals 0x89A7,0x89A7 --additional-intervals 0x89E3,0x89E3 --additional-intervals 0x8A00,0x8A00 --additional-intervals 0x8A08,0x8A08 --additional-intervals 0x8A18,0x8A18 --additional-intervals 0x8A2D,0x8A2D --additional-intervals 0x8A3C,0x8A3C --additional-intervals 0x8A66,0x8A66 --additional-intervals 0x8A73,0x8A73 --additional-intervals 0x8A8D,0x8A8D --additional-intervals 0x8A9E,0x8A9E --additional-intervals 0x8AAD,0x8AAD --additional-intervals 0x8D77,0x8D77 --additional-intervals 0x8EE2,0x8EE2 --additional-intervals 0x8FBC,0x8FBC --additional-intervals 0x8FD1,0x8FD1 --additional-intervals 0x8FFD,0x8FFD --additional-intervals 0x9000,0x9000 --additional-intervals 0x9001,0x9001 --additional-intervals 0x9032,0x9032 --additional-intervals 0x9069,0x9069 --additional-intervals 0x9078,0x9078 --additional-intervals 0x914D,0x914D --additional-intervals 0x91CF,0x91CF --additional-intervals 0x9332,0x9332 --additional-intervals 0x9577,0x9577 --additional-intervals 0x958B,0x958B --additional-intervals 0x9593,0x9593 --additional-intervals 0x9664,0x9664 --additional-intervals 0x9694,0x9694 --additional-intervals 0x969C,0x969C --additional-intervals 0x96A0,0x96A0 --additional-intervals 0x96C6,0x96C6 --additional-intervals 0x96FB,0x96FB --additional-intervals 0x975E,0x975E --additional-intervals 0x9762,0x9762 --additional-intervals 0x983B,0x983B
 */
#pragma once
#include "EpdFontData.h"

static const uint8_t notosansjp_8_regularBitmaps[26555] = {
    0x7D, 0x56, 0x3D, 0x6C, 0x24, 0x45, 0x16, 0xFE, 0xBA, 0x5B, 0xB8, 0xF1, 0xD4, 0x74, 0xF7, 0x26,
    0x88, 0x91, 0xDC, 0x63, 0x6F, 0x60, 0x89, 0x09, 0x7A, 0xD6, 0x0D, 0x34, 0xA2, 0x57, 0x8C, 0x71,
    0x9D, 0x4E, 0x3A, 0x52, 0x82, 0x5D, 0xA1, 0xBB, 0x3D, 0x61, 0x82, 0x0B, 0x08, 0xD6, 0x4B, 0x9D,
    0x3D, 0xD6, 0x0E, 0xCB, 0xAC, 0xA7, 0x25, 0x24, 0x90, 0x20, 0x71, 0x40, 0x06, 0x81, 0x11, 0xC9,
    0x49, 0x87, 0x4E, 0x13, 0x38, 0x20, 0x40, 0xB8, 0xA2, 0xCB, 0x90, 0xFA, 0xA4, 0xD3, 0xDD, 0x21,
    0x2E, 0xE8, 0x80, 0xDB, 0x4B, 0x08, 0x26, 0x98, 0x43, 0xB3, 0x92, 0xCD, 0xDC, 0x57, 0x35, 0x63,
    0xAF, 0xBD, 0xBB, 0x6C, 0xD5, 0xEB, 0x9A, 0xEA, 0x57, 0xD5, 0xAF, 0x5E, 0xBD, 0x9F, 0xEF, 0xCD,
    0x6A, 0x36, 0x6B, 0x29, 0xD0, 0xCB, 0x54, 0x69, 0xBB, 0x4E, 0xB5, 0x03, 0x78, 0x0B, 0xF0, 0x16,
    0x0D, 0x6D, 0x4C, 0x8B, 0x85, 0x3A, 0x16, 0x2D, 0x0D, 0xA6, 0xB2, 0xDE, 0x40, 0x7D, 0xD5, 0x50,
    0x83, 0xDF, 0xB0, 0x69, 0xA0, 0x84, 0x7F, 0x8C, 0xB0, 0x86, 0x18, 0x86, 0x22, 0x09, 0xB7, 0x02,
    0xFA, 0x9C, 0x01, 0x3E, 0x20, 0xB0, 0xFE, 0x26, 0xC4, 0xC4, 0xEE, 0xD4, 0x88, 0x8A, 0x45, 0x64,
    0x07, 0x31, 0xD2, 0x34, 0x85, 0x4A, 0xDF, 0xE2, 0xA3, 0x91, 0x3E, 0xFF, 0x61, 0x99, 0x7F, 0x51,
    0x4F, 0xC5, 0x07, 0x2D, 0x4A, 0xCE, 0x1A, 0x68, 0xF0, 0x49, 0x57, 0x5B, 0x78, 0x2B, 0x4E, 0xA1,
    0xFD, 0xD2, 0x1D, 0xC3, 0x8F, 0x51, 0x0B, 0x50, 0xAB, 0x43, 0xE4, 0xF0, 0x4A, 0x08, 0xDD, 0x6A,
    0x57, 0x59, 0xD6, 0x1B, 0xAA, 0xE5, 0x32, 0x13, 0xBA, 0xBD, 0x39, 0x16, 0xE3, 0x96, 0x62, 0x4B,
    0xDD, 0xA0, 0xDE, 0xCA, 0x52, 0x65, 0xE7, 0x59, 0x2B, 0x0E, 0x16, 0x2E, 0x23, 0xA3, 0x56, 0x75,
    0xD4, 0xA8, 0x8B, 0x0F, 0xCF, 0x76, 0x33, 0xAB, 0x21, 0x20, 0x3F, 0x83, 0xB9, 0xC5, 0x22, 0xFE,
    0xB2, 0xBF, 0x26, 0xD7, 0x64, 0x5A, 0xA0, 0x98, 0xEB, 0x49, 0x1A, 0x4C, 0x0B, 0x5E, 0xED, 0xEC,
    0x15, 0xED, 0xE5, 0x5A, 0x3D, 0xE3, 0xEE, 0x0D, 0x8D, 0x43, 0xC5, 0x5F, 0x5E, 0x00, 0xFB, 0xD0,
    0x8E, 0x76, 0x0B, 0x23, 0xD4, 0x08, 0xAC, 0xA3, 0x61, 0x45, 0x9A, 0x05, 0x6A, 0x1D, 0x6E, 0x21,
    0xAE, 0x21, 0xF7, 0x91, 0x79, 0x24, 0x79, 0x4A, 0x86, 0x43, 0x3E, 0x57, 0xB9, 0x47, 0x14, 0x1B,
    0x85, 0xF7, 0x48, 0x7F, 0xF6, 0xEF, 0x47, 0xC7, 0x62, 0x84, 0xF5, 0x9B, 0xB8, 0x14, 0x1A, 0x13,
    0x82, 0x63, 0x00, 0x24, 0x40, 0x0E, 0x8C, 0xE0, 0x6A, 0x08, 0x89, 0x2B, 0xD7, 0x8D, 0x43, 0xC4,
    0x18, 0xEB, 0x5B, 0x76, 0xC3, 0x6C, 0x5B, 0x1F, 0xDE, 0x18, 0xB8, 0x62, 0x6D, 0xEF, 0xCB, 0x4B,
    0x34, 0xFF, 0x2D, 0x70, 0x0F, 0x3A, 0xC0, 0xD7, 0xC0, 0x8F, 0xF0, 0x3E, 0x33, 0xD6, 0x0C, 0x62,
    0x24, 0xF4, 0x42, 0x8C, 0x23, 0xDE, 0xB2, 0x89, 0xB9, 0xEF, 0x62, 0x44, 0x53, 0x34, 0xAF, 0x9D,
    0xBD, 0x61, 0x6D, 0x82, 0xA7, 0x97, 0xAD, 0x28, 0x4F, 0x72, 0xA4, 0xB4, 0x77, 0xB7, 0x8C, 0x34,
    0xE7, 0x04, 0xE2, 0xD3, 0x07, 0x1A, 0xBD, 0x34, 0xC1, 0xAB, 0x9B, 0xC8, 0x3D, 0x49, 0x6A, 0x79,
    0x32, 0xF6, 0x11, 0xBD, 0x09, 0x77, 0xC2, 0xD8, 0x91, 0xCF, 0xDC, 0x38, 0xD5, 0x9C, 0xB6, 0xA3,
    0xD9, 0x0E, 0x4C, 0xBC, 0x90, 0x1C, 0x6D, 0xC8, 0xB5, 0x44, 0x85, 0xC3, 0x65, 0x24, 0xBE, 0xA1,
    0xA6, 0x80, 0xA0, 0x86, 0x13, 0xC4, 0x57, 0x90, 0xF9, 0x48, 0xAD, 0xCD, 0xDA, 0x2B, 0x86, 0xE3,
    0x57, 0x68, 0xDE, 0x44, 0x1E, 0x22, 0x35, 0x7C, 0xAE, 0xCA, 0xF6, 0x9A, 0x14, 0xFF, 0x95, 0xB3,
    0x28, 0xE3, 0x29, 0x57, 0xFB, 0x10, 0x15, 0xD4, 0xA1, 0x0D, 0xCC, 0x43, 0x15, 0xB7, 0xED, 0x64,
    0xEE, 0x37, 0xB7, 0xC0, 0x9E, 0x14, 0x25, 0x7A, 0x34, 0x8E, 0x84, 0xC3, 0x80, 0x5C, 0xA2, 0xB3,
    0xAD, 0x97, 0x4F, 0xDB, 0x6C, 0xFE, 0x07, 0x5E, 0x9B, 0x1B, 0xEE, 0x53, 0x68, 0xC1, 0x19, 0x25,
    0xDE, 0xB5, 0xAB, 0xA2, 0xBA, 0xDA, 0xE3, 0x3D, 0x12, 0x5E, 0x78, 0xE8, 0x68, 0x7A, 0x49, 0x1A,
    0xAE, 0x3F, 0xFF, 0xC5, 0x12, 0x3F, 0x38, 0xE4, 0x5B, 0x81, 0x83, 0x1A, 0x2F, 0x5B, 0xF7, 0xFF,
    0xD5, 0x6A, 0x35, 0xF3, 0x46, 0x9A, 0xAD, 0xC6, 0xA9, 0xCA, 0x1A, 0x29, 0xE3, 0x31, 0xCB, 0x0E,
    0x0F, 0x56, 0x57, 0x36, 0x0B, 0x1A, 0x96, 0xE1, 0x42, 0x95, 0xCA, 0x06, 0xF0, 0xCE, 0x0F, 0xC6,
    0xA3, 0xCE, 0x18, 0xEE, 0x9F, 0xE0, 0xFD, 0x1E, 0x5E, 0x00, 0x11, 0x22, 0xF4, 0x11, 0xF8, 0x72,
    0x6D, 0x5A, 0xE4, 0xAE, 0xCE, 0x9C, 0x52, 0xA1, 0x1A, 0x61, 0x38, 0x98, 0xA0, 0xBB, 0x09, 0xE5,
    0x49, 0x43, 0x3E, 0xBA, 0xCB, 0x18, 0x9C, 0x40, 0xF9, 0x85, 0x72, 0xB5, 0x72, 0x34, 0xC7, 0xEE,
    0x92, 0x1C, 0x50, 0x8B, 0x6F, 0xA4, 0x77, 0xAF, 0x8C, 0xAC, 0xFF, 0x66, 0xEE, 0x99, 0x51, 0xC7,
    0xBE, 0x46, 0xB8, 0xE4, 0xDF, 0xAB, 0xB8, 0x67, 0xF0, 0x03, 0x76, 0x6F, 0xF1, 0x73, 0x39, 0xFF,
    0x1C, 0xE5, 0x9C, 0x38, 0xF7, 0x34, 0xF9, 0x5C, 0xE5, 0x9E, 0xC1, 0xCF, 0xBB, 0xD7, 0x14, 0x4C,
    0xDF, 0xBD, 0x36, 0x38, 0x9E, 0xCD, 0x38, 0xBF, 0x3E, 0x98, 0x3E, 0x7E, 0xC5, 0x74, 0x1C, 0x15,
    0xFE, 0xBD, 0x51, 0x64, 0xCF, 0xEB, 0xCC, 0x8E, 0x8F, 0x46, 0xB9, 0xA3, 0x12, 0xA4, 0x4D, 0xA4,
    0x11, 0x9D, 0xF7, 0x9F, 0x11, 0xF7, 0x3C, 0x38, 0xD2, 0xD2, 0xEE, 0xF5, 0x72, 0x30, 0x2D, 0x1F,
    0x62, 0x1A, 0x3A, 0xDF, 0xE8, 0xE5, 0x87, 0x7B, 0xF3, 0x72, 0xB2, 0xFE, 0x95, 0xA8, 0x94, 0x57,
    0xA8, 0x08, 0x3C, 0x43, 0x75, 0xA1, 0x2A, 0xDC, 0xAE, 0x30, 0x18, 0xE2, 0x6E, 0x8E, 0x5E, 0x0C,
    0xC3, 0xE7, 0x3D, 0x79, 0x2B, 0x63, 0xCA, 0xC7, 0x75, 0xDE, 0xE0, 0xE7, 0x1E, 0x3A, 0x7D, 0xF4,
    0xEF, 0xE2, 0xF8, 0x0E, 0x7E, 0xBC, 0xED, 0x7C, 0xB9, 0xF3, 0xEB, 0x9B, 0xDB, 0xEF, 0x27, 0x7F,
    0xFC, 0x6B, 0xA2, 0xBE, 0x4B, 0xD4, 0x97, 0x89, 0xCA, 0x13, 0x95, 0x25, 0x0A, 0x49, 0x0F, 0x65,
    0x1F, 0xE5, 0x1D, 0x94, 0xB7, 0x51, 0xEE, 0x14, 0x84, 0xCB, 0x52, 0x1D, 0x94, 0x2A, 0x2B, 0x55,
    0x52, 0xAA, 0xA0, 0x54, 0xA2, 0x54, 0x1E, 0x6D, 0x58, 0xD2, 0xC2, 0xB4, 0x73, 0x84, 0x6E, 0x82,
    0x4E, 0x07, 0x71, 0x8E, 0x66, 0x8E, 0x80, 0x23, 0xE7, 0x31, 0x3A, 0xE4, 0xCF, 0xBD, 0x30, 0xC1,
    0xEE, 0xDC, 0xA7, 0x85, 0x25, 0x49, 0x17, 0x93, 0xA9, 0x70, 0x81, 0x9E, 0x20, 0x8D, 0x9C, 0x90,
    0xD2, 0xFE, 0x51, 0x39, 0x47, 0x12, 0xCC, 0x55, 0xF1, 0x09, 0xB3, 0xF3, 0x54, 0x6C, 0x31, 0x27,
    0x61, 0x42, 0xA5, 0x3B, 0x84, 0xEA, 0x40, 0x35, 0x1F, 0xD8, 0xC3, 0xBD, 0x8F, 0xE8, 0xD3, 0x62,
    0x16, 0x27, 0xE6, 0xD3, 0xD2, 0x24, 0x36, 0x56, 0x0A, 0x93, 0x94, 0x8E, 0x5E, 0x75, 0xF5, 0x95,
    0x1B, 0x72, 0xE1, 0x84, 0x79, 0x51, 0x3E, 0xF3, 0x3F, 0xC9, 0x28, 0x7D, 0x32, 0x3D, 0xC6, 0x75,
    0x96, 0xBA, 0x28, 0x33, 0x47, 0x77, 0x3C, 0xBD, 0xB2, 0x29, 0xDD, 0x63, 0x6E, 0x2C, 0x99, 0x3F,
    0x99, 0xAB, 0x73, 0xAF, 0x48, 0x3C, 0xC4, 0x02, 0x41, 0x68, 0xD0, 0x9D, 0xA8, 0xE4, 0xBD, 0x0D,
    0xEF, 0x10, 0xEE, 0x4C, 0x9A, 0x4F, 0x4F, 0x0A, 0x39, 0xCC, 0xA2, 0xE2, 0x20, 0x0F, 0x74, 0x95,
    0xC4, 0xBA, 0x8C, 0x5B, 0x7F, 0xD3, 0x71, 0xF6, 0xB9, 0x0E, 0xD2, 0xED, 0x22, 0x54, 0x3B, 0x45,
    0xED, 0xE0, 0x65, 0xE9, 0xEF, 0xBF, 0x02, 0x5F, 0xAF, 0x81, 0xE2, 0x09, 0xB2, 0x9A, 0x10, 0x42,
    0x71, 0x82, 0xB2, 0x7A, 0x46, 0x90, 0x33, 0x32, 0xE8, 0xE2, 0x27, 0x08, 0x03, 0x73, 0x12, 0xF1,
    0x89, 0xE1, 0xDE, 0x41, 0x15, 0x3B, 0x3A, 0xF4, 0x0A, 0x9F, 0xC0, 0xFD, 0x31, 0x9C, 0x6F, 0x81,
    0x63, 0x26, 0x2F, 0x1E, 0xB2, 0xFA, 0xDA, 0x54, 0x3F, 0xF5, 0x86, 0x36, 0xE8, 0x12, 0x9E, 0x02,
    0xD8, 0xC8, 0x80, 0x16, 0x53, 0xDC, 0xC2, 0x0D, 0xD6, 0xAF, 0xCB, 0x8D, 0x69, 0xB9, 0x41, 0xC0,
    0xFF, 0xE5, 0xBE, 0x01, 0x83, 0x79, 0x66, 0xB6, 0x6A, 0xEB, 0xD0, 0x22, 0x16, 0x4C, 0x0D, 0x92,
    0x4E, 0xC1, 0x9A, 0xA2, 0x67, 0x4B, 0x03, 0xFF, 0x42, 0x1B, 0x38, 0x44, 0x95, 0x50, 0xD7, 0xCB,
    0x96, 0x62, 0x29, 0x6B, 0xED, 0x37, 0xA6, 0x53, 0x96, 0x1F, 0x5C, 0x26, 0x74, 0x35, 0xE1, 0x62,
    0x61, 0x82, 0xE5, 0x5B, 0x16, 0xF1, 0x88, 0x8A, 0x7F, 0x36, 0x98, 0x99, 0x13, 0xE4, 0xDF, 0x41,
    0xF4, 0xCF, 0x0B, 0xFA, 0x6F, 0x4F, 0xB0, 0xC7, 0xFC, 0x16, 0x67, 0x80, 0x21, 0x39, 0xBF, 0xBB,
    0x85, 0x9D, 0xB1, 0x41, 0xE6, 0xE8, 0xB7, 0x73, 0x6C, 0xC8, 0xEC, 0x68, 0x80, 0xE1, 0x77, 0x86,
    0x3F, 0x47, 0x64, 0x4B, 0xEE, 0x4F, 0x3A, 0xBA, 0xA1, 0x13, 0x4F, 0x1B, 0x10, 0x72, 0xCD, 0x68,
    0x7D, 0xA8, 0xFD, 0x9F, 0x34, 0x77, 0x86, 0x9B, 0x48, 0x2C, 0xE0, 0xF3, 0x0F, 0x42, 0x36, 0x93,
    0xF0, 0x1B, 0xB8, 0x27, 0x06, 0x12, 0x47, 0xA1, 0x4D, 0xCC, 0x81, 0x6E, 0x3E, 0x94, 0xAA, 0xFE,
    0x54, 0x37, 0x09, 0xF4, 0x02, 0x2D, 0x81, 0x66, 0x13, 0xD1, 0x98, 0xF5, 0x12, 0x6D, 0xC9, 0xAA,
    0x53, 0xB4, 0x5C, 0x9D, 0x32, 0x48, 0x7C, 0x29, 0xEE, 0x9F, 0x65, 0xE5, 0xF6, 0x64, 0x6F, 0xAB,
    0x1B, 0xAA, 0x48, 0x89, 0xB3, 0x6E, 0xEE, 0x76, 0xDA, 0x4C, 0x19, 0xB7, 0x10, 0xFC, 0x98, 0x2E,
    0x68, 0x9C, 0xAF, 0xCD, 0xE2, 0x05, 0x97, 0xC6, 0x73, 0x70, 0xD8, 0xD1, 0x78, 0x4F, 0xA3, 0xCF,
    0x20, 0xCB, 0x2C, 0x62, 0x84, 0xB8, 0x74, 0x0E, 0x63, 0xBA, 0x9D, 0xED, 0xF1, 0x1E, 0xF6, 0xF6,
    0xBE, 0x2F, 0xBA, 0x11, 0xB1, 0x31, 0x34, 0x8F, 0xF3, 0xC8, 0xF3, 0xA8, 0x72, 0xC6, 0xAC, 0xC6,
    0x28, 0x3A, 0x67, 0x78, 0x3B, 0x66, 0xE4, 0x9C, 0x1C, 0xF2, 0x7F, 0xC9, 0x19, 0xB7, 0xC7, 0x17,
    0x14, 0x7C, 0x82, 0xC5, 0xCF, 0x3B, 0x66, 0xBB, 0xBC, 0x23, 0x7B, 0x17, 0xF0, 0x4B, 0x54, 0xED,
    0xB7, 0x73, 0x16, 0x7D, 0x96, 0xC8, 0x3E, 0xE2, 0x97, 0xFA, 0x4B, 0xD5, 0xD3, 0xD6, 0xE0, 0x47,
    0xA3, 0xF3, 0x2E, 0x88, 0x5E, 0xF7, 0xAB, 0x61, 0x78, 0xAE, 0x2F, 0x5F, 0xFD, 0x66, 0xE5, 0xA3,
    0x21, 0x31, 0x47, 0x98, 0xB2, 0x9A, 0xD4, 0x11, 0x30, 0x51, 0x72, 0xF8, 0x29, 0xBC, 0x21, 0xAB,
    0x13, 0xCC, 0xDD, 0xB3, 0x15, 0xAF, 0xC8, 0x9F, 0xF3, 0x64, 0xF2, 0xE2, 0x6B, 0x88, 0x5F, 0xF8,
    0x08, 0xC1, 0xE7, 0xDF, 0xA2, 0xB6, 0xFF, 0x6F, 0xE6, 0xDC, 0x31, 0x73, 0xEE, 0x2B, 0x64, 0xFC,
    0x90, 0x5F, 0x65, 0xE6, 0x6C, 0x4F, 0x9B, 0x02, 0x1C, 0x64, 0xC8, 0xAD, 0x51, 0x29, 0x39, 0xB3,
    0x92, 0xE3, 0xC0, 0xFC, 0xE1, 0x30, 0xFF, 0xDD, 0x28, 0x99, 0x39, 0x54, 0xCD, 0x6B, 0xFF, 0x12,
    0x4C, 0x6D, 0xDD, 0x38, 0xA1, 0xD2, 0x43, 0x94, 0x5E, 0xC1, 0xA8, 0x60, 0xC1, 0x18, 0x9C, 0xF8,
    0x3A, 0x3C, 0x53, 0xBA, 0xCE, 0xB0, 0x8F, 0xCF, 0x5D, 0x22, 0xE4, 0x29, 0xEA, 0x91, 0x76, 0xB9,
    0xCF, 0xA5, 0x1A, 0xFB, 0x22, 0x7B, 0x8D, 0x5B, 0x84, 0x9D, 0x2D, 0x5A, 0x5E, 0x60, 0x8A, 0x3E,
    0xD3, 0xE5, 0x57, 0x78, 0x9E, 0xFF, 0x16, 0xDA, 0xF8, 0x3F, 0x95, 0x57, 0x4F, 0x68, 0x1C, 0x55,
    0x18, 0xFF, 0xCD, 0x4C, 0x92, 0xD9, 0xCD, 0xFC, 0xDB, 0x43, 0x0F, 0x0B, 0x9D, 0xCD, 0xEC, 0x61,
    0x91, 0x08, 0x93, 0x64, 0x84, 0xB1, 0x4E, 0xE9, 0xA6, 0x19, 0x3C, 0x14, 0x2F, 0x42, 0x85, 0xE6,
    0x20, 0x29, 0xA4, 0xE2, 0x35, 0x6D, 0x5F, 0xEB, 0x96, 0x46, 0xDB, 0x74, 0x27, 0x29, 0x88, 0xE8,
    0x25, 0x17, 0xBD, 0xF4, 0xB2, 0x88, 0x50, 0xC1, 0x83, 0x83, 0x54, 0x3C, 0x08, 0xC9, 0xB3, 0x22,
    0x92, 0x83, 0x30, 0xB4, 0xD4, 0x22, 0xF4, 0x30, 0x78, 0xE8, 0xB1, 0x2C, 0xB8, 0x87, 0xA8, 0x49,
    0xD7, 0xEF, 0xCD, 0x6E, 0x93, 0x55, 0x37, 0x9B, 0xEC, 0xFB, 0xB7, 0x6F, 0xDE, 0xFB, 0xBD, 0x6F,
    0xBE, 0xF7, 0xBD, 0xEF, 0xFD, 0xBE, 0x59, 0x7F, 0x19, 0xF0, 0xFC, 0x4E, 0xAA, 0x80, 0x83, 0xAB,
    0xAD, 0xD3, 0x4F, 0x6A, 0x3C, 0xE6, 0x29, 0x55, 0xC6, 0x4F, 0x3F, 0xD1, 0x5A, 0x62, 0x54, 0xDA,
    0x85, 0x7A, 0x07, 0x16, 0x60, 0x02, 0xE3, 0x80, 0x06, 0xCC, 0xED, 0x40, 0x09, 0xA1, 0x00, 0x2A,
    0x30, 0x31, 0x8F, 0xB9, 0x76, 0x58, 0x00, 0x4E, 0xFD, 0x11, 0x4D, 0x3B, 0x08, 0x54, 0xF8, 0x8A,
    0x68, 0x4B, 0x26, 0x4E, 0xFD, 0x1D, 0x16, 0x24, 0x30, 0x25, 0xA2, 0x47, 0xDB, 0x84, 0x69, 0x43,
    0x9D, 0x84, 0x12, 0x0B, 0x3C, 0x92, 0x6E, 0xDB, 0x29, 0xAC, 0x9B, 0x0A, 0x7B, 0xBD, 0xB2, 0xBA,
    0x8D, 0x52, 0x1E, 0x3E, 0x50, 0x05, 0x9C, 0x08, 0xAF, 0xEE, 0x80, 0x39, 0x60, 0x2A, 0x4E, 0x2B,
    0xD0, 0xFE, 0x02, 0x56, 0xBA, 0xEA, 0x54, 0x4A, 0x70, 0x5A, 0xA0, 0x74, 0x61, 0x9D, 0xA5, 0xD8,
    0x6C, 0x40, 0x0D, 0x4B, 0xD0, 0x67, 0x6E, 0xA3, 0x1C, 0xAF, 0x46, 0x1E, 0x69, 0xFF, 0x0A, 0x55,
    0xF1, 0x5B, 0x6E, 0xBC, 0x15, 0x15, 0x69, 0x3C, 0x4F, 0x8B, 0xE4, 0x68, 0x12, 0xB8, 0xBC, 0x4E,
    0x72, 0x0B, 0x89, 0x94, 0x4C, 0xA4, 0x5E, 0xC3, 0x4B, 0xA7, 0xCF, 0xCA, 0x39, 0xC3, 0x0F, 0x52,
    0x8F, 0x07, 0xA9, 0xE1, 0xCB, 0xB9, 0x7A, 0x3B, 0x22, 0x5C, 0xB7, 0x48, 0x21, 0x6D, 0x9A, 0x8F,
    0x37, 0x5E, 0x7A, 0x63, 0xFE, 0xD3, 0x0F, 0x7F, 0x9A, 0xFF, 0xA8, 0x5C, 0x1C, 0x6F, 0xD4, 0x53,
    0x7A, 0x7F, 0xE8, 0x73, 0x6F, 0xDD, 0xE3, 0x4E, 0x28, 0x54, 0x80, 0xFE, 0x9F, 0x6A, 0x03, 0x9B,
    0x6D, 0xDA, 0xA6, 0xDE, 0x67, 0xAE, 0x9B, 0xC4, 0xBC, 0x13, 0x79, 0x09, 0x1A, 0x48, 0x24, 0xAE,
    0xC2, 0xC0, 0x5C, 0x53, 0x8B, 0x2A, 0xF4, 0x4C, 0x4F, 0x11, 0x2E, 0x78, 0xB1, 0x13, 0xC9, 0xD0,
    0x68, 0x53, 0x15, 0x30, 0xB3, 0x4F, 0x59, 0xA9, 0xE3, 0xC6, 0xCF, 0x9C, 0x01, 0x9D, 0x92, 0x25,
    0x6D, 0x77, 0x6E, 0x6B, 0x73, 0xAB, 0x4D, 0x79, 0x73, 0xAB, 0xBE, 0xE5, 0x6C, 0xA1, 0x37, 0x87,
    0x58, 0xF6, 0x51, 0x71, 0xC7, 0x97, 0x47, 0x56, 0x0C, 0x91, 0xF2, 0x5A, 0xE4, 0x37, 0x98, 0x27,
    0xB2, 0xDF, 0xB0, 0xA2, 0x35, 0x5C, 0xE1, 0x6E, 0xAC, 0x7B, 0x6E, 0xE3, 0x0A, 0x5F, 0xC3, 0x12,
    0x3C, 0xAA, 0xEB, 0xA4, 0x31, 0x87, 0x2E, 0xD3, 0x4E, 0xE8, 0xD0, 0x75, 0x43, 0x83, 0x6E, 0x1F,
    0x47, 0xCE, 0x7B, 0x8D, 0xCC, 0xFE, 0x2E, 0xC0, 0x7F, 0x84, 0xB4, 0xDA, 0xE6, 0x0A, 0x79, 0xC4,
    0x18, 0x55, 0x81, 0x5F, 0xEA, 0xC5, 0xE7, 0xA9, 0xEA, 0xD3, 0xD0, 0x2B, 0x0F, 0xA3, 0x9C, 0x27,
    0x45, 0x58, 0x27, 0x8B, 0x12, 0x5A, 0x0E, 0x0D, 0x72, 0xA0, 0x80, 0xB6, 0xDC, 0xE6, 0x4E, 0x34,
    0x86, 0x72, 0x42, 0x76, 0x69, 0x14, 0x21, 0x71, 0x0F, 0x6A, 0xB4, 0x4E, 0xB2, 0x39, 0xCA, 0x9F,
    0xBF, 0xCE, 0x9D, 0xDB, 0x63, 0x1C, 0x79, 0x9D, 0x04, 0x56, 0x38, 0x2A, 0x73, 0x4D, 0x52, 0x89,
    0xD3, 0x2B, 0xB8, 0xCC, 0x15, 0x2E, 0x76, 0x2B, 0x51, 0x4F, 0x0D, 0x4D, 0xB8, 0x24, 0x2B, 0xC0,
    0xD4, 0x92, 0x96, 0xCA, 0x80, 0x98, 0x8A, 0x33, 0x63, 0x34, 0x21, 0xB5, 0x20, 0x7F, 0x09, 0xE5,
    0x3C, 0x14, 0x03, 0x1A, 0xF9, 0x21, 0x59, 0x59, 0x0D, 0x67, 0xDA, 0x51, 0x20, 0x73, 0x5F, 0x4A,
    0x18, 0xD2, 0x26, 0x41, 0x73, 0x99, 0xA7, 0x35, 0x86, 0x58, 0x42, 0x18, 0xD5, 0x18, 0x02, 0xAF,
    0xAE, 0xC1, 0xB8, 0x8B, 0xDC, 0xF4, 0x10, 0x4B, 0xB4, 0x71, 0x8C, 0xE5, 0x87, 0x51, 0xE9, 0x0B,
    0xC8, 0x3A, 0xA8, 0x1D, 0x62, 0xE3, 0x5A, 0xBB, 0x09, 0xEB, 0xD1, 0x59, 0x4C, 0x93, 0xC5, 0x4E,
    0x50, 0xFD, 0x86, 0xEA, 0xEF, 0x8F, 0x42, 0xF9, 0x7E, 0x3B, 0x51, 0xD6, 0x38, 0x4D, 0x73, 0x98,
    0x32, 0x87, 0x4B, 0x35, 0x90, 0x1F, 0x9D, 0x8D, 0xE5, 0x76, 0x0B, 0x1B, 0xA1, 0xF2, 0x34, 0xB1,
    0x32, 0x07, 0x77, 0x41, 0x46, 0xEF, 0x96, 0x6A, 0xF6, 0x68, 0xA1, 0xA0, 0x3E, 0xA5, 0xBB, 0x18,
    0xA2, 0x08, 0x94, 0x40, 0x3E, 0x41, 0x73, 0x79, 0xF2, 0x61, 0x89, 0x24, 0xD7, 0x9F, 0x5F, 0x3B,
    0xC7, 0x20, 0xF2, 0xB5, 0x73, 0xF5, 0x9D, 0x4E, 0x8F, 0xFA, 0xF3, 0xF5, 0x36, 0x8E, 0xE1, 0xDE,
    0x60, 0x84, 0x92, 0x1A, 0x93, 0x83, 0xE6, 0x75, 0x3B, 0x57, 0x1C, 0x34, 0x5F, 0xC1, 0x94, 0x60,
    0x2C, 0xAA, 0x07, 0xE5, 0xD1, 0x12, 0xDB, 0x63, 0xA0, 0x2C, 0x59, 0x51, 0xD0, 0x18, 0xB4, 0xC0,
    0x63, 0xE5, 0x0B, 0x83, 0xE6, 0xAD, 0xE7, 0x30, 0x17, 0xB8, 0x89, 0xA6, 0x89, 0x9A, 0x89, 0x80,
    0x4A, 0xBD, 0xE5, 0x9A, 0xA8, 0x66, 0xFD, 0x9A, 0x18, 0x5F, 0xE0, 0x84, 0x11, 0x4A, 0x3D, 0x08,
    0xF5, 0xBA, 0xE8, 0x2C, 0x23, 0xB9, 0x89, 0xE4, 0x03, 0x24, 0xD7, 0x91, 0xBC, 0x17, 0x25, 0x8C,
    0x27, 0xAC, 0x91, 0x30, 0x3F, 0x61, 0x6E, 0xC2, 0x8C, 0x84, 0x69, 0x09, 0x53, 0x12, 0x26, 0x25,
    0x74, 0x8F, 0xE9, 0x84, 0x85, 0xBD, 0x29, 0x6D, 0x84, 0x64, 0x71, 0x0B, 0x35, 0x17, 0xD5, 0x2A,
    0xEC, 0x00, 0x25, 0xBA, 0x55, 0xD4, 0x52, 0xDF, 0x46, 0x95, 0xC6, 0xC5, 0x79, 0x6C, 0x84, 0x90,
    0x88, 0x1A, 0xC2, 0xE1, 0x96, 0xCC, 0x02, 0x0F, 0xE9, 0x4D, 0xE1, 0x51, 0xF1, 0x74, 0x1D, 0x5B,
    0x89, 0xE2, 0xF0, 0xA3, 0xBF, 0x42, 0x5A, 0x8D, 0xA4, 0xFB, 0x43, 0xE0, 0x0B, 0x18, 0x71, 0x51,
    0xD2, 0x50, 0x93, 0x7F, 0x48, 0xF0, 0x5D, 0x48, 0x67, 0x8A, 0x1B, 0x90, 0x1E, 0x10, 0x05, 0xC4,
    0x25, 0xB8, 0x15, 0x64, 0xF7, 0x65, 0xF3, 0x4D, 0xF5, 0xE9, 0xB6, 0x85, 0x7B, 0x36, 0x76, 0x5C,
    0xE5, 0x7C, 0x30, 0x6E, 0x04, 0xB6, 0x11, 0x78, 0x25, 0x37, 0xB1, 0x9D, 0x48, 0x88, 0xB2, 0x7E,
    0x4D, 0xFD, 0x4C, 0xDB, 0x2E, 0x55, 0x64, 0xF7, 0x9E, 0x21, 0xE9, 0x5B, 0x6A, 0x48, 0x7C, 0x89,
    0x57, 0x15, 0xEE, 0x2C, 0x86, 0xF2, 0x0E, 0x7A, 0xA9, 0xE2, 0x88, 0x4B, 0xF6, 0xA8, 0xE2, 0x88,
    0x78, 0xBA, 0xAC, 0x9D, 0x7B, 0x7F, 0x54, 0x95, 0x46, 0x21, 0xEC, 0x90, 0xF1, 0x7F, 0x15, 0xA9,
    0x2D, 0x71, 0x53, 0x89, 0x54, 0x22, 0xE4, 0x4F, 0x20, 0xFD, 0x02, 0x10, 0xE0, 0xDE, 0x8B, 0x00,
    0xF1, 0xA2, 0x74, 0x7E, 0xEB, 0xDB, 0xB8, 0xB6, 0x28, 0x42, 0x34, 0x93, 0xB9, 0x28, 0x4A, 0x54,
    0x5B, 0x14, 0x83, 0x7B, 0x40, 0x2D, 0xC5, 0xEC, 0x4D, 0xF8, 0x36, 0x18, 0x95, 0x80, 0x2E, 0x07,
    0x28, 0xCC, 0xB2, 0x26, 0xD8, 0x2C, 0x98, 0x96, 0xAD, 0x92, 0x38, 0x7B, 0xCC, 0xD9, 0x46, 0xE6,
    0xC3, 0x1D, 0x63, 0x52, 0x60, 0x2C, 0x88, 0xC7, 0xB1, 0x6D, 0x4C, 0x5C, 0xCA, 0x3E, 0x18, 0x1C,
    0xA8, 0x5F, 0xC1, 0x25, 0xB2, 0xD7, 0x30, 0x7B, 0x19, 0xD6, 0xE3, 0xCC, 0x03, 0x8D, 0xCC, 0x8C,
    0xB1, 0x70, 0xAE, 0x43, 0xC1, 0x64, 0x40, 0xA2, 0xB1, 0xDC, 0xE8, 0xE1, 0x48, 0xED, 0x36, 0xF4,
    0xBB, 0x18, 0x99, 0x3A, 0x04, 0x49, 0xE6, 0xD5, 0x8C, 0x6E, 0xB8, 0x1C, 0x24, 0xB0, 0x91, 0xD1,
    0xA7, 0x2E, 0x14, 0x18, 0x8C, 0x3C, 0x9E, 0xEC, 0xE2, 0xFD, 0xEB, 0x77, 0xE8, 0x1C, 0x28, 0xBA,
    0x2D, 0x49, 0xDC, 0xF9, 0xBA, 0xCD, 0xC9, 0xFD, 0x90, 0x12, 0x03, 0x7E, 0xFB, 0xFD, 0x67, 0x98,
    0x59, 0x7D, 0x0E, 0x79, 0x1B, 0xD6, 0xDB, 0x5D, 0xC6, 0xF4, 0xB3, 0x56, 0xD0, 0xE5, 0x19, 0xC8,
    0xBB, 0xA0, 0x80, 0x26, 0x4C, 0xE1, 0x43, 0x4E, 0xFB, 0x58, 0x92, 0x16, 0x9A, 0x8B, 0x70, 0x95,
    0x30, 0x50, 0xC2, 0xB9, 0x76, 0xE4, 0xF7, 0x2E, 0xEC, 0x7C, 0x4F, 0x04, 0x19, 0x38, 0x3C, 0x1C,
    0x2C, 0x35, 0xA1, 0x9E, 0xC7, 0xC8, 0xE8, 0x21, 0xC8, 0x5E, 0xFB, 0x0C, 0x14, 0x48, 0x17, 0x34,
    0x23, 0xD5, 0x7E, 0x2C, 0x08, 0xB3, 0x4A, 0x7B, 0xDA, 0x27, 0xD3, 0x70, 0x8A, 0x33, 0xD6, 0x1F,
    0x5A, 0xA6, 0x2F, 0x9D, 0x03, 0x84, 0x90, 0x98, 0x71, 0x28, 0x2D, 0x68, 0x31, 0x8E, 0x05, 0x22,
    0xE6, 0x38, 0xCF, 0xB0, 0xEC, 0x20, 0xD5, 0x90, 0xA8, 0xA2, 0x8D, 0x4D, 0xE1, 0xA2, 0x9A, 0xB0,
    0x9B, 0x75, 0xA6, 0xF8, 0x5B, 0x81, 0x9C, 0xEA, 0xEA, 0xF6, 0xAD, 0x8B, 0x35, 0x93, 0x59, 0x4C,
    0x7B, 0x91, 0xF7, 0x6D, 0xDA, 0xDC, 0xB7, 0xA9, 0x25, 0x76, 0xC5, 0x03, 0x89, 0xA2, 0xA1, 0x68,
    0xA9, 0x4F, 0x23, 0x34, 0xFE, 0x7F, 0xEF, 0x1C, 0x0C, 0xEE, 0x78, 0xE7, 0xA8, 0x7C, 0x38, 0xB2,
    0xD7, 0x3B, 0x07, 0x20, 0xC9, 0xFA, 0xAA, 0xB9, 0x6F, 0xFD, 0x03, 0x05, 0x8E, 0x20, 0xBB, 0xF7,
    0x22, 0x0E, 0xF7, 0xA6, 0xEC, 0xA3, 0xB3, 0x37, 0xD9, 0x5D, 0xDC, 0x48, 0x47, 0xE2, 0x9F, 0xDC,
    0x5A, 0x08, 0x5D, 0x8D, 0x07, 0x2F, 0x73, 0xFF, 0x1D, 0x7E, 0x72, 0x95, 0xCF, 0x10, 0x91, 0x2C,
    0xE0, 0x44, 0x67, 0xE7, 0x74, 0xA0, 0x1A, 0xE4, 0x8C, 0x91, 0x63, 0xB3, 0x27, 0x4F, 0x9C, 0xDC,
    0x70, 0x3E, 0x86, 0xF0, 0xD1, 0x54, 0x89, 0xFA, 0xCF, 0x2A, 0xDC, 0x8C, 0x27, 0x27, 0xFB, 0xCF,
    0x15, 0x2B, 0x44, 0xE9, 0x07, 0xC9, 0x14, 0x1E, 0x15, 0x43, 0xE2, 0x5D, 0x7D, 0x63, 0x25, 0xF4,
    0x35, 0x11, 0x22, 0x6D, 0x03, 0x86, 0x0D, 0x2D, 0x80, 0xE2, 0x41, 0xA1, 0x0F, 0x9A, 0x54, 0x60,
    0x48, 0xB7, 0xE3, 0xD9, 0x3F, 0x80, 0x5E, 0x46, 0xBB, 0xBA, 0x8D, 0x5B, 0x97, 0x88, 0x93, 0x88,
    0xCC, 0x42, 0x51, 0xD4, 0x90, 0xFA, 0x2B, 0x17, 0x71, 0xBD, 0xF5, 0x2F, 0x58, 0xBE, 0x28, 0x04,
    0x0E, 0xF5, 0x96, 0x7F, 0x00, 0x95, 0x53, 0xBF, 0x6F, 0x13, 0x31, 0x14, 0xFE, 0x6C, 0x47, 0x35,
    0xE9, 0x5D, 0x7C, 0x8C, 0x0C, 0x69, 0xB3, 0x74, 0xC8, 0x70, 0x80, 0x84, 0x82, 0x74, 0x95, 0x0E,
    0x7A, 0x2C, 0x6C, 0x48, 0x1D, 0xC2, 0x14, 0xD4, 0xF2, 0x07, 0xF0, 0xC3, 0x82, 0xAB, 0x40, 0xA8,
    0x6A, 0x6E, 0xEE, 0xC8, 0xC2, 0xC2, 0xC0, 0x88, 0xC4, 0x92, 0x81, 0xB9, 0xB5, 0xE0, 0x1F, 0xF0,
    0xC6, 0x7A, 0x4B, 0x98, 0x6F, 0x88, 0x50, 0x86, 0x34, 0xC7, 0x73, 0x92, 0x56, 0x45, 0xBA, 0x86,
    0xD4, 0xCF, 0x7E, 0xF7, 0xF4, 0xDE, 0xF7, 0x3E, 0xFB, 0xEC, 0xF7, 0xE4, 0x14, 0x8B, 0x51, 0x80,
    0x8D, 0xC0, 0xBF, 0x42, 0x3C, 0x83, 0x68, 0xC0, 0x53, 0x50, 0x12, 0x0D, 0x99, 0xDC, 0x2D, 0xB3,
    0x88, 0x9B, 0x0E, 0xB3, 0x1A, 0x79, 0x81, 0x81, 0x3C, 0xC3, 0xC5, 0x58, 0x1B, 0x63, 0xF3, 0x15,
    0xE0, 0x01, 0x2D, 0xC8, 0x6F, 0x08, 0x25, 0x22, 0x0F, 0x0F, 0x5E, 0x23, 0xF8, 0x85, 0x1A, 0x83,
    0xAC, 0x83, 0x8F, 0xAF, 0xC1, 0xEC, 0xAF, 0xC1, 0x6B, 0x2C, 0x52, 0x96, 0x30, 0x07, 0x53, 0xA8,
    0x9E, 0x51, 0x28, 0x14, 0x52, 0x85, 0x88, 0x66, 0x7F, 0x14, 0x2A, 0xC4, 0x33, 0x3B, 0x75, 0xFE,
    0x9E, 0x21, 0x0C, 0x58, 0x02, 0x6E, 0x70, 0x5A, 0x38, 0xCD, 0x0D, 0xFF, 0x63, 0x82, 0x9E, 0x09,
    0x85, 0x71, 0x3B, 0x72, 0xA7, 0x63, 0x61, 0x5A, 0xFB, 0x46, 0x92, 0x7F, 0xE2, 0x76, 0xEC, 0x4F,
    0x0F, 0xBA, 0x1A, 0x4E, 0x0E, 0xBA, 0xFD, 0xC9, 0xDC, 0x22, 0xFB, 0x69, 0xBF, 0xF4, 0x2E, 0xFD,
    0x31, 0x9D, 0x4E, 0xED, 0x23, 0x14, 0x49, 0x24, 0x92, 0x9D, 0x32, 0xEB, 0x00, 0x21, 0x10, 0x3C,
    0x06, 0x3F, 0x43, 0xAD, 0xA6, 0xDA, 0x22, 0x5F, 0x46, 0x44, 0xF9, 0xF5, 0x75, 0x88, 0x17, 0x60,
    0xC5, 0x7F, 0xB8, 0x80, 0x87, 0xB7, 0x3E, 0x12, 0x48, 0x5E, 0x29, 0xC0, 0xE1, 0xD6, 0xA7, 0xCE,
    0xA3, 0xBC, 0x0A, 0xB3, 0x33, 0xA3, 0xBF, 0x3A, 0x77, 0x1E, 0xAF, 0x42, 0xE0, 0x06, 0x70, 0x1B,
    0x18, 0xB8, 0xE8, 0x7B, 0xD8, 0x43, 0xD8, 0x0F, 0xB0, 0xEF, 0x60, 0xDF, 0x66, 0x56, 0x1B, 0xAB,
    0xBF, 0x58, 0xDD, 0xB1, 0x3A, 0xB4, 0xBA, 0x61, 0xB5, 0x67, 0xB5, 0xB0, 0x9A, 0x59, 0x42, 0xC6,
    0x18, 0x30, 0xE3, 0x52, 0xDE, 0x8C, 0x8F, 0x5E, 0xA6, 0x4A, 0x07, 0xDA, 0x3B, 0x17, 0xC6, 0x20,
    0x9E, 0x00, 0xA3, 0x6B, 0x11, 0xFA, 0xBE, 0x97, 0xF2, 0xBC, 0x8A, 0x8E, 0x58, 0x58, 0x99, 0x39,
    0xB2, 0x93, 0x44, 0xFE, 0xCE, 0x03, 0xA4, 0x21, 0xE2, 0x18, 0xCD, 0x08, 0x1B, 0x11, 0x1A, 0xA4,
    0xC9, 0x6E, 0x22, 0x26, 0x3F, 0x45, 0x1D, 0x66, 0xFA, 0xCF, 0xD3, 0x05, 0xEE, 0xBA, 0x4D, 0xC4,
    0xA8, 0xE6, 0x9C, 0x26, 0x9B, 0x3C, 0xAE, 0xE0, 0x92, 0x84, 0xFD, 0xC8, 0x70, 0x84, 0xD5, 0x99,
    0xEB, 0x02, 0x72, 0x7D, 0x51, 0xAC, 0xCB, 0x98, 0x4F, 0xCB, 0xB1, 0x18, 0x0E, 0x77, 0x03, 0x58,
    0x6C, 0xD0, 0x0A, 0x69, 0x45, 0x18, 0xEE, 0x46, 0x28, 0x8B, 0x88, 0xEC, 0x78, 0xE1, 0x73, 0x71,
    0x39, 0x1C, 0x76, 0x09, 0x3F, 0xE1, 0xE3, 0x96, 0x0D, 0xF6, 0xEE, 0x0F, 0x42, 0x61, 0xDB, 0x54,
    0xA7, 0xCD, 0x0E, 0x2F, 0x27, 0xF4, 0xA5, 0x0D, 0x08, 0xB7, 0xB7, 0xFD, 0x9C, 0xE2, 0x74, 0x39,
    0xF0, 0x7E, 0xC2, 0x9F, 0x9D, 0x58, 0xC3, 0x56, 0xCE, 0x14, 0x96, 0x4E, 0x33, 0x2B, 0xF3, 0x84,
    0xBB, 0x1A, 0xBF, 0xE3, 0xDF, 0xFB, 0x7C, 0xF3, 0x3B, 0x3D, 0xAF, 0xBA, 0x24, 0x9B, 0xDB, 0x27,
    0xAD, 0xE3, 0x8B, 0xA6, 0x5E, 0x91, 0xAB, 0x35, 0xEF, 0xEB, 0x0A, 0x26, 0xD7, 0xF7, 0xE7, 0x4D,
    0xBC, 0x22, 0xD9, 0x96, 0xDF, 0x6C, 0x7B, 0x79, 0x35, 0xDD, 0x5F, 0x95, 0x92, 0x31, 0x6B, 0x14,
    0x41, 0x18, 0x86, 0x9F, 0x99, 0x49, 0xB2, 0xF1, 0xD6, 0xDD, 0xBD, 0xC2, 0xC2, 0xE2, 0xBC, 0x6D,
    0x2C, 0x2C, 0x0E, 0x4C, 0xB1, 0xC5, 0x06, 0x36, 0xB0, 0x7F, 0x40, 0xF0, 0x07, 0x04, 0xE2, 0x1F,
    0x88, 0x0E, 0xBA, 0xA0, 0x88, 0xC8, 0xD6, 0xA9, 0xEC, 0x63, 0x71, 0xA5, 0xA0, 0xC5, 0xFE, 0x82,
    0x63, 0x7E, 0xC2, 0x40, 0x0A, 0xDB, 0xAD, 0xAC, 0xAF, 0xB0, 0x38, 0xD1, 0xA8, 0xDF, 0x6C, 0x22,
    0x28, 0xDE, 0x05, 0x6E, 0xE6, 0x63, 0xF8, 0xF8, 0xE6, 0x9D, 0x77, 0xDE, 0x79, 0xBF, 0x81, 0x31,
    0x14, 0x12, 0xFA, 0x67, 0x9F, 0x9F, 0xBB, 0x4A, 0x79, 0xCB, 0xB2, 0xC3, 0xF6, 0x34, 0x3D, 0x85,
    0xAC, 0x92, 0x37, 0x2C, 0xA5, 0x9E, 0x9F, 0xB7, 0xFA, 0x1B, 0xF0, 0x18, 0xE6, 0x43, 0x78, 0xFD,
    0xBD, 0xCD, 0x4E, 0x98, 0x19, 0x57, 0x2A, 0x57, 0xA8, 0xB0, 0x4A, 0x2E, 0x15, 0xBD, 0x62, 0x18,
    0xC9, 0x10, 0x13, 0x4B, 0x6F, 0xF1, 0xFF, 0x47, 0x83, 0x97, 0x53, 0x95, 0x71, 0xF9, 0x49, 0xAD,
    0x7F, 0x08, 0xDE, 0x09, 0x67, 0x08, 0xED, 0xBA, 0x8C, 0x2E, 0xFD, 0x37, 0xA6, 0x1C, 0x2E, 0xC8,
    0xCF, 0x40, 0x61, 0x1E, 0xA1, 0xBE, 0x0E, 0x37, 0x2C, 0x43, 0xA2, 0x3F, 0x60, 0x8E, 0x31, 0x09,
    0x71, 0x4A, 0x1A, 0x91, 0x44, 0xF5, 0xC3, 0x5F, 0x6D, 0xA9, 0x45, 0x92, 0xDC, 0xD2, 0x2F, 0xE9,
    0x04, 0x78, 0x6B, 0x0F, 0xF3, 0x29, 0xE0, 0x65, 0xEC, 0xAD, 0x98, 0x3E, 0x85, 0x18, 0x72, 0xA2,
    0x8F, 0xCC, 0x22, 0xCA, 0x98, 0xA3, 0x67, 0x64, 0x9F, 0x19, 0x8F, 0x1F, 0xCC, 0xB3, 0x16, 0xA2,
    0x8D, 0x13, 0x9E, 0x1C, 0x94, 0x3E, 0x60, 0x58, 0xBB, 0x5B, 0x73, 0x51, 0x73, 0x34, 0x88, 0x5B,
    0xD4, 0xD1, 0x97, 0x3E, 0xA3, 0x99, 0x51, 0x55, 0x4C, 0x4A, 0xEE, 0x95, 0x24, 0xB2, 0x4A, 0x3E,
    0xA1, 0x92, 0xBA, 0xEC, 0x0A, 0x46, 0x80, 0x23, 0x11, 0xF7, 0xFE, 0x5A, 0x9C, 0x78, 0xB7, 0xC9,
    0xD3, 0x1D, 0x15, 0xDE, 0x79, 0xF5, 0xF2, 0xB5, 0x86, 0xAE, 0xF3, 0xF4, 0xFE, 0xDD, 0xC4, 0x1A,
    0x1F, 0x8E, 0x74, 0xE9, 0x5F, 0x73, 0x7A, 0xB8, 0xC8, 0xCF, 0xA2, 0xCB, 0x50, 0xDF, 0xDD, 0x65,
    0x34, 0xDA, 0x82, 0x33, 0x17, 0x01, 0xFB, 0x77, 0x26, 0xC5, 0x7A, 0x4E, 0x76, 0xA0, 0x0C, 0x9F,
    0x64, 0x5B, 0x5A, 0x71, 0xCE, 0xA9, 0x9B, 0x88, 0xC1, 0xDC, 0xBE, 0x36, 0x69, 0x6B, 0x6E, 0x92,
    0x03, 0xE3, 0x6E, 0x92, 0xAD, 0xC4, 0x79, 0x01, 0xBC, 0xDB, 0x9A, 0x5A, 0x7A, 0x22, 0xD2, 0x37,
    0x13, 0xEB, 0x2B, 0x62, 0x1B, 0x76, 0x5F, 0xE1, 0xDF, 0xE0, 0x5F, 0xE3, 0x5F, 0xE2, 0x5F, 0xB4,
    0xDE, 0x3A, 0x6F, 0xE7, 0xDE, 0x16, 0xDE, 0xCE, 0xBC, 0x4D, 0xBC, 0x8D, 0xBD, 0x74, 0xCA, 0x2A,
    0x69, 0x56, 0x8A, 0x69, 0x19, 0x9A, 0xF6, 0x7C, 0xF5, 0xF6, 0xB4, 0x49, 0x6D, 0x66, 0xE3, 0x3F,
    0xF3, 0x37, 0x13, 0x60, 0xB0, 0x61, 0xE0, 0x76, 0x60, 0xBA, 0xC0, 0x50, 0xC2, 0xC0, 0xC3, 0xC0,
    0xC1, 0x50, 0xC2, 0x78, 0x81, 0xDD, 0x41, 0x97, 0x41, 0x85, 0xA1, 0xFE, 0x02, 0x03, 0x83, 0x4D,
    0xAD, 0x0D, 0x83, 0x02, 0x63, 0x83, 0x0E, 0x73, 0x03, 0x1F, 0x37, 0x03, 0x3B, 0x0F, 0x03, 0xD3,
    0x0F, 0x06, 0x86, 0x0F, 0x0C, 0x0C, 0x01, 0x0C, 0x00, 0x95, 0x55, 0xCF, 0x6F, 0xDC, 0x44, 0x14,
    0xFE, 0xEC, 0x81, 0x4C, 0xC9, 0xC4, 0xDE, 0x1E, 0xA8, 0x54, 0x14, 0x67, 0x93, 0x63, 0x91, 0xDC,
    0x94, 0x83, 0x2B, 0x59, 0x62, 0x43, 0x2D, 0x21, 0xD1, 0x5B, 0x4F, 0x4D, 0x11, 0xB4, 0x28, 0x17,
    0x8E, 0xFD, 0x31, 0x6D, 0x6C, 0x75, 0x55, 0x36, 0xD8, 0xA8, 0x07, 0x0E, 0xFC, 0x13, 0x3D, 0x70,
    0x40, 0xA2, 0x07, 0x23, 0x85, 0x6B, 0xE3, 0x13, 0x5C, 0x0D, 0x12, 0xAA, 0x10, 0x97, 0x39, 0xA0,
    0x72, 0x41, 0xB0, 0x87, 0x45, 0x0A, 0x52, 0xB6, 0xE6, 0x1B, 0x7B, 0x13, 0xA5, 0x49, 0x5B, 0x95,
    0x9D, 0xEF, 0xAD, 0x9F, 0xDF, 0xBC, 0x99, 0xF1, 0xBC, 0xF9, 0xDE, 0x9B, 0x85, 0xE0, 0xC4, 0x69,
    0x20, 0x7F, 0x9A, 0x5D, 0xD6, 0xB0, 0x2D, 0xBB, 0x9C, 0xEF, 0x75, 0x1A, 0xF5, 0xF5, 0xBC, 0xC1,
    0x18, 0xCE, 0x04, 0xEE, 0x37, 0x10, 0xD7, 0x20, 0x3C, 0x28, 0x1F, 0xBE, 0x84, 0x27, 0x93, 0x73,
    0x4D, 0x11, 0xBB, 0x55, 0xE4, 0xD4, 0x1A, 0x66, 0x8C, 0x92, 0x8E, 0xD9, 0x3A, 0x87, 0xCC, 0x90,
    0xDA, 0x29, 0xA1, 0x65, 0xA1, 0xDD, 0xCA, 0x42, 0x54, 0xE9, 0x62, 0x92, 0xFF, 0x8B, 0x7C, 0x17,
    0xE9, 0x06, 0xB4, 0x48, 0x2C, 0x24, 0xD2, 0x3E, 0xF2, 0xE9, 0xBE, 0x9B, 0x63, 0x3D, 0x67, 0x6E,
    0x07, 0x9F, 0x73, 0xB4, 0xA1, 0x19, 0x3B, 0xBF, 0x94, 0x6E, 0x55, 0xBA, 0x45, 0x29, 0x88, 0xA4,
    0x14, 0x28, 0x25, 0x4A, 0x85, 0xD2, 0x47, 0xE9, 0xA1, 0x3C, 0xBB, 0xBE, 0xBD, 0xD3, 0x4C, 0x35,
    0xBC, 0x0E, 0x2B, 0x38, 0xF1, 0xE2, 0xBD, 0x6D, 0x0B, 0x0C, 0xAF, 0x0B, 0xFC, 0xEE, 0x0B, 0xB7,
    0x92, 0x42, 0x24, 0xE2, 0xBE, 0x82, 0xF3, 0xF8, 0x13, 0x38, 0xCD, 0x14, 0x56, 0xB7, 0x36, 0xDB,
    0x17, 0x08, 0xD4, 0x31, 0xD7, 0xE1, 0x5A, 0xF1, 0xDC, 0x14, 0xFD, 0x8D, 0xE4, 0x35, 0x51, 0xC1,
    0xAD, 0x20, 0x0A, 0x2C, 0xC2, 0x7D, 0x0A, 0xC8, 0x0A, 0xA8, 0x01, 0xB3, 0xE2, 0xD4, 0xAB, 0x57,
    0x0B, 0xFA, 0x68, 0xC7, 0x68, 0x61, 0xB4, 0x34, 0xDA, 0x33, 0x3A, 0x34, 0x3A, 0x32, 0xBA, 0x34,
    0xBA, 0x36, 0x9B, 0x95, 0xB9, 0x0B, 0x73, 0x0F, 0x66, 0x04, 0x33, 0x84, 0x79, 0xDD, 0x81, 0x54,
    0x70, 0x77, 0xC1, 0xDF, 0x2B, 0x0E, 0xD1, 0x6E, 0x6D, 0x03, 0xE6, 0x43, 0x87, 0xD0, 0x11, 0xB2,
    0x12, 0xB9, 0x81, 0x4E, 0xDB, 0x57, 0x1A, 0x25, 0xA3, 0x5B, 0x69, 0x7E, 0x4C, 0x1B, 0x28, 0xA7,
    0x8B, 0x7E, 0x71, 0x10, 0x71, 0xAD, 0x5A, 0x2F, 0x0F, 0x7A, 0x04, 0x3D, 0x81, 0x1E, 0x62, 0x30,
    0xC2, 0x68, 0x0B, 0x7B, 0xF7, 0xF0, 0xE7, 0x5D, 0xE7, 0xE1, 0xE6, 0xFB, 0xD7, 0xEF, 0xDC, 0x0F,
    0x6F, 0xFF, 0x10, 0xEA, 0x5F, 0x43, 0xFD, 0x30, 0xD4, 0x71, 0xA8, 0xA3, 0x50, 0x83, 0xA8, 0x0F,
    0x23, 0x5B, 0xAF, 0xF3, 0xA6, 0x3E, 0x62, 0xB4, 0x8B, 0x3E, 0x4A, 0xE4, 0x13, 0xD3, 0x43, 0x1A,
    0x62, 0x30, 0x40, 0x10, 0x63, 0x29, 0x86, 0xC7, 0x7F, 0xEA, 0x01, 0x06, 0xB4, 0xB3, 0x97, 0x3E,
    0x1C, 0xCB, 0x19, 0x8E, 0x0F, 0x3F, 0x02, 0x92, 0x25, 0x9B, 0x91, 0xA5, 0xE8, 0xF6, 0x40, 0xEE,
    0xD0, 0x78, 0xC0, 0xB2, 0x0E, 0x9C, 0x50, 0x3C, 0xA9, 0x7B, 0x40, 0x00, 0x84, 0x40, 0xBC, 0x8F,
    0x41, 0xFB, 0xDA, 0xC3, 0xC9, 0x83, 0x45, 0x4F, 0xFD, 0x93, 0x90, 0xCE, 0x2F, 0x47, 0x89, 0x3A,
    0x75, 0xAB, 0x58, 0x14, 0x81, 0x84, 0xAF, 0xA0, 0x3C, 0x4B, 0x7C, 0xD2, 0x9F, 0x49, 0x60, 0x1D,
    0x8C, 0x3D, 0xEA, 0x73, 0x5C, 0xD4, 0xA3, 0xF8, 0x80, 0xDB, 0x4C, 0xD0, 0xBB, 0xD4, 0x47, 0xC8,
    0x94, 0x88, 0x3D, 0x51, 0x44, 0x14, 0xFB, 0xB4, 0xEF, 0xBD, 0x4B, 0xAB, 0x6D, 0xBF, 0xF5, 0xB3,
    0xFE, 0x91, 0xA8, 0x42, 0xE6, 0x8E, 0x0F, 0x15, 0x40, 0x0C, 0xE1, 0x32, 0xB3, 0xC6, 0x10, 0x13,
    0xC8, 0x10, 0xBE, 0x87, 0x40, 0x21, 0xE6, 0x56, 0xBB, 0x44, 0x78, 0x29, 0xB2, 0x2B, 0x8C, 0x3E,
    0xA7, 0x8D, 0xF6, 0xB1, 0xF2, 0x40, 0x24, 0x1D, 0xDA, 0x84, 0xB0, 0x47, 0xBD, 0xF6, 0x61, 0xA2,
    0x9A, 0x04, 0xE2, 0x19, 0xF0, 0xF0, 0xEB, 0x57, 0x95, 0x6C, 0xC3, 0x9E, 0x71, 0x53, 0xFF, 0xCF,
    0x31, 0x86, 0x63, 0xF6, 0xD0, 0x46, 0x1E, 0x67, 0x66, 0xF2, 0x66, 0xCE, 0xC0, 0x9D, 0x2A, 0xA9,
    0x1D, 0x96, 0x1D, 0xEE, 0xE0, 0xFB, 0x9B, 0xD4, 0x65, 0x02, 0xA6, 0x32, 0x25, 0x69, 0xF5, 0xEF,
    0x6E, 0xB6, 0x7D, 0x1A, 0xF2, 0x98, 0x64, 0x94, 0x7C, 0x4A, 0xBD, 0x67, 0x59, 0x7E, 0x91, 0xF2,
    0x65, 0xFB, 0xCC, 0x36, 0x68, 0xDF, 0x95, 0x47, 0x89, 0x91, 0x25, 0x6D, 0x11, 0x52, 0xC9, 0x7E,
    0x11, 0x2A, 0x3A, 0xFE, 0xA8, 0x5D, 0xBC, 0x77, 0x0B, 0x27, 0xB9, 0xA6, 0x63, 0xD3, 0xD6, 0x59,
    0x37, 0xA2, 0x31, 0xF6, 0x68, 0x49, 0x60, 0xA7, 0x5A, 0x11, 0x05, 0x7B, 0x95, 0xA5, 0xD9, 0x23,
    0xA6, 0xD3, 0x6F, 0x35, 0xF3, 0x65, 0xCC, 0xE4, 0x4A, 0x75, 0x8C, 0x38, 0x63, 0xBE, 0x70, 0x06,
    0x26, 0x06, 0x06, 0xF6, 0xBD, 0xB5, 0xDB, 0x7E, 0xF9, 0xB8, 0xD6, 0xCE, 0x23, 0xCC, 0x35, 0x55,
    0xFF, 0x4A, 0x15, 0x3A, 0x55, 0xEC, 0x54, 0x03, 0xA7, 0xEA, 0x3B, 0x95, 0x6C, 0x2A, 0xE7, 0xE7,
    0x4A, 0x7C, 0x51, 0x29, 0xA7, 0xF2, 0x1D, 0xDB, 0x95, 0x3A, 0xD5, 0xDC, 0x2E, 0xFA, 0xDC, 0xA6,
    0x02, 0x96, 0x21, 0xBF, 0x05, 0x59, 0x11, 0x2B, 0xAC, 0xDD, 0x42, 0xEF, 0x31, 0xF0, 0x16, 0xE4,
    0x14, 0xAB, 0x89, 0x3D, 0x57, 0x86, 0xE9, 0xC9, 0x04, 0xD3, 0xB3, 0x30, 0x0C, 0xAE, 0x84, 0x91,
    0x78, 0xC0, 0xF4, 0xED, 0x61, 0x6D, 0x04, 0x65, 0x90, 0x4F, 0x74, 0xA8, 0x17, 0x74, 0xC8, 0xE7,
    0x92, 0xF6, 0xF5, 0x52, 0x3E, 0xC9, 0xC7, 0xE9, 0x91, 0x72, 0xA9, 0x1A, 0x28, 0x85, 0x79, 0x5B,
    0xB1, 0x2D, 0x16, 0x24, 0x48, 0xEB, 0x58, 0x26, 0x3B, 0x4D, 0x4D, 0xA2, 0x77, 0xE0, 0x59, 0xB0,
    0x00, 0xF9, 0x1B, 0x08, 0x45, 0x42, 0x06, 0x5E, 0x68, 0x8A, 0xA8, 0xCB, 0x9C, 0x0F, 0xE0, 0x4E,
    0x91, 0x92, 0x97, 0x61, 0xB0, 0x8A, 0xF9, 0x20, 0x82, 0xBC, 0x56, 0xC2, 0x86, 0x4A, 0x51, 0xF7,
    0x82, 0x10, 0x71, 0xC0, 0x3A, 0xC2, 0xFE, 0xC5, 0xC9, 0xDB, 0xD7, 0x49, 0xF0, 0x50, 0x4E, 0xB0,
    0x04, 0xFF, 0xFC, 0x8D, 0xE5, 0x89, 0xEE, 0xE9, 0x65, 0xFD, 0xAE, 0xFE, 0xE3, 0xF6, 0x8F, 0x9B,
    0x17, 0xEF, 0xC9, 0x91, 0x4C, 0xE5, 0xE9, 0x85, 0x20, 0x94, 0xA6, 0xAD, 0x73, 0xC7, 0xFA, 0x74,
    0x1F, 0x0C, 0xA6, 0x2E, 0x91, 0xD5, 0xC8, 0x2B, 0x68, 0x63, 0x0B, 0x5B, 0x57, 0xCF, 0x64, 0x93,
    0x48, 0x99, 0x28, 0x91, 0xCC, 0xB7, 0xF0, 0x5A, 0x8C, 0x44, 0xB2, 0xCD, 0x62, 0xE0, 0xD6, 0x23,
    0x51, 0x6F, 0xCD, 0xD7, 0x9F, 0x79, 0xF5, 0x66, 0x50, 0xDF, 0xF9, 0xBA, 0xBE, 0x3D, 0xAE, 0xB5,
    0x69, 0x8B, 0x87, 0xB2, 0x2D, 0xBB, 0x9A, 0x37, 0x9D, 0xA6, 0x15, 0x77, 0xD8, 0xB3, 0x3B, 0xB4,
    0x07, 0x13, 0xB5, 0xC7, 0x43, 0x9D, 0x16, 0xDA, 0xF3, 0x26, 0xED, 0xED, 0xBB, 0x75, 0xED, 0xCE,
    0x2E, 0x3E, 0xBF, 0xD9, 0x96, 0xCA, 0x59, 0xD9, 0xB4, 0x99, 0xB3, 0x75, 0x03, 0x77, 0x27, 0xCF,
    0xF0, 0xCB, 0xCE, 0xF9, 0xD1, 0xAC, 0xE4, 0x44, 0xED, 0xBF, 0x8D, 0xDA, 0xC7, 0xD6, 0xBE, 0xD3,
    0xC0, 0xB5, 0x64, 0x7A, 0x0E, 0xC8, 0xF3, 0x88, 0xA9, 0xEE, 0x83, 0xC1, 0xF3, 0x02, 0xA8, 0x18,
    0xE2, 0x1D, 0x08, 0xD6, 0x02, 0x63, 0x7B, 0x79, 0xA9, 0x2C, 0x02, 0x5B, 0x5D, 0x71, 0x39, 0x2C,
    0xF2, 0xAF, 0x3D, 0xF8, 0xB7, 0xB8, 0x05, 0x9F, 0xA7, 0xE4, 0xB3, 0xD0, 0x50, 0xEC, 0x73, 0xE0,
    0xCB, 0xA4, 0x4F, 0xBB, 0xFC, 0x7B, 0xF7, 0xD8, 0x98, 0xC8, 0x47, 0xC8, 0xDA, 0xC2, 0x83, 0x33,
    0xE0, 0x85, 0x45, 0xCE, 0x78, 0x11, 0xE2, 0xEE, 0x9E, 0x78, 0x1E, 0x52, 0x9F, 0xC1, 0x38, 0xF4,
    0xA9, 0xCC, 0x89, 0xD0, 0xB6, 0xED, 0xF0, 0xC2, 0x1E, 0xF7, 0xD6, 0x36, 0x7D, 0xC6, 0x7B, 0x0E,
    0x06, 0x4B, 0x39, 0x2F, 0xDD, 0x33, 0xA4, 0xC3, 0x8B, 0x64, 0xC0, 0xAB, 0xBE, 0x69, 0x0A, 0x46,
    0xED, 0x90, 0x30, 0xD3, 0x0F, 0x96, 0x6B, 0x0A, 0xE7, 0xA7, 0xF1, 0xAC, 0xC4, 0x51, 0x69, 0x0A,
    0xF2, 0xB7, 0x43, 0x6E, 0xB4, 0x1E, 0x6A, 0x92, 0x9D, 0x48, 0x87, 0xED, 0x6B, 0x4B, 0x6E, 0x2A,
    0x23, 0xED, 0x69, 0x2F, 0x1D, 0xE5, 0x66, 0xB9, 0x3E, 0x3F, 0xE4, 0x05, 0xE0, 0xF5, 0x9E, 0x92,
    0x88, 0xC1, 0xA7, 0xC3, 0x73, 0xE4, 0x80, 0xD1, 0x6B, 0x23, 0x5D, 0x7A, 0x99, 0xF1, 0xF3, 0x5A,
    0x69, 0xE3, 0x53, 0xB7, 0x16, 0x65, 0x64, 0x83, 0xBE, 0xB2, 0x59, 0xB7, 0x24, 0x49, 0x30, 0x88,
    0xAF, 0xA0, 0x5A, 0x3D, 0x96, 0x98, 0x7B, 0xC3, 0x96, 0xFC, 0xEE, 0xF7, 0x92, 0xAC, 0xF8, 0x0F,
    0x95, 0x97, 0x4F, 0x68, 0x1B, 0x47, 0x14, 0xC6, 0xBF, 0x9D, 0xD1, 0x6A, 0x65, 0xAD, 0x56, 0xF2,
    0x21, 0x04, 0x43, 0xD7, 0x56, 0x0F, 0x3D, 0x88, 0xA2, 0xA4, 0x0A, 0x88, 0xB0, 0x01, 0x19, 0xEF,
    0xC9, 0xF4, 0x90, 0x83, 0x28, 0xF1, 0xCD, 0x25, 0x2D, 0xF4, 0x68, 0x5A, 0x15, 0x94, 0x5B, 0x82,
    0xB6, 0xB4, 0xA7, 0xF4, 0xE2, 0x06, 0x12, 0x08, 0xF6, 0x41, 0xB7, 0x04, 0x72, 0x11, 0xC5, 0xD7,
    0x98, 0x3D, 0x07, 0x0A, 0x0B, 0x86, 0x04, 0x72, 0x5A, 0x08, 0xD4, 0xF4, 0x54, 0x51, 0x9B, 0x92,
    0x52, 0xD7, 0xEE, 0x9B, 0xD9, 0xD5, 0x1F, 0x13, 0x7B, 0x77, 0x66, 0x35, 0x5E, 0xD6, 0xAB, 0x99,
    0xEF, 0xF7, 0x66, 0xE6, 0x9B, 0x37, 0x23, 0x8C, 0x61, 0x1C, 0x83, 0x3D, 0x07, 0xDF, 0x04, 0x77,
    0x60, 0x57, 0x51, 0xB5, 0xE0, 0x58, 0xFE, 0x67, 0x67, 0x81, 0xC7, 0xC2, 0xB6, 0x11, 0xF5, 0x10,
    0x8F, 0x31, 0x42, 0x72, 0x8D, 0x44, 0x29, 0xBE, 0xC7, 0xCA, 0xB7, 0x80, 0x0D, 0xD4, 0x61, 0xBD,
    0x40, 0xD3, 0x82, 0x67, 0x63, 0xF5, 0x3B, 0xD4, 0xDE, 0xA4, 0xB5, 0x10, 0xC9, 0x12, 0x03, 0x6D,
    0xA0, 0x27, 0xDF, 0x28, 0x52, 0xA6, 0x4D, 0x7C, 0xD1, 0x28, 0x07, 0x64, 0x84, 0xF8, 0x1B, 0xFC,
    0xB6, 0x8E, 0x3E, 0xE9, 0x52, 0xAB, 0x23, 0xF0, 0x2D, 0x98, 0xA5, 0x34, 0xD8, 0x6C, 0x4A, 0x03,
    0x58, 0x38, 0xD6, 0xA5, 0x88, 0x1E, 0x34, 0xC6, 0xB0, 0x15, 0x29, 0xC5, 0xA4, 0x2F, 0xBE, 0x1E,
    0x25, 0x69, 0xF5, 0x97, 0x4F, 0xD5, 0x72, 0x11, 0xC6, 0x0F, 0xB0, 0x5E, 0xA2, 0x20, 0xC5, 0xD3,
    0xFA, 0x6A, 0x14, 0xFE, 0x18, 0xE6, 0x7D, 0x39, 0xD8, 0x54, 0xB9, 0x94, 0x47, 0x39, 0x86, 0xE5,
    0xE8, 0x0D, 0xD4, 0xD4, 0x54, 0x09, 0x82, 0xEA, 0x97, 0x4C, 0x85, 0xA9, 0x9F, 0x7A, 0x4C, 0xCE,
    0x50, 0xE1, 0x6B, 0x14, 0x17, 0xC0, 0xDE, 0xEB, 0xA0, 0xAF, 0x00, 0x2D, 0x54, 0x1E, 0xA1, 0xEC,
    0xA4, 0x0D, 0xB3, 0x89, 0x2C, 0x44, 0xE1, 0x17, 0x6D, 0x8A, 0x21, 0xED, 0x56, 0xF9, 0x42, 0x8D,
    0xB2, 0x2D, 0xCC, 0x5F, 0xF8, 0x1E, 0x96, 0x6E, 0x5F, 0xE4, 0xAA, 0x29, 0xDC, 0x80, 0xB3, 0x2E,
    0xC6, 0x9F, 0x1D, 0xE7, 0x80, 0xF8, 0x13, 0x14, 0x9A, 0x30, 0x4D, 0x3D, 0x4A, 0xE2, 0x04, 0xB2,
    0x50, 0x51, 0x01, 0x51, 0x30, 0xF4, 0x7B, 0x31, 0x67, 0x86, 0x4A, 0x11, 0xB6, 0xDA, 0xBC, 0x4C,
    0x9D, 0x30, 0x38, 0xBD, 0x77, 0xA7, 0x07, 0xF1, 0xB9, 0x77, 0x67, 0x70, 0x92, 0x3C, 0xD1, 0xF3,
    0xC6, 0xE0, 0x2C, 0xAD, 0x13, 0x91, 0x5C, 0xF5, 0x2E, 0x9A, 0xDC, 0xF7, 0xB8, 0xBF, 0x76, 0x16,
    0x50, 0x9E, 0x69, 0x02, 0xB5, 0x75, 0xB0, 0xFF, 0x26, 0x42, 0xB1, 0x28, 0x2C, 0xA2, 0x00, 0x48,
    0xF2, 0x72, 0x41, 0xE3, 0x7C, 0x96, 0xCA, 0xD0, 0x5D, 0xC0, 0xA7, 0xAF, 0x3E, 0xBE, 0x8F, 0xEC,
    0xE0, 0xEC, 0x1F, 0x51, 0x79, 0x86, 0xC2, 0xB5, 0x1C, 0x2D, 0x71, 0x71, 0x9F, 0xFD, 0x81, 0xF2,
    0x27, 0xE2, 0x71, 0x70, 0x4A, 0x5A, 0x22, 0x86, 0xA4, 0xD0, 0xF3, 0xE0, 0x64, 0xF6, 0xAF, 0x78,
    0xB3, 0x01, 0x29, 0x7F, 0x41, 0xC6, 0xCB, 0xA4, 0xF4, 0x70, 0x35, 0x16, 0x88, 0xCC, 0x98, 0xBF,
    0xFA, 0x20, 0xBF, 0x65, 0x69, 0x2E, 0x50, 0xE4, 0x60, 0x87, 0x28, 0x37, 0x74, 0x22, 0xA7, 0xFC,
    0xC6, 0x02, 0xE3, 0xC8, 0xB7, 0x36, 0xF3, 0x11, 0xF6, 0xE7, 0xA5, 0x3D, 0x16, 0x65, 0x87, 0xCD,
    0x7F, 0x9A, 0xA4, 0xB2, 0x31, 0x8A, 0x6E, 0x8E, 0x20, 0x8F, 0x9D, 0x06, 0x14, 0x4C, 0x95, 0xC8,
    0x59, 0x93, 0xB4, 0xA5, 0xE8, 0xB1, 0x3D, 0xB7, 0x8D, 0xDE, 0xFC, 0x85, 0xB8, 0x21, 0x1C, 0x75,
    0xE1, 0x05, 0xF4, 0xFB, 0xE2, 0x3E, 0xF7, 0x82, 0xFE, 0xF6, 0x7D, 0xEB, 0xF7, 0xB8, 0x86, 0x7E,
    0x13, 0x9D, 0x0E, 0x5C, 0x0F, 0xCB, 0x1E, 0x1C, 0xBA, 0xD3, 0xB3, 0x8B, 0x0E, 0xBD, 0xA7, 0x6F,
    0xA9, 0x4E, 0x0A, 0x6D, 0x8A, 0x42, 0xB1, 0xD5, 0x44, 0x6C, 0xA1, 0x67, 0xD0, 0xAA, 0x13, 0x77,
    0x7A, 0xA6, 0x37, 0xE9, 0x2A, 0x9D, 0x26, 0x62, 0x0F, 0xA8, 0x02, 0x49, 0x1E, 0x57, 0xA4, 0x24,
    0x0B, 0xA2, 0x3D, 0x5B, 0x10, 0x99, 0xA0, 0x16, 0xAE, 0x85, 0x78, 0xA7, 0xA3, 0x2F, 0x74, 0x69,
    0xAB, 0x03, 0xDF, 0x05, 0x33, 0x67, 0x6E, 0xC8, 0xA0, 0x08, 0xF3, 0x6C, 0x41, 0x93, 0x22, 0xCC,
    0xD7, 0x24, 0x5B, 0xAB, 0x52, 0xB6, 0x45, 0x8B, 0xE6, 0x10, 0xEF, 0x7C, 0x0D, 0xCA, 0x74, 0xDB,
    0xFE, 0x52, 0x01, 0xF1, 0x4D, 0x80, 0x3F, 0x7D, 0xDA, 0x45, 0x40, 0xD9, 0x41, 0x8B, 0x42, 0xB2,
    0x4F, 0x61, 0x2E, 0xCD, 0xED, 0xF7, 0xD9, 0xA0, 0x55, 0xE0, 0x40, 0x8E, 0xB3, 0xBE, 0xAF, 0xA6,
    0x3B, 0xB7, 0xC9, 0x54, 0x66, 0x7F, 0x62, 0x33, 0xDA, 0x49, 0x96, 0x17, 0xD1, 0x17, 0xBE, 0x61,
    0xA7, 0x71, 0x7D, 0x27, 0xEC, 0x88, 0x9D, 0x60, 0x3C, 0x42, 0x2F, 0x46, 0x3F, 0x46, 0x9B, 0xEE,
    0xF4, 0xDC, 0xC7, 0x98, 0xDE, 0xD7, 0x77, 0x02, 0xF6, 0x8F, 0x6C, 0xEB, 0x48, 0xE2, 0xA8, 0x8B,
    0xED, 0x21, 0x40, 0x25, 0x62, 0xFF, 0x06, 0x97, 0xE1, 0x0C, 0x4A, 0x3B, 0xE1, 0x22, 0x46, 0x7A,
    0x08, 0x4B, 0xB4, 0xA2, 0x45, 0xDA, 0x45, 0x2B, 0x1F, 0x21, 0x9C, 0xDF, 0x58, 0x44, 0x5B, 0x07,
    0x91, 0x2E, 0x96, 0x2E, 0x86, 0xF9, 0xFA, 0x64, 0x43, 0xE7, 0xA0, 0x5B, 0x59, 0xD3, 0xEB, 0x42,
    0xD9, 0x40, 0xE5, 0x75, 0x77, 0x69, 0x55, 0x21, 0x7E, 0x2C, 0x26, 0xD1, 0x68, 0x4C, 0xC1, 0xEC,
    0xC4, 0xD6, 0x95, 0xFA, 0xB9, 0x88, 0x59, 0x93, 0x1E, 0xA2, 0x0B, 0x4B, 0x1F, 0x11, 0xB5, 0xEA,
    0xF0, 0xB0, 0x7E, 0xD7, 0x67, 0x27, 0x93, 0x26, 0x52, 0x7B, 0x54, 0x9D, 0xFB, 0xAC, 0xDC, 0xDA,
    0xAF, 0x3F, 0x4C, 0x8E, 0x63, 0x74, 0x20, 0x9B, 0xFB, 0x7D, 0xA1, 0x2C, 0xCC, 0x03, 0x44, 0xB4,
    0xFC, 0x44, 0x40, 0x1F, 0x0A, 0xD3, 0x5E, 0xD6, 0x71, 0x30, 0x24, 0x8F, 0xB9, 0x94, 0x91, 0x55,
    0x23, 0x6D, 0x8B, 0x9E, 0xB1, 0x30, 0x64, 0xBE, 0x3C, 0x88, 0xB0, 0x70, 0x54, 0x23, 0xF1, 0xF3,
    0x65, 0x05, 0xB7, 0xF6, 0x41, 0x04, 0x26, 0xCC, 0xE5, 0x60, 0xA4, 0x87, 0x70, 0x65, 0x46, 0xE6,
    0x41, 0x68, 0x04, 0xF9, 0x08, 0x39, 0x2C, 0x0E, 0x7A, 0x1A, 0x08, 0x1A, 0x14, 0x79, 0x88, 0x0A,
    0x99, 0x82, 0xBE, 0x69, 0xC0, 0x39, 0x74, 0x2A, 0xD7, 0xF5, 0xBA, 0xB0, 0x52, 0xC1, 0xCD, 0xDD,
    0xA0, 0xB5, 0xA7, 0x10, 0x7F, 0xBA, 0xCC, 0x35, 0x67, 0x61, 0xE2, 0x17, 0xB1, 0x51, 0x40, 0x91,
    0x22, 0x12, 0x31, 0x15, 0xE6, 0x8B, 0x43, 0x5F, 0x62, 0xA4, 0x0E, 0x62, 0xD7, 0x08, 0xAB, 0x3C,
    0xB0, 0x38, 0xF8, 0xCF, 0x30, 0x7E, 0x03, 0x48, 0x7F, 0x0F, 0xE7, 0x0E, 0x28, 0xB2, 0xA6, 0x9C,
    0x91, 0xC9, 0x6F, 0x10, 0xB2, 0x00, 0xF7, 0xDB, 0x36, 0xBC, 0x2A, 0x5C, 0x07, 0x8E, 0x0B, 0xDB,
    0x03, 0x6F, 0x81, 0xD3, 0xD1, 0x37, 0x96, 0x88, 0x10, 0x1F, 0x01, 0x0F, 0x74, 0xF4, 0x13, 0x5B,
    0x53, 0xC9, 0x57, 0xB6, 0xF0, 0xC0, 0x92, 0x22, 0xAE, 0x74, 0xA3, 0x0E, 0x25, 0xED, 0xF8, 0x50,
    0xAF, 0x17, 0x34, 0x62, 0xE5, 0x5F, 0x83, 0x52, 0x5D, 0x8F, 0x45, 0xE7, 0xA0, 0xA5, 0xB7, 0xA2,
    0x81, 0x3A, 0xE8, 0x7F, 0x7D, 0x50, 0x31, 0x6B, 0xDB, 0x40, 0x14, 0xFE, 0xA4, 0x8B, 0x2B, 0x9B,
    0xB3, 0x1B, 0x51, 0x3C, 0x98, 0xD6, 0x6E, 0x1C, 0xD0, 0x20, 0x8C, 0x42, 0x85, 0x7B, 0x14, 0x05,
    0x62, 0x74, 0x3F, 0xC1, 0x78, 0xC8, 0xAC, 0x78, 0x29, 0x64, 0x3A, 0x8C, 0x07, 0x65, 0xEA, 0x25,
    0x90, 0x4C, 0x19, 0xB4, 0xA4, 0x73, 0x86, 0x76, 0xF1, 0xA4, 0x42, 0x0B, 0xDD, 0x7A, 0xA4, 0x50,
    0xC8, 0xE6, 0x9F, 0xA0, 0x9F, 0x20, 0xFA, 0x07, 0xDC, 0x67, 0x51, 0xD7, 0xC1, 0x43, 0xEF, 0xDE,
    0xFB, 0xEE, 0x7D, 0xEF, 0xDE, 0x1D, 0xDF, 0x7B, 0x0B, 0x09, 0xC4, 0x06, 0x04, 0x2B, 0xFC, 0x43,
    0x3A, 0x56, 0xE5, 0x62, 0xB1, 0xF8, 0x34, 0xD9, 0x59, 0x96, 0xAB, 0x4C, 0x99, 0xAB, 0xD4, 0x0B,
    0x75, 0x05, 0x2E, 0xF1, 0x07, 0xFD, 0xDB, 0x7C, 0x59, 0xAA, 0x65, 0x5A, 0x7A, 0x49, 0x98, 0x5D,
    0xCA, 0x6D, 0x04, 0x09, 0xCB, 0x6C, 0xED, 0xC7, 0x4A, 0x3E, 0xA5, 0x3B, 0x46, 0xC5, 0xFF, 0xAF,
    0xDF, 0xA1, 0x54, 0x7C, 0x80, 0x58, 0xC7, 0x26, 0xD6, 0x35, 0xE4, 0x98, 0x97, 0x98, 0x93, 0xF0,
    0xC8, 0x41, 0x11, 0x71, 0x59, 0xAE, 0x9B, 0x68, 0x23, 0xC6, 0x07, 0x1C, 0x55, 0x0D, 0xE1, 0x35,
    0x34, 0x30, 0x94, 0x04, 0x67, 0x57, 0x44, 0x93, 0x87, 0x35, 0x3C, 0x12, 0x1C, 0xDE, 0x66, 0x3E,
    0x86, 0xEF, 0xBD, 0x3B, 0x34, 0xDE, 0x76, 0x7E, 0x02, 0xA7, 0x4D, 0x82, 0x5F, 0x04, 0xD6, 0x0D,
    0x01, 0x63, 0x94, 0x7B, 0xC6, 0xBC, 0x8F, 0xA8, 0xE3, 0xDE, 0x87, 0x08, 0x55, 0xE2, 0x8A, 0x22,
    0xA4, 0x76, 0x13, 0xE3, 0xCA, 0x36, 0x7A, 0x70, 0x60, 0xA3, 0x85, 0x08, 0x21, 0x79, 0x8B, 0x62,
    0xAD, 0x82, 0x66, 0xA0, 0xF4, 0xB8, 0x6B, 0xC3, 0x1B, 0x35, 0x50, 0xDF, 0xF3, 0x28, 0x39, 0x06,
    0x68, 0x1C, 0xF3, 0x01, 0xC7, 0xF7, 0xEE, 0x3E, 0xDC, 0x69, 0x0D, 0xD0, 0x9A, 0xF2, 0x09, 0xDD,
    0x77, 0xD0, 0x1F, 0xD5, 0x30, 0x0E, 0xA8, 0xBE, 0x2E, 0x5A, 0xA2, 0xB9, 0xDD, 0x61, 0x73, 0xAD,
    0x3C, 0xED, 0x89, 0x1E, 0x2C, 0x0A, 0x6C, 0xF2, 0x99, 0x02, 0x38, 0x4D, 0x6A, 0x90, 0x01, 0x93,
    0x3E, 0xC0, 0x40, 0x57, 0x16, 0x1D, 0x35, 0xBC, 0x13, 0x9F, 0x73, 0x47, 0xEF, 0xCB, 0x97, 0xF7,
    0xE7, 0xD9, 0x8B, 0xF6, 0x75, 0x7F, 0x9D, 0xE3, 0xC5, 0x1B, 0x7D, 0x9C, 0x7E, 0x2B, 0x11, 0x40,
    0x55, 0x1E, 0xD1, 0xA8, 0x72, 0xCB, 0x58, 0x86, 0x49, 0xA6, 0x39, 0x98, 0x7C, 0x8E, 0xCD, 0xA2,
    0xB7, 0x15, 0xE7, 0x85, 0x7F, 0x9C, 0x46, 0x08, 0xC8, 0x7C, 0x44, 0x3E, 0x72, 0xDF, 0x32, 0x3E,
    0xD3, 0x3E, 0x93, 0xDE, 0xA6, 0xF0, 0x84, 0xC9, 0x48, 0xBC, 0x5A, 0x8A, 0x8B, 0xAF, 0x02, 0x51,
    0x65, 0x73, 0x81, 0x42, 0xD8, 0x46, 0x30, 0x19, 0x3A, 0x7F, 0xFF, 0x4B, 0xB9, 0x14, 0x0E, 0x29,
    0x9B, 0xB8, 0x83, 0x8C, 0xCB, 0x99, 0xB2, 0x2B, 0xA5, 0x36, 0xA6, 0x8A, 0xCB, 0x41, 0x36, 0x21,
    0x7D, 0xC0, 0x1F, 0x63, 0x3C, 0xC0, 0x7C, 0x80, 0xF3, 0x00, 0xCF, 0x01, 0x93, 0x03, 0xF6, 0x1F,
    0x18, 0x0E, 0x30, 0x34, 0x00, 0x00, 0xD3, 0x60, 0x28, 0xD0, 0x31, 0x29, 0x90, 0xB1, 0x48, 0x90,
    0xC9, 0x58, 0xC0, 0x33, 0x67, 0x82, 0xFD, 0xFF, 0x2F, 0xBC, 0x67, 0x0E, 0xF0, 0x9E, 0x3C, 0xC0,
    0x05, 0x44, 0x6D, 0x07, 0xD8, 0xDB, 0x1B, 0xD8, 0x9D, 0x1B, 0x18, 0x34, 0x18, 0xD8, 0xFF, 0x33,
    0x30, 0x58, 0x30, 0x00, 0x19, 0xF2, 0x3F, 0x18, 0x4C, 0x2A, 0x18, 0x36, 0x68, 0x30, 0x2C, 0xD0,
    0x00, 0x91, 0x40, 0xB6, 0xFC, 0x0A, 0x06, 0x20, 0xA8, 0xFF, 0x03, 0x22, 0x19, 0xFF, 0x33, 0x30,
    0x37, 0x35, 0xF0, 0x31, 0x30, 0xF0, 0x02, 0x45, 0xFE, 0x33, 0xC8, 0x80, 0xC5, 0x65, 0x19, 0x18,
    0x80, 0x22, 0xDC, 0x0C, 0x0E, 0xCC, 0xD7, 0x0F, 0x30, 0xEC, 0x63, 0x00, 0x00, 0x8D, 0x54, 0xB1,
    0x6E, 0x13, 0x41, 0x10, 0x7D, 0x77, 0x67, 0xC7, 0x76, 0x0E, 0xD9, 0x57, 0x20, 0x94, 0x82, 0x58,
    0x6E, 0x90, 0x10, 0x0A, 0x90, 0x22, 0x48, 0xA7, 0x60, 0x85, 0x93, 0xBF, 0xC0, 0x8D, 0x7B, 0xA8,
    0x40, 0x42, 0x42, 0x29, 0xDC, 0xB3, 0x50, 0xA6, 0xE0, 0x23, 0x10, 0xD5, 0x89, 0xC2, 0x22, 0x05,
    0xD0, 0x5D, 0x48, 0x11, 0x51, 0xE1, 0x1F, 0x00, 0xF9, 0x03, 0x52, 0xB8, 0xA0, 0x08, 0x12, 0x60,
    0xDE, 0xDB, 0xBD, 0x3D, 0x4C, 0x64, 0x85, 0x9C, 0x6F, 0xF6, 0x76, 0x67, 0x67, 0xE6, 0xBD, 0x9D,
    0x99, 0x35, 0x86, 0x00, 0xA6, 0x40, 0x64, 0x80, 0x2E, 0xA7, 0x0F, 0x16, 0x8B, 0x45, 0x1B, 0x6E,
    0x2D, 0x3D, 0x32, 0xE8, 0x09, 0x0A, 0x44, 0x73, 0xB4, 0xCF, 0x90, 0x7E, 0x41, 0xF2, 0x09, 0x28,
    0x2E, 0x7C, 0x11, 0xC8, 0x27, 0xD4, 0x0C, 0x33, 0x0D, 0x7D, 0x3C, 0x67, 0x5C, 0xCD, 0x52, 0xAF,
    0x8B, 0xBC, 0xDD, 0x85, 0xA1, 0x88, 0x45, 0x44, 0xE2, 0x12, 0x3D, 0xB0, 0xF1, 0x9C, 0xD3, 0x94,
    0xFC, 0xF8, 0xCE, 0xD0, 0x56, 0x48, 0x91, 0x16, 0xFB, 0xBE, 0xD3, 0x05, 0x53, 0x41, 0x0F, 0xC3,
    0x25, 0xE6, 0xDD, 0x53, 0x8C, 0xC9, 0xFC, 0xE8, 0x7C, 0xFC, 0xFD, 0x13, 0xDC, 0xFE, 0x8A, 0xF8,
    0x3B, 0x22, 0x9E, 0xD5, 0x20, 0x51, 0x06, 0x7E, 0x02, 0x7B, 0xFC, 0xDE, 0xE7, 0xC9, 0xEF, 0x51,
    0xBB, 0x33, 0xA6, 0x5C, 0xA7, 0x22, 0xF6, 0x67, 0x9A, 0x50, 0xB6, 0x28, 0x9D, 0x92, 0x4C, 0x80,
    0xCE, 0x6F, 0xEB, 0xF3, 0x11, 0xE1, 0x67, 0xC4, 0x2D, 0x6C, 0xB5, 0xB0, 0x4F, 0x16, 0x68, 0x64,
    0xD8, 0xA4, 0x33, 0x14, 0x37, 0xB1, 0x13, 0x2E, 0xA9, 0xE4, 0x16, 0x0D, 0x64, 0x46, 0x63, 0xBA,
    0xE0, 0x87, 0xDC, 0x15, 0xA4, 0xEE, 0x22, 0x76, 0x4A, 0x84, 0x89, 0x43, 0x8C, 0x1D, 0x03, 0x31,
    0x11, 0x23, 0x31, 0xDB, 0x2B, 0x99, 0x8A, 0x71, 0x9E, 0xE7, 0x6F, 0x46, 0xA3, 0xD1, 0xB0, 0x26,
    0x4F, 0x66, 0xB9, 0xC3, 0xDA, 0xAD, 0x33, 0xC7, 0x2D, 0x02, 0xB6, 0x88, 0xD8, 0x22, 0xA4, 0xCB,
    0x9E, 0x67, 0x1E, 0xFB, 0x02, 0x64, 0x89, 0x02, 0x3C, 0x24, 0x19, 0x3C, 0x52, 0xB5, 0x1F, 0xAB,
    0xDC, 0xB6, 0x56, 0x4F, 0x33, 0xAF, 0xB3, 0xBB, 0x49, 0x52, 0x17, 0xB1, 0x46, 0xA4, 0x24, 0x1C,
    0x2B, 0xB1, 0xEF, 0xAB, 0x9A, 0x1E, 0x7A, 0x5D, 0xAC, 0xDD, 0x5A, 0xE0, 0x1B, 0x20, 0xFA, 0xDB,
    0x00, 0x69, 0x65, 0xDC, 0xF7, 0xBA, 0xAA, 0x46, 0x53, 0xDF, 0x6E, 0xEA, 0x3F, 0x57, 0xCB, 0x36,
    0xBC, 0xCE, 0xEE, 0x96, 0x4D, 0xA8, 0x55, 0x68, 0xA2, 0x79, 0x68, 0xDA, 0xA7, 0xA1, 0x49, 0x4F,
    0x06, 0x26, 0x39, 0x0A, 0x0D, 0x8A, 0x55, 0xF2, 0xFA, 0x00, 0xC5, 0xEE, 0x5B, 0x14, 0x9D, 0x39,
    0x0A, 0xF2, 0x28, 0x82, 0xCC, 0x05, 0xA9, 0xC0, 0xDA, 0x15, 0x58, 0xB7, 0x02, 0x0B, 0x2C, 0x98,
    0x6B, 0x9C, 0x4B, 0x76, 0x6F, 0x6F, 0xF9, 0x38, 0x36, 0xAF, 0xB8, 0x5B, 0x1A, 0xAF, 0x7E, 0x18,
    0xEA, 0x97, 0xBE, 0xE3, 0x7F, 0xD8, 0x38, 0x48, 0x4B, 0x24, 0xAB, 0x88, 0x8C, 0x2B, 0xE3, 0xD5,
    0x8F, 0x05, 0x8A, 0xCF, 0x91, 0xED, 0xF9, 0xDD, 0x9B, 0xB0, 0x4D, 0x26, 0x6D, 0x54, 0x5E, 0xEA,
    0xB4, 0xCC, 0xBF, 0xED, 0x64, 0x39, 0xCB, 0x83, 0x4D, 0x82, 0xAB, 0x55, 0xCC, 0x2B, 0xF0, 0xC7,
    0x20, 0x2F, 0xC2, 0xCF, 0xAA, 0x63, 0xDB, 0x84, 0x75, 0x2B, 0x5E, 0x53, 0xCF, 0x75, 0x5D, 0xAA,
    0x9A, 0xF7, 0xDF, 0xD6, 0x72, 0x12, 0x65, 0xEE, 0x12, 0x46, 0x0A, 0x60, 0xAF, 0x68, 0xAA, 0x00,
    0x76, 0xB0, 0x4B, 0xBB, 0x01, 0x7B, 0x4F, 0xF7, 0x1B, 0x6A, 0xAF, 0xFA, 0x12, 0xFE, 0x13, 0x26,
    0xE0, 0x20, 0xCF, 0xD7, 0x48, 0x72, 0x83, 0xB2, 0x5D, 0x7E, 0xB5, 0x96, 0x5E, 0xFB, 0x8E, 0x27,
    0x9F, 0x26, 0xE5, 0x06, 0xE5, 0x25, 0x11, 0x33, 0x83, 0x35, 0x9E, 0xBF, 0xC9, 0xDF, 0x2E, 0x9E,
    0xB1, 0x3C, 0xE6, 0xFF, 0x92, 0x1B, 0xCF, 0x7C, 0x43, 0xC3, 0x35, 0xE0, 0x56, 0x3E, 0xB1, 0x7F,
    0x04, 0x3D, 0x0D, 0x4D, 0x0D, 0x51, 0x35, 0xEB, 0xB9, 0x5D, 0x6B, 0x57, 0x7A, 0xA8, 0x5A, 0xB9,
    0xB9, 0x14, 0x98, 0x48, 0x89, 0x9C, 0x48, 0x8A, 0xAC, 0x48, 0x5B, 0xF2, 0xCD, 0xB2, 0xC5, 0x6D,
    0xA7, 0xC6, 0x33, 0x14, 0x77, 0x3E, 0xA0, 0x78, 0xF7, 0x0A, 0xC5, 0xE0, 0xC5, 0xAA, 0xEE, 0xDE,
    0x39, 0x1E, 0x98, 0xCD, 0x6F, 0xA1, 0x69, 0x9C, 0x85, 0x26, 0xE0, 0x6D, 0x80, 0x09, 0xCD, 0x1F,
    0x9D, 0x57, 0x4F, 0x6B, 0x1B, 0x47, 0x14, 0xFF, 0xED, 0xAE, 0xEB, 0x8D, 0xB5, 0x92, 0xEC, 0x42,
    0x02, 0x81, 0xC8, 0x52, 0x0E, 0x3E, 0x88, 0x46, 0x4A, 0x36, 0x20, 0xA8, 0x52, 0xEC, 0x7A, 0x9C,
    0x42, 0xCE, 0xBE, 0x84, 0x5E, 0x9D, 0x53, 0x4E, 0xC1, 0x7B, 0x30, 0xB4, 0x90, 0xC4, 0xDE, 0xF4,
    0x9A, 0xCB, 0x7E, 0x84, 0x2D, 0xF4, 0xD4, 0x93, 0x0E, 0x86, 0x06, 0x4A, 0xE2, 0x6D, 0xFB, 0x05,
    0x96, 0xF4, 0xD0, 0x4B, 0xA1, 0x0B, 0xCD, 0x07, 0x10, 0xC5, 0x50, 0x07, 0xD2, 0x6C, 0x7F, 0x6F,
    0x66, 0x24, 0xAF, 0x6D, 0xB9, 0x49, 0xAA, 0xD5, 0xDB, 0x99, 0x79, 0xF3, 0xFE, 0xCC, 0xFB, 0x33,
    0x6F, 0x66, 0x97, 0x00, 0x0C, 0x80, 0xB4, 0x05, 0x64, 0x0D, 0xB8, 0xB1, 0x0F, 0x0F, 0x5E, 0xF9,
    0x16, 0x6E, 0x46, 0x4C, 0xDE, 0x05, 0x46, 0x21, 0x10, 0x8E, 0x80, 0x6E, 0x0E, 0x34, 0x33, 0x20,
    0x50, 0x20, 0xC9, 0xF4, 0x57, 0xC2, 0xFB, 0x26, 0x73, 0x90, 0x02, 0x11, 0xFF, 0xDE, 0x51, 0xD4,
    0x0E, 0x46, 0x43, 0xB7, 0x08, 0x91, 0x47, 0x4E, 0x16, 0x7A, 0x6A, 0xB5, 0x8D, 0xE0, 0x48, 0x08,
    0x0F, 0xCA, 0x43, 0xAD, 0xE9, 0xF8, 0x7F, 0x0E, 0x46, 0xFF, 0x9C, 0x32, 0xA6, 0xA6, 0x17, 0x68,
    0x61, 0x0D, 0x21, 0x7E, 0xC4, 0x96, 0xFB, 0x0B, 0x92, 0xC0, 0x53, 0x79, 0xCB, 0x55, 0xC9, 0x8E,
    0xA7, 0xBE, 0xCD, 0x3D, 0x7C, 0xAA, 0x02, 0x5C, 0x27, 0xC5, 0xFA, 0xC6, 0x3E, 0x3E, 0x26, 0xBD,
    0xFE, 0xF5, 0x09, 0xEB, 0x84, 0x1F, 0x08, 0xBF, 0xC6, 0x70, 0x7E, 0xCE, 0x68, 0x4A, 0x0E, 0x4F,
    0x8D, 0x11, 0x70, 0x89, 0x4D, 0x0C, 0xC9, 0xD1, 0xE3, 0xD3, 0xA0, 0xC6, 0x45, 0xEC, 0x95, 0x25,
    0x2E, 0xDD, 0xBD, 0xAB, 0x41, 0xFA, 0x82, 0xEB, 0x61, 0x99, 0x4F, 0x4F, 0xD3, 0xFA, 0x18, 0xC1,
    0x8B, 0x0B, 0xB8, 0x3F, 0xD1, 0xFC, 0x97, 0x34, 0xFF, 0x4F, 0x9A, 0xFF, 0x90, 0xB2, 0x3F, 0x27,
    0xCC, 0x19, 0x95, 0x6E, 0x59, 0xC6, 0x6D, 0xE3, 0x46, 0x52, 0x03, 0x89, 0xB8, 0x85, 0xB8, 0x82,
    0x6D, 0x6A, 0xF1, 0x6D, 0x4B, 0xA7, 0x19, 0xEA, 0x06, 0x34, 0x1F, 0xDB, 0x01, 0x61, 0x44, 0x48,
    0xEA, 0x96, 0x8F, 0x9E, 0x4F, 0x2D, 0xBE, 0x6D, 0xE9, 0x26, 0x3C, 0xCE, 0x01, 0x16, 0x37, 0xB8,
    0x36, 0x11, 0x4A, 0x5D, 0x07, 0x6F, 0x50, 0xE8, 0xCE, 0xEA, 0x1C, 0x82, 0x37, 0xD3, 0x98, 0x94,
    0x5C, 0x2C, 0x1E, 0x11, 0x9A, 0x30, 0xC1, 0xF2, 0x54, 0xA9, 0x95, 0x7B, 0x36, 0x78, 0x35, 0x3D,
    0x5F, 0x96, 0x85, 0xA6, 0xBF, 0x74, 0x77, 0xF3, 0xA0, 0x1C, 0x8F, 0x10, 0xBD, 0xCF, 0x7F, 0x0B,
    0x5B, 0x7B, 0x65, 0xB1, 0xA6, 0x65, 0xFB, 0x8A, 0xCE, 0x05, 0xC6, 0xA0, 0xA7, 0xB8, 0x0A, 0x27,
    0x17, 0x0C, 0xF1, 0xAB, 0x3A, 0xDC, 0x14, 0xBB, 0x37, 0x09, 0x0B, 0xC7, 0xA5, 0xD2, 0x9D, 0xB9,
    0x63, 0x07, 0x4C, 0xA1, 0x65, 0xE7, 0xEB, 0x33, 0xE6, 0x6C, 0x3E, 0xC8, 0x6B, 0x5E, 0x5E, 0x97,
    0xE5, 0xB5, 0x25, 0xA8, 0xF8, 0x7F, 0xA0, 0xAE, 0x1A, 0x71, 0x9F, 0x7D, 0xAF, 0x6C, 0x3F, 0x3E,
    0xF1, 0xD2, 0x6A, 0xDC, 0xE9, 0x4B, 0x07, 0xF8, 0x82, 0x74, 0xE4, 0xD5, 0x58, 0xE2, 0xEB, 0x13,
    0xE1, 0xF2, 0x45, 0xB2, 0x27, 0x4E, 0x16, 0xF3, 0x0D, 0x6B, 0x50, 0xF8, 0xE3, 0xE1, 0x83, 0x3E,
    0x42, 0x7F, 0xC4, 0x6C, 0xCD, 0x11, 0xF9, 0x63, 0x0C, 0x97, 0xFB, 0x58, 0x3C, 0x0C, 0xC6, 0x30,
    0xF3, 0x87, 0x20, 0xC1, 0xB2, 0x50, 0xF8, 0x42, 0xE2, 0x09, 0x8D, 0x2F, 0x44, 0x4D, 0xA1, 0x3A,
    0x3A, 0xDE, 0x54, 0xD1, 0x07, 0xC2, 0x5E, 0x39, 0xF5, 0x33, 0x4C, 0x90, 0x03, 0xB6, 0x3D, 0x93,
    0x8F, 0x4E, 0xA6, 0x03, 0xC5, 0x94, 0x06, 0x76, 0x08, 0x5C, 0xB6, 0x47, 0xEA, 0x45, 0xD9, 0x28,
    0xCC, 0x80, 0xB0, 0xF2, 0xD3, 0x4E, 0x62, 0x66, 0x45, 0xDC, 0xBE, 0xA9, 0x93, 0x65, 0xDE, 0xED,
    0xD8, 0xF7, 0xD0, 0xA8, 0xA1, 0x55, 0xC7, 0xA0, 0x2B, 0x68, 0x49, 0x68, 0x6D, 0xB2, 0xA1, 0x9C,
    0x8B, 0xC2, 0x66, 0x9E, 0x7A, 0xA4, 0x7C, 0x19, 0xFB, 0x5F, 0xA1, 0xC1, 0xED, 0xD8, 0xC4, 0xE0,
    0x5A, 0x1C, 0x85, 0xEA, 0x98, 0x52, 0x5C, 0xE9, 0x13, 0x16, 0xA9, 0xB5, 0x47, 0x54, 0xC8, 0x99,
    0x94, 0xA2, 0xB2, 0x2E, 0xEB, 0x4D, 0x9D, 0xF9, 0x58, 0xE3, 0xE3, 0xA9, 0x3A, 0x9D, 0xC9, 0x7A,
    0x93, 0x73, 0x66, 0x53, 0x40, 0xFA, 0x82, 0x93, 0x39, 0xA1, 0x11, 0x5A, 0xE1, 0xD1, 0xBC, 0x22,
    0xA3, 0x9B, 0x19, 0x99, 0xFE, 0x24, 0x5C, 0xCC, 0xA2, 0xD8, 0x7F, 0x32, 0x6A, 0xA0, 0xDB, 0x45,
    0x63, 0x80, 0x85, 0x10, 0xB5, 0x10, 0xF3, 0x67, 0xFF, 0x4B, 0x9A, 0x76, 0xE6, 0x14, 0x59, 0xC8,
    0x48, 0x76, 0x0A, 0xA1, 0x28, 0x18, 0xBF, 0xEE, 0x33, 0x58, 0xCA, 0xC7, 0xAC, 0x27, 0xA0, 0x5F,
    0x9F, 0xC1, 0x19, 0x07, 0xB1, 0x97, 0xF4, 0x39, 0x1E, 0x12, 0x33, 0x20, 0x84, 0xEF, 0x84, 0x1A,
    0xA1, 0xC9, 0xF0, 0xF5, 0x9C, 0x02, 0x87, 0x3E, 0xF5, 0x3C, 0xEB, 0x77, 0x9C, 0x7C, 0x7F, 0xE8,
    0xC6, 0xF9, 0xC8, 0x7B, 0x92, 0xA5, 0xDE, 0x46, 0x56, 0xBC, 0x17, 0xB0, 0xBE, 0x75, 0xFC, 0x3B,
    0xD9, 0xA3, 0xEB, 0x8B, 0xEA, 0x78, 0xA5, 0x01, 0xAE, 0x25, 0xF7, 0xC3, 0x2F, 0xAF, 0xDE, 0x0F,
    0xAF, 0x25, 0x41, 0x65, 0xA5, 0xB2, 0xD7, 0xFA, 0xD3, 0xD2, 0x55, 0xFD, 0xCD, 0xAD, 0xA2, 0x33,
    0x44, 0x93, 0x7F, 0x76, 0x66, 0x50, 0xCC, 0x69, 0xC6, 0x16, 0xA2, 0x7D, 0xE3, 0xBF, 0xA5, 0xFD,
    0xE8, 0x5C, 0xDA, 0x89, 0xB0, 0x20, 0x67, 0xD2, 0xDF, 0x82, 0x24, 0x3D, 0x24, 0xE9, 0x9D, 0x4C,
    0x92, 0x5E, 0x49, 0xD2, 0x43, 0x92, 0xDE, 0xAD, 0x24, 0x7D, 0xA7, 0xF0, 0xD4, 0xCE, 0xF5, 0x0E,
    0x92, 0xF9, 0xA3, 0x13, 0xA2, 0x26, 0x95, 0x63, 0x3A, 0x6F, 0x99, 0xA6, 0x15, 0x65, 0x16, 0x8D,
    0x95, 0x11, 0x14, 0x2E, 0x86, 0x8F, 0x03, 0xA4, 0xBE, 0x1D, 0xCB, 0x7A, 0x86, 0x27, 0xD7, 0x13,
    0xEA, 0xF5, 0xF4, 0xE9, 0x1D, 0x52, 0x1F, 0x56, 0x14, 0x07, 0x65, 0x39, 0x63, 0x48, 0x3D, 0xAE,
    0xAD, 0xA4, 0xBE, 0x55, 0xDC, 0x30, 0x25, 0x0C, 0x5D, 0x3B, 0x8E, 0x6C, 0xE1, 0x97, 0x02, 0x91,
    0x9D, 0x5C, 0xE8, 0xE9, 0x85, 0x1F, 0x8F, 0x95, 0xA9, 0x55, 0x94, 0xAB, 0xC7, 0x52, 0xA1, 0x1B,
    0x76, 0xAE, 0xAB, 0xB3, 0xD5, 0xF4, 0x0B, 0x23, 0xD3, 0x94, 0x2C, 0x61, 0x0A, 0xA8, 0xE5, 0x39,
    0x2D, 0xE7, 0x59, 0x47, 0x1B, 0x6F, 0x58, 0x0C, 0x76, 0x65, 0xD3, 0x09, 0xB1, 0x60, 0xDC, 0x7C,
    0xA2, 0x4B, 0x76, 0xFC, 0x26, 0x34, 0x07, 0xCD, 0xB5, 0x74, 0xF3, 0x87, 0x96, 0xEE, 0xB9, 0x66,
    0x16, 0x39, 0x14, 0x87, 0xFD, 0xCA, 0x1A, 0xCD, 0xF1, 0x21, 0x47, 0xDB, 0x95, 0x7C, 0xA2, 0xC8,
    0x7F, 0x65, 0xA5, 0x8B, 0x6F, 0x3B, 0x89, 0x95, 0xEA, 0x8B, 0xAE, 0xCD, 0x89, 0xAE, 0xAA, 0x5E,
    0x69, 0x57, 0x44, 0x13, 0x25, 0x39, 0xAF, 0x51, 0x59, 0xE8, 0xC4, 0x86, 0x44, 0xCB, 0x12, 0x99,
    0x4B, 0xA7, 0xF8, 0x4E, 0xF6, 0x2F, 0x7E, 0x04, 0x14, 0x3D, 0xF8, 0x1B, 0x39, 0x7A, 0x01, 0x9C,
    0xE2, 0x6B, 0x04, 0x34, 0x71, 0x95, 0x45, 0x2F, 0x60, 0x41, 0x76, 0x72, 0x96, 0xB9, 0x21, 0x07,
    0x32, 0x8F, 0x82, 0x47, 0xD3, 0xCA, 0xC2, 0xD5, 0x05, 0x9E, 0xA5, 0xDC, 0x64, 0x6E, 0xC6, 0x8A,
    0xB8, 0xC3, 0x52, 0xD8, 0xF4, 0x2C, 0x21, 0x07, 0xD2, 0x0A, 0xE3, 0xD7, 0x6D, 0x3D, 0xDF, 0x64,
    0x79, 0x5C, 0x59, 0x80, 0x75, 0x34, 0x0F, 0x7E, 0xE7, 0x0F, 0x9E, 0x73, 0xF4, 0x51, 0x47, 0xC1,
    0xF9, 0x9B, 0xCD, 0x17, 0x84, 0x3B, 0xB4, 0xE1, 0x1F, 0x68, 0x1C, 0x1A, 0x9C, 0xBB, 0xCC, 0x4E,
    0x97, 0x3B, 0x59, 0x0C, 0xA4, 0x9B, 0xD6, 0xC8, 0xEB, 0xE7, 0xE4, 0xDF, 0x8D, 0x8D, 0x4B, 0x3C,
    0xDA, 0xE7, 0xB1, 0xE3, 0x13, 0xE6, 0x1F, 0xB3, 0x70, 0x11, 0xC7, 0xC6, 0xFF, 0x1D, 0x58, 0x93,
    0x93, 0xE9, 0xE2, 0xD4, 0xD5, 0x69, 0x35, 0x98, 0x12, 0x1A, 0xED, 0x63, 0x09, 0x91, 0x04, 0x45,
    0xF0, 0x12, 0x03, 0x93, 0x61, 0x60, 0x9E, 0xA7, 0xED, 0x2B, 0xB7, 0xF3, 0x81, 0x53, 0x4E, 0x05,
    0x0C, 0x2D, 0xA9, 0x09, 0x72, 0xD5, 0xC7, 0x2F, 0x4C, 0x7C, 0x5F, 0x9B, 0xF9, 0x15, 0x4B, 0x7F,
    0x56, 0x86, 0x43, 0xD9, 0xDB, 0xB1, 0x24, 0x88, 0xD0, 0x4A, 0xBC, 0x24, 0x2E, 0x4B, 0x54, 0x7B,
    0x43, 0x6D, 0x2B, 0xE7, 0x35, 0xED, 0x0C, 0x5E, 0xD9, 0x48, 0x12, 0x98, 0x08, 0x9A, 0xCE, 0xC6,
    0x6D, 0x38, 0x59, 0xE1, 0xB6, 0xB2, 0x81, 0xA6, 0xB1, 0xCE, 0x73, 0x11, 0xA9, 0x82, 0x22, 0xC8,
    0x6F, 0x09, 0x6E, 0x57, 0x69, 0x1A, 0x4D, 0xB7, 0x2B, 0x06, 0x4E, 0x13, 0x42, 0x9D, 0xBE, 0x53,
    0xA5, 0xF6, 0x4E, 0x95, 0xDB, 0x76, 0xE6, 0x9D, 0x4A, 0xE7, 0x68, 0x61, 0xAF, 0x3D, 0x35, 0x7B,
    0xED, 0x71, 0xED, 0x66, 0x75, 0x67, 0x5E, 0x7B, 0x4C, 0xDD, 0x6A, 0x58, 0x5D, 0x21, 0x65, 0xA6,
    0x7C, 0x32, 0x16, 0x98, 0x18, 0x3C, 0x9C, 0x91, 0xD7, 0xEC, 0x3D, 0x8C, 0xFB, 0xAF, 0x1D, 0x59,
    0x5D, 0xD9, 0x64, 0x85, 0x4A, 0x1F, 0xFE, 0x5A, 0x96, 0x4F, 0x9D, 0x3C, 0x24, 0xD1, 0x22, 0xD3,
    0x80, 0xBA, 0x22, 0x11, 0xE0, 0x2A, 0x29, 0x2E, 0x9E, 0xAA, 0xB1, 0x4C, 0x18, 0x9D, 0xBD, 0x4A,
    0x98, 0x59, 0x4C, 0xE2, 0x35, 0x7B, 0x7A, 0xE7, 0x15, 0xDB, 0x22, 0x7B, 0x85, 0xF5, 0x4F, 0x9C,
    0xE8, 0xD3, 0xFD, 0x67, 0xFB, 0x92, 0x0C, 0xCB, 0xA7, 0x6C, 0xB4, 0x05, 0x09, 0x0F, 0x2A, 0xF6,
    0x9D, 0xE5, 0x7D, 0x6F, 0xBD, 0x8E, 0xB9, 0x3D, 0x6A, 0x5E, 0x71, 0xF6, 0xD2, 0x07, 0xEA, 0x3E,
    0x87, 0x5F, 0xDF, 0xEB, 0x79, 0x5F, 0x6F, 0x5D, 0x68, 0x21, 0xAC, 0x07, 0xD8, 0xAA, 0x7B, 0x48,
    0x5A, 0x9E, 0xFA, 0xAD, 0xFC, 0x4B, 0xA5, 0x75, 0x4F, 0xC9, 0x78, 0x50, 0xAF, 0xE9, 0x79, 0xA1,
    0x73, 0x2A, 0x6E, 0x98, 0xF2, 0xF2, 0x91, 0x23, 0x74, 0x8B, 0x6B, 0x48, 0x60, 0x79, 0xD9, 0xCA,
    0x78, 0xC0, 0x18, 0xCB, 0xFC, 0x7F, 0xF1, 0xDE, 0x54, 0x4F, 0x71, 0xEF, 0x25, 0xBF, 0x27, 0x1E,
    0xF2, 0x7B, 0xA2, 0xCF, 0xEF, 0x09, 0xB6, 0x32, 0x16, 0xFC, 0xBB, 0x78, 0x43, 0x3C, 0x3D, 0xF3,
    0x2D, 0x72, 0x8F, 0xC9, 0x72, 0x93, 0xDF, 0x22, 0xE7, 0xF2, 0xAA, 0x7D, 0xFD, 0xBD, 0x11, 0xD2,
    0x47, 0x29, 0x8C, 0xBD, 0xC2, 0x2B, 0xFD, 0xE8, 0xC4, 0x9A, 0x47, 0x53, 0x5E, 0xDE, 0xE8, 0xC6,
    0xF2, 0x41, 0x45, 0x08, 0xA3, 0xF8, 0x42, 0x18, 0x15, 0xC3, 0x30, 0xDA, 0x19, 0x85, 0x51, 0x3B,
    0x0B, 0xA3, 0x40, 0x99, 0x76, 0x30, 0x32, 0x78, 0x99, 0x17, 0x3A, 0xD2, 0x0B, 0x9F, 0xB9, 0xF1,
    0xBF, 0x27, 0xF8, 0xBA, 0xAE, 0x8E, 0xED, 0x72, 0x13, 0x73, 0x56, 0xC8, 0x3E, 0xEC, 0xB1, 0x1F,
    0x25, 0xBC, 0x3D, 0x26, 0xBC, 0x3D, 0x26, 0x0C, 0x79, 0xC2, 0x85, 0x26, 0x3C, 0x7F, 0x12, 0x96,
    0xC7, 0x84, 0xA1, 0x4D, 0xD6, 0xCD, 0x77, 0x86, 0x58, 0x49, 0xDA, 0xBD, 0x18, 0xDB, 0x09, 0x3A,
    0x2C, 0x0B, 0xF3, 0xB2, 0x95, 0xAF, 0x48, 0x7D, 0xE8, 0xE8, 0xB3, 0x40, 0xEA, 0xB6, 0x84, 0x7F,
    0x9D, 0x54, 0xCE, 0x0B, 0x49, 0x99, 0xB7, 0xFA, 0xAA, 0x36, 0xA1, 0x97, 0x3A, 0xF4, 0x9D, 0x94,
    0x8B, 0xC4, 0xA0, 0x35, 0x11, 0x85, 0x08, 0x99, 0x90, 0x6F, 0x1E, 0xE7, 0xB0, 0xD2, 0x75, 0x89,
    0x4C, 0x22, 0x7E, 0x3B, 0xAF, 0xD0, 0x63, 0x3E, 0x1E, 0xFA, 0x2C, 0xF6, 0x81, 0xD2, 0xB6, 0xFC,
    0x0B, 0x9D, 0x7C, 0x0D, 0x80, 0x1B, 0x57, 0x75, 0xEE, 0x99, 0x99, 0x5D, 0x8D, 0x25, 0xCD, 0x48,
    0xA2, 0x59, 0x87, 0x05, 0xCF, 0xAE, 0xB6, 0x20, 0x40, 0x80, 0x6C, 0x4D, 0xE2, 0x49, 0xA2, 0x90,
    0xF5, 0x6A, 0x1C, 0xB7, 0x4D, 0x13, 0x27, 0xB0, 0xAF, 0x64, 0x13, 0x5E, 0x0D, 0xCD, 0x16, 0xF2,
    0x5E, 0xD3, 0x52, 0xF0, 0x84, 0x2C, 0xC4, 0x21, 0x4E, 0x76, 0x1C, 0xF3, 0x08, 0xD0, 0xA4, 0xC8,
    0x84, 0x10, 0x5E, 0x81, 0xA2, 0xFC, 0xD0, 0x1F, 0x78, 0x6D, 0x54, 0xBA, 0xBC, 0x9A, 0x36, 0xF1,
    0xCE, 0x7A, 0x79, 0x24, 0x0D, 0xA1, 0x8C, 0x31, 0x81, 0x3E, 0x7E, 0x1E, 0x93, 0x62, 0x1A, 0x7E,
    0x1B, 0x01, 0x82, 0xAC, 0x93, 0x95, 0xE6, 0x7D, 0xE7, 0xCE, 0x8C, 0xA4, 0xB5, 0x03, 0xB4, 0xB5,
    0xF7, 0x5C, 0xDD, 0xF9, 0xB9, 0x77, 0xEE, 0xCF, 0xB9, 0xE7, 0x7C, 0xE7, 0xDC, 0x33, 0x43, 0x2E,
    0xD1, 0xCA, 0xEC, 0x62, 0xD8, 0x90, 0x5C, 0x92, 0x6E, 0x71, 0xE5, 0xD0, 0xCF, 0xDE, 0xBA, 0xF0,
    0x8A, 0xDB, 0x8D, 0xDF, 0xFD, 0xB0, 0xB6, 0xD2, 0x36, 0xBE, 0xE8, 0xD5, 0x8E, 0x7C, 0x36, 0xA0,
    0x8C, 0x4D, 0xF1, 0xBF, 0x32, 0x53, 0x8A, 0xAA, 0x61, 0x8F, 0xC8, 0x42, 0xDE, 0x34, 0x88, 0x2E,
    0xE8, 0x12, 0x9D, 0xBC, 0xC0, 0x53, 0x5A, 0x4E, 0x90, 0x33, 0x7D, 0xC7, 0x38, 0xD7, 0x33, 0xAD,
    0x0B, 0x6C, 0xC7, 0xDC, 0x46, 0x4D, 0x6B, 0xBF, 0xE4, 0x55, 0x7F, 0x50, 0x44, 0xF1, 0x35, 0x51,
    0xBC, 0x41, 0xE4, 0x4B, 0x9E, 0x4F, 0x4D, 0x9F, 0x1C, 0x9F, 0xAC, 0x26, 0x95, 0x9B, 0x64, 0x38,
    0x8E, 0x66, 0x36, 0x37, 0x6D, 0xF3, 0x28, 0x1F, 0x3D, 0x26, 0xA0, 0x31, 0x50, 0x05, 0x94, 0x03,
    0x65, 0xA9, 0x49, 0x8A, 0x0D, 0x72, 0x5B, 0x24, 0x7B, 0x0E, 0x49, 0x9E, 0x63, 0x90, 0x67, 0x95,
    0xC9, 0xAB, 0x2C, 0x10, 0xE5, 0x03, 0x22, 0x09, 0xC5, 0x94, 0xF7, 0x93, 0x74, 0x3F, 0xBA, 0x42,
    0xA9, 0xD0, 0x9E, 0xF9, 0x2F, 0x3E, 0x51, 0x8B, 0xC8, 0x21, 0x14, 0x25, 0x9F, 0x14, 0x8F, 0xF6,
    0x92, 0xD2, 0xE1, 0xAA, 0xE5, 0xF7, 0x93, 0x1C, 0xB6, 0x93, 0xCE, 0xD0, 0x99, 0x61, 0x30, 0x63,
    0xEF, 0x27, 0x42, 0x27, 0x74, 0xF1, 0x87, 0xCC, 0x3E, 0x92, 0x03, 0xDA, 0xEB, 0xCA, 0xA2, 0xC1,
    0xA2, 0x5A, 0xD1, 0xAA, 0x51, 0xAA, 0x87, 0x36, 0x4D, 0x70, 0xAD, 0x52, 0x87, 0x94, 0xD7, 0x92,
    0xAE, 0x51, 0x2D, 0x37, 0xD2, 0x52, 0xD7, 0xF9, 0xEA, 0xC7, 0x40, 0x6F, 0x5C, 0xEB, 0xD7, 0x4B,
    0xD2, 0xD5, 0x94, 0x0F, 0xD7, 0x51, 0x08, 0xCD, 0x53, 0xD0, 0xAC, 0x1C, 0xCE, 0xD5, 0x51, 0xCF,
    0x27, 0x3D, 0xF4, 0xC1, 0x27, 0x15, 0xE7, 0x27, 0xE8, 0x53, 0xF3, 0x65, 0xAA, 0x46, 0x8D, 0xF1,
    0x22, 0x7A, 0xCE, 0xD7, 0xA6, 0xA9, 0x7E, 0x32, 0x6B, 0x93, 0x87, 0x3E, 0xF1, 0xB9, 0x27, 0x3B,
    0xA4, 0xFA, 0x06, 0x4D, 0x78, 0x19, 0x32, 0x3D, 0x9D, 0x2C, 0xEF, 0x0F, 0x29, 0xFF, 0x50, 0x30,
    0x78, 0x0E, 0x7A, 0xC9, 0x7D, 0xA4, 0x8F, 0xDD, 0x6A, 0xD7, 0xC3, 0x03, 0x6D, 0xE4, 0x6B, 0xE2,
    0x98, 0xE9, 0x1F, 0x7A, 0x24, 0x77, 0x54, 0x0F, 0x23, 0xE4, 0x55, 0x9A, 0xE4, 0x9B, 0x20, 0xAB,
    0x29, 0x7B, 0xDB, 0x82, 0xBD, 0xB6, 0x7A, 0x6C, 0x4D, 0x0C, 0x8F, 0xA0, 0x96, 0xCC, 0xE4, 0xED,
    0x09, 0x7D, 0xFF, 0xD3, 0x7E, 0xAB, 0x25, 0x79, 0xA6, 0x29, 0x7B, 0x66, 0x4D, 0x71, 0xCD, 0x8A,
    0x42, 0x26, 0xC6, 0xDF, 0xC1, 0xC8, 0x38, 0x18, 0x9A, 0x80, 0x6A, 0x67, 0xFA, 0x64, 0xD6, 0xDD,
    0xE4, 0xE9, 0x53, 0x34, 0x2F, 0xBF, 0x06, 0x6D, 0x78, 0x94, 0x9A, 0x68, 0x6F, 0xA0, 0xD8, 0x61,
    0x78, 0xCC, 0xBB, 0xD3, 0x6B, 0xF9, 0x98, 0xA7, 0x96, 0xE2, 0x3A, 0x96, 0x62, 0x3B, 0x35, 0x15,
    0x65, 0x73, 0xB8, 0x49, 0x47, 0xA3, 0x2A, 0x98, 0x0D, 0xEB, 0x0A, 0x8F, 0x9C, 0x45, 0x7B, 0xD0,
    0x07, 0x0C, 0x3B, 0x65, 0x5E, 0x83, 0xE1, 0xFD, 0x0E, 0x61, 0x60, 0x30, 0x5E, 0xB8, 0x26, 0x7F,
    0x8D, 0x16, 0xC3, 0x93, 0x71, 0x47, 0x4C, 0xDA, 0x24, 0xEF, 0xA3, 0xB2, 0x7C, 0x58, 0x70, 0x5C,
    0x0D, 0x34, 0x49, 0x05, 0x52, 0x79, 0x1E, 0x47, 0x44, 0x0D, 0x2E, 0x55, 0x34, 0x9F, 0x8C, 0x3F,
    0x28, 0x2C, 0x87, 0x8F, 0x47, 0xF5, 0xA5, 0x40, 0xEA, 0x9B, 0x29, 0xE4, 0x3A, 0x25, 0x4F, 0xD4,
    0x63, 0xE6, 0xDB, 0x68, 0xC9, 0xBC, 0x18, 0x32, 0xEE, 0xF6, 0x0E, 0xB2, 0x29, 0x1B, 0x82, 0x53,
    0x0A, 0xF1, 0x94, 0x61, 0x5A, 0x5C, 0xDA, 0x4A, 0xB4, 0xC4, 0x0C, 0x93, 0x17, 0xBC, 0x80, 0x14,
    0x79, 0x02, 0xEB, 0xE0, 0x7C, 0xD6, 0x65, 0xCE, 0x60, 0x16, 0x66, 0x46, 0xC2, 0x69, 0xCC, 0x13,
    0x9F, 0xA7, 0xF6, 0xA5, 0x28, 0xF9, 0x65, 0x34, 0xEA, 0x5A, 0x74, 0x90, 0x1B, 0x87, 0x67, 0xF3,
    0x33, 0xDB, 0xE2, 0x29, 0x24, 0xD8, 0x5A, 0xF6, 0x05, 0xF7, 0x6F, 0xA2, 0x34, 0xEA, 0xCD, 0xE0,
    0xBE, 0x0C, 0x96, 0x52, 0xA6, 0x60, 0x15, 0xC3, 0x8E, 0x45, 0xBB, 0xD1, 0xB1, 0x8C, 0xA0, 0xB3,
    0x40, 0xE7, 0x61, 0xB8, 0x5E, 0x81, 0x5E, 0x6C, 0xC5, 0x9D, 0x15, 0x74, 0xD7, 0x40, 0x45, 0x23,
    0xA2, 0x7C, 0xF2, 0x6F, 0xE4, 0x83, 0x15, 0xD2, 0x1F, 0x2D, 0x93, 0x7E, 0x79, 0x0D, 0xF7, 0x59,
    0x9B, 0x7F, 0x67, 0xDE, 0xAA, 0x86, 0x6D, 0x13, 0xF9, 0x84, 0xCE, 0x26, 0x0D, 0x75, 0x68, 0x78,
    0xBC, 0x41, 0xD3, 0xA8, 0xA3, 0x82, 0x3A, 0xC6, 0x15, 0xD4, 0x21, 0x89, 0x0A, 0xC0, 0x9B, 0xD2,
    0xDC, 0xD0, 0x14, 0x88, 0x7F, 0x56, 0xF2, 0x87, 0x11, 0x2E, 0xDE, 0xF9, 0x46, 0x59, 0x8C, 0x3F,
    0xE6, 0x3A, 0x8D, 0x39, 0x50, 0xCD, 0x22, 0x0E, 0x4F, 0x2F, 0x13, 0xFD, 0x33, 0x69, 0xC0, 0x4D,
    0x3C, 0x45, 0xD5, 0xB9, 0xBF, 0xC6, 0x3A, 0x3C, 0x19, 0x5D, 0xCC, 0xF2, 0x94, 0x32, 0x7D, 0xC8,
    0x8E, 0xA6, 0xD4, 0x8B, 0xA7, 0xD5, 0x11, 0xE2, 0x64, 0x93, 0xD2, 0x45, 0xFA, 0x9A, 0xFE, 0xD4,
    0xF2, 0x08, 0xE6, 0xEF, 0xBC, 0x1A, 0xCB, 0xB4, 0x93, 0xF4, 0xD6, 0xA3, 0x4C, 0xDA, 0x21, 0x55,
    0x29, 0x90, 0xB2, 0x87, 0x96, 0xB9, 0x1D, 0x3B, 0xB9, 0x0E, 0x7F, 0xA8, 0x9E, 0x1A, 0x8D, 0x63,
    0x21, 0x5A, 0x10, 0x1C, 0x56, 0xDC, 0x86, 0x6D, 0x3C, 0x0B, 0x5C, 0x07, 0x58, 0xA4, 0x24, 0xAA,
    0xAE, 0x0D, 0x75, 0xF1, 0xB4, 0xBF, 0x7C, 0x8D, 0xA6, 0xB7, 0xCA, 0xED, 0x6C, 0xE8, 0xD2, 0x2C,
    0xF8, 0x1A, 0x67, 0xE6, 0xAD, 0xB4, 0x69, 0xA9, 0x65, 0x53, 0xB6, 0x4D, 0xD1, 0xC3, 0xFE, 0x9F,
    0x43, 0x23, 0x26, 0xE5, 0x2C, 0x9A, 0xDE, 0x91, 0x6A, 0xE7, 0x21, 0x13, 0x66, 0x23, 0xB9, 0x26,
    0xDA, 0xE3, 0x83, 0x6D, 0xF9, 0xA1, 0xC8, 0x57, 0x41, 0x6F, 0x05, 0xF9, 0xAD, 0x88, 0x5A, 0x60,
    0x87, 0x7A, 0x10, 0xDD, 0xC7, 0x22, 0xA1, 0x4A, 0xCC, 0x6A, 0x43, 0x22, 0xE3, 0x9D, 0x90, 0x2C,
    0xAB, 0x16, 0xC9, 0x47, 0xB1, 0x8C, 0xC2, 0xF6, 0x2C, 0xB3, 0x2D, 0xD3, 0x22, 0xE8, 0x98, 0x47,
    0x2C, 0x35, 0xE9, 0x98, 0x1F, 0x1D, 0x27, 0xDC, 0x77, 0x13, 0xB1, 0x30, 0x8A, 0xFF, 0x61, 0x19,
    0x37, 0xB1, 0x76, 0x9A, 0x0A, 0xC5, 0xD4, 0xAD, 0x87, 0xA1, 0x5D, 0x1A, 0x1C, 0x83, 0x96, 0xA9,
    0x2F, 0x1E, 0x16, 0xC0, 0xFF, 0xD5, 0x30, 0x20, 0x69, 0x56, 0x0C, 0x32, 0xFA, 0xA0, 0x9E, 0x8B,
    0xC6, 0xA9, 0xDB, 0x39, 0x29, 0x70, 0x32, 0x46, 0x52, 0x08, 0x21, 0xB6, 0xEC, 0xF3, 0xAA, 0x1C,
    0x4A, 0x2E, 0xE1, 0xE4, 0xC1, 0xB8, 0xC7, 0x51, 0xF2, 0xE9, 0x39, 0xEE, 0x51, 0xC8, 0xD3, 0x32,
    0x86, 0xA9, 0xEB, 0x46, 0x7D, 0x13, 0xCD, 0x44, 0x76, 0x1A, 0xCD, 0x7C, 0x3A, 0x0C, 0x16, 0x9F,
    0x6C, 0x50, 0x41, 0x8F, 0x95, 0x48, 0x32, 0x4F, 0xD3, 0x3C, 0xDF, 0xEF, 0xC7, 0xBD, 0xDD, 0xB8,
    0x1B, 0x98, 0x65, 0x3C, 0x54, 0xA2, 0xC0, 0x25, 0x05, 0x43, 0x32, 0x89, 0x69, 0x87, 0x9C, 0x97,
    0x9F, 0x0E, 0xBD, 0xF0, 0xC9, 0xD9, 0xA8, 0xAC, 0x19, 0x77, 0xA1, 0x25, 0xBA, 0x81, 0xB9, 0xBE,
    0x1C, 0x2B, 0x7E, 0x7D, 0x03, 0x27, 0x0B, 0xAE, 0x78, 0x9B, 0x8B, 0xE9, 0x70, 0x69, 0x24, 0x1E,
    0x75, 0xF2, 0xC2, 0x36, 0x8F, 0xA8, 0xEC, 0x46, 0x42, 0x46, 0xC5, 0x88, 0x65, 0x31, 0x2A, 0x3A,
    0xC8, 0x50, 0x1E, 0x9B, 0xAF, 0xD1, 0x72, 0x24, 0x8D, 0x67, 0xD1, 0x88, 0x40, 0x36, 0x21, 0xD1,
    0xAE, 0x99, 0xFB, 0xFE, 0x01, 0x8F, 0xB9, 0x56, 0x94, 0xBB, 0x25, 0xF4, 0xB9, 0x9C, 0x12, 0x73,
    0x75, 0x0E, 0x52, 0x46, 0xCF, 0x80, 0x65, 0x41, 0x35, 0xF5, 0xCE, 0x59, 0x47, 0x0A, 0xA3, 0x55,
    0x3A, 0x1F, 0xB5, 0x6D, 0xEC, 0x63, 0x7B, 0x21, 0xD5, 0xBE, 0x2B, 0x38, 0x5E, 0x8A, 0x67, 0x4D,
    0xD9, 0xD3, 0x85, 0x2A, 0x52, 0x5D, 0xD5, 0x95, 0x20, 0xD3, 0x93, 0x39, 0x86, 0xE0, 0x99, 0xC3,
    0xD4, 0x2C, 0x9F, 0x18, 0x48, 0xD6, 0x86, 0x52, 0x82, 0xAA, 0x7C, 0x17, 0x79, 0xFF, 0xD5, 0x5D,
    0x0E, 0xD7, 0xFA, 0x6D, 0x16, 0xED, 0xDE, 0xB2, 0x46, 0xD9, 0x13, 0x45, 0xC8, 0x15, 0xC5, 0xD6,
    0x05, 0x2F, 0x31, 0x71, 0x8B, 0x6E, 0x26, 0x0A, 0xE3, 0x3A, 0xF6, 0x76, 0x68, 0xCB, 0x4F, 0xDF,
    0x44, 0x33, 0x38, 0x5F, 0x88, 0xC4, 0x2A, 0x45, 0xE2, 0x95, 0x55, 0x11, 0x54, 0xDE, 0x1E, 0x0C,
    0xCA, 0xDF, 0xC7, 0x4F, 0xDB, 0xDB, 0xA3, 0x2D, 0x27, 0x54, 0x0F, 0x53, 0x1A, 0x14, 0x06, 0x2B,
    0xD9, 0x11, 0xAA, 0x58, 0xB4, 0x1A, 0x0A, 0xFC, 0xF9, 0xD0, 0x18, 0x33, 0xFD, 0xE5, 0x7F, 0x1B,
    0xE8, 0xAB, 0xE2, 0x1E, 0xE8, 0x5B, 0xB9, 0x77, 0x45, 0x00, 0xA5, 0xB0, 0x30, 0x36, 0x58, 0xC1,
    0x95, 0x78, 0x35, 0xB7, 0x84, 0xE4, 0x93, 0x20, 0xEE, 0xAB, 0xD1, 0x52, 0xA4, 0x2B, 0xEE, 0x0F,
    0x96, 0x7B, 0x27, 0xED, 0xAB, 0xB9, 0x5A, 0x35, 0x96, 0xFE, 0x46, 0x5C, 0xA2, 0x1C, 0x53, 0x25,
    0x6E, 0x26, 0x86, 0x05, 0x13, 0x4F, 0xD1, 0x5A, 0x21, 0xFB, 0xCC, 0xFB, 0xC3, 0x60, 0xF9, 0x63,
    0x1D, 0xEE, 0xAE, 0x4D, 0xB9, 0xD1, 0x79, 0xD2, 0x14, 0x93, 0x2A, 0xB2, 0x2D, 0xCA, 0x24, 0x4F,
    0x9E, 0xA0, 0x68, 0x69, 0xC8, 0x27, 0x45, 0xB9, 0x82, 0xB8, 0x52, 0x61, 0xBE, 0x5B, 0xCA, 0xAA,
    0xBE, 0x7A, 0x13, 0x29, 0x01, 0x5F, 0xAF, 0x08, 0x2E, 0x69, 0x89, 0x3F, 0xB0, 0xD0, 0xCC, 0xDC,
    0xFF, 0x52, 0xC3, 0x58, 0x7F, 0x8F, 0x40, 0xE1, 0x66, 0x1C, 0x0C, 0x6C, 0x21, 0x8B, 0x7B, 0x14,
    0xB9, 0x4D, 0xCA, 0x47, 0x6D, 0x92, 0xD6, 0x22, 0x5D, 0x90, 0x8B, 0x9F, 0x33, 0xCC, 0xBF, 0xC5,
    0x3B, 0x7F, 0x9F, 0xE4, 0x44, 0xDE, 0x59, 0x31, 0x83, 0xBE, 0xED, 0xD7, 0x68, 0xB1, 0x07, 0x9D,
    0xE1, 0x4B, 0x60, 0xBA, 0xC2, 0x94, 0xE2, 0x5A, 0xE8, 0xAF, 0x85, 0xF2, 0x25, 0xF4, 0xB7, 0x4C,
    0xB5, 0xE2, 0x1A, 0x4D, 0x2D, 0x54, 0xB1, 0x5E, 0x5F, 0x1A, 0xD0, 0xC2, 0xC2, 0x3C, 0x55, 0x83,
    0x0D, 0xFC, 0x6B, 0x8E, 0x48, 0xE4, 0x14, 0x43, 0x3B, 0xD1, 0xF0, 0x03, 0x09, 0x43, 0xF4, 0xCF,
    0xE8, 0xD5, 0xD7, 0xF1, 0x8C, 0x0E, 0xA8, 0x5D, 0x93, 0xEC, 0x56, 0x31, 0x04, 0x30, 0xBA, 0x3C,
    0x96, 0x23, 0xAE, 0xE0, 0xF0, 0x71, 0x50, 0x65, 0xCB, 0x3A, 0xE9, 0x4F, 0xED, 0xB6, 0xF3, 0x07,
    0x25, 0x2F, 0xAF, 0x92, 0x5F, 0xCD, 0x50, 0xF3, 0xEC, 0xDB, 0xA9, 0xF9, 0xBB, 0x3F, 0xA0, 0x66,
    0x73, 0xE9, 0x48, 0xD0, 0xFC, 0xE4, 0x2D, 0xC1, 0xDF, 0xAD, 0x1E, 0x7C, 0x60, 0x9B, 0xD4, 0x1B,
    0xE9, 0x3F, 0x58, 0x34, 0x5E, 0x24, 0x67, 0x2E, 0x2D, 0xBA, 0x54, 0xFD, 0xB1, 0x8F, 0x86, 0xDD,
    0xC8, 0x27, 0xF6, 0xF3, 0xF5, 0x36, 0xDA, 0x0F, 0x35, 0x58, 0x26, 0x95, 0xB1, 0x86, 0xDE, 0x5C,
    0x5C, 0xA2, 0x5A, 0xD3, 0x7F, 0x80, 0x0A, 0x4D, 0xFF, 0xFB, 0x68, 0x29, 0x4A, 0x08, 0xF6, 0x17,
    0xFF, 0x16, 0xC1, 0xB7, 0x5F, 0xB9, 0x8A, 0xF2, 0xAA, 0xEC, 0x55, 0xB2, 0x14, 0x58, 0x19, 0x6A,
    0x61, 0x5C, 0x9D, 0x96, 0x46, 0x8E, 0x53, 0x01, 0x59, 0x14, 0xD4, 0x5A, 0x92, 0x5F, 0xF4, 0xB3,
    0xEE, 0xA8, 0x04, 0xEE, 0x93, 0x1A, 0x60, 0x91, 0x11, 0x0C, 0x8F, 0x2E, 0xA8, 0x4C, 0xB9, 0xF9,
    0x72, 0x31, 0x6C, 0x5B, 0xAC, 0xE4, 0x86, 0x94, 0xDB, 0x59, 0xA0, 0x73, 0xD5, 0x1E, 0xED, 0x98,
    0xC8, 0xFB, 0xD3, 0xE5, 0xDC, 0xD2, 0xF4, 0xD6, 0x89, 0xB1, 0x72, 0xB6, 0xB3, 0x41, 0x41, 0x96,
    0xC9, 0x78, 0xD4, 0x22, 0x63, 0x16, 0x54, 0x30, 0x85, 0x72, 0x34, 0x04, 0x86, 0x89, 0x48, 0x43,
    0x1B, 0x35, 0xBA, 0x21, 0xDB, 0xA5, 0xFD, 0xB5, 0xA2, 0xBB, 0xCF, 0x9C, 0x68, 0x5B, 0xE7, 0xEF,
    0x9F, 0xB2, 0xB2, 0x7D, 0x64, 0x78, 0x35, 0xEA, 0xB8, 0x0D, 0x75, 0xBC, 0x0B, 0xE5, 0x0F, 0xFF,
    0xA7, 0xEA, 0xB8, 0x26, 0x4D, 0xF5, 0xB5, 0x1C, 0x15, 0x82, 0x2C, 0x56, 0xB8, 0x8A, 0x75, 0xAB,
    0xBA, 0x59, 0xC0, 0x02, 0x9D, 0x52, 0x6D, 0x8D, 0x52, 0x35, 0xB0, 0xD8, 0x58, 0xD4, 0x4F, 0x0D,
    0x69, 0x8D, 0xB2, 0x3B, 0xDB, 0x60, 0x21, 0x8F, 0xC5, 0x67, 0xF2, 0x0F, 0x5A, 0x6B, 0xE4, 0xD1,
    0x33, 0xD7, 0x8D, 0x0F, 0xBE, 0xBD, 0xAD, 0xA3, 0x8E, 0x1C, 0xEA, 0xC8, 0x03, 0x1E, 0xE4, 0x5D,
    0x8D, 0x32, 0x9E, 0x41, 0xE9, 0x16, 0x40, 0x80, 0x59, 0x46, 0x79, 0xB4, 0x13, 0xFF, 0xA1, 0xC3,
    0x24, 0xB0, 0x2A, 0xE4, 0x5D, 0x5C, 0xC7, 0x61, 0xD0, 0xBB, 0xCF, 0x5C, 0x9F, 0x78, 0x17, 0xCA,
    0x5F, 0xFD, 0x9F, 0x28, 0x4F, 0x02, 0xF2, 0x24, 0x1A, 0x86, 0xF9, 0x5C, 0x08, 0x5B, 0xF1, 0x2F,
    0xC3, 0x89, 0xCA, 0xE2, 0x40, 0xF2, 0x84, 0x24, 0x06, 0x67, 0x04, 0x56, 0x05, 0x2B, 0xB6, 0xA2,
    0x43, 0xF5, 0x56, 0x72, 0x40, 0x25, 0xFB, 0x20, 0x1E, 0xFB, 0x4C, 0x2D, 0x30, 0x50, 0x70, 0x29,
    0xE0, 0xF5, 0x97, 0x71, 0xF7, 0x59, 0xE2, 0xDC, 0xA6, 0x04, 0x1D, 0x40, 0xB5, 0xD9, 0x01, 0x20,
    0xA8, 0x63, 0x65, 0x6D, 0xAB, 0xB2, 0x83, 0x6A, 0xBA, 0xF3, 0xA2, 0x25, 0x8C, 0x9F, 0x1F, 0x89,
    0x8C, 0xBC, 0x5B, 0x26, 0xA9, 0x7D, 0x17, 0xCA, 0xAE, 0x42, 0xAD, 0xDC, 0x01, 0x49, 0x50, 0x16,
    0x65, 0xF3, 0x5C, 0xD6, 0x15, 0x2A, 0x56, 0x7A, 0xB6, 0xB2, 0x14, 0xDF, 0x53, 0xC7, 0xB0, 0xB6,
    0x31, 0xBC, 0x5E, 0x0D, 0x4D, 0x9E, 0xC0, 0x0A, 0xCC, 0xDA, 0xD3, 0x78, 0xE8, 0x48, 0x84, 0xD0,
    0xA6, 0x63, 0xC8, 0x36, 0x22, 0x74, 0x0F, 0x49, 0x16, 0x8D, 0x2A, 0x06, 0xD5, 0x2F, 0x7C, 0x17,
    0x7D, 0xD2, 0xB7, 0x25, 0x68, 0x6E, 0xC5, 0x9D, 0x46, 0x35, 0x39, 0xDC, 0xA8, 0xBA, 0x25, 0x92,
    0x82, 0x58, 0x6F, 0x6F, 0x8D, 0x7B, 0x40, 0xD1, 0x02, 0x55, 0xC6, 0x29, 0xAD, 0x68, 0x54, 0xDF,
    0xA5, 0xD1, 0x27, 0x8F, 0xB5, 0xFF, 0x9D, 0xE5, 0x58, 0xF2, 0xCD, 0x1A, 0x00, 0x11, 0xD1, 0x34,
    0x68, 0x98, 0x84, 0x89, 0x59, 0x2B, 0xCF, 0xAC, 0xA6, 0x11, 0x13, 0xE3, 0xB8, 0x73, 0xD5, 0x6E,
    0xCC, 0xEA, 0xFA, 0xD2, 0xF4, 0x44, 0xA5, 0x54, 0x56, 0x87, 0x59, 0x9D, 0x3E, 0x08, 0xF9, 0xF6,
    0x28, 0x70, 0xE4, 0x97, 0x2C, 0xD4, 0x60, 0x82, 0x1C, 0x26, 0x68, 0xF6, 0x79, 0xE9, 0x1A, 0x34,
    0xAC, 0x4C, 0xF7, 0xD1, 0x38, 0xFD, 0x45, 0x76, 0x1D, 0x6C, 0x5A, 0x05, 0x9B, 0x6E, 0x6D, 0x2F,
    0x9C, 0x5F, 0x33, 0xCD, 0x6C, 0x5F, 0xDA, 0x40, 0x17, 0xD0, 0xFF, 0xA8, 0x91, 0xF4, 0x8F, 0xA8,
    0xE3, 0x3B, 0xFF, 0xA9, 0x3A, 0x18, 0x58, 0x8D, 0x5D, 0x5E, 0x5F, 0x5F, 0x5E, 0x8B, 0xC0, 0xD4,
    0x18, 0xA3, 0x86, 0x08, 0x6D, 0xC1, 0xC0, 0xE9, 0x52, 0xAB, 0xEA, 0xFB, 0xE5, 0xC3, 0xC1, 0x3E,
    0xA3, 0xDE, 0x7F, 0xA8, 0x0A, 0x56, 0x97, 0x84, 0x4E, 0x13, 0x3C, 0x60, 0x63, 0x0D, 0x78, 0xD2,
    0x11, 0xDB, 0xCB, 0xFF, 0x7D, 0xCF, 0xAB, 0x99, 0x59, 0xCF, 0x69, 0x2A, 0x9D, 0x86, 0xAF, 0x94,
    0xEE, 0xF1, 0xF2, 0xB4, 0x08, 0x79, 0x3B, 0xC2, 0x18, 0x3C, 0xC1, 0xC0, 0x89, 0xB1, 0xF4, 0xE5,
    0x14, 0x24, 0x2C, 0x54, 0x9F, 0x07, 0x35, 0x05, 0x9B, 0x22, 0x8F, 0x73, 0x16, 0x6E, 0x31, 0x21,
    0x2A, 0x1D, 0x5F, 0xA2, 0x73, 0x3C, 0xD9, 0x2B, 0xBA, 0xB2, 0x27, 0xBB, 0x8A, 0x2B, 0x7F, 0xE9,
    0x2A, 0x9B, 0x96, 0x4F, 0x0A, 0xCD, 0x3A, 0x2A, 0x0C, 0x92, 0xA6, 0x50, 0xA3, 0xCA, 0x4F, 0xBF,
    0x66, 0xAB, 0x07, 0x8E, 0x7A, 0xF9, 0xA3, 0x6E, 0x50, 0x5B, 0x85, 0xCD, 0xFA, 0x7D, 0x88, 0xA5,
    0x9B, 0xC8, 0x69, 0x4E, 0x43, 0x54, 0xDD, 0x4C, 0xC1, 0xB9, 0x8F, 0xC9, 0x5E, 0xD5, 0x2E, 0x46,
    0xE2, 0x7F, 0x83, 0x78, 0xC6, 0xFA, 0x74, 0x18, 0xF2, 0xF8, 0x03, 0x23, 0xAC, 0x29, 0xD1, 0x5B,
    0xBF, 0x7D, 0x91, 0xFD, 0xF2, 0xF0, 0xA8, 0x07, 0x31, 0xED, 0x11, 0xA7, 0xFC, 0x3F, 0x80, 0xAE,
    0xBB, 0x01, 0xCF, 0x2F, 0xC6, 0x75, 0x40, 0x85, 0xA4, 0xA0, 0xC7, 0x95, 0x0B, 0x8F, 0x90, 0xFC,
    0xE4, 0x45, 0xAE, 0x02, 0xFD, 0x50, 0x0F, 0x24, 0xAF, 0xE4, 0xA0, 0x2F, 0xE7, 0x84, 0x91, 0x0A,
    0x34, 0x12, 0xC3, 0x48, 0x98, 0x9E, 0x7D, 0x43, 0x69, 0x04, 0x2A, 0x51, 0x87, 0x84, 0xCF, 0xCA,
    0xA1, 0xAB, 0xDC, 0x6F, 0x07, 0xCA, 0x09, 0x72, 0xF6, 0x7A, 0x64, 0x2E, 0x05, 0xE8, 0x94, 0x73,
    0x67, 0x40, 0xD6, 0xB2, 0xBD, 0xA1, 0x7C, 0x2E, 0xD6, 0xFA, 0xD1, 0x7A, 0x73, 0x20, 0xB4, 0x16,
    0xFD, 0x7B, 0x3F, 0xB2, 0xF0, 0xD7, 0xBA, 0x71, 0x58, 0xD7, 0x5A, 0x9A, 0xF6, 0xB7, 0x97, 0x1A,
    0x77, 0xFF, 0x60, 0xC1, 0x59, 0xF4, 0xB9, 0x57, 0x81, 0xC0, 0xFB, 0xA9, 0xA8, 0x88, 0x83, 0xA9,
    0x99, 0xAF, 0xAE, 0xD1, 0xDD, 0x4F, 0xEC, 0xA6, 0xBB, 0x76, 0xED, 0x72, 0x3F, 0xA2, 0xEC, 0xF4,
    0xD6, 0x14, 0xDB, 0x6B, 0xE3, 0xF7, 0x6F, 0x56, 0x15, 0xB7, 0xF9, 0x0F, 0x45, 0xB0, 0xC8, 0x5A,
    0xF4, 0x98, 0x5A, 0x6C, 0xEE, 0xC4, 0xE8, 0xC7, 0x11, 0x7F, 0x8B, 0x6D, 0x16, 0x18, 0x4E, 0xFC,
    0x07, 0x00, 0xD0, 0xBC, 0xD1, 0x6D, 0xB6, 0x5A, 0xF1, 0xD2, 0x1C, 0x8F, 0x5B, 0x99, 0x50, 0x31,
    0xDC, 0x78, 0x1C, 0x53, 0xB5, 0x87, 0x65, 0x53, 0xEC, 0x90, 0x6F, 0x6C, 0xA3, 0x4F, 0xED, 0x57,
    0xA9, 0x18, 0x08, 0x3D, 0x01, 0x68, 0x8A, 0x21, 0x97, 0x9A, 0x58, 0x1F, 0x83, 0xDB, 0xC7, 0x21,
    0x6E, 0x5E, 0x76, 0xE2, 0x4D, 0x50, 0xFB, 0x59, 0x5E, 0x75, 0x90, 0xA0, 0x6A, 0x2C, 0x62, 0xB6,
    0x92, 0x74, 0x05, 0x94, 0x51, 0xE8, 0xF6, 0x2D, 0x9D, 0x9B, 0xE9, 0xEC, 0xAF, 0x78, 0xE7, 0x91,
    0xBF, 0x9F, 0x5A, 0xFB, 0xC8, 0x59, 0x20, 0xD3, 0xE1, 0x3F, 0xC7, 0xE1, 0xD9, 0x0C, 0x18, 0xF4,
    0x64, 0x6D, 0xA8, 0x24, 0x35, 0x66, 0xB9, 0x11, 0x08, 0xC6, 0x2E, 0x40, 0xE9, 0x82, 0xB0, 0x13,
    0x85, 0xE4, 0x63, 0x10, 0x00, 0x8E, 0x97, 0x4F, 0x6C, 0xC1, 0x2A, 0x97, 0xBD, 0x69, 0xE6, 0xC9,
    0xBA, 0xED, 0xD1, 0xE3, 0x2B, 0x98, 0xF9, 0x7B, 0x5D, 0xEA, 0x00, 0xD0, 0x55, 0x4F, 0x9C, 0xAA,
    0x53, 0x9F, 0xDF, 0x81, 0x86, 0x7C, 0xD9, 0x27, 0x01, 0xE8, 0x01, 0xD6, 0x3C, 0x16, 0xD2, 0x2C,
    0x9C, 0x90, 0x28, 0xE0, 0x00, 0xCA, 0x36, 0x91, 0xE8, 0x4D, 0x2C, 0x8C, 0x1A, 0x27, 0x53, 0x4D,
    0xF9, 0x21, 0x66, 0xAB, 0x1E, 0xF3, 0xD8, 0xEC, 0x80, 0x01, 0x05, 0x40, 0xB6, 0x87, 0xDA, 0x32,
    0x11, 0xB7, 0xA5, 0x53, 0x44, 0xB3, 0x65, 0x6F, 0x07, 0xA4, 0x72, 0xA9, 0x0F, 0x39, 0x21, 0xC4,
    0xE7, 0x8E, 0xE0, 0xFA, 0x90, 0xDB, 0x60, 0x08, 0x90, 0x2E, 0x3E, 0x84, 0x72, 0x6B, 0x79, 0x52,
    0x00, 0x6D, 0xB3, 0x00, 0x94, 0x93, 0xA0, 0x73, 0x6D, 0x95, 0x5E, 0xEF, 0x4E, 0x00, 0xF0, 0x76,
    0x40, 0xF6, 0x46, 0x5C, 0x63, 0x32, 0x30, 0x00, 0xE6, 0x6E, 0x2D, 0xFB, 0x74, 0xA3, 0xBB, 0x8F,
    0x1E, 0x10, 0x06, 0xAA, 0x0E, 0x58, 0xA5, 0x67, 0x31, 0x1D, 0x3A, 0xAC, 0xFC, 0x5A, 0x93, 0x16,
    0x0A, 0x4D, 0x35, 0xA0, 0x66, 0xDD, 0x16, 0xAB, 0x23, 0x51, 0x27, 0x61, 0x82, 0xBC, 0x79, 0xBE,
    0xC1, 0x3A, 0xDD, 0x2D, 0xB6, 0x72, 0x9B, 0xEC, 0xE9, 0x65, 0xF2, 0xCB, 0x16, 0x35, 0x31, 0x01,
    0x2D, 0xE7, 0x9E, 0xA0, 0x39, 0xFF, 0x55, 0xC3, 0xBF, 0xEE, 0xF3, 0x39, 0xAF, 0x9E, 0x2F, 0xDA,
    0x23, 0x02, 0xC8, 0x41, 0x38, 0xB3, 0xC7, 0x89, 0x85, 0x68, 0x1E, 0xC7, 0x37, 0xA8, 0x1E, 0x8C,
    0x59, 0x3F, 0xBB, 0x05, 0xD2, 0xDF, 0x6C, 0xFA, 0x54, 0x7B, 0xC2, 0xA5, 0xE2, 0x49, 0xD1, 0x46,
    0x69, 0xAD, 0xE8, 0xA9, 0xBB, 0xAD, 0x25, 0x5D, 0xF1, 0x2B, 0x65, 0x54, 0xDD, 0x7F, 0x38, 0xB3,
    0xA8, 0x35, 0x06, 0x40, 0xBE, 0x2E, 0x18, 0x9D, 0xA2, 0xFE, 0xDB, 0x4A, 0xA8, 0xFA, 0xF9, 0x5D,
    0x3D, 0x9A, 0x46, 0x85, 0xE6, 0x36, 0x9C, 0xFC, 0x1B, 0xD0, 0x8A, 0x17, 0x79, 0x0D, 0x3A, 0x9B,
    0xD9, 0x46, 0xB2, 0xC5, 0x0A, 0xCC, 0xC7, 0x4C, 0x56, 0x1B, 0x40, 0x63, 0xBE, 0x47, 0xC1, 0x65,
    0xE5, 0x8B, 0x98, 0x3A, 0x80, 0x3C, 0x5D, 0xF2, 0xCA, 0x15, 0xC9, 0xB3, 0x6A, 0x92, 0xD7, 0x76,
    0xE8, 0x09, 0x60, 0xB2, 0x9B, 0xC5, 0xA3, 0x53, 0xB3, 0xEC, 0x97, 0x82, 0x41, 0x43, 0x1A, 0x26,
    0x2C, 0xE3, 0xB0, 0xD8, 0xDB, 0x02, 0xC9, 0x71, 0xC4, 0x5E, 0xA2, 0xD3, 0x31, 0x33, 0xD6, 0x11,
    0xD8, 0x4E, 0x02, 0xFB, 0x28, 0x27, 0x06, 0xFA, 0x45, 0x10, 0x90, 0x29, 0x85, 0x97, 0x50, 0xFD,
    0xE8, 0x2A, 0x60, 0xDE, 0xAA, 0x2B, 0xDB, 0x2B, 0x9E, 0x22, 0x79, 0xB6, 0xCA, 0x5C, 0xC3, 0x78,
    0x0F, 0x63, 0x5B, 0x5B, 0xEE, 0xF7, 0xD8, 0x21, 0xB4, 0x00, 0xEA, 0xF9, 0x4B, 0x8D, 0xB0, 0xDB,
    0x20, 0x28, 0x59, 0xEF, 0x4B, 0xE4, 0x7D, 0x47, 0xF2, 0x96, 0x64, 0xB7, 0xA5, 0xD8, 0xCE, 0x24,
    0xAF, 0xC1, 0x51, 0xDA, 0x4E, 0x2F, 0x65, 0x2D, 0x70, 0xF4, 0x9D, 0xE5, 0x51, 0xBA, 0x97, 0xCE,
    0x72, 0xC7, 0xE8, 0x79, 0xF4, 0x06, 0xBA, 0x05, 0xF4, 0x3C, 0xCC, 0x35, 0xAB, 0x30, 0xC0, 0xDE,
    0x36, 0x5A, 0xB6, 0x55, 0x5A, 0x2F, 0xBA, 0x23, 0xC2, 0x85, 0xF0, 0x02, 0xB7, 0x50, 0xF6, 0xA6,
    0xB5, 0xC4, 0x3F, 0xD2, 0x16, 0x0D, 0x07, 0x13, 0xBE, 0x99, 0x00, 0xC3, 0x72, 0x91, 0x4B, 0x66,
    0x60, 0xF2, 0xB0, 0x71, 0xD2, 0x83, 0x88, 0x57, 0xBD, 0xFE, 0x00, 0xDE, 0x88, 0xD1, 0x5B, 0xDB,
    0x0F, 0x89, 0xAE, 0x81, 0x1F, 0xB8, 0x9E, 0xC8, 0xD5, 0xB1, 0xD0, 0x68, 0xD1, 0xD4, 0xB2, 0x27,
    0xE6, 0xFB, 0x65, 0x1F, 0x67, 0x62, 0xE7, 0x0C, 0xCC, 0xD8, 0x48, 0x92, 0x8D, 0x63, 0x88, 0xCA,
    0x18, 0xB2, 0xB2, 0x3F, 0xB0, 0x21, 0x5B, 0xD1, 0x2A, 0x60, 0xA4, 0xC2, 0xB3, 0x34, 0x37, 0x37,
    0xC7, 0xE6, 0xB3, 0x1F, 0x35, 0x0C, 0x4B, 0xBF, 0x82, 0x66, 0x55, 0xB8, 0x4C, 0x63, 0x50, 0xC6,
    0x89, 0x46, 0x39, 0xB6, 0x6C, 0x44, 0xA3, 0x28, 0x91, 0x49, 0xFB, 0x58, 0xCD, 0x14, 0x49, 0xEA,
    0x52, 0xF5, 0x23, 0xB4, 0xA4, 0x27, 0x8E, 0xC1, 0xE8, 0x6F, 0x53, 0x8C, 0xAF, 0xD9, 0xBD, 0x53,
    0x8C, 0x20, 0x96, 0x1A, 0x99, 0xE4, 0x5B, 0xFE, 0xC5, 0xA3, 0x9B, 0xE4, 0xB8, 0xC7, 0xA7, 0x12,
    0x17, 0x89, 0xC4, 0x60, 0x8B, 0xC2, 0x70, 0x0D, 0xFC, 0xEA, 0xB3, 0xA6, 0x72, 0x6C, 0x30, 0x51,
    0xE4, 0x76, 0xDA, 0xC6, 0xFE, 0x49, 0x29, 0x5E, 0x69, 0x09, 0x33, 0xA0, 0x5D, 0xCB, 0x61, 0xE8,
    0x42, 0x53, 0xD9, 0x20, 0x8A, 0x28, 0x07, 0x41, 0xA0, 0xC7, 0x37, 0x2C, 0x45, 0x2B, 0x02, 0x7D,
    0x97, 0xBA, 0x11, 0x47, 0x26, 0xFF, 0xAA, 0x6C, 0x82, 0x57, 0xE8, 0x59, 0x25, 0x2A, 0xD3, 0x22,
    0x86, 0x74, 0xF3, 0xDC, 0x1C, 0x8D, 0x62, 0xB8, 0xAA, 0x3C, 0x5C, 0x6A, 0xAC, 0x27, 0x7E, 0x0E,
    0xA1, 0x1D, 0x1D, 0x0C, 0xED, 0xAC, 0xE8, 0x4A, 0x6C, 0xB5, 0xA2, 0x9C, 0x2D, 0x46, 0x82, 0x15,
    0xEF, 0x0E, 0xD0, 0x8F, 0x3C, 0x52, 0xB1, 0x72, 0xB6, 0xE1, 0xDA, 0x18, 0xDF, 0xD3, 0x77, 0x14,
    0xCE, 0xF7, 0x2D, 0xCA, 0xCD, 0x73, 0x9F, 0x9A, 0xC5, 0x74, 0xB6, 0x81, 0xE7, 0x30, 0x43, 0xA0,
    0x3C, 0xCE, 0x4F, 0x83, 0xB0, 0x5E, 0x54, 0x70, 0x6B, 0x15, 0xF7, 0x58, 0x7C, 0xEF, 0x68, 0x2B,
    0xF2, 0xED, 0xA6, 0x63, 0x3D, 0x06, 0x1A, 0x9B, 0x90, 0x98, 0x15, 0x98, 0x89, 0x22, 0x2A, 0xE3,
    0x21, 0x16, 0xC8, 0x01, 0x05, 0x32, 0x34, 0xBD, 0xE2, 0xB2, 0x04, 0xDB, 0x21, 0x85, 0xD4, 0xC7,
    0xB0, 0x9B, 0x60, 0xC6, 0x1B, 0xCA, 0xD5, 0x64, 0x48, 0xEE, 0x58, 0x65, 0x34, 0x2A, 0x0F, 0xB1,
    0x40, 0x35, 0x90, 0x85, 0x25, 0xE3, 0x80, 0x5A, 0x20, 0x48, 0x3F, 0x94, 0xB7, 0x55, 0x5B, 0x41,
    0xFB, 0xF7, 0xE0, 0x72, 0x77, 0xE0, 0xEF, 0x16, 0x63, 0xB6, 0xC7, 0x1E, 0x5D, 0x7E, 0x9A, 0xEA,
    0x7F, 0x1D, 0xEB, 0x64, 0x95, 0xAD, 0xEA, 0xFB, 0xDB, 0xCF, 0x0F, 0xBF, 0x4D, 0x33, 0xAF, 0x8E,
    0x2C, 0xAE, 0xBE, 0x35, 0x4F, 0x89, 0xAF, 0x4E, 0x42, 0x67, 0x60, 0xC6, 0xD7, 0x30, 0x68, 0x95,
    0x3D, 0xC4, 0xE5, 0x17, 0xFF, 0x6A, 0x48, 0x2F, 0x67, 0xEF, 0x0F, 0xB8, 0xFC, 0xCD, 0x57, 0xC6,
    0x4E, 0x4F, 0x5E, 0x28, 0x72, 0x52, 0x47, 0x7C, 0x4F, 0x34, 0xD5, 0x36, 0x26, 0x4C, 0xE0, 0x08,
    0x05, 0x7D, 0xC4, 0x82, 0xB4, 0x6B, 0x42, 0x1C, 0x4D, 0x0C, 0x24, 0x86, 0x12, 0x71, 0xA4, 0xB0,
    0x52, 0xFB, 0xFE, 0x59, 0xF0, 0xEB, 0x28, 0x7D, 0x1E, 0xAB, 0xE0, 0xCF, 0x50, 0xCF, 0x14, 0x3A,
    0x1F, 0xD0, 0x92, 0xE4, 0xE3, 0xBF, 0xA7, 0x02, 0x13, 0x6D, 0x05, 0x5F, 0x8D, 0xF4, 0xC5, 0xDA,
    0x3E, 0x12, 0x73, 0xA2, 0x0A, 0xC5, 0x14, 0x79, 0xCB, 0xED, 0xD8, 0xEC, 0x8C, 0x25, 0x9D, 0xFC,
    0xD8, 0xDC, 0xAC, 0x82, 0xB9, 0xCB, 0x83, 0x8B, 0xB7, 0xE2, 0xE4, 0x3E, 0xD0, 0x3C, 0xF7, 0xB5,
    0xBF, 0xC8, 0xE3, 0x26, 0x1D, 0xDE, 0xC0, 0x8B, 0x23, 0x18, 0xA9, 0xDB, 0x30, 0xA9, 0x1F, 0xC0,
    0xB4, 0x9A, 0xE2, 0x3C, 0xE0, 0xA1, 0xF2, 0xD8, 0x0D, 0x97, 0xB3, 0x35, 0x3C, 0x49, 0x96, 0x40,
    0x9B, 0x11, 0x88, 0x8A, 0xEB, 0x62, 0x8D, 0x36, 0x19, 0x35, 0x29, 0xF9, 0x57, 0x17, 0xFC, 0xBA,
    0xE7, 0x17, 0x33, 0x29, 0x68, 0xB1, 0x7F, 0x9F, 0x44, 0x03, 0x73, 0xD8, 0x40, 0xA5, 0xFA, 0x2C,
    0xF3, 0xFB, 0xA2, 0x10, 0x25, 0xD9, 0x5F, 0x48, 0x73, 0x73, 0x57, 0x31, 0xBF, 0xC7, 0xC7, 0x5C,
    0xC3, 0x38, 0xFA, 0x6F, 0xF4, 0x09, 0xE2, 0xA5, 0x73, 0xC5, 0x63, 0x6F, 0x9A, 0x1D, 0x9C, 0xAB,
    0x80, 0x9E, 0x45, 0x1E, 0x4D, 0x0C, 0xCD, 0x43, 0x90, 0xF9, 0x6F, 0xD4, 0xCC, 0x6C, 0x07, 0x15,
    0x36, 0x7F, 0x7B, 0xCF, 0xE5, 0x75, 0x86, 0xC8, 0x4D, 0x30, 0x92, 0x20, 0x4C, 0x74, 0x13, 0x13,
    0x3D, 0x9B, 0xAC, 0xEB, 0x85, 0x58, 0xD3, 0xB9, 0xFD, 0x1E, 0x08, 0x1B, 0x6C, 0x6B, 0x5F, 0x91,
    0x4D, 0x41, 0x6C, 0xC1, 0x5E, 0x62, 0x40, 0xCC, 0xBE, 0x8E, 0x1D, 0xD1, 0xDC, 0x6D, 0x71, 0x29,
    0x05, 0xB6, 0xCD, 0x37, 0xFA, 0xCF, 0x6D, 0xC8, 0xBE, 0x6E, 0xD2, 0x61, 0xF0, 0xA0, 0x21, 0x0B,
    0x3F, 0x37, 0xEE, 0x6C, 0x65, 0x5D, 0x70, 0x80, 0xCD, 0x13, 0x36, 0x39, 0x24, 0xC2, 0xC0, 0x3E,
    0x27, 0xA2, 0xE5, 0x06, 0x99, 0x40, 0xF9, 0x44, 0xE4, 0x0A, 0xDE, 0x98, 0x1E, 0xA8, 0x3C, 0xF6,
    0x21, 0xE7, 0x21, 0x77, 0xA6, 0xD1, 0x18, 0x70, 0x02, 0xF4, 0xB0, 0x37, 0x83, 0x0B, 0x63, 0x11,
    0xB7, 0x4C, 0xE1, 0x06, 0x0C, 0x82, 0xFC, 0x2E, 0x94, 0xB7, 0x47, 0xE7, 0x5E, 0xB7, 0xD1, 0x13,
    0x44, 0xB1, 0x54, 0xE6, 0x75, 0x3D, 0x8D, 0xC9, 0x6D, 0x4F, 0xA2, 0x7C, 0xD6, 0x9E, 0xC1, 0x49,
    0x2B, 0x42, 0xF5, 0x1B, 0xDD, 0x1C, 0x7E, 0xCA, 0xA7, 0x7F, 0x0D, 0xFD, 0x3D, 0xBD, 0xDF, 0xF2,
    0x7A, 0x3E, 0x98, 0xC2, 0x47, 0x7B, 0x7C, 0xB4, 0xC5, 0x2F, 0x0C, 0xEE, 0x69, 0x4B, 0xBC, 0x36,
    0xBC, 0x58, 0x76, 0xB2, 0x0D, 0xF7, 0x28, 0xA6, 0xE1, 0xCF, 0xC0, 0x69, 0x53, 0xA0, 0x02, 0x99,
    0x5B, 0x3A, 0xB4, 0xF8, 0x74, 0xBB, 0x7E, 0x92, 0xFC, 0x17, 0x99, 0x78, 0xB8, 0x89, 0x39, 0x35,
    0xF5, 0x3E, 0x92, 0x11, 0x53, 0xB6, 0x63, 0xAE, 0x09, 0xF4, 0x19, 0xCC, 0x62, 0xBE, 0x5B, 0x02,
    0x39, 0xE6, 0x30, 0x75, 0x3A, 0x56, 0x06, 0xE6, 0x35, 0x69, 0x3B, 0xCF, 0x87, 0x68, 0x3B, 0x0E,
    0x1F, 0x20, 0x76, 0x22, 0xF5, 0x39, 0x0C, 0xB9, 0xF9, 0xB8, 0xDF, 0x58, 0x97, 0x32, 0x2C, 0x4C,
    0x36, 0xB4, 0x55, 0xB0, 0x71, 0x16, 0x47, 0xFA, 0x90, 0xBF, 0x68, 0xB0, 0x4E, 0x79, 0x3B, 0x4C,
    0x4A, 0xC4, 0x44, 0x32, 0xCC, 0x75, 0xAC, 0xF1, 0x36, 0x66, 0x15, 0xFF, 0x59, 0x8E, 0x6D, 0xAD,
    0x64, 0xC9, 0xCA, 0x5F, 0x86, 0x6A, 0xD7, 0xA3, 0x87, 0xCA, 0x4F, 0x62, 0xBA, 0x0F, 0x0A, 0xAF,
    0x2F, 0x9B, 0x80, 0xEA, 0x60, 0x9D, 0x4F, 0xD1, 0x26, 0x3C, 0xBF, 0x22, 0x7F, 0x50, 0xC8, 0x9A,
    0xE5, 0xD0, 0x93, 0x20, 0x27, 0x54, 0xA0, 0xB8, 0x49, 0xF4, 0x67, 0xA9, 0x36, 0x41, 0xB3, 0x45,
    0x98, 0x79, 0x32, 0x9E, 0x2F, 0xA1, 0x2E, 0xF5, 0x4F, 0x01, 0xDF, 0x46, 0x80, 0x16, 0x23, 0x16,
    0x1B, 0xE9, 0x77, 0x63, 0x2F, 0xE6, 0xFD, 0xC4, 0xC0, 0xCF, 0x08, 0xC2, 0x3A, 0x68, 0x6F, 0xBE,
    0x12, 0x72, 0x5F, 0x1D, 0xF2, 0x1E, 0xC6, 0xE2, 0x82, 0xAB, 0x93, 0xDD, 0x61, 0x0F, 0xF6, 0x32,
    0x74, 0xC2, 0x7D, 0x85, 0x11, 0x55, 0x31, 0x49, 0x45, 0x5B, 0x54, 0x72, 0x67, 0x61, 0xDB, 0xB1,
    0x37, 0x5B, 0xC8, 0xCC, 0x81, 0x3C, 0xEB, 0xB3, 0x78, 0xBF, 0x0F, 0xE0, 0x9C, 0x52, 0x2D, 0x4B,
    0x15, 0x23, 0x47, 0x9A, 0xA6, 0xE3, 0xD6, 0xD3, 0xC7, 0x8C, 0x65, 0x9B, 0x10, 0x8D, 0xD0, 0xD2,
    0xA6, 0x46, 0xED, 0x5A, 0x8E, 0x02, 0x03, 0xD0, 0x47, 0x97, 0x65, 0x2F, 0x23, 0x1A, 0x9C, 0x08,
    0xA0, 0x7D, 0x7D, 0xBD, 0x48, 0x0F, 0x6E, 0xD4, 0x8B, 0xB8, 0x80, 0x59, 0x57, 0xCA, 0xD0, 0x1D,
    0xB6, 0x03, 0xB9, 0x6A, 0xE9, 0x92, 0x5F, 0xCE, 0xC9, 0x9E, 0x31, 0xAA, 0xB8, 0x7A, 0xBF, 0x83,
    0xB1, 0x6E, 0xE5, 0xE5, 0xC5, 0xA6, 0xDF, 0x03, 0x83, 0xB9, 0x52, 0xC1, 0xD7, 0xD2, 0xD0, 0xCC,
    0x43, 0xA6, 0xCC, 0x2E, 0x72, 0xFF, 0xFA, 0xBE, 0xD9, 0xC4, 0x37, 0x1C, 0x2F, 0x9B, 0x4E, 0x24,
    0xD2, 0x86, 0xFE, 0x95, 0x50, 0xDB, 0x6D, 0xD9, 0x70, 0xFD, 0x33, 0xD2, 0x60, 0xE4, 0x45, 0x3D,
    0xCB, 0xA2, 0x9E, 0x21, 0x71, 0x96, 0x8C, 0xD7, 0xF4, 0x60, 0x18, 0x22, 0x58, 0x37, 0xF8, 0xC3,
    0x30, 0x2E, 0x36, 0xE8, 0xDA, 0x1E, 0x39, 0xB0, 0x99, 0xC9, 0x1E, 0xBE, 0x54, 0xE0, 0xF1, 0x6B,
    0xD4, 0xD2, 0x8E, 0xA5, 0x4E, 0x59, 0x32, 0xF3, 0x71, 0xBD, 0x41, 0xE7, 0xF7, 0xC8, 0xCA, 0xFA,
    0x16, 0xB9, 0xC3, 0x9B, 0x3D, 0x25, 0xDE, 0x3C, 0x88, 0xF5, 0x4F, 0xDC, 0x8F, 0xCD, 0x57, 0xDE,
    0x39, 0x2B, 0x76, 0x32, 0x86, 0x78, 0xA1, 0xDF, 0xAF, 0x4A, 0x3C, 0xFF, 0xC1, 0x60, 0xFE, 0x63,
    0x99, 0xF1, 0xEC, 0xDB, 0x43, 0xA7, 0x8E, 0x95, 0xC8, 0x43, 0x04, 0x76, 0x05, 0x2B, 0xA1, 0x77,
    0x56, 0xDE, 0x6E, 0xC9, 0x6D, 0x9F, 0x1D, 0x35, 0x60, 0x48, 0x58, 0x78, 0x87, 0xF7, 0x2B, 0xC1,
    0x64, 0xD5, 0x1E, 0xD6, 0x00, 0xB1, 0x0B, 0x7B, 0x54, 0xFD, 0x75, 0x06, 0x1E, 0x6E, 0xB4, 0x12,
    0xE3, 0x91, 0x61, 0xA5, 0x55, 0x4D, 0x53, 0xEA, 0x99, 0xBC, 0xBB, 0x78, 0x91, 0xD4, 0x9E, 0x52,
    0xC1, 0x4E, 0xC3, 0x7A, 0x21, 0xF1, 0x36, 0x55, 0x92, 0x4D, 0xA0, 0x16, 0x4F, 0x28, 0xC6, 0x33,
    0x2B, 0x64, 0xE0, 0x61, 0x5E, 0xCE, 0x78, 0x1A, 0x2F, 0xF5, 0x79, 0xB0, 0x47, 0x50, 0x8B, 0x90,
    0xB6, 0x97, 0xC3, 0xDC, 0xA9, 0x18, 0x16, 0xC6, 0x05, 0x58, 0x93, 0xE0, 0x3E, 0x4C, 0x47, 0x80,
    0x87, 0xB6, 0xD8, 0xAE, 0x2D, 0x44, 0x5B, 0x87, 0xB1, 0xCC, 0x7B, 0xCE, 0xBB, 0x28, 0x58, 0xB0,
    0x59, 0x3E, 0xB1, 0x4E, 0x90, 0xD9, 0xDD, 0xE6, 0x42, 0x06, 0x60, 0xE0, 0x20, 0x05, 0x3C, 0x5D,
    0x68, 0x09, 0xDC, 0x81, 0xB2, 0xCD, 0x08, 0x10, 0x31, 0x67, 0x68, 0x34, 0xFB, 0x82, 0x4B, 0x29,
    0xB0, 0x9A, 0xE4, 0x57, 0x44, 0xED, 0x3F, 0xA7, 0x9C, 0x8F, 0x16, 0xB5, 0x23, 0x67, 0xB5, 0x78,
    0x68, 0xB2, 0x17, 0x55, 0x32, 0x53, 0x9D, 0x73, 0x96, 0xED, 0x7A, 0xC0, 0x6D, 0xEF, 0x6F, 0x50,
    0x89, 0x59, 0x1D, 0x29, 0x62, 0x7C, 0xE7, 0x62, 0x99, 0xF8, 0xDB, 0x58, 0x03, 0xD7, 0x81, 0x4A,
    0xA0, 0x02, 0x05, 0xB0, 0xCC, 0x1E, 0x3F, 0x62, 0x13, 0xA3, 0xE4, 0x4E, 0xBC, 0x3E, 0x86, 0xA9,
    0x45, 0x6C, 0x26, 0xAD, 0x91, 0xC4, 0xC5, 0xB1, 0xF2, 0x02, 0x58, 0x05, 0x20, 0x1B, 0xC6, 0x35,
    0x05, 0xA9, 0x36, 0x3D, 0xBE, 0x8C, 0xB2, 0xC1, 0x2F, 0x2F, 0x8B, 0x49, 0x1E, 0x52, 0xA4, 0xF9,
    0x53, 0x14, 0xCA, 0xC2, 0x46, 0x81, 0x88, 0x45, 0xC6, 0xFE, 0x24, 0x79, 0x80, 0x1B, 0x70, 0x41,
    0xC3, 0x58, 0xA5, 0xA6, 0x20, 0x40, 0x84, 0x52, 0x1E, 0xAC, 0x88, 0xC4, 0x8C, 0x58, 0x88, 0x95,
    0xD2, 0x40, 0x30, 0x73, 0x1D, 0x99, 0x68, 0xA1, 0x43, 0x95, 0x40, 0x10, 0xD1, 0xE8, 0x18, 0xCA,
    0x4F, 0xA1, 0xBC, 0xFD, 0x1F, 0x2B, 0x1F, 0x37, 0x13, 0xCD, 0x97, 0x57, 0x99, 0x53, 0xDA, 0x10,
    0x2D, 0x35, 0xDA, 0x0F, 0x86, 0x69, 0x41, 0xB4, 0x17, 0x22, 0x6F, 0x54, 0x3B, 0x71, 0x9A, 0x0F,
    0x39, 0x0F, 0x5F, 0x4B, 0xF5, 0x03, 0x9F, 0xA1, 0xBF, 0x61, 0xE7, 0xE1, 0x12, 0x31, 0xCC, 0xCA,
    0xE3, 0x3F, 0x3B, 0x1C, 0xC7, 0xA2, 0xFB, 0xF7, 0x0D, 0x39, 0x01, 0x87, 0x1C, 0x87, 0x07, 0x0D,
    0x94, 0x69, 0xFE, 0xD2, 0x32, 0x32, 0xF5, 0x17, 0xE4, 0x98, 0x6A, 0x47, 0x60, 0x3A, 0x3E, 0x96,
    0x77, 0x5D, 0x48, 0xCA, 0xAE, 0x5D, 0x6E, 0x4E, 0xD9, 0xE9, 0xC1, 0x14, 0x6C, 0x2F, 0x28, 0xF6,
    0x42, 0x41, 0x41, 0x53, 0x9F, 0xCB, 0xEE, 0x81, 0x44, 0xFE, 0x01, 0x10, 0xAB, 0xCA, 0x35, 0xA4,
    0x4A, 0xEF, 0xD8, 0xBC, 0x67, 0xCE, 0xC6, 0x82, 0x0C, 0x92, 0x75, 0x22, 0xAB, 0xA3, 0x94, 0x55,
    0x55, 0x5B, 0x57, 0x65, 0xAF, 0xA6, 0x92, 0xDF, 0x52, 0xA9, 0x55, 0x60, 0xA0, 0xCB, 0x78, 0xAA,
    0x27, 0x0A, 0x07, 0x94, 0x52, 0xC6, 0x50, 0x1E, 0x24, 0x07, 0xFF, 0xF1, 0xF2, 0xC2, 0xF0, 0x68,
    0x43, 0x10, 0xB4, 0x23, 0xE9, 0xAA, 0x88, 0x75, 0xCC, 0x8E, 0x52, 0x29, 0x80, 0xC0, 0x5D, 0x8C,
    0x04, 0xAE, 0xD0, 0x0A, 0x7D, 0x7F, 0x69, 0x34, 0xBC, 0xEA, 0x7D, 0x50, 0x2F, 0x27, 0x88, 0x77,
    0x09, 0x18, 0xA4, 0xB0, 0x13, 0x60, 0x4B, 0x5B, 0x2C, 0x3E, 0x7A, 0x11, 0x16, 0x3F, 0x0E, 0xF7,
    0x42, 0x73, 0x5D, 0x93, 0x80, 0x80, 0xE1, 0x5D, 0xA5, 0xDA, 0x90, 0xD5, 0x17, 0x68, 0xC4, 0x30,
    0x02, 0x00, 0xD8, 0x96, 0x5D, 0x80, 0x69, 0x7B, 0x8F, 0xFF, 0x46, 0xB4, 0xE8, 0xC8, 0xFB, 0xC5,
    0xD5, 0xA9, 0xE1, 0x5D, 0x32, 0x85, 0x45, 0xC0, 0x61, 0xDE, 0x0B, 0x6F, 0x45, 0xFA, 0x9E, 0x31,
    0x71, 0x7E, 0x1B, 0xB8, 0x02, 0x00, 0xAA, 0x2D, 0xFB, 0xD0, 0x2E, 0xF6, 0xD6, 0x3E, 0xC6, 0xE5,
    0x3D, 0xF5, 0xD0, 0x1B, 0x36, 0xB1, 0xC6, 0xA0, 0x75, 0xC5, 0xEC, 0x9C, 0x6A, 0x7E, 0x09, 0xE8,
    0xCF, 0xEB, 0x67, 0x4E, 0x48, 0x5D, 0x81, 0xF8, 0x57, 0x96, 0xE9, 0xCC, 0xDE, 0x9F, 0xD2, 0xCD,
    0x01, 0x6E, 0x70, 0xC0, 0x95, 0xA6, 0x1F, 0xB5, 0x79, 0xD8, 0x95, 0xB7, 0x69, 0x60, 0x65, 0x90,
    0x07, 0xFB, 0xE8, 0x7B, 0x61, 0x7B, 0xEF, 0xD3, 0x3B, 0xBD, 0x4F, 0xB3, 0xDB, 0xD0, 0x42, 0xA5,
    0xB5, 0xE9, 0x81, 0xC9, 0xA7, 0xF7, 0xCD, 0x94, 0x48, 0x6A, 0x02, 0x9D, 0xE5, 0x85, 0xE4, 0xED,
    0x07, 0x7D, 0x24, 0x1E, 0x05, 0xAC, 0xD2, 0x6F, 0xF3, 0x2A, 0x8D, 0x82, 0x5C, 0xB0, 0x62, 0xF3,
    0xFD, 0x15, 0x9B, 0x1B, 0x5A, 0x71, 0xFA, 0x50, 0x07, 0x2A, 0x03, 0x73, 0x90, 0x27, 0xB4, 0xDD,
    0x37, 0x6E, 0xEB, 0x83, 0xBC, 0x23, 0xCE, 0xB7, 0x12, 0x51, 0x1F, 0x8A, 0x1A, 0xE3, 0x3F, 0xC8,
    0xEF, 0x51, 0xC6, 0xE8, 0xF1, 0x21, 0xF0, 0xBA, 0x80, 0xE5, 0x99, 0x28, 0x32, 0xA1, 0x2B, 0x5A,
    0x91, 0xFC, 0xE3, 0x96, 0x6D, 0x9E, 0xBB, 0x92, 0x36, 0x6A, 0x9F, 0x85, 0x48, 0xFB, 0xC4, 0x86,
    0x6F, 0xA2, 0x9C, 0xD9, 0x7B, 0x44, 0x2D, 0x73, 0xE8, 0x4F, 0x9C, 0x09, 0xB8, 0x97, 0xC2, 0xA1,
    0x07, 0xE4, 0x24, 0xB7, 0x23, 0x48, 0xCD, 0x71, 0x38, 0xA7, 0x90, 0x1B, 0x91, 0x62, 0x7B, 0x65,
    0xD0, 0x42, 0x96, 0x56, 0x82, 0x09, 0xFA, 0xA6, 0xBD, 0x8F, 0xD6, 0x85, 0x99, 0x33, 0xB5, 0xD1,
    0x07, 0x36, 0x44, 0x59, 0xD0, 0x56, 0x50, 0x87, 0x4C, 0x68, 0x22, 0xF3, 0x48, 0xB4, 0xCF, 0x7F,
    0xFE, 0x50, 0x0F, 0x3E, 0x35, 0x77, 0xA5, 0xDD, 0x42, 0xCD, 0xBF, 0x88, 0x92, 0xFB, 0x0A, 0x11,
    0xBC, 0x08, 0xC3, 0xB5, 0x80, 0x2C, 0xF1, 0xE7, 0x34, 0x78, 0x20, 0xFD, 0x38, 0x2C, 0x65, 0x3F,
    0x33, 0x23, 0x18, 0x07, 0xE3, 0xCF, 0xA6, 0x88, 0x1D, 0x45, 0x47, 0xB1, 0x6B, 0x20, 0x1B, 0xD3,
    0xB0, 0x84, 0x6B, 0x47, 0x90, 0x9D, 0x61, 0xCC, 0x7A, 0x62, 0x99, 0x8E, 0xF5, 0xB7, 0x5A, 0x99,
    0x3F, 0x0B, 0x3E, 0xF2, 0xCF, 0x42, 0xAC, 0xFE, 0x37, 0xCF, 0xDD, 0x34, 0x3B, 0xD8, 0x96, 0x2D,
    0xC7, 0xAE, 0x85, 0xB0, 0x0D, 0x75, 0x1F, 0x61, 0xF9, 0x2C, 0x4F, 0x20, 0x66, 0x24, 0x33, 0x12,
    0xCD, 0xDF, 0x10, 0x25, 0x3C, 0x12, 0x9B, 0x5D, 0xEE, 0x30, 0x3E, 0xAA, 0xB3, 0x33, 0x4F, 0x40,
    0xB5, 0xCA, 0x46, 0x29, 0x5C, 0xC5, 0xC4, 0x6E, 0x34, 0x61, 0x07, 0x11, 0x34, 0x01, 0x98, 0xB8,
    0x21, 0x79, 0x89, 0xD4, 0xE8, 0x6B, 0xFF, 0x2C, 0x4E, 0x1D, 0x89, 0xB6, 0x9A, 0xCE, 0x4F, 0xC0,
    0x64, 0x0E, 0x92, 0x3F, 0x27, 0x5F, 0xCE, 0x0C, 0xC3, 0x26, 0xBF, 0x85, 0x19, 0x8E, 0x88, 0xB7,
    0x61, 0x15, 0x7B, 0x6A, 0x03, 0x46, 0x5B, 0x8A, 0xD6, 0xF7, 0x5E, 0x3B, 0x32, 0x5D, 0x63, 0x38,
    0x2A, 0xE0, 0x11, 0x7B, 0x0B, 0x1D, 0x8D, 0xFF, 0x9A, 0x1A, 0xF9, 0x1A, 0x54, 0xBB, 0xE2, 0x1A,
    0x79, 0x2A, 0x4F, 0x8B, 0x6D, 0x3E, 0x29, 0x36, 0xD8, 0x45, 0xC7, 0xC0, 0xC2, 0x3A, 0x5A, 0x36,
    0x8D, 0x83, 0x96, 0x72, 0x0A, 0x5A, 0x8E, 0xF9, 0x95, 0xFA, 0xDD, 0x1A, 0x75, 0x22, 0xD4, 0x10,
    0x79, 0x34, 0xCE, 0x9F, 0xBB, 0x62, 0x43, 0xF3, 0xAC, 0x3E, 0x8C, 0xD4, 0x87, 0x9A, 0xC8, 0x31,
    0x25, 0xFD, 0x40, 0xBA, 0x44, 0xE1, 0x5C, 0x8D, 0x69, 0xFE, 0x67, 0xB4, 0xF4, 0x33, 0x05, 0xAA,
    0xD9, 0x75, 0x16, 0xC6, 0xC2, 0x96, 0xDA, 0x48, 0x02, 0xC5, 0xCF, 0xDD, 0x30, 0x4B, 0xFD, 0x28,
    0x9B, 0x1A, 0x0D, 0x5C, 0x33, 0x29, 0x46, 0xC4, 0x63, 0x98, 0xA6, 0xA8, 0x3C, 0xF7, 0x28, 0x8D,
    0x4E, 0xE4, 0xD0, 0xF8, 0x5C, 0x6D, 0x20, 0x05, 0x62, 0x9A, 0xFB, 0x9D, 0xB9, 0xD9, 0x30, 0x1C,
    0x8A, 0xA1, 0xA3, 0xCD, 0x5E, 0xE4, 0xD7, 0xDC, 0x44, 0xCF, 0xA6, 0xA8, 0x17, 0xD9, 0xDF, 0x3A,
    0xEC, 0x34, 0x55, 0x06, 0xBE, 0xB3, 0x7C, 0x1C, 0x90, 0x04, 0xC8, 0x00, 0x03, 0x74, 0xEB, 0x06,
    0x84, 0x58, 0x16, 0x21, 0x3C, 0xD0, 0x04, 0xAC, 0x27, 0x96, 0x04, 0xA3, 0xE4, 0x05, 0x3C, 0x60,
    0xF7, 0xA3, 0x4D, 0x25, 0x6F, 0x4A, 0xB3, 0xA7, 0x69, 0xC8, 0x03, 0x39, 0x2D, 0xB0, 0x5C, 0x1A,
    0x95, 0x00, 0x49, 0xB7, 0x37, 0x86, 0xEC, 0xFC, 0x82, 0xBF, 0x02, 0x1E, 0x3A, 0xB7, 0xC8, 0x2D,
    0x97, 0x68, 0x83, 0xE9, 0x33, 0x20, 0xC0, 0x19, 0xE5, 0xCE, 0xD9, 0x67, 0xBF, 0x16, 0xC1, 0xE6,
    0x7A, 0x28, 0x84, 0x66, 0xF4, 0x2B, 0xC7, 0xEE, 0x20, 0x41, 0x3C, 0x9E, 0xE0, 0x75, 0xF9, 0x56,
    0x88, 0x20, 0x97, 0xC3, 0x38, 0x4A, 0x1B, 0xAF, 0x0F, 0x51, 0x54, 0xBE, 0x97, 0xB8, 0x91, 0x20,
    0x87, 0xD7, 0x35, 0x58, 0x26, 0x9A, 0xB4, 0x62, 0x68, 0xBF, 0xBB, 0xBA, 0x91, 0x16, 0x43, 0x43,
    0x9B, 0x57, 0x0C, 0x6D, 0x56, 0x32, 0xA0, 0xD1, 0x40, 0x51, 0xB8, 0x62, 0xB2, 0x77, 0x93, 0xF0,
    0x0F, 0x0F, 0xA6, 0xA3, 0x92, 0xB9, 0x81, 0xB2, 0x2C, 0x9C, 0xA3, 0xF3, 0xA7, 0x79, 0x50, 0x52,
    0x7D, 0x2D, 0xED, 0x47, 0x9D, 0xCB, 0xC5, 0x58, 0x3F, 0xDE, 0x68, 0xF8, 0x25, 0x6E, 0x42, 0xEE,
    0x2A, 0xD9, 0xEC, 0x87, 0x85, 0x45, 0x46, 0xF2, 0x43, 0x48, 0x94, 0x8B, 0x20, 0x1B, 0xB2, 0x6A,
    0xE6, 0x41, 0xCA, 0xAB, 0xC5, 0x6F, 0x50, 0x5D, 0xED, 0xE9, 0xF4, 0x77, 0xD5, 0x4B, 0x74, 0x7A,
    0xEE, 0xCB, 0x33, 0x1A, 0xA9, 0x6A, 0x94, 0x18, 0x9C, 0x1C, 0x46, 0x82, 0xB2, 0x2A, 0xC0, 0x2F,
    0x27, 0x59, 0xE0, 0x0C, 0xB1, 0xE9, 0x12, 0x2D, 0xC8, 0x59, 0x48, 0x36, 0x07, 0x02, 0xCC, 0x01,
    0x7F, 0x3A, 0xCA, 0xAB, 0xC2, 0x30, 0xFF, 0xEB, 0x73, 0x9F, 0xC2, 0x82, 0x70, 0xCE, 0xDB, 0x49,
    0xCE, 0x0B, 0x77, 0xB9, 0x0E, 0x50, 0x8F, 0xA3, 0xD8, 0x01, 0xC8, 0x01, 0x15, 0x40, 0x94, 0x50,
    0x53, 0xB1, 0xE3, 0x5D, 0x27, 0x1B, 0x82, 0xEA, 0x8B, 0x40, 0xD5, 0xAB, 0x3A, 0x5A, 0x06, 0x8B,
    0x0F, 0x86, 0x58, 0x5E, 0xD7, 0xA9, 0x6E, 0xE8, 0x74, 0xFD, 0x98, 0x4E, 0x67, 0x80, 0x6B, 0x15,
    0x48, 0x38, 0x85, 0x7F, 0x9F, 0x85, 0x64, 0xD6, 0xC2, 0xB3, 0x8C, 0xDC, 0x7C, 0x8D, 0x67, 0x49,
    0xE3, 0x51, 0xC2, 0x0A, 0x57, 0x39, 0x20, 0x36, 0x2F, 0xA6, 0x50, 0xC6, 0xB0, 0xFE, 0xAD, 0x82,
    0xA6, 0x2A, 0x32, 0xCB, 0x75, 0x19, 0xD0, 0x59, 0xE1, 0xE0, 0x2D, 0x85, 0xA0, 0x64, 0x14, 0xDE,
    0x5A, 0x50, 0x68, 0xD5, 0x46, 0xC2, 0x5B, 0x80, 0xAC, 0x19, 0x95, 0x28, 0x86, 0x71, 0x13, 0x09,
    0xCB, 0x01, 0xAC, 0x60, 0xC4, 0x95, 0x66, 0xF9, 0x2A, 0xEF, 0x7F, 0x62, 0x79, 0x00, 0x72, 0x5F,
    0x4F, 0xDF, 0xF0, 0xE8, 0xB9, 0xF2, 0x87, 0x3D, 0x8C, 0x8B, 0x01, 0x89, 0x9F, 0x33, 0x20, 0x27,
    0x2A, 0x06, 0x86, 0xEE, 0xFA, 0xF0, 0xFB, 0xA4, 0x16, 0x0C, 0x09, 0x53, 0xC0, 0x6D, 0xE1, 0x44,
    0xEE, 0xFB, 0xAA, 0x49, 0xE5, 0xF5, 0xA4, 0xF3, 0x0A, 0xDC, 0x97, 0x67, 0x5C, 0x05, 0x41, 0x02,
    0xC5, 0x79, 0x98, 0xCE, 0x0F, 0xC3, 0x8F, 0xC6, 0x70, 0x82, 0x93, 0x22, 0xBB, 0xA4, 0xA2, 0xC3,
    0x9D, 0x2B, 0x0C, 0x49, 0x80, 0x7A, 0x31, 0xA4, 0x6D, 0x9A, 0x94, 0xBC, 0x69, 0xF6, 0x97, 0x62,
    0x3D, 0x57, 0xFB, 0x02, 0x6C, 0x96, 0x4D, 0x9F, 0x80, 0xB7, 0xE0, 0x3C, 0x16, 0x80, 0xB7, 0xA0,
    0xA5, 0xAA, 0xF2, 0x87, 0x58, 0x8F, 0x59, 0xDE, 0xB3, 0x43, 0xA3, 0xE8, 0xBC, 0x52, 0xB1, 0x87,
    0xF1, 0xE4, 0xCE, 0x0C, 0x25, 0xC5, 0x70, 0xC3, 0x61, 0x92, 0xC8, 0x62, 0x3B, 0xB0, 0xC9, 0x9B,
    0x79, 0x3C, 0xA6, 0xF2, 0x93, 0x3C, 0x2E, 0xEC, 0x3B, 0xC9, 0xF2, 0x06, 0x5F, 0x91, 0x51, 0xC1,
    0x05, 0x9A, 0x9E, 0xA6, 0xEB, 0x34, 0x2D, 0x4D, 0x8A, 0x48, 0xF8, 0x9C, 0x32, 0xC2, 0x15, 0x64,
    0x38, 0x51, 0x0E, 0x73, 0x55, 0x1C, 0x1C, 0x24, 0xF7, 0x30, 0xB0, 0x55, 0xB0, 0xA2, 0x52, 0xA2,
    0xE7, 0x53, 0xB4, 0x6F, 0xF6, 0x35, 0xDE, 0x31, 0x7B, 0x04, 0x4F, 0x52, 0xDE, 0x83, 0x44, 0xCD,
    0x20, 0xC9, 0x73, 0x52, 0xC5, 0xFC, 0x63, 0x60, 0xF1, 0x8C, 0x33, 0x38, 0x89, 0xE7, 0x63, 0x91,
    0xA7, 0xE7, 0xDF, 0xD0, 0x7D, 0xF9, 0x51, 0x68, 0xD7, 0xAC, 0x56, 0x23, 0x65, 0xAB, 0x06, 0x44,
    0x38, 0xA5, 0xC9, 0x68, 0xA9, 0x46, 0x71, 0xA5, 0xC7, 0x61, 0x1F, 0x8B, 0xF1, 0x12, 0xEA, 0x4A,
    0x8D, 0x66, 0x8B, 0x59, 0x80, 0x43, 0x89, 0xFE, 0x8E, 0x73, 0x67, 0x88, 0xDD, 0x3A, 0x3E, 0x14,
    0x93, 0xAC, 0xF0, 0xD3, 0x14, 0x7E, 0xEE, 0x50, 0x22, 0xCE, 0xA5, 0xB9, 0xFF, 0x90, 0x0D, 0x98,
    0x7D, 0xD6, 0x0C, 0xF3, 0x3C, 0x9C, 0xE7, 0xC2, 0x5A, 0xCC, 0x5D, 0xB0, 0x10, 0xD0, 0xE4, 0xF9,
    0x79, 0x8F, 0x66, 0xAC, 0xA2, 0x4B, 0xFF, 0xFB, 0x9C, 0xCE, 0xA7, 0x29, 0x75, 0xC1, 0x2D, 0x59,
    0x4A, 0x59, 0x10, 0x76, 0x29, 0xAB, 0xE3, 0x20, 0xC1, 0x82, 0x48, 0x59, 0x37, 0xC1, 0xFE, 0x9D,
    0x6A, 0x4C, 0x63, 0x05, 0xA7, 0x00, 0xD2, 0x79, 0x21, 0xA6, 0x84, 0x4F, 0xEC, 0x00, 0x4B, 0x97,
    0x83, 0x50, 0xBF, 0xCA, 0x25, 0x60, 0x38, 0xB5, 0xC2, 0x0A, 0x7B, 0x11, 0x43, 0x97, 0xAB, 0x68,
    0x3A, 0xCD, 0x18, 0x48, 0xDE, 0xCE, 0x96, 0xE2, 0x15, 0xD2, 0xB7, 0x50, 0xA2, 0x78, 0xDD, 0x2B,
    0x29, 0x55, 0xBA, 0xA1, 0x03, 0x94, 0x7F, 0x9B, 0x4F, 0xA9, 0x1D, 0x13, 0x4D, 0x4A, 0x15, 0xFE,
    0xDE, 0xA2, 0x94, 0xFA, 0x9E, 0x09, 0x4A, 0xDD, 0xA4, 0xE3, 0xB9, 0x85, 0xB5, 0x64, 0x2F, 0x2F,
    0xEC, 0x9C, 0x6A, 0xE1, 0x0B, 0xF1, 0x65, 0x61, 0x36, 0x98, 0x38, 0x32, 0xDC, 0x01, 0x05, 0x86,
    0x02, 0x29, 0x06, 0xB3, 0xC0, 0x48, 0xED, 0xA0, 0x7C, 0x57, 0x44, 0xDB, 0xDA, 0xF1, 0x1E, 0x1B,
    0x2F, 0x06, 0xD4, 0xA3, 0xEE, 0xF4, 0x28, 0x87, 0x91, 0xD4, 0x62, 0xD1, 0x27, 0xEA, 0xA9, 0x01,
    0x1E, 0x58, 0x5A, 0x44, 0x8E, 0x26, 0x61, 0xC1, 0xA9, 0xAA, 0xAB, 0xA5, 0x66, 0x50, 0xC7, 0x58,
    0xEC, 0x16, 0x4D, 0x49, 0x9E, 0x85, 0xB5, 0xE5, 0xC8, 0x07, 0xBC, 0x40, 0x5A, 0x41, 0x65, 0x2B,
    0x2B, 0x76, 0x5C, 0x3E, 0xA4, 0x32, 0x9E, 0x5D, 0x8B, 0xCB, 0x9B, 0xA0, 0x96, 0xC6, 0xF0, 0x5F,
    0x51, 0x3C, 0x4D, 0x2D, 0x92, 0x9E, 0xA9, 0xA1, 0x1E, 0xD1, 0x68, 0x11, 0xB4, 0x38, 0xE7, 0x25,
    0xA1, 0x8C, 0x02, 0x4C, 0x32, 0x1C, 0x10, 0xDB, 0x13, 0xA4, 0xB2, 0xD6, 0xCA, 0xB0, 0xDA, 0xD4,
    0xC5, 0xB6, 0x0C, 0x2B, 0x35, 0x8B, 0x35, 0x73, 0x5B, 0x61, 0xD8, 0x08, 0x2B, 0x25, 0xCF, 0x6E,
    0x8A, 0x1D, 0xAC, 0xD3, 0x0A, 0x42, 0x39, 0x09, 0x77, 0x8F, 0x58, 0x73, 0xAC, 0x3D, 0x69, 0x3A,
    0x27, 0x6E, 0x76, 0xA3, 0x5D, 0xB4, 0x49, 0xC6, 0x33, 0xE7, 0x86, 0xE1, 0x57, 0x87, 0x16, 0x5E,
    0x14, 0x01, 0x28, 0xD4, 0xDE, 0xC6, 0x73, 0x90, 0x43, 0x49, 0x50, 0xE4, 0x90, 0x5B, 0x28, 0x96,
    0xDD, 0x8E, 0x90, 0xE5, 0x19, 0x50, 0xDE, 0x36, 0x9D, 0x49, 0xDF, 0x74, 0x6A, 0x2D, 0xD3, 0x69,
    0x55, 0xCC, 0xB7, 0xF8, 0x79, 0xF3, 0x7A, 0x5B, 0x71, 0xD0, 0x70, 0x33, 0x26, 0xE4, 0xF3, 0x41,
    0x8C, 0xDD, 0xBA, 0xA7, 0x3E, 0x54, 0xC5, 0x00, 0x72, 0x62, 0xC6, 0xB9, 0xF8, 0x9C, 0x19, 0x25,
    0x42, 0x33, 0x72, 0x34, 0x00, 0x27, 0x66, 0x3F, 0xE1, 0xC3, 0x7C, 0xE2, 0x57, 0x8B, 0x95, 0x8E,
    0xA1, 0x92, 0xB7, 0x81, 0xB2, 0x92, 0x57, 0x64, 0xA3, 0x88, 0x0B, 0xA1, 0xC1, 0xA7, 0x12, 0x83,
    0x4F, 0xF6, 0xC5, 0x4C, 0x45, 0x66, 0x1C, 0x0F, 0x2C, 0x43, 0x47, 0x96, 0xD7, 0xE4, 0x63, 0x14,
    0x15, 0x4F, 0x44, 0xFF, 0x63, 0x74, 0xB7, 0xB2, 0x6A, 0xBF, 0x3E, 0x0C, 0x9F, 0x60, 0x79, 0xC0,
    0x3B, 0xA8, 0x9C, 0xE8, 0x9C, 0x68, 0x9C, 0x54, 0xD8, 0x77, 0xBC, 0xC0, 0x09, 0xEF, 0xA1, 0xAB,
    0x1E, 0xCA, 0x4E, 0xB0, 0xC0, 0xEC, 0xFF, 0xE3, 0x06, 0xA6, 0xD4, 0xB0, 0x97, 0x22, 0x23, 0x93,
    0x1A, 0x35, 0x32, 0x5B, 0xBA, 0xE3, 0x99, 0x45, 0xBB, 0x9C, 0x49, 0x51, 0x39, 0x97, 0x22, 0x4B,
    0x4F, 0x8D, 0x80, 0xD2, 0xA6, 0xAE, 0xEA, 0x2D, 0x5D, 0x5D, 0xF7, 0xD9, 0x0D, 0xA3, 0xC1, 0x5C,
    0xA8, 0xD0, 0x56, 0x75, 0x2D, 0x46, 0x5A, 0x23, 0x22, 0xE2, 0xCB, 0xC9, 0x68, 0xF5, 0xF0, 0x7B,
    0x60, 0xD3, 0x8C, 0xA6, 0xFC, 0x46, 0x46, 0x7B, 0x59, 0x2E, 0xA3, 0x6D, 0xAB, 0x64, 0x34, 0xB5,
    0x93, 0xD1, 0x64, 0xFF, 0x11, 0x4D, 0xDD, 0xF5, 0x1E, 0x6D, 0x6B, 0x36, 0xA3, 0x15, 0x2A, 0x23,
    0x1A, 0x3D, 0x48, 0x9A, 0xF2, 0x90, 0xAD, 0x6D, 0x93, 0x7C, 0xCD, 0xA2, 0x03, 0xC9, 0xEB, 0x0F,
    0x23, 0xD6, 0xDD, 0x9E, 0x56, 0xBE, 0xE7, 0xDD, 0x9A, 0x76, 0x6F, 0x5A, 0x1B, 0xB9, 0x3B, 0xAD,
    0x55, 0xC3, 0x8B, 0xB5, 0xB2, 0x12, 0xD1, 0xE9, 0x79, 0x7B, 0x98, 0x8C, 0xF1, 0x3A, 0xD4, 0xBC,
    0x8B, 0xFF, 0x81, 0xD0, 0x81, 0x7D, 0xD8, 0xC1, 0x10, 0x2A, 0x1F, 0x6A, 0x65, 0x4D, 0x89, 0xE8,
    0xF4, 0xFC, 0x26, 0x10, 0x95, 0x35, 0x15, 0x34, 0x13, 0xBD, 0x09, 0x81, 0x31, 0xE7, 0x3E, 0xE9,
    0xF5, 0xF0, 0x09, 0xDD, 0x2C, 0xFC, 0x9E, 0x3E, 0xE5, 0x5C, 0xA9, 0xE7, 0xC3, 0x5B, 0x75, 0x72,
    0xD4, 0xFE, 0x2F, 0x5F, 0xC3, 0xD4, 0x8A, 0x63, 0x74, 0xBA, 0x4F, 0xF9, 0xD0, 0x7B, 0x9D, 0x26,
    0xED, 0x8C, 0xA4, 0xDA, 0x10, 0x81, 0xBD, 0xD6, 0x47, 0xF7, 0xCC, 0xBD, 0x56, 0xA8, 0xA0, 0x2C,
    0x28, 0x27, 0xE2, 0xDB, 0x78, 0x6F, 0xB7, 0x2C, 0x36, 0x7A, 0xDA, 0xC4, 0xC2, 0xCA, 0xC2, 0x92,
    0x71, 0x76, 0x08, 0xC0, 0x2E, 0xC5, 0x7E, 0x10, 0x8D, 0xEA, 0xEB, 0x1A, 0xE4, 0xA8, 0xC6, 0xB2,
    0xAA, 0x07, 0x15, 0x98, 0x19, 0x50, 0x19, 0x64, 0xE9, 0xF2, 0x07, 0x31, 0x3F, 0x6B, 0x8E, 0x7E,
    0xB3, 0x0D, 0xCD, 0xCB, 0xF3, 0x93, 0xC7, 0xFC, 0x54, 0xA2, 0x50, 0xA8, 0x0D, 0xC8, 0xCD, 0x2D,
    0xAE, 0xD7, 0xC3, 0x71, 0x4D, 0xD9, 0x35, 0x44, 0x4A, 0x44, 0x2A, 0x28, 0xA3, 0x8E, 0x6B, 0x3A,
    0x48, 0x03, 0xD5, 0x32, 0xC5, 0x75, 0xA7, 0x6B, 0x68, 0x98, 0xDE, 0x11, 0x3A, 0x53, 0xA6, 0xFA,
    0x49, 0x74, 0xA2, 0x01, 0xF9, 0x1F, 0xAE, 0x8A, 0xDF, 0x6A, 0x50, 0xEF, 0x99, 0x87, 0x0E, 0x66,
    0xCC, 0x43, 0xB7, 0x66, 0xEA, 0xE1, 0xAD, 0xF8, 0x7D, 0x4F, 0xA6, 0x1A, 0xBE, 0x3B, 0x4D, 0x0D,
    0x1D, 0x63, 0xF3, 0x61, 0x9D, 0x1A, 0x35, 0x9D, 0xFE, 0xAC, 0x05, 0x9E, 0x08, 0x8C, 0x31, 0xE9,
    0x96, 0x98, 0x57, 0x98, 0xF1, 0x1C, 0x96, 0x22, 0x01, 0xC3, 0x5B, 0x4F, 0xB8, 0x39, 0xFC, 0x0A,
    0x74, 0xAE, 0xDF, 0x81, 0x02, 0xFD, 0x8A, 0x4B, 0x6F, 0x73, 0xBB, 0xBC, 0x85, 0x2E, 0xDC, 0xA7,
    0xFE, 0x29, 0x89, 0x92, 0x24, 0x41, 0x16, 0xC9, 0x62, 0x37, 0xDA, 0xD8, 0xC8, 0xB3, 0x40, 0xCC,
    0xB1, 0x19, 0xC1, 0x6F, 0x62, 0xF0, 0xA4, 0x75, 0x48, 0x37, 0x39, 0x28, 0x52, 0x24, 0xFD, 0x43,
    0x4D, 0x24, 0x7C, 0xC8, 0xE1, 0x63, 0x64, 0x18, 0xA6, 0x4F, 0x46, 0xCD, 0x5C, 0xA0, 0x72, 0x1B,
    0xE2, 0x78, 0xBB, 0x6B, 0x66, 0x68, 0x4A, 0x49, 0x2C, 0x97, 0x01, 0xCE, 0x5C, 0x93, 0xAE, 0x78,
    0x6C, 0xB6, 0xBF, 0x7D, 0x29, 0xC7, 0x02, 0x54, 0x18, 0x2F, 0x18, 0xDA, 0x1A, 0x84, 0x97, 0x09,
    0xB1, 0xD8, 0xA4, 0xD6, 0xE8, 0xF7, 0x3E, 0xB1, 0x56, 0xEC, 0x7D, 0xFC, 0x4D, 0xC2, 0x09, 0x23,
    0x82, 0xD8, 0x58, 0x9F, 0x00, 0x92, 0xF9, 0x0C, 0x1F, 0x3A, 0x24, 0x26, 0x5D, 0x00, 0xFF, 0x88,
    0x35, 0x97, 0x54, 0x16, 0xA8, 0x1C, 0x1D, 0x71, 0x95, 0xBD, 0x44, 0xFB, 0xAF, 0xD6, 0xAA, 0x34,
    0x25, 0x2D, 0x49, 0x6C, 0x6B, 0x35, 0x60, 0x7B, 0x88, 0xB7, 0x24, 0x38, 0x86, 0x7D, 0x2F, 0x8F,
    0xD4, 0x7D, 0xFD, 0xE8, 0x96, 0x70, 0x7D, 0x03, 0x63, 0x41, 0x4E, 0x28, 0xD7, 0x50, 0xA0, 0x18,
    0xE4, 0xAB, 0x39, 0xD9, 0x53, 0x55, 0xC5, 0xCE, 0xC8, 0xFF, 0x84, 0xF6, 0xAD, 0x43, 0x63, 0x74,
    0xC9, 0xC8, 0xFE, 0x91, 0x6B, 0x75, 0xA5, 0x6E, 0xA1, 0x41, 0xE3, 0x75, 0x96, 0xE6, 0x3A, 0xEF,
    0x89, 0xE9, 0x2A, 0x06, 0x4F, 0x57, 0x4D, 0x1D, 0x1D, 0x84, 0x0A, 0xD0, 0xB3, 0xD0, 0x07, 0xBA,
    0x6A, 0x94, 0x91, 0xC3, 0x7A, 0xCC, 0x87, 0x39, 0xF0, 0xBE, 0xAA, 0x06, 0x48, 0x20, 0x67, 0x72,
    0x7B, 0x91, 0x2C, 0x7E, 0x3F, 0xDF, 0xA6, 0x82, 0x3A, 0x3D, 0xCD, 0xE2, 0x1B, 0x8A, 0x3C, 0x65,
    0x0B, 0xE8, 0x39, 0x2F, 0xFD, 0xF6, 0x72, 0xBB, 0xF8, 0xBD, 0xF7, 0x33, 0x94, 0x63, 0x4D, 0xE3,
    0x4B, 0xDE, 0x8A, 0x87, 0xEE, 0x75, 0x21, 0xBB, 0xD2, 0x4C, 0x0A, 0xCB, 0xB8, 0x80, 0x9D, 0x30,
    0xEC, 0x4E, 0x9E, 0x8E, 0x84, 0xFF, 0xDE, 0x23, 0x54, 0x3D, 0xA1, 0x76, 0x9F, 0x17, 0xC5, 0x39,
    0x25, 0x2B, 0x35, 0x89, 0xE3, 0x68, 0xAA, 0xA1, 0xDF, 0x54, 0xE9, 0x14, 0x12, 0xE7, 0xA8, 0x99,
    0xEA, 0xDF, 0xB7, 0x19, 0x04, 0xDC, 0x2A, 0xC7, 0xC2, 0x3F, 0xDE, 0x43, 0x11, 0xDA, 0x71, 0x68,
    0xBB, 0x51, 0x04, 0x69, 0xB3, 0x16, 0x0D, 0xC8, 0x82, 0xC2, 0xB6, 0x16, 0x40, 0x05, 0x10, 0xAE,
    0xB1, 0xE9, 0xD7, 0x81, 0x8D, 0x57, 0x42, 0x1B, 0x83, 0x08, 0x07, 0xC7, 0x24, 0x2C, 0xBD, 0xBE,
    0xD6, 0x0E, 0xC5, 0x13, 0x79, 0x3D, 0xE2, 0x3C, 0x6C, 0x91, 0x7E, 0xC0, 0x7C, 0xA4, 0xCE, 0x62,
    0xBF, 0xBE, 0x96, 0x6C, 0x88, 0xA3, 0x56, 0xB4, 0x2A, 0x60, 0x7F, 0xC4, 0xBE, 0x2C, 0xAB, 0xB8,
    0xE9, 0x44, 0x5D, 0x16, 0x1F, 0xC4, 0xB8, 0x75, 0xB2, 0x27, 0xE8, 0x66, 0x1B, 0xB8, 0xF5, 0x57,
    0xD8, 0x8C, 0xE0, 0xCD, 0xF5, 0xD3, 0x92, 0xF8, 0x42, 0x1C, 0x8C, 0x3F, 0xA4, 0x2E, 0x6B, 0xCC,
    0x75, 0x5C, 0x33, 0x2C, 0xBF, 0x0E, 0xED, 0x08, 0xC3, 0xFB, 0x59, 0x39, 0xA4, 0x86, 0x40, 0x46,
    0x54, 0xD6, 0xA6, 0x0D, 0xC9, 0xA0, 0x52, 0x1B, 0x42, 0x96, 0xED, 0x5D, 0x74, 0xC8, 0x64, 0xBA,
    0x37, 0xEC, 0x99, 0x49, 0xBE, 0x19, 0xAE, 0x99, 0x4D, 0xAF, 0x0C, 0x1A, 0x1F, 0x90, 0x38, 0x87,
    0x6B, 0x6E, 0x7C, 0x0F, 0xA9, 0xD1, 0xC8, 0xA4, 0x63, 0xEF, 0xC4, 0x62, 0x68, 0x4B, 0x7E, 0x14,
    0xBA, 0xBB, 0xAD, 0x5D, 0x21, 0x8B, 0xA3, 0x15, 0xF2, 0xF1, 0xC6, 0x6B, 0x3D, 0x5C, 0x87, 0x44,
    0xAE, 0x54, 0xAF, 0x21, 0xC3, 0x2A, 0x8B, 0xB0, 0x6E, 0xA6, 0x0A, 0x04, 0xE1, 0x3A, 0x8C, 0xDA,
    0xF1, 0x7E, 0xF4, 0x42, 0x25, 0x56, 0xDB, 0x42, 0x15, 0xC7, 0x6A, 0x19, 0xCF, 0x75, 0xFC, 0xB2,
    0xE9, 0x78, 0x31, 0x71, 0x9E, 0xCF, 0xA1, 0x2D, 0x8E, 0xCD, 0xF7, 0x8C, 0x0A, 0xB5, 0x2D, 0xA1,
    0x47, 0x60, 0x78, 0xCA, 0x33, 0xA1, 0x87, 0x35, 0xE1, 0x5F, 0xB0, 0xA9, 0x00, 0xC2, 0xC4, 0xF5,
    0xBD, 0x01, 0xEC, 0x7E, 0xD4, 0xC5, 0x8E, 0xC1, 0x80, 0xE2, 0x73, 0x2E, 0xBB, 0x62, 0x3E, 0x36,
    0x37, 0x07, 0xC6, 0xE0, 0x57, 0xEE, 0x40, 0xE1, 0x9A, 0xD5, 0xF4, 0xCB, 0x16, 0xC6, 0x62, 0x40,
    0x7C, 0xCC, 0xE7, 0x93, 0x7B, 0x40, 0x5C, 0x6E, 0xF8, 0x17, 0xEC, 0xD9, 0xA7, 0x3F, 0x0F, 0x43,
    0xAB, 0x99, 0xB5, 0xAD, 0x66, 0xDE, 0xB5, 0x9A, 0xBA, 0x67, 0x35, 0x6B, 0x81, 0xD5, 0x6C, 0x2D,
    0x58, 0xF7, 0x7A, 0x93, 0xD6, 0x3D, 0x24, 0xF7, 0xCB, 0x37, 0x86, 0xCB, 0x9B, 0xA6, 0xA0, 0x7B,
    0xB9, 0xAC, 0xE9, 0xF4, 0x8F, 0x45, 0x5D, 0x0E, 0x8E, 0x7D, 0xD3, 0xBA, 0xC7, 0xC3, 0x75, 0xDB,
    0xDC, 0xF0, 0x7C, 0x11, 0xD9, 0x93, 0x8B, 0x38, 0x50, 0x70, 0x3F, 0x7B, 0x8C, 0x18, 0xCF, 0x71,
    0xF8, 0x90, 0x50, 0xD5, 0x3A, 0x55, 0x5F, 0x15, 0xAE, 0x9F, 0x67, 0x47, 0xE1, 0x44, 0x1B, 0xE8,
    0xAA, 0xB0, 0x27, 0x51, 0xBC, 0xB1, 0x00, 0x28, 0x0E, 0xB0, 0xCD, 0x36, 0xA7, 0xA2, 0xA6, 0xD9,
    0xF0, 0x44, 0x52, 0x7F, 0x4A, 0x9C, 0x4B, 0x6B, 0x49, 0xC2, 0x87, 0xFC, 0x34, 0xA5, 0x85, 0x44,
    0xFD, 0x1A, 0x10, 0xD3, 0x4D, 0x7C, 0x58, 0x88, 0x02, 0x9B, 0x72, 0xFD, 0x80, 0xA4, 0x24, 0x14,
    0x95, 0xBC, 0xC5, 0x75, 0xAA, 0x76, 0x1D, 0xB4, 0xC7, 0x4B, 0x92, 0xC5, 0xF0, 0x5A, 0x08, 0x27,
    0x8D, 0x65, 0xB5, 0x01, 0x39, 0x94, 0x2E, 0xED, 0x87, 0x8D, 0x19, 0xDE, 0xC0, 0x57, 0xAF, 0xE7,
    0x9D, 0xA5, 0xEB, 0x16, 0xA8, 0xDE, 0xBB, 0xB6, 0xCD, 0x37, 0x83, 0xDB, 0xBC, 0xB7, 0x60, 0x1A,
    0xBD, 0x1B, 0x01, 0x0E, 0xDD, 0x6B, 0xC0, 0xEA, 0xB3, 0xB2, 0x40, 0x40, 0x2E, 0xA4, 0x31, 0x12,
    0x39, 0x3C, 0x0A, 0xF0, 0xB8, 0xF3, 0x8B, 0x1C, 0xF4, 0xF9, 0x63, 0x97, 0x74, 0xE5, 0x2A, 0x97,
    0xEA, 0xBB, 0xF2, 0x2E, 0x5D, 0xFB, 0x04, 0xDB, 0x1D, 0x3B, 0xD8, 0xC5, 0x60, 0xF0, 0x16, 0xB1,
    0x25, 0xBF, 0x97, 0x5F, 0xE4, 0x3B, 0x10, 0x15, 0xCB, 0xDA, 0x48, 0x76, 0xF0, 0xCA, 0x28, 0x08,
    0x37, 0x33, 0x0D, 0x05, 0xA8, 0xC4, 0xB4, 0xF9, 0x8A, 0xC7, 0x2E, 0x17, 0xC3, 0x29, 0xBC, 0xDB,
    0x90, 0x24, 0x59, 0x48, 0x94, 0x5C, 0x25, 0x42, 0xB9, 0x0B, 0x59, 0xB1, 0x0E, 0x21, 0xA2, 0x3B,
    0x33, 0x44, 0xDB, 0x0A, 0xEC, 0xE4, 0x16, 0xE6, 0xA4, 0x40, 0x8F, 0xF2, 0x20, 0x71, 0xE3, 0x39,
    0xD9, 0x7C, 0xE5, 0xB7, 0x2F, 0x8F, 0xAA, 0x21, 0x95, 0x25, 0x53, 0x86, 0x25, 0x85, 0x2E, 0xFC,
    0xC5, 0x6C, 0x15, 0xDD, 0x88, 0xC6, 0x4A, 0xC7, 0x8F, 0xB2, 0xED, 0xD9, 0x3E, 0x8C, 0x86, 0xD5,
    0xAA, 0xBC, 0xB0, 0x47, 0xE9, 0x94, 0x4A, 0x4F, 0x81, 0x9F, 0x51, 0x22, 0x47, 0xC9, 0x42, 0x2C,
    0x46, 0x85, 0xA4, 0xE1, 0xB6, 0xD2, 0x84, 0xD8, 0x8A, 0xCC, 0xB2, 0x9F, 0x05, 0x56, 0x6D, 0xD5,
    0xA6, 0x9B, 0x79, 0x33, 0x13, 0x95, 0xEE, 0xE4, 0xDE, 0xAE, 0xB0, 0x78, 0xE1, 0x44, 0xF9, 0x00,
    0xD4, 0x9B, 0xCA, 0x0A, 0x4A, 0xE7, 0x07, 0x55, 0xFA, 0x4F, 0x13, 0xF5, 0x45, 0x0D, 0x17, 0x40,
    0x5F, 0x88, 0x20, 0x8E, 0x18, 0xA3, 0x25, 0x2C, 0x6F, 0xD5, 0xC7, 0xD8, 0xCE, 0x70, 0x6C, 0x44,
    0xD4, 0xD2, 0xA1, 0x58, 0xA8, 0xE1, 0x55, 0xA2, 0x08, 0x94, 0x6E, 0xC5, 0xD1, 0x98, 0x14, 0xAD,
    0xCA, 0x53, 0x9D, 0x23, 0xD9, 0x78, 0x0B, 0x64, 0x34, 0x96, 0x08, 0x13, 0x89, 0xB5, 0x14, 0xCB,
    0xF0, 0xE3, 0xE1, 0x1A, 0x06, 0xA8, 0xC5, 0xD1, 0x9B, 0x55, 0x3B, 0x4B, 0xD7, 0xDB, 0x39, 0x3A,
    0xE3, 0xAA, 0x30, 0x84, 0xA6, 0xA3, 0x01, 0xE9, 0xE0, 0x83, 0xF5, 0xE1, 0xF8, 0xAB, 0x2E, 0xC6,
    0x58, 0x4F, 0x88, 0xC2, 0xD0, 0xDB, 0x60, 0x89, 0xD5, 0x62, 0x4B, 0x2C, 0xB2, 0xC2, 0x54, 0xD5,
    0x33, 0x84, 0xF5, 0x24, 0x2C, 0xB0, 0x9F, 0x53, 0x87, 0xC4, 0x75, 0xF0, 0xB5, 0x9D, 0x91, 0x75,
    0x26, 0x1F, 0x80, 0xEE, 0x65, 0x2B, 0xED, 0x98, 0x47, 0x99, 0xB7, 0x7A, 0x64, 0x54, 0x39, 0x74,
    0x2A, 0x0C, 0x0B, 0x24, 0x5D, 0x4E, 0x03, 0x6B, 0xAD, 0x8B, 0x71, 0xD3, 0x2D, 0x97, 0xA3, 0xB8,
    0xF9, 0x54, 0x7D, 0x4D, 0x09, 0xAD, 0x72, 0x56, 0xB1, 0xCA, 0xDB, 0x32, 0x56, 0xF9, 0xDC, 0xCF,
    0x5B, 0x16, 0x3D, 0x70, 0x4E, 0x9B, 0x1C, 0x8B, 0xA4, 0xC0, 0x52, 0xB3, 0xAE, 0x95, 0x01, 0xFA,
    0x8B, 0xDB, 0xE1, 0x0E, 0xDA, 0x21, 0xB9, 0x7A, 0x19, 0xE8, 0x52, 0x61, 0x39, 0xCE, 0x40, 0x5E,
    0xC4, 0x89, 0xC5, 0xD6, 0xE0, 0x90, 0xF0, 0x07, 0xC7, 0x35, 0x04, 0x21, 0x2F, 0x89, 0xD7, 0xEF,
    0x6C, 0x3A, 0xD5, 0x74, 0x8A, 0x42, 0x33, 0x0F, 0xB0, 0xDB, 0x65, 0xA7, 0xD7, 0x62, 0x36, 0xB2,
    0x38, 0x42, 0xB3, 0xC2, 0x66, 0xA6, 0x01, 0x54, 0xE3, 0xE5, 0xA8, 0x26, 0x79, 0x59, 0xE0, 0x1A,
    0x4F, 0x1D, 0x2E, 0x76, 0x26, 0x27, 0xFD, 0xB8, 0x35, 0x86, 0x46, 0x58, 0xEF, 0x65, 0x4C, 0xD8,
    0x78, 0x94, 0x57, 0x5D, 0xFD, 0xCC, 0x1E, 0xE9, 0x37, 0xF8, 0xE8, 0xEA, 0xBF, 0xB6, 0xF5, 0xBD,
    0x4F, 0xDB, 0xDA, 0xD5, 0x3E, 0xC0, 0xFE, 0xF7, 0xBB, 0xC6, 0xF2, 0x49, 0x2A, 0x37, 0xFC, 0x51,
    0x8B, 0xFC, 0x8C, 0x43, 0xCB, 0xEB, 0xFD, 0x37, 0x1C, 0xF4, 0x58, 0x73, 0x1A, 0x62, 0x56, 0xBA,
    0xFD, 0x3D, 0x04, 0x27, 0x8A, 0x84, 0xE2, 0xC8, 0x21, 0x60, 0x5C, 0x30, 0x49, 0x19, 0xB2, 0xA5,
    0x2C, 0xA0, 0x32, 0xF0, 0x1A, 0x15, 0x62, 0x6C, 0x3F, 0x22, 0x4B, 0x76, 0x4E, 0x51, 0x5C, 0x45,
    0x49, 0xF5, 0x39, 0x0F, 0x3A, 0xCD, 0xBA, 0x17, 0xAB, 0x4C, 0xE1, 0x7D, 0x62, 0xB1, 0x22, 0x22,
    0x00, 0x0C, 0x0C, 0xE6, 0x1B, 0x0A, 0xF5, 0x69, 0x5C, 0xC9, 0x7B, 0x91, 0xE7, 0xC1, 0xEE, 0xBF,
    0xA9, 0x17, 0x88, 0x6E, 0x85, 0xA2, 0x59, 0x48, 0x5C, 0x8A, 0x26, 0x4D, 0x2C, 0x0C, 0x8E, 0x21,
    0x85, 0x80, 0xC1, 0xCD, 0x1A, 0x6C, 0x76, 0xD2, 0xB2, 0xB8, 0x5B, 0x13, 0xEF, 0xFE, 0x6A, 0x1C,
    0x9E, 0xF9, 0xE6, 0xE5, 0x2E, 0x9D, 0xF5, 0xF4, 0x9D, 0x59, 0x5E, 0x0E, 0x72, 0x1C, 0xAB, 0xC3,
    0x95, 0x0A, 0x74, 0xAA, 0x8F, 0x62, 0x2A, 0xB5, 0x0C, 0x47, 0xA2, 0xF2, 0xA1, 0xC8, 0x45, 0x49,
    0x16, 0x2C, 0xA5, 0xF5, 0xF1, 0x83, 0x26, 0xB6, 0xC4, 0xF8, 0xC5, 0xEE, 0xB2, 0x72, 0x2B, 0x30,
    0x13, 0xAF, 0x0A, 0x73, 0xEF, 0xD7, 0xBE, 0x4D, 0xBF, 0x7A, 0x1F, 0xFD, 0xBE, 0xD0, 0xF4, 0x25,
    0x80, 0x21, 0x8E, 0xEB, 0xC8, 0xA9, 0x8A, 0xAB, 0xAA, 0x2A, 0xC9, 0x6A, 0x4A, 0xAC, 0x1F, 0x11,
    0xA7, 0x38, 0x14, 0x1D, 0x94, 0x3F, 0xE5, 0xB8, 0x1E, 0x1D, 0x37, 0x84, 0x97, 0x5D, 0x5E, 0xC1,
    0x41, 0x96, 0xD1, 0xF7, 0x56, 0x86, 0xD6, 0xE6, 0x3D, 0xEE, 0x17, 0x49, 0x5A, 0xB5, 0x8F, 0x93,
    0xF2, 0x5E, 0x58, 0x66, 0xC5, 0xDF, 0x64, 0x89, 0xF4, 0x2A, 0xAC, 0xD3, 0x17, 0x5E, 0xE8, 0x2E,
    0x44, 0x3C, 0xA2, 0xD8, 0x8F, 0xF3, 0xE6, 0xCF, 0x05, 0x36, 0x92, 0x2A, 0x86, 0x73, 0xE7, 0x33,
    0x60, 0x9E, 0xAB, 0xDC, 0x23, 0x24, 0x73, 0x94, 0x2C, 0x8F, 0xA0, 0xBC, 0x1A, 0xAE, 0x67, 0x15,
    0x32, 0xA6, 0x95, 0x70, 0xDD, 0x3C, 0x08, 0x2E, 0x5A, 0x25, 0x43, 0xD9, 0x15, 0xAE, 0x8B, 0x77,
    0x4C, 0xF2, 0x61, 0xEF, 0x3A, 0x34, 0x42, 0x61, 0x62, 0x07, 0xA2, 0x84, 0x5F, 0xD9, 0xC3, 0x71,
    0x10, 0x9D, 0xA3, 0xBC, 0x97, 0x02, 0x3F, 0xA4, 0x30, 0x0A, 0xA9, 0x62, 0xD8, 0x4D, 0xC1, 0xD4,
    0x79, 0xC5, 0x37, 0xC3, 0xF5, 0x73, 0x67, 0x35, 0x3A, 0x17, 0x2D, 0xFF, 0xEF, 0x6C, 0xA2, 0x66,
    0xC3, 0xB5, 0x54, 0x9A, 0xCA, 0x82, 0x92, 0xFC, 0xD0, 0xB9, 0xD1, 0xB4, 0x1C, 0xBB, 0x5C, 0xCE,
    0x41, 0x6B, 0x2C, 0x48, 0x41, 0x8B, 0xD9, 0x32, 0xCC, 0xF1, 0x8B, 0x58, 0x60, 0x19, 0x50, 0x39,
    0xDF, 0x33, 0xAC, 0x5C, 0xC6, 0x70, 0xF4, 0x8C, 0x16, 0xE8, 0x99, 0x9C, 0xA7, 0x65, 0xB2, 0xB6,
    0xA6, 0xE7, 0x65, 0x63, 0xBD, 0xBA, 0xAB, 0x26, 0xFD, 0xF8, 0xB3, 0xA6, 0xE2, 0x3E, 0x58, 0xA0,
    0x0D, 0xBE, 0x85, 0xD8, 0x9B, 0xB3, 0xC6, 0xF8, 0xB2, 0x1C, 0x25, 0xF1, 0x61, 0x93, 0xA2, 0x24,
    0x2B, 0x26, 0x98, 0x9D, 0x6B, 0x9A, 0xFC, 0x03, 0x7E, 0x57, 0xF2, 0x95, 0x00, 0x6A, 0x93, 0x90,
    0xB8, 0x6F, 0xE9, 0xD0, 0x11, 0xD6, 0x2E, 0xE9, 0x48, 0xC5, 0xC8, 0x3B, 0x51, 0xA9, 0xBC, 0x93,
    0x31, 0x07, 0x27, 0xF5, 0x93, 0x48, 0xB0, 0x08, 0xF5, 0xE4, 0x1C, 0x7B, 0xEC, 0xBA, 0xAB, 0x36,
    0x55, 0x1F, 0x3F, 0x68, 0xD3, 0x79, 0x17, 0xDE, 0x02, 0xE5, 0x76, 0x21, 0x04, 0x8D, 0xBC, 0xCB,
    0x06, 0x70, 0xBB, 0x08, 0x72, 0x50, 0xBE, 0x04, 0x5D, 0x51, 0x5E, 0x0B, 0x6B, 0xBF, 0x3E, 0x9E,
    0x80, 0x3E, 0x25, 0xD2, 0xDB, 0x5D, 0xA8, 0x6D, 0x1D, 0x94, 0xAE, 0x3F, 0x95, 0x49, 0x0F, 0x1F,
    0x2B, 0xBF, 0x97, 0x49, 0x6F, 0x79, 0x22, 0xEC, 0xD6, 0xF9, 0x58, 0x82, 0x98, 0xA4, 0x01, 0xA9,
    0xA0, 0x99, 0x78, 0x3F, 0x5F, 0xC6, 0x2C, 0x2A, 0x68, 0xA9, 0x22, 0x5D, 0x0C, 0x28, 0xBF, 0x7B,
    0xBD, 0xFE, 0x2F, 0x17, 0xD3, 0x73, 0x5F, 0xFD, 0x4A, 0x52, 0x8A, 0xEC, 0xEE, 0xC5, 0xF9, 0xBB,
    0xDF, 0xBD, 0xA9, 0x7A, 0xFC, 0x62, 0xE3, 0xC6, 0x6C, 0xDA, 0x52, 0x0C, 0xDD, 0x51, 0x46, 0x6E,
    0x0A, 0x14, 0xC0, 0x0B, 0x05, 0xAD, 0x51, 0x31, 0xF0, 0x33, 0x39, 0x3B, 0x6E, 0x4F, 0x3A, 0x72,
    0x07, 0xE7, 0xD1, 0x06, 0xDB, 0x73, 0x16, 0xDB, 0x7E, 0x53, 0xA1, 0xA6, 0x17, 0xD5, 0x83, 0xE6,
    0xB7, 0x4D, 0x5A, 0xBC, 0x3F, 0x0C, 0x7F, 0x8F, 0xFC, 0x96, 0x22, 0x79, 0x81, 0xA2, 0xF8, 0x9E,
    0xA2, 0x2C, 0xBB, 0x0A, 0x15, 0x7D, 0x65, 0x74, 0xED, 0xF0, 0xB6, 0x49, 0x11, 0x13, 0x46, 0xB2,
    0x04, 0x63, 0x03, 0x26, 0x85, 0x4A, 0x1E, 0xF0, 0x94, 0xE7, 0xB1, 0xA7, 0x45, 0x68, 0x8B, 0xFC,
    0x8F, 0x2E, 0x53, 0xB5, 0xB3, 0x6E, 0x57, 0xFF, 0xED, 0xAC, 0xDB, 0x17, 0x6F, 0xFF, 0xD1, 0xED,
    0x6F, 0xE4, 0x7C, 0x8E, 0xE9, 0x47, 0xB7, 0xAB, 0xDA, 0xB5, 0xB8, 0x06, 0x43, 0x18, 0x34, 0xA3,
    0xB5, 0x1F, 0xA0, 0x04, 0xD8, 0xA8, 0xFC, 0x4A, 0x80, 0xCA, 0xAE, 0x54, 0x91, 0x5B, 0x3C, 0x9E,
    0xE4, 0x44, 0xF8, 0x8B, 0x70, 0x4D, 0xAA, 0xDF, 0x85, 0x80, 0xAF, 0xFE, 0xDF, 0x97, 0x77, 0x69,
    0x31, 0xBB, 0xA6, 0x93, 0x9A, 0x7E, 0xD9, 0xA5, 0xA4, 0x66, 0xD7, 0xBE, 0x8E, 0x5C, 0x79, 0x89,
    0xD4, 0xCC, 0x61, 0x88, 0xC9, 0x99, 0x3F, 0xF8, 0x21, 0xC6, 0xEB, 0xE5, 0xEA, 0xC0, 0x6D, 0x02,
    0xD1, 0x39, 0xE4, 0x23, 0x72, 0xA8, 0x7E, 0x2C, 0xDE, 0xEF, 0x47, 0x3B, 0x7F, 0xD2, 0x25, 0x55,
    0xDB, 0x9E, 0x26, 0xF5, 0xB5, 0x48, 0xB6, 0x7C, 0x01, 0x87, 0x17, 0xB0, 0x58, 0x51, 0x8B, 0xC2,
    0x65, 0xB4, 0x08, 0x05, 0x4A, 0x3F, 0xF4, 0x01, 0xB2, 0x6E, 0xDF, 0x87, 0x9A, 0xF5, 0x22, 0x6D,
    0x9B, 0xD2, 0xA5, 0xA1, 0x68, 0x9C, 0x6A, 0xD7, 0x60, 0xD9, 0x5A, 0xE6, 0xA4, 0xC6, 0x87, 0xF5,
    0x10, 0xB9, 0x56, 0x19, 0x49, 0xC7, 0xA2, 0x72, 0xFE, 0x3B, 0x26, 0xB8, 0xF4, 0xB5, 0x0E, 0x0E,
    0x75, 0x08, 0x0B, 0x3D, 0x0B, 0x2D, 0xD1, 0x85, 0x61, 0x30, 0x5A, 0x00, 0x26, 0xD1, 0xCB, 0xB9,
    0x80, 0x0C, 0x7D, 0xDF, 0x3E, 0xB2, 0xD4, 0xA0, 0x08, 0x81, 0xC4, 0xB6, 0x5A, 0x03, 0xCB, 0x74,
    0xFC, 0x38, 0x66, 0x5B, 0xFB, 0x2A, 0xC7, 0x6A, 0xFF, 0xB3, 0x40, 0x8B, 0xDF, 0x0C, 0x49, 0xEE,
    0x4C, 0x1B, 0x94, 0xFB, 0xEA, 0xFE, 0x32, 0x59, 0xC7, 0x7E, 0x08, 0x1D, 0xE4, 0x3D, 0x62, 0x72,
    0x90, 0x8D, 0xC3, 0x76, 0x7E, 0x40, 0x19, 0x0D, 0xA2, 0x4E, 0x37, 0x50, 0xF3, 0x96, 0x4E, 0x16,
    0x0A, 0x67, 0xAD, 0x52, 0xA3, 0xEA, 0xEE, 0x4E, 0x11, 0x48, 0xC2, 0x95, 0x4E, 0x55, 0x29, 0xD1,
    0x06, 0x8F, 0xC7, 0x9A, 0x9E, 0xDD, 0x4C, 0xC2, 0x98, 0x22, 0x87, 0x95, 0x7B, 0x4D, 0xEC, 0x92,
    0xB3, 0x21, 0x94, 0x6D, 0x25, 0x1E, 0x44, 0xF1, 0x4E, 0xE2, 0x4D, 0xBC, 0x8D, 0xD5, 0xCE, 0x06,
    0xFC, 0xFD, 0x87, 0x23, 0x31, 0x3C, 0x71, 0x01, 0xA6, 0x7C, 0x09, 0x1D, 0xBE, 0xD9, 0xDE, 0xA4,
    0x5B, 0x94, 0x86, 0x45, 0x3A, 0x3A, 0xCE, 0xBB, 0x8D, 0xCB, 0x21, 0xF9, 0xD0, 0x96, 0xBE, 0x65,
    0xD6, 0xC3, 0x05, 0x53, 0x0E, 0x4C, 0x53, 0xE9, 0x98, 0x66, 0xE6, 0x87, 0x8E, 0x59, 0xF9, 0x62,
    0x60, 0x3A, 0xC7, 0x00, 0x84, 0x8E, 0xBB, 0x26, 0x1D, 0x40, 0x8F, 0x87, 0x80, 0x5C, 0x3D, 0x11,
    0xE8, 0x89, 0xAE, 0xD1, 0xC5, 0xFB, 0x34, 0x6D, 0x08, 0xED, 0xE8, 0x83, 0x10, 0x16, 0x1B, 0xEF,
    0x78, 0xA2, 0x0F, 0x41, 0x04, 0xAB, 0xAB, 0x28, 0xDE, 0x85, 0x8B, 0xAC, 0xBA, 0x62, 0x17, 0x6B,
    0xDB, 0xD0, 0xF1, 0x50, 0x24, 0x26, 0x0E, 0x2D, 0x87, 0x73, 0xCD, 0x28, 0x29, 0xF6, 0x50, 0xB3,
    0xC1, 0xC8, 0xC6, 0x98, 0x42, 0x7F, 0x8D, 0x1A, 0x86, 0xC9, 0x30, 0x32, 0x1E, 0x4D, 0x1C, 0x31,
    0x56, 0xA8, 0x7E, 0xD7, 0xC2, 0x2A, 0x95, 0xE4, 0x60, 0x95, 0x77, 0x68, 0xC3, 0x61, 0x37, 0x30,
    0xF0, 0x5A, 0xFF, 0xCF, 0x12, 0x1B, 0x19, 0xC3, 0x67, 0x4C, 0xC1, 0x91, 0xE7, 0xCC, 0xED, 0x99,
    0x62, 0xD7, 0xCD, 0xB8, 0x08, 0xE9, 0x5B, 0xFE, 0x02, 0x6C, 0x05, 0x28, 0xE8, 0x86, 0x37, 0x4E,
    0xFC, 0x7B, 0xE8, 0xC9, 0x70, 0x7D, 0xD9, 0x93, 0xBC, 0x06, 0x13, 0xF2, 0xE2, 0xF7, 0x21, 0xC9,
    0x5B, 0x5E, 0x3D, 0xE0, 0x35, 0xE9, 0x98, 0xD7, 0xA0, 0x03, 0xF1, 0x00, 0x54, 0xC5, 0x1B, 0x8B,
    0xCB, 0x28, 0x77, 0x08, 0x02, 0xF5, 0xD0, 0x51, 0xDB, 0x3F, 0x74, 0xD4, 0xF5, 0x0E, 0xAD, 0x1C,
    0x70, 0x0F, 0x85, 0x5C, 0x07, 0xD1, 0x21, 0xA6, 0xCF, 0x85, 0xED, 0x43, 0x8F, 0x90, 0x03, 0x32,
    0x97, 0x91, 0x6F, 0x64, 0xC8, 0x9C, 0xCD, 0x40, 0xB7, 0x65, 0x31, 0x4E, 0xA3, 0xD1, 0x78, 0xAA,
    0x6C, 0x15, 0x4B, 0x5E, 0x33, 0xDE, 0x86, 0x6B, 0xC6, 0xC7, 0x02, 0x07, 0x0C, 0x23, 0x91, 0xD8,
    0x9A, 0x76, 0x84, 0x67, 0x22, 0xFE, 0x95, 0x79, 0x2F, 0xD5, 0x8D, 0x90, 0x3B, 0x34, 0x71, 0xB7,
    0x0E, 0x04, 0xE0, 0x31, 0x77, 0x70, 0x82, 0x89, 0xED, 0x01, 0xA3, 0x66, 0xB1, 0x1A, 0x2A, 0x15,
    0x8B, 0x2A, 0x23, 0xCD, 0x49, 0x3A, 0x83, 0x2B, 0x67, 0x5B, 0x3C, 0x4E, 0x9E, 0xE5, 0x50, 0x18,
    0xB3, 0x4A, 0x1C, 0x16, 0xE8, 0x9C, 0x9A, 0x1B, 0x00, 0xBD, 0x8C, 0xF0, 0x0E, 0xA8, 0x00, 0x1D,
    0xD9, 0xB0, 0x04, 0x11, 0xAE, 0x1A, 0x18, 0xF3, 0x10, 0xAB, 0x26, 0x03, 0xD0, 0x07, 0x46, 0xC0,
    0xD2, 0x99, 0xF9, 0xD0, 0x4D, 0x1C, 0xE9, 0xDB, 0x88, 0x64, 0x61, 0x3A, 0x53, 0xEC, 0xA6, 0x33,
    0x86, 0x5E, 0x0F, 0xBF, 0x9E, 0xC6, 0x6F, 0x3A, 0xDB, 0x8B, 0x8E, 0xA3, 0xBC, 0x91, 0x8E, 0xF2,
    0xC5, 0xEE, 0x62, 0xF8, 0x9D, 0xB4, 0x34, 0x52, 0x4E, 0xA3, 0xC2, 0xB4, 0xAE, 0x9B, 0xE9, 0x8A,
    0xDA, 0xD2, 0x4D, 0x6A, 0x44, 0xE0, 0x66, 0xE3, 0xCA, 0x10, 0x63, 0x14, 0x99, 0x04, 0xA7, 0x2D,
    0x99, 0x5E, 0x62, 0xE1, 0xFF, 0x80, 0x75, 0xD7, 0xE7, 0x70, 0xFE, 0x71, 0x0E, 0xA9, 0x3A, 0xE0,
    0xC1, 0xC2, 0x97, 0xBC, 0x6D, 0x34, 0x25, 0x79, 0xA3, 0xCF, 0x8A, 0xE0, 0xA2, 0xB2, 0xCF, 0x52,
    0x69, 0x5E, 0x6C, 0x56, 0x89, 0x4A, 0x27, 0xBF, 0x8E, 0xE4, 0xAD, 0x5C, 0xE9, 0xB1, 0xA3, 0x83,
    0x4A, 0xAB, 0x49, 0xA5, 0x2E, 0x0D, 0x9B, 0x18, 0x1B, 0x6B, 0xDE, 0xBC, 0xE7, 0xA7, 0x40, 0xFE,
    0x79, 0x5E, 0xA5, 0x13, 0x5C, 0xCB, 0x39, 0xFF, 0x84, 0xE4, 0x47, 0x50, 0x50, 0xF2, 0xCA, 0x8A,
    0x40, 0x0F, 0x87, 0x69, 0x7A, 0x39, 0x44, 0x55, 0x67, 0x3E, 0x76, 0x5A, 0xFB, 0x50, 0xE7, 0x18,
    0x80, 0x5B, 0x8A, 0xF7, 0x74, 0x7B, 0x76, 0xE4, 0xBF, 0xAB, 0xAF, 0xFB, 0xF1, 0x1B, 0xA9, 0x22,
    0x51, 0x3D, 0x2C, 0x9E, 0x6C, 0x00, 0x76, 0xCD, 0x2D, 0x21, 0x79, 0xFE, 0x87, 0x91, 0x9C, 0xCD,
    0xDC, 0xFB, 0xFA, 0x5B, 0x90, 0xC8, 0x07, 0x6D, 0x24, 0xB7, 0x62, 0xAE, 0xE5, 0x3F, 0x46, 0x22,
    0xBD, 0x03, 0x73, 0x2D, 0xDB, 0xBC, 0x63, 0x6A, 0x57, 0x19, 0x83, 0xBC, 0x15, 0xF0, 0xE3, 0xC2,
    0x60, 0x09, 0x2D, 0x75, 0xB7, 0x91, 0xF2, 0xEB, 0xE1, 0xCF, 0x48, 0xE5, 0xAB, 0xD9, 0x55, 0x68,
    0xD1, 0xFC, 0xBD, 0x19, 0x9D, 0xF2, 0xD7, 0x23, 0x79, 0xC9, 0x95, 0x48, 0xB6, 0xEF, 0xC2, 0xB9,
    0x37, 0xD8, 0xBC, 0x17, 0x6E, 0xBF, 0x8C, 0x41, 0x4C, 0x0B, 0x7C, 0xB2, 0x1B, 0x03, 0x2B, 0x5F,
    0x0C, 0x21, 0x2E, 0x54, 0xB3, 0xB2, 0x5B, 0xEC, 0xA8, 0x95, 0x70, 0x75, 0x17, 0x7A, 0x5E, 0x7F,
    0xAA, 0xF4, 0x08, 0x72, 0x48, 0x54, 0x4E, 0x50, 0x69, 0x2F, 0xF2, 0xE7, 0xE7, 0xDF, 0x82, 0x81,
    0x7D, 0x09, 0x6F, 0x6F, 0x6D, 0xE7, 0x12, 0x6F, 0xB0, 0x2F, 0x61, 0x28, 0xF4, 0x59, 0xA8, 0xB5,
    0x8B, 0x7E, 0x03, 0x3A, 0xEF, 0x32, 0xB0, 0x9A, 0x6C, 0x73, 0xBC, 0x39, 0xCD, 0xF3, 0x8E, 0xB8,
    0x03, 0x4E, 0xBD, 0x88, 0x2D, 0x48, 0xCE, 0xD5, 0x3B, 0x7C, 0x78, 0x3F, 0x4B, 0xFF, 0x41, 0x4B,
    0x8F, 0xA3, 0x7D, 0x5B, 0x44, 0x4B, 0x5F, 0x8D, 0xC3, 0xED, 0xBB, 0x90, 0x7B, 0x35, 0x37, 0x97,
    0xE3, 0xD2, 0x50, 0x33, 0x3A, 0xA8, 0xEC, 0x76, 0x27, 0x49, 0xFE, 0x4D, 0x16, 0x05, 0xC2, 0xD9,
    0xC9, 0x56, 0x2D, 0xBF, 0xC9, 0x44, 0xF9, 0x8B, 0x18, 0x74, 0x7D, 0x81, 0x59, 0x40, 0x37, 0x20,
    0xD2, 0x2A, 0xBC, 0xD7, 0xBD, 0x50, 0x81, 0xC2, 0x28, 0x54, 0x00, 0x41, 0xDD, 0x69, 0xDE, 0xFB,
    0x7F, 0x3B, 0xC7, 0x00, 0xFC, 0x39, 0x1B, 0x75, 0xAB, 0x2E, 0x99, 0xCA, 0x4E, 0x9F, 0x6D, 0xAB,
    0x05, 0x0E, 0x4E, 0x2C, 0xB2, 0x9C, 0x8D, 0x14, 0x4E, 0x51, 0xA0, 0x9D, 0x01, 0x5A, 0x94, 0x01,
    0x38, 0x14, 0x9B, 0xD7, 0x1B, 0xCC, 0x2E, 0x91, 0x3F, 0x85, 0xDC, 0x20, 0xB6, 0x35, 0xC7, 0x7D,
    0xAA, 0x77, 0x8D, 0x1A, 0x54, 0xD9, 0xC4, 0x6B, 0x58, 0xA3, 0x32, 0x2C, 0xE2, 0x0F, 0xC3, 0xAC,
    0xE1, 0x50, 0x7B, 0x69, 0x78, 0x1F, 0x55, 0x78, 0x7F, 0x69, 0xDA, 0xCC, 0xFD, 0x01, 0xDD, 0x78,
    0x5D, 0xF8, 0x97, 0x30, 0x70, 0x52, 0xEC, 0x97, 0x50, 0x59, 0xCD, 0x40, 0x07, 0x40, 0xCD, 0xAC,
    0xA0, 0xEC, 0xB6, 0x55, 0x9A, 0x90, 0xDB, 0x4F, 0x51, 0x29, 0xC5, 0x63, 0xD7, 0x37, 0x0D, 0x46,
    0xD7, 0xEA, 0x01, 0xE5, 0x6C, 0x93, 0x5F, 0x24, 0x17, 0x89, 0xF3, 0x7A, 0xCA, 0xAF, 0x37, 0xAF,
    0x63, 0x34, 0x3E, 0x43, 0x1A, 0xB7, 0x3D, 0xDF, 0xC5, 0x7C, 0x00, 0x82, 0x57, 0xF8, 0x16, 0x8B,
    0xB4, 0xCD, 0x95, 0x16, 0xD4, 0x20, 0x60, 0xFD, 0xCD, 0x76, 0x16, 0x78, 0x9B, 0x66, 0xDA, 0xC0,
    0xEA, 0xED, 0x19, 0xDA, 0xC4, 0xF0, 0x66, 0x84, 0x21, 0x79, 0xDE, 0x3E, 0xCC, 0x1C, 0x5A, 0x4C,
    0xB0, 0x53, 0x51, 0x58, 0x99, 0x13, 0xBC, 0x41, 0xC5, 0x3B, 0xAB, 0x03, 0x28, 0xCE, 0x1B, 0x8F,
    0xE4, 0x4D, 0x90, 0xF0, 0xA6, 0x0B, 0x5F, 0x49, 0xB4, 0xDB, 0xAA, 0x73, 0x52, 0xE9, 0xFB, 0x38,
    0x46, 0x38, 0x14, 0x5E, 0xD7, 0x75, 0xF9, 0x21, 0xBD, 0x02, 0x06, 0x30, 0xF9, 0x06, 0x0B, 0x65,
    0x27, 0x31, 0x10, 0x62, 0x23, 0x95, 0x89, 0xEB, 0xBA, 0x84, 0x0C, 0xF9, 0x3D, 0x00, 0x87, 0xBB,
    0x81, 0x92, 0x71, 0x4E, 0x07, 0x55, 0x40, 0x63, 0x99, 0x28, 0x36, 0x61, 0x84, 0x5D, 0x28, 0x93,
    0xD2, 0x1B, 0x61, 0x1B, 0xDF, 0xDF, 0xB5, 0x93, 0xC0, 0x3E, 0x0E, 0x54, 0xE6, 0xE8, 0xAF, 0x1D,
    0x6C, 0x6D, 0xAA, 0x3C, 0x27, 0x34, 0x39, 0x05, 0x34, 0xB0, 0xCF, 0x04, 0x37, 0x5F, 0x6E, 0xFE,
    0x2A, 0x29, 0xFA, 0xF6, 0x1A, 0xC3, 0x8C, 0x4B, 0x49, 0xAF, 0x9D, 0x8D, 0xEA, 0xCD, 0xB3, 0x0E,
    0x46, 0x6F, 0x8C, 0x14, 0x58, 0xC5, 0x8E, 0x70, 0x5B, 0xF3, 0xDC, 0x74, 0x89, 0xB7, 0x8C, 0xD1,
    0x15, 0x66, 0xE2, 0x9F, 0x78, 0xD0, 0xB3, 0x75, 0xA2, 0x6D, 0xD2, 0x33, 0x27, 0x48, 0xA9, 0xDB,
    0x7B, 0x49, 0x7C, 0x7A, 0x01, 0x62, 0xB3, 0x03, 0x23, 0x00, 0x39, 0x2C, 0x3B, 0x8B, 0x41, 0x65,
    0x87, 0x32, 0xFC, 0xDD, 0x1D, 0x8D, 0x5F, 0xBC, 0x2E, 0xD7, 0xF8, 0x96, 0x29, 0x94, 0x14, 0x61,
    0xD9, 0x79, 0x46, 0x31, 0xF2, 0x87, 0x39, 0xE8, 0xC1, 0x60, 0xF1, 0x6A, 0xA0, 0x87, 0x96, 0x81,
    0x91, 0xDA, 0xC6, 0x89, 0xCA, 0x87, 0xC4, 0x39, 0x2A, 0x23, 0x91, 0xCA, 0xEC, 0x34, 0x5A, 0x50,
    0xF8, 0x43, 0x39, 0xC7, 0x61, 0xC7, 0x5D, 0xBB, 0x8A, 0x41, 0xFC, 0xD6, 0xAE, 0x2C, 0x95, 0x3F,
    0xAB, 0xCA, 0x54, 0xB0, 0x67, 0x92, 0xB0, 0x1F, 0xF9, 0x42, 0x52, 0x39, 0x2A, 0xE2, 0x55, 0xE1,
    0x7A, 0x69, 0x87, 0x4E, 0x33, 0x0F, 0xEA, 0x94, 0xDA, 0x0B, 0xA6, 0xBA, 0x4C, 0x67, 0x46, 0x5F,
    0xCB, 0xEA, 0x3A, 0x55, 0x60, 0x49, 0x8C, 0xC4, 0xDE, 0x1A, 0xC1, 0x83, 0x1B, 0xBC, 0x36, 0xAE,
    0x70, 0xE4, 0x88, 0xA0, 0x23, 0x88, 0xC0, 0xFC, 0x65, 0x56, 0x50, 0xBF, 0xCC, 0x6A, 0xBC, 0x10,
    0xA4, 0x70, 0x1E, 0xF7, 0x2B, 0x51, 0x3E, 0x39, 0x16, 0x0A, 0x4B, 0xD5, 0x4A, 0x96, 0xAE, 0x19,
    0x95, 0x8A, 0xA6, 0xE5, 0xA6, 0x36, 0x8D, 0x8C, 0x16, 0x9F, 0x0A, 0xBB, 0x86, 0x65, 0xE8, 0xE3,
    0x56, 0x45, 0x1B, 0xB7, 0x16, 0xB4, 0xE2, 0xD3, 0xC7, 0xD6, 0x8C, 0x73, 0xC0, 0xED, 0xE7, 0x84,
    0xEB, 0xE3, 0xE7, 0x78, 0x06, 0x53, 0xF1, 0xA7, 0x9E, 0x61, 0x48, 0x30, 0x50, 0x31, 0xD4, 0x59,
    0xA3, 0xCC, 0xE5, 0x8D, 0x8A, 0xA6, 0x8B, 0xF2, 0xE4, 0xAA, 0xF4, 0x3C, 0x58, 0xCE, 0x2F, 0x3D,
    0x1A, 0xAE, 0xBF, 0x08, 0x66, 0x74, 0x7D, 0x4D, 0xA5, 0xB3, 0xF0, 0x7B, 0xED, 0xE7, 0xC2, 0xF0,
    0x39, 0xFC, 0x42, 0xD6, 0x77, 0xC8, 0xD9, 0xF2, 0xFD, 0x30, 0x7C, 0x3B, 0xE7, 0x57, 0x3C, 0x07,
    0xBA, 0x14, 0x64, 0x81, 0x0A, 0xFC, 0xB2, 0x56, 0x0B, 0xA6, 0xB7, 0x5F, 0x28, 0xA4, 0x31, 0x78,
    0xFC, 0xDE, 0x4B, 0xDE, 0x63, 0x47, 0xDB, 0x45, 0x58, 0xA2, 0x45, 0x17, 0x87, 0xE7, 0xAC, 0x5E,
    0x86, 0x15, 0x76, 0xF4, 0x76, 0x8E, 0x5D, 0xFA, 0x3C, 0x90, 0x9A, 0x7F, 0xD9, 0x2C, 0x65, 0xBF,
    0x89, 0x81, 0xA8, 0xF8, 0x60, 0xEA, 0x05, 0x9F, 0x3F, 0x06, 0xE2, 0x9F, 0xEB, 0xF2, 0x6B, 0xFF,
    0x58, 0xCD, 0x47, 0x61, 0xBA, 0xC9, 0x5F, 0xA0, 0x6D, 0x54, 0x7D, 0x4D, 0xDF, 0x4D, 0x3C, 0xE4,
    0xDC, 0x00, 0x5F, 0x8F, 0x18, 0x99, 0xB1, 0x72, 0x76, 0xBF, 0x15, 0x48, 0xAF, 0x6C, 0xD8, 0xFC,
    0x45, 0x2F, 0xF9, 0xA1, 0x5C, 0x50, 0xDD, 0xDB, 0xDB, 0x5F, 0x3A, 0xF3, 0x60, 0xFA, 0xD9, 0x47,
    0x19, 0xE7, 0x9E, 0xE6, 0x19, 0xBD, 0x10, 0x56, 0x9A, 0x72, 0x21, 0x7B, 0x11, 0x2F, 0x4C, 0x0E,
    0xEB, 0x3F, 0x1B, 0x1C, 0x8A, 0x9C, 0x9B, 0x1C, 0xFE, 0xC5, 0xB5, 0x80, 0x90, 0x27, 0x90, 0xDC,
    0x40, 0x8F, 0x8B, 0x98, 0x4E, 0xC0, 0xA2, 0xEC, 0xCE, 0x55, 0x0E, 0x7E, 0xEA, 0x0D, 0xC5, 0xB1,
    0x63, 0xDA, 0xFA, 0x9B, 0xA4, 0x92, 0x57, 0x19, 0x3E, 0x4E, 0xF1, 0xA6, 0x29, 0x8E, 0x61, 0x36,
    0x57, 0x60, 0x95, 0x43, 0xDC, 0x61, 0x0A, 0x40, 0x35, 0xF2, 0xCA, 0x26, 0x3D, 0xD4, 0xD9, 0xE0,
    0xDD, 0x89, 0x1B, 0x5A, 0x5E, 0x0E, 0x2F, 0x2D, 0x1F, 0x5A, 0x8D, 0x68, 0x38, 0x9F, 0x1C, 0x63,
    0xB1, 0x33, 0xF1, 0xDE, 0xDC, 0x78, 0x6C, 0x83, 0x13, 0x6D, 0xBE, 0xBF, 0x4D, 0xF9, 0x67, 0xBE,
    0x6D, 0x93, 0xD8, 0x36, 0xA7, 0xBB, 0x57, 0xED, 0x58, 0xD7, 0x16, 0x59, 0xB7, 0xDF, 0xF0, 0x05,
    0xB0, 0xD8, 0xE3, 0xAB, 0xEC, 0x51, 0x73, 0x1F, 0xA4, 0x97, 0x84, 0xE1, 0xD3, 0x6C, 0x22, 0x27,
    0x00, 0x44, 0xE4, 0xFA, 0x87, 0xB2, 0x08, 0x86, 0x28, 0x0F, 0x62, 0xBC, 0x38, 0x8E, 0xF1, 0x63,
    0x73, 0x57, 0xC6, 0x71, 0x89, 0x03, 0x5A, 0xEE, 0xC7, 0x2A, 0x6E, 0x3C, 0xC7, 0xF7, 0xCE, 0x12,
    0x07, 0x56, 0x70, 0xD0, 0xBE, 0x23, 0x2C, 0xCE, 0xE5, 0x76, 0xD8, 0x69, 0x9E, 0xED, 0x59, 0xCD,
    0xF3, 0x6C, 0xAB, 0x79, 0x01, 0x59, 0x4D, 0x6B, 0xD6, 0x5A, 0x6E, 0xB3, 0xB3, 0xB8, 0x62, 0x36,
    0x4D, 0x1D, 0x34, 0x0A, 0x22, 0x26, 0x67, 0xB9, 0xCD, 0x21, 0xF5, 0x05, 0xAC, 0xFB, 0xAA, 0x17,
    0xC7, 0x2E, 0x39, 0xEC, 0xCD, 0x8B, 0xFF, 0x86, 0x0F, 0x4F, 0xCF, 0x4F, 0x91, 0x2C, 0x3C, 0x72,
    0x72, 0x18, 0x0A, 0xCC, 0x8C, 0xDE, 0xD7, 0xBC, 0x70, 0x7D, 0xC1, 0xF3, 0xB5, 0x82, 0xE7, 0x69,
    0x12, 0x68, 0xB1, 0xCB, 0x71, 0x7F, 0xE1, 0xBA, 0xEC, 0x15, 0xC6, 0x94, 0xB6, 0x63, 0x29, 0x65,
    0x00, 0x72, 0xDD, 0x9A, 0xD7, 0xA9, 0x30, 0x5B, 0x53, 0xD9, 0x15, 0x96, 0xD8, 0x4A, 0x19, 0xC1,
    0x49, 0xAA, 0x52, 0x51, 0x33, 0x8A, 0x75, 0x1C, 0x42, 0xDB, 0xD3, 0xA5, 0xB0, 0x9B, 0x7F, 0xE6,
    0xA8, 0x5B, 0x79, 0xC5, 0x51, 0x77, 0xDA, 0x0A, 0xD7, 0xF7, 0x5B, 0x47, 0x5D, 0x03, 0xA4, 0x21,
    0x9F, 0x5B, 0x3A, 0xEA, 0xE6, 0x9A, 0xC8, 0x13, 0x0B, 0x2E, 0x2F, 0x31, 0xC3, 0xDB, 0xA7, 0x05,
    0x54, 0x48, 0x62, 0x1B, 0x91, 0xA4, 0x03, 0x9E, 0xCB, 0x1E, 0x2D, 0xD8, 0x94, 0xAD, 0xBC, 0xE4,
    0xD5, 0x2A, 0x92, 0x67, 0x58, 0xFC, 0xCE, 0xC0, 0x99, 0xDE, 0x48, 0xE4, 0xB2, 0x9A, 0xE2, 0x77,
    0x64, 0x1C, 0xDE, 0x32, 0x82, 0xCD, 0xFE, 0x1C, 0xDE, 0x78, 0x94, 0x56, 0x58, 0x88, 0x1D, 0x3D,
    0xC8, 0x35, 0x41, 0x38, 0x29, 0x9F, 0x65, 0x09, 0xE5, 0xDD, 0x0B, 0x03, 0xBF, 0x7D, 0x5C, 0xA3,
    0xDC, 0xD7, 0x21, 0xA6, 0x5E, 0xFA, 0x7F, 0x56, 0x33, 0x74, 0xED, 0xEA, 0x2E, 0x95, 0x9E, 0xB3,
    0xAA, 0x28, 0xAC, 0xB5, 0x88, 0x62, 0xA7, 0xD8, 0x4C, 0xF4, 0xDD, 0x3B, 0x4A, 0xC1, 0x5C, 0xA4,
    0xBA, 0x07, 0x44, 0x2B, 0xAD, 0xB4, 0xA1, 0xD8, 0x56, 0xFF, 0xB0, 0x0D, 0xA8, 0x93, 0xE5, 0x1D,
    0x7A, 0x2C, 0x48, 0x65, 0xE5, 0x19, 0x97, 0xD4, 0x6F, 0x7D, 0x85, 0x81, 0x54, 0x31, 0x04, 0x90,
    0x5A, 0xD0, 0xB1, 0x84, 0xD7, 0x0C, 0xBA, 0x76, 0x25, 0xBB, 0xC0, 0xF5, 0xB1, 0x33, 0x8F, 0xE3,
    0x4F, 0x8F, 0xF2, 0xFB, 0x3B, 0xE2, 0x6D, 0xF2, 0x61, 0x47, 0xAA, 0xD3, 0xB2, 0x9A, 0xCE, 0xBC,
    0x65, 0x37, 0xE7, 0x31, 0x08, 0xF3, 0x05, 0xD5, 0x75, 0xAC, 0x9B, 0xA9, 0xDE, 0x2E, 0x24, 0x11,
    0xD5, 0xA7, 0x38, 0x52, 0xFB, 0x5B, 0x1E, 0xB1, 0xE3, 0x50, 0x00, 0x41, 0xFE, 0x54, 0x81, 0x95,
    0xE9, 0x6F, 0x87, 0xB3, 0xE3, 0x90, 0x63, 0x14, 0x86, 0x7F, 0x37, 0x98, 0x4A, 0x71, 0x5E, 0xC6,
    0xAC, 0x29, 0x4A, 0x46, 0x4F, 0xA8, 0xFE, 0x13, 0xC8, 0x0B, 0x30, 0x73, 0x09, 0xC3, 0x57, 0xFA,
    0x50, 0x18, 0x8E, 0xFB, 0x19, 0x1A, 0xC7, 0x00, 0x6B, 0x40, 0x47, 0x9B, 0x56, 0x4B, 0x8F, 0x48,
    0xCF, 0x94, 0x1E, 0x59, 0xBC, 0xAB, 0xF4, 0xC8, 0x94, 0xC2, 0xE0, 0x89, 0x69, 0xEC, 0xAF, 0x64,
    0xA0, 0x40, 0xFE, 0x4C, 0x50, 0x1E, 0xA6, 0x5B, 0x79, 0x65, 0xD5, 0x36, 0xDF, 0x67, 0xBB, 0xF9,
    0x50, 0x04, 0x06, 0x31, 0x04, 0xB0, 0x44, 0x78, 0x0B, 0x9E, 0x95, 0x89, 0xDA, 0xDA, 0xDD, 0x94,
    0x87, 0xBA, 0xB8, 0xC1, 0xD3, 0x52, 0xC7, 0xBC, 0xCA, 0x8C, 0xB4, 0xDA, 0x29, 0x40, 0x9C, 0x47,
    0x75, 0xD4, 0xB8, 0x8E, 0x5E, 0xED, 0xEE, 0x15, 0xEF, 0x0C, 0x36, 0x2B, 0x28, 0x36, 0x2F, 0x4E,
    0xF9, 0x85, 0xBD, 0x4B, 0x4C, 0xA2, 0x1F, 0x2D, 0x15, 0xB3, 0x09, 0x49, 0x0C, 0x3D, 0xCF, 0x75,
    0x88, 0x86, 0x88, 0x96, 0x50, 0xED, 0xD8, 0x51, 0x97, 0x0A, 0xC7, 0x88, 0x43, 0x13, 0x17, 0x59,
    0xCD, 0x03, 0xA5, 0x14, 0x79, 0x1F, 0xB4, 0xB4, 0x9A, 0x24, 0xD5, 0xF8, 0x70, 0x9D, 0x73, 0xBC,
    0x8B, 0x61, 0x71, 0x30, 0xEA, 0x12, 0x1E, 0xC4, 0xC1, 0xFB, 0x30, 0x12, 0xBB, 0x1B, 0xBC, 0xB3,
    0xC3, 0xDE, 0x5E, 0x2B, 0x4B, 0x69, 0xAB, 0xA6, 0xA7, 0xE5, 0x36, 0x7F, 0x3A, 0x09, 0x12, 0x6E,
    0x52, 0x0A, 0xC4, 0x1B, 0x8D, 0x92, 0xB7, 0x89, 0x1E, 0x5F, 0x75, 0xD5, 0x03, 0xDE, 0x12, 0x30,
    0xF8, 0x04, 0x3A, 0x37, 0xD2, 0xDF, 0xBC, 0x7C, 0x4E, 0xD8, 0xAD, 0x5C, 0x7B, 0x30, 0x5D, 0x3B,
    0x76, 0x30, 0x9D, 0x5B, 0x39, 0x98, 0x56, 0x7F, 0xF5, 0x60, 0x5A, 0x7F, 0xE9, 0xC1, 0xF4, 0x62,
    0x37, 0xEC, 0xCA, 0x7F, 0xB4, 0x9A, 0x3E, 0xF3, 0xD0, 0xC1, 0xF4, 0x8B, 0xFF, 0xF2, 0x60, 0xFA,
    0xEC, 0xDB, 0x41, 0x7F, 0x7C, 0x30, 0xFD, 0x82, 0x03, 0x38, 0x7F, 0xC0, 0x4B, 0x4B, 0xB6, 0x1D,
    0x45, 0x87, 0x09, 0x0D, 0xAE, 0x4F, 0x2D, 0xAF, 0xD1, 0xF4, 0xDD, 0x01, 0xD4, 0xF5, 0xEA, 0x52,
    0x8B, 0xF2, 0x97, 0x4C, 0x80, 0x43, 0xE6, 0xB3, 0x36, 0x69, 0x66, 0xD1, 0xA3, 0xC5, 0xB5, 0xA5,
    0x25, 0x92, 0x77, 0xBF, 0xA3, 0x48, 0x67, 0xCE, 0x4F, 0x4A, 0xF4, 0xE2, 0xAB, 0x65, 0x9F, 0xCE,
    0x7E, 0x0D, 0xD9, 0x74, 0xF6, 0x6F, 0x42, 0x3C, 0xBC, 0xDE, 0xDE, 0x8B, 0xAA, 0x6C, 0xA9, 0xC3,
    0x88, 0xB8, 0x24, 0x24, 0x0E, 0xBF, 0xA5, 0x07, 0x6B, 0xE8, 0x0C, 0x56, 0x2E, 0x18, 0x4C, 0xAC,
    0x7D, 0x24, 0xF9, 0x5B, 0xD8, 0x6F, 0xC2, 0xAF, 0xE8, 0x68, 0xDB, 0x71, 0x61, 0xF1, 0x19, 0xF6,
    0xB2, 0xEE, 0x9E, 0x3A, 0x88, 0x4A, 0x4D, 0x9F, 0x5E, 0xBC, 0x60, 0x72, 0xA5, 0x0E, 0x92, 0xCB,
    0x83, 0x63, 0xF4, 0xFA, 0x0B, 0xBD, 0xE3, 0x78, 0xA4, 0x7D, 0x9C, 0x11, 0xEC, 0x91, 0x68, 0xAB,
    0x56, 0x0D, 0x7B, 0x69, 0xF0, 0x6F, 0x05, 0x6C, 0x54, 0x03, 0x06, 0xCE, 0xEF, 0xB2, 0x75, 0xF5,
    0xD5, 0xB6, 0x8E, 0xDA, 0xBA, 0x8B, 0x4F, 0x41, 0x03, 0xED, 0x09, 0x7B, 0x67, 0xBC, 0xFA, 0xE1,
    0x77, 0xBE, 0xE4, 0xBA, 0x87, 0xDF, 0xB9, 0xFD, 0xE5, 0x61, 0x6F, 0xFB, 0xB6, 0x87, 0xDF, 0xF9,
    0x06, 0xFD, 0xE1, 0x77, 0x2A, 0xC6, 0xC3, 0x1F, 0x90, 0x47, 0x1E, 0xFE, 0x88, 0x4C, 0xEF, 0xD8,
    0x44, 0x19, 0xF9, 0xDD, 0x1A, 0x69, 0x57, 0xAA, 0x06, 0xD5, 0xBE, 0xA1, 0x94, 0xE8, 0xFC, 0xCF,
    0xB0, 0xD1, 0x23, 0x7D, 0x33, 0xA4, 0xCC, 0x41, 0xBB, 0x41, 0x1A, 0xEF, 0x9F, 0x2F, 0x3E, 0x73,
    0x29, 0xAC, 0xC3, 0x17, 0x5C, 0xBA, 0x4C, 0x67, 0xFC, 0x16, 0x72, 0xDB, 0xCF, 0x16, 0xC9, 0xEB,
    0x1A, 0x74, 0xDD, 0x8B, 0xDF, 0xDC, 0xA0, 0x3B, 0xE4, 0xEB, 0x81, 0x63, 0xE5, 0xD6, 0x32, 0x92,
    0x59, 0x21, 0x49, 0xDA, 0xA6, 0xE9, 0x38, 0x4C, 0x9C, 0x9F, 0xBB, 0x72, 0x6E, 0xF6, 0xE3, 0x9F,
    0xF8, 0xF8, 0x7D, 0x05, 0x8E, 0x8E, 0xF6, 0x30, 0xF9, 0x4F, 0x7F, 0x62, 0xE3, 0xAF, 0x88, 0x9A,
    0x16, 0xE5, 0xD6, 0xD9, 0x5B, 0x2D, 0xD9, 0x25, 0x2C, 0xF5, 0x5F, 0xB3, 0x18, 0x4B, 0x58, 0xFB,
    0x49, 0xCF, 0xD6, 0xD1, 0x80, 0x90, 0x45, 0xBE, 0xBC, 0xC4, 0x9D, 0x06, 0xCB, 0x14, 0x7B, 0xD5,
    0x2E, 0x19, 0x6C, 0x60, 0x16, 0x7B, 0xB8, 0xCF, 0xC8, 0x58, 0x15, 0x24, 0xAF, 0x00, 0x10, 0xEF,
    0xCD, 0xD8, 0x7C, 0x28, 0x71, 0xA2, 0x20, 0xC1, 0xCD, 0xC6, 0x4D, 0xC5, 0xEE, 0xE0, 0x0D, 0xDD,
    0xE2, 0xB1, 0xD5, 0xEE, 0xF8, 0xB1, 0xD5, 0x8B, 0xC7, 0xBF, 0xF9, 0xCC, 0xC5, 0xFC, 0x5B, 0xE4,
    0x3C, 0xA8, 0xFC, 0x64, 0x78, 0x71, 0xF9, 0xF8, 0x2E, 0x90, 0x72, 0x71, 0x15, 0x54, 0xFA, 0xCA,
    0xF6, 0x8B, 0x4B, 0x5F, 0x3D, 0xEF, 0x32, 0xF3, 0xFF, 0xFD, 0xC3, 0x7E, 0xF3, 0xC9, 0xFB, 0x6D,
    0xD3, 0x57, 0xED, 0x97, 0x08, 0x2B, 0x3B, 0xFE, 0xA0, 0x48, 0xBC, 0x2D, 0xCE, 0x88, 0x12, 0xFA,
    0xA9, 0x4F, 0xFF, 0xDE, 0x63, 0x8A, 0x0C, 0xC5, 0x3A, 0xD4, 0x9A, 0x6B, 0x3A, 0xC0, 0xE2, 0x48,
    0x34, 0xCD, 0x7C, 0x0B, 0xE9, 0xB7, 0x39, 0xD7, 0x91, 0xF6, 0xA8, 0x0F, 0x54, 0xFE, 0x3A, 0xDC,
    0xB3, 0xF8, 0x57, 0x60, 0x11, 0x43, 0x33, 0x2B, 0x34, 0x7E, 0x9B, 0x65, 0x21, 0x31, 0x1C, 0x24,
    0x39, 0x9F, 0xCA, 0xB7, 0xC1, 0xE0, 0x2E, 0x69, 0x93, 0x01, 0x99, 0x7A, 0x67, 0x86, 0xA6, 0x0E,
    0xBB, 0xA9, 0x28, 0xDE, 0x9E, 0x47, 0x8A, 0x9D, 0xA3, 0x5E, 0x85, 0xB2, 0xB6, 0xD8, 0xC8, 0x5A,
    0x7B, 0x39, 0xB4, 0xBA, 0x9A, 0x10, 0x8E, 0xC1, 0x7A, 0xE5, 0x58, 0xCA, 0x49, 0xAA, 0x08, 0x83,
    0xA5, 0x9C, 0x2C, 0xEC, 0x5C, 0x96, 0xED, 0xAC, 0xA6, 0xD8, 0xD1, 0x14, 0xA9, 0x69, 0x93, 0xD9,
    0xB6, 0xF0, 0x38, 0xEE, 0x3A, 0xCA, 0xF2, 0xF0, 0x8F, 0x00, 0x82, 0x0A, 0x95, 0x4F, 0x7A, 0xB4,
    0xAD, 0x00, 0xDB, 0x51, 0x96, 0x7E, 0x76, 0x82, 0x63, 0xC5, 0x01, 0x94, 0x1E, 0xE2, 0x57, 0xF8,
    0x18, 0xEC, 0xAA, 0xBC, 0x7C, 0x74, 0x4E, 0x6A, 0x0C, 0x7B, 0x0B, 0x32, 0x7B, 0xA2, 0xF8, 0x0D,
    0xA9, 0xA3, 0x60, 0xD0, 0x38, 0xC8, 0x7C, 0xCA, 0x89, 0xDF, 0xD1, 0xBD, 0x35, 0x0C, 0xB1, 0xA4,
    0x02, 0x54, 0xE5, 0x5F, 0x0F, 0x3A, 0xC3, 0xE6, 0xD7, 0xE3, 0x9F, 0x8D, 0xAA, 0xF1, 0x86, 0x93,
    0x7B, 0x5A, 0x0C, 0x69, 0x14, 0x1E, 0x78, 0x8A, 0x21, 0x2F, 0x3C, 0x63, 0xFB, 0x31, 0x6A, 0x72,
    0xBB, 0xDC, 0xA6, 0x99, 0x56, 0xD1, 0xC5, 0x33, 0x45, 0x00, 0xC9, 0x19, 0xB8, 0xE7, 0xC6, 0x76,
    0x87, 0xD4, 0x93, 0x54, 0xA5, 0x94, 0x9D, 0x7C, 0xF2, 0x46, 0xF9, 0xE5, 0x3E, 0x92, 0x53, 0x0E,
    0xA9, 0x26, 0x58, 0x80, 0x93, 0x56, 0x59, 0x81, 0x78, 0xC4, 0x90, 0xCE, 0x80, 0x03, 0xA3, 0xAF,
    0x7C, 0x46, 0x5E, 0x6A, 0x17, 0x8D, 0x94, 0x5D, 0x7E, 0x4B, 0x8F, 0x93, 0xFA, 0x1A, 0xB7, 0xD9,
    0xE2, 0xD0, 0xDB, 0xA6, 0x78, 0x9B, 0x9B, 0x57, 0x7F, 0x80, 0x5C, 0xF1, 0x30, 0x92, 0xB7, 0xDD,
    0x8E, 0xC3, 0x5F, 0x71, 0xCF, 0xE1, 0x77, 0x43, 0x4C, 0x4E, 0x9C, 0x15, 0x0E, 0xCE, 0x59, 0x85,
    0xF9, 0xEE, 0xAD, 0xB2, 0xE5, 0x1E, 0x43, 0xBB, 0x62, 0xB8, 0x89, 0xC6, 0x1B, 0x1A, 0x2F, 0x82,
    0x70, 0x5C, 0x71, 0x70, 0x3C, 0x8B, 0xE3, 0x7C, 0xB7, 0x18, 0xDA, 0x62, 0xD3, 0x4A, 0x8C, 0xD7,
    0xF7, 0x3E, 0xBE, 0xE1, 0x57, 0x04, 0x2C, 0xD4, 0xCA, 0xB2, 0xD4, 0x2E, 0xAB, 0x75, 0x3B, 0x5A,
    0x0F, 0x91, 0x37, 0x97, 0x96, 0x7B, 0x94, 0x5D, 0x83, 0x6D, 0xA2, 0x5B, 0x7A, 0x1A, 0x36, 0x8F,
    0x96, 0xC6, 0x08, 0xD6, 0x60, 0x1B, 0xDC, 0xD1, 0x5E, 0x27, 0xED, 0x8E, 0xCD, 0xAC, 0x4B, 0xD0,
    0x24, 0xED, 0x8E, 0x7A, 0x0F, 0xC9, 0xDD, 0xEC, 0xE3, 0xD9, 0xE9, 0xD1, 0x38, 0xEF, 0x05, 0x95,
    0x81, 0x0F, 0xA8, 0xC4, 0x89, 0xC9, 0x7A, 0x67, 0x6A, 0x26, 0x79, 0xE9, 0x40, 0xDA, 0xB8, 0x3D,
    0x18, 0xC6, 0xDB, 0x69, 0xDE, 0xD0, 0xD6, 0x9A, 0x37, 0xB4, 0xC5, 0x36, 0x20, 0x3E, 0x66, 0x47,
    0x14, 0x8F, 0x5E, 0x71, 0x4D, 0x2C, 0x36, 0x24, 0x8B, 0xDD, 0x24, 0x27, 0x92, 0xEA, 0x9A, 0xF8,
    0x7A, 0x01, 0xAA, 0xAD, 0xAE, 0x9D, 0x7A, 0xC1, 0xA6, 0x72, 0x79, 0x43, 0x22, 0xCE, 0x8D, 0x45,
    0xF5, 0x45, 0xFC, 0x6D, 0xA0, 0xBE, 0xE1, 0x4D, 0x22, 0xDC, 0x22, 0x72, 0xB8, 0x5A, 0x5D, 0xE3,
    0x97, 0xA2, 0xC8, 0x1F, 0x89, 0x98, 0xB3, 0xBA, 0xC6, 0x1F, 0xFF, 0x28, 0xFB, 0x32, 0x27, 0x0A,
    0x92, 0xA6, 0x8A, 0x73, 0x28, 0x3D, 0xF8, 0x70, 0x5A, 0xB1, 0x23, 0xBE, 0x75, 0xD3, 0x68, 0xD2,
    0xE2, 0xBA, 0x7F, 0x37, 0x17, 0xBB, 0x97, 0xB9, 0xF0, 0x5E, 0xAA, 0x3E, 0xE3, 0xDE, 0x1C, 0x45,
    0x8B, 0x55, 0x9F, 0x12, 0xCF, 0x6D, 0xF0, 0xFE, 0x71, 0xD3, 0xA2, 0x6A, 0x07, 0x0B, 0xBD, 0x54,
    0xAA, 0xF8, 0x48, 0xF2, 0x2E, 0x95, 0x4B, 0x50, 0x26, 0xD5, 0x9F, 0x75, 0x3E, 0x4D, 0x63, 0xEC,
    0x91, 0x29, 0xFE, 0x58, 0x8C, 0x16, 0x3A, 0xB8, 0x38, 0xD4, 0xB7, 0x5D, 0xE8, 0x47, 0x7B, 0x95,
    0x73, 0xAB, 0x2E, 0xE7, 0x98, 0x11, 0xA2, 0xC3, 0xF8, 0x42, 0xC9, 0x4C, 0x92, 0x32, 0x27, 0x78,
    0x64, 0xD8, 0x6F, 0x24, 0x97, 0x20, 0x76, 0x39, 0xD1, 0x43, 0xFC, 0x95, 0xBC, 0x63, 0xB4, 0xF9,
    0xCA, 0x68, 0x46, 0x7C, 0xBE, 0x10, 0x7F, 0x57, 0xB3, 0xFA, 0x93, 0x1E, 0xE7, 0x1C, 0xDE, 0x67,
    0x73, 0x9A, 0xB8, 0x80, 0xA4, 0x04, 0xF9, 0x8D, 0xE4, 0x6D, 0x67, 0x53, 0xE9, 0xDC, 0xDE, 0x79,
    0x54, 0xFD, 0x31, 0x56, 0xF9, 0x58, 0xF4, 0x02, 0x9A, 0x3D, 0x82, 0x9E, 0x37, 0xC5, 0xF7, 0x31,
    0x4D, 0xF4, 0xDC, 0x72, 0xA2, 0xF9, 0x88, 0x22, 0xF3, 0x3A, 0x8A, 0x60, 0x81, 0x2E, 0x72, 0x6A,
    0xE2, 0x19, 0x10, 0x17, 0x9E, 0xC1, 0x2D, 0xA5, 0x12, 0xCE, 0x95, 0x4A, 0x38, 0x2C, 0x97, 0x92,
    0x9B, 0xC7, 0xC4, 0xD5, 0x1F, 0x8B, 0x5D, 0x22, 0x58, 0xA5, 0x8B, 0x27, 0x3F, 0xCC, 0x00, 0xF9,
    0x41, 0x4E, 0x2E, 0xB8, 0x0D, 0x6D, 0xE1, 0x58, 0x6D, 0x65, 0x65, 0x8D, 0xAA, 0x3F, 0x12, 0x71,
    0x60, 0xD9, 0x78, 0x0F, 0xB6, 0xFA, 0xA3, 0x05, 0x83, 0x4A, 0x67, 0x03, 0x03, 0x96, 0xB6, 0x03,
    0x92, 0x95, 0xCE, 0xB3, 0xB6, 0x53, 0xF5, 0xA4, 0x75, 0x2D, 0xEA, 0xAB, 0x06, 0x3C, 0x92, 0xBD,
    0x68, 0x8E, 0x17, 0xD7, 0x0C, 0xD1, 0x20, 0x06, 0x73, 0x65, 0xFE, 0x0C, 0xB2, 0x15, 0xAF, 0x5B,
    0x31, 0x4C, 0xF1, 0x3F, 0x9E, 0xFD, 0xB6, 0x8F, 0xFA, 0x4C, 0x80, 0x26, 0x91, 0x94, 0x4D, 0x1C,
    0x56, 0xDB, 0x22, 0xBC, 0xC6, 0xDB, 0x14, 0xE1, 0xEE, 0x6A, 0x3B, 0x2B, 0x40, 0x5F, 0x8F, 0x16,
    0x3B, 0xA9, 0xE4, 0x8B, 0xB3, 0xB2, 0x28, 0x1B, 0xA3, 0x41, 0x54, 0xCA, 0x52, 0x55, 0x35, 0x1F,
    0xE2, 0xC1, 0x41, 0x23, 0xDB, 0x48, 0x4A, 0x1C, 0x6A, 0x53, 0x32, 0x9B, 0xAB, 0x48, 0xFC, 0x55,
    0xDC, 0xE2, 0x62, 0x7A, 0xD2, 0x83, 0xA0, 0x0E, 0xC0, 0xDD, 0x7A, 0xC8, 0x4D, 0xF5, 0x39, 0xF1,
    0x92, 0x5C, 0x84, 0xA7, 0x1A, 0xD6, 0x26, 0x1A, 0x69, 0xB0, 0x96, 0x03, 0xF7, 0xD0, 0xF8, 0x32,
    0xEB, 0xB6, 0x06, 0x74, 0x5B, 0xA5, 0x01, 0xDD, 0x56, 0xF5, 0xB1, 0x96, 0xCF, 0x66, 0x16, 0xE4,
    0x17, 0x2D, 0xE2, 0xEF, 0x0B, 0x7B, 0x49, 0x52, 0x0F, 0xEB, 0xDD, 0xA1, 0xC3, 0x2A, 0xF7, 0xB6,
    0xB4, 0x1A, 0x6D, 0xC9, 0x61, 0x2A, 0x80, 0xC6, 0x91, 0xE4, 0xF8, 0xC3, 0x57, 0xBA, 0x88, 0x86,
    0x67, 0x33, 0xD8, 0xA8, 0x40, 0x45, 0x95, 0xB9, 0x19, 0x1C, 0xF6, 0xED, 0x09, 0x83, 0xC1, 0x8E,
    0x5F, 0x95, 0xAD, 0x28, 0xEB, 0x71, 0xDC, 0x9D, 0x6C, 0x8B, 0xC5, 0x23, 0x3E, 0x3B, 0xB1, 0x4D,
    0x2C, 0x73, 0xFE, 0xE8, 0xF4, 0x75, 0xCC, 0xAF, 0xDF, 0x02, 0xEC, 0xD8, 0xC9, 0xFB, 0xF8, 0xBB,
    0xF8, 0x75, 0x84, 0xDD, 0xB4, 0x8F, 0x94, 0x37, 0xF1, 0xBE, 0xD6, 0xFB, 0xC1, 0x39, 0xDB, 0xD8,
    0xAE, 0xB4, 0xAA, 0x62, 0xD8, 0xA3, 0x37, 0xEF, 0xA6, 0xA8, 0x2C, 0xBD, 0xB1, 0x43, 0x79, 0xE5,
    0xBB, 0x28, 0x7B, 0x70, 0xC0, 0x2E, 0x76, 0x24, 0x92, 0x89, 0x5F, 0x68, 0xA0, 0xFA, 0x45, 0x48,
    0x14, 0x91, 0xBC, 0x92, 0x93, 0x4B, 0x39, 0xD9, 0xC7, 0x09, 0xBF, 0xA4, 0x35, 0x79, 0x6A, 0xA5,
    0xE3, 0x24, 0xBE, 0xF0, 0x43, 0x59, 0x7E, 0x0F, 0x51, 0xB9, 0x9D, 0x84, 0x1F, 0x29, 0x49, 0xC4,
    0xBB, 0x89, 0x22, 0x6C, 0xF0, 0x32, 0x7E, 0xC4, 0xAB, 0xD8, 0x9C, 0xBE, 0x8C, 0x83, 0xE3, 0x07,
    0xC9, 0x7B, 0x71, 0x6E, 0x92, 0xC7, 0xB4, 0x56, 0x15, 0x63, 0x9A, 0xBC, 0x23, 0x58, 0x61, 0x75,
    0x96, 0x67, 0xC5, 0x26, 0xF4, 0x5C, 0xF4, 0xCD, 0x5F, 0x81, 0x15, 0x39, 0xA9, 0x5F, 0xC4, 0x0A,
    0xF0, 0x22, 0x9D, 0xDF, 0xF6, 0x50, 0x17, 0x90, 0x28, 0xDC, 0xE6, 0x51, 0x20, 0xA3, 0xDD, 0xEB,
    0xFB, 0x48, 0xFD, 0x53, 0x7B, 0xF2, 0xB4, 0xEE, 0x4B, 0xDC, 0x7D, 0xC5, 0x86, 0xF6, 0x67, 0x9F,
    0xAE, 0x72, 0x60, 0xC5, 0x8B, 0xDE, 0x4A, 0xEC, 0x8B, 0x26, 0xAA, 0xEF, 0x15, 0xBE, 0xD4, 0x6D,
    0x3C, 0x22, 0x17, 0x70, 0x72, 0x1D, 0x07, 0xE8, 0xF8, 0x5C, 0xA9, 0x8B, 0x4A, 0xBF, 0x81, 0x19,
    0x38, 0xAD, 0xD2, 0x03, 0x36, 0xD5, 0x94, 0x83, 0x2E, 0xE5, 0x54, 0x45, 0x74, 0x10, 0xF5, 0xCD,
    0x30, 0x54, 0xEA, 0x71, 0xB2, 0x1B, 0x7D, 0xAB, 0x43, 0xDA, 0x93, 0xCA, 0x49, 0xFC, 0x96, 0x00,
    0xE7, 0xE2, 0xC3, 0x5E, 0xF4, 0x21, 0xC6, 0xAD, 0x27, 0x4E, 0x19, 0xD3, 0x4D, 0x24, 0x3E, 0x0F,
    0x4D, 0x93, 0x62, 0x7F, 0xEF, 0x42, 0x1B, 0x96, 0x96, 0x78, 0x1D, 0xA3, 0x28, 0x9C, 0x53, 0x1A,
    0x98, 0x75, 0x32, 0xFC, 0x3A, 0xA9, 0x9C, 0x53, 0x8C, 0xE5, 0x4B, 0x91, 0xAC, 0xDC, 0x96, 0x24,
    0xE1, 0x6D, 0xA4, 0xBE, 0xD6, 0x7E, 0x80, 0x26, 0x4F, 0xAD, 0x94, 0x87, 0xB8, 0xFE, 0x04, 0x3B,
    0x1D, 0xE7, 0x35, 0x52, 0xAB, 0xDF, 0x42, 0x55, 0xA5, 0xE7, 0x42, 0x66, 0x16, 0x7F, 0xD2, 0x8B,
    0x5E, 0x27, 0xA8, 0x0B, 0x57, 0x1D, 0x7F, 0x61, 0x48, 0x11, 0x01, 0xFC, 0x22, 0x61, 0x46, 0x57,
    0x24, 0xD7, 0xA5, 0xEC, 0x55, 0x1C, 0xB0, 0xFD, 0x1D, 0x0E, 0x2E, 0x8E, 0x2B, 0x9D, 0xE5, 0x35,
    0x03, 0xE8, 0xC3, 0x9F, 0x11, 0x97, 0x4D, 0x4A, 0x33, 0xCB, 0xA7, 0xE9, 0xC5, 0x6F, 0x40, 0xF2,
    0xA2, 0x17, 0xE2, 0xDC, 0x8B, 0x5F, 0x08, 0xDC, 0xF8, 0xE2, 0x17, 0x96, 0xD3, 0xF4, 0xD2, 0x2D,
    0x10, 0x02, 0x25, 0x85, 0xF7, 0x29, 0xC3, 0x28, 0x27, 0x73, 0xA2, 0xF0, 0xA1, 0x8A, 0x5C, 0xA2,
    0xC6, 0xC5, 0xFE, 0xCB, 0xF7, 0x3E, 0x1E, 0x88, 0xAF, 0x1A, 0xE3, 0x77, 0x58, 0xA5, 0xA9, 0x1F,
    0xFF, 0x5E, 0x4B, 0xFD, 0x04, 0x48, 0xF2, 0xCC, 0xC4, 0xF0, 0xCB, 0x46, 0x06, 0x99, 0xB8, 0x47,
    0xC4, 0x1B, 0x2A, 0x01, 0x3B, 0x72, 0x6B, 0x1C, 0x6E, 0xC1, 0x01, 0x7B, 0x0B, 0x23, 0xB0, 0x2A,
    0xA0, 0x71, 0xCA, 0x24, 0x1D, 0x14, 0x2F, 0x70, 0x29, 0xEC, 0xCB, 0x3F, 0x78, 0x09, 0x49, 0xEF,
    0x38, 0x7E, 0x1B, 0xBD, 0xE8, 0x83, 0xD7, 0x75, 0xE8, 0x79, 0x1F, 0x54, 0x1A, 0x94, 0xBE, 0xEF,
    0xB9, 0x26, 0x8D, 0xBA, 0x4F, 0x55, 0x28, 0x15, 0x1E, 0xCC, 0xD3, 0xCC, 0x4E, 0xFE, 0x82, 0xB0,
    0x58, 0x6A, 0xC2, 0x6E, 0xEF, 0xAF, 0x69, 0x12, 0x48, 0x64, 0x63, 0x4E, 0xF2, 0xFA, 0x8D, 0x5C,
    0xE1, 0xB7, 0xBA, 0xBD, 0xE6, 0x12, 0x92, 0x0B, 0xD0, 0x1A, 0x8F, 0x3F, 0xC3, 0xF2, 0xE5, 0xAF,
    0xF8, 0xFC, 0x91, 0xAC, 0x1E, 0x87, 0x0C, 0xA6, 0x21, 0x1D, 0xC3, 0x76, 0xB3, 0xEC, 0x59, 0xCB,
    0x6B, 0xB0, 0x90, 0xF1, 0xDB, 0xCF, 0x8B, 0xE0, 0x8F, 0xAE, 0xD5, 0x34, 0x9B, 0x82, 0xA2, 0x40,
    0x3A, 0xE4, 0xE7, 0x41, 0x7E, 0xD3, 0xBA, 0xC7, 0x6B, 0x3A, 0x77, 0x47, 0xF1, 0x51, 0x5C, 0x47,
    0x67, 0x1E, 0xE5, 0x98, 0x92, 0xBC, 0xF8, 0x45, 0x1D, 0x82, 0xC2, 0x8E, 0x35, 0xEF, 0x97, 0x06,
    0xBF, 0xFD, 0xBC, 0xE4, 0xCC, 0x27, 0x41, 0x90, 0x40, 0x89, 0xCB, 0xDE, 0x03, 0x74, 0xCF, 0xCA,
    0xE7, 0xE8, 0x7D, 0xBB, 0x76, 0xB9, 0x77, 0xE4, 0x28, 0xB8, 0xAB, 0x46, 0xD3, 0x7F, 0xF2, 0x92,
    0xF0, 0xE1, 0x3B, 0xB0, 0xBC, 0xDE, 0xE7, 0x5A, 0xBC, 0x51, 0xD7, 0x39, 0x04, 0x5B, 0xE1, 0xA3,
    0x97, 0x59, 0x5E, 0x43, 0xB3, 0x9A, 0x8D, 0xB2, 0x65, 0x36, 0x1C, 0xAB, 0xDC, 0x28, 0x58, 0x63,
    0x8D, 0xE8, 0x75, 0x5B, 0x5A, 0xBE, 0x3F, 0x5C, 0xBB, 0x07, 0xD2, 0xE3, 0x8E, 0x6C, 0x18, 0xDC,
    0x95, 0xA1, 0xE6, 0xFF, 0x04, 0xFD, 0x09, 0xF2, 0x77, 0xE0, 0xDA, 0xFB, 0x70, 0xED, 0xD0, 0x7D,
    0xFF, 0x58, 0x7E, 0x1F, 0xE8, 0xA3, 0x6F, 0xFC, 0x8D, 0xB5, 0x46, 0x89, 0xCA, 0x8D, 0x17, 0x85,
    0xD7, 0x34, 0x4A, 0xA5, 0x72, 0x44, 0x85, 0xCE, 0xA0, 0x2D, 0x16, 0xDD, 0x83, 0xFB, 0xEF, 0xD8,
    0x25, 0xDB, 0x77, 0x2C, 0x86, 0xEB, 0x1F, 0xC0, 0xD9, 0xBB, 0xF2, 0xA8, 0xE7, 0x52, 0x72, 0x0E,
    0xBD, 0x37, 0x6C, 0x37, 0x1E, 0xC5, 0x2F, 0xE8, 0xA3, 0xAF, 0x0A, 0x83, 0x06, 0x7F, 0xFE, 0x02,
    0xF7, 0x88, 0x5F, 0xD0, 0xAC, 0xF8, 0xCE, 0xC5, 0xE6, 0xE6, 0xF2, 0x93, 0xDF, 0xB5, 0xEF, 0x71,
    0x0B, 0xE6, 0xFB, 0x2E, 0x35, 0x9D, 0x3B, 0x74, 0xCB, 0xFF, 0xC0, 0x68, 0xC1, 0xFD, 0x93, 0x62,
    0xD8, 0x46, 0x5B, 0x4C, 0x51, 0x07, 0x90, 0xD3, 0xA1, 0x6F, 0x86, 0xED, 0x8F, 0xDA, 0x01, 0x35,
    0xA4, 0x8A, 0xDD, 0x78, 0x89, 0xDD, 0x6C, 0x6C, 0xDF, 0x69, 0x35, 0xEE, 0xBD, 0xF0, 0x35, 0x8D,
    0x9D, 0xE1, 0x08, 0x35, 0xE6, 0x93, 0xB0, 0x6E, 0xF6, 0x45, 0x64, 0x49, 0xBC, 0xB6, 0xCA, 0xF8,
    0x95, 0x99, 0xE0, 0x0C, 0x8A, 0x5C, 0xB3, 0xBC, 0x51, 0x17, 0xE5, 0xBA, 0x43, 0x3B, 0xC7, 0xD1,
    0x27, 0x20, 0x3F, 0xFD, 0x39, 0x9B, 0xB2, 0xC7, 0x56, 0x3A, 0x74, 0x13, 0xEF, 0x53, 0xB1, 0x07,
    0x80, 0x92, 0x6F, 0x70, 0x89, 0x88, 0x49, 0xB0, 0xFA, 0x87, 0x9E, 0xA8, 0x5F, 0x6D, 0xAB, 0x54,
    0xC8, 0x3F, 0x11, 0x05, 0x23, 0xF1, 0x7B, 0x14, 0xEC, 0x22, 0x1C, 0xFA, 0x7D, 0x18, 0xBF, 0xDA,
    0x08, 0x47, 0xDA, 0xB3, 0x5B, 0x7B, 0x7C, 0x9C, 0xC3, 0xBD, 0x05, 0x55, 0xD7, 0xB1, 0x4E, 0xE2,
    0x7C, 0x7C, 0xDC, 0xED, 0x1F, 0xEF, 0x05, 0xE0, 0x3D, 0x59, 0x0C, 0x4B, 0x51, 0x4C, 0x18, 0xEC,
    0x11, 0x43, 0x7C, 0x7C, 0x6D, 0x53, 0x14, 0xA6, 0x1C, 0xE1, 0xF4, 0xF8, 0x5B, 0xD3, 0x0C, 0xE6,
    0x8D, 0xB2, 0x6E, 0x18, 0x25, 0xCD, 0x30, 0xAA, 0xEB, 0x86, 0x51, 0xD6, 0x4E, 0xCF, 0xE3, 0x3A,
    0xDF, 0xC7, 0x2F, 0x21, 0x46, 0x41, 0x46, 0x8D, 0x65, 0x28, 0x4D, 0x8E, 0xCF, 0xD2, 0x96, 0x51,
    0x87, 0xD6, 0x60, 0x84, 0xEA, 0x9B, 0x19, 0xE8, 0xAF, 0x16, 0x84, 0x99, 0x38, 0xBC, 0x0B, 0x87,
    0xC6, 0x1D, 0x4E, 0x86, 0xAC, 0x2F, 0x2F, 0xF6, 0xE8, 0x8C, 0xCF, 0x9B, 0xFC, 0x0D, 0x6D, 0x5C,
    0x20, 0x67, 0x84, 0x3F, 0xAB, 0x30, 0x3D, 0x4D, 0x55, 0xA9, 0x9D, 0xA7, 0x31, 0xC9, 0x96, 0xE8,
    0xFF, 0x03, 0x63, 0x60, 0x60, 0x60, 0xFF, 0xF0, 0x87, 0x9F, 0xE9, 0x00, 0x2F, 0x73, 0x03, 0x10,
    0xD5, 0xFF, 0xFF, 0x21, 0x0B, 0x66, 0x60, 0x22, 0x06, 0xA0, 0xCA, 0xCF, 0x0E, 0x7C, 0xCC, 0x0E,
    0xBC, 0x0C, 0x0C, 0x40, 0x54, 0x7F, 0xD8, 0x41, 0x16, 0xC8, 0xC6, 0x86, 0x10, 0x2A, 0xC1, 0x08,
    0x87, 0xCA, 0x06, 0x5E, 0xA6, 0x0B, 0x0C, 0x0C, 0x60, 0xEB, 0x37, 0x00, 0xED, 0xDF, 0x00, 0xB2,
    0x02, 0x84, 0x81, 0x4E, 0xD8, 0x00, 0x74, 0x03, 0x88, 0x8F, 0x13, 0xA3, 0xE9, 0x03, 0x63, 0x22,
    0xF4, 0x55, 0x00, 0x00, 0x9D, 0x59, 0x6D, 0x8C, 0x24, 0x47, 0x79, 0x7E, 0xBB, 0x7B, 0x6F, 0xFA,
    0x76, 0xBA, 0xE7, 0x03, 0xC5, 0x1B, 0x56, 0xBE, 0xD9, 0x9D, 0x41, 0x5A, 0xA4, 0x21, 0x9A, 0xBB,
    0xED, 0x83, 0xC6, 0x99, 0x8B, 0x67, 0x3D, 0x15, 0x3B, 0xC2, 0x02, 0x0E, 0xB1, 0x82, 0x9B, 0xDC,
    0x8F, 0xC5, 0xBE, 0x89, 0x1C, 0x04, 0x52, 0xA4, 0x5C, 0x1F, 0x1E, 0x87, 0x25, 0xD8, 0x4C, 0xA3,
    0x7C, 0xC9, 0xC2, 0x21, 0x13, 0x59, 0x09, 0x42, 0x09, 0xD2, 0x70, 0xFE, 0x83, 0xF8, 0x43, 0x43,
    0xEC, 0x18, 0x47, 0xC7, 0x4D, 0x9D, 0xEF, 0xC7, 0x49, 0x44, 0x49, 0x3A, 0xFE, 0x08, 0xF9, 0x81,
    0xED, 0x26, 0xF8, 0x8C, 0x50, 0x2C, 0x18, 0xA4, 0x45, 0x8C, 0xA3, 0xD9, 0xE9, 0x3C, 0x6F, 0x75,
    0xCF, 0xEE, 0xCC, 0x7E, 0x90, 0x88, 0xAA, 0xF7, 0xED, 0xA9, 0xAE, 0xAE, 0xAE, 0xAE, 0x7A, 0xBF,
    0xDF, 0x1A, 0x0A, 0x82, 0xC0, 0xE3, 0xE2, 0x10, 0x79, 0x01, 0x75, 0x82, 0x4E, 0xE0, 0xA1, 0xC3,
    0xF1, 0x2A, 0x45, 0xA2, 0x22, 0xF5, 0xDA, 0xD4, 0xEB, 0x91, 0xEC, 0x35, 0xE3, 0x98, 0xA4, 0x64,
    0xF0, 0xA5, 0xE6, 0xCB, 0x66, 0x3C, 0xD1, 0x7F, 0xDB, 0xD7, 0xEF, 0x15, 0x86, 0x2E, 0x0C, 0x83,
    0xB8, 0x38, 0x0C, 0xFA, 0x84, 0x0A, 0x5B, 0xB2, 0x46, 0x7E, 0x8D, 0x68, 0x85, 0xC8, 0x0A, 0x49,
    0xDB, 0x25, 0x2A, 0x4B, 0xD2, 0x42, 0xA2, 0xA8, 0x48, 0xD1, 0x86, 0x1E, 0x5A, 0xB1, 0x20, 0x4F,
    0x8D, 0xAF, 0x50, 0x59, 0xD8, 0xE4, 0x84, 0x6B, 0xD4, 0x6F, 0x3B, 0xD4, 0xF3, 0x7A, 0x40, 0x49,
    0xFD, 0xAB, 0x1F, 0xF4, 0x9D, 0x17, 0xAB, 0x41, 0xF9, 0xFD, 0x8E, 0x43, 0xB6, 0xE3, 0x92, 0x0B,
    0xF4, 0xD0, 0x96, 0x55, 0x4F, 0xF3, 0x2D, 0x89, 0x6F, 0x19, 0x3B, 0x94, 0x2F, 0x91, 0x9D, 0x23,
    0xDB, 0xA6, 0x7C, 0x9D, 0xCC, 0x90, 0x2C, 0xE9, 0x6E, 0x0C, 0x1D, 0xAF, 0x11, 0xF4, 0xCB, 0x61,
    0x60, 0xCA, 0xED, 0xF2, 0x4E, 0x79, 0x54, 0xC7, 0x48, 0xDE, 0x9C, 0x53, 0xD4, 0x84, 0x41, 0x39,
    0x2A, 0x91, 0x8B, 0xAF, 0x7A, 0x69, 0x75, 0x70, 0x57, 0x42, 0xAF, 0x49, 0xBA, 0x5F, 0xA1, 0x1A,
    0xE5, 0xC9, 0x20, 0x43, 0x68, 0x52, 0xC3, 0x2E, 0x49, 0xF2, 0xAF, 0x81, 0xB7, 0xB2, 0x18, 0x83,
    0x95, 0xDA, 0xB4, 0x87, 0xAE, 0x6D, 0x91, 0x75, 0x7E, 0x9B, 0xB4, 0x18, 0x2B, 0xE9, 0x12, 0xE9,
    0x3F, 0x09, 0x69, 0xD5, 0x6E, 0x50, 0xC5, 0xCE, 0xEC, 0x8F, 0x3B, 0x49, 0x73, 0xEF, 0xCC, 0xE2,
    0x20, 0xC6, 0xFE, 0x4B, 0xC7, 0x3C, 0x47, 0x69, 0x6C, 0xE4, 0xEC, 0x6A, 0x3F, 0x19, 0x86, 0x72,
    0x47, 0xA3, 0x81, 0xAB, 0xC6, 0xCD, 0x0C, 0x5F, 0x96, 0xF9, 0xD2, 0xE6, 0x2E, 0xFF, 0x57, 0xE8,
    0xAA, 0xF0, 0x45, 0x7F, 0x8B, 0xAC, 0x2D, 0x51, 0xD2, 0x65, 0x9D, 0x42, 0x97, 0x22, 0x97, 0xFA,
    0x2E, 0x05, 0x68, 0xD4, 0x29, 0x6A, 0x50, 0x88, 0x7E, 0x3C, 0xC5, 0x98, 0x4C, 0x48, 0x4D, 0x70,
    0xED, 0x78, 0x58, 0xBA, 0x4D, 0x71, 0x2C, 0xF5, 0x5D, 0x5A, 0xDD, 0x12, 0x75, 0x1D, 0x3C, 0x96,
    0x84, 0xAB, 0x21, 0xC9, 0x14, 0xA0, 0x26, 0x61, 0xDD, 0x43, 0xBE, 0x2B, 0xB7, 0x44, 0x33, 0x1E,
    0xAA, 0x61, 0xFE, 0xDA, 0xDE, 0xB0, 0xB2, 0x20, 0x48, 0x86, 0xE9, 0x2B, 0xC9, 0x08, 0x1D, 0x2D,
    0x3C, 0xB3, 0xE5, 0x9B, 0xE8, 0x29, 0x08, 0x5A, 0x17, 0xF4, 0x69, 0x41, 0x3F, 0x14, 0xFA, 0x4D,
    0x61, 0x1A, 0x22, 0x67, 0x88, 0x86, 0x21, 0xBA, 0xF1, 0x90, 0xA7, 0x35, 0x52, 0x28, 0xC4, 0x32,
    0xD7, 0x12, 0xA0, 0x62, 0x02, 0xE5, 0x09, 0x2D, 0x9A, 0x89, 0x90, 0x31, 0x54, 0x74, 0x79, 0xCF,
    0x96, 0xC0, 0x6C, 0xD8, 0x45, 0x19, 0x6B, 0x23, 0x96, 0xB7, 0x80, 0xE8, 0xBF, 0x46, 0xB4, 0x5B,
    0xA6, 0xA1, 0x21, 0x22, 0xC3, 0x0F, 0x0C, 0xDF, 0x35, 0xC4, 0x99, 0x4B, 0x64, 0x8E, 0xB0, 0x0B,
    0xBF, 0x75, 0x51, 0xAD, 0x19, 0x73, 0xB9, 0x6A, 0x74, 0xB4, 0xBF, 0x1B, 0xC3, 0x4F, 0x01, 0x5B,
    0x28, 0xDC, 0xEF, 0x97, 0x34, 0xC8, 0xB7, 0x5C, 0xD1, 0xA4, 0xF9, 0xA4, 0x30, 0x27, 0xB4, 0x62,
    0xA5, 0x64, 0x04, 0xF5, 0x56, 0x4D, 0x09, 0x05, 0xD0, 0x47, 0x94, 0xDF, 0x12, 0x35, 0x5D, 0xBA,
    0xDC, 0x1F, 0xD6, 0xB5, 0x68, 0x75, 0x2B, 0x32, 0x47, 0x11, 0xAF, 0x8D, 0x67, 0xF4, 0x4F, 0x5F,
    0x22, 0x6B, 0x44, 0xC1, 0x4E, 0x31, 0x61, 0x38, 0x1A, 0xB5, 0x8D, 0x05, 0x6E, 0x2D, 0x9C, 0x29,
    0x67, 0xF2, 0x35, 0x8F, 0x9B, 0x3D, 0x28, 0x0F, 0x58, 0xF7, 0x28, 0xB1, 0x70, 0xD3, 0x63, 0xC9,
    0xCF, 0x3D, 0xA4, 0x28, 0x46, 0xB4, 0x4D, 0xC9, 0x63, 0xFA, 0xF6, 0xB4, 0xD1, 0xE3, 0x97, 0xA6,
    0x32, 0x33, 0x2D, 0xD3, 0xFB, 0x35, 0x20, 0xE8, 0x4D, 0xDA, 0xCE, 0x6C, 0x63, 0x95, 0x15, 0x29,
    0x54, 0x1D, 0x7C, 0xBF, 0xFF, 0xA3, 0xC6, 0xF3, 0xC8, 0x31, 0x6D, 0x97, 0xA9, 0x68, 0xE2, 0xA3,
    0xE0, 0x8B, 0x62, 0x68, 0x90, 0x92, 0x25, 0x29, 0x09, 0x7D, 0xD4, 0xD0, 0x11, 0xD1, 0xCE, 0x29,
    0xEC, 0x4D, 0x97, 0xA0, 0x62, 0x08, 0x32, 0x7A, 0xAE, 0xF5, 0xBA, 0xE3, 0xD5, 0x3D, 0xA7, 0x1D,
    0x38, 0x4E, 0x3F, 0x6C, 0x03, 0xFB, 0x5E, 0xFF, 0xAB, 0x3F, 0x93, 0xDE, 0x3D, 0xEB, 0x4C, 0x63,
    0x68, 0x1C, 0x31, 0xC5, 0xB1, 0x84, 0x0E, 0xF4, 0x08, 0xEB, 0xD8, 0x20, 0xFA, 0x1C, 0xD1, 0xB3,
    0x44, 0x2F, 0x0A, 0xED, 0x79, 0xA9, 0xDF, 0x80, 0xFE, 0x45, 0xA6, 0x08, 0x0A, 0xF1, 0x4E, 0x8E,
    0xEA, 0x25, 0xAA, 0xD5, 0x69, 0xC5, 0xA5, 0x7C, 0x3C, 0xA2, 0xE8, 0x12, 0x33, 0x50, 0x81, 0x88,
    0xCA, 0x14, 0xEF, 0x52, 0x64, 0xCA, 0x88, 0xC2, 0x88, 0xA2, 0x48, 0x0B, 0xA3, 0x53, 0x12, 0x3D,
    0x34, 0xF0, 0xAD, 0x37, 0x86, 0xAB, 0x54, 0xC4, 0xA2, 0x3B, 0x53, 0xFE, 0x7B, 0xAA, 0xDD, 0xE0,
    0xAD, 0x57, 0xAC, 0x37, 0x76, 0x30, 0xA6, 0x3B, 0xA2, 0x47, 0x2E, 0xFB, 0x9E, 0x16, 0x79, 0x14,
    0x78, 0xE4, 0x7A, 0x54, 0x9F, 0x82, 0xCB, 0x3D, 0x5A, 0x88, 0xA7, 0x18, 0xD3, 0x8D, 0xFD, 0x47,
    0x5A, 0xFC, 0x7A, 0x02, 0x8F, 0x5C, 0xA0, 0xEE, 0xEE, 0xFE, 0x2D, 0xF7, 0xB4, 0x20, 0xA1, 0xB0,
    0x8A, 0xF2, 0x5C, 0x4B, 0xB8, 0x4A, 0x86, 0x00, 0xE7, 0x2E, 0x50, 0x33, 0xA6, 0xBD, 0xDB, 0x3D,
    0xA0, 0xCB, 0x91, 0xF1, 0xE3, 0x6B, 0x05, 0xB1, 0xB0, 0xA2, 0xA8, 0x00, 0xF1, 0xAC, 0x1B, 0xBB,
    0x75, 0xED, 0x81, 0x1A, 0xE5, 0x56, 0x28, 0x67, 0x41, 0xE2, 0x7F, 0xFC, 0x1D, 0x8C, 0x09, 0xC8,
    0x9D, 0x85, 0x67, 0x5A, 0x9D, 0x41, 0xBC, 0x73, 0xA0, 0x13, 0x00, 0xE1, 0xFD, 0xDD, 0x97, 0x99,
    0x2D, 0xC7, 0x01, 0x9E, 0x62, 0x0C, 0x68, 0x7D, 0xA8, 0x6E, 0xAE, 0x7C, 0xE6, 0x5A, 0x39, 0x8A,
    0x74, 0x19, 0x59, 0x14, 0x9D, 0xA6, 0xA8, 0x43, 0x3F, 0x88, 0xE8, 0x47, 0x21, 0xC5, 0x01, 0x8D,
    0xEB, 0x34, 0x5C, 0x21, 0xEE, 0x07, 0x99, 0x41, 0x54, 0x1A, 0x82, 0xBA, 0x47, 0xD4, 0xDB, 0xAD,
    0x38, 0xDE, 0x86, 0x70, 0x3C, 0x4A, 0x65, 0x48, 0xE9, 0xDD, 0xF4, 0x59, 0xFA, 0x4D, 0x7A, 0x18,
    0x4C, 0x7C, 0xD8, 0xFF, 0x1E, 0x5D, 0xB9, 0x71, 0x8B, 0xBC, 0x17, 0xFE, 0x82, 0xBC, 0x7F, 0x30,
    0xC9, 0xBB, 0x1B, 0xB8, 0x01, 0x2C, 0x01, 0x21, 0x4F, 0x4F, 0x93, 0x73, 0x8D, 0x9C, 0xEB, 0xE4,
    0x3C, 0x4B, 0xCE, 0xB7, 0xA4, 0x13, 0x84, 0x4E, 0xE0, 0x39, 0x41, 0xC3, 0x09, 0x72, 0x4E, 0x60,
    0x39, 0x81, 0x11, 0x04, 0xDA, 0x30, 0xA0, 0x40, 0x1B, 0xF8, 0xC4, 0x9C, 0x5A, 0x05, 0xD7, 0x1A,
    0x58, 0x72, 0x87, 0x2C, 0xF5, 0x7A, 0x40, 0xC9, 0x34, 0x7C, 0xCF, 0xFD, 0xFC, 0x9C, 0xC7, 0xF1,
    0xF8, 0xF8, 0x2D, 0xFA, 0xF9, 0x96, 0xE0, 0x5D, 0x69, 0x0A, 0x74, 0x39, 0xBC, 0x24, 0x58, 0x6C,
    0x68, 0x0E, 0xFE, 0x3F, 0x53, 0xD7, 0xD1, 0xBF, 0x02, 0x1E, 0x59, 0x7F, 0x9D, 0x4C, 0xAD, 0x04,
    0xD6, 0xBC, 0xCD, 0xAA, 0x25, 0x20, 0x64, 0x3F, 0xDF, 0xF2, 0xD3, 0xCF, 0xE0, 0x6A, 0xFA, 0xE8,
    0x19, 0x76, 0xD8, 0x86, 0x46, 0xF9, 0x84, 0x72, 0x78, 0x14, 0xB2, 0x47, 0xFC, 0xBB, 0xB0, 0x46,
    0xA2, 0xA6, 0x34, 0xCE, 0xC2, 0x97, 0x07, 0xCA, 0x31, 0xC2, 0x38, 0x42, 0x49, 0x28, 0x58, 0xFF,
    0x52, 0x98, 0x99, 0x80, 0x43, 0x3B, 0xAD, 0x67, 0x36, 0xE7, 0x64, 0xEA, 0x28, 0x38, 0xCC, 0xFE,
    0x04, 0xE0, 0xD0, 0xF0, 0x10, 0x5F, 0x2E, 0x6F, 0xB1, 0x09, 0xC2, 0xBA, 0x6B, 0x54, 0xCA, 0x51,
    0x2D, 0x4F, 0x75, 0xEC, 0xCA, 0x10, 0xB0, 0x76, 0xA1, 0x76, 0x43, 0xD2, 0x0B, 0x12, 0x76, 0x95,
    0x3E, 0x4D, 0xD4, 0x24, 0x3A, 0x4D, 0x1E, 0x8C, 0x18, 0xB9, 0x46, 0x88, 0x8D, 0x1A, 0x41, 0x9E,
    0x6A, 0xA6, 0x07, 0x27, 0x99, 0x75, 0xE1, 0x15, 0x73, 0x75, 0x38, 0x44, 0x1B, 0x2A, 0x97, 0x2D,
    0x95, 0x5C, 0xB2, 0xAA, 0x39, 0x87, 0x4C, 0x37, 0xEB, 0x91, 0x11, 0x98, 0x7D, 0x32, 0x86, 0x46,
    0x44, 0x7A, 0x04, 0xDB, 0x01, 0x21, 0xA9, 0x69, 0x32, 0x6F, 0xF8, 0xE6, 0x07, 0x49, 0xFF, 0x17,
    0xA2, 0x31, 0xAC, 0x00, 0x69, 0x63, 0x32, 0xBE, 0x48, 0x96, 0x49, 0x39, 0x43, 0x36, 0xB4, 0x50,
    0x69, 0x56, 0x00, 0xEB, 0x08, 0xC7, 0x52, 0x30, 0x04, 0x46, 0x1A, 0xC9, 0xC8, 0xA7, 0x0F, 0x6E,
    0x0E, 0x5E, 0x62, 0xA9, 0x15, 0x29, 0x07, 0x42, 0xA9, 0x03, 0x09, 0xD8, 0xA6, 0xA3, 0xC3, 0x52,
    0xE1, 0xC4, 0x46, 0x6B, 0x13, 0x7E, 0xA0, 0x29, 0x1D, 0xFA, 0x65, 0xB5, 0x99, 0x98, 0x24, 0xE5,
    0xEA, 0x4E, 0x2A, 0x33, 0xA5, 0xEE, 0xFD, 0x5F, 0xBD, 0xF3, 0x37, 0xC4, 0xAF, 0xAB, 0x80, 0xE0,
    0xE8, 0xDA, 0x95, 0x1A, 0xE5, 0xE4, 0x5A, 0xFB, 0xEB, 0x28, 0xE2, 0x0E, 0xAC, 0xD3, 0x64, 0xF3,
    0x7E, 0xEE, 0x41, 0x65, 0x36, 0xB7, 0xC4, 0xA9, 0x2F, 0x89, 0x0E, 0x18, 0x60, 0x8A, 0xE7, 0x2E,
    0x8B, 0xF5, 0x27, 0xC5, 0xAC, 0x08, 0xC2, 0x1F, 0x4D, 0x2E, 0xC1, 0x1F, 0x29, 0xF9, 0x51, 0x30,
    0x34, 0xFC, 0xDD, 0x4B, 0xF4, 0xBD, 0xD1, 0xBE, 0xE7, 0x0A, 0xA6, 0x00, 0x9B, 0x7F, 0xE6, 0xA2,
    0x9F, 0x81, 0x69, 0x9B, 0xF1, 0xC1, 0xFA, 0x5B, 0x61, 0x79, 0x2B, 0x6C, 0x28, 0x47, 0xE3, 0x11,
    0x2C, 0x69, 0x08, 0x67, 0x84, 0x1E, 0x73, 0x14, 0x6A, 0x10, 0xBC, 0xFB, 0xE1, 0xAA, 0xE0, 0x98,
    0x02, 0x50, 0xB6, 0xAE, 0x6C, 0x4D, 0xA1, 0xD5, 0xD3, 0x12, 0x9F, 0xD0, 0x0D, 0xB5, 0x48, 0xE8,
    0xCA, 0x98, 0xC3, 0xBA, 0x81, 0xC4, 0xBA, 0x7F, 0x14, 0xC4, 0x3B, 0x79, 0x0B, 0xA1, 0x82, 0x0F,
    0xC8, 0x9B, 0xC2, 0xDA, 0x65, 0x0F, 0xB9, 0x22, 0xA8, 0x10, 0x47, 0x55, 0x8E, 0x19, 0xBC, 0x0D,
    0x2D, 0xB4, 0x26, 0xFB, 0x8B, 0x04, 0x7C, 0x6B, 0x4C, 0xD7, 0x2F, 0x11, 0xF6, 0x1B, 0x18, 0x07,
    0xC1, 0x63, 0x96, 0x4F, 0x0B, 0x08, 0x75, 0x5A, 0x91, 0xBB, 0x74, 0x44, 0xAD, 0xBD, 0x73, 0x7B,
    0x1D, 0x04, 0x9A, 0xB7, 0x9C, 0xA6, 0x70, 0x57, 0xC8, 0xED, 0xD0, 0x7B, 0x43, 0xBA, 0x7B, 0x48,
    0x1B, 0x75, 0xAA, 0xE3, 0xD6, 0x82, 0x00, 0xCB, 0x4D, 0x7C, 0xF8, 0xA8, 0xFA, 0x99, 0xCD, 0x72,
    0x78, 0x75, 0x54, 0x0E, 0xAF, 0xFF, 0xE1, 0x33, 0xC3, 0xC0, 0x12, 0x9D, 0x00, 0xE2, 0x7E, 0x14,
    0x5E, 0x3D, 0x7E, 0xCD, 0xEC, 0xF4, 0xB7, 0x64, 0x83, 0xC3, 0x24, 0x96, 0x63, 0x57, 0x69, 0x19,
    0x7A, 0xD0, 0xFF, 0x42, 0xCA, 0x3E, 0x7F, 0x8E, 0x7D, 0x97, 0xE9, 0x47, 0xF3, 0xB6, 0x46, 0x1F,
    0x1D, 0xC1, 0xA3, 0x55, 0xC5, 0xA3, 0x59, 0x56, 0x06, 0xD7, 0x9F, 0xFD, 0xF2, 0x35, 0x28, 0xC5,
    0xFE, 0xEA, 0x59, 0x8A, 0xEE, 0x64, 0xD5, 0x80, 0xDF, 0xCF, 0xC0, 0xC1, 0x96, 0xE1, 0x2C, 0xC5,
    0x73, 0xA7, 0xE8, 0xD4, 0x88, 0x05, 0x35, 0x71, 0xCB, 0xB0, 0xEC, 0x96, 0x48, 0xDB, 0x29, 0x20,
    0x3E, 0x7A, 0x59, 0xC0, 0xB7, 0x21, 0xCE, 0x39, 0x00, 0x20, 0xC1, 0x63, 0x9F, 0x15, 0xE5, 0x27,
    0xE1, 0xA2, 0xFA, 0x35, 0x0A, 0x73, 0xBA, 0x52, 0x5D, 0x93, 0x8C, 0x0F, 0x28, 0xED, 0x7D, 0x93,
    0x75, 0x12, 0x63, 0x1C, 0xAF, 0xE0, 0x07, 0xF5, 0x9C, 0x8C, 0x6A, 0xCB, 0x32, 0x2C, 0xB9, 0x3F,
    0x90, 0x39, 0xE7, 0x53, 0xBE, 0xD5, 0x7E, 0x8F, 0x30, 0xC3, 0x26, 0x94, 0x71, 0x95, 0x56, 0x10,
    0x22, 0x22, 0x38, 0xFE, 0xE2, 0x54, 0xE1, 0xDF, 0x24, 0xE3, 0xC3, 0x84, 0xA9, 0x6A, 0x1A, 0xF6,
    0x18, 0xF0, 0xCC, 0x1A, 0x06, 0xF8, 0x26, 0x02, 0xEA, 0x2F, 0x90, 0x96, 0x68, 0xFB, 0x76, 0x1A,
    0x56, 0x65, 0x24, 0x9D, 0x81, 0xF9, 0x81, 0x10, 0xAE, 0xA6, 0x1A, 0xAE, 0xAB, 0x80, 0x71, 0x45,
    0x39, 0xC2, 0x98, 0x45, 0x31, 0x8B, 0xA8, 0x9C, 0xEB, 0x22, 0xD0, 0xC6, 0x8B, 0x36, 0x5A, 0x8B,
    0x69, 0x5F, 0x16, 0x0B, 0xA8, 0x1C, 0x28, 0xC5, 0x6D, 0xF5, 0x60, 0x31, 0xAD, 0xA6, 0x30, 0xFC,
    0xE9, 0x1D, 0x4F, 0xF5, 0x28, 0x47, 0x64, 0x54, 0xB8, 0x2C, 0xB2, 0x0D, 0x3D, 0x84, 0x21, 0x7B,
    0x0E, 0x41, 0xD3, 0xA9, 0x50, 0x3F, 0x99, 0x75, 0xEC, 0xFE, 0x9A, 0x3C, 0xEB, 0xBF, 0x5B, 0x3C,
    0x44, 0x49, 0x7D, 0xB7, 0x38, 0xEB, 0xAF, 0x49, 0xBB, 0xB7, 0xE8, 0x18, 0xCB, 0xEF, 0xF0, 0xAB,
    0xA1, 0xED, 0x65, 0x5C, 0x63, 0x59, 0x3F, 0xAF, 0x9D, 0xD7, 0x9E, 0xE0, 0xAA, 0x9F, 0x37, 0x96,
    0xCD, 0xB5, 0x9C, 0xB3, 0x1C, 0x9E, 0xF5, 0xCB, 0xBE, 0xD3, 0x6B, 0xB7, 0x9D, 0x5E, 0xD9, 0xEF,
    0x0E, 0x3D, 0x84, 0xDA, 0x87, 0x2B, 0xC0, 0x3B, 0x5C, 0xBB, 0xC3, 0x22, 0xB6, 0x54, 0x46, 0x1C,
    0xA7, 0xF9, 0xB5, 0x8D, 0x2A, 0xBC, 0xC1, 0x70, 0xC9, 0x53, 0x76, 0x0B, 0x8F, 0xF0, 0x4A, 0x48,
    0x52, 0xF7, 0x4D, 0x90, 0x23, 0x09, 0xC2, 0xD0, 0xE7, 0x9C, 0xE8, 0x65, 0x64, 0x46, 0xF0, 0x76,
    0xEC, 0x24, 0x1B, 0x61, 0x13, 0x85, 0xE8, 0xC8, 0xA2, 0x75, 0x78, 0xDA, 0xFB, 0x38, 0x6F, 0x41,
    0xD5, 0x91, 0x24, 0x64, 0x50, 0xBB, 0xC3, 0xB6, 0xD7, 0x46, 0x41, 0x48, 0x88, 0x4C, 0x0D, 0x56,
    0x38, 0x99, 0x27, 0xCA, 0xD0, 0x7E, 0xC5, 0x37, 0x37, 0x35, 0xD2, 0x85, 0x2E, 0xBA, 0x10, 0x0B,
    0x53, 0x14, 0xC4, 0xAA, 0xB8, 0x4B, 0x5C, 0xC5, 0xBD, 0x85, 0xEF, 0xAE, 0x15, 0xEF, 0x1C, 0x5E,
    0x6F, 0x7F, 0xAC, 0x67, 0x4B, 0x5B, 0x7D, 0x35, 0xA3, 0xD2, 0x8F, 0xA6, 0xCA, 0x8B, 0xD2, 0xDC,
    0xC8, 0x1F, 0x0C, 0x79, 0x56, 0xE4, 0x07, 0x3D, 0xAE, 0xFB, 0xBF, 0x4B, 0x2A, 0x10, 0xB5, 0x2B,
    0x8F, 0x3B, 0x7F, 0xC3, 0x6B, 0x50, 0xBB, 0x31, 0xD2, 0xDD, 0x34, 0x27, 0xEF, 0x6C, 0x81, 0xC5,
    0xA3, 0xD6, 0x27, 0xC9, 0xC9, 0x78, 0x99, 0x30, 0xAB, 0xD8, 0xC4, 0x3C, 0xAE, 0x42, 0xBF, 0xDB,
    0x89, 0xC1, 0xE5, 0x24, 0xAD, 0x0F, 0xF9, 0x92, 0x0D, 0x59, 0xD9, 0xFB, 0x22, 0xAA, 0x48, 0x56,
    0x1E, 0xEF, 0xBC, 0xDC, 0x91, 0xAE, 0x74, 0xA4, 0x23, 0x1C, 0xA6, 0x16, 0x67, 0x69, 0x65, 0x65,
    0xA7, 0x97, 0x2E, 0x34, 0x77, 0x35, 0x7F, 0xBE, 0x76, 0x27, 0x4B, 0x2D, 0x24, 0xB1, 0xA0, 0xEE,
    0xD2, 0x23, 0x08, 0xC5, 0x02, 0x1A, 0x6A, 0x81, 0xE1, 0x99, 0x4E, 0xCE, 0xA9, 0x39, 0x15, 0x50,
    0x5C, 0x8B, 0x34, 0xE2, 0x2C, 0xEF, 0xD7, 0x7E, 0xA7, 0xBB, 0x6B, 0xE4, 0x0C, 0xDB, 0xB0, 0x33,
    0x76, 0xD6, 0xCE, 0xD9, 0xB6, 0x5D, 0x2F, 0x79, 0xA3, 0x62, 0x91, 0x33, 0x42, 0xFD, 0x6B, 0xA7,
    0x5E, 0xFF, 0x2D, 0x9E, 0xED, 0x71, 0x7D, 0xB7, 0x29, 0x8B, 0x7B, 0xEB, 0xD1, 0x04, 0x76, 0x26,
    0x8C, 0x31, 0x8F, 0xAF, 0x95, 0xDC, 0xAA, 0x4A, 0x2D, 0x11, 0x0B, 0x18, 0x7E, 0x21, 0xF1, 0x1B,
    0x4A, 0x24, 0x73, 0x17, 0x0A, 0x93, 0xE5, 0xB6, 0xDB, 0xF7, 0x7A, 0xC5, 0x1E, 0x53, 0x43, 0x53,
    0x7C, 0x5B, 0xC4, 0xD3, 0xD6, 0x26, 0x68, 0x78, 0xC0, 0x77, 0xC5, 0xC3, 0x96, 0x47, 0xC5, 0x85,
    0xA2, 0xED, 0x70, 0xED, 0x4E, 0x56, 0x3A, 0x49, 0x6B, 0x81, 0xF7, 0xDA, 0x07, 0xCF, 0x7D, 0x1D,
    0x73, 0x5B, 0xE0, 0x1C, 0xF2, 0x67, 0xAD, 0x96, 0x3D, 0x69, 0x4F, 0xE9, 0x55, 0xE0, 0xF8, 0x42,
    0xC5, 0xEC, 0x27, 0x3E, 0x09, 0x62, 0xF3, 0x6C, 0x7D, 0xB8, 0x87, 0xA1, 0xD1, 0xC9, 0xD6, 0x4A,
    0x39, 0x37, 0x8B, 0xE4, 0x22, 0x51, 0x89, 0x93, 0xD9, 0xDD, 0xF5, 0xBF, 0xFF, 0xCE, 0xF2, 0xA2,
    0xBB, 0xE8, 0xA5, 0x2A, 0xB2, 0x60, 0x8E, 0x49, 0x54, 0x16, 0xDD, 0x5C, 0xD5, 0x2E, 0xD9, 0x76,
    0x89, 0x92, 0x9D, 0x80, 0xB2, 0xA6, 0xC8, 0xAA, 0x39, 0xB1, 0x53, 0x01, 0x29, 0x19, 0x2F, 0x82,
    0x2E, 0xE7, 0x96, 0x1F, 0xFE, 0xFD, 0xB7, 0x0D, 0x41, 0xC9, 0x91, 0xF6, 0x12, 0xD2, 0x30, 0x95,
    0xC8, 0x72, 0x42, 0xB2, 0x1E, 0x25, 0x79, 0xF3, 0xD2, 0x4B, 0xDD, 0x09, 0xCB, 0x07, 0xD3, 0xC6,
    0x84, 0x13, 0x3F, 0x09, 0xC9, 0x7C, 0x28, 0xFB, 0xA9, 0x0F, 0x9D, 0x7D, 0xC2, 0xB1, 0x8B, 0x25,
    0xB5, 0xB2, 0x80, 0x42, 0xA6, 0x11, 0x67, 0x3C, 0x85, 0x11, 0xBF, 0x5C, 0x5C, 0x68, 0x4E, 0x12,
    0x57, 0xAA, 0x28, 0xAA, 0xDE, 0x22, 0x2C, 0x7F, 0x5A, 0xAF, 0xD1, 0x37, 0xC4, 0x55, 0xD9, 0x17,
    0xD3, 0x7B, 0x14, 0x31, 0xF7, 0x35, 0xF5, 0x66, 0xF2, 0xC5, 0x9C, 0x7A, 0xF7, 0xC4, 0x05, 0xE4,
    0x2E, 0x73, 0x65, 0xA9, 0xD5, 0x9C, 0xF0, 0xEF, 0xFA, 0x48, 0xD1, 0xC7, 0xB5, 0x1D, 0xCB, 0x43,
    0x14, 0xA3, 0x28, 0x94, 0x2F, 0x35, 0xD8, 0xDD, 0x43, 0xA7, 0x4E, 0xC8, 0xF5, 0x31, 0x12, 0x65,
    0xA6, 0xB6, 0x34, 0x64, 0xE1, 0xFB, 0xF5, 0xEF, 0x56, 0x9E, 0x4F, 0xF9, 0x4D, 0xA0, 0x4B, 0x35,
    0x3D, 0x40, 0xE8, 0x2B, 0xB9, 0x53, 0x5A, 0x5A, 0x57, 0xB3, 0x2F, 0x7A, 0x39, 0xC7, 0x76, 0x6D,
    0x10, 0x70, 0x19, 0x17, 0x77, 0xD1, 0xC9, 0x7A, 0x99, 0xCD, 0x0C, 0x4D, 0x4D, 0x41, 0xFF, 0x13,
    0xF2, 0x73, 0x88, 0x27, 0xA7, 0x86, 0xC1, 0x2B, 0x36, 0x87, 0x1A, 0xF3, 0x7F, 0x27, 0xE5, 0x3B,
    0xCF, 0x98, 0x4A, 0xC6, 0xE9, 0x54, 0xEF, 0x0D, 0x42, 0x1E, 0x20, 0x97, 0x43, 0xD7, 0xF3, 0x5C,
    0xD8, 0x6A, 0x1B, 0xC2, 0x64, 0x42, 0x0D, 0x05, 0xF2, 0x79, 0x7F, 0xE9, 0xA5, 0xE6, 0x2E, 0x56,
    0xEB, 0x2F, 0xFC, 0xE9, 0xF2, 0x13, 0x6B, 0x4F, 0x38, 0x8F, 0xB7, 0xFF, 0xBC, 0xF8, 0x79, 0xD8,
    0x0C, 0xB1, 0x74, 0xA1, 0x1B, 0x2B, 0x23, 0xB1, 0x8C, 0xFD, 0x79, 0x56, 0x68, 0xF0, 0x59, 0x46,
    0x88, 0xD9, 0xB1, 0xB9, 0x77, 0x51, 0x39, 0x64, 0xD2, 0x15, 0xE1, 0x4C, 0x90, 0x29, 0x43, 0x7E,
    0x36, 0x91, 0x6D, 0x21, 0xA9, 0xDC, 0x84, 0x83, 0x12, 0x6C, 0x3F, 0x4C, 0x68, 0x17, 0xCC, 0xA5,
    0xDA, 0x45, 0xC9, 0x6E, 0xEE, 0xFE, 0xF1, 0x07, 0xD0, 0x71, 0x07, 0xD3, 0x6A, 0xD9, 0xC9, 0x83,
    0x56, 0x5A, 0xA8, 0x0D, 0x8D, 0xA7, 0xCD, 0x52, 0x6E, 0xA1, 0x91, 0xD8, 0x20, 0x5A, 0x1F, 0x1B,
    0x22, 0xB1, 0x3D, 0xDD, 0xC9, 0xDB, 0x2F, 0x24, 0x2D, 0xE5, 0x30, 0x8B, 0x36, 0x16, 0x91, 0xBB,
    0xD3, 0x9A, 0x74, 0xCF, 0xFF, 0x81, 0x6D, 0x54, 0x0D, 0x47, 0xF5, 0x43, 0x5F, 0xB0, 0x1E, 0x3A,
    0xB1, 0x89, 0x64, 0xB1, 0xCA, 0xF3, 0xAA, 0xAA, 0x28, 0xD0, 0x8D, 0xA1, 0xA7, 0xFB, 0x96, 0xD0,
    0xE9, 0xEE, 0xB5, 0x54, 0x1F, 0xDB, 0x8E, 0x68, 0x49, 0x85, 0x2D, 0x4A, 0x43, 0xD8, 0xDE, 0xC2,
    0xBA, 0xE9, 0x88, 0x5E, 0xCF, 0xA8, 0x73, 0x8D, 0x76, 0xCF, 0x9B, 0xAD, 0x21, 0x73, 0xCC, 0xF0,
    0xAD, 0xE4, 0x18, 0x46, 0x1E, 0x84, 0x65, 0xC0, 0x4D, 0x5A, 0xFB, 0x2E, 0x39, 0xDF, 0x27, 0x67,
    0x87, 0xFA, 0x91, 0x12, 0xC2, 0x59, 0xDB, 0xBD, 0xD6, 0x76, 0xDA, 0xFD, 0xDF, 0x93, 0x9F, 0x10,
    0x8F, 0xA9, 0x38, 0x30, 0x1E, 0xDE, 0xF6, 0x7A, 0xCE, 0x7C, 0xE5, 0x3E, 0x81, 0x0C, 0x3E, 0xDE,
    0xB9, 0xDD, 0x09, 0x1D, 0xAE, 0xBD, 0x54, 0x49, 0x99, 0x15, 0xAB, 0xEA, 0xD3, 0x3D, 0xAC, 0xB4,
    0x5A, 0x3C, 0xB9, 0x36, 0x55, 0x28, 0x43, 0xE4, 0x91, 0xB1, 0xF7, 0xF0, 0xEC, 0x22, 0xBD, 0x07,
    0x14, 0x68, 0xB4, 0xEE, 0xFD, 0x78, 0x95, 0x37, 0x17, 0xEF, 0xD0, 0x11, 0x79, 0x22, 0xA7, 0x8A,
    0x64, 0x4D, 0x06, 0x9C, 0x4E, 0x1C, 0x86, 0x45, 0xC5, 0x03, 0x11, 0x4B, 0x4C, 0x3C, 0x85, 0x1B,
    0x91, 0x76, 0x33, 0xD0, 0xFE, 0xAD, 0xA6, 0xFD, 0x27, 0x6B, 0xAE, 0x38, 0xEA, 0xD8, 0x26, 0x62,
    0x27, 0xCB, 0x3B, 0xF6, 0xD6, 0xC7, 0x9E, 0x2E, 0x53, 0x30, 0xA4, 0x67, 0xF6, 0xAF, 0x3C, 0x50,
    0xEF, 0x3E, 0xAD, 0x4E, 0xA1, 0x34, 0x9F, 0x3B, 0x9B, 0x63, 0x0E, 0xCB, 0xAD, 0xC8, 0xB3, 0x5D,
    0xAF, 0x54, 0xF5, 0x3E, 0xE6, 0x76, 0xBF, 0xC0, 0x2F, 0xC6, 0x71, 0x18, 0x1D, 0x3D, 0x6D, 0xD8,
    0x7D, 0x6D, 0xEC, 0xE5, 0x09, 0x59, 0xC4, 0x2C, 0x5C, 0x79, 0x90, 0xD0, 0x3F, 0xBB, 0x47, 0xB4,
    0xF7, 0x76, 0xD8, 0x8C, 0x47, 0x83, 0xD7, 0xC6, 0x7C, 0x64, 0xA0, 0xA0, 0x1B, 0x96, 0x3C, 0x52,
    0xB0, 0x59, 0xEA, 0x46, 0x25, 0x7E, 0xF4, 0x8A, 0x9D, 0xC0, 0xE0, 0x15, 0x3B, 0xC8, 0x29, 0x78,
    0xC0, 0x1E, 0xFC, 0x94, 0xF5, 0x7B, 0x30, 0x7D, 0x44, 0xAF, 0x8D, 0x0F, 0x3F, 0xA5, 0x41, 0xC8,
    0x6B, 0xDB, 0xC7, 0x01, 0xD6, 0x8D, 0xB4, 0x92, 0x02, 0xA3, 0x43, 0xC1, 0xD6, 0x0A, 0x0D, 0xDE,
    0xCC, 0x24, 0xC7, 0x24, 0xF8, 0xC8, 0xAB, 0x94, 0x00, 0xDA, 0xC8, 0x84, 0x18, 0x1E, 0x44, 0x7B,
    0x17, 0xA0, 0xDD, 0xAA, 0xD2, 0x4D, 0x86, 0xC1, 0xCD, 0x6A, 0x60, 0x28, 0xB8, 0x58, 0x1D, 0xFC,
    0x74, 0xB7, 0x2B, 0xA5, 0x76, 0x23, 0xD4, 0x30, 0x00, 0x11, 0xF4, 0xCD, 0xA1, 0x97, 0xAF, 0x79,
    0x76, 0xC9, 0x7B, 0xB0, 0xDA, 0x7D, 0x31, 0x02, 0x25, 0x42, 0x3A, 0x02, 0x66, 0xFB, 0x15, 0x15,
    0xD3, 0x76, 0xA4, 0x6E, 0xBD, 0xAF, 0x94, 0xBC, 0x57, 0x18, 0x98, 0x8A, 0xAF, 0xA6, 0x6D, 0x34,
    0xF8, 0xB6, 0x07, 0x35, 0x0E, 0x13, 0xEC, 0x62, 0xB8, 0xC7, 0xF8, 0xEF, 0x43, 0xF2, 0x5E, 0xEC,
    0x90, 0xF7, 0xDF, 0x2B, 0xD4, 0x1D, 0x9B, 0x89, 0x99, 0x2B, 0x4E, 0xC9, 0x5A, 0x57, 0x67, 0x47,
    0xBB, 0xA4, 0xFF, 0xB3, 0x58, 0xD7, 0x5F, 0x77, 0xA9, 0xAA, 0xFB, 0x0E, 0x02, 0x7A, 0x97, 0xF8,
    0x58, 0xCA, 0x90, 0x1D, 0xA8, 0xFE, 0x98, 0x72, 0x57, 0xFE, 0x95, 0xEA, 0xEB, 0xF7, 0xF9, 0x45,
    0x08, 0x2B, 0xA7, 0x0B, 0x17, 0x91, 0x2E, 0x20, 0x53, 0xE3, 0x23, 0x57, 0x28, 0x26, 0xDA, 0x85,
    0xF7, 0x49, 0xF4, 0x33, 0xEB, 0xEA, 0x94, 0xC2, 0xA3, 0x4C, 0x25, 0xE3, 0x96, 0xBF, 0xAE, 0xED,
    0x20, 0x52, 0x68, 0xFE, 0x22, 0x46, 0xB4, 0x85, 0x19, 0xA7, 0x28, 0xB7, 0x91, 0xDB, 0x5E, 0xA3,
    0xDC, 0x37, 0x31, 0x73, 0xF3, 0x4F, 0xFC, 0xE2, 0x22, 0xA4, 0xB0, 0x92, 0x2E, 0x2A, 0x9D, 0x07,
    0x91, 0xE0, 0x35, 0xD2, 0x5E, 0x25, 0xEB, 0x3E, 0xB9, 0x41, 0xDF, 0x2E, 0xCE, 0x8B, 0x3F, 0xDA,
    0xEF, 0xBA, 0xB0, 0xAF, 0x01, 0x7B, 0xB2, 0x96, 0xC8, 0xD7, 0xAC, 0x08, 0x43, 0x70, 0xCC, 0xFB,
    0x7C, 0x43, 0x9F, 0x03, 0xF4, 0x74, 0xE3, 0xF1, 0xF4, 0x73, 0xA3, 0xF4, 0x98, 0x2A, 0x26, 0xEB,
    0x5E, 0x99, 0xA7, 0x10, 0x60, 0xDE, 0xCF, 0x3B, 0x2A, 0xCE, 0xC5, 0x64, 0xDD, 0xF0, 0x60, 0x94,
    0x86, 0x58, 0x44, 0x84, 0x33, 0x05, 0xAB, 0x08, 0xE7, 0x0B, 0x1F, 0xB8, 0x85, 0x69, 0x8D, 0x08,
    0x4A, 0x38, 0xF3, 0x9B, 0xD4, 0xDE, 0xCC, 0x1C, 0xD3, 0xF7, 0x23, 0xB4, 0xE6, 0xE6, 0x28, 0xCE,
    0xA6, 0x2B, 0xCD, 0xE1, 0xA1, 0x04, 0xA6, 0x4D, 0x9A, 0x76, 0x6B, 0xBF, 0x36, 0x6F, 0x69, 0x07,
    0x2A, 0x6C, 0xF4, 0xDE, 0x66, 0xD4, 0xFB, 0xDC, 0xE2, 0x99, 0xE6, 0x36, 0x73, 0xF0, 0xFD, 0xE6,
    0xC1, 0x39, 0x94, 0xCB, 0x11, 0xC7, 0x62, 0x33, 0x66, 0x16, 0x69, 0x87, 0x07, 0x15, 0x81, 0xAE,
    0xC2, 0x51, 0xFA, 0x9B, 0xE0, 0xB9, 0xA7, 0x44, 0x73, 0xF2, 0xD4, 0xC1, 0x89, 0x52, 0x5F, 0x7C,
    0xD5, 0x9F, 0x45, 0x4D, 0x5C, 0x85, 0xEF, 0x66, 0x1C, 0xA4, 0xBF, 0xC0, 0x3F, 0xBB, 0xEA, 0xC7,
    0x93, 0xF9, 0x71, 0x09, 0x6A, 0x22, 0x5D, 0xC7, 0x61, 0xF4, 0x0E, 0xE2, 0x47, 0x91, 0xD9, 0xFE,
    0xF0, 0x88, 0xB1, 0x7A, 0x7A, 0xEE, 0x5A, 0x3A, 0x16, 0xB1, 0x5F, 0x25, 0x3B, 0xEA, 0xD7, 0xF0,
    0x8F, 0xA7, 0xCD, 0x5E, 0x41, 0xAE, 0x7C, 0x14, 0x6A, 0x1F, 0xF1, 0x07, 0x31, 0xD6, 0x1D, 0xE9,
    0x29, 0xC6, 0x33, 0x6D, 0xE0, 0x26, 0x8F, 0x53, 0x67, 0xF4, 0x98, 0xEC, 0xAC, 0x3C, 0x12, 0x97,
    0xCE, 0xCA, 0xF8, 0x7F, 0xCE, 0xC2, 0xAD, 0x30, 0x5E, 0x91, 0xFA, 0x5F, 0xFD, 0x2C, 0x6D, 0x27,
    0xA8, 0x09, 0x1E, 0xF7, 0x36, 0xFF, 0x97, 0xAE, 0x83, 0x3E, 0x02, 0xBD, 0x78, 0xC3, 0x27, 0x57,
    0x3F, 0x1A, 0x8B, 0x6A, 0x9C, 0x50, 0x7C, 0x46, 0x02, 0x77, 0x2C, 0xA6, 0x25, 0x91, 0x87, 0xFF,
    0x43, 0x68, 0x18, 0xB5, 0x8F, 0x8A, 0x41, 0xFC, 0xD4, 0xB1, 0xCF, 0x0F, 0x2A, 0x55, 0x51, 0x9D,
    0x3D, 0xAF, 0x41, 0x63, 0xFD, 0xC2, 0xC7, 0xC3, 0xDA, 0x1A, 0xD5, 0x11, 0x26, 0xA8, 0x2B, 0x60,
    0x65, 0x8D, 0xAC, 0x7F, 0x8A, 0xB4, 0xEB, 0x22, 0x19, 0xC3, 0xE5, 0xBA, 0x30, 0xFF, 0x23, 0x2A,
    0x10, 0xE7, 0x38, 0x79, 0xE2, 0x43, 0x22, 0xE4, 0x95, 0xD3, 0xBF, 0x08, 0x38, 0x17, 0xCE, 0x51,
    0x72, 0xA8, 0xB4, 0x89, 0x05, 0x87, 0xC9, 0xC1, 0xC9, 0x1C, 0xF6, 0xD4, 0x99, 0x4D, 0x9A, 0x45,
    0x52, 0x31, 0x69, 0xB4, 0xA9, 0xE2, 0xF2, 0xB9, 0x56, 0x98, 0x26, 0xC7, 0x7F, 0xC9, 0x99, 0xF1,
    0x7A, 0xCC, 0x81, 0x54, 0x72, 0x4D, 0x41, 0x2D, 0xA2, 0x57, 0x33, 0xE1, 0xB5, 0x2C, 0x21, 0xED,
    0xFC, 0xE7, 0x65, 0xCE, 0xBE, 0xE1, 0xE7, 0xEC, 0xE7, 0x41, 0xEA, 0x78, 0x68, 0xAE, 0x3D, 0x49,
    0x86, 0xF3, 0x10, 0xF0, 0x8F, 0x48, 0xF7, 0xEE, 0x22, 0x3D, 0xDA, 0x20, 0x2D, 0x04, 0x09, 0xC5,
    0x02, 0xB5, 0x0F, 0x15, 0x64, 0x63, 0x1C, 0xBB, 0xD6, 0x69, 0x10, 0xD7, 0xD5, 0x3F, 0x51, 0x9A,
    0xFA, 0xDB, 0xA6, 0x20, 0xD6, 0xE5, 0x3F, 0x7A, 0xEF, 0x2B, 0xCE, 0xE6, 0x6E, 0xD3, 0xCA, 0x12,
    0x13, 0xA9, 0xBF, 0xD1, 0x4A, 0x78, 0x4B, 0x9D, 0x8F, 0xB9, 0xAA, 0x47, 0xA4, 0x89, 0xE0, 0xC1,
    0xFA, 0xB7, 0xCE, 0x5D, 0x51, 0x19, 0x41, 0x91, 0x86, 0x40, 0x2B, 0xDE, 0xAB, 0x59, 0x51, 0xD9,
    0xF4, 0x2B, 0x7E, 0xD1, 0xAF, 0x54, 0x36, 0xB3, 0xE2, 0x7F, 0x01,
};

static const EpdGlyph notosansjp_8_regularGlyphs[] = {
    { 0, 0, 60, 0, 0, 0, 0 }, // U+0020
    { 3, 13, 86, 1, 13, 10, 0 }, // !
    { 6, 5, 126, 1, 13, 8, 10 }, // "
    { 9, 13, 148, 0, 13, 30, 18 }, // #
    { 9, 17, 148, 0, 15, 39, 48 }, // $
    { 15, 13, 246, 0, 13, 49, 87 }, // %
    { 12, 13, 181, 0, 13, 39, 136 }, // &
    { 3, 5, 74, 1, 13, 4, 175 }, // '
    { 4, 17, 90, 1, 14, 17, 179 }, // (
    { 5, 17, 90, 0, 14, 22, 196 }, // )
    { 6, 6, 125, 1, 14, 9, 218 }, // *
    { 9, 9, 148, 0, 11, 21, 227 }, // +
    { 4, 7, 74, 0, 3, 7, 248 }, // ,
    { 6, 2, 93, 0, 6, 3, 255 }, // -
    { 3, 3, 74, 1, 3, 3, 258 }, // .
    { 7, 17, 105, 0, 14, 30, 261 }, // /
    { 9, 13, 148, 0, 13, 30, 291 }, // 0
    { 8, 13, 148, 1, 13, 26, 321 }, // 1
    { 9, 13, 148, 0, 13, 30, 347 }, // 2
    { 9, 13, 148, 0, 13, 30, 377 }, // 3
    { 9, 13, 148, 0, 13, 30, 407 }, // 4
    { 9, 13, 148, 0, 13, 30, 437 }, // 5
    { 9, 13, 148, 0, 13, 30, 467 }, // 6
    { 9, 13, 148, 0, 13, 30, 497 }, // 7
    { 9, 13, 148, 0, 13, 30, 527 }, // 8
    { 9, 13, 148, 0, 13, 30, 557 }, // 9
    { 3, 9, 74, 1, 9, 7, 587 }, // :
    { 4, 13, 74, 0, 9, 13, 594 }, // ;
    { 9, 8, 148, 0, 10, 18, 607 }, // <
    { 9, 6, 148, 0, 9, 14, 625 }, // =
    { 9, 8, 148, 0, 10, 18, 639 }, // >
    { 8, 13, 126, 0, 13, 26, 657 }, // ?
    { 15, 16, 252, 0, 13, 60, 683 }, // @
    { 11, 13, 162, 0, 13, 36, 743 }, // A
    { 10, 13, 175, 1, 13, 33, 779 }, // B
    { 11, 13, 170, 0, 13, 36, 812 }, // C
    { 10, 13, 184, 1, 13, 33, 848 }, // D
    { 8, 13, 157, 1, 13, 26, 881 }, // E
    { 8, 13, 147, 1, 13, 26, 907 }, // F
    { 11, 13, 184, 0, 13, 36, 933 }, // G
    { 10, 13, 194, 1, 13, 33, 969 }, // H
    { 3, 13, 78, 1, 13, 10, 1002 }, // I
    { 8, 13, 143, 0, 13, 26, 1012 }, // J
    { 10, 13, 172, 1, 13, 33, 1038 }, // K
    { 8, 13, 145, 1, 13, 26, 1071 }, // L
    { 11, 13, 217, 1, 13, 36, 1097 }, // M
    { 10, 13, 193, 1, 13, 33, 1133 }, // N
    { 12, 13, 198, 0, 13, 39, 1166 }, // O
    { 9, 13, 169, 1, 13, 30, 1205 }, // P
    { 12, 16, 198, 0, 13, 48, 1235 }, // Q
    { 10, 13, 169, 1, 13, 33, 1283 }, // R
    { 10, 13, 159, 0, 13, 33, 1316 }, // S
    { 10, 13, 160, 0, 13, 33, 1349 }, // T
    { 10, 13, 192, 1, 13, 33, 1382 }, // U
    { 10, 13, 153, 0, 13, 33, 1415 }, // V
    { 15, 13, 234, 0, 13, 49, 1448 }, // W
    { 10, 13, 153, 0, 13, 33, 1497 }, // X
    { 10, 13, 142, -1, 13, 33, 1530 }, // Y
    { 10, 13, 161, 0, 13, 33, 1563 }, // Z
    { 5, 16, 90, 1, 13, 20, 1596 }, // [
    { 7, 17, 105, 0, 14, 30, 1616 }, // <backslash>
    { 4, 16, 90, 0, 13, 16, 1646 }, // ]
    { 8, 8, 148, 1, 13, 16, 1662 }, // ^
    { 10, 2, 149, 0, -1, 5, 1678 }, // _
    { 5, 4, 162, 2, 15, 5, 1683 }, // `
    { 9, 9, 150, 0, 9, 21, 1688 }, // a
    { 9, 13, 165, 1, 13, 30, 1709 }, // b
    { 9, 9, 136, 0, 9, 21, 1739 }, // c
    { 9, 13, 165, 0, 13, 30, 1760 }, // d
    { 9, 9, 148, 0, 9, 21, 1790 }, // e
    { 6, 14, 87, 0, 14, 21, 1811 }, // f
    { 10, 13, 150, 0, 9, 33, 1832 }, // g
    { 8, 13, 162, 1, 13, 26, 1865 }, // h
    { 3, 13, 73, 1, 13, 10, 1891 }, // i
    { 5, 17, 73, -1, 13, 22, 1901 }, // j
    { 9, 14, 147, 1, 14, 32, 1923 }, // k
    { 4, 14, 76, 1, 14, 14, 1955 }, // l
    { 14, 9, 247, 1, 9, 32, 1969 }, // m
    { 8, 9, 163, 1, 9, 18, 2001 }, // n
    { 10, 9, 162, 0, 9, 23, 2019 }, // o
    { 9, 13, 165, 1, 9, 30, 2042 }, // p
    { 9, 13, 165, 0, 9, 30, 2072 }, // q
    { 6, 9, 103, 1, 9, 14, 2102 }, // r
    { 8, 9, 125, 0, 9, 18, 2116 }, // s
    { 7, 12, 101, 0, 12, 21, 2134 }, // t
    { 8, 9, 162, 1, 9, 18, 2155 }, // u
    { 9, 9, 139, 0, 9, 21, 2173 }, // v
    { 13, 9, 214, 0, 9, 30, 2194 }, // w
    { 9, 9, 133, 0, 9, 21, 2224 }, // x
    { 9, 13, 139, 0, 9, 30, 2245 }, // y
    { 8, 9, 127, 0, 9, 18, 2275 }, // z
    { 6, 16, 90, 0, 13, 24, 2293 }, // {
    { 2, 19, 72, 1, 14, 10, 2317 }, // |
    { 5, 16, 90, 0, 13, 20, 2327 }, // }
    { 9, 4, 148, 0, 8, 9, 2347 }, // ~
    { 0, 0, 60, 0, 0, 0, 0 }, // U+00A0
    { 3, 13, 86, 1, 9, 10, 0 }, // U+00A1
    { 8, 13, 148, 1, 12, 26, 10 }, // U+00A2
    { 9, 12, 148, 0, 12, 27, 36 }, // U+00A3
    { 9, 9, 148, 0, 11, 21, 63 }, // U+00A4
    { 9, 12, 148, 0, 12, 27, 84 }, // U+00A5
    { 2, 19, 72, 1, 14, 10, 111 }, // U+00A6
    { 9, 16, 267, 4, 14, 36, 121 }, // U+00A7
    { 6, 2, 162, 2, 13, 3, 157 }, // U+00A8
    { 13, 12, 222, 0, 12, 39, 160 }, // U+00A9
    { 6, 7, 103, 0, 14, 11, 199 }, // U+00AA
    { 7, 7, 128, 0, 8, 13, 210 }, // U+00AB
    { 9, 5, 148, 0, 7, 12, 223 }, // U+00AC
    { 6, 2, 93, 0, 6, 3, 235 }, // U+00AD
    { 8, 7, 126, 0, 13, 14, 238 }, // U+00AE
    { 6, 2, 162, 2, 13, 3, 252 }, // U+00AF
    { 6, 5, 99, 0, 13, 8, 255 }, // U+00B0
    { 13, 15, 267, 2, 15, 49, 263 }, // U+00B1
    { 6, 8, 110, 0, 15, 12, 312 }, // U+00B2
    { 6, 8, 110, 0, 15, 12, 324 }, // U+00B3
    { 5, 4, 162, 3, 15, 5, 336 }, // U+00B4
    { 9, 13, 168, 1, 9, 30, 341 }, // U+00B5
    { 8, 16, 267, 4, 14, 32, 371 }, // U+00B6
    { 3, 3, 150, 3, 8, 3, 403 }, // U+00B7
    { 4, 5, 162, 3, 1, 5, 406 }, // U+00B8
    { 4, 8, 110, 1, 15, 8, 411 }, // U+00B9
    { 7, 7, 109, 0, 14, 13, 419 }, // U+00BA
    { 7, 7, 128, 1, 8, 13, 432 }, // U+00BB
    { 13, 13, 233, 1, 13, 43, 445 }, // U+00BC
    { 14, 13, 241, 1, 13, 46, 488 }, // U+00BD
    { 15, 13, 237, 0, 13, 49, 534 }, // U+00BE
    { 8, 13, 126, 0, 9, 26, 583 }, // U+00BF
    { 11, 17, 162, 0, 17, 47, 609 }, // U+00C0
    { 11, 17, 162, 0, 17, 47, 656 }, // U+00C1
    { 11, 16, 162, 0, 16, 44, 703 }, // U+00C2
    { 11, 17, 162, 0, 17, 47, 747 }, // U+00C3
    { 11, 16, 162, 0, 16, 44, 794 }, // U+00C4
    { 11, 17, 162, 0, 17, 47, 838 }, // U+00C5
    { 15, 13, 245, 0, 13, 49, 885 }, // U+00C6
    { 11, 17, 170, 0, 13, 47, 934 }, // U+00C7
    { 8, 17, 157, 1, 17, 34, 981 }, // U+00C8
    { 8, 17, 157, 1, 17, 34, 1015 }, // U+00C9
    { 8, 16, 157, 1, 16, 32, 1049 }, // U+00CA
    { 8, 16, 157, 1, 16, 32, 1081 }, // U+00CB
    { 5, 17, 78, -1, 17, 22, 1113 }, // U+00CC
    { 4, 17, 78, 1, 17, 17, 1135 }, // U+00CD
    { 7, 16, 78, -1, 16, 28, 1152 }, // U+00CE
    { 7, 16, 78, -1, 16, 28, 1180 }, // U+00CF
    { 11, 13, 190, 0, 13, 36, 1208 }, // U+00D0
    { 10, 17, 193, 1, 17, 43, 1244 }, // U+00D1
    { 12, 17, 198, 0, 17, 51, 1287 }, // U+00D2
    { 12, 17, 198, 0, 17, 51, 1338 }, // U+00D3
    { 12, 16, 198, 0, 16, 48, 1389 }, // U+00D4
    { 12, 17, 198, 0, 17, 51, 1437 }, // U+00D5
    { 12, 16, 198, 0, 16, 48, 1488 }, // U+00D6
    { 12, 11, 267, 2, 12, 33, 1536 }, // U+00D7
    { 12, 15, 198, 0, 14, 45, 1569 }, // U+00D8
    { 10, 17, 192, 1, 17, 43, 1614 }, // U+00D9
    { 10, 17, 192, 1, 17, 43, 1657 }, // U+00DA
    { 10, 16, 192, 1, 16, 40, 1700 }, // U+00DB
    { 10, 16, 192, 1, 16, 40, 1740 }, // U+00DC
    { 10, 17, 142, -1, 17, 43, 1780 }, // U+00DD
    { 9, 13, 174, 1, 13, 30, 1823 }, // U+00DE
    { 10, 14, 172, 1, 14, 35, 1853 }, // U+00DF
    { 9, 15, 150, 0, 15, 34, 1888 }, // U+00E0
    { 9, 15, 150, 0, 15, 34, 1922 }, // U+00E1
    { 9, 14, 150, 0, 14, 32, 1956 }, // U+00E2
    { 9, 14, 150, 0, 14, 32, 1988 }, // U+00E3
    { 9, 13, 150, 0, 13, 30, 2020 }, // U+00E4
    { 9, 14, 150, 0, 14, 32, 2050 }, // U+00E5
    { 13, 9, 234, 1, 9, 30, 2082 }, // U+00E6
    { 9, 13, 136, 0, 9, 30, 2112 }, // U+00E7
    { 9, 15, 148, 0, 15, 34, 2142 }, // U+00E8
    { 9, 15, 148, 0, 15, 34, 2176 }, // U+00E9
    { 9, 14, 148, 0, 14, 32, 2210 }, // U+00EA
    { 9, 13, 148, 0, 13, 30, 2242 }, // U+00EB
    { 5, 15, 73, -1, 15, 19, 2272 }, // U+00EC
    { 4, 15, 73, 1, 15, 15, 2291 }, // U+00ED
    { 7, 14, 73, -1, 14, 25, 2306 }, // U+00EE
    { 7, 13, 73, -1, 13, 23, 2331 }, // U+00EF
    { 9, 14, 162, 1, 14, 32, 2354 }, // U+00F0
    { 8, 14, 163, 1, 14, 28, 2386 }, // U+00F1
    { 10, 15, 162, 0, 15, 38, 2414 }, // U+00F2
    { 10, 15, 162, 0, 15, 38, 2452 }, // U+00F3
    { 10, 14, 162, 0, 14, 35, 2490 }, // U+00F4
    { 10, 14, 162, 0, 14, 35, 2525 }, // U+00F5
    { 10, 13, 162, 0, 13, 33, 2560 }, // U+00F6
    { 13, 13, 267, 2, 13, 43, 2593 }, // U+00F7
    { 10, 11, 162, 0, 10, 28, 2636 }, // U+00F8
    { 8, 15, 162, 1, 15, 30, 2664 }, // U+00F9
    { 8, 15, 162, 1, 15, 30, 2694 }, // U+00FA
    { 8, 14, 162, 1, 14, 28, 2724 }, // U+00FB
    { 8, 13, 162, 1, 13, 26, 2752 }, // U+00FC
    { 9, 19, 139, 0, 15, 43, 2778 }, // U+00FD
    { 9, 17, 165, 1, 13, 39, 2821 }, // U+00FE
    { 9, 17, 139, 0, 13, 39, 2860 }, // U+00FF
    { 11, 16, 162, 0, 16, 44, 0 }, // U+0100
    { 9, 13, 150, 0, 13, 30, 44 }, // U+0101
    { 11, 17, 162, 0, 17, 47, 74 }, // U+0102
    { 9, 13, 150, 0, 13, 30, 121 }, // U+0103
    { 11, 13, 190, 0, 13, 36, 151 }, // U+0110
    { 11, 14, 165, 0, 14, 39, 187 }, // U+0111
    { 8, 16, 157, 1, 16, 32, 226 }, // U+0112
    { 9, 13, 148, 0, 13, 30, 258 }, // U+0113
    { 8, 17, 157, 1, 17, 34, 288 }, // U+011A
    { 9, 14, 148, 0, 14, 32, 322 }, // U+011B
    { 7, 17, 78, -1, 17, 30, 354 }, // U+0128
    { 7, 14, 73, -1, 14, 25, 384 }, // U+0129
    { 6, 16, 78, -1, 16, 24, 409 }, // U+012A
    { 6, 13, 73, -1, 13, 20, 433 }, // U+012B
    { 10, 17, 193, 1, 17, 43, 453 }, // U+0143
    { 8, 15, 163, 1, 15, 30, 496 }, // U+0144
    { 10, 17, 193, 1, 17, 43, 526 }, // U+0147
    { 8, 14, 163, 1, 14, 28, 569 }, // U+0148
    { 12, 16, 198, 0, 16, 48, 597 }, // U+014C
    { 10, 13, 162, 0, 13, 33, 645 }, // U+014D
    { 12, 17, 198, 0, 17, 51, 678 }, // U+014E
    { 10, 13, 162, 0, 13, 33, 729 }, // U+014F
    { 15, 13, 253, 0, 13, 49, 762 }, // U+0152
    { 15, 9, 250, 0, 9, 34, 811 }, // U+0153
    { 10, 17, 192, 1, 17, 43, 845 }, // U+0168
    { 8, 14, 162, 1, 14, 28, 888 }, // U+0169
    { 10, 16, 192, 1, 16, 40, 916 }, // U+016A
    { 8, 13, 162, 1, 13, 26, 956 }, // U+016B
    { 10, 17, 192, 1, 17, 43, 982 }, // U+016C
    { 8, 14, 162, 1, 14, 28, 1025 }, // U+016D
    { 11, 16, 198, 1, 16, 44, 0 }, // U+01A0
    { 10, 13, 162, 0, 13, 33, 44 }, // U+01A1
    { 12, 17, 196, 1, 17, 51, 77 }, // U+01AF
    { 10, 13, 162, 1, 13, 33, 128 }, // U+01B0
    { 11, 17, 162, 0, 17, 47, 161 }, // U+01CD
    { 9, 14, 150, 0, 14, 32, 208 }, // U+01CE
    { 7, 17, 78, -1, 17, 30, 240 }, // U+01CF
    { 7, 15, 73, -1, 15, 27, 270 }, // U+01D0
    { 12, 17, 198, 0, 17, 51, 297 }, // U+01D1
    { 10, 14, 162, 0, 14, 35, 348 }, // U+01D2
    { 10, 17, 192, 1, 17, 43, 383 }, // U+01D3
    { 8, 15, 162, 1, 15, 30, 426 }, // U+01D4
    { 10, 18, 192, 1, 18, 45, 456 }, // U+01D5
    { 8, 15, 162, 1, 15, 30, 501 }, // U+01D6
    { 10, 19, 192, 1, 19, 48, 531 }, // U+01D7
    { 8, 16, 162, 1, 16, 32, 579 }, // U+01D8
    { 10, 20, 192, 1, 20, 50, 611 }, // U+01D9
    { 8, 17, 162, 1, 17, 34, 661 }, // U+01DA
    { 10, 19, 192, 1, 19, 48, 695 }, // U+01DB
    { 8, 16, 162, 1, 16, 32, 743 }, // U+01DC
    { 10, 17, 193, 1, 17, 43, 775 }, // U+01F8
    { 8, 15, 163, 1, 15, 30, 818 }, // U+01F9
    { 8, 6, 0, 1, 13, 12, 0 }, // U+0300
    { 8, 6, 0, 1, 13, 12, 12 }, // U+0301
    { 6, 2, 0, -3, 13, 3, 24 }, // U+0304
    { 4, 4, 0, 3, 15, 4, 27 }, // U+0307
    { 10, 7, 0, 0, 13, 18, 31 }, // U+030C
    { 8, 16, 157, 1, 16, 32, 0 }, // U+0401
    { 11, 13, 162, 0, 13, 36, 32 }, // U+0410
    { 10, 13, 173, 1, 13, 33, 68 }, // U+0411
    { 10, 13, 175, 1, 13, 33, 101 }, // U+0412
    { 8, 13, 149, 1, 13, 26, 134 }, // U+0413
    { 12, 17, 190, 0, 13, 51, 160 }, // U+0414
    { 8, 13, 157, 1, 13, 26, 211 }, // U+0415
    { 15, 13, 240, 0, 13, 49, 237 }, // U+0416
    { 10, 13, 165, 0, 13, 33, 286 }, // U+0417
    { 10, 13, 196, 1, 13, 33, 319 }, // U+0418
    { 10, 17, 196, 1, 17, 43, 352 }, // U+0419
    { 10, 13, 173, 1, 13, 33, 395 }, // U+041A
    { 11, 13, 188, 0, 13, 36, 428 }, // U+041B
    { 11, 13, 217, 1, 13, 36, 464 }, // U+041C
    { 10, 13, 194, 1, 13, 33, 500 }, // U+041D
    { 12, 13, 198, 0, 13, 39, 533 }, // U+041E
    { 10, 13, 192, 1, 13, 33, 572 }, // U+041F
    { 9, 13, 169, 1, 13, 30, 605 }, // U+0420
    { 11, 13, 170, 0, 13, 36, 635 }, // U+0421
    { 10, 13, 160, 0, 13, 33, 671 }, // U+0422
    { 10, 13, 153, 0, 13, 33, 704 }, // U+0423
    { 13, 13, 218, 0, 13, 43, 737 }, // U+0424
    { 10, 13, 153, 0, 13, 33, 780 }, // U+0425
    { 11, 17, 192, 1, 13, 47, 813 }, // U+0426
    { 9, 13, 178, 1, 13, 30, 860 }, // U+0427
    { 14, 13, 258, 1, 13, 46, 890 }, // U+0428
    { 15, 17, 260, 1, 13, 64, 936 }, // U+0429
    { 13, 13, 215, 0, 13, 43, 1000 }, // U+042A
    { 13, 13, 238, 1, 13, 43, 1043 }, // U+042B
    { 9, 13, 173, 1, 13, 30, 1086 }, // U+042C
    { 10, 13, 170, 0, 13, 33, 1116 }, // U+042D
    { 15, 13, 270, 1, 13, 49, 1149 }, // U+042E
    { 10, 13, 173, 0, 13, 33, 1198 }, // U+042F
    { 9, 9, 150, 0, 9, 21, 1231 }, // U+0430
    { 9, 14, 162, 1, 14, 32, 1252 }, // U+0431
    { 8, 9, 151, 1, 9, 18, 1284 }, // U+0432
    { 7, 9, 122, 1, 9, 16, 1302 }, // U+0433
    { 10, 13, 158, 0, 9, 33, 1318 }, // U+0434
    { 9, 9, 148, 0, 9, 21, 1351 }, // U+0435
    { 13, 9, 203, 0, 9, 30, 1372 }, // U+0436
    { 8, 9, 136, 0, 9, 18, 1402 }, // U+0437
    { 8, 9, 168, 1, 9, 18, 1420 }, // U+0438
    { 8, 14, 168, 1, 14, 28, 1438 }, // U+0439
    { 9, 9, 148, 1, 9, 21, 1466 }, // U+043A
    { 9, 9, 158, 0, 9, 21, 1487 }, // U+043B
    { 10, 9, 189, 1, 9, 23, 1508 }, // U+043C
    { 8, 9, 168, 1, 9, 18, 1531 }, // U+043D
    { 10, 9, 162, 0, 9, 23, 1549 }, // U+043E
    { 8, 9, 165, 1, 9, 18, 1572 }, // U+043F
    { 9, 13, 165, 1, 9, 30, 1590 }, // U+0440
    { 9, 9, 136, 0, 9, 21, 1620 }, // U+0441
    { 9, 9, 137, 0, 9, 21, 1641 }, // U+0442
    { 9, 13, 139, 0, 9, 30, 1662 }, // U+0443
    { 13, 17, 219, 0, 13, 56, 1692 }, // U+0444
    { 9, 9, 133, 0, 9, 21, 1748 }, // U+0445
    { 9, 13, 165, 1, 9, 30, 1769 }, // U+0446
    { 7, 9, 153, 1, 9, 16, 1799 }, // U+0447
    { 12, 9, 223, 1, 9, 27, 1815 }, // U+0448
    { 13, 13, 225, 1, 9, 43, 1842 }, // U+0449
    { 11, 9, 177, 0, 9, 25, 1885 }, // U+044A
    { 11, 9, 201, 1, 9, 25, 1910 }, // U+044B
    { 8, 9, 146, 1, 9, 18, 1935 }, // U+044C
    { 8, 9, 136, 0, 9, 18, 1953 }, // U+044D
    { 12, 9, 220, 1, 9, 27, 1971 }, // U+044E
    { 9, 9, 153, 0, 9, 21, 1998 }, // U+044F
    { 9, 13, 148, 0, 13, 30, 2019 }, // U+0451
    { 11, 17, 162, 0, 13, 47, 0 }, // U+1EA0
    { 9, 13, 150, 0, 9, 30, 47 }, // U+1EA1
    { 11, 17, 162, 0, 17, 47, 77 }, // U+1EA2
    { 9, 14, 150, 0, 14, 32, 124 }, // U+1EA3
    { 11, 18, 162, 0, 18, 50, 156 }, // U+1EA4
    { 10, 16, 150, 0, 16, 40, 206 }, // U+1EA5
    { 11, 18, 162, 0, 18, 50, 246 }, // U+1EA6
    { 9, 16, 150, 0, 16, 36, 296 }, // U+1EA7
    { 11, 18, 162, 0, 18, 50, 332 }, // U+1EA8
    { 9, 15, 150, 0, 15, 34, 382 }, // U+1EA9
    { 11, 19, 162, 0, 19, 53, 416 }, // U+1EAA
    { 9, 15, 150, 0, 15, 34, 469 }, // U+1EAB
    { 11, 20, 162, 0, 16, 55, 503 }, // U+1EAC
    { 9, 18, 150, 0, 14, 41, 558 }, // U+1EAD
    { 11, 19, 162, 0, 19, 53, 599 }, // U+1EAE
    { 9, 15, 150, 0, 15, 34, 652 }, // U+1EAF
    { 11, 19, 162, 0, 19, 53, 686 }, // U+1EB0
    { 9, 15, 150, 0, 15, 34, 739 }, // U+1EB1
    { 11, 19, 162, 0, 19, 53, 773 }, // U+1EB2
    { 9, 16, 150, 0, 16, 36, 826 }, // U+1EB3
    { 11, 18, 162, 0, 18, 50, 862 }, // U+1EB4
    { 9, 15, 150, 0, 15, 34, 912 }, // U+1EB5
    { 11, 21, 162, 0, 17, 58, 946 }, // U+1EB6
    { 9, 17, 150, 0, 13, 39, 1004 }, // U+1EB7
    { 8, 17, 157, 1, 13, 34, 1043 }, // U+1EB8
    { 9, 13, 148, 0, 9, 30, 1077 }, // U+1EB9
    { 8, 17, 157, 1, 17, 34, 1107 }, // U+1EBA
    { 9, 14, 148, 0, 14, 32, 1141 }, // U+1EBB
    { 8, 17, 157, 1, 17, 34, 1173 }, // U+1EBC
    { 9, 14, 148, 0, 14, 32, 1207 }, // U+1EBD
    { 9, 18, 157, 1, 18, 41, 1239 }, // U+1EBE
    { 10, 16, 148, 0, 16, 40, 1280 }, // U+1EBF
    { 8, 18, 157, 1, 18, 36, 1320 }, // U+1EC0
    { 9, 16, 148, 0, 16, 36, 1356 }, // U+1EC1
    { 9, 18, 157, 1, 18, 41, 1392 }, // U+1EC2
    { 9, 15, 148, 0, 15, 34, 1433 }, // U+1EC3
    { 8, 18, 157, 1, 18, 36, 1467 }, // U+1EC4
    { 9, 15, 148, 0, 15, 34, 1503 }, // U+1EC5
    { 8, 20, 157, 1, 16, 40, 1537 }, // U+1EC6
    { 9, 18, 148, 0, 14, 41, 1577 }, // U+1EC7
    { 3, 17, 78, 1, 17, 13, 1618 }, // U+1EC8
    { 3, 15, 73, 1, 15, 12, 1631 }, // U+1EC9
    { 3, 17, 78, 1, 13, 13, 1643 }, // U+1ECA
    { 3, 17, 73, 1, 13, 13, 1656 }, // U+1ECB
    { 12, 17, 198, 0, 13, 51, 1669 }, // U+1ECC
    { 10, 13, 162, 0, 9, 33, 1720 }, // U+1ECD
    { 12, 17, 198, 0, 17, 51, 1753 }, // U+1ECE
    { 10, 14, 162, 0, 14, 35, 1804 }, // U+1ECF
    { 12, 18, 198, 0, 18, 54, 1839 }, // U+1ED0
    { 10, 16, 162, 0, 16, 40, 1893 }, // U+1ED1
    { 12, 18, 198, 0, 18, 54, 1933 }, // U+1ED2
    { 10, 16, 162, 0, 16, 40, 1987 }, // U+1ED3
    { 12, 18, 198, 0, 18, 54, 2027 }, // U+1ED4
    { 10, 15, 162, 0, 15, 38, 2081 }, // U+1ED5
    { 12, 19, 198, 0, 19, 57, 2119 }, // U+1ED6
    { 10, 16, 162, 0, 16, 40, 2176 }, // U+1ED7
    { 12, 20, 198, 0, 16, 60, 2216 }, // U+1ED8
    { 10, 18, 162, 0, 14, 45, 2276 }, // U+1ED9
    { 11, 17, 198, 1, 17, 47, 2321 }, // U+1EDA
    { 10, 16, 162, 0, 16, 40, 2368 }, // U+1EDB
    { 11, 17, 198, 1, 17, 47, 2408 }, // U+1EDC
    { 10, 16, 162, 0, 16, 40, 2455 }, // U+1EDD
    { 11, 17, 198, 1, 17, 47, 2495 }, // U+1EDE
    { 10, 15, 162, 0, 15, 38, 2542 }, // U+1EDF
    { 11, 17, 198, 1, 17, 47, 2580 }, // U+1EE0
    { 10, 15, 162, 0, 15, 38, 2627 }, // U+1EE1
    { 11, 20, 198, 1, 16, 55, 2665 }, // U+1EE2
    { 10, 17, 162, 0, 13, 43, 2720 }, // U+1EE3
    { 10, 17, 192, 1, 13, 43, 2763 }, // U+1EE4
    { 8, 13, 162, 1, 9, 26, 2806 }, // U+1EE5
    { 10, 17, 192, 1, 17, 43, 2832 }, // U+1EE6
    { 8, 15, 162, 1, 15, 30, 2875 }, // U+1EE7
    { 12, 17, 196, 1, 17, 51, 2905 }, // U+1EE8
    { 10, 16, 162, 1, 16, 40, 2956 }, // U+1EE9
    { 12, 17, 196, 1, 17, 51, 2996 }, // U+1EEA
    { 10, 16, 162, 1, 16, 40, 3047 }, // U+1EEB
    { 12, 17, 196, 1, 17, 51, 3087 }, // U+1EEC
    { 10, 15, 162, 1, 15, 38, 3138 }, // U+1EED
    { 12, 17, 196, 1, 17, 51, 3176 }, // U+1EEE
    { 10, 15, 162, 1, 15, 38, 3227 }, // U+1EEF
    { 12, 21, 196, 1, 17, 63, 3265 }, // U+1EF0
    { 10, 17, 162, 1, 13, 43, 3328 }, // U+1EF1
    { 10, 17, 142, -1, 17, 43, 3371 }, // U+1EF2
    { 9, 19, 139, 0, 15, 43, 3414 }, // U+1EF3
    { 10, 17, 142, -1, 13, 43, 3457 }, // U+1EF4
    { 9, 13, 139, 0, 9, 30, 3500 }, // U+1EF5
    { 10, 17, 142, -1, 17, 43, 3530 }, // U+1EF6
    { 9, 19, 139, 0, 15, 43, 3573 }, // U+1EF7
    { 10, 17, 142, -1, 17, 43, 3616 }, // U+1EF8
    { 9, 18, 139, 0, 14, 41, 3659 }, // U+1EF9
    { 0, 0, 133, 0, 0, 0, 0 }, // U+2002
    { 0, 0, 267, 0, 0, 0, 0 }, // U+2003
    { 5, 1, 267, 6, 7, 2, 0 }, // U+2010
    { 6, 2, 93, 0, 6, 3, 2 }, // U+2011
    { 9, 2, 143, 0, 6, 5, 5 }, // U+2012
    { 9, 2, 143, 0, 6, 5, 10 }, // U+2013
    { 15, 2, 238, 0, 6, 8, 15 }, // U+2014
    { 15, 1, 267, 1, 7, 4, 23 }, // U+2015
    { 4, 17, 267, 6, 15, 17, 27 }, // U+2016
    { 3, 5, 74, 1, 14, 4, 44 }, // U+2018
    { 3, 5, 74, 1, 13, 4, 48 }, // U+2019
    { 3, 5, 74, 1, 2, 4, 52 }, // U+201A
    { 6, 5, 126, 1, 14, 8, 56 }, // U+201C
    { 6, 5, 126, 1, 13, 8, 64 }, // U+201D
    { 6, 5, 126, 1, 2, 8, 72 }, // U+201E
    { 9, 16, 267, 4, 14, 36, 80 }, // U+2020
    { 9, 16, 267, 4, 14, 36, 116 }, // U+2021
    { 5, 5, 91, 0, 7, 7, 152 }, // U+2022
    { 11, 3, 267, 3, 8, 9, 159 }, // U+2025
    { 14, 3, 267, 1, 8, 11, 168 }, // U+2026
    { 5, 4, 267, 6, 9, 5, 179 }, // U+2027
    { 17, 15, 267, 0, 14, 64, 184 }, // U+2030
    { 3, 5, 74, 1, 13, 4, 248 }, // U+2032
    { 6, 5, 126, 1, 13, 8, 252 }, // U+2033
    { 5, 3, 267, 5, 17, 4, 260 }, // U+2035
    { 5, 7, 81, 0, 8, 9, 264 }, // U+2039
    { 4, 7, 81, 1, 8, 7, 273 }, // U+203A
    { 13, 13, 267, 2, 13, 43, 280 }, // U+203B
    { 8, 13, 164, 1, 13, 26, 323 }, // U+203C
    { 15, 14, 267, 1, 14, 53, 349 }, // U+2042
    { 15, 13, 243, 0, 13, 49, 402 }, // U+2047
    { 12, 13, 202, 0, 13, 39, 451 }, // U+2048
    { 11, 13, 202, 1, 13, 36, 490 }, // U+2049
    { 7, 15, 267, 5, 14, 27, 526 }, // U+2051
    { 7, 8, 110, 0, 15, 14, 0 }, // U+2074
    { 11, 12, 148, -1, 12, 33, 0 }, // U+20A9
    { 9, 13, 148, 1, 13, 30, 33 }, // U+20AB
    { 10, 13, 148, 0, 13, 33, 63 }, // U+20AC
    { 16, 9, 267, 0, 11, 36, 0 }, // U+2190
    { 9, 16, 267, 4, 15, 36, 36 }, // U+2191
    { 17, 9, 267, 0, 11, 39, 72 }, // U+2192
    { 9, 16, 267, 4, 14, 36, 111 }, // U+2193
    { 17, 9, 267, 0, 11, 39, 147 }, // U+2194
    { 9, 16, 267, 4, 15, 36, 186 }, // U+2195
    { 13, 13, 267, 2, 13, 43, 222 }, // U+2196
    { 12, 13, 267, 2, 13, 39, 265 }, // U+2197
    { 12, 13, 267, 2, 13, 39, 304 }, // U+2198
    { 13, 13, 267, 2, 13, 43, 343 }, // U+2199
    { 15, 15, 267, 1, 15, 57, 386 }, // U+21B8
    { 17, 17, 267, 0, 15, 73, 443 }, // U+21B9
    { 17, 17, 267, 0, 15, 73, 516 }, // U+21C4
    { 16, 16, 267, 0, 15, 64, 589 }, // U+21C5
    { 17, 17, 267, 0, 15, 73, 653 }, // U+21C6
    { 17, 15, 267, 0, 14, 64, 726 }, // U+21CB
    { 17, 15, 267, 0, 14, 64, 790 }, // U+21CC
    { 16, 13, 267, 0, 13, 52, 854 }, // U+21D0
    { 17, 13, 267, 0, 13, 56, 906 }, // U+21D2
    { 17, 13, 267, 0, 13, 56, 962 }, // U+21D4
    { 16, 13, 267, 0, 13, 52, 1018 }, // U+21E6
    { 13, 17, 267, 2, 15, 56, 1070 }, // U+21E7
    { 17, 13, 267, 0, 13, 56, 1126 }, // U+21E8
    { 13, 17, 267, 2, 15, 56, 1182 }, // U+21E9
    { 16, 16, 267, 0, 15, 64, 1238 }, // U+21F5
    { 14, 15, 267, 1, 14, 53, 0 }, // U+2200
    { 11, 15, 267, 3, 14, 42, 53 }, // U+2202
    { 11, 14, 267, 3, 13, 39, 95 }, // U+2203
    { 13, 15, 267, 2, 14, 49, 134 }, // U+2205
    { 13, 14, 267, 2, 13, 46, 183 }, // U+2206
    { 13, 14, 267, 2, 13, 46, 229 }, // U+2207
    { 13, 13, 267, 2, 13, 43, 275 }, // U+2208
    { 13, 15, 267, 2, 14, 49, 318 }, // U+2209
    { 9, 11, 267, 4, 10, 25, 367 }, // U+220A
    { 13, 13, 267, 2, 13, 43, 392 }, // U+220B
    { 11, 16, 267, 3, 13, 44, 435 }, // U+220F
    { 11, 14, 267, 3, 13, 39, 479 }, // U+2211
    { 9, 2, 148, 0, 7, 5, 518 }, // U+2212
    { 13, 16, 267, 2, 14, 52, 523 }, // U+2213
    { 17, 16, 267, 0, 15, 68, 575 }, // U+2215
    { 17, 17, 267, 0, 15, 73, 643 }, // U+221A
    { 15, 8, 267, 0, 10, 30, 716 }, // U+221D
    { 17, 8, 267, 0, 10, 34, 746 }, // U+221E
    { 13, 15, 267, 2, 14, 49, 780 }, // U+221F
    { 14, 13, 267, 1, 13, 46, 829 }, // U+2220
    { 2, 13, 267, 7, 13, 7, 875 }, // U+2223
    { 11, 14, 267, 3, 13, 39, 882 }, // U+2225
    { 11, 14, 267, 3, 13, 39, 921 }, // U+2226
    { 14, 13, 267, 1, 13, 46, 960 }, // U+2227
    { 14, 13, 267, 1, 13, 46, 1006 }, // U+2228
    { 12, 15, 267, 2, 14, 45, 1052 }, // U+2229
    { 12, 15, 267, 2, 14, 45, 1097 }, // U+222A
    { 7, 17, 267, 5, 15, 30, 1142 }, // U+222B
    { 13, 17, 267, 2, 15, 56, 1172 }, // U+222C
    { 16, 17, 267, 0, 15, 68, 1228 }, // U+222D
    { 7, 17, 267, 5, 15, 30, 1296 }, // U+222E
    { 12, 11, 267, 2, 12, 33, 1326 }, // U+2234
    { 12, 11, 267, 2, 12, 33, 1359 }, // U+2235
    { 3, 11, 267, 7, 12, 9, 1392 }, // U+2236
    { 12, 11, 267, 2, 12, 33, 1401 }, // U+2237
    { 17, 8, 267, 0, 10, 34, 1434 }, // U+223D
    { 13, 8, 267, 2, 11, 26, 1468 }, // U+2243
    { 13, 9, 267, 2, 11, 30, 1494 }, // U+2245
    { 13, 9, 267, 2, 11, 30, 1524 }, // U+2248
    { 17, 13, 267, 0, 13, 56, 1554 }, // U+224C
    { 13, 13, 267, 2, 13, 43, 1610 }, // U+2260
    { 13, 9, 267, 2, 11, 30, 1653 }, // U+2261
    { 13, 13, 267, 2, 13, 43, 1683 }, // U+2262
    { 14, 14, 267, 1, 14, 49, 1726 }, // U+2264
    { 13, 14, 267, 2, 14, 46, 1775 }, // U+2265
    { 14, 17, 267, 1, 15, 60, 1821 }, // U+2266
    { 14, 17, 267, 1, 15, 60, 1881 }, // U+2267
    { 16, 13, 267, 0, 13, 52, 1941 }, // U+226A
    { 16, 13, 267, 0, 13, 52, 1993 }, // U+226B
    { 14, 14, 267, 1, 13, 49, 2045 }, // U+226E
    { 15, 14, 267, 1, 13, 53, 2094 }, // U+226F
    { 14, 17, 267, 1, 15, 60, 2147 }, // U+2272
    { 14, 17, 267, 1, 15, 60, 2207 }, // U+2273
    { 14, 16, 267, 1, 14, 56, 2267 }, // U+2276
    { 14, 16, 267, 1, 14, 56, 2323 }, // U+2277
    { 13, 13, 267, 2, 13, 43, 2379 }, // U+2282
    { 13, 13, 267, 2, 13, 43, 2422 }, // U+2283
    { 13, 15, 267, 2, 14, 49, 2465 }, // U+2284
    { 13, 15, 267, 2, 14, 49, 2514 }, // U+2285
    { 13, 15, 267, 2, 14, 49, 2563 }, // U+2286
    { 13, 15, 267, 2, 14, 49, 2612 }, // U+2287
    { 13, 16, 267, 2, 14, 52, 2661 }, // U+228A
    { 13, 16, 267, 2, 14, 52, 2713 }, // U+228B
    { 13, 15, 267, 2, 14, 49, 2765 }, // U+2295
    { 13, 15, 267, 2, 14, 49, 2814 }, // U+2296
    { 13, 15, 267, 2, 14, 49, 2863 }, // U+2297
    { 13, 15, 267, 2, 14, 49, 2912 }, // U+2298
    { 13, 15, 267, 2, 14, 49, 2961 }, // U+2299
    { 14, 15, 267, 1, 14, 53, 3010 }, // U+22A0
    { 14, 13, 267, 1, 13, 46, 3063 }, // U+22A5
    { 14, 15, 267, 1, 14, 53, 3109 }, // U+22BF
    { 14, 17, 267, 1, 15, 60, 3162 }, // U+22DA
    { 14, 17, 267, 2, 15, 60, 3222 }, // U+22DB
    { 14, 3, 267, 1, 8, 11, 3282 }, // U+22EF
    { 12, 14, 267, 3, 12, 42, 0 }, // U+3041
    { 15, 17, 267, 1, 15, 64, 42 }, // U+3042
    { 12, 11, 267, 3, 10, 33, 106 }, // U+3043
    { 14, 14, 267, 2, 13, 49, 139 }, // U+3044
    { 10, 13, 267, 3, 11, 33, 188 }, // U+3045
    { 12, 16, 267, 2, 14, 48, 221 }, // U+3046
    { 12, 13, 267, 3, 11, 39, 269 }, // U+3047
    { 15, 16, 267, 1, 14, 60, 308 }, // U+3048
    { 13, 13, 267, 2, 11, 43, 368 }, // U+3049
    { 15, 16, 267, 1, 15, 60, 411 }, // U+304A
    { 16, 16, 267, 1, 14, 64, 471 }, // U+304B
    { 16, 17, 267, 1, 15, 68, 535 }, // U+304C
    { 13, 17, 267, 2, 15, 56, 603 }, // U+304D
    { 14, 17, 267, 2, 15, 60, 659 }, // U+304E
    { 11, 15, 267, 2, 14, 42, 719 }, // U+304F
    { 13, 15, 267, 2, 14, 49, 761 }, // U+3050
    { 15, 16, 267, 1, 14, 60, 810 }, // U+3051
    { 16, 17, 267, 1, 15, 68, 870 }, // U+3052
    { 12, 14, 267, 2, 13, 42, 938 }, // U+3053
    { 15, 16, 267, 2, 15, 60, 980 }, // U+3054
    { 13, 16, 267, 2, 15, 52, 1040 }, // U+3055
    { 15, 18, 267, 2, 16, 68, 1092 }, // U+3056
    { 12, 16, 267, 3, 14, 48, 1160 }, // U+3057
    { 12, 16, 267, 3, 14, 48, 1208 }, // U+3058
    { 15, 16, 267, 1, 14, 60, 1256 }, // U+3059
    { 15, 17, 267, 1, 15, 64, 1316 }, // U+305A
    { 16, 15, 267, 0, 14, 60, 1380 }, // U+305B
    { 17, 15, 267, 0, 14, 64, 1440 }, // U+305C
    { 14, 16, 267, 1, 14, 56, 1504 }, // U+305D
    { 15, 16, 267, 1, 14, 60, 1560 }, // U+305E
    { 15, 17, 267, 1, 15, 64, 1620 }, // U+305F
    { 15, 16, 267, 1, 14, 60, 1684 }, // U+3060
    { 14, 16, 267, 1, 14, 56, 1744 }, // U+3061
    { 16, 17, 267, 1, 15, 68, 1800 }, // U+3062
    { 13, 10, 267, 2, 9, 33, 1868 }, // U+3063
    { 15, 12, 267, 1, 12, 45, 1901 }, // U+3064
    { 16, 16, 267, 0, 15, 64, 1946 }, // U+3065
    { 14, 14, 267, 1, 13, 49, 2010 }, // U+3066
    { 15, 14, 267, 1, 13, 53, 2059 }, // U+3067
    { 12, 15, 267, 3, 14, 45, 2112 }, // U+3068
    { 15, 16, 267, 2, 15, 60, 2157 }, // U+3069
    { 15, 17, 267, 1, 15, 64, 2217 }, // U+306A
    { 13, 16, 267, 2, 14, 52, 2281 }, // U+306B
    { 16, 15, 267, 1, 14, 60, 2333 }, // U+306C
    { 17, 15, 267, 0, 14, 64, 2393 }, // U+306D
    { 15, 14, 267, 1, 13, 53, 2457 }, // U+306E
    { 15, 16, 267, 1, 14, 60, 2510 }, // U+306F
    { 16, 17, 267, 1, 15, 68, 2570 }, // U+3070
    { 16, 17, 267, 1, 15, 68, 2638 }, // U+3071
    { 15, 15, 267, 1, 13, 57, 2706 }, // U+3072
    { 16, 17, 267, 1, 15, 68, 2763 }, // U+3073
    { 16, 16, 267, 1, 14, 64, 2831 }, // U+3074
    { 17, 15, 267, 0, 14, 64, 2895 }, // U+3075
    { 16, 15, 267, 0, 14, 60, 2959 }, // U+3076
    { 16, 15, 267, 0, 14, 60, 3019 }, // U+3077
    { 16, 12, 267, 0, 12, 48, 3079 }, // U+3078
    { 16, 14, 267, 0, 13, 56, 3127 }, // U+3079
    { 16, 14, 267, 0, 13, 56, 3183 }, // U+307A
    { 15, 16, 267, 1, 14, 60, 3239 }, // U+307B
    { 16, 17, 267, 1, 15, 68, 3299 }, // U+307C
    { 16, 17, 267, 1, 15, 68, 3367 }, // U+307D
    { 12, 16, 267, 3, 14, 48, 3435 }, // U+307E
    { 15, 16, 267, 1, 14, 60, 3483 }, // U+307F
    { 15, 15, 267, 1, 14, 57, 3543 }, // U+3080
    { 15, 16, 267, 1, 14, 60, 3600 }, // U+3081
    { 14, 16, 267, 1, 15, 56, 3660 }, // U+3082
    { 13, 14, 267, 1, 12, 46, 3716 }, // U+3083
    { 15, 17, 267, 1, 15, 64, 3762 }, // U+3084
    { 12, 13, 267, 3, 11, 39, 3826 }, // U+3085
    { 14, 16, 267, 2, 14, 56, 3865 }, // U+3086
    { 11, 13, 267, 3, 11, 36, 3921 }, // U+3087
    { 13, 15, 267, 2, 14, 49, 3957 }, // U+3088
    { 13, 16, 267, 2, 14, 52, 4006 }, // U+3089
    { 11, 16, 267, 3, 14, 44, 4058 }, // U+308A
    { 14, 15, 267, 1, 14, 53, 4102 }, // U+308B
    { 17, 16, 267, 0, 14, 68, 4155 }, // U+308C
    { 14, 16, 267, 1, 14, 56, 4223 }, // U+308D
    { 13, 14, 267, 2, 12, 46, 4279 }, // U+308E
    { 16, 16, 267, 0, 14, 64, 4325 }, // U+308F
    { 14, 15, 267, 1, 14, 53, 4389 }, // U+3090
    { 16, 16, 267, 0, 14, 64, 4442 }, // U+3091
    { 14, 16, 267, 1, 15, 56, 4506 }, // U+3092
    { 15, 16, 267, 1, 14, 60, 4562 }, // U+3093
    { 14, 16, 267, 2, 14, 56, 4622 }, // U+3094
    { 14, 13, 267, 2, 11, 46, 4678 }, // U+3095
    { 12, 13, 267, 3, 11, 39, 4724 }, // U+3096
    { 5, 4, 0, -5, 15, 5, 4763 }, // U+3099
    { 4, 4, 0, -4, 15, 4, 4768 }, // U+309A
    { 5, 4, 267, 0, 15, 5, 4772 }, // U+309B
    { 5, 5, 267, 0, 15, 7, 4777 }, // U+309C
    { 8, 10, 267, 5, 11, 20, 4784 }, // U+309D
    { 10, 12, 267, 4, 13, 30, 4804 }, // U+309E
    { 14, 17, 267, 1, 15, 60, 4834 }, // U+309F
    { 8, 3, 267, 4, 8, 6, 4894 }, // U+30A0
    { 13, 12, 267, 2, 10, 39, 4900 }, // U+30A1
    { 14, 15, 267, 2, 13, 53, 4939 }, // U+30A2
    { 12, 12, 267, 2, 10, 36, 4992 }, // U+30A3
    { 14, 14, 267, 1, 13, 49, 5028 }, // U+30A4
    { 11, 13, 267, 3, 11, 36, 5077 }, // U+30A5
    { 13, 17, 267, 2, 15, 56, 5113 }, // U+30A6
    { 13, 11, 267, 2, 10, 36, 5169 }, // U+30A7
    { 15, 12, 267, 1, 12, 45, 5205 }, // U+30A8
    { 13, 13, 267, 2, 11, 43, 5250 }, // U+30A9
    { 14, 15, 267, 1, 14, 53, 5293 }, // U+30AA
    { 14, 15, 267, 1, 14, 53, 5346 }, // U+30AB
    { 15, 17, 267, 1, 15, 64, 5399 }, // U+30AC
    { 14, 14, 267, 1, 13, 49, 5463 }, // U+30AD
    { 15, 16, 267, 1, 15, 60, 5512 }, // U+30AE
    { 14, 17, 267, 1, 15, 60, 5572 }, // U+30AF
    { 16, 17, 267, 0, 15, 68, 5632 }, // U+30B0
    { 15, 16, 267, 1, 14, 60, 5700 }, // U+30B1
    { 16, 17, 267, 0, 15, 68, 5760 }, // U+30B2
    { 13, 14, 267, 2, 13, 46, 5828 }, // U+30B3
    { 14, 18, 267, 2, 16, 63, 5874 }, // U+30B4
    { 15, 16, 267, 1, 14, 60, 5937 }, // U+30B5
    { 16, 16, 267, 0, 14, 64, 5997 }, // U+30B6
    { 15, 14, 267, 1, 13, 53, 6061 }, // U+30B7
    { 15, 14, 267, 1, 13, 53, 6114 }, // U+30B8
    { 14, 14, 267, 1, 13, 49, 6167 }, // U+30B9
    { 15, 17, 267, 1, 15, 64, 6216 }, // U+30BA
    { 14, 15, 267, 1, 14, 53, 6280 }, // U+30BB
    { 16, 16, 267, 0, 15, 64, 6333 }, // U+30BC
    { 13, 13, 267, 2, 12, 43, 6397 }, // U+30BD
    { 15, 16, 267, 1, 15, 60, 6440 }, // U+30BE
    { 14, 17, 267, 1, 15, 60, 6500 }, // U+30BF
    { 15, 17, 267, 1, 15, 64, 6560 }, // U+30C0
    { 15, 16, 267, 1, 14, 60, 6624 }, // U+30C1
    { 15, 16, 267, 1, 14, 60, 6684 }, // U+30C2
    { 13, 11, 267, 2, 10, 36, 6744 }, // U+30C3
    { 14, 14, 267, 1, 13, 49, 6780 }, // U+30C4
    { 15, 16, 267, 1, 15, 60, 6829 }, // U+30C5
    { 15, 16, 267, 1, 14, 60, 6889 }, // U+30C6
    { 16, 18, 267, 1, 16, 72, 6949 }, // U+30C7
    { 10, 14, 267, 5, 13, 35, 7021 }, // U+30C8
    { 11, 14, 267, 4, 13, 39, 7056 }, // U+30C9
    { 15, 16, 267, 1, 14, 60, 7095 }, // U+30CA
    { 14, 12, 267, 1, 12, 42, 7155 }, // U+30CB
    { 12, 15, 267, 2, 13, 45, 7197 }, // U+30CC
    { 15, 17, 267, 1, 15, 64, 7242 }, // U+30CD
    { 12, 13, 267, 2, 13, 39, 7306 }, // U+30CE
    { 15, 12, 267, 1, 12, 45, 7345 }, // U+30CF
    { 15, 14, 267, 1, 14, 53, 7390 }, // U+30D0
    { 16, 15, 267, 1, 14, 60, 7443 }, // U+30D1
    { 12, 15, 267, 3, 14, 45, 7503 }, // U+30D2
    { 13, 16, 267, 3, 15, 52, 7548 }, // U+30D3
    { 13, 15, 267, 3, 14, 49, 7600 }, // U+30D4
    { 13, 14, 267, 2, 13, 46, 7649 }, // U+30D5
    { 15, 17, 267, 2, 16, 64, 7695 }, // U+30D6
    { 15, 16, 267, 2, 15, 60, 7759 }, // U+30D7
    { 15, 12, 267, 1, 12, 45, 7819 }, // U+30D8
    { 16, 13, 267, 0, 13, 52, 7864 }, // U+30D9
    { 16, 13, 267, 0, 13, 52, 7916 }, // U+30DA
    { 15, 15, 267, 1, 14, 57, 7968 }, // U+30DB
    { 15, 16, 267, 1, 15, 60, 8025 }, // U+30DC
    { 15, 16, 267, 1, 15, 60, 8085 }, // U+30DD
    { 15, 15, 267, 1, 13, 57, 8145 }, // U+30DE
    { 12, 14, 267, 2, 13, 42, 8202 }, // U+30DF
    { 15, 15, 267, 1, 14, 57, 8244 }, // U+30E0
    { 14, 14, 267, 1, 13, 49, 8301 }, // U+30E1
    { 15, 14, 267, 1, 13, 53, 8350 }, // U+30E2
    { 13, 12, 267, 2, 10, 39, 8403 }, // U+30E3
    { 15, 14, 267, 1, 13, 53, 8442 }, // U+30E4
    { 13, 10, 267, 2, 9, 33, 8495 }, // U+30E5
    { 15, 12, 267, 1, 12, 45, 8528 }, // U+30E6
    { 10, 12, 267, 3, 10, 30, 8573 }, // U+30E7
    { 12, 14, 267, 2, 13, 42, 8603 }, // U+30E8
    { 13, 16, 267, 2, 14, 52, 8645 }, // U+30E9
    { 10, 14, 267, 3, 13, 35, 8697 }, // U+30EA
    { 15, 13, 267, 1, 13, 49, 8732 }, // U+30EB
    { 13, 13, 267, 3, 13, 43, 8781 }, // U+30EC
    { 13, 14, 267, 2, 13, 46, 8824 }, // U+30ED
    { 11, 12, 267, 3, 10, 33, 8870 }, // U+30EE
    { 13, 14, 267, 2, 13, 46, 8903 }, // U+30EF
    { 15, 15, 267, 1, 14, 57, 8949 }, // U+30F0
    { 15, 13, 267, 1, 13, 49, 9006 }, // U+30F1
    { 13, 15, 267, 2, 13, 49, 9055 }, // U+30F2
    { 14, 13, 267, 2, 13, 46, 9104 }, // U+30F3
    { 15, 17, 267, 1, 15, 64, 9150 }, // U+30F4
    { 12, 13, 267, 2, 11, 39, 9214 }, // U+30F5
    { 13, 13, 267, 2, 11, 43, 9253 }, // U+30F6
    { 15, 18, 267, 1, 16, 68, 9296 }, // U+30F7
    { 15, 17, 267, 1, 15, 64, 9364 }, // U+30F8
    { 15, 16, 267, 1, 15, 60, 9428 }, // U+30F9
    { 14, 18, 267, 2, 16, 63, 9488 }, // U+30FA
    { 5, 4, 267, 6, 9, 5, 9551 }, // U+30FB
    { 14, 3, 267, 1, 8, 11, 9556 }, // U+30FC
    { 9, 8, 267, 4, 10, 18, 9567 }, // U+30FD
    { 10, 11, 267, 4, 13, 28, 9585 }, // U+30FE
    { 11, 16, 267, 3, 14, 44, 9613 }, // U+30FF
    { 16, 2, 267, 0, 8, 8, 9657 }, // U+4E00
    { 16, 16, 267, 0, 15, 64, 9665 }, // U+4E0A
    { 16, 16, 267, 0, 14, 64, 9729 }, // U+4E0B
    { 16, 17, 267, 0, 14, 68, 9793 }, // U+4E21
    { 15, 17, 267, 1, 15, 64, 9861 }, // U+4E2D
    { 14, 16, 267, 1, 14, 56, 9925 }, // U+4E86
    { 17, 17, 267, 0, 15, 73, 9981 }, // U+4ED6
    { 16, 18, 267, 0, 15, 72, 10054 }, // U+4ED8
    { 16, 17, 267, 0, 15, 68, 10126 }, // U+4EF6
    { 17, 17, 267, 0, 15, 73, 10194 }, // U+4F4D
    { 17, 17, 267, 0, 15, 73, 10267 }, // U+4F53
    { 17, 18, 267, 0, 15, 77, 10340 }, // U+4F59
    { 17, 17, 267, 0, 15, 73, 10417 }, // U+4F5C
    { 17, 17, 267, 0, 15, 73, 10490 }, // U+4F7F
    { 17, 17, 267, 0, 15, 73, 10563 }, // U+4FDD
    { 17, 17, 267, 0, 15, 73, 10636 }, // U+4FE1
    { 17, 17, 267, 0, 15, 73, 10709 }, // U+4FEE
    { 17, 17, 267, 0, 15, 73, 10782 }, // U+50CF
    { 16, 16, 267, 0, 14, 64, 10855 }, // U+5143
    { 16, 17, 267, 0, 15, 68, 10919 }, // U+5148
    { 16, 18, 267, 0, 15, 72, 10987 }, // U+5149
    { 17, 16, 267, 0, 14, 68, 11059 }, // U+5165
    { 17, 17, 267, 0, 15, 73, 11127 }, // U+5168
    { 15, 18, 267, 1, 15, 68, 11200 }, // U+5185
    { 17, 17, 267, 0, 14, 73, 11268 }, // U+518D
    { 14, 17, 267, 1, 15, 60, 11341 }, // U+51FA
    { 17, 18, 267, 0, 15, 77, 11401 }, // U+5206
    { 16, 17, 267, 0, 15, 68, 11478 }, // U+5207
    { 16, 18, 267, 0, 15, 72, 11546 }, // U+523B
    { 16, 17, 267, 0, 15, 68, 11618 }, // U+524A
    { 16, 18, 267, 0, 15, 72, 11686 }, // U+524D
    { 16, 17, 267, 0, 15, 68, 11758 }, // U+5272
    { 16, 17, 267, 0, 15, 68, 11826 }, // U+529B
    { 16, 17, 267, 0, 15, 68, 11894 }, // U+529F
    { 16, 17, 267, 0, 15, 68, 11962 }, // U+52A0
    { 16, 18, 267, 0, 15, 72, 12030 }, // U+52D5
    { 17, 17, 267, 0, 15, 73, 12102 }, // U+5316
    { 17, 16, 267, 0, 14, 68, 12175 }, // U+539F
    { 16, 17, 267, 0, 15, 68, 12243 }, // U+53BB
    { 17, 17, 267, 0, 15, 73, 12311 }, // U+53C2
    { 16, 16, 267, 0, 14, 64, 12384 }, // U+53CD
    { 17, 16, 267, 0, 14, 68, 12448 }, // U+53D6
    { 16, 17, 267, 0, 15, 68, 12516 }, // U+53D7
    { 16, 16, 267, 0, 14, 64, 12584 }, // U+53EF
    { 16, 17, 267, 0, 15, 68, 12648 }, // U+53F3
    { 16, 17, 267, 0, 14, 68, 12716 }, // U+53F7
    { 17, 17, 267, 0, 15, 73, 12784 }, // U+5404
    { 17, 17, 267, 0, 15, 73, 12857 }, // U+5408
    { 15, 17, 267, 1, 14, 64, 12930 }, // U+540C
    { 15, 17, 267, 0, 15, 64, 12994 }, // U+540D
    { 15, 17, 267, 1, 15, 64, 13058 }, // U+5411
    { 15, 17, 267, 1, 15, 64, 13122 }, // U+544A
    { 15, 16, 267, 1, 14, 60, 13186 }, // U+56DE
    { 15, 16, 267, 1, 14, 60, 13246 }, // U+56E0
    { 15, 16, 267, 1, 14, 60, 13306 }, // U+56F2
    { 16, 17, 267, 0, 15, 68, 13366 }, // U+5728
    { 17, 17, 267, 0, 15, 73, 13434 }, // U+57CB
    { 17, 17, 267, 0, 15, 73, 13507 }, // U+5831
    { 17, 17, 267, 0, 15, 73, 13580 }, // U+5916
    { 16, 17, 267, 0, 15, 68, 13653 }, // U+5927
    { 17, 17, 267, 0, 15, 73, 13721 }, // U+592A
    { 17, 17, 267, 0, 15, 73, 13794 }, // U+592E
    { 17, 17, 267, 0, 15, 73, 13867 }, // U+5931
    { 15, 17, 267, 1, 15, 64, 13940 }, // U+5B57
    { 16, 17, 267, 0, 15, 68, 14004 }, // U+5B58
    { 16, 17, 267, 0, 15, 68, 14072 }, // U+5B8C
    { 16, 17, 267, 0, 15, 68, 14140 }, // U+5B9A
    { 16, 17, 267, 0, 15, 68, 14208 }, // U+5B9B
    { 16, 17, 267, 0, 15, 68, 14276 }, // U+5BB3
    { 17, 18, 267, 0, 15, 77, 14344 }, // U+5C0F
    { 16, 16, 267, 0, 14, 64, 14421 }, // U+5C3E
    { 16, 17, 267, 0, 15, 68, 14485 }, // U+5DE6
    { 15, 17, 267, 1, 15, 64, 14553 }, // U+5E38
    { 17, 17, 267, 0, 15, 73, 14617 }, // U+5E83
    { 17, 17, 267, 0, 15, 73, 14690 }, // U+5EA6
    { 14, 17, 267, 1, 15, 60, 14763 }, // U+5F53
    { 17, 17, 267, 0, 15, 73, 14823 }, // U+5F79
    { 16, 17, 267, 0, 15, 68, 14896 }, // U+5F97
    { 16, 18, 267, 0, 15, 72, 14964 }, // U+60C5
    { 16, 17, 267, 0, 15, 68, 15036 }, // U+6210
    { 17, 16, 267, 0, 14, 68, 15104 }, // U+623B
    { 17, 18, 267, 0, 15, 77, 15172 }, // U+629E
    { 16, 18, 267, 0, 15, 72, 15249 }, // U+62BC
    { 16, 18, 267, 0, 15, 72, 15321 }, // U+6357
    { 16, 18, 267, 0, 15, 72, 15393 }, // U+63A5
    { 16, 18, 267, 0, 15, 72, 15465 }, // U+63C3
    { 17, 18, 267, 0, 15, 77, 15537 }, // U+64AE
    { 17, 18, 267, 0, 15, 77, 15614 }, // U+64CD
    { 17, 17, 267, 0, 15, 73, 15691 }, // U+6557
    { 17, 17, 267, 0, 15, 73, 15764 }, // U+6570
    { 17, 17, 267, 0, 15, 73, 15837 }, // U+6587
    { 16, 17, 267, 0, 15, 68, 15910 }, // U+65B0
    { 16, 18, 267, 0, 15, 72, 15978 }, // U+65B9
    { 17, 16, 267, 0, 14, 68, 16050 }, // U+65E2
    { 12, 16, 267, 2, 14, 48, 16118 }, // U+65E5
    { 16, 17, 267, 1, 15, 68, 16166 }, // U+6642
    { 16, 17, 267, 1, 15, 68, 16234 }, // U+6697
    { 16, 17, 267, 0, 15, 68, 16302 }, // U+66F8
    { 17, 17, 267, 0, 15, 73, 16370 }, // U+66FF
    { 17, 16, 267, 0, 14, 68, 16443 }, // U+6700
    { 16, 18, 267, 0, 15, 72, 16511 }, // U+671F
    { 17, 17, 267, 0, 15, 73, 16583 }, // U+672A
    { 17, 17, 267, 0, 15, 73, 16656 }, // U+672B
    { 17, 17, 267, 0, 15, 73, 16729 }, // U+672C
    { 17, 17, 267, 0, 15, 73, 16802 }, // U+6790
    { 17, 17, 267, 0, 15, 73, 16875 }, // U+691C
    { 17, 17, 267, 0, 15, 73, 16948 }, // U+6A19
    { 17, 17, 267, 0, 15, 73, 17021 }, // U+6A2A
    { 17, 17, 267, 0, 15, 73, 17094 }, // U+6B21
    { 16, 15, 267, 0, 14, 60, 17167 }, // U+6B63
    { 17, 18, 267, 0, 15, 77, 17227 }, // U+6B8B
    { 17, 17, 267, 0, 15, 73, 17304 }, // U+6BB5
    { 17, 17, 267, 0, 15, 73, 17377 }, // U+6CE8
    { 16, 18, 267, 0, 15, 72, 17450 }, // U+6D88
    { 17, 17, 267, 0, 15, 73, 17522 }, // U+6DFB
    { 17, 17, 267, 0, 15, 73, 17595 }, // U+6E08
    { 17, 18, 267, 0, 15, 77, 17668 }, // U+6E90
    { 16, 17, 267, 0, 15, 68, 17745 }, // U+6E96
    { 16, 17, 267, 0, 15, 68, 17813 }, // U+7121
    { 16, 16, 267, 0, 14, 64, 17881 }, // U+7167
    { 16, 17, 267, 0, 15, 68, 17945 }, // U+7279
    { 17, 18, 267, 0, 15, 77, 18013 }, // U+72ED
    { 16, 17, 267, 0, 15, 68, 18090 }, // U+7387
    { 17, 17, 267, 0, 14, 73, 18158 }, // U+73FE
    { 15, 17, 267, 0, 14, 64, 18231 }, // U+7528
    { 16, 16, 267, 0, 14, 64, 18295 }, // U+753B
    { 17, 17, 267, 0, 15, 73, 18359 }, // U+756A
    { 13, 17, 267, 2, 15, 56, 18432 }, // U+767D
    { 15, 18, 267, 1, 15, 68, 18488 }, // U+7684
    { 12, 16, 267, 2, 14, 48, 18556 }, // U+76EE
    { 16, 17, 267, 0, 15, 68, 18604 }, // U+77ED
    { 16, 17, 267, 0, 15, 68, 18672 }, // U+78BA
    { 16, 16, 267, 0, 14, 64, 18740 }, // U+793A
    { 17, 17, 267, 0, 15, 73, 18804 }, // U+79F0
    { 17, 17, 267, 0, 15, 73, 18877 }, // U+79FB
    { 15, 17, 267, 1, 15, 64, 18950 }, // U+7A7A
    { 16, 17, 267, 0, 15, 68, 19014 }, // U+7AE0
    { 16, 17, 267, 0, 15, 68, 19082 }, // U+7AEF
    { 16, 17, 267, 0, 15, 68, 19150 }, // U+7B2C
    { 16, 17, 267, 0, 15, 68, 19218 }, // U+7B97
    { 17, 17, 267, 0, 15, 73, 19286 }, // U+7BC4
    { 16, 17, 267, 0, 15, 68, 19359 }, // U+7D22
    { 16, 17, 267, 0, 15, 68, 19427 }, // U+7D30
    { 17, 17, 267, 0, 15, 73, 19495 }, // U+7D42
    { 17, 17, 267, 0, 15, 73, 19568 }, // U+7D9A
    { 16, 17, 267, 0, 15, 68, 19641 }, // U+7DE8
    { 17, 17, 267, 0, 15, 73, 19709 }, // U+7E26
    { 15, 16, 267, 1, 14, 60, 19782 }, // U+7F6E
    { 17, 18, 267, 0, 15, 77, 19842 }, // U+80FD
    { 16, 18, 267, 0, 15, 72, 19919 }, // U+811A
    { 13, 17, 267, 2, 15, 56, 19991 }, // U+81EA
    { 17, 17, 267, 0, 15, 73, 20047 }, // U+822C
    { 16, 17, 267, 0, 15, 68, 20120 }, // U+8272
    { 17, 17, 267, 0, 15, 73, 20188 }, // U+843D
    { 16, 18, 267, 0, 15, 72, 20261 }, // U+884C
    { 17, 17, 267, 0, 15, 73, 20333 }, // U+8868
    { 17, 17, 267, 0, 15, 73, 20406 }, // U+898B
    { 17, 18, 267, 0, 15, 77, 20479 }, // U+8996
    { 16, 18, 267, 0, 15, 72, 20556 }, // U+89A7
    { 17, 18, 267, 0, 15, 77, 20628 }, // U+89E3
    { 16, 16, 267, 0, 14, 64, 20705 }, // U+8A00
    { 17, 17, 267, 0, 15, 73, 20769 }, // U+8A08
    { 17, 16, 267, 0, 14, 68, 20842 }, // U+8A18
    { 17, 17, 267, 0, 15, 73, 20910 }, // U+8A2D
    { 17, 16, 267, 0, 14, 68, 20983 }, // U+8A3C
    { 17, 17, 267, 0, 15, 73, 21051 }, // U+8A66
    { 17, 17, 267, 0, 15, 73, 21124 }, // U+8A73
    { 17, 16, 267, 0, 14, 68, 21197 }, // U+8A8D
    { 17, 16, 267, 0, 14, 68, 21265 }, // U+8A9E
    { 17, 17, 267, 0, 15, 73, 21333 }, // U+8AAD
    { 17, 17, 267, 0, 15, 73, 21406 }, // U+8D77
    { 17, 17, 267, 0, 15, 73, 21479 }, // U+8EE2
    { 17, 17, 267, 0, 15, 73, 21552 }, // U+8FBC
    { 17, 17, 267, 0, 15, 73, 21625 }, // U+8FD1
    { 17, 17, 267, 0, 15, 73, 21698 }, // U+8FFD
    { 17, 17, 267, 0, 15, 73, 21771 }, // U+9000
    { 17, 17, 267, 0, 15, 73, 21844 }, // U+9001
    { 17, 17, 267, 0, 15, 73, 21917 }, // U+9032
    { 17, 17, 267, 0, 15, 73, 21990 }, // U+9069
    { 17, 17, 267, 0, 15, 73, 22063 }, // U+9078
    { 17, 16, 267, 0, 14, 68, 22136 }, // U+914D
    { 16, 15, 267, 0, 14, 60, 22204 }, // U+91CF
    { 17, 17, 267, 0, 15, 73, 22264 }, // U+9332
    { 17, 16, 267, 0, 14, 68, 22337 }, // U+9577
    { 15, 17, 267, 1, 14, 64, 22405 }, // U+958B
    { 15, 17, 267, 1, 14, 64, 22469 }, // U+9593
    { 16, 17, 267, 1, 15, 68, 22533 }, // U+9664
    { 15, 18, 267, 1, 15, 68, 22601 }, // U+9694
    { 15, 17, 267, 1, 15, 64, 22669 }, // U+969C
    { 15, 17, 267, 1, 15, 64, 22733 }, // U+96A0
    { 17, 17, 267, 0, 15, 73, 22797 }, // U+96C6
    { 16, 16, 267, 1, 14, 64, 22870 }, // U+96FB
    { 16, 17, 267, 0, 15, 68, 22934 }, // U+975E
    { 16, 16, 267, 0, 14, 64, 23002 }, // U+9762
    { 17, 17, 267, 0, 15, 73, 23066 }, // U+983B
    { 12, 14, 172, 0, 14, 42, 0 }, // U+FB00
    { 9, 14, 160, 0, 14, 32, 42 }, // U+FB01
    { 10, 14, 163, 0, 14, 35, 74 }, // U+FB02
    { 15, 14, 245, 0, 14, 53, 109 }, // U+FB03
    { 15, 14, 248, 0, 14, 53, 162 }, // U+FB04
    { 3, 15, 267, 7, 14, 12, 0 }, // U+FF01
    { 7, 6, 267, 5, 15, 11, 12 }, // U+FF02
    { 12, 15, 267, 2, 14, 45, 23 }, // U+FF03
    { 10, 18, 267, 3, 15, 45, 68 }, // U+FF04
    { 15, 13, 267, 1, 13, 49, 113 }, // U+FF05
    { 11, 15, 267, 3, 14, 42, 162 }, // U+FF06
    { 3, 6, 267, 7, 15, 5, 204 }, // U+FF07
    { 5, 16, 267, 11, 15, 20, 209 }, // U+FF08
    { 6, 16, 267, 0, 15, 24, 229 }, // U+FF09
    { 13, 13, 267, 2, 13, 43, 253 }, // U+FF0A
    { 13, 14, 267, 2, 13, 46, 296 }, // U+FF0B
    { 4, 7, 267, 2, 4, 7, 342 }, // U+FF0C
    { 13, 2, 267, 2, 7, 7, 349 }, // U+FF0D
    { 4, 3, 267, 2, 3, 3, 356 }, // U+FF0E
    { 17, 16, 267, 0, 15, 68, 359 }, // U+FF0F
    { 10, 13, 267, 3, 13, 33, 427 }, // U+FF10
    { 9, 13, 267, 4, 13, 30, 460 }, // U+FF11
    { 10, 13, 267, 3, 13, 33, 490 }, // U+FF12
    { 10, 13, 267, 3, 13, 33, 523 }, // U+FF13
    { 11, 13, 267, 3, 13, 36, 556 }, // U+FF14
    { 10, 13, 267, 3, 13, 33, 592 }, // U+FF15
    { 9, 13, 267, 4, 13, 30, 625 }, // U+FF16
    { 9, 13, 267, 4, 13, 30, 655 }, // U+FF17
    { 10, 13, 267, 3, 13, 33, 685 }, // U+FF18
    { 10, 13, 267, 3, 13, 33, 718 }, // U+FF19
    { 3, 12, 267, 7, 12, 9, 751 }, // U+FF1A
    { 4, 15, 267, 6, 12, 15, 760 }, // U+FF1B
    { 14, 13, 267, 1, 13, 46, 775 }, // U+FF1C
    { 13, 7, 267, 2, 10, 23, 821 }, // U+FF1D
    { 14, 13, 267, 1, 13, 46, 844 }, // U+FF1E
    { 9, 15, 267, 4, 14, 34, 890 }, // U+FF1F
    { 15, 17, 267, 1, 15, 64, 924 }, // U+FF20
    { 12, 13, 267, 2, 13, 39, 988 }, // U+FF21
    { 10, 13, 267, 4, 13, 33, 1027 }, // U+FF22
    { 11, 13, 267, 3, 13, 36, 1060 }, // U+FF23
    { 11, 13, 267, 3, 13, 36, 1096 }, // U+FF24
    { 9, 13, 267, 4, 13, 30, 1132 }, // U+FF25
    { 9, 13, 267, 4, 13, 30, 1162 }, // U+FF26
    { 12, 13, 267, 2, 13, 39, 1192 }, // U+FF27
    { 11, 13, 267, 3, 13, 36, 1231 }, // U+FF28
    { 9, 13, 267, 4, 13, 30, 1267 }, // U+FF29
    { 8, 13, 267, 4, 13, 26, 1297 }, // U+FF2A
    { 11, 13, 267, 4, 13, 36, 1323 }, // U+FF2B
    { 8, 13, 267, 5, 13, 26, 1359 }, // U+FF2C
    { 13, 13, 267, 2, 13, 43, 1385 }, // U+FF2D
    { 11, 13, 267, 3, 13, 36, 1428 }, // U+FF2E
    { 13, 13, 267, 2, 13, 43, 1464 }, // U+FF2F
    { 10, 13, 267, 4, 13, 33, 1507 }, // U+FF30
    { 13, 16, 267, 2, 13, 52, 1540 }, // U+FF31
    { 10, 13, 267, 4, 13, 33, 1592 }, // U+FF32
    { 11, 13, 267, 3, 13, 36, 1625 }, // U+FF33
    { 11, 13, 267, 3, 13, 36, 1661 }, // U+FF34
    { 11, 13, 267, 3, 13, 36, 1697 }, // U+FF35
    { 12, 13, 267, 2, 13, 39, 1733 }, // U+FF36
    { 17, 13, 267, 0, 13, 56, 1772 }, // U+FF37
    { 11, 13, 267, 3, 13, 36, 1828 }, // U+FF38
    { 11, 13, 267, 3, 13, 36, 1864 }, // U+FF39
    { 11, 13, 267, 3, 13, 36, 1900 }, // U+FF3A
    { 6, 17, 267, 11, 15, 26, 1936 }, // U+FF3B
    { 17, 16, 267, 0, 15, 68, 1962 }, // U+FF3C
    { 5, 16, 267, 0, 15, 20, 2030 }, // U+FF3D
    { 7, 3, 267, 5, 17, 6, 2050 }, // U+FF3E
    { 17, 1, 267, 0, -1, 5, 2056 }, // U+FF3F
    { 5, 3, 267, 5, 17, 4, 2061 }, // U+FF40
    { 9, 9, 267, 4, 9, 21, 2065 }, // U+FF41
    { 10, 13, 267, 4, 13, 33, 2086 }, // U+FF42
    { 9, 9, 267, 4, 9, 21, 2119 }, // U+FF43
    { 10, 13, 267, 3, 13, 33, 2140 }, // U+FF44
    { 10, 9, 267, 3, 9, 23, 2173 }, // U+FF45
    { 10, 14, 267, 4, 14, 35, 2196 }, // U+FF46
    { 11, 13, 267, 3, 9, 36, 2231 }, // U+FF47
    { 9, 13, 267, 4, 13, 30, 2267 }, // U+FF48
    { 3, 13, 267, 7, 13, 10, 2297 }, // U+FF49
    { 8, 17, 267, 3, 13, 34, 2307 }, // U+FF4A
    { 10, 14, 267, 4, 14, 35, 2341 }, // U+FF4B
    { 6, 14, 267, 7, 14, 21, 2376 }, // U+FF4C
    { 15, 9, 267, 1, 9, 34, 2397 }, // U+FF4D
    { 9, 9, 267, 4, 9, 21, 2431 }, // U+FF4E
    { 11, 9, 267, 3, 9, 25, 2452 }, // U+FF4F
    { 10, 13, 267, 4, 9, 33, 2477 }, // U+FF50
    { 10, 13, 267, 3, 9, 33, 2510 }, // U+FF51
    { 8, 9, 267, 5, 9, 18, 2543 }, // U+FF52
    { 9, 9, 267, 4, 9, 21, 2561 }, // U+FF53
    { 9, 12, 267, 4, 12, 27, 2582 }, // U+FF54
    { 9, 9, 267, 4, 9, 21, 2609 }, // U+FF55
    { 10, 9, 267, 3, 9, 23, 2630 }, // U+FF56
    { 15, 9, 267, 1, 9, 34, 2653 }, // U+FF57
    { 10, 9, 267, 3, 9, 23, 2687 }, // U+FF58
    { 10, 13, 267, 3, 9, 33, 2710 }, // U+FF59
    { 9, 9, 267, 4, 9, 21, 2743 }, // U+FF5A
    { 6, 17, 267, 11, 15, 26, 2764 }, // U+FF5B
    { 2, 17, 267, 7, 15, 9, 2790 }, // U+FF5C
    { 5, 16, 267, 0, 15, 20, 2799 }, // U+FF5D
    { 16, 5, 267, 0, 9, 20, 2819 }, // U+FF5E
    { 8, 16, 267, 9, 15, 32, 2839 }, // U+FF5F
    { 8, 16, 267, 0, 15, 32, 2871 }, // U+FF60
    { 6, 5, 133, 0, 4, 8, 2903 }, // U+FF61
    { 6, 12, 133, 2, 15, 18, 2911 }, // U+FF62
    { 6, 12, 133, 0, 10, 18, 2929 }, // U+FF63
    { 6, 5, 133, 0, 4, 8, 2947 }, // U+FF64
    { 4, 3, 133, 2, 8, 3, 2955 }, // U+FF65
    { 7, 15, 133, 1, 13, 27, 2958 }, // U+FF66
    { 7, 12, 133, 1, 10, 21, 2985 }, // U+FF67
    { 6, 11, 133, 1, 10, 17, 3006 }, // U+FF68
    { 6, 13, 133, 1, 11, 20, 3023 }, // U+FF69
    { 6, 10, 133, 1, 9, 15, 3043 }, // U+FF6A
    { 6, 12, 133, 1, 11, 18, 3058 }, // U+FF6B
    { 7, 11, 133, 1, 10, 20, 3076 }, // U+FF6C
    { 7, 10, 133, 1, 9, 18, 3096 }, // U+FF6D
    { 6, 12, 133, 1, 10, 18, 3114 }, // U+FF6E
    { 7, 11, 133, 1, 10, 20, 3132 }, // U+FF6F
    { 8, 3, 133, 0, 8, 6, 3152 }, // U+FF70
    { 7, 15, 133, 1, 13, 27, 3158 }, // U+FF71
    { 8, 14, 133, 0, 13, 28, 3185 }, // U+FF72
    { 7, 16, 133, 1, 14, 28, 3213 }, // U+FF73
    { 8, 12, 133, 0, 12, 24, 3241 }, // U+FF74
    { 8, 15, 133, 0, 14, 30, 3265 }, // U+FF75
    { 8, 15, 133, 0, 14, 30, 3295 }, // U+FF76
    { 8, 14, 133, 0, 13, 28, 3325 }, // U+FF77
    { 8, 16, 133, 0, 14, 32, 3353 }, // U+FF78
    { 8, 16, 133, 0, 14, 32, 3385 }, // U+FF79
    { 7, 13, 133, 1, 12, 23, 3417 }, // U+FF7A
    { 8, 15, 133, 0, 14, 30, 3440 }, // U+FF7B
    { 8, 14, 133, 0, 13, 28, 3470 }, // U+FF7C
    { 8, 14, 133, 0, 13, 28, 3498 }, // U+FF7D
    { 8, 15, 133, 0, 14, 30, 3526 }, // U+FF7E
    { 8, 13, 133, 0, 12, 26, 3556 }, // U+FF7F
    { 8, 17, 133, 0, 15, 34, 3582 }, // U+FF80
    { 8, 15, 133, 0, 14, 30, 3616 }, // U+FF81
    { 8, 13, 133, 0, 12, 26, 3646 }, // U+FF82
    { 8, 15, 133, 0, 13, 30, 3672 }, // U+FF83
    { 6, 14, 133, 2, 13, 21, 3702 }, // U+FF84
    { 8, 16, 133, 0, 14, 32, 3723 }, // U+FF85
    { 8, 12, 133, 0, 12, 24, 3755 }, // U+FF86
    { 7, 14, 133, 0, 13, 25, 3779 }, // U+FF87
    { 8, 16, 133, 0, 14, 32, 3804 }, // U+FF88
    { 7, 13, 133, 0, 12, 23, 3836 }, // U+FF89
    { 8, 12, 133, 0, 12, 24, 3859 }, // U+FF8A
    { 6, 15, 133, 1, 14, 23, 3883 }, // U+FF8B
    { 7, 14, 133, 1, 12, 25, 3906 }, // U+FF8C
    { 8, 12, 133, 0, 12, 24, 3931 }, // U+FF8D
    { 8, 15, 133, 0, 14, 30, 3955 }, // U+FF8E
    { 8, 14, 133, 0, 12, 28, 3985 }, // U+FF8F
    { 6, 14, 133, 1, 13, 21, 4013 }, // U+FF90
    { 8, 13, 133, 0, 13, 26, 4034 }, // U+FF91
    { 8, 14, 133, 0, 13, 28, 4060 }, // U+FF92
    { 8, 14, 133, 0, 13, 28, 4088 }, // U+FF93
    { 8, 14, 133, 0, 13, 28, 4116 }, // U+FF94
    { 8, 12, 133, 0, 12, 24, 4144 }, // U+FF95
    { 7, 14, 133, 1, 13, 25, 4168 }, // U+FF96
    { 7, 16, 133, 1, 14, 28, 4193 }, // U+FF97
    { 6, 14, 133, 1, 13, 21, 4221 }, // U+FF98
    { 9, 13, 133, 0, 12, 30, 4242 }, // U+FF99
    { 7, 13, 133, 1, 13, 23, 4272 }, // U+FF9A
    { 7, 14, 133, 1, 13, 25, 4295 }, // U+FF9B
    { 7, 14, 133, 1, 13, 25, 4320 }, // U+FF9C
    { 7, 13, 133, 1, 13, 23, 4345 }, // U+FF9D
    { 5, 4, 133, 0, 15, 5, 4368 }, // U+FF9E
    { 4, 5, 133, 0, 15, 5, 4373 }, // U+FF9F
    { 0, 0, 245, 0, 0, 0, 4378 }, // U+FFA0
    { 11, 10, 245, 2, 11, 28, 4378 }, // U+FFA1
    { 12, 10, 245, 2, 11, 30, 4406 }, // U+FFA2
    { 12, 10, 245, 2, 11, 30, 4436 }, // U+FFA3
    { 10, 9, 245, 3, 11, 23, 4466 }, // U+FFA4
    { 12, 10, 245, 2, 11, 30, 4489 }, // U+FFA5
    { 11, 10, 245, 2, 11, 28, 4519 }, // U+FFA6
    { 10, 9, 245, 3, 11, 23, 4547 }, // U+FFA7
    { 11, 9, 245, 2, 11, 25, 4570 }, // U+FFA8
    { 11, 9, 245, 2, 11, 25, 4595 }, // U+FFA9
    { 11, 9, 245, 2, 11, 25, 4620 }, // U+FFAA
    { 12, 9, 245, 2, 11, 27, 4645 }, // U+FFAB
    { 12, 10, 245, 2, 12, 30, 4672 }, // U+FFAC
    { 13, 11, 245, 2, 12, 36, 4702 }, // U+FFAD
    { 12, 9, 245, 2, 11, 27, 4738 }, // U+FFAE
    { 12, 9, 245, 2, 11, 27, 4765 }, // U+FFAF
    { 12, 9, 245, 2, 11, 27, 4792 }, // U+FFB0
    { 10, 9, 245, 3, 11, 23, 4819 }, // U+FFB1
    { 10, 9, 245, 3, 11, 23, 4842 }, // U+FFB2
    { 11, 9, 245, 2, 11, 25, 4865 }, // U+FFB3
    { 13, 10, 245, 2, 11, 33, 4890 }, // U+FFB4
    { 12, 9, 245, 2, 11, 27, 4923 }, // U+FFB5
    { 13, 8, 245, 1, 10, 26, 4950 }, // U+FFB6
    { 11, 9, 245, 2, 11, 25, 4976 }, // U+FFB7
    { 11, 9, 245, 2, 11, 25, 5001 }, // U+FFB8
    { 13, 9, 245, 1, 11, 30, 5026 }, // U+FFB9
    { 11, 11, 245, 2, 12, 31, 5056 }, // U+FFBA
    { 11, 9, 245, 2, 11, 25, 5087 }, // U+FFBB
    { 10, 9, 245, 3, 11, 23, 5112 }, // U+FFBC
    { 11, 9, 245, 2, 11, 25, 5135 }, // U+FFBD
    { 11, 11, 245, 2, 12, 31, 5160 }, // U+FFBE
    { 6, 17, 245, 6, 15, 26, 5191 }, // U+FFC2
    { 6, 17, 245, 5, 15, 26, 5217 }, // U+FFC3
    { 5, 17, 245, 6, 15, 22, 5243 }, // U+FFC4
    { 6, 17, 245, 5, 15, 26, 5265 }, // U+FFC5
    { 6, 17, 245, 4, 15, 26, 5291 }, // U+FFC6
    { 8, 17, 245, 3, 15, 34, 5317 }, // U+FFC7
    { 6, 17, 245, 4, 15, 26, 5351 }, // U+FFCA
    { 8, 17, 245, 3, 15, 34, 5377 }, // U+FFCB
    { 15, 9, 245, 0, 12, 34, 5411 }, // U+FFCC
    { 15, 17, 245, 0, 15, 64, 5445 }, // U+FFCD
    { 13, 17, 245, 1, 15, 56, 5509 }, // U+FFCE
    { 13, 17, 245, 1, 15, 56, 5565 }, // U+FFCF
    { 15, 10, 245, 0, 12, 38, 5621 }, // U+FFD2
    { 15, 9, 245, 0, 9, 34, 5659 }, // U+FFD3
    { 13, 17, 245, 1, 15, 56, 5693 }, // U+FFD4
    { 13, 17, 245, 1, 15, 56, 5749 }, // U+FFD5
    { 13, 17, 245, 1, 15, 56, 5805 }, // U+FFD6
    { 15, 9, 245, 0, 9, 34, 5861 }, // U+FFD7
    { 15, 2, 245, 0, 8, 8, 5895 }, // U+FFDA
    { 13, 17, 245, 1, 15, 56, 5903 }, // U+FFDB
    { 2, 15, 245, 7, 14, 8, 5959 }, // U+FFDC
    { 10, 16, 267, 3, 14, 40, 5967 }, // U+FFE0
    { 10, 14, 267, 3, 13, 35, 6007 }, // U+FFE1
    { 14, 6, 267, 1, 9, 21, 6042 }, // U+FFE2
    { 17, 1, 267, 0, 15, 5, 6063 }, // U+FFE3
    { 2, 15, 267, 7, 14, 8, 6068 }, // U+FFE4
    { 11, 14, 267, 3, 13, 39, 6076 }, // U+FFE5
    { 15, 14, 267, 1, 13, 53, 6115 }, // U+FFE6
    { 2, 19, 133, 3, 14, 10, 6168 }, // U+FFE8
    { 8, 9, 133, 0, 11, 18, 6178 }, // U+FFE9
    { 7, 16, 133, 1, 15, 28, 6196 }, // U+FFEA
    { 9, 9, 133, 0, 11, 21, 6224 }, // U+FFEB
    { 7, 16, 133, 1, 15, 28, 6245 }, // U+FFEC
    { 7, 6, 133, 1, 10, 11, 6273 }, // U+FFED
    { 7, 7, 133, 1, 10, 13, 6284 }, // U+FFEE
};

static const EpdUnicodeInterval notosansjp_8_regularIntervals[] = {
    { 0x20, 0x7E, 0x0 },
    { 0xA0, 0xFF, 0x5F },
    { 0x100, 0x103, 0xBF },
    { 0x110, 0x113, 0xC3 },
    { 0x11A, 0x11B, 0xC7 },
    { 0x128, 0x12B, 0xC9 },
    { 0x143, 0x144, 0xCD },
    { 0x147, 0x148, 0xCF },
    { 0x14C, 0x14F, 0xD1 },
    { 0x152, 0x153, 0xD5 },
    { 0x168, 0x16D, 0xD7 },
    { 0x1A0, 0x1A1, 0xDD },
    { 0x1AF, 0x1B0, 0xDF },
    { 0x1CD, 0x1DC, 0xE1 },
    { 0x1F8, 0x1F9, 0xF1 },
    { 0x300, 0x301, 0xF3 },
    { 0x304, 0x304, 0xF5 },
    { 0x307, 0x307, 0xF6 },
    { 0x30C, 0x30C, 0xF7 },
    { 0x401, 0x401, 0xF8 },
    { 0x410, 0x44F, 0xF9 },
    { 0x451, 0x451, 0x139 },
    { 0x1EA0, 0x1EF9, 0x13A },
    { 0x2002, 0x2003, 0x194 },
    { 0x2010, 0x2016, 0x196 },
    { 0x2018, 0x201A, 0x19D },
    { 0x201C, 0x201E, 0x1A0 },
    { 0x2020, 0x2022, 0x1A3 },
    { 0x2025, 0x2027, 0x1A6 },
    { 0x2030, 0x2030, 0x1A9 },
    { 0x2032, 0x2033, 0x1AA },
    { 0x2035, 0x2035, 0x1AC },
    { 0x2039, 0x203C, 0x1AD },
    { 0x2042, 0x2042, 0x1B1 },
    { 0x2047, 0x2049, 0x1B2 },
    { 0x2051, 0x2051, 0x1B5 },
    { 0x2074, 0x2074, 0x1B6 },
    { 0x20A9, 0x20A9, 0x1B7 },
    { 0x20AB, 0x20AC, 0x1B8 },
    { 0x2190, 0x2199, 0x1BA },
    { 0x21B8, 0x21B9, 0x1C4 },
    { 0x21C4, 0x21C6, 0x1C6 },
    { 0x21CB, 0x21CC, 0x1C9 },
    { 0x21D0, 0x21D0, 0x1CB },
    { 0x21D2, 0x21D2, 0x1CC },
    { 0x21D4, 0x21D4, 0x1CD },
    { 0x21E6, 0x21E9, 0x1CE },
    { 0x21F5, 0x21F5, 0x1D2 },
    { 0x2200, 0x2200, 0x1D3 },
    { 0x2202, 0x2203, 0x1D4 },
    { 0x2205, 0x220B, 0x1D6 },
    { 0x220F, 0x220F, 0x1DD },
    { 0x2211, 0x2213, 0x1DE },
    { 0x2215, 0x2215, 0x1E1 },
    { 0x221A, 0x221A, 0x1E2 },
    { 0x221D, 0x2220, 0x1E3 },
    { 0x2223, 0x2223, 0x1E7 },
    { 0x2225, 0x222E, 0x1E8 },
    { 0x2234, 0x2237, 0x1F2 },
    { 0x223D, 0x223D, 0x1F6 },
    { 0x2243, 0x2243, 0x1F7 },
    { 0x2245, 0x2245, 0x1F8 },
    { 0x2248, 0x2248, 0x1F9 },
    { 0x224C, 0x224C, 0x1FA },
    { 0x2260, 0x2262, 0x1FB },
    { 0x2264, 0x2267, 0x1FE },
    { 0x226A, 0x226B, 0x202 },
    { 0x226E, 0x226F, 0x204 },
    { 0x2272, 0x2273, 0x206 },
    { 0x2276, 0x2277, 0x208 },
    { 0x2282, 0x2287, 0x20A },
    { 0x228A, 0x228B, 0x210 },
    { 0x2295, 0x2299, 0x212 },
    { 0x22A0, 0x22A0, 0x217 },
    { 0x22A5, 0x22A5, 0x218 },
    { 0x22BF, 0x22BF, 0x219 },
    { 0x22DA, 0x22DB, 0x21A },
    { 0x22EF, 0x22EF, 0x21C },
    { 0x3041, 0x3096, 0x21D },
    { 0x3099, 0x30FF, 0x273 },
    { 0x4E00, 0x4E00, 0x2DA },
    { 0x4E0A, 0x4E0A, 0x2DB },
    { 0x4E0B, 0x4E0B, 0x2DC },
    { 0x4E21, 0x4E21, 0x2DD },
    { 0x4E2D, 0x4E2D, 0x2DE },
    { 0x4E86, 0x4E86, 0x2DF },
    { 0x4ED6, 0x4ED6, 0x2E0 },
    { 0x4ED8, 0x4ED8, 0x2E1 },
    { 0x4EF6, 0x4EF6, 0x2E2 },
    { 0x4F4D, 0x4F4D, 0x2E3 },
    { 0x4F53, 0x4F53, 0x2E4 },
    { 0x4F59, 0x4F59, 0x2E5 },
    { 0x4F5C, 0x4F5C, 0x2E6 },
    { 0x4F7F, 0x4F7F, 0x2E7 },
    { 0x4FDD, 0x4FDD, 0x2E8 },
    { 0x4FE1, 0x4FE1, 0x2E9 },
    { 0x4FEE, 0x4FEE, 0x2EA },
    { 0x50CF, 0x50CF, 0x2EB },
    { 0x5143, 0x5143, 0x2EC },
    { 0x5148, 0x5148, 0x2ED },
    { 0x5149, 0x5149, 0x2EE },
    { 0x5165, 0x5165, 0x2EF },
    { 0x5168, 0x5168, 0x2F0 },
    { 0x5185, 0x5185, 0x2F1 },
    { 0x518D, 0x518D, 0x2F2 },
    { 0x51FA, 0x51FA, 0x2F3 },
    { 0x5206, 0x5206, 0x2F4 },
    { 0x5207, 0x5207, 0x2F5 },
    { 0x523B, 0x523B, 0x2F6 },
    { 0x524A, 0x524A, 0x2F7 },
    { 0x524D, 0x524D, 0x2F8 },
    { 0x5272, 0x5272, 0x2F9 },
    { 0x529B, 0x529B, 0x2FA },
    { 0x529F, 0x529F, 0x2FB },
    { 0x52A0, 0x52A0, 0x2FC },
    { 0x52D5, 0x52D5, 0x2FD },
    { 0x5316, 0x5316, 0x2FE },
    { 0x539F, 0x539F, 0x2FF },
    { 0x53BB, 0x53BB, 0x300 },
    { 0x53C2, 0x53C2, 0x301 },
    { 0x53CD, 0x53CD, 0x302 },
    { 0x53D6, 0x53D6, 0x303 },
    { 0x53D7, 0x53D7, 0x304 },
    { 0x53EF, 0x53EF, 0x305 },
    { 0x53F3, 0x53F3, 0x306 },
    { 0x53F7, 0x53F7, 0x307 },
    { 0x5404, 0x5404, 0x308 },
    { 0x5408, 0x5408, 0x309 },
    { 0x540C, 0x540C, 0x30A },
    { 0x540D, 0x540D, 0x30B },
    { 0x5411, 0x5411, 0x30C },
    { 0x544A, 0x544A, 0x30D },
    { 0x56DE, 0x56DE, 0x30E },
    { 0x56E0, 0x56E0, 0x30F },
    { 0x56F2, 0x56F2, 0x310 },
    { 0x5728, 0x5728, 0x311 },
    { 0x57CB, 0x57CB, 0x312 },
    { 0x5831, 0x5831, 0x313 },
    { 0x5916, 0x5916, 0x314 },
    { 0x5927, 0x5927, 0x315 },
    { 0x592A, 0x592A, 0x316 },
    { 0x592E, 0x592E, 0x317 },
    { 0x5931, 0x5931, 0x318 },
    { 0x5B57, 0x5B57, 0x319 },
    { 0x5B58, 0x5B58, 0x31A },
    { 0x5B8C, 0x5B8C, 0x31B },
    { 0x5B9A, 0x5B9A, 0x31C },
    { 0x5B9B, 0x5B9B, 0x31D },
    { 0x5BB3, 0x5BB3, 0x31E },
    { 0x5C0F, 0x5C0F, 0x31F },
    { 0x5C3E, 0x5C3E, 0x320 },
    { 0x5DE6, 0x5DE6, 0x321 },
    { 0x5E38, 0x5E38, 0x322 },
    { 0x5E83, 0x5E83, 0x323 },
    { 0x5EA6, 0x5EA6, 0x324 },
    { 0x5F53, 0x5F53, 0x325 },
    { 0x5F79, 0x5F79, 0x326 },
    { 0x5F97, 0x5F97, 0x327 },
    { 0x60C5, 0x60C5, 0x328 },
    { 0x6210, 0x6210, 0x329 },
    { 0x623B, 0x623B, 0x32A },
    { 0x629E, 0x629E, 0x32B },
    { 0x62BC, 0x62BC, 0x32C },
    { 0x6357, 0x6357, 0x32D },
    { 0x63A5, 0x63A5, 0x32E },
    { 0x63C3, 0x63C3, 0x32F },
    { 0x64AE, 0x64AE, 0x330 },
    { 0x64CD, 0x64CD, 0x331 },
    { 0x6557, 0x6557, 0x332 },
    { 0x6570, 0x6570, 0x333 },
    { 0x6587, 0x6587, 0x334 },
    { 0x65B0, 0x65B0, 0x335 },
    { 0x65B9, 0x65B9, 0x336 },
    { 0x65E2, 0x65E2, 0x337 },
    { 0x65E5, 0x65E5, 0x338 },
    { 0x6642, 0x6642, 0x339 },
    { 0x6697, 0x6697, 0x33A },
    { 0x66F8, 0x66F8, 0x33B },
    { 0x66FF, 0x66FF, 0x33C },
    { 0x6700, 0x6700, 0x33D },
    { 0x671F, 0x671F, 0x33E },
    { 0x672A, 0x672A, 0x33F },
    { 0x672B, 0x672B, 0x340 },
    { 0x672C, 0x672C, 0x341 },
    { 0x6790, 0x6790, 0x342 },
    { 0x691C, 0x691C, 0x343 },
    { 0x6A19, 0x6A19, 0x344 },
    { 0x6A2A, 0x6A2A, 0x345 },
    { 0x6B21, 0x6B21, 0x346 },
    { 0x6B63, 0x6B63, 0x347 },
    { 0x6B8B, 0x6B8B, 0x348 },
    { 0x6BB5, 0x6BB5, 0x349 },
    { 0x6CE8, 0x6CE8, 0x34A },
    { 0x6D88, 0x6D88, 0x34B },
    { 0x6DFB, 0x6DFB, 0x34C },
    { 0x6E08, 0x6E08, 0x34D },
    { 0x6E90, 0x6E90, 0x34E },
    { 0x6E96, 0x6E96, 0x34F },
    { 0x7121, 0x7121, 0x350 },
    { 0x7167, 0x7167, 0x351 },
    { 0x7279, 0x7279, 0x352 },
    { 0x72ED, 0x72ED, 0x353 },
    { 0x7387, 0x7387, 0x354 },
    { 0x73FE, 0x73FE, 0x355 },
    { 0x7528, 0x7528, 0x356 },
    { 0x753B, 0x753B, 0x357 },
    { 0x756A, 0x756A, 0x358 },
    { 0x767D, 0x767D, 0x359 },
    { 0x7684, 0x7684, 0x35A },
    { 0x76EE, 0x76EE, 0x35B },
    { 0x77ED, 0x77ED, 0x35C },
    { 0x78BA, 0x78BA, 0x35D },
    { 0x793A, 0x793A, 0x35E },
    { 0x79F0, 0x79F0, 0x35F },
    { 0x79FB, 0x79FB, 0x360 },
    { 0x7A7A, 0x7A7A, 0x361 },
    { 0x7AE0, 0x7AE0, 0x362 },
    { 0x7AEF, 0x7AEF, 0x363 },
    { 0x7B2C, 0x7B2C, 0x364 },
    { 0x7B97, 0x7B97, 0x365 },
    { 0x7BC4, 0x7BC4, 0x366 },
    { 0x7D22, 0x7D22, 0x367 },
    { 0x7D30, 0x7D30, 0x368 },
    { 0x7D42, 0x7D42, 0x369 },
    { 0x7D9A, 0x7D9A, 0x36A },
    { 0x7DE8, 0x7DE8, 0x36B },
    { 0x7E26, 0x7E26, 0x36C },
    { 0x7F6E, 0x7F6E, 0x36D },
    { 0x80FD, 0x80FD, 0x36E },
    { 0x811A, 0x811A, 0x36F },
    { 0x81EA, 0x81EA, 0x370 },
    { 0x822C, 0x822C, 0x371 },
    { 0x8272, 0x8272, 0x372 },
    { 0x843D, 0x843D, 0x373 },
    { 0x884C, 0x884C, 0x374 },
    { 0x8868, 0x8868, 0x375 },
    { 0x898B, 0x898B, 0x376 },
    { 0x8996, 0x8996, 0x377 },
    { 0x89A7, 0x89A7, 0x378 },
    { 0x89E3, 0x89E3, 0x379 },
    { 0x8A00, 0x8A00, 0x37A },
    { 0x8A08, 0x8A08, 0x37B },
    { 0x8A18, 0x8A18, 0x37C },
    { 0x8A2D, 0x8A2D, 0x37D },
    { 0x8A3C, 0x8A3C, 0x37E },
    { 0x8A66, 0x8A66, 0x37F },
    { 0x8A73, 0x8A73, 0x380 },
    { 0x8A8D, 0x8A8D, 0x381 },
    { 0x8A9E, 0x8A9E, 0x382 },
    { 0x8AAD, 0x8AAD, 0x383 },
    { 0x8D77, 0x8D77, 0x384 },
    { 0x8EE2, 0x8EE2, 0x385 },
    { 0x8FBC, 0x8FBC, 0x386 },
    { 0x8FD1, 0x8FD1, 0x387 },
    { 0x8FFD, 0x8FFD, 0x388 },
    { 0x9000, 0x9000, 0x389 },
    { 0x9001, 0x9001, 0x38A },
    { 0x9032, 0x9032, 0x38B },
    { 0x9069, 0x9069, 0x38C },
    { 0x9078, 0x9078, 0x38D },
    { 0x914D, 0x914D, 0x38E },
    { 0x91CF, 0x91CF, 0x38F },
    { 0x9332, 0x9332, 0x390 },
    { 0x9577, 0x9577, 0x391 },
    { 0x958B, 0x958B, 0x392 },
    { 0x9593, 0x9593, 0x393 },
    { 0x9664, 0x9664, 0x394 },
    { 0x9694, 0x9694, 0x395 },
    { 0x969C, 0x969C, 0x396 },
    { 0x96A0, 0x96A0, 0x397 },
    { 0x96C6, 0x96C6, 0x398 },
    { 0x96FB, 0x96FB, 0x399 },
    { 0x975E, 0x975E, 0x39A },
    { 0x9762, 0x9762, 0x39B },
    { 0x983B, 0x983B, 0x39C },
    { 0xFB00, 0xFB04, 0x39D },
    { 0xFF01, 0xFFBE, 0x3A2 },
    { 0xFFC2, 0xFFC7, 0x460 },
    { 0xFFCA, 0xFFCF, 0x466 },
    { 0xFFD2, 0xFFD7, 0x46C },
    { 0xFFDA, 0xFFDC, 0x472 },
    { 0xFFE0, 0xFFE6, 0x475 },
    { 0xFFE8, 0xFFEE, 0x47C },
};

static const EpdFontGroup notosansjp_8_regularGroups[] = {
    { 0, 1562, 2806, 95, 0 },
    { 1562, 1419, 3367, 96, 95 },
    { 2981, 518, 1182, 30, 191 },
    { 3499, 407, 945, 22, 221 },
    { 3906, 55, 53, 5, 243 },
    { 3961, 1223, 2358, 66, 248 },
    { 5184, 1012, 4254, 90, 314 },
    { 6196, 415, 638, 34, 404 },
    { 6611, 19, 16, 1, 438 },
    { 6630, 103, 114, 3, 439 },
    { 6733, 627, 1480, 25, 442 },
    { 7360, 1601, 3799, 74, 467 },
    { 8961, 13841, 25247, 384, 541 },
    { 22802, 82, 238, 5, 925 },
    { 22884, 3671, 7182, 225, 930 },
};

static const EpdKernClassEntry notosansjp_8_regularKernLeftClasses[] = {
    { 0x0021, 1 }, // !
    { 0x0022, 2 }, // "
    { 0x0027, 2 }, // '
    { 0x0028, 3 }, // (
    { 0x002C, 4 }, // ,
    { 0x002E, 4 }, // .
    { 0x002F, 5 }, // /
    { 0x003A, 6 }, // :
    { 0x003B, 6 }, // ;
    { 0x003F, 7 }, // ?
    { 0x0041, 8 }, // A
    { 0x0042, 9 }, // B
    { 0x0043, 10 }, // C
    { 0x0044, 11 }, // D
    { 0x0045, 12 }, // E
    { 0x0046, 13 }, // F
    { 0x0047, 14 }, // G
    { 0x004A, 15 }, // J
    { 0x004B, 16 }, // K
    { 0x004C, 17 }, // L
    { 0x004F, 11 }, // O
    { 0x0050, 18 }, // P
    { 0x0051, 11 }, // Q
    { 0x0052, 19 }, // R
    { 0x0053, 20 }, // S
    { 0x0054, 21 }, // T
    { 0x0055, 22 }, // U
    { 0x0056, 23 }, // V
    { 0x0057, 24 }, // W
    { 0x0058, 25 }, // X
    { 0x0059, 26 }, // Y
    { 0x005A, 27 }, // Z
    { 0x005B, 3 }, // [
    { 0x005C, 28 }, // <backslash>
    { 0x0061, 29 }, // a
    { 0x0062, 30 }, // b
    { 0x0063, 31 }, // c
    { 0x0065, 32 }, // e
    { 0x0066, 33 }, // f
    { 0x0067, 34 }, // g
    { 0x0068, 35 }, // h
    { 0x006B, 36 }, // k
    { 0x006C, 37 }, // l
    { 0x006D, 35 }, // m
    { 0x006E, 35 }, // n
    { 0x006F, 30 }, // o
    { 0x0070, 30 }, // p
    { 0x0071, 38 }, // q
    { 0x0072, 39 }, // r
    { 0x0073, 40 }, // s
    { 0x0074, 41 }, // t
    { 0x0075, 38 }, // u
    { 0x0076, 42 }, // v
    { 0x0077, 43 }, // w
    { 0x0078, 44 }, // x
    { 0x0079, 45 }, // y
    { 0x007A, 46 }, // z
    { 0x007B, 3 }, // {
    { 0x00A1, 47 }, // U+00A1
    { 0x00AB, 48 }, // U+00AB
    { 0x00AD, 49 }, // U+00AD
    { 0x00B7, 50 }, // U+00B7
    { 0x00BB, 51 }, // U+00BB
    { 0x00BF, 52 }, // U+00BF
    { 0x00C0, 8 }, // U+00C0
    { 0x00C1, 8 }, // U+00C1
    { 0x00C2, 8 }, // U+00C2
    { 0x00C3, 8 }, // U+00C3
    { 0x00C4, 8 }, // U+00C4
    { 0x00C5, 8 }, // U+00C5
    { 0x00C6, 12 }, // U+00C6
    { 0x00C7, 10 }, // U+00C7
    { 0x00C8, 12 }, // U+00C8
    { 0x00C9, 12 }, // U+00C9
    { 0x00CA, 12 }, // U+00CA
    { 0x00CB, 12 }, // U+00CB
    { 0x00D0, 11 }, // U+00D0
    { 0x00D2, 11 }, // U+00D2
    { 0x00D3, 11 }, // U+00D3
    { 0x00D4, 11 }, // U+00D4
    { 0x00D5, 11 }, // U+00D5
    { 0x00D6, 11 }, // U+00D6
    { 0x00D8, 11 }, // U+00D8
    { 0x00D9, 22 }, // U+00D9
    { 0x00DA, 22 }, // U+00DA
    { 0x00DB, 22 }, // U+00DB
    { 0x00DC, 22 }, // U+00DC
    { 0x00DD, 26 }, // U+00DD
    { 0x00DE, 53 }, // U+00DE
    { 0x00DF, 54 }, // U+00DF
    { 0x00E0, 29 }, // U+00E0
    { 0x00E1, 29 }, // U+00E1
    { 0x00E2, 29 }, // U+00E2
    { 0x00E3, 29 }, // U+00E3
    { 0x00E4, 29 }, // U+00E4
    { 0x00E5, 29 }, // U+00E5
    { 0x00E6, 32 }, // U+00E6
    { 0x00E7, 31 }, // U+00E7
    { 0x00E8, 32 }, // U+00E8
    { 0x00E9, 32 }, // U+00E9
    { 0x00EA, 32 }, // U+00EA
    { 0x00EB, 32 }, // U+00EB
    { 0x00F1, 35 }, // U+00F1
    { 0x00F2, 30 }, // U+00F2
    { 0x00F3, 30 }, // U+00F3
    { 0x00F4, 30 }, // U+00F4
    { 0x00F5, 30 }, // U+00F5
    { 0x00F6, 30 }, // U+00F6
    { 0x00F8, 30 }, // U+00F8
    { 0x00F9, 38 }, // U+00F9
    { 0x00FA, 38 }, // U+00FA
    { 0x00FB, 38 }, // U+00FB
    { 0x00FC, 38 }, // U+00FC
    { 0x00FD, 45 }, // U+00FD
    { 0x00FE, 30 }, // U+00FE
    { 0x00FF, 45 }, // U+00FF
    { 0x0100, 8 }, // U+0100
    { 0x0101, 29 }, // U+0101
    { 0x0102, 8 }, // U+0102
    { 0x0103, 29 }, // U+0103
    { 0x0110, 11 }, // U+0110
    { 0x0112, 12 }, // U+0112
    { 0x0113, 32 }, // U+0113
    { 0x011A, 12 }, // U+011A
    { 0x011B, 32 }, // U+011B
    { 0x0144, 35 }, // U+0144
    { 0x0148, 35 }, // U+0148
    { 0x014C, 11 }, // U+014C
    { 0x014D, 30 }, // U+014D
    { 0x014E, 11 }, // U+014E
    { 0x014F, 30 }, // U+014F
    { 0x0152, 12 }, // U+0152
    { 0x0153, 32 }, // U+0153
    { 0x0168, 22 }, // U+0168
    { 0x0169, 38 }, // U+0169
    { 0x016A, 22 }, // U+016A
    { 0x016B, 38 }, // U+016B
    { 0x016C, 22 }, // U+016C
    { 0x016D, 38 }, // U+016D
    { 0x01A0, 55 }, // U+01A0
    { 0x01A1, 56 }, // U+01A1
    { 0x01AF, 57 }, // U+01AF
    { 0x01B0, 58 }, // U+01B0
    { 0x01CD, 8 }, // U+01CD
    { 0x01CE, 29 }, // U+01CE
    { 0x01D1, 11 }, // U+01D1
    { 0x01D2, 30 }, // U+01D2
    { 0x01D3, 22 }, // U+01D3
    { 0x01D4, 38 }, // U+01D4
    { 0x01D5, 22 }, // U+01D5
    { 0x01D6, 38 }, // U+01D6
    { 0x01D7, 22 }, // U+01D7
    { 0x01D8, 38 }, // U+01D8
    { 0x01D9, 22 }, // U+01D9
    { 0x01DA, 38 }, // U+01DA
    { 0x01DB, 22 }, // U+01DB
    { 0x01DC, 38 }, // U+01DC
    { 0x01F9, 35 }, // U+01F9
    { 0x0401, 59 }, // U+0401
    { 0x0410, 60 }, // U+0410
    { 0x0411, 61 }, // U+0411
    { 0x0412, 61 }, // U+0412
    { 0x0413, 62 }, // U+0413
    { 0x0414, 63 }, // U+0414
    { 0x0415, 59 }, // U+0415
    { 0x0416, 64 }, // U+0416
    { 0x0417, 61 }, // U+0417
    { 0x041A, 64 }, // U+041A
    { 0x041E, 65 }, // U+041E
    { 0x0420, 66 }, // U+0420
    { 0x0421, 67 }, // U+0421
    { 0x0422, 68 }, // U+0422
    { 0x0423, 69 }, // U+0423
    { 0x0424, 70 }, // U+0424
    { 0x0425, 71 }, // U+0425
    { 0x0426, 63 }, // U+0426
    { 0x0429, 63 }, // U+0429
    { 0x042A, 72 }, // U+042A
    { 0x042C, 72 }, // U+042C
    { 0x042D, 65 }, // U+042D
    { 0x042E, 65 }, // U+042E
    { 0x0430, 73 }, // U+0430
    { 0x0431, 74 }, // U+0431
    { 0x0432, 75 }, // U+0432
    { 0x0433, 76 }, // U+0433
    { 0x0434, 77 }, // U+0434
    { 0x0435, 78 }, // U+0435
    { 0x0436, 79 }, // U+0436
    { 0x0437, 75 }, // U+0437
    { 0x0438, 80 }, // U+0438
    { 0x0439, 80 }, // U+0439
    { 0x043A, 79 }, // U+043A
    { 0x043B, 80 }, // U+043B
    { 0x043C, 80 }, // U+043C
    { 0x043D, 80 }, // U+043D
    { 0x043E, 81 }, // U+043E
    { 0x043F, 80 }, // U+043F
    { 0x0440, 81 }, // U+0440
    { 0x0441, 82 }, // U+0441
    { 0x0442, 83 }, // U+0442
    { 0x0443, 84 }, // U+0443
    { 0x0444, 81 }, // U+0444
    { 0x0445, 85 }, // U+0445
    { 0x0446, 77 }, // U+0446
    { 0x0447, 80 }, // U+0447
    { 0x0448, 80 }, // U+0448
    { 0x0449, 77 }, // U+0449
    { 0x044A, 86 }, // U+044A
    { 0x044B, 80 }, // U+044B
    { 0x044C, 86 }, // U+044C
    { 0x044D, 81 }, // U+044D
    { 0x044E, 81 }, // U+044E
    { 0x044F, 80 }, // U+044F
    { 0x0451, 78 }, // U+0451
    { 0x1EA0, 8 }, // U+1EA0
    { 0x1EA1, 29 }, // U+1EA1
    { 0x1EA2, 8 }, // U+1EA2
    { 0x1EA3, 29 }, // U+1EA3
    { 0x1EA4, 8 }, // U+1EA4
    { 0x1EA5, 29 }, // U+1EA5
    { 0x1EA6, 8 }, // U+1EA6
    { 0x1EA7, 29 }, // U+1EA7
    { 0x1EA8, 8 }, // U+1EA8
    { 0x1EA9, 29 }, // U+1EA9
    { 0x1EAA, 8 }, // U+1EAA
    { 0x1EAB, 29 }, // U+1EAB
    { 0x1EAC, 8 }, // U+1EAC
    { 0x1EAD, 29 }, // U+1EAD
    { 0x1EAE, 8 }, // U+1EAE
    { 0x1EAF, 29 }, // U+1EAF
    { 0x1EB0, 8 }, // U+1EB0
    { 0x1EB1, 29 }, // U+1EB1
    { 0x1EB2, 8 }, // U+1EB2
    { 0x1EB3, 29 }, // U+1EB3
    { 0x1EB4, 8 }, // U+1EB4
    { 0x1EB5, 29 }, // U+1EB5
    { 0x1EB6, 8 }, // U+1EB6
    { 0x1EB7, 29 }, // U+1EB7
    { 0x1EB8, 12 }, // U+1EB8
    { 0x1EB9, 32 }, // U+1EB9
    { 0x1EBA, 12 }, // U+1EBA
    { 0x1EBB, 32 }, // U+1EBB
    { 0x1EBC, 12 }, // U+1EBC
    { 0x1EBD, 32 }, // U+1EBD
    { 0x1EBE, 12 }, // U+1EBE
    { 0x1EBF, 32 }, // U+1EBF
    { 0x1EC0, 12 }, // U+1EC0
    { 0x1EC1, 32 }, // U+1EC1
    { 0x1EC2, 12 }, // U+1EC2
    { 0x1EC3, 32 }, // U+1EC3
    { 0x1EC4, 12 }, // U+1EC4
    { 0x1EC5, 32 }, // U+1EC5
    { 0x1EC6, 12 }, // U+1EC6
    { 0x1EC7, 32 }, // U+1EC7
    { 0x1ECC, 11 }, // U+1ECC
    { 0x1ECD, 30 }, // U+1ECD
    { 0x1ECE, 11 }, // U+1ECE
    { 0x1ECF, 30 }, // U+1ECF
    { 0x1ED0, 11 }, // U+1ED0
    { 0x1ED1, 30 }, // U+1ED1
    { 0x1ED2, 11 }, // U+1ED2
    { 0x1ED3, 30 }, // U+1ED3
    { 0x1ED4, 11 }, // U+1ED4
    { 0x1ED5, 30 }, // U+1ED5
    { 0x1ED6, 11 }, // U+1ED6
    { 0x1ED7, 30 }, // U+1ED7
    { 0x1ED8, 11 }, // U+1ED8
    { 0x1ED9, 30 }, // U+1ED9
    { 0x1EDA, 55 }, // U+1EDA
    { 0x1EDB, 56 }, // U+1EDB
    { 0x1EDC, 55 }, // U+1EDC
    { 0x1EDD, 56 }, // U+1EDD
    { 0x1EDE, 55 }, // U+1EDE
    { 0x1EDF, 56 }, // U+1EDF
    { 0x1EE0, 55 }, // U+1EE0
    { 0x1EE1, 56 }, // U+1EE1
    { 0x1EE2, 55 }, // U+1EE2
    { 0x1EE3, 56 }, // U+1EE3
    { 0x1EE4, 22 }, // U+1EE4
    { 0x1EE5, 38 }, // U+1EE5
    { 0x1EE6, 22 }, // U+1EE6
    { 0x1EE7, 38 }, // U+1EE7
    { 0x1EE8, 57 }, // U+1EE8
    { 0x1EE9, 58 }, // U+1EE9
    { 0x1EEA, 57 }, // U+1EEA
    { 0x1EEB, 58 }, // U+1EEB
    { 0x1EEC, 57 }, // U+1EEC
    { 0x1EED, 58 }, // U+1EED
    { 0x1EEE, 57 }, // U+1EEE
    { 0x1EEF, 58 }, // U+1EEF
    { 0x1EF0, 57 }, // U+1EF0
    { 0x1EF1, 58 }, // U+1EF1
    { 0x1EF2, 26 }, // U+1EF2
    { 0x1EF3, 45 }, // U+1EF3
    { 0x1EF4, 26 }, // U+1EF4
    { 0x1EF5, 45 }, // U+1EF5
    { 0x1EF6, 26 }, // U+1EF6
    { 0x1EF7, 45 }, // U+1EF7
    { 0x1EF8, 26 }, // U+1EF8
    { 0x1EF9, 45 }, // U+1EF9
    { 0x2013, 49 }, // U+2013
    { 0x2014, 49 }, // U+2014
    { 0x2018, 87 }, // U+2018
    { 0x2019, 88 }, // U+2019
    { 0x201A, 4 }, // U+201A
    { 0x201C, 87 }, // U+201C
    { 0x201D, 88 }, // U+201D
    { 0x201E, 4 }, // U+201E
    { 0x2039, 48 }, // U+2039
    { 0x203A, 51 }, // U+203A
    { 0x203C, 1 }, // U+203C
    { 0x2047, 7 }, // U+2047
    { 0x2048, 1 }, // U+2048
    { 0x2049, 7 }, // U+2049
    { 0x3042, 89 }, // U+3042
    { 0x3043, 90 }, // U+3043
    { 0x3044, 91 }, // U+3044
    { 0x3046, 92 }, // U+3046
    { 0x3048, 93 }, // U+3048
    { 0x304B, 94 }, // U+304B
    { 0x304C, 95 }, // U+304C
    { 0x304D, 96 }, // U+304D
    { 0x304E, 97 }, // U+304E
    { 0x304F, 98 }, // U+304F
    { 0x3050, 99 }, // U+3050
    { 0x3051, 100 }, // U+3051
    { 0x3052, 101 }, // U+3052
    { 0x3053, 102 }, // U+3053
    { 0x3054, 103 }, // U+3054
    { 0x3056, 104 }, // U+3056
    { 0x3057, 105 }, // U+3057
    { 0x3059, 106 }, // U+3059
    { 0x305A, 107 }, // U+305A
    { 0x305C, 108 }, // U+305C
    { 0x305D, 109 }, // U+305D
    { 0x305E, 109 }, // U+305E
    { 0x305F, 110 }, // U+305F
    { 0x3060, 111 }, // U+3060
    { 0x3062, 112 }, // U+3062
    { 0x3063, 113 }, // U+3063
    { 0x3064, 100 }, // U+3064
    { 0x3065, 114 }, // U+3065
    { 0x3066, 115 }, // U+3066
    { 0x3067, 116 }, // U+3067
    { 0x3068, 117 }, // U+3068
    { 0x3069, 118 }, // U+3069
    { 0x306B, 119 }, // U+306B
    { 0x306C, 120 }, // U+306C
    { 0x306D, 121 }, // U+306D
    { 0x306E, 122 }, // U+306E
    { 0x306F, 123 }, // U+306F
    { 0x3070, 124 }, // U+3070
    { 0x3071, 124 }, // U+3071
    { 0x3072, 125 }, // U+3072
    { 0x3073, 126 }, // U+3073
    { 0x3074, 127 }, // U+3074
    { 0x3075, 128 }, // U+3075
    { 0x3076, 129 }, // U+3076
    { 0x3077, 129 }, // U+3077
    { 0x3078, 130 }, // U+3078
    { 0x3079, 131 }, // U+3079
    { 0x307A, 132 }, // U+307A
    { 0x307D, 133 }, // U+307D
    { 0x307E, 134 }, // U+307E
    { 0x307F, 135 }, // U+307F
    { 0x3081, 112 }, // U+3081
    { 0x3082, 136 }, // U+3082
    { 0x3083, 137 }, // U+3083
    { 0x3084, 114 }, // U+3084
    { 0x3086, 138 }, // U+3086
    { 0x3088, 139 }, // U+3088
    { 0x3089, 140 }, // U+3089
    { 0x308A, 141 }, // U+308A
    { 0x308B, 142 }, // U+308B
    { 0x308C, 143 }, // U+308C
    { 0x308E, 121 }, // U+308E
    { 0x308F, 144 }, // U+308F
    { 0x3093, 145 }, // U+3093
    { 0x30A1, 100 }, // U+30A1
    { 0x30A2, 146 }, // U+30A2
    { 0x30A4, 147 }, // U+30A4
    { 0x30A9, 100 }, // U+30A9
    { 0x30AA, 148 }, // U+30AA
    { 0x30AB, 149 }, // U+30AB
    { 0x30AC, 149 }, // U+30AC
    { 0x30AD, 150 }, // U+30AD
    { 0x30AE, 151 }, // U+30AE
    { 0x30AF, 152 }, // U+30AF
    { 0x30B0, 153 }, // U+30B0
    { 0x30B1, 154 }, // U+30B1
    { 0x30B2, 155 }, // U+30B2
    { 0x30B3, 156 }, // U+30B3
    { 0x30B4, 157 }, // U+30B4
    { 0x30B5, 158 }, // U+30B5
    { 0x30B6, 159 }, // U+30B6
    { 0x30B7, 160 }, // U+30B7
    { 0x30B8, 161 }, // U+30B8
    { 0x30B9, 162 }, // U+30B9
    { 0x30BB, 163 }, // U+30BB
    { 0x30BC, 164 }, // U+30BC
    { 0x30BD, 165 }, // U+30BD
    { 0x30BE, 166 }, // U+30BE
    { 0x30BF, 167 }, // U+30BF
    { 0x30C0, 168 }, // U+30C0
    { 0x30C1, 169 }, // U+30C1
    { 0x30C2, 170 }, // U+30C2
    { 0x30C3, 137 }, // U+30C3
    { 0x30C4, 171 }, // U+30C4
    { 0x30C5, 172 }, // U+30C5
    { 0x30C6, 173 }, // U+30C6
    { 0x30C7, 174 }, // U+30C7
    { 0x30C8, 149 }, // U+30C8
    { 0x30C9, 175 }, // U+30C9
    { 0x30CA, 176 }, // U+30CA
    { 0x30CC, 177 }, // U+30CC
    { 0x30CD, 178 }, // U+30CD
    { 0x30CE, 179 }, // U+30CE
    { 0x30CF, 180 }, // U+30CF
    { 0x30D0, 181 }, // U+30D0
    { 0x30D1, 182 }, // U+30D1
    { 0x30D3, 183 }, // U+30D3
    { 0x30D5, 184 }, // U+30D5
    { 0x30D6, 185 }, // U+30D6
    { 0x30D7, 186 }, // U+30D7
    { 0x30D9, 157 }, // U+30D9
    { 0x30DE, 187 }, // U+30DE
    { 0x30E0, 188 }, // U+30E0
    { 0x30E1, 149 }, // U+30E1
    { 0x30E4, 189 }, // U+30E4
    { 0x30E5, 190 }, // U+30E5
    { 0x30E8, 191 }, // U+30E8
    { 0x30E9, 192 }, // U+30E9
    { 0x30EA, 193 }, // U+30EA
    { 0x30EB, 194 }, // U+30EB
    { 0x30EC, 195 }, // U+30EC
    { 0x30EF, 196 }, // U+30EF
    { 0x30F0, 197 }, // U+30F0
    { 0x30F2, 100 }, // U+30F2
    { 0x30F3, 198 }, // U+30F3
    { 0x30FA, 199 }, // U+30FA
    { 0x30FC, 200 }, // U+30FC
    { 0xFB00, 33 }, // U+FB00
    { 0xFB02, 37 }, // U+FB02
};

static const EpdKernClassEntry notosansjp_8_regularKernRightClasses[] = {
    { 0x0021, 1 }, // !
    { 0x0022, 2 }, // "
    { 0x0027, 2 }, // '
    { 0x0029, 3 }, // )
    { 0x002A, 4 }, // *
    { 0x002C, 5 }, // ,
    { 0x002E, 6 }, // .
    { 0x002F, 7 }, // /
    { 0x003A, 8 }, // :
    { 0x003B, 9 }, // ;
    { 0x003F, 10 }, // ?
    { 0x0041, 11 }, // A
    { 0x0043, 12 }, // C
    { 0x0047, 12 }, // G
    { 0x004A, 13 }, // J
    { 0x004F, 12 }, // O
    { 0x0051, 12 }, // Q
    { 0x0053, 14 }, // S
    { 0x0054, 15 }, // T
    { 0x0055, 16 }, // U
    { 0x0056, 17 }, // V
    { 0x0057, 18 }, // W
    { 0x0058, 19 }, // X
    { 0x0059, 20 }, // Y
    { 0x005A, 21 }, // Z
    { 0x005C, 22 }, // <backslash>
    { 0x005D, 3 }, // ]
    { 0x0061, 23 }, // a
    { 0x0063, 24 }, // c
    { 0x0064, 24 }, // d
    { 0x0065, 24 }, // e
    { 0x0066, 25 }, // f
    { 0x0067, 26 }, // g
    { 0x0069, 27 }, // i
    { 0x006A, 28 }, // j
    { 0x006D, 29 }, // m
    { 0x006E, 29 }, // n
    { 0x006F, 24 }, // o
    { 0x0070, 29 }, // p
    { 0x0071, 24 }, // q
    { 0x0072, 29 }, // r
    { 0x0073, 30 }, // s
    { 0x0074, 31 }, // t
    { 0x0075, 32 }, // u
    { 0x0076, 33 }, // v
    { 0x0077, 34 }, // w
    { 0x0078, 35 }, // x
    { 0x0079, 36 }, // y
    { 0x007A, 37 }, // z
    { 0x007D, 3 }, // }
    { 0x00A1, 38 }, // U+00A1
    { 0x00AB, 39 }, // U+00AB
    { 0x00AD, 40 }, // U+00AD
    { 0x00AE, 41 }, // U+00AE
    { 0x00B7, 42 }, // U+00B7
    { 0x00BB, 43 }, // U+00BB
    { 0x00BF, 44 }, // U+00BF
    { 0x00C0, 11 }, // U+00C0
    { 0x00C1, 11 }, // U+00C1
    { 0x00C2, 11 }, // U+00C2
    { 0x00C3, 11 }, // U+00C3
    { 0x00C4, 11 }, // U+00C4
    { 0x00C5, 11 }, // U+00C5
    { 0x00C6, 45 }, // U+00C6
    { 0x00C7, 12 }, // U+00C7
    { 0x00D0, 46 }, // U+00D0
    { 0x00D2, 12 }, // U+00D2
    { 0x00D3, 12 }, // U+00D3
    { 0x00D4, 12 }, // U+00D4
    { 0x00D5, 12 }, // U+00D5
    { 0x00D6, 12 }, // U+00D6
    { 0x00D8, 12 }, // U+00D8
    { 0x00D9, 16 }, // U+00D9
    { 0x00DA, 16 }, // U+00DA
    { 0x00DB, 16 }, // U+00DB
    { 0x00DC, 16 }, // U+00DC
    { 0x00DD, 20 }, // U+00DD
    { 0x00E0, 23 }, // U+00E0
    { 0x00E1, 23 }, // U+00E1
    { 0x00E2, 23 }, // U+00E2
    { 0x00E3, 23 }, // U+00E3
    { 0x00E4, 23 }, // U+00E4
    { 0x00E5, 23 }, // U+00E5
    { 0x00E6, 23 }, // U+00E6
    { 0x00E7, 24 }, // U+00E7
    { 0x00E8, 24 }, // U+00E8
    { 0x00E9, 24 }, // U+00E9
    { 0x00EA, 24 }, // U+00EA
    { 0x00EB, 24 }, // U+00EB
    { 0x00EC, 47 }, // U+00EC
    { 0x00ED, 48 }, // U+00ED
    { 0x00EE, 49 }, // U+00EE
    { 0x00EF, 50 }, // U+00EF
    { 0x00F1, 29 }, // U+00F1
    { 0x00F2, 24 }, // U+00F2
    { 0x00F3, 24 }, // U+00F3
    { 0x00F4, 24 }, // U+00F4
    { 0x00F5, 24 }, // U+00F5
    { 0x00F6, 24 }, // U+00F6
    { 0x00F8, 24 }, // U+00F8
    { 0x00F9, 32 }, // U+00F9
    { 0x00FA, 32 }, // U+00FA
    { 0x00FB, 32 }, // U+00FB
    { 0x00FC, 32 }, // U+00FC
    { 0x00FD, 36 }, // U+00FD
    { 0x00FF, 36 }, // U+00FF
    { 0x0100, 11 }, // U+0100
    { 0x0101, 23 }, // U+0101
    { 0x0102, 11 }, // U+0102
    { 0x0103, 23 }, // U+0103
    { 0x0110, 46 }, // U+0110
    { 0x0111, 24 }, // U+0111
    { 0x0113, 24 }, // U+0113
    { 0x011B, 24 }, // U+011B
    { 0x0129, 50 }, // U+0129
    { 0x012B, 49 }, // U+012B
    { 0x0144, 29 }, // U+0144
    { 0x0148, 29 }, // U+0148
    { 0x014C, 12 }, // U+014C
    { 0x014D, 24 }, // U+014D
    { 0x014E, 12 }, // U+014E
    { 0x014F, 24 }, // U+014F
    { 0x0152, 12 }, // U+0152
    { 0x0153, 24 }, // U+0153
    { 0x0168, 16 }, // U+0168
    { 0x0169, 32 }, // U+0169
    { 0x016A, 16 }, // U+016A
    { 0x016B, 32 }, // U+016B
    { 0x016C, 16 }, // U+016C
    { 0x016D, 32 }, // U+016D
    { 0x01A0, 12 }, // U+01A0
    { 0x01A1, 24 }, // U+01A1
    { 0x01AF, 16 }, // U+01AF
    { 0x01B0, 32 }, // U+01B0
    { 0x01CD, 11 }, // U+01CD
    { 0x01CE, 23 }, // U+01CE
    { 0x01D0, 51 }, // U+01D0
    { 0x01D1, 12 }, // U+01D1
    { 0x01D2, 24 }, // U+01D2
    { 0x01D3, 16 }, // U+01D3
    { 0x01D4, 32 }, // U+01D4
    { 0x01D5, 16 }, // U+01D5
    { 0x01D6, 32 }, // U+01D6
    { 0x01D7, 16 }, // U+01D7
    { 0x01D8, 32 }, // U+01D8
    { 0x01D9, 16 }, // U+01D9
    { 0x01DA, 32 }, // U+01DA
    { 0x01DB, 16 }, // U+01DB
    { 0x01DC, 32 }, // U+01DC
    { 0x01F9, 29 }, // U+01F9
    { 0x0401, 52 }, // U+0401
    { 0x0410, 53 }, // U+0410
    { 0x0411, 52 }, // U+0411
    { 0x0412, 52 }, // U+0412
    { 0x0413, 52 }, // U+0413
    { 0x0414, 54 }, // U+0414
    { 0x0415, 52 }, // U+0415
    { 0x0416, 55 }, // U+0416
    { 0x0417, 56 }, // U+0417
    { 0x0418, 52 }, // U+0418
    { 0x0419, 52 }, // U+0419
    { 0x041A, 52 }, // U+041A
    { 0x041B, 57 }, // U+041B
    { 0x041C, 52 }, // U+041C
    { 0x041D, 52 }, // U+041D
    { 0x041E, 58 }, // U+041E
    { 0x041F, 52 }, // U+041F
    { 0x0420, 52 }, // U+0420
    { 0x0421, 58 }, // U+0421
    { 0x0422, 59 }, // U+0422
    { 0x0423, 60 }, // U+0423
    { 0x0424, 61 }, // U+0424
    { 0x0425, 62 }, // U+0425
    { 0x0426, 52 }, // U+0426
    { 0x0427, 63 }, // U+0427
    { 0x0428, 52 }, // U+0428
    { 0x0429, 52 }, // U+0429
    { 0x042A, 59 }, // U+042A
    { 0x042B, 52 }, // U+042B
    { 0x042C, 52 }, // U+042C
    { 0x042D, 56 }, // U+042D
    { 0x042E, 52 }, // U+042E
    { 0x042F, 64 }, // U+042F
    { 0x0430, 65 }, // U+0430
    { 0x0431, 66 }, // U+0431
    { 0x0432, 67 }, // U+0432
    { 0x0433, 67 }, // U+0433
    { 0x0434, 68 }, // U+0434
    { 0x0435, 69 }, // U+0435
    { 0x0436, 70 }, // U+0436
    { 0x0437, 71 }, // U+0437
    { 0x0438, 67 }, // U+0438
    { 0x0439, 67 }, // U+0439
    { 0x043A, 67 }, // U+043A
    { 0x043B, 72 }, // U+043B
    { 0x043C, 67 }, // U+043C
    { 0x043D, 67 }, // U+043D
    { 0x043E, 69 }, // U+043E
    { 0x043F, 67 }, // U+043F
    { 0x0440, 73 }, // U+0440
    { 0x0441, 69 }, // U+0441
    { 0x0442, 74 }, // U+0442
    { 0x0443, 75 }, // U+0443
    { 0x0444, 69 }, // U+0444
    { 0x0445, 76 }, // U+0445
    { 0x0446, 67 }, // U+0446
    { 0x0447, 77 }, // U+0447
    { 0x0448, 67 }, // U+0448
    { 0x0449, 67 }, // U+0449
    { 0x044A, 74 }, // U+044A
    { 0x044B, 67 }, // U+044B
    { 0x044C, 67 }, // U+044C
    { 0x044D, 78 }, // U+044D
    { 0x044E, 67 }, // U+044E
    { 0x044F, 79 }, // U+044F
    { 0x0451, 69 }, // U+0451
    { 0x1EA0, 11 }, // U+1EA0
    { 0x1EA1, 23 }, // U+1EA1
    { 0x1EA2, 11 }, // U+1EA2
    { 0x1EA3, 23 }, // U+1EA3
    { 0x1EA4, 11 }, // U+1EA4
    { 0x1EA5, 23 }, // U+1EA5
    { 0x1EA6, 11 }, // U+1EA6
    { 0x1EA7, 23 }, // U+1EA7
    { 0x1EA8, 11 }, // U+1EA8
    { 0x1EA9, 23 }, // U+1EA9
    { 0x1EAA, 11 }, // U+1EAA
    { 0x1EAB, 23 }, // U+1EAB
    { 0x1EAC, 11 }, // U+1EAC
    { 0x1EAD, 23 }, // U+1EAD
    { 0x1EAE, 11 }, // U+1EAE
    { 0x1EAF, 23 }, // U+1EAF
    { 0x1EB0, 11 }, // U+1EB0
    { 0x1EB1, 23 }, // U+1EB1
    { 0x1EB2, 11 }, // U+1EB2
    { 0x1EB3, 23 }, // U+1EB3
    { 0x1EB4, 11 }, // U+1EB4
    { 0x1EB5, 23 }, // U+1EB5
    { 0x1EB6, 11 }, // U+1EB6
    { 0x1EB7, 23 }, // U+1EB7
    { 0x1EB9, 24 }, // U+1EB9
    { 0x1EBB, 24 }, // U+1EBB
    { 0x1EBD, 24 }, // U+1EBD
    { 0x1EBF, 24 }, // U+1EBF
    { 0x1EC1, 24 }, // U+1EC1
    { 0x1EC3, 24 }, // U+1EC3
    { 0x1EC5, 24 }, // U+1EC5
    { 0x1EC7, 24 }, // U+1EC7
    { 0x1EC9, 48 }, // U+1EC9
    { 0x1ECB, 27 }, // U+1ECB
    { 0x1ECC, 12 }, // U+1ECC
    { 0x1ECD, 24 }, // U+1ECD
    { 0x1ECE, 12 }, // U+1ECE
    { 0x1ECF, 24 }, // U+1ECF
    { 0x1ED0, 12 }, // U+1ED0
    { 0x1ED1, 24 }, // U+1ED1
    { 0x1ED2, 12 }, // U+1ED2
    { 0x1ED3, 24 }, // U+1ED3
    { 0x1ED4, 12 }, // U+1ED4
    { 0x1ED5, 24 }, // U+1ED5
    { 0x1ED6, 12 }, // U+1ED6
    { 0x1ED7, 24 }, // U+1ED7
    { 0x1ED8, 12 }, // U+1ED8
    { 0x1ED9, 24 }, // U+1ED9
    { 0x1EDA, 12 }, // U+1EDA
    { 0x1EDB, 24 }, // U+1EDB
    { 0x1EDC, 12 }, // U+1EDC
    { 0x1EDD, 24 }, // U+1EDD
    { 0x1EDE, 12 }, // U+1EDE
    { 0x1EDF, 24 }, // U+1EDF
    { 0x1EE0, 12 }, // U+1EE0
    { 0x1EE1, 24 }, // U+1EE1
    { 0x1EE2, 12 }, // U+1EE2
    { 0x1EE3, 24 }, // U+1EE3
    { 0x1EE4, 16 }, // U+1EE4
    { 0x1EE5, 32 }, // U+1EE5
    { 0x1EE6, 16 }, // U+1EE6
    { 0x1EE7, 32 }, // U+1EE7
    { 0x1EE8, 16 }, // U+1EE8
    { 0x1EE9, 32 }, // U+1EE9
    { 0x1EEA, 16 }, // U+1EEA
    { 0x1EEB, 32 }, // U+1EEB
    { 0x1EEC, 16 }, // U+1EEC
    { 0x1EED, 32 }, // U+1EED
    { 0x1EEE, 16 }, // U+1EEE
    { 0x1EEF, 32 }, // U+1EEF
    { 0x1EF0, 16 }, // U+1EF0
    { 0x1EF1, 32 }, // U+1EF1
    { 0x1EF2, 20 }, // U+1EF2
    { 0x1EF3, 36 }, // U+1EF3
    { 0x1EF4, 20 }, // U+1EF4
    { 0x1EF5, 36 }, // U+1EF5
    { 0x1EF6, 20 }, // U+1EF6
    { 0x1EF7, 36 }, // U+1EF7
    { 0x1EF8, 20 }, // U+1EF8
    { 0x1EF9, 36 }, // U+1EF9
    { 0x2013, 40 }, // U+2013
    { 0x2014, 40 }, // U+2014
    { 0x2018, 80 }, // U+2018
    { 0x2019, 81 }, // U+2019
    { 0x201A, 6 }, // U+201A
    { 0x201C, 80 }, // U+201C
    { 0x201D, 81 }, // U+201D
    { 0x201E, 6 }, // U+201E
    { 0x2027, 82 }, // U+2027
    { 0x2039, 39 }, // U+2039
    { 0x203A, 43 }, // U+203A
    { 0x203C, 1 }, // U+203C
    { 0x2047, 10 }, // U+2047
    { 0x2048, 10 }, // U+2048
    { 0x2049, 1 }, // U+2049
    { 0x3042, 83 }, // U+3042
    { 0x3043, 84 }, // U+3043
    { 0x3044, 85 }, // U+3044
    { 0x3045, 86 }, // U+3045
    { 0x3046, 87 }, // U+3046
    { 0x3047, 88 }, // U+3047
    { 0x3049, 89 }, // U+3049
    { 0x304A, 90 }, // U+304A
    { 0x304B, 91 }, // U+304B
    { 0x304C, 92 }, // U+304C
    { 0x304D, 93 }, // U+304D
    { 0x304E, 94 }, // U+304E
    { 0x304F, 95 }, // U+304F
    { 0x3050, 96 }, // U+3050
    { 0x3053, 97 }, // U+3053
    { 0x3054, 97 }, // U+3054
    { 0x3055, 97 }, // U+3055
    { 0x3056, 97 }, // U+3056
    { 0x3059, 98 }, // U+3059
    { 0x305A, 99 }, // U+305A
    { 0x305B, 100 }, // U+305B
    { 0x305C, 100 }, // U+305C
    { 0x305D, 101 }, // U+305D
    { 0x305E, 101 }, // U+305E
    { 0x305F, 102 }, // U+305F
    { 0x3060, 103 }, // U+3060
    { 0x3061, 104 }, // U+3061
    { 0x3062, 105 }, // U+3062
    { 0x3063, 106 }, // U+3063
    { 0x3064, 107 }, // U+3064
    { 0x3065, 108 }, // U+3065
    { 0x3066, 109 }, // U+3066
    { 0x3067, 110 }, // U+3067
    { 0x3068, 111 }, // U+3068
    { 0x3069, 112 }, // U+3069
    { 0x306A, 113 }, // U+306A
    { 0x306E, 114 }, // U+306E
    { 0x306F, 115 }, // U+306F
    { 0x3070, 116 }, // U+3070
    { 0x3071, 116 }, // U+3071
    { 0x3072, 117 }, // U+3072
    { 0x3073, 117 }, // U+3073
    { 0x3074, 117 }, // U+3074
    { 0x3075, 118 }, // U+3075
    { 0x3076, 119 }, // U+3076
    { 0x3077, 120 }, // U+3077
    { 0x3078, 121 }, // U+3078
    { 0x3079, 121 }, // U+3079
    { 0x307A, 121 }, // U+307A
    { 0x307E, 122 }, // U+307E
    { 0x307F, 123 }, // U+307F
    { 0x3082, 124 }, // U+3082
    { 0x3083, 125 }, // U+3083
    { 0x3084, 126 }, // U+3084
    { 0x3085, 127 }, // U+3085
    { 0x3087, 128 }, // U+3087
    { 0x3088, 129 }, // U+3088
    { 0x308A, 130 }, // U+308A
    { 0x308B, 131 }, // U+308B
    { 0x308C, 132 }, // U+308C
    { 0x308D, 133 }, // U+308D
    { 0x3092, 116 }, // U+3092
    { 0x30A1, 134 }, // U+30A1
    { 0x30A2, 135 }, // U+30A2
    { 0x30A3, 136 }, // U+30A3
    { 0x30A4, 137 }, // U+30A4
    { 0x30A5, 134 }, // U+30A5
    { 0x30A6, 138 }, // U+30A6
    { 0x30A7, 139 }, // U+30A7
    { 0x30A8, 140 }, // U+30A8
    { 0x30A9, 141 }, // U+30A9
    { 0x30AB, 142 }, // U+30AB
    { 0x30AC, 142 }, // U+30AC
    { 0x30AF, 143 }, // U+30AF
    { 0x30B0, 144 }, // U+30B0
    { 0x30B2, 145 }, // U+30B2
    { 0x30B3, 146 }, // U+30B3
    { 0x30B4, 146 }, // U+30B4
    { 0x30B5, 147 }, // U+30B5
    { 0x30B6, 148 }, // U+30B6
    { 0x30B7, 149 }, // U+30B7
    { 0x30B8, 149 }, // U+30B8
    { 0x30B9, 150 }, // U+30B9
    { 0x30BA, 151 }, // U+30BA
    { 0x30BB, 152 }, // U+30BB
    { 0x30BC, 152 }, // U+30BC
    { 0x30BD, 153 }, // U+30BD
    { 0x30BE, 154 }, // U+30BE
    { 0x30BF, 155 }, // U+30BF
    { 0x30C0, 156 }, // U+30C0
    { 0x30C1, 152 }, // U+30C1
    { 0x30C3, 134 }, // U+30C3
    { 0x30C4, 157 }, // U+30C4
    { 0x30C5, 157 }, // U+30C5
    { 0x30C6, 158 }, // U+30C6
    { 0x30C7, 159 }, // U+30C7
    { 0x30C8, 160 }, // U+30C8
    { 0x30C9, 161 }, // U+30C9
    { 0x30CA, 162 }, // U+30CA
    { 0x30CB, 152 }, // U+30CB
    { 0x30CD, 163 }, // U+30CD
    { 0x30CE, 164 }, // U+30CE
    { 0x30CF, 165 }, // U+30CF
    { 0x30D0, 166 }, // U+30D0
    { 0x30D1, 167 }, // U+30D1
    { 0x30D5, 168 }, // U+30D5
    { 0x30D6, 169 }, // U+30D6
    { 0x30D7, 170 }, // U+30D7
    { 0x30D8, 171 }, // U+30D8
    { 0x30D9, 172 }, // U+30D9
    { 0x30DA, 173 }, // U+30DA
    { 0x30DE, 174 }, // U+30DE
    { 0x30DF, 175 }, // U+30DF
    { 0x30E0, 176 }, // U+30E0
    { 0x30E1, 177 }, // U+30E1
    { 0x30E3, 178 }, // U+30E3
    { 0x30E4, 179 }, // U+30E4
    { 0x30E5, 180 }, // U+30E5
    { 0x30E6, 181 }, // U+30E6
    { 0x30E9, 182 }, // U+30E9
    { 0x30EB, 183 }, // U+30EB
    { 0x30EC, 184 }, // U+30EC
    { 0x30F3, 185 }, // U+30F3
    { 0x30FC, 186 }, // U+30FC
    { 0xFB00, 25 }, // U+FB00
    { 0xFB01, 25 }, // U+FB01
    { 0xFB02, 25 }, // U+FB02
    { 0xFF0C, 187 }, // U+FF0C
    { 0xFF0E, 188 }, // U+FF0E
};

static const int8_t notosansjp_8_regularKernMatrix[] = {
       0,    0,    0,    0,    0,    0,    0,    0,    0,    0,    0,    0,    0,    0,    0,    0,    0,    0,    0,    0,    0,    0,    0,    0,    0,    0,    0,    0,    0,    0,    0,    0,    0,    0,    0,    0,    0,    0,    0,    0,    0,    0,    0,    0,    0,    0,    0,    0,    0,    0,    0,    0,    0,    0,    0,    0,    0,    0,    0,    0,    0,    0,    0,    0,    0,    0,    0,    0,    0,    0,    0,    0,    0,    0,    0,    0,    0,    0,    0,    0,  -10,    0,    0,    0,    0,    0,    0,    0,    0,    0,    0,    0,    0,    0,    0,    0,    0,    0,    0,    0,    0,    0,    0,    0,    0,    0,    0,    0,    0,    0,    0,    0,    0,    0,    0,    0,    0,    0,    0,    0,    0,    0,    0,    0,    0,    0,    0,    0,    0,    0,    0,    0,    0,    0,    0,    0,    0,    0,    0,    0,    0,    0,    0,    0,    0,    0,    0,    0,    0,    0,    0,    0,    0,    0,    0,    0,    0,    0,    0,    0,    0,    0,    0,    0,    0,    0,    0,    0,    0,    0,    0,    0,    0,    0,    0,    0,    0,    0,    0,    0,    0,    0,    0,    0,    0,    0,    0,    0,
       0,    0,    0,    0,  -34,  -34,    0,    0,    0,    0,  -16,    0,  -28,   -3,    0,    0,    0,    0,   -3,    0,    0,    0,    0,   -9,    0,    0,    0,    0,    0,   -6,    0,    0,    0,    0,    0,    0,    0,    0,    0,    0,    0,    0,    0,    0,    0,    0,    0,    0,    0,    0,    0,    0,  -16,  -24,    0,    0,  -26,    0,    0,    2,  -10,   -3,    0,    0,    0,    0,    0,  -12,   -9,    0,    0,  -14,    0,    0,    0,    0,    0,    0,  -10,    0,    0,    0,    0,    0,    0,    0,    0,    0,    0,    0,    0,    0,    0,    0,    0,    0,    0,    0,    0,    0,    0,    0,    0,    0,    0,    0,    0,    0,    0,    0,    0,    0,    0,    0,    0,    0,    0,    0,    0,    0,    0,    0,    0,    0,    0,    0,    0,    0,    0,    0,    0,    0,    0,    0,    0,    0,    0,    0,    0,    0,    0,    0,    0,    0,    0,    0,    0,    0,    0,    0,    0,    0,    0,    0,    0,    0,    0,    0,    0,    0,    0,    0,    0,    0,    0,    0,    0,    0,    0,    0,    0,    0,    0,    0,    0,    0,    0,    0,    0,    0,    0,    0,    0,    0,    0,    0,    0,    0,
       0,    0,    0,    0,    0,    0,    0,    0,    0,    0,    0,    0,   -6,    0,    0,    0,    0,    0,    0,    0,    0,    0,    0,    0,    0,    0,    0,   24,    0,    0,    0,    0,    0,    0,    0,    0,    0,    0,    0,    0,    0,    0,    0,    0,    0,    0,    0,    0,    0,    0,    0,    0,    0,    6,    4,    0,    0,    0,    0,    4,    0,    0,    0,    0,    0,    0,    0,    6,    0,    0,    0,    0,    0,    0,    0,    0,    0,    0,    0,    0,    0,    0,    0,    0,    0,    0,    0,    0,    0,    0,    0,    0,    0,    0,    0,    0,    0,    0,    0,    0,    0,    0,    0,    0,    0,    0,    0,    0,    0,    0,    0,    0,    0,    0,    0,    0,    0,    0,    0,    0,    0,    0,    0,    0,    0,    0,    0,    0,    0,    0,    0,    0,    0,    0,    0,    0,    0,    0,    0,    0,    0,    0,    0,    0,    0,    0,    0,    0,    0,    0,    0,    0,    0,    0,    0,    0,    0,    0,    0,    0,    0,    0,    0,    0,    0,    0,    0,    0,    0,    0,    0,    0,    0,    0,    0,    0,    0,    0,    0,    0,    0,    0,    0,    0,    0,    0,    0,    0,
       0,  -29,    0,  -41,    0,    0,    0,    0,    0,    0,    0,    0,    0,    0,  -29,   -6,  -19,  -10,    0,  -27,    0,    0,    0,   -3,    0,    0,    0,    8,    0,    0,  -14,    0,  -10,   -7,    0,   -6,    0,    0,    0,    0,    0,    0,    0,    0,    0,    0,    0,    0,    0,    0,    0,    0,    0,   12,    0,    0,   12,    0,  -29,   -6,  -14,    0,  -16,    0,    0,    0,    0,   12,   -3,    0,    0,   10,    0,  -14,   -6,    0,  -10,    0,    0,  -25,  -31,    0,    0,    0,    0,    0,    0,    0,    0,    0,    0,    0,    0,    0,    0,    0,    0,    0,    0,    0,    0,    0,    0,    0,    0,    0,    0,    0,    0,    0,    0,    0,    0,    0,    0,    0,    0,    0,    0,    0,    0,    0,    0,    0,    0,    0,    0,    0,    0,    0,    0,    0,    0,    0,    0,    0,    0,    0,    0,    0,    0,    0,    0,    0,    0,    0,    0,    0,    0,    0,    0,    0,    0,    0,    0,    0,    0,    0,    0,    0,    0,    0,    0,    0,    0,    0,    0,    0,    0,    0,    0,    0,    0,    0,    0,    0,    0,    0,    0,    0,    0,    0,    0,    0,    0,    0,    0,    0,
       0,    0,    0,    0,    0,    0,    0,    0,    0,    0,  -12,   -3,  -24,    0,    0,    0,    0,    0,    0,    0,    0,    0,   -7,   -9,    0,   -3,    8,    8,    0,    0,    3,   -6,    0,    0,    0,    0,    0,    0,    0,    0,    0,    0,    0,    0,    0,    0,   12,    8,   27,   27,   27,    0,  -12,    0,    0,    0,    0,   -3,    0,    0,    0,    0,    0,    0,   -7,    0,    0,    0,   -9,    0,    0,    0,    0,    3,    0,    0,    0,    0,    0,    0,    0,    0,    0,    0,    0,    0,    0,    0,    0,    0,    0,    0,    0,    0,    0,    0,    0,    0,    0,    0,    0,    0,    0,    0,    0,    0,    0,    0,    0,    0,    0,    0,    0,    0,    0,    0,    0,    0,    0,    0,    0,    0,    0,    0,    0,    0,    0,    0,    0,    0,    0,    0,    0,    0,    0,    0,    0,    0,    0,    0,    0,    0,    0,    0,    0,    0,    0,    0,    0,    0,    0,    0,    0,    0,    0,    0,    0,    0,    0,    0,    0,    0,    0,    0,    0,    0,    0,    0,    0,    0,    0,    0,    0,    0,    0,    0,    0,    0,    0,    0,    0,    0,    0,    0,    0,    0,    0,    0,
       0,    0,    0,  -15,    0,    0,    0,    0,    0,    0,    0,    0,    0,    0,    0,    0,    0,    0,    0,   -8,    0,    0,    0,    0,    0,    0,    0,    1,    0,    0,    0,    0,    0,    0,    0,    0,    0,    0,    0,    0,    0,    0,    0,    0,    0,    0,    0,    0,    0,    0,    0,    0,    0,   12,    0,    0,    4,    0,    0,    0,    0,    0,    0,    0,    0,    0,    0,   10,    0,    0,    0,   10,    0,    0,    0,    0,    0,    0,    0,    0,    0,    0,    0,    0,    0,    0,    0,    0,    0,    0,    0,    0,    0,    0,    0,    0,    0,    0,    0,    0,    0,    0,    0,    0,    0,    0,    0,    0,    0,    0,    0,    0,    0,    0,    0,    0,    0,    0,    0,    0,    0,    0,    0,    0,    0,    0,    0,    0,    0,    0,    0,    0,    0,    0,    0,    0,    0,    0,    0,    0,    0,    0,    0,    0,    0,    0,    0,    0,    0,    0,    0,    0,    0,    0,    0,    0,    0,    0,    0,    0,    0,    0,    0,    0,    0,    0,    0,    0,    0,    0,    0,    0,    0,    0,    0,    0,    0,    0,    0,    0,    0,    0,    0,    0,    0,    0,    0,    0,
       0,    0,    0,    0,    0,    0,    0,    0,    0,    0,    0,    0,    0,    0,    0,    0,    0,    0,    0,    0,    0,    0,    0,    0,    0,    0,    0,    0,    0,    0,    0,    0,    0,    0,    0,    0,    0,    0,    0,    0,    0,    0,    0,    0,    0,    0,    0,    0,    0,    0,    0,    0,    0,    0,    0,    0,    0,    0,    0,    0,    0,    0,    0,    0,    0,    0,    0,    0,    0,    0,    0,    0,    0,    0,    0,    0,    0,    0,    0,    0,   -6,    0,    0,    0,    0,    0,    0,    0,    0,    0,    0,    0,    0,    0,    0,    0,    0,    0,    0,    0,    0,    0,    0,    0,    0,    0,    0,    0,    0,    0,    0,    0,    0,    0,    0,    0,    0,    0,    0,    0,    0,    0,    0,    0,    0,    0,    0,    0,    0,    0,    0,    0,    0,    0,    0,    0,    0,    0,    0,    0,    0,    0,    0,    0,    0,    0,    0,    0,    0,    0,    0,    0,    0,    0,    0,    0,    0,    0,    0,    0,    0,    0,    0,    0,    0,    0,    0,    0,    0,    0,    0,    0,    0,    0,    0,    0,    0,    0,    0,    0,    0,    0,    0,    0,    0,    0,    0,    0,
       0,  -16,    0,  -28,    0,    0,    0,    0,    0,   -8,   -2,   -3,    0,    0,  -16,   -5,   -4,    0,    1,   -4,   -2,  -12,    7,    0,   -3,    0,    0,    0,    0,    7,   -4,   -2,   -2,   -1,   -1,   -2,    0,    0,    0,    0,  -24,   -7,    0,    0,    0,    0,    0,    0,    0,    0,    0,    0,    0,    0,    0,    0,    0,    0,    0,    0,    0,    0,    0,    0,    0,    0,    0,    0,    0,    0,    0,    0,    0,    0,    0,    0,    0,    0,    0,  -20,  -17,    0,    0,    0,    0,    0,    0,    0,    0,    0,    0,    0,    0,    0,    0,    0,    0,    0,    0,    0,    0,    0,    0,    0,    0,    0,    0,    0,    0,    0,    0,    0,    0,    0,    0,    0,    0,    0,    0,    0,    0,    0,    0,    0,    0,    0,    0,    0,    0,    0,    0,    0,    0,    0,    0,    0,    0,    0,    0,    0,    0,    0,    0,    0,    0,    0,    0,    0,    0,    0,    0,    0,    0,    0,    0,    0,    0,    0,    0,    0,    0,    0,    0,    0,    0,    0,    0,    0,    0,    0,    0,    0,    0,    0,    0,    0,    0,    0,    0,    0,    0,    0,    0,    0,    0,    0,    0,    0,
       0,    0,    0,   -9,    0,    0,    0,    0,    0,    0,    0,    0,   -5,   -4,   -7,    0,   -2,   -1,   -1,   -4,   -1,    0,    0,    0,    0,    0,    0,    0,    0,    0,   -3,    0,   -4,   -3,   -3,   -4,    0,    0,    0,    0,    0,   -6,    0,    0,    0,    0,    0,    0,    0,    0,    0,    0,    0,    0,    0,    0,    0,    0,    0,    0,    0,    0,    0,    0,    0,    0,    0,    0,    0,    0,    0,    0,    0,    0,    0,    0,    0,    0,    0,   -4,   -6,    0,    0,    0,    0,    0,    0,    0,    0,    0,    0,    0,    0,    0,    0,    0,    0,    0,    0,    0,    0,    0,    0,    0,    0,    0,    0,    0,    0,    0,    0,    0,    0,    0,    0,    0,    0,    0,    0,    0,    0,    0,    0,    0,    0,    0,    0,    0,    0,    0,    0,    0,    0,    0,    0,    0,    0,    0,    0,    0,    0,    0,    0,    0,    0,    0,    0,    0,    0,    0,    0,    0,    0,    0,    0,    0,    0,    0,    0,    0,    0,    0,    0,    0,    0,    0,    0,    0,    0,    0,    0,    0,    0,    0,    0,    0,    0,    0,    0,    0,    0,    0,    0,    0,    0,    0,    0,    0,
       0,    0,    0,    0,    0,    0,    0,    0,    0,    0,    0,   -9,   -3,   -7,   -5,   -4,   -1,   -1,   -1,   -2,   -3,    0,    0,    0,    0,   -6,    0,    0,    0,    0,   -8,   -3,   -4,   -3,    0,   -4,    0,    0,   -4,   -8,    3,  -15,    0,    0,    0,    0,    0,    0,    0,    0,    0,    0,    0,    0,    0,    0,    0,    0,    0,    0,    0,    0,    0,    0,    0,    0,    0,    0,    0,    0,    0,    0,    0,    0,    0,    0,    0,    0,    0,    0,    0,    0,    0,    0,    0,    0,    0,    0,    0,    0,    0,    0,    0,    0,    0,    0,    0,    0,    0,    0,    0,    0,    0,    0,    0,    0,    0,    0,    0,    0,    0,    0,    0,    0,    0,    0,    0,    0,    0,    0,    0,    0,    0,    0,    0,    0,    0,    0,    0,    0,    0,    0,    0,    0,    0,    0,    0,    0,    0,    0,    0,    0,    0,    0,    0,    0,    0,    0,    0,    0,    0,    0,    0,    0,    0,    0,    0,    0,    0,    0,    0,    0,    0,    0,    0,    0,    0,    0,    0,    0,    0,    0,    0,    0,    0,    0,    0,    0,    0,    0,    0,    0,    0,    0,    0,    0,    0,    0,
       0,    0,    0,  -10,    0,    0,   -5,    0,    0,    0,   -3,    0,  -12,    0,   -7,    0,   -3,   -2,   -5,   -6,   -6,    0,    0,    0,    0,    0,    0,    0,    0,    0,    0,    0,    0,    0,   -4,    0,   -2,    0,    0,    0,    2,    0,    0,    0,    0,    0,    0,    0,    0,    0,    0,    0,    0,    0,    0,    0,    0,    0,    0,    0,    0,    0,    0,    0,    0,    0,    0,    0,    0,    0,    0,    0,    0,    0,    0,    0,    0,    0,    0,    0,    0,    0,    0,    0,    0,    0,    0,    0,    0,    0,    0,    0,    0,    0,    0,    0,    0,    0,    0,    0,    0,    0,    0,    0,    0,    0,    0,    0,    0,    0,    0,    0,    0,    0,    0,    0,    0,    0,    0,    0,    0,    0,    0,    0,    0,    0,    0,    0,    0,    0,    0,    0,    0,    0,    0,    0,    0,    0,    0,    0,    0,    0,    0,    0,    0,    0,    0,    0,    0,    0,    0,    0,    0,    0,    0,    0,    0,    0,    0,    0,    0,    0,    0,    0,    0,    0,    0,    0,    0,    0,    0,    0,    0,    0,    0,    0,    0,    0,    0,    0,    0,    0,    0,    0,    0,    0,    0,    0,
       0,    0,    0,    0,    0,    0,    0,    0,    0,    0,    0,    0,    0,    0,    0,    0,    0,    0,    0,    0,    0,    0,    0,   -3,    0,    0,    0,    0,    0,    0,   -7,    0,   -3,    0,   -9,   -3,    0,    0,    0,    0,    0,    0,    0,    0,    0,    0,    0,    0,    0,    0,    0,    0,    0,    0,    0,    0,    0,    0,    0,    0,    0,    0,    0,    0,    0,    0,    0,    0,    0,    0,    0,    0,    0,    0,    0,    0,    0,    0,    0,    0,    0,    0,    0,    0,    0,    0,    0,    0,    0,    0,    0,    0,    0,    0,    0,    0,    0,    0,    0,    0,    0,    0,    0,    0,    0,    0,    0,    0,    0,    0,    0,    0,    0,    0,    0,    0,    0,    0,    0,    0,    0,    0,    0,    0,    0,    0,    0,    0,    0,    0,    0,    0,    0,    0,    0,    0,    0,    0,    0,    0,    0,    0,    0,    0,    0,    0,    0,    0,    0,    0,    0,    0,    0,    0,    0,    0,    0,    0,    0,    0,    0,    0,    0,    0,    0,    0,    0,    0,    0,    0,    0,    0,    0,    0,    0,    0,    0,    0,    0,    0,    0,    0,    0,    0,    0,    0,    0,    0,
       0,    0,    0,    0,  -22,  -22,  -21,    0,    0,    0,  -11,   -3,  -41,   -6,    0,    0,    1,    1,   -7,    0,   -9,    0,  -10,   -4,    0,   -7,    0,    0,   -6,   -6,   -3,   -5,   -6,   -5,   -8,   -5,   -9,    0,   -6,    0,    6,   -4,    0,    0,    0,    0,    0,    0,    9,   11,    0,    0,    0,    0,    0,    0,    0,    0,    0,    0,    0,    0,    0,    0,    0,    0,    0,    0,    0,    0,    0,    0,    0,    0,    0,    0,    0,    0,    0,    0,    0,    0,    0,    0,    0,    0,    0,    0,    0,    0,    0,    0,    0,    0,    0,    0,    0,    0,    0,    0,    0,    0,    0,    0,    0,    0,    0,    0,    0,    0,    0,    0,    0,    0,    0,    0,    0,    0,    0,    0,    0,    0,    0,    0,    0,    0,    0,    0,    0,    0,    0,    0,    0,    0,    0,    0,    0,    0,    0,    0,    0,    0,    0,    0,    0,    0,    0,    0,    0,    0,    0,    0,    0,    0,    0,    0,    0,    0,    0,    0,    0,    0,    0,    0,    0,    0,    0,    0,    0,    0,    0,    0,    0,    0,    0,    0,    0,    0,    0,    0,    0,    0,    0,    0,    0,    0,    0,    0,
       0,    0,    0,   -8,    0,    0,    0,    0,    0,    0,   -1,    0,    0,    0,   -6,    0,   -4,   -1,    0,    0,    0,    0,    0,    0,    0,    0,    0,    0,    0,    0,    0,    0,    0,    0,    0,    0,    0,    0,    0,    0,    2,    0,    0,    0,    0,    0,    0,    0,    0,    0,    0,    0,    0,    0,    0,    0,    0,    0,    0,    0,    0,    0,    0,    0,    0,    0,    0,    0,    0,    0,    0,    0,    0,    0,    0,    0,    0,    0,    0,    0,    0,    0,    0,    0,    0,    0,    0,    0,    0,    0,    0,    0,    0,    0,    0,    0,    0,    0,    0,    0,    0,    0,    0,    0,    0,    0,    0,    0,    0,    0,    0,    0,    0,    0,    0,    0,    0,    0,    0,    0,    0,    0,    0,    0,    0,    0,    0,    0,    0,    0,    0,    0,    0,    0,    0,    0,    0,    0,    0,    0,    0,    0,    0,    0,    0,    0,    0,    0,    0,    0,    0,    0,    0,    0,    0,    0,    0,    0,    0,    0,    0,    0,    0,    0,    0,    0,    0,    0,    0,    0,    0,    0,    0,    0,    0,    0,    0,    0,    0,    0,    0,    0,    0,    0,    0,    0,    0,    0,
       0,    0,    0,    0,   -7,   -7,    0,    0,    0,    0,    0,    0,  -12,    0,    0,    0,    0,    0,    0,    0,    0,    0,    0,    0,    0,    0,    0,    0,    0,    0,    0,    0,    0,    0,    0,    0,    0,    0,    0,    0,    0,    0,    0,    0,    0,    0,    0,    0,    0,    0,    0,    0,    0,    0,    0,    0,    0,    0,    0,    0,    0,    0,    0,    0,    0,    0,    0,    0,    0,    0,    0,    0,    0,    0,    0,    0,    0,    0,    0,    0,    0,    0,    0,    0,    0,    0,    0,    0,    0,    0,    0,    0,    0,    0,    0,    0,    0,    0,    0,    0,    0,    0,    0,    0,    0,    0,    0,    0,    0,    0,    0,    0,    0,    0,    0,    0,    0,    0,    0,    0,    0,    0,    0,    0,    0,    0,    0,    0,    0,    0,    0,    0,    0,    0,    0,    0,    0,    0,    0,    0,    0,    0,    0,    0,    0,    0,    0,    0,    0,    0,    0,    0,    0,    0,    0,    0,    0,    0,    0,    0,    0,    0,    0,    0,    0,    0,    0,    0,    0,    0,    0,    0,    0,    0,    0,    0,    0,    0,    0,    0,    0,    0,    0,    0,    0,    0,    0,    0,
       0,   -6,    0,  -12,    0,    0,    0,    0,    0,   -2,   -3,   -6,    0,   -3,   -5,   -4,   -4,   -3,    0,   -5,    0,    0,    0,   -2,    0,    0,    0,   -3,    0,    0,  -10,   -4,   -6,   -5,   -5,   -6,   -4,    0,   -3,   -9,    1,  -14,   -1,    0,    0,    0,    0,    0,    0,    0,    0,    0,    0,    0,    0,    0,    0,    0,    0,    0,    0,    0,    0,    0,    0,    0,    0,    0,    0,    0,    0,    0,    0,    0,    0,    0,    0,    0,    0,   -5,   -5,    0,    0,    0,    0,    0,    0,    0,    0,    0,    0,    0,    0,    0,    0,    0,    0,    0,    0,    0,    0,    0,    0,    0,    0,    0,    0,    0,    0,    0,    0,    0,    0,    0,    0,    0,    0,    0,    0,    0,    0,    0,    0,    0,    0,    0,    0,    0,    0,    0,    0,    0,    0,    0,    0,    0,    0,    0,    0,    0,    0,    0,    0,    0,    0,    0,    0,    0,    0,    0,    0,    0,    0,    0,    0,    0,    0,    0,    0,    0,    0,    0,    0,    0,    0,    0,    0,    0,    0,    0,    0,    0,    0,    0,    0,    0,    0,    0,    0,    0,    0,    0,    0,    0,    0,    0,    0,    0,
       0,  -26,    0,  -45,    0,    0,    0,    0,    0,  -10,    1,   -8,    0,   -7,  -36,   -9,  -23,  -17,    0,  -23,    0,  -24,    0,   -3,   -4,   -1,    0,    0,    0,    0,   -6,   -3,  -11,  -10,    0,  -11,    0,    0,  -10,  -16,  -27,  -27,    0,    0,    0,    0,    0,    0,    0,    0,    0,    0,    0,    0,    0,    0,    0,    0,    0,    0,    0,    0,    0,    0,    0,    0,    0,    0,    0,    0,    0,    0,    0,    0,    0,    0,    0,    0,    0,  -23,  -23,    0,    0,    0,    0,    0,    0,    0,    0,    0,    0,    0,    0,    0,    0,    0,    0,    0,    0,    0,    0,    0,    0,    0,    0,    0,    0,    0,    0,    0,    0,    0,    0,    0,    0,    0,    0,    0,    0,    0,    0,    0,    0,    0,    0,    0,    0,    0,    0,    0,    0,    0,    0,    0,    0,    0,    0,    0,    0,    0,    0,    0,    0,    0,    0,    0,    0,    0,    0,    0,    0,    0,    0,    0,    0,    0,    0,    0,    0,    0,    0,    0,    0,    0,    0,    0,    0,    0,    0,    0,    0,    0,    0,    0,    0,    0,    0,    0,    0,    0,    0,    0,    0,    0,    0,    0,    0,    0,
       0,    0,    0,    0,  -33,  -33,  -23,    0,    0,    0,  -15,    0,  -44,   -3,   -7,    0,    0,    0,   -7,   -3,  -23,    0,  -13,   -7,    0,   -9,    0,    0,    0,   -3,    0,    0,    0,    0,   -4,    0,   -6,    0,   -6,  -10,    9,   -2,    0,    0,    0,    0,    0,    0,    0,    0,    0,    0,    0,    0,    0,    0,    0,    0,    0,    0,    0,    0,    0,    0,    0,    0,    0,    0,    0,    0,    0,    0,    0,    0,    0,    0,    0,    0,    0,    0,    0,    0,    0,    0,    0,    0,    0,    0,    0,    0,    0,    0,    0,    0,    0,    0,    0,    0,    0,    0,    0,    0,    0,    0,    0,    0,    0,    0,    0,    0,    0,    0,    0,    0,    0,    0,    0,    0,    0,    0,    0,    0,    0,    0,    0,    0,    0,    0,    0,    0,    0,    0,    0,    0,    0,    0,    0,    0,    0,    0,    0,    0,    0,    0,    0,    0,    0,    0,    0,    0,    0,    0,    0,    0,    0,    0,    0,    0,    0,    0,    0,    0,    0,    0,    0,    0,    0,    0,    0,    0,    0,    0,    0,    0,    0,    0,    0,    0,    0,    0,    0,    0,    0,    0,    0,    0,    0,    0,
       0,    0,    0,   -3,    0,    0,    0,    0,    0,    0,   -1,    0,   -5,   -4,   -4,    0,    2,    2,   -1,    0,   -3,    0,   -1,   -3,    0,   -1,    0,    0,    0,    0,    0,    0,    0,    0,   -2,    0,   -2,    0,   -9,   -9,    8,   -3,   -4,    0,    0,    0,    0,    0,    0,    0,    0,    0,    0,    0,    0,    0,    0,    0,    0,    0,    0,    0,    0,    0,    0,    0,    0,    0,    0,    0,    0,    0,    0,    0,    0,    0,    0,    0,    0,    0,    0,    0,    0,    0,    0,    0,    0,    0,    0,    0,    0,    0,    0,    0,    0,    0,    0,    0,    0,    0,    0,    0,    0,    0,    0,    0,    0,    0,    0,    0,    0,    0,    0,    0,    0,    0,    0,    0,    0,    0,    0,    0,    0,    0,    0,    0,    0,    0,    0,    0,    0,    0,    0,    0,    0,    0,    0,    0,    0,    0,    0,    0,    0,    0,    0,    0,    0,    0,    0,    0,    0,    0,    0,    0,    0,    0,    0,    0,    0,    0,    0,    0,    0,    0,    0,    0,    0,    0,    0,    0,    0,    0,    0,    0,    0,    0,    0,    0,    0,    0,    0,    0,    0,    0,    0,    0,    0,    0,
       0,    0,    0,   -5,    0,    0,    0,    0,    0,    0,    0,    0,   -4,   -4,   -6,    0,    0,    0,    0,   -4,    0,    0,    0,    0,    0,    0,    0,    0,    0,    0,   -7,    0,    0,    0,    0,    0,    0,    0,    0,    4,    1,   -3,    0,    0,    0,    0,    0,    0,    0,    0,    0,    0,    0,    0,    0,    0,    0,    0,    0,    0,    0,    0,    0,    0,    0,    0,    0,    0,    0,    0,    0,    0,    0,    0,    0,    0,    0,    0,    0,    0,   -3,    0,    0,    0,    0,    0,    0,    0,    0,    0,    0,    0,    0,    0,    0,    0,    0,    0,    0,    0,    0,    0,    0,    0,    0,    0,    0,    0,    0,    0,    0,    0,    0,    0,    0,    0,    0,    0,    0,    0,    0,    0,    0,    0,    0,    0,    0,    0,    0,    0,    0,    0,    0,    0,    0,    0,    0,    0,    0,    0,    0,    0,    0,    0,    0,    0,    0,    0,    0,    0,    0,    0,    0,    0,    0,    0,    0,    0,    0,    0,    0,    0,    0,    0,    0,    0,    0,    0,    0,    0,    0,    0,    0,    0,    0,    0,    0,    0,    0,    0,    0,    0,    0,    0,    0,    0,    0,    0,
       0,    0,    0,    0,  -32,  -32,  -27,   -6,   -6,    0,  -12,   -7,  -38,  -12,    0,    0,    0,    0,   -6,   -4,  -16,    0,  -22,  -20,   -5,  -22,    0,    0,  -14,  -18,   -5,  -14,  -10,  -10,  -12,  -10,  -22,    0,  -14,  -22,    6,  -19,  -12,    0,  -26,    0,    0,    0,    0,    0,    0,    0,    0,    0,    0,    0,    0,    0,    0,    0,    0,    0,    0,    0,    0,    0,    0,    0,    0,    0,    0,    0,    0,    0,    0,    0,    0,    0,    0,    0,    0,    0,    0,    0,    0,    0,    0,    0,    0,    0,    0,    0,    0,    0,    0,    0,    0,    0,    0,    0,    0,    0,    0,    0,    0,    0,    0,    0,    0,    0,    0,    0,    0,    0,    0,    0,    0,    0,    0,    0,    0,    0,    0,    0,    0,    0,    0,    0,    0,    0,    0,    0,    0,    0,    0,    0,    0,    0,    0,    0,    0,    0,    0,    0,    0,    0,    0,    0,    0,    0,    0,    0,    0,    0,    0,    0,    0,    0,    0,    0,    0,    0,    0,    0,    0,    0,    0,    0,    0,    0,    0,    0,    0,    0,    0,    0,    0,    0,    0,    0,    0,    0,    0,    0,    0,    0,    0,    0,
       0,    0,    0,    0,   -5,   -5,   -9,    0,    0,    0,   -5,    0,  -14,   -3,    0,    0,   -1,    0,   -3,   -4,    0,    0,   -1,    0,    0,   -3,    0,    0,    0,   -1,    0,    0,    0,    0,   -2,    0,    0,    0,    0,    0,    0,    0,    0,    0,    0,    0,    0,    0,    0,    0,    0,    0,    0,    0,    0,    0,    0,    0,    0,    0,    0,    0,    0,    0,    0,    0,    0,    0,    0,    0,    0,    0,    0,    0,    0,    0,    0,    0,    0,    0,    0,    0,    0,    0,    0,    0,    0,    0,    0,    0,    0,    0,    0,    0,    0,    0,    0,    0,    0,    0,    0,    0,    0,    0,    0,    0,    0,    0,    0,    0,    0,    0,    0,    0,    0,    0,    0,    0,    0,    0,    0,    0,    0,    0,    0,    0,    0,    0,    0,    0,    0,    0,    0,    0,    0,    0,    0,    0,    0,    0,    0,    0,    0,    0,    0,    0,    0,    0,    0,    0,    0,    0,    0,    0,    0,    0,    0,    0,    0,    0,    0,    0,    0,    0,    0,    0,    0,    0,    0,    0,    0,    0,    0,    0,    0,    0,    0,    0,    0,    0,    0,    0,    0,    0,    0,    0,    0,    0,
       0,    0,    0,    0,  -19,  -19,  -14,    0,    0,    0,   -4,   -3,  -22,   -3,    0,   -3,    3,    0,    0,    0,   -6,    0,   -7,   -5,    0,   -6,    0,    0,   -6,   -4,    0,   -9,   -3,   -3,   -5,   -3,   -7,    0,   -6,   -6,   15,   -3,   -6,    0,    0,    0,    6,    4,   16,   19,   13,    0,    0,    0,    0,    0,    0,    0,    0,    0,    0,    0,    0,    0,    0,    0,    0,    0,    0,    0,    0,    0,    0,    0,    0,    0,    0,    0,    0,    0,    4,    0,    0,    0,    0,    0,    0,    0,    0,    0,    0,    0,    0,    0,    0,    0,    0,    0,    0,    0,    0,    0,    0,    0,    0,    0,    0,    0,    0,    0,    0,    0,    0,    0,    0,    0,    0,    0,    0,    0,    0,    0,    0,    0,    0,    0,    0,    0,    0,    0,    0,    0,    0,    0,    0,    0,    0,    0,    0,    0,    0,    0,    0,    0,    0,    0,    0,    0,    0,    0,    0,    0,    0,    0,    0,    0,    0,    0,    0,    0,    0,    0,    0,    0,    0,    0,    0,    0,    0,    0,    0,    0,    0,    0,    0,    0,    0,    0,    0,    0,    0,    0,    0,    0,    0,    0,    0,    0,
       0,    0,    0,    0,  -10,  -10,   -9,    0,    0,    0,    0,   -2,  -19,   -2,    0,    0,    0,    0,    0,    0,   -2,    0,   -5,    0,    0,   -4,    0,    0,    0,    0,    0,    0,    0,    0,    0,    0,   -3,    0,   -3,   -3,   12,    0,   -5,    0,    0,    0,    0,    0,    0,    0,    0,    0,    0,    0,    0,    0,    0,    0,    0,    0,    0,    0,    0,    0,    0,    0,    0,    0,    0,    0,    0,    0,    0,    0,    0,    0,    0,    0,    0,    0,    4,    0,    0,    0,    0,    0,    0,    0,    0,    0,    0,    0,    0,    0,    0,    0,    0,    0,    0,    0,    0,    0,    0,    0,    0,    0,    0,    0,    0,    0,    0,    0,    0,    0,    0,    0,    0,    0,    0,    0,    0,    0,    0,    0,    0,    0,    0,    0,    0,    0,    0,    0,    0,    0,    0,    0,    0,    0,    0,    0,    0,    0,    0,    0,    0,    0,    0,    0,    0,    0,    0,    0,    0,    0,    0,    0,    0,    0,    0,    0,    0,    0,    0,    0,    0,    0,    0,    0,    0,    0,    0,    0,    0,    0,    0,    0,    0,    0,    0,    0,    0,    0,    0,    0,    0,    0,    0,    0,
       0,   -3,    0,   -3,    0,    0,    0,    0,    0,    0,    1,   -5,    0,   -4,   -6,   -3,    0,    0,    0,    0,    0,    0,   -3,   -2,   -5,    0,    0,    0,    0,    0,   -5,   -3,   -5,   -4,   -3,   -5,   -4,    0,   -4,   -8,    2,  -12,   -4,    0,    0,    0,    0,    0,    0,    0,    0,    0,    0,    0,    0,    0,    0,    0,    0,    0,    0,    0,    0,    0,    0,    0,    0,    0,    0,    0,    0,    0,    0,    0,    0,    0,    0,    0,    0,   -2,   -2,    0,    0,    0,    0,    0,    0,    0,    0,    0,    0,    0,    0,    0,    0,    0,    0,    0,    0,    0,    0,    0,    0,    0,    0,    0,    0,    0,    0,    0,    0,    0,    0,    0,    0,    0,    0,    0,    0,    0,    0,    0,    0,    0,    0,    0,    0,    0,    0,    0,    0,    0,    0,    0,    0,    0,    0,    0,    0,    0,    0,    0,    0,    0,    0,    0,    0,    0,    0,    0,    0,    0,    0,    0,    0,    0,    0,    0,    0,    0,    0,    0,    0,    0,    0,    0,    0,    0,    0,    0,    0,    0,    0,    0,    0,    0,    0,    0,    0,    0,    0,    0,    0,    0,    0,    0,    0,    0,
       0,    0,    0,    0,  -27,  -27,  -20,   -7,   -7,   -2,   -4,   -4,  -30,   -5,   -4,   -3,    0,    0,    0,    0,   -8,    0,  -20,  -12,    0,  -18,    0,    0,  -12,  -12,   -8,  -10,   -4,   -7,  -10,   -4,  -14,    0,  -16,  -20,   10,  -14,  -11,    0,    0,    0,    0,    0,    0,    0,    0,    0,    0,    0,    0,    0,    0,    0,    0,    0,    0,    0,    0,    0,    0,    0,    0,    0,    0,    0,    0,    0,    0,    0,    0,    0,    0,    0,    0,    0,    3,    0,    0,    0,    0,    0,    0,    0,    0,    0,    0,    0,    0,    0,    0,    0,    0,    0,    0,    0,    0,    0,    0,    0,    0,    0,    0,    0,    0,    0,    0,    0,    0,    0,    0,    0,    0,    0,    0,    0,    0,    0,    0,    0,    0,    0,    0,    0,    0,    0,    0,    0,    0,    0,    0,    0,    0,    0,    0,    0,    0,    0,    0,    0,    0,    0,    0,    0,    0,    0,    0,    0,    0,    0,    0,    0,    0,    0,    0,    0,    0,    0,    0,    0,    0,    0,    0,    0,    0,    0,    0,    0,    0,    0,    0,    0,    0,    0,    0,    0,    0,    0,    0,    0,    0,    0,    0,    0,
       0,    0,    0,    0,    0,    0,    0,    0,    0,    0,   -2,   -6,  -10,   -9,    0,   -3,   -2,   -2,    0,   -4,   -5,    0,   -5,   -6,   -6,   -4,    0,    0,    0,    0,   -4,   -7,   -5,   -5,   -7,   -5,    0,    0,  -10,  -10,    6,  -18,    0,    0,    0,    0,    0,    0,    0,    0,    0,    0,    0,    0,    0,    0,    0,    0,    0,    0,    0,    0,    0,    0,    0,    0,    0,    0,    0,    0,    0,    0,    0,    0,    0,    0,    0,    0,    0,    0,    0,    0,    0,    0,    0,    0,    0,    0,    0,    0,    0,    0,    0,    0,    0,    0,    0,    0,    0,    0,    0,    0,    0,    0,    0,    0,    0,    0,    0,    0,    0,    0,    0,    0,    0,    0,    0,    0,    0,    0,    0,    0,    0,    0,    0,    0,    0,    0,    0,    0,    0,    0,    0,    0,    0,    0,    0,    0,    0,    0,    0,    0,    0,    0,    0,    0,    0,    0,    0,    0,    0,    0,    0,    0,    0,    0,    0,    0,    0,    0,    0,    0,    0,    0,    0,    0,    0,    0,    0,    0,    0,    0,    0,    0,    0,    0,    0,    0,    0,    0,    0,    0,    0,    0,    0,    0,    0,    0,
       0,    0,    0,    0,    0,    0,    0,    0,    0,    0,    0,    0,    0,    0,  -26,   -9,  -16,   -9,    0,  -22,    0,    0,    0,    0,    0,   10,    0,   22,    0,    0,    0,    0,   -6,   -3,    0,    4,    0,    0,    0,    0,    0,    0,    0,    0,    0,   -9,    0,    0,    0,    0,    0,    0,    0,    0,    0,    0,    0,    0,  -26,    0,    0,    0,    0,    0,    0,    0,    0,    0,    0,    0,    0,    0,    0,    0,    4,    0,    0,    0,    0,    0,    0,    0,    0,    0,    0,    0,    0,    0,    0,    0,    0,    0,    0,    0,    0,    0,    0,    0,    0,    0,    0,    0,    0,    0,    0,    0,    0,    0,    0,    0,    0,    0,    0,    0,    0,    0,    0,    0,    0,    0,    0,    0,    0,    0,    0,    0,    0,    0,    0,    0,    0,    0,    0,    0,    0,    0,    0,    0,    0,    0,    0,    0,    0,    0,    0,    0,    0,    0,    0,    0,    0,    0,    0,    0,    0,    0,    0,    0,    0,    0,    0,    0,    0,    0,    0,    0,    0,    0,    0,    0,    0,    0,    0,    0,    0,    0,    0,    0,    0,    0,    0,    0,    0,    0,    0,    0,    0,    0,
       0,    0,    0,  -16,    0,    0,    0,    0,    0,   -4,    0,    0,    0,    0,   -7,    0,   -5,   -1,    0,   -7,    0,    0,    0,    0,    0,    0,    0,    0,    0,    0,   -4,    0,    0,    0,    0,    0,    0,    0,    0,    0,    0,    0,    0,    0,    0,    0,    0,    0,    0,    0,    0,    0,    0,    0,    0,    0,    0,    0,    0,    0,    0,    0,    0,    0,    0,    0,    0,    0,    0,    0,    0,    0,    0,    0,    0,    0,    0,    0,    0,    0,   -5,    0,    0,    0,    0,    0,    0,    0,    0,    0,    0,    0,    0,    0,    0,    0,    0,    0,    0,    0,    0,    0,    0,    0,    0,    0,    0,    0,    0,    0,    0,    0,    0,    0,    0,    0,    0,    0,    0,    0,    0,    0,    0,    0,    0,    0,    0,    0,    0,    0,    0,    0,    0,    0,    0,    0,    0,    0,    0,    0,    0,    0,    0,    0,    0,    0,    0,    0,    0,    0,    0,    0,    0,    0,    0,    0,    0,    0,    0,    0,    0,    0,    0,    0,    0,    0,    0,    0,    0,    0,    0,    0,    0,    0,    0,    0,    0,    0,    0,    0,    0,    0,    0,    0,    0,    0,    0,    0,
       0,   -9,    0,   -8,   -3,   -3,    0,    0,    0,   -4,    0,    0,    0,    0,  -17,    0,   -6,    0,   -1,  -14,    0,   -8,   -4,    0,    0,    0,    0,    0,    0,    0,   -5,    0,   -1,   -1,   -5,   -1,   -2,    0,    0,    2,   -2,    0,    0,    0,    0,    0,    0,    0,    0,    0,    0,    0,    0,    0,    0,    0,    0,    0,    0,    0,    0,    0,    0,    0,    0,    0,    0,    0,    0,    0,    0,    0,    0,    0,    0,    0,    0,    0,    0,   -4,   -8,    0,    0,    0,    0,    0,    0,    0,    0,    0,    0,    0,    0,    0,    0,    0,    0,    0,    0,    0,    0,    0,    0,    0,    0,    0,    0,    0,    0,    0,    0,    0,    0,    0,    0,    0,    0,    0,    0,    0,    0,    0,    0,    0,    0,    0,    0,    0,    0,    0,    0,    0,    0,    0,    0,    0,    0,    0,    0,    0,    0,    0,    0,    0,    0,    0,    0,    0,    0,    0,    0,    0,    0,    0,    0,    0,    0,    0,    0,    0,    0,    0,    0,    0,    0,    0,    0,    0,    0,    0,    0,    0,    0,    0,    0,    0,    0,    0,    0,    0,    0,    0,    0,    0,    0,    0,    0,    0,
       0,    0,    0,    0,    0,    0,    0,    0,    0,    0,    0,    0,    0,    0,   -6,    0,   -4,    0,    0,   -7,    0,    0,   -3,   -6,    0,   -3,    0,    0,    0,    0,   -3,    0,    2,    2,    2,    2,    0,    0,   -4,   -6,    6,   -4,    0,    0,    0,    0,    0,    0,    0,    0,    0,    0,    0,    0,    0,    0,    0,    0,    0,    0,    0,    0,    0,    0,    0,    0,    0,    0,    0,    0,    0,    0,    0,    0,    0,    0,    0,    0,    0,    0,    0,    0,    0,    0,    0,    0,    0,    0,    0,    0,    0,    0,    0,    0,    0,    0,    0,    0,    0,    0,    0,    0,    0,    0,    0,    0,    0,    0,    0,    0,    0,    0,    0,    0,    0,    0,    0,    0,    0,    0,    0,    0,    0,    0,    0,    0,    0,    0,    0,    0,    0,    0,    0,    0,    0,    0,    0,    0,    0,    0,    0,    0,    0,    0,    0,    0,    0,    0,    0,    0,    0,    0,    0,    0,    0,    0,    0,    0,    0,    0,    0,    0,    0,    0,    0,    0,    0,    0,    0,    0,    0,    0,    0,    0,    0,    0,    0,    0,    0,    0,    0,    0,    0,    0,    0,    0,    0,    0,
       0,    0,    0,  -10,    0,    0,    0,    0,    0,   -2,    0,    0,   -6,   -6,   -7,    0,   -5,   -3,    0,   -8,    0,   -6,   -4,    0,    0,   -3,    0,    0,    0,    0,   -3,    0,    1,    1,   -2,    1,    0,    0,    0,    3,    0,   -1,    0,    0,    0,    0,    0,    0,    0,    0,    0,    0,    0,    0,    0,    0,    0,    0,    0,    0,    0,    0,    0,    0,    0,    0,    0,    0,    0,    0,    0,    0,    0,    0,    0,    0,    0,    0,    0,    0,   -3,    0,    0,    0,    0,    0,    0,    0,    0,    0,    0,    0,    0,    0,    0,    0,    0,    0,    0,    0,    0,    0,    0,    0,    0,    0,    0,    0,    0,    0,    0,    0,    0,    0,    0,    0,    0,    0,    0,    0,    0,    0,    0,    0,    0,    0,    0,    0,    0,    0,    0,    0,    0,    0,    0,    0,    0,    0,    0,    0,    0,    0,    0,    0,    0,    0,    0,    0,    0,    0,    0,    0,    0,    0,    0,    0,    0,    0,    0,    0,    0,    0,    0,    0,    0,    0,    0,    0,    0,    0,    0,    0,    0,    0,    0,    0,    0,    0,    0,    0,    0,    0,    0,    0,    0,    0,    0,    0,
       4,   12,   15,    0,  -15,  -15,   -4,    0,    0,    8,    0,    0,    0,    0,   14,    0,   20,   14,   10,   18,    0,   19,   -6,   -3,    0,   -4,    0,   -3,    0,   -1,    0,    0,    4,    0,   -1,    0,   -4,    0,    0,   -4,   23,   -6,    0,    0,    0,    0,    0,    0,    0,    0,    0,    0,    0,    0,    0,    0,    0,    0,    0,    0,    0,    0,    0,    0,    0,    0,    0,    0,    0,    0,    0,    0,    0,    0,    0,    0,    0,    0,    0,   10,   10,    0,    0,    0,    0,    0,    0,    0,    0,    0,    0,    0,    0,    0,    0,    0,    0,    0,    0,    0,    0,    0,    0,    0,    0,    0,    0,    0,    0,    0,    0,    0,    0,    0,    0,    0,    0,    0,    0,    0,    0,    0,    0,    0,    0,    0,    0,    0,    0,    0,    0,    0,    0,    0,    0,    0,    0,    0,    0,    0,    0,    0,    0,    0,    0,    0,    0,    0,    0,    0,    0,    0,    0,    0,    0,    0,    0,    0,    0,    0,    0,    0,    0,    0,    0,    0,    0,    0,    0,    0,    0,    0,    0,    0,    0,    0,    0,    0,    0,    0,    0,    0,    0,    0,    0,    0,    0,    0,
       0,    0,    4,  -10,    0,    0,   14,    0,    0,  -11,    0,    0,    0,    0,   -8,    0,    0,    0,    0,   -4,    0,    0,   -5,   -4,    0,    0,    0,   11,    0,    0,    0,    0,   -1,   -1,    0,    5,   -4,    0,    0,    0,    4,   -2,    0,    0,    0,    0,    0,    0,    0,    0,    0,    0,    0,    0,    0,    0,    0,    0,    0,    0,    0,    0,    0,    0,    0,    0,    0,    0,    0,    0,    0,    0,    0,    0,    0,    0,    0,    0,    0,    0,    0,    0,    0,    0,    0,    0,    0,    0,    0,    0,    0,    0,    0,    0,    0,    0,    0,    0,    0,    0,    0,    0,    0,    0,    0,    0,    0,    0,    0,    0,    0,    0,    0,    0,    0,    0,    0,    0,    0,    0,    0,    0,    0,    0,    0,    0,    0,    0,    0,    0,    0,    0,    0,    0,    0,    0,    0,    0,    0,    0,    0,    0,    0,    0,    0,    0,    0,    0,    0,    0,    0,    0,    0,    0,    0,    0,    0,    0,    0,    0,    0,    0,    0,    0,    0,    0,    0,    0,    0,    0,    0,    0,    0,    0,    0,    0,    0,    0,    0,    0,    0,    0,    0,    0,    0,    0,    0,    0,
       0,    0,    0,  -10,    0,    0,    0,    0,    0,   -2,    0,    0,    0,    0,   -7,    0,   -3,    0,    0,   -5,    0,    0,    0,    0,    0,    0,    0,    0,    0,    0,    0,    0,    0,    0,    0,    0,    0,    0,    0,    0,    0,    0,    0,    0,    0,    0,    0,    0,    0,    0,    0,    0,    0,    0,    0,    0,    0,    0,    0,    0,    0,    0,    0,    0,    0,    0,    0,    0,    0,    0,    0,    0,    0,    0,    0,    0,    0,    0,    0,    0,   -6,    0,    0,    0,    0,    0,    0,    0,    0,    0,    0,    0,    0,    0,    0,    0,    0,    0,    0,    0,    0,    0,    0,    0,    0,    0,    0,    0,    0,    0,    0,    0,    0,    0,    0,    0,    0,    0,    0,    0,    0,    0,    0,    0,    0,    0,    0,    0,    0,    0,    0,    0,    0,    0,    0,    0,    0,    0,    0,    0,    0,    0,    0,    0,    0,    0,    0,    0,    0,    0,    0,    0,    0,    0,    0,    0,    0,    0,    0,    0,    0,    0,    0,    0,    0,    0,    0,    0,    0,    0,    0,    0,    0,    0,    0,    0,    0,    0,    0,    0,    0,    0,    0,    0,    0,    0,    0,    0,
       0,    0,    0,   -6,    4,    4,    0,    4,    4,   -4,    0,    0,    0,    0,  -10,    0,    0,    0,    0,   -3,    0,    0,   -3,   -5,    0,   -3,    0,   -3,    0,    0,   -6,   -4,    0,    0,   -2,    0,   -2,    0,   -8,  -13,    0,   -8,   -3,    0,    0,    0,    0,    0,    0,    0,    0,    0,    0,    0,    0,    0,    0,    0,    0,    0,    0,    0,    0,    0,    0,    0,    0,    0,    0,    0,    0,    0,    0,    0,    0,    0,    0,    0,    0,    0,   -8,    0,    0,    0,    0,    0,    0,    0,    0,    0,    0,    0,    0,    0,    0,    0,    0,    0,    0,    0,    0,    0,    0,    0,    0,    0,    0,    0,    0,    0,    0,    0,    0,    0,    0,    0,    0,    0,    0,    0,    0,    0,    0,    0,    0,    0,    0,    0,    0,    0,    0,    0,    0,    0,    0,    0,    0,    0,    0,    0,    0,    0,    0,    0,    0,    0,    0,    0,    0,    0,    0,    0,    0,    0,    0,    0,    0,    0,    0,    0,    0,    0,    0,    0,    0,    0,    0,    0,    0,    0,    0,    0,    0,    0,    0,    0,    0,    0,    0,    0,    0,    0,    0,    0,    0,    0,    0,    0,
       0,    0,    0,    0,    0,    0,    0,    0,    0,    0,    0,    0,    0,    0,    0,    0,    0,    0,    0,    0,    0,    0,    0,    0,    0,    0,    0,    2,    0,    0,    0,    0,    0,    0,    0,    0,    0,    0,    0,    0,    0,    0,    0,    0,    0,    0,    0,    0,    0,    0,    0,    0,    0,    0,    0,    0,    0,    0,    0,    0,    0,    0,    0,    0,    0,    0,    0,    0,    0,    0,    0,    0,    0,    0,    0,    0,    0,    0,    0,    0,    0,    0,    0,    0,    0,    0,    0,    0,    0,    0,    0,    0,    0,    0,    0,    0,    0,    0,    0,    0,    0,    0,    0,    0,    0,    0,    0,    0,    0,    0,    0,    0,    0,    0,    0,    0,    0,    0,    0,    0,    0,    0,    0,    0,    0,    0,    0,    0,    0,    0,    0,    0,    0,    0,    0,    0,    0,    0,    0,    0,    0,    0,    0,    0,    0,    0,    0,    0,    0,    0,    0,    0,    0,    0,    0,    0,    0,    0,    0,    0,    0,    0,    0,    0,    0,    0,    0,    0,    0,    0,    0,    0,    0,    0,    0,    0,    0,    0,    0,    0,    0,    0,    0,    0,    0,    0,    0,    0,
       0,    0,    0,   -7,    0,    0,    0,    0,    0,    0,    0,    0,    0,    0,   -6,    0,   -4,    0,    0,   -9,    0,    0,    0,    0,    0,    0,    0,    0,    0,    0,    0,    0,    0,    0,    0,    0,    0,    0,    0,    0,    0,    0,    0,    0,    0,    0,    0,    0,    0,    0,    0,    0,    0,    0,    0,    0,    0,    0,    0,    0,    0,    0,    0,    0,    0,    0,    0,    0,    0,    0,    0,    0,    0,    0,    0,    0,    0,    0,    0,    0,    0,    0,    0,    0,    0,    0,    0,    0,    0,    0,    0,    0,    0,    0,    0,    0,    0,    0,    0,    0,    0,    0,    0,    0,    0,    0,    0,    0,    0,    0,    0,    0,    0,    0,    0,    0,    0,    0,    0,    0,    0,    0,    0,    0,    0,    0,    0,    0,    0,    0,    0,    0,    0,    0,    0,    0,    0,    0,    0,    0,    0,    0,    0,    0,    0,    0,    0,    0,    0,    0,    0,    0,    0,    0,    0,    0,    0,    0,    0,    0,    0,    0,    0,    0,    0,    0,    0,    0,    0,    0,    0,    0,    0,    0,    0,    0,    0,    0,    0,    0,    0,    0,    0,    0,    0,    0,    0,    0,
       0,    0,    0,    0,  -17,  -17,  -10,    8,    8,    0,   -4,    0,  -16,    0,    0,    0,    0,    0,    0,    0,   -3,    4,   -7,   -3,    0,   -3,    0,    0,    0,   -1,    0,    0,    8,    6,    0,    8,   -1,    0,   -6,   -7,   19,   -5,    0,    0,    0,    0,    0,    0,    0,    0,    0,    0,    0,    0,    0,    0,    0,    0,    0,    0,    0,    0,    0,    0,    0,    0,    0,    0,    0,    0,    0,    0,    0,    0,    0,    0,    0,    0,    0,   10,    5,    0,    0,    0,    0,    0,    0,    0,    0,    0,    0,    0,    0,    0,    0,    0,    0,    0,    0,    0,    0,    0,    0,    0,    0,    0,    0,    0,    0,    0,    0,    0,    0,    0,    0,    0,    0,    0,    0,    0,    0,    0,    0,    0,    0,    0,    0,    0,    0,    0,    0,    0,    0,    0,    0,    0,    0,    0,    0,    0,    0,    0,    0,    0,    0,    0,    0,    0,    0,    0,    0,    0,    0,    0,    0,    0,    0,    0,    0,    0,    0,    0,    0,    0,    0,    0,    0,    0,    0,    0,    0,    0,    0,    0,    0,    0,    0,    0,    0,    0,    0,    0,    0,    0,    0,    0,    0,    0,
       0,    0,    0,  -15,    0,    0,    0,    0,    0,   -3,    0,    0,    0,    0,   -7,    0,   -3,    0,    0,   -6,    0,    0,    0,    0,    0,    0,    0,    0,    0,    0,   -6,    0,    0,    0,    0,    0,    0,    0,    0,    3,    0,    0,    0,    0,    0,    0,    0,    0,    0,    0,    0,    0,    0,    0,    0,    0,    0,    0,    0,    0,    0,    0,    0,    0,    0,    0,    0,    0,    0,    0,    0,    0,    0,    0,    0,    0,    0,    0,    0,    0,   -3,    0,    0,    0,    0,    0,    0,    0,    0,    0,    0,    0,    0,    0,    0,    0,    0,    0,    0,    0,    0,    0,    0,    0,    0,    0,    0,    0,    0,    0,    0,    0,    0,    0,    0,    0,    0,    0,    0,    0,    0,    0,    0,    0,    0,    0,    0,    0,    0,    0,    0,    0,    0,    0,    0,    0,    0,    0,    0,    0,    0,    0,    0,    0,    0,    0,    0,    0,    0,    0,    0,    0,    0,    0,    0,    0,    0,    0,    0,    0,    0,    0,    0,    0,    0,    0,    0,    0,    0,    0,    0,    0,    0,    0,    0,    0,    0,    0,    0,    0,    0,    0,    0,    0,    0,    0,    0,    0,
       0,    0,    0,    0,    2,    2,    3,    4,    4,   -8,    0,    0,    0,    0,   -4,    0,    0,    0,    0,   -1,    0,    0,   -6,   -4,    0,   -3,    0,    0,    0,   -3,   -6,    0,    0,    0,   -5,    0,    0,    0,   -5,   -8,   10,   -6,   -4,    0,    0,    0,    0,    0,    0,    0,    0,    0,    0,    0,    0,    0,    0,    0,    0,    0,    0,    0,    0,    0,    0,    0,    0,    0,    0,    0,    0,    0,    0,    0,    0,    0,    0,    0,    0,    0,    0,    0,    0,    0,    0,    0,    0,    0,    0,    0,    0,    0,    0,    0,    0,    0,    0,    0,    0,    0,    0,    0,    0,    0,    0,    0,    0,    0,    0,    0,    0,    0,    0,    0,    0,    0,    0,    0,    0,    0,    0,    0,    0,    0,    0,    0,    0,    0,    0,    0,    0,    0,    0,    0,    0,    0,    0,    0,    0,    0,    0,    0,    0,    0,    0,    0,    0,    0,    0,    0,    0,    0,    0,    0,    0,    0,    0,    0,    0,    0,    0,    0,    0,    0,    0,    0,    0,    0,    0,    0,    0,    0,    0,    0,    0,    0,    0,    0,    0,    0,    0,    0,    0,    0,    0,    0,    0,    0,
       0,    0,    0,   -3,  -10,  -10,   -6,    0,    0,    0,   -3,    0,  -12,    0,   -6,    0,   -3,    0,    0,   -4,   -3,    0,   -6,   -1,    0,    0,    0,   -3,    0,    0,    0,    0,    0,    0,    0,    0,   -7,    0,    0,   -2,   14,    0,    0,    0,    0,    0,    0,    0,    0,    0,    0,    0,    0,    0,    0,    0,    0,    0,    0,    0,    0,    0,    0,    0,    0,    0,    0,    0,    0,    0,    0,    0,    0,    0,    0,    0,    0,    0,    0,    0,    0,    0,    0,    0,    0,    0,    0,    0,    0,    0,    0,    0,    0,    0,    0,    0,    0,    0,    0,    0,    0,    0,    0,    0,    0,    0,    0,    0,    0,    0,    0,    0,    0,    0,    0,    0,    0,    0,    0,    0,    0,    0,    0,    0,    0,    0,    0,    0,    0,    0,    0,    0,    0,    0,    0,    0,    0,    0,    0,    0,    0,    0,    0,    0,    0,    0,    0,    0,    0,    0,    0,    0,    0,    0,    0,    0,    0,    0,    0,    0,    0,    0,    0,    0,    0,    0,    0,    0,    0,    0,    0,    0,    0,    0,    0,    0,    0,    0,    0,    0,    0,    0,    0,    0,    0,    0,    0,    0,
       0,    0,    0,   -3,  -12,  -12,   -2,    0,    0,    0,   -1,    0,   -9,    0,   -7,    0,   -3,    0,   -4,   -7,    0,    0,   -3,   -1,    0,    0,    0,   -3,    0,    0,    0,    0,    0,    0,    0,    0,   -5,    0,    0,    0,   11,    0,    0,    0,    0,    0,    0,    0,    0,    0,    0,    0,    0,    0,    0,    0,    0,    0,    0,    0,    0,    0,    0,    0,    0,    0,    0,    0,    0,    0,    0,    0,    0,    0,    0,    0,    0,    0,    0,    0,    0,    0,    0,    0,    0,    0,    0,    0,    0,    0,    0,    0,    0,    0,    0,    0,    0,    0,    0,    0,    0,    0,    0,    0,    0,    0,    0,    0,    0,    0,    0,    0,    0,    0,    0,    0,    0,    0,    0,    0,    0,    0,    0,    0,    0,    0,    0,    0,    0,    0,    0,    0,    0,    0,    0,    0,    0,    0,    0,    0,    0,    0,    0,    0,    0,    0,    0,    0,    0,    0,    0,    0,    0,    0,    0,    0,    0,    0,    0,    0,    0,    0,    0,    0,    0,    0,    0,    0,    0,    0,    0,    0,    0,    0,    0,    0,    0,    0,    0,    0,    0,    0,    0,    0,    0,    0,    0,    0,
      -4,    0,    0,   -7,    0,   -2,    0,    0,    2,    0,    0,   -3,    0,   -1,  -10,    0,   -5,    0,   -3,  -10,    0,    0,   -3,   -5,    0,    0,    0,    0,    0,    0,   -7,    0,    0,    0,    0,    0,    0,    0,   -7,   -4,   11,   -6,   -6,    0,    0,    0,    0,    0,    0,    0,    0,    0,    0,    0,    0,    0,    0,    0,    0,    0,    0,    0,    0,    0,    0,    0,    0,    0,    0,    0,    0,    0,    0,    0,    0,    0,    0,    0,    0,    0,    0,    0,    0,    0,    0,    0,    0,    0,    0,    0,    0,    0,    0,    0,    0,    0,    0,    0,    0,    0,    0,    0,    0,    0,    0,    0,    0,    0,    0,    0,    0,    0,    0,    0,    0,    0,    0,    0,    0,    0,    0,    0,    0,    0,    0,    0,    0,    0,    0,    0,    0,    0,    0,    0,    0,    0,    0,    0,    0,    0,    0,    0,    0,    0,    0,    0,    0,    0,    0,    0,    0,    0,    0,    0,    0,    0,    0,    0,    0,    0,    0,    0,    0,    0,    0,    0,    0,    0,    0,    0,    0,    0,    0,    0,    0,    0,    0,    0,    0,    0,    0,    0,    0,    0,    0,    0,    0,    0,
       0,    0,    0,    0,  -10,  -10,   -4,    0,    0,    0,    0,    0,  -12,    0,   -6,    0,   -1,    0,   -1,   -2,    0,    0,   -6,   -1,    0,    0,    0,   -3,    0,    0,    0,    0,    0,    0,   -4,    0,   -7,    0,   -1,    0,   14,    0,   -1,    0,    0,    0,    0,    0,    0,    0,    0,    0,    0,    0,    0,    0,    0,    0,    0,    0,    0,    0,    0,    0,    0,    0,    0,    0,    0,    0,    0,    0,    0,    0,    0,    0,    0,    0,    0,    0,    0,    0,    0,    0,    0,    0,    0,    0,    0,    0,    0,    0,    0,    0,    0,    0,    0,    0,    0,    0,    0,    0,    0,    0,    0,    0,    0,    0,    0,    0,    0,    0,    0,    0,    0,    0,    0,    0,    0,    0,    0,    0,    0,    0,    0,    0,    0,    0,    0,    0,    0,    0,    0,    0,    0,    0,    0,    0,    0,    0,    0,    0,    0,    0,    0,    0,    0,    0,    0,    0,    0,    0,    0,    0,    0,    0,    0,    0,    0,    0,    0,    0,    0,    0,    0,    0,    0,    0,    0,    0,    0,    0,    0,    0,    0,    0,    0,    0,    0,    0,    0,    0,    0,    0,    0,    0,    0,    0,
       0,    0,    0,    0,    0,    0,    0,    0,    0,    0,    0,    0,    0,    0,   -8,    0,    0,    0,    0,   -9,    0,    0,   -7,   -3,    0,   -2,    0,    0,    0,    0,    0,   -3,   -1,    0,    0,   -1,    0,    0,    0,   -5,    8,   -3,    0,    0,    0,    0,    0,    0,    0,    0,    0,    0,    0,    0,    0,    0,    0,    0,    0,    0,    0,    0,    0,    0,    0,    0,    0,    0,    0,    0,    0,    0,    0,    0,    0,    0,    0,    0,    0,    0,    0,    0,    0,    0,    0,    0,    0,    0,    0,    0,    0,    0,    0,    0,    0,    0,    0,    0,    0,    0,    0,    0,    0,    0,    0,    0,    0,    0,    0,    0,    0,    0,    0,    0,    0,    0,    0,    0,    0,    0,    0,    0,    0,    0,    0,    0,    0,    0,    0,    0,    0,    0,    0,    0,    0,    0,    0,    0,    0,    0,    0,    0,    0,    0,    0,    0,    0,    0,    0,    0,    0,    0,    0,    0,    0,    0,    0,    0,    0,    0,    0,    0,    0,    0,    0,    0,    0,    0,    0,    0,    0,    0,    0,    0,    0,    0,    0,    0,    0,    0,    0,    0,    0,    0,    0,    0,    0,    0,
       0,    0,    0,    0,    0,    0,    0,    0,    0,    0,    0,    0,    0,    0,    0,    0,  -10,   -5,    0,  -13,    0,    0,    0,    0,    0,    0,    0,   10,    0,    0,    0,    0,    0,    0,    0,    0,    0,    0,    0,    0,    0,    0,    0,    0,    0,    0,    0,    0,    0,    0,    0,    0,    0,    0,    0,    0,    0,    0,    0,    0,    0,    0,    0,    0,    0,    0,    0,    0,    0,    0,    0,    0,    0,    0,    0,    0,    0,    0,    0,    0,    0,    0,    0,    0,    0,    0,    0,    0,    0,    0,    0,    0,    0,    0,    0,    0,    0,    0,    0,    0,    0,    0,    0,    0,    0,    0,    0,    0,    0,    0,    0,    0,    0,    0,    0,    0,    0,    0,    0,    0,    0,    0,    0,    0,    0,    0,    0,    0,    0,    0,    0,    0,    0,    0,    0,    0,    0,    0,    0,    0,    0,    0,    0,    0,    0,    0,    0,    0,    0,    0,    0,    0,    0,    0,    0,    0,    0,    0,    0,    0,    0,    0,    0,    0,    0,    0,    0,    0,    0,    0,    0,    0,    0,    0,    0,    0,    0,    0,    0,    0,    0,    0,    0,    0,    0,    0,    0,    0,
       0,    0,    0,    0,    0,    0,    0,    0,    0,    0,    0,    0,    0,    0,  -12,    0,   -5,   -5,   -4,  -11,    0,    0,    0,    0,    0,    0,    0,    0,    0,    0,   -4,    0,   -1,    0,   -6,   -1,    0,    0,    0,    0,    0,    0,    0,    0,    0,    0,    0,    0,    0,    0,    0,    0,    0,    0,   -2,    0,    0,    0,  -12,   -8,    0,   -4,   -4,   -6,    0,    0,    0,    0,    0,   -6,    0,    0,    0,   -4,   -1,   -6,    0,   -1,   -6,    0,    0,    0,    0,    0,    0,    0,    0,    0,    0,    0,    0,    0,    0,    0,    0,    0,    0,    0,    0,    0,    0,    0,    0,    0,    0,    0,    0,    0,    0,    0,    0,    0,    0,    0,    0,    0,    0,    0,    0,    0,    0,    0,    0,    0,    0,    0,    0,    0,    0,    0,    0,    0,    0,    0,    0,    0,    0,    0,    0,    0,    0,    0,    0,    0,    0,    0,    0,    0,    0,    0,    0,    0,    0,    0,    0,    0,    0,    0,    0,    0,    0,    0,    0,    0,    0,    0,    0,    0,    0,    0,    0,    0,    0,    0,    0,    0,    0,    0,    0,    0,    0,    0,    0,    0,    0,    0,    0,    0,
       0,    0,    0,    0,    0,    0,    0,    0,    0,    0,    0,    0,   -6,   -5,  -14,    0,   -6,   -3,   -8,  -20,   -6,    0,    0,    0,    0,    0,    0,    0,    0,    0,   -8,    0,   -2,    0,   -4,    0,    0,    0,    0,    0,    0,    0,    0,    0,    0,    0,    0,    0,    0,    0,    0,    0,    0,   -9,   -8,   -6,   -9,    0,  -14,   -8,    2,   -8,   -6,   -7,    0,    0,    0,   -3,    0,   -7,   -6,   -3,    0,   -8,    0,   -4,    0,   -7,   -3,    0,    0,    0,    0,    0,    0,    0,    0,    0,    0,    0,    0,    0,    0,    0,    0,    0,    0,    0,    0,    0,    0,    0,    0,    0,    0,    0,    0,    0,    0,    0,    0,    0,    0,    0,    0,    0,    0,    0,    0,    0,    0,    0,    0,    0,    0,    0,    0,    0,    0,    0,    0,    0,    0,    0,    0,    0,    0,    0,    0,    0,    0,    0,    0,    0,    0,    0,    0,    0,    0,    0,    0,    0,    0,    0,    0,    0,    0,    0,    0,    0,    0,    0,    0,    0,    0,    0,    0,    0,    0,    0,    0,    0,    0,    0,    0,    0,    0,    0,    0,    0,    0,    0,    0,    0,    0,    0,    0,    0,
       0,    0,    0,    0,    0,    0,    0,    0,    0,    0,   -7,    0,    0,   -7,  -19,    0,   -8,    0,   -8,  -17,  -11,    0,    0,    0,    0,    0,    0,    0,    0,    0,    0,    0,    0,    0,   -6,    0,    0,    0,    0,    0,    0,    0,    0,    0,    0,    0,    0,    0,    0,    0,    0,    0,   -7,   -9,   -5,    0,    0,    0,  -19,   -5,    0,   -8,   -4,    0,    0,    0,    0,    0,    0,    0,    0,    0,    0,    0,    0,   -6,    0,    0,    0,    0,    0,    0,    0,    0,    0,    0,    0,    0,    0,    0,    0,    0,    0,    0,    0,    0,    0,    0,    0,    0,    0,    0,    0,    0,    0,    0,    0,    0,    0,    0,    0,    0,    0,    0,    0,    0,    0,    0,    0,    0,    0,    0,    0,    0,    0,    0,    0,    0,    0,    0,    0,    0,    0,    0,    0,    0,    0,    0,    0,    0,    0,    0,    0,    0,    0,    0,    0,    0,    0,    0,    0,    0,    0,    0,    0,    0,    0,    0,    0,    0,    0,    0,    0,    0,    0,    0,    0,    0,    0,    0,    0,    0,    0,    0,    0,    0,    0,    0,    0,    0,    0,    0,    0,    0,    0,    0,    0,    0,
       0,    0,    0,    0,    0,    0,    0,    0,    0,    0,    0,    0,   -9,   -9,  -14,    0,   -6,   -3,   -4,  -16,   -5,    0,    0,    0,    0,    0,    0,    0,    0,    0,  -10,    0,   -2,    0,   -7,   -2,    0,    0,    0,    0,    0,    0,    0,    0,    0,    0,    0,    0,    0,    0,    0,    0,    0,   -4,   -5,   -6,   -4,    0,  -14,  -10,    0,   -4,  -12,   -8,    0,    0,    0,    0,    0,   -4,   -4,    0,    0,  -10,   -2,   -7,    0,   -5,   -4,    0,    0,    0,    0,    0,    0,    0,    0,    0,    0,    0,    0,    0,    0,    0,    0,    0,    0,    0,    0,    0,    0,    0,    0,    0,    0,    0,    0,    0,    0,    0,    0,    0,    0,    0,    0,    0,    0,    0,    0,    0,    0,    0,    0,    0,    0,    0,    0,    0,    0,    0,    0,    0,    0,    0,    0,    0,    0,    0,    0,    0,    0,    0,    0,    0,    0,    0,    0,    0,    0,    0,    0,    0,    0,    0,    0,    0,    0,    0,    0,    0,    0,    0,    0,    0,    0,    0,    0,    0,    0,    0,    0,    0,    0,    0,    0,    0,    0,    0,    0,    0,    0,    0,    0,    0,    0,    0,    0,    0,
       0,    0,    0,    0,    0,    0,    0,    0,    0,    0,  -18,  -13,    0,  -10,  -26,  -12,  -17,  -12,  -13,  -26,    0,    0,  -10,   -6,  -18,    0,    0,   18,    0,    0,    0,    0,    0,    0,    0,    0,    0,    0,    0,    0,    0,    0,    0,    0,    0,    0,    0,    0,    0,    0,    0,    0,  -18,    0,    0,    0,    0,  -13,  -26,    0,    0,  -13,    0,    0,  -10,    0,    0,    0,   -6,    0,    0,    0,    0,    0,    0,    0,    0,    0,    0,    0,    0,    0,    0,    0,    0,    0,    0,    0,    0,    0,    0,    0,    0,    0,    0,    0,    0,    0,    0,    0,    0,    0,    0,    0,    0,    0,    0,    0,    0,    0,    0,    0,    0,    0,    0,    0,    0,    0,    0,    0,    0,    0,    0,    0,    0,    0,    0,    0,    0,    0,    0,    0,    0,    0,    0,    0,    0,    0,    0,    0,    0,    0,    0,    0,    0,    0,    0,    0,    0,    0,    0,    0,    0,    0,    0,    0,    0,    0,    0,    0,    0,    0,    0,    0,    0,    0,    0,    0,    0,    0,    0,    0,    0,    0,    0,    0,    0,    0,    0,    0,    0,    0,    0,    0,    0,    0,    0,    0,
       0,    0,    0,  -18,    0,    0,  -17,    0,    0,    0,    0,    0,    0,    0,    0,    0,    0,    0,    0,    0,    0,  -12,    0,    0,    0,    0,    0,    0,    0,    0,    0,    0,    0,    0,    0,    0,    0,    0,    0,    0,    0,    0,    0,    0,    0,    0,    0,    0,    0,    0,    0,    0,    0,    0,    0,    0,    0,    0,    0,    0,    0,    0,    0,    0,    0,    0,    0,    0,    0,    0,    0,    0,    0,    0,    0,    0,    0,    0,    0,    0,    0,    0,    0,    0,    0,    0,    0,    0,    0,    0,    0,    0,    0,    0,    0,    0,    0,    0,    0,    0,    0,    0,    0,    0,    0,    0,    0,    0,    0,    0,    0,    0,    0,    0,    0,    0,    0,    0,    0,    0,    0,    0,    0,    0,    0,    0,    0,    0,    0,    0,    0,    0,    0,    0,    0,    0,    0,    0,    0,    0,    0,    0,    0,    0,    0,    0,    0,    0,    0,    0,    0,    0,    0,    0,    0,    0,    0,    0,    0,    0,    0,    0,    0,    0,    0,    0,    0,    0,    0,    0,    0,    0,    0,    0,    0,    0,    0,    0,    0,    0,    0,    0,    0,    0,    0,    0,    0,    0,
       0,  -20,    0,    0,    0,    0,    0,    0,    0,   -5,    0,    0,    0,    0,    0,    0,    0,    0,    0,    0,    0,   -8,    0,    0,   -1,    0,    0,    0,    0,    0,   -5,    0,   -5,   -4,    2,   -5,    0,    0,    0,    0,  -10,    0,    0,    0,    0,    0,    0,    0,    0,    0,    0,    0,    0,    0,    0,    0,    0,    0,    0,    0,    0,    0,    0,    0,    0,    0,    0,    0,    0,    0,    0,    0,    0,    0,    0,    0,    0,    0,    0,  -14,  -17,    0,    0,    0,    0,    0,    0,    0,    0,    0,    0,    0,    0,    0,    0,    0,    0,    0,    0,    0,    0,    0,    0,    0,    0,    0,    0,    0,    0,    0,    0,    0,    0,    0,    0,    0,    0,    0,    0,    0,    0,    0,    0,    0,    0,    0,    0,    0,    0,    0,    0,    0,    0,    0,    0,    0,    0,    0,    0,    0,    0,    0,    0,    0,    0,    0,    0,    0,    0,    0,    0,    0,    0,    0,    0,    0,    0,    0,    0,    0,    0,    0,    0,    0,    0,    0,    0,    0,    0,    0,    0,    0,    0,    0,    0,    0,    0,    0,    0,    0,    0,    0,    0,    0,    0,    0,    0,    0,
       0,    0,    0,    0,    0,    0,   -4,    0,    0,    0,    0,    0,    0,    0,    0,    0,    0,    0,    0,    0,    0,    0,    0,    0,    0,    0,    0,    0,    0,    0,    0,    0,    0,    0,    0,    0,   -1,    0,    0,    0,    2,    0,    0,    0,    0,    0,    0,    0,    0,    0,    0,    0,    0,    0,    0,    0,    0,    0,    0,    0,    0,    0,    0,    0,    0,    0,    0,    0,    0,    0,    0,    0,    0,    0,    0,    0,    0,    0,    0,    0,    0,    0,    0,    0,    0,    0,    0,    0,    0,    0,    0,    0,    0,    0,    0,    0,    0,    0,    0,    0,    0,    0,    0,    0,    0,    0,    0,    0,    0,    0,    0,    0,    0,    0,    0,    0,    0,    0,    0,    0,    0,    0,    0,    0,    0,    0,    0,    0,    0,    0,    0,    0,    0,    0,    0,    0,    0,    0,    0,    0,    0,    0,    0,    0,    0,    0,    0,    0,    0,    0,    0,    0,    0,    0,    0,    0,    0,    0,    0,    0,    0,    0,    0,    0,    0,    0,    0,    0,    0,    0,    0,    0,    0,    0,    0,    0,    0,    0,    0,    0,    0,    0,    0,    0,    0,    0,    0,    0,
       0,    3,    6,    0,    0,    0,    0,    0,    0,    1,    0,    0,    0,    0,    0,    0,    0,    0,    0,    0,    0,    6,    0,    0,    0,    0,    0,    0,    0,    0,    0,    0,    0,    0,   -1,    0,   -1,    0,    0,    0,    8,    0,    0,    0,    0,    0,    0,    0,    0,    0,    0,    0,    0,    0,    0,    0,    0,    0,    0,    0,    0,    0,    0,    0,    0,    0,    0,    0,    0,    0,    0,    0,    0,    0,    0,    0,    0,    0,    0,    3,    5,    0,    0,    0,    0,    0,    0,    0,    0,    0,    0,    0,    0,    0,    0,    0,    0,    0,    0,    0,    0,    0,    0,    0,    0,    0,    0,    0,    0,    0,    0,    0,    0,    0,    0,    0,    0,    0,    0,    0,    0,    0,    0,    0,    0,    0,    0,    0,    0,    0,    0,    0,    0,    0,    0,    0,    0,    0,    0,    0,    0,    0,    0,    0,    0,    0,    0,    0,    0,    0,    0,    0,    0,    0,    0,    0,    0,    0,    0,    0,    0,    0,    0,    0,    0,    0,    0,    0,    0,    0,    0,    0,    0,    0,    0,    0,    0,    0,    0,    0,    0,    0,    0,    0,    0,    0,    0,    0,
       0,    0,    0,    2,    0,    0,  -15,    0,    0,    0,    0,    0,    0,    0,    0,    0,    0,    0,    0,    0,    0,   16,   -6,    0,    0,   -4,    0,    0,    0,   -6,    0,    0,    0,    0,   -2,    0,    0,    0,    0,    0,    6,    0,    0,    0,    0,    0,    0,    0,    0,    0,    0,    0,    0,    0,    0,    0,    0,    0,    0,    0,    0,    0,    0,    0,    0,    0,    0,    0,    0,    0,    0,    0,    0,    0,    0,    0,    0,    0,    0,    0,    0,    0,    0,    0,    0,    0,    0,    0,    0,    0,    0,    0,    0,    0,    0,    0,    0,    0,    0,    0,    0,    0,    0,    0,    0,    0,    0,    0,    0,    0,    0,    0,    0,    0,    0,    0,    0,    0,    0,    0,    0,    0,    0,    0,    0,    0,    0,    0,    0,    0,    0,    0,    0,    0,    0,    0,    0,    0,    0,    0,    0,    0,    0,    0,    0,    0,    0,    0,    0,    0,    0,    0,    0,    0,    0,    0,    0,    0,    0,    0,    0,    0,    0,    0,    0,    0,    0,    0,    0,    0,    0,    0,    0,    0,    0,    0,    0,    0,    0,    0,    0,    0,    0,    0,    0,    0,    0,    0,
       0,   14,   15,    0,    0,    0,    0,    0,    0,    3,    0,    0,    0,    0,    0,    0,    0,    0,    0,    0,    0,   14,   -3,    0,    6,    0,    4,    5,    0,    0,    5,    0,    3,    3,    0,    3,    0,    0,    0,    0,   22,    0,    0,    0,    0,    0,    4,    4,    4,    4,    4,    0,    0,    0,    0,    0,    0,    0,    0,    0,    0,    0,    0,    0,    0,    0,    0,    0,    0,    0,    0,    0,    0,    0,    0,    0,    0,    0,    0,   13,    7,    0,    0,    0,    0,    0,    0,    0,    0,    0,    0,    0,    0,    0,    0,    0,    0,    0,    0,    0,    0,    0,    0,    0,    0,    0,    0,    0,    0,    0,    0,    0,    0,    0,    0,    0,    0,    0,    0,    0,    0,    0,    0,    0,    0,    0,    0,    0,    0,    0,    0,    0,    0,    0,    0,    0,    0,    0,    0,    0,    0,    0,    0,    0,    0,    0,    0,    0,    0,    0,    0,    0,    0,    0,    0,    0,    0,    0,    0,    0,    0,    0,    0,    0,    0,    0,    0,    0,    0,    0,    0,    0,    0,    0,    0,    0,    0,    0,    0,    0,    0,    0,    0,    0,    0,    0,    0,    0,
       0,    0,    0,    0,    0,    0,    0,    0,    0,    0,    0,    0,    0,    0,    0,    0,    0,    0,    0,    0,    0,    0,    0,    0,    0,    0,    0,    0,    0,    0,    0,    0,    0,    0,    0,    0,    0,    0,    0,    0,    0,    0,    0,    0,    0,    0,    0,    0,    0,    0,    0,    0,    0,    0,    0,   -7,    0,    0,    0,    0,   -8,    0,   -3,    0,    0,   -7,    0,    0,   -3,    0,   -3,    0,    0,   -7,   -3,   -9,   -7,    0,    0,    0,    0,    0,    0,    0,    0,    0,    0,    0,    0,    0,    0,    0,    0,    0,    0,    0,    0,    0,    0,    0,    0,    0,    0,    0,    0,    0,    0,    0,    0,    0,    0,    0,    0,    0,    0,    0,    0,    0,    0,    0,    0,    0,    0,    0,    0,    0,    0,    0,    0,    0,    0,    0,    0,    0,    0,    0,    0,    0,    0,    0,    0,    0,    0,    0,    0,    0,    0,    0,    0,    0,    0,    0,    0,    0,    0,    0,    0,    0,    0,    0,    0,    0,    0,    0,    0,    0,    0,    0,    0,    0,    0,    0,    0,    0,    0,    0,    0,    0,    0,    0,    0,    0,    0,    0,    0,    0,    0,    0,
       0,  -16,    0,  -28,    0,    0,    0,    0,    0,   -8,    0,   -3,    0,    0,  -12,   -5,   -4,    0,    1,   -4,    0,  -12,    0,    0,   -3,    0,    0,    0,    0,    0,   -4,    0,   -4,    0,    0,   -4,    0,    0,    0,    0,  -24,   -7,    0,    0,    0,    0,    0,    0,    0,    0,    0,    0,   -2,    2,    0,    0,    2,   -3,  -16,    0,   -2,    1,  -24,    0,    7,    0,    0,    6,    0,    0,    4,    6,    0,   -4,   -2,   -1,   -8,    8,    0,  -20,  -17,    0,    0,    0,    0,    0,    0,    0,    0,    0,    0,    0,    0,    0,    0,    0,    0,    0,    0,    0,    0,    0,    0,    0,    0,    0,    0,    0,    0,    0,    0,    0,    0,    0,    0,    0,    0,    0,    0,    0,    0,    0,    0,    0,    0,    0,    0,    0,    0,    0,    0,    0,    0,    0,    0,    0,    0,    0,    0,    0,    0,    0,    0,    0,    0,    0,    0,    0,    0,    0,    0,    0,    0,    0,    0,    0,    0,    0,    0,    0,    0,    0,    0,    0,    0,    0,    0,    0,    0,    0,    0,    0,    0,    0,    0,    0,    0,    0,    0,    0,    0,    0,    0,    0,    0,    0,    0,    0,
       0,    0,    0,   -9,    0,    0,    0,    0,    0,    0,    0,    0,    0,    0,    0,    0,    0,    0,    0,    0,    0,    0,    0,    0,    0,    0,    0,    0,    0,    0,    0,    0,    0,    0,    0,    0,    0,    0,    0,    0,    0,   -6,    0,    0,    0,    0,    0,    0,    0,    0,    0,    0,    0,   -1,    0,   -6,   -1,    0,   -7,    0,    0,   -1,   -7,    0,    0,    0,    0,    0,    0,    0,   -4,    0,    0,   -3,   -4,   -3,   -3,    0,   -3,   -4,   -6,    0,    0,    0,    0,    0,    0,    0,    0,    0,    0,    0,    0,    0,    0,    0,    0,    0,    0,    0,    0,    0,    0,    0,    0,    0,    0,    0,    0,    0,    0,    0,    0,    0,    0,    0,    0,    0,    0,    0,    0,    0,    0,    0,    0,    0,    0,    0,    0,    0,    0,    0,    0,    0,    0,    0,    0,    0,    0,    0,    0,    0,    0,    0,    0,    0,    0,    0,    0,    0,    0,    0,    0,    0,    0,    0,    0,    0,    0,    0,    0,    0,    0,    0,    0,    0,    0,    0,    0,    0,    0,    0,    0,    0,    0,    0,    0,    0,    0,    0,    0,    0,    0,    0,    0,    0,    0,    0,
       0,    0,    0,    0,  -38,  -38,    0,   -6,   -6,    0,    0,    0,    0,    0,    0,    0,    0,    0,    0,    0,    0,    0,    0,    0,    0,    0,    0,    0,    0,    0,    0,    0,    0,    0,    0,    0,    0,    0,  -22,  -28,    6,  -12,  -19,    0,    0,    0,    0,    0,    0,    0,    0,    0,  -18,  -33,    0,  -12,  -33,  -11,    0,    0,  -23,   -5,    0,  -12,  -28,  -15,  -18,  -31,  -31,    0,  -19,  -34,  -18,  -13,  -14,   -9,  -18,  -16,  -33,    0,    0,    0,    0,    0,    0,    0,    0,    0,    0,    0,    0,    0,    0,    0,    0,    0,    0,    0,    0,    0,    0,    0,    0,    0,    0,    0,    0,    0,    0,    0,    0,    0,    0,    0,    0,    0,    0,    0,    0,    0,    0,    0,    0,    0,    0,    0,    0,    0,    0,    0,    0,    0,    0,    0,    0,    0,    0,    0,    0,    0,    0,    0,    0,    0,    0,    0,    0,    0,    0,    0,    0,    0,    0,    0,    0,    0,    0,    0,    0,    0,    0,    0,    0,    0,    0,    0,    0,    0,    0,    0,    0,    0,    0,    0,    0,    0,    0,    0,    0,    0,    0,    0,    0,    0,    0,    0,    0,    0,
       0,   -1,    6,    0,    6,    6,    0,    6,    6,   -4,    0,    0,    0,    0,    0,    0,    0,    0,    0,    0,    0,    0,    0,    0,    0,    0,    2,    0,    0,    0,    0,    0,    0,    0,    0,    0,    0,    0,    0,   -3,    0,    0,    0,    0,    0,    0,    2,    2,    2,    2,    2,   -2,    0,    8,    0,    0,    8,   -3,   -6,    0,   -3,    0,   -5,    0,    2,    0,    2,   12,    2,    0,    0,   11,    6,   -3,    2,    0,   -2,    2,    1,    0,    0,    0,    0,    0,    0,    0,    0,    0,    0,    0,    0,    0,    0,    0,    0,    0,    0,    0,    0,    0,    0,    0,    0,    0,    0,    0,    0,    0,    0,    0,    0,    0,    0,    0,    0,    0,    0,    0,    0,    0,    0,    0,    0,    0,    0,    0,    0,    0,    0,    0,    0,    0,    0,    0,    0,    0,    0,    0,    0,    0,    0,    0,    0,    0,    0,    0,    0,    0,    0,    0,    0,    0,    0,    0,    0,    0,    0,    0,    0,    0,    0,    0,    0,    0,    0,    0,    0,    0,    0,    0,    0,    0,    0,    0,    0,    0,    0,    0,    0,    0,    0,    0,    0,    0,    0,    0,    0,    0,
       0,    0,    4,    0,    0,    0,    0,    0,    0,    0,    0,    0,    0,    0,    0,    0,    0,    0,    0,    0,    0,    0,    0,    0,    0,    0,    0,    0,    0,    0,    0,    0,    0,    0,    0,    0,    0,    0,   -5,   -8,    0,   -7,   -2,    0,    0,    0,    0,    0,    0,    0,    0,    0,    0,    3,    0,    0,    4,   -3,    0,    0,   -8,    0,   -5,    0,    0,   -2,    0,    6,   -2,    0,    4,    6,    0,   -9,   -5,    0,   -7,    9,   -4,    0,    0,    0,    0,    0,    0,    0,    0,    0,    0,    0,    0,    0,    0,    0,    0,    0,    0,    0,    0,    0,    0,    0,    0,    0,    0,    0,    0,    0,    0,    0,    0,    0,    0,    0,    0,    0,    0,    0,    0,    0,    0,    0,    0,    0,    0,    0,    0,    0,    0,    0,    0,    0,    0,    0,    0,    0,    0,    0,    0,    0,    0,    0,    0,    0,    0,    0,    0,    0,    0,    0,    0,    0,    0,    0,    0,    0,    0,    0,    0,    0,    0,    0,    0,    0,    0,    0,    0,    0,    0,    0,    0,    0,    0,    0,    0,    0,    0,    0,    0,    0,    0,    0,    0,    0,    0,    0,    0,    0,
       0,    0,    0,  -10,    0,    0,   -5,    0,    0,    0,   -3,    0,  -12,    0,   -6,    0,   -3,    0,   -5,   -6,   -6,    0,    0,    0,    0,    0,    0,    0,    0,    0,    0,    0,    0,    0,    0,    0,    0,    0,    0,    0,    2,    0,    0,    0,    0,    0,    0,    0,    0,    0,    0,    0,   -3,   -7,   -3,  -10,   -5,    0,   -7,    0,    0,   -5,    0,    0,    0,    0,    0,    0,    0,   -1,   -4,   -2,    0,    0,    0,   -4,    0,   -2,   -1,    0,    0,    0,    0,    0,    0,    0,    0,    0,    0,    0,    0,    0,    0,    0,    0,    0,    0,    0,    0,    0,    0,    0,    0,    0,    0,    0,    0,    0,    0,    0,    0,    0,    0,    0,    0,    0,    0,    0,    0,    0,    0,    0,    0,    0,    0,    0,    0,    0,    0,    0,    0,    0,    0,    0,    0,    0,    0,    0,    0,    0,    0,    0,    0,    0,    0,    0,    0,    0,    0,    0,    0,    0,    0,    0,    0,    0,    0,    0,    0,    0,    0,    0,    0,    0,    0,    0,    0,    0,    0,    0,    0,    0,    0,    0,    0,    0,    0,    0,    0,    0,    0,    0,    0,    0,    0,    0,    0,    0,
       0,    0,    0,    0,  -33,  -33,  -23,    0,    0,    0,    0,    0,    0,    0,    0,    0,    0,    0,    0,    0,    0,    0,    0,    0,    0,    0,    0,    0,    0,    0,    0,    0,    0,    0,    0,    0,    0,    0,   -6,  -10,    0,   -2,    0,    0,    0,    0,    0,    0,    0,    0,    0,    0,  -15,  -26,    0,  -17,  -26,    0,   -7,   -3,    0,   -7,    0,    0,  -13,    0,    0,  -15,   -7,    0,   -6,  -18,    0,    0,    0,   -4,    0,    0,   -6,    0,    0,    0,    0,    0,    0,    0,    0,    0,    0,    0,    0,    0,    0,    0,    0,    0,    0,    0,    0,    0,    0,    0,    0,    0,    0,    0,    0,    0,    0,    0,    0,    0,    0,    0,    0,    0,    0,    0,    0,    0,    0,    0,    0,    0,    0,    0,    0,    0,    0,    0,    0,    0,    0,    0,    0,    0,    0,    0,    0,    0,    0,    0,    0,    0,    0,    0,    0,    0,    0,    0,    0,    0,    0,    0,    0,    0,    0,    0,    0,    0,    0,    0,    0,    0,    0,    0,    0,    0,    0,    0,    0,    0,    0,    0,    0,    0,    0,    0,    0,    0,    0,    0,    0,    0,    0,    0,    0,    0,
       0,    0,    0,    0,    0,    0,    0,    0,    0,    0,    0,    0,    0,    0,    0,    0,    0,    0,    0,    0,    0,    0,    0,    0,    0,    0,    0,    0,    0,    0,    0,    0,    0,    0,    0,    0,    0,    0,   -4,   -8,    0,  -15,    0,    0,    0,    0,    0,    0,    0,    0,    0,    0,    0,    0,    0,   -3,    0,   -9,   -5,    0,  -13,   -1,   -6,    0,    0,   -6,    0,    0,    0,    0,    0,    0,    0,   -8,   -4,    0,  -12,    0,    0,    0,    0,    0,    0,    0,    0,    0,    0,    0,    0,    0,    0,    0,    0,    0,    0,    0,    0,    0,    0,    0,    0,    0,    0,    0,    0,    0,    0,    0,    0,    0,    0,    0,    0,    0,    0,    0,    0,    0,    0,    0,    0,    0,    0,    0,    0,    0,    0,    0,    0,    0,    0,    0,    0,    0,    0,    0,    0,    0,    0,    0,    0,    0,    0,    0,    0,    0,    0,    0,    0,    0,    0,    0,    0,    0,    0,    0,    0,    0,    0,    0,    0,    0,    0,    0,    0,    0,    0,    0,    0,    0,    0,    0,    0,    0,    0,    0,    0,    0,    0,    0,    0,    0,    0,    0,    0,    0,    0,    0,
       0,    0,    0,    0,  -32,  -32,  -27,   -6,   -6,    0,    0,    0,    0,    0,    0,    0,    0,    0,    0,    0,    0,    0,    0,    0,    0,    0,    0,    0,    0,    0,    0,    0,    0,    0,    0,    0,    0,    0,  -14,  -22,    0,  -19,  -12,    0,    0,    0,    0,    0,    0,    0,    0,    0,  -12,  -19,    0,   -7,  -21,   -7,    0,    0,  -18,   -6,    0,   -6,  -22,  -12,  -14,  -27,  -20,    0,  -15,  -29,  -14,   -5,  -10,  -12,  -11,  -13,  -28,    0,    0,    0,    0,    0,    0,    0,    0,    0,    0,    0,    0,    0,    0,    0,    0,    0,    0,    0,    0,    0,    0,    0,    0,    0,    0,    0,    0,    0,    0,    0,    0,    0,    0,    0,    0,    0,    0,    0,    0,    0,    0,    0,    0,    0,    0,    0,    0,    0,    0,    0,    0,    0,    0,    0,    0,    0,    0,    0,    0,    0,    0,    0,    0,    0,    0,    0,    0,    0,    0,    0,    0,    0,    0,    0,    0,    0,    0,    0,    0,    0,    0,    0,    0,    0,    0,    0,    0,    0,    0,    0,    0,    0,    0,    0,    0,    0,    0,    0,    0,    0,    0,    0,    0,    0,    0,    0,    0,    0,
       0,    0,    4,    0,  -26,  -26,    0,    0,    0,    4,    0,    0,    0,    0,    0,    0,    0,    0,    0,    0,    0,    0,    0,    0,    0,    0,    0,    0,    0,    0,    0,    0,    0,    0,    0,    0,    0,    0,   -8,  -12,    0,   -5,  -10,    0,    0,    0,    0,    0,    0,    0,    0,    0,  -12,  -18,    0,   -7,  -19,   -1,    0,   -6,   -7,   -8,   -4,   -1,   -7,   -4,   -9,  -18,  -12,   -8,  -10,  -24,   -9,   -4,   -5,   -4,   -6,   -5,  -14,    3,    5,    0,    0,    0,    0,    0,    0,    0,    0,    0,    0,    0,    0,    0,    0,    0,    0,    0,    0,    0,    0,    0,    0,    0,    0,    0,    0,    0,    0,    0,    0,    0,    0,    0,    0,    0,    0,    0,    0,    0,    0,    0,    0,    0,    0,    0,    0,    0,    0,    0,    0,    0,    0,    0,    0,    0,    0,    0,    0,    0,    0,    0,    0,    0,    0,    0,    0,    0,    0,    0,    0,    0,    0,    0,    0,    0,    0,    0,    0,    0,    0,    0,    0,    0,    0,    0,    0,    0,    0,    0,    0,    0,    0,    0,    0,    0,    0,    0,    0,    0,    0,    0,    0,    0,    0,    0,    0,    0,
       0,  -10,    0,    0,  -14,  -14,    0,    0,    0,   -6,    0,    0,    0,    0,    0,    0,    0,    0,    0,    0,    0,    0,    0,    0,    0,    0,    0,    0,    0,    0,    0,    0,    0,    0,    0,    0,    0,    0,    0,    2,    0,    0,    0,    0,    0,    0,    0,    0,    0,    0,    0,    0,   -2,  -12,   -8,  -15,  -12,    0,  -24,   -1,    0,   -9,    0,   -3,   -6,    0,    0,   -4,    0,   -1,   -4,   -4,    0,    0,    0,   -1,    0,   -1,   -1,   -4,  -10,    0,    0,    0,    0,    0,    0,    0,    0,    0,    0,    0,    0,    0,    0,    0,    0,    0,    0,    0,    0,    0,    0,    0,    0,    0,    0,    0,    0,    0,    0,    0,    0,    0,    0,    0,    0,    0,    0,    0,    0,    0,    0,    0,    0,    0,    0,    0,    0,    0,    0,    0,    0,    0,    0,    0,    0,    0,    0,    0,    0,    0,    0,    0,    0,    0,    0,    0,    0,    0,    0,    0,    0,    0,    0,    0,    0,    0,    0,    0,    0,    0,    0,    0,    0,    0,    0,    0,    0,    0,    0,    0,    0,    0,    0,    0,    0,    0,    0,    0,    0,    0,    0,    0,    0,    0,    0,    0,
       0,   -3,    0,   -3,    0,    0,    0,    0,    0,    0,    0,    0,    0,    0,    0,    0,    0,    0,    0,    0,    0,    0,    0,    0,    0,    0,    0,    0,    0,    0,    0,    0,    0,    0,    0,    0,    0,    0,   -4,   -8,    0,  -12,   -6,    0,    0,    0,    0,    0,    0,    0,    0,    0,    1,    0,    0,   -3,    0,   -5,   -6,    0,   -9,    0,   -4,   -2,   -3,   -4,    0,    0,   -2,    0,    0,    0,    0,   -5,   -5,   -3,  -11,    4,    0,   -2,   -2,    0,    0,    0,    0,    0,    0,    0,    0,    0,    0,    0,    0,    0,    0,    0,    0,    0,    0,    0,    0,    0,    0,    0,    0,    0,    0,    0,    0,    0,    0,    0,    0,    0,    0,    0,    0,    0,    0,    0,    0,    0,    0,    0,    0,    0,    0,    0,    0,    0,    0,    0,    0,    0,    0,    0,    0,    0,    0,    0,    0,    0,    0,    0,    0,    0,    0,    0,    0,    0,    0,    0,    0,    0,    0,    0,    0,    0,    0,    0,    0,    0,    0,    0,    0,    0,    0,    0,    0,    0,    0,    0,    0,    0,    0,    0,    0,    0,    0,    0,    0,    0,    0,    0,    0,    0,    0,    0,
       0,  -26,    0,    0,    0,    0,    0,    0,    0,   -8,    0,    0,    0,    0,    0,    0,    0,    0,    0,    0,    0,    0,    0,    0,    0,    0,    0,    0,    0,    0,    0,    0,    0,    0,    0,    0,    0,    0,    0,    0,    0,    0,    0,    0,    0,    0,    0,    0,    0,    0,    0,    0,    0,    1,   -4,   -7,   -1,    0,  -34,   -9,    0,   -3,  -19,   -4,    0,    0,    0,    0,    0,    0,   -5,    0,    0,   -6,   -1,   -3,   -3,   -3,   -1,  -19,  -19,    0,    0,    0,    0,    0,    0,    0,    0,    0,    0,    0,    0,    0,    0,    0,    0,    0,    0,    0,    0,    0,    0,    0,    0,    0,    0,    0,    0,    0,    0,    0,    0,    0,    0,    0,    0,    0,    0,    0,    0,    0,    0,    0,    0,    0,    0,    0,    0,    0,    0,    0,    0,    0,    0,    0,    0,    0,    0,    0,    0,    0,    0,    0,    0,    0,    0,    0,    0,    0,    0,    0,    0,    0,    0,    0,    0,    0,    0,    0,    0,    0,    0,    0,    0,    0,    0,    0,    0,    0,    0,    0,    0,    0,    0,    0,    0,    0,    0,    0,    0,    0,    0,    0,    0,    0,    0,    0,
       0,    0,    0,  -16,    0,    0,    0,    0,    0,   -4,    0,    0,    0,    0,    0,    0,    0,    0,    0,    0,    0,    0,    0,    0,    0,    0,    0,    0,    0,    0,    0,    0,    0,    0,    0,    0,    0,    0,    0,    0,    0,    0,    0,    0,    0,    0,    0,    0,    0,    0,    0,    0,    0,    0,    0,    0,    0,    0,   -7,    0,    0,    0,    0,    0,    0,    0,    0,    0,    0,    0,    0,    0,    0,   -4,    0,    0,    0,    0,    0,    0,   -5,    0,    0,    0,    0,    0,    0,    0,    0,    0,    0,    0,    0,    0,    0,    0,    0,    0,    0,    0,    0,    0,    0,    0,    0,    0,    0,    0,    0,    0,    0,    0,    0,    0,    0,    0,    0,    0,    0,    0,    0,    0,    0,    0,    0,    0,    0,    0,    0,    0,    0,    0,    0,    0,    0,    0,    0,    0,    0,    0,    0,    0,    0,    0,    0,    0,    0,    0,    0,    0,    0,    0,    0,    0,    0,    0,    0,    0,    0,    0,    0,    0,    0,    0,    0,    0,    0,    0,    0,    0,    0,    0,    0,    0,    0,    0,    0,    0,    0,    0,    0,    0,    0,    0,    0,    0,    0,    0,
       0,    0,    0,    0,    0,    0,    0,    0,    0,    0,    0,    0,    0,    0,    0,    0,    0,    0,    0,    0,    0,    0,    0,    0,    0,    0,    0,    0,    0,    0,    0,    0,    0,    0,    0,    0,    0,    0,    0,    0,    0,    0,    0,    0,    0,    0,    0,    0,    0,    0,    0,    0,    0,    0,    0,    0,    0,    0,    0,    0,    0,    0,    0,    0,   -3,    0,    0,    0,    0,   -1,   -9,   -3,    0,  -10,   -2,   -5,   -3,   -6,   -3,    0,   -6,    0,    0,    0,    0,    0,    0,    0,    0,    0,    0,    0,    0,    0,    0,    0,    0,    0,    0,    0,    0,    0,    0,    0,    0,    0,    0,    0,    0,    0,    0,    0,    0,    0,    0,    0,    0,    0,    0,    0,    0,    0,    0,    0,    0,    0,    0,    0,    0,    0,    0,    0,    0,    0,    0,    0,    0,    0,    0,    0,    0,    0,    0,    0,    0,    0,    0,    0,    0,    0,    0,    0,    0,    0,    0,    0,    0,    0,    0,    0,    0,    0,    0,    0,    0,    0,    0,    0,    0,    0,    0,    0,    0,    0,    0,    0,    0,    0,    0,    0,    0,    0,    0,    0,    0,    0,    0,    0,
       0,    0,    0,    0,    0,    0,    0,    0,    0,    0,    0,    0,    0,    0,    0,    0,    0,    0,    0,    0,    0,    0,    0,    0,    0,    0,    0,    0,    0,    0,    0,    0,    0,    0,    0,    0,    0,    0,    0,    0,    0,    0,    0,    0,    0,    0,    0,    0,    0,    0,    0,    0,    0,    0,    0,    0,    0,    0,    0,    0,    0,    0,    0,    0,    0,    0,    0,    0,    0,    0,   -6,    0,    0,   -7,   -1,    0,   -3,   -4,   -1,    0,    0,    0,    0,    0,    0,    0,    0,    0,    0,    0,    0,    0,    0,    0,    0,    0,    0,    0,    0,    0,    0,    0,    0,    0,    0,    0,    0,    0,    0,    0,    0,    0,    0,    0,    0,    0,    0,    0,    0,    0,    0,    0,    0,    0,    0,    0,    0,    0,    0,    0,    0,    0,    0,    0,    0,    0,    0,    0,    0,    0,    0,    0,    0,    0,    0,    0,    0,    0,    0,    0,    0,    0,    0,    0,    0,    0,    0,    0,    0,    0,    0,    0,    0,    0,    0,    0,    0,    0,    0,    0,    0,    0,    0,    0,    0,    0,    0,    0,    0,    0,    0,    0,    0,    0,    0,    0,    0,    0,
       0,    0,    0,    0,  -30,  -30,    0,    0,    0,    0,    0,    0,    0,    0,    0,    0,    0,    0,    0,    0,    0,    0,    0,    0,    0,    0,    0,    0,    0,    0,    0,    0,    0,    0,    0,    0,    0,    0,  -10,  -14,   17,    0,    0,    0,    0,    0,    0,    0,    0,    0,    0,    0,    0,    0,    0,    0,    0,    0,    0,    0,    0,    0,    0,    0,  -10,    0,    0,  -15,  -13,   -3,   -6,  -18,    0,    0,   -3,   -4,    0,   -4,  -13,    2,    0,    0,    0,    0,    0,    0,    0,    0,    0,    0,    0,    0,    0,    0,    0,    0,    0,    0,    0,    0,    0,    0,    0,    0,    0,    0,    0,    0,    0,    0,    0,    0,    0,    0,    0,    0,    0,    0,    0,    0,    0,    0,    0,    0,    0,    0,    0,    0,    0,    0,    0,    0,    0,    0,    0,    0,    0,    0,    0,    0,    0,    0,    0,    0,    0,    0,    0,    0,    0,    0,    0,    0,    0,    0,    0,    0,    0,    0,    0,    0,    0,    0,    0,    0,    0,    0,    0,    0,    0,    0,    0,    0,    0,    0,    0,    0,    0,    0,    0,    0,    0,    0,    0,    0,    0,    0,    0,    0,
       0,   -2,    6,    0,    6,    6,    0,    6,    6,    0,    0,    0,    0,    0,    0,    0,    0,    0,    0,    0,    0,    0,    0,    0,    0,    0,    0,    0,    0,    0,    0,    0,    0,    0,    0,    0,    0,    0,    0,   -1,    0,    0,    0,    0,    0,    0,    0,    0,    0,    0,    0,    0,    0,    0,    0,    0,    0,    0,    0,    0,    0,    0,    0,    0,    1,    0,    0,   12,    0,    2,    0,    5,    3,   -4,   -1,    0,   -1,    0,    0,    0,    0,    0,    0,    0,    0,    0,    0,    0,    0,    0,    0,    0,    0,    0,    0,    0,    0,    0,    0,    0,    0,    0,    0,    0,    0,    0,    0,    0,    0,    0,    0,    0,    0,    0,    0,    0,    0,    0,    0,    0,    0,    0,    0,    0,    0,    0,    0,    0,    0,    0,    0,    0,    0,    0,    0,    0,    0,    0,    0,    0,    0,    0,    0,    0,    0,    0,    0,    0,    0,    0,    0,    0,    0,    0,    0,    0,    0,    0,    0,    0,    0,    0,    0,    0,    0,    0,    0,    0,    0,    0,    0,    0,    0,    0,    0,    0,    0,    0,    0,    0,    0,    0,    0,    0,    0,    0,    0,    0,
       0,    0,    0,  -10,    0,    0,    0,    0,    0,   -2,    0,    0,    0,    0,    0,    0,    0,    0,    0,    0,    0,   -6,    0,    0,    0,    0,    0,    0,    0,    0,    0,    0,    0,    0,    0,    0,    0,    0,    0,    3,    0,   -1,    0,    0,    0,    0,    0,    0,    0,    0,    0,    0,    0,    0,    0,    0,    0,    0,   -7,    0,    0,    0,    0,    0,   -4,    0,    0,    0,    0,   -1,    0,    0,    0,   -3,    1,   -2,    0,    0,   -1,    0,   -3,    0,    0,    0,    0,    0,    0,    0,    0,    0,    0,    0,    0,    0,    0,    0,    0,    0,    0,    0,    0,    0,    0,    0,    0,    0,    0,    0,    0,    0,    0,    0,    0,    0,    0,    0,    0,    0,    0,    0,    0,    0,    0,    0,    0,    0,    0,    0,    0,    0,    0,    0,    0,    0,    0,    0,    0,    0,    0,    0,    0,    0,    0,    0,    0,    0,    0,    0,    0,    0,    0,    0,    0,    0,    0,    0,    0,    0,    0,    0,    0,    0,    0,    0,    0,    0,    0,    0,    0,    0,    0,    0,    0,    0,    0,    0,    0,    0,    0,    0,    0,    0,    0,    0,    0,    0,    0,    0,
       0,    0,    0,    0,    0,    0,    0,    0,    0,    0,    0,    0,    0,    0,    0,    0,    0,    0,    0,    0,    0,    0,    0,    0,    0,    0,    0,    0,    0,    0,    0,    0,    0,    0,    0,    0,    0,    0,   -4,   -7,    6,    0,   -6,    0,    0,    0,    0,    0,    0,    0,    0,    0,    0,    0,    0,    0,    0,    0,    0,    0,    0,    0,    0,    0,   -3,   -1,    0,    4,   -5,   -2,    0,    0,    0,   -5,   -4,    0,   -5,    2,   -4,    0,   -3,    0,    0,    0,    0,    0,    0,    0,    0,    0,    0,    0,    0,    0,    0,    0,    0,    0,    0,    0,    0,    0,    0,    0,    0,    0,    0,    0,    0,    0,    0,    0,    0,    0,    0,    0,    0,    0,    0,    0,    0,    0,    0,    0,    0,    0,    0,    0,    0,    0,    0,    0,    0,    0,    0,    0,    0,    0,    0,    0,    0,    0,    0,    0,    0,    0,    0,    0,    0,    0,    0,    0,    0,    0,    0,    0,    0,    0,    0,    0,    0,    0,    0,    0,    0,    0,    0,    0,    0,    0,    0,    0,    0,    0,    0,    0,    0,    0,    0,    0,    0,    0,    0,    0,    0,    0,    0,    0,
       0,    0,    0,   -7,    0,    0,    0,    0,    0,    0,    0,    0,    0,    0,    0,    0,    0,    0,    0,    0,    0,    0,    0,    0,    0,    0,    0,    0,    0,    0,    0,    0,    0,    0,    0,    0,    0,    0,    0,    0,    0,    0,    0,    0,    0,    0,    0,    0,    0,    0,    0,    0,    0,    0,    0,    0,    0,    0,   -6,    0,    0,    0,    0,    0,    0,    0,    0,    0,    0,    0,    0,    0,    0,    0,    0,    0,    0,    0,    0,    0,    0,    0,    0,    0,    0,    0,    0,    0,    0,    0,    0,    0,    0,    0,    0,    0,    0,    0,    0,    0,    0,    0,    0,    0,    0,    0,    0,    0,    0,    0,    0,    0,    0,    0,    0,    0,    0,    0,    0,    0,    0,    0,    0,    0,    0,    0,    0,    0,    0,    0,    0,    0,    0,    0,    0,    0,    0,    0,    0,    0,    0,    0,    0,    0,    0,    0,    0,    0,    0,    0,    0,    0,    0,    0,    0,    0,    0,    0,    0,    0,    0,    0,    0,    0,    0,    0,    0,    0,    0,    0,    0,    0,    0,    0,    0,    0,    0,    0,    0,    0,    0,    0,    0,    0,    0,    0,    0,    0,
       0,   -9,    0,   -8,   -3,   -3,    0,    0,    0,   -4,    0,    0,    0,    0,    0,    0,    0,    0,    0,    0,    0,   -8,    0,    0,    0,    0,    0,    0,    0,    0,    0,    0,    0,    0,    0,    0,    0,    0,    0,    2,    0,    0,    0,    0,    0,    0,    0,    0,    0,    0,    0,    0,    0,    0,    0,    0,    0,    0,  -17,    0,    0,   -1,    0,    0,   -4,    0,    0,    0,    0,    0,   -5,    0,    0,   -5,   -1,   -5,    0,   -6,   -1,   -4,   -8,    0,    0,    0,    0,    0,    0,    0,    0,    0,    0,    0,    0,    0,    0,    0,    0,    0,    0,    0,    0,    0,    0,    0,    0,    0,    0,    0,    0,    0,    0,    0,    0,    0,    0,    0,    0,    0,    0,    0,    0,    0,    0,    0,    0,    0,    0,    0,    0,    0,    0,    0,    0,    0,    0,    0,    0,    0,    0,    0,    0,    0,    0,    0,    0,    0,    0,    0,    0,    0,    0,    0,    0,    0,    0,    0,    0,    0,    0,    0,    0,    0,    0,    0,    0,    0,    0,    0,    0,    0,    0,    0,    0,    0,    0,    0,    0,    0,    0,    0,    0,    0,    0,    0,    0,    0,    0,    0,
       0,    0,    0,    0,    0,    0,    0,    0,    0,    0,    0,    0,    0,    0,    0,    0,    0,    0,    0,    0,    0,    0,    0,    0,    0,    0,    0,    0,    0,    0,    0,    0,    0,    0,    0,    0,    0,    0,   -4,   -6,    0,   -4,    0,    0,    0,    0,    0,    0,    0,    0,    0,    0,    0,    0,    0,    0,    0,    0,   -6,    0,    0,    0,    0,    0,   -3,   -2,    0,    0,   -6,    0,    0,    4,    0,   -3,    2,    2,   -3,    0,   -3,    0,    0,    0,    0,    0,    0,    0,    0,    0,    0,    0,    0,    0,    0,    0,    0,    0,    0,    0,    0,    0,    0,    0,    0,    0,    0,    0,    0,    0,    0,    0,    0,    0,    0,    0,    0,    0,    0,    0,    0,    0,    0,    0,    0,    0,    0,    0,    0,    0,    0,    0,    0,    0,    0,    0,    0,    0,    0,    0,    0,    0,    0,    0,    0,    0,    0,    0,    0,    0,    0,    0,    0,    0,    0,    0,    0,    0,    0,    0,    0,    0,    0,    0,    0,    0,    0,    0,    0,    0,    0,    0,    0,    0,    0,    0,    0,    0,    0,    0,    0,    0,    0,    0,    0,    0,    0,    0,    0,    0,
       0,    0,    0,    0,    2,    2,    3,    4,    4,   -8,    0,    0,    0,    0,    0,    0,    0,    0,    0,    0,    0,    0,    0,    0,    0,    0,    0,    0,    0,    0,    0,    0,    0,    0,    0,    0,    0,    0,   -5,   -8,   11,   -6,   -4,    0,    0,    0,    0,    0,    0,    0,    0,    0,    0,    0,    0,    0,    0,    0,   -4,    0,    0,    0,    0,    0,   -6,    0,    0,   -9,   -4,    0,   -6,  -12,    0,   -6,    0,   -5,    0,   -3,  -11,    0,    0,    0,    0,    0,    0,    0,    0,    0,    0,    0,    0,    0,    0,    0,    0,    0,    0,    0,    0,    0,    0,    0,    0,    0,    0,    0,    0,    0,    0,    0,    0,    0,    0,    0,    0,    0,    0,    0,    0,    0,    0,    0,    0,    0,    0,    0,    0,    0,    0,    0,    0,    0,    0,    0,    0,    0,    0,    0,    0,    0,    0,    0,    0,    0,    0,    0,    0,    0,    0,    0,    0,    0,    0,    0,    0,    0,    0,    0,    0,    0,    0,    0,    0,    0,    0,    0,    0,    0,    0,    0,    0,    0,    0,    0,    0,    0,    0,    0,    0,    0,    0,    0,    0,    0,    0,    0,    0,    0,
       0,    0,    0,    0,  -10,  -10,   -4,    0,    0,    0,    0,    0,    0,    0,    0,    0,    0,    0,    0,    0,    0,    0,    0,    0,    0,    0,    0,    0,    0,    0,    0,    0,    0,    0,    0,    0,    0,    0,   -1,    0,    0,    0,   -1,    0,    0,    0,    0,    0,    0,    0,    0,    0,    0,    0,    0,    0,    0,    0,   -6,    0,    0,   -1,    0,    0,   -6,    0,    0,   -2,   -1,   -3,   -4,   -2,    0,    0,    0,   -4,    0,   -2,   -3,    0,    0,    0,    0,    0,    0,    0,    0,    0,    0,    0,    0,    0,    0,    0,    0,    0,    0,    0,    0,    0,    0,    0,    0,    0,    0,    0,    0,    0,    0,    0,    0,    0,    0,    0,    0,    0,    0,    0,    0,    0,    0,    0,    0,    0,    0,    0,    0,    0,    0,    0,    0,    0,    0,    0,    0,    0,    0,    0,    0,    0,    0,    0,    0,    0,    0,    0,    0,    0,    0,    0,    0,    0,    0,    0,    0,    0,    0,    0,    0,    0,    0,    0,    0,    0,    0,    0,    0,    0,    0,    0,    0,    0,    0,    0,    0,    0,    0,    0,    0,    0,    0,    0,    0,    0,    0,    0,    0,    0,
      -4,    0,    0,   -7,    0,   -2,    0,    0,    2,    0,    0,    0,    0,    0,    0,    0,    0,    0,    0,    0,    0,    0,    0,    0,    0,    0,    0,    0,    0,    0,    0,    0,    0,    0,    0,    0,    0,    0,   -7,   -4,    0,   -6,   -6,    0,    0,    0,    0,    0,    0,    0,    0,    0,    0,    0,    0,    0,    0,   -3,  -10,    0,    0,   -3,    0,    0,   -3,   -3,    0,    4,   -5,   -2,   -2,    0,    0,   -7,    0,    0,   -4,    2,   -5,    0,    0,    0,    0,    0,    0,    0,    0,    0,    0,    0,    0,    0,    0,    0,    0,    0,    0,    0,    0,    0,    0,    0,    0,    0,    0,    0,    0,    0,    0,    0,    0,    0,    0,    0,    0,    0,    0,    0,    0,    0,    0,    0,    0,    0,    0,    0,    0,    0,    0,    0,    0,    0,    0,    0,    0,    0,    0,    0,    0,    0,    0,    0,    0,    0,    0,    0,    0,    0,    0,    0,    0,    0,    0,    0,    0,    0,    0,    0,    0,    0,    0,    0,    0,    0,    0,    0,    0,    0,    0,    0,    0,    0,    0,    0,    0,    0,    0,    0,    0,    0,    0,    0,    0,    0,    0,    0,    0,    0,
       0,  -24,    0,    0,    0,    0,    0,    0,    0,   -6,    0,    0,    0,    0,    0,    0,    0,    0,    0,    0,    0,    0,    0,    0,    0,    0,    0,    0,    0,    0,    0,    0,    0,    0,    0,    0,    0,    0,    0,    0,  -16,    0,    0,    0,    0,    0,    0,    0,    0,    0,    0,    0,    0,    0,    0,    0,    0,    0,    0,    0,    0,    0,    0,    0,    0,    0,    0,    0,    0,   -1,   -6,    0,    0,  -22,   -5,   -4,  -10,   -6,   -3,  -19,  -22,    0,    0,    0,    0,    0,    0,    0,    0,    0,    0,    0,    0,    0,    0,    0,    0,    0,    0,    0,    0,    0,    0,    0,    0,    0,    0,    0,    0,    0,    0,    0,    0,    0,    0,    0,    0,    0,    0,    0,    0,    0,    0,    0,    0,    0,    0,    0,    0,    0,    0,    0,    0,    0,    0,    0,    0,    0,    0,    0,    0,    0,    0,    0,    0,    0,    0,    0,    0,    0,    0,    0,    0,    0,    0,    0,    0,    0,    0,    0,    0,    0,    0,    0,    0,    0,    0,    0,    0,    0,    0,    0,    0,    0,    0,    0,    0,    0,    0,    0,    0,    0,    0,    0,    0,    0,    0,    0,
       0,    0,    0,    0,  -25,  -25,    0,    0,    0,    0,  -17,    0,  -22,   -4,    0,    0,    4,    4,   -2,    3,    0,    0,  -13,  -10,   -4,  -10,    0,    0,    0,   -3,    0,    0,    0,    0,    0,    0,    0,  -16,    0,    0,    0,    0,    0,  -39,  -26,    0,    0,    0,    0,    0,    0,    0,  -17,  -18,   -1,    0,  -18,    0,    0,    3,   -6,   -2,    0,    0,  -13,    0,    0,  -10,  -10,   -2,    0,  -12,    0,    0,    0,    0,    0,    0,   -7,    0,    0,    0,    0,    0,    0,    0,    0,    0,    0,    0,    0,    0,    0,    0,    0,    0,    0,    0,    0,    0,    0,    0,    0,    0,    0,    0,    0,    0,    0,    0,    0,    0,    0,    0,    0,    0,    0,    0,    0,    0,    0,    0,    0,    0,    0,    0,    0,    0,    0,    0,    0,    0,    0,    0,    0,    0,    0,    0,    0,    0,    0,    0,    0,    0,    0,    0,    0,    0,    0,    0,    0,    0,    0,    0,    0,    0,    0,    0,    0,    0,    0,    0,    0,    0,    0,    0,    0,    0,    0,    0,    0,    0,    0,    0,    0,    0,    0,    0,    0,    0,    0,    0,    0,    0,    0,    0,    0,    0,
       0,    0,    0,    0,  -39,  -39,    0,    0,    0,    0,  -17,    0,  -24,    0,    0,    0,    0,    0,   -2,    0,    0,    0,  -19,  -17,   -5,  -14,    0,    0,   -4,  -15,    0,    0,    0,    0,    0,    0,   -8,    0,    0,    0,    0,    0,    0,    0,  -26,    0,    0,    0,    0,    0,    0,    0,  -17,  -18,    0,    0,  -18,    0,    0,    6,  -10,   -2,    0,    0,  -19,    0,   -4,  -11,  -17,    0,    0,  -13,    0,    0,    0,    0,    0,    0,   -7,    0,    0,    0,    0,    0,    0,    0,    0,    0,    0,    0,    0,    0,    0,    0,    0,    0,    0,    0,    0,    0,    0,    0,    0,    0,    0,    0,    0,    0,    0,    0,    0,    0,    0,    0,    0,    0,    0,    0,    0,    0,    0,    0,    0,    0,    0,    0,    0,    0,    0,    0,    0,    0,    0,    0,    0,    0,    0,    0,    0,    0,    0,    0,    0,    0,    0,    0,    0,    0,    0,    0,    0,    0,    0,    0,    0,    0,    0,    0,    0,    0,    0,    0,    0,    0,    0,    0,    0,    0,    0,    0,    0,    0,    0,    0,    0,    0,    0,    0,    0,    0,    0,    0,    0,    0,    0,    0,    0,    0,
       0,    0,    0,    0,    0,    0,    0,    0,    0,    0,    0,    0,    0,    0,    0,    0,    0,    0,    0,    0,    0,    0,    0,    0,    0,    0,    0,    0,    0,    0,    0,    0,    0,    0,    0,    0,    0,    0,    0,    0,    0,    0,    0,    0,    0,    0,    0,    0,    0,    0,    0,    0,    0,    0,    0,    0,    0,    0,    0,    0,    0,    0,    0,    0,    0,    0,    0,    0,    0,    0,    0,    0,    0,    0,    0,    0,    0,    0,    0,    0,    0,    0,    0,    0,    0,    0,    0,    0,    0,    0,    0,    0,    0,    0,    0,    0,    0,    0,    0,    0,    0,    0,    0,    0,    0,    0,    0,    0,   -5,   -5,    0,    0,    0,    0,    0,    0,    0,    0,    0,    0,    0,    0,    0,    0,    0,    0,    0,    0,    0,    0,    0,    0,    0,    0,    0,    0,    0,    0,    0,    0,    0,    0,    0,    0,    0,    0,    0,    0,    0,    0,    0,    0,   -3,   -3,    0,    0,    0,    0,    0,    0,    0,    0,    0,    0,    0,    0,    0,   -5,    0,    0,    0,    0,    0,    0,    0,    0,    0,    0,    0,    0,    0,    0,    0,    0,    0,    0,    0,    0,
       0,    0,    0,    0,    0,    0,    0,    0,    0,    0,    0,    0,    0,    0,    0,    0,    0,    0,    0,    0,    0,    0,    0,    0,    0,    0,    0,    0,    0,    0,    0,    0,    0,    0,    0,    0,    0,    0,    0,    0,    0,    0,    0,    0,    0,    0,    0,    0,    0,    0,    0,    0,    0,    0,    0,    0,    0,    0,    0,    0,    0,    0,    0,    0,    0,    0,    0,    0,    0,    0,    0,    0,    0,    0,    0,    0,    0,    0,    0,    0,    0,    0,    0,    0,    0,    0,    0,    0,    0,    0,    0,    0,    0,    0,    0,    0,    0,    0,    0,    0,    0,    0,    0,    0,    0,    0,    0,    0,   -5,   -5,    0,    0,    0,    0,    0,    0,    0,    0,    0,    0,    0,    0,    0,    0,    0,    0,    0,    0,    0,    0,    0,    0,    0,    0,    0,    0,    0,    0,    0,    0,    0,    0,    0,    0,    0,    0,    0,    0,    0,    0,    0,    0,    0,    0,    0,    0,    0,    0,    0,    0,    0,    0,    0,    0,    0,    0,    0,    0,    0,    0,    0,    0,    0,    0,    0,    0,    0,    0,    0,    0,    0,    0,    0,    0,    0,    0,    0,    0,
       0,    0,    0,    0,    0,    0,    0,    0,    0,    0,    0,    0,    0,    0,    0,    0,    0,    0,    0,    0,    0,    0,    0,    0,    0,    0,    0,    0,    0,    0,    0,    0,    0,    0,    0,    0,    0,    0,    0,    0,    0,    0,    0,    0,    0,    0,    0,    0,    0,    0,    0,    0,    0,    0,    0,    0,    0,    0,    0,    0,    0,    0,    0,    0,    0,    0,    0,    0,    0,    0,    0,    0,    0,    0,    0,    0,    0,    0,    0,    0,    0,    0,    0,    0,    0,    0,    0,    0,    0,    0,    0,    0,    0,    0,    0,    0,    0,    0,    0,    0,    0,    0,    0,    0,    0,    0,    0,    0,   -8,   -8,    0,    0,    0,    0,    0,    0,    0,    0,    0,    0,    0,    0,    0,    0,    0,    0,    0,    0,   -5,    0,    0,    0,    0,    0,    0,    0,    0,    0,    0,    0,    0,    0,    0,    0,    0,    0,    0,    0,    0,    0,    0,    0,    0,    0,    0,    0,    0,    0,    0,    0,    0,    0,    0,    0,    0,    0,    0,    0,    0,    0,    0,    0,    0,    0,    0,    0,    0,    0,    0,    0,    0,    0,    0,    0,    0,    0,    0,    0,
       0,    0,    0,    0,    0,    0,    0,    0,    0,    0,    0,    0,    0,    0,    0,    0,    0,    0,    0,    0,    0,    0,    0,    0,    0,    0,    0,    0,    0,    0,    0,    0,    0,    0,    0,    0,    0,    0,    0,    0,    0,    0,    0,    0,    0,    0,    0,    0,    0,    0,    0,    0,    0,    0,    0,    0,    0,    0,    0,    0,    0,    0,    0,    0,    0,    0,    0,    0,    0,    0,    0,    0,    0,    0,    0,    0,    0,    0,    0,    0,    0,    0,    0,    0,    0,    0,    0,    0,    0,    0,    0,    0,    0,    0,    0,    0,    0,    0,    0,    0,    0,    0,    0,    0,    0,    0,    0,    0,    0,    0,    0,    0,    0,    0,    0,    0,    0,    0,    0,    0,    0,    0,    0,    0,    0,    0,    0,    0,    0,    0,    0,    0,    0,    0,    0,    0,    0,    0,    0,    0,    0,    0,    0,    0,    0,    0,    0,    0,    0,    0,    0,    0,    0,    0,    0,    0,    0,    0,    0,    0,    0,    0,    0,    0,    0,    0,    0,   -5,   -5,   -5,    0,    0,    0,    0,    0,    0,    0,    0,    0,    0,    0,    0,    0,    0,    0,    0,  -27,  -21,
       0,    0,    0,    0,    0,    0,    0,    0,    0,    0,    0,    0,    0,    0,    0,    0,    0,    0,    0,    0,    0,    0,    0,    0,    0,    0,    0,    0,    0,    0,    0,    0,    0,    0,    0,    0,    0,    0,    0,    0,    0,    0,    0,    0,    0,    0,    0,    0,    0,    0,    0,    0,    0,    0,    0,    0,    0,    0,    0,    0,    0,    0,    0,    0,    0,    0,    0,    0,    0,    0,    0,    0,    0,    0,    0,    0,    0,    0,    0,    0,    0,    0,    0,    0,    0,    0,    0,    0,    0,    0,    0,    0,   -8,   -8,   -8,   -8,    0,    0,    0,    0,    0,    0,    0,    0,    0,    0,   -8,   -8,  -13,   -8,    0,    0,    0,    0,    0,    0,    0,    0,    0,    0,  -19,    0,    0,    0,    0,    0,    0,    0,    0,    0,   -8,    0,    0,    0,    0,    0,    0,    0,    0,    0,    0,    0,    0,    0,    0,    0,   -8,    0,    0,    0,    0,    0,    0,    0,    0,    0,    0,    0,    0,    0,    0,    0,    0,    0,    0,    0,    0,   -5,   -5,    0,   -5,   -5,   -5,    0,    0,    0,    0,    0,    0,    0,    0,    0,    0,    0,    0,    0,    0,    0,
       0,    0,    0,    0,    0,    0,    0,    0,    0,    0,    0,    0,    0,    0,    0,    0,    0,    0,    0,    0,    0,    0,    0,    0,    0,    0,    0,    0,    0,    0,    0,    0,    0,    0,    0,    0,    0,    0,    0,    0,    0,    0,    0,    0,    0,    0,    0,    0,    0,    0,    0,    0,    0,    0,    0,    0,    0,    0,    0,    0,    0,    0,    0,    0,    0,    0,    0,    0,    0,    0,    0,    0,    0,    0,    0,    0,    0,    0,    0,    0,    0,    0,    0,    0,    0,    0,    0,    0,    0,    0,    0,    0,    0,    0,    0,    0,    0,    0,    0,    0,    0,    0,    0,    0,    0,    0,    0,    0,    0,    0,    0,    0,    0,    0,  -11,    0,    0,    0,    0,    0,    0,    0,    0,    0,    0,    0,    0,    0,  -13,    0,    0,    0,    0,    0,    0,    0,    0,    0,    0,    0,    0,    0,    0,    0,    0,    0,    0,    0,    0,    0,    0,    0,    0,    0,    0,    0,    0,    0,    0,    0,    0,    0,    0,    0,    0,    0,    0,    0,    0,    0,    0,    0,    0,    0,    0,    0,    0,    0,    0,    0,    0,    0,    0,    0,    0,    0,  -16,  -13,
       0,    0,    0,    0,    0,    0,    0,    0,    0,    0,    0,    0,    0,    0,    0,    0,    0,    0,    0,    0,    0,    0,    0,    0,    0,    0,    0,    0,    0,    0,    0,    0,    0,    0,    0,    0,    0,    0,    0,    0,    0,    0,    0,    0,    0,    0,    0,    0,    0,    0,    0,    0,    0,    0,    0,    0,    0,    0,    0,    0,    0,    0,    0,    0,    0,    0,    0,    0,    0,    0,    0,    0,    0,    0,    0,    0,    0,    0,    0,    0,    0,    0,    0,    0,    0,    0,    0,    0,    0,    0,    0,    0,    0,    0,    0,    0,    0,    0,    0,    0,    0,    0,    0,    0,    0,    0,    0,    0,    0,    0,    0,    0,    0,    0,    0,    0,    0,    0,    0,    0,    0,    0,    0,    0,    0,    0,    0,    0,  -13,    0,    0,    0,    0,    0,    0,    0,    0,    0,    0,    0,    0,    0,    0,    0,    0,    0,    0,    0,    0,    0,    0,    0,    0,    0,    0,    0,    0,    0,    0,    0,    0,    0,    0,    0,    0,    0,    0,    0,    0,    0,    0,    0,    0,    0,    0,    0,    0,    0,    0,    0,    0,    0,    0,    0,    0,    0,  -16,  -16,
       0,    0,    0,    0,    0,    0,    0,    0,    0,    0,    0,    0,    0,    0,    0,    0,    0,    0,    0,    0,    0,    0,    0,    0,    0,    0,    0,    0,    0,    0,    0,    0,    0,    0,    0,    0,    0,    0,    0,    0,    0,    0,    0,    0,    0,    0,    0,    0,    0,    0,    0,    0,    0,    0,    0,    0,    0,    0,    0,    0,    0,    0,    0,    0,    0,    0,    0,    0,    0,    0,    0,    0,    0,    0,    0,    0,    0,    0,    0,    0,    0,    0,    0,  -11,    0,  -11,   -5,   -8,   -8,    0,    0,    0,    0,    0,    0,    0,    0,    0,    0,    0,    0,    0,    0,    0,    0,  -11,    0,    0,    0,    0,    0,    0,    0,    0,    0,    0,    0,    0,    0,    0,    0,    0,    0,    0,    0,    0,    0,    0,    0,    0,   -5,    0,    0,    0,    0,    0,    0,    0,    0,    0,    0,    0,    0,    0,    0,    0,    0,    0,    0,    0,    0,    0,    0,    0,    0,    0,    0,    0,    0,    0,    0,    0,    0,    0,    0,    0,    0,    0,    0,    0,    0,    0,    0,    0,    0,    0,    0,    0,    0,    0,    0,    0,    0,    0,    0,    0,   -8,   -8,
       0,    0,    0,    0,    0,    0,    0,    0,    0,    0,    0,    0,    0,    0,    0,    0,    0,    0,    0,    0,    0,    0,    0,    0,    0,    0,    0,    0,    0,    0,    0,    0,    0,    0,    0,    0,    0,    0,    0,    0,    0,    0,    0,    0,    0,    0,    0,    0,    0,    0,    0,    0,    0,    0,    0,    0,    0,    0,    0,    0,    0,    0,    0,    0,    0,    0,    0,    0,    0,    0,    0,    0,    0,    0,    0,    0,    0,    0,    0,    0,    0,    0,    0,   -5,    0,   -8,    0,   -5,  -11,    0,    0,    0,    0,    0,    5,    5,    0,    0,    0,    0,    0,    0,    0,    0,    0,  -11,    0,    0,    0,    0,    0,    0,    0,    0,    0,    0,    0,    0,    0,    0,    0,    0,    0,    0,   -5,    0,   -8,  -13,    0,    0,    0,    0,    0,    0,    0,    0,    0,    0,    0,    0,    0,    0,    0,    0,    0,    0,    0,    0,    0,    0,    0,    0,    0,    0,    0,    0,    0,    0,    0,    0,    0,    0,    0,    0,    0,    0,    0,    0,    0,    0,    0,    0,    0,    0,    0,    0,    0,    0,    0,    0,    0,    0,    0,    0,    0,    0,  -16,  -11,
       0,    0,    0,    0,    0,    0,    0,    0,    0,    0,    0,    0,    0,    0,    0,    0,    0,    0,    0,    0,    0,    0,    0,    0,    0,    0,    0,    0,    0,    0,    0,    0,    0,    0,    0,    0,    0,    0,    0,    0,    0,    0,    0,    0,    0,    0,    0,    0,    0,    0,    0,    0,    0,    0,    0,    0,    0,    0,    0,    0,    0,    0,    0,    0,    0,    0,    0,    0,    0,    0,    0,    0,    0,    0,    0,    0,    0,    0,    0,    0,    0,    0,    0,    0,    0,    0,   -5,    0,    0,    0,    0,    0,    0,    0,    0,    0,    0,    0,    0,    0,    0,    0,    0,    0,    0,    0,    0,    0,   -8,   -8,    0,    0,    0,    0,    0,    0,    0,    0,    0,    0,    0,    0,   11,    0,    0,    0,    0,    0,    0,    0,   -5,    0,    0,    0,    0,    0,    0,    0,    0,    0,    0,    0,    0,    0,    0,    0,    0,    0,    0,    0,    0,    0,    0,    0,    0,    0,    0,    0,    0,    0,    0,    0,    0,    0,    0,    0,    0,    0,    0,    0,    0,    0,    0,    0,    0,    0,    0,    0,    0,    0,    0,    0,    0,    0,    0,    0,   -8,    0,
       0,    0,    0,    0,    0,    0,    0,    0,    0,    0,    0,    0,    0,    0,    0,    0,    0,    0,    0,    0,    0,    0,    0,    0,    0,    0,    0,    0,    0,    0,    0,    0,    0,    0,    0,    0,    0,    0,    0,    0,    0,    0,    0,    0,    0,    0,    0,    0,    0,    0,    0,    0,    0,    0,    0,    0,    0,    0,    0,    0,    0,    0,    0,    0,    0,    0,    0,    0,    0,    0,    0,    0,    0,    0,    0,    0,    0,    0,    0,    0,    0,    0,    0,    0,    0,    0,   -5,    0,    0,    0,    0,    0,    0,    0,    0,    0,    0,    0,    0,    0,    0,    0,    0,    0,    0,    0,    0,    0,    3,    3,    0,    0,    0,    0,    0,    0,    0,    0,    0,    0,    0,    0,    8,    0,    0,    0,    0,    0,    0,    0,   -5,    0,    0,    0,    0,    0,    0,    0,    0,    0,    0,    0,    0,    0,    0,    0,    0,    0,    0,    0,    0,    0,    0,    0,    0,    0,    0,    0,    0,    0,    0,    0,    0,    0,    0,    0,    0,    0,    0,    0,    0,    0,    0,    0,    0,    0,    0,    0,    0,    0,    0,    0,    0,    0,    0,    0,  -13,   -8,
       0,    0,    0,    0,    0,    0,    0,    0,    0,    0,    0,    0,    0,    0,    0,    0,    0,    0,    0,    0,    0,    0,    0,    0,    0,    0,    0,    0,    0,    0,    0,    0,    0,    0,    0,    0,    0,    0,    0,    0,    0,    0,    0,    0,    0,    0,    0,    0,    0,    0,    0,    0,    0,    0,    0,    0,    0,    0,    0,    0,    0,    0,    0,    0,    0,    0,    0,    0,    0,    0,    0,    0,    0,    0,    0,    0,    0,    0,    0,    0,    0,    0,    0,    0,    0,    0,    0,    0,    0,    0,    0,    0,    0,    0,    0,    0,    0,    0,    0,    0,    0,    0,    0,    0,    0,    0,    0,    0,    0,    0,    0,    0,    0,    0,    0,    0,    0,    0,    0,    0,    0,    0,    0,    0,    0,    0,    0,    0,    0,    0,    0,    0,    0,    0,    0,    0,    0,    0,    0,    0,    0,    0,    0,    0,    0,    0,    0,    0,    0,    0,    0,    0,    0,    0,    0,    0,    0,    0,    0,    0,    0,    0,    0,    0,    0,    0,    0,    0,    0,    0,    0,    0,    0,    0,    0,    0,    0,    0,    0,    0,    0,    0,    0,    0,    0,    0,  -13,  -13,
       0,    0,    0,    0,    0,    0,    0,    0,    0,    0,    0,    0,    0,    0,    0,    0,    0,    0,    0,    0,    0,    0,    0,    0,    0,    0,    0,    0,    0,    0,    0,    0,    0,    0,    0,    0,    0,    0,    0,    0,    0,    0,    0,    0,    0,    0,    0,    0,    0,    0,    0,    0,    0,    0,    0,    0,    0,    0,    0,    0,    0,    0,    0,    0,    0,    0,    0,    0,    0,    0,    0,    0,    0,    0,    0,    0,    0,    0,    0,    0,    0,    0,    0,    0,    0,    0,    0,    0,    0,    0,    0,    0,    0,    0,    0,    0,    0,    0,    0,    0,    0,    0,    0,    0,    0,    0,    0,    0,    0,    0,    0,    0,    0,    0,    0,    0,    0,    0,    0,    0,    0,    0,    0,    0,    0,    0,    0,    0,    0,    0,    0,    0,    0,    0,    0,    0,    0,    0,    0,    0,    0,    0,    0,    0,    0,    0,    0,    0,    0,    0,    0,    0,    0,    0,    0,    0,    0,    0,    0,    0,    0,    0,    0,    0,    0,    0,    0,    0,    0,    0,    0,    0,    0,    0,    0,    0,    0,    0,    0,    0,    0,    0,    0,    0,    0,    0,  -27,  -13,
       0,    0,    0,    0,    0,    0,    0,    0,    0,    0,    0,    0,    0,    0,    0,    0,    0,    0,    0,    0,    0,    0,    0,    0,    0,    0,    0,    0,    0,    0,    0,    0,    0,    0,    0,    0,    0,    0,    0,    0,    0,    0,    0,    0,    0,    0,    0,    0,    0,    0,    0,    0,    0,    0,    0,    0,    0,    0,    0,    0,    0,    0,    0,    0,    0,    0,    0,    0,    0,    0,    0,    0,    0,    0,    0,    0,    0,    0,    0,    0,    0,    0,    0,    0,    0,    0,    0,    0,    0,    0,    0,    0,    0,    0,    0,    0,    0,   -5,   -5,    0,    0,    0,    0,    0,    0,  -19,    0,    0,    0,    0,    0,    0,    0,    0,    0,    0,    0,    0,    0,    0,    0,    0,    0,    0,    0,    0,    0,    0,    0,    0,    0,    0,    0,    0,    0,    0,    0,    0,    0,    0,    0,    0,    0,    0,    0,    0,    0,    0,    0,    0,    0,    0,    0,    0,    0,    0,    0,    0,    0,    0,    0,    0,    0,    0,    0,    0,    0,    0,    0,    0,    0,    0,    0,    0,    0,    0,    0,    0,    0,    0,    0,    0,    0,    0,    0,    0,  -13,   -8,
       0,    0,    0,    0,    0,    0,    0,    0,    0,    0,    0,    0,    0,    0,    0,    0,    0,    0,    0,    0,    0,    0,    0,    0,    0,    0,    0,    0,    0,    0,    0,    0,    0,    0,    0,    0,    0,    0,    0,    0,    0,    0,    0,    0,    0,    0,    0,    0,    0,    0,    0,    0,    0,    0,    0,    0,    0,    0,    0,    0,    0,    0,    0,    0,    0,    0,    0,    0,    0,    0,    0,    0,    0,    0,    0,    0,    0,    0,    0,    0,    0,    0,    0,    0,    0,    0,    0,    0,    0,    0,    0,    0,    0,    0,    0,    0,    0,    3,    3,    0,    0,    0,    0,    0,    0,    0,    0,    0,    3,    3,    0,    0,    0,    0,    0,    0,    0,    0,    0,    0,    0,    0,    0,    0,    0,    0,    0,    0,    0,    0,    0,    0,    0,    0,    0,    0,    0,    0,    0,    0,    0,    0,    0,    0,    0,    0,    0,    0,    0,    0,    0,    0,    0,    0,    0,    0,    0,    0,    0,    0,    0,    0,    0,    0,    0,    0,    0,    0,    0,    0,    0,    0,    0,    0,    0,    0,    0,    0,    0,    0,    0,    0,    0,    0,    0,    0,    3,    0,
       0,    0,    0,    0,    0,    0,    0,    0,    0,    0,    0,    0,    0,    0,    0,    0,    0,    0,    0,    0,    0,    0,    0,    0,    0,    0,    0,    0,    0,    0,    0,    0,    0,    0,    0,    0,    0,    0,    0,    0,    0,    0,    0,    0,    0,    0,    0,    0,    0,    0,    0,    0,    0,    0,    0,    0,    0,    0,    0,    0,    0,    0,    0,    0,    0,    0,    0,    0,    0,    0,    0,    0,    0,    0,    0,    0,    0,    0,    0,    0,    0,    0,    0,    0,    0,    0,    0,    0,    0,    0,    0,    0,    0,    0,    0,    0,    0,    0,    0,    0,    0,    0,    0,    0,    0,    0,    0,    0,    0,    0,    0,    0,    0,    0,    0,    0,    0,    0,    0,    0,    0,    0,    0,    0,    0,    0,    0,    0,  -11,    0,    0,    0,    0,    0,    0,    0,    0,    0,    0,    0,    0,    0,    0,    0,    0,    0,    0,    0,    0,    0,    0,    0,    0,    0,    0,    0,    0,    0,    0,    0,    0,    0,    0,    0,    0,    0,    0,    0,    0,    0,    0,    0,    0,    0,    0,    0,    0,    0,    0,    0,    0,    0,    0,    0,    0,    0,    0,    0,
       0,    0,    0,    0,    0,    0,    0,    0,    0,    0,    0,    0,    0,    0,    0,    0,    0,    0,    0,    0,    0,    0,    0,    0,    0,    0,    0,    0,    0,    0,    0,    0,    0,    0,    0,    0,    0,    0,    0,    0,    0,    0,    0,    0,    0,    0,    0,    0,    0,    0,    0,    0,    0,    0,    0,    0,    0,    0,    0,    0,    0,    0,    0,    0,    0,    0,    0,    0,    0,    0,    0,    0,    0,    0,    0,    0,    0,    0,    0,    0,    0,    0,    0,    0,    0,    0,    0,    0,    0,    0,    0,    0,    0,    0,    0,    0,    0,   -5,   -5,    0,    0,    0,    0,    0,    0,    0,  -16,  -16,   -8,   -8,    0,    0,    0,    0,    0,    0,    0,    0,    0,    0,    0,    0,    0,    0,    0,   -3,    0,    0,    0,    0,    0,    0,    0,    0,    0,    0,    0,    0,    0,    0,    0,    0,    0,    0,    0,    0,   -5,    0,    0,    0,    0,    0,    0,    0,    0,    0,    0,    0,    0,    0,    0,    0,    0,    0,    0,    0,    0,    0,    0,    0,    0,    0,    0,    0,    0,    0,    0,    0,    0,    0,    0,    0,    0,    0,    0,    0,    0,    0,
       0,    0,    0,    0,    0,    0,    0,    0,    0,    0,    0,    0,    0,    0,    0,    0,    0,    0,    0,    0,    0,    0,    0,    0,    0,    0,    0,    0,    0,    0,    0,    0,    0,    0,    0,    0,    0,    0,    0,    0,    0,    0,    0,    0,    0,    0,    0,    0,    0,    0,    0,    0,    0,    0,    0,    0,    0,    0,    0,    0,    0,    0,    0,    0,    0,    0,    0,    0,    0,    0,    0,    0,    0,    0,    0,    0,    0,    0,    0,    0,    0,    0,    0,   -5,    0,   -8,    0,  -11,   -5,    0,    0,    0,    0,    0,    0,    0,    0,    0,    0,    0,    0,    0,    0,    0,    0,  -11,    0,    0,    3,    3,    0,    0,    0,    0,    0,    0,    0,   -5,   -5,   -5,  -19,    0,    0,    0,   -5,    0,    0,    0,    0,    0,    0,    0,    0,    0,    0,    0,    0,    0,    0,    0,    0,    0,   -8,    0,    0,    0,    0,    0,    0,    0,    0,    0,    0,    0,    0,    0,    0,    0,    0,    0,    0,    0,    0,  -16,    0,    0,    0,    0,    0,    0,  -24,  -19,  -24,    0,    0,    0,    0,    0,    0,    0,    0,    0,    0,    0,    0,    0,  -11,  -11,
       0,    0,    0,    0,    0,    0,    0,    0,    0,    0,    0,    0,    0,    0,    0,    0,    0,    0,    0,    0,    0,    0,    0,    0,    0,    0,    0,    0,    0,    0,    0,    0,    0,    0,    0,    0,    0,    0,    0,    0,    0,    0,    0,    0,    0,    0,    0,    0,    0,    0,    0,    0,    0,    0,    0,    0,    0,    0,    0,    0,    0,    0,    0,    0,    0,    0,    0,    0,    0,    0,    0,    0,    0,    0,    0,    0,    0,    0,    0,    0,    0,    0,    0,    0,    0,    0,    0,    0,    0,    0,    0,    0,    0,    0,    0,    0,    0,    0,    0,    0,    0,    0,   -3,    0,    0,    0,    0,    0,    0,    0,    0,    0,    0,    0,    0,    0,    0,    0,    0,    0,  -13,    0,    0,    0,    0,    0,    0,    0,    0,    0,    0,    0,    0,    0,    0,    0,    0,    0,    0,    0,    0,    0,    0,    0,    0,    0,    0,    0,    0,    0,    0,    0,    0,    0,    0,    0,    0,    0,    0,    0,    0,    0,    0,  -19,    0,    0,    0,    0,    0,    0,  -19,  -19,  -19,    0,    0,    0,    0,    0,    0,    0,    0,    0,    0,    0,    0,    0,  -13,  -11,
       0,    0,    0,    0,    0,    0,    0,    0,    0,    0,    0,    0,    0,    0,    0,    0,    0,    0,    0,    0,    0,    0,    0,    0,    0,    0,    0,    0,    0,    0,    0,    0,    0,    0,    0,    0,    0,    0,    0,    0,    0,    0,    0,    0,    0,    0,    0,    0,    0,    0,    0,    0,    0,    0,    0,    0,    0,    0,    0,    0,    0,    0,    0,    0,    0,    0,    0,    0,    0,    0,    0,    0,    0,    0,    0,    0,    0,    0,    0,    0,    0,    0,    0,    0,    0,    0,    0,    0,    0,    0,    0,    0,    0,    0,    0,    0,    0,    5,    5,    0,    0,    0,    0,    0,    0,    0,    0,    0,    8,    8,    0,    0,    0,    0,    0,    0,    0,    0,    0,    0,  -13,    0,    0,    0,    0,    0,    0,    0,    0,    0,    0,    0,    0,    0,    0,    0,    0,    0,    0,    0,    0,    0,    0,    0,    0,    0,    0,    0,    0,    0,    0,    0,    0,    0,    0,    0,    0,    0,    0,    0,    0,    0,    0,    0,    0,    0,    0,    0,    0,    0,    0,    0,    0,    0,    0,    0,    0,    0,    0,    0,    0,    0,    0,    0,    0,    0,    0,    0,
       0,    0,    0,    0,    0,    0,    0,    0,    0,    0,    0,    0,    0,    0,    0,    0,    0,    0,    0,    0,    0,    0,    0,    0,    0,    0,    0,    0,    0,    0,    0,    0,    0,    0,    0,    0,    0,    0,    0,    0,    0,    0,    0,    0,    0,    0,    0,    0,    0,    0,    0,    0,    0,    0,    0,    0,    0,    0,    0,    0,    0,    0,    0,    0,    0,    0,    0,    0,    0,    0,    0,    0,    0,    0,    0,    0,    0,    0,    0,    0,    0,    0,    0,    0,    0,    0,    0,    0,    0,    0,    0,    0,    0,    0,    0,    0,    0,    0,    0,    0,    0,    0,    0,    0,    0,    0,    0,    0,    0,    0,    0,    0,    0,    0,    0,    0,    0,    0,    0,    0,    0,    0,    0,    0,    0,    0,    0,    0,    0,    0,    0,    0,    0,    0,    0,    0,    0,    0,    0,    0,    0,    0,    0,    0,    0,    0,    0,    0,    0,    0,    0,    0,    0,    0,    0,    0,    0,    0,    0,    0,    0,    0,    0,    0,    0,    0,    0,    0,    0,    0,    0,    0,    0,    0,    0,    0,    0,    0,    0,    0,    0,    0,    0,    0,    0,    0,  -13,   -5,
       0,    0,    0,    0,    0,    0,    0,    0,    0,    0,    0,    0,    0,    0,    0,    0,    0,    0,    0,    0,    0,    0,    0,    0,    0,    0,    0,    0,    0,    0,    0,    0,    0,    0,    0,    0,    0,    0,    0,    0,    0,    0,    0,    0,    0,    0,    0,    0,    0,    0,    0,    0,    0,    0,    0,    0,    0,    0,    0,    0,    0,    0,    0,    0,    0,    0,    0,    0,    0,    0,    0,    0,    0,    0,    0,    0,    0,    0,    0,    0,    0,    0,    0,    0,    0,    0,    0,    0,    0,    0,    0,    0,    0,    0,    0,    0,    0,    0,    0,    0,    0,    0,    0,    0,    0,    0,    0,    0,    0,    0,    0,    0,    0,    0,    0,    0,    0,    0,    0,    0,    0,   -8,    0,    0,    0,    0,    0,    0,    0,    0,    0,    0,  -16,    0,    0,    0,    0,    0,    0,    0,    0,    0,    0,    0,    0,    0,    0,    0,    0,    0,    0,    0,    0,    0,    0,    0,    0,    0,    0,    0,    0,    0,    0,    0,    0,    0,    0,    0,    0,    0,    0,    0,    0,    0,    0,    0,    0,    0,    0,    0,    0,    0,    0,    0,    0,    0,   -5,    0,
       0,    0,    0,    0,    0,    0,    0,    0,    0,    0,    0,    0,    0,    0,    0,    0,    0,    0,    0,    0,    0,    0,    0,    0,    0,    0,    0,    0,    0,    0,    0,    0,    0,    0,    0,    0,    0,    0,    0,    0,    0,    0,    0,    0,    0,    0,    0,    0,    0,    0,    0,    0,    0,    0,    0,    0,    0,    0,    0,    0,    0,    0,    0,    0,    0,    0,    0,    0,    0,    0,    0,    0,    0,    0,    0,    0,    0,    0,    0,    0,    0,    0,    0,    0,    0,    0,    0,    0,    0,    0,    0,    0,    0,    0,    0,    0,    0,    0,    0,    0,    0,    0,    0,    0,    0,    0,    0,    0,    0,    0,    0,    0,    0,    0,    0,    0,    0,    0,    0,    0,    0,   -5,    0,    0,    0,    0,    0,    0,    0,    0,    0,    0,  -16,    0,    0,    0,    0,    0,    0,    0,    0,    0,    0,    0,    0,    0,    0,    0,    0,    0,    0,    0,    0,    0,    0,    0,    0,    0,    0,    0,    0,    0,    0,    0,    0,    0,    0,    0,    0,    0,    0,    0,    0,    0,    0,    0,    0,    0,    0,    0,    0,    0,    0,    0,    0,    0,  -13,   -8,
       0,    0,    0,    0,    0,    0,    0,    0,    0,    0,    0,    0,    0,    0,    0,    0,    0,    0,    0,    0,    0,    0,    0,    0,    0,    0,    0,    0,    0,    0,    0,    0,    0,    0,    0,    0,    0,    0,    0,    0,    0,    0,    0,    0,    0,    0,    0,    0,    0,    0,    0,    0,    0,    0,    0,    0,    0,    0,    0,    0,    0,    0,    0,    0,    0,    0,    0,    0,    0,    0,    0,    0,    0,    0,    0,    0,    0,    0,    0,    0,    0,    0,    0,    0,    0,    0,    0,    0,    0,    0,    0,    0,    0,    0,    0,    0,    0,    0,    0,    0,    0,    0,    0,    0,    0,    0,    0,    0,    0,    0,    0,    0,    0,    0,    0,    0,    0,    0,    0,    0,    0,    0,    0,    0,    0,    0,    0,    0,    0,    0,    0,    0,    0,    0,    0,    0,    0,    0,    0,    0,    0,    0,    0,    0,    0,    0,    0,    0,    0,    0,    0,    0,    0,    0,    0,    0,    0,    0,    0,    0,    0,    0,    0,    0,    0,    0,    0,    0,    0,    0,    0,    0,    0,    0,    0,    0,    0,    0,    0,    0,    0,    0,    0,    0,    0,    0,  -13,  -11,
       0,    0,    0,    0,    0,    0,    0,    0,    0,    0,    0,    0,    0,    0,    0,    0,    0,    0,    0,    0,    0,    0,    0,    0,    0,    0,    0,    0,    0,    0,    0,    0,    0,    0,    0,    0,    0,    0,    0,    0,    0,    0,    0,    0,    0,    0,    0,    0,    0,    0,    0,    0,    0,    0,    0,    0,    0,    0,    0,    0,    0,    0,    0,    0,    0,    0,    0,    0,    0,    0,    0,    0,    0,    0,    0,    0,    0,    0,    0,    0,    0,    0,    0,    0,    0,    0,    0,    0,    0,    0,    0,    0,    0,    0,    0,    0,    0,    0,    0,    0,    0,    0,    0,    0,    0,    0,    0,    0,  -13,    0,    0,    0,    0,    8,    0,    0,    0,    0,    0,    0,    0,    0,    0,    0,    0,    0,    0,    0,    0,    0,    0,    0,    0,    0,    0,    0,    0,    0,    0,    0,    0,    0,    0,    0,    0,    0,    0,    0,    0,    0,    0,    0,    0,    0,    0,    0,    0,    0,    0,    0,    0,    0,    0,    0,    0,    0,    0,    0,    0,    0,    0,    0,    0,    0,    0,    0,    0,    0,    0,    0,    0,    0,    0,    0,    0,    0,    0,    0,
       0,    0,    0,    0,    0,    0,    0,    0,    0,    0,    0,    0,    0,    0,    0,    0,    0,    0,    0,    0,    0,    0,    0,    0,    0,    0,    0,    0,    0,    0,    0,    0,    0,    0,    0,    0,    0,    0,    0,    0,    0,    0,    0,    0,    0,    0,    0,    0,    0,    0,    0,    0,    0,    0,    0,    0,    0,    0,    0,    0,    0,    0,    0,    0,    0,    0,    0,    0,    0,    0,    0,    0,    0,    0,    0,    0,    0,    0,    0,    0,    0,    0,    0,    0,    0,    0,    0,    0,    0,    0,    0,    0,    0,    0,    0,    0,    0,    0,    0,    0,    0,    0,    0,    0,    0,    0,    0,    0,    0,    0,    0,    0,    0,    0,    0,    0,    0,    0,    0,    0,    0,    0,    0,    0,    0,    0,    0,    0,    0,    0,    0,    0,    0,    0,    0,    0,    0,    0,    0,    0,    0,    0,    0,    0,    0,    0,    0,    0,    0,    0,    0,    0,    0,    0,    0,    0,    0,    0,    0,    0,    0,    0,    0,    0,    0,    0,    0,    0,    0,    0,    0,    0,    0,    0,    0,    0,    0,    0,    0,    0,    0,    0,    0,    0,    0,    0,  -11,   -8,
       0,    0,    0,    0,    0,    0,    0,    0,    0,    0,    0,    0,    0,    0,    0,    0,    0,    0,    0,    0,    0,    0,    0,    0,    0,    0,    0,    0,    0,    0,    0,    0,    0,    0,    0,    0,    0,    0,    0,    0,    0,    0,    0,    0,    0,    0,    0,    0,    0,    0,    0,    0,    0,    0,    0,    0,    0,    0,    0,    0,    0,    0,    0,    0,    0,    0,    0,    0,    0,    0,    0,    0,    0,    0,    0,    0,    0,    0,    0,    0,    0,    0,   -8,    0,    0,    0,    0,    0,    0,   -8,    0,    0,   -8,   -8,   -8,   -8,    0,    0,    0,    0,   -8,    0,    0,    0,    0,  -16,   -5,   -5,    0,    0,    0,    0,    0,    0,   -5,   -5,    0,    0,    0,    0,    0,  -13,    0,  -13,    0,    0,    0,    0,    0,    0,    0,    0,    0,    0,    0,    0,    0,    0,    0,    0,    0,    0,    0,    0,    0,    0,    0,    0,    0,    0,    0,    0,    0,    0,    0,    0,    0,    0,    0,    0,    0,    0,    0,    0,    0,    0,    0,    0,    0,    0,    0,    0,    0,    0,    0,    0,    0,    0,    0,    0,    0,    0,    0,    0,    0,    0,  -19,  -13,
       0,    0,    0,    0,    0,    0,    0,    0,    0,    0,    0,    0,    0,    0,    0,    0,    0,    0,    0,    0,    0,    0,    0,    0,    0,    0,    0,    0,    0,    0,    0,    0,    0,    0,    0,    0,    0,    0,    0,    0,    0,    0,    0,    0,    0,    0,    0,    0,    0,    0,    0,    0,    0,    0,    0,    0,    0,    0,    0,    0,    0,    0,    0,    0,    0,    0,    0,    0,    0,    0,    0,    0,    0,    0,    0,    0,    0,    0,    0,    0,    0,    0,   -3,    0,    0,    0,    0,    0,    0,    0,    0,    0,    0,    0,    0,    5,    0,    0,    0,    0,    0,    0,    0,    0,    0,    0,    0,    0,    0,    0,    0,    0,    0,    0,    0,    0,    0,    0,    0,    0,    0,    0,    0,    0,    0,    0,    0,    0,    0,    0,    0,    0,    0,    0,    0,    0,    0,    0,    0,    0,    0,    0,    0,    0,    0,    0,    0,    0,    0,    0,    0,    0,    0,    0,    0,    0,    0,    0,    0,    0,    0,    0,    0,    0,    0,    0,    0,    0,    0,    0,    0,    0,    0,    0,    0,    0,    0,    0,    0,    0,    0,    0,    0,    0,    0,    0,  -11,  -11,
       0,    0,    0,    0,    0,    0,    0,    0,    0,    0,    0,    0,    0,    0,    0,    0,    0,    0,    0,    0,    0,    0,    0,    0,    0,    0,    0,    0,    0,    0,    0,    0,    0,    0,    0,    0,    0,    0,    0,    0,    0,    0,    0,    0,    0,    0,    0,    0,    0,    0,    0,    0,    0,    0,    0,    0,    0,    0,    0,    0,    0,    0,    0,    0,    0,    0,    0,    0,    0,    0,    0,    0,    0,    0,    0,    0,    0,    0,    0,    0,    0,    0,    0,    0,    0,    0,    0,    0,    0,    0,    0,    0,    0,    0,   -8,    0,    0,   -8,   -8,    0,   -8,    0,    0,    0,    0,   -8,  -11,  -11,   -8,   -8,    0,    0,   -8,   -3,    0,    0,    0,    0,    0,    0,  -13,    0,    0,    0,    0,    0,    0,    0,    0,    0,    0,    0,    0,    0,    0,    0,    0,    0,    0,    0,    0,    0,    0,    0,    0,    0,    0,    0,    0,    0,    0,    0,    0,    0,    0,    0,    0,    0,    0,    0,    0,    0,    0,    0,    0,    0,    0,    0,    0,    0,    0,    0,    0,    0,    0,    0,    0,    0,    0,    0,    0,    0,    0,    0,    0,    0,  -11,   -8,
       0,    0,    0,    0,    0,    0,    0,    0,    0,    0,    0,    0,    0,    0,    0,    0,    0,    0,    0,    0,    0,    0,    0,    0,    0,    0,    0,    0,    0,    0,    0,    0,    0,    0,    0,    0,    0,    0,    0,    0,    0,    0,    0,    0,    0,    0,    0,    0,    0,    0,    0,    0,    0,    0,    0,    0,    0,    0,    0,    0,    0,    0,    0,    0,    0,    0,    0,    0,    0,    0,    0,    0,    0,    0,    0,    0,    0,    0,    0,    0,    0,    0,    0,    0,    0,    0,    0,    0,    0,    0,    0,    0,   -8,   -8,   -8,   -8,   -8,    0,    0,    0,   -8,    0,    0,    0,    0,    0,   -8,   -8,   -5,   -5,    0,    0,   -5,    0,    0,    0,    0,    0,    0,    0,  -13,    0,   -8,    0,    0,    0,    0,    0,    0,    0,    0,    0,    0,    0,    0,    0,    0,    0,    0,    0,    0,    0,    0,    0,    0,    0,    0,    0,    0,    0,    0,    0,    0,    0,    0,    0,    0,    0,    0,    0,    0,    0,    0,    0,    0,    0,    0,    0,    0,    0,    0,    0,    0,    0,    0,    0,    0,    0,    0,    0,    0,    0,    0,    0,    0,    0,  -13,  -13,
       0,    0,    0,    0,    0,    0,    0,    0,    0,    0,    0,    0,    0,    0,    0,    0,    0,    0,    0,    0,    0,    0,    0,    0,    0,    0,    0,    0,    0,    0,    0,    0,    0,    0,    0,    0,    0,    0,    0,    0,    0,    0,    0,    0,    0,    0,    0,    0,    0,    0,    0,    0,    0,    0,    0,    0,    0,    0,    0,    0,    0,    0,    0,    0,    0,    0,    0,    0,    0,    0,    0,    0,    0,    0,    0,    0,    0,    0,    0,    0,    0,    0,    0,    0,    0,    0,    0,    0,    0,    0,    0,   -5,    0,    0,   -5,   -5,   -5,    3,    3,    0,   -5,    0,    0,    0,    0,    0,    0,    0,    0,    0,    0,    0,    0,    0,    0,    0,    0,    0,    0,    0,    0,    0,    0,    0,    0,    0,    0,    0,    0,    0,    0,    0,    0,    0,    0,    0,    0,    0,    0,    0,    0,    0,    0,    0,    0,    0,    0,    0,    0,    0,    0,    0,    0,    0,    0,    0,    0,    0,    0,    0,    0,    0,    0,    0,    0,    0,    0,    0,    0,    0,    0,    0,    0,    0,    0,    0,    0,    0,    0,    0,    0,    0,    0,    0,    0,    0,  -13,   -8,
       0,    0,    0,    0,    0,    0,    0,    0,    0,    0,    0,    0,    0,    0,    0,    0,    0,    0,    0,    0,    0,    0,    0,    0,    0,    0,    0,    0,    0,    0,    0,    0,    0,    0,    0,    0,    0,    0,    0,    0,    0,    0,    0,    0,    0,    0,    0,    0,    0,    0,    0,    0,    0,    0,    0,    0,    0,    0,    0,    0,    0,    0,    0,    0,    0,    0,    0,    0,    0,    0,    0,    0,    0,    0,    0,    0,    0,    0,    0,    0,    0,    0,    0,    0,    0,    0,    0,    0,    0,    0,    0,    0,   -5,   -5,    0,    0,    0,    0,    0,    0,    0,    0,    0,   -8,    0,    0,    0,    0,    0,    0,    0,    0,    0,    0,    0,    0,   -5,    0,    0,    0,    0,    0,    0,    0,    0,    0,    0,    0,    0,    0,    0,    0,    0,    0,    0,    0,    0,    0,    0,    0,    0,    0,    0,    0,    0,    0,    0,    0,    0,    0,    0,    0,    0,    0,    0,    0,    0,    0,    0,    0,    0,    0,    0,    0,    0,    0,    0,    0,    0,    0,    0,    0,    0,    0,    0,    0,    0,    0,    0,    0,    0,    0,    0,    0,    0,    0,   -3,    3,
       0,    0,    0,    0,    0,    0,    0,    0,    0,    0,    0,    0,    0,    0,    0,    0,    0,    0,    0,    0,    0,    0,    0,    0,    0,    0,    0,    0,    0,    0,    0,    0,    0,    0,    0,    0,    0,    0,    0,    0,    0,    0,    0,    0,    0,    0,    0,    0,    0,    0,    0,    0,    0,    0,    0,    0,    0,    0,    0,    0,    0,    0,    0,    0,    0,    0,    0,    0,    0,    0,    0,    0,    0,    0,    0,    0,    0,    0,    0,    0,    0,    0,    0,    0,    0,    0,    0,    0,    0,    0,    0,    0,    0,    0,    0,    0,    0,    0,    0,    0,    0,    0,    0,    0,    0,    0,    0,    0,    0,    0,    0,    0,    0,    0,    0,    0,    0,    0,    0,    0,    0,    0,    0,    0,    0,    0,    0,    0,    0,    0,    0,    0,    0,    0,    0,    0,    0,    0,    0,    0,    0,    0,    0,    0,    0,    0,    0,    0,    0,    0,    0,    0,    0,    0,    0,    0,    0,    0,    0,    0,    0,    0,    0,    0,    0,    0,    0,    0,    0,    0,    0,    0,    0,    0,    0,    0,    0,    0,    0,    0,    0,    0,    0,    0,    0,    0,  -11,    0,
       0,    0,    0,    0,    0,    0,    0,    0,    0,    0,    0,    0,    0,    0,    0,    0,    0,    0,    0,    0,    0,    0,    0,    0,    0,    0,    0,    0,    0,    0,    0,    0,    0,    0,    0,    0,    0,    0,    0,    0,    0,    0,    0,    0,    0,    0,    0,    0,    0,    0,    0,    0,    0,    0,    0,    0,    0,    0,    0,    0,    0,    0,    0,    0,    0,    0,    0,    0,    0,    0,    0,    0,    0,    0,    0,    0,    0,    0,    0,    0,    0,    0,    0,    0,    0,    0,    0,    0,    0,    0,    0,    0,   -8,    0,    0,    0,    0,    0,    0,    0,    0,    0,    0,    0,    0,    0,    0,    0,    0,    0,    0,    0,    0,    0,    0,    0,    0,    0,    0,    0,    0,    0,    0,    0,    0,    0,    0,    0,    0,    0,    0,    0,    0,    0,    0,    0,    0,    0,    0,    0,    0,    0,    0,    0,    0,    0,    0,    0,    0,    0,    0,    0,    0,    0,    0,    0,    0,    0,    0,    0,    0,    0,    0,    0,    0,    0,    0,    0,    0,    0,    0,    0,    0,    0,    0,    0,    0,    0,    0,    0,    0,    0,    0,    0,    0,    0,  -16,   -8,
       0,    0,    0,    0,    0,    0,    0,    0,    0,    0,    0,    0,    0,    0,    0,    0,    0,    0,    0,    0,    0,    0,    0,    0,    0,    0,    0,    0,    0,    0,    0,    0,    0,    0,    0,    0,    0,    0,    0,    0,    0,    0,    0,    0,    0,    0,    0,    0,    0,    0,    0,    0,    0,    0,    0,    0,    0,    0,    0,    0,    0,    0,    0,    0,    0,    0,    0,    0,    0,    0,    0,    0,    0,    0,    0,    0,    0,    0,    0,    0,    0,    0,    0,    0,    0,    0,    0,    0,    0,    0,    0,    0,    0,    0,    0,    0,    0,    0,    0,    0,    0,   -5,   -5,    0,    0,    0,    0,    0,    0,    0,    0,    0,    0,    0,    0,    0,    0,    0,    0,    0,    0,    0,    0,    0,    0,    0,    0,    0,    0,    0,    0,    0,    0,    0,    0,    0,    0,    0,    0,    0,    0,    0,    0,    0,    0,    0,    0,    0,    0,    0,    0,    0,    0,    0,    0,    0,    0,    0,    0,    0,    0,    0,    0,    0,    0,    0,    0,    0,    0,    0,    0,    0,    0,    0,    0,    0,    0,    0,    0,    0,    0,    0,    0,    0,    0,    0,    0,    0,
       0,    0,    0,    0,    0,    0,    0,    0,    0,    0,    0,    0,    0,    0,    0,    0,    0,    0,    0,    0,    0,    0,    0,    0,    0,    0,    0,    0,    0,    0,    0,    0,    0,    0,    0,    0,    0,    0,    0,    0,    0,    0,    0,    0,    0,    0,    0,    0,    0,    0,    0,    0,    0,    0,    0,    0,    0,    0,    0,    0,    0,    0,    0,    0,    0,    0,    0,    0,    0,    0,    0,    0,    0,    0,    0,    0,    0,    0,    0,    0,    0,    0,    0,    0,    0,    0,    0,    0,    0,    0,    5,    0,    0,    0,    0,    0,    0,    0,    0,    0,    0,    0,    0,    0,    0,    0,    0,    0,    0,    0,    0,    0,    0,    0,    0,    0,    0,    0,    0,    0,    0,    0,    0,    0,    0,    0,    0,    0,    0,    0,    0,    0,    0,    0,    0,    0,    0,    0,    0,    0,    0,    0,    0,    0,    0,    0,    0,    0,    0,    0,    0,    0,    0,    0,    0,    0,    0,    0,    0,    0,    0,    0,    0,    0,    0,    0,    0,    0,    0,    0,    0,    0,    0,    0,    0,    0,    0,    0,    0,    0,    0,    0,    0,    0,    0,    0,    0,    0,
       0,    0,    0,    0,    0,    0,    0,    0,    0,    0,    0,    0,    0,    0,    0,    0,    0,    0,    0,    0,    0,    0,    0,    0,    0,    0,    0,    0,    0,    0,    0,    0,    0,    0,    0,    0,    0,    0,    0,    0,    0,    0,    0,    0,    0,    0,    0,    0,    0,    0,    0,    0,    0,    0,    0,    0,    0,    0,    0,    0,    0,    0,    0,    0,    0,    0,    0,    0,    0,    0,    0,    0,    0,    0,    0,    0,    0,    0,    0,    0,    0,    0,    0,    0,    0,    0,    0,    0,    0,    0,    0,    0,    0,    0,    0,    0,    0,    0,    0,    0,    0,    0,    0,    0,    0,    0,    0,    0,    0,    0,   -8,   -8,    0,    0,    0,    0,    0,    0,    0,    0,    0,    0,    0,    0,    0,    0,    0,    0,    0,    0,    0,    0,    0,    0,    0,    0,    0,    0,    0,    0,    0,    0,    0,    0,    0,    0,    0,    0,    0,    0,    0,    0,    0,    0,    0,    0,    0,    0,    0,    0,    0,    0,    0,    0,    0,    0,    0,    0,    0,    0,    0,    0,    0,    0,    0,    0,    0,    0,    0,    0,    0,    0,    0,    0,    0,    0,  -13,  -11,
       0,    0,    0,    0,    0,    0,    0,    0,    0,    0,    0,    0,    0,    0,    0,    0,    0,    0,    0,    0,    0,    0,    0,    0,    0,    0,    0,    0,    0,    0,    0,    0,    0,    0,    0,    0,    0,    0,    0,    0,    0,    0,    0,    0,    0,    0,    0,    0,    0,    0,    0,    0,    0,    0,    0,    0,    0,    0,    0,    0,    0,    0,    0,    0,    0,    0,    0,    0,    0,    0,    0,    0,    0,    0,    0,    0,    0,    0,    0,    0,    0,    0,    0,    0,    0,    0,    0,    0,    0,    0,    0,    0,    0,    0,    0,    0,    0,    0,    0,    0,    0,    0,    0,    0,    0,    0,    0,    0,    0,    0,    0,    0,    0,    0,    0,    0,    0,    0,    0,    0,    0,    0,    0,    0,    0,    0,    0,    0,    0,    0,    0,    0,    0,    0,    0,    0,    0,    0,    0,    0,    0,    0,    0,    0,    0,    0,    0,    0,    0,    0,    0,    0,    0,    0,    0,    0,    0,    0,    0,    0,    0,    0,    0,    0,    0,    0,    0,    0,    0,    0,    0,    0,    0,    0,    0,    0,    0,    0,    0,    0,    0,    0,    0,    0,    0,    0,    0,  -13,
       0,    0,    0,    0,    0,    0,    0,    0,    0,    0,    0,    0,    0,    0,    0,    0,    0,    0,    0,    0,    0,    0,    0,    0,    0,    0,    0,    0,    0,    0,    0,    0,    0,    0,    0,    0,    0,    0,    0,    0,    0,    0,    0,    0,    0,    0,    0,    0,    0,    0,    0,    0,    0,    0,    0,    0,    0,    0,    0,    0,    0,    0,    0,    0,    0,    0,    0,    0,    0,    0,    0,    0,    0,    0,    0,    0,    0,    0,    0,    0,    0,    0,    0,    0,    0,    0,    0,    0,    0,    0,    0,    0,    0,    0,    0,    0,    0,    0,    0,    0,    0,    0,    0,    0,    0,    0,    0,    0,    0,    0,    0,    0,    0,    0,    0,    0,    0,    0,    0,    0,    0,    0,    0,    0,    0,    0,    0,    0,    0,    0,    0,    0,    0,    0,    0,    0,    0,    0,    0,    0,    0,    0,    0,    0,    0,    0,    0,    0,    0,    0,    0,    0,    0,    0,    0,    0,    0,    0,    0,    0,    0,    0,    0,    0,    0,    0,    0,    0,    0,    0,    0,    0,    0,    0,    0,    0,    0,    0,    0,    0,    0,    0,    0,    0,    0,    0,  -19,  -13,
       0,    0,    0,    0,    0,    0,    0,    0,    0,    0,    0,    0,    0,    0,    0,    0,    0,    0,    0,    0,    0,    0,    0,    0,    0,    0,    0,    0,    0,    0,    0,    0,    0,    0,    0,    0,    0,    0,    0,    0,    0,    0,    0,    0,    0,    0,    0,    0,    0,    0,    0,    0,    0,    0,    0,    0,    0,    0,    0,    0,    0,    0,    0,    0,    0,    0,    0,    0,    0,    0,    0,    0,    0,    0,    0,    0,    0,    0,    0,    0,    0,    0,    0,    0,    0,    0,    0,    0,    0,    0,    0,    0,    0,    0,    0,    0,    0,    0,    0,    0,    0,    0,    0,   -8,   -8,    0,    0,    0,    0,    0,    0,    0,    0,    0,    0,    0,    0,    0,    0,    0,    0,    0,    0,    0,    0,    0,    0,    0,    0,    0,    0,    0,    0,    0,    0,    0,    0,    0,    0,    0,    0,    0,    0,    0,    0,    0,    0,    0,    0,    0,    0,    0,    0,    0,    0,    0,    0,    0,    0,    0,    0,    0,    0,    0,    0,    0,    0,    0,    0,    0,    0,    0,    0,    0,    0,    0,    0,    0,    0,    0,    0,    0,    0,    0,    0,    0,   -5,    0,
       0,    0,    0,    0,    0,    0,    0,    0,    0,    0,    0,    0,    0,    0,    0,    0,    0,    0,    0,    0,    0,    0,    0,    0,    0,    0,    0,    0,    0,    0,    0,    0,    0,    0,    0,    0,    0,    0,    0,    0,    0,    0,    0,    0,    0,    0,    0,    0,    0,    0,    0,    0,    0,    0,    0,    0,    0,    0,    0,    0,    0,    0,    0,    0,    0,    0,    0,    0,    0,    0,    0,    0,    0,    0,    0,    0,    0,    0,    0,    0,    0,    0,    0,    0,    0,    0,    0,    0,    0,    0,    0,    0,    0,    0,    0,    0,    0,    0,    0,    0,    0,    0,    0,    3,    3,    0,    0,    0,    0,    0,    0,    0,    0,    0,    0,    0,    0,    0,    0,    0,    0,    0,    0,    0,    0,    0,    0,    0,    0,    0,    0,    0,    0,    0,    0,    0,    0,    0,    0,    0,    0,    0,    0,    0,    0,    0,    0,    0,    0,    0,    0,    0,    0,    0,    0,    0,    0,    0,    0,    0,    0,    0,    0,    0,    0,    0,    0,    0,    0,    0,    0,    0,    0,    0,    0,    0,    0,    0,    0,    0,    0,    0,    0,    0,    0,    0,  -13,   -5,
       0,    0,    0,    0,    0,    0,    0,    0,    0,    0,    0,    0,    0,    0,    0,    0,    0,    0,    0,    0,    0,    0,    0,    0,    0,    0,    0,    0,    0,    0,    0,    0,    0,    0,    0,    0,    0,    0,    0,    0,    0,    0,    0,    0,    0,    0,    0,    0,    0,    0,    0,    0,    0,    0,    0,    0,    0,    0,    0,    0,    0,    0,    0,    0,    0,    0,    0,    0,    0,    0,    0,    0,    0,    0,    0,    0,    0,    0,    0,    0,    0,    0,    0,    0,    0,    0,    0,    0,    0,    0,    0,    0,    0,    0,    0,    0,    0,    0,    0,    0,    0,    0,    0,    0,    0,    0,    0,    0,  -19,  -19,  -13,  -13,    0,    0,    0,    0,    0,    0,    0,    0,    0,    0,    0,    0,    0,    0,    0,    0,    0,    0,    0,    0,    0,    0,    0,    0,    0,    0,    0,    0,    0,    0,    0,    0,    0,    0,    0,    0,    0,    0,    0,    0,    0,    0,    0,    0,    0,    0,    0,    0,    0,    0,    0,    0,    0,    0,    0,    0,    0,    0,    0,    0,    0,    0,    0,    0,    0,    0,    0,    0,    0,    0,    0,    0,    0,    0,   -8,    0,
       0,    0,    0,    0,    0,    0,    0,    0,    0,    0,    0,    0,    0,    0,    0,    0,    0,    0,    0,    0,    0,    0,    0,    0,    0,    0,    0,    0,    0,    0,    0,    0,    0,    0,    0,    0,    0,    0,    0,    0,    0,    0,    0,    0,    0,    0,    0,    0,    0,    0,    0,    0,    0,    0,    0,    0,    0,    0,    0,    0,    0,    0,    0,    0,    0,    0,    0,    0,    0,    0,    0,    0,    0,    0,    0,    0,    0,    0,    0,    0,    0,    0,    0,    0,    0,    0,    0,    0,    0,    0,    0,    0,    0,    0,    0,    0,    0,    0,    0,    0,    0,    0,    0,    0,    0,    0,    0,    0,  -11,  -11,    0,  -11,    0,    0,    0,    0,    0,    0,    0,    0,    0,    0,    0,    0,    0,    0,    0,    0,    0,    0,    0,    0,    0,    0,    0,    0,    0,    0,    0,    0,    0,    0,    0,    0,    0,    0,    0,    0,    0,    0,    0,    0,    0,    0,    0,    0,    0,    0,    0,    0,    0,    0,    0,    0,    0,    0,    0,    0,    0,    0,    0,    0,    0,    0,    0,    0,    0,    0,    0,    0,    0,    0,    0,    0,    0,    0,   -8,    0,
       0,    0,    0,    0,    0,    0,    0,    0,    0,    0,    0,    0,    0,    0,    0,    0,    0,    0,    0,    0,    0,    0,    0,    0,    0,    0,    0,    0,    0,    0,    0,    0,    0,    0,    0,    0,    0,    0,    0,    0,    0,    0,    0,    0,    0,    0,    0,    0,    0,    0,    0,    0,    0,    0,    0,    0,    0,    0,    0,    0,    0,    0,    0,    0,    0,    0,    0,    0,    0,    0,    0,    0,    0,    0,    0,    0,    0,    0,    0,    0,    0,    0,    0,    0,    0,    0,    0,    0,    0,    0,    0,    0,    0,    0,    0,    0,    0,    0,    0,    0,    0,    0,    0,    0,    0,    0,    0,    0,  -11,  -11,  -11,  -11,    0,    0,    0,    0,    0,    0,    0,    0,    0,    0,    0,    0,    0,    0,    0,    0,    0,    0,    0,    0,    0,    0,    0,    0,    0,    0,    0,    0,    0,    0,    0,    0,    0,    0,    0,    0,    0,    0,    0,    0,    0,    0,    0,    0,    0,    0,    0,    0,    0,    0,    0,    0,    0,    0,    0,    0,    0,    0,    0,    0,    0,    0,    0,    0,    0,    0,    0,    0,    0,    0,    0,    0,    0,    0,   -8,    0,
       0,    0,    0,    0,    0,    0,    0,    0,    0,    0,    0,    0,    0,    0,    0,    0,    0,    0,    0,    0,    0,    0,    0,    0,    0,    0,    0,    0,    0,    0,    0,    0,    0,    0,    0,    0,    0,    0,    0,    0,    0,    0,    0,    0,    0,    0,    0,    0,    0,    0,    0,    0,    0,    0,    0,    0,    0,    0,    0,    0,    0,    0,    0,    0,    0,    0,    0,    0,    0,    0,    0,    0,    0,    0,    0,    0,    0,    0,    0,    0,    0,    0,    0,    0,    0,    0,    0,    0,    0,    0,    0,    0,    0,    0,    0,    0,    0,    0,    0,    0,    0,    0,    0,    0,    0,    0,    0,    0,    0,    0,    0,    0,    0,    0,    0,    0,    0,    0,    0,    3,    0,    0,    0,    0,    0,    0,    0,    0,    0,    0,    0,    0,    0,    0,    0,    0,    0,    0,    0,    0,    0,    0,    0,    0,    0,    0,    0,    0,    0,    0,    0,    0,    0,    0,    0,    0,    0,    0,    0,    0,    0,    0,    0,    0,    0,    0,    0,    0,    0,    0,    0,    0,    0,    0,    0,    0,    0,    0,    0,    0,    0,    0,    0,    0,    0,    0,    0,    0,
       0,    0,    0,    0,    0,    0,    0,    0,    0,    0,    0,    0,    0,    0,    0,    0,    0,    0,    0,    0,    0,    0,    0,    0,    0,    0,    0,    0,    0,    0,    0,    0,    0,    0,    0,    0,    0,    0,    0,    0,    0,    0,    0,    0,    0,    0,    0,    0,    0,    0,    0,    0,    0,    0,    0,    0,    0,    0,    0,    0,    0,    0,    0,    0,    0,    0,    0,    0,    0,    0,    0,    0,    0,    0,    0,    0,    0,    0,    0,    0,    0,    0,    0,    0,    0,    0,    0,    0,    0,    0,    0,    0,    0,    0,    0,    0,    0,    0,    0,   -8,    0,    0,    0,    0,    0,  -11,    0,    0,    0,    0,    0,    0,    0,    0,    0,    0,    0,    0,    0,    0,    0,    0,    0,    0,    0,    0,    0,    0,    0,    0,    0,    0,    0,    0,    0,    0,    0,    0,    0,    0,    0,    0,    0,    0,    0,    0,    0,    0,    0,    0,    0,    0,    0,    0,    0,    0,    0,    0,    0,    0,    0,    0,    0,    0,    0,    0,    0,    0,    0,    0,    0,    0,    0,    0,    0,    0,    0,    0,    0,    0,    0,    0,    0,    0,    0,    0,  -13,  -11,
       0,    0,    0,    0,    0,    0,    0,    0,    0,    0,    0,    0,    0,    0,    0,    0,    0,    0,    0,    0,    0,    0,    0,    0,    0,    0,    0,    0,    0,    0,    0,    0,    0,    0,    0,    0,    0,    0,    0,    0,    0,    0,    0,    0,    0,    0,    0,    0,    0,    0,    0,    0,    0,    0,    0,    0,    0,    0,    0,    0,    0,    0,    0,    0,    0,    0,    0,    0,    0,    0,    0,    0,    0,    0,    0,    0,    0,    0,    0,    0,    0,    0,    0,    0,    0,    0,    0,    0,    0,    0,    0,    0,    0,    0,    0,    0,    0,    0,    0,    0,    0,    0,    0,    0,    0,    0,    0,    0,    0,    0,    0,    0,    0,    0,    0,    0,    0,    0,    0,    0,    0,    0,    0,    0,    0,    0,    0,    0,    0,    0,    0,    0,    0,    0,    0,    0,    0,    0,    0,    0,    0,    0,    0,    0,    0,    0,    0,    0,    0,    0,    0,    0,    0,    0,    0,    0,    0,    0,    0,    0,    0,    0,    0,    0,    0,    0,    0,    0,    0,    0,    0,    0,    0,    0,    0,    0,    0,    0,    0,    0,    0,    0,    0,    0,    0,    0,  -11,  -11,
       0,    0,    0,    0,    0,    0,    0,    0,    0,    0,    0,    0,    0,    0,    0,    0,    0,    0,    0,    0,    0,    0,    0,    0,    0,    0,    0,    0,    0,    0,    0,    0,    0,    0,    0,    0,    0,    0,    0,    0,    0,    0,    0,    0,    0,    0,    0,    0,    0,    0,    0,    0,    0,    0,    0,    0,    0,    0,    0,    0,    0,    0,    0,    0,    0,    0,    0,    0,    0,    0,    0,    0,    0,    0,    0,    0,    0,    0,    0,    0,    0,    0,    0,    0,   -5,    0,   -8,    0,    0,    0,    0,    0,    0,    0,    0,    0,    0,    0,    0,    0,   -5,    0,    0,    0,    0,    0,  -11,    0,  -11,  -11,   -5,   -5,    0,    0,    0,    0,    0,    0,    0,    0,    0,    0,    0,    0,    0,    0,    0,    0,    0,    0,    0,    0,    0,    0,    0,    0,    0,    0,    0,    0,    0,    0,    0,    0,    0,    0,    0,    0,    0,    0,    0,    0,    0,    0,    0,    0,    0,    0,    0,    0,    0,    0,    0,    0,    0,    0,    0,    0,    0,    0,    0,    0,    0,    0,    0,    0,    0,    0,    0,    0,    0,    0,    0,    0,    0,    0,  -11,   -8,
       0,    0,    0,    0,    0,    0,    0,    0,    0,    0,    0,    0,    0,    0,    0,    0,    0,    0,    0,    0,    0,    0,    0,    0,    0,    0,    0,    0,    0,    0,    0,    0,    0,    0,    0,    0,    0,    0,    0,    0,    0,    0,    0,    0,    0,    0,    0,    0,    0,    0,    0,    0,    0,    0,    0,    0,    0,    0,    0,    0,    0,    0,    0,    0,    0,    0,    0,    0,    0,    0,    0,    0,    0,    0,    0,    0,    0,    0,    0,    0,    0,    0,    0,    0,    0,    0,    0,    0,    0,    0,    0,    0,    0,    0,    0,    0,    0,    0,    0,    0,    0,    0,    0,    0,    0,    0,    0,    0,    0,    0,    0,    0,    0,    0,    0,    0,    0,    0,    0,    0,    0,    0,    0,    0,    0,    0,    0,    0,    0,    0,    0,    0,    0,    0,    0,    0,    0,    0,    0,    0,    0,    0,    0,    0,    0,    0,    0,    0,    0,    0,    0,    0,    0,    0,    0,    0,    0,    0,    0,    0,    0,    0,    0,    0,    0,    0,    0,    0,    0,    0,    0,    0,    0,    0,    0,    0,    0,    0,    0,    0,    0,    0,    0,    0,    0,    0,  -13,    0,
       0,    0,    0,    0,    0,    0,    0,    0,    0,    0,    0,    0,    0,    0,    0,    0,    0,    0,    0,    0,    0,    0,    0,    0,    0,    0,    0,    0,    0,    0,    0,    0,    0,    0,    0,    0,    0,    0,    0,    0,    0,    0,    0,    0,    0,    0,    0,    0,    0,    0,    0,    0,    0,    0,    0,    0,    0,    0,    0,    0,    0,    0,    0,    0,    0,    0,    0,    0,    0,    0,    0,    0,    0,    0,    0,    0,    0,    0,    0,    0,    0,    0,    0,    0,    0,    0,    0,    0,    0,    0,    0,    0,    0,    0,    0,    0,    0,    0,    0,    0,    0,    0,    0,    0,    0,    0,    0,    0,    0,    0,    0,    0,    0,    0,    0,    0,    0,   -5,   -8,   -8,    0,    0,    0,    0,    0,    0,    0,    0,    0,    0,    0,    0,    0,    0,    0,    0,    0,    0,    0,    0,    0,    0,    0,    0,    0,    0,    0,    0,    0,    0,    0,    0,    0,    0,    0,    0,    0,    0,    0,    0,    0,    0,    0,    0,    0,    0,    0,    0,    0,    0,    0,    0,    0,    0,    0,    0,    0,    0,    0,    0,    0,    0,    0,    0,    0,    0,  -13,   -8,
       0,    0,    0,    0,    0,    0,    0,    0,    0,    0,    0,    0,    0,    0,    0,    0,    0,    0,    0,    0,    0,    0,    0,    0,    0,    0,    0,    0,    0,    0,    0,    0,    0,    0,    0,    0,    0,    0,    0,    0,    0,    0,    0,    0,    0,    0,    0,    0,    0,    0,    0,    0,    0,    0,    0,    0,    0,    0,    0,    0,    0,    0,    0,    0,    0,    0,    0,    0,    0,    0,    0,    0,    0,    0,    0,    0,    0,    0,    0,    0,    0,    0,    0,    0,    0,  -11,    0,    0,    0,    0,    0,    0,    0,    0,    0,    0,    0,    0,    0,    0,    0,    0,    0,    0,    0,   -8,    0,    0,    0,    0,    0,    0,    0,    0,    0,    0,    0,    0,    0,    0,    0,    0,    0,    0,    0,    0,    0,    0,    0,   -5,   -8,    0,    0,    0,    0,    0,    0,    0,    0,    0,    0,    0,    0,    0,    0,    0,    0,    0,    0,    0,    0,    0,    0,    0,    0,    0,    0,    0,    0,    0,    0,    0,    0,    0,    0,    0,    0,    0,    0,    0,    0,    0,    0,    0,    0,    0,    0,    0,    0,    0,    0,    0,    0,    0,    0,    0,    0,    0,
       0,    0,    0,    0,    0,    0,    0,    0,    0,    0,    0,    0,    0,    0,    0,    0,    0,    0,    0,    0,    0,    0,    0,    0,    0,    0,    0,    0,    0,    0,    0,    0,    0,    0,    0,    0,    0,    0,    0,    0,    0,    0,    0,    0,    0,    0,    0,    0,    0,    0,    0,    0,    0,    0,    0,    0,    0,    0,    0,    0,    0,    0,    0,    0,    0,    0,    0,    0,    0,    0,    0,    0,    0,    0,    0,    0,    0,    0,    0,    0,    0,    0,    0,    0,    0,    0,    0,    0,    0,    0,    0,    0,    0,    0,    0,    0,    0,   -5,   -5,   -5,    0,    0,    0,    0,    0,    0,    0,    0,   -8,   -8,    0,    0,    0,    0,    0,    0,    0,    0,    0,    0,    0,    0,    0,    0,    0,    0,    0,    0,    0,    0,    0,    0,    0,    0,    0,    0,    0,    0,    0,    0,    0,    0,    0,    0,    0,    0,    0,    0,    0,    0,    0,    0,    0,    0,    0,    0,    0,    0,    0,    0,    0,    0,    0,    0,    0,    0,    0,    0,    0,    0,    0,    0,    0,    0,    0,    0,    0,    0,    0,    0,    0,    0,    0,    0,    0,    0,   -8,    0,
       0,    0,    0,    0,    0,    0,    0,    0,    0,    0,    0,    0,    0,    0,    0,    0,    0,    0,    0,    0,    0,    0,    0,    0,    0,    0,    0,    0,    0,    0,    0,    0,    0,    0,    0,    0,    0,    0,    0,    0,    0,    0,    0,    0,    0,    0,    0,    0,    0,    0,    0,    0,    0,    0,    0,    0,    0,    0,    0,    0,    0,    0,    0,    0,    0,    0,    0,    0,    0,    0,    0,    0,    0,    0,    0,    0,    0,    0,    0,    0,    0,    0,    0,    0,    0,    0,    0,    0,    0,    0,    0,    0,    0,    0,    0,    0,    0,    0,    0,    0,    0,    0,    0,    0,    0,    0,    3,    0,    0,    0,    0,    0,    0,    0,    0,    0,    0,    0,    0,    0,    0,    0,    0,    0,    0,    0,    0,    0,    0,    0,    0,    0,    0,    0,    0,    0,    0,    0,    0,    0,    0,    0,    0,    0,    0,    0,    0,    0,    0,    0,    0,    0,    0,    0,    0,    0,    0,    0,    0,    0,    0,    0,    0,    0,    0,    0,    0,    0,    0,    0,    0,    0,    0,    0,    0,    0,    0,    0,    0,    0,    0,    0,    0,    0,    0,    0,  -19,  -11,
       0,    0,    0,    0,    0,    0,    0,    0,    0,    0,    0,    0,    0,    0,    0,    0,    0,    0,    0,    0,    0,    0,    0,    0,    0,    0,    0,    0,    0,    0,    0,    0,    0,    0,    0,    0,    0,    0,    0,    0,    0,    0,    0,    0,    0,    0,    0,    0,    0,    0,    0,    0,    0,    0,    0,    0,    0,    0,    0,    0,    0,    0,    0,    0,    0,    0,    0,    0,    0,    0,    0,    0,    0,    0,    0,    0,    0,    0,    0,    0,    0,    0,    0,    0,    0,    0,    0,    0,    0,    0,    0,    0,    0,    0,    0,    0,    0,    0,    0,    0,    0,    0,    0,    0,    0,    0,  -11,  -11,    0,    0,    0,    0,    0,    0,    0,    0,    0,    0,    0,    0,    0,    0,    0,    0,    0,    0,    0,    0,    0,    0,    0,    0,    0,    0,    0,    0,    0,    0,    0,    0,    0,    0,    0,    0,    0,    0,    0,    0,    0,    0,    0,    0,    0,    0,    0,    0,   -5,    0,    0,    0,    0,    0,    0,    0,    0,    0,    0,    0,    0,    0,    0,    0,    0,  -11,    0,    0,    0,    0,    0,    0,    0,    0,    0,    0,    0,    0,    0,    0,
       0,    0,    0,    0,    0,    0,    0,    0,    0,    0,    0,    0,    0,    0,    0,    0,    0,    0,    0,    0,    0,    0,    0,    0,    0,    0,    0,    0,    0,    0,    0,    0,    0,    0,    0,    0,    0,    0,    0,    0,    0,    0,    0,    0,    0,    0,    0,    0,    0,    0,    0,    0,    0,    0,    0,    0,    0,    0,    0,    0,    0,    0,    0,    0,    0,    0,    0,    0,    0,    0,    0,    0,    0,    0,    0,    0,    0,    0,    0,    0,    0,    0,    0,    0,    0,    0,    0,    0,    0,    0,    0,    0,    0,    0,    0,    0,    0,    0,    0,    0,    0,    0,    0,    0,    0,    0,   -5,   -5,   -8,   -8,    0,    0,    0,    0,    0,    0,    0,    3,    3,    3,    0,    0,    0,    0,    0,    0,    0,    0,    0,    0,    0,    0,    0,    0,    0,    0,    0,    0,    0,    0,    0,    0,    0,    0,    0,    0,    0,    0,    0,    0,    0,    0,    0,    0,    0,    0,    0,    0,    0,    0,    0,    0,    0,    0,    0,    0,    0,    0,    0,    0,    0,    0,    0,    0,    0,    0,    0,    0,    0,    0,    0,    0,    0,    0,    0,    0,    0,    0,
       0,    0,    0,    0,    0,    0,    0,    0,    0,    0,    0,    0,    0,    0,    0,    0,    0,    0,    0,    0,    0,    0,    0,    0,    0,    0,    0,    0,    0,    0,    0,    0,    0,    0,    0,    0,    0,    0,    0,    0,    0,    0,    0,    0,    0,    0,    0,    0,    0,    0,    0,    0,    0,    0,    0,    0,    0,    0,    0,    0,    0,    0,    0,    0,    0,    0,    0,    0,    0,    0,    0,    0,    0,    0,    0,    0,    0,    0,    0,    0,    0,    0,    0,    0,    0,    0,    0,    0,    0,    0,    0,    0,    0,    0,    0,    0,    0,    0,    0,    0,    0,    0,    0,    0,    0,    0,    0,    0,    0,    0,    0,    0,    0,    0,    0,    0,    0,    0,    0,    0,    0,    0,    0,    0,    0,    0,    0,    0,    0,    0,    0,  -13,    0,    0,    0,    0,    0,    0,    0,    0,    0,    0,    0,    0,    0,    0,    0,    0,    0,    0,    0,    0,    0,    0,    0,    0,    0,    0,    0,    0,    0,    0,    0,    0,    0,    0,    0,    0,    0,    0,    0,    0,    0,    0,    0,    0,    0,    0,    0,    0,    0,    0,    0,    0,    0,    0,    0,    0,
       0,    0,    0,    0,    0,    0,    0,    0,    0,    0,    0,    0,    0,    0,    0,    0,    0,    0,    0,    0,    0,    0,    0,    0,    0,    0,    0,    0,    0,    0,    0,    0,    0,    0,    0,    0,    0,    0,    0,    0,    0,    0,    0,    0,    0,    0,    0,    0,    0,    0,    0,    0,    0,    0,    0,    0,    0,    0,    0,    0,    0,    0,    0,    0,    0,    0,    0,    0,    0,    0,    0,    0,    0,    0,    0,    0,    0,    0,    0,    0,    0,    0,    0,    0,    0,    0,    0,    0,    0,    0,    0,    0,    0,    0,    0,    0,    0,   -5,    0,    0,    0,    0,    0,    0,    0,    0,    0,    0,  -13,  -13,    0,   -8,    0,    0,    0,    0,    0,    0,    0,    0,    0,    0,    0,    0,    0,    0,    0,    0,    0,    0,    0,    0,    0,    0,    0,    0,    0,    0,    0,    0,    0,    0,    0,    0,    0,    0,    0,    0,    0,    0,    0,    0,    0,    0,    0,    0,    0,    0,    0,    0,    0,    0,    0,    0,    0,    0,    0,    0,    0,    0,    0,    0,    0,    0,    0,    0,    0,    0,    0,    0,    0,    0,    0,    0,    0,    0,    0,    0,
       0,    0,    0,    0,    0,    0,    0,    0,    0,    0,    0,    0,    0,    0,    0,    0,    0,    0,    0,    0,    0,    0,    0,    0,    0,    0,    0,    0,    0,    0,    0,    0,    0,    0,    0,    0,    0,    0,    0,    0,    0,    0,    0,    0,    0,    0,    0,    0,    0,    0,    0,    0,    0,    0,    0,    0,    0,    0,    0,    0,    0,    0,    0,    0,    0,    0,    0,    0,    0,    0,    0,    0,    0,    0,    0,    0,    0,    0,    0,    0,    0,    0,    0,    0,    0,    0,    0,    0,    0,    0,    0,    0,    0,    0,    0,    0,    0,    0,    0,    0,    0,    0,    0,    0,    0,    0,    0,    0,    0,    0,   -5,   -8,    0,    0,    0,    0,    0,   -8,   -5,   -5,    0,    0,    0,    0,    0,    0,    0,    0,    0,    0,    0,    0,    0,    0,    0,    0,  -13,    0,    0,    0,    0,    0,  -13,  -13,    0,    0,    0,    0,  -11,    0,    0,   -5,    0,    0,    0,    0,    0,    0,    0,    0,    0,   -5,    0,  -24,  -11,  -11,   -5,    0,    0,    0,   -5,   -5,   -5,    0,   -5,  -19,  -13,    0,    0,    0,    0,    0,   -3,    0,  -11,  -16,  -27,  -27,
       0,    0,    0,    0,    0,    0,    0,    0,    0,    0,    0,    0,    0,    0,    0,    0,    0,    0,    0,    0,    0,    0,    0,    0,    0,    0,    0,    0,    0,    0,    0,    0,    0,    0,    0,    0,    0,    0,    0,    0,    0,    0,    0,    0,    0,    0,    0,    0,    0,    0,    0,    0,    0,    0,    0,    0,    0,    0,    0,    0,    0,    0,    0,    0,    0,    0,    0,    0,    0,    0,    0,    0,    0,    0,    0,    0,    0,    0,    0,    0,    0,    0,    0,    0,    0,    0,    0,    0,    0,    0,    0,    0,    0,    0,    0,    0,    0,    0,    0,    0,    0,    0,    0,    0,    0,    0,    0,    0,    0,    0,    0,    0,    0,    0,    0,    0,    0,   -3,   -3,   -3,    0,    0,    0,    0,    0,    0,    0,    0,    0,    0,    0,    0,    0,    0,    0,    0,    0,    0,    0,   -3,    0,    0,   -5,   -5,    0,    0,    0,    0,    0,   -8,   -8,    0,    0,    0,  -11,  -11,    0,   -5,    0,    0,    0,   -5,    0,    0,   -5,   -5,   -5,    0,    0,    0,    0,    0,    0,    0,    0,   -5,    0,    0,   -8,    0,   -5,    0,    0,    0,    0,    0,    0,    0,
       0,    0,    0,    0,    0,    0,    0,    0,    0,    0,    0,    0,    0,    0,    0,    0,    0,    0,    0,    0,    0,    0,    0,    0,    0,    0,    0,    0,    0,    0,    0,    0,    0,    0,    0,    0,    0,    0,    0,    0,    0,    0,    0,    0,    0,    0,    0,    0,    0,    0,    0,    0,    0,    0,    0,    0,    0,    0,    0,    0,    0,    0,    0,    0,    0,    0,    0,    0,    0,    0,    0,    0,    0,    0,    0,    0,    0,    0,    0,    0,    0,    0,    0,    0,    0,    0,    0,    0,    0,    0,    0,    0,    0,    0,    0,    0,    0,    0,    0,    0,    0,    0,    0,    0,    0,    0,    0,    0,    0,    0,    0,    0,    0,    0,    0,    0,    0,    0,    0,    0,    0,    0,    0,    0,    0,    0,    0,    0,    0,    0,    0,    0,    0,    0,    0,    0,    0,    0,    0,    0,    0,    0,   -5,   -5,    0,    0,    0,    0,    0,    0,    0,    0,    0,    0,    0,    0,    0,    0,    0,    0,    0,    0,    0,    0,    0,    0,    0,    0,    0,    0,    0,    0,    0,    0,    0,   -8,    0,    0,    0,    0,    0,    0,    0,    0,    0,    0,  -13,  -11,
       0,    0,    0,    0,    0,    0,    0,    0,    0,    0,    0,    0,    0,    0,    0,    0,    0,    0,    0,    0,    0,    0,    0,    0,    0,    0,    0,    0,    0,    0,    0,    0,    0,    0,    0,    0,    0,    0,    0,    0,    0,    0,    0,    0,    0,    0,    0,    0,    0,    0,    0,    0,    0,    0,    0,    0,    0,    0,    0,    0,    0,    0,    0,    0,    0,    0,    0,    0,    0,    0,    0,    0,    0,    0,    0,    0,    0,    0,    0,    0,    0,    0,    0,    0,    0,    0,    0,    0,    0,    0,    0,    0,    0,    0,    0,    0,    0,    0,    0,    0,    0,    0,    0,    0,    0,    0,    0,    0,    0,    0,    0,    0,    0,    0,    0,    0,    0,    0,    0,    0,    0,    0,    0,    0,    0,    0,    0,    0,    0,    0,    0,    0,    0,    0,    0,    0,    0,    0,    0,    0,    0,    0,    0,    0,    0,    0,    0,    0,    0,    0,    0,    0,    0,    0,    0,    0,    0,    0,    0,    0,    0,    0,    0,    0,    0,    0,    0,    0,    0,    0,    0,    0,    0,    0,    0,    0,    0,    0,    0,    0,    0,    0,    0,    0,    0,    0,   -8,    0,
       0,    0,    0,    0,    0,    0,    0,    0,    0,    0,    0,    0,    0,    0,    0,    0,    0,    0,    0,    0,    0,    0,    0,    0,    0,    0,    0,    0,    0,    0,    0,    0,    0,    0,    0,    0,    0,    0,    0,    0,    0,    0,    0,    0,    0,    0,    0,    0,    0,    0,    0,    0,    0,    0,    0,    0,    0,    0,    0,    0,    0,    0,    0,    0,    0,    0,    0,    0,    0,    0,    0,    0,    0,    0,    0,    0,    0,    0,    0,    0,    0,    0,    0,    0,    0,    0,    0,    0,    0,    0,    0,    0,    0,    0,    0,    0,    0,    0,    0,    0,    0,    0,    0,    0,    0,    0,    0,    0,    0,    0,    0,    0,    0,    0,    0,    0,    0,    0,    0,    0,    0,    0,    0,    0,    0,    0,    0,    0,    0,    0,    0,    0,    0,    0,    0,    0,    0,    0,    0,    0,    0,    0,    0,    0,    0,    0,    0,    0,    0,   -8,    0,    0,    0,    0,    0,    0,    0,    0,    0,    0,    0,    0,    0,  -19,    0,    0,    0,    0,    0,    0,    0,    0,    0,    0,    0,    0,    0,    0,    0,    0,    0,    0,    0,    0,   -8,    0,   -8,   -8,
       0,    0,    0,    0,    0,    0,    0,    0,    0,    0,    0,    0,    0,    0,    0,    0,    0,    0,    0,    0,    0,    0,    0,    0,    0,    0,    0,    0,    0,    0,    0,    0,    0,    0,    0,    0,    0,    0,    0,    0,    0,    0,    0,    0,    0,    0,    0,    0,    0,    0,    0,    0,    0,    0,    0,    0,    0,    0,    0,    0,    0,    0,    0,    0,    0,    0,    0,    0,    0,    0,    0,    0,    0,    0,    0,    0,    0,    0,    0,    0,    0,    0,    0,    0,    0,    0,    0,    0,    0,    0,    0,    0,    0,    0,    0,    0,    0,    0,    0,    0,    0,    0,    0,    0,    0,    0,    0,    0,    0,    0,    0,    0,    0,    0,    0,    0,    0,    0,    0,    0,    0,    0,    0,    0,    0,    0,    0,    0,    0,    0,    0,    0,    0,    0,    0,    0,    0,    0,    0,    0,    0,    0,    0,    0,    0,    0,    0,    0,    0,    0,    0,    0,    0,    0,    0,    0,    0,    0,    0,    0,    0,    0,    0,  -11,    0,    0,    0,    0,    0,    0,    0,    0,    0,    0,    0,    0,    0,    0,    0,    0,    0,    0,    0,    0,    0,    0,  -19,  -13,
       0,    0,    0,    0,    0,    0,    0,    0,    0,    0,    0,    0,    0,    0,    0,    0,    0,    0,    0,    0,    0,    0,    0,    0,    0,    0,    0,    0,    0,    0,    0,    0,    0,    0,    0,    0,    0,    0,    0,    0,    0,    0,    0,    0,    0,    0,    0,    0,    0,    0,    0,    0,    0,    0,    0,    0,    0,    0,    0,    0,    0,    0,    0,    0,    0,    0,    0,    0,    0,    0,    0,    0,    0,    0,    0,    0,    0,    0,    0,    0,    0,   -5,    0,    0,    0,    0,    0,    0,    0,    0,    0,    0,    0,    0,    0,    0,    0,    0,    0,    0,    0,    0,    0,    0,    0,    0,    0,    0,    0,    0,    0,    0,    0,    0,    0,    0,    0,    0,    0,    0,    0,    0,    0,    0,    0,    0,    0,    0,    0,    0,    0,    0,    0,    0,    0,    0,    0,    0,   -3,    0,    0,    0,  -11,  -11,    0,    0,    0,    0,    0,   -8,   -5,    0,    0,    0,  -11,  -11,    0,    0,    0,    0,    0,    0,    0,  -16,  -13,  -13,  -13,    0,    0,    0,    0,    0,    0,    0,    0,  -21,  -11,    0,    0,    0,    0,    0,   -8,    0,    0,    0,  -24,  -13,
       0,    0,    0,    0,    0,    0,    0,    0,    0,    0,    0,    0,    0,    0,    0,    0,    0,    0,    0,    0,    0,    0,    0,    0,    0,    0,    0,    0,    0,    0,    0,    0,    0,    0,    0,    0,    0,    0,    0,    0,    0,    0,    0,    0,    0,    0,    0,    0,    0,    0,    0,    0,    0,    0,    0,    0,    0,    0,    0,    0,    0,    0,    0,    0,    0,    0,    0,    0,    0,    0,    0,    0,    0,    0,    0,    0,    0,    0,    0,    0,    0,    0,    0,    0,    0,    0,    0,    0,    0,    0,    0,    0,    0,    0,    0,    0,    0,    0,    0,    0,    0,    0,    0,    0,    0,    0,    0,    0,    0,    0,    0,    0,    0,    0,    0,    0,    0,    0,    0,    0,    0,    0,    0,    0,    0,    0,    0,    0,    0,    0,    0,    0,    0,    0,    0,    0,    0,    0,    0,    0,    0,    0,   -5,   -5,    0,    0,    0,    0,    0,    0,    0,    0,    0,    3,    0,    0,    0,    0,    0,    0,    0,    0,    0,   -5,    0,    0,    0,    0,    0,    0,    0,    0,    0,    0,    0,   -5,    0,    0,    0,    0,    0,    0,    0,    0,    0,    0,  -19,  -13,
       0,    0,    0,    0,    0,    0,    0,    0,    0,    0,    0,    0,    0,    0,    0,    0,    0,    0,    0,    0,    0,    0,    0,    0,    0,    0,    0,    0,    0,    0,    0,    0,    0,    0,    0,    0,    0,    0,    0,    0,    0,    0,    0,    0,    0,    0,    0,    0,    0,    0,    0,    0,    0,    0,    0,    0,    0,    0,    0,    0,    0,    0,    0,    0,    0,    0,    0,    0,    0,    0,    0,    0,    0,    0,    0,    0,    0,    0,    0,    0,    0,    0,    0,    0,    0,    0,    0,    0,    0,    0,    0,    0,    0,    0,    0,    0,    0,    0,    0,    0,    0,    0,    0,    0,    0,    0,    0,    0,    0,    0,    0,    0,    0,    0,    0,    0,    0,    0,    0,    0,    0,    0,    0,    0,    0,    0,    0,    0,    0,    0,    0,    0,    0,    0,    0,    0,   -5,    0,    0,    0,    0,    0,    0,    0,    0,    0,    0,    0,    0,    0,    0,    0,    0,    0,    0,    0,    0,   -5,   -5,    0,    0,    0,    0,  -16,  -11,  -11,  -11,    0,    0,    0,   -8,   -8,   -8,    0,   -8,  -19,   -8,    0,    0,    0,    0,    0,    0,   -5,   -8,    0,  -27,  -13,
       0,    0,    0,    0,    0,    0,    0,    0,    0,    0,    0,    0,    0,    0,    0,    0,    0,    0,    0,    0,    0,    0,    0,    0,    0,    0,    0,    0,    0,    0,    0,    0,    0,    0,    0,    0,    0,    0,    0,    0,    0,    0,    0,    0,    0,    0,    0,    0,    0,    0,    0,    0,    0,    0,    0,    0,    0,    0,    0,    0,    0,    0,    0,    0,    0,    0,    0,    0,    0,    0,    0,    0,    0,    0,    0,    0,    0,    0,    0,    0,    0,    0,    0,    0,    0,    0,    0,    0,    0,    0,    0,    0,    0,    0,    0,    0,    0,    0,    0,    0,    0,    0,    0,    0,    0,    0,    0,    0,    0,    0,    0,    0,    0,    0,    0,    0,    0,    0,    0,    0,    0,    0,    0,    0,    0,    0,    0,    0,    0,    0,    0,    0,    0,    0,    0,   -8,   -5,    0,   -5,    0,    0,    0,    0,    0,    0,    0,    0,    0,    0,    0,    0,    0,    0,    0,    0,    0,    0,    0,    0,    0,    0,    0,    0,   -8,   -5,   -5,   -5,    0,    0,    0,    0,    0,    0,    0,   -3,  -13,   -8,    0,    0,    0,    0,    0,    0,    0,    0,    0,  -19,  -13,
       0,    0,    0,    0,    0,    0,    0,    0,    0,    0,    0,    0,    0,    0,    0,    0,    0,    0,    0,    0,    0,    0,    0,    0,    0,    0,    0,    0,    0,    0,    0,    0,    0,    0,    0,    0,    0,    0,    0,    0,    0,    0,    0,    0,    0,    0,    0,    0,    0,    0,    0,    0,    0,    0,    0,    0,    0,    0,    0,    0,    0,    0,    0,    0,    0,    0,    0,    0,    0,    0,    0,    0,    0,    0,    0,    0,    0,    0,    0,    0,    0,    0,    0,    0,    0,    0,    0,    0,    0,    0,    0,    0,    0,    0,    0,    0,    0,    0,    0,    0,    0,    0,    0,    0,    0,    0,    0,    0,    0,    0,    0,    0,    0,    0,    0,    0,    0,    0,    0,    0,    0,    0,    0,    0,    0,    0,    0,    0,    0,    0,    0,    0,    0,    0,    0,    0,    0,  -11,    0,    0,    0,    0,    0,    0,    0,    0,    0,    0,    0,    0,    0,    0,    0,    0,    0,    0,    0,    0,    0,    0,    0,    0,    0,    0,    0,    0,    0,    0,    0,    0,    0,    0,    0,    0,    0,    0,    0,    0,    0,    0,    0,    0,    0,    0,    0,    0,    0,    0,
       0,    0,    0,    0,    0,    0,    0,    0,    0,    0,    0,    0,    0,    0,    0,    0,    0,    0,    0,    0,    0,    0,    0,    0,    0,    0,    0,    0,    0,    0,    0,    0,    0,    0,    0,    0,    0,    0,    0,    0,    0,    0,    0,    0,    0,    0,    0,    0,    0,    0,    0,    0,    0,    0,    0,    0,    0,    0,    0,    0,    0,    0,    0,    0,    0,    0,    0,    0,    0,    0,    0,    0,    0,    0,    0,    0,    0,    0,    0,    0,    0,    0,    0,    0,    0,    0,    0,    0,    0,    0,    0,    0,    0,    0,    0,    0,    0,    0,    0,    0,    0,    0,    0,    0,    0,    0,    0,    0,    0,    0,    0,    0,    0,    0,    0,    0,    0,    0,    0,    0,    0,    0,    0,    0,    0,    0,    0,    0,    0,    0,    0,    0,    0,    0,    0,    0,    0,    0,    0,    0,    0,    0,    0,    0,    0,    0,    0,    0,    0,    5,    5,    0,    0,    0,    0,    0,    0,    0,    0,    0,    0,    0,    0,    0,    0,    0,    0,    0,    0,    0,    0,    0,    0,    0,    0,    0,    0,    0,    0,    0,    0,    0,    0,    0,    0,    0,    0,    0,
       0,    0,    0,    0,    0,    0,    0,    0,    0,    0,    0,    0,    0,    0,    0,    0,    0,    0,    0,    0,    0,    0,    0,    0,    0,    0,    0,    0,    0,    0,    0,    0,    0,    0,    0,    0,    0,    0,    0,    0,    0,    0,    0,    0,    0,    0,    0,    0,    0,    0,    0,    0,    0,    0,    0,    0,    0,    0,    0,    0,    0,    0,    0,    0,    0,    0,    0,    0,    0,    0,    0,    0,    0,    0,    0,    0,    0,    0,    0,    0,    0,    0,    0,    0,    0,    0,    0,    0,    0,    0,    0,    0,    0,    0,    0,    0,    0,    0,    0,    0,    0,    0,    0,    0,    0,    0,    0,    0,    0,    0,    0,    0,    0,    0,    0,    0,    0,    0,    0,    0,    0,    0,    0,    0,    0,    0,    0,    0,    0,    0,    0,    0,    0,    0,    0,    0,    0,    0,    0,    0,    0,    0,    0,    0,    0,    0,    0,    0,    0,   -5,    0,    0,    0,    0,    0,    0,    0,    0,    0,    0,    0,    0,    0,   -5,  -11,  -11,  -11,    0,    0,    0,    0,    0,    0,    0,    0,   -5,    0,    0,    0,    0,    0,    0,    0,    0,    0,    0,  -19,  -13,
       0,    0,    0,    0,    0,    0,    0,    0,    0,    0,    0,    0,    0,    0,    0,    0,    0,    0,    0,    0,    0,    0,    0,    0,    0,    0,    0,    0,    0,    0,    0,    0,    0,    0,    0,    0,    0,    0,    0,    0,    0,    0,    0,    0,    0,    0,    0,    0,    0,    0,    0,    0,    0,    0,    0,    0,    0,    0,    0,    0,    0,    0,    0,    0,    0,    0,    0,    0,    0,    0,    0,    0,    0,    0,    0,    0,    0,    0,    0,    0,    0,    0,    0,    0,    0,    0,    0,    0,    0,    0,    0,    0,    0,    0,    0,    0,    0,    0,    0,    0,    0,    0,    0,    0,    0,    0,    0,    0,    0,    0,    0,    0,    0,    0,    0,    0,    0,    0,    0,    0,    0,    0,    0,    0,    0,    0,    0,    0,    0,    0,    0,    0,    0,    0,    0,    0,    0,    0,    0,    0,    0,    0,    0,    0,    0,    0,    0,    0,    0,   -3,    0,    0,    0,    0,    0,    0,    0,    0,    0,    0,    0,    0,    0,   -5,    0,    0,    0,    0,    0,    0,    0,    0,    0,    0,    0,   -5,    0,    0,    0,    0,    0,    0,    0,    0,    0,    0,  -16,  -11,
       0,    0,    0,    0,    0,    0,    0,    0,    0,    0,    0,    0,    0,    0,    0,    0,    0,    0,    0,    0,    0,    0,    0,    0,    0,    0,    0,    0,    0,    0,    0,    0,    0,    0,    0,    0,    0,    0,    0,    0,    0,    0,    0,    0,    0,    0,    0,    0,    0,    0,    0,    0,    0,    0,    0,    0,    0,    0,    0,    0,    0,    0,    0,    0,    0,    0,    0,    0,    0,    0,    0,    0,    0,    0,    0,    0,    0,    0,    0,    0,    0,    0,    0,    0,    0,    0,    0,    0,    0,    0,    0,    0,    0,    0,    0,    0,    0,    0,    0,    0,    0,    0,    0,    0,    0,    0,    0,    0,    0,    0,    0,    0,    0,    0,    0,    0,    0,    0,    0,    0,    0,    0,    0,    0,    0,    0,    0,    0,    0,    0,    0,    0,    0,    0,    0,    0,    0,    0,    0,    0,    0,    0,    0,    0,    0,    0,    0,    0,    0,    0,    0,    0,    0,    0,    0,    0,    0,    0,    0,    0,    0,    0,    0,    0,   -8,   -8,   -8,    0,    0,    0,    0,    0,    0,    0,    0,    0,    0,    0,    0,    0,    0,    0,    0,    0,    0,    0,   -8,   -5,
       0,    0,    0,    0,    0,    0,    0,    0,    0,    0,    0,    0,    0,    0,    0,    0,    0,    0,    0,    0,    0,    0,    0,    0,    0,    0,    0,    0,    0,    0,    0,    0,    0,    0,    0,    0,    0,    0,    0,    0,    0,    0,    0,    0,    0,    0,    0,    0,    0,    0,    0,    0,    0,    0,    0,    0,    0,    0,    0,    0,    0,    0,    0,    0,    0,    0,    0,    0,    0,    0,    0,    0,    0,    0,    0,    0,    0,    0,    0,    0,    0,    0,    0,    0,    0,    0,    0,    0,    0,    0,    0,    0,    0,    0,    0,    0,    0,    0,    0,    0,    0,    0,    0,    0,    0,    0,    0,    0,    0,    0,    0,    0,    0,    0,    0,    0,    0,    0,    0,    0,    0,    0,    0,    0,    0,    0,    0,    0,    0,    0,    0,    0,    0,    0,    0,    0,    0,    0,    0,    0,    0,    0,    0,    0,    0,    0,    0,    0,    0,    0,    0,    0,    0,    0,   -5,   -5,    0,    0,    0,    0,    0,    0,    0,   -5,  -16,  -16,  -16,    0,    0,    0,    0,    0,    0,    0,    0,    0,    0,  -13,    0,  -19,    0,    0,    0,    0,    0,    0,   -8,   -5,
       0,    0,    0,    0,    0,    0,    0,    0,    0,    0,    0,    0,    0,    0,    0,    0,    0,    0,    0,    0,    0,    0,    0,    0,    0,    0,    0,    0,    0,    0,    0,    0,    0,    0,    0,    0,    0,    0,    0,    0,    0,    0,    0,    0,    0,    0,    0,    0,    0,    0,    0,    0,    0,    0,    0,    0,    0,    0,    0,    0,    0,    0,    0,    0,    0,    0,    0,    0,    0,    0,    0,    0,    0,    0,    0,    0,    0,    0,    0,    0,    0,    0,    0,    0,    0,    0,    0,    0,    0,    0,    0,    0,    0,    0,    0,    0,    0,    0,    0,    0,    0,    0,    0,    0,    0,    0,    0,    0,    0,    0,    0,    0,    0,    0,    0,    0,    0,    0,    0,    0,    0,    0,    0,    0,    0,    0,    0,    0,    0,    0,    0,    0,    0,    0,    0,    0,    0,    0,    0,    0,    0,    0,    0,    0,    0,    0,    0,    0,    0,    0,    0,    0,    0,    0,    0,    0,    0,    0,    0,    0,    0,    0,    0,    0,    0,    0,    0,    0,    0,    0,  -19,  -19,  -19,   -8,    0,    0,    0,    0,    0,    0,    0,    0,    0,    0,    0,    0,    0,    0,
       0,    0,    0,    0,    0,    0,    0,    0,    0,    0,    0,    0,    0,    0,    0,    0,    0,    0,    0,    0,    0,    0,    0,    0,    0,    0,    0,    0,    0,    0,    0,    0,    0,    0,    0,    0,    0,    0,    0,    0,    0,    0,    0,    0,    0,    0,    0,    0,    0,    0,    0,    0,    0,    0,    0,    0,    0,    0,    0,    0,    0,    0,    0,    0,    0,    0,    0,    0,    0,    0,    0,    0,    0,    0,    0,    0,    0,    0,    0,    0,    0,    0,    0,    0,    0,    0,    0,    0,    0,    0,    0,    0,    0,    0,    0,    0,    0,    0,    0,    0,    0,    0,    0,    0,    0,    0,    0,    0,    0,    0,    0,    0,    0,    0,    0,    0,    0,    0,    0,    0,    0,    0,    0,    0,    0,    0,    0,    0,    0,    0,    0,    0,    0,    0,    0,    0,    0,    0,    0,    0,    0,    0,    0,    0,    0,    0,    0,    0,    0,    0,    0,    0,    0,    0,    0,    0,    0,    0,    0,    0,    0,    0,    0,    0,    0,    0,    0,    0,    0,    0,   -5,    0,    0,    0,    0,    0,   -5,    0,    0,    0,    0,    0,    0,    0,    0,    0,    0,    0,
       0,    0,    0,    0,    0,    0,    0,    0,    0,    0,    0,    0,    0,    0,    0,    0,    0,    0,    0,    0,    0,    0,    0,    0,    0,    0,    0,    0,    0,    0,    0,    0,    0,    0,    0,    0,    0,    0,    0,    0,    0,    0,    0,    0,    0,    0,    0,    0,    0,    0,    0,    0,    0,    0,    0,    0,    0,    0,    0,    0,    0,    0,    0,    0,    0,    0,    0,    0,    0,    0,    0,    0,    0,    0,    0,    0,    0,    0,    0,    0,    0,    0,    0,    0,    0,    0,    0,    0,    0,    0,    0,    0,    0,    0,    0,    0,    0,    0,    0,    0,    0,    0,    0,    0,    0,    0,    0,    0,    0,    0,    0,    0,    0,    0,    0,    0,    0,    0,    0,    0,    0,    0,    0,    0,    0,    0,    0,    0,    0,    0,    0,    0,    0,    0,    0,    0,    0,    0,    0,    0,    0,    0,    0,    0,    0,    0,    0,    0,    0,    0,    0,    0,    0,    0,    0,    0,    0,    0,    0,    0,    0,    0,    0,   -8,    0,    0,    0,    0,    0,    0,   -3,    0,    0,    0,    0,    0,    0,    0,    0,    0,    0,    0,    0,    0,    0,    0,    0,    0,
       0,    0,    0,    0,    0,    0,    0,    0,    0,    0,    0,    0,    0,    0,    0,    0,    0,    0,    0,    0,    0,    0,    0,    0,    0,    0,    0,    0,    0,    0,    0,    0,    0,    0,    0,    0,    0,    0,    0,    0,    0,    0,    0,    0,    0,    0,    0,    0,    0,    0,    0,    0,    0,    0,    0,    0,    0,    0,    0,    0,    0,    0,    0,    0,    0,    0,    0,    0,    0,    0,    0,    0,    0,    0,    0,    0,    0,    0,    0,    0,    0,    0,    0,    0,    0,    0,    0,    0,    0,    0,    0,    0,    0,    0,    0,    0,    0,    0,    0,    0,    0,    0,    0,    0,    0,    0,    0,    0,    0,    0,    0,    0,    0,    0,    0,    0,    0,    0,    0,    0,    0,    0,    0,    0,    0,    0,    0,    0,    0,    0,    0,    0,    0,    0,    0,    0,    0,    0,    0,    0,    0,    0,    0,    0,    0,    0,    0,    0,    0,    0,    0,    0,    0,    0,    0,    0,    0,    0,    0,    0,    0,    0,    0,   -8,    0,    0,    0,    0,    0,    0,    0,    0,    0,    0,    0,   -5,    0,    0,    0,    0,    0,    0,    0,    0,    0,    0,  -19,  -13,
       0,    0,    0,    0,    0,    0,    0,    0,    0,    0,    0,    0,    0,    0,    0,    0,    0,    0,    0,    0,    0,    0,    0,    0,    0,    0,    0,    0,    0,    0,    0,    0,    0,    0,    0,    0,    0,    0,    0,    0,    0,    0,    0,    0,    0,    0,    0,    0,    0,    0,    0,    0,    0,    0,    0,    0,    0,    0,    0,    0,    0,    0,    0,    0,    0,    0,    0,    0,    0,    0,    0,    0,    0,    0,    0,    0,    0,    0,    0,    0,    0,    0,    0,    0,    0,    0,    0,    0,    0,    0,    0,    0,    0,    0,    0,    0,    0,    0,    0,    0,    0,    0,    0,    0,    0,    0,    0,    0,    0,    0,    0,    0,    0,    0,    0,    0,    0,    0,    0,    0,    0,    0,    0,    0,    0,    0,    0,    0,    0,    0,    0,    0,    0,    0,    0,    0,    0,    0,    0,    0,    0,    0,    0,    0,    0,    0,    0,    0,    0,    0,    0,    0,    0,    0,    0,    0,    0,    0,    0,    0,    0,    0,    0,   -8,    0,    0,    0,    0,    0,    0,    0,    0,    0,    0,    0,    0,    0,    0,    0,    0,    0,    0,    0,    0,    0,    0,  -19,  -13,
       0,    0,    0,    0,    0,    0,    0,    0,    0,    0,    0,    0,    0,    0,    0,    0,    0,    0,    0,    0,    0,    0,    0,    0,    0,    0,    0,    0,    0,    0,    0,    0,    0,    0,    0,    0,    0,    0,    0,    0,    0,    0,    0,    0,    0,    0,    0,    0,    0,    0,    0,    0,    0,    0,    0,    0,    0,    0,    0,    0,    0,    0,    0,    0,    0,    0,    0,    0,    0,    0,    0,    0,    0,    0,    0,    0,    0,    0,    0,    0,    0,    0,    0,    0,    0,    0,    0,    0,    0,    0,    0,    0,    0,    0,    0,    0,    0,    0,    0,    0,    0,    0,    0,    0,    0,    0,    0,    0,    0,    0,    0,    0,    0,    0,    0,    0,    0,    0,    0,    0,    0,    0,    0,    0,    0,    0,    0,    0,    0,    0,    0,    0,    0,    0,    0,    0,    0,    0,    0,    0,    0,    0,    0,    0,    0,    0,    0,    0,    0,    0,    0,    0,    0,    0,    0,    0,    0,    0,    0,    0,    0,    0,    0,   -8,    0,    0,    0,    0,    0,    0,    0,    0,    0,    0,    0,    0,   -8,    0,    0,    0,    0,    0,    0,    0,    0,    0,  -13,   -8,
       0,    0,    0,    0,    0,    0,    0,    0,    0,    0,    0,    0,    0,    0,    0,    0,    0,    0,    0,    0,    0,    0,    0,    0,    0,    0,    0,    0,    0,    0,    0,    0,    0,    0,    0,    0,    0,    0,    0,    0,    0,    0,    0,    0,    0,    0,    0,    0,    0,    0,    0,    0,    0,    0,    0,    0,    0,    0,    0,    0,    0,    0,    0,    0,    0,    0,    0,    0,    0,    0,    0,    0,    0,    0,    0,    0,    0,    0,    0,    0,    0,    0,    0,    0,    0,    0,    0,    0,    0,    0,    0,    0,    0,    0,    0,    0,    0,    0,    0,    0,    0,    0,    0,    0,    0,    0,    0,    0,    0,    0,    0,    0,    0,    0,    0,    0,    0,    0,    0,    0,    0,    0,    0,    0,    0,    0,    0,    0,    0,    0,    0,    0,    0,    0,    0,    0,    0,    0,    0,    0,    0,    0,    0,    0,    0,    0,    0,    0,    5,    0,    0,    0,    0,    0,    0,    0,    0,    0,    0,    0,    0,    0,    0,   -8,    0,    0,    0,    0,    0,    0,    0,    0,    0,    0,    0,    0,   -8,    0,    0,    0,    0,    0,    0,    0,    0,    0,  -13,    0,
       0,    0,    0,    0,    0,    0,    0,    0,    0,    0,    0,    0,    0,    0,    0,    0,    0,    0,    0,    0,    0,    0,    0,    0,    0,    0,    0,    0,    0,    0,    0,    0,    0,    0,    0,    0,    0,    0,    0,    0,    0,    0,    0,    0,    0,    0,    0,    0,    0,    0,    0,    0,    0,    0,    0,    0,    0,    0,    0,    0,    0,    0,    0,    0,    0,    0,    0,    0,    0,    0,    0,    0,    0,    0,    0,    0,    0,    0,    0,    0,    0,    0,    0,    0,    0,    0,    0,    0,    0,    0,    0,    0,    0,    0,    0,    0,    0,    0,    0,    0,    0,    0,    0,    0,    0,    0,    0,    0,    0,    0,    0,    0,    0,    0,    0,    0,    0,    0,    0,    0,    0,    0,    0,    0,    0,    0,    0,    0,    0,    0,    0,    0,    0,    0,    0,    0,    0,    0,    0,    0,    0,    0,    0,    0,    0,    0,    0,    0,    0,    0,    0,    0,    0,    0,    0,    0,    0,    0,    0,    0,    0,    0,    0,   -8,    0,    0,    0,    0,    0,    0,    0,    0,    0,    0,    0,   -5,    0,   -3,    0,    0,    0,    0,    0,    0,    0,    0,   -8,   -8,
       0,    0,    0,    0,    0,    0,    0,    0,    0,    0,    0,    0,    0,    0,    0,    0,    0,    0,    0,    0,    0,    0,    0,    0,    0,    0,    0,    0,    0,    0,    0,    0,    0,    0,    0,    0,    0,    0,    0,    0,    0,    0,    0,    0,    0,    0,    0,    0,    0,    0,    0,    0,    0,    0,    0,    0,    0,    0,    0,    0,    0,    0,    0,    0,    0,    0,    0,    0,    0,    0,    0,    0,    0,    0,    0,    0,    0,    0,    0,    0,    0,    0,    0,    0,    0,    0,    0,    0,    0,    0,    0,    0,    0,    0,    0,    0,    0,    0,    0,    0,    0,    0,    0,    0,    0,    0,    0,    0,    0,    0,    0,    0,    0,    0,    0,    0,    0,    0,    0,    0,    0,    0,    0,    0,    0,    0,    0,    0,    0,    0,    0,    0,    0,    0,    0,    0,    0,    0,   -5,    0,    0,    0,    0,    0,    0,    0,    0,    0,    0,    0,    0,    0,    0,    0,    0,    0,    0,    0,    0,    0,    0,    0,    0,   -8,    0,    0,    0,    0,    0,    0,    0,    0,    0,    0,    0,    0,    0,    0,    0,    0,    0,    0,    0,    0,    0,    0,  -19,   -5,
       0,    0,    0,    0,    0,    0,    0,    0,    0,    0,    0,    0,    0,    0,    0,    0,    0,    0,    0,    0,    0,    0,    0,    0,    0,    0,    0,    0,    0,    0,    0,    0,    0,    0,    0,    0,    0,    0,    0,    0,    0,    0,    0,    0,    0,    0,    0,    0,    0,    0,    0,    0,    0,    0,    0,    0,    0,    0,    0,    0,    0,    0,    0,    0,    0,    0,    0,    0,    0,    0,    0,    0,    0,    0,    0,    0,    0,    0,    0,    0,    0,    0,    0,    0,    0,    0,    0,    0,    0,    0,    0,    0,    0,    0,    0,    0,    0,    0,    0,    0,    0,    0,    0,    0,    0,    0,    0,    0,    0,    0,    0,    0,    0,    0,    0,    0,    0,    0,    0,    0,    0,    0,    0,    0,    0,    0,    0,    0,    0,    0,    0,    0,    0,    0,    0,    0,    0,    0,    0,    0,    0,    0,    0,    0,    0,    0,    0,    0,    0,    0,    0,    0,    0,    0,    0,    0,    0,    0,    0,    0,    0,    0,    0,    0,    0,    0,    0,    0,    0,    0,    0,    0,    0,    0,    0,   -5,    0,    0,    0,    0,    0,    0,    0,    0,    0,    0,  -13,   -5,
       0,    0,    0,    0,    0,    0,    0,    0,    0,    0,    0,    0,    0,    0,    0,    0,    0,    0,    0,    0,    0,    0,    0,    0,    0,    0,    0,    0,    0,    0,    0,    0,    0,    0,    0,    0,    0,    0,    0,    0,    0,    0,    0,    0,    0,    0,    0,    0,    0,    0,    0,    0,    0,    0,    0,    0,    0,    0,    0,    0,    0,    0,    0,    0,    0,    0,    0,    0,    0,    0,    0,    0,    0,    0,    0,    0,    0,    0,    0,    0,    0,    0,    0,    0,    0,    0,    0,    0,    0,    0,    0,    0,    0,    0,    0,    0,    0,    0,    0,    0,    0,    0,    0,    0,    0,    0,    0,    0,    0,    0,    0,    0,    0,    0,    0,    0,    0,    0,    0,    0,    0,    0,    0,    0,    0,    0,    0,    0,    0,    0,    0,    0,    0,    0,    0,    0,    0,    0,    0,    0,    0,    0,    0,    0,    0,    0,    0,    0,    0,    0,    0,    0,    0,    0,    0,    0,    0,    0,    0,    0,    0,    0,    0,   -8,    0,    0,    0,    0,    0,    0,    0,    0,    0,    0,    0,   -5,    0,    0,    0,    0,    0,    0,    0,    0,    0,    0,  -11,   -5,
       0,    0,    0,    0,    0,    0,    0,    0,    0,    0,    0,    0,    0,    0,    0,    0,    0,    0,    0,    0,    0,    0,    0,    0,    0,    0,    0,    0,    0,    0,    0,    0,    0,    0,    0,    0,    0,    0,    0,    0,    0,    0,    0,    0,    0,    0,    0,    0,    0,    0,    0,    0,    0,    0,    0,    0,    0,    0,    0,    0,    0,    0,    0,    0,    0,    0,    0,    0,    0,    0,    0,    0,    0,    0,    0,    0,    0,    0,    0,    0,    0,    0,    0,    0,    0,    0,    0,    0,    0,    0,    0,    0,    0,    0,    0,    0,    0,    0,    0,    0,    0,    0,    0,    0,    0,    0,    0,    0,    0,    0,    0,    0,    0,    0,    0,    0,    0,    0,    0,    0,    0,    0,    0,    0,    0,    0,    0,    0,    0,    0,    0,    0,    0,    0,    0,  -16,    0,    0,    0,    0,    0,    0,    0,    0,    0,    0,    0,    0,    0,    0,    0,    0,    0,    0,    0,    0,    0,    0,    0,    0,    0,    0,    0,   -8,   -5,    0,    0,    0,    0,    0,    0,    0,    0,    0,    0,   -8,    0,    0,    0,    0,    0,    0,    0,    0,    0,    0,  -11,   -5,
       0,    0,    0,    0,    0,    0,    0,    0,    0,    0,    0,    0,    0,    0,    0,    0,    0,    0,    0,    0,    0,    0,    0,    0,    0,    0,    0,    0,    0,    0,    0,    0,    0,    0,    0,    0,    0,    0,    0,    0,    0,    0,    0,    0,    0,    0,    0,    0,    0,    0,    0,    0,    0,    0,    0,    0,    0,    0,    0,    0,    0,    0,    0,    0,    0,    0,    0,    0,    0,    0,    0,    0,    0,    0,    0,    0,    0,    0,    0,    0,    0,    0,    0,    0,    0,    0,    0,    0,    0,    0,    0,    0,    0,    0,    0,    0,    0,    0,    0,    0,    0,    0,    0,    0,    0,    0,    0,    0,    0,    0,    0,    0,    0,    0,    0,    0,    0,    0,    0,    0,    0,    0,    0,    0,    0,    0,    0,    0,    0,    0,    0,    0,    0,    0,    0,  -19,    0,    0,    0,    0,    0,    0,    0,    0,    0,    0,    0,    0,    0,    0,    0,    0,    0,    0,    0,    0,    0,    0,    0,    0,    0,    0,    0,    0,    0,    0,    0,    0,    0,    0,    0,    0,    0,    0,    0,   -5,    0,    0,    0,    0,    0,    0,    0,    0,    0,    0,  -13,  -11,
       0,    0,    0,    0,    0,    0,    0,    0,    0,    0,    0,    0,    0,    0,    0,    0,    0,    0,    0,    0,    0,    0,    0,    0,    0,    0,    0,    0,    0,    0,    0,    0,    0,    0,    0,    0,    0,    0,    0,    0,    0,    0,    0,    0,    0,    0,    0,    0,    0,    0,    0,    0,    0,    0,    0,    0,    0,    0,    0,    0,    0,    0,    0,    0,    0,    0,    0,    0,    0,    0,    0,    0,    0,    0,    0,    0,    0,    0,    0,    0,    0,    0,    0,    0,    0,    0,    0,    0,    0,    0,    0,    0,    0,    0,    0,    0,    0,    0,    0,    0,    0,    0,    0,    0,    0,    0,    0,    0,    0,    0,    0,    0,    0,    0,    0,    0,    0,    0,    0,    0,    0,    0,    0,    0,    0,    0,    0,    0,    0,    0,    0,    0,    0,    0,    0,    0,    0,    0,    0,    0,    0,    0,    0,    0,    0,    0,    0,    0,    0,    0,    0,    0,    0,    0,    0,    0,    0,    0,    0,    0,    0,    0,    0,   -5,    0,    0,    0,    0,    0,    0,    0,    0,    0,    0,    0,    0,    0,    0,    0,    0,    0,    0,    0,    0,    0,    0,   -5,    0,
       0,    0,    0,    0,    0,    0,    0,    0,    0,    0,    0,    0,    0,    0,    0,    0,    0,    0,    0,    0,    0,    0,    0,    0,    0,    0,    0,    0,    0,    0,    0,    0,    0,    0,    0,    0,    0,    0,    0,    0,    0,    0,    0,    0,    0,    0,    0,    0,    0,    0,    0,    0,    0,    0,    0,    0,    0,    0,    0,    0,    0,    0,    0,    0,    0,    0,    0,    0,    0,    0,    0,    0,    0,    0,    0,    0,    0,    0,    0,    0,    0,    0,    0,    0,    0,    0,    0,    0,    0,    0,    0,    0,    0,    0,    0,    0,    0,    0,    0,    0,    0,    0,    0,    0,    0,    0,    0,    0,    0,    0,    0,    0,    0,    0,    0,    0,    0,    0,    0,    0,    0,    0,    0,    0,    0,    0,    0,    0,    0,    0,    0,    0,    0,    0,    0,    0,    0,    0,    0,    0,    0,    0,    0,    0,    0,    0,    0,    0,    0,    0,    0,    0,    0,    0,    0,    0,    0,    0,    0,    0,    0,    0,    0,  -13,    0,    0,    0,    0,    0,    0,    0,    0,    0,    0,    0,   -8,    0,    0,    0,    0,    0,    0,    0,    0,    0,    0,  -21,  -21,
       0,    0,    0,    0,    0,    0,    0,    0,    0,    0,    0,    0,    0,    0,    0,    0,    0,    0,    0,    0,    0,    0,    0,    0,    0,    0,    0,    0,    0,    0,    0,    0,    0,    0,    0,    0,    0,    0,    0,    0,    0,    0,    0,    0,    0,    0,    0,    0,    0,    0,    0,    0,    0,    0,    0,    0,    0,    0,    0,    0,    0,    0,    0,    0,    0,    0,    0,    0,    0,    0,    0,    0,    0,    0,    0,    0,    0,    0,    0,    0,    0,    0,    0,    0,    0,    0,    0,    0,    0,    0,    0,    0,    0,    0,    0,    0,    0,    0,    0,    0,    0,    0,    0,    0,    0,    0,    0,    0,    0,    0,    0,    0,    0,    0,    0,    0,    0,    0,    0,    0,    0,    0,    0,    0,    0,    0,    0,    0,    0,    0,    0,    0,    0,    0,    0,    0,    0,    0,    0,    0,    0,    0,    0,    0,    0,    0,    0,    0,    0,    0,    0,    0,    0,    0,    0,    0,    0,    0,    0,    0,    0,    0,    0,   -5,    0,    0,    0,    0,    0,    0,    0,    0,    0,    0,    0,    0,    0,    0,    0,    0,    0,    0,    0,    0,    0,    0,    0,    0,
       0,    0,    0,    0,    0,    0,    0,    0,    0,    0,    0,    0,    0,    0,    0,    0,    0,    0,    0,    0,    0,    0,    0,    0,    0,    0,    0,    0,    0,    0,    0,    0,    0,    0,    0,    0,    0,    0,    0,    0,    0,    0,    0,    0,    0,    0,    0,    0,    0,    0,    0,    0,    0,    0,    0,    0,    0,    0,    0,    0,    0,    0,    0,    0,    0,    0,    0,    0,    0,    0,    0,    0,    0,    0,    0,    0,    0,    0,    0,    0,    0,    0,    0,    0,    0,    0,    0,    0,    0,    0,    0,    0,    0,    0,    0,    0,    0,    0,    0,    0,    0,    0,    0,    0,    0,    0,    0,    0,    0,    0,    0,    0,    0,    0,    0,    0,    0,    0,    0,    0,    0,    0,    0,    0,    0,    0,    0,    0,    0,    0,    0,    0,    0,    0,    0,    0,    0,    0,    0,    0,    0,    0,    0,    0,    0,   -5,    0,    0,    0,    0,    0,    0,    0,    0,    0,    0,    0,    0,    0,    0,    0,    0,    0,    0,    0,    0,    0,    0,    0,    0,    0,    0,    0,    0,    0,    0,    0,    0,    0,    0,    0,    0,    0,    0,    0,    0,    0,    0,
       0,    0,    0,    0,    0,    0,    0,    0,    0,    0,    0,    0,    0,    0,    0,    0,    0,    0,    0,    0,    0,    0,    0,    0,    0,    0,    0,    0,    0,    0,    0,    0,    0,    0,    0,    0,    0,    0,    0,    0,    0,    0,    0,    0,    0,    0,    0,    0,    0,    0,    0,    0,    0,    0,    0,    0,    0,    0,    0,    0,    0,    0,    0,    0,    0,    0,    0,    0,    0,    0,    0,    0,    0,    0,    0,    0,    0,    0,    0,    0,    0,    0,    0,    0,    0,    0,    0,    0,    0,    0,    0,    0,    0,    0,    0,    0,    0,    0,    0,    0,    0,    0,    0,    0,    0,    0,    0,    0,    0,    0,    0,    0,    0,    0,    0,    0,    0,    0,    0,    0,    0,    0,    0,    0,    0,    0,    0,    0,    0,    0,    0,    0,    0,   -5,    0,  -11,    0,    0,   -5,    0,   -8,    0,    0,    0,    0,    0,    0,    0,    0,    0,    0,    0,    0,    0,   -5,    0,    0,    0,    0,    0,    0,    0,    0,    0,    0,    0,    0,    0,    0,    0,    0,    0,    0,    0,    0,    0,    0,    0,    0,   -5,    0,    0,    0,    0,    0,    0,    0,    0,
       0,    0,    0,    0,    0,    0,    0,    0,    0,    0,    0,    0,    0,    0,    0,    0,    0,    0,    0,    0,    0,    0,    0,    0,    0,    0,    0,    0,    0,    0,    0,    0,    0,    0,    0,    0,    0,    0,    0,    0,    0,    0,    0,    0,    0,    0,    0,    0,    0,    0,    0,    0,    0,    0,    0,    0,    0,    0,    0,    0,    0,    0,    0,    0,    0,    0,    0,    0,    0,    0,    0,    0,    0,    0,    0,    0,    0,    0,    0,    0,    0,    0,    0,    0,    0,    0,    0,    0,    0,    0,    0,    0,    0,    0,    0,    0,    0,    0,    0,    0,    0,    0,    0,    0,    0,    0,    0,    0,    0,    0,    0,    0,    0,    0,    0,    0,    0,    0,    0,    0,    0,    0,    0,    0,    0,    0,    0,    0,    0,    0,    0,    0,    0,    0,    0,    0,   -5,    0,    0,    0,    0,    0,    0,    0,    0,    0,    0,    0,    0,    0,    0,    0,    0,    0,    0,    0,    0,    0,    0,    8,    0,    0,    0,    0,    0,    0,    0,    0,    0,    0,    0,    0,    0,    0,    0,    0,    0,    0,    0,    0,    0,    0,    0,    0,    0,    0,    0,    0,
       0,    0,    0,    0,    0,    0,    0,    0,    0,    0,    0,    0,    0,    0,    0,    0,    0,    0,    0,    0,    0,    0,    0,    0,    0,    0,    0,    0,    0,    0,    0,    0,    0,    0,    0,    0,    0,    0,    0,    0,    0,    0,    0,    0,    0,    0,    0,    0,    0,    0,    0,    0,    0,    0,    0,    0,    0,    0,    0,    0,    0,    0,    0,    0,    0,    0,    0,    0,    0,    0,    0,    0,    0,    0,    0,    0,    0,    0,    0,    0,    0,    0,    0,    0,    0,    0,    0,    0,    0,    0,    0,    0,    0,    0,    0,    0,    0,    0,    0,    0,    0,    0,    0,    0,    0,    0,    0,    0,    0,    0,    0,    0,    0,    0,    0,    0,    0,    0,    0,    0,    0,    0,    0,    0,    0,    0,    0,    0,    0,    0,    0,    0,    0,    0,    0,    0,    0,    0,    0,    0,    0,    0,    0,    0,    0,    0,    0,    0,    0,    0,    0,    0,    0,    0,    0,    0,    0,    0,    0,    8,    8,    0,    0,    0,    0,    0,    0,    0,    0,    0,    0,    0,    0,    0,    0,    0,    0,    0,    0,    0,    0,    0,    0,    0,   13,    0,    3,    3,
       0,    0,    0,    0,    0,    0,    0,    0,    0,    0,    0,    0,    0,    0,    0,    0,    0,    0,    0,    0,    0,    0,    0,    0,    0,    0,    0,    0,    0,    0,    0,    0,    0,    0,    0,    0,    0,    0,    0,    0,    0,    0,    0,    0,    0,    0,    0,    0,    0,    0,    0,    0,    0,    0,    0,    0,    0,    0,    0,    0,    0,    0,    0,    0,    0,    0,    0,    0,    0,    0,    0,    0,    0,    0,    0,    0,    0,    0,    0,    0,    0,    0,    0,    0,    0,    0,    0,    0,    0,    0,    0,    0,    0,    0,    0,    0,    0,    0,    0,    0,    0,    0,    0,    0,    0,    0,    0,    0,    0,    0,    0,    0,    0,    0,    0,    0,    0,    0,    0,    0,    0,    0,    0,    0,    0,    0,    0,    0,    0,    0,    0,    0,    0,    0,    0,    0,    0,    0,    0,    0,    0,    0,    0,    0,    0,    0,    0,    0,    0,    0,    0,    0,    0,    0,    0,    0,    0,    0,    0,    8,    8,    0,    0,    0,    0,    0,    0,    0,    0,    0,    0,    0,    0,    0,    0,    0,    0,    0,    0,    0,    0,    0,    0,    0,   13,    0,    0,    0,
       0,    0,    0,    0,    0,    0,    0,    0,    0,    0,    0,    0,    0,    0,    0,    0,    0,    0,    0,    0,    0,    0,    0,    0,    0,    0,    0,    0,    0,    0,    0,    0,    0,    0,    0,    0,    0,    0,    0,    0,    0,    0,    0,    0,    0,    0,    0,    0,    0,    0,    0,    0,    0,    0,    0,    0,    0,    0,    0,    0,    0,    0,    0,    0,    0,    0,    0,    0,    0,    0,    0,    0,    0,    0,    0,    0,    0,    0,    0,    0,    0,    0,    0,    0,    0,    0,    0,    0,    0,    0,    0,    0,    0,    0,    0,    0,    0,    0,    0,    0,    0,    0,    0,    0,    0,    0,    0,    0,    0,    0,    0,    0,    0,    0,    0,    0,    0,    0,    0,    0,    0,    0,    0,    0,    0,    0,    0,    0,    0,    0,    0,    0,    0,    0,    0,   -5,    0,    0,    0,    0,    0,    0,    0,    0,    0,    0,    0,    0,    0,    0,    0,    0,    0,    0,    0,    0,    0,    0,    0,    0,    0,    0,    0,    0,    0,    0,    0,    0,    0,    0,    0,    0,    0,    0,    0,    0,    0,    0,    0,    0,    0,    0,    0,    0,    0,    0,    0,    0,
       0,    0,    0,    0,    0,    0,    0,    0,    0,    0,    0,    0,    0,    0,    0,    0,    0,    0,    0,    0,    0,    0,    0,    0,    0,    0,    0,    0,    0,    0,    0,    0,    0,    0,    0,    0,    0,    0,    0,    0,    0,    0,    0,    0,    0,    0,    0,    0,    0,    0,    0,    0,    0,    0,    0,    0,    0,    0,    0,    0,    0,    0,    0,    0,    0,    0,    0,    0,    0,    0,    0,    0,    0,    0,    0,    0,    0,    0,    0,    0,    0,    0,    0,    0,    0,    0,    0,    0,    0,    0,    0,    0,    0,    0,    0,    0,    0,    0,    0,    0,    0,    0,    0,    0,    0,    0,    0,    0,    0,    0,    0,    0,    0,    0,    0,    0,    0,    0,    0,    0,    0,    0,    0,    0,    0,    0,    0,    0,    0,    0,    0,    0,    0,    0,    0,   -5,    0,    0,    0,    0,    0,    0,    0,    0,   -3,    0,    0,    0,    0,    0,    0,    0,    0,    0,    0,    0,    0,    0,    0,    0,    0,    0,    0,    0,    0,    0,    0,    0,    0,    0,    0,    0,    0,    0,    0,   -8,    0,    0,    0,    0,    0,    0,    0,    0,    5,    0,   -5,   -5,
       0,    0,    0,    0,    0,    0,    0,    0,    0,    0,    0,    0,    0,    0,    0,    0,    0,    0,    0,    0,    0,    0,    0,    0,    0,    0,    0,    0,    0,    0,    0,    0,    0,    0,    0,    0,    0,    0,    0,    0,    0,    0,    0,    0,    0,    0,    0,    0,    0,    0,    0,    0,    0,    0,    0,    0,    0,    0,    0,    0,    0,    0,    0,    0,    0,    0,    0,    0,    0,    0,    0,    0,    0,    0,    0,    0,    0,    0,    0,    0,    0,    0,    0,    0,    0,    0,    0,    0,    0,    0,    0,    0,    0,    0,    0,    0,    0,    0,    0,    0,    0,    0,    0,    0,    0,    0,    0,    0,    0,    0,    0,    0,    0,    0,    0,    0,    0,    0,    0,    0,    0,    0,    0,    0,    0,    0,    0,    0,    0,    0,    0,    0,    0,    0,    0,   -8,    0,    0,    0,    0,    0,    0,    0,    0,    0,    0,    0,    0,    0,    0,    0,    0,    0,    0,    0,    0,    0,    0,    0,    0,    0,    0,    0,    0,    0,    0,    0,    0,    0,    0,    0,    0,    0,    0,    0,    0,    0,    0,    0,    0,    0,    0,    0,    0,    0,    0,  -13,   -5,
       0,    0,    0,    0,    0,    0,    0,    0,    0,    0,    0,    0,    0,    0,    0,    0,    0,    0,    0,    0,    0,    0,    0,    0,    0,    0,    0,    0,    0,    0,    0,    0,    0,    0,    0,    0,    0,    0,    0,    0,    0,    0,    0,    0,    0,    0,    0,    0,    0,    0,    0,    0,    0,    0,    0,    0,    0,    0,    0,    0,    0,    0,    0,    0,    0,    0,    0,    0,    0,    0,    0,    0,    0,    0,    0,    0,    0,    0,    0,    0,    0,    0,    0,    0,    0,    0,    0,    0,    0,    0,    0,    0,    0,    0,    0,    0,    0,    0,    0,    0,    0,    0,    0,    0,    0,    0,    0,    0,    0,    0,    0,    0,    0,    0,    0,    0,    0,    0,    0,    0,    0,    0,    0,    0,    0,    0,    0,    0,    0,    0,    0,    0,    0,    0,    0,   -8,    0,    0,    0,    0,    0,    0,    0,    0,    0,    0,    0,    0,    0,    0,    0,    0,    0,    0,    0,    0,    0,    0,    0,    0,    0,    0,    0,    0,    0,    0,    0,    0,    0,    0,    0,    0,    0,    0,    0,    0,    0,    0,    0,   -5,    0,    0,    0,    0,    0,    0,  -13,   -5,
       0,    0,    0,    0,    0,    0,    0,    0,    0,    0,    0,    0,    0,    0,    0,    0,    0,    0,    0,    0,    0,    0,    0,    0,    0,    0,    0,    0,    0,    0,    0,    0,    0,    0,    0,    0,    0,    0,    0,    0,    0,    0,    0,    0,    0,    0,    0,    0,    0,    0,    0,    0,    0,    0,    0,    0,    0,    0,    0,    0,    0,    0,    0,    0,    0,    0,    0,    0,    0,    0,    0,    0,    0,    0,    0,    0,    0,    0,    0,    0,    0,    0,    0,    0,    0,    0,    0,    0,    0,    0,    0,    0,    0,    0,    0,    0,    0,    0,    0,    0,    0,    0,    0,    0,    0,    0,    0,    0,    0,    0,    0,    0,    0,    0,    0,    0,    0,    0,    0,    0,    0,    0,    0,    0,    0,    0,    0,    0,    0,    0,    0,    0,    0,    0,    0,    0,    0,    0,    0,    0,    0,    0,    0,    0,    0,    0,    0,    0,    0,    0,    0,    0,    0,    0,    0,    0,    0,    0,    0,    0,    0,    0,    0,   -8,    0,    0,    0,    0,    0,    0,    0,    0,    0,    0,    0,    0,    0,    0,    0,    0,    0,    0,    0,    0,    0,    0,  -13,   -8,
       0,    0,    0,    0,    0,    0,    0,    0,    0,    0,    0,    0,    0,    0,    0,    0,    0,    0,    0,    0,    0,    0,    0,    0,    0,    0,    0,    0,    0,    0,    0,    0,    0,    0,    0,    0,    0,    0,    0,    0,    0,    0,    0,    0,    0,    0,    0,    0,    0,    0,    0,    0,    0,    0,    0,    0,    0,    0,    0,    0,    0,    0,    0,    0,    0,    0,    0,    0,    0,    0,    0,    0,    0,    0,    0,    0,    0,    0,    0,    0,    0,    0,    0,    0,    0,    0,    0,    0,    0,    0,    0,    0,    0,    0,    0,    0,    0,    0,    0,    0,    0,    0,    0,    0,    0,    0,    0,    0,    0,    0,    0,    0,    0,    0,    0,    0,    0,    0,    0,    0,    0,    0,    0,    0,    0,    0,    0,    0,    0,    0,    0,    0,    0,    0,    0,    0,    0,    0,    0,    0,    0,    0,    0,    0,    0,    0,    0,    0,    0,    0,    0,    0,    0,    0,    0,    0,    0,    0,    0,    0,    0,    0,    0,    0,    0,    0,    0,  -16,  -16,  -16,    0,    0,    0,    0,    0,    0,    0,    0,    0,    0,    0,  -13,    0,    0,    0,    0,    0,    0,
       0,    0,    0,    0,    0,    0,    0,    0,    0,    0,    0,    0,    0,    0,    0,    0,    0,    0,    0,    0,    0,    0,    0,    0,    0,    0,    0,    0,    0,    0,    0,    0,    0,    0,    0,    0,    0,    0,    0,    0,    0,    0,    0,    0,    0,    0,    0,    0,    0,    0,    0,    0,    0,    0,    0,    0,    0,    0,    0,    0,    0,    0,    0,    0,    0,    0,    0,    0,    0,    0,    0,    0,    0,    0,    0,    0,    0,    0,    0,    0,    0,    0,    0,    0,    0,    0,    0,    0,    0,    0,    0,    0,    0,    0,    0,    0,    0,    0,    0,    0,    0,    0,    0,    0,    0,    0,    0,    0,    0,    0,    0,    0,    0,    0,    0,    0,    0,    0,    0,    0,    0,    0,    0,    0,    0,    0,    0,    0,    0,    0,    0,    0,    0,    0,    0,    0,   -5,    0,    0,    0,    0,    0,    0,    0,    0,    0,    0,    0,    0,    0,    0,    0,    0,    0,    0,    0,    0,    0,    0,    0,    0,    0,    0,  -21,   -5,   -5,   -5,    0,    0,    0,    0,    0,    0,    0,    0,   -8,   -5,    0,    0,    0,    0,    0,    0,    0,    0,    0,  -19,  -13,
       0,    0,    0,    0,    0,    0,    0,    0,    0,    0,    0,    0,    0,    0,    0,    0,    0,    0,    0,    0,    0,    0,    0,    0,    0,    0,    0,    0,    0,    0,    0,    0,    0,    0,    0,    0,    0,    0,    0,    0,    0,    0,    0,    0,    0,    0,    0,    0,    0,    0,    0,    0,    0,    0,    0,    0,    0,    0,    0,    0,    0,    0,    0,    0,    0,    0,    0,    0,    0,    0,    0,    0,    0,    0,    0,    0,    0,    0,    0,    0,    0,    0,    0,    0,    0,    0,    0,    0,    0,    0,    0,    0,    0,    0,    0,    0,    0,    0,    0,    0,    0,    0,    0,    0,    0,    0,    0,    0,    0,    0,    0,    0,    0,    0,    0,    0,    0,    0,    0,    0,    0,    0,    0,    0,    0,    0,    0,    0,    0,    0,    0,    0,    0,    0,   -5,    0,    0,    0,    0,    0,    0,    0,    0,    0,    0,    0,    0,    0,    0,    0,    0,    0,    0,    0,    0,    0,    0,    0,    0,    0,    0,    0,    0,    0,    0,    0,    0,    0,    0,    0,    0,    0,    0,    0,    0,    0,    0,    0,    0,    0,    0,    0,    0,   -5,    0,    0,    0,    0,
       0,    0,    0,    0,    0,    0,    0,    0,    0,    0,    0,    0,    0,    0,    0,    0,    0,    0,    0,    0,    0,    0,    0,    0,    0,    0,    0,    0,    0,    0,    0,    0,    0,    0,    0,    0,    0,    0,    0,    0,    0,    0,    0,    0,    0,    0,    0,    0,    0,    0,    0,    0,    0,    0,    0,    0,    0,    0,    0,    0,    0,    0,    0,    0,    0,    0,    0,    0,    0,    0,    0,    0,    0,    0,    0,    0,    0,    0,    0,    0,    0,    0,    0,    0,    0,    0,    0,    0,    0,    0,    0,    0,    0,    0,    0,    0,    0,    0,    0,    0,    0,    0,    0,    0,    0,    0,    0,    0,    0,    0,    0,    0,    0,    0,    0,    0,    0,   -5,   -5,   -5,    0,    0,    0,    0,    0,    0,    0,    0,    0,    0,    0,    0,    0,    0,    0,    0,    0,    0,    0,    0,    0,    0,    0,    0,    0,    0,    0,    0,    0,    0,    0,    0,    0,    0,    0,    0,    0,    0,    0,    0,    0,    0,    0,    0,    0,    0,    0,    0,    0,    0,    0,    0,    0,    0,    0,    0,    0,    0,    0,    0,    0,    0,    0,    0,    0,    0,    0,    0,
       0,    0,    0,    0,    0,    0,    0,    0,    0,    0,    0,    0,    0,    0,    0,    0,    0,    0,    0,    0,    0,    0,    0,    0,    0,    0,    0,    0,    0,    0,    0,    0,    0,    0,    0,    0,    0,    0,    0,    0,    0,    0,    0,    0,    0,    0,    0,    0,    0,    0,    0,    0,    0,    0,    0,    0,    0,    0,    0,    0,    0,    0,    0,    0,    0,    0,    0,    0,    0,    0,    0,    0,    0,    0,    0,    0,    0,    0,    0,    0,    0,    0,    0,    0,    0,    0,    0,    0,    0,    0,    0,    0,    0,    0,    0,    0,    0,    0,    0,    0,    0,    0,    0,    0,    0,    0,    0,    0,    0,    0,    0,    0,    0,    0,    0,    0,    0,    0,    0,    0,    0,    0,    0,    0,    0,    0,    0,    0,    0,    0,    0,    0,    0,    0,    0,    0,    0,    0,    0,    0,    0,    0,    0,    0,    0,    0,    0,    0,   -5,   -5,   -5,    0,    0,    0,    0,    0,    0,    0,    0,    0,    0,    0,    0,   -5,   -3,   -3,   -3,    0,    0,    0,    0,    0,    0,    0,    0,   -8,   -8,    0,    0,    0,    0,    0,    0,    0,    0,    0,  -13,   -5,
       0,    0,    0,    0,    0,    0,    0,    0,    0,    0,    0,    0,    0,    0,    0,    0,    0,    0,    0,    0,    0,    0,    0,    0,    0,    0,    0,    0,    0,    0,    0,    0,    0,    0,    0,    0,    0,    0,    0,    0,    0,    0,    0,    0,    0,    0,    0,    0,    0,    0,    0,    0,    0,    0,    0,    0,    0,    0,    0,    0,    0,    0,    0,    0,    0,    0,    0,    0,    0,    0,    0,    0,    0,    0,    0,    0,    0,    0,    0,    0,    0,    0,    0,    0,    0,    0,    0,    0,    0,    0,    0,    0,    0,    0,    0,    0,    0,    0,    0,    0,    0,    0,    0,    0,    0,    0,    0,    0,    0,    0,    0,    0,    0,    0,    0,    0,    0,    0,    0,    0,    0,    0,    0,    0,    0,    0,    0,    0,    0,    0,    0,    0,    0,    0,    0,    0,    0,    0,    0,    0,    0,    0,    0,    0,    0,    0,    0,    0,    0,    0,    0,    0,    0,    0,    0,    0,    0,    0,    0,    0,    0,    0,    0,    0,    0,    0,    0,    0,    0,    0,    0,    0,    0,    0,    0,    0,    0,    0,    0,    0,    0,    0,    0,    0,    0,    0,   -8,  -11,
       0,    0,    0,    0,    0,    0,    0,    0,    0,    0,    0,    0,    0,    0,    0,    0,    0,    0,    0,    0,    0,    0,    0,    0,    0,    0,    0,    0,    0,    0,    0,    0,    0,    0,    0,    0,    0,    0,    0,    0,    0,    0,    0,    0,    0,    0,    0,    0,    0,    0,    0,    0,    0,    0,    0,    0,    0,    0,    0,    0,    0,    0,    0,    0,    0,    0,    0,    0,    0,    0,    0,    0,    0,    0,    0,    0,    0,    0,    0,    0,    0,    0,    0,    0,    0,    0,    0,    0,    0,    0,    0,    0,    0,    0,    0,    0,    0,    0,    0,    0,    0,    0,    0,    0,    0,    0,    0,    0,    0,    0,    0,    0,    0,    0,    0,    0,    0,    0,    0,    0,    0,    0,    0,    0,    0,    0,    0,    0,    0,    0,    0,    0,    0,    0,    0,    0,    0,    0,    0,    0,    0,   -8,    0,    0,    0,   -5,    0,    0,    0,    0,    0,    0,    0,    0,    0,    0,    0,    0,    0,    0,    0,    0,    0,    0,    0,    0,    0,    0,    0,    0,    0,    0,    0,    0,    0,   -5,    0,    0,    0,    0,    0,    0,    0,    0,   -5,    0,    0,    0,
       0,    0,    0,    0,    0,    0,    0,    0,    0,    0,    0,    0,    0,    0,    0,    0,    0,    0,    0,    0,    0,    0,    0,    0,    0,    0,    0,    0,    0,    0,    0,    0,    0,    0,    0,    0,    0,    0,    0,    0,    0,    0,    0,    0,    0,    0,    0,    0,    0,    0,    0,    0,    0,    0,    0,    0,    0,    0,    0,    0,    0,    0,    0,    0,    0,    0,    0,    0,    0,    0,    0,    0,    0,    0,    0,    0,    0,    0,    0,    0,    0,    0,    0,    0,    0,    0,    0,    0,    0,    0,    0,    0,    0,    0,    0,    0,    0,    0,    0,    0,    0,    0,    0,    0,    0,    0,    0,    0,    0,    0,    0,    0,    0,    0,    0,    0,    0,    0,    0,    0,    0,    0,    0,    0,    0,    0,    0,    0,    0,    0,    0,    0,    0,    0,    0,    0,    0,    0,    0,    0,    0,    0,    0,    0,    0,    0,    0,    0,    0,    0,    0,    0,    0,    0,    0,    0,    0,    0,    0,    0,    0,    0,    0,    0,    0,    0,    0,    0,    0,    0,    0,    0,    0,    0,    0,   -5,    0,    0,    0,    0,    0,    0,    0,    0,    0,    0,    0,    0,
       0,    0,    0,    0,    0,    0,    0,    0,    0,    0,    0,    0,    0,    0,    0,    0,    0,    0,    0,    0,    0,    0,    0,    0,    0,    0,    0,    0,    0,    0,    0,    0,    0,    0,    0,    0,    0,    0,    0,    0,    0,    0,    0,    0,    0,    0,    0,    0,    0,    0,    0,    0,    0,    0,    0,    0,    0,    0,    0,    0,    0,    0,    0,    0,    0,    0,    0,    0,    0,    0,    0,    0,    0,    0,    0,    0,    0,    0,    0,    0,    0,    0,    0,    0,    0,    0,    0,    0,    0,    0,    0,    0,    0,    0,    0,    0,    0,    0,    0,    0,    0,    0,    0,    0,    0,    0,    0,    0,    0,    0,    0,    0,    0,    0,    0,    0,    0,    0,    0,    0,    0,    0,    0,    0,    0,    0,    0,    0,    0,    0,    0,    0,    0,    0,    0,   -8,    0,    0,    0,    0,    0,    0,    0,    0,    0,    0,    0,    0,    0,    0,    0,    0,    0,    0,    0,    0,    0,    0,    0,    0,    0,    0,    0,  -13,   -3,   -5,   -5,    0,    0,    0,    0,    0,    0,    0,    0,    0,    0,    0,    0,    0,    0,    0,    0,    0,    0,    0,  -13,    0,
       0,    0,    0,    0,    0,    0,    0,    0,    0,    0,    0,    0,    0,    0,    0,    0,    0,    0,    0,    0,    0,    0,    0,    0,    0,    0,    0,    0,    0,    0,    0,    0,    0,    0,    0,    0,    0,    0,    0,    0,    0,    0,    0,    0,    0,    0,    0,    0,    0,    0,    0,    0,    0,    0,    0,    0,    0,    0,    0,    0,    0,    0,    0,    0,    0,    0,    0,    0,    0,    0,    0,    0,    0,    0,    0,    0,    0,    0,    0,    0,    0,    0,    0,    0,    0,    0,    0,    0,    0,    0,    0,    0,    0,    0,    0,    0,    0,    0,    0,    0,    0,    0,    0,    0,    0,    0,    0,    0,    0,    0,    0,    0,    0,    0,    0,    0,    0,    0,    0,    0,    0,    0,    0,    0,    0,    0,    0,    0,    0,    0,    0,    0,    0,    0,    0,    0,    0,    0,    0,    0,    0,    0,    0,    0,    0,    0,    0,    0,    0,    0,    0,    0,    0,    0,    0,    0,    0,    0,    0,    0,    0,    0,    0,  -13,    0,    0,    0,    0,    0,    0,    0,    0,    0,    0,    0,    0,    0,    0,    0,    0,    0,    0,    0,    0,    0,    0,    0,    0,
       0,    0,    0,    0,    0,    0,    0,    0,    0,    0,    0,    0,    0,    0,    0,    0,    0,    0,    0,    0,    0,    0,    0,    0,    0,    0,    0,    0,    0,    0,    0,    0,    0,    0,    0,    0,    0,    0,    0,    0,    0,    0,    0,    0,    0,    0,    0,    0,    0,    0,    0,    0,    0,    0,    0,    0,    0,    0,    0,    0,    0,    0,    0,    0,    0,    0,    0,    0,    0,    0,    0,    0,    0,    0,    0,    0,    0,    0,    0,    0,    0,    0,    0,    0,    0,    0,    0,    0,    0,    0,    0,    0,    0,    0,    0,    0,    0,    0,    0,    0,    0,    0,    0,    0,    0,    0,    0,    0,    0,    0,    0,    0,    0,    0,    0,    0,    0,    0,    0,    0,    0,    0,    0,    0,    0,    0,    0,    0,    0,    0,    0,    0,    0,    0,    0,    0,    0,    0,    0,    0,    0,    0,    0,    0,    0,    0,    0,    0,    0,   -5,   -5,    0,    0,    0,    0,    0,    0,    0,    0,    0,    0,    0,   -5,  -13,    0,    0,    0,   -8,   -8,   -8,    0,    0,    0,    0,    0,   -5,   -8,    0,    0,    0,    0,    0,    0,    0,    0,    0,  -13,  -13,
       0,    0,    0,    0,    0,    0,    0,    0,    0,    0,    0,    0,    0,    0,    0,    0,    0,    0,    0,    0,    0,    0,    0,    0,    0,    0,    0,    0,    0,    0,    0,    0,    0,    0,    0,    0,    0,    0,    0,    0,    0,    0,    0,    0,    0,    0,    0,    0,    0,    0,    0,    0,    0,    0,    0,    0,    0,    0,    0,    0,    0,    0,    0,    0,    0,    0,    0,    0,    0,    0,    0,    0,    0,    0,    0,    0,    0,    0,    0,    0,    0,    0,    0,    0,    0,    0,    0,    0,    0,    0,    0,    0,    0,    0,    0,    0,    0,    0,    0,    0,    0,    0,    0,    0,    0,    0,    0,    0,    0,    0,    0,    0,    0,    0,    0,    0,    0,    0,   -5,    0,    0,    0,    0,    0,    0,    0,    0,    0,    0,    0,    0,    0,    0,    0,    0,    0,    0,    0,    0,    0,    0,    0,    0,    0,    0,    0,    0,    0,    0,    0,    0,    0,    0,    0,    0,    0,    0,    0,    0,    0,    0,    0,    0,    0,    0,    0,    0,    0,    0,    0,    0,    0,    0,    0,    0,    0,    0,    0,    0,    0,    0,    0,    0,    0,    0,    0,    0,    0,
       0,    0,    0,    0,    0,    0,    0,    0,    0,    0,    0,    0,    0,    0,    0,    0,    0,    0,    0,    0,    0,    0,    0,    0,    0,    0,    0,    0,    0,    0,    0,    0,    0,    0,    0,    0,    0,    0,    0,    0,    0,    0,    0,    0,    0,    0,    0,    0,    0,    0,    0,    0,    0,    0,    0,    0,    0,    0,    0,    0,    0,    0,    0,    0,    0,    0,    0,    0,    0,    0,    0,    0,    0,    0,    0,    0,    0,    0,    0,    0,    0,    0,    0,    0,    0,    0,    0,    0,    0,    0,    0,    0,    0,    0,    0,    0,    0,    0,    0,    0,    0,    0,    0,    0,    0,    0,    0,    0,  -16,  -16,    0,    0,    0,    0,    0,    0,    0,  -11,  -11,  -11,    0,    0,    0,    0,    0,    0,    0,    0,    0,    0,    0,    0,    0,    0,  -11,  -11,    0,    0,    0,    0,    0,    0,    0,    0,    0,    0,   -5,   -5,   -5,  -13,  -13,    0,    0,    0,    0,    0,   -5,    0,    0,    0,    0,    0,    0,  -16,   -5,   -3,   -3,  -16,  -16,  -16,    0,    0,    0,    0,    0,   -8,  -11,    0,    0,    0,    0,    0,    0,    0,  -13,    0,    0,    0,
};

static const EpdLigaturePair notosansjp_8_regularLigaturePairs[] = {
    { 0x00660066, 0xFB00 }, // f f -> U+FB00
    { 0x00660069, 0xFB01 }, // f i -> U+FB01
    { 0x0066006C, 0xFB02 }, // f l -> U+FB02
    { 0xFB000069, 0xFB03 }, // U+FB00 i -> U+FB03
    { 0xFB00006C, 0xFB04 }, // U+FB00 l -> U+FB04
};

static const EpdFontData notosansjp_8_regular = {
    notosansjp_8_regularBitmaps,
    notosansjp_8_regularGlyphs,
    notosansjp_8_regularIntervals,
    283,
    24,
    20,
    -5,
    true,
    notosansjp_8_regularGroups,
    15,
    nullptr,
    notosansjp_8_regularKernLeftClasses,
    notosansjp_8_regularKernRightClasses,
    notosansjp_8_regularKernMatrix,
    443,
    440,
    200,
    188,
    notosansjp_8_regularLigaturePairs,
    5,
};
