/**
 * generated by fontconvert.py
 * name: ubuntu_jp_12_regular
 * size: 12
 * mode: 2-bit  compressed: true
 * Command used: fontconvert.py ubuntu_jp_12_regular 12 ../builtinFonts/source/Ubuntu/Ubuntu-Regular.ttf ../builtinFonts/source/NotoSansJP/NotoSansCJKjp-Regular.otf --2bit --compress --additional-intervals 0x3040,0x30FF --additional-intervals 0xFF00,0xFFEF --additional-intervals 0x4E00,0x4E00 --additional-intervals 0x4E0A,0x4E0A --additional-intervals 0x4E0B,0x4E0B --additional-intervals 0x4E21,0x4E21 --additional-intervals 0x4E2D,0x4E2D --additional-intervals 0x4E86,0x4E86 --additional-intervals 0x4ED6,0x4ED6 --additional-intervals 0x4ED8,0x4ED8 --additional-intervals 0x4EF6,0x4EF6 --additional-intervals 0x4F4D,0x4F4D --additional-intervals 0x4F53,0x4F53 --additional-intervals 0x4F59,0x4F59 --additional-intervals 0x4F5C,0x4F5C --additional-intervals 0x4F7F,0x4F7F --additional-intervals 0x4FDD,0x4FDD --additional-intervals 0x4FE1,0x4FE1 --additional-intervals 0x4FEE,0x4FEE --additional-intervals 0x50CF,0x50CF --additional-intervals 0x5143,0x5143 --additional-intervals 0x5148,0x5148 --additional-intervals 0x5149,0x5149 --additional-intervals 0x5165,0x5165 --additional-intervals 0x5168,0x5168 --additional-intervals 0x5185,0x5185 --additional-intervals 0x518D,0x518D --additional-intervals 0x51FA,0x51FA --additional-intervals 0x5206,0x5206 --additional-intervals 0x5207,0x5207 --additional-intervals 0x523B,0x523B --additional-intervals 0x524A,0x524A --additional-intervals 0x524D,0x524D --additional-intervals 0x5272,0x5272 --additional-intervals 0x529B,0x529B --additional-intervals 0x529F,0x529F --additional-intervals 0x52A0,0x52A0 --additional-intervals 0x52D5,0x52D5 --additional-intervals 0x5316,0x5316 --additional-intervals 0x539F,0x539F --additional-intervals 0x53BB,0x53BB --additional-intervals 0x53C2,0x53C2 --additional-intervals 0x53CD,0x53CD --additional-intervals 0x53D6,0x53D6 --additional-intervals 0x53D7,0x53D7 --additional-intervals 0x53EF,0x53EF --additional-intervals 0x53F3,0x53F3 --additional-intervals 0x53F7,0x53F7 --additional-intervals 0x5404,0x5404 --additional-intervals 0x5408,0x5408 --additional-intervals 0x540C,0x540C --additional-intervals 0x540D,0x540D --additional-intervals 0x5411,0x5411 --additional-intervals 0x544A,0x544A --additional-intervals 0x56DE,0x56DE --additional-intervals 0x56E0,0x56E0 --additional-intervals 0x56F2,0x56F2 --additional-intervals 0x5728,0x5728 --additional-intervals 0x57CB,0x57CB --additional-intervals 0x5831,0x5831 --additional-intervals 0x5916,0x5916 --additional-intervals 0x5927,0x5927 --additional-intervals 0x592A,0x592A --additional-intervals 0x592E,0x592E --additional-intervals 0x5931,0x5931 --additional-intervals 0x5B57,0x5B57 --additional-intervals 0x5B58,0x5B58 --additional-intervals 0x5B8C,0x5B8C --additional-intervals 0x5B9A,0x5B9A --additional-intervals 0x5B9B,0x5B9B --additional-intervals 0x5BB3,0x5BB3 --additional-intervals 0x5C0F,0x5C0F --additional-intervals 0x5C3E,0x5C3E --additional-intervals 0x5DE6,0x5DE6 --additional-intervals 0x5E38,0x5E38 --additional-intervals 0x5E83,0x5E83 --additional-intervals 0x5EA6,0x5EA6 --additional-intervals 0x5F53,0x5F53 --additional-intervals 0x5F79,0x5F79 --additional-intervals 0x5F97,0x5F97 --additional-intervals 0x60C5,0x60C5 --additional-intervals 0x6210,0x6210 --additional-intervals 0x623B,0x623B --additional-intervals 0x629E,0x629E --additional-intervals 0x62BC,0x62BC --additional-intervals 0x6357,0x6357 --additional-intervals 0x63A5,0x63A5 --additional-intervals 0x63C3,0x63C3 --additional-intervals 0x64AE,0x64AE --additional-intervals 0x64CD,0x64CD --additional-intervals 0x6557,0x6557 --additional-intervals 0x6570,0x6570 --additional-intervals 0x6587,0x6587 --additional-intervals 0x65B0,0x65B0 --additional-intervals 0x65B9,0x65B9 --additional-intervals 0x65E2,0x65E2 --additional-intervals 0x65E5,0x65E5 --additional-intervals 0x6642,0x6642 --additional-intervals 0x6697,0x6697 --additional-intervals 0x66F8,0x66F8 --additional-intervals 0x66FF,0x66FF --additional-intervals 0x6700,0x6700 --additional-intervals 0x671F,0x671F --additional-intervals 0x672A,0x672A --additional-intervals 0x672B,0x672B --additional-intervals 0x672C,0x672C --additional-intervals 0x6790,0x6790 --additional-intervals 0x691C,0x691C --additional-intervals 0x6A19,0x6A19 --additional-intervals 0x6A2A,0x6A2A --additional-intervals 0x6B21,0x6B21 --additional-intervals 0x6B63,0x6B63 --additional-intervals 0x6B8B,0x6B8B --additional-intervals 0x6BB5,0x6BB5 --additional-intervals 0x6CE8,0x6CE8 --additional-intervals 0x6D88,0x6D88 --additional-intervals 0x6DFB,0x6DFB --additional-intervals 0x6E08,0x6E08 --additional-intervals 0x6E90,0x6E90 --additional-intervals 0x6E96,0x6E96 --additional-intervals 0x7121,0x7121 --additional-intervals 0x7167,0x7167 --additional-intervals 0x7279,0x7279 --additional-intervals 0x72ED,0x72ED --additional-intervals 0x7387,0x7387 --additional-intervals 0x73FE,0x73FE --additional-intervals 0x7528,0x7528 --additional-intervals 0x753B,0x753B --additional-intervals 0x756A,0x756A --additional-intervals 0x767D,0x767D --additional-intervals 0x7684,0x7684 --additional-intervals 0x76EE,0x76EE --additional-intervals 0x77ED,0x77ED --additional-intervals 0x78BA,0x78BA --additional-intervals 0x793A,0x793A --additional-intervals 0x79F0,0x79F0 --additional-intervals 0x79FB,0x79FB --additional-intervals 0x7A7A,0x7A7A --additional-intervals 0x7AE0,0x7AE0 --additional-intervals 0x7AEF,0x7AEF --additional-intervals 0x7B2C,0x7B2C --additional-intervals 0x7B97,0x7B97 --additional-intervals 0x7BC4,0x7BC4 --additional-intervals 0x7D22,0x7D22 --additional-intervals 0x7D30,0x7D30 --additional-intervals 0x7D42,0x7D42 --additional-intervals 0x7D9A,0x7D9A --additional-intervals 0x7DE8,0x7DE8 --additional-intervals 0x7E26,0x7E26 --additional-intervals 0x7F6E,0x7F6E --additional-intervals 0x80FD,0x80FD --additional-intervals 0x811A,0x811A --additional-intervals 0x81EA,0x81EA --additional-intervals 0x822C,0x822C --additional-intervals 0x8272,0x8272 --additional-intervals 0x843D,0x843D --additional-intervals 0x884C,0x884C --additional-intervals 0x8868,0x8868 --additional-intervals 0x898B,0x898B --additional-intervals 0x8996,0x8996 --additional-intervals 0x89A7,0x89A7 --additional-intervals 0x89E3,0x89E3 --additional-intervals 0x8A00,0x8A00 --additional-intervals 0x8A08,0x8A08 --additional-intervals 0x8A18,0x8A18 --additional-intervals 0x8A2D,0x8A2D --additional-intervals 0x8A3C,0x8A3C --additional-intervals 0x8A66,0x8A66 --additional-intervals 0x8A73,0x8A73 --additional-intervals 0x8A8D,0x8A8D --additional-intervals 0x8A9E,0x8A9E --additional-intervals 0x8AAD,0x8AAD --additional-intervals 0x8D77,0x8D77 --additional-intervals 0x8EE2,0x8EE2 --additional-intervals 0x8FBC,0x8FBC --additional-intervals 0x8FD1,0x8FD1 --additional-intervals 0x8FFD,0x8FFD --additional-intervals 0x9000,0x9000 --additional-intervals 0x9001,0x9001 --additional-intervals 0x9032,0x9032 --additional-intervals 0x9069,0x9069 --additional-intervals 0x9078,0x9078 --additional-intervals 0x914D,0x914D --additional-intervals 0x91CF,0x91CF --additional-intervals 0x9332,0x9332 --additional-intervals 0x9577,0x9577 --additional-intervals 0x958B,0x958B --additional-intervals 0x9593,0x9593 --additional-intervals 0x9664,0x9664 --additional-intervals 0x9694,0x9694 --additional-intervals 0x969C,0x969C --additional-intervals 0x96A0,0x96A0 --additional-intervals 0x96C6,0x96C6 --additional-intervals 0x96FB,0x96FB --additional-intervals 0x975E,0x975E --additional-intervals 0x9762,0x9762 --additional-intervals 0x983B,0x983B
 */
#pragma once
#include "EpdFontData.h"

static const uint8_t ubuntu_jp_12_regularBitmaps[50411] = {
    0xB5, 0x58, 0xBD, 0x93, 0xDC, 0xB6, 0x15, 0x7F, 0x24, 0x3D, 0xC7, 0x99, 0x60, 0x1C, 0xA8, 0x70,
    0x11, 0xCF, 0xC9, 0xA2, 0x0B, 0x15, 0xCA, 0x8C, 0x6F, 0xE9, 0xE2, 0xCA, 0x25, 0x09, 0xD9, 0xFF,
    0x40, 0xFE, 0x91, 0xE4, 0x52, 0xBA, 0xD8, 0xBB, 0x85, 0x9D, 0xC2, 0xAD, 0xFA, 0x34, 0xA9, 0x53,
    0x24, 0x2E, 0xAE, 0xD8, 0x82, 0x67, 0x42, 0x56, 0x99, 0x22, 0xCC, 0xA4, 0x48, 0xE1, 0xC2, 0xB4,
    0xA2, 0x99, 0x78, 0x26, 0x85, 0x90, 0x18, 0x76, 0x78, 0x3A, 0x92, 0xC8, 0xEF, 0x81, 0xBB, 0xD2,
    0xE9, 0x74, 0x67, 0x6B, 0x32, 0x13, 0x02, 0x0F, 0x4B, 0xE2, 0xF3, 0xE1, 0xE1, 0xF7, 0x3E, 0xB0,
    0x25, 0x95, 0x97, 0xD2, 0x02, 0xE9, 0x80, 0xDE, 0xA1, 0xDB, 0xC4, 0xCF, 0x82, 0x2A, 0xD0, 0xB2,
    0x44, 0x5A, 0x2C, 0x0F, 0x96, 0xEF, 0x2C, 0x6F, 0xD3, 0x32, 0x31, 0xF4, 0x51, 0x6A, 0xE8, 0x34,
    0xD5, 0xE4, 0x84, 0x22, 0x2B, 0xC9, 0x7B, 0xEF, 0x98, 0xE2, 0xEE, 0x0E, 0x25, 0xED, 0x01, 0x25,
    0xA6, 0x78, 0x5E, 0x27, 0xF4, 0x47, 0x24, 0xD5, 0x29, 0x49, 0x72, 0x20, 0x4B, 0x19, 0x88, 0x96,
    0xDB, 0x1C, 0xF9, 0x27, 0xD2, 0xBB, 0x5C, 0xDD, 0x2A, 0x89, 0x0A, 0xC2, 0xEA, 0x94, 0x69, 0x4A,
    0x1D, 0x51, 0xA3, 0x48, 0x74, 0x44, 0x3D, 0xD1, 0x2A, 0xB4, 0x14, 0x87, 0xD1, 0xB0, 0xF6, 0x6E,
    0xDF, 0xEB, 0xE7, 0x63, 0x85, 0x45, 0x43, 0x3E, 0xA0, 0xC3, 0x2A, 0xC7, 0xDC, 0xA7, 0x32, 0xEE,
    0x50, 0x80, 0xB9, 0x53, 0x29, 0x34, 0x8A, 0x0C, 0x63, 0xF3, 0x22, 0x37, 0xF9, 0xB0, 0x6A, 0xAC,
    0xB0, 0xDF, 0xD9, 0x9A, 0xE2, 0xC7, 0xED, 0x92, 0x92, 0x2F, 0x50, 0x88, 0x4F, 0x50, 0x64, 0x31,
    0x8A, 0x22, 0x42, 0xC3, 0x8A, 0x1A, 0x8B, 0x39, 0x72, 0x43, 0x8D, 0xA6, 0xC4, 0x5B, 0x12, 0x0F,
    0xC1, 0xAD, 0xDA, 0x80, 0x63, 0x90, 0xB2, 0x94, 0x3E, 0xEA, 0x28, 0xF6, 0x8A, 0x92, 0x01, 0x2C,
    0xFE, 0x91, 0xEC, 0x52, 0x18, 0xBB, 0x89, 0xFF, 0xDD, 0xF6, 0xD4, 0x98, 0x9A, 0x72, 0x3A, 0xA1,
    0xB5, 0xC9, 0xFD, 0xF7, 0x76, 0xCF, 0xEB, 0x7A, 0x19, 0x1E, 0x7A, 0x9F, 0x36, 0x91, 0x4D, 0xDA,
    0xD4, 0x48, 0x2D, 0xB1, 0xEB, 0x05, 0x76, 0x57, 0x3C, 0x4F, 0x2C, 0xE7, 0x0C, 0xB3, 0x4B, 0x9D,
    0x9A, 0xA4, 0x8D, 0x2C, 0x96, 0x79, 0xFF, 0x5D, 0xAA, 0xD1, 0x82, 0x5A, 0x85, 0x3A, 0x93, 0x74,
    0xB1, 0x8D, 0x90, 0x28, 0x24, 0x7E, 0x8B, 0x6D, 0xD2, 0x25, 0x06, 0xF3, 0xA9, 0x0C, 0xFD, 0x6A,
    0x7A, 0x77, 0x2B, 0x88, 0x7B, 0xCB, 0x7B, 0xD5, 0xEF, 0x07, 0xE1, 0x3B, 0x3A, 0x26, 0xFA, 0x27,
    0x25, 0x8F, 0x8C, 0xF8, 0xA4, 0x8B, 0xE9, 0x85, 0xA4, 0xE6, 0xDC, 0x78, 0x8F, 0x7C, 0xA5, 0x52,
    0xAA, 0x90, 0xB0, 0xEA, 0x01, 0xBD, 0x47, 0xEB, 0x61, 0x3D, 0x14, 0x9F, 0x17, 0x41, 0xE8, 0x1B,
    0x82, 0x40, 0xB0, 0x3C, 0xA4, 0x9A, 0xB4, 0x84, 0xF3, 0x86, 0x50, 0xA5, 0x42, 0x47, 0x70, 0x4E,
    0xAF, 0xDD, 0x25, 0xF2, 0x0A, 0x8C, 0x65, 0x1F, 0xBB, 0x92, 0x6A, 0xC8, 0x7A, 0x45, 0x65, 0x4D,
    0x0B, 0x08, 0x6C, 0x43, 0x79, 0xCD, 0x79, 0x81, 0x1A, 0xD4, 0xA3, 0x15, 0x7D, 0xD0, 0x13, 0xFD,
    0x69, 0x19, 0x0D, 0xF9, 0xB0, 0x5E, 0x1D, 0x2E, 0xE9, 0x86, 0xB4, 0x37, 0xA9, 0xCA, 0x77, 0xC7,
    0x89, 0xBD, 0xC5, 0x00, 0x09, 0x19, 0x5C, 0x24, 0x1D, 0x49, 0x03, 0xB8, 0xD2, 0x40, 0x89, 0xE5,
    0xD7, 0x2C, 0x30, 0x51, 0xF9, 0x71, 0xED, 0xC7, 0x74, 0xC2, 0x4B, 0x7B, 0x2F, 0xB5, 0xCC, 0xF2,
    0xCC, 0x75, 0xDA, 0xC5, 0x5E, 0x23, 0x13, 0x57, 0xD6, 0x81, 0x5B, 0xE4, 0xFA, 0x6E, 0xDC, 0xAF,
    0x7D, 0xB7, 0x3F, 0x29, 0x8A, 0x51, 0x0F, 0x90, 0x51, 0x06, 0x2A, 0x41, 0xE7, 0xD8, 0xE9, 0xBF,
    0x30, 0xEE, 0x21, 0x66, 0xBF, 0x6F, 0x69, 0x81, 0x39, 0x96, 0x7C, 0x72, 0x20, 0x00, 0x3D, 0x10,
    0xCF, 0x7B, 0x99, 0x84, 0xEF, 0x25, 0xB2, 0xC2, 0x49, 0xEF, 0xF2, 0x39, 0x49, 0xDF, 0xD2, 0xBE,
    0x63, 0x3E, 0xB7, 0xE0, 0xDE, 0x2E, 0x5B, 0xCD, 0xCB, 0xEE, 0xF5, 0xB4, 0xEE, 0xE3, 0x91, 0xD2,
    0x96, 0x85, 0x09, 0x49, 0x96, 0x8D, 0xAE, 0xBC, 0x3B, 0xA1, 0x01, 0xB2, 0x5A, 0x51, 0x8E, 0x0C,
    0xFC, 0x54, 0x54, 0x64, 0x1F, 0xE3, 0xD0, 0x6D, 0xD4, 0xE8, 0xC6, 0x4F, 0xC8, 0x61, 0x1E, 0xC7,
    0x62, 0xC0, 0x49, 0x48, 0xCD, 0xDB, 0x2F, 0x77, 0xD3, 0xF7, 0xBB, 0x93, 0x9A, 0x0F, 0xAB, 0xC3,
    0xB9, 0x68, 0xE9, 0x6D, 0x7E, 0x7F, 0x28, 0x68, 0x05, 0xF9, 0xA3, 0xAC, 0xA8, 0x97, 0xFF, 0xB0,
    0x89, 0x37, 0xF2, 0xB7, 0xAE, 0x08, 0x6B, 0x85, 0x93, 0x2A, 0x2B, 0x55, 0x67, 0xD0, 0x6C, 0x88,
    0x6A, 0x52, 0xD2, 0x77, 0xD5, 0x7D, 0xB7, 0xA2, 0xBA, 0xA6, 0xE5, 0x86, 0x0A, 0x6E, 0xA5, 0xE3,
    0xCC, 0x8F, 0x7B, 0xFE, 0x2C, 0x2C, 0x33, 0x50, 0xE4, 0x20, 0x57, 0xD6, 0x85, 0x89, 0xF2, 0x07,
    0x14, 0xB0, 0x14, 0x1E, 0xBC, 0x49, 0x95, 0x6B, 0x6C, 0xE8, 0xA5, 0xE7, 0x65, 0xF8, 0x11, 0xBD,
    0x4D, 0x11, 0x06, 0x3E, 0xC1, 0x69, 0xAD, 0x5B, 0xC2, 0x9C, 0x28, 0xF1, 0x8E, 0x1A, 0xAE, 0xA7,
    0xB7, 0xB7, 0x10, 0xDE, 0x3D, 0xF3, 0xE7, 0x21, 0xBA, 0x69, 0x12, 0xD8, 0x62, 0x83, 0xDE, 0x23,
    0xBE, 0xB8, 0x6C, 0xDA, 0xFD, 0x73, 0x56, 0x66, 0xB4, 0xEE, 0x8F, 0xB4, 0xF6, 0xFA, 0x2E, 0x10,
    0x01, 0x94, 0xCE, 0x40, 0x05, 0x1F, 0x25, 0x4B, 0x85, 0x85, 0x61, 0x38, 0xCF, 0x0F, 0x37, 0x5A,
    0x2E, 0x29, 0x6A, 0x9E, 0xE0, 0x3B, 0xF7, 0x80, 0x07, 0x4D, 0x6A, 0x1F, 0x95, 0xE1, 0xC0, 0x84,
    0x61, 0xA1, 0x62, 0x27, 0x3D, 0x14, 0x3A, 0xF2, 0xA3, 0xD0, 0x45, 0xDA, 0x15, 0xA9, 0x59, 0x4A,
    0x53, 0x24, 0x66, 0x25, 0x55, 0x28, 0xE9, 0x52, 0xA9, 0x42, 0xAB, 0x2E, 0x42, 0xCF, 0x12, 0xA3,
    0x62, 0xEF, 0x47, 0xCC, 0xB0, 0xFE, 0xD2, 0x85, 0xD9, 0x28, 0xCC, 0x8C, 0xC7, 0xAB, 0x37, 0xC2,
    0x8A, 0xD8, 0x00, 0x56, 0xEF, 0xB9, 0x01, 0x06, 0x30, 0x00, 0x90, 0x24, 0x7F, 0x42, 0x5B, 0x88,
    0x35, 0x85, 0xCD, 0x1A, 0x0A, 0x46, 0x15, 0x6C, 0xAF, 0xC6, 0x99, 0xA6, 0xBC, 0xB3, 0x70, 0xEE,
    0x31, 0x43, 0xCE, 0xC3, 0x74, 0x79, 0xDF, 0x33, 0x00, 0xEA, 0x19, 0x02, 0xAC, 0x06, 0x0C, 0xF1,
    0x0C, 0x22, 0xD3, 0xC4, 0x6D, 0x7D, 0x34, 0x62, 0xFB, 0x38, 0x73, 0xD8, 0xAE, 0x1E, 0x9D, 0xFA,
    0xA8, 0x46, 0x3D, 0x03, 0x79, 0xC0, 0xF7, 0x1A, 0x24, 0xF5, 0x4B, 0x14, 0x35, 0xA1, 0xAD, 0xF1,
    0x0F, 0x20, 0xD0, 0x49, 0x45, 0xDE, 0x77, 0xA9, 0x8B, 0x5A, 0x08, 0x95, 0x98, 0x1B, 0x66, 0xEB,
    0x98, 0x02, 0x08, 0x78, 0xA1, 0xF0, 0xBB, 0xDA, 0xD6, 0x43, 0x25, 0xD9, 0xAC, 0x93, 0x70, 0xD1,
    0x03, 0x1E, 0x47, 0xD9, 0xA4, 0x9A, 0x69, 0xC7, 0x47, 0x83, 0xB5, 0x32, 0xD3, 0x03, 0x36, 0x3D,
    0xF4, 0x96, 0x35, 0x19, 0xE4, 0x18, 0xB0, 0xF3, 0x2F, 0x7F, 0x73, 0x3D, 0xB7, 0xA3, 0x5F, 0xE0,
    0x03, 0x56, 0x77, 0x1E, 0x8F, 0xBC, 0xB3, 0x00, 0xDB, 0x8C, 0x4D, 0x20, 0x5F, 0xA9, 0x0C, 0xF5,
    0x63, 0xC8, 0xD7, 0x0E, 0xE9, 0x90, 0x5F, 0x1D, 0x32, 0xE7, 0xED, 0x6E, 0x2D, 0x76, 0xFB, 0xBB,
    0x9B, 0x77, 0x1B, 0x59, 0xA6, 0x12, 0x54, 0x81, 0x32, 0x13, 0x59, 0xEC, 0xD6, 0xF2, 0x38, 0xCA,
    0xFC, 0x03, 0xEC, 0xA0, 0xBD, 0x89, 0x60, 0x36, 0x02, 0xFD, 0x50, 0x9F, 0x40, 0x57, 0x9F, 0xAD,
    0x25, 0xFB, 0xD1, 0x1C, 0xD9, 0xC3, 0xD4, 0x36, 0xDE, 0xEC, 0x4F, 0x7C, 0xDA, 0xAA, 0x87, 0x5E,
    0xF5, 0xB1, 0xA3, 0x5E, 0xB4, 0xD4, 0xE7, 0x8A, 0x7A, 0xA8, 0xD9, 0x33, 0x74, 0x84, 0x51, 0x22,
    0x20, 0x87, 0x9E, 0x01, 0x80, 0xFD, 0x1A, 0xF5, 0x19, 0xDA, 0x81, 0xCD, 0x9E, 0x86, 0x2D, 0x52,
    0x32, 0x20, 0x41, 0xB4, 0x37, 0xC9, 0xE9, 0xDA, 0x3C, 0xCB, 0x5B, 0xB2, 0x2D, 0x65, 0xF5, 0xB3,
    0x98, 0x53, 0xD8, 0x3B, 0x9F, 0xD1, 0x9B, 0x76, 0x71, 0x48, 0xEF, 0xD9, 0xC5, 0x3D, 0x3A, 0x3C,
    0x3D, 0xB8, 0x4D, 0xBF, 0x3E, 0x2D, 0x7E, 0x4A, 0xDD, 0xA6, 0x10, 0xD4, 0x6E, 0x8A, 0xE4, 0x03,
    0x83, 0xE2, 0x91, 0xDE, 0x14, 0xD1, 0xDF, 0xD8, 0x38, 0x3D, 0xE5, 0xE2, 0x8C, 0x0B, 0x78, 0xFA,
    0x80, 0xAB, 0x50, 0x30, 0x32, 0x46, 0x90, 0x57, 0x20, 0xC8, 0xFB, 0x02, 0x1E, 0xB2, 0xEF, 0x41,
    0x70, 0xE8, 0x7D, 0x06, 0x12, 0x0F, 0x6D, 0x9F, 0x7C, 0x6D, 0xFB, 0xE8, 0x3B, 0xC0, 0xE1, 0x0C,
    0x54, 0x81, 0x24, 0x48, 0xD8, 0x1D, 0xD2, 0x70, 0xB6, 0xEC, 0xA2, 0x00, 0xC9, 0xD4, 0xED, 0x0D,
    0xEC, 0x33, 0x4E, 0xF8, 0x7C, 0x73, 0x3E, 0x60, 0xA9, 0xB1, 0x8C, 0x34, 0x28, 0x04, 0x3C, 0x3C,
    0x8A, 0xD5, 0xB6, 0x90, 0x26, 0xB4, 0x86, 0x7E, 0x61, 0x44, 0x18, 0x1B, 0x66, 0x09, 0xF3, 0x35,
    0xB0, 0xE1, 0xAC, 0x83, 0x2F, 0x54, 0x2C, 0x63, 0x75, 0x52, 0xF3, 0x6F, 0x15, 0xEA, 0x19, 0xC2,
    0x1E, 0xFD, 0x18, 0x5F, 0xD7, 0xD1, 0xFF, 0x85, 0xB1, 0xED, 0xD4, 0x0C, 0x5C, 0xB6, 0xA8, 0x18,
    0x15, 0x2A, 0x7F, 0x79, 0x8D, 0x51, 0xC8, 0xB6, 0x04, 0xE3, 0x10, 0x9D, 0xCD, 0xDC, 0x7A, 0x33,
    0x43, 0x06, 0xBE, 0xB5, 0x0F, 0xE9, 0x78, 0xDB, 0x97, 0x0D, 0x84, 0x30, 0x6C, 0x30, 0x05, 0x9C,
    0x50, 0xA6, 0x7F, 0x16, 0x54, 0x24, 0xDF, 0x29, 0x3D, 0x3B, 0x42, 0x5E, 0x07, 0x47, 0x4F, 0x31,
    0x5C, 0x1E, 0x8C, 0x0B, 0x3E, 0x14, 0x73, 0xCA, 0xBF, 0x3F, 0xC7, 0x37, 0x5C, 0x34, 0xED, 0x81,
    0x4B, 0x18, 0xF3, 0x8E, 0x89, 0xCD, 0xF3, 0xFF, 0x4A, 0xF0, 0x3F, 0xE6, 0x75, 0x09, 0x46, 0x05,
    0x12, 0x14, 0xE6, 0x18, 0xBC, 0x54, 0x6A, 0x0D, 0xAB, 0x09, 0x71, 0xC1, 0x89, 0xD4, 0xCC, 0x7E,
    0x08, 0x47, 0x2B, 0x16, 0x57, 0xCE, 0x4A, 0x0E, 0x6E, 0xB1, 0x55, 0xC3, 0x71, 0x03, 0x9B, 0x5A,
    0x44, 0x62, 0x2D, 0x40, 0xCD, 0x16, 0xDC, 0xF1, 0x46, 0x86, 0x8C, 0x25, 0xCB, 0x76, 0xA1, 0x64,
    0x97, 0x97, 0xF1, 0x46, 0xA5, 0xDB, 0xD9, 0x6F, 0xB6, 0xE4, 0xC1, 0x13, 0x3A, 0xEE, 0x41, 0xB0,
    0x13, 0x10, 0x98, 0xE5, 0x53, 0x8A, 0x2D, 0xE2, 0xBD, 0x2E, 0xE9, 0xE0, 0x52, 0x10, 0x2B, 0xC2,
    0x4F, 0xD8, 0x04, 0xF1, 0xE2, 0x72, 0x93, 0x1A, 0x61, 0x36, 0x2B, 0x81, 0xE8, 0xD0, 0x2D, 0xA5,
    0x4A, 0xFE, 0x62, 0x17, 0x92, 0x92, 0xC7, 0x5D, 0x96, 0x51, 0xFC, 0xAD, 0x91, 0xBF, 0x22, 0xBA,
    0xD0, 0x62, 0x64, 0xA7, 0xC1, 0x01, 0x69, 0x13, 0x04, 0x5B, 0xB2, 0xF3, 0x85, 0xF5, 0xE9, 0xA5,
    0x4E, 0x6C, 0xDA, 0x0A, 0x03, 0x75, 0x03, 0xC2, 0x78, 0x0B, 0xBC, 0x21, 0x30, 0x23, 0xC1, 0x06,
    0x8E, 0x70, 0x0E, 0x68, 0x30, 0x62, 0x28, 0xB1, 0x85, 0x4C, 0x71, 0x5F, 0x89, 0x78, 0x33, 0xC7,
    0x04, 0xE0, 0x6F, 0x80, 0x41, 0xC0, 0xA8, 0xB9, 0x45, 0x86, 0x16, 0xAC, 0x6A, 0xB9, 0x05, 0xF3,
    0x9C, 0x60, 0x9E, 0xBC, 0x63, 0xB0, 0x11, 0x87, 0x7B, 0x37, 0x11, 0x3C, 0xA7, 0x61, 0x9A, 0x41,
    0xC0, 0xBB, 0xC6, 0x7A, 0x1C, 0x50, 0x21, 0xAA, 0x09, 0x27, 0x5F, 0xCD, 0xA6, 0x13, 0x2C, 0x73,
    0xB4, 0x16, 0x5C, 0xE1, 0xAE, 0xBA, 0x82, 0x35, 0x64, 0x6A, 0x6C, 0x63, 0x37, 0xF4, 0xBA, 0x89,
    0x7B, 0xAF, 0x42, 0x54, 0xCB, 0xB7, 0x88, 0x10, 0x6B, 0x81, 0x8F, 0xE0, 0x1A, 0xD9, 0xCD, 0x47,
    0x73, 0xE4, 0xB7, 0xD9, 0xC5, 0x5C, 0x8B, 0xB9, 0x93, 0xBA, 0xA9, 0x13, 0xDC, 0x48, 0x08, 0xBA,
    0x5F, 0x2F, 0x71, 0x6F, 0x56, 0x2C, 0x4F, 0xD1, 0x85, 0x0E, 0x01, 0x38, 0xCE, 0x15, 0x61, 0x14,
    0x4C, 0x55, 0x79, 0x97, 0xDE, 0xDC, 0xED, 0xE8, 0x2E, 0x47, 0xDC, 0x58, 0x2E, 0xD2, 0xD0, 0xC7,
    0xCC, 0x9B, 0x37, 0x10, 0x6D, 0xF0, 0x9A, 0x36, 0xF5, 0xB6, 0xF2, 0xF6, 0x8C, 0x60, 0x95, 0x38,
    0xE3, 0x05, 0x9F, 0x08, 0x87, 0x4F, 0x5F, 0xB1, 0xE7, 0xCF, 0x26, 0x05, 0x0D, 0x19, 0x63, 0xE7,
    0xA8, 0x76, 0xB4, 0x72, 0x54, 0xEC, 0x32, 0xDE, 0x07, 0x97, 0xE2, 0xCE, 0xD5, 0x1E, 0x4D, 0x0C,
    0x63, 0x0C, 0xCF, 0xB5, 0x2A, 0xE7, 0xF0, 0x32, 0x6C, 0x6A, 0x0E, 0x72, 0x51, 0x93, 0xEB, 0x5B,
    0x21, 0x72, 0xC4, 0x39, 0xDE, 0x09, 0xA2, 0x78, 0x91, 0x23, 0xFF, 0x07, 0xE9, 0xA7, 0x5C, 0x9D,
    0x14, 0x1C, 0x9B, 0x23, 0x00, 0x5C, 0x6C, 0x42, 0x89, 0x77, 0xDC, 0x59, 0x72, 0xBD, 0x80, 0x92,
    0x47, 0xCD, 0x39, 0xA2, 0x4E, 0xB1, 0x8D, 0x1F, 0x11, 0xD4, 0x17, 0x73, 0x04, 0x7A, 0x69, 0xFE,
    0xB7, 0x10, 0xF9, 0xC2, 0x24, 0x88, 0xA9, 0x9A, 0xD8, 0x4E, 0x38, 0x24, 0x78, 0xDF, 0xD1, 0xD1,
    0x75, 0x29, 0x6A, 0xBE, 0x11, 0x7E, 0xCC, 0x35, 0x82, 0x1B, 0x9E, 0x0C, 0xB7, 0xA0, 0x10, 0x5C,
    0x72, 0xC6, 0xF4, 0xB9, 0x3A, 0x93, 0x7E, 0x8C, 0xFC, 0xF1, 0x1C, 0xCC, 0xBE, 0x15, 0x0D, 0x90,
    0xCD, 0xBE, 0x57, 0xAF, 0xCA, 0xE6, 0x62, 0x22, 0x76, 0xA4, 0xA9, 0x85, 0xEB, 0xC5, 0xBC, 0x21,
    0xF7, 0xAF, 0xE6, 0x82, 0x55, 0xB1, 0xB8, 0xFC, 0x04, 0x2E, 0xE6, 0xC7, 0xFD, 0x40, 0xB2, 0x89,
    0x6D, 0xDA, 0xE6, 0x9A, 0x85, 0x5D, 0xD2, 0xC1, 0x0A, 0x40, 0x79, 0x10, 0xAF, 0x5C, 0x74, 0x04,
    0xD8, 0x03, 0x0E, 0xDF, 0x63, 0xDB, 0x9F, 0x13, 0x2E, 0xB7, 0x4E, 0x1A, 0x97, 0x80, 0x27, 0x77,
    0x70, 0xE9, 0x02, 0x78, 0x5D, 0xAA, 0x70, 0x01, 0x15, 0xE6, 0x68, 0x12, 0xEC, 0x20, 0x10, 0x7A,
    0xE2, 0x34, 0x85, 0xC1, 0xA5, 0x3A, 0x69, 0xB1, 0x21, 0x2C, 0x81, 0x2B, 0xE0, 0xEB, 0x14, 0x47,
    0x41, 0x0C, 0xEE, 0xC7, 0xC4, 0x80, 0x23, 0x84, 0xC5, 0xC6, 0xA5, 0x57, 0x9F, 0x05, 0x4B, 0xB7,
    0x82, 0x42, 0xD4, 0xF3, 0xA5, 0x57, 0xF1, 0x2F, 0x7F, 0x73, 0x3D, 0xB7, 0x73, 0x3F, 0xEE, 0xBF,
    0x9B, 0xDA, 0x31, 0xD6, 0xAE, 0xA2, 0xAF, 0x06, 0x2A, 0x81, 0x4D, 0x20, 0xF4, 0x8A, 0x78, 0x80,
    0x17, 0xA0, 0x06, 0xD8, 0x29, 0x5F, 0xC1, 0x14, 0x50, 0x06, 0xAC, 0x01, 0x71, 0xC0, 0xDD, 0x15,
    0x24, 0x1E, 0x0D, 0x7E, 0xB8, 0xFE, 0x1C, 0x04, 0x5F, 0xE6, 0xD4, 0x59, 0xC4, 0xFE, 0x0C, 0x98,
    0xAB, 0x1E, 0x10, 0xDB, 0x42, 0xC4, 0x2C, 0x82, 0x63, 0xF9, 0x5F, 0x08, 0xE3, 0xBD, 0x3A, 0x3A,
    0xE7, 0x0B, 0xC5, 0xF3, 0x9B, 0x6E, 0xE5, 0x39, 0xBF, 0x7C, 0xF7, 0xDD, 0x66, 0x0E, 0x8E, 0x23,
    0x68, 0xA3, 0xDA, 0x9B, 0xF0, 0x59, 0x5C, 0x9B, 0x0B, 0x0E, 0xBC, 0x8B, 0x4C, 0x17, 0x01, 0x89,
    0xDF, 0xB0, 0x68, 0x8A, 0xED, 0x8D, 0x3E, 0x87, 0xE0, 0x82, 0xC0, 0xB4, 0x0B, 0x57, 0xC3, 0xE4,
    0xAF, 0x1D, 0xDB, 0x68, 0xF8, 0x5D, 0xC3, 0xF6, 0x79, 0xF6, 0x77, 0x41, 0x0B, 0x71, 0x6F, 0xE2,
    0x6B, 0x7B, 0x5F, 0xD2, 0x08, 0x58, 0xD0, 0x84, 0x38, 0x31, 0x7A, 0x1A, 0x77, 0xF2, 0x83, 0xAF,
    0x92, 0x56, 0xFC, 0xE6, 0x4F, 0x1F, 0x9A, 0xF4, 0xD1, 0xA7, 0x9F, 0x9A, 0xE4, 0xCB, 0x0F, 0xFF,
    0xAC, 0xE2, 0xA7, 0xF1, 0x53, 0xB8, 0x4D, 0x76, 0x9C, 0x23, 0x12, 0x0F, 0x0D, 0x7F, 0xCE, 0x64,
    0x58, 0x48, 0xF0, 0x22, 0x7F, 0xE7, 0x68, 0xCD, 0xB0, 0xE9, 0x9F, 0x6D, 0x26, 0x3C, 0x78, 0xFC,
    0x1F, 0xDC, 0x5E, 0xBE, 0xC0, 0xDD, 0x54, 0x0D, 0x60, 0x0D, 0xB6, 0x27, 0xB0, 0xC6, 0x77, 0x45,
    0xB0, 0x89, 0x57, 0x9C, 0x2C, 0x78, 0x4C, 0x8D, 0x85, 0x37, 0x89, 0x1F, 0xB7, 0xF4, 0x6D, 0xF8,
    0xB3, 0xA3, 0x52, 0x3C, 0x7E, 0x11, 0xFE, 0x8C, 0xE9, 0xF9, 0x5F, 0x90, 0x06, 0x15, 0x1E, 0x77,
    0xD1, 0x9E, 0xCD, 0x35, 0xBC, 0x05, 0x7C, 0xC8, 0x09, 0x5B, 0xEF, 0xD8, 0x86, 0x1B, 0xA9, 0xE6,
    0xEE, 0x95, 0x87, 0x0E, 0x0E, 0x54, 0x27, 0x03, 0x7C, 0x87, 0x16, 0xEA, 0x45, 0x92, 0x98, 0x6A,
    0xA0, 0x89, 0x23, 0x90, 0x4B, 0xB5, 0xF0, 0x63, 0x2D, 0x1C, 0x55, 0xBD, 0xB9, 0xE9, 0x41, 0x7C,
    0xA1, 0xC2, 0x5F, 0x21, 0x97, 0x13, 0xFF, 0x2D, 0x32, 0x46, 0x63, 0x62, 0x2F, 0xD7, 0xA6, 0x70,
    0x48, 0x5E, 0xE1, 0x12, 0xDD, 0xFE, 0xA4, 0x1A, 0xEF, 0x9C, 0xAE, 0x87, 0xCF, 0x52, 0xF7, 0x5F,
    0xBD, 0x58, 0x3F, 0x6F, 0xDC, 0xC8, 0x15, 0x7F, 0x24, 0x1D, 0x8D, 0x13, 0xFA, 0x3C, 0x2E, 0x5C,
    0x08, 0x90, 0x25, 0xBA, 0x50, 0x29, 0x2D, 0x5D, 0x5C, 0xE1, 0x00, 0xE4, 0x72, 0x1C, 0x17, 0x57,
    0x5C, 0x11, 0x7F, 0x83, 0x5C, 0x11, 0xE0, 0x4A, 0xA7, 0x50, 0xA1, 0x00, 0x2B, 0x89, 0x71, 0x80,
    0x5C, 0x79, 0xFA, 0x06, 0xB9, 0x0F, 0x61, 0x20, 0x5B, 0x70, 0x6F, 0xC7, 0x0E, 0x90, 0x26, 0x45,
    0x78, 0x69, 0xD2, 0x25, 0xBC, 0x43, 0x80, 0x4B, 0x97, 0x01, 0x32, 0x49, 0x98, 0x1C, 0x77, 0x27,
    0xBF, 0x37, 0xDC, 0xB5, 0xD6, 0x3A, 0x29, 0x96, 0x2C, 0xEB, 0x96, 0x33, 0x6F, 0x87, 0x33, 0xF3,
    0xFE, 0xCC, 0xCC, 0xFB, 0x37, 0x1C, 0x50, 0x41, 0x03, 0xE2, 0xDF, 0x3D, 0xDA, 0xA4, 0x5D, 0xB4,
    0x07, 0x34, 0x3C, 0xF5, 0x50, 0xB6, 0x28, 0xC1, 0xB4, 0x8E, 0x5D, 0x93, 0x2A, 0x95, 0x13, 0x55,
    0x44, 0xED, 0xB2, 0xA0, 0x7D, 0x40, 0x94, 0x96, 0x77, 0xA4, 0x33, 0x81, 0x6B, 0x5E, 0xCD, 0xA7,
    0xB4, 0x25, 0x37, 0x0B, 0xED, 0x8D, 0xA8, 0xA1, 0xA8, 0xA6, 0x48, 0x2F, 0xCA, 0xD4, 0x19, 0x94,
    0xBE, 0x2D, 0x7C, 0x89, 0x51, 0x9C, 0x93, 0xCE, 0x3D, 0xA0, 0x5B, 0x93, 0xE9, 0x51, 0xE1, 0x3A,
    0xF9, 0xC8, 0x0E, 0x68, 0x7F, 0x87, 0x32, 0x14, 0x34, 0xF0, 0x8A, 0xCE, 0x89, 0x3B, 0xC2, 0x84,
    0x03, 0x10, 0x4B, 0x81, 0x22, 0x95, 0x04, 0x1C, 0x52, 0xD4, 0x8C, 0x28, 0xB0, 0x96, 0xE8, 0x73,
    0x43, 0x54, 0x68, 0x02, 0x19, 0xC5, 0x95, 0x24, 0x96, 0x85, 0x7A, 0xFA, 0x9D, 0xEB, 0x78, 0xF9,
    0xFB, 0xA9, 0x5F, 0xFC, 0xAB, 0xD7, 0x71, 0xE8, 0x8E, 0x13, 0xD7, 0x0C, 0x83, 0x63, 0x88, 0x8F,
    0xA5, 0x27, 0x35, 0xC9, 0x39, 0xE5, 0x4F, 0xEB, 0x71, 0x64, 0x0C, 0x19, 0x4B, 0xE6, 0x30, 0x30,
    0xE9, 0xD7, 0xF5, 0x1A, 0xC8, 0x25, 0x58, 0x40, 0x43, 0x61, 0xF3, 0x44, 0x34, 0x53, 0xA7, 0x9F,
    0xCE, 0x69, 0x57, 0xD2, 0x30, 0x51, 0x80, 0x14, 0xCF, 0x15, 0x61, 0x99, 0x96, 0x22, 0x1B, 0xCC,
    0x48, 0x96, 0x94, 0xD0, 0x56, 0x38, 0x17, 0x3A, 0x93, 0xEE, 0xB1, 0xCE, 0x86, 0x41, 0x50, 0xEF,
    0x83, 0x7E, 0xB3, 0xB7, 0x0F, 0xE0, 0x5B, 0xBE, 0x2F, 0x4B, 0xDC, 0x2F, 0x35, 0xE6, 0x7D, 0xA0,
    0x3D, 0x86, 0xC7, 0xF5, 0x54, 0x3C, 0xBD, 0xB8, 0xC5, 0x4A, 0xD0, 0x54, 0xC2, 0xA9, 0xD4, 0xA9,
    0x4C, 0x70, 0x41, 0x23, 0x86, 0x28, 0x9F, 0xAD, 0x07, 0x26, 0x8B, 0xEA, 0x56, 0x3E, 0x33, 0xA9,
    0xA8, 0x87, 0x52, 0x03, 0xA2, 0x8D, 0x1E, 0xF4, 0x63, 0x74, 0xEA, 0x1C, 0x4A, 0xBF, 0x1B, 0xA7,
    0xCA, 0x51, 0x77, 0xD4, 0x9D, 0x29, 0xAF, 0x9C, 0x41, 0xDE, 0x84, 0xE5, 0xDD, 0x14, 0x2F, 0xEA,
    0xFD, 0x4D, 0xA1, 0x9B, 0xBD, 0xC4, 0xA9, 0x66, 0x3F, 0x99, 0x41, 0xDE, 0xCD, 0x2D, 0xC8, 0xBB,
    0x29, 0x20, 0xEF, 0x66, 0xF8, 0xA7, 0x33, 0xE5, 0x75, 0x33, 0x37, 0x8B, 0x9B, 0xB4, 0xCB, 0x76,
    0xF7, 0x6E, 0x67, 0x83, 0xB4, 0x8B, 0x57, 0x14, 0xC3, 0x97, 0x85, 0x50, 0xAF, 0x77, 0x12, 0x2D,
    0xFA, 0x37, 0x6C, 0xD1, 0x6D, 0xEF, 0xD2, 0x0E, 0x3D, 0xA4, 0x46, 0x94, 0xEF, 0x51, 0xEA, 0x0A,
    0x97, 0xA0, 0xEF, 0x6E, 0x26, 0xAC, 0xE8, 0xA0, 0xA6, 0xB7, 0xEF, 0x0C, 0x8A, 0x2E, 0x6D, 0x22,
    0x25, 0x15, 0x14, 0x84, 0x3E, 0x22, 0x4B, 0xED, 0x79, 0xA5, 0xA3, 0x76, 0x4E, 0xAD, 0x73, 0xED,
    0xBF, 0x5C, 0x03, 0xF1, 0x56, 0x0B, 0x4D, 0xE7, 0xD8, 0x42, 0x57, 0x16, 0x4E, 0x94, 0x53, 0x54,
    0xB7, 0x52, 0xF9, 0x9D, 0xFB, 0x25, 0x6A, 0x30, 0x15, 0x25, 0xC9, 0x8B, 0xD7, 0xFC, 0xF3, 0x3C,
    0x52, 0x31, 0xC5, 0x65, 0x54, 0x17, 0xBA, 0x50, 0x91, 0x4E, 0xF5, 0x54, 0x7F, 0xAC, 0xA3, 0x95,
    0x07, 0x27, 0x5A, 0x38, 0xAA, 0xE2, 0x12, 0xB6, 0xD0, 0x97, 0x51, 0x0C, 0x7E, 0x7C, 0xD2, 0x3F,
    0xBB, 0x47, 0xE3, 0x84, 0x72, 0x59, 0x26, 0x51, 0x2D, 0x5F, 0x1A, 0x81, 0xA3, 0x7D, 0x69, 0xD0,
    0x46, 0x0F, 0xFA, 0x31, 0x0A, 0xD3, 0xC1, 0x2F, 0xD5, 0x6C, 0xBD, 0x53, 0xCD, 0x1B, 0xF7, 0xB1,
    0xE6, 0xE5, 0x44, 0x3A, 0x30, 0x0C, 0x61, 0x6F, 0x80, 0x10, 0x05, 0x90, 0x75, 0x3E, 0xD2, 0x03,
    0x4C, 0x8A, 0x74, 0x46, 0x1D, 0xDE, 0x6C, 0x04, 0x18, 0x98, 0x78, 0x87, 0x07, 0x36, 0x01, 0xE3,
    0xF2, 0xE1, 0x0E, 0xEB, 0xC3, 0x11, 0x94, 0x69, 0x80, 0x13, 0x50, 0x4C, 0x71, 0xC7, 0x6F, 0xD0,
    0x4E, 0xCF, 0x2B, 0x65, 0x26, 0xE0, 0xF4, 0x1C, 0x8C, 0xC0, 0xC2, 0x73, 0xF0, 0x0C, 0x3C, 0x7D,
    0x26, 0xCF, 0xD4, 0x93, 0x26, 0xD2, 0xCF, 0x8B, 0x0E, 0xB4, 0xB7, 0x33, 0xB6, 0xF9, 0x1D, 0xC2,
    0x8C, 0x3D, 0x10, 0x0E, 0x1A, 0xD0, 0x15, 0x4C, 0x76, 0x93, 0xA9, 0x16, 0x73, 0xD0, 0x28, 0xE6,
    0x09, 0x1F, 0x00, 0x61, 0x3E, 0x58, 0xDC, 0xCD, 0x48, 0x2A, 0x12, 0x16, 0x9A, 0x44, 0x38, 0x60,
    0x56, 0x85, 0x01, 0x8D, 0x01, 0x6F, 0x13, 0x56, 0x74, 0x67, 0x10, 0xD6, 0x3C, 0x53, 0x80, 0x5B,
    0xDA, 0x48, 0x55, 0x60, 0x20, 0x21, 0xA8, 0x34, 0x65, 0xE1, 0xEF, 0xD9, 0x82, 0xC5, 0x87, 0x80,
    0xE6, 0x76, 0x4C, 0x14, 0xD6, 0x89, 0xAB, 0xE1, 0x55, 0x52, 0x40, 0x50, 0x44, 0xCF, 0x16, 0x31,
    0x1C, 0x11, 0xCD, 0x3C, 0xEC, 0x7F, 0xBD, 0xBA, 0x81, 0x81, 0x61, 0x33, 0x86, 0x06, 0xA7, 0x44,
    0xB9, 0x1F, 0x07, 0x2C, 0x1E, 0x95, 0x20, 0x12, 0x62, 0x1F, 0x6E, 0x91, 0xE7, 0x84, 0x9F, 0xE0,
    0x6D, 0x08, 0x1B, 0x6E, 0x1E, 0xD3, 0xEA, 0x2F, 0xE2, 0xBE, 0xD8, 0xB0, 0x67, 0x69, 0x79, 0xA7,
    0xE0, 0x0F, 0x29, 0x87, 0xF3, 0xA0, 0x11, 0x48, 0x52, 0x0B, 0x19, 0xC8, 0x80, 0x7E, 0x68, 0x40,
    0x21, 0xAA, 0x31, 0x5B, 0xE8, 0xD0, 0xB0, 0xC3, 0xB3, 0xEC, 0x9B, 0x5A, 0xA6, 0x5E, 0xB1, 0xB3,
    0xC9, 0x3D, 0x67, 0x76, 0xA7, 0xCC, 0x6F, 0x9D, 0x49, 0x7B, 0x69, 0x8D, 0x3F, 0x3F, 0x66, 0xAE,
    0xBE, 0x03, 0xBE, 0xE5, 0x92, 0xB2, 0xDC, 0xE3, 0x5D, 0xDA, 0x05, 0xD8, 0xBE, 0x79, 0xFD, 0x7C,
    0x93, 0x0F, 0x80, 0x7B, 0xC4, 0x07, 0xFA, 0x51, 0x45, 0xDF, 0xFA, 0x5D, 0x0B, 0xCB, 0x0C, 0x7A,
    0x41, 0x13, 0xD6, 0x24, 0xDF, 0xBA, 0x66, 0x6E, 0x82, 0x89, 0xBE, 0xF7, 0x3E, 0x87, 0xDA, 0x7B,
    0xDC, 0x7A, 0xB8, 0xE4, 0x71, 0x9A, 0x51, 0x7E, 0xD5, 0x13, 0xC4, 0x38, 0x48, 0x26, 0x1E, 0x0E,
    0xBD, 0x85, 0x75, 0x0C, 0x03, 0xC3, 0x30, 0xAA, 0x19, 0xC6, 0x9A, 0x61, 0xA2, 0x9C, 0xD3, 0xC0,
    0x67, 0x58, 0x79, 0x67, 0x68, 0x19, 0x86, 0x4C, 0x9F, 0x84, 0x87, 0xD2, 0x7B, 0x95, 0xC4, 0x7B,
    0x02, 0x30, 0x42, 0x5F, 0xE5, 0x21, 0x6D, 0xCC, 0x55, 0xE0, 0x5C, 0x23, 0x6C, 0x50, 0x63, 0x0E,
    0x1B, 0x0F, 0x8F, 0x73, 0x22, 0xE0, 0x95, 0xB6, 0x5A, 0xFC, 0x8F, 0x16, 0xFD, 0xDE, 0x5E, 0xA1,
    0x5A, 0xB1, 0x0D, 0x8E, 0x19, 0x8F, 0x12, 0x84, 0x88, 0xA8, 0xEC, 0x15, 0x1B, 0x6B, 0x22, 0x76,
    0x5B, 0x69, 0xE3, 0x27, 0x05, 0xDA, 0x9B, 0xD9, 0x73, 0x6F, 0x89, 0x4B, 0xD5, 0xC3, 0x72, 0x51,
    0xDA, 0x95, 0xB4, 0xA3, 0xE5, 0x4E, 0x83, 0x72, 0xAA, 0xD3, 0xF7, 0xCF, 0x50, 0x28, 0x82, 0xF5,
    0x97, 0x6C, 0xFD, 0x90, 0xE2, 0xC1, 0x15, 0xE8, 0xDC, 0xE7, 0x97, 0xE8, 0xCF, 0x14, 0x0B, 0xF5,
    0xBD, 0xA5, 0x0D, 0xBE, 0x05, 0x1D, 0x44, 0x85, 0xE4, 0x43, 0xCD, 0xF1, 0xE1, 0x6D, 0x29, 0x6C,
    0xC3, 0x65, 0x25, 0x70, 0xA9, 0xBD, 0x10, 0xB2, 0x7C, 0xD3, 0x13, 0x94, 0xEC, 0x2F, 0x33, 0xDA,
    0xF6, 0x0C, 0x87, 0x6F, 0x7C, 0xA8, 0x8C, 0x1A, 0xB9, 0xBF, 0xB3, 0x79, 0xF7, 0x66, 0x6F, 0x06,
    0x6F, 0x7A, 0x60, 0x37, 0x07, 0xE9, 0x89, 0xF5, 0x70, 0x9E, 0x77, 0xC9, 0xB2, 0xE6, 0xFE, 0xE3,
    0x15, 0xB6, 0x86, 0x4A, 0x6E, 0x58, 0x4E, 0x04, 0x67, 0x0C, 0x0A, 0x06, 0x09, 0x03, 0x89, 0x28,
    0xBC, 0x04, 0xFE, 0x75, 0x09, 0x92, 0x57, 0xF3, 0x18, 0x23, 0xB6, 0x3D, 0x15, 0x4F, 0x8F, 0x26,
    0xF7, 0xA0, 0xC4, 0x1D, 0x85, 0xBF, 0x6A, 0x5E, 0xB3, 0xEB, 0x16, 0x5A, 0x36, 0x43, 0x75, 0x0A,
    0x15, 0x51, 0xEC, 0x1B, 0x13, 0x98, 0x16, 0x29, 0x52, 0x9B, 0xA3, 0x26, 0xA8, 0xF1, 0x0B, 0xD3,
    0x46, 0x5F, 0x9A, 0x36, 0xF8, 0x27, 0x8E, 0x60, 0x82, 0x5A, 0xA0, 0x4A, 0xD4, 0x18, 0x35, 0x32,
    0x8C, 0x4F, 0x3F, 0xF0, 0x5B, 0xAF, 0x96, 0x3E, 0xD9, 0x7B, 0x67, 0xD6, 0x90, 0x95, 0xDF, 0xC6,
    0x1C, 0xFA, 0xCC, 0x4A, 0x2E, 0xEC, 0x5A, 0xC7, 0x26, 0x74, 0xC8, 0xF6, 0x91, 0xF2, 0x06, 0xCB,
    0x72, 0xC4, 0x46, 0x35, 0x62, 0x13, 0xAC, 0x18, 0x8C, 0x16, 0x40, 0x6A, 0x3F, 0xEA, 0xE7, 0x79,
    0x0C, 0x8F, 0xEB, 0xA9, 0x78, 0x7A, 0xD4, 0x47, 0x22, 0x76, 0x0E, 0x6C, 0x19, 0x7D, 0x20, 0x0A,
    0xCA, 0xEF, 0x80, 0x2F, 0xF3, 0x60, 0x0B, 0x25, 0xC1, 0xC6, 0xBC, 0xC5, 0xD9, 0xC4, 0xCD, 0xB5,
    0xEB, 0xE7, 0x2B, 0x9F, 0x61, 0x8F, 0x0B, 0x44, 0x60, 0x7A, 0xFF, 0xE0, 0xDB, 0x01, 0xE1, 0x5A,
    0x58, 0x72, 0xEA, 0x4E, 0x05, 0xBB, 0x29, 0xDF, 0xBA, 0xEE, 0x8D, 0xA5, 0xE7, 0x41, 0x73, 0x20,
    0xEA, 0xE4, 0x27, 0x4A, 0xCC, 0x28, 0x6C, 0x09, 0x10, 0x6D, 0xF4, 0xA0, 0xBF, 0xE7, 0xBB, 0xC6,
    0x53, 0x25, 0x3B, 0xDA, 0xF9, 0x92, 0x75, 0x30, 0x07, 0xBD, 0xC8, 0x81, 0xB5, 0xFC, 0x14, 0xAC,
    0x87, 0xCC, 0xBA, 0x02, 0xEB, 0xD0, 0x80, 0xAB, 0xD0, 0x00, 0xB8, 0x17, 0xE9, 0xE1, 0x90, 0x59,
    0xB7, 0xCC, 0xDA, 0x80, 0x75, 0xEC, 0x71, 0x99, 0xF5, 0x80, 0x59, 0xF7, 0x3E, 0xF5, 0x98, 0xFA,
    0x04, 0x38, 0x5B, 0x5C, 0x8B, 0x56, 0xCE, 0xD4, 0x22, 0xD0, 0x5C, 0xB4, 0x42, 0x6E, 0x2C, 0x3C,
    0xD6, 0x07, 0xE0, 0x58, 0xA8, 0x23, 0xB0, 0xE9, 0xF8, 0xA6, 0xD8, 0x2B, 0x27, 0x9B, 0x08, 0xDB,
    0xCA, 0xEE, 0x32, 0xA1, 0x79, 0x87, 0xF4, 0x79, 0x15, 0x1C, 0x76, 0x7E, 0xA3, 0x29, 0xA8, 0x1B,
    0xB0, 0x7B, 0xF2, 0x4E, 0xE9, 0x87, 0x35, 0x12, 0xC3, 0x2F, 0xAD, 0xFF, 0x7F, 0xA7, 0x72, 0xE3,
    0xAA, 0xE2, 0xBD, 0xC6, 0x72, 0x6F, 0xBE, 0x7F, 0xB2, 0x2F, 0x13, 0xF8, 0xA8, 0x02, 0xC6, 0x96,
    0x28, 0xDC, 0xDF, 0xB4, 0xD4, 0x51, 0x93, 0xE0, 0x0D, 0x7A, 0xD4, 0x41, 0xB5, 0x0E, 0x6D, 0x1F,
    0x21, 0x39, 0xDC, 0xC6, 0xE5, 0xB9, 0xB5, 0xF5, 0x8E, 0xAE, 0xAF, 0x8E, 0xEF, 0x61, 0x08, 0xD6,
    0x2D, 0x6E, 0x66, 0x70, 0x66, 0xC4, 0x19, 0x03, 0x1C, 0x9A, 0xEA, 0xFF, 0x0B, 0xDF, 0xCF, 0x79,
    0x04, 0xCF, 0x5B, 0xC5, 0x5B, 0xC3, 0x7B, 0x0A, 0x6D, 0x39, 0x84, 0xDD, 0x57, 0x3E, 0x29, 0xC0,
    0x03, 0xDF, 0x67, 0x91, 0xD2, 0x5B, 0xC8, 0x8C, 0xBB, 0x39, 0x59, 0xB8, 0x22, 0x5B, 0xA0, 0x9D,
    0x62, 0x4C, 0xCC, 0x31, 0xE3, 0x08, 0x55, 0x96, 0xBE, 0x3E, 0x49, 0x94, 0x85, 0xCB, 0xB6, 0x4F,
    0x2D, 0x27, 0xAD, 0x7C, 0x19, 0x31, 0x3E, 0x0A, 0xAF, 0x9F, 0x18, 0x54, 0xE2, 0xF4, 0x0D, 0x61,
    0x7C, 0xDC, 0x37, 0xC2, 0x99, 0xC2, 0x99, 0x09, 0xC1, 0xC3, 0x72, 0x41, 0x03, 0xAF, 0x31, 0x04,
    0x58, 0xF3, 0xAA, 0x99, 0x7B, 0x97, 0xF7, 0xD9, 0x25, 0x71, 0xEF, 0x73, 0x16, 0x12, 0xFE, 0x85,
    0xE2, 0xC7, 0xE5, 0x5A, 0xA0, 0x2E, 0x85, 0x1B, 0x35, 0xB5, 0x74, 0xFA, 0x56, 0xAA, 0x56, 0x3D,
    0xC0, 0x45, 0x10, 0xE3, 0xC7, 0x5A, 0x7E, 0x52, 0x03, 0x5E, 0x4E, 0xD4, 0x8A, 0xA2, 0x4F, 0x28,
    0x7A, 0xCC, 0x90, 0xAA, 0xCB, 0x71, 0xDC, 0x98, 0x07, 0x73, 0x95, 0xB8, 0x3F, 0xB8, 0xE6, 0x86,
    0x70, 0xA1, 0xA5, 0xA0, 0xE3, 0x3B, 0x8D, 0xA5, 0x11, 0xF2, 0x37, 0xD7, 0x15, 0x0C, 0x26, 0x6C,
    0xE6, 0x6D, 0x9F, 0x48, 0x80, 0xFA, 0x24, 0x70, 0xEA, 0x0E, 0x0F, 0x98, 0x78, 0xFE, 0x23, 0xD7,
    0x2C, 0xBE, 0xEA, 0x94, 0x6A, 0xE8, 0x4F, 0xA8, 0xF2, 0x77, 0xA2, 0xCA, 0xB7, 0x87, 0xFE, 0xAB,
    0x4E, 0xEC, 0x4C, 0x30, 0xF5, 0x97, 0xF7, 0xDC, 0x67, 0x82, 0xB8, 0xCC, 0x39, 0x66, 0x43, 0xDA,
    0x4B, 0x36, 0xF6, 0xD6, 0xBD, 0x54, 0xE2, 0x60, 0x5A, 0x62, 0x7E, 0xFA, 0xA8, 0x43, 0x4A, 0x3A,
    0xA2, 0x7C, 0xEA, 0xE6, 0x28, 0x2B, 0xD4, 0xEE, 0xC6, 0xAE, 0x0D, 0xA6, 0x7F, 0x65, 0xAD, 0x88,
    0x4B, 0x9F, 0x84, 0x9F, 0xA4, 0x66, 0x17, 0xC5, 0x5D, 0xF7, 0x92, 0x7C, 0xAD, 0xA2, 0x97, 0x3A,
    0xA4, 0xF2, 0x52, 0xB8, 0xE2, 0x17, 0x4D, 0xFC, 0x5B, 0x03, 0x78, 0x29, 0xAC, 0x07, 0xE8, 0xD8,
    0xA2, 0x58, 0x2D, 0xD2, 0x2E, 0x75, 0xDE, 0x13, 0xAA, 0xB8, 0x4C, 0xB0, 0xA2, 0x3E, 0x1B, 0xC8,
    0xCF, 0x7D, 0x82, 0x12, 0xB7, 0xFA, 0xBD, 0x6C, 0xF7, 0x7E, 0x9F, 0x66, 0xD5, 0xE7, 0x3D, 0xFB,
    0x5B, 0x55, 0xB1, 0xBF, 0xF5, 0xFF, 0xE7, 0xF8, 0x7C, 0x24, 0xF9, 0x5D, 0x89, 0x7C, 0xBD, 0xE4,
    0x0F, 0x6E, 0xF4, 0xC3, 0xD1, 0x22, 0x4D, 0x48, 0x91, 0x03, 0xFD, 0x9A, 0xBD, 0x3E, 0xC1, 0xFD,
    0x28, 0xB8, 0x21, 0x55, 0xA1, 0x8E, 0x71, 0x7E, 0x15, 0x36, 0xBE, 0xC2, 0x38, 0xCB, 0x82, 0xC5,
    0x63, 0x0E, 0x94, 0x0C, 0xE8, 0xE2, 0x0B, 0x0D, 0x95, 0x5B, 0x4F, 0x4F, 0x1C, 0xD2, 0xD3, 0x39,
    0xFC, 0x43, 0x6D, 0x85, 0xB1, 0x7C, 0x7B, 0xB0, 0xBE, 0x9C, 0xF1, 0x7D, 0xC5, 0xC7, 0x12, 0xB3,
    0x48, 0xF7, 0x59, 0xE0, 0x15, 0x9F, 0x86, 0x3D, 0x46, 0x6A, 0x66, 0xB1, 0x9B, 0x13, 0x6C, 0x6A,
    0x81, 0x29, 0xCC, 0xDC, 0x0B, 0xE2, 0x05, 0xE2, 0x77, 0xEE, 0xE7, 0x71, 0x9E, 0xC7, 0xF3, 0x7D,
    0xEC, 0xE0, 0xFB, 0xB6, 0x5C, 0xC4, 0xA7, 0xED, 0x2B, 0xD2, 0xBB, 0xB9, 0xB8, 0x86, 0xFC, 0x1B,
    0x97, 0xA9, 0x17, 0x35, 0x05, 0xAA, 0xBC, 0x12, 0xBD, 0xC0, 0x3E, 0xC0, 0x7E, 0x1B, 0x12, 0xB1,
    0x7E, 0x2D, 0x4F, 0x78, 0x1B, 0x5A, 0xD1, 0x0B, 0xA4, 0x15, 0x7F, 0x34, 0xFE, 0xFF, 0x4A, 0x6B,
    0xC4, 0x3E, 0x1D, 0x2E, 0x3E, 0xA1, 0xBD, 0xFA, 0x8A, 0x76, 0xF2, 0xAD, 0x63, 0x31, 0xB4, 0x86,
    0xB9, 0x9F, 0x02, 0x67, 0x06, 0xDC, 0x8E, 0xAF, 0x7E, 0x34, 0x8A, 0xFE, 0x4E, 0x95, 0xFC, 0xB1,
    0x1A, 0xEF, 0x82, 0xF6, 0x58, 0xAA, 0x03, 0x93, 0x50, 0xA1, 0x0B, 0x5C, 0xC4, 0x26, 0x88, 0x01,
    0x96, 0x7E, 0x0E, 0xDA, 0xAC, 0xD0, 0xC1, 0x59, 0xE6, 0x9E, 0x51, 0x7E, 0x66, 0xC9, 0xF9, 0xBE,
    0x9C, 0x27, 0x65, 0x2E, 0xDD, 0x2C, 0x70, 0x7F, 0x3B, 0xD3, 0xDC, 0x2F, 0x8A, 0xBB, 0xEE, 0x6F,
    0x95, 0xAF, 0x9B, 0xFB, 0x05, 0x71, 0xC5, 0xB3, 0x9A, 0xCD, 0xFD, 0x59, 0x7D, 0x39, 0x8E, 0x01,
    0x7F, 0xD5, 0x62, 0xDD, 0xDB, 0x3D, 0xD1, 0xBC, 0x11, 0xA5, 0x39, 0x21, 0xAD, 0xCA, 0x53, 0x42,
    0x86, 0x35, 0x46, 0x8C, 0x13, 0xDA, 0x44, 0x5F, 0x98, 0xF0, 0xAB, 0x9A, 0xFE, 0xA1, 0x09, 0x9B,
    0x84, 0x58, 0x58, 0xF0, 0x37, 0x2B, 0xFE, 0x52, 0xDE, 0xD2, 0xD4, 0xD0, 0x54, 0x71, 0xD8, 0x3A,
    0xF5, 0xBD, 0xF1, 0x1B, 0x6F, 0x51, 0xAD, 0x80, 0x21, 0xE1, 0x56, 0x3E, 0xB2, 0x94, 0x2F, 0x0B,
    0xDA, 0xD5, 0x2C, 0xB4, 0xC8, 0xD2, 0xFE, 0x3B, 0x57, 0xA7, 0xB0, 0x22, 0x6D, 0xC4, 0x57, 0x16,
    0xF0, 0x2A, 0xC2, 0xFC, 0x0F, 0xB5, 0x5A, 0x4D, 0x73, 0xDB, 0xC6, 0x19, 0x7E, 0x01, 0xD4, 0x82,
    0x6C, 0x24, 0x46, 0x0F, 0x3E, 0xA8, 0xA3, 0x91, 0xA1, 0x43, 0x0E, 0xED, 0x8C, 0x29, 0xE4, 0xE0,
    0x83, 0xDA, 0x21, 0x08, 0xB4, 0x3E, 0xE4, 0xEA, 0x9F, 0xE0, 0x5F, 0x50, 0xFB, 0xE0, 0x99, 0xBA,
    0x1D, 0x4A, 0xDC, 0x4E, 0x0E, 0xB9, 0xEA, 0x27, 0x38, 0x7F, 0xA0, 0xE3, 0x83, 0x67, 0xA2, 0x03,
    0x69, 0xA2, 0xCE, 0xB1, 0x87, 0xC2, 0xB9, 0x76, 0x5A, 0x33, 0x99, 0xCC, 0x34, 0x37, 0x63, 0x26,
    0x9B, 0x14, 0xB6, 0x29, 0xA2, 0xCF, 0xB3, 0x00, 0x25, 0x88, 0xFA, 0x22, 0x25, 0x9A, 0xD8, 0xF7,
    0x05, 0xB1, 0xDC, 0x8F, 0x67, 0xDF, 0xDD, 0x7D, 0x3F, 0x16, 0x94, 0x5E, 0x29, 0x22, 0x86, 0xCD,
    0x7C, 0x9C, 0x11, 0x98, 0x97, 0x83, 0xF9, 0x05, 0x58, 0xD8, 0x07, 0x8B, 0x3A, 0x60, 0xDD, 0x10,
    0xAC, 0xF0, 0x13, 0x91, 0xDC, 0x57, 0x62, 0xE7, 0x6E, 0x2A, 0x4E, 0x86, 0xD2, 0x6E, 0x6A, 0xE7,
    0xE2, 0x95, 0xA5, 0x16, 0xBF, 0x2C, 0x0B, 0x09, 0x44, 0xFA, 0x82, 0xF2, 0x11, 0x2E, 0x89, 0xF1,
    0x1D, 0x39, 0x7E, 0x99, 0x22, 0x1D, 0x76, 0xB1, 0x3E, 0x91, 0xA0, 0x4C, 0x7F, 0xE1, 0xE6, 0x62,
    0xA1, 0x9F, 0xDC, 0x2D, 0xF3, 0xB8, 0xCC, 0x07, 0x92, 0x17, 0x26, 0xE1, 0x0B, 0x1E, 0xBD, 0x72,
    0x24, 0xDB, 0x37, 0x51, 0xB8, 0xDD, 0x02, 0x0B, 0xC6, 0x60, 0xEE, 0xE8, 0x83, 0x03, 0xF5, 0xEC,
    0xD4, 0xFB, 0x4C, 0x39, 0x10, 0xCB, 0xC1, 0x82, 0x58, 0x3F, 0x04, 0x1A, 0x7C, 0xB6, 0xC8, 0x9E,
    0x90, 0x69, 0xB2, 0x12, 0xCD, 0x48, 0x9C, 0xCC, 0x07, 0x2A, 0x17, 0x27, 0x15, 0x74, 0xEC, 0x03,
    0x53, 0x2E, 0x28, 0x2C, 0x9F, 0xA0, 0xF6, 0xBE, 0x98, 0x4A, 0xF8, 0x49, 0xEC, 0x86, 0x34, 0xD7,
    0x27, 0x89, 0x55, 0x96, 0x23, 0x57, 0x5B, 0x99, 0x8F, 0x9F, 0x08, 0x9A, 0xE8, 0x77, 0x38, 0x02,
    0x21, 0xB6, 0xEA, 0xDE, 0xAD, 0xF3, 0x63, 0x4E, 0x8A, 0xC2, 0x88, 0xB5, 0xB5, 0xC7, 0x7A, 0x12,
    0x4C, 0x12, 0xB1, 0x13, 0xF1, 0x14, 0x71, 0xB7, 0x45, 0x36, 0xEB, 0x76, 0xAD, 0x61, 0x06, 0xF1,
    0x84, 0x2A, 0xE9, 0x98, 0xCA, 0x7D, 0x03, 0xA0, 0x6F, 0xBE, 0x23, 0x27, 0x54, 0xBF, 0x04, 0x4E,
    0x6B, 0x38, 0x12, 0x0B, 0x8D, 0x39, 0x19, 0x90, 0x3E, 0xAE, 0xA6, 0x7C, 0x73, 0x75, 0xB9, 0xD8,
    0xD6, 0x28, 0x5A, 0xF9, 0x5F, 0xE2, 0xBC, 0xCC, 0x6C, 0x51, 0x8B, 0x61, 0x23, 0x2E, 0x2E, 0x3E,
    0xDE, 0x97, 0x89, 0x09, 0x80, 0x76, 0x0D, 0xAC, 0x85, 0xD0, 0x50, 0x32, 0x94, 0xD0, 0xCD, 0xC7,
    0x15, 0x22, 0x4B, 0x2D, 0x15, 0x15, 0xA4, 0x03, 0x19, 0xC9, 0x7F, 0x0D, 0xBC, 0xB5, 0xC5, 0xB0,
    0xD9, 0x89, 0x12, 0x56, 0x86, 0x9C, 0xAB, 0x0E, 0x1A, 0x93, 0x38, 0x9C, 0x28, 0xE1, 0x42, 0x2F,
    0xAC, 0xA1, 0x60, 0xB9, 0xA7, 0x05, 0x44, 0x5A, 0x88, 0x83, 0x05, 0x6B, 0x91, 0x34, 0x76, 0x8D,
    0xAE, 0xEE, 0x7C, 0x66, 0x3E, 0x7F, 0x47, 0x39, 0x94, 0x67, 0x3D, 0xD6, 0x17, 0xB9, 0x8D, 0x0D,
    0xB1, 0x45, 0x6A, 0xD5, 0x74, 0x87, 0x64, 0x95, 0x7F, 0xC3, 0x2E, 0x9A, 0x48, 0x98, 0xEC, 0x02,
    0xF5, 0x16, 0x60, 0x6D, 0x01, 0xDD, 0x16, 0x40, 0x56, 0x77, 0x3E, 0x77, 0x40, 0xA1, 0xDA, 0xC2,
    0x96, 0x9B, 0x60, 0x38, 0x6F, 0x65, 0xA5, 0x7C, 0x2B, 0xDC, 0x7F, 0x99, 0x78, 0xE9, 0xBA, 0x06,
    0xC3, 0x96, 0x07, 0x8B, 0xC9, 0x02, 0x32, 0x5F, 0x0D, 0xCB, 0x29, 0x33, 0x8F, 0x53, 0x16, 0x1C,
    0x96, 0x63, 0x0D, 0x4F, 0x57, 0xAD, 0x98, 0xF6, 0x00, 0xB0, 0xDA, 0xB4, 0x31, 0x84, 0x49, 0x32,
    0x1B, 0x78, 0x4B, 0x2E, 0x03, 0x70, 0x46, 0x69, 0x42, 0x06, 0x48, 0x90, 0x52, 0x33, 0x95, 0x65,
    0x8E, 0x34, 0x93, 0x69, 0xF2, 0x0F, 0x90, 0x30, 0x65, 0x54, 0x4D, 0x72, 0x38, 0x89, 0x0A, 0xD3,
    0x14, 0xFE, 0x7E, 0x0C, 0x1D, 0xD3, 0x95, 0x68, 0x58, 0x4E, 0x90, 0x1A, 0x93, 0x78, 0xCB, 0x2B,
    0x21, 0xEC, 0xEF, 0x3F, 0x76, 0x12, 0xDF, 0x4B, 0xDC, 0x52, 0xAC, 0xE2, 0xF2, 0x5D, 0x3B, 0x49,
    0xE6, 0xBC, 0x4C, 0xED, 0x52, 0xC9, 0x8B, 0xC5, 0x7A, 0x97, 0xE7, 0x22, 0x50, 0xF6, 0xCF, 0x2F,
    0xDF, 0xF5, 0x89, 0x6D, 0x35, 0x57, 0xBF, 0x97, 0xE9, 0x08, 0xD3, 0x67, 0x19, 0xED, 0xE0, 0xE0,
    0xFB, 0xC1, 0x7C, 0x1D, 0x69, 0x96, 0x87, 0x96, 0xA4, 0x5E, 0xC6, 0x77, 0xBD, 0x6A, 0x0B, 0xA4,
    0xED, 0xFC, 0xDB, 0xB4, 0xFB, 0xE0, 0xF2, 0xA3, 0x3E, 0x75, 0xDB, 0x2E, 0x20, 0x76, 0xEA, 0x44,
    0xDA, 0x30, 0x1F, 0xC6, 0xE6, 0xCE, 0x86, 0xC8, 0xAD, 0x13, 0xFA, 0x37, 0x87, 0x56, 0x79, 0x7A,
    0xB6, 0x56, 0xB1, 0x72, 0x52, 0x07, 0x14, 0x83, 0x82, 0xD4, 0xCA, 0xA1, 0x55, 0x72, 0xD6, 0x83,
    0xAD, 0xDA, 0xA3, 0x26, 0x40, 0xBD, 0xAF, 0x52, 0x3B, 0x1B, 0x59, 0xEA, 0xFE, 0x14, 0xDB, 0x0F,
    0x5E, 0x79, 0x10, 0x2A, 0xD8, 0x49, 0x62, 0xEB, 0x4B, 0xB4, 0x6F, 0x38, 0x12, 0xD0, 0x86, 0xC9,
    0xC0, 0x2F, 0x0F, 0xAC, 0x72, 0xC7, 0xCC, 0x65, 0xF7, 0x96, 0x35, 0x86, 0x55, 0x5B, 0x87, 0x05,
    0xA4, 0x5B, 0x10, 0x6D, 0x54, 0x4E, 0x01, 0xAD, 0xDA, 0x12, 0x61, 0xDA, 0xE9, 0x33, 0xFB, 0xD5,
    0x48, 0xB0, 0xED, 0xE2, 0xE4, 0x4A, 0x18, 0x6D, 0x28, 0x41, 0x07, 0xD8, 0xEC, 0x6C, 0xB9, 0x62,
    0xBC, 0x6D, 0x94, 0xF6, 0x6D, 0xB9, 0x12, 0xB8, 0x65, 0x00, 0x99, 0x7A, 0x60, 0x01, 0x06, 0x18,
    0x40, 0x56, 0x36, 0x96, 0xB4, 0xB1, 0xFD, 0x5B, 0x57, 0xC3, 0x76, 0x5D, 0x2A, 0x40, 0x7F, 0x4A,
    0xB1, 0xB7, 0x20, 0x40, 0xB5, 0x79, 0x28, 0x3F, 0x58, 0x85, 0xEC, 0x2C, 0x2A, 0xA1, 0x82, 0x49,
    0xE7, 0x95, 0x21, 0x39, 0x40, 0x9B, 0xCA, 0x6E, 0x2E, 0x0F, 0x3E, 0xAD, 0x5B, 0x6D, 0x19, 0x04,
    0xCD, 0xD4, 0x29, 0x55, 0x5C, 0xEA, 0x8E, 0x85, 0x2D, 0xD3, 0x8D, 0x0C, 0xDA, 0x48, 0x3A, 0x27,
    0x13, 0xF4, 0x7F, 0x28, 0x86, 0x0D, 0xD1, 0x73, 0x6E, 0xD8, 0x51, 0x5E, 0xC5, 0x90, 0x57, 0xB3,
    0x99, 0x1F, 0xCE, 0x64, 0x10, 0x25, 0x7D, 0xC5, 0x12, 0x4B, 0x90, 0xE4, 0xD7, 0xCF, 0x3E, 0x0C,
    0x3F, 0x04, 0x06, 0x19, 0xF7, 0xF0, 0x0C, 0x8F, 0x3A, 0x39, 0xBC, 0xD4, 0x59, 0x14, 0xDC, 0xA3,
    0x83, 0xFF, 0xA8, 0x7F, 0xCC, 0x65, 0x5E, 0x34, 0x85, 0x9F, 0xB1, 0x91, 0xA7, 0xCD, 0x46, 0xB2,
    0xB9, 0x52, 0x5C, 0xC6, 0xE5, 0xB4, 0xD7, 0x8B, 0xAE, 0xDE, 0xA4, 0x37, 0x99, 0x36, 0x7E, 0xD6,
    0x35, 0xDA, 0xD6, 0x8F, 0x7B, 0x58, 0x87, 0x2C, 0x85, 0xF1, 0x5D, 0x70, 0xDD, 0xFD, 0xB8, 0xDD,
    0x0A, 0xC6, 0x55, 0xC4, 0x70, 0x76, 0x9B, 0x17, 0xB7, 0x13, 0xC0, 0x97, 0xED, 0x4A, 0x4F, 0x85,
    0x94, 0x68, 0xAD, 0x12, 0x1A, 0xB2, 0x9F, 0xB9, 0x6E, 0xA3, 0xF4, 0xBE, 0x0C, 0x55, 0x98, 0xB4,
    0x62, 0xAC, 0xAB, 0xCE, 0xEC, 0x47, 0x37, 0x3F, 0x50, 0xDD, 0xD1, 0x82, 0xD4, 0x05, 0xF5, 0x8B,
    0x0D, 0xBB, 0x28, 0xB0, 0x5B, 0x8A, 0x95, 0x32, 0x89, 0xEC, 0x51, 0x64, 0x1F, 0xA9, 0x40, 0x7C,
    0x9F, 0x23, 0x8D, 0xC4, 0x36, 0x53, 0xEB, 0x66, 0x54, 0x74, 0x14, 0xFC, 0xA6, 0xD9, 0x5D, 0x42,
    0x2B, 0x04, 0x63, 0x24, 0xAB, 0xCD, 0xC0, 0x40, 0x2F, 0x4E, 0x88, 0x2F, 0xEE, 0x42, 0x31, 0x0F,
    0xD1, 0xFA, 0x3A, 0x9B, 0x7F, 0xC0, 0x5C, 0x34, 0x8E, 0xB6, 0x8F, 0x9A, 0xD6, 0x73, 0xA7, 0x9C,
    0x9A, 0xB4, 0x97, 0xC9, 0x30, 0x01, 0xC8, 0x30, 0x29, 0x64, 0x20, 0x85, 0xAD, 0xA5, 0xF0, 0x32,
    0x29, 0x42, 0xE4, 0x0D, 0x44, 0xDE, 0xA1, 0x18, 0x7C, 0x30, 0x41, 0x34, 0x25, 0xEF, 0x60, 0x8C,
    0x8B, 0x1E, 0xF2, 0xA1, 0x9A, 0x0A, 0x07, 0xE5, 0xE0, 0x4F, 0x14, 0xD0, 0x9A, 0x70, 0x26, 0x55,
    0x21, 0x5E, 0xA5, 0x90, 0xB1, 0xCD, 0x2D, 0x98, 0x0F, 0x4B, 0x1B, 0x57, 0x63, 0xB6, 0x4F, 0x67,
    0xA4, 0x7D, 0xA5, 0x3B, 0x74, 0x48, 0xDF, 0x1B, 0x6B, 0x00, 0xA5, 0xF7, 0x73, 0x21, 0xFA, 0x85,
    0xE8, 0x30, 0xD1, 0x7E, 0xAA, 0x9D, 0x5C, 0xB3, 0x2A, 0x47, 0x8A, 0xD0, 0x0A, 0x8A, 0x4F, 0xDB,
    0xB9, 0x76, 0x53, 0x1D, 0x24, 0x7A, 0x47, 0x7E, 0xD2, 0x75, 0xAD, 0x9F, 0xB5, 0xE8, 0x81, 0xA9,
    0xE2, 0x99, 0x2A, 0x80, 0x63, 0x22, 0xA4, 0x2D, 0xA3, 0x67, 0x37, 0x8F, 0xF4, 0xDA, 0x02, 0xA9,
    0x72, 0x0D, 0x6C, 0x15, 0xA6, 0x7F, 0x36, 0xCA, 0x2B, 0x3A, 0xF7, 0x8A, 0x25, 0x4C, 0xBD, 0xF4,
    0x12, 0x1D, 0x54, 0xB8, 0x5C, 0xCD, 0x45, 0xE2, 0x25, 0xFE, 0xF9, 0x57, 0xEA, 0xE5, 0x5C, 0x84,
    0x5E, 0x1A, 0xAB, 0x8E, 0x14, 0xED, 0x69, 0xDA, 0x36, 0xE9, 0xEE, 0xC5, 0x9D, 0xB5, 0xDA, 0x51,
    0x75, 0x6D, 0xE3, 0x5A, 0x70, 0x14, 0x4E, 0x8A, 0x75, 0x40, 0x7E, 0x6A, 0xC3, 0x27, 0x74, 0xFB,
    0x51, 0x0A, 0x60, 0x84, 0x0C, 0x6F, 0x64, 0xC2, 0xB4, 0x86, 0x29, 0x15, 0x31, 0x23, 0xE4, 0x93,
    0xA4, 0xC4, 0xC2, 0xC4, 0x5A, 0x70, 0x6A, 0x3D, 0x74, 0x11, 0x23, 0xEF, 0x57, 0xA7, 0x95, 0x83,
    0x1D, 0x30, 0xE6, 0x55, 0x79, 0xCD, 0x6B, 0xEC, 0xEB, 0x9E, 0x1A, 0x36, 0x73, 0x32, 0xC7, 0x2C,
    0x22, 0xD8, 0x52, 0xEC, 0x47, 0x71, 0xA1, 0xD9, 0x10, 0xA9, 0xCB, 0x47, 0xD2, 0x30, 0x78, 0x56,
    0x7E, 0x00, 0x2A, 0x13, 0x10, 0x0C, 0xF0, 0xFB, 0x1C, 0xA1, 0x51, 0x01, 0x8A, 0x40, 0x01, 0xC8,
    0xFB, 0x7B, 0x5E, 0x38, 0xDF, 0xE6, 0x85, 0xF5, 0x13, 0xFC, 0xC2, 0x01, 0x28, 0x06, 0xF9, 0x20,
    0x2F, 0x9F, 0x86, 0x56, 0x72, 0x43, 0xEA, 0x88, 0x3C, 0x97, 0x69, 0xDC, 0x2B, 0x0F, 0x27, 0x10,
    0x50, 0xA6, 0x5D, 0xAC, 0x62, 0xAC, 0x4A, 0x6D, 0x52, 0x71, 0x32, 0x2D, 0xA5, 0xFF, 0x4A, 0x63,
    0x22, 0xFE, 0xC3, 0x7D, 0x30, 0x77, 0xD7, 0x95, 0x86, 0x80, 0x12, 0xC1, 0xFA, 0x33, 0x3E, 0x40,
    0xFE, 0x4C, 0xE4, 0xB7, 0xB5, 0xAF, 0xB1, 0xB2, 0x5C, 0x11, 0x1D, 0x73, 0xC1, 0x37, 0x17, 0x13,
    0x51, 0x54, 0xE9, 0x12, 0xCA, 0xD7, 0x1C, 0xD3, 0x3C, 0xAA, 0xAB, 0xAF, 0x94, 0xB5, 0xBD, 0x4E,
    0xE6, 0xB7, 0xD7, 0xB3, 0x63, 0x79, 0x37, 0x3B, 0x16, 0x17, 0x63, 0xB1, 0x31, 0x16, 0xE1, 0x58,
    0x22, 0x50, 0x50, 0x8F, 0xE5, 0x30, 0x8A, 0x6E, 0x2C, 0x43, 0x7A, 0x9F, 0x31, 0x04, 0x16, 0xAB,
    0xB9, 0x45, 0x6E, 0xB4, 0x1F, 0xEA, 0x86, 0x48, 0x0A, 0x06, 0x3C, 0x91, 0x8A, 0xCD, 0x7C, 0xA8,
    0xD3, 0xCD, 0x69, 0x81, 0xAB, 0x57, 0xC6, 0x02, 0x0F, 0x72, 0x97, 0x1E, 0x5B, 0x48, 0x1F, 0xD2,
    0x57, 0x50, 0x6C, 0x7E, 0xDA, 0xA5, 0x32, 0xE8, 0x93, 0x75, 0x6B, 0xE6, 0xA7, 0xE6, 0x57, 0x53,
    0xCE, 0xD4, 0x30, 0x75, 0x4D, 0x2B, 0xA6, 0x3D, 0x87, 0xA7, 0x55, 0x65, 0x7E, 0xAC, 0x1F, 0x84,
    0x2E, 0x70, 0x9E, 0x34, 0xB0, 0x0C, 0xD0, 0x76, 0x0C, 0x9D, 0x19, 0xC0, 0x37, 0xF5, 0x93, 0x7D,
    0x10, 0xEF, 0x7C, 0x66, 0x3E, 0x7F, 0x67, 0x39, 0x96, 0x97, 0x3B, 0x1E, 0x83, 0x70, 0x6E, 0x24,
    0x9F, 0x47, 0x78, 0xB6, 0xFE, 0xF0, 0xD0, 0x15, 0xAC, 0xE9, 0xAB, 0x0C, 0x39, 0xD8, 0xC1, 0xBD,
    0x2B, 0xC2, 0x97, 0x3D, 0xAA, 0x83, 0x6F, 0xA8, 0x0F, 0x3E, 0xA7, 0x42, 0xE0, 0x40, 0x56, 0xAF,
    0x7F, 0xF0, 0x31, 0xC8, 0x1A, 0xD4, 0x4E, 0x1B, 0x0B, 0xF9, 0xF9, 0x73, 0xB1, 0xBE, 0x45, 0xA6,
    0x52, 0x57, 0x1B, 0x07, 0x9D, 0x5E, 0x8D, 0x65, 0x07, 0xEE, 0xBC, 0xE5, 0xDA, 0xF2, 0x33, 0xF2,
    0xD0, 0xEC, 0xB1, 0x8E, 0xE1, 0x3B, 0x86, 0x77, 0xA9, 0xAB, 0xB3, 0xBE, 0xE1, 0xDD, 0x46, 0x7E,
    0x55, 0xA6, 0x2A, 0x5F, 0xD5, 0x75, 0x4D, 0x3B, 0xA6, 0xCD, 0xB1, 0x69, 0x7F, 0x8C, 0x9E, 0x02,
    0x9E, 0xBE, 0xC0, 0xF7, 0x46, 0xEF, 0x2F, 0xF2, 0x00, 0xE6, 0x27, 0x4E, 0x5D, 0x0C, 0x38, 0x50,
    0x0E, 0x04, 0xE0, 0xA3, 0xCD, 0x7D, 0xC3, 0xFB, 0xB4, 0xD1, 0x44, 0x9E, 0xB2, 0x65, 0x6E, 0x0B,
    0x94, 0xD7, 0x56, 0x55, 0x37, 0x41, 0x3B, 0x14, 0xC2, 0x0D, 0xA9, 0x0E, 0x5D, 0xB9, 0x97, 0xB9,
    0x12, 0xF7, 0x1A, 0x87, 0x57, 0xE5, 0xF4, 0xF0, 0xEA, 0x60, 0xEA, 0x4B, 0xD4, 0x14, 0x22, 0x6F,
    0x60, 0x7E, 0xA3, 0xBB, 0x6E, 0x7C, 0x12, 0xEC, 0xBC, 0xC2, 0x5C, 0x3B, 0x75, 0x59, 0x6E, 0x6D,
    0x18, 0x95, 0x4F, 0xE1, 0x25, 0x64, 0x9E, 0xAA, 0xB4, 0xD7, 0xC3, 0x71, 0x39, 0xC6, 0x4E, 0x3C,
    0xE5, 0x5A, 0x4A, 0x5F, 0x33, 0x3E, 0xCE, 0x8A, 0x39, 0x4B, 0xE2, 0x99, 0xC3, 0xB9, 0xA9, 0x52,
    0xD5, 0x43, 0xA3, 0xA8, 0xAF, 0xC1, 0x53, 0xF3, 0xDC, 0x44, 0x9C, 0xFF, 0x54, 0x2E, 0xCA, 0x91,
    0xBF, 0xB2, 0x1C, 0x71, 0x6C, 0xAE, 0x3D, 0x69, 0x6F, 0x20, 0x60, 0xB2, 0x2F, 0x10, 0x87, 0x48,
    0x56, 0x9D, 0x73, 0xC2, 0x71, 0x32, 0x81, 0xEF, 0xB1, 0xC3, 0x8D, 0xEF, 0xCD, 0x71, 0x59, 0xA0,
    0xD6, 0x4C, 0xD0, 0x18, 0x4E, 0xCF, 0x33, 0xA9, 0x03, 0xB9, 0xAC, 0x19, 0x9D, 0xDA, 0x7C, 0x77,
    0xC0, 0x7D, 0x49, 0xD3, 0xC1, 0x65, 0x10, 0x24, 0xBF, 0xC1, 0x73, 0x0C, 0xED, 0x4C, 0x2D, 0x4D,
    0x83, 0x1B, 0x51, 0xF1, 0x21, 0x54, 0x3F, 0x3C, 0x4A, 0xF5, 0x26, 0xD4, 0x7C, 0x03, 0x8B, 0x03,
    0xC7, 0xDA, 0x8C, 0xF7, 0xC4, 0x83, 0x36, 0x81, 0x53, 0x09, 0xD1, 0x3A, 0xE9, 0x7D, 0x2F, 0x2D,
    0xCB, 0xE4, 0xE1, 0x5B, 0x31, 0xD1, 0x2A, 0x9B, 0xFD, 0x0B, 0x24, 0x3E, 0x13, 0xAD, 0x2E, 0x05,
    0x1B, 0x5F, 0x18, 0x88, 0xD7, 0x95, 0x8D, 0x9B, 0xB2, 0xBA, 0xB2, 0x18, 0xB6, 0xA5, 0xF4, 0xCF,
    0x77, 0x2F, 0x54, 0x41, 0x0C, 0x4B, 0x69, 0x09, 0x26, 0x67, 0x76, 0xAF, 0x9A, 0xDD, 0xF7, 0x0A,
    0xB1, 0x2B, 0x27, 0x4A, 0x1B, 0xFF, 0xB8, 0xB6, 0xE1, 0x94, 0x10, 0x25, 0xC5, 0xCE, 0xAE, 0x2F,
    0x77, 0x16, 0xD7, 0xAE, 0x49, 0xEB, 0x26, 0x25, 0x65, 0x37, 0xDC, 0x9C, 0x39, 0x25, 0x85, 0xC8,
    0x7D, 0x44, 0x3A, 0x0A, 0xB6, 0x2F, 0x41, 0x37, 0xEB, 0xB3, 0x5F, 0xAE, 0x52, 0x17, 0x44, 0x25,
    0xF8, 0x02, 0xE6, 0xC8, 0xA8, 0x93, 0x2A, 0x21, 0x1E, 0x46, 0x6A, 0xCB, 0x29, 0x89, 0xBE, 0xA7,
    0x25, 0x41, 0x99, 0xB8, 0x93, 0x44, 0x46, 0x26, 0x26, 0xE9, 0x8A, 0x37, 0x36, 0xC7, 0x5B, 0x53,
    0xEF, 0xE7, 0x77, 0xB5, 0xF7, 0x73, 0xAD, 0xB9, 0x0F, 0x97, 0x80, 0x7C, 0x0A, 0xE2, 0xCE, 0xB6,
    0xB4, 0xB7, 0x17, 0x80, 0xBA, 0x32, 0x39, 0xB7, 0x7F, 0x17, 0x33, 0x4A, 0xBA, 0xA8, 0xFF, 0x73,
    0x24, 0xD4, 0x7C, 0x6C, 0x76, 0xCB, 0xA0, 0xC2, 0x81, 0x79, 0x71, 0xDC, 0xEC, 0x98, 0x65, 0x84,
    0xC3, 0x98, 0xCE, 0x4B, 0x08, 0x6E, 0x60, 0x21, 0xBC, 0x74, 0x07, 0x8B, 0x29, 0xA6, 0x93, 0x06,
    0xA3, 0x62, 0x0D, 0x33, 0x38, 0x0C, 0x8F, 0x60, 0x14, 0x6E, 0xAC, 0x1F, 0xD9, 0xBF, 0xB6, 0x44,
    0xA7, 0xA6, 0x88, 0xEF, 0xF7, 0xA2, 0x40, 0x45, 0xE6, 0x20, 0xEB, 0x87, 0xD3, 0x3C, 0x98, 0x65,
    0x00, 0x72, 0xCB, 0x91, 0xDB, 0x38, 0xC4, 0x9F, 0x13, 0x8D, 0x9D, 0x3E, 0x13, 0x9E, 0x64, 0x32,
    0x0C, 0x3D, 0x3C, 0xCB, 0x5C, 0x12, 0xA2, 0x93, 0x67, 0xFB, 0x73, 0x82, 0x32, 0x3B, 0xFB, 0x4B,
    0x00, 0xCA, 0xD2, 0xEA, 0x1E, 0x2E, 0x57, 0x54, 0x3C, 0xF6, 0xFF, 0x3A, 0xB1, 0x5E, 0x2A, 0x70,
    0x7E, 0x5F, 0x08, 0xDB, 0x47, 0xD0, 0x48, 0x2D, 0xE8, 0xBB, 0x27, 0x70, 0xE3, 0xF3, 0xFC, 0x98,
    0x07, 0xB4, 0x14, 0x6C, 0xBF, 0x5E, 0x93, 0x6E, 0x1B, 0x2D, 0xDB, 0xDF, 0x64, 0xD6, 0x5F, 0xD5,
    0x42, 0xD8, 0xAE, 0xD6, 0x3F, 0x42, 0x8A, 0xA1, 0xAE, 0x14, 0x53, 0x50, 0xBF, 0x51, 0x0E, 0xB1,
    0x30, 0xBC, 0xD1, 0x9C, 0xDD, 0x8F, 0x6B, 0xE3, 0xC8, 0x63, 0xBD, 0xB1, 0xF1, 0x28, 0x2A, 0x93,
    0x5D, 0x79, 0x19, 0x2D, 0xB3, 0xE2, 0x1F, 0x6F, 0x93, 0x3F, 0xB8, 0x75, 0x3C, 0x50, 0x30, 0xAF,
    0x60, 0x34, 0x8F, 0x96, 0x25, 0xEF, 0xA0, 0xBC, 0x95, 0xD3, 0xFB, 0xB4, 0x73, 0x84, 0x43, 0x23,
    0x67, 0xE4, 0x27, 0x61, 0xCE, 0x23, 0xB8, 0x28, 0x77, 0x52, 0x5F, 0xB5, 0xF7, 0x5D, 0xC4, 0xF8,
    0xFB, 0x5D, 0x4F, 0x61, 0x1C, 0x6D, 0x3F, 0x71, 0x5E, 0xE5, 0x5B, 0xBE, 0x38, 0xDF, 0x8D, 0x82,
    0x40, 0xEC, 0x1F, 0x53, 0xFF, 0x8F, 0x22, 0xEF, 0x15, 0xD5, 0x77, 0x99, 0x00, 0x05, 0x7C, 0x14,
    0x1A, 0x84, 0x8E, 0x71, 0x6E, 0x2A, 0xCF, 0x84, 0x27, 0x94, 0xF6, 0x6B, 0xFE, 0x4D, 0xE0, 0x1E,
    0x5F, 0x6D, 0x37, 0xDF, 0x8A, 0x42, 0x97, 0x76, 0xA5, 0x1F, 0xA1, 0x48, 0xD1, 0x91, 0x03, 0xD1,
    0xA1, 0x4C, 0xAC, 0x3C, 0xB0, 0xDE, 0xD8, 0x23, 0xFF, 0x0F, 0xAF, 0x9D, 0xCC, 0xFB, 0xFC, 0x1F,
    0xF7, 0x52, 0xF7, 0xEB, 0x2F, 0xBE, 0x48, 0x9D, 0x7F, 0xDD, 0xFB, 0x67, 0x62, 0xBF, 0xB1, 0xDF,
    0xC0, 0xEE, 0xD0, 0xF2, 0x1C, 0xF0, 0x6F, 0x00, 0x5D, 0x36, 0xCD, 0x21, 0xF3, 0xAC, 0xBC, 0x45,
    0xE5, 0x8C, 0x15, 0x72, 0xFF, 0x68, 0xA8, 0xF0, 0x95, 0x8A, 0x18, 0x76, 0x27, 0x48, 0xDC, 0xCC,
    0x4F, 0xFD, 0xD4, 0x19, 0x01, 0x31, 0xC6, 0x2B, 0x63, 0xD4, 0xDB, 0xD5, 0x95, 0xB4, 0x59, 0x97,
    0x33, 0x70, 0x16, 0xAD, 0x9A, 0xC3, 0x87, 0xAF, 0x14, 0xF6, 0xEC, 0xE1, 0xEB, 0x91, 0xAE, 0x84,
    0x91, 0x74, 0x3A, 0x3C, 0xA7, 0xE8, 0xC2, 0xDD, 0xF6, 0x95, 0x76, 0xD3, 0x1C, 0x72, 0xB1, 0xBF,
    0xCB, 0xE4, 0xC7, 0x94, 0x16, 0x06, 0x1B, 0x3B, 0x36, 0x33, 0xDA, 0xE6, 0xCB, 0xBA, 0x61, 0xCE,
    0x23, 0x32, 0xC9, 0xF9, 0x30, 0x30, 0xF7, 0xA5, 0x42, 0x94, 0xA7, 0x47, 0xFF, 0x1C, 0xA0, 0x4F,
    0xD0, 0xB0, 0xE0, 0x21, 0x9C, 0x3D, 0x52, 0x65, 0xB7, 0x39, 0xE1, 0x5C, 0x25, 0x28, 0x4B, 0x05,
    0x4D, 0x63, 0x1D, 0x57, 0x13, 0xC4, 0xD9, 0x72, 0xF2, 0x6A, 0xE9, 0x4C, 0xB3, 0x63, 0xB8, 0xE7,
    0x24, 0x71, 0x8C, 0x39, 0x68, 0x99, 0x57, 0xCB, 0xD3, 0x17, 0x61, 0x71, 0x59, 0x20, 0x19, 0x27,
    0x28, 0xA3, 0xF1, 0xDB, 0x65, 0xCB, 0xB6, 0x39, 0x15, 0x40, 0xFD, 0x98, 0x05, 0xC6, 0x31, 0xC3,
    0x81, 0xA4, 0xC6, 0x9F, 0x2C, 0x17, 0x53, 0x77, 0xFA, 0x96, 0x7B, 0x21, 0x34, 0x7B, 0xB4, 0xD8,
    0x8F, 0xB1, 0xFE, 0x47, 0x55, 0x93, 0xF6, 0x72, 0x25, 0x65, 0x8B, 0x42, 0x70, 0x68, 0xBD, 0x36,
    0x05, 0x3F, 0x59, 0x0C, 0x9B, 0x37, 0x89, 0x27, 0xF4, 0xC3, 0xF5, 0xB9, 0xD7, 0xFF, 0x01, 0xCD,
    0x59, 0x4F, 0x6F, 0xDC, 0xC6, 0x15, 0x7F, 0x24, 0x53, 0x51, 0x06, 0x9D, 0x30, 0x07, 0x1D, 0x04,
    0x08, 0x35, 0x75, 0xD0, 0xA1, 0x05, 0x2C, 0xAD, 0x0F, 0x39, 0xB8, 0x80, 0xB8, 0x1C, 0x27, 0x07,
    0x1F, 0x7A, 0xA8, 0x8F, 0xED, 0x2D, 0xDF, 0xC0, 0x39, 0x18, 0xA8, 0x5A, 0xAC, 0xBC, 0x0C, 0x72,
    0x48, 0x7B, 0x8A, 0x3F, 0x42, 0x3E, 0x41, 0xE1, 0x83, 0x81, 0xEA, 0xB0, 0xEB, 0x65, 0xD2, 0x0F,
    0x50, 0xB6, 0xF7, 0xB6, 0x5B, 0x20, 0x40, 0x0C, 0xE4, 0x10, 0xA2, 0x60, 0x11, 0xDA, 0xA5, 0x76,
    0xFA, 0xFB, 0xBD, 0xE1, 0xAE, 0xD6, 0xB2, 0x6A, 0x4B, 0xF6, 0xCA, 0xA8, 0x76, 0xE6, 0xCD, 0x72,
    0x49, 0xBE, 0xF7, 0x9B, 0x37, 0x6F, 0xDE, 0x9F, 0x91, 0x88, 0x84, 0x85, 0x28, 0xD9, 0x9A, 0x45,
    0xB9, 0x67, 0xED, 0xF7, 0x12, 0xD6, 0x6B, 0xC7, 0x12, 0x17, 0x72, 0x5F, 0x7A, 0x82, 0xD6, 0x17,
    0x89, 0xF3, 0x01, 0x48, 0x01, 0x12, 0x15, 0x23, 0x92, 0x41, 0x47, 0xE2, 0x42, 0xEF, 0xEA, 0x73,
    0xFA, 0x06, 0xDE, 0x6D, 0x05, 0x5C, 0xA6, 0x02, 0x7E, 0xE0, 0x2B, 0x01, 0xBE, 0x05, 0xA5, 0x37,
    0xF9, 0xAC, 0x88, 0xAC, 0xCD, 0x7B, 0xF9, 0x04, 0xFC, 0xFA, 0x32, 0x90, 0x44, 0x46, 0x12, 0x9B,
    0x23, 0x74, 0x8E, 0xBC, 0xEE, 0x4B, 0x26, 0xBD, 0x7C, 0x2C, 0x91, 0xAD, 0xC5, 0x9B, 0xE4, 0x7C,
    0x39, 0x36, 0x73, 0x92, 0x48, 0x2D, 0xE1, 0x8C, 0xA4, 0x21, 0x29, 0xCE, 0x4D, 0x1A, 0x92, 0x11,
    0xD0, 0xCA, 0x21, 0x80, 0x4A, 0x66, 0x86, 0xE0, 0x68, 0x8F, 0x05, 0x22, 0x4A, 0x8A, 0xC0, 0x53,
    0xDA, 0xBD, 0x6A, 0x5F, 0x32, 0xF6, 0x7C, 0x5F, 0x52, 0x39, 0xAB, 0xF3, 0xD3, 0x47, 0x4F, 0xF2,
    0x54, 0x39, 0x78, 0xF6, 0x89, 0x32, 0x90, 0x7C, 0xDB, 0x8D, 0xD5, 0x23, 0x37, 0xA6, 0x8E, 0x31,
    0xC5, 0xE9, 0x9F, 0x2F, 0x2F, 0xFC, 0x4D, 0x66, 0x80, 0x62, 0x6D, 0x61, 0x6D, 0xA3, 0x63, 0xE3,
    0x4D, 0x38, 0xC9, 0xBC, 0x91, 0x04, 0xAB, 0x71, 0x9F, 0xA8, 0xA1, 0xB7, 0x16, 0x63, 0x50, 0xB1,
    0x35, 0xC0, 0x27, 0x51, 0xC9, 0xB1, 0xC6, 0x63, 0x18, 0x81, 0x39, 0x13, 0x77, 0x3D, 0xD2, 0xB1,
    0xC2, 0x37, 0x7D, 0x9E, 0x1A, 0xE7, 0xFB, 0x98, 0xB2, 0x90, 0x1F, 0xF5, 0x47, 0xFE, 0x78, 0x5C,
    0x28, 0x6F, 0x68, 0x6D, 0x49, 0xF9, 0x1C, 0x15, 0x9E, 0xA7, 0x38, 0xC3, 0x8F, 0x0A, 0xBD, 0xFA,
    0x87, 0x82, 0x03, 0x53, 0x3E, 0x2B, 0xDB, 0xE2, 0xA0, 0x89, 0x43, 0xA6, 0x8C, 0x33, 0xDB, 0x50,
    0x8E, 0x0E, 0x1E, 0xE1, 0x29, 0x8A, 0xA8, 0x50, 0x50, 0x3D, 0xA3, 0x57, 0xF7, 0x1D, 0x64, 0x37,
    0x03, 0x9D, 0x00, 0x00, 0x95, 0x0E, 0x4F, 0x3E, 0x87, 0xE3, 0x66, 0xDF, 0x3A, 0x65, 0xB4, 0x94,
    0xF2, 0xF1, 0x06, 0xC8, 0x35, 0xB9, 0x77, 0x13, 0xC3, 0x9E, 0xEC, 0x56, 0x3A, 0x70, 0x22, 0x18,
    0x54, 0x8D, 0x7B, 0x4E, 0x7F, 0x3A, 0x78, 0xF6, 0x0F, 0x81, 0xB5, 0x26, 0xB6, 0x33, 0x0E, 0x3D,
    0x73, 0x5F, 0xC0, 0x34, 0xE5, 0xBD, 0x16, 0x06, 0x86, 0x17, 0xA8, 0x9A, 0x3D, 0x09, 0x4B, 0x39,
    0xC2, 0x00, 0xB1, 0xBC, 0x82, 0x58, 0xDE, 0x83, 0xCE, 0xFA, 0xB2, 0xE7, 0x01, 0x72, 0x2F, 0xDF,
    0x03, 0x3E, 0x58, 0xDD, 0x2C, 0x84, 0x81, 0x7A, 0x93, 0xA7, 0x1C, 0x1A, 0xB5, 0xDC, 0x15, 0xD1,
    0x92, 0x34, 0x24, 0x2D, 0x13, 0xAC, 0xF8, 0x33, 0x6B, 0x39, 0xF3, 0xBB, 0x8D, 0xDA, 0x4A, 0xE3,
    0xBA, 0x2C, 0xF5, 0xF4, 0xBC, 0x1D, 0x5C, 0xB4, 0x93, 0x4F, 0xD7, 0x31, 0xAF, 0x04, 0x76, 0x90,
    0x94, 0xBB, 0xBC, 0xAE, 0xB5, 0xC9, 0xBC, 0xD5, 0x2F, 0x69, 0x99, 0xD4, 0xBD, 0xA2, 0x8E, 0x0A,
    0xA8, 0xA2, 0x72, 0xAB, 0x2A, 0xD8, 0x20, 0x8F, 0x8D, 0x2E, 0xA3, 0x8C, 0x8E, 0xDD, 0x60, 0x8D,
    0x1B, 0x0A, 0x1D, 0xFE, 0x53, 0xE9, 0xD0, 0x34, 0x6E, 0x48, 0xDD, 0x90, 0xB8, 0x21, 0xFA, 0x4A,
    0x87, 0xE0, 0x9F, 0x3A, 0x78, 0xFF, 0xD6, 0x41, 0xC6, 0x6E, 0xC8, 0x30, 0xC0, 0x7A, 0x62, 0x0C,
    0x75, 0x23, 0x51, 0x75, 0x33, 0xAC, 0x68, 0x28, 0x43, 0x5B, 0x52, 0x5E, 0xA4, 0x9E, 0x43, 0xA2,
    0x5C, 0x2F, 0x72, 0x27, 0xDB, 0x89, 0x76, 0x92, 0x29, 0x18, 0x77, 0x1B, 0xA5, 0xA9, 0xD2, 0x44,
    0x29, 0x84, 0x82, 0x42, 0x26, 0x28, 0x44, 0x92, 0xC3, 0x58, 0x69, 0xA6, 0x34, 0x56, 0x1A, 0x29,
    0x0D, 0xAA, 0x39, 0x7F, 0x27, 0x6B, 0xE1, 0x6F, 0xE8, 0xF5, 0xB0, 0x6A, 0x8A, 0x21, 0xAC, 0xF5,
    0x66, 0x31, 0x27, 0xCB, 0x7F, 0x77, 0x67, 0xF8, 0x0D, 0x7B, 0x28, 0x2A, 0xEA, 0xB0, 0x02, 0xF1,
    0x48, 0xA4, 0x5E, 0x90, 0xE6, 0x55, 0x64, 0x2E, 0x56, 0xFD, 0x44, 0x02, 0xD1, 0x81, 0xA5, 0x60,
    0xAC, 0xEC, 0xCE, 0x3A, 0xBE, 0xEC, 0xEF, 0xF2, 0xDE, 0xBD, 0xCE, 0x87, 0xC2, 0xCD, 0x3C, 0x27,
    0x5D, 0x7F, 0x8B, 0xB8, 0x41, 0x62, 0x9A, 0x4D, 0x6F, 0x44, 0x03, 0x80, 0x33, 0x96, 0x01, 0xE1,
    0x37, 0x9C, 0x49, 0x05, 0xC6, 0x7E, 0x05, 0xF7, 0x17, 0x94, 0x78, 0x3A, 0x2C, 0x7C, 0xB8, 0x10,
    0x0B, 0xE7, 0x1A, 0x73, 0xDF, 0x25, 0xB4, 0x95, 0xBE, 0xA8, 0x57, 0xC3, 0xA6, 0xA0, 0xDD, 0xC8,
    0x9A, 0x67, 0xA2, 0xDB, 0xB9, 0xFF, 0x77, 0x6E, 0x20, 0xE9, 0x9C, 0x1A, 0xDD, 0x78, 0x62, 0x8B,
    0x77, 0x42, 0xB5, 0x0A, 0xA9, 0x42, 0x8B, 0x8D, 0x5F, 0x8D, 0x05, 0xEB, 0xC5, 0x86, 0x2F, 0xB8,
    0x8C, 0xEC, 0xF4, 0xCE, 0xCE, 0xC3, 0x7B, 0xE9, 0x34, 0xCE, 0xFD, 0xCE, 0xF5, 0xBD, 0xEA, 0xB3,
    0xBD, 0xBE, 0xBF, 0x1B, 0xDF, 0x03, 0x2E, 0x9D, 0x16, 0x10, 0xFE, 0x8F, 0x8F, 0xAC, 0xAF, 0xD1,
    0x25, 0xC4, 0x5C, 0x8C, 0x01, 0xFD, 0x53, 0xF5, 0xA2, 0x2E, 0x18, 0x69, 0x34, 0xE6, 0x68, 0xF4,
    0x59, 0x4D, 0xE4, 0xF2, 0x0C, 0x94, 0xF7, 0x15, 0x1C, 0xE4, 0x0F, 0x39, 0x5D, 0x85, 0xC8, 0xFA,
    0x89, 0x3C, 0x46, 0x27, 0x46, 0x29, 0x46, 0x2B, 0x46, 0xAD, 0xF3, 0x44, 0x33, 0x2F, 0xBF, 0x23,
    0x5E, 0x09, 0xE6, 0x7F, 0x2C, 0x9C, 0x85, 0x2D, 0xF1, 0x63, 0xA0, 0x3A, 0x6F, 0x67, 0x3C, 0x63,
    0x38, 0x63, 0x34, 0x63, 0x30, 0x8B, 0xE1, 0x38, 0x19, 0xCA, 0x7C, 0xC9, 0x83, 0xAF, 0x0B, 0xF9,
    0xD6, 0x20, 0xCE, 0xC9, 0x66, 0xC7, 0x18, 0x61, 0xEB, 0xCC, 0x96, 0xD2, 0x54, 0x52, 0x04, 0x32,
    0xC4, 0x31, 0x84, 0x31, 0xDF, 0x56, 0xC2, 0xAE, 0x2B, 0x01, 0x0F, 0x10, 0x94, 0xB5, 0x8E, 0xAB,
    0xC4, 0x17, 0xD8, 0x32, 0xD0, 0x78, 0x13, 0x7E, 0x3A, 0x8D, 0xBE, 0xAE, 0x40, 0x2F, 0x04, 0x51,
    0x7C, 0x18, 0x74, 0x08, 0xB5, 0x27, 0xFB, 0x12, 0xFF, 0xEE, 0x50, 0x22, 0xBC, 0xB8, 0x4A, 0x78,
    0x12, 0x18, 0x89, 0x0C, 0xA3, 0xC5, 0x2F, 0xA7, 0x31, 0xE0, 0x99, 0x0B, 0xC2, 0xCB, 0x61, 0x25,
    0xFF, 0x02, 0x9B, 0x0C, 0x6C, 0xAE, 0x02, 0x62, 0xBE, 0x7A, 0x88, 0xBE, 0xC9, 0xBD, 0x6F, 0x69,
    0xA9, 0x58, 0x5E, 0xE0, 0x7B, 0x1D, 0x94, 0x9F, 0xE0, 0xD9, 0x23, 0x6C, 0x80, 0x3D, 0x20, 0xFC,
    0xFD, 0x25, 0x28, 0x31, 0x77, 0x51, 0x42, 0xC2, 0x5F, 0xBD, 0x0E, 0xBC, 0xAD, 0x99, 0xE9, 0xD9,
    0xE9, 0x86, 0xDF, 0x68, 0x18, 0x83, 0x5B, 0xEA, 0x4F, 0xEC, 0x0C, 0x6D, 0x24, 0xE9, 0x40, 0x06,
    0xD9, 0xAD, 0x3A, 0xB1, 0x53, 0x7F, 0x66, 0x24, 0x43, 0xF6, 0xE6, 0x88, 0xFE, 0xDD, 0x7C, 0x8F,
    0x71, 0xAF, 0x37, 0xFF, 0x76, 0xB9, 0x2E, 0x32, 0xB2, 0xC8, 0x63, 0xE9, 0xB9, 0xE3, 0xA0, 0x48,
    0x3E, 0x2A, 0x41, 0x2F, 0xE4, 0x25, 0x4F, 0x63, 0xF7, 0xCB, 0x39, 0x4E, 0xBF, 0x7C, 0x7B, 0xD8,
    0xE5, 0x40, 0x3D, 0xFC, 0xC1, 0xC5, 0x3C, 0x3C, 0xE3, 0x13, 0x01, 0x05, 0xB6, 0x92, 0xB3, 0xFE,
    0x20, 0x1C, 0x37, 0x12, 0xA5, 0x7D, 0x8D, 0x9B, 0x2D, 0xA9, 0x57, 0xD5, 0xEA, 0xE0, 0x6B, 0x8D,
    0xA1, 0xB5, 0x86, 0x3A, 0x64, 0xBC, 0x00, 0x47, 0x3A, 0xEA, 0xF2, 0x6F, 0x50, 0x9F, 0xE0, 0x25,
    0x54, 0x1A, 0x33, 0x7B, 0xE7, 0x24, 0x6A, 0x75, 0xBE, 0xF8, 0x6D, 0xA4, 0x14, 0x93, 0x2B, 0xC4,
    0x11, 0x39, 0x15, 0x02, 0xBC, 0x99, 0x49, 0xEC, 0x9F, 0xED, 0xF4, 0x9D, 0xD0, 0x22, 0xF1, 0xF3,
    0x5A, 0x1A, 0x7A, 0x2D, 0x03, 0xF0, 0xB3, 0x6D, 0x46, 0x32, 0x16, 0x4D, 0x90, 0x1B, 0x12, 0x70,
    0x1B, 0x7B, 0xD6, 0xBC, 0xCF, 0x1B, 0x48, 0x37, 0x3E, 0xC4, 0xEC, 0x60, 0x7D, 0x74, 0xFF, 0x15,
    0x02, 0x81, 0xF7, 0x25, 0x01, 0x74, 0x89, 0x00, 0x95, 0x4E, 0x9F, 0xCA, 0xBC, 0x51, 0x13, 0x2C,
    0x28, 0x69, 0xE0, 0x48, 0x66, 0xE9, 0xE6, 0x2D, 0xF4, 0x8B, 0xCB, 0x84, 0x99, 0x49, 0x84, 0x2C,
    0xC0, 0x71, 0x81, 0x22, 0x1E, 0x60, 0x53, 0x3C, 0x81, 0x5A, 0x8E, 0x11, 0x08, 0x5C, 0xE9, 0x30,
    0x40, 0x1F, 0x45, 0xB6, 0x3C, 0x42, 0x1F, 0xF1, 0x7B, 0x57, 0x56, 0xF4, 0xCC, 0xB8, 0x2B, 0x29,
    0x0E, 0xBB, 0x3C, 0x6E, 0x20, 0x1B, 0x1E, 0x93, 0xE3, 0x4A, 0x71, 0xC9, 0xC6, 0x15, 0x91, 0xEB,
    0x3F, 0xC6, 0xCC, 0x0F, 0x3A, 0xD3, 0xC8, 0x97, 0xA7, 0x6E, 0x28, 0x91, 0xB0, 0xE3, 0x2E, 0xB6,
    0xF4, 0x3B, 0xC8, 0x03, 0x97, 0x11, 0x2A, 0x5E, 0xF6, 0x3E, 0x3A, 0xC1, 0x12, 0x2B, 0xA1, 0x2A,
    0x52, 0x00, 0xD5, 0xE0, 0x51, 0xCA, 0x0F, 0x86, 0x6F, 0xAE, 0x2F, 0xA2, 0xDC, 0x13, 0x60, 0x07,
    0xF4, 0x3E, 0xF7, 0x5F, 0x0A, 0xAC, 0x47, 0x4A, 0x47, 0xBA, 0x71, 0x01, 0x59, 0x77, 0xED, 0xA1,
    0xE2, 0x1D, 0x6C, 0x78, 0x50, 0x72, 0xB5, 0x65, 0x0D, 0x58, 0x49, 0xF0, 0xA7, 0x42, 0xBC, 0xEF,
    0x3A, 0x0C, 0x1B, 0x27, 0x48, 0x1B, 0xAD, 0x0E, 0xC6, 0xD2, 0xF8, 0xCC, 0x7F, 0x50, 0x0D, 0xF4,
    0x8C, 0x34, 0x63, 0x91, 0x67, 0x58, 0x18, 0xC6, 0x06, 0xAE, 0xFC, 0x33, 0xEC, 0x8D, 0x66, 0x88,
    0xDF, 0x13, 0xDC, 0x0F, 0xF0, 0x9C, 0xD6, 0x10, 0x19, 0x2B, 0x07, 0xA6, 0x6E, 0xE5, 0xF6, 0xB6,
    0x1C, 0x52, 0xD9, 0x12, 0xCC, 0xB9, 0xEE, 0x9E, 0x24, 0xB8, 0x8B, 0xD6, 0xA4, 0xC1, 0x34, 0x8D,
    0x09, 0xBD, 0xAF, 0xC9, 0x66, 0xD6, 0x4A, 0xFA, 0x18, 0xA0, 0xF3, 0x34, 0x2A, 0xD3, 0xA0, 0x4A,
    0xA5, 0x4D, 0x01, 0x6E, 0xE5, 0x79, 0x83, 0xED, 0x36, 0x17, 0x73, 0x68, 0xD1, 0xDD, 0x84, 0x3B,
    0xBC, 0x7C, 0xFC, 0x3A, 0x49, 0x43, 0xC1, 0x52, 0x48, 0xD4, 0x47, 0x73, 0x21, 0x87, 0x39, 0x8B,
    0x15, 0xEC, 0x66, 0x6B, 0x3A, 0xF2, 0xC2, 0x1E, 0x78, 0x8B, 0xD3, 0xA1, 0x17, 0x38, 0xED, 0x09,
    0x56, 0x36, 0x45, 0x56, 0xD4, 0x15, 0x78, 0xFF, 0xB6, 0x70, 0x89, 0xF1, 0x8F, 0x4E, 0x64, 0xF4,
    0x78, 0x8A, 0x60, 0x39, 0x7B, 0x1A, 0x79, 0xEB, 0x12, 0xC2, 0xA8, 0xB3, 0xFB, 0x21, 0x50, 0x0F,
    0xE9, 0x5C, 0x27, 0x5D, 0x5A, 0xCD, 0x1B, 0xEC, 0x71, 0xFE, 0x33, 0x19, 0x42, 0x69, 0xC7, 0xB2,
    0x66, 0x17, 0xB9, 0xD2, 0x77, 0x9A, 0x2B, 0x6D, 0x2C, 0x18, 0xB7, 0x3D, 0x16, 0xA1, 0xB5, 0xF8,
    0x53, 0xBE, 0x93, 0x28, 0x2C, 0x9B, 0xD3, 0x2A, 0xFD, 0x56, 0xC5, 0xED, 0xA9, 0x14, 0x7A, 0xD5,
    0xCE, 0xDC, 0x67, 0x66, 0xDD, 0x97, 0x38, 0x32, 0xC1, 0xDF, 0xB4, 0x70, 0xDB, 0x3E, 0x09, 0xA6,
    0xE7, 0x6D, 0x5A, 0x68, 0x0D, 0x4B, 0x99, 0x98, 0xFF, 0x9B, 0x33, 0x01, 0x2D, 0xFF, 0xDD, 0xCF,
    0x22, 0x6F, 0xB3, 0xFC, 0xBF, 0xB6, 0x54, 0xDB, 0xBF, 0x6C, 0xB8, 0xC4, 0xBA, 0xDF, 0xA5, 0xCE,
    0xFB, 0xCE, 0xE2, 0x19, 0x92, 0x7D, 0xB3, 0x52, 0x47, 0x2B, 0x7E, 0xCE, 0xF3, 0xA8, 0x58, 0x65,
    0xEC, 0xBC, 0x91, 0xA3, 0x85, 0x66, 0x4B, 0x5D, 0xDC, 0xB3, 0x68, 0xB3, 0x4C, 0x2D, 0x0F, 0x7A,
    0x3A, 0x7A, 0xEA, 0xEE, 0xB4, 0xA3, 0x28, 0xC2, 0x7D, 0xD4, 0xD4, 0x50, 0x4B, 0xCB, 0x4A, 0x5C,
    0x26, 0x96, 0xCB, 0x09, 0x87, 0xB2, 0x05, 0xCC, 0x5C, 0xA7, 0x16, 0x4B, 0xE6, 0xDC, 0x77, 0xCC,
    0x3A, 0x1A, 0x77, 0xB9, 0xE0, 0xFA, 0x9D, 0x06, 0x6A, 0x9C, 0x8B, 0x1E, 0x39, 0xD7, 0x0E, 0xD7,
    0xFD, 0x74, 0xE6, 0xDC, 0xF9, 0xEC, 0xF9, 0xA3, 0x8D, 0x45, 0xD7, 0x54, 0x74, 0xD0, 0xAD, 0x28,
    0x12, 0xEF, 0x65, 0x45, 0xD3, 0x74, 0x58, 0xF3, 0xB3, 0xE2, 0x67, 0xBD, 0xCF, 0x6A, 0x9F, 0xB5,
    0x3E, 0x2B, 0x7D, 0xD6, 0xF9, 0xAC, 0xF2, 0x59, 0xE3, 0xB3, 0xC2, 0x67, 0x7D, 0x4F, 0x0F, 0xCF,
    0xDA, 0x9E, 0x95, 0x7D, 0xE3, 0xEC, 0xB1, 0x0A, 0xF4, 0x48, 0xD3, 0x9B, 0x6A, 0xBE, 0xBB, 0x73,
    0x52, 0xB1, 0x43, 0x09, 0xA8, 0xD6, 0x6B, 0x26, 0x25, 0xB5, 0xB6, 0xE6, 0xC5, 0xE6, 0xC0, 0xF9,
    0x9A, 0xB0, 0x3C, 0x60, 0xC5, 0xC2, 0x80, 0xFB, 0xEE, 0x07, 0x24, 0x37, 0xE7, 0x59, 0xD9, 0xE9,
    0xD4, 0x2C, 0x7D, 0x55, 0x6A, 0x16, 0x2F, 0x52, 0xB3, 0xDE, 0x22, 0x35, 0x3B, 0x5C, 0xA4, 0x66,
    0x72, 0x85, 0x4E, 0xD5, 0x2B, 0x79, 0xCB, 0xFF, 0x9C, 0x4D, 0xCD, 0xE9, 0xFC, 0xA9, 0x59, 0xA7,
    0x3F, 0x3D, 0xCB, 0x25, 0xBF, 0xCE, 0x8A, 0x97, 0x7C, 0xD2, 0x5B, 0x4D, 0xD3, 0x64, 0x4D, 0x4F,
    0x01, 0xA4, 0xCB, 0x66, 0x44, 0x4F, 0x46, 0xBF, 0x5C, 0x6D, 0xC2, 0x26, 0x57, 0x9F, 0x63, 0xEF,
    0x53, 0x0B, 0xDE, 0x52, 0x5E, 0xB4, 0x46, 0x21, 0x31, 0xB7, 0xEC, 0x6C, 0x1E, 0x11, 0xBD, 0x19,
    0xB4, 0x1F, 0x30, 0x6B, 0x8B, 0xBF, 0x40, 0x44, 0xEC, 0x33, 0x22, 0x8E, 0x10, 0x11, 0xFD, 0x0A,
    0xC1, 0x30, 0x2C, 0x40, 0x62, 0x83, 0x88, 0xD8, 0x67, 0x44, 0xE4, 0x42, 0xC5, 0x15, 0x3C, 0x59,
    0xA4, 0xEF, 0x32, 0x22, 0xEE, 0x31, 0xC2, 0xBA, 0xF4, 0x88, 0x82, 0xA8, 0xEC, 0xB8, 0x53, 0xF4,
    0xCE, 0x89, 0x54, 0x6F, 0xF2, 0x45, 0x97, 0xF4, 0xB5, 0xD4, 0x9E, 0x0C, 0x82, 0xEF, 0x65, 0x14,
    0xFF, 0xC2, 0x1C, 0xED, 0x22, 0x0A, 0x1E, 0xC5, 0xE6, 0xB0, 0x4A, 0x24, 0x2B, 0x32, 0xB8, 0xEC,
    0x31, 0x82, 0x4E, 0x2D, 0xBF, 0x41, 0xD4, 0xE4, 0x2A, 0x79, 0x05, 0xF8, 0x79, 0x3C, 0x2E, 0x93,
    0x47, 0x9C, 0xD0, 0x3E, 0xF9, 0xAE, 0xAF, 0x5F, 0x7A, 0x59, 0x70, 0x63, 0x5B, 0x06, 0xFB, 0xB2,
    0x77, 0x4D, 0xA2, 0x9F, 0x1B, 0xDF, 0xBF, 0x60, 0x4D, 0xA0, 0x7B, 0x23, 0x69, 0xE7, 0xC7, 0x55,
    0x1F, 0xBC, 0x7B, 0xE9, 0x70, 0xE5, 0x98, 0x2B, 0x18, 0xDD, 0xCE, 0x63, 0xFF, 0x62, 0xB5, 0xD7,
    0x4F, 0x36, 0x89, 0x31, 0x8E, 0x25, 0xFC, 0xAC, 0xF0, 0x6F, 0x75, 0x86, 0x02, 0x29, 0x96, 0x81,
    0x4C, 0x96, 0x1B, 0x4C, 0x0C, 0xED, 0xD4, 0x8F, 0xFA, 0xFB, 0x31, 0xDA, 0xE6, 0xA6, 0xEC, 0xEE,
    0x91, 0x0F, 0xD2, 0x5C, 0xEF, 0xD3, 0x7C, 0x91, 0xFA, 0x44, 0xB6, 0xEA, 0xDD, 0x42, 0x5E, 0x49,
    0x1F, 0x3E, 0x2F, 0x5C, 0xE9, 0xE2, 0xFA, 0x8C, 0x35, 0x1B, 0x91, 0x45, 0xD4, 0xFB, 0x06, 0x56,
    0xEE, 0xC0, 0xBF, 0x17, 0xBC, 0x3E, 0x00, 0xD8, 0xA4, 0x67, 0x0B, 0x24, 0xEC, 0x81, 0x29, 0x2F,
    0x24, 0xFD, 0x93, 0x1B, 0x72, 0x30, 0x90, 0x5D, 0x55, 0xC2, 0x62, 0xA5, 0xA5, 0xB9, 0x70, 0x9B,
    0x6B, 0xC0, 0x50, 0x03, 0xF9, 0x7C, 0xCB, 0xA5, 0xE7, 0x6A, 0x49, 0x91, 0x55, 0x8F, 0x0E, 0xA6,
    0x37, 0xCF, 0x77, 0x4A, 0x18, 0x4E, 0x93, 0x76, 0x7F, 0xD7, 0xD5, 0xF5, 0x2F, 0x39, 0x23, 0xCC,
    0xE9, 0xA6, 0x99, 0x30, 0x72, 0x7E, 0xA8, 0x08, 0x98, 0x49, 0xAC, 0x5F, 0xB9, 0xF4, 0x33, 0xC2,
    0x4D, 0x78, 0xA0, 0x6B, 0x90, 0x85, 0x8D, 0xA3, 0x35, 0x8F, 0xE4, 0xF9, 0x1B, 0x9D, 0x11, 0xBA,
    0x98, 0x13, 0x1F, 0xCF, 0x0F, 0x3C, 0xAF, 0x47, 0x97, 0x3E, 0x05, 0x64, 0xC5, 0x34, 0x26, 0x09,
    0xFE, 0x32, 0x95, 0x20, 0x9F, 0xBE, 0x11, 0xFC, 0x8F, 0x6F, 0x20, 0xDA, 0xA2, 0x5C, 0x80, 0x81,
    0xD1, 0xC2, 0x96, 0x4C, 0x8C, 0x09, 0x45, 0xAE, 0x79, 0x44, 0xE3, 0x1D, 0xCF, 0xCB, 0xB9, 0xAE,
    0xF7, 0xF0, 0xDB, 0x58, 0xEF, 0x31, 0xD0, 0x68, 0x59, 0xA8, 0x09, 0x23, 0x3F, 0x87, 0xDD, 0xB3,
    0xCC, 0x31, 0xA2, 0x62, 0x67, 0x87, 0x3E, 0x11, 0x9A, 0xE1, 0x21, 0xF5, 0x87, 0x5D, 0xBE, 0xB0,
    0x66, 0x8B, 0xD8, 0x32, 0x9F, 0x7D, 0x79, 0xC3, 0xC6, 0x43, 0xCC, 0x02, 0xAE, 0xDB, 0x46, 0x16,
    0x7B, 0x6F, 0x45, 0xB8, 0xA2, 0x32, 0xAB, 0x0F, 0xF6, 0x1F, 0x5E, 0xD7, 0x14, 0xA3, 0xB5, 0x6D,
    0x2D, 0x67, 0x7D, 0xAE, 0xC2, 0x93, 0x27, 0xD0, 0x4A, 0xF4, 0x39, 0x1C, 0xDE, 0x5F, 0xCB, 0xE7,
    0x8C, 0x65, 0x15, 0x87, 0x6F, 0xD8, 0x94, 0xE9, 0xEE, 0x69, 0xB7, 0x74, 0xDE, 0x83, 0xC1, 0xCC,
    0x68, 0x05, 0xEE, 0xC3, 0x0A, 0xFC, 0xE2, 0xE1, 0x6A, 0x0F, 0x05, 0xEF, 0x23, 0x65, 0x80, 0xB7,
    0x2A, 0x16, 0xDE, 0xEA, 0x9C, 0xA0, 0xE0, 0xB0, 0x98, 0x9D, 0x23, 0x4E, 0x6E, 0x6A, 0xAE, 0xDD,
    0xD3, 0x6A, 0xC8, 0xC5, 0x13, 0x8F, 0xA6, 0x9B, 0x30, 0x3F, 0x6F, 0x9D, 0x0D, 0x6B, 0x99, 0xC8,
    0x8A, 0x2F, 0x31, 0x3F, 0x5D, 0x54, 0x7A, 0x9D, 0x39, 0xF3, 0xC5, 0x2E, 0x0F, 0x8D, 0x66, 0xAC,
    0x9C, 0xC7, 0x9E, 0xB8, 0x33, 0xC6, 0xEC, 0x81, 0x44, 0xD8, 0x6D, 0x43, 0xC3, 0x82, 0x2F, 0x28,
    0xEE, 0xF0, 0xFF, 0x39, 0xE6, 0xEE, 0x53, 0xE7, 0x6D, 0xC8, 0x1F, 0x5C, 0x27, 0xD8, 0x2B, 0xEC,
    0xFA, 0xCF, 0xA1, 0xD7, 0xED, 0xF3, 0x6C, 0x88, 0xB5, 0xD4, 0x18, 0x1B, 0x5B, 0x93, 0x06, 0xD7,
    0x78, 0x7E, 0x64, 0x4F, 0x2E, 0x97, 0x1B, 0x83, 0x9E, 0x87, 0xD8, 0x66, 0xD6, 0xF4, 0x9F, 0x51,
    0x88, 0x6E, 0xF1, 0x94, 0x93, 0xE4, 0x91, 0xD0, 0x10, 0xF9, 0xDB, 0x0E, 0x8F, 0x4A, 0xBB, 0xBA,
    0x63, 0x7E, 0x6C, 0xE4, 0xA6, 0xC9, 0xDA, 0x3C, 0x17, 0x3D, 0x70, 0x0F, 0x1B, 0x27, 0x53, 0x6B,
    0xBD, 0xDE, 0x52, 0xEF, 0xEA, 0xE7, 0xAD, 0x1A, 0xBC, 0x50, 0xF9, 0x7D, 0x03, 0xE3, 0x6D, 0x30,
    0x5B, 0xF3, 0x3E, 0x2A, 0x3D, 0xC6, 0x63, 0xA5, 0x3D, 0x13, 0xB6, 0xBA, 0x71, 0x78, 0xE2, 0x32,
    0x65, 0xB1, 0x8D, 0x3C, 0x0B, 0x5F, 0x90, 0x4B, 0x4D, 0xCC, 0xA4, 0x95, 0xC7, 0xAE, 0x5A, 0xF7,
    0xA6, 0x58, 0x94, 0x5F, 0x77, 0x45, 0xD1, 0x95, 0xE5, 0x13, 0x1F, 0xFE, 0xF7, 0xF3, 0xEC, 0xCE,
    0x82, 0x84, 0xFD, 0x65, 0xCF, 0xB0, 0x9F, 0xE7, 0xC4, 0xA7, 0x6F, 0xF3, 0xCC, 0xD6, 0x7D, 0x0F,
    0x01, 0x70, 0x90, 0xAA, 0x25, 0xA5, 0xD2, 0x7F, 0xB1, 0xFD, 0x17, 0x93, 0x60, 0x60, 0xB0, 0x67,
    0x60, 0xE0, 0x3F, 0xC0, 0xC0, 0xFC, 0x81, 0x81, 0x61, 0x2F, 0x03, 0x83, 0xBC, 0x03, 0x03, 0xFB,
    0x05, 0x06, 0x06, 0x20, 0x07, 0x08, 0x12, 0x18, 0x98, 0x1E, 0x30, 0x70, 0x37, 0x30, 0xD8, 0x31,
    0x30, 0xFC, 0x60, 0x60, 0x7E, 0xC0, 0x20, 0x0F, 0x66, 0x72, 0x30, 0x30, 0xEC, 0xFF, 0x97, 0xB5,
    0x52, 0x92, 0xA1, 0xDE, 0xE1, 0xFF, 0x81, 0xFD, 0x0D, 0x7A, 0x0C, 0x3B, 0x18, 0xF8, 0x1D, 0x6C,
    0x19, 0xE4, 0x19, 0xF8, 0x19, 0x6C, 0x80, 0xAA, 0x77, 0x30, 0x30, 0x1F, 0xFC, 0xC0, 0xC0, 0xF8,
    0xF9, 0x00, 0x50, 0x59, 0x03, 0xD8, 0x74, 0x06, 0x59, 0x20, 0x66, 0x61, 0x60, 0xE0, 0xBE, 0x60,
    0xFF, 0xA5, 0xC2, 0x66, 0x83, 0x0E, 0x00, 0xC5, 0x5B, 0xBF, 0x93, 0xE4, 0xD6, 0x71, 0x6E, 0x00,
    0xAA, 0x83, 0x58, 0x20, 0x89, 0x0B, 0x18, 0xC8, 0xB5, 0xF4, 0x41, 0x81, 0x02, 0xBA, 0xEA, 0x76,
    0xE1, 0xE0, 0x02, 0xA9, 0x6A, 0x30, 0x03, 0x52, 0x81, 0x03, 0x06, 0xE4, 0x5F, 0x20, 0x29, 0x70,
    0xE8, 0xAA, 0x63, 0x78, 0xAA, 0xC2, 0xDE, 0x82, 0xE5, 0xC0, 0x81, 0x03, 0xDD, 0x9F, 0xA0, 0xBF,
    0x40, 0xBE, 0x60, 0x83, 0x91, 0x6B, 0x96, 0x00, 0xC9, 0xC0, 0xA1, 0x60, 0x2A, 0x50, 0x28, 0x50,
    0xBA, 0x2A, 0x85, 0x07, 0x16, 0x61, 0x12, 0xC7, 0x9B, 0x99, 0xE7, 0xEF, 0xEB, 0x87, 0xF9, 0xB9,
    0xBB, 0xB7, 0xB3, 0xBB, 0x43, 0x7B, 0xF6, 0x75, 0xCF, 0xE0, 0xD7, 0xC3, 0xFB, 0xD1, 0xAF, 0xFB,
    0xEB, 0xEE, 0xB7, 0x4E, 0x29, 0x6E, 0x2D, 0x72, 0x2A, 0x92, 0x88, 0xFC, 0x50, 0xEC, 0xC7, 0x98,
    0x0E, 0xA5, 0x13, 0x59, 0x2F, 0xC6, 0x34, 0x28, 0x5B, 0x27, 0xF5, 0xFC, 0x0C, 0x25, 0xF4, 0xF3,
    0xE8, 0xFD, 0x12, 0xFC, 0xC6, 0x35, 0x14, 0xB8, 0x26, 0xCA, 0x24, 0x66, 0x15, 0xDB, 0xAC, 0x78,
    0x06, 0x66, 0x0C, 0x0F, 0xE3, 0x12, 0xCC, 0xAF, 0xC0, 0xBC, 0x1A, 0xCC, 0x6D, 0xF8, 0xAB, 0x59,
    0x1C, 0x86, 0xB8, 0xEA, 0x9A, 0x14, 0xEC, 0x85, 0xC8, 0x6B, 0x22, 0x91, 0x48, 0x26, 0x82, 0x6A,
    0xF3, 0x65, 0xF7, 0x5A, 0x94, 0xF3, 0xED, 0x78, 0x45, 0x91, 0x68, 0x9E, 0x3A, 0xC6, 0xD4, 0x7E,
    0xEB, 0x3C, 0x89, 0x50, 0xCF, 0x48, 0x74, 0xC0, 0x58, 0xB1, 0x9C, 0x98, 0x0E, 0xED, 0xEE, 0xF4,
    0xF7, 0x31, 0x68, 0x28, 0xF6, 0x7A, 0x54, 0x8A, 0x04, 0xB8, 0x9F, 0xCF, 0xE9, 0xF3, 0xE8, 0x41,
    0x60, 0xE6, 0x12, 0xE5, 0x3F, 0xD2, 0x2E, 0x91, 0x58, 0x57, 0x80, 0xA6, 0x39, 0x73, 0x1E, 0x54,
    0x22, 0xEE, 0x94, 0x35, 0xF2, 0x20, 0x15, 0x09, 0x73, 0x7E, 0xFF, 0x03, 0x8E, 0x47, 0x66, 0x26,
    0x77, 0x50, 0x4D, 0xB7, 0xFD, 0x19, 0xDC, 0x93, 0xE3, 0x58, 0xC0, 0xED, 0x07, 0x03, 0x70, 0xDD,
    0x22, 0xD2, 0xEE, 0x54, 0x9C, 0xE6, 0x81, 0xDF, 0x14, 0xA6, 0x3C, 0x40, 0x53, 0x23, 0xC3, 0xF6,
    0x2E, 0xBF, 0xB4, 0xCB, 0x17, 0x7F, 0xC5, 0x68, 0xFA, 0x13, 0xFB, 0x35, 0x13, 0x39, 0xC2, 0xC9,
    0x93, 0x14, 0x6C, 0xC8, 0x59, 0x4A, 0xF0, 0x15, 0x94, 0x18, 0xB7, 0xA1, 0xF8, 0x25, 0x46, 0x99,
    0x47, 0x98, 0x4B, 0x5E, 0x0B, 0x6A, 0xBD, 0xB3, 0xC8, 0xF5, 0xB9, 0x63, 0xCE, 0xFC, 0x93, 0xBE,
    0x8B, 0xB8, 0x11, 0x77, 0x5F, 0xC1, 0x0D, 0x3E, 0x2F, 0x94, 0x9B, 0x92, 0x67, 0x0E, 0x1A, 0x72,
    0xA7, 0xD5, 0xAB, 0xDD, 0x36, 0xB7, 0xE7, 0xF5, 0x1E, 0x63, 0xF2, 0x4E, 0x5C, 0x9D, 0xD1, 0x5D,
    0xC4, 0x71, 0xAE, 0xE2, 0x98, 0xF6, 0x52, 0xC7, 0xDE, 0xC4, 0xAC, 0xF5, 0x52, 0xE6, 0x62, 0x56,
    0x83, 0x5C, 0x65, 0x52, 0x06, 0xA0, 0x7F, 0x14, 0x59, 0x75, 0x2B, 0x4E, 0x3B, 0x39, 0x93, 0xCE,
    0x6D, 0xA5, 0x0B, 0x2A, 0xE9, 0x50, 0x6D, 0x77, 0x26, 0xF2, 0x1D, 0x46, 0xDF, 0x40, 0x32, 0x0C,
    0xBE, 0xBF, 0xC3, 0x18, 0x76, 0x18, 0xC0, 0x0E, 0xA2, 0xD2, 0x79, 0xB8, 0x4F, 0xA6, 0xA0, 0x11,
    0x28, 0x42, 0xB3, 0xF1, 0xD0, 0x47, 0xBD, 0x4C, 0x1E, 0x81, 0x02, 0xBC, 0x8B, 0xEF, 0x5B, 0xD6,
    0xEF, 0xA0, 0x83, 0x1E, 0x28, 0x04, 0x8D, 0x40, 0x67, 0x4D, 0xE7, 0x7C, 0xD5, 0x74, 0xDE, 0x7F,
    0x37, 0x5D, 0xF8, 0x71, 0xD3, 0xC5, 0xB8, 0x9E, 0x81, 0x3A, 0xA7, 0x79, 0xD9, 0x38, 0x8D, 0x29,
    0x41, 0x29, 0x08, 0xCF, 0x4D, 0x41, 0x94, 0x00, 0x69, 0x0E, 0x45, 0xC6, 0x68, 0xF8, 0x08, 0x8D,
    0x89, 0xEA, 0x65, 0xDD, 0x89, 0x38, 0x2D, 0xD7, 0x61, 0x94, 0x7A, 0x75, 0x58, 0xFA, 0xA5, 0x5F,
    0x05, 0xA5, 0xD7, 0x84, 0xA9, 0xD3, 0xA2, 0xA3, 0x13, 0x08, 0x42, 0x82, 0x67, 0xE2, 0x09, 0x24,
    0x1A, 0xCF, 0xF9, 0x18, 0x52, 0x0F, 0x1D, 0xC2, 0x60, 0xE9, 0xD0, 0xA1, 0x4F, 0x71, 0xCD, 0xF6,
    0x79, 0xD5, 0x4D, 0x09, 0xD3, 0xAC, 0xA4, 0xE3, 0xBA, 0x4D, 0x2A, 0xE3, 0x5C, 0x64, 0x12, 0x72,
    0x25, 0xB3, 0x19, 0x92, 0x50, 0x38, 0x33, 0xCE, 0x64, 0x17, 0x62, 0x88, 0x1A, 0xAC, 0x34, 0xB7,
    0xC1, 0xFC, 0x78, 0x15, 0xEE, 0xF6, 0x29, 0x85, 0x01, 0x54, 0x84, 0x84, 0x50, 0x62, 0xAC, 0x63,
    0x42, 0x61, 0x4E, 0xB8, 0xE2, 0x47, 0xF8, 0x8D, 0x33, 0xC6, 0x4C, 0x95, 0x3A, 0x91, 0x0D, 0x82,
    0xF8, 0x50, 0xF7, 0x49, 0x87, 0x05, 0x8D, 0x09, 0x05, 0x85, 0xE9, 0x8A, 0x62, 0x3D, 0x6F, 0x54,
    0xBA, 0x72, 0x25, 0x7B, 0xEF, 0xAC, 0x9F, 0xC4, 0x58, 0x17, 0x41, 0xE7, 0x4C, 0xA8, 0x2A, 0xFB,
    0xFA, 0x4F, 0x58, 0x47, 0xBE, 0x41, 0x4E, 0xA1, 0xD7, 0x0A, 0x2C, 0x89, 0x1B, 0xA9, 0x32, 0xAE,
    0x44, 0xCB, 0xD8, 0xA3, 0x15, 0x8B, 0xC9, 0x8E, 0xC8, 0x86, 0x64, 0xC9, 0x92, 0x65, 0x64, 0x13,
    0xB2, 0x16, 0x0C, 0x83, 0x93, 0x50, 0xFB, 0x26, 0x5C, 0x1E, 0xA6, 0x56, 0x36, 0x86, 0xA8, 0x5D,
    0xC8, 0x6E, 0x60, 0x08, 0xB0, 0x96, 0xD2, 0xA0, 0x0C, 0xCA, 0x30, 0x85, 0x38, 0x41, 0x88, 0xB0,
    0xFA, 0xA7, 0xE1, 0xBB, 0xB8, 0x3C, 0x0A, 0x7F, 0x8E, 0xA9, 0x0C, 0x7F, 0xF3, 0x01, 0x16, 0x90,
    0xF7, 0xBC, 0x40, 0x57, 0x1C, 0x43, 0x75, 0xE9, 0xFD, 0xE1, 0x97, 0x9C, 0xDC, 0x0F, 0xDE, 0x87,
    0x40, 0x25, 0x7A, 0x0F, 0x26, 0xB5, 0x45, 0x3B, 0xC3, 0x34, 0x43, 0x43, 0xC3, 0x74, 0x84, 0x51,
    0x0B, 0xD3, 0x30, 0xB7, 0x35, 0x43, 0xBF, 0x40, 0x4C, 0xEF, 0x60, 0xF4, 0x22, 0x3C, 0xFE, 0x86,
    0x14, 0x0B, 0x5D, 0x6C, 0xBF, 0x31, 0x1B, 0x0E, 0x46, 0xDF, 0x31, 0x5D, 0xAF, 0x89, 0xA9, 0x85,
    0x29, 0xAB, 0xA4, 0xB0, 0xFC, 0x19, 0xD4, 0xD2, 0x08, 0xEB, 0x5E, 0xB5, 0xF1, 0x1E, 0x96, 0x94,
    0x5B, 0xFD, 0x14, 0x1C, 0xF6, 0xB7, 0xA0, 0xA6, 0xC9, 0xF7, 0xBA, 0x5C, 0xF7, 0xA2, 0x52, 0xA8,
    0xE4, 0x95, 0x20, 0x15, 0xEB, 0x14, 0xF7, 0x74, 0xA4, 0xEA, 0x7C, 0xA8, 0xDA, 0x9C, 0xAA, 0x1C,
    0x22, 0x4C, 0x25, 0x7E, 0x50, 0xC9, 0x10, 0xEA, 0x7B, 0xF8, 0x6B, 0x48, 0x13, 0x96, 0x18, 0x26,
    0x03, 0xAB, 0xAB, 0xC1, 0x4B, 0x82, 0xE6, 0xDE, 0x53, 0x79, 0xA3, 0x39, 0x7A, 0x20, 0xF7, 0x9B,
    0xA3, 0x77, 0xE4, 0xC1, 0xE9, 0xE1, 0xDB, 0xF2, 0xD1, 0x69, 0xF2, 0xA6, 0xD4, 0xE3, 0x24, 0x90,
    0x6A, 0x9C, 0x78, 0xEF, 0x95, 0x60, 0x9F, 0xE7, 0xE3, 0xC4, 0xF9, 0x93, 0x64, 0x03, 0x79, 0x4E,
    0x76, 0x46, 0x96, 0x49, 0x46, 0xE5, 0x66, 0xD9, 0x2E, 0xFA, 0xE0, 0x2A, 0xBD, 0x21, 0x34, 0x66,
    0x6A, 0x9F, 0xFD, 0xF6, 0xCE, 0x94, 0x3A, 0xFC, 0x31, 0x45, 0x80, 0xDD, 0xC2, 0xB4, 0x67, 0x9C,
    0xEF, 0x8C, 0x13, 0x3F, 0x21, 0xCB, 0x7A, 0x16, 0x96, 0x7A, 0x55, 0xEF, 0xD3, 0x27, 0xF4, 0x59,
    0xAD, 0x45, 0xEB, 0xDB, 0xF5, 0xE5, 0xAF, 0xA2, 0x62, 0x9E, 0x72, 0x6D, 0xAF, 0xE9, 0x86, 0xA8,
    0xD7, 0x25, 0x91, 0x3D, 0xC6, 0x79, 0xEA, 0x0E, 0x83, 0xFB, 0xB6, 0x75, 0xD0, 0x82, 0xD0, 0x98,
    0x05, 0x66, 0xA9, 0xC2, 0xD2, 0xCA, 0xF8, 0xB0, 0xC7, 0x28, 0x1C, 0xC1, 0x49, 0xFF, 0x9D, 0xAD,
    0x63, 0x96, 0x7C, 0x13, 0xB3, 0x14, 0x76, 0x81, 0xD7, 0x42, 0x2D, 0x79, 0x43, 0xDA, 0x87, 0x71,
    0xB0, 0xAD, 0x54, 0x76, 0x60, 0x9E, 0xC1, 0x40, 0x1B, 0x93, 0x06, 0xCF, 0xB2, 0xA8, 0x8A, 0xD3,
    0xCC, 0x6B, 0x28, 0x78, 0x1D, 0x84, 0x43, 0x26, 0x13, 0xCA, 0xC8, 0xC4, 0x0A, 0x4A, 0xC6, 0xCA,
    0x33, 0x0A, 0x3D, 0x6E, 0x09, 0x79, 0xB3, 0x3E, 0x06, 0xAB, 0xFD, 0x6C, 0xAD, 0xBE, 0x91, 0x38,
    0x5D, 0x98, 0x7B, 0x8D, 0x6D, 0x15, 0x50, 0x57, 0x87, 0x71, 0x38, 0x46, 0x6B, 0x62, 0xB4, 0x26,
    0xC4, 0xAB, 0xB1, 0x04, 0x24, 0x42, 0xAB, 0x86, 0x50, 0x35, 0xD3, 0xA1, 0xF6, 0x83, 0xF7, 0x86,
    0xA5, 0x57, 0xC7, 0xE8, 0x19, 0xDA, 0x3F, 0xBD, 0xA5, 0xE9, 0x9A, 0x93, 0xFA, 0x49, 0xD8, 0xA0,
    0x09, 0xC4, 0x6C, 0x9B, 0xB2, 0x9E, 0x12, 0xD0, 0x08, 0x3A, 0x0D, 0x26, 0x2A, 0x77, 0x69, 0x76,
    0x54, 0x4F, 0x9D, 0x27, 0x5A, 0x14, 0xCA, 0xCD, 0xFE, 0xB9, 0xA2, 0xAB, 0x9E, 0x7F, 0xCF, 0x6F,
    0xE9, 0x2C, 0x57, 0xC5, 0x38, 0xBE, 0x8C, 0x17, 0x90, 0x15, 0x51, 0xA6, 0xD0, 0x7C, 0x9B, 0x29,
    0x0E, 0x55, 0x14, 0x9A, 0x10, 0x83, 0x26, 0x16, 0x81, 0xFA, 0x9B, 0x4C, 0xCF, 0xE1, 0xAA, 0xDE,
    0x47, 0xCC, 0xD9, 0x89, 0xCE, 0xD3, 0x25, 0x0C, 0xCB, 0x8F, 0x33, 0xD8, 0xE2, 0xD0, 0x99, 0xF1,
    0xDC, 0x88, 0x2C, 0xDA, 0x64, 0xA3, 0xFE, 0xAA, 0xDE, 0x57, 0xF0, 0x89, 0xCB, 0x56, 0xAC, 0x99,
    0xEF, 0x88, 0x1E, 0x70, 0x5F, 0x80, 0xC6, 0x8D, 0xF0, 0xFB, 0x27, 0x6A, 0xBF, 0x38, 0xD7, 0x30,
    0xC9, 0x8A, 0x75, 0xDC, 0xA6, 0x87, 0x0F, 0x8D, 0xFE, 0xA6, 0x67, 0xA4, 0xE7, 0x55, 0x90, 0xF3,
    0x07, 0x40, 0x0F, 0x23, 0xD8, 0xBD, 0x03, 0xED, 0x9C, 0xAB, 0x3C, 0x52, 0xA4, 0x51, 0xA4, 0xC0,
    0x1A, 0x0E, 0xDE, 0x55, 0x76, 0x78, 0x04, 0xAD, 0xC4, 0x3A, 0x74, 0x9B, 0x0E, 0xE3, 0x02, 0xAB,
    0x62, 0x96, 0xBC, 0xB5, 0x67, 0x7A, 0x6E, 0xEF, 0xE1, 0xFD, 0x75, 0x27, 0xFA, 0x2C, 0x86, 0xEF,
    0x24, 0x5D, 0xD4, 0xE9, 0x28, 0xF8, 0x37, 0x5C, 0x79, 0x75, 0xF0, 0xCC, 0xAD, 0xC3, 0xDC, 0xAD,
    0x23, 0xE9, 0x29, 0xC5, 0x71, 0xED, 0xD6, 0x1E, 0xF5, 0xCB, 0x09, 0x68, 0x02, 0x4F, 0xB4, 0xC5,
    0x71, 0xE3, 0xD6, 0x80, 0x60, 0xCB, 0x7B, 0xB1, 0xE6, 0xEA, 0x03, 0xDA, 0xA0, 0xF2, 0x07, 0xD0,
    0x0E, 0x00, 0xA1, 0xD2, 0xF8, 0xA6, 0x19, 0x99, 0xE6, 0x4C, 0x60, 0xE1, 0x58, 0xF0, 0x03, 0x87,
    0x01, 0xAA, 0x70, 0x7E, 0x07, 0x9B, 0x3D, 0x17, 0x77, 0xFE, 0xA1, 0x76, 0x37, 0xEC, 0xA1, 0x70,
    0x72, 0x52, 0x69, 0xA7, 0x4F, 0xD2, 0x4F, 0xB0, 0xE6, 0x63, 0x10, 0xA1, 0xC1, 0x72, 0x31, 0xA5,
    0x98, 0x78, 0x80, 0x84, 0x18, 0xC3, 0x73, 0x06, 0x17, 0x00, 0xCD, 0x2E, 0x9E, 0x60, 0x90, 0x31,
    0x84, 0x55, 0xEB, 0xC2, 0x92, 0x36, 0x2D, 0x81, 0x4C, 0x89, 0x76, 0xB6, 0x6E, 0xDB, 0xCA, 0x98,
    0xC5, 0x6D, 0xA9, 0x1A, 0xE7, 0x90, 0x4F, 0xDC, 0x76, 0xB5, 0xFF, 0x04, 0xAC, 0x54, 0x0A, 0xC7,
    0xAF, 0x0D, 0x56, 0xD4, 0x04, 0x30, 0xDA, 0xF0, 0x79, 0x6A, 0xA8, 0x1E, 0xA8, 0x14, 0x9F, 0xA0,
    0x27, 0x0F, 0x4A, 0x28, 0xDC, 0x8E, 0x04, 0xB9, 0x1E, 0xAF, 0x93, 0x53, 0xE4, 0x81, 0x69, 0xE2,
    0x77, 0xA7, 0x00, 0x65, 0x80, 0x64, 0x85, 0x99, 0xA3, 0x4C, 0x54, 0x8B, 0x0D, 0x89, 0x1D, 0xDE,
    0x0A, 0x0C, 0xB0, 0xE1, 0xB3, 0x58, 0xC6, 0x1E, 0x6A, 0x1C, 0x63, 0xFC, 0x9A, 0x31, 0x2E, 0x4C,
    0xC6, 0xB8, 0x67, 0xF8, 0x9F, 0x18, 0xB7, 0x10, 0xEF, 0x97, 0xC3, 0xDF, 0x37, 0xAC, 0x6F, 0x8C,
    0x91, 0x1C, 0xD3, 0xF1, 0x1A, 0x03, 0x19, 0xA5, 0x63, 0xBF, 0xE4, 0x63, 0x4D, 0x86, 0xC5, 0xD4,
    0x42, 0xE9, 0x9E, 0x98, 0xF2, 0x2E, 0x06, 0x50, 0xC1, 0x70, 0x00, 0x55, 0x0B, 0xFD, 0xE2, 0xD7,
    0x1C, 0x7B, 0xA7, 0xF9, 0x50, 0xBD, 0xC0, 0x87, 0x73, 0xF4, 0x6A, 0xD2, 0x3A, 0xD3, 0xD6, 0x9B,
    0xB6, 0xE1, 0xA4, 0x3D, 0xCA, 0xDA, 0x2C, 0x6B, 0x9B, 0xEC, 0x9B, 0x3A, 0xFB, 0xB6, 0xCC, 0x8C,
    0x64, 0x73, 0xC9, 0xA6, 0x92, 0xB5, 0x92, 0xBD, 0xE9, 0x96, 0xE1, 0x3F, 0x95, 0x3E, 0xB0, 0xC9,
    0xAC, 0x87, 0x36, 0x3B, 0x3E, 0xC8, 0xA1, 0xF7, 0xCB, 0x36, 0x4A, 0xDB, 0x63, 0xF9, 0x9F, 0x56,
    0x5E, 0xD6, 0x82, 0xE6, 0x7F, 0xD3, 0x4A, 0x7B, 0x86, 0x26, 0xA6, 0x18, 0xBF, 0xD6, 0x6B, 0x88,
    0x57, 0x38, 0xB2, 0x24, 0xF4, 0x41, 0xDA, 0x35, 0x02, 0x9E, 0x77, 0x1A, 0x62, 0x79, 0x9A, 0x1C,
    0xBF, 0x8C, 0x30, 0xBE, 0x05, 0xBA, 0xF3, 0x08, 0x04, 0xC3, 0xD3, 0xC5, 0xB9, 0x33, 0x3D, 0x2A,
    0xBD, 0xC9, 0x61, 0xED, 0x67, 0xC9, 0x47, 0x6F, 0x0E, 0x06, 0x3F, 0x7D, 0x7B, 0x30, 0xB8, 0x7F,
    0x7F, 0x30, 0x78, 0xE3, 0x41, 0x32, 0x08, 0x9F, 0x26, 0x03, 0xBF, 0x4E, 0x06, 0x5E, 0x95, 0x70,
    0x74, 0x41, 0x47, 0xFD, 0xBC, 0x2F, 0x8A, 0x05, 0xB6, 0x5B, 0x27, 0x5B, 0x9D, 0x24, 0xAC, 0xCD,
    0x16, 0xD3, 0x71, 0x86, 0x59, 0x19, 0x61, 0x72, 0x22, 0x58, 0x5A, 0x8C, 0x30, 0x68, 0xA2, 0x62,
    0x17, 0xE9, 0x79, 0x5E, 0xE7, 0x7D, 0xBC, 0xDF, 0xA2, 0x78, 0xF4, 0xEC, 0xD5, 0xE5, 0xA1, 0x95,
    0x48, 0x1F, 0xBF, 0xA7, 0x1C, 0x1F, 0x49, 0x16, 0x05, 0xBF, 0x27, 0x33, 0x95, 0xC8, 0xEF, 0xE6,
    0xE9, 0x96, 0xE4, 0x39, 0x45, 0x85, 0x95, 0x11, 0xE7, 0xE9, 0x50, 0x25, 0x65, 0xA2, 0xFA, 0x72,
    0x4D, 0x6A, 0xEE, 0x42, 0xA6, 0x9C, 0x02, 0x56, 0x7E, 0x8A, 0xC2, 0xB3, 0xAF, 0x2C, 0x58, 0x3D,
    0x00, 0x7A, 0x40, 0x7B, 0x58, 0x44, 0xE8, 0x54, 0x98, 0x63, 0xA4, 0x1B, 0x40, 0x52, 0xF7, 0x2F,
    0x95, 0x7C, 0x8D, 0x79, 0x80, 0xC3, 0x9E, 0x12, 0x49, 0x1C, 0xD1, 0xBF, 0x85, 0x32, 0x01, 0xAA,
    0x2D, 0x00, 0x03, 0x1C, 0xDA, 0x70, 0xF7, 0x32, 0xF6, 0x10, 0x56, 0xD9, 0x27, 0xDC, 0x89, 0xBE,
    0xF8, 0x72, 0x06, 0xF8, 0x08, 0xC3, 0x9A, 0x71, 0xFD, 0x8F, 0xB9, 0x32, 0xC6, 0xD4, 0x06, 0xFA,
    0x4B, 0xCF, 0xE9, 0x55, 0xBD, 0x4F, 0x9F, 0xD0, 0x67, 0x2F, 0xAD, 0x99, 0xB8, 0x34, 0xC2, 0xB0,
    0x07, 0x9F, 0x42, 0x41, 0xFD, 0x95, 0x88, 0x17, 0x0B, 0xA0, 0xE8, 0xB1, 0x0E, 0x64, 0xDA, 0xFD,
    0xB6, 0x12, 0xFF, 0xB3, 0x06, 0xD3, 0x32, 0x55, 0xC7, 0x87, 0xBA, 0xA1, 0xBD, 0xC6, 0x9F, 0xD1,
    0xD5, 0x6F, 0xC4, 0x6A, 0x9A, 0x15, 0xAD, 0xCF, 0x5A, 0xA7, 0x02, 0x3B, 0x32, 0x6D, 0x30, 0xDF,
    0x56, 0x0B, 0xB0, 0x07, 0x18, 0xC0, 0x6B, 0x33, 0xDA, 0x42, 0xCB, 0x6E, 0x51, 0x41, 0xAB, 0xCC,
    0x2E, 0xC7, 0x4D, 0x46, 0x47, 0x84, 0xE4, 0x2C, 0x08, 0xE0, 0x04, 0x78, 0x90, 0x8B, 0x09, 0x7E,
    0x06, 0xFF, 0xA4, 0xFF, 0xC6, 0x31, 0x55, 0x5A, 0x41, 0x5D, 0x40, 0x19, 0xDC, 0x24, 0x3C, 0x96,
    0x41, 0x5E, 0xB3, 0xD6, 0x6F, 0x70, 0xDC, 0x13, 0x7E, 0xF3, 0xDC, 0x7F, 0xCC, 0xF5, 0x9E, 0x65,
    0x31, 0xBD, 0x68, 0x37, 0xAB, 0x91, 0xF3, 0x61, 0x6E, 0x2A, 0xDC, 0x77, 0x30, 0x83, 0x01, 0x51,
    0xD5, 0x4F, 0x1B, 0x99, 0xB9, 0x66, 0xEA, 0xD2, 0xEB, 0xB3, 0xA2, 0xDC, 0xDD, 0xF5, 0xA1, 0xFA,
    0xAB, 0x98, 0x2D, 0x80, 0x8E, 0x6F, 0x3D, 0x5C, 0x6A, 0xC3, 0xEA, 0x44, 0xA0, 0x36, 0xE0, 0x03,
    0xC6, 0x12, 0xE4, 0xA8, 0x3A, 0x28, 0xC1, 0xA0, 0x4A, 0x18, 0x60, 0xD2, 0x73, 0x2D, 0x75, 0x5E,
    0x1B, 0xF0, 0x3E, 0x7D, 0x82, 0xCF, 0x4A, 0xF1, 0xC2, 0x37, 0xF3, 0x30, 0x3F, 0x8A, 0x84, 0x05,
    0x3F, 0x02, 0x33, 0x47, 0xDF, 0xDD, 0xFA, 0xC8, 0x2F, 0x8F, 0xC2, 0xF4, 0x28, 0x96, 0xA3, 0x04,
    0x52, 0x52, 0xEA, 0xA0, 0x60, 0x0D, 0x1D, 0x6A, 0x74, 0x51, 0x3F, 0x3B, 0x6A, 0x66, 0xFF, 0xE3,
    0x3A, 0xF8, 0xBC, 0x01, 0xBF, 0xD6, 0x53, 0x41, 0x0F, 0xA5, 0x4D, 0x6F, 0x41, 0x96, 0xD0, 0xBA,
    0x00, 0x2C, 0x47, 0xEB, 0xC3, 0xFC, 0x04, 0xC7, 0x91, 0xB0, 0x4F, 0x6B, 0x7F, 0xF9, 0x45, 0xB4,
    0x02, 0xE6, 0x40, 0xBA, 0x2E, 0x04, 0xD7, 0xC5, 0x98, 0xBE, 0x2E, 0xD6, 0xB5, 0xC7, 0x8A, 0x71,
    0x56, 0x31, 0xD2, 0x9D, 0xCC, 0x1A, 0x14, 0x07, 0xBB, 0x90, 0xDF, 0xD5, 0x28, 0x01, 0xD4, 0x30,
    0xCB, 0xA6, 0x72, 0x69, 0xD9, 0x85, 0x39, 0xCC, 0x6F, 0x7A, 0xE6, 0x70, 0x06, 0x71, 0x75, 0xF4,
    0x44, 0x02, 0x18, 0x03, 0xE0, 0x2C, 0x18, 0x41, 0xAF, 0xFC, 0x10, 0xF3, 0x63, 0xD2, 0x87, 0x2F,
    0x24, 0x21, 0x50, 0x4B, 0xD6, 0x3F, 0x83, 0x7B, 0x32, 0x19, 0xAD, 0x85, 0x37, 0xAB, 0x9D, 0x8A,
    0xAE, 0xCD, 0x85, 0xAD, 0xB9, 0xFC, 0xAF, 0xF1, 0x9A, 0xA2, 0x82, 0x76, 0xA2, 0xF1, 0x90, 0x9E,
    0xD3, 0x88, 0x88, 0x9A, 0x8F, 0x15, 0xE7, 0x32, 0x01, 0xE4, 0xA0, 0x67, 0x0D, 0x33, 0x99, 0xD3,
    0xA0, 0x04, 0x6A, 0x52, 0x82, 0x32, 0x86, 0x51, 0x89, 0xF2, 0x82, 0xBA, 0x48, 0x1E, 0x61, 0x40,
    0x59, 0xED, 0x58, 0x2E, 0x61, 0x8A, 0x16, 0xA0, 0xA3, 0x61, 0x37, 0x88, 0x2A, 0xC6, 0x94, 0x73,
    0xCB, 0x78, 0x58, 0x00, 0x5D, 0xC8, 0xC3, 0x79, 0xFA, 0xEA, 0xE9, 0x9E, 0x5D, 0x34, 0xDD, 0xF9,
    0xA5, 0xD3, 0xFD, 0x9A, 0x6A, 0x62, 0x1B, 0xFE, 0x2E, 0x17, 0x43, 0xB2, 0x9B, 0x5D, 0x75, 0x53,
    0x4C, 0x8D, 0x3E, 0x88, 0xC7, 0x7F, 0x74, 0x3D, 0xD3, 0xED, 0xE5, 0x4F, 0x61, 0x13, 0x1C, 0x53,
    0x71, 0x8E, 0xC5, 0x7A, 0x5A, 0x37, 0xB1, 0x1B, 0x57, 0x9A, 0x44, 0x6B, 0x39, 0x37, 0x44, 0x72,
    0x89, 0xF8, 0x0B, 0x3A, 0x7B, 0xCA, 0xF6, 0xE3, 0x0A, 0xC8, 0xD3, 0x35, 0x9D, 0xB8, 0x46, 0x45,
    0x1F, 0xFF, 0xBF, 0x8E, 0xBE, 0x7C, 0x75, 0xE0, 0xE1, 0x58, 0x03, 0x0F, 0x45, 0x4A, 0x28, 0xD8,
    0x46, 0xE5, 0xC9, 0xBB, 0x78, 0xEA, 0x58, 0x0E, 0x9E, 0x97, 0xC9, 0x2A, 0xF0, 0x90, 0x6B, 0xE0,
    0xC1, 0x5D, 0x0F, 0x3C, 0x2C, 0xA1, 0x47, 0x7A, 0x86, 0x41, 0x8C, 0xE5, 0x71, 0x1D, 0xC2, 0x1F,
    0x8A, 0xD2, 0xB3, 0xC8, 0xA4, 0x13, 0xCF, 0x10, 0xF1, 0x6A, 0xCC, 0x66, 0x1D, 0x7A, 0x30, 0xB2,
    0xD1, 0x32, 0xF6, 0x37, 0xC5, 0xE0, 0x0F, 0xEF, 0xC6, 0x5C, 0x9F, 0xA8, 0xBB, 0x45, 0x03, 0xD0,
    0x6E, 0xBF, 0xD2, 0x1C, 0x01, 0xE4, 0xC0, 0x6D, 0xE8, 0x91, 0xB7, 0x14, 0xC4, 0x29, 0x03, 0x65,
    0xC7, 0xEA, 0xA0, 0x32, 0x84, 0x1D, 0x31, 0x8E, 0x40, 0xD7, 0xDD, 0xC6, 0x58, 0xE9, 0x69, 0x64,
    0xF8, 0x99, 0xC0, 0x69, 0x1E, 0xEA, 0xEB, 0x32, 0x8B, 0x7E, 0x72, 0x54, 0x47, 0x33, 0xFC, 0x47,
    0x78, 0x0C, 0x98, 0x71, 0xE7, 0x25, 0x54, 0x0D, 0xE7, 0xE6, 0xC4, 0x7A, 0xBB, 0x8C, 0x83, 0x41,
    0xDA, 0x4E, 0xC5, 0x1A, 0x9F, 0xF5, 0x50, 0x58, 0x1F, 0x0D, 0x63, 0x84, 0x98, 0x2C, 0x24, 0x1B,
    0x91, 0x9D, 0x81, 0x39, 0x5F, 0x81, 0x41, 0x90, 0x84, 0x41, 0x31, 0x61, 0x54, 0x4C, 0x18, 0x16,
    0x13, 0xC6, 0xC5, 0x84, 0x81, 0x31, 0xE1, 0x4C, 0x08, 0x43, 0x63, 0xC2, 0x15, 0x2C, 0x1C, 0x31,
    0x60, 0x24, 0xC7, 0x48, 0x1F, 0xF3, 0xB3, 0x89, 0x8A, 0x6C, 0x69, 0x00, 0x7F, 0x25, 0x80, 0xAC,
    0x02, 0xCC, 0x8A, 0x55, 0x9D, 0xCA, 0x12, 0xB5, 0x5A, 0xE9, 0x17, 0x88, 0x3F, 0x8C, 0x06, 0xAD,
    0x0C, 0x7E, 0x1F, 0x65, 0x82, 0x25, 0x20, 0x58, 0x03, 0x82, 0x45, 0x20, 0x58, 0x05, 0x78, 0x47,
    0x26, 0x58, 0x07, 0x78, 0xCD, 0x49, 0x09, 0xBB, 0x82, 0x41, 0xA3, 0x16, 0x51, 0xCD, 0xDB, 0xBF,
    0xEA, 0xED, 0x65, 0x34, 0x11, 0xBA, 0x52, 0x69, 0x71, 0xAC, 0x64, 0x5E, 0x30, 0xF6, 0x0C, 0xDD,
    0x72, 0x40, 0xF7, 0x80, 0x6E, 0x42, 0x07, 0x9A, 0xDA, 0x6F, 0x1E, 0xE3, 0x3C, 0xAE, 0xDF, 0xC1,
    0x7D, 0xAC, 0xB5, 0x50, 0x21, 0x4F, 0x57, 0x1E, 0xBF, 0x79, 0x06, 0x9A, 0xAB, 0x9C, 0xAC, 0x14,
    0x41, 0xAC, 0xE7, 0xEE, 0xE0, 0xDA, 0xA5, 0x91, 0xA5, 0x77, 0xF0, 0x3D, 0xC0, 0x71, 0x34, 0xD3,
    0xEB, 0x14, 0xD4, 0xCE, 0x65, 0x8C, 0x93, 0x18, 0xFB, 0x57, 0x1B, 0x7E, 0xEA, 0xC5, 0x40, 0xF4,
    0x27, 0x49, 0x3B, 0xC8, 0xDA, 0xC3, 0xC9, 0x2C, 0x54, 0x20, 0x6A, 0x4A, 0x3A, 0x4E, 0xF2, 0xDB,
    0x95, 0x0B, 0xB4, 0x58, 0xA3, 0x37, 0x09, 0x5A, 0x43, 0xF0, 0xB4, 0x68, 0xC4, 0x21, 0xBD, 0xD2,
    0x2E, 0x61, 0x84, 0x72, 0xA5, 0x72, 0x6B, 0x74, 0x4B, 0x59, 0xFA, 0x0B, 0x17, 0x5D, 0x5B, 0xA7,
    0xD0, 0xB4, 0x2C, 0xB9, 0x2C, 0x8B, 0x35, 0x6F, 0xEB, 0x67, 0xC2, 0xBC, 0x1F, 0xAC, 0xF6, 0x9C,
    0x33, 0x3F, 0x37, 0x79, 0x3F, 0xD0, 0xD3, 0xB5, 0xF0, 0xBE, 0x3A, 0xF3, 0xF9, 0x16, 0xA5, 0x36,
    0x38, 0xF7, 0xD8, 0xA6, 0xFF, 0x4E, 0x1A, 0x35, 0x8D, 0xEA, 0x70, 0x96, 0x9B, 0x08, 0xA9, 0x5C,
    0x20, 0xA4, 0x95, 0xE3, 0x61, 0x53, 0x73, 0xF4, 0xCE, 0x8A, 0x52, 0x3E, 0x91, 0x55, 0xF0, 0x3C,
    0x5E, 0x0B, 0x9E, 0xB7, 0x17, 0x05, 0xCF, 0xDD, 0xCD, 0xE0, 0x79, 0xFE, 0xEA, 0xE0, 0x79, 0xAA,
    0x35, 0x4F, 0x35, 0x78, 0x3E, 0x95, 0xE5, 0x8A, 0xB9, 0x88, 0x5F, 0xE5, 0x80, 0x16, 0xEA, 0x80,
    0x72, 0x49, 0x8F, 0x1F, 0xD3, 0x01, 0x25, 0x54, 0x1B, 0x07, 0xEA, 0x80, 0x4E, 0xE9, 0x80, 0x6A,
    0xF5, 0x83, 0x2D, 0x76, 0xFB, 0x78, 0xFD, 0x6F, 0x45, 0xEE, 0x59, 0x49, 0xD2, 0x14, 0x1C, 0x75,
    0x0F, 0xD3, 0x77, 0xBB, 0x39, 0xBB, 0x62, 0x93, 0xE4, 0x8F, 0x24, 0xE8, 0x24, 0xE0, 0xAA, 0x88,
    0x30, 0x91, 0xC7, 0x98, 0x5C, 0xCC, 0x85, 0x5F, 0x61, 0xD5, 0xA4, 0xD2, 0x61, 0xAC, 0x5F, 0xA0,
    0x6B, 0x2F, 0x2B, 0xFB, 0xDD, 0x11, 0x9F, 0xC6, 0x1C, 0x4F, 0xAC, 0x24, 0xD5, 0x5C, 0x8B, 0x7C,
    0x4E, 0x04, 0xE1, 0x0F, 0xDA, 0x5E, 0xDF, 0x6C, 0x10, 0x6D, 0xB3, 0x62, 0xD4, 0x76, 0x22, 0xDF,
    0x50, 0x75, 0xC9, 0xB7, 0xB5, 0xBA, 0x10, 0x8F, 0x89, 0x68, 0x81, 0x58, 0x5B, 0x0F, 0x5E, 0xC4,
    0x5C, 0xED, 0xA4, 0x2D, 0x7F, 0xD7, 0x31, 0x00, 0x83, 0x99, 0xD2, 0x26, 0x41, 0xE5, 0x76, 0x38,
    0xEA, 0xBE, 0xC6, 0xEB, 0x14, 0x3F, 0xA0, 0x9F, 0x2F, 0xF1, 0xFA, 0xAF, 0xD1, 0x64, 0x1A, 0xF5,
    0x66, 0x02, 0x1A, 0xF5, 0x29, 0x25, 0x3E, 0xC3, 0x67, 0xB9, 0x88, 0xE9, 0xF7, 0x40, 0x91, 0x7D,
    0x09, 0xE9, 0xFA, 0x1B, 0x70, 0x34, 0x06, 0xC7, 0x68, 0x28, 0x1B, 0x6D, 0xFA, 0x1B, 0xDC, 0xE9,
    0xBF, 0xA2, 0x15, 0x35, 0x55, 0xC1, 0xB1, 0xD8, 0x7B, 0x43, 0xC8, 0x98, 0x03, 0x85, 0xE4, 0xD7,
    0xB0, 0x30, 0x79, 0x31, 0x7B, 0x0C, 0x1F, 0x0B, 0x9D, 0xFA, 0xAF, 0x5A, 0x82, 0xE7, 0xB0, 0x42,
    0x73, 0x2E, 0x41, 0x7C, 0xFF, 0x19, 0xC7, 0x9F, 0xE3, 0x7C, 0x49, 0x10, 0x1E, 0x63, 0x39, 0x86,
    0x1A, 0x66, 0xED, 0x15, 0xDA, 0x63, 0x48, 0x16, 0xFE, 0x86, 0x52, 0xA0, 0x8B, 0x05, 0x80, 0x48,
    0xF8, 0x1B, 0x28, 0x5E, 0xCC, 0x6F, 0x78, 0x46, 0x51, 0xC5, 0x7A, 0xFF, 0x57, 0x9C, 0xFB, 0xB8,
    0x53, 0x93, 0x18, 0xE6, 0x90, 0x13, 0x46, 0x47, 0x66, 0xA2, 0x6C, 0x44, 0xEB, 0x0D, 0x51, 0x49,
    0x18, 0xDF, 0x4A, 0x18, 0xE0, 0x4E, 0xE8, 0xD5, 0x31, 0x4C, 0x4B, 0xEB, 0x00, 0xC6, 0x5F, 0x89,
    0x9A, 0xFF, 0x98, 0x57, 0xE9, 0x41, 0x24, 0xCE, 0x54, 0x8D, 0x3E, 0x59, 0x94, 0x83, 0x05, 0xCC,
    0x63, 0x01, 0x07, 0x12, 0x0B, 0x6A, 0x38, 0x26, 0xC6, 0xAC, 0x4F, 0x84, 0x56, 0xC5, 0xC1, 0x44,
    0x3A, 0x8C, 0x78, 0x7D, 0xDB, 0xF4, 0x39, 0x15, 0x5E, 0xA3, 0x5D, 0xF4, 0x6A, 0x58, 0xF3, 0xF6,
    0x96, 0x09, 0x88, 0x39, 0xA9, 0x8F, 0x4F, 0x6D, 0x90, 0x82, 0xC2, 0x2D, 0xD2, 0x58, 0xBF, 0xE9,
    0xE4, 0xFC, 0xB5, 0x22, 0x6D, 0xD5, 0xC3, 0xDE, 0x0C, 0xBA, 0xA3, 0x6E, 0x26, 0xD8, 0x2C, 0xAB,
    0xE4, 0x22, 0xA6, 0xF9, 0x52, 0x65, 0x97, 0xDE, 0xB2, 0xC5, 0xF0, 0xA2, 0xC6, 0xD2, 0x2E, 0x0D,
    0x5B, 0x5C, 0x37, 0x36, 0x1D, 0xAF, 0xA9, 0xF9, 0xE0, 0x32, 0xFE, 0x9C, 0xC1, 0xC3, 0x40, 0x03,
    0xC9, 0x41, 0x15, 0x55, 0x3C, 0xCF, 0xD4, 0x57, 0xA0, 0xA9, 0xF9, 0x40, 0xD3, 0xF4, 0xE0, 0x93,
    0x4B, 0xB8, 0x06, 0x86, 0x1D, 0x35, 0x31, 0x14, 0x06, 0xBB, 0xF5, 0x02, 0x9D, 0x27, 0xF6, 0xF4,
    0x3A, 0xD5, 0xC2, 0x96, 0xF5, 0x48, 0x71, 0xC5, 0xCC, 0x5C, 0xBD, 0xF8, 0x8A, 0xAB, 0xB8, 0x69,
    0x7B, 0xBC, 0x49, 0xED, 0xAA, 0xCA, 0x75, 0xC1, 0x64, 0x91, 0x51, 0x61, 0xE5, 0x14, 0x23, 0xEA,
    0x5A, 0x81, 0xB6, 0x05, 0xEC, 0xCA, 0x2D, 0x52, 0xF7, 0x3B, 0x27, 0x25, 0x8C, 0xEB, 0xB7, 0x07,
    0x0C, 0x25, 0xE2, 0x86, 0x10, 0x58, 0x8B, 0xCC, 0xE9, 0xA2, 0x7C, 0x42, 0xF8, 0x94, 0x79, 0xB5,
    0x0F, 0x56, 0x79, 0xE5, 0xD0, 0x83, 0xF3, 0x10, 0x53, 0x47, 0x86, 0x9F, 0xD5, 0x51, 0xEA, 0x7F,
    0xF7, 0xD5, 0x27, 0x7D, 0x03, 0x0F, 0xE6, 0xE9, 0x02, 0xA4, 0x72, 0x03, 0x88, 0xD5, 0x12, 0x8E,
    0x76, 0x24, 0x4A, 0x2D, 0xBE, 0xCB, 0x15, 0x1A, 0x25, 0xEE, 0x0C, 0x40, 0xDA, 0xC8, 0x38, 0x0A,
    0xF2, 0xF1, 0xA1, 0xC7, 0x8C, 0x59, 0x99, 0x25, 0x7E, 0x99, 0x1C, 0xC2, 0xD8, 0xFF, 0x0E, 0x3E,
    0x2E, 0x95, 0x3B, 0x3C, 0x06, 0x45, 0x1F, 0x74, 0xF2, 0x54, 0x48, 0x0E, 0xD2, 0x7D, 0x24, 0x85,
    0xC4, 0xA3, 0x0D, 0x29, 0x6D, 0x74, 0x99, 0x88, 0x97, 0x19, 0x1A, 0xDC, 0xB4, 0x63, 0xA4, 0x89,
    0x0A, 0x5D, 0x53, 0xCE, 0x40, 0x44, 0x40, 0x61, 0x0E, 0x33, 0xD9, 0xB7, 0xC9, 0x32, 0x75, 0x7D,
    0x62, 0xFF, 0x3C, 0x5D, 0x1D, 0xD3, 0x3A, 0xC9, 0x59, 0x82, 0x55, 0x81, 0xE2, 0xE9, 0x46, 0x7D,
    0x92, 0x27, 0xD4, 0x24, 0x4F, 0x84, 0x23, 0x26, 0x79, 0xD0, 0x91, 0xC7, 0xAD, 0xED, 0x2B, 0x07,
    0x8E, 0x26, 0xE4, 0x12, 0xCA, 0x34, 0x9D, 0x7E, 0xA4, 0x39, 0x51, 0x0B, 0x7F, 0x89, 0xA9, 0x5B,
    0x1B, 0x85, 0xFA, 0xA2, 0xD6, 0x48, 0x94, 0xF3, 0xB2, 0xB4, 0x26, 0xA8, 0xE8, 0x07, 0x3A, 0x39,
    0x4F, 0xDB, 0x6D, 0xF1, 0xAB, 0xBE, 0x2D, 0x5D, 0xDF, 0x96, 0x91, 0x6D, 0x0B, 0x9D, 0x4F, 0xD2,
    0x6E, 0x6D, 0x19, 0x6B, 0x5B, 0xFC, 0xBE, 0x2D, 0x84, 0xE2, 0x42, 0x28, 0x5E, 0x88, 0x9A, 0x57,
    0xD2, 0x45, 0x6D, 0x61, 0x9A, 0x4C, 0x98, 0x27, 0x13, 0x26, 0xBF, 0x44, 0x33, 0x65, 0x9A, 0x2A,
    0xD3, 0x5C, 0x99, 0x26, 0xCB, 0x34, 0x5B, 0x46, 0xE3, 0x88, 0x9A, 0xDA, 0x85, 0x26, 0x9E, 0x12,
    0xDA, 0xF3, 0x66, 0x7D, 0x0C, 0xE3, 0xC9, 0x6D, 0x5A, 0x98, 0x75, 0x9C, 0x56, 0x00, 0x1E, 0x5E,
    0xC8, 0x36, 0xE2, 0x76, 0x5F, 0x5F, 0x15, 0xB7, 0x1B, 0x01, 0x76, 0x53, 0xC3, 0x7B, 0x1B, 0x54,
    0xE8, 0x56, 0x1E, 0xCB, 0x29, 0xE6, 0xFB, 0xE4, 0x8C, 0xBD, 0xF5, 0x5C, 0xEC, 0x50, 0x5F, 0xCC,
    0xE9, 0xD3, 0xAB, 0x5F, 0xDF, 0xC8, 0xD5, 0x74, 0x49, 0x30, 0xF1, 0x96, 0x49, 0xC0, 0xA9, 0x25,
    0x5D, 0xD8, 0xEB, 0xF4, 0xCF, 0xDB, 0xD1, 0x10, 0xEA, 0xF0, 0x33, 0xD0, 0x08, 0x7A, 0x48, 0x43,
    0x95, 0x1B, 0xC8, 0xC4, 0xF4, 0xB4, 0x19, 0xE7, 0x9C, 0x68, 0x6E, 0x7C, 0x93, 0x32, 0xD2, 0xBD,
    0xA0, 0x3C, 0x06, 0x8D, 0x7E, 0x01, 0x15, 0x07, 0xF5, 0xE8, 0x52, 0x45, 0xE2, 0x78, 0x49, 0x6B,
    0x40, 0x3B, 0x61, 0xD8, 0x67, 0x51, 0xEE, 0x27, 0xF1, 0xBF, 0x24, 0xA1, 0x99, 0xB9, 0xE6, 0x4C,
    0xEE, 0x27, 0x2C, 0xD2, 0x97, 0x4B, 0x73, 0x66, 0x6A, 0xC5, 0x34, 0x7F, 0xB5, 0x96, 0x25, 0xBF,
    0x10, 0x66, 0xE7, 0xA7, 0xE7, 0xFC, 0x84, 0x97, 0xEA, 0xC9, 0x50, 0xF7, 0x3B, 0xCB, 0xD0, 0x63,
    0x77, 0xBE, 0x40, 0xA2, 0x5F, 0xA8, 0xBF, 0x8E, 0xC5, 0x06, 0x08, 0xCE, 0x91, 0xED, 0x4E, 0xE9,
    0x2B, 0x9F, 0x52, 0xD5, 0x1D, 0xB3, 0x7D, 0x23, 0x4C, 0xDD, 0x2C, 0x20, 0x5B, 0x0B, 0x34, 0x0C,
    0x97, 0xFB, 0xC5, 0xD4, 0x34, 0xF8, 0x1D, 0x63, 0x08, 0x9A, 0x98, 0x3B, 0xC0, 0x64, 0x51, 0xAF,
    0x87, 0xA6, 0x79, 0x3A, 0x7A, 0xB7, 0x3B, 0x65, 0xDA, 0x7A, 0xAC, 0xB5, 0xB0, 0x92, 0x99, 0x76,
    0x6D, 0xD2, 0xEB, 0xE5, 0x51, 0x7A, 0x97, 0xCE, 0x08, 0x83, 0x6D, 0xD7, 0x6B, 0xC8, 0xF1, 0x2B,
    0x1B, 0xE2, 0x2C, 0x1B, 0xA2, 0x31, 0xB3, 0x8B, 0xD8, 0xB5, 0x5B, 0xC8, 0x50, 0xC4, 0x40, 0xD6,
    0xE9, 0xDC, 0x8E, 0x45, 0x71, 0x6A, 0x45, 0xF4, 0xAD, 0x9A, 0x55, 0xF5, 0xF5, 0x25, 0xAE, 0x64,
    0xE3, 0xF3, 0x7F, 0xB3, 0x05, 0x48, 0xFD, 0x7C, 0x75, 0xF4, 0xD5, 0xD3, 0xDF, 0x70, 0xF5, 0xD9,
    0x86, 0x5B, 0xA6, 0xD1, 0xAC, 0xC3, 0x07, 0xC0, 0x0D, 0x33, 0xB9, 0xB1, 0xFB, 0xA6, 0x11, 0xDD,
    0xB7, 0xC1, 0xE1, 0xEF, 0xEE, 0x2C, 0x7D, 0x82, 0x8B, 0x9C, 0xC3, 0xD4, 0x7A, 0x39, 0xD0, 0x7A,
    0xC4, 0xAD, 0xDC, 0x74, 0x37, 0xCA, 0x65, 0xDB, 0x47, 0x98, 0xA9, 0x63, 0x18, 0xD4, 0x2A, 0xC2,
    0xD6, 0x31, 0x9C, 0x28, 0x68, 0xD1, 0xA0, 0x09, 0x84, 0x44, 0x1D, 0x43, 0xBB, 0x59, 0xD3, 0x32,
    0x8A, 0xC3, 0x16, 0x8B, 0x97, 0x8C, 0xB6, 0x42, 0x15, 0xB0, 0xEE, 0xE8, 0xD1, 0x2D, 0x3D, 0xBA,
    0x2D, 0x4D, 0x77, 0x66, 0x72, 0x57, 0x8F, 0x06, 0xEB, 0x9A, 0x5F, 0x5B, 0xF3, 0x63, 0x65, 0x45,
    0x03, 0xA5, 0x54, 0x37, 0x56, 0xC6, 0x5E, 0x97, 0x6B, 0x26, 0xE5, 0xA6, 0x8F, 0x40, 0x3D, 0xEA,
    0x18, 0x5B, 0x9C, 0xC5, 0xF4, 0x8D, 0x53, 0xEE, 0x65, 0x93, 0xCF, 0x92, 0xD8, 0x4C, 0x22, 0xB7,
    0x4F, 0x64, 0xC7, 0x64, 0x9E, 0xF4, 0xC3, 0xD8, 0x72, 0x07, 0x48, 0x5C, 0xEE, 0x09, 0xF1, 0x2F,
    0x36, 0x0E, 0x77, 0x16, 0x41, 0x49, 0x79, 0x4D, 0xC4, 0x8F, 0xFB, 0x8B, 0xDE, 0xC2, 0x87, 0xBD,
    0x1F, 0xCC, 0x2A, 0xDF, 0x91, 0x6C, 0xA1, 0x7E, 0xB7, 0x68, 0x20, 0x14, 0xF9, 0xDE, 0x01, 0x63,
    0x64, 0x52, 0xE1, 0xF8, 0x76, 0xBC, 0xC3, 0xF4, 0x74, 0x5E, 0xCB, 0x5E, 0x9D, 0xCE, 0x0A, 0x6D,
    0x49, 0x97, 0x45, 0xB7, 0x7C, 0x89, 0xEE, 0xF9, 0x12, 0xDD, 0xF4, 0x25, 0xBA, 0xEB, 0x4B, 0xB8,
    0xED, 0xAB, 0x15, 0xDD, 0xF7, 0x25, 0xBA, 0xF1, 0x4B, 0x74, 0xE7, 0x97, 0xE8, 0xD6, 0x2F, 0xD1,
    0xBD, 0x5F, 0xA2, 0x9B, 0xBF, 0x44, 0x77, 0x7F, 0x89, 0x6E, 0xFF, 0x12, 0xDD, 0xFF, 0x25, 0xBA,
    0x01, 0xCC, 0x6E, 0xB9, 0xAE, 0x94, 0x6B, 0x44, 0x5B, 0x65, 0xCF, 0x0A, 0x9F, 0x0D, 0xE7, 0x59,
    0x8D, 0x87, 0xE1, 0x88, 0x74, 0x53, 0x6D, 0x8E, 0xA5, 0xC3, 0x3C, 0xAF, 0x30, 0xD1, 0x2B, 0xCC,
    0xF4, 0x0A, 0x53, 0xBD, 0xC2, 0x5C, 0xAF, 0x30, 0xD9, 0x2B, 0xCC, 0xF6, 0x0A, 0xD3, 0xBD, 0xC2,
    0x7C, 0xAF, 0x6E, 0x0A, 0xAA, 0xB3, 0x7E, 0xDF, 0x91, 0x55, 0x85, 0xE5, 0xC2, 0xA6, 0x2B, 0x3E,
    0x79, 0xED, 0x02, 0xA5, 0xF6, 0x88, 0x57, 0x12, 0xFA, 0x6F, 0xF1, 0x74, 0x81, 0xDB, 0x57, 0x9F,
    0xEF, 0x63, 0x0B, 0x6A, 0x78, 0x2E, 0xAF, 0xBE, 0xEB, 0x26, 0x09, 0x4D, 0xA7, 0x9C, 0x11, 0x4A,
    0x2D, 0x13, 0x2B, 0xDF, 0x5F, 0x33, 0x83, 0x9F, 0x97, 0xE1, 0xBF, 0x55, 0xE0, 0xD7, 0x6B, 0x23,
    0x6B, 0x6D, 0xA8, 0xAF, 0xC8, 0x87, 0x3A, 0x9A, 0x53, 0xF5, 0x85, 0x9A, 0x56, 0x67, 0x45, 0xE3,
    0xCD, 0x8C, 0x8E, 0x01, 0x27, 0x52, 0x9A, 0x87, 0xEA, 0x85, 0x4D, 0x7A, 0xBC, 0xD2, 0x32, 0xBA,
    0x45, 0x7F, 0xCA, 0xE6, 0x88, 0x21, 0x86, 0xAD, 0x0A, 0x47, 0xAB, 0x96, 0x10, 0xE7, 0x26, 0xCA,
    0x0F, 0xE6, 0xCE, 0x3C, 0x8D, 0xCC, 0x1F, 0x4C, 0xFD, 0x03, 0xDF, 0xB8, 0x2D, 0x95, 0xAC, 0xC6,
    0xD3, 0x32, 0x3C, 0x66, 0xA6, 0x34, 0xA4, 0x53, 0x22, 0x22, 0xE9, 0x6C, 0x14, 0x12, 0x0F, 0x9D,
    0xC1, 0x22, 0xDE, 0xE5, 0x85, 0x26, 0x98, 0xBF, 0x67, 0xEA, 0xBF, 0xF7, 0xCA, 0x30, 0xC8, 0x03,
    0x63, 0xB7, 0xED, 0xDF, 0xF0, 0x1F, 0x1F, 0x82, 0xB4, 0xF6, 0x3F, 0xAB, 0x3C, 0xA3, 0x5A, 0xFA,
    0x3A, 0x89, 0x41, 0x86, 0x73, 0x31, 0x40, 0xF2, 0x86, 0x45, 0xBF, 0x4D, 0xEF, 0x03, 0x2F, 0xD0,
    0x5E, 0x06, 0xEC, 0x3B, 0x25, 0xD1, 0x17, 0x03, 0x75, 0x4C, 0xF2, 0xF1, 0x1F, 0x25, 0xC2, 0x2A,
    0x2A, 0x3D, 0x02, 0xCD, 0x93, 0x67, 0x74, 0x07, 0x63, 0x53, 0xBF, 0xE5, 0xDA, 0xC4, 0x1C, 0xB7,
    0xFE, 0x2E, 0xDE, 0x86, 0x37, 0x67, 0xB0, 0xFB, 0xA1, 0xA9, 0x5D, 0x18, 0xAB, 0x86, 0x59, 0x19,
    0x18, 0xAF, 0x66, 0xB0, 0x94, 0x96, 0x7D, 0xBC, 0x3E, 0x78, 0xAF, 0x0A, 0x3F, 0xAF, 0xC1, 0x17,
    0xD2, 0xB1, 0x5B, 0x6B, 0xA4, 0x79, 0xA4, 0x1E, 0xFF, 0x44, 0x9D, 0xF2, 0x47, 0xFF, 0x2F, 0xE0,
    0x21, 0xA4, 0x56, 0x88, 0xFE, 0x9D, 0xBB, 0x8C, 0xBC, 0x72, 0x9F, 0xB8, 0xC1, 0xFB, 0x14, 0x0B,
    0xEB, 0x0B, 0x38, 0x3E, 0x9F, 0xD6, 0x6B, 0x63, 0x7D, 0xFB, 0xDD, 0xCA, 0x87, 0xA1, 0x8C, 0xA2,
    0xFC, 0x30, 0x5C, 0xB4, 0x73, 0xB7, 0xC0, 0x27, 0xBC, 0x9C, 0x3C, 0xD6, 0x24, 0xDA, 0xD0, 0x4E,
    0x2E, 0x4D, 0x56, 0xD0, 0x47, 0x0E, 0x4E, 0xD0, 0xC2, 0x13, 0xDD, 0x76, 0xB7, 0xFD, 0xE6, 0xFC,
    0x67, 0xCB, 0xFF, 0x5A, 0xA9, 0x50, 0xC7, 0x34, 0xE6, 0x48, 0x6B, 0x8A, 0x19, 0x97, 0x23, 0x05,
    0x87, 0x8C, 0x8F, 0xB7, 0xBA, 0x72, 0x14, 0x75, 0xB0, 0x42, 0xEA, 0x8E, 0xB7, 0x1C, 0xAC, 0xBC,
    0x46, 0xC3, 0x14, 0x5D, 0xDF, 0x2F, 0xD9, 0xEB, 0xAE, 0x68, 0x4C, 0x83, 0xCE, 0xC4, 0xF5, 0x52,
    0x9A, 0x4E, 0x7D, 0x8A, 0xAE, 0xA3, 0x8E, 0xFA, 0x74, 0xBF, 0xAD, 0xF1, 0x4A, 0x08, 0xD1, 0x52,
    0x84, 0x76, 0x6C, 0x8D, 0xE8, 0x34, 0x8E, 0x18, 0x99, 0x59, 0x4E, 0xE8, 0x52, 0xC1, 0xEE, 0x7D,
    0x47, 0xF3, 0x45, 0x12, 0x79, 0x93, 0x7D, 0x4E, 0xDB, 0x8D, 0xCB, 0x6D, 0xE3, 0xF4, 0x9F, 0x0F,
    0xB4, 0x71, 0x41, 0x79, 0xC2, 0x50, 0x21, 0xFF, 0xA5, 0xC0, 0x36, 0xEE, 0xF8, 0xEA, 0xC6, 0xAD,
    0x67, 0x3D, 0xFB, 0x18, 0x87, 0x66, 0x7D, 0x49, 0x97, 0x36, 0x64, 0xD7, 0xE1, 0xDB, 0x4B, 0x0B,
    0x5F, 0x39, 0x7C, 0xD7, 0x68, 0x35, 0x9F, 0x0F, 0xFE, 0xB8, 0x59, 0xCF, 0x3E, 0xB6, 0x81, 0x86,
    0x7E, 0x1E, 0x87, 0xAB, 0xFF, 0xDD, 0xDB, 0x71, 0xC3, 0x8D, 0xF0, 0xA4, 0x99, 0x6E, 0x8C, 0xDE,
    0x3E, 0xB6, 0x7A, 0x7B, 0xA6, 0xF1, 0x4C, 0xB3, 0xAC, 0xF2, 0x86, 0x1B, 0xCE, 0x4E, 0xF1, 0x22,
    0x26, 0x64, 0x4E, 0x07, 0xFB, 0x6D, 0x5C, 0xD9, 0xF8, 0x7F, 0x69, 0xC1, 0x6F, 0xD5, 0x38, 0xCF,
    0x4D, 0x25, 0x78, 0x3F, 0x97, 0x7B, 0x80, 0x5F, 0x03, 0xBC, 0xF4, 0xC7, 0x3F, 0xDE, 0x6B, 0x23,
    0xE5, 0xF5, 0xD7, 0x25, 0x39, 0x94, 0xD3, 0x47, 0x4E, 0xDD, 0x48, 0x9E, 0xDF, 0xA6, 0xA9, 0x6E,
    0x05, 0x71, 0xFB, 0xB2, 0xD5, 0xEF, 0xC5, 0x67, 0x1F, 0xBB, 0xD2, 0x29, 0x72, 0x1F, 0xAC, 0x44,
    0x6E, 0xC7, 0xFD, 0x72, 0xD7, 0x4A, 0x1C, 0x33, 0xFD, 0xA5, 0x49, 0xDE, 0xF5, 0x72, 0xE5, 0xB6,
    0x26, 0xA3, 0x25, 0x5C, 0x2B, 0x56, 0x43, 0x0C, 0x19, 0xEF, 0xDC, 0xD4, 0x15, 0xDF, 0xCB, 0xD6,
    0xF0, 0x8B, 0x80, 0xD6, 0x4D, 0x36, 0xD7, 0xFD, 0x2F, 0xBD, 0x59, 0xBF, 0x6F, 0xDC, 0xD6, 0x1D,
    0xFF, 0x90, 0xD4, 0x89, 0x96, 0x09, 0xEB, 0x69, 0x90, 0x01, 0x01, 0x89, 0x8F, 0x1E, 0x32, 0xB8,
    0x81, 0x74, 0xD7, 0xC1, 0x83, 0x02, 0xDC, 0xE9, 0x98, 0xB6, 0x5B, 0x51, 0x34, 0xFF, 0x40, 0x51,
    0x8F, 0xE9, 0x50, 0x38, 0x83, 0x07, 0x0D, 0x94, 0xC4, 0xB4, 0x05, 0x32, 0x64, 0xA8, 0xFA, 0x07,
    0x14, 0xCD, 0xD0, 0xA1, 0x35, 0x50, 0xD4, 0x05, 0x8C, 0x42, 0xC3, 0x39, 0x47, 0x67, 0xED, 0xC2,
    0x02, 0x2D, 0x0C, 0x74, 0x29, 0xEB, 0x14, 0x5D, 0xB2, 0xB0, 0xC8, 0xA1, 0x38, 0xC3, 0x27, 0xB3,
    0x9F, 0xEF, 0xF7, 0xF1, 0x74, 0x67, 0xA9, 0x4A, 0xA3, 0xFB, 0x45, 0xDD, 0xE3, 0xF1, 0xC8, 0xF7,
    0x1E, 0x3F, 0x9F, 0xEF, 0xEF, 0xF7, 0x04, 0x93, 0x02, 0x26, 0x03, 0x1A, 0x39, 0xD0, 0x2A, 0x80,
    0xDD, 0xC7, 0xC0, 0x83, 0x7D, 0xA0, 0x68, 0xB1, 0xB5, 0xE1, 0xE4, 0x75, 0x78, 0x99, 0x81, 0x97,
    0x9A, 0xC8, 0x2F, 0xCB, 0xC4, 0x94, 0x65, 0xCA, 0x5F, 0x59, 0x1D, 0x6E, 0xCE, 0xA7, 0xD2, 0xAB,
    0x1F, 0x03, 0x83, 0x13, 0xA0, 0x8B, 0xC9, 0xC3, 0x4F, 0x38, 0x6F, 0xAA, 0xDF, 0x4E, 0x2F, 0x09,
    0xCB, 0xA2, 0xE1, 0xF4, 0xB5, 0x4F, 0x8C, 0x5A, 0xD7, 0x29, 0x87, 0x26, 0x6B, 0xB5, 0xD1, 0x8A,
    0xE5, 0x13, 0x1F, 0xB8, 0xC3, 0x4E, 0x19, 0x07, 0x83, 0xD6, 0x78, 0x38, 0x2F, 0x0F, 0xF4, 0x6C,
    0x22, 0xCE, 0x41, 0x6C, 0x60, 0x73, 0x89, 0x73, 0xB5, 0xEA, 0x30, 0x4F, 0xDC, 0x1B, 0xC0, 0x11,
    0x10, 0x24, 0xF0, 0x12, 0x84, 0xC0, 0x56, 0xF5, 0x8A, 0x2B, 0xE3, 0xCE, 0xE0, 0x78, 0x29, 0xC2,
    0xBF, 0x01, 0xFB, 0x44, 0x73, 0xBC, 0x35, 0x7F, 0xA4, 0x7A, 0x10, 0x25, 0x02, 0xA0, 0xF3, 0x26,
    0xF0, 0xF2, 0x2F, 0xF0, 0x9E, 0x16, 0x70, 0x84, 0xC2, 0x18, 0x35, 0x08, 0x1B, 0x8A, 0x5B, 0x87,
    0x70, 0x74, 0xAD, 0x0B, 0x62, 0x27, 0x8C, 0x16, 0x88, 0x9E, 0x77, 0xA4, 0xC5, 0x20, 0x01, 0x90,
    0x01, 0x46, 0x14, 0x6E, 0x88, 0xE2, 0xDE, 0xE5, 0x1C, 0xBF, 0xCA, 0x16, 0xCA, 0x61, 0x97, 0x6D,
    0x87, 0x2D, 0xF8, 0x7E, 0x0A, 0xF7, 0x90, 0xF3, 0x15, 0x7C, 0x1A, 0xAD, 0x8C, 0xD5, 0x7F, 0x3F,
    0x87, 0x4F, 0xBC, 0x41, 0x42, 0x23, 0x40, 0x93, 0x8D, 0x6A, 0x71, 0xEE, 0x53, 0x4D, 0x25, 0xBC,
    0xBE, 0xA1, 0x51, 0x18, 0xDE, 0x91, 0xC6, 0xBF, 0xA8, 0x07, 0x53, 0xFE, 0x1D, 0xEE, 0x2B, 0x83,
    0xCA, 0x5C, 0x52, 0x38, 0x4E, 0x86, 0xF0, 0x59, 0x82, 0xFD, 0x93, 0x05, 0xEA, 0xA1, 0x2D, 0x93,
    0x02, 0x37, 0xA9, 0x8B, 0xDE, 0x0F, 0xE0, 0x3E, 0xCF, 0xE1, 0x45, 0xF7, 0x66, 0xD7, 0xC3, 0xFB,
    0x35, 0xE0, 0x8B, 0xDF, 0xC1, 0xF9, 0x70, 0xC0, 0x49, 0x84, 0xBA, 0xE8, 0x62, 0x41, 0x3C, 0xA2,
    0xDB, 0xDE, 0xE9, 0x23, 0x2F, 0xC8, 0x70, 0x93, 0x1C, 0x22, 0x52, 0x70, 0x47, 0x0C, 0xAE, 0x60,
    0xFC, 0x02, 0xA6, 0x5D, 0x58, 0x00, 0xC9, 0xB5, 0x05, 0x09, 0xFB, 0x62, 0x58, 0xC1, 0xDB, 0xC4,
    0x9C, 0x38, 0x5F, 0x66, 0x7E, 0x5A, 0x5C, 0xC7, 0xDD, 0x29, 0x7D, 0x76, 0x32, 0xD6, 0xE8, 0x41,
    0xA0, 0x0E, 0x41, 0x7F, 0xFB, 0x67, 0x70, 0x9E, 0xDE, 0xB0, 0x80, 0x3B, 0x7D, 0xAB, 0x89, 0x05,
    0x10, 0xA3, 0x2F, 0x07, 0xC9, 0x4A, 0x1D, 0xEB, 0x5B, 0xBB, 0x7E, 0xF4, 0xC0, 0xFB, 0x57, 0x41,
    0x4A, 0x53, 0x31, 0x11, 0x97, 0x6A, 0xB0, 0x7D, 0xF7, 0x3B, 0x4B, 0xC1, 0xFD, 0x48, 0x04, 0xB5,
    0xB2, 0x8D, 0xF5, 0xB5, 0x19, 0x71, 0x9B, 0xC4, 0xC6, 0x75, 0x3A, 0xAC, 0xF3, 0xD9, 0xF7, 0x88,
    0x65, 0x7B, 0x71, 0xB8, 0xDF, 0xD1, 0x58, 0xE2, 0x45, 0x35, 0xB3, 0x79, 0xBD, 0x92, 0x77, 0x3E,
    0x0D, 0xEE, 0xDF, 0xAC, 0xA9, 0x87, 0xE2, 0xDD, 0x81, 0x8D, 0x5A, 0x39, 0x31, 0x1F, 0x2D, 0x08,
    0xB3, 0x7A, 0xA8, 0x1F, 0xE4, 0x9C, 0xDB, 0xC7, 0x5D, 0xEF, 0xAF, 0x53, 0x09, 0x3A, 0x12, 0xF9,
    0x56, 0x46, 0x21, 0x40, 0x6B, 0xD1, 0xD2, 0xBC, 0x74, 0x05, 0x1B, 0x06, 0x94, 0xF5, 0x63, 0xEF,
    0xE5, 0xD4, 0x36, 0xF2, 0x9A, 0x97, 0x1E, 0x95, 0x43, 0x7E, 0x62, 0x0D, 0xA7, 0x93, 0x9F, 0xA3,
    0x32, 0x3F, 0x2A, 0x8B, 0x8B, 0xF7, 0xF5, 0xD1, 0x29, 0x3F, 0xE3, 0xA9, 0x98, 0x7A, 0xF6, 0xF4,
    0xDC, 0x4B, 0xFC, 0xB2, 0x30, 0x51, 0xB7, 0x8D, 0x76, 0x8C, 0xFA, 0x09, 0xEA, 0xBD, 0xB2, 0xFC,
    0xF4, 0xE1, 0x6F, 0x4F, 0x74, 0x14, 0xBB, 0x84, 0xC9, 0x96, 0xA4, 0xA1, 0xDE, 0xF1, 0x6B, 0x63,
    0x3B, 0x7A, 0x66, 0xA7, 0xFB, 0x9A, 0x87, 0x99, 0x9A, 0xDE, 0x92, 0x27, 0xD3, 0x03, 0x63, 0xF2,
    0x3E, 0xE4, 0x54, 0x91, 0xC8, 0x8B, 0xB3, 0xDD, 0x19, 0xBD, 0xEB, 0x2A, 0xF0, 0x4C, 0x7E, 0x67,
    0x27, 0x6E, 0x6D, 0x87, 0xFD, 0x4D, 0xF7, 0x78, 0x16, 0x30, 0x5E, 0xFE, 0xA6, 0x19, 0x6E, 0xDF,
    0x0A, 0x07, 0x5B, 0x5E, 0x3E, 0x05, 0x0C, 0x51, 0x3E, 0xB0, 0x29, 0xB2, 0xBD, 0x0B, 0xEF, 0x19,
    0xD3, 0x3B, 0xEC, 0x6D, 0xA2, 0xD1, 0x16, 0xDB, 0x44, 0x78, 0xA1, 0x11, 0x18, 0x5B, 0x71, 0xE9,
    0x73, 0xDB, 0xE7, 0x14, 0x63, 0x45, 0x4A, 0x19, 0xC4, 0xF4, 0xDB, 0xA1, 0xF3, 0xBD, 0xCC, 0xB4,
    0x0C, 0x72, 0x27, 0xCA, 0x20, 0xB1, 0x35, 0xC2, 0x66, 0x41, 0xD0, 0x65, 0xAA, 0x6D, 0x73, 0x7C,
    0x9D, 0x2A, 0xAB, 0x83, 0xD8, 0x41, 0xF0, 0xA2, 0x3E, 0x9D, 0x73, 0x0F, 0x4A, 0x40, 0xCB, 0x8D,
    0x8A, 0x02, 0x63, 0x5B, 0x6B, 0x13, 0x37, 0x7A, 0x82, 0xDF, 0xC2, 0x9F, 0xC9, 0xE6, 0xEE, 0x8E,
    0x8A, 0x1D, 0x33, 0x51, 0xEC, 0x24, 0x13, 0xC5, 0x4E, 0x33, 0xD7, 0xA2, 0xC0, 0xCB, 0x9A, 0x52,
    0xD8, 0x44, 0x21, 0xCD, 0xA0, 0xC1, 0xD6, 0xA4, 0xB7, 0x35, 0x1F, 0x3E, 0x8C, 0x1A, 0xB6, 0xFC,
    0xD1, 0x48, 0xE9, 0xE7, 0xAB, 0xEC, 0x5B, 0x72, 0xCC, 0x3F, 0xA1, 0x26, 0x58, 0xC7, 0xA6, 0x41,
    0x6F, 0xC7, 0x7B, 0x96, 0xCD, 0x01, 0xA9, 0x7A, 0xD8, 0x59, 0x49, 0xF3, 0xE3, 0x0B, 0x25, 0xCD,
    0xB4, 0x32, 0x75, 0x8F, 0x6F, 0x07, 0x4F, 0x8A, 0x35, 0x96, 0x19, 0x9B, 0xFC, 0x6D, 0xC5, 0x9A,
    0xCC, 0x04, 0xB6, 0x8A, 0x8A, 0x55, 0xDD, 0xE2, 0xB1, 0x6E, 0xC1, 0xBD, 0x2B, 0x5B, 0xEB, 0xA7,
    0x70, 0xBF, 0x48, 0xFC, 0x0F, 0xF3, 0x9A, 0x8E, 0x9D, 0x67, 0x5C, 0xF9, 0x86, 0x56, 0x53, 0x9F,
    0x67, 0x7E, 0x32, 0xAE, 0x4C, 0x66, 0x09, 0x36, 0x7B, 0x78, 0x23, 0xF1, 0xD2, 0x20, 0xBA, 0xA6,
    0xA6, 0xF0, 0x75, 0xFE, 0x36, 0xB8, 0xA2, 0x09, 0x12, 0x3F, 0x09, 0x45, 0xE4, 0x5A, 0x1A, 0x5C,
    0xFE, 0x17, 0x5F, 0x3C, 0x38, 0x62, 0xBF, 0xBB, 0xBF, 0xD3, 0x11, 0xBB, 0x6D, 0xBC, 0x76, 0x08,
    0x2A, 0xDE, 0x0E, 0x5F, 0x40, 0x0C, 0x91, 0xF6, 0xD0, 0x0F, 0x68, 0x10, 0xA9, 0x33, 0x90, 0xD4,
    0xDA, 0x15, 0x1E, 0x52, 0xD8, 0xCA, 0xAC, 0x92, 0x6C, 0x63, 0xC1, 0xDB, 0x95, 0x53, 0x5C, 0x9D,
    0x9A, 0xF6, 0xA9, 0xF6, 0xD3, 0x11, 0x3A, 0x56, 0x67, 0xD1, 0xF9, 0x74, 0xE6, 0xF3, 0x87, 0x14,
    0x08, 0xD0, 0x78, 0xA4, 0x57, 0x6A, 0x86, 0x7D, 0x3A, 0xC4, 0x13, 0xCE, 0x23, 0x2F, 0x11, 0x83,
    0x0C, 0x92, 0x13, 0x04, 0xA9, 0x34, 0xB9, 0x96, 0x7B, 0xF2, 0x4C, 0xFA, 0x48, 0xDF, 0xB3, 0xD4,
    0x33, 0x3A, 0xEA, 0x50, 0xD9, 0xEA, 0xB7, 0x2F, 0x22, 0x77, 0x0A, 0xB9, 0xFD, 0x40, 0x4E, 0x72,
    0xE5, 0x9E, 0xF5, 0x5F, 0x30, 0x55, 0xD1, 0xCF, 0x11, 0x74, 0xF9, 0x69, 0x43, 0x5A, 0x34, 0x5E,
    0x81, 0x62, 0x76, 0xB2, 0xDF, 0xAC, 0x08, 0xF9, 0x9F, 0xCB, 0x0B, 0xC5, 0xBF, 0x77, 0xD7, 0x97,
    0xC4, 0xCC, 0x46, 0xE9, 0xD4, 0x2E, 0x56, 0x6F, 0xD9, 0xC5, 0x6A, 0x26, 0x8B, 0xD5, 0xDB, 0xF3,
    0x61, 0xE7, 0x8E, 0xB2, 0x00, 0xF0, 0x4C, 0x6C, 0x23, 0x8C, 0x97, 0xCC, 0x6E, 0x54, 0x73, 0x9F,
    0x2D, 0x63, 0xFB, 0x1C, 0x18, 0x5D, 0x3B, 0x17, 0xD9, 0x4F, 0x69, 0xB9, 0xCD, 0xC8, 0x24, 0x41,
    0x1A, 0x6A, 0x8C, 0x77, 0xF3, 0x06, 0xDC, 0x42, 0x9A, 0x5C, 0xCB, 0x3D, 0x79, 0x26, 0x7D, 0xA4,
    0xAF, 0x8C, 0xB1, 0x05, 0x54, 0x65, 0x91, 0xCC, 0x46, 0xFE, 0x3F, 0x72, 0xD1, 0x5D, 0xB4, 0x6C,
    0xDD, 0xC9, 0x02, 0x97, 0x55, 0xC9, 0x4D, 0x66, 0xF4, 0xA3, 0x5F, 0x6A, 0x36, 0x70, 0xA3, 0x0F,
    0x66, 0xD7, 0x9D, 0xA6, 0xBE, 0xCE, 0x47, 0x3C, 0xFD, 0xA1, 0x44, 0xE5, 0x01, 0xFE, 0xF2, 0x15,
    0xF8, 0xDE, 0x06, 0xDC, 0x57, 0x8F, 0xE0, 0xC9, 0xAB, 0x6F, 0x8A, 0x13, 0x26, 0x15, 0xC5, 0x7B,
    0xB3, 0x53, 0xF4, 0x45, 0x75, 0xA1, 0x14, 0xC5, 0x2D, 0x09, 0x30, 0x9F, 0xF8, 0xCB, 0x54, 0xDB,
    0xA5, 0x71, 0xF3, 0x6D, 0xCB, 0x88, 0x4B, 0x66, 0xBA, 0xE5, 0x63, 0x16, 0x6A, 0x77, 0xE6, 0x16,
    0x66, 0x2E, 0xC4, 0x54, 0xAB, 0x65, 0xBD, 0x3A, 0x58, 0xE5, 0xFB, 0x0B, 0x23, 0x31, 0xD5, 0xC0,
    0x16, 0x18, 0xE1, 0x8B, 0x03, 0x81, 0xDD, 0x9F, 0x10, 0x43, 0x28, 0x79, 0x70, 0x4F, 0x32, 0x61,
    0xFB, 0x4C, 0x02, 0xFF, 0xEB, 0xA4, 0x4F, 0xB5, 0x5F, 0x78, 0x26, 0x06, 0x4F, 0x66, 0xC1, 0x39,
    0x31, 0x14, 0xF2, 0x56, 0xDD, 0x0D, 0x42, 0x18, 0x25, 0xD8, 0xA1, 0x08, 0x56, 0x9C, 0x6A, 0x17,
    0x91, 0x51, 0xA9, 0xF7, 0xFB, 0x48, 0xD2, 0xED, 0x74, 0x84, 0x75, 0x5D, 0xD2, 0x94, 0xCD, 0x48,
    0x3F, 0x13, 0x4E, 0xD9, 0xF2, 0x88, 0x49, 0x40, 0xF5, 0xC4, 0xBC, 0x06, 0xEA, 0xA1, 0x09, 0x8C,
    0x2E, 0x9F, 0x67, 0x27, 0x66, 0xB3, 0x60, 0x5F, 0xB3, 0x60, 0x20, 0xF2, 0x13, 0x8D, 0x1D, 0x2F,
    0x89, 0xD8, 0x3B, 0x22, 0xCF, 0xC8, 0x86, 0x73, 0x3F, 0xE1, 0x32, 0x68, 0x4E, 0xDA, 0xFA, 0x91,
    0xC3, 0x49, 0xCB, 0x9F, 0x3E, 0x85, 0xFB, 0x59, 0xF9, 0x73, 0x1A, 0xE0, 0xE1, 0x98, 0xCF, 0xE1,
    0x02, 0xF9, 0xC8, 0x4E, 0x80, 0x29, 0xB6, 0x71, 0xAB, 0xBD, 0x9B, 0x6C, 0x9B, 0xFF, 0x64, 0x2B,
    0xCE, 0x2F, 0xE6, 0x61, 0x79, 0xAB, 0x15, 0xF8, 0xF1, 0x69, 0x19, 0x8E, 0x74, 0x69, 0x3C, 0x01,
    0x46, 0x9B, 0x37, 0x73, 0x72, 0xAB, 0x8B, 0x71, 0xE4, 0x84, 0x29, 0xF2, 0xEB, 0xB6, 0x2E, 0x5B,
    0x4C, 0x1C, 0x31, 0x53, 0x6A, 0x9B, 0x7E, 0xDF, 0x21, 0x27, 0x93, 0x1D, 0x11, 0x0F, 0xD3, 0x6A,
    0x2F, 0x7F, 0xFD, 0x1D, 0x22, 0xC0, 0x30, 0xD2, 0xEF, 0x3E, 0xE2, 0xAF, 0xF8, 0x9C, 0x60, 0x78,
    0xE0, 0x0F, 0x3B, 0xAF, 0x5A, 0x41, 0x7F, 0x62, 0x37, 0x62, 0x1F, 0x18, 0xEA, 0x59, 0xF2, 0xFF,
    0x1B, 0x74, 0x49, 0x37, 0xB5, 0x25, 0xDC, 0x9A, 0x7D, 0x3E, 0x57, 0xDC, 0xEF, 0xC1, 0x19, 0xEA,
    0x9B, 0xD6, 0x75, 0xAD, 0x30, 0x5A, 0xE4, 0x5E, 0x05, 0xB7, 0x96, 0x5C, 0x03, 0x47, 0xB4, 0x47,
    0x94, 0x26, 0x62, 0x54, 0xBC, 0x66, 0xAB, 0x8C, 0x50, 0xB0, 0x0E, 0x14, 0xF0, 0xD5, 0x4E, 0x02,
    0x1B, 0x82, 0x1B, 0x02, 0x1C, 0x82, 0x1C, 0x02, 0x1D, 0x82, 0x1D, 0x0A, 0x7E, 0x2C, 0x75, 0x29,
    0xA7, 0x83, 0xD4, 0x8A, 0xFC, 0xC0, 0x49, 0xD1, 0xE7, 0xB0, 0x0D, 0xB7, 0x32, 0x1B, 0x3F, 0xED,
    0xE3, 0x50, 0xE8, 0xFC, 0xDF, 0x46, 0x52, 0x20, 0x2B, 0x90, 0x16, 0x94, 0x57, 0x55, 0x27, 0x39,
    0x62, 0xC1, 0x81, 0xEC, 0x9E, 0xF8, 0xB2, 0xE5, 0xB0, 0x3C, 0x62, 0xD7, 0x47, 0x0B, 0x73, 0xF1,
    0x82, 0x3E, 0x89, 0xB5, 0x84, 0xD0, 0x1C, 0x88, 0x89, 0x5D, 0xD1, 0xB0, 0x1C, 0xB1, 0x2C, 0x12,
    0xF3, 0x53, 0x82, 0x58, 0x5B, 0x16, 0x31, 0xD9, 0x2F, 0x1C, 0x56, 0xC5, 0xED, 0x3A, 0x49, 0xC5,
    0x73, 0xD2, 0x96, 0xE6, 0xAF, 0x3E, 0x65, 0x16, 0xFC, 0x70, 0xDD, 0x4F, 0x8C, 0x7F, 0xEA, 0xA7,
    0x35, 0xFC, 0x7A, 0x39, 0xA4, 0x6A, 0xF4, 0x9B, 0x66, 0xF6, 0x01, 0x76, 0x1F, 0x17, 0xE9, 0x83,
    0xE6, 0xF3, 0xEC, 0xF6, 0xEA, 0xB7, 0x2A, 0x42, 0xC1, 0x2C, 0x84, 0x74, 0xCF, 0x57, 0x1C, 0x5F,
    0x0B, 0x8D, 0x65, 0xBA, 0xD4, 0xB9, 0x60, 0xA6, 0xAE, 0x65, 0xAF, 0xE0, 0xA4, 0x96, 0xD9, 0x9C,
    0x54, 0x36, 0xB1, 0x05, 0x8B, 0x27, 0xD5, 0xF7, 0x5B, 0xD5, 0xB7, 0xA9, 0x98, 0x3B, 0xE3, 0x18,
    0xCE, 0x2E, 0x83, 0x0E, 0x6B, 0xAF, 0x30, 0x62, 0x71, 0x94, 0x1A, 0x2E, 0x6D, 0x42, 0xFE, 0x62,
    0xA6, 0x19, 0xB2, 0xA2, 0x3D, 0xEC, 0xDB, 0x25, 0x8E, 0xA9, 0xE2, 0xE5, 0x65, 0xED, 0x58, 0x0B,
    0xB8, 0x96, 0x6E, 0x7D, 0xAD, 0x8E, 0x21, 0xC4, 0x68, 0xB6, 0xB1, 0xC7, 0xD4, 0xC6, 0xD4, 0x62,
    0xA2, 0x13, 0x93, 0xF4, 0xFD, 0xB4, 0xF0, 0xFE, 0x5C, 0xB8, 0xCF, 0x33, 0x7C, 0x99, 0x4A, 0x26,
    0xE9, 0x44, 0x92, 0x3B, 0x1A, 0x32, 0x96, 0x09, 0xAD, 0x57, 0xA0, 0x17, 0x31, 0x13, 0x39, 0x05,
    0x17, 0x5A, 0xB9, 0x49, 0x3C, 0xFA, 0x51, 0x90, 0xC8, 0xA6, 0xB6, 0xC3, 0x25, 0x98, 0x2E, 0xD8,
    0xF6, 0x19, 0xC5, 0x5B, 0x82, 0xAA, 0xB0, 0x9B, 0xE1, 0x12, 0xA6, 0xBE, 0xAA, 0x9D, 0xDF, 0xE8,
    0x0E, 0xEC, 0x46, 0x77, 0x4C, 0xD8, 0x2D, 0x8A, 0xA3, 0xA1, 0xFB, 0x2F, 0x0D, 0xC6, 0xD8, 0x96,
    0xE6, 0x3A, 0x8F, 0x79, 0x4F, 0x97, 0xBD, 0x39, 0xE7, 0xFF, 0x37, 0x99, 0xFF, 0x91, 0xFD, 0x3B,
    0xD2, 0x12, 0xBB, 0xAF, 0x17, 0x56, 0xFB, 0x83, 0x22, 0xCD, 0x81, 0x41, 0x27, 0x0F, 0xA3, 0x4E,
    0x64, 0xEC, 0x46, 0xC0, 0x6A, 0x5E, 0x15, 0xB2, 0xE3, 0xFF, 0x7C, 0xCF, 0x95, 0x8B, 0x2C, 0xBD,
    0x3A, 0xF6, 0x5F, 0xA6, 0x5A, 0x58, 0xCA, 0x3B, 0x57, 0x26, 0xA5, 0x3D, 0x0F, 0x4E, 0xBC, 0x9D,
    0xDB, 0xD7, 0xA8, 0x6D, 0xBE, 0xF0, 0x22, 0xEF, 0x4F, 0x1F, 0x47, 0xDE, 0x4F, 0x4A, 0x46, 0xEA,
    0xF7, 0xE7, 0xCE, 0xC9, 0x39, 0xAE, 0xC1, 0x1F, 0xDE, 0x80, 0x09, 0x77, 0xB0, 0xEE, 0x4B, 0x14,
    0xFB, 0x64, 0x61, 0x7C, 0xFE, 0x0B, 0x95, 0x53, 0x3F, 0x6F, 0xD3, 0x40, 0x14, 0xFF, 0xD9, 0x46,
    0xB2, 0x90, 0x4B, 0x2E, 0x43, 0x07, 0x90, 0x20, 0x5E, 0x18, 0x32, 0xA4, 0x71, 0x05, 0x1D, 0x32,
    0x5C, 0x9A, 0x13, 0x0B, 0x03, 0x03, 0x95, 0xF8, 0x02, 0x1D, 0x98, 0x98, 0x32, 0x30, 0x78, 0x70,
    0x89, 0x61, 0x85, 0xA1, 0xE2, 0x13, 0x64, 0x60, 0x40, 0x95, 0x10, 0x19, 0x32, 0x18, 0x29, 0x6D,
    0xAC, 0xCE, 0x20, 0xB9, 0xDF, 0xC0, 0xF0, 0x09, 0x8C, 0x14, 0xA4, 0x54, 0x4A, 0x31, 0xBF, 0x3B,
    0xA7, 0x55, 0x53, 0x15, 0x09, 0x9E, 0xDF, 0x1F, 0xFB, 0xDD, 0x7B, 0xBF, 0xF3, 0x7B, 0xEF, 0x0E,
    0x98, 0xCE, 0x0F, 0x3E, 0x94, 0xF3, 0xB2, 0x5C, 0xBC, 0x38, 0xF8, 0xD8, 0x2B, 0xCB, 0x6C, 0x29,
    0xA4, 0xE2, 0x5A, 0x93, 0xFE, 0x37, 0xD5, 0xD0, 0x40, 0x17, 0x12, 0x11, 0x1F, 0xA1, 0x84, 0xF2,
    0xE1, 0xF3, 0xBB, 0xB5, 0xF2, 0x5E, 0x73, 0x55, 0x43, 0xA8, 0xAE, 0x0F, 0xD9, 0x46, 0xB4, 0xAD,
    0x59, 0x3C, 0x49, 0xC9, 0xBE, 0x17, 0xFB, 0xC6, 0xDF, 0xBA, 0xB7, 0xEA, 0x11, 0xDA, 0x43, 0xD0,
    0xCB, 0xDC, 0x2B, 0x17, 0xE4, 0x2B, 0xCE, 0xEB, 0xB9, 0x03, 0x34, 0xFF, 0x29, 0xFD, 0x7A, 0x4C,
    0x93, 0xEE, 0x67, 0xBD, 0x62, 0x3A, 0x9F, 0xCE, 0x07, 0x85, 0x9F, 0x41, 0xD3, 0x36, 0x10, 0x60,
    0x00, 0xF4, 0xD4, 0x06, 0x4C, 0xCD, 0x6D, 0x56, 0x77, 0x84, 0x1E, 0x1D, 0xD5, 0x3B, 0x4C, 0x8E,
    0x7E, 0x44, 0xEC, 0x15, 0x0C, 0x20, 0x05, 0x0B, 0xB6, 0x85, 0x14, 0x05, 0x98, 0x69, 0x3B, 0x16,
    0x76, 0x5E, 0x59, 0x27, 0xAD, 0xAC, 0x17, 0x57, 0xD6, 0x47, 0x15, 0xD7, 0x0D, 0x52, 0x77, 0xC6,
    0xBC, 0x68, 0x5A, 0x04, 0x67, 0xF0, 0x8A, 0x5F, 0xC5, 0x84, 0x0D, 0x82, 0xFD, 0x23, 0x93, 0xA1,
    0x50, 0x70, 0x8E, 0x33, 0x39, 0xF6, 0x14, 0xBC, 0x37, 0x95, 0xF5, 0xED, 0xCA, 0xDF, 0xB5, 0xAA,
    0xB8, 0x08, 0x26, 0x8F, 0xBB, 0x19, 0x1C, 0x29, 0xC3, 0x70, 0x3C, 0xDA, 0x95, 0x6C, 0xBD, 0x8F,
    0xB0, 0x81, 0x70, 0x03, 0xE3, 0x16, 0x46, 0x2D, 0xEC, 0x36, 0x59, 0x90, 0x50, 0xFC, 0x8B, 0x1D,
    0x0C, 0xAD, 0xC2, 0xC9, 0x44, 0x1C, 0xD0, 0x13, 0x40, 0xC4, 0x4E, 0x66, 0x15, 0x18, 0xF6, 0x91,
    0xB0, 0x04, 0x1F, 0x22, 0x75, 0x33, 0x91, 0xEA, 0x39, 0x26, 0xE8, 0xA3, 0x8E, 0xE7, 0xA8, 0x6F,
    0x61, 0x81, 0xFE, 0x2D, 0xEB, 0xCC, 0x4E, 0x1D, 0x95, 0x78, 0x40, 0xCE, 0x11, 0xB3, 0x69, 0x23,
    0xA0, 0x66, 0xA7, 0xB8, 0xE3, 0xBC, 0xB5, 0xF6, 0x07, 0x58, 0x38, 0xB3, 0x01, 0x12, 0x67, 0xD6,
    0xB6, 0xBF, 0xB1, 0x64, 0xD7, 0x51, 0xC0, 0x5D, 0xB0, 0x93, 0x7D, 0x6C, 0xC1, 0x4A, 0xB1, 0x06,
    0xE6, 0xBA, 0x20, 0x8A, 0x95, 0x1A, 0x3C, 0x83, 0x0C, 0xDD, 0xFF, 0xD9, 0x2A, 0x8F, 0x0D, 0x8F,
    0xAE, 0xB0, 0xE9, 0x16, 0xD6, 0x51, 0xDF, 0xC3, 0xFC, 0x08, 0x0B, 0xC6, 0x80, 0x98, 0x9A, 0x8C,
    0xAE, 0xAD, 0xF1, 0x97, 0xE0, 0x7E, 0x35, 0x4D, 0x1F, 0xA8, 0x0B, 0xED, 0xBD, 0x4B, 0xA8, 0x6F,
    0xAE, 0xDD, 0xBE, 0x88, 0xAC, 0xF4, 0x0E, 0x2C, 0x2E, 0x0F, 0x61, 0xC7, 0xA8, 0x0F, 0xD5, 0xA3,
    0xD7, 0x08, 0x9F, 0x9D, 0xFC, 0x7C, 0xAA, 0xBC, 0x4F, 0x68, 0x27, 0xB0, 0x66, 0x70, 0x33, 0xF8,
    0x9F, 0xD5, 0xAB, 0x43, 0xBC, 0x7C, 0x7F, 0xF2, 0xFD, 0xB1, 0xAA, 0x22, 0x97, 0x7A, 0x49, 0x1C,
    0x86, 0x39, 0x04, 0x7A, 0xEE, 0x7A, 0xE6, 0x05, 0x87, 0xC6, 0x59, 0xEB, 0x39, 0x5F, 0x5E, 0x0A,
    0xFF, 0xBE, 0xE4, 0x9E, 0x22, 0xC8, 0x79, 0x26, 0x55, 0x79, 0x86, 0xC4, 0x3B, 0xCE, 0x03, 0xD4,
    0x9D, 0x0C, 0x82, 0xC1, 0xD4, 0x1C, 0xBD, 0x79, 0x77, 0x53, 0x0E, 0x49, 0x7F, 0x46, 0x26, 0x89,
    0x05, 0x4E, 0x0C, 0x58, 0xA1, 0x57, 0xAC, 0x1C, 0x3C, 0x4F, 0x0C, 0xF7, 0x14, 0x56, 0x48, 0xC1,
    0xE2, 0x7E, 0x05, 0xA7, 0xB9, 0xD4, 0x3A, 0x52, 0xE9, 0x1D, 0x9B, 0xDC, 0x4F, 0x26, 0x5E, 0x2A,
    0xB9, 0x97, 0x64, 0xAA, 0x84, 0xB6, 0x6E, 0x2A, 0xB9, 0x87, 0x34, 0x37, 0x7B, 0x42, 0x29, 0x20,
    0x99, 0xD1, 0x21, 0x72, 0xE7, 0x12, 0x66, 0x9D, 0x58, 0x7B, 0x94, 0x43, 0xAE, 0xC9, 0x26, 0x06,
    0xFB, 0xD2, 0x2E, 0xE7, 0xD2, 0x8D, 0x27, 0xD2, 0x42, 0x97, 0x17, 0xA9, 0x4D, 0xD1, 0x36, 0xA2,
    0x70, 0x92, 0x4E, 0xBE, 0x04, 0x26, 0x60, 0xC3, 0xC8, 0x39, 0xAD, 0xE3, 0x06, 0xF6, 0x58, 0x97,
    0xBE, 0x4E, 0xE7, 0xFE, 0x4D, 0xCD, 0x9D, 0xCD, 0x91, 0xFF, 0x30, 0xB3, 0xBE, 0xC0, 0xFE, 0x8D,
    0xF6, 0x83, 0xFC, 0xFE, 0xE6, 0x6E, 0xE5, 0xBF, 0x08, 0xA0, 0x87, 0x7E, 0xAE, 0x5A, 0xA7, 0x60,
    0x24, 0xE3, 0x2B, 0xFF, 0x1F, 0xD5, 0x90, 0x31, 0x52, 0x03, 0x31, 0x0C, 0x45, 0x5F, 0xB2, 0x85,
    0x0B, 0x0F, 0x71, 0x8A, 0x74, 0x0C, 0x71, 0x43, 0xB9, 0x89, 0xDB, 0x2D, 0x9C, 0xB1, 0x6F, 0xC3,
    0x15, 0x28, 0x60, 0xD8, 0x83, 0xC1, 0xC4, 0x47, 0xE0, 0x08, 0x7B, 0x00, 0x0A, 0x0A, 0x17, 0x5B,
    0x38, 0xEB, 0xC8, 0xA1, 0xA1, 0xA2, 0x67, 0xF4, 0x0B, 0xEB, 0xCB, 0x7A, 0x1A, 0x49, 0x65, 0xEC,
    0x85, 0x93, 0xC5, 0x1B, 0x9E, 0x75, 0x93, 0x3C, 0x24, 0x15, 0x53, 0x65, 0xF0, 0x50, 0x58, 0x7F,
    0xA1, 0x7B, 0x1E, 0x7A, 0x7C, 0xCF, 0x5B, 0x8D, 0x22, 0x7A, 0x44, 0x61, 0x0E, 0xF3, 0x40, 0x18,
    0x43, 0x5E, 0xBD, 0xE3, 0xE3, 0x4B, 0xCD, 0xE7, 0x4F, 0x5E, 0x51, 0x0B, 0x26, 0xE2, 0x66, 0xC2,
    0xD2, 0x60, 0x5E, 0x73, 0x32, 0xD8, 0xA5, 0xF1, 0x42, 0x6D, 0xE2, 0x00, 0x03, 0x7C, 0xB3, 0x9A,
    0x58, 0x27, 0xBA, 0x84, 0x8A, 0xE8, 0xD8, 0x3E, 0xB8, 0xCB, 0xAD, 0x65, 0x83, 0x29, 0xEC, 0x3F,
    0x18, 0x4C, 0x4B, 0x85, 0xA3, 0x67, 0xF4, 0x4F, 0xD5, 0x36, 0xA0, 0x40, 0xB4, 0x70, 0xF6, 0xC8,
    0x60, 0x27, 0xFE, 0xD8, 0x7A, 0xFF, 0xD8, 0xA3, 0x4B, 0x2E, 0x9D, 0xD3, 0x53, 0xEA, 0x7E, 0xC5,
    0x7D, 0x0E, 0xE5, 0xF1, 0x20, 0x6B, 0x0C, 0x4C, 0x6A, 0xBC, 0xC3, 0xD5, 0x50, 0xAD, 0x78, 0x3B,
    0xAF, 0xB2, 0x2A, 0x1C, 0xD9, 0x6C, 0x8F, 0xA1, 0xB8, 0xE9, 0xFF, 0xDC, 0xE0, 0x0A, 0x75, 0x90,
    0x31, 0x4E, 0xC3, 0x30, 0x18, 0x85, 0x9F, 0x63, 0xA9, 0x96, 0x88, 0x90, 0x59, 0x98, 0x90, 0x9A,
    0x1D, 0xA9, 0x64, 0x62, 0x41, 0x94, 0x44, 0x9C, 0x01, 0x36, 0xD8, 0x38, 0x02, 0xCC, 0xC9, 0x41,
    0x38, 0x00, 0x63, 0x87, 0x0C, 0x6C, 0xF5, 0x11, 0x7C, 0x84, 0x0C, 0xEC, 0x78, 0xF0, 0xD0, 0x4A,
    0x25, 0x3F, 0xCF, 0x6E, 0x05, 0x2C, 0x58, 0xFA, 0xA4, 0xFF, 0xFF, 0x6D, 0xBF, 0xF7, 0xEC, 0x05,
    0xF0, 0x7C, 0x51, 0xF4, 0xC3, 0x5C, 0xBB, 0xC1, 0x1A, 0xBF, 0xB2, 0x33, 0x1F, 0xEC, 0xD1, 0x18,
    0xEC, 0xF1, 0x6A, 0x2C, 0x49, 0x27, 0xB2, 0x2B, 0x1F, 0x5F, 0xBC, 0x79, 0xB8, 0x74, 0xFA, 0x95,
    0xBC, 0x5D, 0x91, 0x73, 0xA7, 0x63, 0xDD, 0x17, 0xB1, 0xEA, 0x8B, 0x50, 0xB5, 0x2A, 0xD8, 0x16,
    0x18, 0x90, 0x59, 0x4B, 0x0F, 0xBC, 0xEF, 0xEB, 0xA7, 0x01, 0x46, 0x22, 0xEC, 0x6D, 0xC4, 0x82,
    0xFD, 0xF5, 0x1F, 0x96, 0xA4, 0x56, 0xDC, 0xFB, 0x8C, 0x28, 0xB6, 0x27, 0x48, 0xEB, 0xF4, 0xFE,
    0x0E, 0x8D, 0xEC, 0x80, 0x72, 0x4A, 0x3A, 0x50, 0x1B, 0x05, 0x3D, 0x02, 0xC6, 0x01, 0x22, 0x1B,
    0xC2, 0xF3, 0x54, 0x4F, 0x88, 0x8C, 0x99, 0xD2, 0xED, 0xF7, 0x75, 0x00, 0xD4, 0x97, 0x02, 0x3A,
    0xFA, 0x97, 0x53, 0x2B, 0x22, 0x48, 0xD0, 0xEC, 0x97, 0x25, 0x33, 0x35, 0x11, 0x4A, 0x5A, 0x54,
    0xB4, 0x99, 0xFF, 0x37, 0x3B, 0x50, 0x50, 0x5F, 0x33, 0x4F, 0xD1, 0x76, 0x1C, 0x54, 0x99, 0x46,
    0xC4, 0x25, 0x60, 0x22, 0x50, 0x3B, 0x7A, 0xE2, 0x67, 0x96, 0x7E, 0x21, 0xE3, 0x67, 0xBC, 0x47,
    0xC1, 0xF5, 0x96, 0x71, 0xA4, 0xEF, 0x52, 0x6D, 0x3C, 0x03, 0x86, 0xD4, 0x93, 0x29, 0xD7, 0x38,
    0xF3, 0x39, 0x6E, 0xF7, 0x41, 0x0D, 0xAA, 0xDB, 0xC3, 0x3B, 0xC0, 0x1C, 0xB8, 0x49, 0x76, 0x14,
    0xE3, 0x03, 0xBF, 0x01, 0xAD, 0x56, 0x3D, 0x6F, 0xD4, 0x40, 0x10, 0x1D, 0xDB, 0xA0, 0x43, 0x98,
    0xE8, 0xAE, 0x00, 0x09, 0x21, 0x1D, 0x97, 0x22, 0x82, 0x08, 0x41, 0xDC, 0x04, 0xC9, 0x08, 0xDF,
    0xE5, 0x44, 0x43, 0x9B, 0x86, 0x9E, 0x9F, 0x40, 0x91, 0x82, 0x22, 0x51, 0xDC, 0xF3, 0x07, 0x28,
    0xD3, 0x72, 0x14, 0x34, 0x14, 0x57, 0x04, 0xE2, 0x9F, 0x70, 0xA2, 0x05, 0x24, 0x8B, 0x12, 0x84,
    0x64, 0x90, 0x11, 0x11, 0x09, 0x31, 0x33, 0x6F, 0xC6, 0xE7, 0x75, 0x42, 0x11, 0x3E, 0x56, 0xF2,
    0x5B, 0x9F, 0xBD, 0x9E, 0x79, 0xF3, 0x76, 0x66, 0xF6, 0xC8, 0x27, 0x19, 0xDD, 0xB1, 0xE0, 0x08,
    0xF7, 0x53, 0x81, 0x20, 0x17, 0x1C, 0x7C, 0x9C, 0xF0, 0x88, 0x2A, 0x19, 0x9D, 0x99, 0x3C, 0xF1,
    0x4A, 0xAC, 0x49, 0x80, 0x03, 0x60, 0x07, 0xDF, 0x36, 0xE3, 0x02, 0x5F, 0x2B, 0x7C, 0xED, 0x8D,
    0xC9, 0xAB, 0x66, 0xD4, 0x79, 0x5F, 0xD2, 0xA0, 0x3F, 0xA4, 0xA4, 0xDF, 0xA5, 0x5E, 0xDF, 0x23,
    0xEA, 0xD3, 0xDF, 0x5F, 0x3C, 0x16, 0x75, 0xDA, 0xD4, 0x69, 0x45, 0xA7, 0x30, 0xC5, 0xE4, 0x17,
    0x74, 0x43, 0x18, 0xFF, 0xA4, 0x35, 0xA1, 0x7C, 0x44, 0x0E, 0xE5, 0x4E, 0xE6, 0x70, 0xA6, 0xA1,
    0x4E, 0x1B, 0x0D, 0xED, 0x7F, 0xA0, 0x25, 0x61, 0x49, 0x78, 0x11, 0x87, 0x29, 0xE1, 0x4A, 0xD8,
    0xB4, 0x97, 0xAA, 0xA0, 0x17, 0xDA, 0xEA, 0xB0, 0x5A, 0x1B, 0x4A, 0x63, 0xA8, 0x34, 0x84, 0x50,
    0x09, 0x7A, 0xA2, 0x30, 0x93, 0x8D, 0x94, 0x3A, 0xB4, 0xFF, 0x89, 0x8D, 0xE0, 0xB0, 0x64, 0x57,
    0x42, 0xB5, 0x18, 0xE9, 0x7E, 0x89, 0x00, 0xFE, 0x5C, 0x0E, 0xB8, 0x59, 0x23, 0xB8, 0x15, 0xF7,
    0xE1, 0xFB, 0x7D, 0xA6, 0x33, 0x3A, 0x95, 0xEA, 0x8B, 0x7D, 0x1F, 0xEB, 0x64, 0x97, 0x3A, 0x9F,
    0x8D, 0xFE, 0xF6, 0x58, 0xC5, 0x3D, 0x67, 0xF6, 0xF7, 0x2A, 0xD6, 0x6F, 0x1B, 0x20, 0xFB, 0x7D,
    0x57, 0xD4, 0xBC, 0xCD, 0xBC, 0x28, 0x16, 0x22, 0xB1, 0x44, 0xB1, 0x21, 0x12, 0xAF, 0x0A, 0x59,
    0xA2, 0x5D, 0x81, 0x68, 0xBE, 0x35, 0x3E, 0xD2, 0x69, 0x7F, 0x9E, 0x64, 0x5D, 0x79, 0x18, 0x64,
    0xAE, 0x30, 0x6B, 0x55, 0x2E, 0x20, 0x59, 0x36, 0x10, 0x18, 0xC9, 0xDB, 0x6F, 0x0C, 0xC1, 0x1B,
    0x86, 0xEE, 0x3D, 0x86, 0xA1, 0xC7, 0x50, 0x32, 0x20, 0x3B, 0x61, 0x63, 0xA5, 0xCE, 0x58, 0x78,
    0x08, 0xB3, 0xDA, 0x6B, 0xD2, 0x56, 0x3D, 0x69, 0xE8, 0x64, 0x73, 0x3A, 0xD3, 0x79, 0x02, 0x81,
    0xA3, 0xA6, 0xBC, 0x98, 0x57, 0x47, 0x70, 0x09, 0xE7, 0xA0, 0xA1, 0x84, 0xBA, 0x22, 0x8D, 0x90,
    0x04, 0x5D, 0x67, 0x20, 0x18, 0x50, 0x1A, 0xD5, 0xA1, 0x2A, 0xA5, 0xB4, 0xF6, 0xBC, 0x6B, 0xE2,
    0x40, 0x26, 0x08, 0x06, 0xE9, 0x20, 0x22, 0xE4, 0x84, 0xB0, 0x90, 0x18, 0x62, 0x63, 0x5C, 0x7A,
    0xC0, 0x63, 0x7D, 0x5B, 0x52, 0xA2, 0x70, 0xDD, 0x79, 0xEB, 0xC0, 0xAA, 0xE2, 0x6F, 0xBC, 0xA3,
    0x89, 0xFC, 0xD0, 0x6C, 0xFF, 0x84, 0x4A, 0xF8, 0x00, 0x72, 0x39, 0x04, 0xCF, 0x41, 0x28, 0x07,
    0xB7, 0x75, 0x0D, 0x52, 0x77, 0xC2, 0x8A, 0x40, 0x6B, 0x3F, 0x40, 0x79, 0x53, 0xE9, 0xBE, 0x68,
    0x6B, 0xB8, 0xEA, 0x61, 0x49, 0xAC, 0xDB, 0x16, 0xEB, 0x67, 0xB1, 0x2E, 0xBD, 0x53, 0xDA, 0x1E,
    0xCA, 0xA0, 0xBB, 0x3F, 0xA4, 0x08, 0x29, 0x56, 0x2F, 0xB1, 0xD6, 0x68, 0xAC, 0x35, 0x1A, 0x2B,
    0x83, 0x25, 0x4A, 0x29, 0x3D, 0x8B, 0x9A, 0xCD, 0x43, 0x6D, 0x3B, 0x3A, 0x8D, 0x74, 0x0A, 0x9F,
    0xA0, 0x92, 0x9F, 0x1F, 0xD4, 0x36, 0x51, 0x3B, 0x6F, 0xB5, 0x84, 0x75, 0xC9, 0x26, 0x26, 0xAF,
    0xC0, 0xE4, 0xCF, 0x42, 0x3A, 0x39, 0x36, 0x5A, 0xC5, 0x6E, 0xA5, 0x6F, 0x8D, 0x80, 0x2B, 0xCD,
    0x9A, 0x84, 0xB5, 0x0C, 0x6B, 0x20, 0x4E, 0x3B, 0x89, 0x9A, 0x56, 0x63, 0x95, 0xA6, 0x41, 0x5B,
    0xA3, 0xD4, 0x04, 0xB2, 0xBC, 0xB1, 0x5E, 0xA9, 0xD5, 0x5B, 0x91, 0x76, 0xCB, 0x5A, 0xCF, 0xE3,
    0x0C, 0xC6, 0x27, 0xA9, 0x2E, 0x13, 0xB1, 0xEF, 0x2D, 0x60, 0x25, 0x18, 0x70, 0x0E, 0x14, 0xD4,
    0xDD, 0x2A, 0x18, 0x87, 0xC9, 0x26, 0xE3, 0xCB, 0xE4, 0x2A, 0x63, 0x2F, 0x39, 0x23, 0x6B, 0x12,
    0x3A, 0x3D, 0x8E, 0x8B, 0x45, 0x4A, 0xFC, 0xBC, 0x98, 0xF2, 0xFD, 0xFE, 0xD7, 0x82, 0x71, 0x74,
    0x90, 0x32, 0x86, 0x47, 0xF2, 0x36, 0x38, 0x74, 0xD6, 0xAF, 0xBB, 0x8D, 0xEA, 0x64, 0xBF, 0xB4,
    0x56, 0xAA, 0xC1, 0x59, 0xA8, 0x16, 0xB8, 0xC9, 0x60, 0xA2, 0xD4, 0x12, 0x99, 0x60, 0xFE, 0xF1,
    0xBE, 0x1D, 0xFD, 0xB7, 0xBE, 0x5D, 0xD7, 0x5F, 0xEA, 0x1A, 0x1C, 0xB8, 0xCE, 0x3C, 0xDB, 0x54,
    0xA5, 0x7B, 0x65, 0x02, 0xBA, 0x7F, 0x3C, 0x40, 0xF0, 0x99, 0x12, 0xD4, 0xC4, 0xB6, 0x92, 0xB1,
    0x10, 0x87, 0xAD, 0xF0, 0x8B, 0xDF, 0x99, 0x30, 0x85, 0x5E, 0xB6, 0x42, 0xB1, 0xCF, 0xD9, 0x18,
    0x4C, 0x97, 0xB5, 0xA3, 0x3F, 0x1E, 0x16, 0x98, 0x85, 0x69, 0x41, 0xD7, 0x7A, 0x0F, 0x5A, 0x7A,
    0xB7, 0x3B, 0xAF, 0x8D, 0x9D, 0x46, 0x2B, 0x7D, 0xAF, 0xCC, 0xC0, 0x8A, 0x8E, 0xC4, 0xB6, 0x6E,
    0x31, 0x1A, 0x09, 0xCE, 0x9A, 0xFA, 0xDE, 0xB6, 0x1E, 0x6B, 0x6C, 0xBD, 0x35, 0x15, 0xD8, 0xF1,
    0xF2, 0xC6, 0xFE, 0xBC, 0x7F, 0x8D, 0x5B, 0x44, 0x8C, 0xEC, 0x63, 0x95, 0xF9, 0xB5, 0x79, 0x4D,
    0xDD, 0xFA, 0xA2, 0x43, 0x3B, 0x27, 0x74, 0x7A, 0xE5, 0x26, 0xCE, 0x8B, 0xCC, 0xDC, 0xBA, 0x21,
    0xAB, 0x4D, 0x5F, 0x37, 0xC9, 0x4F, 0x1D, 0xE7, 0xDC, 0x7A, 0xF0, 0x06, 0xC4, 0x3A, 0x29, 0xB2,
    0xBA, 0xAB, 0x87, 0xC4, 0xDA, 0x64, 0xB2, 0xC7, 0x93, 0x18, 0xCB, 0xEA, 0xB3, 0x17, 0x41, 0xEE,
    0x6A, 0x46, 0x47, 0x34, 0x10, 0xE6, 0x5B, 0xD8, 0x7C, 0x11, 0x8B, 0x5B, 0xDD, 0xF3, 0x4C, 0xF9,
    0x36, 0xC7, 0x3A, 0xCB, 0x3C, 0xD5, 0xE8, 0x40, 0x62, 0xE6, 0x9D, 0xD4, 0xFB, 0x72, 0x1D, 0x30,
    0xBB, 0x78, 0x2A, 0x78, 0x1E, 0x4F, 0x96, 0x07, 0x92, 0xFE, 0xC2, 0xCB, 0x0F, 0xC4, 0x91, 0xBF,
    0x80, 0x15, 0x31, 0x35, 0xF7, 0xFA, 0x5C, 0xD7, 0xD8, 0x7A, 0xFD, 0x56, 0xED, 0xA8, 0x4D, 0xB3,
    0x7F, 0xBC, 0x17, 0xBE, 0x13, 0x56, 0xF7, 0x19, 0x16, 0x84, 0xD2, 0xB2, 0xEC, 0xC9, 0x23, 0x5A,
    0x25, 0xFE, 0xB1, 0x40, 0x01, 0xBF, 0xE2, 0x89, 0x7F, 0x44, 0x25, 0x6D, 0xE7, 0xDC, 0xA2, 0x1F,
    0xD2, 0xDF, 0x42, 0xE4, 0x9E, 0x8E, 0x4B, 0xC0, 0x5B, 0xC0, 0xEB, 0xD8, 0x87, 0xA5, 0x1D, 0x3E,
    0xE2, 0xAA, 0x72, 0x99, 0x44, 0x97, 0x10, 0xE8, 0x65, 0xD0, 0xE8, 0x11, 0xF0, 0x66, 0x73, 0xAF,
    0xCF, 0x43, 0x5B, 0xAF, 0xDF, 0xF2, 0xB8, 0x96, 0x36, 0x36, 0x97, 0xE6, 0x9E, 0xE0, 0xF6, 0x1F,
    0x78, 0x23, 0x70, 0x48, 0x00, 0x31, 0x20, 0x0B, 0x04, 0x52, 0xA9, 0x20, 0x5A, 0xD0, 0xA9, 0x85,
    0x54, 0x49, 0x7B, 0xEE, 0x9F, 0x8C, 0x1D, 0x41, 0x69, 0x5C, 0x75, 0x5B, 0xED, 0x56, 0x82, 0xC3,
    0xEF, 0x19, 0x63, 0xF9, 0x85, 0x5B, 0xAF, 0x3F, 0x2B, 0x1E, 0xA3, 0x25, 0xF7, 0x4E, 0xDF, 0xC2,
    0x7B, 0xC9, 0x39, 0xC6, 0x69, 0xB2, 0xC2, 0x38, 0x4A, 0x76, 0xE5, 0x58, 0x78, 0x9D, 0x33, 0xFA,
    0x5C, 0x21, 0xF5, 0x71, 0x61, 0xEB, 0x2F, 0x0A, 0xFE, 0x02, 0xB5, 0x59, 0x3B, 0x6F, 0x1B, 0xD9,
    0x15, 0x3E, 0x33, 0xDC, 0xD5, 0x20, 0x1A, 0x2F, 0x47, 0x45, 0x8A, 0xB5, 0x65, 0x7B, 0x52, 0xB8,
    0x30, 0x16, 0x92, 0x66, 0x8B, 0x2D, 0xA6, 0xA0, 0xC4, 0x59, 0xA4, 0x0C, 0xB0, 0xC8, 0x4F, 0x48,
    0x17, 0x44, 0xC5, 0x3A, 0x05, 0x0B, 0x16, 0xB2, 0x38, 0x48, 0xCA, 0x05, 0x36, 0xFC, 0x07, 0x71,
    0xE1, 0x42, 0xA1, 0x0B, 0x33, 0x00, 0x81, 0x08, 0xB0, 0xD6, 0x9C, 0x45, 0xCA, 0x14, 0x61, 0xF2,
    0x07, 0x32, 0x08, 0x54, 0x04, 0x06, 0x92, 0x1D, 0x60, 0x59, 0xD0, 0x0E, 0xC5, 0xC9, 0xF7, 0x9D,
    0x7B, 0x67, 0x48, 0xBD, 0xEC, 0xF5, 0xC6, 0x3B, 0xE0, 0x3D, 0x9A, 0xB9, 0x8F, 0xF3, 0xBA, 0xE7,
    0x75, 0xAF, 0x44, 0xF8, 0xB4, 0xD0, 0x02, 0xD9, 0x06, 0xBC, 0x8B, 0xBF, 0xFC, 0xF6, 0x13, 0x91,
    0xAE, 0x34, 0x32, 0x91, 0x42, 0xDC, 0x4C, 0x9C, 0x5C, 0xE4, 0xD5, 0xE0, 0x09, 0x3E, 0xC7, 0x65,
    0x99, 0x72, 0x02, 0xA7, 0x6D, 0x63, 0x3A, 0x17, 0x72, 0xB9, 0x9F, 0x74, 0x01, 0x1B, 0x69, 0x01,
    0xE8, 0x7E, 0x9D, 0x13, 0xEB, 0x3F, 0x33, 0xC2, 0x3F, 0xA5, 0x84, 0x6D, 0xA5, 0xB3, 0xA3, 0xF0,
    0x86, 0xC2, 0xF7, 0xD0, 0x36, 0x17, 0x22, 0x51, 0x99, 0xCB, 0x7B, 0xDE, 0x0C, 0x5F, 0x27, 0x68,
    0x7B, 0x68, 0x11, 0x5A, 0x28, 0xCE, 0xF8, 0xF7, 0x12, 0x94, 0x65, 0xD2, 0x4E, 0x7A, 0xC9, 0x43,
    0x09, 0x92, 0x63, 0x10, 0x9A, 0xA2, 0x7F, 0x8A, 0xF1, 0xA9, 0xEC, 0x62, 0xF6, 0x89, 0x1C, 0xBA,
    0xF8, 0x2A, 0x27, 0xB2, 0x06, 0x3C, 0x1F, 0x0D, 0x06, 0x83, 0x76, 0x59, 0x96, 0xCA, 0xD1, 0x35,
    0x8D, 0xE3, 0x98, 0xF7, 0xF4, 0xBA, 0x71, 0x8E, 0x29, 0x0E, 0x6F, 0x01, 0xF9, 0x7B, 0xE5, 0x34,
    0x03, 0x81, 0xDE, 0xC4, 0xCF, 0x24, 0xC8, 0x42, 0x08, 0x91, 0x41, 0xD2, 0x59, 0x01, 0xBD, 0xE4,
    0xC3, 0x91, 0x04, 0x69, 0x77, 0x08, 0x89, 0xE2, 0xA1, 0x1C, 0x03, 0xB8, 0xB9, 0xC4, 0x23, 0x3F,
    0x95, 0x6E, 0x17, 0xEC, 0x0F, 0x5B, 0x90, 0xA5, 0x08, 0x0B, 0x69, 0x4C, 0x02, 0xAC, 0x4D, 0xC3,
    0xA9, 0x1C, 0xCA, 0x0D, 0xE0, 0x13, 0xF1, 0x4A, 0x60, 0x6E, 0x4C, 0xA8, 0x31, 0xAA, 0x2A, 0x18,
    0x51, 0x8F, 0x07, 0xD4, 0xF9, 0x2E, 0x40, 0x97, 0x0A, 0x2D, 0xC0, 0x8B, 0x53, 0x00, 0x97, 0x3B,
    0xF1, 0x32, 0xEC, 0x01, 0x66, 0xFB, 0x99, 0x5B, 0x40, 0x07, 0x4E, 0x01, 0x05, 0xC8, 0x8C, 0x1A,
    0x3A, 0x81, 0x0A, 0xE4, 0x00, 0x3C, 0x96, 0x0B, 0xEE, 0x49, 0x29, 0xE4, 0xBB, 0x50, 0x00, 0x1D,
    0xBA, 0x79, 0x48, 0x2A, 0x41, 0x82, 0x95, 0xE4, 0x3E, 0xC1, 0x4E, 0x86, 0xE8, 0xA5, 0x7E, 0x0B,
    0xEE, 0xD7, 0x94, 0xDA, 0x3E, 0xC0, 0x1F, 0xD9, 0x05, 0x52, 0xD9, 0x69, 0x60, 0xC7, 0x02, 0x6E,
    0xB7, 0xFF, 0x33, 0xEC, 0x97, 0xF7, 0x57, 0x32, 0xF9, 0x0D, 0x78, 0x71, 0xCE, 0xB8, 0x57, 0x73,
    0xB4, 0xB5, 0xC1, 0xE0, 0x88, 0x94, 0xE6, 0xDE, 0x94, 0x7C, 0x63, 0x02, 0x39, 0xA0, 0x95, 0xE0,
    0xA1, 0x14, 0x42, 0x79, 0x04, 0x0C, 0x94, 0xF3, 0x57, 0xD8, 0x8B, 0xA3, 0x21, 0x3F, 0x3B, 0x95,
    0x79, 0x91, 0x71, 0x60, 0xA7, 0xE0, 0x4E, 0x49, 0x54, 0x21, 0xE6, 0x89, 0x79, 0xE2, 0x0A, 0xAC,
    0x2D, 0x6A, 0x1A, 0x31, 0x69, 0xC4, 0xA4, 0x11, 0x93, 0x46, 0x4C, 0x1A, 0x31, 0x69, 0xC4, 0x35,
    0x8D, 0x05, 0x69, 0xC4, 0xA4, 0x11, 0x93, 0x46, 0x4C, 0x1A, 0x31, 0x69, 0xC4, 0xA4, 0xB1, 0xA8,
    0x69, 0xD4, 0xE8, 0x65, 0xC3, 0xD8, 0x9C, 0x03, 0xB3, 0xF2, 0x72, 0x23, 0xC4, 0x9E, 0xE5, 0xEF,
    0x70, 0xF0, 0x08, 0x94, 0x0B, 0x95, 0xE4, 0x58, 0xA8, 0x1B, 0x33, 0x16, 0x4E, 0x7E, 0x8C, 0x3D,
    0x03, 0x96, 0xFD, 0xBE, 0x40, 0xAA, 0x84, 0xC4, 0x69, 0xAC, 0xD2, 0x23, 0xF0, 0x68, 0xE2, 0x4E,
    0x5E, 0x4B, 0xAF, 0xCA, 0x68, 0x29, 0x7F, 0x98, 0x3C, 0x38, 0xA9, 0x29, 0xD7, 0x0A, 0xD2, 0xAD,
    0x0F, 0xD3, 0xC1, 0xE0, 0xC9, 0x19, 0x51, 0x4D, 0x14, 0xB0, 0xCD, 0x30, 0xF4, 0x2E, 0x1A, 0x2C,
    0x22, 0x61, 0xA3, 0x17, 0x05, 0xDC, 0x4B, 0x10, 0x74, 0x49, 0x79, 0x66, 0x77, 0x2C, 0xB4, 0x03,
    0x91, 0xFD, 0x9E, 0x9B, 0x71, 0xCE, 0x63, 0x77, 0x68, 0x05, 0x27, 0x8E, 0xB1, 0x69, 0xE6, 0x57,
    0xCE, 0xF6, 0x21, 0xD2, 0x63, 0x59, 0x79, 0x3A, 0x6F, 0x02, 0xFB, 0xD8, 0xA4, 0xC7, 0x63, 0xA3,
    0xB2, 0xCE, 0x9B, 0x57, 0x6C, 0xA8, 0x8D, 0x24, 0x86, 0x89, 0x5D, 0xBB, 0x0B, 0x05, 0xCD, 0x59,
    0x34, 0x16, 0xAD, 0x0E, 0x75, 0xAF, 0x1F, 0xDA, 0x7D, 0x4E, 0x38, 0x35, 0x13, 0xB8, 0x3B, 0xEE,
    0xC4, 0x4C, 0xAA, 0x26, 0x56, 0x0E, 0x7F, 0x57, 0x36, 0xD3, 0x6D, 0x19, 0xC3, 0xAD, 0x7F, 0x99,
    0xC7, 0xF0, 0x39, 0xEC, 0xD2, 0x14, 0x4B, 0x0E, 0xD0, 0xF6, 0xB0, 0x2C, 0xA2, 0x4A, 0xB8, 0x04,
    0x6A, 0xF9, 0x95, 0xC8, 0xAD, 0xD4, 0x2B, 0x73, 0xB7, 0xCC, 0x82, 0x4F, 0x4F, 0x82, 0x3E, 0x8C,
    0x26, 0xDC, 0xE5, 0xE6, 0xD2, 0x1D, 0x62, 0x69, 0x14, 0xD5, 0x3B, 0xFA, 0x1F, 0x62, 0x99, 0xCE,
    0x31, 0xF3, 0x65, 0x1F, 0xD1, 0x29, 0xF5, 0xF3, 0x5E, 0x12, 0x9D, 0x95, 0x93, 0x56, 0xF8, 0x75,
    0x11, 0xFB, 0x49, 0xC1, 0xBF, 0xFC, 0x66, 0xBF, 0x2A, 0x33, 0xFF, 0x21, 0x00, 0x3D, 0xF1, 0x11,
    0xED, 0xB1, 0xA8, 0xF5, 0x5B, 0x5B, 0x21, 0x77, 0x5B, 0xB7, 0x5A, 0x4D, 0x83, 0x11, 0x40, 0x25,
    0x35, 0x51, 0x9A, 0x3E, 0xA0, 0x66, 0xE3, 0x67, 0x36, 0x24, 0x6B, 0x7C, 0x66, 0xB0, 0x30, 0x56,
    0x1F, 0x96, 0x26, 0x98, 0x0E, 0x06, 0x9D, 0x4B, 0x0F, 0x86, 0x41, 0xC0, 0x51, 0xAD, 0x6F, 0x88,
    0x07, 0x3F, 0x0E, 0x64, 0x28, 0x77, 0xC0, 0x52, 0x0B, 0xC9, 0xA4, 0xD3, 0x48, 0xA5, 0xF0, 0xB1,
    0x29, 0x4D, 0x0C, 0x6F, 0x61, 0x43, 0xCC, 0xF0, 0xB6, 0x1D, 0x1E, 0x61, 0xF8, 0xD7, 0x3E, 0x50,
    0x34, 0xD1, 0xB6, 0x6C, 0xA6, 0x58, 0xC1, 0xE7, 0x60, 0x81, 0x8F, 0x05, 0x8D, 0x7F, 0x4B, 0xEE,
    0xCC, 0xB1, 0xE0, 0x04, 0x0B, 0x16, 0xC0, 0xF7, 0x8F, 0xCF, 0xA4, 0xF1, 0xE7, 0x39, 0xF0, 0xCD,
    0x80, 0xEF, 0x04, 0xF8, 0x16, 0xC0, 0xF7, 0x97, 0x74, 0xD4, 0xF8, 0x4D, 0x72, 0x19, 0x9F, 0xAC,
    0xA4, 0x22, 0x93, 0x96, 0x4C, 0x8A, 0x7A, 0xA6, 0xE9, 0xEA, 0x5B, 0x4A, 0xE8, 0xFE, 0x2D, 0xAF,
    0x53, 0x9A, 0xAF, 0xF6, 0xD6, 0xD4, 0xF5, 0x5B, 0x8A, 0x29, 0x16, 0xE2, 0x1C, 0x62, 0x9C, 0xAA,
    0x76, 0x33, 0x35, 0xAE, 0x5C, 0xBC, 0x94, 0x9D, 0x26, 0x89, 0xDE, 0xD5, 0x1C, 0x69, 0x92, 0xEB,
    0x7D, 0xC0, 0x75, 0x0B, 0x4D, 0x8F, 0x19, 0x35, 0x33, 0xB9, 0x6A, 0x64, 0x31, 0x38, 0x8A, 0xCD,
    0x62, 0x36, 0x54, 0x0C, 0x45, 0x43, 0xDD, 0xD7, 0x80, 0x62, 0x13, 0xAD, 0x72, 0x68, 0xB8, 0xB5,
    0x9C, 0x5F, 0x4E, 0xB4, 0xFA, 0x6C, 0xBE, 0xD4, 0xD8, 0x9C, 0x89, 0x97, 0x6B, 0x26, 0x81, 0x67,
    0xED, 0x70, 0x5A, 0x8B, 0x9C, 0x74, 0xE9, 0x15, 0xD8, 0x34, 0x2F, 0x19, 0x12, 0xF3, 0xDB, 0x03,
    0xD8, 0x95, 0x63, 0xE8, 0x7C, 0x4F, 0x04, 0x4A, 0x5C, 0xD9, 0x68, 0xD9, 0x4A, 0xE4, 0xAE, 0x61,
    0x12, 0xEC, 0xC2, 0xA7, 0xCA, 0x71, 0x66, 0x45, 0xD8, 0xCC, 0xA4, 0x97, 0x21, 0x64, 0xC1, 0x0E,
    0xDD, 0xB7, 0xFA, 0xE5, 0x34, 0x70, 0xA4, 0x1F, 0x54, 0x2F, 0x4C, 0x69, 0xEB, 0x19, 0x2C, 0xBC,
    0x9D, 0x79, 0x73, 0x18, 0x0A, 0xFC, 0x40, 0xF3, 0x6A, 0x01, 0x7D, 0x40, 0xF9, 0xDB, 0xEF, 0x08,
    0x20, 0xE8, 0xB4, 0xE8, 0x68, 0x2D, 0xBA, 0xD0, 0x4C, 0xCA, 0x24, 0x28, 0x40, 0x93, 0x4E, 0xE7,
    0x67, 0x91, 0x52, 0x2F, 0x49, 0xBE, 0x91, 0x93, 0x7E, 0x83, 0xF5, 0x45, 0xE1, 0xA5, 0xE4, 0xC0,
    0x4B, 0x89, 0xC1, 0x4F, 0xDE, 0x35, 0x74, 0x27, 0x54, 0x2F, 0xAA, 0x02, 0x65, 0x29, 0x22, 0x4F,
    0x3F, 0x9D, 0x83, 0xA9, 0x99, 0xB2, 0x40, 0x2D, 0xE1, 0x63, 0x4F, 0xD3, 0x61, 0x57, 0x7F, 0x23,
    0xFE, 0x50, 0x01, 0xF8, 0xCF, 0xD2, 0x1B, 0xA3, 0xEC, 0xDE, 0xE8, 0xD1, 0xBD, 0xD1, 0x2F, 0xF0,
    0xC3, 0x3B, 0x7A, 0x58, 0x19, 0x8C, 0x56, 0x7E, 0xAA, 0xE6, 0x76, 0xA6, 0x01, 0xC5, 0xA1, 0x29,
    0x36, 0x8A, 0x0A, 0xB8, 0xB9, 0xBC, 0xDD, 0x73, 0xC0, 0xDC, 0xCC, 0xDA, 0x30, 0xFB, 0x0A, 0x20,
    0xBD, 0x87, 0xCA, 0x40, 0x14, 0xE8, 0xA7, 0x0E, 0x1C, 0xD8, 0x1A, 0xE4, 0x2D, 0x1E, 0x65, 0x63,
    0xC9, 0x95, 0xD3, 0x17, 0xF9, 0x10, 0xFE, 0xD2, 0xB6, 0xDE, 0x72, 0xFE, 0xD9, 0xD1, 0x91, 0x9B,
    0xFF, 0x3F, 0xD9, 0xAB, 0x64, 0xD1, 0x6C, 0x92, 0x20, 0x3D, 0x88, 0x8B, 0x9A, 0x10, 0x08, 0x83,
    0xFE, 0x01, 0xD5, 0xBE, 0x0B, 0x1F, 0x8F, 0x99, 0xB9, 0x02, 0xFC, 0x01, 0xBB, 0xF4, 0x75, 0x04,
    0x5B, 0x6E, 0x58, 0x48, 0xFF, 0x0F, 0x3E, 0x9D, 0x13, 0x21, 0xD2, 0x8A, 0xB4, 0xA7, 0x8A, 0xE5,
    0xA3, 0x44, 0x1C, 0x20, 0xFF, 0x38, 0x40, 0xD7, 0x68, 0x4F, 0xCE, 0xBC, 0x7C, 0x84, 0xC8, 0x0C,
    0x87, 0x74, 0x8E, 0x2E, 0x32, 0xA2, 0xD9, 0x5B, 0x73, 0xF1, 0xEB, 0x57, 0x2C, 0xE7, 0x5D, 0xB5,
    0x36, 0x98, 0xAC, 0xB7, 0xCF, 0xEE, 0x8E, 0x7A, 0xF3, 0xA1, 0xD6, 0x81, 0x8C, 0x64, 0x2B, 0x3D,
    0xCE, 0x18, 0x85, 0x43, 0x5F, 0xFC, 0x05, 0x78, 0x9C, 0x31, 0xC2, 0x85, 0x89, 0x06, 0xC0, 0x03,
    0x95, 0x08, 0x36, 0x42, 0x89, 0x10, 0xE6, 0x7C, 0x9E, 0x20, 0x12, 0x0D, 0x82, 0x0F, 0x19, 0x05,
    0x7D, 0xA8, 0xA1, 0x3D, 0x43, 0x61, 0x96, 0x48, 0xBB, 0x7F, 0xB5, 0x1E, 0x1D, 0xA6, 0x9A, 0x3E,
    0x14, 0x86, 0xE7, 0xA2, 0x3D, 0xD9, 0x4E, 0x3B, 0x45, 0xA4, 0xCF, 0xF8, 0xD0, 0xC8, 0x4C, 0xDD,
    0x42, 0x36, 0x5A, 0x4C, 0x68, 0xE6, 0x93, 0xD4, 0xA1, 0xFA, 0xAB, 0xE5, 0x5C, 0x3E, 0x57, 0x17,
    0x3C, 0x57, 0xA9, 0x87, 0xC1, 0x5A, 0x43, 0x37, 0x03, 0xB6, 0x5D, 0xF6, 0x94, 0xCB, 0x18, 0xE0,
    0x35, 0x64, 0x93, 0xBC, 0x1D, 0x78, 0xC5, 0x01, 0xB2, 0xCF, 0x64, 0xB6, 0xFF, 0xE4, 0x45, 0x85,
    0xCA, 0x17, 0x5B, 0x92, 0x68, 0xA4, 0xB7, 0x29, 0xEA, 0x26, 0xF7, 0x36, 0x3A, 0xF5, 0x16, 0x38,
    0x83, 0xD0, 0x06, 0x01, 0x3D, 0x5A, 0xD2, 0xA9, 0xEE, 0xF9, 0xCD, 0x9A, 0x51, 0xFC, 0x3E, 0xC1,
    0x68, 0x2A, 0x3E, 0x78, 0x1A, 0x63, 0xD2, 0x19, 0xCB, 0x53, 0xC0, 0xF1, 0x04, 0x41, 0x73, 0x9C,
    0xCA, 0x27, 0x2B, 0x52, 0x8D, 0xF5, 0x88, 0x64, 0xE3, 0xB5, 0x16, 0xB1, 0xFE, 0x4B, 0x2D, 0xCA,
    0x69, 0xD6, 0x0F, 0x4E, 0x99, 0xDE, 0x19, 0x20, 0x9D, 0x31, 0x15, 0x19, 0xEA, 0x1E, 0x6F, 0x1A,
    0x51, 0xC7, 0x2C, 0x1A, 0xF4, 0xAC, 0xC5, 0x8A, 0x40, 0x47, 0x9C, 0xB1, 0x26, 0x1D, 0x5D, 0x81,
    0xD5, 0xE7, 0x14, 0x75, 0x0B, 0x8A, 0xFA, 0x83, 0x1E, 0x4B, 0xCA, 0x2B, 0xF4, 0x6B, 0xFA, 0x3F,
    0xD2, 0x39, 0x1B, 0xA6, 0x27, 0x59, 0xA1, 0xD5, 0xB3, 0xB4, 0xB4, 0x2F, 0xB4, 0xB4, 0xFA, 0x4B,
    0x5A, 0x96, 0x67, 0x52, 0x8F, 0x6A, 0x9E, 0x65, 0x85, 0xE7, 0xBD, 0x4B, 0x5E, 0xFA, 0xDD, 0xF9,
    0xC1, 0x73, 0x4F, 0x3E, 0x66, 0x5D, 0xE4, 0xF0, 0xC4, 0x36, 0x61, 0x55, 0xB4, 0x43, 0x43, 0x75,
    0xA6, 0x2C, 0x89, 0xFC, 0x2C, 0x04, 0xF2, 0x87, 0xAC, 0x87, 0xDC, 0x42, 0x0F, 0x4E, 0x69, 0xDD,
    0x81, 0x4A, 0x69, 0x4F, 0x8B, 0x29, 0x2D, 0x9B, 0x4E, 0xB4, 0xB2, 0x0A, 0xB5, 0x16, 0x77, 0x73,
    0x56, 0xD8, 0x98, 0x75, 0x2C, 0xD5, 0x0A, 0x77, 0xAA, 0x45, 0x57, 0xCB, 0x9C, 0x0E, 0xE0, 0x93,
    0xF2, 0x48, 0x2A, 0x3C, 0xBE, 0xCE, 0x00, 0xC1, 0x5C, 0x8B, 0xB4, 0x87, 0x7A, 0x78, 0xD2, 0x8A,
    0x6D, 0xC6, 0x8C, 0x68, 0xE9, 0x78, 0x13, 0xA5, 0xA3, 0x7C, 0x56, 0xBC, 0x44, 0x15, 0xE1, 0x86,
    0x52, 0x0C, 0x13, 0x86, 0xB7, 0x63, 0x2B, 0x49, 0xC6, 0x95, 0x87, 0x5A, 0x6F, 0x17, 0xAB, 0xE2,
    0x6B, 0x05, 0xE1, 0x64, 0x3F, 0x52, 0x7B, 0x1E, 0x53, 0x82, 0x2F, 0x48, 0xA5, 0xA1, 0x56, 0xE1,
    0xAB, 0x46, 0xC7, 0xFA, 0xAA, 0xBA, 0x1B, 0x7F, 0xA6, 0xBD, 0x77, 0xA8, 0xB7, 0xF4, 0x36, 0xDF,
    0x73, 0xB5, 0xF3, 0xE7, 0x7A, 0xD6, 0xF1, 0xCD, 0x16, 0xEA, 0x52, 0x79, 0xA6, 0x6B, 0x0B, 0x5D,
    0x9C, 0x13, 0x11, 0x0C, 0xFF, 0xB9, 0x3A, 0xCD, 0xBA, 0x75, 0x1D, 0x53, 0xDC, 0x7D, 0xA8, 0xB0,
    0x9D, 0x3A, 0xE8, 0xF2, 0x66, 0x3A, 0xD0, 0xFB, 0x2D, 0xA1, 0xF7, 0x5F, 0x35, 0xB1, 0x5E, 0xBA,
    0x44, 0x1D, 0xE8, 0x47, 0x53, 0x2F, 0x0D, 0x3E, 0x10, 0x72, 0x7B, 0xDB, 0xE5, 0xFB, 0x56, 0xA4,
    0x15, 0xED, 0xAC, 0x9E, 0xEF, 0x99, 0x57, 0xAD, 0x59, 0x67, 0x84, 0x51, 0x4A, 0x75, 0xDE, 0x77,
    0x26, 0x46, 0xDC, 0x73, 0x16, 0x10, 0x2D, 0xAD, 0x5B, 0xAD, 0xCF, 0x98, 0x98, 0x1A, 0xB8, 0x9A,
    0x94, 0xAB, 0x43, 0x51, 0xB1, 0xEA, 0x04, 0xA7, 0x52, 0xBB, 0x4E, 0xED, 0x25, 0x2B, 0x56, 0x6A,
    0x70, 0x56, 0xB5, 0x91, 0x8E, 0xAD, 0x6B, 0x64, 0x0C, 0xB1, 0x2D, 0xED, 0xF4, 0x84, 0x95, 0x1F,
    0x2A, 0x73, 0x78, 0xFB, 0x7E, 0x65, 0xAE, 0x7B, 0x97, 0x11, 0xFB, 0xAB, 0x2E, 0xE1, 0x59, 0xCA,
    0x1A, 0x02, 0x1B, 0x0B, 0x39, 0xCF, 0xDD, 0x95, 0x8C, 0x5B, 0x5F, 0xD8, 0x38, 0x17, 0xDE, 0xDE,
    0xC4, 0xC9, 0x2D, 0x13, 0x57, 0x75, 0x2E, 0x69, 0x85, 0xB3, 0xCA, 0x1F, 0x8D, 0x1F, 0x1A, 0xFF,
    0xF7, 0xAD, 0xE3, 0x9F, 0xD6, 0x0E, 0xBA, 0xA7, 0x77, 0x27, 0xD1, 0x4C, 0x17, 0x20, 0x62, 0x8C,
    0x75, 0xD5, 0xFB, 0x55, 0x09, 0x0A, 0x16, 0x75, 0x6E, 0xA3, 0xAC, 0xDF, 0xB5, 0x7F, 0x4D, 0x45,
    0xD5, 0x08, 0x13, 0xCD, 0x2E, 0xFA, 0xEF, 0x7D, 0xE3, 0xA1, 0xB9, 0x61, 0xC9, 0x28, 0xFB, 0x12,
    0xE1, 0x4A, 0x35, 0xCA, 0xA8, 0xBE, 0x9A, 0x6E, 0x4C, 0xF9, 0x9C, 0x7C, 0xE2, 0x07, 0xEB, 0x42,
    0xC4, 0xD8, 0x90, 0x5E, 0x5E, 0x93, 0xD5, 0x00, 0xD3, 0x2E, 0x56, 0x82, 0x4D, 0xC5, 0xA6, 0xA5,
    0x96, 0xAE, 0x88, 0xF9, 0x79, 0xC5, 0xD0, 0xF2, 0x2E, 0xE4, 0xF4, 0xF2, 0x5D, 0xC8, 0xB0, 0xBE,
    0x0D, 0x58, 0x82, 0xEF, 0x70, 0x17, 0x72, 0xFE, 0x72, 0x21, 0xA9, 0x2F, 0x17, 0x8A, 0xFA, 0xFA,
    0x20, 0xAE, 0xD7, 0x2F, 0xC1, 0x6B, 0x2F, 0x17, 0x54, 0x2B, 0x4E, 0x62, 0xD2, 0xD3, 0xDA, 0xE0,
    0xE9, 0xBF, 0x2A, 0x9E, 0xB7, 0xC9, 0x73, 0x8B, 0x3C, 0x8F, 0xC8, 0x73, 0x01, 0xFE, 0x50, 0xAD,
    0x32, 0x65, 0x32, 0x45, 0x27, 0x00, 0x81, 0xE8, 0x89, 0x0C, 0xA3, 0x2D, 0x1B, 0xA0, 0x42, 0x52,
    0xF0, 0xFE, 0x9E, 0x91, 0xE7, 0x17, 0xD5, 0xDD, 0x8A, 0x26, 0xAB, 0xDB, 0x2B, 0x76, 0x45, 0x75,
    0x01, 0xD5, 0x80, 0x77, 0x85, 0x56, 0x98, 0x80, 0x49, 0x66, 0x9B, 0xC2, 0xB4, 0x78, 0x16, 0x1F,
    0x51, 0x19, 0xBC, 0xC6, 0xC1, 0x34, 0xAD, 0x05, 0x5A, 0x4C, 0x7E, 0x2D, 0xA2, 0x8A, 0x99, 0x2D,
    0xED, 0x35, 0xCF, 0x90, 0xC2, 0xE4, 0x10, 0xE6, 0xC9, 0xAB, 0x4A, 0x18, 0x4D, 0x8F, 0xEB, 0x4B,
    0x5A, 0x08, 0xD6, 0x47, 0xCC, 0xFC, 0xF3, 0xA0, 0xFF, 0xBA, 0x0D, 0xB8, 0xA8, 0x7B, 0x55, 0xED,
    0xA2, 0xDA, 0xC1, 0x6B, 0xEB, 0xB6, 0xFA, 0x12, 0xE7, 0x88, 0x47, 0x68, 0x7E, 0xAA, 0x79, 0x6D,
    0x2E, 0x6F, 0x7C, 0xAE, 0xDA, 0x94, 0xB8, 0x26, 0xA6, 0x41, 0x67, 0x82, 0xB5, 0x65, 0x72, 0x5D,
    0x8D, 0x71, 0x91, 0xD0, 0xBB, 0x97, 0xE8, 0x03, 0xD1, 0x43, 0x26, 0xF6, 0xE3, 0xF9, 0xE0, 0x48,
    0x09, 0x19, 0xDE, 0xAB, 0xC0, 0x2B, 0xEF, 0x5E, 0xB6, 0x37, 0x92, 0x34, 0x57, 0xA0, 0x63, 0x54,
    0x7C, 0x2E, 0xAF, 0x45, 0xFD, 0xF4, 0x27, 0xC8, 0x75, 0xD2, 0x69, 0x4C, 0x5A, 0x4C, 0x4A, 0x1D,
    0x80, 0xD1, 0x90, 0x77, 0x7A, 0xC3, 0xC1, 0xE2, 0x28, 0xFE, 0x23, 0xD6, 0xC7, 0xFA, 0xC9, 0x81,
    0x4E, 0x0C, 0x30, 0xDC, 0x95, 0x8E, 0x53, 0x70, 0x45, 0xE6, 0x67, 0x1B, 0x41, 0xAA, 0x58, 0xA4,
    0xF7, 0xCD, 0xD4, 0xBA, 0xF0, 0x45, 0xF4, 0x4C, 0xA5, 0x74, 0x0D, 0xCA, 0x50, 0x90, 0xFD, 0x11,
    0xF5, 0x07, 0xF4, 0x83, 0x1A, 0xBD, 0x10, 0xBD, 0x10, 0xBD, 0x10, 0xBD, 0x10, 0xBD, 0x34, 0xF4,
    0xE6, 0xF4, 0x32, 0x7A, 0x7B, 0x35, 0x6C, 0xD1, 0xEB, 0xF5, 0xAE, 0xA2, 0xDF, 0x92, 0xBC, 0xE8,
    0xEE, 0xF0, 0x6A, 0xD8, 0xFF, 0x22, 0xED, 0x0C, 0x11, 0x90, 0x81, 0x79, 0xCE, 0xAB, 0x61, 0xBE,
    0xF9, 0xBF, 0x4B, 0xBB, 0xDD, 0x08, 0xA3, 0x3A, 0x4F, 0x57, 0x5C, 0x44, 0xAF, 0x8C, 0x5F, 0x8B,
    0x5E, 0x88, 0xBE, 0xBA, 0x79, 0xEE, 0x5C, 0xB8, 0x79, 0x1E, 0x62, 0xA2, 0xBD, 0x79, 0xDE, 0xE2,
    0xCD, 0xF3, 0xF7, 0x41, 0x2F, 0x05, 0x6D, 0x6D, 0x48, 0x6D, 0x74, 0xCD, 0x06, 0x28, 0xF7, 0x7C,
    0x1B, 0xD5, 0xCA, 0xD1, 0x79, 0x57, 0xA3, 0x07, 0x66, 0xD6, 0xB2, 0x65, 0xF2, 0x1C, 0x86, 0xF1,
    0x94, 0x57, 0x09, 0xD2, 0x38, 0x0F, 0x51, 0xF3, 0x03, 0x46, 0xB2, 0x0B, 0xE8, 0x67, 0x33, 0x40,
    0xF7, 0xDB, 0x9C, 0xA3, 0xE3, 0x94, 0xB0, 0x2D, 0xF5, 0xBB, 0xE9, 0x37, 0x73, 0x42, 0x9D, 0x6F,
    0xD6, 0x5E, 0xC2, 0x69, 0x68, 0x19, 0xBA, 0x22, 0x77, 0xD4, 0xBE, 0x7E, 0x58, 0xD8, 0x53, 0x5A,
    0x3C, 0x05, 0x0C, 0x92, 0x3A, 0xB9, 0x37, 0xEB, 0xD4, 0x4D, 0x47, 0x72, 0xFF, 0xC3, 0xF0, 0xFE,
    0x25, 0x4F, 0x91, 0x1C, 0x38, 0x6E, 0xB2, 0xFA, 0x6B, 0xB2, 0xA6, 0x6B, 0xB2, 0x24, 0x68, 0xB2,
    0x3E, 0x6B, 0xF2, 0xB8, 0xDC, 0x64, 0x8C, 0x6F, 0x9A, 0xB3, 0x1D, 0xCE, 0x89, 0x4D, 0x06, 0xFB,
    0x26, 0x23, 0x65, 0x33, 0x7C, 0x01, 0xFF, 0xE9, 0x55, 0x8E, 0xF9, 0xBE, 0x66, 0x48, 0x66, 0xB4,
    0x53, 0xDB, 0x90, 0xA4, 0xA2, 0x33, 0xED, 0xCD, 0x15, 0xF6, 0x6B, 0xB8, 0xA9, 0x2B, 0x6E, 0x69,
    0xB5, 0xBB, 0x2C, 0x76, 0x0F, 0xC9, 0x6B, 0xA4, 0x43, 0x0F, 0x4C, 0x79, 0x30, 0x13, 0x83, 0x0F,
    0x12, 0xBD, 0x34, 0x9D, 0x21, 0x76, 0x70, 0x53, 0xED, 0xA3, 0x5F, 0x95, 0x0B, 0x3F, 0xD7, 0x00,
    0x65, 0xD0, 0x26, 0x35, 0x7C, 0xA0, 0xB0, 0x07, 0x0C, 0x9B, 0x18, 0x5B, 0xB3, 0x4D, 0x14, 0xD9,
    0xE3, 0xFA, 0x8C, 0x64, 0x7C, 0xBF, 0x3A, 0xBD, 0x7D, 0xC5, 0xF4, 0x3E, 0x33, 0x84, 0xA2, 0x8A,
    0xD0, 0x83, 0xB3, 0x15, 0x86, 0xA6, 0x35, 0x43, 0x6B, 0x67, 0xCB, 0x33, 0x10, 0xA2, 0xE0, 0x1E,
    0x14, 0x74, 0x08, 0xEB, 0x88, 0x70, 0x96, 0xE4, 0xBF, 0x9C, 0xFE, 0x07, 0xBC, 0xBD, 0x7F, 0x70,
    0x1C, 0xF7, 0x75, 0x27, 0xF8, 0xED, 0x6E, 0x00, 0x2D, 0xA1, 0xCD, 0x69, 0xE4, 0x8E, 0xD4, 0x2A,
    0x24, 0x67, 0x46, 0xA9, 0xE3, 0x56, 0x29, 0xD0, 0x00, 0xA3, 0xAB, 0xE3, 0x1F, 0xE3, 0xA4, 0x81,
    0x69, 0x49, 0x77, 0xD1, 0x1F, 0xBA, 0xB3, 0x50, 0x77, 0x82, 0x5C, 0x65, 0x9D, 0x4D, 0xDD, 0x5D,
    0x52, 0x75, 0xA1, 0x6C, 0x93, 0x5B, 0x85, 0xE4, 0xC6, 0xBB, 0x20, 0xD1, 0x92, 0xEA, 0xA2, 0xAA,
    0xA8, 0x72, 0x42, 0x6D, 0xA2, 0x4D, 0xDD, 0xBA, 0x12, 0x33, 0x39, 0xFA, 0x96, 0x1A, 0xAC, 0x8D,
    0x51, 0x32, 0x71, 0x10, 0x1B, 0xC4, 0xB4, 0xC8, 0xBA, 0xA8, 0x6A, 0x55, 0x15, 0xB7, 0xA4, 0x73,
    0x5C, 0x75, 0xDA, 0x44, 0x4D, 0x89, 0xB2, 0x63, 0xA8, 0x62, 0x36, 0xA5, 0x91, 0x3D, 0x84, 0x66,
    0xA6, 0xEF, 0x7D, 0xDE, 0xEB, 0x9E, 0xE9, 0x01, 0x40, 0x8A, 0xF1, 0xA6, 0x02, 0x89, 0xEF, 0x0B,
    0xF4, 0xCF, 0x6F, 0x7F, 0xBF, 0xEF, 0xFB, 0x7E, 0xBF, 0xF7, 0x55, 0x0A, 0x3F, 0x16, 0x80, 0xCD,
    0x40, 0xFB, 0xA2, 0x2A, 0xC7, 0x71, 0x57, 0x1D, 0x5E, 0x7F, 0x91, 0xFE, 0x3C, 0xA0, 0x79, 0x04,
    0xEE, 0xF2, 0x95, 0x2A, 0xC6, 0x1D, 0xA5, 0xB6, 0x1E, 0x5E, 0x57, 0xC6, 0xDF, 0xDB, 0xA6, 0x67,
    0xE7, 0xF3, 0x86, 0x5F, 0x3A, 0xE0, 0xE8, 0x7E, 0x25, 0x17, 0x19, 0xFE, 0x92, 0x1D, 0x10, 0x28,
    0xBA, 0xB6, 0x7B, 0x36, 0x56, 0x2B, 0xAA, 0xFC, 0xFB, 0x47, 0x3A, 0x78, 0xD6, 0xAA, 0xCA, 0xFE,
    0x68, 0x21, 0xC3, 0x00, 0x50, 0x0F, 0x3E, 0x17, 0xD1, 0x23, 0xE3, 0x38, 0x52, 0x93, 0x6B, 0xDB,
    0x8F, 0xD1, 0x11, 0xC3, 0x1F, 0x63, 0x88, 0x5E, 0x18, 0xFF, 0xCF, 0x3A, 0x60, 0x1C, 0xD3, 0xB5,
    0xC5, 0xAB, 0x73, 0xF4, 0xAC, 0x96, 0x57, 0x9B, 0x55, 0xFA, 0xBB, 0x5E, 0x64, 0x2B, 0xEB, 0xD9,
    0x57, 0x02, 0xCB, 0xCD, 0x19, 0xAF, 0xFA, 0xA6, 0xE7, 0x18, 0xDF, 0x55, 0xA6, 0xEB, 0xE8, 0x3D,
    0x65, 0xB9, 0x15, 0xBD, 0xAD, 0x8A, 0xCA, 0xB1, 0x42, 0x35, 0xA7, 0xAA, 0x71, 0xA4, 0x77, 0x94,
    0x75, 0x35, 0x6C, 0xF1, 0x3B, 0xFB, 0xFC, 0xFE, 0x05, 0xA5, 0x0E, 0xA2, 0xAD, 0x29, 0xF5, 0x24,
    0x40, 0x1B, 0x60, 0x59, 0x55, 0x94, 0x9A, 0x01, 0x28, 0x00, 0xD8, 0x00, 0x96, 0xEB, 0x28, 0x45,
    0x0F, 0x47, 0x77, 0x1C, 0xCD, 0x37, 0xFC, 0x19, 0x83, 0x3E, 0xCF, 0x36, 0x7C, 0xDD, 0xB5, 0xBF,
    0xE6, 0xA2, 0x63, 0x78, 0x0C, 0xBE, 0xB0, 0xA9, 0x04, 0x58, 0x00, 0xB6, 0xD7, 0xC4, 0x1D, 0x04,
    0xF4, 0x90, 0x80, 0x16, 0xE1, 0x6C, 0x1B, 0xA0, 0x46, 0x2F, 0x52, 0x0E, 0x03, 0x7A, 0xA8, 0x9A,
    0x71, 0xD4, 0x3D, 0xAA, 0xE0, 0xD0, 0x3D, 0xC5, 0x59, 0xEA, 0x85, 0x5D, 0xD4, 0x22, 0x35, 0x66,
    0xBF, 0x4A, 0x1F, 0x6B, 0xC6, 0x34, 0xDC, 0x1A, 0x3F, 0x7E, 0x2A, 0x1D, 0xB5, 0x1F, 0xB9, 0x74,
    0x84, 0x8E, 0x6B, 0x27, 0xDD, 0xC1, 0x50, 0x3E, 0xD5, 0xC7, 0x24, 0xF9, 0xB3, 0xAE, 0x1E, 0xD1,
    0x5F, 0x51, 0xD2, 0x93, 0xA6, 0xFC, 0x4E, 0x4F, 0x53, 0x26, 0x3D, 0xAC, 0xEC, 0xA9, 0x89, 0x9E,
    0x52, 0x31, 0x0D, 0xC1, 0x57, 0x92, 0xFB, 0x74, 0x7A, 0x98, 0xD2, 0x31, 0xEA, 0x6A, 0x7C, 0x2D,
    0x52, 0xBB, 0x7F, 0xEE, 0xDA, 0x72, 0xD5, 0x53, 0x38, 0xDB, 0x7A, 0x4F, 0xEB, 0xAA, 0x25, 0xA5,
    0xE6, 0x71, 0xB4, 0x38, 0x44, 0x8E, 0xC1, 0x9F, 0xB3, 0x00, 0x67, 0xD2, 0x61, 0x30, 0xF1, 0xA8,
    0x16, 0x75, 0x7D, 0x9D, 0xDE, 0xA7, 0xE2, 0x55, 0x19, 0xEC, 0xE4, 0xE7, 0x2C, 0x7E, 0x5D, 0x89,
    0x7D, 0x3C, 0xDF, 0x1B, 0x79, 0xDD, 0xE7, 0x3C, 0x65, 0xD3, 0x57, 0x28, 0xFB, 0xA5, 0x53, 0xF8,
    0x73, 0x39, 0xC5, 0x11, 0x13, 0xD7, 0x16, 0xDB, 0x38, 0xE4, 0xE0, 0x73, 0x4A, 0x18, 0xD6, 0x3C,
    0xBD, 0xDE, 0xB5, 0x95, 0x3B, 0xAF, 0xAC, 0xD8, 0xBF, 0x43, 0xE9, 0xDF, 0x4E, 0x9F, 0x55, 0xFC,
    0x3A, 0xC3, 0x98, 0x27, 0xF9, 0xAE, 0x8B, 0x6A, 0xBF, 0x1F, 0xED, 0x73, 0x5B, 0x18, 0xDC, 0x98,
    0x46, 0xD6, 0xDC, 0x5E, 0x44, 0x97, 0x95, 0xC1, 0x98, 0x61, 0xF3, 0x53, 0xF8, 0x33, 0x95, 0x1C,
    0xE6, 0xC1, 0xB7, 0xAF, 0xA1, 0x0B, 0x55, 0x03, 0x70, 0x53, 0xA7, 0xB1, 0xD4, 0x23, 0x8C, 0xAA,
    0xE5, 0xAB, 0xB6, 0xE6, 0x96, 0xE9, 0x5B, 0x63, 0xEF, 0x00, 0x0D, 0x70, 0x9C, 0xCE, 0xC8, 0xBD,
    0x00, 0x15, 0x01, 0xF7, 0x28, 0xF5, 0xE9, 0x7F, 0x7F, 0x96, 0xBE, 0xB8, 0x5B, 0xF4, 0x4F, 0xF5,
    0xE8, 0x4E, 0x9C, 0x58, 0x90, 0xB3, 0xBF, 0x04, 0x7C, 0x6C, 0x6D, 0x77, 0x95, 0xD1, 0xA1, 0x71,
    0x2C, 0x6E, 0x10, 0xE2, 0x38, 0x15, 0xC2, 0xB7, 0x06, 0x01, 0x45, 0xA0, 0xA8, 0x96, 0x6B, 0xDA,
    0x45, 0x55, 0x6E, 0x57, 0xDB, 0x84, 0x44, 0xD3, 0x74, 0xC7, 0xB8, 0x1A, 0x0C, 0xFC, 0x10, 0xD2,
    0x6B, 0xED, 0xBB, 0x2E, 0xB5, 0x09, 0xCD, 0x63, 0x7F, 0x8B, 0xE0, 0x79, 0x65, 0x07, 0x38, 0xAE,
    0x33, 0xA4, 0xD3, 0xC9, 0x95, 0x13, 0x2F, 0x01, 0xC6, 0xC0, 0x80, 0xEA, 0x55, 0xAD, 0x43, 0x33,
    0x4F, 0x18, 0xA8, 0xAC, 0xB7, 0x81, 0xF1, 0x45, 0x1B, 0x28, 0xEF, 0xD8, 0x98, 0xCB, 0x1A, 0xC1,
    0x39, 0xB5, 0x4C, 0x70, 0x53, 0x55, 0x6D, 0x65, 0x12, 0x4E, 0xC6, 0x26, 0x4D, 0x8C, 0xD6, 0x33,
    0x6E, 0xEC, 0x1E, 0x49, 0xC6, 0x1A, 0x3D, 0x94, 0x45, 0x9C, 0x40, 0x9E, 0x20, 0x8C, 0xE2, 0x13,
    0xDB, 0xAB, 0x36, 0x7A, 0xD5, 0xB5, 0xBC, 0xF9, 0x47, 0xBC, 0x39, 0x3A, 0x68, 0xAB, 0x02, 0x5D,
    0x6C, 0xD3, 0x7F, 0x11, 0xBD, 0xCE, 0x26, 0x1C, 0x9D, 0x51, 0x39, 0x9A, 0x6A, 0x87, 0xE0, 0x71,
    0x5A, 0x80, 0x05, 0xAC, 0x11, 0x86, 0x11, 0x9D, 0xC1, 0x83, 0x79, 0xD9, 0x01, 0x5A, 0x1E, 0xA6,
    0xA4, 0xA8, 0x01, 0x5B, 0x0F, 0xAB, 0x78, 0x14, 0x77, 0x78, 0xE4, 0xC7, 0x1A, 0xFC, 0xF6, 0x8A,
    0x32, 0x02, 0x95, 0x2B, 0xE1, 0x36, 0xF3, 0xBF, 0x06, 0x3C, 0xC4, 0x8F, 0x58, 0xC6, 0x64, 0xAF,
    0xCE, 0xD2, 0x4C, 0xC4, 0x1D, 0x9B, 0xA0, 0xBB, 0x4C, 0x4F, 0xB4, 0xD5, 0x0C, 0x9D, 0x2A, 0xA8,
    0x3C, 0xBD, 0x69, 0x46, 0xE5, 0xE9, 0xAD, 0x0E, 0xB5, 0x6D, 0x9A, 0x9E, 0x19, 0x42, 0x78, 0xF4,
    0x4E, 0xF1, 0x31, 0x60, 0xE2, 0xA0, 0x27, 0x84, 0x90, 0x1B, 0x34, 0x90, 0x0F, 0xE0, 0xE3, 0xCB,
    0x3A, 0x86, 0x33, 0xAF, 0xED, 0xEA, 0x0F, 0x06, 0x16, 0x4B, 0x1B, 0xA0, 0x70, 0xCA, 0x07, 0x69,
    0xF3, 0x26, 0x5B, 0xD7, 0xB0, 0x14, 0x2C, 0xF4, 0xD5, 0xC0, 0xE5, 0xC6, 0x2B, 0xCD, 0xF9, 0xFA,
    0x5A, 0xDC, 0xA6, 0x11, 0xBA, 0xE1, 0xA6, 0xE4, 0x23, 0xB9, 0x6F, 0x42, 0x4D, 0x9C, 0xC0, 0x38,
    0xC5, 0x84, 0xE4, 0xF4, 0xB9, 0x39, 0x1C, 0x65, 0x60, 0xE3, 0x4A, 0xEB, 0x2A, 0xD1, 0x2E, 0x1D,
    0x74, 0x59, 0x1D, 0x8E, 0xFF, 0x4E, 0x66, 0x82, 0xE1, 0xC3, 0xFC, 0x84, 0x77, 0x7D, 0x3C, 0xE2,
    0xE5, 0x60, 0x8C, 0xDE, 0x5D, 0x73, 0xF1, 0xF2, 0xC7, 0xD4, 0x64, 0x7D, 0x9D, 0x07, 0x89, 0x5F,
    0x2F, 0xEF, 0x47, 0x07, 0x14, 0xF7, 0x40, 0xA5, 0x5D, 0x90, 0x3E, 0x48, 0x27, 0x30, 0x0D, 0x96,
    0x6B, 0x5D, 0x03, 0xFE, 0x4C, 0xC4, 0x8C, 0x69, 0x1A, 0x1F, 0x1C, 0xE2, 0x1E, 0xDF, 0x62, 0xA2,
    0x33, 0x20, 0x4A, 0x58, 0xED, 0x49, 0x77, 0x74, 0x3A, 0x63, 0x09, 0xD1, 0x51, 0xB4, 0x06, 0x0D,
    0x5A, 0xBD, 0x36, 0x75, 0xEA, 0x2C, 0x5D, 0xD7, 0x91, 0x33, 0xC5, 0x64, 0xA1, 0x15, 0x93, 0x2B,
    0x75, 0xAC, 0xB7, 0xB3, 0x38, 0xE0, 0xCB, 0xF5, 0x0A, 0x8F, 0xAB, 0xE2, 0x6C, 0x98, 0x2C, 0x4F,
    0x10, 0x2B, 0x7E, 0xAD, 0x9F, 0x9C, 0x51, 0xDD, 0x94, 0xDA, 0x14, 0xB1, 0x00, 0x2F, 0x1A, 0x8F,
    0x28, 0xBD, 0xAD, 0x5F, 0xF6, 0xE8, 0x82, 0x77, 0xBC, 0xAA, 0x52, 0x0D, 0x42, 0x63, 0x5C, 0x3A,
    0xB8, 0x89, 0x9F, 0xAB, 0x98, 0x28, 0xA0, 0x67, 0x72, 0xAF, 0xD6, 0xDD, 0x75, 0x51, 0x20, 0x18,
    0x35, 0x49, 0xAF, 0x03, 0x86, 0x28, 0xC6, 0x5B, 0xC5, 0x78, 0x32, 0x84, 0x33, 0x18, 0x3E, 0xAF,
    0xA4, 0x68, 0x70, 0x7D, 0x87, 0x60, 0xDF, 0x1B, 0xE0, 0xC7, 0x6E, 0xB8, 0xC0, 0x30, 0x00, 0x9C,
    0x23, 0x9C, 0xF4, 0x54, 0xD9, 0xC7, 0x34, 0x50, 0x0F, 0x68, 0x00, 0xE9, 0xFB, 0xCB, 0x3C, 0x1A,
    0x67, 0x30, 0xAA, 0x18, 0x85, 0x71, 0xFE, 0x62, 0x19, 0x43, 0xFE, 0x01, 0x2B, 0x1C, 0x2F, 0x85,
    0x74, 0x8D, 0xF5, 0xDF, 0x9E, 0xC6, 0xA4, 0x7C, 0xE6, 0x7E, 0x7A, 0xBB, 0xF5, 0xDF, 0xA0, 0x0F,
    0xF4, 0x1C, 0x60, 0xE4, 0x03, 0xAE, 0xA3, 0x71, 0x4F, 0x08, 0xEE, 0xB8, 0x44, 0x5C, 0x4C, 0x57,
    0x65, 0x61, 0x4D, 0xA0, 0x8B, 0xEB, 0x2B, 0xFC, 0xF6, 0x39, 0xFE, 0xA8, 0x2A, 0x7F, 0x20, 0x8D,
    0x65, 0x91, 0x47, 0x80, 0x86, 0xAB, 0x8C, 0x55, 0x4F, 0xDF, 0x48, 0xEC, 0x93, 0x10, 0xCE, 0x0E,
    0x86, 0x38, 0xC3, 0x4B, 0x0C, 0xFF, 0xDB, 0x40, 0x3C, 0x06, 0xB7, 0xF1, 0x33, 0x95, 0xF0, 0xD8,
    0x21, 0x77, 0x54, 0x58, 0x3D, 0x09, 0xBB, 0xA8, 0xAE, 0xAA, 0xBB, 0x7C, 0x1B, 0x3D, 0x57, 0xEB,
    0xF1, 0x8F, 0x32, 0xB7, 0x31, 0x82, 0xE9, 0xAF, 0xF2, 0x8B, 0xDF, 0xC1, 0xAC, 0x8C, 0x37, 0x3C,
    0x8B, 0xAE, 0xBB, 0x1F, 0x74, 0xBB, 0xAF, 0xFE, 0xC1, 0x3F, 0x73, 0x19, 0xBC, 0xCE, 0x42, 0xA1,
    0xF5, 0xC5, 0x40, 0xDD, 0x15, 0x30, 0x47, 0xA0, 0xEF, 0x3D, 0x45, 0x23, 0x38, 0x7A, 0xF3, 0x90,
    0xE5, 0xF1, 0x48, 0x98, 0x4F, 0x37, 0xAB, 0xF5, 0x75, 0x5E, 0xB7, 0x74, 0xE5, 0x98, 0x08, 0x32,
    0x4C, 0x08, 0x97, 0x06, 0x0F, 0x9E, 0x95, 0x5B, 0x26, 0x68, 0xFD, 0xF8, 0xB4, 0x88, 0x62, 0x16,
    0x64, 0x64, 0xF1, 0x14, 0xB3, 0xCB, 0x78, 0x1C, 0x0B, 0x87, 0x16, 0xD7, 0x91, 0x38, 0x4B, 0x5A,
    0x0F, 0xF0, 0xD7, 0x3F, 0x0F, 0x4A, 0xA0, 0xBD, 0xE9, 0xE1, 0xBE, 0xEB, 0x3E, 0x1E, 0x77, 0x1A,
    0x37, 0x3D, 0xD0, 0x50, 0x2B, 0xF4, 0xFA, 0x08, 0x94, 0x0C, 0x8B, 0xF6, 0x90, 0x10, 0x5E, 0xE9,
    0x01, 0xE1, 0xFC, 0x60, 0xC0, 0x93, 0x8F, 0xA6, 0xF7, 0x4D, 0x12, 0x0B, 0xC3, 0x4C, 0x5B, 0x44,
    0xA6, 0x0A, 0xBC, 0x8C, 0xF3, 0x6A, 0x40, 0x9F, 0xA4, 0xAF, 0xC9, 0x62, 0xA6, 0x2E, 0x1D, 0x62,
    0x99, 0x00, 0x63, 0x7C, 0x04, 0x53, 0x32, 0x37, 0x78, 0xD2, 0xDC, 0xE0, 0xEB, 0x7E, 0x76, 0xA0,
    0xFB, 0x20, 0xE5, 0x00, 0x65, 0xE2, 0xDD, 0x6A, 0x4B, 0x15, 0x57, 0x9F, 0x68, 0x53, 0xBF, 0x40,
    0x3F, 0x5B, 0x57, 0x13, 0xD6, 0xB9, 0x0C, 0x0E, 0xE9, 0xE0, 0x5B, 0x1C, 0x55, 0x71, 0x40, 0x92,
    0xF3, 0x04, 0xEC, 0x03, 0x04, 0x4C, 0x57, 0x1E, 0xB5, 0x3C, 0xF8, 0xCA, 0x5B, 0x01, 0xC3, 0xAD,
    0x61, 0x51, 0x3B, 0x40, 0xEE, 0x39, 0xE2, 0x5F, 0xB4, 0xE6, 0x4E, 0x44, 0x40, 0x5D, 0x12, 0xA2,
    0xF0, 0xB6, 0xF4, 0x47, 0x18, 0x98, 0x36, 0x80, 0x27, 0xEB, 0x6B, 0x3B, 0x75, 0xAF, 0x15, 0x03,
    0x31, 0x0F, 0x65, 0x8E, 0xD3, 0x99, 0x90, 0xA5, 0x02, 0x40, 0xEB, 0x99, 0x90, 0xE7, 0x18, 0xE3,
    0x9E, 0x67, 0x58, 0x50, 0x6D, 0x96, 0x99, 0xF1, 0xBB, 0x19, 0x33, 0x6D, 0x61, 0x98, 0x90, 0x14,
    0x0B, 0x78, 0x4C, 0xF2, 0x30, 0xCE, 0xF2, 0xDA, 0x29, 0xF2, 0x23, 0x27, 0x46, 0x91, 0x4D, 0xF7,
    0xC1, 0x56, 0x5F, 0xC6, 0x1D, 0x51, 0x05, 0xB3, 0x49, 0x02, 0xCF, 0x34, 0x11, 0xE9, 0xFE, 0xEA,
    0x0A, 0xFA, 0x13, 0x1C, 0x4A, 0x67, 0x9A, 0xE1, 0x34, 0xA0, 0xCE, 0x6F, 0x31, 0x2F, 0x45, 0xDC,
    0x9F, 0x66, 0x06, 0x6E, 0x30, 0x04, 0x69, 0xB5, 0x2E, 0xB5, 0xB9, 0xE7, 0x4C, 0x01, 0x4F, 0x46,
    0x19, 0x99, 0x87, 0x7B, 0xD5, 0xE2, 0x5F, 0x59, 0xE6, 0x31, 0x47, 0x58, 0x99, 0xB6, 0x8A, 0xAF,
    0x03, 0x8A, 0x15, 0x18, 0xE6, 0xF7, 0xC2, 0x71, 0x42, 0xC6, 0xA7, 0xD0, 0xB7, 0x73, 0xAD, 0xF8,
    0xEB, 0xD4, 0xFD, 0xA9, 0x3C, 0x7F, 0xC4, 0x28, 0x84, 0xF0, 0x44, 0x6C, 0x92, 0x7F, 0xAF, 0xAB,
    0x14, 0x01, 0x0B, 0xC3, 0xF5, 0x05, 0xE1, 0xEB, 0x20, 0x8B, 0x65, 0x44, 0xF8, 0xB5, 0x56, 0xC2,
    0xD6, 0x92, 0x9F, 0x85, 0xA3, 0x4A, 0xDD, 0xA9, 0xD4, 0x87, 0xBF, 0xC3, 0xEB, 0xF0, 0xFA, 0x6B,
    0xDC, 0x44, 0x6F, 0x48, 0xE3, 0x4A, 0xC3, 0x9F, 0xFA, 0x39, 0xD2, 0x4B, 0xA6, 0xD1, 0x97, 0x36,
    0x2D, 0x8F, 0x9D, 0x05, 0x3A, 0x78, 0x90, 0xCE, 0xC9, 0x44, 0x8D, 0x36, 0x9A, 0x34, 0x58, 0xF1,
    0xD4, 0xB4, 0xFC, 0x01, 0x57, 0x4B, 0x9B, 0x84, 0xEA, 0x91, 0xEC, 0x3C, 0x2E, 0xEA, 0x07, 0xCB,
    0x82, 0xAD, 0x64, 0xA1, 0x2E, 0x42, 0x8A, 0x25, 0xAC, 0x3D, 0x5B, 0xDF, 0x1A, 0xC8, 0xBD, 0x41,
    0xC2, 0xCF, 0x40, 0x41, 0x05, 0xA7, 0xEC, 0xFF, 0xFD, 0x64, 0xFD, 0x2E, 0xE0, 0xD1, 0x4A, 0xDC,
    0x72, 0xD5, 0x3F, 0x17, 0xC4, 0x8C, 0x92, 0x59, 0xE6, 0x31, 0xC9, 0x02, 0x9E, 0x8F, 0x1E, 0x23,
    0x09, 0xD6, 0xC3, 0xC4, 0x40, 0xA0, 0x54, 0x77, 0x81, 0x56, 0x82, 0x4A, 0xAA, 0x6A, 0xBD, 0xC5,
    0xAC, 0xBE, 0x6B, 0x40, 0xF5, 0x08, 0x3F, 0x00, 0x5D, 0x70, 0x97, 0x42, 0xD0, 0xD3, 0x12, 0x04,
    0x53, 0xFE, 0x80, 0x57, 0x3E, 0x57, 0x57, 0xFC, 0x5A, 0xBA, 0x69, 0x9D, 0x9E, 0xF4, 0xCF, 0x13,
    0x6A, 0x17, 0x0D, 0x55, 0x2E, 0x7E, 0x63, 0x0A, 0x45, 0x72, 0x13, 0xB4, 0xEA, 0xF3, 0x4B, 0xAB,
    0x2C, 0xA1, 0x4F, 0x0C, 0xC5, 0x1A, 0x91, 0x2F, 0x58, 0x16, 0x4F, 0x30, 0x44, 0xC6, 0xC7, 0xFA,
    0xAA, 0xCF, 0x23, 0xC1, 0xF0, 0xF7, 0x86, 0x73, 0x2A, 0x70, 0x46, 0xC3, 0xA8, 0x39, 0x3A, 0x56,
    0x9C, 0x74, 0x81, 0x69, 0x3F, 0xAF, 0x93, 0xB4, 0x3B, 0x61, 0x8E, 0xBB, 0xC0, 0x9A, 0x9E, 0x8F,
    0xDF, 0x2D, 0xCF, 0x66, 0x7A, 0x64, 0xAF, 0x8E, 0x93, 0x74, 0x4D, 0x08, 0xE1, 0x11, 0x9D, 0x3A,
    0xD5, 0x4F, 0x07, 0x83, 0x98, 0xB2, 0xF2, 0xD0, 0xF3, 0x5F, 0x60, 0x96, 0x4A, 0x6B, 0x84, 0xFA,
    0x53, 0x3A, 0xAE, 0xAC, 0xB5, 0x20, 0x37, 0x85, 0x41, 0x1A, 0xA3, 0xDE, 0xAF, 0x0E, 0x27, 0xB2,
    0xA0, 0xE1, 0xED, 0x33, 0xAC, 0x35, 0x49, 0x1F, 0x96, 0x33, 0x3D, 0x49, 0xD6, 0xD2, 0x24, 0xCF,
    0x98, 0x3D, 0xE8, 0x89, 0xC9, 0x04, 0xDB, 0xF6, 0x88, 0x01, 0x92, 0x04, 0x46, 0x93, 0xEF, 0x97,
    0x93, 0x59, 0x19, 0xE2, 0x06, 0x03, 0x5C, 0x36, 0x65, 0x6B, 0x4F, 0x85, 0x55, 0x2C, 0xCE, 0xE9,
    0xD6, 0x4B, 0x0B, 0x09, 0x59, 0x1D, 0x92, 0xBD, 0xDA, 0x04, 0xE9, 0x24, 0x2F, 0x83, 0xB7, 0xC4,
    0xE1, 0x44, 0x44, 0x54, 0x48, 0x6D, 0x1A, 0xF4, 0x5A, 0x07, 0x83, 0x3F, 0xBC, 0x8A, 0xF5, 0x1D,
    0x8C, 0xCB, 0x89, 0x50, 0x28, 0x94, 0x15, 0x5F, 0xDD, 0x2D, 0xE1, 0x4E, 0x85, 0xC4, 0x51, 0x94,
    0x73, 0x1A, 0xC2, 0x70, 0xDE, 0x41, 0x07, 0x2C, 0x7E, 0xF9, 0x15, 0xC5, 0x6F, 0x57, 0xD3, 0xAD,
    0xFA, 0x82, 0x1A, 0x25, 0xEE, 0x59, 0x66, 0x57, 0x3B, 0x02, 0xAA, 0xFE, 0xAD, 0x18, 0x6A, 0x47,
    0xBC, 0x4A, 0x92, 0x18, 0x44, 0x1F, 0x87, 0x27, 0x7E, 0x8E, 0x31, 0x32, 0x7B, 0x0B, 0x0F, 0x12,
    0x77, 0x48, 0x9D, 0x0A, 0x95, 0x74, 0x89, 0x26, 0xE3, 0x5C, 0x46, 0x61, 0x3B, 0x0F, 0x16, 0x11,
    0xBB, 0x66, 0xBC, 0x5A, 0xF4, 0xAB, 0x57, 0x69, 0xFC, 0xF2, 0xE9, 0x80, 0x8E, 0x02, 0x5E, 0x0A,
    0xBC, 0x3A, 0x4E, 0xD1, 0x33, 0x9E, 0xA0, 0x01, 0xB0, 0x40, 0x41, 0xCD, 0xF3, 0x4C, 0xFE, 0xB6,
    0x18, 0xD5, 0x69, 0xDD, 0x6A, 0xAD, 0x1B, 0x44, 0x1D, 0xAB, 0x3D, 0x8C, 0x3B, 0x09, 0x26, 0x34,
    0xB9, 0x07, 0x07, 0xAB, 0x42, 0xDF, 0x03, 0x05, 0x69, 0x05, 0x21, 0x79, 0xD1, 0xB1, 0xF4, 0xA8,
    0x4C, 0xAC, 0xC4, 0xBB, 0xB0, 0xAA, 0x75, 0x16, 0x48, 0x55, 0x7F, 0x84, 0x99, 0x6B, 0x7C, 0xFD,
    0xFD, 0xFC, 0x04, 0x07, 0xEC, 0x54, 0xE5, 0x8F, 0xA7, 0xB2, 0xF5, 0x11, 0x4C, 0xAF, 0x85, 0x9E,
    0x4C, 0xD0, 0xD0, 0x93, 0xCE, 0x06, 0xA9, 0x15, 0x5C, 0x2A, 0x79, 0x4B, 0x76, 0xB1, 0x64, 0x97,
    0x8F, 0x95, 0xE9, 0xC3, 0xD6, 0x68, 0x1F, 0x0C, 0xEE, 0x83, 0x9E, 0x15, 0x28, 0xC6, 0x4F, 0xC6,
    0xEA, 0x73, 0xBC, 0x36, 0xE3, 0xB8, 0x4E, 0x67, 0x5F, 0x92, 0x91, 0x49, 0x90, 0x75, 0x2E, 0xC3,
    0xBE, 0xA3, 0xEC, 0x22, 0xC9, 0x1A, 0x4B, 0x32, 0x47, 0xA2, 0xCC, 0x72, 0xDA, 0x64, 0x58, 0x65,
    0x1C, 0xB5, 0x99, 0x4A, 0x25, 0xEC, 0xE7, 0x48, 0x98, 0x51, 0x7D, 0x5B, 0xFE, 0x5D, 0xEB, 0xE0,
    0x6B, 0xD5, 0xF8, 0x47, 0xA4, 0xDF, 0xFF, 0xA2, 0xD8, 0x0C, 0xE8, 0x0B, 0x75, 0x26, 0xA3, 0xFF,
    0x9A, 0xB1, 0xE0, 0x74, 0x08, 0x2C, 0x00, 0xF7, 0xA9, 0xA9, 0xA3, 0x03, 0xAD, 0x20, 0x0B, 0x37,
    0x32, 0x98, 0x52, 0x15, 0xAA, 0x29, 0xE3, 0x22, 0xC3, 0xBD, 0xC2, 0x9C, 0x64, 0xA2, 0x9D, 0xBC,
    0xF5, 0xEE, 0xDD, 0x72, 0x11, 0x1D, 0x21, 0x79, 0xA3, 0x4B, 0xAF, 0xB5, 0xDA, 0x34, 0xA2, 0x44,
    0x1B, 0xB5, 0x9F, 0xE2, 0x62, 0x36, 0x78, 0x74, 0x47, 0x68, 0xE9, 0xDC, 0xE0, 0x75, 0xED, 0xC1,
    0x70, 0xB4, 0x07, 0x9F, 0x4B, 0x5F, 0xFB, 0x04, 0x70, 0x33, 0x06, 0x65, 0x16, 0x01, 0xF2, 0x98,
    0x62, 0x79, 0x19, 0xC8, 0x6C, 0xE6, 0xC0, 0x5B, 0x8C, 0x57, 0x59, 0x77, 0xF1, 0xB1, 0x6A, 0x96,
    0x30, 0x69, 0x98, 0x1F, 0x3D, 0x2C, 0xE3, 0x15, 0x1F, 0x30, 0x8E, 0xB4, 0x82, 0xC1, 0xDC, 0x19,
    0xD1, 0xD0, 0x10, 0x30, 0x9B, 0x5D, 0x3B, 0x7B, 0x3E, 0xFE, 0x8C, 0x4A, 0x25, 0x58, 0xAC, 0x55,
    0x5E, 0x1E, 0x24, 0x3A, 0x62, 0x8C, 0xDD, 0xDD, 0x18, 0x92, 0x10, 0xCC, 0xAF, 0x6A, 0xE8, 0x65,
    0x6C, 0x86, 0x44, 0x49, 0x56, 0xF5, 0x1E, 0xAF, 0xB7, 0x72, 0xAA, 0x26, 0xD4, 0xF8, 0x45, 0x11,
    0xA8, 0x38, 0xCD, 0x6D, 0x89, 0x11, 0xAD, 0xC4, 0x6A, 0x6F, 0x89, 0x47, 0x6C, 0x06, 0xC2, 0xEA,
    0x0A, 0xDD, 0xB4, 0x6C, 0xEC, 0xD0, 0x30, 0x8D, 0x59, 0x5E, 0xB1, 0x83, 0x13, 0xF9, 0x2D, 0xC0,
    0x19, 0x1A, 0x2B, 0xCB, 0x5B, 0xD6, 0x07, 0x2C, 0xFE, 0xCB, 0x29, 0xA9, 0xCA, 0x12, 0xA3, 0xAD,
    0xB5, 0x8E, 0x43, 0x3D, 0xE8, 0x54, 0x06, 0x5F, 0xB4, 0x34, 0x90, 0x19, 0x87, 0x80, 0x47, 0xE0,
    0x3A, 0xC0, 0x87, 0x4F, 0xD3, 0x53, 0x7E, 0x0A, 0xCA, 0xF0, 0x31, 0x3E, 0x64, 0x0B, 0x60, 0x93,
    0x34, 0x83, 0x83, 0xCB, 0x84, 0xBC, 0xBD, 0x65, 0x5A, 0x31, 0x1D, 0x67, 0xAF, 0x75, 0x65, 0x20,
    0x2E, 0xE9, 0x8C, 0xB1, 0x96, 0xA7, 0xDF, 0xC0, 0x17, 0xB6, 0x68, 0x41, 0x18, 0xAF, 0x7E, 0xFC,
    0x4A, 0x97, 0x56, 0xE6, 0x43, 0xFE, 0x2C, 0x58, 0x98, 0x67, 0xBB, 0x5A, 0x64, 0xBA, 0xA6, 0x67,
    0xB4, 0x2D, 0xBA, 0xC2, 0x5A, 0xB6, 0x61, 0xF2, 0x9B, 0x29, 0x10, 0x9C, 0x29, 0x3A, 0xB0, 0xB7,
    0xD9, 0x1B, 0x80, 0x66, 0xBB, 0xFC, 0x43, 0xBF, 0xA2, 0x87, 0xF4, 0xE1, 0x8E, 0x79, 0xC9, 0xB7,
    0x83, 0xB9, 0xE2, 0x83, 0x7E, 0xB1, 0x5D, 0xEC, 0xE9, 0xE1, 0x99, 0x65, 0xD2, 0x96, 0xE2, 0xF6,
    0x31, 0xE8, 0x9E, 0x5E, 0xCA, 0xA6, 0xAC, 0x8C, 0xAA, 0x6B, 0x25, 0x3C, 0xFD, 0xF0, 0x2A, 0x09,
    0x06, 0xAF, 0xD0, 0xE2, 0xAE, 0xC6, 0x8F, 0x04, 0x67, 0x49, 0x2C, 0x98, 0xC7, 0xA8, 0xDA, 0x6D,
    0x5C, 0x66, 0xB3, 0x5A, 0x56, 0x65, 0xBD, 0xF8, 0x2C, 0xCF, 0x46, 0x1F, 0xD0, 0xE8, 0x31, 0xB6,
    0xFC, 0x8D, 0xBA, 0xEB, 0x21, 0xCF, 0xCE, 0xD3, 0x27, 0x7B, 0xF3, 0x79, 0x23, 0x28, 0xFB, 0xCB,
    0x79, 0xEA, 0x79, 0x74, 0x3F, 0xC1, 0xE2, 0xA6, 0x2A, 0x18, 0xC1, 0x99, 0x12, 0x98, 0x4C, 0x07,
    0x4C, 0x6F, 0xDA, 0x4B, 0x8D, 0x34, 0x22, 0x60, 0x16, 0x19, 0x2F, 0xFA, 0x36, 0x75, 0xD2, 0x88,
    0x0A, 0x24, 0x26, 0xD8, 0xF4, 0xE5, 0x73, 0x84, 0x95, 0x33, 0xF4, 0x6F, 0x0E, 0x52, 0x2D, 0x5B,
    0x3F, 0x2C, 0xB7, 0x49, 0xF3, 0x61, 0x79, 0x0D, 0xC2, 0x30, 0xD3, 0x8B, 0x68, 0x0A, 0x4C, 0xAF,
    0x49, 0x43, 0x48, 0xC7, 0x0D, 0x58, 0x71, 0x96, 0x89, 0x02, 0x95, 0xD5, 0x3C, 0x4D, 0xF2, 0x19,
    0x55, 0xEC, 0x43, 0x4D, 0x24, 0x1C, 0x66, 0xF1, 0xD1, 0x64, 0x21, 0xC1, 0x18, 0xB0, 0x0A, 0x62,
    0x64, 0x13, 0x6C, 0xF1, 0x31, 0xBD, 0x04, 0xE6, 0x18, 0x16, 0xA0, 0x01, 0xBA, 0x79, 0xD6, 0x57,
    0xA1, 0xB5, 0xF6, 0xDD, 0x92, 0x4A, 0xA4, 0x69, 0xD3, 0x1B, 0x81, 0x95, 0x14, 0xD2, 0x60, 0x54,
    0x82, 0xF1, 0xDF, 0xF7, 0x48, 0x57, 0xAC, 0xD2, 0xDC, 0x55, 0xBD, 0x36, 0x89, 0xAD, 0xD5, 0x07,
    0x02, 0x23, 0x76, 0xAB, 0xBA, 0x6F, 0xBE, 0x1A, 0xCC, 0x6A, 0x91, 0xFD, 0x34, 0x7D, 0x0F, 0x56,
    0x5F, 0x41, 0x15, 0x3B, 0xFB, 0xE8, 0x5D, 0x3E, 0x0D, 0xC6, 0x78, 0x25, 0xA0, 0xD9, 0xB6, 0x8F,
    0x9E, 0x26, 0x54, 0xB4, 0x0F, 0xDC, 0x43, 0x6F, 0xB1, 0xC7, 0xF0, 0x2E, 0x5B, 0x63, 0xC9, 0x20,
    0x56, 0x15, 0x82, 0x3B, 0xC0, 0x47, 0x9B, 0x11, 0x72, 0x00, 0x1B, 0x7B, 0xE0, 0xCB, 0xFC, 0x69,
    0x7F, 0xEA, 0x95, 0xE9, 0x8D, 0x7F, 0xAE, 0xFA, 0xB4, 0x6E, 0x5B, 0x84, 0x36, 0x5D, 0xC2, 0x4C,
    0xCF, 0x5A, 0x51, 0x67, 0x68, 0x5A, 0x2C, 0x7F, 0xD9, 0x08, 0xCB, 0xBA, 0x4B, 0x3A, 0x79, 0x0F,
    0x28, 0x9F, 0xA1, 0x7D, 0x4A, 0x2C, 0x0D, 0xA4, 0x64, 0x40, 0x8B, 0xB6, 0x8F, 0x1F, 0x47, 0x7F,
    0x4A, 0xA7, 0xB1, 0xBC, 0xAC, 0xC0, 0xE1, 0xE7, 0xFF, 0x53, 0xF5, 0x67, 0x0A, 0x78, 0xFA, 0x44,
    0x9B, 0x16, 0x77, 0x35, 0x6E, 0xC3, 0x58, 0xF6, 0x35, 0x0F, 0x6B, 0xAB, 0xC0, 0xDC, 0xC5, 0x61,
    0x0E, 0x17, 0x81, 0x2F, 0x13, 0x0A, 0xD0, 0x5C, 0xD3, 0x29, 0xBD, 0x8B, 0xE9, 0xD0, 0xDF, 0x06,
    0xB6, 0xEA, 0xDF, 0x85, 0x70, 0xA2, 0x5F, 0x86, 0xA0, 0x62, 0xBC, 0x82, 0xDF, 0x0D, 0x6F, 0x38,
    0xE3, 0x36, 0xAB, 0x72, 0x45, 0x66, 0x4B, 0x67, 0x60, 0xF2, 0x98, 0xC0, 0xBC, 0xB0, 0x66, 0xAB,
    0x8E, 0xA4, 0x9A, 0xB3, 0xC6, 0xD4, 0xE1, 0x1E, 0x1E, 0x0D, 0x22, 0xF3, 0x4F, 0x84, 0x34, 0x3B,
    0xAD, 0x38, 0xB4, 0x3E, 0xA3, 0xB6, 0xD6, 0x99, 0x5A, 0x39, 0xCC, 0xF3, 0x9A, 0x4C, 0xBF, 0x22,
    0xF0, 0x60, 0xFA, 0xC5, 0x00, 0x56, 0xC2, 0x56, 0x49, 0x7D, 0x30, 0x2E, 0xB2, 0x4D, 0xE4, 0x6B,
    0x2E, 0xAC, 0x21, 0x8F, 0xC0, 0x1C, 0x6B, 0x3E, 0xE4, 0xE5, 0x79, 0xCD, 0xCD, 0x70, 0x1F, 0x66,
    0x59, 0xAC, 0x2F, 0x32, 0xFD, 0x26, 0x6A, 0xDA, 0x85, 0x9D, 0x08, 0xE6, 0x16, 0x8D, 0x45, 0x45,
    0x55, 0xEE, 0xA9, 0xBD, 0xF3, 0x52, 0x02, 0x43, 0xD6, 0x8E, 0x1F, 0x47, 0x7F, 0x8E, 0x1F, 0x47,
    0x7F, 0xBE, 0x78, 0x1A, 0xFD, 0x79, 0x3E, 0xF8, 0xA7, 0xED, 0xCF, 0x3D, 0x6A, 0xC0, 0x0E, 0x54,
    0x59, 0x78, 0x6E, 0x37, 0x63, 0x2D, 0xB8, 0x98, 0xE1, 0xCE, 0xFC, 0x73, 0x7F, 0x86, 0xFD, 0x96,
    0xC1, 0x7D, 0x68, 0x25, 0xCF, 0xA4, 0xA2, 0xE4, 0xA7, 0x54, 0x44, 0xBD, 0x3C, 0xA3, 0x36, 0x8C,
    0x80, 0x24, 0x2E, 0x47, 0x8B, 0xE8, 0x5B, 0xE7, 0x54, 0xB4, 0xE2, 0x12, 0xDC, 0xD8, 0xD0, 0xE0,
    0x72, 0x98, 0x32, 0x40, 0x3C, 0x88, 0x2C, 0x06, 0x43, 0x53, 0x7F, 0x62, 0x98, 0x08, 0xF1, 0x70,
    0xAD, 0x77, 0x27, 0xC8, 0x6C, 0xD5, 0x82, 0x5D, 0x60, 0xDE, 0xF8, 0x6D, 0xB0, 0x20, 0x56, 0x20,
    0xF8, 0xE7, 0x60, 0x56, 0xD7, 0x17, 0x8B, 0x9C, 0x5F, 0x64, 0x79, 0x9E, 0xD0, 0xEB, 0x4E, 0xD5,
    0x31, 0x40, 0x3A, 0x1C, 0x42, 0xA9, 0x2E, 0x0D, 0x42, 0x64, 0xC2, 0xF0, 0xBA, 0x51, 0xF6, 0xE0,
    0x1C, 0x99, 0xD3, 0xE8, 0x35, 0xA5, 0x29, 0x9D, 0x2D, 0x39, 0x5A, 0x1C, 0xEE, 0x36, 0x97, 0x94,
    0x03, 0xD8, 0xA3, 0xF4, 0xAE, 0x09, 0xE9, 0x68, 0x65, 0xD2, 0xC4, 0x21, 0x86, 0x9B, 0xE6, 0x67,
    0x08, 0x3E, 0xA9, 0x75, 0x46, 0xAC, 0x9D, 0xB0, 0x1D, 0xB1, 0x38, 0xC4, 0x02, 0x7D, 0x48, 0x58,
    0x38, 0xA6, 0xDA, 0x83, 0xB7, 0x6F, 0xD2, 0x44, 0x44, 0xC6, 0x6D, 0xBD, 0x7D, 0x23, 0x63, 0x7A,
    0x7F, 0x1B, 0x98, 0x5A, 0x66, 0x21, 0xF0, 0x0C, 0x4B, 0xA3, 0x1D, 0xC6, 0xEA, 0x08, 0x2F, 0x23,
    0x0C, 0x27, 0xCA, 0x5D, 0x76, 0xF1, 0xE7, 0x59, 0x3E, 0x75, 0x34, 0x15, 0x03, 0x55, 0x51, 0x58,
    0xAE, 0x08, 0x8C, 0x9D, 0x8C, 0x69, 0x24, 0x8B, 0x75, 0x7C, 0xF2, 0x61, 0x5C, 0xA9, 0x5F, 0xF2,
    0x61, 0x9A, 0x0C, 0x43, 0x22, 0xA8, 0xAA, 0x41, 0xAB, 0xFA, 0x51, 0xEF, 0x18, 0xC6, 0x3A, 0xE4,
    0xC7, 0xB6, 0x59, 0x3B, 0x3A, 0xC3, 0x82, 0x60, 0x99, 0x47, 0x99, 0x5E, 0x7D, 0x96, 0xBB, 0xB1,
    0xCC, 0x66, 0xC8, 0xA9, 0x81, 0x18, 0x54, 0x14, 0x86, 0x1F, 0x65, 0xA4, 0xB3, 0x8C, 0xDF, 0x8B,
    0x95, 0x7F, 0xF5, 0x06, 0x5D, 0x33, 0xA5, 0x7B, 0x01, 0x89, 0x3A, 0x80, 0x66, 0xAC, 0xBD, 0xE2,
    0xE3, 0x8D, 0x24, 0x06, 0xD1, 0x1B, 0xC7, 0xFE, 0x11, 0xDE, 0x38, 0xF4, 0x13, 0x8C, 0x2B, 0x18,
    0xBB, 0x63, 0xE2, 0x02, 0xD3, 0xEB, 0x5F, 0x67, 0x93, 0x2E, 0xEB, 0x07, 0x16, 0x0B, 0x06, 0x04,
    0x21, 0x62, 0x68, 0x2E, 0xA4, 0x02, 0xD8, 0x31, 0x5B, 0xF1, 0x36, 0xBC, 0x5D, 0x16, 0xCF, 0xA8,
    0xC5, 0x4E, 0x0C, 0x40, 0x1F, 0x70, 0xCE, 0x2F, 0x12, 0xAF, 0x99, 0xF7, 0xB7, 0xD6, 0xDB, 0xC4,
    0x05, 0x42, 0xB3, 0xAF, 0xAA, 0x5A, 0x60, 0x3E, 0xEA, 0x57, 0x55, 0x64, 0x3F, 0x48, 0x14, 0xBE,
    0x15, 0x2B, 0x57, 0xB8, 0xC0, 0xD8, 0xF0, 0x83, 0x79, 0x16, 0xEE, 0x0E, 0xB1, 0x1A, 0x40, 0xFF,
    0xEB, 0xF5, 0xFE, 0x71, 0xB6, 0x96, 0xE2, 0xF9, 0x79, 0x7E, 0x7E, 0x9E, 0x25, 0x91, 0x3C, 0xD3,
    0x58, 0x40, 0x6D, 0x87, 0x1E, 0xD4, 0xD0, 0x70, 0x4D, 0x83, 0x8F, 0x08, 0x8C, 0x18, 0x7E, 0xE0,
    0xE2, 0x13, 0x3E, 0x74, 0xCB, 0x44, 0xC8, 0x3E, 0xA6, 0x2B, 0x03, 0xC8, 0x24, 0x76, 0x57, 0x5D,
    0x34, 0xBC, 0x5C, 0xD9, 0x5D, 0x36, 0xFC, 0x59, 0xD3, 0x5B, 0xD6, 0xE2, 0x2E, 0x71, 0x16, 0xD6,
    0x5A, 0xA6, 0x06, 0x1D, 0x31, 0x19, 0x13, 0x0E, 0xB0, 0xBC, 0x73, 0xF7, 0xDD, 0x90, 0xEC, 0x8E,
    0x56, 0xD0, 0x9F, 0x38, 0x44, 0x7F, 0xDA, 0xFF, 0xC4, 0xFD, 0x89, 0x86, 0x12, 0xD7, 0x5D, 0xDE,
    0xCA, 0x0E, 0xD4, 0xCB, 0x78, 0xE7, 0xC5, 0x51, 0x51, 0x4C, 0x73, 0x93, 0x13, 0x34, 0x27, 0xD9,
    0x13, 0xA9, 0x1D, 0x55, 0x07, 0xD1, 0x28, 0xBE, 0x4F, 0xB2, 0xE0, 0x9C, 0x6A, 0x75, 0xA8, 0xBB,
    0x4B, 0x2D, 0xB7, 0xA6, 0x9A, 0x24, 0x1C, 0x69, 0x91, 0x4E, 0x73, 0x45, 0xAF, 0xD3, 0xEA, 0x19,
    0xD4, 0x63, 0xB9, 0x70, 0x45, 0x34, 0x02, 0x3D, 0xA3, 0xC4, 0x88, 0x98, 0x64, 0xB3, 0xD8, 0x52,
    0x60, 0x9C, 0x99, 0x03, 0x2C, 0xC7, 0x7F, 0x67, 0x2B, 0xAD, 0xFF, 0x71, 0xFC, 0x35, 0xA2, 0xCE,
    0x91, 0xD5, 0x57, 0x45, 0xBA, 0x69, 0xC5, 0x83, 0xD6, 0x5A, 0x6D, 0x3B, 0x90, 0x16, 0xDA, 0x15,
    0xBA, 0x6C, 0xE3, 0x1E, 0x67, 0x16, 0x68, 0x57, 0xEE, 0x42, 0x66, 0xA7, 0xF5, 0x26, 0x0B, 0x6F,
    0x2B, 0xB3, 0xEE, 0xBC, 0x01, 0x91, 0x12, 0x32, 0x51, 0x12, 0x38, 0x41, 0x4C, 0xA8, 0xD5, 0x8A,
    0x0D, 0x48, 0xC3, 0xEF, 0x81, 0x20, 0x97, 0x98, 0xEA, 0x95, 0x98, 0x3E, 0x43, 0x38, 0xF1, 0x40,
    0x75, 0x35, 0x55, 0x64, 0x7A, 0xEB, 0xB0, 0x41, 0xE1, 0x38, 0xFB, 0x40, 0x96, 0x04, 0x16, 0xD8,
    0x91, 0xE6, 0x60, 0xBE, 0xAA, 0x1D, 0x40, 0xD2, 0x25, 0x30, 0x77, 0x4B, 0x4C, 0x41, 0xD8, 0xA5,
    0x4B, 0x2B, 0xE8, 0x48, 0xC4, 0xA6, 0x93, 0x00, 0x4A, 0xA6, 0x28, 0x08, 0x4B, 0xA9, 0x28, 0x4F,
    0x1F, 0xD1, 0xE0, 0x51, 0x88, 0x00, 0x4F, 0x91, 0x94, 0xAA, 0xBD, 0xCF, 0xEC, 0x20, 0x7E, 0xF0,
    0x2F, 0xDB, 0xD4, 0x7B, 0xC3, 0x5F, 0x26, 0x39, 0xCB, 0xF4, 0x66, 0x95, 0xBD, 0x6C, 0x41, 0xC8,
    0x9E, 0xB1, 0xE1, 0x0D, 0x2E, 0xCC, 0x12, 0x5C, 0xB2, 0xE9, 0x9C, 0xD7, 0x20, 0x31, 0x8C, 0xE4,
    0x35, 0x5A, 0x95, 0x96, 0x0B, 0x68, 0xAB, 0x06, 0x71, 0xFF, 0xA2, 0xAA, 0x95, 0x2B, 0xF4, 0xEA,
    0x6A, 0x17, 0x43, 0x40, 0xF4, 0xFE, 0x54, 0xC0, 0xAA, 0x51, 0x6A, 0x4F, 0x93, 0x9F, 0xA1, 0xE1,
    0x07, 0x0C, 0xF7, 0x18, 0xC9, 0x62, 0xD2, 0xCF, 0xBB, 0xB8, 0xB3, 0xD6, 0xA8, 0x9B, 0x95, 0xA6,
    0x62, 0xF5, 0x2F, 0x72, 0xEA, 0x81, 0x88, 0xD6, 0x69, 0xB0, 0x31, 0xD1, 0xDA, 0xF1, 0x1C, 0xE0,
    0xDF, 0x0C, 0x56, 0x71, 0x61, 0x00, 0x66, 0xC1, 0xE6, 0x78, 0xF6, 0xBA, 0xF4, 0xDA, 0x23, 0x6D,
    0x36, 0x5C, 0x90, 0x5A, 0x32, 0xB0, 0xA5, 0x1D, 0x4F, 0x88, 0xBB, 0x0E, 0xCE, 0xA4, 0x45, 0x5A,
    0xDD, 0x55, 0xED, 0x32, 0x61, 0xCA, 0x4A, 0xFF, 0x81, 0xB6, 0x5A, 0x21, 0x36, 0x4B, 0xAB, 0x5A,
    0x39, 0xD5, 0x17, 0x08, 0xCC, 0x58, 0x0F, 0xD0, 0x30, 0x1A, 0x97, 0x09, 0x61, 0x8C, 0x37, 0xE0,
    0x70, 0x1E, 0x9A, 0xB9, 0x9B, 0x03, 0xF5, 0xC1, 0x19, 0x32, 0x8B, 0xC4, 0x3D, 0x30, 0x30, 0xFD,
    0x40, 0x85, 0xD2, 0x7C, 0x10, 0x50, 0x22, 0xFE, 0x21, 0xDF, 0x7A, 0x0A, 0xB3, 0x64, 0x41, 0x22,
    0x9E, 0x8B, 0x3D, 0x10, 0x36, 0xD8, 0x0C, 0x74, 0x08, 0xB0, 0x61, 0xF5, 0x7D, 0xBC, 0x61, 0x1E,
    0x5C, 0x3D, 0x98, 0xD2, 0x83, 0x85, 0x23, 0x44, 0x8E, 0xE9, 0x5B, 0xE9, 0x54, 0x74, 0xE4, 0xEA,
    0x40, 0xE5, 0x5A, 0xCE, 0x60, 0xD1, 0x6C, 0xD6, 0x74, 0x28, 0xE4, 0xDC, 0xDB, 0x65, 0x4E, 0x75,
    0x30, 0x40, 0x25, 0xA0, 0xD4, 0xBC, 0xAB, 0x4A, 0x26, 0x31, 0x1A, 0xA7, 0xFC, 0x0D, 0xE2, 0x46,
    0x1B, 0x79, 0xD3, 0xFF, 0x74, 0x90, 0xD7, 0xFD, 0xAA, 0x9B, 0xD7, 0x83, 0xAA, 0x22, 0x30, 0x77,
    0x90, 0xFE, 0x74, 0x9C, 0x92, 0x49, 0x2A, 0xC7, 0x66, 0x11, 0x17, 0xF7, 0x48, 0x47, 0x85, 0xB5,
    0x43, 0xAC, 0xB9, 0x7E, 0x6A, 0x21, 0xD7, 0x76, 0xF9, 0x28, 0x20, 0x34, 0x02, 0x54, 0x94, 0x7D,
    0x5E, 0x55, 0x60, 0x6A, 0x5A, 0xB2, 0xDF, 0x7A, 0x38, 0x5A, 0x9A, 0x33, 0xDD, 0x66, 0xA3, 0x6D,
    0x7A, 0xCE, 0x9F, 0xF8, 0xA6, 0x37, 0xF3, 0xE7, 0xA4, 0xE3, 0x14, 0x5A, 0x34, 0xD1, 0x85, 0x8B,
    0x24, 0x74, 0xE7, 0x37, 0xEF, 0x36, 0xDD, 0x99, 0x8D, 0x19, 0xC2, 0xA5, 0x9A, 0x6D, 0xAB, 0x76,
    0xCD, 0xBC, 0x66, 0x46, 0xB8, 0x97, 0x78, 0x0E, 0x30, 0x99, 0xBF, 0x96, 0xDF, 0xCB, 0x72, 0x91,
    0x39, 0xB0, 0x1E, 0x40, 0x6C, 0x63, 0xFF, 0x73, 0xFA, 0x6F, 0xFB, 0x22, 0x9B, 0x39, 0x46, 0x8E,
    0x05, 0x6C, 0x28, 0x80, 0x5F, 0xB2, 0xB8, 0x46, 0x74, 0x56, 0xBB, 0x16, 0x56, 0xB4, 0x2B, 0x5D,
    0x47, 0x0F, 0xE6, 0x8B, 0xD7, 0xFC, 0x3B, 0x26, 0xFA, 0xA3, 0xBE, 0x98, 0x5D, 0xE0, 0xDB, 0x6B,
    0x70, 0x49, 0x83, 0x76, 0xDC, 0xF4, 0x92, 0x1A, 0xE8, 0x4A, 0x27, 0x51, 0x6D, 0xE6, 0x55, 0xAB,
    0x4D, 0xDD, 0xFD, 0x4A, 0x4C, 0xD3, 0x5B, 0x2B, 0x07, 0x4D, 0x12, 0x73, 0x22, 0xF0, 0xE9, 0xA8,
    0x0C, 0x42, 0xA3, 0x6F, 0xA1, 0xEB, 0x6C, 0xE6, 0xE1, 0xB5, 0x77, 0x84, 0xA9, 0xCF, 0xE1, 0x50,
    0x10, 0xA5, 0x30, 0x00, 0x33, 0x43, 0x45, 0x55, 0xA3, 0x31, 0x77, 0xCA, 0xF4, 0x4D, 0x73, 0x37,
    0x88, 0xEB, 0x91, 0x7A, 0x6F, 0xFA, 0xAC, 0x91, 0x2D, 0x67, 0x17, 0x0C, 0x5B, 0x5C, 0x88, 0xEF,
    0x23, 0xA2, 0x41, 0x03, 0xF5, 0x56, 0x71, 0xD6, 0xCC, 0x33, 0xC7, 0x0F, 0xBA, 0xA0, 0x1C, 0x62,
    0x58, 0x95, 0x33, 0x96, 0xFF, 0x95, 0x50, 0x0F, 0xFF, 0x37, 0x5A, 0xE5, 0xC4, 0x7D, 0xDB, 0x44,
    0x98, 0x9A, 0x24, 0xA9, 0xD5, 0xF0, 0x0F, 0x54, 0xA2, 0x29, 0xFF, 0x36, 0xE8, 0x5F, 0x7B, 0x8A,
    0xF1, 0x1B, 0xC2, 0x37, 0x5E, 0x40, 0xCF, 0x27, 0x1D, 0x5D, 0xA3, 0xEF, 0xD3, 0xF1, 0xF0, 0xC1,
    0xBA, 0xAD, 0xAF, 0xC7, 0x90, 0xA7, 0xE9, 0xE3, 0x5D, 0xB6, 0x01, 0xB0, 0x01, 0x85, 0x71, 0x6F,
    0x3E, 0xB5, 0x04, 0x1B, 0xEF, 0x2D, 0x24, 0xE3, 0xB3, 0xB2, 0x7A, 0x24, 0x04, 0x19, 0x6C, 0x63,
    0x26, 0x97, 0xC1, 0xB0, 0xE7, 0x4A, 0x44, 0xB5, 0x66, 0x94, 0x15, 0xBB, 0xA4, 0x02, 0x12, 0xBA,
    0xA9, 0x92, 0x16, 0x41, 0x36, 0xBA, 0xDE, 0xA6, 0xEF, 0x6D, 0x41, 0x1A, 0xC0, 0x0C, 0x9D, 0x5C,
    0x4D, 0xF5, 0xC8, 0x7D, 0x74, 0x59, 0xF7, 0x08, 0xF4, 0x86, 0xA7, 0x69, 0x30, 0xAB, 0xD7, 0xEC,
    0x00, 0xBE, 0xE8, 0x39, 0xD6, 0xA7, 0x98, 0x8B, 0x91, 0x38, 0x50, 0x61, 0xD1, 0xA0, 0xC6, 0x54,
    0xB8, 0x46, 0x34, 0x9C, 0x05, 0xE7, 0xBF, 0x07, 0xB4, 0xFE, 0x00, 0x9F, 0x58, 0x64, 0xFE, 0x35,
    0xC7, 0xB0, 0x06, 0x78, 0xC7, 0x3D, 0x34, 0x0D, 0xED, 0x33, 0x98, 0x0C, 0xE2, 0x24, 0x04, 0xAB,
    0x41, 0xB2, 0x8A, 0xE5, 0xE7, 0xDF, 0xD4, 0xD7, 0x93, 0x4F, 0x5E, 0xE4, 0x4F, 0x16, 0xDC, 0xF4,
    0xD3, 0x55, 0x08, 0x74, 0x35, 0x7E, 0xF0, 0x7B, 0x89, 0x91, 0x70, 0x65, 0xD5, 0x0A, 0x61, 0xC3,
    0x69, 0x83, 0xE5, 0x2E, 0x63, 0x96, 0x1C, 0x4C, 0xC8, 0xDC, 0x58, 0xD6, 0xD2, 0x29, 0xC3, 0x04,
    0xF9, 0x7B, 0x85, 0x44, 0x1F, 0x7C, 0xB2, 0xD5, 0x1F, 0x89, 0x0F, 0xE2, 0xD7, 0xE7, 0x07, 0x00,
    0xC8, 0x51, 0xED, 0x9B, 0x3D, 0x35, 0xBD, 0xDC, 0x5A, 0x27, 0x0E, 0x14, 0xD2, 0xA8, 0x57, 0xF1,
    0x45, 0xF4, 0xA2, 0x0A, 0x06, 0xB8, 0x62, 0x60, 0x36, 0x6D, 0xFA, 0xF4, 0xE6, 0x4C, 0x85, 0x3A,
    0x58, 0xA9, 0x10, 0x3F, 0x22, 0x5D, 0x73, 0x85, 0x18, 0x95, 0x05, 0x33, 0x27, 0x5C, 0xDE, 0x07,
    0x33, 0xB2, 0xDF, 0x3E, 0x26, 0x02, 0x88, 0x4B, 0xA7, 0x3C, 0xB6, 0x7E, 0xBB, 0xA7, 0xAE, 0xAA,
    0xE9, 0x13, 0x16, 0x3A, 0x96, 0x5B, 0x71, 0x89, 0xA7, 0xD9, 0xB0, 0x53, 0xC1, 0x67, 0xAB, 0x89,
    0xAC, 0x19, 0x71, 0x18, 0x51, 0x04, 0x2B, 0x0E, 0x09, 0xD5, 0x7F, 0x03, 0x68, 0xE7, 0x81, 0x3C,
    0xF3, 0xD0, 0x3D, 0xFC, 0xE5, 0x3C, 0x44, 0xD0, 0xFB, 0xF3, 0x3C, 0xFA, 0x05, 0x36, 0x25, 0x12,
    0x74, 0x01, 0xA7, 0x06, 0x71, 0x1C, 0xA9, 0x63, 0x01, 0xAB, 0x7A, 0x67, 0x3D, 0x43, 0xC9, 0x72,
    0x19, 0x03, 0xEE, 0x0A, 0x2C, 0x79, 0x66, 0x9F, 0x6D, 0xFF, 0x6D, 0xE0, 0x5A, 0xA7, 0x41, 0x23,
    0x68, 0x04, 0x08, 0x90, 0xB0, 0x1F, 0x80, 0x71, 0xA0, 0xC0, 0x0E, 0x6A, 0x87, 0xE1, 0x12, 0xAC,
    0x19, 0xAA, 0x61, 0x5B, 0x6D, 0x82, 0x33, 0xF3, 0x5B, 0x45, 0xC2, 0xF6, 0x25, 0xEB, 0x8C, 0x5A,
    0x89, 0x96, 0x8C, 0xAE, 0x2A, 0xFB, 0x73, 0x66, 0x9B, 0xAD, 0x12, 0xA0, 0x2B, 0xDA, 0x4B, 0x83,
    0x4E, 0x54, 0xB9, 0x13, 0xD3, 0x8B, 0xFD, 0xA1, 0xA8, 0xC4, 0x81, 0x3A, 0x3A, 0x1F, 0x27, 0x3D,
    0xA0, 0xCD, 0x8E, 0x7B, 0x87, 0x08, 0x52, 0x8B, 0x04, 0x44, 0xC3, 0xF8, 0xFD, 0x80, 0x05, 0xC4,
    0x10, 0x51, 0x15, 0x0F, 0xBE, 0xD1, 0x4E, 0xC3, 0xB3, 0x34, 0xF6, 0x8E, 0x88, 0x41, 0x74, 0x56,
    0x4D, 0xAC, 0xC2, 0xB4, 0x56, 0x25, 0xFA, 0xF4, 0x51, 0xA7, 0x5D, 0x76, 0x2D, 0x6F, 0x3E, 0x30,
    0xFD, 0x59, 0x1A, 0x17, 0x9D, 0x84, 0x2E, 0xA2, 0xA6, 0x11, 0xBF, 0x7C, 0x60, 0xD7, 0x1F, 0x31,
    0xAC, 0x7E, 0xCE, 0x65, 0x9B, 0xB6, 0x4B, 0x62, 0xEB, 0xF6, 0xEF, 0xED, 0x1A, 0x92, 0x1A, 0xDF,
    0xF7, 0x93, 0x1E, 0x89, 0xD3, 0x7A, 0xBF, 0x65, 0xDD, 0xA0, 0x1E, 0xC3, 0xB3, 0x59, 0x74, 0x2D,
    0xE6, 0xF8, 0x84, 0x51, 0x44, 0x89, 0x3F, 0x66, 0x42, 0x71, 0x99, 0x83, 0x87, 0xF8, 0xA1, 0x33,
    0x0C, 0x1D, 0xCD, 0x1D, 0xEA, 0x37, 0xAE, 0x7A, 0x92, 0x2D, 0xBE, 0x74, 0x9B, 0xB6, 0xBE, 0x03,
    0xFC, 0xBB, 0x33, 0xE3, 0x0B, 0xCD, 0x9A, 0xFF, 0x36, 0x86, 0xD2, 0x75, 0xD6, 0xF0, 0x2C, 0x17,
    0x16, 0xA7, 0x5D, 0x1E, 0x43, 0x9C, 0xA8, 0x3E, 0x18, 0xB2, 0x2E, 0x18, 0xB1, 0x99, 0x32, 0x52,
    0xA7, 0x89, 0x9C, 0x44, 0xAA, 0xC9, 0x42, 0x06, 0x14, 0xB2, 0x88, 0xBD, 0x0C, 0x11, 0xAB, 0x68,
    0x9D, 0x22, 0xAC, 0xCB, 0x2B, 0x7D, 0xF0, 0xA8, 0x62, 0x7B, 0xD4, 0x88, 0xC6, 0xE1, 0x18, 0xA0,
    0x6D, 0x77, 0x20, 0x38, 0xEB, 0x3A, 0x7F, 0xBE, 0xF1, 0x3C, 0x9F, 0x7A, 0xD3, 0x4B, 0x0C, 0x74,
    0x87, 0x63, 0x6F, 0x41, 0xDD, 0x07, 0x83, 0xB5, 0x5A, 0xB9, 0x0A, 0xB5, 0xF4, 0x78, 0xAA, 0x83,
    0x65, 0xE3, 0x33, 0x12, 0x98, 0x61, 0x97, 0xF2, 0xF5, 0xDD, 0xA1, 0xDA, 0x80, 0x11, 0x53, 0xA7,
    0xC4, 0x14, 0xBA, 0x3A, 0xD4, 0x41, 0x7F, 0x3E, 0x43, 0x9B, 0xEF, 0xC6, 0x48, 0xD0, 0x88, 0xCC,
    0x9F, 0xB7, 0xD9, 0x86, 0xE9, 0xC5, 0x6D, 0xFB, 0x21, 0x5F, 0x35, 0xCC, 0x07, 0xE8, 0xFB, 0x4C,
    0x37, 0x52, 0x21, 0x31, 0x3C, 0x3D, 0x30, 0xDD, 0xD3, 0x86, 0x4F, 0x38, 0x68, 0x7A, 0x96, 0x44,
    0x68, 0x71, 0xB0, 0x0F, 0xBD, 0x91, 0x1E, 0xB3, 0x5C, 0xA4, 0x57, 0x1E, 0x9B, 0x4C, 0x3D, 0x08,
    0xF9, 0x24, 0xC8, 0xA7, 0x81, 0xCF, 0x6F, 0xB0, 0xBF, 0x77, 0xC1, 0x31, 0x49, 0x20, 0xAF, 0x98,
    0x12, 0xC3, 0xD0, 0xC0, 0xF7, 0x24, 0x60, 0x09, 0xE0, 0x37, 0x69, 0xF8, 0xD4, 0x2F, 0x03, 0x6F,
    0xAA, 0x10, 0x47, 0xE6, 0x31, 0x15, 0x73, 0xC0, 0xB6, 0x19, 0x7C, 0xF6, 0x1D, 0xA2, 0x98, 0xDF,
    0x23, 0x3E, 0xA2, 0x7F, 0x11, 0x54, 0xA2, 0xA3, 0xF7, 0x1F, 0xE0, 0x48, 0x8F, 0x46, 0x10, 0x9C,
    0x6B, 0x04, 0x1C, 0xF1, 0xE1, 0xDF, 0x13, 0x55, 0x96, 0x4A, 0xA5, 0xDC, 0xD8, 0x04, 0xA9, 0x8E,
    0x95, 0xC6, 0xE9, 0xFB, 0x4F, 0x1F, 0xAF, 0x34, 0x6C, 0xFF, 0x18, 0x6B, 0xF5, 0x84, 0x0F, 0x44,
    0xA6, 0x11, 0xF9, 0xB0, 0xC9, 0x03, 0x49, 0xCA, 0x25, 0xC9, 0x2F, 0xC4, 0xCD, 0x48, 0xCA, 0x6B,
    0x85, 0x76, 0x2F, 0x31, 0x0B, 0x0F, 0xBA, 0x6F, 0xC1, 0xE4, 0xF0, 0xAC, 0x57, 0xD3, 0xDE, 0xF0,
    0xCE, 0xAA, 0x80, 0x25, 0x5F, 0xAC, 0x1D, 0x56, 0x8B, 0xCF, 0xA4, 0xB1, 0x2D, 0x7E, 0xC2, 0x21,
    0x3A, 0x3C, 0xC7, 0x7A, 0xBC, 0x0A, 0x52, 0xA2, 0x26, 0xDD, 0xA1, 0x57, 0x47, 0x42, 0xCD, 0x54,
    0xB4, 0x1B, 0xC5, 0xC4, 0xF3, 0xC1, 0xAE, 0x12, 0x65, 0x9F, 0x8A, 0x99, 0x28, 0x9E, 0xDA, 0x65,
    0x90, 0x16, 0x69, 0xFE, 0x07, 0x3D, 0x21, 0x24, 0x1C, 0x2D, 0x83, 0x37, 0x16, 0xD9, 0x9C, 0x34,
    0xCF, 0x6B, 0x6A, 0x13, 0x90, 0x9E, 0xCB, 0xB2, 0x15, 0x1B, 0x89, 0x38, 0xF4, 0xA3, 0x6C, 0xB8,
    0xD4, 0xC7, 0xBC, 0x29, 0xE6, 0x62, 0x84, 0xEB, 0x65, 0x23, 0x3A, 0xE8, 0x77, 0xF8, 0x28, 0xFC,
    0x96, 0xC4, 0x44, 0x08, 0x7F, 0x83, 0x2D, 0xDD, 0x9F, 0x03, 0xC0, 0x82, 0xBF, 0x8C, 0xB8, 0x9C,
    0x4B, 0x5E, 0x46, 0x86, 0x15, 0x72, 0x5A, 0x1C, 0x98, 0x2F, 0xF0, 0x38, 0x6B, 0xC0, 0x1D, 0x33,
    0x3F, 0x70, 0xD0, 0xF6, 0x19, 0xC6, 0x99, 0x35, 0x86, 0x61, 0x38, 0x27, 0x21, 0x8C, 0x4C, 0x41,
    0x22, 0xC6, 0xE5, 0x88, 0x3B, 0x15, 0x9D, 0xDE, 0x35, 0x44, 0xDA, 0x1E, 0x27, 0x90, 0x4C, 0x4E,
    0x79, 0x88, 0xDB, 0xFC, 0xEA, 0x3D, 0xEF, 0x4E, 0x8C, 0xA4, 0xC9, 0x95, 0x17, 0xD3, 0x35, 0x00,
    0xEC, 0x80, 0x6B, 0x4E, 0x01, 0x49, 0xF5, 0x78, 0x19, 0x4B, 0xCA, 0x01, 0x07, 0x75, 0xB0, 0x1A,
    0x6E, 0x23, 0xB8, 0x21, 0xF9, 0xA9, 0xA4, 0xAF, 0x67, 0x47, 0x02, 0xEB, 0xE6, 0xF0, 0xAD, 0x1B,
    0x9D, 0xC4, 0x96, 0xA4, 0x83, 0x90, 0x97, 0xDF, 0x27, 0x8D, 0xBA, 0x4F, 0xDD, 0x6E, 0x85, 0x04,
    0x3E, 0x2D, 0x1F, 0x70, 0x9B, 0x80, 0xC9, 0xE4, 0x28, 0x40, 0x60, 0x80, 0x0B, 0x6A, 0xE9, 0x21,
    0x66, 0xD5, 0x4D, 0x03, 0x57, 0x19, 0xCC, 0x22, 0xA4, 0xC2, 0x19, 0xD8, 0xA7, 0xDA, 0x29, 0x5E,
    0x01, 0x59, 0xC1, 0x9B, 0xD4, 0xA9, 0x76, 0x1A, 0x4D, 0xA5, 0xD2, 0xB8, 0xD8, 0xC4, 0xC1, 0x32,
    0x02, 0x80, 0x08, 0x1D, 0x80, 0x2E, 0x84, 0xC0, 0x8D, 0x41, 0x30, 0x6B, 0x94, 0xC6, 0xB6, 0xEA,
    0xE1, 0x46, 0x56, 0x3A, 0x63, 0xAA, 0x53, 0x4E, 0xDF, 0xAB, 0xB7, 0x25, 0xCA, 0x86, 0x28, 0x1A,
    0xD4, 0x9C, 0xCE, 0xC0, 0x40, 0x33, 0x90, 0xA5, 0x81, 0x6C, 0x12, 0x08, 0x74, 0x73, 0xC9, 0x73,
    0x2F, 0xC0, 0x47, 0x47, 0x0C, 0xB2, 0xE1, 0x3A, 0x8C, 0x5D, 0x02, 0x53, 0x96, 0xF1, 0x9F, 0x0A,
    0x19, 0x57, 0x7D, 0x81, 0x23, 0x58, 0x64, 0x0F, 0x04, 0x08, 0x4B, 0xBA, 0x13, 0x88, 0x2B, 0x56,
    0x8C, 0x33, 0x2D, 0xFA, 0x5A, 0xED, 0x63, 0x38, 0x4E, 0x5F, 0x23, 0x50, 0x7C, 0x84, 0xC0, 0x45,
    0x58, 0x2B, 0xDB, 0x88, 0xFF, 0x02, 0x9D, 0x3C, 0x0B, 0xE9, 0xFE, 0x18, 0x2F, 0x1C, 0x03, 0x43,
    0x23, 0x4A, 0xE2, 0x3E, 0x0E, 0xB7, 0x01, 0xC4, 0xE3, 0x65, 0xB6, 0xF9, 0x7A, 0x9E, 0x1F, 0x8B,
    0x61, 0x91, 0xAF, 0x59, 0x5E, 0x62, 0xBF, 0xED, 0x12, 0x6B, 0x0F, 0x35, 0xE6, 0x72, 0x35, 0x76,
    0xAA, 0xD5, 0x78, 0x45, 0x10, 0x24, 0x91, 0xA8, 0xC6, 0x38, 0x51, 0x1B, 0xB2, 0x36, 0x36, 0x40,
    0xAA, 0x56, 0x34, 0x38, 0xB0, 0xB1, 0x27, 0x6E, 0x0B, 0xAF, 0xEC, 0x02, 0xF4, 0x92, 0x98, 0x48,
    0x00, 0x8D, 0x01, 0x82, 0x23, 0x0D, 0x18, 0x69, 0x39, 0xE8, 0xCD, 0xF2, 0x44, 0x25, 0xAA, 0x61,
    0xFE, 0x6B, 0x10, 0xF7, 0x9A, 0xB0, 0xDC, 0x41, 0x1E, 0xD4, 0xA2, 0xB2, 0x67, 0xC4, 0x61, 0x9E,
    0x3E, 0x76, 0xF7, 0xB2, 0x34, 0x79, 0x7D, 0x5F, 0xF6, 0x00, 0xDF, 0x61, 0x2B, 0xEF, 0x52, 0x00,
    0x58, 0x49, 0xD6, 0x3D, 0x90, 0xBC, 0xC3, 0xB0, 0xCB, 0xAB, 0xBF, 0xC6, 0xB8, 0x5F, 0x63, 0x1A,
    0x50, 0x4B, 0x3C, 0x68, 0x58, 0x20, 0x4B, 0xBC, 0xE4, 0x9B, 0x3C, 0x33, 0x4D, 0x46, 0x41, 0x76,
    0x6F, 0x03, 0x76, 0xD8, 0x76, 0x1C, 0xA1, 0xD3, 0x42, 0xDA, 0x57, 0x10, 0x99, 0x05, 0xDB, 0xF2,
    0x30, 0xD2, 0x42, 0x3B, 0x37, 0xA4, 0x2E, 0xA9, 0x07, 0x96, 0x8F, 0xED, 0x10, 0x8E, 0x8D, 0xAF,
    0xC7, 0xFD, 0x05, 0x1A, 0x08, 0xD0, 0x89, 0xF9, 0x85, 0xAC, 0x6B, 0x7D, 0x2E, 0xC1, 0x14, 0xD0,
    0xE7, 0x22, 0xE9, 0xAD, 0xDA, 0x53, 0x71, 0xFF, 0xF7, 0xE8, 0xCA, 0x6B, 0xF4, 0xE0, 0xF9, 0x55,
    0x3B, 0x23, 0x6C, 0x8A, 0x2F, 0x70, 0x9F, 0xF0, 0x8B, 0x60, 0x38, 0x0E, 0x4A, 0xBB, 0xEC, 0xC2,
    0x21, 0xFF, 0x0E, 0x93, 0x6C, 0x1A, 0x07, 0x3A, 0x79, 0x1C, 0xBD, 0x9A, 0xC0, 0x12, 0xFA, 0x98,
    0x38, 0xC2, 0x61, 0x8E, 0xFD, 0x6A, 0xF5, 0x31, 0xF1, 0xBF, 0x9E, 0x20, 0x47, 0x2D, 0xEB, 0xF0,
    0x1F, 0xDF, 0x92, 0x31, 0x43, 0x1C, 0xC8, 0x0E, 0x5D, 0x19, 0x7F, 0x93, 0xFE, 0xFE, 0x97, 0xAE,
    0xBD, 0x27, 0x80, 0x38, 0xDB, 0xAB, 0xC4, 0xCF, 0xED, 0x0D, 0x44, 0x80, 0x81, 0xA8, 0xCE, 0x44,
    0xD7, 0xC0, 0xD8, 0x5B, 0xBC, 0xB8, 0xF0, 0x1E, 0x62, 0x1F, 0xCB, 0x98, 0xD8, 0x0E, 0x98, 0x5E,
    0x04, 0x75, 0x29, 0x9C, 0x4B, 0x55, 0x65, 0x2F, 0x5D, 0xFD, 0xAC, 0x2E, 0x74, 0x52, 0xA9, 0x92,
    0xE9, 0x61, 0x3F, 0xC1, 0x58, 0x0E, 0x9A, 0xD5, 0x6E, 0xEC, 0x0D, 0xE4, 0x25, 0x5E, 0x4A, 0x9F,
    0x0B, 0xF7, 0xF3, 0xB2, 0x3A, 0x5A, 0x41, 0x07, 0xEC, 0x83, 0xE8, 0xC1, 0x04, 0x77, 0xA1, 0xC7,
    0xD4, 0xA2, 0xC7, 0xCF, 0x77, 0xB8, 0x8B, 0x9B, 0x1C, 0xA7, 0xD0, 0x06, 0xF3, 0xA6, 0xAB, 0x88,
    0x96, 0x19, 0xEC, 0x40, 0xCD, 0x8A, 0x68, 0xE5, 0xA1, 0x89, 0x5E, 0x62, 0x1A, 0xC4, 0xE3, 0xC0,
    0xCE, 0x72, 0x96, 0xE1, 0x55, 0x51, 0x22, 0xA9, 0xDC, 0xA1, 0x3F, 0x3D, 0xFB, 0x93, 0xF8, 0x71,
    0xFD, 0x21, 0x47, 0xC9, 0x0A, 0x54, 0x42, 0x81, 0x56, 0x18, 0xB2, 0x12, 0xA6, 0xF3, 0x02, 0xB1,
    0xD8, 0xB7, 0x4B, 0x03, 0xB3, 0xCC, 0x0C, 0x71, 0x83, 0x0D, 0x24, 0xED, 0x0C, 0x9B, 0x0F, 0x77,
    0x73, 0xAF, 0xEA, 0x1E, 0xEE, 0xE5, 0xEF, 0x17, 0xBF, 0xEE, 0xC3, 0xC7, 0x77, 0x3C, 0x62, 0xE7,
    0xF0, 0x71, 0x7C, 0x61, 0xEE, 0x18, 0x7A, 0x32, 0x9E, 0xCA, 0xAC, 0x42, 0x82, 0x98, 0x77, 0xF3,
    0x02, 0x05, 0x16, 0x2D, 0xB3, 0x3C, 0x53, 0xE3, 0xA1, 0x68, 0xF2, 0xBC, 0xB4, 0xB9, 0x3F, 0xD1,
    0xEE, 0x90, 0x8A, 0x6C, 0x38, 0xC3, 0xFC, 0x6E, 0x49, 0x51, 0x8C, 0xCD, 0xFA, 0xA0, 0x2B, 0x65,
    0x7C, 0x73, 0x39, 0x25, 0xC0, 0x3F, 0x2B, 0x18, 0x25, 0xE3, 0x0C, 0xCE, 0x0D, 0x5C, 0x1B, 0x93,
    0x6C, 0x2F, 0xB4, 0x78, 0xBC, 0x8D, 0xE7, 0xD0, 0x2D, 0xFD, 0x95, 0x04, 0x57, 0x70, 0x4B, 0x98,
    0xC0, 0x11, 0xCF, 0xF3, 0x7F, 0x02, 0x6C, 0xF1, 0xD3, 0x5A, 0xA3, 0xCF, 0x04, 0x57, 0xBC, 0x93,
    0x23, 0x8F, 0x6C, 0x46, 0x85, 0x9B, 0x40, 0x8E, 0xD0, 0x8B, 0x04, 0xDE, 0xE2, 0x4A, 0x53, 0x20,
    0xBB, 0x8A, 0xB3, 0xD2, 0xF9, 0xFC, 0x10, 0x49, 0x99, 0x61, 0x26, 0xCE, 0xA7, 0x95, 0x8C, 0x9B,
    0x27, 0xC5, 0x80, 0xB1, 0x73, 0xB0, 0x21, 0xFC, 0xCE, 0xFD, 0x04, 0xCD, 0xDF, 0x46, 0xB4, 0xBA,
    0xF9, 0xDC, 0x41, 0xC0, 0xA7, 0x41, 0x84, 0xE8, 0xC9, 0xCC, 0xA9, 0x42, 0x81, 0x72, 0x04, 0xD7,
    0x0B, 0x74, 0x77, 0x43, 0x9B, 0x1F, 0x6F, 0x67, 0xCC, 0x6A, 0x19, 0x0D, 0x41, 0x02, 0x22, 0xA4,
    0x27, 0xF1, 0xD0, 0x88, 0xA8, 0x92, 0x58, 0x8B, 0x61, 0x07, 0x8B, 0x41, 0xC6, 0xE6, 0xBB, 0x34,
    0x62, 0x8C, 0x31, 0x54, 0xD5, 0xC7, 0xBA, 0x81, 0xF2, 0x49, 0x88, 0xB5, 0xC9, 0x9F, 0x7A, 0x70,
    0xE4, 0x05, 0x82, 0x58, 0xC3, 0xF0, 0x19, 0x58, 0x23, 0xA1, 0xF7, 0x72, 0x14, 0x1A, 0x4B, 0xC0,
    0xBD, 0xD1, 0xE0, 0xC4, 0x71, 0x88, 0xFA, 0x9A, 0x0D, 0x11, 0xCE, 0x78, 0x0E, 0x31, 0xD5, 0x70,
    0xE1, 0xD0, 0x0B, 0x42, 0x0F, 0xAA, 0xC2, 0xB9, 0x8C, 0x38, 0xA6, 0xB3, 0xE2, 0x6D, 0xF3, 0x8A,
    0x2A, 0x32, 0x31, 0x3A, 0xC3, 0xF7, 0x76, 0x86, 0xCA, 0x6E, 0xC6, 0x68, 0xCD, 0x0A, 0xB2, 0x68,
    0x44, 0x7B, 0xDE, 0x9E, 0x95, 0x25, 0x4D, 0x1E, 0x5A, 0x33, 0xC5, 0x93, 0xBD, 0xA4, 0x21, 0xAB,
    0x3E, 0xB6, 0x87, 0x01, 0x76, 0x12, 0xED, 0xC3, 0xD4, 0x46, 0x9D, 0x65, 0xD7, 0x57, 0xA7, 0xCA,
    0xF4, 0x08, 0x81, 0x98, 0x55, 0x17, 0xEC, 0xA9, 0x87, 0x91, 0xC1, 0x15, 0x67, 0x99, 0x40, 0x15,
    0x39, 0x7E, 0xE6, 0xCE, 0x3D, 0x64, 0xF2, 0xE7, 0x52, 0xF7, 0x2D, 0xAC, 0xE9, 0x2C, 0x77, 0xE6,
    0x8E, 0x21, 0x4C, 0xF1, 0x06, 0x07, 0x2B, 0x66, 0x28, 0x8C, 0xB1, 0xA7, 0x6F, 0xF3, 0x19, 0x73,
    0x6A, 0x94, 0x09, 0x7B, 0xE1, 0x21, 0x99, 0xAF, 0x72, 0xAF, 0xD0, 0x1F, 0x33, 0xC4, 0x89, 0x2A,
    0x52, 0x2F, 0x40, 0x25, 0xCF, 0x72, 0xAF, 0x8A, 0x1E, 0x2B, 0x36, 0x6E, 0x12, 0x16, 0x38, 0xE1,
    0xED, 0x8E, 0x0C, 0x1C, 0xC0, 0x09, 0xC0, 0x09, 0x62, 0xB1, 0xE6, 0x57, 0x61, 0x48, 0x38, 0x15,
    0xDF, 0x28, 0xD2, 0x1A, 0xB9, 0x4A, 0x38, 0xB1, 0xF2, 0x55, 0x8F, 0x5E, 0x3F, 0x65, 0x42, 0xA3,
    0xA3, 0x6B, 0x40, 0x79, 0x4C, 0x0F, 0x34, 0x90, 0x15, 0xC7, 0xDD, 0xCF, 0x19, 0xB2, 0x26, 0xE2,
    0x7C, 0x6C, 0x95, 0x00, 0x26, 0x9E, 0x1A, 0x89, 0x18, 0xD7, 0x02, 0x74, 0x86, 0x46, 0x83, 0x56,
    0x54, 0x09, 0x59, 0x34, 0x2A, 0x77, 0x10, 0x70, 0x7C, 0x68, 0xEB, 0xD1, 0x48, 0x1C, 0xB3, 0x7E,
    0x05, 0x56, 0xE5, 0x62, 0xDC, 0x3F, 0x85, 0xEE, 0xD0, 0xF4, 0xB4, 0x88, 0x45, 0x6F, 0xA8, 0x5F,
    0xA5, 0xB3, 0x48, 0xE9, 0x71, 0xD1, 0x13, 0xCB, 0x45, 0x4F, 0x2C, 0xF8, 0x92, 0x47, 0xED, 0x44,
    0x59, 0x18, 0x70, 0x5E, 0x89, 0xC8, 0x98, 0x08, 0x3D, 0x9A, 0x02, 0xAD, 0xD8, 0x04, 0x69, 0x9F,
    0xE3, 0xE8, 0x22, 0x76, 0xFF, 0x22, 0x4E, 0x91, 0x7A, 0x6E, 0xC2, 0x0E, 0x6E, 0x79, 0x90, 0x3B,
    0x30, 0x77, 0xE5, 0xC1, 0x12, 0xEB, 0xA4, 0x68, 0x21, 0xF1, 0x4E, 0x5E, 0x82, 0x84, 0x03, 0x6D,
    0x41, 0x56, 0xDC, 0xF1, 0x6C, 0x0C, 0xA6, 0xC6, 0x24, 0x50, 0x7B, 0x93, 0xC7, 0x23, 0x0A, 0x60,
    0x55, 0x3B, 0xCD, 0x0F, 0x3B, 0xC7, 0xCF, 0x6D, 0x33, 0x27, 0x89, 0x30, 0x5E, 0x44, 0xD4, 0xE1,
    0x28, 0x0F, 0x70, 0x10, 0x28, 0xB0, 0xB1, 0x0F, 0x47, 0xCC, 0x2C, 0x74, 0x41, 0xCF, 0x84, 0x2F,
    0xF2, 0x3B, 0x18, 0xE7, 0x6D, 0xB1, 0x10, 0x78, 0x83, 0xC4, 0xA6, 0x64, 0xD5, 0xEF, 0x11, 0x0D,
    0x7A, 0x10, 0x0D, 0x7A, 0x22, 0x1A, 0xD0, 0xC9, 0x5A, 0x22, 0xF3, 0xD1, 0xB8, 0x96, 0x1F, 0x8C,
    0x8C, 0xE0, 0x8C, 0xEA, 0x99, 0xFE, 0x94, 0x2A, 0xBF, 0xED, 0x26, 0x0B, 0x8B, 0xE5, 0x00, 0x56,
    0x87, 0xAC, 0xEF, 0x03, 0xC9, 0x1E, 0x08, 0xE4, 0x8D, 0x76, 0x94, 0xA8, 0x09, 0x42, 0x4A, 0xDC,
    0xDD, 0x11, 0x90, 0x08, 0x9B, 0x59, 0xC2, 0xFB, 0x0F, 0x54, 0x98, 0xE9, 0x33, 0x3E, 0xF4, 0xD2,
    0x84, 0x2E, 0x1B, 0x7E, 0x75, 0xE0, 0xB7, 0xC3, 0x94, 0x74, 0x83, 0x3F, 0x8B, 0x06, 0xC5, 0x67,
    0x8B, 0xA1, 0xD6, 0xA3, 0xE1, 0xB8, 0x5B, 0x55, 0x9F, 0x67, 0x6D, 0x95, 0x07, 0x57, 0x13, 0x89,
    0x9B, 0xE5, 0x51, 0xE3, 0x63, 0x5E, 0xEB, 0x1C, 0x48, 0xBD, 0xC2, 0xF9, 0x26, 0x3C, 0x32, 0xE5,
    0x90, 0x7B, 0xCA, 0xD7, 0x5D, 0x55, 0x7B, 0xE5, 0x95, 0x53, 0xA1, 0x9A, 0x58, 0x8B, 0x49, 0xB3,
    0xB7, 0x00, 0x68, 0x9A, 0xEC, 0xFD, 0xD2, 0xB4, 0x12, 0x38, 0xAA, 0x49, 0x14, 0x33, 0x1E, 0x93,
    0x2C, 0xE9, 0x5D, 0x1E, 0x92, 0x8D, 0x64, 0x69, 0x0E, 0x83, 0xC7, 0x65, 0xBA, 0x32, 0xBE, 0x4D,
    0x8E, 0xF1, 0x8B, 0x10, 0xDB, 0x47, 0x6B, 0x8B, 0x86, 0xE1, 0xAA, 0xE6, 0x6B, 0x8F, 0x59, 0xEE,
    0x71, 0x18, 0xB2, 0x5D, 0x04, 0x55, 0x58, 0xEE, 0x81, 0x7B, 0x00, 0xEF, 0x4C, 0xD0, 0x97, 0x39,
    0x94, 0xBF, 0x92, 0xF4, 0x61, 0x6F, 0x3F, 0xB3, 0xA4, 0x2B, 0x23, 0x33, 0x09, 0xAD, 0x2C, 0x0F,
    0x69, 0x65, 0x42, 0xFF, 0x13, 0x39, 0x52, 0x53, 0xC7, 0x68, 0x25, 0xFB, 0x0E, 0xA1, 0xBC, 0x37,
    0xA7, 0x07, 0x58, 0x3F, 0x11, 0xAC, 0x3F, 0xAB, 0x05, 0x4E, 0x38, 0x19, 0x88, 0xA8, 0x51, 0x4A,
    0x98, 0x24, 0x91, 0x27, 0x0D, 0xAF, 0x40, 0x38, 0x93, 0x24, 0x3B, 0x2E, 0x0D, 0x15, 0x51, 0x42,
    0xAE, 0x71, 0x22, 0xE2, 0xB4, 0x70, 0x5C, 0x87, 0x26, 0xD3, 0xA6, 0xAE, 0x39, 0x88, 0x35, 0xA2,
    0xC7, 0xCD, 0xD1, 0xB1, 0x02, 0x84, 0x77, 0x6F, 0x0C, 0x8E, 0x2A, 0x1F, 0xC3, 0xA5, 0x8D, 0x5A,
    0x50, 0xAC, 0x8C, 0x49, 0xE0, 0xE2, 0x90, 0xAD, 0x4A, 0xA8, 0x62, 0x8B, 0x63, 0x78, 0x87, 0xBC,
    0x26, 0x09, 0x9B, 0xE5, 0xA8, 0x25, 0x80, 0xD3, 0xFC, 0x20, 0xA0, 0xDA, 0x93, 0x2A, 0x7F, 0x0C,
    0x42, 0xD3, 0x18, 0xF1, 0xCA, 0x65, 0xEA, 0x0F, 0xDE, 0x6E, 0x7B, 0xE8, 0x8B, 0xED, 0x22, 0x58,
    0xB9, 0xC8, 0x89, 0xAA, 0xB3, 0x49, 0xF0, 0x0E, 0x62, 0xDE, 0x96, 0xF7, 0x50, 0xFD, 0xDD, 0x71,
    0xAA, 0xC2, 0x7D, 0x24, 0x3E, 0x61, 0x85, 0x7B, 0xD2, 0x1D, 0xF2, 0x59, 0xA6, 0xF5, 0x3A, 0x13,
    0x71, 0x7D, 0x97, 0x72, 0xBB, 0xDF, 0x8F, 0x24, 0x2A, 0xB4, 0x6E, 0x3A, 0x9D, 0x85, 0x3D, 0xF1,
    0xC0, 0x7B, 0x26, 0x55, 0xA2, 0x46, 0x2F, 0x8E, 0x22, 0x96, 0x44, 0x09, 0xFD, 0x4F, 0x09, 0x9B,
    0x01, 0x53, 0xF9, 0xE2, 0xFD, 0x80, 0xFF, 0xDD, 0x27, 0xF4, 0x87, 0x91, 0xDB, 0x13, 0x38, 0x8A,
    0xE2, 0x85, 0x9B, 0x44, 0x26, 0x67, 0xCC, 0xAB, 0xC2, 0x1F, 0x05, 0xC9, 0x7A, 0x99, 0x70, 0x9C,
    0xE4, 0xAA, 0x8D, 0x4C, 0x76, 0x6B, 0xFA, 0x6F, 0x23, 0xB1, 0x5B, 0xB6, 0xFA, 0xAE, 0x6A, 0xB6,
    0xDA, 0xAA, 0xA9, 0xC7, 0x5E, 0x93, 0x24, 0x8A, 0xA6, 0xD2, 0xDC, 0x8D, 0xCC, 0x7D, 0xBB, 0xFF,
    0xC9, 0x48, 0xE8, 0xFE, 0xB2, 0xFA, 0xA3, 0xB0, 0xA6, 0x96, 0x1A, 0x35, 0xE5, 0x1C, 0xAF, 0x11,
    0x1A, 0xD4, 0x92, 0x05, 0x08, 0xB4, 0x58, 0xA1, 0x67, 0xD6, 0x56, 0x3A, 0xAA, 0x46, 0xCF, 0xAC,
    0xD1, 0x33, 0x6B, 0x34, 0x2A, 0xB5, 0x04, 0x93, 0xB3, 0xFF, 0x96, 0x07, 0x8B, 0x76, 0xAF, 0xD5,
    0x75, 0x37, 0xFC, 0xA4, 0xF9, 0x2A, 0xDE, 0x84, 0x1C, 0x74, 0x32, 0xF8, 0x34, 0x5C, 0x8A, 0x5A,
    0xD6, 0x64, 0x90, 0x8D, 0x6E, 0x61, 0xCC, 0xB1, 0x6E, 0x03, 0x7F, 0x6E, 0xE7, 0x87, 0x7B, 0x9B,
    0xC0, 0x5D, 0xB6, 0x16, 0x4E, 0x6F, 0x1C, 0x35, 0xFC, 0x30, 0x9B, 0x9B, 0x95, 0xFC, 0x4D, 0x12,
    0x1C, 0x60, 0x4E, 0xF5, 0x08, 0xDB, 0xCC, 0x9F, 0xA0, 0x2B, 0x12, 0x70, 0x05, 0x00, 0xB7, 0x88,
    0xD6, 0x45, 0x3C, 0x78, 0x44, 0x08, 0x58, 0xF5, 0xAC, 0x80, 0x2E, 0xD6, 0xBD, 0x95, 0x28, 0x65,
    0x41, 0x49, 0x24, 0xC9, 0x84, 0xBB, 0x8F, 0x70, 0xC1, 0x04, 0xBF, 0xCB, 0xB0, 0x97, 0xC9, 0xD8,
    0xCD, 0x24, 0xF2, 0xAE, 0xEC, 0x5E, 0x68, 0xAD, 0xA7, 0x39, 0xC2, 0xFB, 0x59, 0xC4, 0x9A, 0x7F,
    0xDF, 0x6B, 0xA9, 0x72, 0xCF, 0xF4, 0x8A, 0x61, 0xD1, 0x33, 0x3D, 0x28, 0x40, 0xF4, 0x4C, 0x77,
    0x5F, 0xD1, 0x83, 0xA1, 0x96, 0xA4, 0x83, 0xB8, 0x29, 0x5D, 0xB1, 0xDD, 0x91, 0xF4, 0x67, 0x67,
    0x24, 0x4E, 0x59, 0x1F, 0x64, 0x2E, 0x73, 0x57, 0xAA, 0x03, 0xAB, 0x60, 0x6A, 0x08, 0x63, 0xAB,
    0x20, 0x53, 0x9F, 0x6A, 0x30, 0x42, 0x7B, 0x52, 0x85, 0xD3, 0x2B, 0x4A, 0x02, 0x3C, 0xBA, 0xE4,
    0x5B, 0x2C, 0x3E, 0x8B, 0x6C, 0x82, 0x47, 0x4B, 0xBE, 0x4B, 0x91, 0xBF, 0x79, 0x96, 0xD1, 0xC3,
    0x61, 0x54, 0x59, 0x66, 0x6A, 0xC7, 0x71, 0xC1, 0x58, 0x4D, 0xB6, 0x87, 0xE1, 0x30, 0x21, 0x82,
    0xE0, 0x51, 0xB0, 0xD5, 0x42, 0x30, 0x21, 0x1C, 0xCA, 0x0F, 0x43, 0x11, 0x06, 0x7C, 0x35, 0x8D,
    0x88, 0x27, 0xBE, 0x6A, 0x78, 0xB3, 0x56, 0x1A, 0x47, 0x46, 0x14, 0x0E, 0xE2, 0xB3, 0x2B, 0x5A,
    0x8B, 0xC1, 0xB9, 0x9B, 0x78, 0xF8, 0x2C, 0x7F, 0xE9, 0x1C, 0x7F, 0xB4, 0x74, 0x60, 0x23, 0x35,
    0xB4, 0x14, 0x19, 0x4B, 0xE5, 0x62, 0xDB, 0x43, 0xE7, 0xE5, 0x51, 0x86, 0x3F, 0xCF, 0x53, 0x84,
    0x30, 0x2D, 0x7D, 0x35, 0x13, 0x96, 0xC3, 0xD2, 0xEB, 0xD1, 0xA3, 0x2C, 0x63, 0x1C, 0xA5, 0xCB,
    0x66, 0x0F, 0xDC, 0x8B, 0x5B, 0x4C, 0xA8, 0xB8, 0xE8, 0x76, 0xF6, 0xED, 0x36, 0x3F, 0x7C, 0x36,
    0xB5, 0xEB, 0x6C, 0xA4, 0x56, 0x00, 0x79, 0x7B, 0x1B, 0x23, 0xA0, 0x0D, 0xDF, 0xCE, 0x37, 0x5A,
    0xC9, 0x30, 0x96, 0x99, 0x33, 0xCC, 0xF1, 0xFC, 0x8C, 0x0D, 0x53, 0xB5, 0xF7, 0x9A, 0x73, 0x4B,
    0xC0, 0x5B, 0x04, 0x29, 0x11, 0x86, 0x3A, 0xA7, 0xFA, 0x4A, 0x32, 0x4A, 0xAA, 0xE1, 0xED, 0xE5,
    0xB9, 0xCD, 0xBB, 0xEA, 0x2E, 0x17, 0x4A, 0xB1, 0x3B, 0x11, 0x73, 0x44, 0x78, 0xF2, 0x83, 0x89,
    0x3E, 0x16, 0x51, 0x57, 0x4B, 0xC7, 0xE9, 0xBA, 0xDC, 0xBD, 0xEC, 0x42, 0x4B, 0x6F, 0x43, 0x18,
    0xB0, 0xD9, 0x85, 0x03, 0x9C, 0x16, 0x4D, 0xEB, 0x06, 0xDC, 0x9D, 0x2E, 0x87, 0x97, 0xDF, 0xDE,
    0x2B, 0xD5, 0xEE, 0x57, 0xEA, 0xD1, 0x41, 0xE8, 0xCE, 0xF4, 0xB6, 0x4F, 0x1D, 0x70, 0x12, 0x90,
    0x3B, 0x8A, 0x10, 0xDF, 0x76, 0xF2, 0x36, 0x8B, 0xDF, 0x16, 0xA8, 0xB9, 0x7F, 0x84, 0xB7, 0x89,
    0x4C, 0xC1, 0xAA, 0xEF, 0x20, 0x4C, 0x5F, 0x1B, 0xE4, 0x7E, 0x30, 0x37, 0xE6, 0xD5, 0x20, 0x2B,
    0x67, 0xC0, 0x95, 0x47, 0x5C, 0xC1, 0x43, 0x6B, 0x39, 0xD2, 0xE3, 0x34, 0x64, 0xA9, 0xE8, 0xFD,
    0x81, 0x2D, 0x20, 0x65, 0x8B, 0x86, 0x18, 0x02, 0x5E, 0xCD, 0x48, 0xC1, 0xA1, 0x12, 0x3D, 0x37,
    0x4E, 0x69, 0x5D, 0xD6, 0x9C, 0x71, 0x33, 0xCB, 0xCD, 0x6C, 0x26, 0x88, 0xBF, 0x33, 0x94, 0xB3,
    0xC4, 0xFA, 0xC1, 0xC4, 0x27, 0x11, 0xFE, 0x44, 0xBC, 0x75, 0x07, 0xD2, 0xC3, 0xEE, 0x1F, 0xB1,
    0x9D, 0xFF, 0x11, 0xDF, 0x17, 0x30, 0x52, 0x07, 0xAC, 0x78, 0x5F, 0x17, 0x21, 0xCF, 0xFD, 0xC7,
    0xEB, 0x4F, 0xEF, 0x36, 0xFA, 0x93, 0x89, 0x9D, 0xB4, 0xDE, 0x66, 0x42, 0xCB, 0xCF, 0x39, 0xC3,
    0xCF, 0xEC, 0x60, 0xE6, 0xE8, 0xEF, 0x22, 0x3B, 0x81, 0x88, 0xD3, 0xD2, 0x73, 0xE9, 0x21, 0xF3,
    0xCC, 0xFA, 0xEF, 0x18, 0xA6, 0x72, 0xF8, 0xC3, 0xF7, 0x8B, 0x90, 0xA0, 0xCE, 0xED, 0x1F, 0x3B,
    0xF9, 0xAC, 0x87, 0x48, 0xC6, 0x4B, 0x1C, 0x9F, 0x1C, 0x71, 0xEC, 0x24, 0xB1, 0xA1, 0xE2, 0xA3,
    0xFE, 0x3D, 0x88, 0x9D, 0x8C, 0x98, 0xE6, 0x75, 0x99, 0x65, 0x55, 0x59, 0xB3, 0xB0, 0xE1, 0xA4,
    0xC5, 0x9A, 0x97, 0x44, 0x70, 0x67, 0x20, 0x72, 0x94, 0xDD, 0x4C, 0x0A, 0x49, 0x36, 0x92, 0x31,
    0x13, 0xD5, 0xC1, 0x52, 0x92, 0x7A, 0x3D, 0x8D, 0x9D, 0xD4, 0xBB, 0x1A, 0xC7, 0x4E, 0xC2, 0x48,
    0x4A, 0x6F, 0x5C, 0xB9, 0xE9, 0x1B, 0xCB, 0x3F, 0xE3, 0x1B, 0xF7, 0xE7, 0xDD, 0x6C, 0x78, 0xF7,
    0xAA, 0x89, 0x6C, 0xB3, 0xE7, 0x9A, 0x05, 0x1B, 0x0F, 0x68, 0x23, 0x07, 0x54, 0x8B, 0x90, 0x79,
    0x89, 0x18, 0x60, 0x87, 0x53, 0xDA, 0x66, 0x89, 0x2C, 0x92, 0x38, 0xEC, 0x9E, 0x61, 0x0B, 0xD0,
    0x06, 0x5B, 0x83, 0xA6, 0xB2, 0x1C, 0xDF, 0x96, 0x59, 0xEB, 0x65, 0x62, 0x27, 0x27, 0xDC, 0xD3,
    0x2C, 0xC4, 0x43, 0xC9, 0xB7, 0xDC, 0x3C, 0x57, 0x23, 0x39, 0x90, 0x08, 0xF1, 0x65, 0x96, 0x1F,
    0xCA, 0x89, 0x14, 0xB1, 0x47, 0x43, 0xBD, 0xC7, 0x72, 0x9F, 0xA4, 0x05, 0x66, 0xB9, 0x50, 0xC3,
    0x2C, 0x77, 0x99, 0x90, 0xD0, 0x72, 0x67, 0xC1, 0x4B, 0x5C, 0x9B, 0xFE, 0xB3, 0x88, 0x30, 0xCE,
    0xB3, 0xBE, 0x8B, 0xEC, 0x03, 0xCE, 0xD3, 0x18, 0xCA, 0x2D, 0x49, 0x52, 0x41, 0x1A, 0x2D, 0x2E,
    0xDC, 0x54, 0xFA, 0x70, 0xFF, 0xFD, 0x43, 0x28, 0x47, 0x44, 0x57, 0xFE, 0xA7, 0xEC, 0x4F, 0xA2,
    0xC0, 0x78, 0x2B, 0x03, 0x77, 0x4C, 0x59, 0xED, 0xB2, 0x56, 0x0E, 0x6D, 0x2D, 0xA7, 0x59, 0xEA,
    0xEE, 0xB1, 0xD4, 0x5D, 0x7E, 0x80, 0x53, 0x61, 0xDF, 0x0F, 0x55, 0xA2, 0x62, 0x8E, 0x46, 0x0B,
    0x0B, 0x33, 0x4A, 0x56, 0xD5, 0x45, 0x35, 0x1A, 0xDB, 0x06, 0x87, 0xBC, 0xC6, 0x61, 0x46, 0x13,
    0x0C, 0x35, 0x4E, 0x19, 0xD5, 0xBD, 0xA1, 0x66, 0x6E, 0xEE, 0x0C, 0x4E, 0x8E, 0x83, 0xA4, 0x26,
    0x0A, 0x74, 0x26, 0x1A, 0x56, 0x95, 0x57, 0x55, 0xC2, 0x4B, 0xB4, 0x53, 0x9C, 0xA3, 0x78, 0xAA,
    0x3F, 0x14, 0x54, 0x06, 0xD7, 0x66, 0xBF, 0x66, 0x6F, 0xC6, 0x62, 0xC6, 0x80, 0x3C, 0x4A, 0x57,
    0x74, 0x16, 0x12, 0x98, 0xF3, 0xBA, 0xB8, 0xCA, 0xE6, 0xFB, 0x0A, 0xFC, 0x11, 0x73, 0x4A, 0x14,
    0xF3, 0xC7, 0x5B, 0xDE, 0xA1, 0x2D, 0x49, 0xFF, 0x8A, 0x7F, 0xF4, 0x50, 0x38, 0xFF, 0xF5, 0x01,
    0xDE, 0x87, 0xA3, 0x7C, 0x4A, 0xB4, 0xFA, 0x40, 0x08, 0x56, 0x13, 0x94, 0xAA, 0xCF, 0x5E, 0x63,
    0x24, 0xEE, 0x18, 0x6D, 0xF4, 0x67, 0xAB, 0x93, 0xDA, 0xB1, 0xD8, 0xFD, 0x54, 0x64, 0xA7, 0x08,
    0x02, 0x64, 0x3A, 0x24, 0x6C, 0x99, 0x88, 0x7A, 0xA2, 0x3F, 0xB6, 0x30, 0x06, 0x25, 0xBE, 0x80,
    0x55, 0x8C, 0x3B, 0x46, 0x0D, 0x68, 0x9D, 0x04, 0x8E, 0x24, 0xBB, 0xED, 0x81, 0xA3, 0x6B, 0xEE,
    0x56, 0x57, 0xA6, 0x30, 0x9D, 0xC2, 0xF1, 0xC4, 0x09, 0x02, 0xA9, 0xAF, 0xBF, 0x8B, 0xDB, 0x4F,
    0x91, 0x1E, 0xF2, 0x54, 0x1B, 0xDE, 0x9A, 0xE8, 0xAE, 0xB8, 0xFF, 0x60, 0x50, 0x8D, 0x5D, 0xD3,
    0x3B, 0x68, 0x7A, 0xEC, 0xE5, 0x76, 0x12, 0x2F, 0xB7, 0x1E, 0x2C, 0xA8, 0x6C, 0xE8, 0x63, 0x7B,
    0x34, 0xF4, 0xD1, 0x49, 0xF5, 0xA5, 0x9F, 0xDF, 0x13, 0x8D, 0x48, 0x73, 0x30, 0xE1, 0xD1, 0xB8,
    0x1D, 0x86, 0x95, 0xF0, 0x5A, 0xFC, 0xBE, 0x3F, 0xDE, 0x8A, 0xCF, 0xDB, 0x84, 0xB3, 0x21, 0xCD,
    0xEF, 0x2F, 0x3D, 0x18, 0xF2, 0x9C, 0x46, 0xFC, 0xC0, 0x88, 0x85, 0xD6, 0x26, 0x2F, 0xB3, 0x65,
    0x7D, 0xB7, 0x53, 0x69, 0x76, 0xBF, 0x47, 0x0F, 0x38, 0xC3, 0xC0, 0x20, 0x6A, 0x60, 0x1C, 0x8D,
    0xC4, 0x87, 0xBF, 0x8B, 0x5F, 0xD7, 0x46, 0x9D, 0x79, 0xED, 0x8C, 0xF9, 0x9D, 0x39, 0xF6, 0x80,
    0x6D, 0x67, 0x34, 0xB8, 0x76, 0x0A, 0x47, 0xD3, 0x75, 0xF7, 0xFA, 0xE0, 0x47, 0x90, 0x70, 0x4F,
    0x72, 0xE4, 0xC0, 0x2E, 0xC8, 0xD3, 0x17, 0x55, 0xE3, 0xA1, 0x3E, 0xB2, 0x22, 0x02, 0x43, 0x7B,
    0xB7, 0x46, 0x47, 0xD7, 0xA0, 0xB6, 0x42, 0x7B, 0x1F, 0x4D, 0xAF, 0x49, 0x0A, 0x48, 0xBB, 0x35,
    0x3C, 0x27, 0xB8, 0x11, 0xA6, 0x1E, 0x00, 0xED, 0xE6, 0x00, 0xBE, 0x65, 0x01, 0xB7, 0xBE, 0x6E,
    0xEF, 0xF3, 0x24, 0xF7, 0xDB, 0x37, 0xB2, 0xAE, 0xDF, 0xEC, 0xCF, 0x60, 0x04, 0x3B, 0xE9, 0x50,
    0x65, 0x04, 0x9F, 0xBD, 0xCE, 0xB0, 0x51, 0x57, 0x78, 0xB9, 0x93, 0xAA, 0x71, 0x63, 0x32, 0x45,
    0xED, 0xDB, 0xF8, 0x17, 0xA5, 0xFF, 0xA6, 0xF8, 0x2D, 0xAC, 0x16, 0xF8, 0x62, 0x5D, 0xD8, 0x92,
    0xD5, 0x08, 0xDA, 0x74, 0x2F, 0x63, 0x4D, 0x7B, 0x00, 0x0B, 0xB7, 0x0D, 0x67, 0x06, 0xF0, 0x1E,
    0xC2, 0x1F, 0xC4, 0x77, 0x12, 0xA4, 0x8F, 0xDA, 0x50, 0x6D, 0xA2, 0xA8, 0x84, 0xB3, 0x65, 0x97,
    0x30, 0xF6, 0xA3, 0x1E, 0xDE, 0x1A, 0x73, 0x26, 0x46, 0xCC, 0x69, 0x36, 0xA9, 0x4E, 0x2D, 0xE4,
    0x6A, 0x59, 0xDD, 0x96, 0x30, 0xC9, 0x75, 0x53, 0x38, 0xFD, 0x0A, 0x8B, 0x6E, 0x05, 0x82, 0x37,
    0xC9, 0xA5, 0xB0, 0x06, 0x39, 0xB0, 0x06, 0x39, 0x08, 0x8C, 0xAA, 0x62, 0xDD, 0xAF, 0x5C, 0x1D,
    0x98, 0x0E, 0xF6, 0x8E, 0x3D, 0x86, 0x45, 0x35, 0x7F, 0x46, 0xB0, 0xEB, 0x29, 0x30, 0x6A, 0xFD,
    0x6A, 0x15, 0x96, 0x5D, 0x8E, 0x40, 0xE3, 0xCC, 0xB0, 0x11, 0x50, 0xC0, 0xB7, 0xCD, 0xC1, 0xF8,
    0x35, 0x54, 0xFA, 0x46, 0x8D, 0x5A, 0x2B, 0xA9, 0xF8, 0xB8, 0x12, 0x0E, 0x28, 0x79, 0x56, 0x93,
    0x6E, 0x73, 0x38, 0xC5, 0x20, 0x88, 0x62, 0x34, 0x92, 0x62, 0x57, 0x38, 0x85, 0x39, 0x1A, 0x4E,
    0x31, 0x70, 0xA8, 0xB2, 0x4A, 0x0B, 0xA2, 0xCA, 0x42, 0x72, 0x35, 0x1A, 0xD8, 0x97, 0xD4, 0x30,
    0x78, 0x2B, 0x21, 0x1E, 0x83, 0x38, 0x86, 0x91, 0xE0, 0x81, 0x3C, 0x1F, 0xBF, 0x6D, 0x18, 0x8F,
    0x58, 0x2D, 0x6E, 0x1A, 0x2D, 0x31, 0xAB, 0x46, 0x98, 0x1E, 0xCB, 0x03, 0xAC, 0x2B, 0xC4, 0x19,
    0x9A, 0xB6, 0xC9, 0x91, 0x78, 0xE8, 0xB2, 0xC3, 0x64, 0xCC, 0x61, 0x71, 0xCC, 0x39, 0xB0, 0xDB,
    0x2E, 0xB4, 0x3F, 0xDC, 0x2F, 0x18, 0x23, 0x39, 0x1C, 0xA4, 0xF4, 0x85, 0xDD, 0xE9, 0x29, 0xFF,
    0x1A, 0xC4, 0x28, 0x71, 0xA4, 0xCC, 0x4A, 0xD2, 0x97, 0xE2, 0xA0, 0x3F, 0x9B, 0xE9, 0xA2, 0x65,
    0xE3, 0x13, 0x2F, 0xC7, 0x5E, 0xC2, 0xD7, 0x74, 0x8E, 0xCE, 0x1C, 0x58, 0xA2, 0xEF, 0xCC, 0x8A,
    0x0B, 0x42, 0x04, 0xBB, 0xA9, 0x16, 0x30, 0xC6, 0x4B, 0xDD, 0x66, 0xF7, 0x68, 0x79, 0x8F, 0x15,
    0x37, 0xDC, 0x65, 0xC5, 0xD5, 0x87, 0x25, 0x40, 0x44, 0x14, 0x61, 0x52, 0xC0, 0x39, 0xE8, 0xAA,
    0xDA, 0x1E, 0xCE, 0xE0, 0xA8, 0xE1, 0x7F, 0x59, 0x41, 0xE5, 0x59, 0x56, 0x0D, 0x36, 0x32, 0x1E,
    0x77, 0xE5, 0x1D, 0x1C, 0x9A, 0xA1, 0x24, 0x36, 0xC3, 0xE1, 0x41, 0x72, 0x94, 0xE8, 0x78, 0x8A,
    0x17, 0xAF, 0x12, 0xAF, 0xB4, 0x84, 0x6D, 0xEC, 0x4D, 0x9F, 0xB7, 0xF7, 0xF7, 0xF5, 0xB2, 0x0F,
    0xEC, 0x88, 0x38, 0x01, 0x42, 0x35, 0x88, 0x5A, 0x85, 0x31, 0xC6, 0x1C, 0xFE, 0xA3, 0xD1, 0xEC,
    0x71, 0x3A, 0xBB, 0xC5, 0xA1, 0x7E, 0xB6, 0xCA, 0xD1, 0x7F, 0x05, 0xFA, 0x57, 0xA2, 0x7F, 0xB0,
    0xD5, 0x36, 0xB9, 0x3A, 0xCA, 0x0C, 0xE2, 0x43, 0x68, 0x78, 0x96, 0xCF, 0xAA, 0x95, 0x4E, 0x45,
    0x04, 0xA1, 0xE4, 0x67, 0x76, 0x30, 0x0F, 0xC3, 0xE5, 0x84, 0x35, 0x02, 0xD3, 0x67, 0xDB, 0xF4,
    0x4D, 0x8E, 0xEC, 0x44, 0xA8, 0x8C, 0x85, 0x42, 0x46, 0xF6, 0xE8, 0xD4, 0x2D, 0x8F, 0x46, 0x35,
    0xF9, 0xE9, 0x87, 0x8C, 0x65, 0xC2, 0x4A, 0x94, 0xFE, 0xAA, 0x97, 0xF1, 0x99, 0x24, 0xE1, 0x0D,
    0x55, 0x26, 0xD9, 0x32, 0x74, 0xBB, 0x87, 0x6B, 0xCF, 0xA0, 0x69, 0x7B, 0x86, 0xEE, 0x96, 0x6E,
    0x72, 0xB8, 0x3B, 0x95, 0x84, 0xDA, 0xB3, 0xBE, 0x96, 0xC6, 0xFB, 0x0D, 0x12, 0x25, 0xA0, 0x4F,
    0x4D, 0x1E, 0x40, 0xE2, 0xA0, 0x3D, 0x09, 0xE3, 0x87, 0x6D, 0x24, 0xEC, 0xDD, 0x8E, 0xD3, 0x48,
    0x28, 0x94, 0xC2, 0xE3, 0xAF, 0xBD, 0x6D, 0xC8, 0xEB, 0x3A, 0x14, 0x78, 0x53, 0x05, 0x26, 0x9D,
    0xEE, 0xF1, 0xAC, 0x8D, 0xF7, 0x8F, 0xF8, 0x93, 0x96, 0xC4, 0xE2, 0xFD, 0xA4, 0x8C, 0x1F, 0xF7,
    0xC1, 0xB3, 0x07, 0xAB, 0x6C, 0xA8, 0xA6, 0x16, 0x79, 0xC1, 0x14, 0x79, 0xC5, 0x14, 0xD9, 0x61,
    0x54, 0x14, 0x63, 0x98, 0x36, 0x94, 0x54, 0x6E, 0x05, 0xF7, 0x8A, 0x02, 0x83, 0x22, 0x01, 0x36,
    0x1B, 0xC2, 0xCC, 0x47, 0x45, 0xC7, 0x4F, 0xEC, 0x6E, 0xB7, 0xA3, 0xDD, 0x73, 0xF8, 0x5B, 0x12,
    0x32, 0xBC, 0xCB, 0x84, 0x7A, 0x93, 0x55, 0x58, 0x1D, 0xAE, 0x42, 0x76, 0xF0, 0x88, 0x4E, 0x3D,
    0xEA, 0xE0, 0x29, 0x06, 0xD5, 0x08, 0xFF, 0xA5, 0x81, 0x9F, 0xAC, 0x71, 0xB8, 0x02, 0xA7, 0x78,
    0x61, 0x1E, 0x64, 0x15, 0x82, 0x48, 0x86, 0xC5, 0xA9, 0xBA, 0x69, 0x18, 0x29, 0x67, 0xA7, 0x02,
    0x23, 0xCE, 0xB0, 0x93, 0x84, 0xB0, 0x50, 0x23, 0x5D, 0x59, 0x7B, 0x9D, 0x3A, 0xDD, 0x88, 0x50,
    0x60, 0xB2, 0x4A, 0xF7, 0x43, 0xFB, 0xD4, 0x07, 0xA5, 0xCE, 0x92, 0x8E, 0x71, 0x50, 0x7C, 0x1A,
    0x41, 0x3A, 0xCB, 0x33, 0x01, 0x5E, 0x54, 0x15, 0x4F, 0x63, 0xE1, 0x1F, 0xF1, 0xDF, 0x9D, 0x4C,
    0x41, 0xBB, 0x02, 0x47, 0xF9, 0x6A, 0xE1, 0x1F, 0x08, 0x8B, 0xE2, 0xCC, 0x62, 0x58, 0xF8, 0x99,
    0x9E, 0x50, 0x48, 0x6D, 0xCC, 0x9D, 0xBD, 0xF0, 0x93, 0x50, 0xD9, 0x16, 0xAF, 0x0E, 0x3B, 0x74,
    0x6C, 0xA6, 0xA8, 0x36, 0xDB, 0x4A, 0x6C, 0x66, 0x8F, 0x36, 0x2F, 0x55, 0x9B, 0x89, 0xE8, 0xAD,
    0x1C, 0x73, 0xFB, 0xC1, 0xF1, 0x74, 0xCE, 0xDB, 0x69, 0x4F, 0xAC, 0xA1, 0xF5, 0x23, 0x03, 0x8B,
    0xCC, 0x7B, 0x04, 0xE6, 0xE9, 0x88, 0x96, 0xC2, 0x03, 0x96, 0xFE, 0xCA, 0x27, 0x41, 0x5A, 0x62,
    0x80, 0xF5, 0x35, 0x1C, 0x51, 0x38, 0x72, 0x87, 0xE2, 0x27, 0x80, 0x8B, 0xE5, 0xD9, 0x60, 0x0E,
    0xB6, 0x53, 0x77, 0xD3, 0x20, 0x90, 0xFD, 0x59, 0xAF, 0x60, 0x25, 0xF7, 0xD3, 0x6B, 0x72, 0xCC,
    0xC7, 0xED, 0x40, 0xB9, 0x3E, 0x7B, 0x17, 0xB2, 0x53, 0xB4, 0xDB, 0x0C, 0x8D, 0x1C, 0x1B, 0x91,
    0x6A, 0xFA, 0xDC, 0x87, 0xFE, 0x6E, 0x63, 0x7C, 0x71, 0xE8, 0x5B, 0x4A, 0x82, 0x88, 0xBC, 0x9F,
    0x15, 0x43, 0x52, 0xC8, 0x54, 0x62, 0x85, 0x59, 0x53, 0xB5, 0x9D, 0x71, 0xC5, 0x5A, 0xC2, 0xF7,
    0x6D, 0x69, 0x66, 0x72, 0xDC, 0x38, 0x36, 0x37, 0x4D, 0x6A, 0xEE, 0x45, 0x9A, 0x86, 0xFE, 0xD7,
    0x5D, 0xA5, 0x53, 0x03, 0xE7, 0x41, 0x64, 0x1F, 0xB9, 0xE1, 0x28, 0x3B, 0xB2, 0x63, 0x12, 0x41,
    0xE7, 0xA3, 0xF2, 0x4F, 0xA8, 0xA9, 0x7D, 0x18, 0xEB, 0xD4, 0xDC, 0xF3, 0xE1, 0xDB, 0x68, 0x70,
    0xC3, 0xAE, 0xA6, 0xC6, 0xCD, 0x5B, 0x6D, 0x79, 0xD8, 0x2A, 0x1A, 0xAE, 0x2B, 0x13, 0x49, 0xFA,
    0x7D, 0xA6, 0xC9, 0x21, 0x96, 0x79, 0x1B, 0x65, 0x5E, 0x22, 0x9D, 0xB5, 0x96, 0x85, 0x5D, 0x41,
    0x65, 0x86, 0xC7, 0x39, 0xEC, 0x52, 0x67, 0x90, 0xAB, 0x34, 0x18, 0x5C, 0x87, 0x81, 0xE0, 0x06,
    0xCB, 0x29, 0x1D, 0x40, 0xC4, 0x03, 0x18, 0x9E, 0xC5, 0xB0, 0x0C, 0xB9, 0xD0, 0x9B, 0xAB, 0x99,
    0x04, 0xEF, 0xAE, 0x99, 0x3E, 0x5D, 0x59, 0x33, 0x02, 0x40, 0x2D, 0x02, 0x54, 0x4D, 0x86, 0x0E,
    0xC3, 0x19, 0x86, 0xEA, 0x66, 0xD0, 0x04, 0x44, 0xDD, 0xD2, 0xA5, 0xA4, 0x60, 0x8C, 0x58, 0x6B,
    0x38, 0x4A, 0xC9, 0x7C, 0x88, 0x60, 0xDE, 0x02, 0x74, 0x6C, 0x1C, 0xA9, 0x31, 0x8C, 0x08, 0xC9,
    0x3B, 0x3A, 0x42, 0xBE, 0x3A, 0x66, 0xC4, 0x39, 0x27, 0x11, 0x92, 0x1B, 0xE6, 0xA3, 0x08, 0xB1,
    0x9F, 0x51, 0x9A, 0xA0, 0x0F, 0xC8, 0xB8, 0x10, 0xB1, 0xE4, 0x37, 0x72, 0xFC, 0xB6, 0xE1, 0x42,
    0xEA, 0x74, 0x11, 0xC7, 0x8B, 0x29, 0xB6, 0x63, 0x6E, 0x0A, 0xD2, 0x38, 0xD2, 0xD4, 0xA4, 0x69,
    0xB3, 0x00, 0xA4, 0x23, 0x47, 0xB2, 0x97, 0xA0, 0x1A, 0x75, 0x4F, 0x03, 0x8F, 0x9B, 0x6F, 0x58,
    0x52, 0x2C, 0xCA, 0xC4, 0xD7, 0xDD, 0xD3, 0x30, 0x3C, 0xDC, 0xD1, 0xE0, 0x5C, 0x05, 0xD5, 0xD0,
    0xB9, 0xDA, 0x53, 0x43, 0x0B, 0xA4, 0x09, 0x0B, 0x9C, 0x6B, 0xCB, 0x59, 0xCB, 0x0D, 0x15, 0x39,
    0xF2, 0x57, 0x45, 0x12, 0x70, 0xE1, 0x9C, 0x7E, 0x59, 0xC4, 0xD9, 0xA4, 0x69, 0x8C, 0x88, 0x69,
    0xB6, 0xB8, 0x88, 0x0A, 0xD2, 0x38, 0xD2, 0x54, 0xA4, 0x69, 0x4A, 0xF3, 0x01, 0xDF, 0xA7, 0x5F,
    0xE7, 0x01, 0xA2, 0x7E, 0x42, 0x76, 0xB7, 0x49, 0x15, 0x87, 0x5B, 0x23, 0x52, 0xDF, 0x41, 0x70,
    0x6E, 0xA4, 0x7E, 0xF8, 0x45, 0x5A, 0xEE, 0x91, 0xFE, 0xEA, 0x17, 0x38, 0xC1, 0xE8, 0xB9, 0x47,
    0x19, 0xBF, 0x4C, 0x24, 0xAB, 0x47, 0xB3, 0xE6, 0x83, 0x08, 0x8D, 0x5D, 0x46, 0xDA, 0x85, 0x8A,
    0x22, 0xD3, 0x25, 0x0E, 0xF7, 0xE1, 0xFB, 0x71, 0x7C, 0x8A, 0x9A, 0xDF, 0x5A, 0xDF, 0xFE, 0x0C,
    0xC7, 0x7F, 0xB8, 0xEA, 0x26, 0xCD, 0x42, 0x92, 0xC3, 0x98, 0x3A, 0xB4, 0x92, 0x71, 0x92, 0xF2,
    0x05, 0x73, 0x65, 0xF1, 0x99, 0x49, 0xE2, 0x61, 0xC0, 0xDC, 0x89, 0xF8, 0xD9, 0x8A, 0xC8, 0xB9,
    0x24, 0x06, 0xDA, 0x3F, 0xAE, 0xD7, 0x09, 0x9F, 0xAB, 0x8F, 0x12, 0xCF, 0x98, 0x57, 0x77, 0x60,
    0xA1, 0x8D, 0x0D, 0xA3, 0x57, 0xB3, 0x8D, 0x25, 0x7C, 0xC5, 0x4A, 0x08, 0x67, 0x72, 0x6E, 0x4C,
    0x0F, 0xC0, 0x38, 0x8B, 0x7A, 0x00, 0xFE, 0xE6, 0xE8, 0x01, 0x49, 0x50, 0x5A, 0x5B, 0x0F, 0x90,
    0x3C, 0x1C, 0xE8, 0x81, 0xD6, 0xA6, 0xD7, 0xD1, 0x95, 0x67, 0xE8, 0xD1, 0xC4, 0x4C, 0x40, 0xEF,
    0xB6, 0xDC, 0x11, 0xB7, 0x58, 0x45, 0x70, 0xB4, 0x26, 0x63, 0xCD, 0x9D, 0x9F, 0x11, 0x3D, 0xDD,
    0x91, 0x1A, 0x6D, 0x1B, 0x1C, 0x08, 0xA2, 0xB5, 0x6D, 0x0E, 0xAA, 0x6E, 0xCF, 0xA2, 0xB1, 0xDB,
    0xCB, 0x68, 0xAA, 0x4D, 0x5A, 0x8D, 0x2F, 0xA9, 0x52, 0x73, 0xC1, 0x82, 0xCF, 0xB0, 0x29, 0x36,
    0xC6, 0x9B, 0x35, 0x71, 0x5F, 0x9A, 0xF8, 0x13, 0xAF, 0xCC, 0x34, 0x53, 0x22, 0x58, 0x69, 0x32,
    0xBC, 0xB2, 0x96, 0x92, 0xC0, 0x3F, 0x55, 0xA8, 0xAF, 0x6D, 0xD7, 0xA9, 0x9F, 0x82, 0x36, 0x35,
    0x39, 0x28, 0xA8, 0xAE, 0x4B, 0x63, 0xC2, 0x20, 0x82, 0xD8, 0xAF, 0xB3, 0x6B, 0xDB, 0x9B, 0x6A,
    0xAE, 0xB1, 0x64, 0xF8, 0x25, 0x42, 0x5A, 0x6E, 0xA6, 0xA4, 0x51, 0x0D, 0x3E, 0xA7, 0x1A, 0x7C,
    0xA5, 0x6A, 0x08, 0xEA, 0x37, 0x1C, 0x9E, 0xDB, 0x46, 0x91, 0xF9, 0x56, 0xC3, 0xFC, 0x5B, 0x49,
    0x21, 0xEF, 0x49, 0xD6, 0x38, 0x4B, 0x36, 0x0D, 0xF3, 0x7D, 0x4C, 0x43, 0xA3, 0xE5, 0xC2, 0x38,
    0xF9, 0x27, 0x1D, 0x2E, 0xEA, 0xFA, 0xA4, 0x9B, 0x25, 0xE2, 0x49, 0xA6, 0xA9, 0x5D, 0x66, 0x5A,
    0x55, 0x28, 0xD7, 0xEB, 0x6D, 0x64, 0x02, 0x33, 0xD2, 0xD7, 0xA4, 0x89, 0xB8, 0xD1, 0xA5, 0x31,
    0x23, 0xBE, 0xC4, 0x8E, 0xF8, 0x86, 0xB9, 0x06, 0x7F, 0x43, 0x45, 0x9A, 0x29, 0x69, 0xD4, 0xCB,
    0xF2, 0xD1, 0x83, 0xB5, 0x52, 0x6E, 0x73, 0x97, 0xAA, 0x5D, 0x6E, 0x3E, 0x44, 0x47, 0x1B, 0xC6,
    0x9B, 0xAF, 0x61, 0x35, 0xDA, 0x0F, 0x21, 0xA7, 0xA4, 0x71, 0xD6, 0xF0, 0x3B, 0xE8, 0xA0, 0xE1,
    0x93, 0x4C, 0xF4, 0x72, 0xC0, 0x45, 0xC0, 0x93, 0x87, 0x8D, 0x50, 0x84, 0x41, 0x77, 0xA5, 0xA6,
    0x71, 0x61, 0xB2, 0x5E, 0x5F, 0x1D, 0x24, 0x63, 0xD4, 0x08, 0x4D, 0xEB, 0x2A, 0x21, 0x3F, 0x49,
    0x69, 0xBB, 0x04, 0xD5, 0x8B, 0x44, 0xED, 0x49, 0x92, 0x9C, 0x6B, 0xD0, 0x0D, 0xE7, 0x92, 0xF8,
    0x39, 0xEA, 0x2E, 0xFF, 0x45, 0x9D, 0x60, 0x29, 0x33, 0x59, 0xD3, 0x69, 0x93, 0x9C, 0x2B, 0xF2,
    0xB8, 0x34, 0xF2, 0x6C, 0x7C, 0xDA, 0xD5, 0x14, 0x78, 0xB0, 0x46, 0x2F, 0x99, 0x1A, 0x4B, 0xA2,
    0x29, 0xC6, 0x84, 0x69, 0x15, 0xD4, 0x40, 0x39, 0x53, 0x15, 0xF7, 0x6C, 0xFD, 0x25, 0xA5, 0xFE,
    0x2C, 0x60, 0x8E, 0x79, 0xFD, 0x8D, 0x88, 0xB0, 0x5E, 0xBF, 0xF2, 0x56, 0x97, 0x64, 0x59, 0xE3,
    0x4A, 0x5C, 0xA0, 0x6F, 0xB6, 0xAE, 0xFC, 0x1D, 0x1C, 0x61, 0xC5, 0x2B, 0x01, 0xE8, 0xFF, 0xFC,
    0x95, 0x00, 0xF5, 0x17, 0x6A, 0x57, 0xFE, 0xBA, 0x67, 0xF6, 0xD5, 0xFD, 0x57, 0xAE, 0x05, 0xF7,
    0xD0, 0x7A, 0xBF, 0xF2, 0xFF, 0xB2, 0x60, 0x7B, 0x25, 0x38, 0x82, 0xE1, 0xB9, 0xF2, 0x7A, 0x0F,
    0xC3, 0x74, 0x25, 0x58, 0x2D, 0xF2, 0x41, 0x96, 0x23, 0xAF, 0x04, 0xA7, 0x82, 0x19, 0x34, 0x1D,
    0x30, 0xE5, 0x50, 0x0C, 0x07, 0xA1, 0x84, 0x0D, 0x84, 0xEC, 0x65, 0x53, 0xA1, 0x14, 0x76, 0x5E,
    0x18, 0x89, 0x6A, 0x92, 0x7C, 0x39, 0xE5, 0x98, 0x2C, 0x1C, 0x56, 0xEC, 0xC5, 0x0D, 0xC6, 0x33,
    0x5E, 0x72, 0xD1, 0x8D, 0xC7, 0xDF, 0x7B, 0x4C, 0xE9, 0xEF, 0xF2, 0x0A, 0x37, 0xDE, 0x25, 0x12,
    0xE4, 0xD0, 0x63, 0x1B, 0x68, 0x8A, 0xD2, 0xCC, 0x85, 0x2D, 0x9C, 0xAB, 0x85, 0x87, 0x2E, 0x7E,
    0xF4, 0x98, 0xBA, 0x27, 0xD4, 0xDB, 0xA7, 0x49, 0xAA, 0x09, 0x4F, 0x6D, 0x1E, 0x27, 0xB5, 0xED,
    0xDD, 0x4E, 0xC1, 0xA1, 0x6E, 0x87, 0x6E, 0x0B, 0x99, 0xF1, 0xA1, 0xF9, 0xE6, 0x0B, 0xE8, 0xC4,
    0x96, 0xF1, 0x1A, 0x35, 0xEF, 0x84, 0xF6, 0xF7, 0x7D, 0x74, 0xF0, 0xCC, 0x1B, 0xE8, 0xA7, 0x79,
    0x25, 0xC0, 0x95, 0xA7, 0x1E, 0x08, 0xCE, 0xE2, 0x3E, 0xAE, 0x10, 0xF8, 0xCE, 0xD3, 0x8C, 0xD0,
    0xAB, 0x9C, 0x59, 0x6C, 0xB2, 0xD8, 0x63, 0xA6, 0xAE, 0xB6, 0x4F, 0x0A, 0x61, 0xE8, 0x88, 0x38,
    0x27, 0x25, 0xC4, 0x69, 0xED, 0x30, 0x74, 0xF3, 0xBC, 0x56, 0xF3, 0xBC, 0x54, 0xF3, 0x4C, 0xBD,
    0xF3, 0x2C, 0xE3, 0xE4, 0x39, 0x96, 0x2D, 0xCF, 0x56, 0x30, 0x82, 0x66, 0x88, 0xBA, 0xF0, 0x28,
    0x5F, 0x12, 0xB7, 0xCF, 0xA4, 0xA9, 0x59, 0x43, 0xD2, 0x7F, 0x4C, 0x48, 0x3E, 0xC3, 0x0D, 0x86,
    0x6D, 0x86, 0x2C, 0x5C, 0xE9, 0x0C, 0x0D, 0x1F, 0x47, 0x2C, 0xCF, 0x74, 0x53, 0x4E, 0x31, 0x9E,
    0xA0, 0xB1, 0x99, 0xC6, 0x65, 0xB5, 0x07, 0x3D, 0xE4, 0x3A, 0x2A, 0x5E, 0x8E, 0xFB, 0x99, 0x63,
    0x69, 0x97, 0x21, 0x49, 0x15, 0x53, 0x5C, 0x37, 0xDB, 0x21, 0x3D, 0x2C, 0xA7, 0x2A, 0x84, 0xDD,
    0x04, 0xCB, 0xC8, 0xA3, 0x6D, 0x9F, 0xC5, 0x80, 0x84, 0x83, 0x6A, 0xF1, 0x6E, 0x42, 0x8D, 0x5D,
    0x2D, 0xD4, 0x03, 0x64, 0x22, 0xEA, 0x01, 0x12, 0x25, 0x88, 0xDC, 0x7A, 0xA0, 0xBD, 0x28, 0xFA,
    0xAD, 0x07, 0x28, 0x86, 0xC4, 0xB2, 0xCD, 0xB8, 0x1E, 0x1C, 0x4C, 0x08, 0x35, 0x8B, 0xB2, 0xFD,
    0xB2, 0x24, 0x6A, 0x71, 0x05, 0x9B, 0x04, 0x6A, 0xE1, 0x10, 0x1A, 0x01, 0x43, 0x68, 0xE8, 0xF8,
    0x24, 0x6F, 0x92, 0xD4, 0x2E, 0xD3, 0xB3, 0x89, 0x78, 0x13, 0x24, 0xD6, 0x41, 0xBD, 0x2E, 0x07,
    0xA8, 0x81, 0x97, 0x4F, 0xAA, 0x55, 0x24, 0xBA, 0x42, 0x98, 0x69, 0x06, 0x85, 0x74, 0x46, 0x1A,
    0x23, 0x59, 0xB0, 0x22, 0xDB, 0x49, 0x90, 0x56, 0xCA, 0xA2, 0xEC, 0xA4, 0x3A, 0x75, 0x12, 0x1F,
    0x23, 0x82, 0xFA, 0xB2, 0x78, 0x8B, 0xDA, 0x8C, 0xB3, 0x5A, 0x94, 0x7A, 0x9D, 0xDB, 0x62, 0x7E,
    0xBD, 0x28, 0xFA, 0x55, 0x55, 0x94, 0x74, 0x52, 0xBB, 0xF0, 0x60, 0x5A, 0x54, 0x65, 0x49, 0x47,
    0x18, 0xE6, 0xA0, 0xAB, 0xFD, 0x38, 0xA3, 0xE8, 0x46, 0xB3, 0x49, 0x74, 0x36, 0xAB, 0x82, 0xBA,
    0x98, 0xEC, 0x49, 0xB1, 0xE8, 0x88, 0x5D, 0x2E, 0xF3, 0xE8, 0x88, 0xED, 0x45, 0x65, 0xD0, 0x9F,
    0x15, 0x75, 0x14, 0x1A, 0xE9, 0x81, 0xFD, 0x19, 0x64, 0xDA, 0x24, 0x1A, 0x36, 0xD7, 0x9C, 0xBD,
    0xE5, 0x95, 0xB6, 0x70, 0xD4, 0x49, 0x3C, 0xFA, 0xC2, 0x40, 0xFA, 0xCE, 0xEF, 0x0B, 0xF7, 0xCA,
    0xF5, 0x4D, 0x55, 0x62, 0xE8, 0x30, 0x9C, 0x63, 0xB8, 0xE2, 0x02, 0xFE, 0x34, 0xE0, 0x6A, 0x63,
    0x6D, 0x82, 0xA6, 0x3F, 0x47, 0xB0, 0xE8, 0xDA, 0x0F, 0x7B, 0xCD, 0x8B, 0xCA, 0xF8, 0xBE, 0xF7,
    0xAD, 0xB6, 0xD2, 0x7E, 0xEA, 0x35, 0xA9, 0x63, 0x0F, 0x63, 0x43, 0x03, 0xBE, 0x6B, 0x04, 0x5A,
    0xB1, 0xDB, 0x4C, 0x23, 0x3A, 0x61, 0xD4, 0x90, 0xCE, 0xD9, 0xA9, 0x52, 0x39, 0xF2, 0x19, 0xC9,
    0x27, 0x26, 0x1F, 0x2C, 0xC8, 0xB8, 0xAB, 0xD9, 0x59, 0xDB, 0x59, 0xF3, 0x6F, 0x79, 0xC9, 0x7D,
    0xB8, 0x64, 0x5B, 0x8C, 0x08, 0xB1, 0x92, 0xDA, 0x1D, 0x9F, 0xD4, 0x18, 0x31, 0x93, 0x14, 0x7D,
    0x67, 0xA8, 0xB4, 0x0C, 0xD5, 0x98, 0x1C, 0x97, 0xD1, 0xB8, 0x1D, 0x68, 0xB3, 0x80, 0x69, 0x27,
    0x11, 0x47, 0x33, 0x4A, 0x9C, 0x48, 0x1A, 0x97, 0x8B, 0xB7, 0xDC, 0xDB, 0x81, 0x59, 0x03, 0x6C,
    0x85, 0x89, 0xCE, 0xC1, 0xA1, 0x2D, 0x86, 0xDD, 0x70, 0xAC, 0x49, 0xE8, 0x61, 0xEA, 0x3E, 0x48,
    0xD2, 0x27, 0x97, 0xC5, 0xA6, 0x31, 0x2B, 0x66, 0x2F, 0xA8, 0xBD, 0x1D, 0xB6, 0x56, 0xB2, 0xB5,
    0xA0, 0x2D, 0x16, 0x8D, 0x8B, 0xAA, 0x0A, 0xD2, 0x51, 0x56, 0x25, 0x34, 0x77, 0x30, 0x19, 0xB3,
    0x44, 0x67, 0xB2, 0xE5, 0x5B, 0x6D, 0xE1, 0x3F, 0xB6, 0x58, 0x45, 0x6C, 0x31, 0x8B, 0xD8, 0x62,
    0xFC, 0x94, 0xDA, 0xA7, 0xBC, 0x16, 0x6C, 0x56, 0x44, 0xE0, 0x4B, 0x98, 0xE3, 0xC5, 0xF7, 0xED,
    0x2E, 0xBF, 0x6B, 0x25, 0xE3, 0x22, 0x5A, 0xCD, 0xE6, 0x4C, 0x20, 0x1D, 0x27, 0x85, 0xF4, 0xC6,
    0x7C, 0x02, 0xAF, 0x5C, 0xB4, 0xD4, 0xCC, 0x44, 0xDC, 0x23, 0x58, 0xBD, 0x81, 0xF2, 0x29, 0xBF,
    0x84, 0xD2, 0xFF, 0x10, 0xD6, 0x52, 0x58, 0xD2, 0x40, 0x50, 0x09, 0x4E, 0xCD, 0x28, 0x47, 0x0B,
    0x4B, 0x25, 0x86, 0x60, 0x90, 0xA1, 0x83, 0x7A, 0x88, 0x71, 0x07, 0x66, 0xB7, 0x53, 0xEF, 0x84,
    0x49, 0xD9, 0xFD, 0x1A, 0x1B, 0xDC, 0x9A, 0xE8, 0x1A, 0x98, 0x74, 0x53, 0xCA, 0xF6, 0x0E, 0xE8,
    0x2F, 0x67, 0x2E, 0x55, 0x18, 0x3A, 0x02, 0x89, 0x80, 0x91, 0x46, 0x77, 0x78, 0x7D, 0xFB, 0x8F,
    0x89, 0xBE, 0x15, 0x15, 0xA8, 0x9C, 0xC3, 0xB0, 0x3D, 0x49, 0xB0, 0x10, 0x12, 0xF5, 0x73, 0x8A,
    0x3E, 0x51, 0x42, 0xC7, 0x08, 0x23, 0x1C, 0xFF, 0x38, 0x00, 0x2C, 0xBB, 0xEF, 0x40, 0x1D, 0x34,
    0xDE, 0x08, 0x1C, 0xAD, 0x6D, 0x5E, 0x0A, 0x1C, 0x2B, 0x28, 0xE2, 0x4A, 0x35, 0x47, 0x70, 0x8C,
    0xC6, 0x8C, 0x18, 0x9C, 0xC9, 0xF9, 0xF0, 0xE5, 0x15, 0xC0, 0x1E, 0x8D, 0xBF, 0x63, 0xA1, 0x00,
    0x8C, 0x53, 0x75, 0x55, 0x54, 0xED, 0xDC, 0x2D, 0xA6, 0xDD, 0x44, 0x5D, 0xA7, 0xCE, 0x45, 0x4B,
    0x33, 0x88, 0x75, 0x77, 0x66, 0xA0, 0x18, 0x96, 0x66, 0x72, 0x96, 0x8A, 0x0A, 0x33, 0x33, 0x04,
    0xED, 0x19, 0xC7, 0xE2, 0x3C, 0x68, 0x0B, 0x69, 0x30, 0xFD, 0x01, 0x74, 0x54, 0x6E, 0x00, 0xE7,
    0xEB, 0xDF, 0xBC, 0x9D, 0xE3, 0x6A, 0x5F, 0x38, 0xB1, 0x05, 0x68, 0x74, 0xB4, 0x38, 0xBC, 0x37,
    0x8D, 0x73, 0x86, 0x50, 0x22, 0x51, 0x5B, 0x12, 0x31, 0x55, 0xE4, 0xA9, 0x64, 0x29, 0x55, 0x98,
    0x24, 0x16, 0x71, 0xFD, 0x7C, 0x86, 0x22, 0x7A, 0x76, 0xDC, 0x9D, 0x24, 0x49, 0xAC, 0xBE, 0x69,
    0x83, 0x2F, 0x39, 0x03, 0x48, 0xC7, 0x01, 0x17, 0x97, 0x6F, 0x7D, 0x7C, 0x9C, 0xA1, 0x1A, 0xC0,
    0xC9, 0x4D, 0xED, 0x9A, 0x9F, 0xB3, 0xDA, 0x6A, 0xC0, 0xB4, 0x87, 0x25, 0xAB, 0x04, 0x17, 0xA1,
    0xC5, 0xBD, 0xE3, 0x46, 0x7F, 0xB1, 0xF8, 0xF8, 0xBB, 0x7E, 0xD4, 0x98, 0x54, 0x80, 0x36, 0x20,
    0xB1, 0x26, 0xC3, 0x8F, 0xC6, 0x4F, 0x2C, 0x12, 0xE4, 0x3E, 0x43, 0x9C, 0xDB, 0x75, 0x64, 0xF1,
    0xC4, 0xE2, 0x43, 0x3E, 0x9E, 0xF0, 0xA6, 0xCF, 0x8E, 0x19, 0x3A, 0xBB, 0xB8, 0x98, 0x5C, 0xE9,
    0x45, 0x39, 0x2C, 0x8B, 0x11, 0x68, 0x2F, 0x9E, 0x00, 0x44, 0x84, 0x23, 0x1F, 0x59, 0xF1, 0x52,
    0xA1, 0xF8, 0xE0, 0x27, 0x7A, 0x23, 0x46, 0xAD, 0xAE, 0x9C, 0x0D, 0x99, 0x44, 0x01, 0x57, 0x18,
    0xD6, 0x98, 0xF8, 0x35, 0x19, 0x46, 0xC8, 0xEA, 0x1B, 0xE4, 0x62, 0x63, 0x87, 0x0A, 0x9F, 0xB7,
    0x17, 0x70, 0x15, 0xD7, 0x49, 0x03, 0xD2, 0x6E, 0x72, 0xE5, 0xA3, 0x36, 0xEF, 0xBD, 0xC0, 0xD1,
    0x6E, 0x84, 0x51, 0x55, 0x4E, 0x43, 0xAE, 0x76, 0xF6, 0xCF, 0x4A, 0xC3, 0xAD, 0x71, 0x9B, 0x6E,
    0x15, 0x98, 0xE2, 0x3E, 0x57, 0xD2, 0x4E, 0x20, 0x0B, 0x3A, 0x0E, 0x0B, 0x3A, 0x0E, 0x0B, 0x3A,
    0x04, 0x09, 0xE7, 0x52, 0x68, 0x73, 0xC0, 0x1B, 0xAD, 0x44, 0x35, 0xB7, 0x89, 0xBF, 0x57, 0xBA,
    0xB4, 0x4E, 0xCA, 0x7D, 0xD2, 0x2B, 0x9D, 0xEA, 0x2A, 0xCC, 0xE0, 0x53, 0xC9, 0xC6, 0x25, 0xD9,
    0x35, 0x78, 0x51, 0xBD, 0xCF, 0x6B, 0x30, 0x0E, 0x46, 0xFA, 0x54, 0xD9, 0x07, 0x5A, 0x71, 0x97,
    0x56, 0x62, 0x02, 0x51, 0x59, 0xD6, 0x02, 0xAC, 0x31, 0x5C, 0xDA, 0x03, 0x9B, 0x0C, 0x1B, 0x0C,
    0x23, 0x7B, 0x08, 0x43, 0x40, 0x12, 0x5A, 0x2C, 0xD4, 0xBA, 0x18, 0x42, 0xCB, 0xCD, 0xD1, 0x93,
    0x8B, 0xAA, 0x40, 0x70, 0xCE, 0xEE, 0x61, 0x0F, 0x15, 0xAB, 0x6D, 0x25, 0xEF, 0x4E, 0x7F, 0x1E,
    0xEF, 0xEB, 0xC0, 0xED, 0x1F, 0x11, 0x3C, 0x58, 0xE2, 0x5A, 0xC7, 0x0C, 0x69, 0xCE, 0x9E, 0xF1,
    0xD5, 0xE2, 0xD9, 0xC5, 0x07, 0xF9, 0x48, 0x8B, 0x1D, 0xCF, 0xC6, 0x76, 0xFB, 0xD3, 0x5F, 0x7A,
    0xC2, 0xF0, 0x97, 0x8E, 0x97, 0x2C, 0xC0, 0x19, 0x40, 0x1C, 0xF7, 0x9A, 0x38, 0xE2, 0x35, 0xE9,
    0xAC, 0xE9, 0x36, 0xAA, 0xF8, 0x16, 0x14, 0x2F, 0xB0, 0x55, 0xE3, 0xD0, 0x97, 0x17, 0x73, 0x0A,
    0xBA, 0xDB, 0x0C, 0x57, 0x70, 0x85, 0x90, 0x3C, 0x73, 0xA8, 0xAD, 0xA2, 0x93, 0xA4, 0x4C, 0x68,
    0x61, 0xFC, 0xA3, 0x47, 0xFD, 0x35, 0xAE, 0xE9, 0xB4, 0x3B, 0xEB, 0x55, 0x0B, 0x1A, 0x32, 0x83,
    0x12, 0xAE, 0xE2, 0x45, 0x19, 0xAD, 0x76, 0x96, 0x9A, 0x29, 0xC5, 0xCF, 0x6A, 0x42, 0xB8, 0x88,
    0x8C, 0x36, 0x87, 0x59, 0x15, 0x03, 0xC4, 0xC7, 0x45, 0xB4, 0xAC, 0x8B, 0xCB, 0x0A, 0x55, 0x73,
    0xCF, 0x3A, 0xBC, 0x8A, 0x2A, 0x8E, 0x18, 0xDD, 0x44, 0x42, 0xFF, 0xC4, 0xC6, 0x1A, 0x69, 0x6C,
    0x69, 0x72, 0x68, 0x5A, 0x75, 0xAE, 0x54, 0x59, 0x86, 0xC4, 0x26, 0xE8, 0xAF, 0x8B, 0x1C, 0xA8,
    0xEF, 0xD4, 0x5B, 0xA4, 0xB3, 0xE8, 0x9C, 0xD6, 0x38, 0x68, 0x5E, 0x59, 0xBC, 0xB8, 0xE8, 0x2A,
    0xFD, 0x12, 0xE3, 0x3F, 0xD7, 0xD1, 0x1B, 0x34, 0x86, 0x1C, 0x34, 0x2E, 0xBD, 0xB7, 0xF8, 0x38,
    0x9A, 0xE4, 0xE0, 0xC8, 0xB9, 0x57, 0x68, 0xF4, 0x17, 0x80, 0xB1, 0x33, 0x3C, 0x02, 0x95, 0x99,
    0x1C, 0x50, 0xBF, 0x3D, 0x43, 0x4C, 0xC8, 0xD2, 0xC3, 0x19, 0x92, 0xB3, 0x6C, 0xCB, 0x9F, 0xA1,
    0x4F, 0x2B, 0x94, 0xE9, 0x92, 0x39, 0x35, 0xB3, 0x9C, 0xC8, 0xBE, 0x2C, 0x97, 0x8D, 0x71, 0x91,
    0x11, 0x95, 0x96, 0x7D, 0xDA, 0x1D, 0x75, 0x64, 0x65, 0xBD, 0x29, 0x37, 0xCF, 0xE5, 0x71, 0x47,
    0x6C, 0xCF, 0xDD, 0xD1, 0x24, 0xCD, 0x40, 0x63, 0x21, 0x17, 0x3A, 0xA4, 0xEC, 0x41, 0xC3, 0xF5,
    0x2C, 0x92, 0x82, 0x92, 0x73, 0x87, 0x1E, 0x5F, 0x97, 0x98, 0xA7, 0xA0, 0x1C, 0xD7, 0x5F, 0x7C,
    0x20, 0x1B, 0x84, 0x32, 0x0C, 0xA5, 0x17, 0x0F, 0x84, 0x6A, 0x33, 0xC3, 0xE4, 0x5A, 0x88, 0x52,
    0xD8, 0x4F, 0x0A, 0x07, 0xD3, 0x02, 0x9A, 0xA8, 0xAF, 0xD7, 0x5F, 0x6C, 0x8B, 0xC1, 0xFF, 0x78,
    0x4A, 0x5D, 0x12, 0xE9, 0xFB, 0x30, 0x89, 0x3B, 0x3B, 0x2F, 0xF1, 0x0D, 0x5C, 0xA8, 0xC0, 0x6D,
    0xC2, 0xF1, 0x75, 0xD1, 0x0A, 0x88, 0x6A, 0x98, 0x3F, 0xE9, 0x43, 0x04, 0xA8, 0x3E, 0xB7, 0x6A,
    0x78, 0x5B, 0xBC, 0x7D, 0x07, 0x27, 0x2D, 0x49, 0x06, 0xDD, 0x44, 0x0C, 0xB7, 0x19, 0x38, 0xF7,
    0x7C, 0x46, 0x9A, 0xD6, 0x50, 0xEA, 0x41, 0x8D, 0xB7, 0xF8, 0x8F, 0xAA, 0x58, 0xFD, 0x0E, 0x0D,
    0x67, 0x39, 0x34, 0x04, 0xFA, 0x7B, 0xB2, 0x94, 0xB3, 0x90, 0x45, 0xAF, 0x04, 0x5E, 0xF6, 0x91,
    0xFA, 0xF0, 0x0A, 0xE7, 0x80, 0xFB, 0x11, 0xA7, 0x62, 0x6C, 0x40, 0xE4, 0xF2, 0x88, 0xA7, 0xD2,
    0x84, 0x16, 0x49, 0x48, 0x36, 0x5D, 0xEB, 0x1A, 0xD0, 0x1F, 0x05, 0x75, 0x6D, 0x86, 0x05, 0x92,
    0xFF, 0x3D, 0x35, 0xA7, 0xF5, 0xCD, 0x1B, 0x6A, 0xF9, 0x54, 0xA4, 0x5A, 0xE1, 0xD2, 0x3C, 0x4B,
    0xDC, 0x18, 0xB1, 0xA9, 0xB2, 0x14, 0x9D, 0x90, 0xB2, 0x6D, 0x60, 0x17, 0x55, 0xA8, 0x99, 0x83,
    0xE6, 0x28, 0x5E, 0xB5, 0xFD, 0x4D, 0x50, 0x31, 0x23, 0xEE, 0xE7, 0xD8, 0x92, 0x92, 0xB3, 0xB9,
    0x3A, 0x28, 0xD8, 0x22, 0x1A, 0x98, 0xC6, 0xA8, 0x31, 0x9E, 0x0E, 0x71, 0x09, 0xFA, 0x68, 0x6C,
    0x6F, 0xE9, 0x6F, 0xFA, 0xCC, 0x81, 0x3E, 0x76, 0xB9, 0x69, 0x49, 0xC1, 0x79, 0x14, 0xB4, 0xF8,
    0xFF, 0xFA, 0xF8, 0x8B, 0x38, 0x29, 0xDC, 0xBD, 0xD5, 0xDF, 0xCB, 0x59, 0x30, 0x44, 0xA8, 0x5C,
    0xD9, 0x05, 0x8E, 0xE5, 0xBA, 0x2C, 0xDE, 0xE7, 0xCE, 0x71, 0xC6, 0xFF, 0x78, 0x26, 0x01, 0x51,
    0x8D, 0x3F, 0x15, 0xBB, 0xF7, 0xD1, 0x28, 0xBC, 0xA7, 0xCA, 0xDB, 0xFF, 0x96, 0x90, 0x51, 0xF3,
    0x6D, 0xDE, 0x5A, 0xC0, 0x72, 0x67, 0x58, 0x5F, 0xA2, 0x79, 0x3C, 0xAD, 0xBB, 0x8D, 0xC4, 0xE3,
    0x35, 0x0F, 0xAE, 0x1A, 0x31, 0x61, 0x6A, 0x64, 0xE1, 0x31, 0xB1, 0x90, 0xF5, 0xEB, 0x28, 0xAB,
    0x35, 0x97, 0x89, 0x5E, 0x36, 0x61, 0x1D, 0x53, 0x5A, 0x87, 0x6D, 0xE7, 0x55, 0x71, 0xCA, 0x62,
    0xDE, 0x8E, 0xDC, 0x68, 0x05, 0xEA, 0x3E, 0x68, 0xBD, 0x57, 0x11, 0xB2, 0xFB, 0x44, 0x34, 0x95,
    0x51, 0x70, 0x53, 0x4F, 0xC5, 0xFE, 0xD6, 0x73, 0x54, 0x84, 0x1B, 0x40, 0x5F, 0xFF, 0x64, 0x38,
    0x72, 0x3D, 0x3F, 0xC1, 0xDB, 0xE7, 0xC9, 0x2D, 0xB1, 0xC5, 0x77, 0xD4, 0x7E, 0x7B, 0x54, 0x0D,
    0xD3, 0x89, 0x58, 0xAD, 0xEC, 0x09, 0x1C, 0x29, 0x6D, 0xBE, 0x4F, 0x51, 0x9D, 0x4C, 0x6E, 0x2F,
    0x97, 0x9F, 0x33, 0x7E, 0x08, 0x68, 0xBF, 0x0A, 0x58, 0x35, 0x01, 0x4B, 0x0C, 0xD5, 0x08, 0xCC,
    0x64, 0x65, 0xCA, 0x11, 0x28, 0x73, 0xAE, 0xA2, 0x81, 0x7F, 0x89, 0xB7, 0x5A, 0xE9, 0xF3, 0x0B,
    0x0B, 0xFB, 0xC1, 0x9D, 0x7A, 0x7D, 0x2B, 0xB9, 0x26, 0xFB, 0xC3, 0xB2, 0xD0, 0x85, 0x58, 0x46,
    0x35, 0x9B, 0x19, 0x35, 0x8F, 0x67, 0xAA, 0x56, 0xFA, 0x29, 0x5C, 0xCA, 0x66, 0x44, 0x3A, 0xD8,
    0xBD, 0xCF, 0x80, 0xC9, 0x2A, 0xAF, 0x5E, 0x77, 0xF7, 0x50, 0x86, 0x44, 0xEB, 0xDD, 0x81, 0xC9,
    0x2A, 0x29, 0x67, 0x0E, 0xBE, 0x8F, 0x85, 0x4E, 0x4B, 0x00, 0xA2, 0xFE, 0x95, 0x36, 0x34, 0xCE,
    0xA2, 0x77, 0xB6, 0x28, 0x69, 0xC3, 0xBD, 0xAC, 0x66, 0xDC, 0xE2, 0x35, 0x6D, 0x75, 0xAC, 0x1B,
    0xB2, 0x67, 0x43, 0xEB, 0xAA, 0xAA, 0x5E, 0xC5, 0xAF, 0xEA, 0x17, 0xA7, 0xA9, 0xF3, 0x77, 0x8B,
    0x90, 0x22, 0xFD, 0xB2, 0x6F, 0xD6, 0xD0, 0xE7, 0xAC, 0xAB, 0xDD, 0x57, 0x1E, 0x4C, 0xE6, 0x73,
    0x7F, 0x95, 0x78, 0x76, 0xAF, 0x4A, 0x4C, 0x92, 0x70, 0x57, 0xB4, 0x6D, 0xA2, 0x6E, 0xBC, 0xD9,
    0x13, 0x11, 0xF0, 0xB7, 0x69, 0x8C, 0xFA, 0xAA, 0x4A, 0xBA, 0xE1, 0x85, 0xF2, 0x48, 0x3C, 0x64,
    0x26, 0x8A, 0x5A, 0x5E, 0x9B, 0x74, 0x42, 0xEA, 0x8E, 0xDE, 0x4E, 0x33, 0x7A, 0xDF, 0x31, 0x66,
    0x04, 0xD9, 0xF8, 0x90, 0x68, 0xC0, 0x5E, 0x09, 0x9E, 0xAC, 0xD7, 0x9F, 0xF5, 0x61, 0x12, 0xBC,
    0x3C, 0x7A, 0x5C, 0x60, 0x99, 0x08, 0x85, 0x1F, 0xCD, 0xD6, 0xBF, 0x49, 0xB0, 0xA4, 0x72, 0xFB,
    0x42, 0x39, 0x2B, 0x57, 0xF2, 0x3E, 0x67, 0x09, 0x1C, 0x7D, 0x9A, 0x11, 0x7B, 0x8D, 0xA4, 0xB4,
    0xC1, 0x54, 0x06, 0x1F, 0x24, 0x7F, 0x67, 0x07, 0xA6, 0x44, 0x93, 0xCD, 0x84, 0x45, 0xAE, 0x81,
    0x75, 0x11, 0xA2, 0xA1, 0xDE, 0x07, 0xF6, 0x17, 0xDF, 0x86, 0xB1, 0x73, 0x56, 0x8F, 0x38, 0xB6,
    0xE1, 0x62, 0x67, 0xE0, 0x9C, 0x4E, 0x7C, 0x66, 0x2D, 0xD8, 0x21, 0x4D, 0x76, 0x84, 0x23, 0xAE,
    0xA0, 0xA1, 0xF7, 0x00, 0xAB, 0x21, 0x60, 0x41, 0x89, 0xDD, 0x72, 0x2F, 0x14, 0xC7, 0x39, 0x21,
    0x57, 0xC4, 0x81, 0xDC, 0x4F, 0xA6, 0x6C, 0x7D, 0xCF, 0x3E, 0x18, 0xBC, 0x16, 0x47, 0x2D, 0x07,
    0x90, 0x49, 0x47, 0xE0, 0xE1, 0xFA, 0x4B, 0x04, 0x8B, 0x71, 0x8F, 0x60, 0x5E, 0xE5, 0x6F, 0x01,
    0x8B, 0xF5, 0x8B, 0x99, 0x2B, 0x71, 0xEF, 0xDD, 0x23, 0x4F, 0xCB, 0x58, 0x0E, 0x18, 0xBD, 0x78,
    0x43, 0x0C, 0xB5, 0x21, 0x56, 0x71, 0x40, 0x8D, 0xF4, 0xFC, 0xBA, 0xCB, 0x6C, 0xC6, 0xB3, 0xB8,
    0xA2, 0x51, 0x91, 0x69, 0xD0, 0x1C, 0xC3, 0x31, 0x86, 0x27, 0x61, 0x5E, 0x3E, 0xBF, 0x32, 0xA0,
    0x79, 0xBB, 0xE4, 0x2B, 0x59, 0xF1, 0xB2, 0xB2, 0x79, 0x0F, 0x9B, 0x7D, 0x60, 0x66, 0xDD, 0xCB,
    0x11, 0x68, 0xB7, 0x77, 0xDE, 0x1C, 0x8B, 0x04, 0x1E, 0xAE, 0x5F, 0x30, 0xA0, 0x8C, 0xF4, 0x08,
    0xE6, 0x61, 0x2C, 0xFD, 0x04, 0x88, 0xD1, 0x48, 0xAF, 0x57, 0xFB, 0xE0, 0x0C, 0xC1, 0xBD, 0x6F,
    0x5C, 0xE0, 0xB1, 0xD9, 0xAF, 0x27, 0x79, 0x86, 0xA5, 0x5D, 0x10, 0x9E, 0xA5, 0x77, 0xFD, 0xEB,
    0x24, 0xA6, 0xFD, 0xAE, 0x8F, 0x10, 0x78, 0x1C, 0x5F, 0x71, 0x01, 0xFF, 0xDC, 0x03, 0xFC, 0xC0,
    0x27, 0x68, 0x04, 0x34, 0xBA, 0x91, 0xE5, 0x6D, 0x12, 0x5C, 0x51, 0xE5, 0x87, 0xFC, 0x0F, 0x3A,
    0xCA, 0xA2, 0xBB, 0x08, 0xC3, 0x9E, 0xBD, 0xAD, 0x9E, 0xD0, 0x80, 0xD5, 0xD7, 0xD2, 0x9E, 0x18,
    0xDE, 0xD2, 0x28, 0xBC, 0xCE, 0x7D, 0x88, 0xD6, 0xB6, 0xBF, 0xFD, 0xBB, 0xFB, 0x9D, 0xE5, 0xE3,
    0xE8, 0xE7, 0x87, 0xD4, 0x07, 0x85, 0xE3, 0x36, 0xC3, 0x19, 0x86, 0xCB, 0x0C, 0x23, 0x86, 0xFC,
    0x7C, 0x79, 0xD7, 0xDE, 0x9E, 0x8C, 0x46, 0x2A, 0x64, 0xB7, 0xF7, 0xAA, 0xED, 0xE6, 0x33, 0x29,
    0x6F, 0x31, 0x38, 0x91, 0x08, 0x48, 0x33, 0xCB, 0xA8, 0xB3, 0x0C, 0xA8, 0x71, 0x79, 0x75, 0xA3,
    0x03, 0x0F, 0x46, 0x71, 0x63, 0x7A, 0x7D, 0xFB, 0xFC, 0x5C, 0x05, 0x47, 0x0E, 0x56, 0xC4, 0x99,
    0x71, 0x6B, 0xC8, 0xC4, 0xBF, 0xC2, 0xCC, 0x65, 0xE4, 0x27, 0x35, 0x66, 0xCA, 0x2E, 0x69, 0x91,
    0xCD, 0x1E, 0x9B, 0x28, 0xC7, 0xBB, 0x5F, 0x8D, 0x34, 0xD5, 0xF8, 0xBB, 0xB8, 0xA4, 0x1C, 0xBF,
    0x70, 0xD3, 0x4B, 0x06, 0x4F, 0x99, 0x5C, 0xDB, 0xB9, 0xC0, 0x2A, 0x24, 0xBE, 0xE7, 0x27, 0x3E,
    0x37, 0xF1, 0xBF, 0xC5, 0xC1, 0x23, 0x9D, 0x22, 0x07, 0x80, 0x79, 0x7C, 0xEE, 0xDE, 0x7D, 0x8D,
    0x87, 0x5A, 0x12, 0x82, 0x27, 0x7E, 0x91, 0x51, 0x5D, 0x8D, 0xB8, 0xE5, 0xF4, 0xD6, 0xB9, 0x9D,
    0x3A, 0x69, 0xB1, 0x11, 0x8A, 0xB5, 0x56, 0xD4, 0x00, 0xD6, 0xB7, 0x2E, 0x84, 0xAD, 0x90, 0x9E,
    0x1E, 0x4E, 0xBB, 0x07, 0x50, 0x1F, 0x5B, 0xD9, 0x5A, 0xB0, 0x53, 0x5F, 0xB5, 0x74, 0x9A, 0x94,
    0xC8, 0x34, 0xBC, 0x1F, 0x43, 0x53, 0xEF, 0xBE, 0xAF, 0xC2, 0x93, 0x5B, 0x17, 0x7E, 0xF8, 0x40,
    0x40, 0x77, 0xBD, 0x7B, 0x09, 0x25, 0x28, 0xAF, 0xBC, 0xE9, 0x4D, 0x6F, 0x9D, 0x0F, 0x3F, 0x56,
    0x2B, 0x71, 0x27, 0x3C, 0x8B, 0xB7, 0xA0, 0x3A, 0x0C, 0xC1, 0x16, 0x36, 0xA5, 0x7B, 0xE7, 0xA7,
    0xB8, 0xF2, 0xFD, 0x57, 0xBA, 0x78, 0x3B, 0xFD, 0x9B, 0x62, 0x9F, 0x83, 0x26, 0x94, 0x49, 0x36,
    0xB5, 0x13, 0x9D, 0x84, 0x67, 0xD8, 0x61, 0x69, 0x38, 0x10, 0x6D, 0x3B, 0x44, 0xD3, 0xD4, 0xAF,
    0x72, 0x6C, 0x96, 0xD1, 0x45, 0x58, 0x56, 0x60, 0xFC, 0x2D, 0x1B, 0x88, 0x8C, 0x17, 0x50, 0xE5,
    0x24, 0xB2, 0x1E, 0xA2, 0xE1, 0x9A, 0xBF, 0x68, 0xC3, 0x65, 0x59, 0x2A, 0xFE, 0x21, 0x8B, 0xDB,
    0x24, 0x74, 0x26, 0x49, 0x78, 0x9C, 0x6F, 0xD7, 0x54, 0xF3, 0x1D, 0x89, 0xEA, 0x5A, 0x71, 0xB9,
    0x74, 0x91, 0xA5, 0xA4, 0x6E, 0x51, 0x5A, 0x56, 0x06, 0x37, 0x39, 0x12, 0x9E, 0x23, 0x45, 0x35,
    0xD1, 0xE4, 0x06, 0x48, 0x26, 0x14, 0x34, 0xD9, 0x6D, 0xC2, 0x53, 0xEA, 0xD6, 0xCA, 0x85, 0xF0,
    0xD2, 0x8C, 0x75, 0xBF, 0x93, 0x96, 0xCB, 0x10, 0xE2, 0x3E, 0x27, 0x5A, 0x99, 0x6C, 0x8E, 0xC7,
    0x54, 0x39, 0x9A, 0x67, 0x4D, 0xA1, 0xC8, 0x88, 0x6B, 0x09, 0xE2, 0x86, 0x08, 0x34, 0x4B, 0x76,
    0xED, 0x39, 0x2B, 0xD5, 0x2C, 0x02, 0xE4, 0xE5, 0x9B, 0x9D, 0x33, 0x19, 0x5F, 0xD5, 0x60, 0x71,
    0x8C, 0xE2, 0x80, 0x08, 0xEE, 0xFB, 0x35, 0x62, 0xEA, 0x4F, 0x9B, 0xA1, 0xD1, 0x7D, 0xC4, 0xDA,
    0x6E, 0x27, 0xC1, 0x9D, 0xC9, 0x2E, 0x35, 0x22, 0xA2, 0x2D, 0x8B, 0xBC, 0xC6, 0x92, 0x89, 0xD2,
    0x3F, 0x12, 0x19, 0xE7, 0x6D, 0x8F, 0x83, 0xC3, 0x1E, 0x0E, 0x31, 0xDC, 0x67, 0xB9, 0x8C, 0x84,
    0xDE, 0x51, 0x67, 0x48, 0x79, 0x2D, 0x07, 0x44, 0xBF, 0x63, 0x68, 0x4D, 0x77, 0x24, 0x72, 0x54,
    0xC6, 0xF0, 0xB3, 0x7B, 0xC8, 0x46, 0x54, 0x0C, 0xE4, 0x88, 0xEC, 0x0F, 0xD9, 0xDC, 0x63, 0x0F,
    0xE0, 0xA8, 0x04, 0x2C, 0x83, 0xEB, 0xF0, 0xE0, 0x76, 0x96, 0x59, 0x46, 0x99, 0x65, 0xAB, 0x3D,
    0x04, 0x16, 0x2E, 0xB5, 0x81, 0xF0, 0xAF, 0x3E, 0x57, 0xE6, 0x2E, 0x76, 0xCE, 0xB2, 0xE3, 0x7B,
    0x2A, 0xDB, 0xAB, 0x9A, 0x78, 0x76, 0x19, 0x46, 0x80, 0x1A, 0xC3, 0xC4, 0x95, 0x23, 0xF1, 0x71,
    0xAC, 0x63, 0x15, 0xB9, 0xCF, 0x73, 0x0C, 0xEF, 0xCD, 0xD4, 0x13, 0xDD, 0xD5, 0x9F, 0x60, 0x38,
    0xD9, 0xCB, 0x12, 0x89, 0xEF, 0xA8, 0x34, 0x27, 0xD3, 0xE6, 0x24, 0xCF, 0x15, 0x64, 0x88, 0x42,
    0x7D, 0x6B, 0xB9, 0xC8, 0x3E, 0x1E, 0xE9, 0xD5, 0xD4, 0x5E, 0x2D, 0x37, 0x1B, 0x49, 0xC7, 0x13,
    0x35, 0x0A, 0xE9, 0x44, 0x14, 0x1D, 0x9C, 0xAE, 0xAF, 0x87, 0x0B, 0xA3, 0x61, 0x6F, 0x49, 0xED,
    0x93, 0x20, 0xCD, 0x20, 0xE0, 0x27, 0xB4, 0xD3, 0x88, 0xBC, 0x9B, 0xA5, 0xC0, 0x4A, 0x8D, 0xBF,
    0xDD, 0xB9, 0x38, 0x7B, 0xB7, 0x8D, 0x1A, 0xA1, 0xBE, 0xFA, 0xDE, 0x12, 0x24, 0x16, 0xBB, 0x5F,
    0x49, 0xE7, 0x65, 0x4D, 0xD8, 0xF6, 0x74, 0x2E, 0xC9, 0x42, 0xB2, 0x2C, 0xE9, 0xD8, 0xE5, 0x0D,
    0x60, 0xAC, 0x53, 0x3B, 0xB9, 0xB6, 0x53, 0x57, 0x35, 0x0E, 0x2C, 0x15, 0x03, 0xDA, 0x2D, 0x20,
    0x82, 0x53, 0xB8, 0x90, 0xC4, 0x31, 0x8D, 0x77, 0x5A, 0x1A, 0xB8, 0xBD, 0x12, 0x28, 0xCE, 0x88,
    0x04, 0x72, 0x57, 0xB3, 0x70, 0x92, 0x3A, 0xDA, 0xBB, 0x17, 0x8E, 0x8B, 0x0B, 0xFB, 0xC8, 0xA5,
    0xA2, 0x84, 0x27, 0xDF, 0x42, 0xD3, 0xCF, 0x52, 0x92, 0xC5, 0x0F, 0xB6, 0xF8, 0xBB, 0x2C, 0xFE,
    0x2E, 0x4B, 0x1D, 0x00, 0x12, 0x10, 0x85, 0xB8, 0x08, 0x78, 0xA4, 0xAD, 0xAC, 0xED, 0x8B, 0x65,
    0x0F, 0x6E, 0xAF, 0x54, 0xDE, 0x95, 0x74, 0xDB, 0x61, 0xAF, 0x24, 0x30, 0xE2, 0x66, 0xBD, 0x82,
    0x0F, 0xBE, 0xEF, 0xF0, 0xEB, 0x47, 0xEE, 0x42, 0x00, 0x05, 0x86, 0x9C, 0xE1, 0x9C, 0xC4, 0x37,
    0xE9, 0xB0, 0x6E, 0x38, 0x3A, 0x7C, 0x2B, 0x67, 0x84, 0x2B, 0x70, 0x11, 0xE8, 0x9F, 0x3E, 0x83,
    0x1D, 0xA8, 0xDE, 0xF8, 0x80, 0xD3, 0x03, 0xE0, 0xE7, 0x2D, 0x62, 0x66, 0xFA, 0xD8, 0x4C, 0x2D,
    0xEE, 0x8D, 0x8D, 0xF8, 0x7A, 0x65, 0x67, 0x29, 0xC0, 0x49, 0xF8, 0x68, 0x2E, 0x48, 0xAF, 0xB8,
    0xE8, 0xA8, 0x93, 0x1B, 0x67, 0x68, 0x73, 0x88, 0x66, 0x41, 0x1D, 0x26, 0x09, 0x74, 0xBE, 0x5E,
    0xE4, 0x7A, 0x57, 0x9F, 0xE7, 0xA2, 0xA6, 0x79, 0x22, 0xC3, 0x81, 0x4D, 0xD0, 0x0A, 0x73, 0x04,
    0xCB, 0x9D, 0x99, 0xBC, 0x0A, 0x9D, 0xAA, 0x43, 0x90, 0x26, 0x35, 0x4F, 0x58, 0xAF, 0x47, 0xF9,
    0xC3, 0x20, 0xB3, 0xEC, 0x66, 0xF5, 0xF2, 0x34, 0x4A, 0x55, 0x12, 0x60, 0x72, 0x44, 0xC8, 0x08,
    0x42, 0x41, 0xD8, 0xBE, 0x08, 0x7F, 0xF7, 0x50, 0x82, 0xDB, 0xBD, 0x8D, 0x0F, 0xA1, 0xF0, 0x76,
    0xFD, 0x5C, 0x8A, 0xE7, 0x13, 0x2E, 0x30, 0x9C, 0x8E, 0x47, 0xF7, 0xA2, 0x9B, 0xE7, 0xD4, 0xE2,
    0x89, 0x17, 0x1F, 0x4B, 0xAE, 0xD4, 0x16, 0x9F, 0x78, 0x71, 0x31, 0xA1, 0x1B, 0x7B, 0xED, 0x3B,
    0x27, 0xB3, 0x76, 0x6D, 0x31, 0xF5, 0x90, 0x80, 0xB1, 0xC9, 0x0C, 0xBB, 0x34, 0x0A, 0xB3, 0x67,
    0x17, 0x46, 0xB2, 0xB8, 0x92, 0xAC, 0x90, 0x4F, 0x6E, 0x1C, 0x8D, 0x77, 0x94, 0x5B, 0xD6, 0xB0,
    0x17, 0x86, 0xDA, 0xD0, 0x50, 0xEC, 0x11, 0x46, 0x20, 0x08, 0x24, 0x91, 0x16, 0x12, 0xF7, 0xD1,
    0x43, 0xBA, 0x12, 0x95, 0x85, 0x35, 0xE4, 0x03, 0x99, 0x3E, 0x57, 0xD2, 0xB3, 0x5D, 0x6A, 0x66,
    0x91, 0xC6, 0x1C, 0x62, 0x9F, 0x0C, 0xC5, 0xAE, 0x92, 0x31, 0x34, 0x77, 0xDE, 0xE4, 0x45, 0x86,
    0xD8, 0x60, 0xF5, 0xAC, 0x79, 0x91, 0x89, 0x54, 0xA4, 0x6F, 0xC3, 0xE4, 0xC0, 0x9B, 0x85, 0xA4,
    0x50, 0x8E, 0xC8, 0x59, 0x3A, 0xF2, 0xBF, 0x62, 0xFD, 0x9C, 0xA2, 0xB5, 0x77, 0x09, 0xE5, 0x13,
    0xF4, 0x57, 0x7F, 0x24, 0x4E, 0xB3, 0xE8, 0x2E, 0x12, 0x15, 0xB1, 0x39, 0x8A, 0xF1, 0x97, 0xA8,
    0x79, 0x67, 0xBC, 0xF6, 0x5E, 0x7A, 0xBC, 0x6B, 0x7A, 0x74, 0xFC, 0xEF, 0xAC, 0x5F, 0x89, 0xFB,
    0xAB, 0xCA, 0x2A, 0xFE, 0x08, 0xBB, 0x95, 0x63, 0xD0, 0x72, 0x05, 0xC0, 0x3C, 0x8A, 0x66, 0xD6,
    0x37, 0x51, 0xF7, 0x6C, 0x98, 0x52, 0xB4, 0xD7, 0x88, 0x2E, 0xB5, 0xEA, 0x96, 0x52, 0x62, 0xD1,
    0x2D, 0x26, 0x86, 0xB7, 0xCC, 0x0E, 0x85, 0x7A, 0x36, 0x8B, 0x48, 0x08, 0x07, 0xFB, 0xC5, 0xED,
    0x96, 0x28, 0xE2, 0xF6, 0xC0, 0x97, 0xB5, 0x31, 0x74, 0x1B, 0xF0, 0x6E, 0x49, 0xBC, 0x31, 0x08,
    0x9B, 0xE7, 0xC4, 0x54, 0x47, 0xF0, 0x98, 0xCD, 0xDC, 0x4D, 0x20, 0x8F, 0xA3, 0xE9, 0x16, 0x60,
    0x38, 0x0A, 0xA0, 0x36, 0x69, 0x61, 0x81, 0x6E, 0xAC, 0x6F, 0xB7, 0xEA, 0xDB, 0xDE, 0x3E, 0x02,
    0xBF, 0x28, 0x8C, 0x1F, 0x2D, 0x7E, 0xF6, 0xB2, 0x2F, 0x16, 0xFC, 0x04, 0x8A, 0x55, 0x71, 0xF1,
    0xD4, 0xA2, 0x3B, 0x62, 0xF0, 0x48, 0xBC, 0x84, 0xF5, 0xF5, 0xFA, 0x45, 0x6C, 0xA1, 0x0B, 0x1C,
    0xDF, 0x0F, 0x92, 0x0A, 0x7F, 0xA7, 0xB2, 0x27, 0xCE, 0xAB, 0x5D, 0xB5, 0x9D, 0xF6, 0x71, 0x88,
    0x27, 0xF6, 0x57, 0x23, 0x4E, 0xD8, 0xE1, 0x2E, 0x1E, 0x2E, 0xDD, 0x94, 0x8C, 0x3D, 0x3F, 0x71,
    0x1C, 0x26, 0x59, 0x0F, 0x49, 0xC3, 0xE3, 0x07, 0xA6, 0x79, 0x37, 0x17, 0x02, 0x60, 0x9B, 0x97,
    0x57, 0x90, 0x4D, 0x83, 0x66, 0xA0, 0x78, 0x22, 0x64, 0x83, 0x86, 0xC0, 0xC2, 0xC4, 0x60, 0x20,
    0x9B, 0x8B, 0x27, 0x61, 0x71, 0x95, 0xE0, 0xF8, 0xF2, 0xCE, 0xD7, 0x17, 0x66, 0x65, 0xE2, 0x92,
    0xBD, 0x31, 0xC7, 0x32, 0xE1, 0x22, 0x99, 0x50, 0x19, 0x23, 0xE9, 0xE7, 0x36, 0x4B, 0xC4, 0x86,
    0x7F, 0x87, 0xBA, 0x5B, 0x36, 0x6B, 0xCF, 0x0F, 0x9B, 0xB7, 0x45, 0x26, 0xFF, 0x0F, 0xEB, 0x24,
    0x59, 0xEE, 0x3E, 0xE7, 0x17, 0x61, 0x4B, 0x31, 0xBC, 0xF1, 0xC5, 0xC7, 0xD2, 0x32, 0x84, 0xCA,
    0xF8, 0x6D, 0x7A, 0x98, 0xA7, 0xCC, 0x47, 0xD9, 0x50, 0xCA, 0x81, 0x26, 0x1E, 0xF5, 0xB3, 0xC8,
    0x05, 0x7A, 0x89, 0x85, 0x89, 0x41, 0x96, 0x77, 0xE1, 0x26, 0x19, 0xF7, 0x2A, 0xE1, 0xC4, 0x44,
    0xEB, 0x07, 0xF1, 0x79, 0x55, 0x29, 0xDF, 0xE0, 0xFD, 0x8E, 0xC6, 0xD4, 0xF0, 0x1F, 0x58, 0xD5,
    0x98, 0x2A, 0xF1, 0xE6, 0x5B, 0x45, 0xB6, 0x26, 0xDB, 0xEE, 0x0C, 0xEB, 0x01, 0x33, 0xEC, 0xA0,
    0x99, 0xE1, 0xB4, 0x5D, 0xA4, 0x2A, 0x28, 0x77, 0x86, 0x23, 0xE3, 0x67, 0x12, 0x16, 0xD0, 0x4F,
    0xE0, 0x5E, 0x83, 0x9A, 0x95, 0x45, 0xAC, 0x9B, 0x18, 0xDD, 0xAA, 0x71, 0x9A, 0x4D, 0x94, 0xBD,
    0x66, 0x6C, 0x40, 0x55, 0x8A, 0x1A, 0xCB, 0xE4, 0x20, 0xE4, 0x10, 0x0A, 0x38, 0x1C, 0xD1, 0x0C,
    0xB9, 0x41, 0x25, 0x5F, 0x1B, 0xB9, 0xCD, 0xCF, 0xFA, 0xF6, 0x9D, 0xEA, 0xA0, 0xFD, 0x90, 0x67,
    0x13, 0xC7, 0x99, 0x25, 0xF1, 0x07, 0xE9, 0x9D, 0x45, 0x65, 0x93, 0xD2, 0xDA, 0x5E, 0x56, 0xDA,
    0x79, 0x92, 0xDB, 0x58, 0x4A, 0x28, 0x23, 0x7F, 0x8E, 0xE4, 0xDA, 0xA5, 0xFB, 0xB6, 0xD7, 0x42,
    0x35, 0xB5, 0x24, 0x38, 0xB0, 0xC4, 0x21, 0x1F, 0xB4, 0xE0, 0x10, 0x95, 0x4A, 0xCD, 0xF2, 0x1C,
    0x37, 0xB3, 0x1D, 0x6E, 0x38, 0xBD, 0x63, 0x49, 0x42, 0xB3, 0x96, 0xF4, 0x1E, 0x02, 0xA9, 0x97,
    0x56, 0x50, 0xF0, 0x58, 0x2D, 0xD1, 0xE3, 0x5B, 0x24, 0x7A, 0x4C, 0x65, 0x28, 0x60, 0x61, 0x7C,
    0x71, 0x71, 0x81, 0x64, 0x40, 0xAE, 0x76, 0x88, 0xD8, 0x2C, 0x13, 0x64, 0xAE, 0x51, 0x74, 0x71,
    0x64, 0x46, 0xD9, 0x8B, 0x8B, 0x84, 0x41, 0x1C, 0xB3, 0x35, 0xCB, 0xBF, 0x2F, 0xCB, 0x95, 0x2A,
    0x2D, 0x7F, 0xA1, 0x6C, 0x08, 0xC1, 0xBD, 0xF9, 0x26, 0x51, 0xF5, 0x0B, 0xC7, 0x93, 0x4A, 0x9D,
    0xF5, 0xFA, 0xFA, 0x4B, 0xAA, 0xC9, 0xF8, 0xDD, 0xE4, 0x02, 0x4A, 0x4D, 0x13, 0xC5, 0x2A, 0x9B,
    0xBC, 0x87, 0x52, 0x93, 0xBB, 0xDD, 0xE4, 0x9D, 0xE9, 0x9B, 0x6A, 0x8A, 0x21, 0x72, 0xDC, 0x9F,
    0x54, 0xFA, 0x05, 0x70, 0x30, 0x30, 0x7C, 0x2E, 0x6D, 0xAC, 0x82, 0xC5, 0x27, 0xBE, 0xF7, 0x98,
    0x0A, 0x38, 0xF6, 0xE8, 0xEF, 0x70, 0x64, 0xFC, 0xEF, 0x0F, 0x3D, 0xF1, 0xE2, 0x42, 0xFE, 0x2D,
    0x1A, 0x94, 0x4E, 0xFE, 0xFB, 0xBC, 0x55, 0xE8, 0xEB, 0x02, 0xF1, 0xAE, 0x4A, 0xB0, 0x48, 0x3F,
    0xC7, 0x99, 0xDE, 0xDC, 0x13, 0x94, 0xD1, 0xCF, 0x60, 0x16, 0x7D, 0x0E, 0x98, 0x0F, 0x24, 0xBF,
    0xCB, 0x71, 0x39, 0x22, 0x70, 0xEF, 0x95, 0x29, 0xAC, 0x46, 0x8A, 0x16, 0xD9, 0xE1, 0x61, 0xF1,
    0x92, 0x02, 0xEB, 0xA6, 0x05, 0xCE, 0x4C, 0x29, 0xE8, 0xB2, 0x4D, 0xF0, 0x93, 0xB2, 0x92, 0x65,
    0xB9, 0x0C, 0xB6, 0x17, 0x4F, 0x61, 0x64, 0xEC, 0xBC, 0x64, 0x69, 0x91, 0x11, 0xF7, 0xAD, 0x07,
    0x03, 0xC3, 0x2F, 0x58, 0x0F, 0xD1, 0x14, 0xE6, 0xCD, 0xE7, 0x09, 0x13, 0xF2, 0xC6, 0x77, 0xB1,
    0x58, 0x8C, 0x1F, 0x03, 0x62, 0x4F, 0x30, 0x7F, 0x06, 0xE5, 0xA9, 0x3D, 0xC7, 0x88, 0x26, 0xAD,
    0x47, 0xBB, 0x76, 0xDB, 0xB6, 0x27, 0xCF, 0x55, 0x97, 0x73, 0x28, 0x73, 0x37, 0x9B, 0x23, 0xF4,
    0x0E, 0xED, 0x6E, 0x49, 0x99, 0x83, 0x4A, 0x01, 0xBB, 0x23, 0x48, 0xE4, 0x07, 0x63, 0xB0, 0x20,
    0x0A, 0x62, 0x24, 0x1C, 0x65, 0x4F, 0x03, 0x35, 0x3C, 0xCA, 0x5C, 0x52, 0x53, 0x6A, 0xD0, 0x04,
    0x9C, 0x8A, 0xA9, 0x27, 0xE2, 0xDE, 0x76, 0xBD, 0x5F, 0xC7, 0xC2, 0xE6, 0xF8, 0x32, 0xC3, 0xD3,
    0xDF, 0x96, 0xD8, 0xDD, 0x57, 0x39, 0x06, 0xBF, 0xF8, 0x20, 0x57, 0x07, 0xE9, 0x71, 0x6C, 0x41,
    0x31, 0x52, 0xC5, 0x1B, 0xEA, 0x6E, 0x6C, 0xFE, 0xD8, 0x17, 0x43, 0xD9, 0xD8, 0xA0, 0xCC, 0x61,
    0xE2, 0xBD, 0xAB, 0xC8, 0x26, 0xF7, 0x83, 0x86, 0x5D, 0x4E, 0xD2, 0x54, 0xE3, 0x0F, 0xD0, 0x4C,
    0xF7, 0xFF, 0x38, 0x73, 0x70, 0x4F, 0x23, 0xF7, 0xFD, 0xCF, 0xDC, 0xAC, 0x7C, 0xE0, 0x2F, 0x61,
    0x35, 0xFF, 0x6B, 0x1F, 0x1B, 0x24, 0x6C, 0x70, 0x92, 0xEF, 0x54, 0x05, 0x6B, 0x1F, 0xDB, 0x07,
    0x78, 0x58, 0x94, 0x15, 0x46, 0x3A, 0x55, 0x91, 0x1A, 0x8D, 0xD4, 0x40, 0xB5, 0xA9, 0x88, 0x93,
    0xBC, 0xB2, 0xCC, 0xFB, 0x55, 0xB7, 0xF9, 0x0B, 0x26, 0x57, 0xA7, 0x58, 0x47, 0x58, 0xC8, 0x90,
    0xC0, 0x06, 0x8B, 0x90, 0x0D, 0xD6, 0xD6, 0x1B, 0xA4, 0x25, 0x97, 0x04, 0x96, 0xE3, 0xEF, 0x12,
    0x9C, 0xEE, 0xBF, 0x20, 0x47, 0xE4, 0xEC, 0xDA, 0xCE, 0x66, 0xF6, 0x1A, 0xF5, 0x2D, 0x9C, 0xD5,
    0xF8, 0xCA, 0xEA, 0x0D, 0x5C, 0x33, 0x1B, 0x65, 0xAF, 0x61, 0x96, 0x78, 0x13, 0x38, 0x19, 0x01,
    0xDA, 0x41, 0xC2, 0x36, 0x13, 0xCA, 0xEC, 0xAA, 0x11, 0x56, 0x15, 0x19, 0x0F, 0x32, 0x7C, 0x86,
    0x58, 0x27, 0xC1, 0xED, 0xF3, 0xD5, 0xF8, 0xD9, 0x67, 0x7C, 0x35, 0xBD, 0xF3, 0xD0, 0x33, 0x38,
    0xFE, 0xD4, 0xFB, 0xDB, 0x75, 0xF6, 0xB8, 0xC7, 0xC9, 0xF5, 0xD7, 0x35, 0x5C, 0x1F, 0x3F, 0x7B,
    0xC9, 0x3F, 0x7E, 0xA4, 0xFF, 0xF0, 0x83, 0x7E, 0xB3, 0x1A, 0xD9, 0xBA, 0x1F, 0x1D, 0x8B, 0x66,
    0xF5, 0x57, 0x42, 0x15, 0x6D, 0xEA, 0x60, 0x85, 0xA7, 0xAB, 0xAF, 0xA1, 0x7E, 0xDF, 0x74, 0x91,
    0xB9, 0xD4, 0x19, 0x7E, 0x57, 0x9B, 0x37, 0x98, 0x80, 0x80, 0x83, 0xF4, 0xA7, 0x62, 0x88, 0x9A,
    0x29, 0x93, 0xDE, 0xCF, 0x27, 0xFA, 0x8B, 0xCB, 0x8E, 0x70, 0x7F, 0x00, 0x0F, 0xAF, 0x6D, 0x5F,
    0x50, 0xCD, 0x32, 0xC6, 0xA4, 0xA9, 0x42, 0xC3, 0xAF, 0xC6, 0x5E, 0x64, 0xBA, 0xD3, 0x7D, 0xAF,
    0x61, 0xE1, 0x1A, 0x6C, 0xF4, 0xD3, 0x3C, 0xB9, 0xB3, 0x5E, 0xE7, 0xC4, 0x5F, 0x14, 0x97, 0xC0,
    0xEC, 0x7C, 0x0B, 0x9B, 0xAB, 0x69, 0x31, 0x6F, 0x22, 0x7E, 0x03, 0xC7, 0xE7, 0xE9, 0x9A, 0xB5,
    0xED, 0x29, 0x7A, 0x02, 0x2D, 0xEC, 0x26, 0x2A, 0x8F, 0xA5, 0x74, 0xC3, 0xEA, 0x9F, 0x41, 0xF5,
    0x61, 0xD4, 0xF4, 0x6E, 0x72, 0x15, 0x81, 0xA6, 0xD6, 0x7A, 0x24, 0x2A, 0x46, 0x24, 0x46, 0x6C,
    0xE6, 0x56, 0x7F, 0x0D, 0xE8, 0x26, 0x33, 0x18, 0x19, 0xB0, 0x2F, 0x46, 0x4C, 0x2C, 0x23, 0x0D,
    0x4F, 0x88, 0x14, 0xA8, 0xDA, 0x47, 0x27, 0xB7, 0xD7, 0xEA, 0xD5, 0x18, 0x6F, 0x99, 0xDE, 0x19,
    0xF0, 0xE3, 0x83, 0x2A, 0xAA, 0xF6, 0xEE, 0x2E, 0x91, 0x96, 0xFE, 0x8D, 0x12, 0xC1, 0xCA, 0x01,
    0x82, 0x1F, 0xFF, 0x4B, 0x82, 0x13, 0xF1, 0xBF, 0xFA, 0xFB, 0x52, 0xA9, 0xDA, 0xAE, 0x5C, 0x2C,
    0x95, 0x3E, 0x1D, 0x55, 0xF2, 0x38, 0xFB, 0x69, 0x9C, 0x8D, 0xAA, 0xBF, 0xC3, 0x57, 0xF6, 0x18,
    0xE6, 0xEF, 0xE6, 0xBB, 0xD4, 0x10, 0x7E, 0x43, 0x95, 0xCA, 0x61, 0xA5, 0x63, 0x76, 0x91, 0x28,
    0xA6, 0xAF, 0xA6, 0xBC, 0x35, 0xD2, 0xB0, 0x32, 0x49, 0xB2, 0x66, 0x73, 0x71, 0xC4, 0x83, 0x32,
    0x6C, 0x70, 0xB0, 0x1A, 0xF3, 0x5F, 0xD3, 0x3B, 0xD6, 0xE2, 0x62, 0x73, 0x78, 0x65, 0x72, 0xBB,
    0x18, 0x7B, 0xAE, 0x8B, 0x34, 0x1C, 0x1F, 0xC5, 0xE8, 0x1D, 0xE9, 0x73, 0x53, 0x8D, 0x8A, 0x71,
    0xAB, 0xAB, 0x8E, 0x45, 0xF9, 0x13, 0x5F, 0x21, 0xC4, 0x8E, 0x8E, 0xDA, 0x95, 0x0A, 0x47, 0xF7,
    0x97, 0x10, 0xE4, 0x9B, 0x3F, 0x91, 0x8B, 0xF8, 0x20, 0x62, 0x45, 0xA3, 0xFC, 0x29, 0xB0, 0x90,
    0xEB, 0xAD, 0x18, 0xA5, 0xF9, 0xAE, 0xF7, 0x4F, 0xCC, 0x6F, 0x92, 0x6A, 0xED, 0xDA, 0x9D, 0x32,
    0xD2, 0xDA, 0x26, 0x17, 0x06, 0xCB, 0x80, 0xE4, 0xFD, 0x45, 0xC8, 0x42, 0x21, 0xEF, 0xB5, 0x8C,
    0x50, 0x26, 0x63, 0x77, 0x53, 0x8D, 0xF9, 0xDC, 0x7D, 0x3B, 0xC9, 0x95, 0x87, 0x1E, 0x3B, 0xF4,
    0x18, 0xB6, 0xFF, 0xE9, 0xAD, 0xD0, 0x14, 0x85, 0xC7, 0x0F, 0x9C, 0x3E, 0x3A, 0x68, 0x3E, 0xE6,
    0x46, 0x8B, 0xF9, 0x5C, 0xB9, 0x7D, 0xE8, 0x71, 0x92, 0xF1, 0xE7, 0x43, 0x11, 0x7B, 0xC2, 0x93,
    0x6B, 0xDB, 0x2F, 0x51, 0x23, 0xA9, 0x9C, 0xA1, 0xE4, 0x4E, 0x86, 0xEA, 0x3B, 0x88, 0x26, 0x0E,
    0xCD, 0x77, 0x5F, 0x45, 0x54, 0xE9, 0xCA, 0x43, 0xAF, 0xF4, 0xD4, 0x24, 0x42, 0x46, 0x49, 0x56,
    0xF4, 0x5D, 0x63, 0x24, 0x79, 0x1B, 0x0A, 0xC6, 0x44, 0xFD, 0x02, 0x58, 0x86, 0x1D, 0x77, 0x39,
    0x44, 0x5C, 0x34, 0xAF, 0x61, 0x43, 0x22, 0x29, 0xF1, 0xB2, 0xE5, 0x2A, 0x9A, 0xB8, 0x2B, 0x4E,
    0x72, 0xE7, 0xA2, 0x34, 0x7D, 0x96, 0xC9, 0xAB, 0xD7, 0x48, 0xCF, 0xB2, 0x17, 0x57, 0x5E, 0x33,
    0x78, 0x0F, 0x93, 0x87, 0x1F, 0x92, 0x7D, 0x38, 0x5E, 0xF3, 0xB8, 0x79, 0x9B, 0x9F, 0x82, 0x1C,
    0x66, 0xBA, 0x1D, 0x29, 0x5E, 0xF4, 0x3E, 0xE8, 0xBB, 0xDA, 0xEA, 0x2A, 0xE8, 0x9D, 0x1E, 0x44,
    0xC6, 0x35, 0x38, 0x22, 0x6B, 0xF6, 0x73, 0x88, 0x00, 0x71, 0xCE, 0xD2, 0xDA, 0x29, 0xAB, 0x23,
    0x1D, 0xD5, 0xE2, 0x18, 0xA5, 0xCC, 0x06, 0x2C, 0xB2, 0x49, 0xC6, 0x84, 0x35, 0xC1, 0x65, 0x31,
    0x2C, 0x0B, 0x4B, 0xC7, 0x78, 0xBE, 0xC0, 0x71, 0xE3, 0xAF, 0x95, 0xD0, 0x1C, 0x5E, 0xAF, 0x3F,
    0x47, 0x2B, 0x98, 0xFA, 0xFA, 0x1A, 0x06, 0xA4, 0xEC, 0xF1, 0x06, 0xF0, 0xAD, 0x76, 0xD1, 0xA5,
    0x25, 0xF9, 0x56, 0xB9, 0xEA, 0xD1, 0x9A, 0x7C, 0xC4, 0x6C, 0xF9, 0xA1, 0x2A, 0x59, 0xEA, 0x03,
    0x5A, 0xC1, 0x24, 0xD8, 0x5C, 0x79, 0x83, 0xCB, 0xD5, 0xA9, 0x77, 0x89, 0x0C, 0x6C, 0xD5, 0xBD,
    0x9F, 0x72, 0xF6, 0x1C, 0x6F, 0xC5, 0x1B, 0x3A, 0xBC, 0x17, 0x2A, 0x91, 0x49, 0xD4, 0x73, 0x0E,
    0x9A, 0xF0, 0x8D, 0xDA, 0xFD, 0x88, 0xEB, 0x35, 0x17, 0x43, 0xF3, 0x4D, 0xBA, 0xAF, 0xDC, 0x45,
    0x2D, 0x8D, 0x23, 0x9D, 0x32, 0x36, 0xE1, 0x28, 0xAF, 0x8E, 0x63, 0x5F, 0xBF, 0xB1, 0x41, 0xF1,
    0x14, 0xF7, 0xA6, 0xB1, 0x8E, 0xD2, 0x24, 0xB1, 0x7B, 0x69, 0x78, 0xE9, 0x8C, 0x48, 0x44, 0xB2,
    0x39, 0x63, 0x52, 0xB6, 0x02, 0x3C, 0xBA, 0x3D, 0x94, 0x6B, 0xF5, 0x48, 0xAC, 0xB8, 0x1D, 0x49,
    0xBB, 0x3C, 0x23, 0xF9, 0x7D, 0x65, 0x29, 0x97, 0x23, 0x65, 0x4B, 0x53, 0xE7, 0x94, 0x6C, 0xE5,
    0xA8, 0xF5, 0xB8, 0xDE, 0x84, 0x15, 0xC1, 0x45, 0xA6, 0xB5, 0x3C, 0x74, 0x1E, 0x58, 0x52, 0xEC,
    0x73, 0xCE, 0xA6, 0x76, 0x51, 0xD8, 0xF3, 0x58, 0xB6, 0xDA, 0x0B, 0x27, 0x97, 0x1E, 0xE9, 0xD1,
    0x60, 0x3E, 0x1A, 0xAF, 0xD2, 0xF4, 0xBF, 0xB0, 0xAA, 0x74, 0xEF, 0xDE, 0x1C, 0x54, 0x91, 0x4A,
    0x0E, 0x8C, 0x8E, 0x37, 0x1E, 0x0B, 0x1A, 0x04, 0x0F, 0xD7, 0xEB, 0x2F, 0xD4, 0x89, 0x30, 0xC0,
    0x7C, 0x8B, 0x88, 0x5C, 0x1D, 0x53, 0x5F, 0xD0, 0x7D, 0xBA, 0xF7, 0xF3, 0x3A, 0x8A, 0x6B, 0xFC,
    0x81, 0x8E, 0x80, 0x9E, 0x3C, 0xC1, 0x15, 0xBF, 0x84, 0x48, 0x93, 0xB6, 0xA3, 0xFB, 0xFA, 0xDB,
    0x73, 0x04, 0xAD, 0x17, 0x72, 0x4D, 0xDD, 0x2F, 0xDB, 0xD0, 0xC8, 0x1C, 0x5B, 0x0F, 0x71, 0xAF,
    0xE9, 0x33, 0x74, 0x09, 0x8E, 0xCB, 0x00, 0xEE, 0x1F, 0xD0, 0xB0, 0x27, 0x58, 0xA1, 0xB3, 0x4F,
    0xF9, 0x8B, 0xA4, 0x3A, 0x03, 0x8F, 0xAD, 0xCE, 0x50, 0x02, 0xFB, 0x08, 0x53, 0xF2, 0x3C, 0xB0,
    0x33, 0xEC, 0x64, 0x9D, 0xE1, 0x21, 0x2F, 0xF1, 0xA8, 0x3B, 0x89, 0xC1, 0x13, 0x02, 0x4A, 0x8D,
    0x2D, 0x45, 0x34, 0xEB, 0xAE, 0x51, 0x47, 0xC1, 0x78, 0x63, 0x10, 0xE1, 0x33, 0x01, 0x3F, 0x68,
    0x8F, 0x08, 0x69, 0x97, 0x33, 0x57, 0x5C, 0x27, 0xAF, 0x07, 0xD9, 0x06, 0x01, 0x4D, 0xDB, 0x9B,
    0xDC, 0xC4, 0x5D, 0x6E, 0xE8, 0x20, 0xBD, 0x0F, 0x0D, 0x36, 0x05, 0x71, 0xE7, 0x30, 0xED, 0x66,
    0xDC, 0xE3, 0x86, 0x48, 0x7F, 0x41, 0xE2, 0x9E, 0xE1, 0xFA, 0x7F, 0xD0, 0xE3, 0xE6, 0x81, 0x00,
    0xB2, 0x81, 0xE9, 0x36, 0xB0, 0x46, 0x4C, 0x77, 0xD9, 0xA0, 0x25, 0x6D, 0x3E, 0xD1, 0xB3, 0xFE,
    0x0A, 0xF6, 0x81, 0x6B, 0xC5, 0x9C, 0xE9, 0x56, 0xDB, 0xB9, 0x8B, 0xD4, 0xFC, 0x22, 0xF1, 0x1A,
    0xDB, 0xE4, 0x9C, 0x5F, 0x7B, 0x9D, 0x9D, 0xCC, 0x66, 0x2F, 0x9D, 0xD0, 0x56, 0xEA, 0xC1, 0xF2,
    0x9B, 0xF8, 0xEA, 0x5B, 0x83, 0xC1, 0x3E, 0x17, 0xB7, 0x73, 0xF1, 0x7E, 0x77, 0xA4, 0x26, 0x43,
    0xDD, 0x4D, 0x62, 0x10, 0xA7, 0xEB, 0x8A, 0x49, 0x1D, 0xEF, 0xA0, 0x6B, 0x11, 0x22, 0x45, 0x15,
    0xEB, 0xF0, 0xFA, 0xF6, 0xB9, 0x8A, 0x25, 0x47, 0xB2, 0xB0, 0xC5, 0x45, 0xF5, 0x4F, 0x92, 0x24,
    0x3C, 0xBF, 0xCE, 0x5B, 0x36, 0x58, 0x02, 0x71, 0xA4, 0x62, 0x21, 0xC7, 0x23, 0x3D, 0x62, 0x12,
    0x9C, 0x5F, 0xC7, 0xC6, 0xF4, 0xD5, 0x58, 0x8F, 0x78, 0x73, 0x87, 0x36, 0x43, 0x92, 0x8A, 0x8F,
    0x29, 0x96, 0x8A, 0x53, 0x05, 0xCD, 0x62, 0x35, 0x43, 0xBF, 0x30, 0x34, 0xA5, 0x98, 0xDC, 0x2B,
    0x94, 0xE1, 0x40, 0x26, 0x69, 0xA7, 0x92, 0x9B, 0x26, 0x59, 0xA5, 0x92, 0x43, 0x38, 0x7A, 0x85,
    0x90, 0xD7, 0x52, 0x84, 0xE0, 0xC4, 0xEF, 0x08, 0x46, 0x79, 0x82, 0xF5, 0xED, 0x6F, 0x5E, 0xA8,
    0xF6, 0x21, 0x2B, 0xCE, 0x7F, 0x93, 0xE5, 0xB0, 0x9C, 0xC0, 0x89, 0x7A, 0x7D, 0xB5, 0x92, 0x23,
    0xF9, 0x24, 0x20, 0x48, 0x0B, 0x42, 0xE0, 0xFC, 0x37, 0xED, 0xC5, 0xC7, 0x83, 0x6A, 0x9F, 0x8F,
    0x2B, 0x3E, 0xCE, 0x90, 0x7A, 0x53, 0xAF, 0x8B, 0xFD, 0x8D, 0x23, 0xD9, 0x70, 0x44, 0xDB, 0x15,
    0xAD, 0x63, 0x24, 0x4A, 0x91, 0xE5, 0x49, 0xB5, 0xDD, 0x42, 0x82, 0xDC, 0x87, 0x16, 0x9F, 0x78,
    0xF1, 0xCB, 0x0B, 0x72, 0x64, 0x78, 0x4D, 0x7A, 0x97, 0x44, 0xF4, 0x8C, 0xC3, 0xD6, 0xE3, 0x2E,
    0x02, 0x3E, 0xD6, 0xCA, 0x7A, 0x00, 0x49, 0x9E, 0x7D, 0x2C, 0xE3, 0xD1, 0xCB, 0xA5, 0x1E, 0xFE,
    0xEC, 0x11, 0xF9, 0xFD, 0xBD, 0xC5, 0xC5, 0x2F, 0xF0, 0x72, 0x13, 0xD1, 0x73, 0x81, 0x57, 0x42,
    0x98, 0xC0, 0x72, 0x4C, 0xAA, 0x7F, 0x78, 0xE8, 0xCC, 0xC2, 0xE3, 0x1F, 0x2D, 0xC8, 0x91, 0x93,
    0x5B, 0xE7, 0xEB, 0x3B, 0xE7, 0x57, 0xE2, 0x1B, 0xE0, 0xB2, 0x9B, 0x08, 0x21, 0xD7, 0x62, 0xD7,
    0xFE, 0x92, 0x32, 0x5E, 0x0D, 0x66, 0x51, 0xDB, 0xE9, 0x7A, 0xC7, 0x0C, 0xCE, 0xAA, 0xFF, 0x2C,
    0xD4, 0xBA, 0x4B, 0x90, 0xB0, 0x8F, 0x69, 0x62, 0x36, 0x0C, 0x40, 0xE3, 0x12, 0x48, 0x6F, 0x3C,
    0xA3, 0xF6, 0x39, 0x2E, 0x50, 0x8E, 0x93, 0xB4, 0x7D, 0x91, 0xBD, 0x90, 0x63, 0xC9, 0xB7, 0xE8,
    0x12, 0x7F, 0xE5, 0xA3, 0xE7, 0x3A, 0xFB, 0x28, 0x47, 0x8E, 0x7C, 0x0F, 0x5F, 0xA1, 0x67, 0x22,
    0x17, 0xC4, 0xCE, 0xC5, 0x63, 0xD2, 0x36, 0x39, 0xD0, 0x38, 0x81, 0xE8, 0x79, 0x60, 0xBE, 0x58,
    0xFB, 0xF6, 0x1A, 0x66, 0x9E, 0xA4, 0x5E, 0x33, 0xEE, 0x94, 0x2C, 0x97, 0x8E, 0xD8, 0xB3, 0xB8,
    0xC6, 0xEC, 0x2A, 0x73, 0xAD, 0x63, 0x44, 0xEA, 0x54, 0xDC, 0x21, 0xFD, 0xAF, 0xF5, 0xF5, 0xAF,
    0x6C, 0x41, 0x98, 0xAB, 0x86, 0xB0, 0x94, 0x03, 0xCB, 0x74, 0xCE, 0x9B, 0x20, 0x68, 0xC5, 0x5D,
    0xC0, 0xED, 0x4D, 0xA2, 0xE2, 0x6F, 0xA9, 0xD2, 0x91, 0xED, 0xD6, 0xF3, 0xAA, 0x84, 0x23, 0x03,
    0x18, 0xF7, 0x70, 0xCD, 0x7B, 0x5F, 0xA2, 0x6B, 0x76, 0x1F, 0x27, 0xB8, 0xFD, 0x8D, 0xE4, 0x88,
    0x3C, 0xA7, 0xBE, 0x79, 0xDF, 0x76, 0xEB, 0x05, 0x55, 0x22, 0xEC, 0x7C, 0x9B, 0x68, 0x92, 0xCB,
    0x05, 0x04, 0xA2, 0x46, 0x5E, 0x95, 0x8C, 0xC0, 0x99, 0x21, 0xB6, 0xE5, 0x15, 0x1C, 0x92, 0x91,
    0x54, 0x6E, 0xC3, 0xEE, 0x92, 0x70, 0x70, 0xDA, 0x1A, 0x06, 0x23, 0x7F, 0x12, 0xB7, 0x11, 0x5B,
    0x57, 0x12, 0xDE, 0x74, 0xCB, 0x2B, 0x13, 0x33, 0xEF, 0xC0, 0x15, 0x92, 0xC4, 0x39, 0x54, 0x65,
    0x58, 0xBF, 0xFD, 0x16, 0xC7, 0x39, 0x7C, 0xF0, 0x26, 0x87, 0xFE, 0x5F, 0x0A, 0x38, 0xF4, 0x5F,
    0x0F, 0xE0, 0xA9, 0xE9, 0xEA, 0x28, 0xDF, 0x6D, 0x85, 0x3A, 0x52, 0x75, 0xAA, 0x1E, 0x3D, 0xAC,
    0xA5, 0x3E, 0x85, 0x67, 0x7E, 0x6A, 0xF8, 0x86, 0xDB, 0x65, 0x8E, 0x59, 0x7F, 0x4C, 0xEF, 0x96,
    0x57, 0x1A, 0xF2, 0x61, 0x46, 0x9A, 0x19, 0x9F, 0x76, 0x37, 0xBE, 0x69, 0x77, 0xAB, 0xD8, 0xEE,
    0x10, 0xDB, 0xCE, 0x06, 0x76, 0xC0, 0xDD, 0xD5, 0x7B, 0xAA, 0x8A, 0x7C, 0xBB, 0x15, 0x49, 0xE5,
    0xBB, 0xE3, 0x1F, 0xDE, 0xDD, 0x7D, 0x86, 0xAE, 0x37, 0xEC, 0x4B, 0xB2, 0xAF, 0xF2, 0xFC, 0x35,
    0x6E, 0xBE, 0xC5, 0x5D, 0xD2, 0x3E, 0x78, 0x93, 0x7B, 0xFF, 0xC6, 0xEB, 0xDC, 0xE9, 0x67, 0x82,
    0xCD, 0x41, 0xCF, 0x92, 0x81, 0x34, 0x10, 0xE9, 0x4F, 0x22, 0xCB, 0xAB, 0xF4, 0x5D, 0x7D, 0x35,
    0x6F, 0x52, 0x33, 0x4B, 0x6B, 0xE1, 0xE6, 0xB9, 0x86, 0x69, 0x1D, 0x83, 0x44, 0x7B, 0x94, 0x82,
    0x0D, 0x68, 0x5A, 0xEC, 0xBF, 0xE3, 0x9A, 0x5C, 0x8E, 0xEA, 0xBB, 0x83, 0x10, 0xC8, 0x72, 0xDC,
    0xCE, 0x34, 0x69, 0x5C, 0xE4, 0xA6, 0x62, 0x79, 0xB2, 0x27, 0x4D, 0xCC, 0x3E, 0x1F, 0x3D, 0xF6,
    0xD1, 0x18, 0x67, 0x42, 0x34, 0xA6, 0xD3, 0x0C, 0x51, 0x5A, 0xDC, 0xF9, 0x05, 0x34, 0x33, 0x0E,
    0xAB, 0x0A, 0x0E, 0x98, 0xBA, 0xAB, 0x8E, 0x3B, 0x92, 0x4E, 0xEA, 0x18, 0x1E, 0x37, 0x16, 0xBB,
    0x86, 0x1C, 0x9B, 0x29, 0x96, 0x23, 0xC5, 0xF6, 0x9D, 0xA3, 0xDC, 0x1C, 0x14, 0x42, 0x38, 0x25,
    0xAE, 0x8A, 0x8A, 0xE4, 0xBB, 0x54, 0x64, 0xD0, 0x2A, 0x6A, 0xB6, 0xCC, 0xCD, 0x26, 0xD8, 0x70,
    0xC5, 0x40, 0xDC, 0x67, 0x39, 0xBE, 0xE6, 0x13, 0x4A, 0x95, 0xC1, 0x39, 0xDF, 0x06, 0x87, 0x5E,
    0xDB, 0xF6, 0x10, 0x4F, 0xC2, 0x2A, 0x5F, 0x57, 0x08, 0x6B, 0x9F, 0x55, 0x4B, 0x3D, 0xB6, 0x1F,
    0x7F, 0x6F, 0x59, 0x19, 0xDF, 0x21, 0x55, 0xD2, 0x51, 0x66, 0xED, 0x6D, 0x34, 0xB9, 0xCA, 0x0B,
    0x1A, 0xA9, 0x4B, 0xF9, 0x0A, 0x5F, 0xE2, 0x54, 0x26, 0xD6, 0x76, 0xCE, 0xAB, 0xE3, 0x15, 0x71,
    0xF5, 0x55, 0xC4, 0xC7, 0x47, 0xAF, 0x85, 0x50, 0x55, 0xD1, 0x3A, 0x70, 0x0B, 0x55, 0x8E, 0x84,
    0x48, 0x1E, 0xAC, 0x9C, 0x65, 0x87, 0xD1, 0x41, 0x31, 0xFF, 0x24, 0x8C, 0xAE, 0x72, 0x98, 0xB5,
    0x8A, 0x4A, 0x91, 0x47, 0xA9, 0xA2, 0x72, 0x07, 0xD4, 0xB0, 0xE1, 0x1A, 0xE0, 0xD3, 0xFD, 0xAF,
    0x9E, 0xF8, 0xF2, 0x97, 0xA8, 0xBB, 0x6F, 0xE5, 0x3E, 0x45, 0xE4, 0x62, 0xC3, 0xE2, 0xA6, 0x23,
    0x4D, 0x97, 0x2F, 0xD1, 0xFA, 0xE3, 0x42, 0xD8, 0x84, 0x69, 0x7E, 0xFB, 0x32, 0x17, 0x03, 0xAB,
    0xBD, 0x8E, 0x83, 0xB9, 0x0A, 0x1F, 0xCC, 0xCB, 0x8B, 0x9C, 0x0A, 0x3B, 0x41, 0xA8, 0xBB, 0x5C,
    0xA3, 0xAC, 0xA2, 0x05, 0x57, 0xD0, 0x41, 0xD3, 0x0F, 0xA1, 0x94, 0x17, 0x15, 0xFC, 0xC1, 0x95,
    0x65, 0x36, 0xB5, 0x57, 0xA6, 0xAA, 0x01, 0xF7, 0xF3, 0xB0, 0x60, 0xED, 0x41, 0x8D, 0x7B, 0x56,
    0x81, 0x8C, 0x91, 0x36, 0xB2, 0x77, 0x48, 0x65, 0x72, 0x6B, 0xED, 0x42, 0x7A, 0xB0, 0x4C, 0x6C,
    0x8B, 0x9B, 0x9D, 0xAD, 0xB5, 0x6D, 0xEA, 0xAE, 0xC4, 0x14, 0xA5, 0xA3, 0x3B, 0x8E, 0x54, 0x37,
    0xAD, 0x6F, 0x71, 0xAA, 0x5B, 0xFC, 0x08, 0xF4, 0x71, 0xE3, 0x3B, 0xAF, 0xA1, 0xB1, 0x6A, 0x6F,
    0x61, 0xAC, 0x73, 0x95, 0xE7, 0x71, 0xAE, 0x54, 0xB1, 0x70, 0xD0, 0x91, 0xE6, 0xFE, 0x8A, 0x25,
    0xB6, 0x07, 0xFE, 0x4C, 0x7A, 0xD1, 0x71, 0xC3, 0x95, 0xD1, 0x85, 0x45, 0x81, 0x68, 0x2A, 0x11,
    0xF8, 0xCA, 0x3C, 0x4B, 0x60, 0x53, 0x23, 0x4E, 0x0F, 0x51, 0x70, 0x34, 0x31, 0x79, 0xDB, 0x8C,
    0x49, 0x48, 0x53, 0x97, 0x0A, 0x23, 0x45, 0xEE, 0xFC, 0x5C, 0x99, 0xC9, 0xD3, 0x98, 0x23, 0xD5,
    0x43, 0x37, 0xA4, 0x89, 0xD8, 0x78, 0x6B, 0x84, 0x96, 0xA4, 0xBD, 0xD8, 0x0F, 0x48, 0xAD, 0x0B,
    0xD7, 0x85, 0xBF, 0x95, 0x43, 0xB4, 0x66, 0x25, 0xE1, 0x69, 0x53, 0xCD, 0x05, 0x9C, 0x71, 0x8A,
    0x7A, 0x1F, 0x24, 0x4F, 0xA3, 0xDC, 0x50, 0x99, 0x0B, 0xEF, 0xF1, 0x1E, 0x11, 0x45, 0xCC, 0x75,
    0x99, 0x8B, 0x26, 0x68, 0x5D, 0xB6, 0xD8, 0xC1, 0x3C, 0xD8, 0x97, 0xB8, 0xBC, 0xD9, 0x11, 0xBF,
    0xD8, 0xA0, 0x86, 0xC7, 0xAD, 0xC2, 0x45, 0xB5, 0x70, 0x04, 0x12, 0xDF, 0x1E, 0xC0, 0xBD, 0x67,
    0x6F, 0x01, 0x77, 0x45, 0x37, 0x8E, 0x8B, 0xE8, 0x6E, 0xD9, 0x90, 0xB4, 0xBA, 0x16, 0x7D, 0xCE,
    0x74, 0xFF, 0x02, 0xD7, 0x18, 0x8C, 0xB4, 0x75, 0x8C, 0x7C, 0x48, 0x64, 0xE3, 0x02, 0xC7, 0x04,
    0xB2, 0xCB, 0x36, 0x42, 0x63, 0x6C, 0x47, 0x26, 0xCA, 0xA4, 0x79, 0x1F, 0xC4, 0x3B, 0x0B, 0xCA,
    0x52, 0x57, 0x7E, 0x9F, 0xCD, 0x52, 0x81, 0xE1, 0xD3, 0x27, 0xBF, 0x1E, 0x18, 0xD7, 0x88, 0xDA,
    0xFC, 0xE4, 0xD5, 0xB8, 0x7F, 0x5E, 0x1D, 0x5B, 0x79, 0xE6, 0xFF, 0x0E, 0x8F, 0x4B, 0x88, 0x56,
    0x9B, 0x43, 0xCD, 0x3E, 0x08, 0x39, 0x00, 0x00, 0xA1, 0x76, 0x25, 0xA9, 0x1B, 0x58, 0x03, 0x25,
    0x65, 0x7B, 0xC7, 0x8F, 0x4D, 0xF8, 0x70, 0xFA, 0xF6, 0x23, 0x34, 0xD0, 0x45, 0x6C, 0x8D, 0x3D,
    0x09, 0x9B, 0x7E, 0xA6, 0xA8, 0x86, 0xCC, 0xF1, 0x44, 0x77, 0xBA, 0x4E, 0x14, 0xA5, 0x15, 0xA0,
    0xA0, 0x15, 0x8D, 0x2C, 0x92, 0xF4, 0x91, 0xEF, 0xBF, 0xAB, 0xF9, 0x2D, 0xEA, 0xE7, 0xF9, 0x8A,
    0xF1, 0x1C, 0xA1, 0x5B, 0xBB, 0x89, 0xC6, 0x83, 0x35, 0x50, 0xB1, 0x89, 0xE2, 0x57, 0xF1, 0x17,
    0x0F, 0xED, 0xF6, 0xD7, 0xA5, 0xE2, 0x5B, 0x67, 0xAB, 0xDE, 0x96, 0xAA, 0x01, 0x11, 0x87, 0x51,
    0x23, 0xB6, 0x9A, 0x34, 0x50, 0x44, 0xB5, 0xFC, 0xD6, 0x45, 0xEB, 0x05, 0x57, 0x1D, 0x89, 0x7B,
    0x70, 0xD7, 0x56, 0x6F, 0x70, 0xE4, 0xC0, 0x3F, 0xF3, 0x38, 0xE4, 0x0A, 0xE9, 0x02, 0x5F, 0x0B,
    0xA8, 0x31, 0x71, 0xD2, 0xF0, 0x88, 0x1F, 0x9C, 0x1D, 0x49, 0xAE, 0xE5, 0x4B, 0x58, 0x03, 0xEB,
    0x70, 0x4D, 0x56, 0x62, 0x11, 0x5C, 0x2D, 0x73, 0x72, 0x60, 0x4C, 0x3C, 0x9D, 0x54, 0x44, 0xE9,
    0xA9, 0x24, 0x0A, 0x72, 0x56, 0x26, 0xBC, 0x2C, 0x4A, 0xBA, 0xDE, 0x11, 0x24, 0xB8, 0x7F, 0xDF,
    0xD8, 0x83, 0x32, 0xCF, 0xE2, 0x9D, 0x92, 0x69, 0x2C, 0x61, 0x5D, 0xB2, 0x7F, 0xD4, 0xEE, 0xC4,
    0x68, 0x79, 0x98, 0xE1, 0xCB, 0xDE, 0x29, 0x0F, 0xB0, 0xE2, 0x68, 0x6A, 0xBB, 0xEA, 0x50, 0x6B,
    0x50, 0x2E, 0xC6, 0x0C, 0xFF, 0x20, 0xD7, 0x24, 0x70, 0xD4, 0x66, 0x01, 0x41, 0xC8, 0x25, 0x9B,
    0x5D, 0x38, 0xE6, 0xB3, 0x97, 0xE0, 0x08, 0x7D, 0xE8, 0x92, 0x38, 0x41, 0xB0, 0x5B, 0x20, 0x82,
    0x7D, 0x10, 0xB6, 0xDD, 0x4E, 0x12, 0x99, 0x4F, 0x4B, 0x72, 0xF3, 0x2C, 0xE7, 0xF0, 0x72, 0x9F,
    0xC6, 0xF8, 0x48, 0x89, 0xA1, 0x64, 0x40, 0x37, 0xF9, 0x78, 0x84, 0x6B, 0x34, 0x94, 0x06, 0x58,
    0x62, 0xCB, 0xE1, 0x92, 0x05, 0x6B, 0xD4, 0x92, 0x4D, 0x4F, 0x9D, 0x8E, 0xC6, 0xF1, 0xEC, 0x70,
    0x34, 0x45, 0x03, 0xAA, 0x1C, 0x78, 0xED, 0xF8, 0x53, 0xB0, 0x9C, 0x92, 0xE2, 0x84, 0x4D, 0x2B,
    0xEE, 0xFD, 0xB5, 0x2F, 0x67, 0x5D, 0xE7, 0xE2, 0x5B, 0x11, 0x31, 0x77, 0x46, 0x5F, 0xDB, 0xE9,
    0xBF, 0xA4, 0x8A, 0x01, 0xEF, 0xA6, 0xA4, 0x47, 0x26, 0xD7, 0x26, 0x58, 0x28, 0x72, 0x21, 0x63,
    0x75, 0xE6, 0x5E, 0x8C, 0xBE, 0xD1, 0x76, 0xB8, 0xD2, 0x5B, 0x80, 0xA4, 0x0D, 0xF5, 0x73, 0x9F,
    0x72, 0xD8, 0x98, 0x56, 0x72, 0xAE, 0xC3, 0x5A, 0xE3, 0x38, 0x8D, 0x26, 0xA1, 0xFD, 0x92, 0x53,
    0xE1, 0x80, 0x6C, 0xC7, 0xC9, 0x2B, 0xE3, 0x72, 0xE0, 0x94, 0x88, 0x0F, 0x3D, 0xE0, 0x39, 0x07,
    0x27, 0xD3, 0xB8, 0x9A, 0x5C, 0xAA, 0x37, 0x27, 0x11, 0xF4, 0x4C, 0x7F, 0x50, 0x8C, 0x22, 0x33,
    0x77, 0xF3, 0x92, 0xBC, 0x7D, 0x47, 0x32, 0xDC, 0x86, 0x2F, 0x22, 0x78, 0x24, 0xEA, 0xF7, 0x99,
    0x4D, 0x26, 0x08, 0xB0, 0x0A, 0x15, 0x43, 0xAE, 0xBE, 0xAE, 0xB5, 0x4F, 0xB5, 0x49, 0xC3, 0x56,
    0xBF, 0xD0, 0x77, 0x35, 0xEC, 0x10, 0xF0, 0x2B, 0x92, 0x29, 0x66, 0x33, 0xE9, 0x1E, 0x93, 0x3C,
    0xED, 0x3C, 0x29, 0x05, 0xA1, 0xF8, 0xB9, 0x43, 0x56, 0x5E, 0xD0, 0x44, 0x7C, 0x4E, 0x0B, 0x8B,
    0x38, 0xC7, 0x69, 0xEE, 0xD8, 0x30, 0x83, 0x65, 0x6E, 0x1B, 0x58, 0x18, 0xAA, 0x09, 0x23, 0x14,
    0x06, 0xE0, 0x66, 0x12, 0x95, 0x8D, 0x24, 0x2C, 0x35, 0x64, 0xF3, 0xA0, 0xEA, 0x6E, 0xD5, 0xFB,
    0xD4, 0xDD, 0x52, 0x33, 0xDD, 0xA7, 0x5A, 0x9A, 0xC7, 0x3F, 0x82, 0x77, 0xF8, 0xCF, 0x40, 0x8F,
    0xF3, 0xEA, 0xCF, 0xB0, 0x4F, 0x59, 0xD9, 0xE7, 0x46, 0x8F, 0x5E, 0x66, 0x22, 0xFD, 0xE4, 0xCB,
    0xEF, 0x2D, 0xC2, 0xE6, 0xF0, 0x72, 0xC0, 0x23, 0x73, 0x3D, 0x69, 0xF8, 0xDC, 0xF1, 0x68, 0x11,
    0xB7, 0x37, 0x43, 0x7E, 0xD8, 0xF5, 0xB0, 0x11, 0xD1, 0x34, 0xBE, 0xE3, 0x47, 0x44, 0x35, 0x8D,
    0x37, 0x2F, 0x05, 0x11, 0x0D, 0xF2, 0xAB, 0xCF, 0xF9, 0x24, 0x9F, 0x58, 0x8F, 0x3E, 0xCA, 0xFB,
    0x1D, 0xD8, 0xA4, 0x43, 0x8D, 0xAB, 0x03, 0xF9, 0xA4, 0xF2, 0x53, 0x52, 0xFA, 0x49, 0xE3, 0x78,
    0x1E, 0x64, 0x78, 0x68, 0x3D, 0x1B, 0xEA, 0x48, 0xBE, 0xBC, 0xB6, 0x7D, 0x9E, 0xD7, 0x4F, 0x27,
    0xAF, 0xBA, 0xC8, 0xE1, 0xF9, 0x3E, 0xA0, 0xFE, 0xC3, 0x75, 0xA6, 0xA8, 0x33, 0x9F, 0xFD, 0xDE,
    0x82, 0x1A, 0x63, 0xE3, 0xCE, 0x0C, 0x7B, 0x1B, 0x6A, 0x38, 0xA2, 0x45, 0x25, 0x4E, 0x1A, 0x9A,
    0x5D, 0xDB, 0xBE, 0x60, 0x03, 0x51, 0x7B, 0xE3, 0xA9, 0xB7, 0x34, 0x80, 0x51, 0x62, 0x8D, 0x34,
    0x87, 0x72, 0x92, 0x18, 0x99, 0x89, 0x19, 0xD8, 0x07, 0x2A, 0x77, 0x57, 0x70, 0xAA, 0x24, 0x07,
    0xC0, 0xCE, 0x7F, 0x8E, 0x93, 0xA9, 0x43, 0x3B, 0x6C, 0x1C, 0x2F, 0xA9, 0x79, 0x86, 0x1B, 0x0C,
    0xEF, 0x61, 0xA8, 0x18, 0x0A, 0x1D, 0x7E, 0x6A, 0x67, 0xA7, 0xDF, 0x3A, 0xAF, 0x32, 0xC7, 0xB3,
    0x50, 0x02, 0x9E, 0xA6, 0x33, 0x3E, 0x77, 0xC3, 0x5F, 0xBD, 0x17, 0xF2, 0x50, 0xE8, 0x00, 0xAD,
    0xC3, 0x19, 0x9D, 0x16, 0x52, 0x94, 0x43, 0x31, 0x43, 0x1A, 0xB9, 0x5A, 0x1A, 0xE5, 0x82, 0x6C,
    0xFB, 0x72, 0xFC, 0x35, 0x48, 0x7D, 0x6B, 0xBF, 0xBD, 0x5E, 0xA7, 0x6F, 0xF6, 0xF2, 0x0A, 0xD0,
    0x61, 0xB8, 0xA1, 0xC2, 0x92, 0xF1, 0x4C, 0xF4, 0x78, 0x50, 0x8E, 0xD7, 0xBD, 0x15, 0x1A, 0x8B,
    0xFF, 0x93, 0x6E, 0x2B, 0x19, 0xC4, 0x84, 0x03, 0x82, 0xF5, 0x35, 0x40, 0x1A, 0x95, 0x2C, 0x2C,
    0xC7, 0x80, 0xB3, 0xF5, 0x47, 0x70, 0x8D, 0x22, 0x2D, 0x96, 0x69, 0xA8, 0xAE, 0x8C, 0x57, 0x02,
    0xC7, 0x76, 0xAD, 0x07, 0xE8, 0x32, 0x9F, 0x24, 0x89, 0x82, 0x46, 0x6B, 0x8E, 0x04, 0x89, 0x68,
    0x23, 0xE9, 0x8F, 0x8B, 0xFE, 0x8C, 0x31, 0xC2, 0xE5, 0x19, 0x25, 0x19, 0xDA, 0x79, 0x5A, 0xA3,
    0x17, 0x72, 0x79, 0x54, 0xDB, 0xCC, 0xCD, 0xF0, 0x11, 0x9A, 0xA0, 0x50, 0x15, 0x5A, 0xE7, 0x08,
    0x96, 0xF2, 0x88, 0xB2, 0xA8, 0xE4, 0x31, 0x0F, 0xC7, 0xF3, 0xA9, 0xD5, 0x85, 0x60, 0xA1, 0x2D,
    0xA9, 0x5A, 0x74, 0xF6, 0x48, 0x0C, 0x77, 0x66, 0xF5, 0x1B, 0x38, 0x7E, 0x30, 0xAF, 0x05, 0x7C,
    0x4D, 0x9B, 0xA1, 0xC3, 0xB0, 0xC0, 0xF0, 0x8E, 0xC1, 0xBD, 0x79, 0x76, 0xEE, 0xE7, 0x93, 0x62,
    0xFF, 0xA0, 0xD3, 0x79, 0x29, 0xF8, 0x6A, 0x3F, 0xE2, 0xB2, 0x39, 0xF0, 0xC7, 0xAC, 0x0B, 0x6A,
    0x5D, 0x09, 0x12, 0x94, 0x78, 0x40, 0x52, 0xE6, 0x70, 0xB0, 0xF8, 0x45, 0x53, 0xF7, 0x97, 0xD4,
    0x5C, 0xDE, 0x78, 0x06, 0xE4, 0x30, 0x67, 0x5C, 0xF2, 0x39, 0x8C, 0xEF, 0xCD, 0x4B, 0x20, 0xD6,
    0xDA, 0xBB, 0xD8, 0x23, 0xB7, 0xAA, 0x1E, 0xC2, 0xA6, 0x5A, 0x31, 0x97, 0x99, 0x32, 0xDE, 0x9A,
    0x5E, 0xDF, 0xA9, 0x2B, 0xFB, 0x79, 0xAE, 0x88, 0x3B, 0x6F, 0xF1, 0x0A, 0x3F, 0x68, 0xA9, 0x42,
    0x45, 0x2C, 0xA3, 0x33, 0xDC, 0x74, 0x40, 0x97, 0x72, 0x46, 0x04, 0x71, 0x71, 0xA6, 0xE8, 0x69,
    0x1D, 0x12, 0x5F, 0xFB, 0xCC, 0x26, 0xDA, 0xA7, 0x47, 0x0A, 0xBD, 0x4E, 0xDC, 0x22, 0x98, 0x43,
    0x28, 0xE0, 0x1D, 0x10, 0x81, 0x83, 0xE2, 0xD3, 0x91, 0x63, 0x7B, 0xC6, 0x4F, 0x83, 0xE6, 0x19,
    0xA5, 0xFE, 0xE8, 0xA3, 0xE0, 0xC9, 0xB4, 0x68, 0xEC, 0x58, 0xC1, 0x39, 0xA7, 0xB4, 0xCD, 0x4A,
    0xE1, 0xA2, 0x2A, 0x6E, 0xEF, 0xC4, 0x27, 0xFC, 0x2D, 0x3B, 0x7E, 0xFF, 0x52, 0x7B, 0x4A, 0x99,
    0x0F, 0x78, 0x4F, 0xCA, 0x33, 0x4F, 0xE2, 0x99, 0xE7, 0x07, 0x45, 0x9A, 0x6E, 0x19, 0x8B, 0x37,
    0xC1, 0x3A, 0xD2, 0x87, 0xB8, 0x72, 0xBA, 0xFF, 0x7F, 0x6D, 0xD7, 0xB1, 0x71, 0x34, 0x6C, 0x31,
    0x99, 0x86, 0x9F, 0x52, 0x33, 0xBE, 0xB7, 0x38, 0x38, 0x77, 0xB8, 0xFF, 0xBB, 0x68, 0x8A, 0xF1,
    0xBB, 0x7B, 0xCF, 0x0D, 0x9B, 0xE4, 0x61, 0x7C, 0xC9, 0x57, 0x1A, 0x44, 0x79, 0x95, 0xD6, 0x8A,
    0xD0, 0x10, 0xF3, 0xC5, 0x4E, 0xDB, 0xF3, 0x24, 0x4D, 0xE4, 0x85, 0x14, 0xE4, 0xB9, 0x10, 0x80,
    0x9F, 0x37, 0xB9, 0xE6, 0x79, 0x71, 0x5D, 0x72, 0x71, 0x7B, 0x23, 0xD5, 0x0C, 0xA3, 0x04, 0x22,
    0x4A, 0xA4, 0xB1, 0x0F, 0xBC, 0x8D, 0x6B, 0x34, 0x81, 0x7C, 0x8D, 0x40, 0x1D, 0xC1, 0x26, 0x0D,
    0xC3, 0x1F, 0x42, 0x0B, 0x01, 0x27, 0x0D, 0xE4, 0xAD, 0xA8, 0xC6, 0x3C, 0xC1, 0x8F, 0xA3, 0x12,
    0xC1, 0xD4, 0xEA, 0xB7, 0xAB, 0xFE, 0xD5, 0x60, 0x20, 0xC7, 0x00, 0x17, 0x90, 0x62, 0x4B, 0x44,
    0x70, 0x76, 0xBD, 0x4E, 0xB0, 0x64, 0xAA, 0x5D, 0x30, 0x39, 0xFB, 0xC4, 0xBF, 0xB9, 0xC5, 0x59,
    0x92, 0xF2, 0x57, 0x47, 0xE2, 0xD6, 0xF6, 0x46, 0xB5, 0x1D, 0x1C, 0x29, 0x4F, 0x41, 0xC2, 0xDF,
    0xBA, 0xA7, 0xB4, 0x93, 0x31, 0xF4, 0x3A, 0x23, 0xFE, 0xF8, 0x2A, 0x44, 0xC1, 0xA3, 0x7A, 0x50,
    0x94, 0xC2, 0x32, 0x30, 0x22, 0x5B, 0x0F, 0xF2, 0xDE, 0x97, 0xE6, 0x83, 0x48, 0xB0, 0x4B, 0x34,
    0xEA, 0xC3, 0xF5, 0x56, 0xCC, 0x81, 0xBA, 0x5B, 0x6F, 0x73, 0xF5, 0xF4, 0x77, 0xDE, 0xE0, 0x02,
    0x76, 0xCF, 0x04, 0x5B, 0x89, 0x4A, 0x7C, 0x55, 0x95, 0x6F, 0x3C, 0xFE, 0xF5, 0xCF, 0xC6, 0x6A,
    0x16, 0xDF, 0xFC, 0x07, 0xD8, 0xC3, 0x08, 0x85, 0x95, 0xD2, 0x66, 0x45, 0xEA, 0x0F, 0x7F, 0xE5,
    0xF1, 0xF7, 0x3E, 0xEB, 0xDD, 0xE4, 0xDC, 0x99, 0xC5, 0xC5, 0x27, 0x3C, 0xA6, 0x61, 0xDA, 0x40,
    0x77, 0x1E, 0x96, 0xC2, 0x4F, 0xAB, 0x51, 0x0E, 0xEB, 0x8D, 0x22, 0x00, 0xA6, 0x79, 0x53, 0xF0,
    0x33, 0x5E, 0x77, 0x8C, 0xA9, 0xA8, 0xCB, 0xD4, 0x9D, 0x37, 0xFC, 0xA4, 0x79, 0x6D, 0x72, 0x3C,
    0x4D, 0x94, 0x86, 0x8B, 0xC4, 0xF1, 0x25, 0xC4, 0x71, 0xAF, 0x5D, 0xDE, 0x5E, 0xF3, 0x23, 0xE3,
    0x55, 0x4F, 0x27, 0xF8, 0x5D, 0x05, 0xF8, 0x63, 0x86, 0xFF, 0x91, 0x21, 0xFE, 0xA7, 0xCB, 0x6A,
    0x06, 0x5D, 0xE9, 0xCF, 0xF1, 0x9F, 0x36, 0x43, 0xF3, 0x59, 0x40, 0xE3, 0xB2, 0x17, 0x71, 0x09,
    0x2B, 0x40, 0x53, 0xA0, 0x8B, 0x90, 0x18, 0xCB, 0x45, 0x28, 0x1A, 0xA7, 0x31, 0x4E, 0x6F, 0x21,
    0xE3, 0xA0, 0xD8, 0xC9, 0x64, 0x79, 0xC8, 0x46, 0x7F, 0x4E, 0x3A, 0xDD, 0x19, 0xF0, 0x9F, 0x72,
    0x76, 0xBF, 0x4B, 0x0E, 0x0E, 0x91, 0x26, 0xDD, 0x5C, 0xDC, 0x60, 0x87, 0xBB, 0x4E, 0x1C, 0x49,
    0xCA, 0x9A, 0x58, 0xF1, 0x05, 0xA9, 0x3A, 0x48, 0x2C, 0xAA, 0x90, 0xA7, 0x71, 0xE9, 0x38, 0xA8,
    0x56, 0x59, 0x19, 0x63, 0xC8, 0x95, 0x2B, 0x2B, 0xA4, 0x5E, 0x10, 0x2C, 0x33, 0x24, 0x72, 0x85,
    0x65, 0x30, 0x83, 0xEB, 0x89, 0x68, 0x4E, 0x91, 0x78, 0x53, 0xF5, 0x2B, 0x34, 0xC0, 0xBF, 0x19,
    0x3A, 0xF4, 0x8E, 0x68, 0x63, 0x06, 0x4B, 0xCA, 0xC9, 0x43, 0x56, 0x3F, 0x98, 0x33, 0x5D, 0x92,
    0x97, 0xC6, 0x34, 0xD2, 0xA6, 0x60, 0xB0, 0x2C, 0xB1, 0xDF, 0x5D, 0xED, 0xB2, 0x5B, 0x85, 0x44,
    0x0F, 0xCF, 0xD1, 0xAD, 0xA4, 0x7D, 0x42, 0xD6, 0x8A, 0x38, 0xFB, 0x27, 0xB4, 0x6D, 0xC4, 0x59,
    0xDB, 0x05, 0x8B, 0xE0, 0xB8, 0x63, 0x8F, 0xD3, 0xE4, 0x6D, 0x20, 0xE4, 0x9F, 0x96, 0x70, 0xD7,
    0x88, 0xDF, 0xDC, 0xD9, 0xBA, 0x60, 0x6D, 0x5F, 0xC3, 0x2E, 0xEA, 0xDE, 0xDF, 0x13, 0x2C, 0x7A,
    0x01, 0xCC, 0xC8, 0x5E, 0xF0, 0xD1, 0x99, 0xC7, 0xFE, 0x95, 0x17, 0xD0, 0x91, 0xFF, 0x8A, 0xA1,
    0xC1, 0x47, 0x0C, 0x3E, 0x6B, 0x7C, 0x8F, 0x8F, 0xC4, 0x72, 0x5C, 0xED, 0x6C, 0xD5, 0x0D, 0x4F,
    0xEC, 0x1C, 0x49, 0xE9, 0xEF, 0xB4, 0x52, 0x49, 0xA0, 0xC5, 0xC9, 0xA6, 0xCF, 0xB7, 0xF8, 0x19,
    0x09, 0x8B, 0xCC, 0x6E, 0xA1, 0x78, 0x87, 0x86, 0x9D, 0x35, 0x48, 0x09, 0x99, 0x95, 0xF8, 0x37,
    0x17, 0x01, 0x6F, 0xA6, 0xAF, 0x45, 0x5A, 0xA8, 0x87, 0x1C, 0xE7, 0x16, 0xD9, 0x1E, 0xC1, 0x8D,
    0x79, 0xDE, 0x36, 0xF6, 0x0E, 0x08, 0xF8, 0x07, 0x89, 0xB9, 0x49, 0x88, 0xBA, 0x97, 0x4D, 0x8D,
    0x75, 0x38, 0x5B, 0x91, 0xEB, 0x6E, 0x55, 0x7B, 0x1C, 0x2B, 0x76, 0xA8, 0x24, 0x12, 0x5D, 0x49,
    0x71, 0xA6, 0x54, 0x49, 0x36, 0x82, 0x2B, 0xB1, 0x59, 0xBE, 0x2A, 0xE9, 0x2A, 0xD3, 0x71, 0x8B,
    0xC3, 0x11, 0x96, 0xF3, 0xDC, 0x5C, 0x54, 0xB5, 0x26, 0xF0, 0xDD, 0x6D, 0x36, 0x9B, 0x4A, 0xEF,
    0x07, 0x51, 0x93, 0x38, 0xCD, 0xBF, 0x6F, 0x47, 0x4D, 0x47, 0x59, 0xA5, 0xFF, 0x32, 0x6C, 0xCE,
    0xA8, 0x02, 0x6E, 0x2F, 0x28, 0xA2, 0x48, 0x5E, 0xD3, 0x56, 0xC7, 0x4B, 0xB6, 0x4B, 0x8D, 0x2A,
    0x4D, 0xA8, 0xE6, 0x38, 0x2B, 0x7A, 0x4D, 0x95, 0x69, 0xB8, 0xDC, 0x79, 0x29, 0x29, 0x87, 0x2A,
    0x43, 0xA6, 0xA1, 0xAE, 0x0A, 0xC8, 0x3C, 0xE4, 0xF3, 0x32, 0x22, 0x81, 0xDA, 0xEA, 0xE7, 0x4B,
    0xEA, 0x2C, 0x92, 0x6D, 0x4A, 0x5A, 0x07, 0x83, 0x52, 0xB2, 0x11, 0xE4, 0xA1, 0x4A, 0x93, 0xD0,
    0xC6, 0xAA, 0x71, 0x1B, 0x96, 0x95, 0xE9, 0xF8, 0x1C, 0x07, 0xE1, 0x2E, 0xAB, 0x22, 0x2A, 0x4E,
    0x5E, 0xD4, 0xFB, 0x10, 0x40, 0x63, 0x0B, 0xA9, 0x3C, 0x7A, 0xFC, 0x8A, 0x01, 0x36, 0xFC, 0x8D,
    0xC8, 0xAE, 0x6F, 0x51, 0x3F, 0x4F, 0x9F, 0x21, 0x19, 0x2D, 0x57, 0xD2, 0xFB, 0xA8, 0x4B, 0x5A,
    0xB2, 0x9E, 0x7F, 0x9D, 0x10, 0x91, 0x28, 0xF4, 0xC7, 0xBE, 0x9A, 0x2A, 0xC9, 0xDE, 0x10, 0x25,
    0x29, 0x43, 0x5B, 0x92, 0x7A, 0xB2, 0x25, 0xA9, 0x3C, 0x5A, 0x92, 0x6E, 0x1E, 0x1C, 0xBB, 0x8D,
    0x98, 0x4A, 0x2D, 0xA4, 0xA1, 0x25, 0x0C, 0x06, 0x84, 0xF8, 0x8D, 0x0D, 0xE4, 0x4A, 0x6C, 0x3E,
    0x28, 0xD1, 0x02, 0x9E, 0x87, 0x2D, 0x76, 0xA2, 0x43, 0xB3, 0x1E, 0x56, 0x91, 0xAC, 0xEA, 0xFD,
    0x7C, 0x56, 0xC3, 0xE1, 0x62, 0x16, 0x3A, 0x9E, 0xE6, 0xDE, 0x4E, 0x8E, 0x6D, 0x1A, 0x83, 0x39,
    0x14, 0x0B, 0x26, 0xEB, 0xEB, 0x24, 0x91, 0x25, 0x59, 0xBA, 0x05, 0x09, 0xD9, 0x95, 0x72, 0x58,
    0x30, 0x7F, 0x48, 0x7D, 0xCA, 0x6C, 0xE4, 0x66, 0x12, 0x15, 0xFE, 0xBD, 0xC5, 0xC5, 0x13, 0xE9,
    0xBE, 0x9A, 0x7B, 0x8F, 0xC8, 0xEF, 0x99, 0x38, 0xD0, 0x93, 0x78, 0xCB, 0xF9, 0xF8, 0xA6, 0x22,
    0xC2, 0xC4, 0x70, 0x59, 0x36, 0x18, 0x97, 0x1B, 0x26, 0x46, 0x65, 0x0F, 0x2C, 0xC7, 0xAF, 0xD6,
    0x77, 0x36, 0x0F, 0xD7, 0x9F, 0xA3, 0x5E, 0x8D, 0x71, 0xB5, 0xF6, 0x03, 0x5C, 0xC1, 0x27, 0x67,
    0x9E, 0xA2, 0x47, 0xE7, 0xAC, 0xC3, 0x24, 0x84, 0x5B, 0x5C, 0x88, 0xD0, 0xE4, 0xAF, 0x30, 0x73,
    0x13, 0x24, 0xAD, 0x9B, 0x07, 0x60, 0x78, 0x32, 0x3F, 0x6F, 0xE7, 0x48, 0x33, 0x38, 0x7A, 0x82,
    0xA0, 0xD6, 0xBA, 0x46, 0xB0, 0xDA, 0x7F, 0x94, 0xE0, 0xBC, 0xCB, 0xC7, 0xD5, 0x2E, 0xD8, 0x63,
    0xDF, 0xEF, 0x63, 0x44, 0xC4, 0xC6, 0xD2, 0x00, 0x47, 0x0E, 0x0D, 0xC5, 0x77, 0x11, 0xBD, 0x37,
    0xAF, 0x3D, 0x7E, 0xE3, 0xC6, 0x62, 0xD1, 0xD6, 0x69, 0x49, 0x3B, 0x26, 0x52, 0xFC, 0x35, 0x8C,
    0xD2, 0xAA, 0x91, 0x58, 0xBA, 0x35, 0x2C, 0xB7, 0x2C, 0x94, 0x5D, 0x4D, 0x41, 0x67, 0x56, 0x49,
    0x3A, 0x80, 0xD1, 0x90, 0x21, 0x5B, 0xC6, 0xBB, 0xC6, 0x36, 0x09, 0x7D, 0x9B, 0x9A, 0x7B, 0x16,
    0x99, 0x19, 0xFA, 0x75, 0xEC, 0xAA, 0x5C, 0x7E, 0x3A, 0x50, 0x4D, 0xBD, 0xA7, 0x05, 0x27, 0xA3,
    0x72, 0xA0, 0x05, 0x2B, 0xC1, 0x9D, 0x69, 0x90, 0x89, 0x14, 0x92, 0x1B, 0x4F, 0x7B, 0xA5, 0xEF,
    0xD4, 0xCB, 0xF5, 0x97, 0xB8, 0x57, 0x3D, 0xFB, 0x51, 0x50, 0xE3, 0x59, 0xF3, 0xD9, 0xA0, 0xA0,
    0x8E, 0xFE, 0xB3, 0xC5, 0xEF, 0x7D, 0xDE, 0xE5, 0xF7, 0x62, 0x17, 0x81, 0xB4, 0xC0, 0x44, 0xFA,
    0xFB, 0xAD, 0x8F, 0x1C, 0xFA, 0x68, 0xF1, 0x23, 0xC4, 0x08, 0xD0, 0x2B, 0x0E, 0xD7, 0x77, 0xEA,
    0x3B, 0x2F, 0x25, 0xFE, 0x62, 0x49, 0x84, 0xE6, 0xDC, 0x39, 0x9D, 0x53, 0x2F, 0x81, 0xE7, 0x11,
    0xE3, 0xF7, 0x42, 0xDA, 0xAB, 0xA4, 0x88, 0x04, 0xF7, 0xAB, 0x8E, 0xE1, 0x6A, 0xC1, 0x4F, 0xFB,
    0xA8, 0x86, 0xB2, 0xE9, 0xF3, 0x16, 0x6B, 0xEE, 0x77, 0x4C, 0x88, 0x94, 0x6A, 0xA5, 0x04, 0xED,
    0x6B, 0xC4, 0x11, 0xC6, 0x4F, 0x2C, 0x9E, 0x40, 0xC4, 0xAF, 0xC5, 0x45, 0x9F, 0x68, 0xCA, 0xD0,
    0xE4, 0x6C, 0x8B, 0x1B, 0xCB, 0xDA, 0xFF, 0x20, 0xE9, 0xD1, 0x38, 0x38, 0xB9, 0x9A, 0x96, 0x8F,
    0xE2, 0xDB, 0x27, 0x41, 0x92, 0xFE, 0x86, 0x7E, 0x3D, 0x74, 0x62, 0xF1, 0x33, 0x1C, 0x95, 0xAA,
    0xEC, 0x6D, 0x68, 0xED, 0x0A, 0x26, 0xA8, 0x41, 0x1E, 0xB1, 0xB6, 0x6F, 0x48, 0xBF, 0x2C, 0xCE,
    0xBD, 0xC7, 0xE7, 0xEB, 0x5B, 0x9C, 0x42, 0x8C, 0x02, 0x70, 0x15, 0x3D, 0xB2, 0x54, 0xE3, 0xD8,
    0x35, 0xAF, 0xAC, 0x9E, 0x54, 0x7D, 0xCE, 0x2E, 0x2C, 0x3E, 0xFC, 0x3A, 0xFB, 0xD4, 0x1E, 0x0A,
    0x39, 0xC6, 0x7F, 0x53, 0x4D, 0xAF, 0x7F, 0xF4, 0x78, 0x4B, 0x0A, 0xD6, 0x86, 0xEC, 0x6B, 0x8D,
    0x54, 0x81, 0xAB, 0x07, 0x6E, 0x9A, 0x0F, 0x90, 0x82, 0x10, 0x9A, 0x6E, 0xD9, 0x5B, 0x71, 0x4D,
    0xD7, 0x88, 0xB8, 0x44, 0xE1, 0xB9, 0x81, 0x15, 0x32, 0x0D, 0xCF, 0x1D, 0x84, 0xE4, 0x3E, 0x08,
    0x14, 0xB9, 0xF4, 0xC6, 0x4E, 0x7F, 0xB3, 0xFC, 0xD0, 0x25, 0xBF, 0x51, 0x2A, 0x5B, 0x3A, 0x41,
    0xEB, 0x0F, 0x01, 0x8D, 0x2E, 0xA0, 0xBA, 0x8E, 0xE3, 0x2A, 0x78, 0x07, 0x47, 0xFE, 0xFA, 0x27,
    0x04, 0xAB, 0xF1, 0x0E, 0xDD, 0x35, 0xBD, 0x3C, 0xBB, 0xBD, 0xB3, 0xA9, 0x9C, 0x09, 0x9C, 0x75,
    0x70, 0xA5, 0xED, 0xE0, 0x9A, 0x9C, 0xF3, 0x27, 0x04, 0x0F, 0x38, 0xBF, 0x49, 0xF0, 0xA8, 0xF3,
    0x4B, 0x04, 0x1D, 0x67, 0x9A, 0x60, 0xC5, 0xE1, 0xB0, 0x2D, 0x04, 0xB4, 0x6F, 0xE2, 0x7A, 0x75,
    0x74, 0xB0, 0xF9, 0xAD, 0x26, 0x6A, 0xBD, 0x2D, 0xFD, 0x2A, 0x48, 0xF4, 0x59, 0x95, 0x06, 0xCA,
    0xB8, 0xEC, 0xB7, 0x90, 0x14, 0xF9, 0xF0, 0xD3, 0x48, 0xB2, 0x2F, 0xDB, 0x06, 0x74, 0x69, 0xEB,
    0x0F, 0x8A, 0x05, 0x58, 0xF0, 0x3B, 0x79, 0x0B, 0xE6, 0x96, 0x0F, 0x5C, 0xA3, 0xCB, 0x55, 0xA0,
    0x91, 0x6F, 0x60, 0x3C, 0x1D, 0xD8, 0xBC, 0xAF, 0x53, 0x74, 0xD6, 0x46, 0x00, 0xC4, 0x77, 0xDA,
    0xFA, 0x0D, 0xA5, 0x2A, 0xF7, 0x3D, 0x43, 0x0A, 0xCC, 0x78, 0xC5, 0xB3, 0xC2, 0x71, 0x95, 0xAB,
    0x04, 0x08, 0xDB, 0xC8, 0x55, 0x10, 0x86, 0xAD, 0xF2, 0xE9, 0x46, 0xAB, 0x4B, 0xA0, 0xAA, 0x4E,
    0xE5, 0xE7, 0xC0, 0xAC, 0x8E, 0x57, 0x14, 0x72, 0x6E, 0x21, 0xFC, 0xAF, 0x70, 0xC1, 0x0F, 0x76,
    0xA0, 0x1F, 0x1C, 0x30, 0xF7, 0x05, 0xD9, 0xA7, 0x20, 0x92, 0x61, 0x44, 0xAD, 0x9E, 0x80, 0xF7,
    0xCF, 0x36, 0x2E, 0xFF, 0x25, 0xE1, 0x33, 0x75, 0x97, 0xF7, 0x3F, 0x2D, 0xCB, 0x76, 0x5E, 0xD6,
    0xE7, 0x79, 0xFB, 0x06, 0xA3, 0xA3, 0x71, 0x70, 0xDE, 0x87, 0x62, 0x37, 0x78, 0xF3, 0x2F, 0x39,
    0x96, 0xF6, 0xE9, 0xB7, 0x40, 0xC9, 0xAA, 0xF1, 0xC7, 0xC0, 0xB1, 0xE9, 0xAD, 0x16, 0x1B, 0x55,
    0x2A, 0xF7, 0xE5, 0x49, 0x50, 0x18, 0xAF, 0xB8, 0x79, 0xD4, 0x1A, 0xFD, 0xB4, 0x8F, 0xC8, 0x9E,
    0x03, 0x95, 0xB0, 0x64, 0xA3, 0xBB, 0x11, 0x2C, 0x2C, 0xA5, 0x4A, 0xA3, 0x66, 0x6B, 0xD4, 0xDD,
    0xA9, 0xC8, 0x36, 0xA9, 0xBB, 0x46, 0x08, 0x9F, 0x79, 0xA5, 0xE8, 0x59, 0xEB, 0x6C, 0x7F, 0x86,
    0xCF, 0x7C, 0x64, 0x23, 0xC9, 0xA5, 0x41, 0xE2, 0x5A, 0x5F, 0x0B, 0x48, 0x5E, 0x79, 0x09, 0xB9,
    0xF3, 0x4A, 0xDD, 0xF7, 0xF0, 0x83, 0x48, 0xDE, 0xB5, 0xD1, 0x43, 0xEB, 0x7F, 0x34, 0x5C, 0x52,
    0x53, 0x3B, 0x80, 0xEA, 0x43, 0x40, 0xED, 0xCD, 0x67, 0x81, 0x1D, 0xCF, 0x5C, 0xDE, 0xAE, 0x5F,
    0xA8, 0xC6, 0xDF, 0x07, 0x73, 0xF9, 0xF6, 0x0F, 0x5F, 0x5C, 0x7C, 0x4C, 0x2D, 0xFD, 0x3B, 0x22,
    0x7A, 0x63, 0xBF, 0xF1, 0xF0, 0x3B, 0xCF, 0x1D, 0xC8, 0xFD, 0xE6, 0x6B, 0x04, 0x0F, 0xFC, 0x06,
    0xE0, 0xD1, 0xA5, 0xBF, 0xA5, 0xE3, 0xA5, 0xA5, 0xDE, 0x0F, 0xDF, 0xFA, 0x52, 0x65, 0x69, 0x99,
    0x8E, 0x1C, 0x5F, 0x72, 0x08, 0xAA, 0xA5, 0x26, 0xC3, 0xD3, 0xEF, 0x3C, 0x77, 0x91, 0xBA, 0xB5,
    0xA0, 0x1D, 0x4B, 0x8D, 0xA7, 0x91, 0x7E, 0xC9, 0x47, 0x51, 0x15, 0xE3, 0x69, 0x9F, 0x88, 0x93,
    0x6F, 0xA9, 0x70, 0x49, 0x19, 0xCF, 0x7D, 0x59, 0x45, 0x0D, 0x55, 0xB5, 0x97, 0x55, 0x83, 0xE6,
    0x3C, 0x7F, 0x3F, 0x26, 0xC8, 0x5A, 0xD6, 0xDE, 0x07, 0x2B, 0x88, 0x8C, 0xBF, 0x5C, 0xAF, 0x2B,
    0x6D, 0x9B, 0xF7, 0x93, 0x35, 0x5E, 0xB3, 0xD1, 0x98, 0x46, 0x0B, 0x0D, 0x0D, 0xE2, 0xB3, 0x8F,
    0x50, 0x17, 0x7F, 0xF2, 0xE6, 0xB3, 0x8F, 0x90, 0x3A, 0xD0, 0x78, 0xF6, 0xD9, 0x47, 0xFA, 0xEA,
    0x8E, 0x3F, 0x31, 0x70, 0xF0, 0xC0, 0x9F, 0x3E, 0xFB, 0x1C, 0x35, 0x47, 0xFF, 0xE4, 0xF2, 0x73,
    0xCF, 0xD3, 0xE8, 0xBD, 0x7C, 0xF9, 0xF9, 0xD7, 0x68, 0xB2, 0x1B, 0x6F, 0xBE, 0xF0, 0x16, 0x0A,
    0x1B, 0xFE, 0xEE, 0xFF, 0xF1, 0x1D, 0xA5, 0x4E, 0x37, 0x8C, 0x6F, 0x54, 0xB9, 0x6A, 0xE1, 0x66,
    0x71, 0x1B, 0xCD, 0x79, 0x6C, 0x0D, 0x2A, 0x72, 0xE6, 0x38, 0x42, 0x29, 0x5D, 0xE6, 0x64, 0x41,
    0x4E, 0x0B, 0x4A, 0x7A, 0x02, 0xED, 0xC7, 0xDF, 0xFB, 0xD2, 0xE3, 0x81, 0x9D, 0x08, 0x56, 0x50,
    0x18, 0x0E, 0x2D, 0x3E, 0xF1, 0xBD, 0xC5, 0x85, 0xA4, 0xD4, 0x1B, 0xD3, 0xA0, 0x49, 0x44, 0x12,
    0x2B, 0x54, 0xAD, 0xB4, 0x06, 0xF0, 0xD6, 0x47, 0xF8, 0xF7, 0x6C, 0xB6, 0xBD, 0xE4, 0x92, 0xA0,
    0x0F, 0x8F, 0x4D, 0xA6, 0x76, 0xE7, 0x31, 0x31, 0xF1, 0xB0, 0x03, 0xBF, 0x39, 0xC5, 0x4D, 0x54,
    0xCB, 0x69, 0x6D, 0x84, 0xF9, 0x70, 0x79, 0x36, 0xBF, 0x88, 0xDA, 0xAF, 0x44, 0x5E, 0x1E, 0x05,
    0x95, 0xE9, 0xAF, 0xFD, 0x95, 0x38, 0xD9, 0xFE, 0x50, 0x1E, 0x8A, 0x6A, 0xEE, 0x16, 0x11, 0xF5,
    0xFA, 0x45, 0x65, 0xD5, 0x2F, 0x82, 0x72, 0x11, 0x6D, 0xC3, 0x05, 0xD6, 0x8B, 0x5F, 0xCA, 0xB1,
    0x00, 0xDD, 0xCB, 0xA9, 0x7B, 0x70, 0x30, 0x67, 0xF2, 0xB9, 0x5C, 0xCB, 0xC3, 0x39, 0x52, 0xA6,
    0xE4, 0x1C, 0x13, 0xC3, 0x1C, 0x51, 0x43, 0x6E, 0x2C, 0x69, 0x6C, 0x65, 0xE9, 0x17, 0x59, 0xB8,
    0x31, 0x3A, 0x66, 0xB6, 0xF8, 0x34, 0xDC, 0x78, 0x93, 0x75, 0xDD, 0x9F, 0xBE, 0x60, 0xC7, 0xBA,
    0x5F, 0xED, 0xDA, 0xB6, 0xEE, 0x57, 0x4A, 0xB6, 0x7D, 0xDF, 0x36, 0x60, 0x35, 0x06, 0x94, 0x23,
    0x0C, 0x63, 0x86, 0xEB, 0x72, 0xE4, 0xA9, 0xED, 0x1A, 0xC1, 0x56, 0xBC, 0x41, 0xD0, 0xF4, 0x70,
    0xC4, 0x74, 0x71, 0x8D, 0xA5, 0x70, 0x8D, 0x7D, 0x6F, 0xA5, 0x94, 0xB3, 0x73, 0x25, 0xC0, 0x03,
    0xF9, 0x4A, 0xE9, 0x80, 0x7D, 0xD4, 0xFE, 0xF4, 0x66, 0xDE, 0x3E, 0x1B, 0x7F, 0xBA, 0x73, 0x94,
    0xEE, 0xAA, 0x91, 0xBC, 0xF4, 0x6B, 0xC6, 0x06, 0xEC, 0x92, 0x5A, 0x45, 0x55, 0xFA, 0x58, 0xCD,
    0x53, 0x17, 0xD8, 0xE9, 0xCD, 0x66, 0xF1, 0xE1, 0x5E, 0x02, 0xF0, 0xCC, 0xB4, 0xD2, 0xFC, 0xD8,
    0x20, 0xE2, 0x50, 0xAE, 0x51, 0x30, 0xD8, 0x89, 0x60, 0xF7, 0x09, 0x12, 0x5B, 0xD7, 0x82, 0xDB,
    0xBD, 0x6D, 0x81, 0xC9, 0xC8, 0x58, 0x9A, 0xE7, 0x7A, 0xB8, 0xCE, 0x82, 0x5E, 0x39, 0xE6, 0x12,
    0x3F, 0x25, 0x54, 0x0E, 0x8E, 0xDB, 0xDC, 0xD4, 0x9B, 0xDC, 0xA8, 0xA5, 0x92, 0xF1, 0xAC, 0x32,
    0x4B, 0x4B, 0x0E, 0x9A, 0x03, 0x4B, 0x35, 0xE3, 0x2D, 0x12, 0x3E, 0x7E, 0x23, 0x22, 0x71, 0xD3,
    0x1C, 0x5B, 0xE2, 0x82, 0xAE, 0xEA, 0x2B, 0x78, 0xD6, 0x7D, 0x70, 0x23, 0x76, 0x54, 0xF5, 0xBD,
    0x25, 0xB8, 0x0E, 0xCC, 0x4F, 0x2D, 0xB1, 0xBC, 0x77, 0x74, 0x09, 0x85, 0xBB, 0xA8, 0xB1, 0x91,
    0x08, 0x70, 0x74, 0xC9, 0x7C, 0xDE, 0x43, 0xA3, 0xA3, 0x72, 0xC7, 0xD1, 0x25, 0x38, 0x33, 0x72,
    0x6A, 0x09, 0x7B, 0x4D, 0xD0, 0x02, 0xB5, 0xDF, 0x0E, 0xA8, 0x2B, 0xBF, 0xD1, 0x27, 0xFE, 0x5B,
    0xB1, 0x3E, 0x68, 0xAB, 0x53, 0x88, 0x7E, 0x71, 0x33, 0xF9, 0x44, 0x51, 0x52, 0xCF, 0x40, 0x62,
    0x35, 0x20, 0x19, 0xB3, 0xFB, 0x68, 0x13, 0x34, 0x5B, 0xE7, 0x5A, 0xFA, 0x96, 0x28, 0xF9, 0x3B,
    0x24, 0x2D, 0x45, 0x47, 0x23, 0xE8, 0x05, 0x6A, 0x2F, 0xE4, 0xB3, 0x89, 0x81, 0x43, 0x88, 0xE8,
    0xEE, 0x60, 0xA7, 0x3B, 0x18, 0x4A, 0xC9, 0x1C, 0xCE, 0x80, 0x57, 0x73, 0xAA, 0xB5, 0x5D, 0x5F,
    0xEB, 0x26, 0x05, 0x24, 0xC6, 0x79, 0xF6, 0x6C, 0xAC, 0xB9, 0x93, 0xEB, 0xF5, 0xB5, 0xED, 0x34,
    0x55, 0x9C, 0x8F, 0x10, 0x7C, 0xC8, 0x53, 0x93, 0xE3, 0xFA, 0xEB, 0x28, 0xDD, 0x67, 0x7E, 0x6F,
    0xD1, 0xD5, 0x3A, 0xDC, 0xDD, 0xE3, 0x55, 0xEE, 0xEE, 0xC7, 0xFE, 0x9C, 0x5A, 0x32, 0xFD, 0x8F,
    0xDA, 0xAA, 0xA5, 0x23, 0x6F, 0xD4, 0xF2, 0xE1, 0x50, 0xD6, 0xBC, 0x23, 0x6D, 0x42, 0x72, 0xBD,
    0xEF, 0x5A, 0x5D, 0xF5, 0x5F, 0xDC, 0x58, 0x7C, 0xFC, 0xBC, 0x42, 0x79, 0x20, 0x94, 0xF7, 0x82,
    0x8F, 0x26, 0x00, 0x84, 0xED, 0xDA, 0xF0, 0x6C, 0xAE, 0xC5, 0x34, 0xC7, 0xBA, 0x49, 0x45, 0xCD,
    0xB1, 0x6D, 0xE0, 0x58, 0x12, 0x27, 0x34, 0x58, 0xB5, 0xF3, 0x4C, 0xF5, 0x3B, 0x80, 0xD9, 0x7A,
    0xD9, 0x73, 0xBC, 0xB5, 0xD4, 0x98, 0x99, 0xA9, 0xBD, 0x8F, 0x90, 0xFB, 0xBE, 0xDA, 0xC4, 0x32,
    0xD7, 0x39, 0xED, 0xC1, 0x62, 0x58, 0xAD, 0xB1, 0x55, 0xAE, 0x22, 0x2C, 0xE1, 0x1F, 0x00, 0x6D,
    0x76, 0xDF, 0x66, 0x6C, 0x4E, 0xFB, 0x38, 0xFB, 0x93, 0xF2, 0xBD, 0x13, 0x30, 0x2D, 0x9F, 0xCF,
    0x14, 0xF2, 0x83, 0x08, 0xA9, 0xED, 0x17, 0x51, 0xC1, 0x46, 0xE8, 0x0B, 0xC3, 0x40, 0x80, 0xA2,
    0xD4, 0x17, 0xD8, 0x74, 0xE0, 0x2F, 0x32, 0xA3, 0x3C, 0xFC, 0x17, 0x2B, 0xBE, 0x8D, 0xFD, 0xE7,
    0x3E, 0xF6, 0x2D, 0x92, 0x87, 0xAA, 0xCF, 0xFA, 0x70, 0x7F, 0xDF, 0x3D, 0xC8, 0x60, 0x91, 0x7C,
    0xDD, 0x57, 0x36, 0xAB, 0x2C, 0xEA, 0x63, 0x37, 0x29, 0xD5, 0xBA, 0xC1, 0xBB, 0x9C, 0xC0, 0x81,
    0x3F, 0x33, 0x88, 0x4C, 0x80, 0x4A, 0x90, 0x14, 0xCD, 0x74, 0x99, 0x71, 0x99, 0x7B, 0x9A, 0xE4,
    0xDC, 0xD9, 0x7A, 0x7D, 0x7D, 0xCF, 0xB9, 0xE4, 0xE0, 0xBE, 0xB7, 0x8F, 0x9E, 0x93, 0xA4, 0x09,
    0x25, 0xD9, 0x5C, 0x0A, 0x65, 0x33, 0xC7, 0x90, 0x96, 0x6B, 0x83, 0x6C, 0xDB, 0x2E, 0x6F, 0xBD,
    0xB0, 0xC5, 0x3B, 0x30, 0x94, 0xDB, 0x34, 0xA6, 0x3D, 0x88, 0xA6, 0x46, 0xA6, 0x1A, 0xC1, 0xC1,
    0x8C, 0x8F, 0x87, 0xA3, 0x11, 0x62, 0x0E, 0x4A, 0xD8, 0xE1, 0xE2, 0xBA, 0x24, 0xDE, 0x2E, 0xA9,
    0xC3, 0x5B, 0xE7, 0xD0, 0x70, 0xBC, 0x11, 0xB6, 0x44, 0x0D, 0x3F, 0x5A, 0x64, 0x41, 0x38, 0xE4,
    0xFE, 0x78, 0xDC, 0xD8, 0x8A, 0x0F, 0xCE, 0xCB, 0xED, 0x2D, 0x17, 0x07, 0x49, 0x6D, 0x46, 0x63,
    0x75, 0xDB, 0x68, 0xAA, 0xCE, 0x32, 0xCE, 0x39, 0xCE, 0xD4, 0xFA, 0x37, 0xCF, 0xA9, 0x29, 0x47,
    0xE5, 0xF3, 0xFC, 0xBE, 0x92, 0x34, 0x8E, 0x34, 0x4D, 0x58, 0x1C, 0x1D, 0xD8, 0x1F, 0x51, 0x1F,
    0xCF, 0x87, 0xE1, 0xD1, 0x99, 0x19, 0x41, 0x82, 0x61, 0x05, 0x97, 0x72, 0xDC, 0xA3, 0xF5, 0x5A,
    0x3A, 0x4A, 0xBF, 0x74, 0xE9, 0xFF, 0xB3, 0xF5, 0xF3, 0x25, 0x4E, 0xA7, 0x85, 0x5B, 0x00, 0x67,
    0xBB, 0x1E, 0x9F, 0xB5, 0x63, 0x54, 0xC4, 0x18, 0x5F, 0x5C, 0x18, 0x49, 0xAC, 0x0B, 0x59, 0x6F,
    0x0E, 0x33, 0xC9, 0x74, 0x7B, 0x7F, 0xCF, 0x1E, 0x81, 0xDF, 0xEE, 0x20, 0x8D, 0x1D, 0xF5, 0xF4,
    0xAE, 0x9E, 0x9A, 0xAF, 0x6F, 0xB4, 0x56, 0x09, 0x8B, 0xA2, 0xD1, 0x6D, 0xAE, 0x9B, 0x69, 0x52,
    0x54, 0x0B, 0x31, 0x04, 0x71, 0x74, 0x72, 0xE7, 0x1B, 0x4A, 0xFF, 0x41, 0xA4, 0x05, 0x47, 0x61,
    0xCB, 0xD7, 0x49, 0x67, 0xE5, 0x6C, 0x89, 0x12, 0xF0, 0x0F, 0x5B, 0x46, 0x57, 0xBF, 0x7A, 0xE2,
    0xEC, 0xF8, 0xA6, 0xB2, 0x1E, 0xB6, 0x3B, 0x16, 0x91, 0xBA, 0x87, 0xED, 0xC7, 0x08, 0x7F, 0xCC,
    0xAF, 0x9E, 0x80, 0xD9, 0xDE, 0x24, 0x99, 0x1D, 0xCD, 0xC3, 0x76, 0x19, 0x5A, 0xC5, 0xC3, 0xF6,
    0xFC, 0xD6, 0x4B, 0xCA, 0x34, 0xED, 0xA6, 0x9C, 0x83, 0x67, 0xD0, 0x7C, 0xF1, 0x04, 0x10, 0xCE,
    0x92, 0x9A, 0x2C, 0xD4, 0xD4, 0x5B, 0x75, 0xCE, 0xE0, 0x9A, 0x01, 0x19, 0xE4, 0xA6, 0xC4, 0xB5,
    0x21, 0x49, 0x1E, 0xEA, 0xB3, 0x29, 0x5B, 0x3B, 0xCF, 0x14, 0x5B, 0xF6, 0xB5, 0x9A, 0xE6, 0xB2,
    0xC1, 0xBB, 0x23, 0xB2, 0x46, 0xF7, 0x5A, 0x90, 0x03, 0x27, 0x33, 0xE5, 0xF6, 0xE4, 0xF7, 0xBD,
    0x9B, 0x32, 0x48, 0xCE, 0xC6, 0x20, 0x4F, 0xCE, 0xD9, 0x0F, 0x66, 0xB3, 0x16, 0x57, 0x53, 0xD4,
    0x43, 0xAA, 0x02, 0x4D, 0x4E, 0x0D, 0xAB, 0x39, 0x4A, 0x52, 0xEF, 0x32, 0x0D, 0xAA, 0x2A, 0xD5,
    0xD0, 0xD9, 0x0B, 0x99, 0x83, 0xC9, 0x0D, 0x36, 0xEC, 0xE4, 0x71, 0xA2, 0x73, 0xBB, 0xC9, 0x39,
    0x5B, 0x9E, 0x92, 0x5C, 0x92, 0x1C, 0x9C, 0x24, 0x82, 0x30, 0x3C, 0x67, 0xAB, 0x5B, 0x34, 0xF5,
    0x68, 0xE4, 0xCA, 0x41, 0x5F, 0x0E, 0xCA, 0x33, 0x99, 0xEA, 0x44, 0x49, 0x34, 0xDF, 0x20, 0xA8,
    0xAF, 0xC2, 0xFD, 0xA4, 0x06, 0xFD, 0x1C, 0xE4, 0x87, 0xC8, 0x0D, 0x15, 0x7E, 0x98, 0x1C, 0x6C,
    0xC9, 0x0D, 0x68, 0xE8, 0x60, 0x43, 0x2E, 0x69, 0xC8, 0x4E, 0xE5, 0x0D, 0x2E, 0x50, 0xBA, 0xDA,
    0x60, 0x59, 0x29, 0x6A, 0x08, 0xE3, 0x18, 0x34, 0x93, 0xD2, 0xD8, 0x83, 0xA6, 0x1E, 0x35, 0x31,
    0xD9, 0xD8, 0xA5, 0xAC, 0x27, 0xCB, 0x61, 0xB0, 0xA8, 0xE9, 0x99, 0x27, 0xEB, 0x78, 0x4A, 0xD8,
    0x92, 0x61, 0x69, 0x58, 0x83, 0xA6, 0x1A, 0xB7, 0xD1, 0x4C, 0xD7, 0xCF, 0x47, 0xD6, 0xC3, 0x8C,
    0xAD, 0xD4, 0x8C, 0x2F, 0xFE, 0x0F, 0x81, 0x79, 0x8D, 0x6E, 0xB8, 0xE6, 0x1B, 0xBD, 0x61, 0x22,
    0x5D, 0x22, 0xB7, 0xBD, 0x0B, 0x74, 0x19, 0x5F, 0xFC, 0xEF, 0xBF, 0x5D, 0x8F, 0xA4, 0x9F, 0x11,
    0xFA, 0x59, 0x43, 0x78, 0x79, 0x1C, 0xCE, 0x11, 0x49, 0x44, 0x74, 0xA6, 0x8D, 0xA0, 0x38, 0x04,
    0x17, 0xA0, 0xD1, 0x99, 0x1F, 0x87, 0x90, 0xDF, 0xED, 0x7A, 0x58, 0x5D, 0xF7, 0xE8, 0xCA, 0xF7,
    0xBB, 0xF4, 0x67, 0x4E, 0xB1, 0x2B, 0x3F, 0xC9, 0x30, 0x1B, 0x5F, 0x14, 0x05, 0x32, 0xBE, 0x2C,
    0x11, 0x6D, 0x46, 0x1A, 0x23, 0xC8, 0xF3, 0x1E, 0xC9, 0xBC, 0x9F, 0x1B, 0x99, 0x77, 0xD7, 0xE5,
    0xC9, 0xF1, 0x43, 0x39, 0x98, 0x36, 0x2B, 0x3D, 0x3E, 0xB8, 0xD2, 0xC7, 0x25, 0x99, 0x73, 0x13,
    0x75, 0x2F, 0xE4, 0x1B, 0x02, 0x34, 0x24, 0xEE, 0xDE, 0xB4, 0xB1, 0xEB, 0xD2, 0xC4, 0x48, 0x01,
    0x64, 0xB1, 0x92, 0x9A, 0xB1, 0x74, 0x3C, 0x5D, 0x65, 0x3F, 0x89, 0x37, 0x28, 0x5B, 0x9E, 0x2D,
    0x3B, 0xC1, 0x28, 0x7B, 0x92, 0xFB, 0x69, 0xB3, 0xBD, 0x4A, 0x50, 0x11, 0xE6, 0x22, 0xB9, 0x41,
    0xC9, 0x0D, 0x19, 0x6E, 0x3A, 0x51, 0x7F, 0x1E, 0x07, 0x5F, 0x8B, 0xDF, 0xE2, 0x67, 0x3A, 0xA2,
    0xDC, 0xA3, 0x99, 0xAC, 0x7B, 0xA8, 0xCC, 0x4C, 0x37, 0xA0, 0xC9, 0x69, 0x83, 0x86, 0xE4, 0x00,
    0x34, 0xFF, 0xCB, 0x65, 0x6A, 0x5E, 0x59, 0xF9, 0xE0, 0xB2, 0x6B, 0xD7, 0xBF, 0xDB, 0x7F, 0xE0,
    0x87, 0x74, 0xE5, 0x7F, 0x70, 0x55, 0x2C, 0x82, 0xF3, 0x99, 0x5D, 0xE6, 0x4F, 0x46, 0xA9, 0x26,
    0x26, 0xA7, 0x96, 0x54, 0xD4, 0x13, 0xBB, 0x08, 0x62, 0x9E, 0xAB, 0xF1, 0x4F, 0xBE, 0xB9, 0xF6,
    0x23, 0xEA, 0xEE, 0xBF, 0x4B, 0xC7, 0xBA, 0x21, 0x78, 0xDD, 0x60, 0x7C, 0x19, 0x29, 0x2D, 0xCE,
    0x8A, 0xAE, 0x1D, 0x5F, 0xA9, 0xEF, 0x5C, 0x48, 0x2F, 0x49, 0xCE, 0x61, 0x39, 0xF1, 0x0D, 0xC8,
    0xA7, 0xA2, 0x4E, 0x5C, 0x93, 0x31, 0xE3, 0xDB, 0x47, 0x1B, 0x9A, 0xFE, 0xCC, 0xA3, 0x73, 0xC3,
    0x8C, 0xCC, 0x05, 0xBC, 0xF6, 0x41, 0xA9, 0xC6, 0x7B, 0x39, 0xA1, 0x26, 0x3A, 0x5B, 0xF5, 0xD8,
    0xC3, 0x5E, 0x8D, 0x3F, 0xF8, 0x21, 0x49, 0x29, 0xD3, 0xF5, 0x3F, 0x6A, 0xB9, 0x92, 0xDB, 0x19,
    0x3A, 0x18, 0xB3, 0x42, 0xD7, 0xE1, 0x51, 0xBA, 0xB7, 0x22, 0x6E, 0x61, 0xF6, 0xA3, 0x04, 0xE5,
    0x08, 0xC3, 0xFA, 0xE0, 0xE1, 0x55, 0x5C, 0x62, 0x26, 0xD6, 0xE1, 0x0E, 0x0F, 0xEB, 0x9D, 0x08,
    0x27, 0x8F, 0x5F, 0xC9, 0x8F, 0x35, 0x68, 0x04, 0x2F, 0xFF, 0x01, 0x8D, 0x0B, 0x37, 0xA4, 0x73,
    0x68, 0xAF, 0x7E, 0x5E, 0x43, 0x9E, 0xF7, 0x6B, 0x79, 0xFD, 0xBB, 0xD4, 0xCF, 0xBF, 0xCD, 0xEB,
    0xAF, 0xD1, 0x95, 0xFF, 0xD1, 0x5E, 0xFB, 0x2D, 0xF4, 0xD3, 0x8A, 0x33, 0xE3, 0xF9, 0x00, 0xC2,
    0xA4, 0x18, 0x4D, 0x7B, 0xC3, 0x84, 0x5F, 0xE6, 0xC5, 0x34, 0xFD, 0x62, 0xAE, 0xFC, 0x63, 0x89,
    0x72, 0xD4, 0xD6, 0x69, 0x91, 0x50, 0x27, 0x40, 0x4D, 0xA8, 0x9F, 0x39, 0x99, 0x80, 0x3C, 0x37,
    0x93, 0xAD, 0xFA, 0x0E, 0x1D, 0xFC, 0x2E, 0x06, 0x2B, 0x41, 0xFD, 0x41, 0xE8, 0xBA, 0xC7, 0x62,
    0x5F, 0x4C, 0x32, 0x78, 0x87, 0x31, 0x92, 0x3E, 0x6C, 0xDF, 0x86, 0xD0, 0x14, 0x97, 0xD8, 0x10,
    0xC5, 0x3B, 0xE8, 0x27, 0x0E, 0x8E, 0x0D, 0xDD, 0x4F, 0x0B, 0x82, 0xAD, 0x70, 0xA1, 0x92, 0xCC,
    0x17, 0x26, 0x8A, 0x57, 0x9F, 0x11, 0x93, 0x74, 0xFA, 0x2A, 0x69, 0x78, 0x21, 0xBA, 0xBB, 0xAA,
    0x92, 0xDC, 0x6C, 0x98, 0x95, 0x30, 0x0F, 0xE7, 0x19, 0x5B, 0xD3, 0x2A, 0xC9, 0x2F, 0xA5, 0xF7,
    0xD9, 0xF1, 0x5F, 0x61, 0xDA, 0xC6, 0x17, 0x3F, 0x23, 0xB3, 0x97, 0xCB, 0xE7, 0x48, 0x5D, 0xAA,
    0xBB, 0xA4, 0x26, 0xE1, 0x86, 0x52, 0x0E, 0x5E, 0xD6, 0xB4, 0x71, 0xA4, 0xA9, 0xE5, 0x26, 0xD0,
    0xB4, 0x73, 0xA6, 0xB2, 0xD7, 0x2E, 0x85, 0x68, 0xE2, 0xB7, 0x11, 0x07, 0x9F, 0x53, 0xA2, 0xD3,
    0x8F, 0x70, 0xF2, 0xE1, 0x0A, 0x01, 0x05, 0x9B, 0x5C, 0xAF, 0x1F, 0xAE, 0x6F, 0xE0, 0xDD, 0xA9,
    0x24, 0xB8, 0xA7, 0x99, 0x5E, 0xAF, 0xBB, 0x4C, 0x70, 0xE3, 0xAF, 0xC9, 0x9E, 0x37, 0x45, 0xF8,
    0x35, 0x61, 0xD4, 0x9A, 0x52, 0xA6, 0xC5, 0x26, 0x2E, 0x2B, 0x6D, 0xE2, 0xCF, 0x73, 0x53, 0xC7,
    0x86, 0x37, 0xD6, 0x23, 0x74, 0xD0, 0x86, 0xE3, 0x18, 0xB9, 0xC5, 0xF6, 0x5B, 0x0A, 0x6A, 0xA3,
    0xFD, 0x31, 0x1B, 0xBC, 0xF2, 0x2B, 0x12, 0xF0, 0x52, 0xBE, 0x9A, 0x54, 0x95, 0xC7, 0x1C, 0x55,
    0xD4, 0xE1, 0x56, 0x3C, 0xEC, 0x6E, 0x42, 0x0C, 0x72, 0xD9, 0xE6, 0xF0, 0x7A, 0xBD, 0xCC, 0x15,
    0x72, 0x62, 0x34, 0xA3, 0xE7, 0x6C, 0x59, 0x60, 0xB9, 0x2F, 0x7C, 0x81, 0xCD, 0xB0, 0x07, 0x72,
    0x49, 0xD3, 0xE2, 0x61, 0xED, 0xF3, 0x92, 0xF9, 0xC2, 0x17, 0x60, 0xFE, 0xA4, 0x83, 0x90, 0x4E,
    0xE9, 0x2F, 0x36, 0x0F, 0xC3, 0x09, 0xE4, 0xE2, 0x29, 0xC6, 0xD3, 0x1C, 0x0D, 0x8E, 0xB8, 0x0C,
    0xFA, 0x68, 0xCB, 0x6D, 0xB2, 0x22, 0x2C, 0xB5, 0x5E, 0x6C, 0x69, 0x4E, 0xAD, 0xC1, 0x08, 0xA4,
    0x31, 0xED, 0xC9, 0xA9, 0xAF, 0x23, 0x41, 0x70, 0x3C, 0xDB, 0x5B, 0x92, 0x00, 0xC1, 0x02, 0xCC,
    0x50, 0x2A, 0x63, 0x74, 0x24, 0x71, 0x59, 0x8A, 0xB0, 0xD2, 0x78, 0x25, 0x51, 0x4F, 0x76, 0xD2,
    0xC8, 0xCA, 0x29, 0x8A, 0x03, 0x61, 0x36, 0xE2, 0x9A, 0x79, 0x10, 0xA9, 0xA6, 0x3B, 0xAA, 0xD6,
    0x64, 0x12, 0xCC, 0x35, 0x41, 0x6A, 0x1A, 0xC4, 0x0F, 0x55, 0xE3, 0xE4, 0x5F, 0x55, 0x93, 0x4D,
    0xD4, 0x6B, 0x55, 0xC9, 0xCF, 0xE8, 0xF2, 0x8E, 0x51, 0x9B, 0x0D, 0x2E, 0x62, 0x2A, 0x24, 0xC6,
    0x7E, 0x8D, 0x1F, 0x5C, 0x65, 0x53, 0xAE, 0xBA, 0x57, 0x1D, 0xD9, 0x5D, 0xC5, 0x4E, 0x92, 0xCC,
    0x8F, 0x84, 0xD4, 0xDD, 0x71, 0x6C, 0x3D, 0x6B, 0x84, 0x56, 0x7F, 0x95, 0x13, 0x6A, 0xDC, 0x94,
    0x42, 0x0E, 0xB7, 0x34, 0x1A, 0x34, 0xDB, 0xEC, 0xAF, 0xB2, 0x12, 0x23, 0x3A, 0x64, 0xB5, 0x6A,
    0x07, 0xC5, 0x62, 0xA9, 0xBB, 0xDC, 0xA8, 0x5A, 0x4E, 0x9A, 0xBC, 0x34, 0xCE, 0x48, 0xD3, 0xE6,
    0xE6, 0x2B, 0x11, 0x37, 0x9B, 0x3E, 0x1A, 0x74, 0xB7, 0xF4, 0x89, 0xDD, 0x1D, 0x97, 0xD1, 0xB5,
    0xA5, 0x18, 0xA0, 0xCD, 0x11, 0x3E, 0x87, 0x5B, 0x28, 0x1D, 0xDE, 0x91, 0xD2, 0x90, 0x4E, 0x49,
    0x94, 0x8D, 0xD1, 0x66, 0xB6, 0xBE, 0x16, 0x88, 0x29, 0x57, 0x0E, 0x72, 0x45, 0x42, 0x6E, 0xA6,
    0x3B, 0xB3, 0x2C, 0x8A, 0xD5, 0x24, 0xDE, 0xAC, 0x26, 0x0E, 0x9D, 0xFD, 0x1B, 0x09, 0x02, 0xDB,
    0xE4, 0x2B, 0x6F, 0x7F, 0x74, 0x81, 0x05, 0xC8, 0x4F, 0x0F, 0x6D, 0xEE, 0x44, 0x47, 0xB2, 0x1D,
    0x1C, 0x24, 0x46, 0xA8, 0x34, 0x03, 0x22, 0x49, 0x81, 0xD8, 0xDD, 0xE0, 0x1C, 0x0D, 0xEB, 0xDA,
    0xF6, 0x2A, 0x86, 0x55, 0xF7, 0x97, 0x31, 0xE1, 0xDA, 0x3B, 0x6D, 0x0E, 0x8E, 0x82, 0xB6, 0x5F,
    0xB3, 0x99, 0x01, 0xD5, 0x6C, 0x0E, 0xBF, 0xAC, 0xD9, 0x47, 0xBE, 0x8B, 0x83, 0xC5, 0xF8, 0x59,
    0x5A, 0x9B, 0x9B, 0x24, 0x25, 0x6F, 0x51, 0x3F, 0x17, 0x38, 0xCA, 0xF3, 0x76, 0xB0, 0x80, 0x4B,
    0x4B, 0xDA, 0x9E, 0xE9, 0xA1, 0xF6, 0x70, 0x24, 0x08, 0xD6, 0x95, 0xED, 0xA6, 0x2A, 0xD3, 0xDB,
    0xDF, 0xBC, 0x20, 0x6E, 0xDA, 0x6E, 0x96, 0x0A, 0xEF, 0x69, 0xAA, 0x1D, 0xB6, 0xC4, 0x4F, 0x77,
    0xEA, 0x08, 0x14, 0x01, 0xD1, 0x0C, 0x25, 0x7F, 0x2A, 0xE2, 0x66, 0xAE, 0xC6, 0xCD, 0x06, 0x3C,
    0xF1, 0x35, 0x9D, 0x77, 0x4F, 0xAB, 0x15, 0x7D, 0x44, 0x1B, 0x6F, 0x6E, 0x01, 0x77, 0xF5, 0xFE,
    0x3D, 0x28, 0x26, 0x72, 0x5B, 0xDD, 0xE5, 0x9D, 0x09, 0x8A, 0x2E, 0xD1, 0x3C, 0xD8, 0x60, 0x2C,
    0x6C, 0x79, 0xA3, 0xDA, 0x45, 0x30, 0x4C, 0xD6, 0xBA, 0xD1, 0xCF, 0x8B, 0x3C, 0x8E, 0x5A, 0x8F,
    0x1B, 0x53, 0x1A, 0xFB, 0x94, 0xA8, 0x52, 0xB3, 0xF5, 0x9D, 0xF3, 0xAA, 0x1A, 0xCD, 0xE0, 0xE0,
    0xB4, 0x34, 0xAA, 0x41, 0x07, 0xB1, 0x9D, 0x87, 0x20, 0x43, 0x23, 0x39, 0x38, 0xDA, 0x94, 0x99,
    0x11, 0xB5, 0x0F, 0xB3, 0xF1, 0x55, 0x28, 0x94, 0xFD, 0x02, 0x07, 0xCA, 0xCD, 0x67, 0xBA, 0xDB,
    0xDB, 0x95, 0x52, 0x38, 0x26, 0x2C, 0xAB, 0x28, 0x8D, 0xF5, 0x8A, 0x24, 0x69, 0x44, 0x6B, 0xDB,
    0xEB, 0x2F, 0x71, 0x65, 0x3B, 0x8C, 0xF5, 0x94, 0x6C, 0xEA, 0xA5, 0x5A, 0xD2, 0xF9, 0x6F, 0xAF,
    0x41, 0x56, 0x57, 0x0D, 0x83, 0x15, 0xC4, 0x3F, 0x8D, 0x63, 0x52, 0x5A, 0xA2, 0x97, 0x3F, 0xBB,
    0x48, 0x9C, 0x39, 0x92, 0x83, 0x0D, 0xDE, 0x50, 0x83, 0x1A, 0x64, 0x21, 0x52, 0x13, 0x1E, 0xCD,
    0x36, 0xE9, 0x41, 0xCE, 0x07, 0x6A, 0xC0, 0x24, 0x60, 0xF4, 0x9E, 0x44, 0x0A, 0xE9, 0xAD, 0xBA,
    0x3B, 0xA6, 0x16, 0x17, 0x48, 0xDC, 0x28, 0x6A, 0xF1, 0x47, 0xB0, 0xE8, 0xF9, 0xEA, 0x38, 0x7C,
    0x3E, 0xD1, 0xE2, 0xD2, 0x22, 0xB6, 0x98, 0x8D, 0xDB, 0xA0, 0xFA, 0x53, 0x12, 0xF1, 0xA6, 0xC2,
    0x4F, 0x71, 0xD5, 0x9B, 0xB8, 0xDB, 0xC2, 0xE4, 0x1C, 0x5A, 0xFD, 0xF9, 0xC7, 0xD8, 0xEC, 0x0E,
    0x5A, 0x10, 0x3D, 0xFE, 0xDE, 0xD9, 0xC7, 0xA8, 0x9F, 0x89, 0x4E, 0xC2, 0x07, 0xD3, 0xE6, 0x3A,
    0x9D, 0x5B, 0x54, 0xEA, 0xC3, 0xB4, 0x4A, 0xFF, 0x2A, 0xBB, 0xB0, 0x48, 0x90, 0x40, 0x66, 0xF2,
    0x0A, 0x22, 0xDE, 0x8D, 0x5E, 0x13, 0x16, 0xA1, 0x7D, 0xFA, 0xD9, 0x1F, 0xAA, 0x42, 0x2F, 0xF1,
    0x48, 0xF5, 0x21, 0x03, 0xBE, 0xA9, 0x04, 0x42, 0xC0, 0x61, 0x38, 0xFD, 0xFE, 0x05, 0x54, 0x3F,
    0xE4, 0x6D, 0x70, 0x2A, 0xBF, 0x5F, 0x1A, 0xC2, 0xEF, 0x97, 0xE8, 0xCA, 0xCA, 0xAB, 0x09, 0x74,
    0x54, 0xE3, 0x97, 0x9F, 0xC5, 0x28, 0xFD, 0xB2, 0x2A, 0x21, 0x56, 0x3C, 0x03, 0xAB, 0x3C, 0x7A,
    0x9F, 0x5E, 0xFC, 0xA2, 0xA3, 0xEE, 0xE5, 0x23, 0x25, 0x81, 0x7C, 0xDC, 0x99, 0xAF, 0x6F, 0x56,
    0xE3, 0x0E, 0x1D, 0x29, 0xA6, 0x5B, 0x6A, 0x24, 0x59, 0x37, 0x92, 0x81, 0xE3, 0x67, 0xF2, 0x70,
    0xE4, 0x48, 0x26, 0x33, 0x27, 0xBB, 0xE5, 0xC8, 0x22, 0x5B, 0x64, 0xB3, 0xDE, 0x52, 0xC3, 0x33,
    0x5D, 0xCB, 0x4D, 0x7E, 0xF7, 0x91, 0x28, 0x90, 0xC0, 0x64, 0x1B, 0x13, 0x33, 0xAD, 0x64, 0xE3,
    0x5A, 0x49, 0xED, 0x62, 0x1C, 0x91, 0x4C, 0xA7, 0x64, 0xBF, 0xBE, 0xC4, 0xAA, 0xB0, 0xA2, 0x98,
    0xB0, 0x7D, 0xEC, 0x73, 0x62, 0xFE, 0x3B, 0xA1, 0xC4, 0xCD, 0x72, 0x56, 0x20, 0xE9, 0xBF, 0x28,
    0x50, 0x30, 0xAB, 0xA6, 0xE0, 0x1A, 0xC1, 0xD8, 0xC1, 0x63, 0xB6, 0xB5, 0x2A, 0x15, 0x6E, 0xF4,
    0x3A, 0x89, 0x4A, 0xAA, 0xC4, 0x9B, 0x25, 0x1D, 0xDE, 0x3A, 0xCF, 0x7E, 0x88, 0xB8, 0xE3, 0x46,
    0x07, 0x70, 0x2E, 0xE8, 0x40, 0xB3, 0x9D, 0x8A, 0xBA, 0x1B, 0xEA, 0x40, 0xE9, 0xB4, 0xD3, 0x0F,
    0xD5, 0x64, 0xA9, 0x71, 0x90, 0x7A, 0x66, 0x96, 0x42, 0xF5, 0x53, 0x34, 0x41, 0xE1, 0x43, 0x22,
    0x1F, 0x25, 0x77, 0xF3, 0x3A, 0x62, 0xB8, 0xBE, 0x13, 0x46, 0x9B, 0x6A, 0x82, 0xBA, 0x1E, 0x95,
    0x55, 0xF9, 0x47, 0x9A, 0x8A, 0x26, 0xD1, 0x3F, 0x5B, 0xCC, 0x74, 0xD8, 0x30, 0x14, 0xAA, 0x70,
    0x5D, 0x0C, 0x2A, 0xA9, 0xBA, 0x27, 0xF0, 0x0C, 0x8F, 0x8C, 0x44, 0x11, 0x67, 0x8F, 0xCB, 0x91,
    0xB3, 0xAC, 0xF2, 0x66, 0x8E, 0x27, 0x2E, 0xE4, 0x3E, 0x5C, 0xB9, 0xAA, 0x66, 0x7A, 0x34, 0x09,
    0xE0, 0x91, 0xBC, 0xFB, 0xD9, 0x45, 0x5C, 0x83, 0x3A, 0x47, 0x35, 0xD4, 0x1E, 0x25, 0xF8, 0x08,
    0xCD, 0xC7, 0xD9, 0xD6, 0x1B, 0x3D, 0x62, 0x60, 0x3B, 0x6E, 0xF5, 0xAA, 0xFD, 0x1E, 0xF5, 0x45,
    0x34, 0xB8, 0xA9, 0x45, 0xE4, 0x8D, 0xB9, 0x71, 0xFC, 0x3A, 0x6A, 0xBD, 0x68, 0xAF, 0x07, 0x46,
    0x02, 0xE5, 0xC8, 0x47, 0x8F, 0xBF, 0xFE, 0xDE, 0x67, 0xF7, 0x3B, 0x4E, 0x77, 0x7D, 0x36, 0xAD,
    0x0A, 0x43, 0x5D, 0x79, 0xD6, 0x8F, 0x9E, 0xDA, 0xDE, 0x79, 0x08, 0xA5, 0x0D, 0x39, 0x5A, 0x86,
    0xE1, 0xDA, 0xF6, 0xCE, 0xA0, 0xC8, 0xA8, 0x1C, 0x31, 0xDD, 0x88, 0xCB, 0x1C, 0x02, 0x16, 0x18,
    0x2E, 0xAB, 0xEB, 0xB1, 0x47, 0x4A, 0x66, 0x14, 0x0F, 0x32, 0xD6, 0xF6, 0xEF, 0x8F, 0xF4, 0xE4,
    0xA6, 0xFD, 0xCC, 0xF6, 0x67, 0x7C, 0xF1, 0x31, 0xAE, 0x70, 0xDF, 0x25, 0x78, 0x00, 0x41, 0x11,
    0x09, 0xCC, 0x2D, 0x2E, 0xDF, 0xC6, 0x71, 0x83, 0xFA, 0x33, 0x96, 0xF2, 0xBB, 0xCC, 0x0F, 0x31,
    0x1E, 0x22, 0x06, 0xD4, 0xCD, 0x9D, 0x4D, 0xFD, 0x87, 0xBE, 0x0A, 0x97, 0xAC, 0x57, 0x22, 0x15,
    0x36, 0xCA, 0x6A, 0x59, 0x85, 0xE1, 0x26, 0x11, 0xE6, 0x2B, 0xDF, 0x0F, 0x95, 0x19, 0xBD, 0xF3,
    0xEA, 0xA9, 0xB8, 0x1B, 0xBD, 0xEB, 0x1F, 0xDE, 0xBA, 0x80, 0x22, 0x81, 0x1C, 0x01, 0xCA, 0xB0,
    0xC2, 0x10, 0x79, 0x9F, 0x7E, 0xE8, 0xD4, 0xB7, 0x48, 0x59, 0x64, 0xE1, 0xE0, 0x07, 0x9D, 0x4A,
    0xA9, 0xA4, 0xDE, 0x0D, 0x97, 0x4A, 0xA8, 0x12, 0x15, 0x95, 0x6C, 0x44, 0xAB, 0x95, 0x4C, 0x2F,
    0x24, 0x49, 0xD7, 0xF0, 0x43, 0xCB, 0x2B, 0x69, 0x61, 0x68, 0x12, 0xF5, 0x23, 0x91, 0xDC, 0xEA,
    0xA2, 0x6C, 0xA9, 0x7E, 0x6E, 0x50, 0x2A, 0xB6, 0x0F, 0xEB, 0xCA, 0xFC, 0x45, 0x42, 0xA9, 0xF3,
    0x15, 0x66, 0xEF, 0x15, 0x07, 0x56, 0xDB, 0xCA, 0x71, 0x9B, 0x46, 0xA3, 0x72, 0x1A, 0x5E, 0xF7,
    0x4A, 0xC4, 0x30, 0xE4, 0xE3, 0x8D, 0x71, 0x1A, 0xDB, 0x0A, 0xAB, 0x33, 0x95, 0x12, 0x76, 0x0F,
    0xAF, 0xE4, 0xFF, 0xE2, 0x2F, 0xDE, 0x6B, 0x56, 0x72, 0x8D, 0xFB, 0x83, 0x25, 0x82, 0x8D, 0xB0,
    0x59, 0xC9, 0xFF, 0xB9, 0xBF, 0xD2, 0xFE, 0x74, 0xF7, 0x5B, 0xC4, 0x55, 0x2A, 0xE7, 0x1A, 0x8B,
    0x8F, 0x2D, 0x55, 0xD4, 0xCB, 0x71, 0x97, 0x60, 0xC3, 0x54, 0x7B, 0xA0, 0x15, 0x1D, 0x43, 0xED,
    0x11, 0x77, 0x60, 0xDC, 0x83, 0x11, 0xEB, 0x06, 0xBE, 0x6E, 0xE7, 0x22, 0xCC, 0xF7, 0x61, 0x0D,
    0x45, 0xA9, 0xC3, 0x86, 0x8D, 0x28, 0xBC, 0x0F, 0xD6, 0xEB, 0x3B, 0xAB, 0x57, 0xBE, 0x0F, 0x1B,
    0xF6, 0x3B, 0x2C, 0x04, 0xBE, 0xEB, 0x1F, 0x5A, 0x5C, 0xA4, 0x51, 0x82, 0x4B, 0x3A, 0x6C, 0x10,
    0xC9, 0xA6, 0x51, 0x62, 0xE8, 0xF0, 0x11, 0x47, 0x7E, 0xFF, 0xB3, 0xC5, 0x27, 0x68, 0x94, 0x70,
    0xE4, 0xDD, 0x70, 0x68, 0x2A, 0x0B, 0x41, 0x0F, 0xA2, 0x70, 0x82, 0xDE, 0x75, 0x2E, 0x6B, 0x42,
    0x13, 0xB8, 0x30, 0x30, 0x36, 0x0A, 0x47, 0x3A, 0xA5, 0xE2, 0xDE, 0x5A, 0xDC, 0x77, 0x77, 0xB6,
    0xFA, 0x5F, 0xD7, 0x48, 0x5B, 0x5F, 0x38, 0x4E, 0x23, 0xDC, 0x68, 0x90, 0xB0, 0x17, 0x46, 0x95,
    0x52, 0x41, 0x85, 0x81, 0x43, 0x4C, 0xE4, 0x1D, 0xFF, 0xD7, 0x17, 0x7F, 0x5D, 0xBD, 0x0B, 0x66,
    0xE5, 0x5D, 0x09, 0xE1, 0x9E, 0x0A, 0x1B, 0x87, 0x16, 0x9F, 0xF0, 0x42, 0x94, 0xB7, 0xC4, 0x7C,
    0xE1, 0x88, 0x83, 0xC8, 0x36, 0x9E, 0x47, 0xEF, 0x07, 0x1C, 0xD4, 0x42, 0xBD, 0xDA, 0x42, 0x56,
    0xFF, 0xF3, 0x36, 0xAC, 0x11, 0xAF, 0x21, 0xA8, 0xD7, 0x78, 0x5E, 0xFD, 0xE7, 0x3E, 0xAA, 0xF4,
    0xFF, 0x8B, 0x20, 0x2C, 0x58, 0xF5, 0x28, 0x0C, 0xC7, 0x90, 0x3B, 0xBC, 0x90, 0x0A, 0x75, 0x07,
    0x45, 0x09, 0x59, 0x96, 0x9A, 0xD0, 0x4D, 0xA9, 0xA1, 0xCC, 0xE5, 0x70, 0x93, 0x0C, 0x3D, 0x31,
    0xEF, 0x5B, 0x51, 0x92, 0xA2, 0xC5, 0x94, 0x8F, 0x06, 0xE2, 0xA3, 0x45, 0x57, 0x6C, 0x22, 0x09,
    0x01, 0xA0, 0x51, 0x1C, 0x3D, 0xF8, 0x17, 0xF4, 0xD7, 0x63, 0x72, 0xAE, 0x9B, 0xB1, 0x43, 0x6F,
    0x13, 0xF7, 0x48, 0x73, 0xCC, 0x11, 0x9A, 0xC3, 0x01, 0xCE, 0x6F, 0x71, 0xB6, 0xDA, 0x1B, 0xAF,
    0x23, 0x6C, 0xA9, 0xAF, 0x07, 0xE5, 0x50, 0x95, 0x91, 0x07, 0x17, 0x53, 0x8F, 0xE8, 0xBE, 0x7C,
    0x6A, 0x05, 0x17, 0x4F, 0x1E, 0x53, 0x5F, 0x4F, 0x1C, 0xF0, 0xC8, 0x48, 0x5D, 0x5C, 0x10, 0x37,
    0x7C, 0x05, 0x47, 0x1A, 0x09, 0x8C, 0x5F, 0x3B, 0xD1, 0x4D, 0x7E, 0xD7, 0xE9, 0xF7, 0xFE, 0xC0,
    0x9D, 0x9F, 0x8D, 0x55, 0x79, 0xE2, 0xC5, 0x13, 0x69, 0xBD, 0xC2, 0xD1, 0x9A, 0x86, 0x1C, 0xAB,
    0xC2, 0x67, 0x71, 0xFC, 0x5E, 0x4E, 0x21, 0x43, 0x31, 0x4B, 0x0E, 0x25, 0xD5, 0xD9, 0xBE, 0x3E,
    0x25, 0x6E, 0xEF, 0x4C, 0x31, 0x42, 0x40, 0x3B, 0x6E, 0xC3, 0x31, 0x07, 0xD8, 0xDF, 0x7B, 0x56,
    0xE0, 0x64, 0xBD, 0x6D, 0x6D, 0x5F, 0xE0, 0x6B, 0xBA, 0xE9, 0xF1, 0xC6, 0x10, 0x6A, 0xF1, 0x23,
    0xAE, 0xBA, 0x0B, 0x3B, 0x33, 0xF4, 0xAB, 0x1F, 0x03, 0xB5, 0x0E, 0x4A, 0x06, 0x9B, 0xE5, 0x0D,
    0x8B, 0x1A, 0x9E, 0x01, 0xD4, 0xDB, 0x80, 0xC8, 0x19, 0x74, 0xB1, 0xBB, 0xF5, 0xF8, 0xEE, 0xA8,
    0xD0, 0xAC, 0x17, 0xB2, 0xC0, 0x83, 0xDF, 0xAA, 0xD7, 0xFF, 0xFF, 0x4D, 0x80, 0xDE, 0x87, 0xCA,
    0xDC, 0x00, 0xEC, 0x7B, 0xA1, 0x92, 0xFF, 0xFF, 0x81, 0xC8, 0x57, 0xEB, 0xD0, 0xC5, 0x21, 0x22,
    0x10, 0x59, 0x74, 0x5D, 0xF2, 0xC0, 0x56, 0xD4, 0x6A, 0xF8, 0x1D, 0xAB, 0xA0, 0x58, 0x66, 0x81,
    0x44, 0x16, 0x23, 0x5A, 0xD7, 0x05, 0x94, 0x67, 0x98, 0xBD, 0x19, 0xB2, 0xF6, 0xAD, 0x02, 0x52,
    0xFF, 0xC1, 0xB7, 0x69, 0x7A, 0xAF, 0x02, 0x35, 0x8F, 0x80, 0x82, 0xFA, 0xA0, 0xB3, 0xA7, 0xBC,
    0x19, 0x74, 0x43, 0x73, 0x19, 0xF4, 0xDF, 0xAF, 0xCA, 0x01, 0xC6, 0x37, 0x30, 0x42, 0xD7, 0x80,
    0xA2, 0x9D, 0x1B, 0x2C, 0xC7, 0xE4, 0xCD, 0x03, 0x92, 0x63, 0xEE, 0xE6, 0xD3, 0x01, 0x0A, 0x72,
    0x73, 0x73, 0x83, 0x28, 0x7E, 0x6E, 0xF6, 0x7C, 0xA0, 0x9C, 0x2E, 0x37, 0xFB, 0x5A, 0xA0, 0x9C,
    0x06, 0xB7, 0x1C, 0x48, 0x90, 0x61, 0xBF, 0x0D, 0x98, 0x52, 0xA9, 0xD0, 0x07, 0x2F, 0x81, 0xFB,
    0x20, 0x0A, 0x4A, 0x82, 0xEC, 0x07, 0x98, 0x1D, 0x41, 0xED, 0x63, 0x06, 0xF9, 0xC6, 0x2F, 0xA0,
    0xCA, 0xE6, 0x2F, 0x30, 0xFC, 0xE4, 0x27, 0x30, 0x43, 0x4E, 0x70, 0x03, 0x03, 0x00, 0xA5, 0x90,
    0xB1, 0x0D, 0xC3, 0x20, 0x14, 0x44, 0x2F, 0xB8, 0xFC, 0x05, 0x23, 0x30, 0x41, 0x66, 0x70, 0x16,
    0xB3, 0xE4, 0xCD, 0x62, 0x7B, 0x02, 0x46, 0xF0, 0x08, 0x14, 0x14, 0x6E, 0x00, 0x73, 0x9F, 0x58,
    0x89, 0x52, 0xD9, 0x72, 0x71, 0x4F, 0xE2, 0x80, 0xFB, 0xBA, 0x2F, 0x19, 0x6F, 0xDF, 0xE7, 0xAE,
    0xF8, 0x01, 0xE2, 0xB1, 0xC1, 0xBE, 0x10, 0x61, 0xD1, 0x50, 0x92, 0x2B, 0x93, 0x22, 0xC2, 0xD1,
    0xBB, 0x0A, 0x49, 0x40, 0x9F, 0x1C, 0x86, 0x7A, 0xD8, 0x40, 0xB3, 0xA9, 0x66, 0xAA, 0xF8, 0xE8,
    0xAC, 0x24, 0xC9, 0x4F, 0xD6, 0xD7, 0x3F, 0x9F, 0x65, 0xC7, 0xAA, 0x10, 0x61, 0x56, 0xA9, 0xB5,
    0x27, 0xB0, 0xF7, 0x12, 0x58, 0xDC, 0x04, 0x6D, 0xDE, 0x5A, 0x7F, 0xC8, 0xDE, 0x4B, 0x68, 0xE4,
    0x7F, 0x73, 0x8B, 0x9C, 0x38, 0xAF, 0xFF, 0x13, 0x79, 0x6B, 0x71, 0xF0, 0xEE, 0xC4, 0x47, 0xD4,
    0xA5, 0x67, 0xE5, 0x73, 0x07, 0xCD, 0x5B, 0x4D, 0x6C, 0x23, 0xD7, 0x7D, 0xFF, 0xCF, 0x8C, 0x76,
    0xC7, 0xDE, 0x81, 0x38, 0x2C, 0xA0, 0xA0, 0xF6, 0xEA, 0x63, 0x74, 0xC8, 0x61, 0xA3, 0x88, 0xE2,
    0x1E, 0x54, 0x80, 0x85, 0x47, 0x9C, 0x07, 0xE7, 0x90, 0x43, 0x81, 0x66, 0x03, 0x18, 0xE8, 0xA1,
    0x45, 0xBC, 0x28, 0x72, 0x28, 0xD4, 0xA6, 0x52, 0x51, 0x22, 0x55, 0x11, 0xAE, 0x38, 0x4E, 0x50,
    0x04, 0x68, 0x81, 0x46, 0xC8, 0xB9, 0x48, 0xF7, 0xB0, 0x06, 0x1C, 0x1A, 0xCD, 0xD2, 0x8E, 0xDA,
    0xB0, 0xB1, 0x56, 0x7C, 0xF6, 0xA2, 0xE8, 0x21, 0x40, 0x3C, 0xAE, 0x73, 0x4B, 0xD0, 0x4E, 0x5B,
    0x17, 0x31, 0xDC, 0x0F, 0x4F, 0x9A, 0xB1, 0x43, 0xAD, 0x49, 0x4E, 0x7F, 0xFF, 0xF7, 0x66, 0x28,
    0x52, 0x2B, 0x69, 0xE5, 0x45, 0x81, 0x96, 0xF3, 0xDE, 0x5F, 0x33, 0xEF, 0xFB, 0xE3, 0xFF, 0xFD,
    0x9E, 0x88, 0x82, 0xFC, 0xA9, 0xD3, 0x5A, 0xFE, 0x54, 0x68, 0x51, 0x3D, 0xFA, 0xB7, 0xA8, 0x72,
    0x89, 0xE6, 0x2E, 0xD1, 0x81, 0x1B, 0x8E, 0xC3, 0x8E, 0x23, 0x10, 0xD6, 0x6D, 0x42, 0xD0, 0xBF,
    0x05, 0x8A, 0x72, 0xB0, 0x6A, 0xC8, 0x1C, 0xD4, 0x4C, 0x49, 0x41, 0x96, 0x65, 0x72, 0xE5, 0xF0,
    0xE5, 0xF7, 0x42, 0x5A, 0xB7, 0x42, 0x02, 0x10, 0x44, 0xDB, 0x63, 0xD0, 0x41, 0x7D, 0x94, 0xC8,
    0x44, 0xFB, 0xC1, 0xDD, 0x36, 0x51, 0xEC, 0xA0, 0xA9, 0xA8, 0x94, 0x03, 0x43, 0xCE, 0xE6, 0x80,
    0xC4, 0x0C, 0x00, 0x57, 0x28, 0xE2, 0xD6, 0x3B, 0x64, 0xA2, 0x9A, 0x13, 0xCD, 0x47, 0x2E, 0xCA,
    0x78, 0xC8, 0xE6, 0xE8, 0xA2, 0x0B, 0x27, 0x25, 0xE4, 0xE1, 0xA5, 0x3A, 0x40, 0xF5, 0x0C, 0x85,
    0x3D, 0x0C, 0xCB, 0x4A, 0xF0, 0x81, 0x48, 0xC9, 0x35, 0x32, 0x93, 0x00, 0x35, 0x5D, 0xD4, 0xA7,
    0x5E, 0x7F, 0xBA, 0x5D, 0x13, 0xF1, 0x06, 0xFA, 0x23, 0x6B, 0x48, 0x18, 0xBE, 0xEB, 0x08, 0xA4,
    0xAE, 0x5A, 0x21, 0x06, 0xE6, 0x9B, 0x3C, 0x14, 0xC0, 0x55, 0x4C, 0xCD, 0x88, 0xD6, 0xD5, 0x04,
    0x13, 0x4E, 0x79, 0x3D, 0x9A, 0x43, 0x99, 0xFB, 0xAF, 0x67, 0xC2, 0x75, 0x3E, 0x6B, 0x7F, 0x4D,
    0xDA, 0xA3, 0x92, 0x4B, 0x31, 0xDD, 0x58, 0x28, 0x11, 0xF2, 0x6B, 0x25, 0xEA, 0x60, 0xBA, 0xB3,
    0x0C, 0x63, 0x4E, 0x31, 0x24, 0x43, 0x6E, 0x33, 0x22, 0x9B, 0x50, 0x9E, 0x4A, 0x18, 0x27, 0x11,
    0xE6, 0x38, 0xA7, 0x07, 0x4B, 0x87, 0x18, 0x96, 0x11, 0xFB, 0x18, 0x8F, 0xC4, 0x56, 0x58, 0x0C,
    0xCC, 0xC8, 0xE7, 0xB4, 0x2E, 0x72, 0xFF, 0x3B, 0x06, 0xE8, 0x85, 0x5C, 0x8E, 0x1C, 0xB2, 0xD0,
    0x2D, 0xB9, 0x5F, 0x8F, 0x96, 0x68, 0xCD, 0x4C, 0x2B, 0xE4, 0xD3, 0xBD, 0x26, 0x40, 0x35, 0x05,
    0x70, 0x12, 0xEC, 0xAC, 0xD3, 0x27, 0x2F, 0x6C, 0xF5, 0xC8, 0xCE, 0x06, 0x5E, 0x48, 0x5B, 0x7B,
    0x26, 0x3D, 0x37, 0x18, 0x0C, 0xBA, 0xDD, 0x46, 0xE3, 0x3A, 0x2D, 0xD3, 0xBE, 0x19, 0x5B, 0xD2,
    0x11, 0x4B, 0xC4, 0x35, 0x6B, 0xD4, 0xC0, 0xD3, 0xC1, 0xC3, 0x7F, 0x77, 0x90, 0xB2, 0x4A, 0x4B,
    0xE4, 0x92, 0x1D, 0x9A, 0x11, 0xA5, 0xB4, 0xBE, 0x8C, 0xB4, 0x35, 0xFD, 0x2D, 0x8D, 0x18, 0x93,
    0x28, 0x0A, 0x16, 0x15, 0x13, 0x8A, 0xCD, 0x48, 0xB7, 0xD7, 0xA4, 0xED, 0x1C, 0x37, 0xE8, 0xFA,
    0x43, 0xE0, 0x93, 0x28, 0x7D, 0xB3, 0x2A, 0x1A, 0x76, 0x6C, 0x25, 0x0D, 0x20, 0xD8, 0xEE, 0x97,
    0xB1, 0x69, 0x0E, 0x6F, 0x9A, 0x39, 0xE2, 0x6D, 0xCC, 0x80, 0x3E, 0x87, 0x5F, 0xEE, 0x93, 0x1D,
    0x37, 0xAA, 0x62, 0x8D, 0x1A, 0x66, 0x3C, 0x87, 0x1A, 0x37, 0x4E, 0x6B, 0x8A, 0xE8, 0x8B, 0x0C,
    0x1A, 0x17, 0x02, 0x3D, 0xE0, 0x5A, 0x7F, 0xB3, 0x3D, 0x6A, 0xDF, 0xB9, 0x68, 0x0D, 0xF5, 0xBB,
    0x44, 0x55, 0x59, 0x95, 0x9E, 0x34, 0x25, 0xCF, 0x6D, 0x43, 0xA5, 0xE7, 0x4D, 0xB5, 0xDB, 0x77,
    0x3C, 0x0A, 0x64, 0x20, 0x3D, 0x41, 0x13, 0x3F, 0xBB, 0x20, 0x0B, 0xF5, 0xD3, 0x2B, 0xC1, 0x34,
    0xF1, 0x7F, 0x9A, 0xB5, 0x9C, 0x0F, 0x6E, 0x2B, 0x06, 0x81, 0x8C, 0xC8, 0x8E, 0x3C, 0xE1, 0x0A,
    0x1B, 0xC4, 0x63, 0x45, 0x1B, 0x20, 0x0E, 0xE0, 0xD7, 0x38, 0x36, 0x27, 0xDE, 0x7D, 0xE4, 0x71,
    0x3E, 0x97, 0xE3, 0xF2, 0x76, 0x54, 0x15, 0x66, 0x36, 0x04, 0x81, 0x01, 0x0F, 0xB7, 0x80, 0xB1,
    0x99, 0x8E, 0xE4, 0x3D, 0x5E, 0xC4, 0x4A, 0x4A, 0x66, 0x13, 0xD4, 0x8A, 0x81, 0xA4, 0x43, 0x60,
    0x6B, 0x15, 0x6B, 0xEC, 0xC8, 0x19, 0xB2, 0x25, 0x23, 0xBF, 0x8E, 0xFC, 0xCE, 0xE4, 0x5D, 0x45,
    0xA5, 0x5B, 0x88, 0x4C, 0xB8, 0xE8, 0xDF, 0x45, 0x72, 0x0B, 0xF3, 0xC5, 0xA7, 0x83, 0xCF, 0x6A,
    0x96, 0x25, 0xE0, 0x39, 0x09, 0xB5, 0xDE, 0x41, 0x5B, 0x23, 0xAA, 0x86, 0x5E, 0xB8, 0x30, 0xD5,
    0x8E, 0x23, 0xD5, 0xA0, 0xAB, 0xA8, 0x10, 0x20, 0x52, 0x4B, 0xE8, 0xB6, 0xB9, 0x31, 0x33, 0x2E,
    0x23, 0xD6, 0x30, 0xCF, 0x40, 0x78, 0xD2, 0xC9, 0x30, 0xA9, 0xDE, 0x3B, 0x28, 0xC3, 0x2C, 0x10,
    0xEF, 0xE6, 0xFB, 0x28, 0xFA, 0x26, 0xFA, 0xFC, 0x1C, 0xD1, 0x9A, 0x4B, 0xD4, 0x44, 0x4C, 0x5D,
    0xD4, 0x04, 0x45, 0x48, 0xD0, 0x20, 0x9E, 0x0D, 0xC4, 0x56, 0x96, 0x0D, 0x10, 0xD1, 0xB8, 0x4B,
    0x27, 0x23, 0xDA, 0x94, 0x2E, 0x47, 0x71, 0x4A, 0x2E, 0x98, 0x1A, 0xF2, 0xE8, 0x0A, 0x79, 0x3C,
    0xDF, 0x88, 0xC7, 0x83, 0x98, 0xE8, 0x68, 0x61, 0x5C, 0x8E, 0x0C, 0x44, 0x55, 0xB8, 0x98, 0x97,
    0xD1, 0xE3, 0xC9, 0x2A, 0x26, 0x48, 0x0E, 0xF6, 0xD1, 0x23, 0x03, 0x7D, 0x63, 0x48, 0x88, 0xCC,
    0x22, 0xF6, 0xAF, 0xEE, 0xD1, 0x07, 0xD9, 0x80, 0x3E, 0xDA, 0x6B, 0xD1, 0x10, 0xEB, 0x06, 0x52,
    0x92, 0x29, 0xE6, 0xDF, 0x45, 0x6C, 0xE2, 0xBD, 0x8E, 0x34, 0xAC, 0x33, 0x33, 0x05, 0xCC, 0x31,
    0x66, 0x26, 0xAC, 0xF7, 0x80, 0x78, 0x64, 0x6B, 0x79, 0x4B, 0x89, 0x1E, 0xC2, 0x78, 0xF9, 0xF3,
    0x41, 0x73, 0x36, 0x77, 0xE6, 0xE7, 0xC5, 0x38, 0x1E, 0xE4, 0x91, 0x3B, 0x67, 0xE6, 0x3C, 0xC2,
    0xB8, 0xA4, 0x1B, 0x62, 0x75, 0x80, 0x5F, 0x66, 0xC4, 0xD1, 0x15, 0x96, 0xB4, 0x63, 0x3B, 0x34,
    0x46, 0x5F, 0x00, 0xBF, 0x1B, 0x90, 0xF3, 0x42, 0x0F, 0xE3, 0x76, 0xA4, 0x8F, 0xF9, 0xF9, 0x0A,
    0xFF, 0x8C, 0xA4, 0x8E, 0x77, 0x2F, 0x74, 0x22, 0x7B, 0x04, 0xE6, 0xBC, 0xF5, 0x2E, 0xD1, 0xDD,
    0x18, 0x0C, 0x8E, 0x67, 0x50, 0xC5, 0xCE, 0x3B, 0x72, 0x03, 0x7B, 0x83, 0xF2, 0xB1, 0xC6, 0x49,
    0x33, 0xC1, 0x0C, 0x12, 0x37, 0xDA, 0x4A, 0xAC, 0xEC, 0x83, 0x84, 0x7E, 0xFF, 0x85, 0x38, 0x1F,
    0x70, 0xC4, 0x03, 0x9E, 0xC1, 0x80, 0x3D, 0xB1, 0x8B, 0x35, 0xED, 0xA3, 0xBF, 0x90, 0x9E, 0xC6,
    0x3E, 0xB6, 0xC4, 0x1A, 0x3D, 0xFC, 0x7B, 0x1A, 0x28, 0xC4, 0x39, 0x97, 0x85, 0x2B, 0xBD, 0xC8,
    0x09, 0xA7, 0x73, 0x4D, 0xE1, 0x46, 0x6E, 0x0C, 0xEC, 0x8A, 0x29, 0x32, 0xA5, 0x13, 0xD6, 0xC1,
    0xBE, 0xF4, 0xEF, 0x8A, 0x82, 0x3D, 0x06, 0x2C, 0x75, 0x34, 0x32, 0x91, 0x7D, 0xCE, 0x6B, 0xA0,
    0xDA, 0x66, 0x4C, 0x55, 0xDC, 0x9B, 0x7F, 0x9E, 0xFA, 0x30, 0x46, 0x93, 0x1F, 0x43, 0xFD, 0x11,
    0x4D, 0x7E, 0xE4, 0x7D, 0x1E, 0xF3, 0x9D, 0x13, 0x93, 0x50, 0x69, 0x2A, 0xF7, 0x1A, 0x1D, 0x77,
    0x65, 0xF7, 0x69, 0x3C, 0x84, 0x7C, 0x0C, 0xE7, 0x7C, 0xA8, 0xA9, 0x98, 0xAA, 0x4A, 0x95, 0xAB,
    0x9B, 0x03, 0xF5, 0xCA, 0xE3, 0x30, 0x87, 0xE3, 0x21, 0x19, 0xC7, 0xAF, 0x0A, 0x0F, 0x8A, 0x9F,
    0xD1, 0xDB, 0xC3, 0x62, 0x0F, 0x28, 0x10, 0x2D, 0x5A, 0xD7, 0x28, 0x2D, 0x74, 0xF4, 0x34, 0x96,
    0x30, 0x1E, 0x33, 0xFD, 0x79, 0x13, 0x08, 0x34, 0xF9, 0x83, 0x64, 0xA5, 0xDD, 0xC9, 0x46, 0x5B,
    0x47, 0xBC, 0x5A, 0x0F, 0x7A, 0x92, 0xD3, 0xCD, 0x54, 0x49, 0x70, 0x5F, 0xE3, 0xA2, 0x6A, 0xDF,
    0x81, 0xD8, 0xAA, 0xFE, 0x96, 0x15, 0xFA, 0x34, 0x1A, 0x58, 0x61, 0xC3, 0x92, 0x3B, 0x96, 0xEC,
    0x38, 0xA2, 0x01, 0xC1, 0xEC, 0x12, 0x3E, 0x13, 0xC8, 0x5E, 0x2B, 0x4C, 0x16, 0x29, 0xB1, 0x45,
    0xB2, 0x44, 0x89, 0x43, 0x89, 0x6B, 0x26, 0x15, 0xEA, 0x38, 0xEF, 0xEF, 0xF6, 0x69, 0xC7, 0xEC,
    0x7B, 0x7B, 0xF9, 0x20, 0x96, 0x14, 0xD4, 0x5B, 0x6F, 0xA5, 0xF4, 0x14, 0x2F, 0xC6, 0xCB, 0x3C,
    0xFB, 0xCB, 0xD9, 0x1E, 0x4F, 0x6D, 0x50, 0x2C, 0x81, 0xF5, 0x8F, 0xBC, 0x5C, 0xDF, 0xE0, 0xC2,
    0xBF, 0xC6, 0xB3, 0xE3, 0xC1, 0x2C, 0x31, 0x85, 0x6C, 0x30, 0xE6, 0xF9, 0x3C, 0xC2, 0x2E, 0x64,
    0x25, 0x68, 0xA7, 0x0B, 0xAC, 0xC3, 0x6A, 0x80, 0x44, 0x87, 0x4C, 0x42, 0x55, 0x1E, 0xB7, 0xC7,
    0x3C, 0x8C, 0xC9, 0x02, 0xEB, 0x50, 0x65, 0x44, 0xAD, 0x33, 0x65, 0x07, 0xD9, 0x11, 0x6B, 0x4A,
    0x21, 0xB8, 0x5E, 0xCC, 0x58, 0x8D, 0xF9, 0xE7, 0x91, 0xDF, 0x9D, 0x08, 0x79, 0x42, 0xE7, 0xDB,
    0x9C, 0x7E, 0x80, 0xE8, 0x23, 0x6E, 0xE4, 0x7F, 0xF1, 0x6D, 0xA6, 0xC8, 0x47, 0x3B, 0x0F, 0x88,
    0xE6, 0x47, 0x02, 0xE4, 0x9C, 0xD8, 0x47, 0x97, 0xFA, 0x60, 0x8E, 0xCB, 0xD5, 0x7C, 0x3D, 0x0B,
    0x22, 0xED, 0x4F, 0xC4, 0x82, 0x68, 0x37, 0x72, 0x1E, 0x87, 0xF2, 0xD7, 0xEC, 0x23, 0x6C, 0x6F,
    0x96, 0xA5, 0xDC, 0x4E, 0x0B, 0x73, 0x6F, 0x81, 0xDB, 0x34, 0xA9, 0xC5, 0x5C, 0x03, 0x52, 0xC1,
    0x48, 0xD1, 0xCE, 0x00, 0xB1, 0x89, 0xB8, 0x71, 0x4A, 0x6C, 0xEA, 0x7C, 0x2E, 0xC7, 0xE5, 0x5B,
    0x92, 0xEB, 0x73, 0x3B, 0x18, 0x9F, 0xE4, 0xB8, 0x91, 0xF7, 0x77, 0x32, 0x06, 0x8C, 0x38, 0x88,
    0x67, 0xE5, 0xEB, 0x32, 0x19, 0xAF, 0x45, 0x04, 0x2C, 0x17, 0x1C, 0xBB, 0x39, 0xC3, 0x39, 0x19,
    0x7B, 0xA0, 0x78, 0x8E, 0x67, 0xE5, 0x4F, 0x46, 0xBD, 0xC1, 0x3D, 0xF4, 0x0C, 0x95, 0x6F, 0x97,
    0x49, 0xF3, 0x09, 0x52, 0xB2, 0x3C, 0x18, 0xA3, 0x77, 0x73, 0x0C, 0x0E, 0x20, 0x60, 0xF0, 0xA6,
    0x80, 0xE2, 0xF6, 0x00, 0x01, 0x03, 0xD4, 0x70, 0xB9, 0xAE, 0xCB, 0xAD, 0xB4, 0xB8, 0x3D, 0xE0,
    0x8A, 0x8D, 0x96, 0x81, 0x09, 0xCD, 0xF3, 0x22, 0xE8, 0x75, 0xC0, 0xF1, 0x51, 0xE5, 0xF2, 0xB2,
    0x9A, 0x49, 0xAF, 0xE5, 0x4C, 0xF8, 0x31, 0xE2, 0x58, 0xD8, 0xF2, 0xE0, 0x2F, 0x18, 0xFC, 0x06,
    0x1D, 0x1C, 0x9A, 0x69, 0x35, 0x8B, 0x2F, 0x8F, 0x04, 0xA4, 0x48, 0x92, 0x02, 0x53, 0x52, 0x20,
    0x74, 0x8A, 0x05, 0x49, 0x41, 0xD4, 0xA9, 0x03, 0xF5, 0x10, 0x4B, 0x90, 0x62, 0xE6, 0x1F, 0x80,
    0x71, 0x7F, 0xF4, 0x53, 0x49, 0xD9, 0xD7, 0x20, 0x55, 0x50, 0x62, 0xC0, 0x65, 0xA0, 0x86, 0xA2,
    0x0E, 0xEA, 0x3A, 0x2C, 0x85, 0x62, 0x10, 0x72, 0x8A, 0x09, 0x1D, 0x34, 0x27, 0x04, 0xC8, 0xE3,
    0x46, 0x48, 0x5A, 0xC1, 0x31, 0x60, 0x1D, 0x1F, 0xC0, 0x4E, 0xC0, 0xF8, 0x9C, 0xE4, 0x19, 0x28,
    0xEF, 0x49, 0x3D, 0xA2, 0x4A, 0xE2, 0x27, 0xE4, 0x27, 0x7E, 0x4A, 0x3B, 0x89, 0xDF, 0xA4, 0x34,
    0xF1, 0x7D, 0x4A, 0x12, 0x7F, 0xCD, 0x8C, 0x12, 0xDF, 0x05, 0x83, 0xF0, 0x9D, 0xCF, 0x86, 0x89,
    0x6F, 0xBD, 0x09, 0x35, 0x07, 0x94, 0x9D, 0xF8, 0x40, 0x7E, 0x08, 0xA2, 0x01, 0x83, 0x7D, 0xA5,
    0xFE, 0xE4, 0x00, 0xF4, 0xDF, 0x1C, 0xF2, 0x1E, 0x20, 0x7E, 0x24, 0xA9, 0xF9, 0xF3, 0x88, 0x9A,
    0x3F, 0x4B, 0xA8, 0x99, 0x74, 0xB1, 0x37, 0x1B, 0x88, 0x1E, 0xA2, 0x13, 0x36, 0x53, 0x2B, 0x6A,
    0xA6, 0x46, 0x82, 0xFD, 0xEA, 0xA3, 0xCF, 0x0D, 0x44, 0x0F, 0xD1, 0x3D, 0xC0, 0xB4, 0xB1, 0xC7,
    0x26, 0xEF, 0xF3, 0x40, 0x6B, 0xBA, 0x8C, 0xA0, 0xD6, 0xD0, 0x60, 0xF9, 0xCD, 0x6A, 0x8A, 0xC8,
    0x39, 0x02, 0x18, 0x80, 0x92, 0x6D, 0x00, 0x3C, 0xBD, 0xF4, 0x18, 0x14, 0x19, 0x2C, 0xF5, 0x58,
    0xE9, 0xC0, 0x34, 0x25, 0x50, 0xAE, 0x1A, 0x9A, 0xDC, 0x8A, 0x6A, 0x4F, 0xB5, 0xDC, 0xCB, 0xDE,
    0xE1, 0x6D, 0x06, 0x76, 0x7B, 0x2C, 0xEF, 0x61, 0x32, 0x98, 0x18, 0xA5, 0x91, 0xE8, 0xBF, 0xFC,
    0xED, 0x49, 0xCE, 0xEF, 0x65, 0xF1, 0xA3, 0xA9, 0xC3, 0x61, 0x03, 0x2A, 0x1F, 0xEA, 0xE8, 0x94,
    0xA1, 0x9A, 0xE7, 0x0E, 0xD5, 0xC8, 0x87, 0x2A, 0xC0, 0xFB, 0x50, 0xD7, 0x0B, 0xAD, 0x3E, 0x4B,
    0x3D, 0x35, 0xD4, 0x79, 0x5E, 0x04, 0xA5, 0xCA, 0x51, 0x95, 0x59, 0xAC, 0xCD, 0x89, 0xB4, 0xD5,
    0x3F, 0x67, 0xF8, 0x78, 0xB7, 0xA3, 0x2E, 0x94, 0xF1, 0x1E, 0x98, 0x4A, 0x2F, 0x8B, 0xA8, 0x0B,
    0xAD, 0xAD, 0x6B, 0xA4, 0x28, 0x7B, 0x80, 0x58, 0xE7, 0x3A, 0x60, 0x0A, 0x4E, 0x5E, 0x0F, 0xBC,
    0x78, 0xEB, 0x08, 0xEA, 0x43, 0x16, 0xBA, 0xD1, 0x3C, 0xD4, 0x57, 0x0A, 0x99, 0x19, 0x72, 0xF4,
    0xD8, 0x4E, 0xEC, 0xB3, 0x9D, 0x08, 0x21, 0x56, 0x1D, 0xB1, 0xE8, 0x62, 0x95, 0x81, 0xED, 0xC3,
    0xB4, 0x98, 0x3D, 0x86, 0x9F, 0xB6, 0xF6, 0x9C, 0x18, 0x2A, 0x5B, 0xC8, 0x76, 0x22, 0x90, 0x2C,
    0xD3, 0x40, 0xE9, 0x18, 0xFF, 0xDB, 0xE0, 0x22, 0x0C, 0xE0, 0x64, 0xC4, 0x38, 0xBB, 0x58, 0xEF,
    0x34, 0x00, 0xEA, 0x7B, 0x91, 0x17, 0xD9, 0x6C, 0xD2, 0xDE, 0x7D, 0x57, 0x31, 0x27, 0xA1, 0x98,
    0xD3, 0x1A, 0x13, 0xBD, 0xC7, 0x54, 0x8C, 0x3D, 0x68, 0xB2, 0x7C, 0xEB, 0xB2, 0x18, 0x02, 0x36,
    0x46, 0x58, 0x1D, 0x33, 0xE6, 0x9E, 0x13, 0x96, 0x5E, 0x29, 0xCB, 0xB1, 0x2E, 0xCB, 0x3F, 0x9F,
    0x05, 0xEB, 0x86, 0xD2, 0xCD, 0x2B, 0x2C, 0x13, 0x18, 0xFD, 0x79, 0xAD, 0xB4, 0x8E, 0x60, 0x29,
    0x09, 0x6C, 0xC6, 0x8A, 0xFB, 0xE1, 0xC3, 0x43, 0xFB, 0x90, 0x97, 0xDC, 0x89, 0xD3, 0x55, 0xEA,
    0x2F, 0x2A, 0xF8, 0xE8, 0x0D, 0x7F, 0xB8, 0xBF, 0xA5, 0x8A, 0xEA, 0xB1, 0xE2, 0x71, 0x9F, 0x12,
    0x6D, 0x27, 0xAC, 0xC1, 0xB9, 0x82, 0x3B, 0xEF, 0x3A, 0x50, 0xD8, 0x8C, 0x38, 0xB1, 0xDF, 0xC0,
    0xE2, 0x27, 0x89, 0x75, 0x1F, 0x7F, 0x7E, 0x16, 0x9B, 0x6F, 0x63, 0x24, 0x1F, 0x46, 0x06, 0x78,
    0x08, 0xBD, 0x26, 0xE9, 0x17, 0x18, 0x52, 0x0B, 0xEC, 0x44, 0x28, 0x8D, 0xA6, 0xA7, 0x19, 0x73,
    0x40, 0x7A, 0x52, 0x50, 0x26, 0xBA, 0x7A, 0x2A, 0x46, 0xC2, 0x4A, 0x5F, 0x9F, 0xB5, 0x0B, 0x35,
    0x81, 0x2A, 0xF3, 0x3B, 0xF7, 0x60, 0x72, 0xD8, 0x7A, 0x16, 0x9E, 0x12, 0x26, 0x8C, 0x04, 0x5D,
    0x36, 0x27, 0x12, 0xCC, 0xDB, 0x8A, 0xC1, 0xC3, 0xD4, 0xAA, 0xA8, 0x45, 0xAA, 0x93, 0xF2, 0x88,
    0x28, 0x4B, 0x97, 0x8D, 0x68, 0xDD, 0x07, 0x06, 0x6E, 0x26, 0x6C, 0x24, 0xA8, 0x95, 0x6A, 0xB2,
    0x56, 0xA3, 0x17, 0x89, 0xDB, 0x73, 0x07, 0xE3, 0x8E, 0x2E, 0xB6, 0xDB, 0x90, 0x62, 0xFD, 0x2A,
    0x4B, 0x59, 0x55, 0x41, 0xE9, 0x44, 0x68, 0xB0, 0xAE, 0xE5, 0x31, 0xEB, 0x10, 0x3C, 0x9B, 0x13,
    0xE6, 0x0E, 0x6B, 0x4F, 0x85, 0x1A, 0x5E, 0xD7, 0x9C, 0x6F, 0x00, 0x42, 0x19, 0x7C, 0xE2, 0xB9,
    0x60, 0x50, 0xA3, 0x8B, 0x3E, 0x01, 0xCA, 0xE7, 0xDA, 0xD5, 0xBA, 0xFE, 0x33, 0xAB, 0xFF, 0x58,
    0xB9, 0x01, 0x1B, 0xFD, 0x7F, 0xC9, 0x34, 0x89, 0x67, 0x06, 0xA5, 0xF0, 0x42, 0xCF, 0x27, 0x7E,
    0x2F, 0x18, 0xF0, 0x36, 0x1E, 0xD0, 0xD2, 0x12, 0xCD, 0x5D, 0x56, 0x6E, 0x25, 0x25, 0xE7, 0xD4,
    0x0F, 0xF6, 0x0E, 0xAC, 0x0F, 0xBA, 0xC1, 0x76, 0x93, 0x07, 0x59, 0xBF, 0xA6, 0xF4, 0x4C, 0x4F,
    0xAB, 0xA8, 0xC6, 0x96, 0x30, 0x7A, 0xCC, 0x24, 0x5C, 0x68, 0x58, 0x6E, 0xD8, 0x44, 0x04, 0x23,
    0x09, 0x6F, 0x51, 0x2F, 0xAC, 0x66, 0x3F, 0x0E, 0xED, 0xA1, 0x1D, 0x9E, 0xC9, 0x23, 0x61, 0x83,
    0x7D, 0x9F, 0x99, 0xD1, 0x5E, 0x55, 0x1C, 0x68, 0xC6, 0x13, 0xE5, 0x31, 0xCE, 0x63, 0xC4, 0xF8,
    0xDF, 0x45, 0x9B, 0x3D, 0xA8, 0xC5, 0xAF, 0xA1, 0xEF, 0xCE, 0xD6, 0x9E, 0xB2, 0x3F, 0xD9, 0x81,
    0x05, 0xBB, 0x42, 0x14, 0x1A, 0xDA, 0xC1, 0x89, 0x78, 0x2B, 0x67, 0x56, 0x6E, 0xE4, 0x48, 0x8B,
    0x29, 0x7B, 0x2B, 0xCD, 0xB1, 0xE7, 0x94, 0xB8, 0xF5, 0xCD, 0x18, 0x65, 0x62, 0x37, 0xF2, 0xE2,
    0x2A, 0xBE, 0xA1, 0x11, 0xC6, 0x07, 0x79, 0x64, 0xC6, 0xD9, 0xCC, 0x23, 0x38, 0x45, 0xEC, 0x45,
    0xD5, 0x18, 0xB6, 0x71, 0x8C, 0x41, 0xC7, 0xF4, 0xE9, 0x77, 0x59, 0x4B, 0x15, 0x76, 0x0C, 0x6B,
    0x4D, 0x18, 0xC9, 0x5A, 0xAE, 0x79, 0x02, 0x3F, 0xD3, 0x7A, 0xBB, 0x7D, 0x7B, 0x83, 0x34, 0xAE,
    0x31, 0xCE, 0xD9, 0xB1, 0x11, 0xA1, 0x6C, 0x44, 0x9F, 0x66, 0xAD, 0xFC, 0x3B, 0x7B, 0xE0, 0xD8,
    0xA0, 0xFF, 0xF0, 0xC6, 0x94, 0x3D, 0xE8, 0x53, 0xA1, 0xE9, 0x85, 0xC5, 0xF7, 0x85, 0xE3, 0x56,
    0x36, 0x80, 0xDD, 0xF8, 0x12, 0x0B, 0x17, 0x28, 0x53, 0xB0, 0x0D, 0x6D, 0x28, 0xCA, 0x4E, 0xE8,
    0xB2, 0x97, 0x02, 0x8A, 0xB2, 0x05, 0x01, 0xE1, 0x5C, 0x12, 0x54, 0x2A, 0xEC, 0xE5, 0x6C, 0x14,
    0x62, 0xCE, 0xB0, 0xC0, 0x8D, 0x3E, 0xAA, 0x37, 0x11, 0xBB, 0x6C, 0x3F, 0xBA, 0xB0, 0x17, 0x8C,
    0xDE, 0xBB, 0x67, 0x6B, 0x0D, 0x5E, 0x4A, 0x7F, 0xCC, 0x5A, 0x69, 0x14, 0x00, 0x0B, 0x5C, 0xC1,
    0x6C, 0xEA, 0x22, 0x71, 0x4D, 0x39, 0x43, 0x67, 0x14, 0x3E, 0xAD, 0x9D, 0xF3, 0x30, 0x2F, 0x87,
    0x0D, 0x65, 0xF4, 0x27, 0x2C, 0x9B, 0xF4, 0xC2, 0x21, 0xE1, 0x60, 0x24, 0x65, 0x1B, 0x9A, 0x6E,
    0x38, 0x3F, 0xA4, 0x72, 0x2E, 0x93, 0x4E, 0x8F, 0xAC, 0x57, 0xF5, 0x29, 0x05, 0x13, 0x81, 0xF2,
    0x41, 0x29, 0xD0, 0x25, 0x05, 0xEA, 0x7C, 0x08, 0x4D, 0x25, 0xFB, 0x27, 0x44, 0x30, 0x96, 0x21,
    0xF2, 0x50, 0x02, 0x4F, 0x73, 0xAC, 0x87, 0xD1, 0xC7, 0xD1, 0xFE, 0xC6, 0xA1, 0x2A, 0x84, 0x9B,
    0x49, 0x73, 0x24, 0xFC, 0xF9, 0xD4, 0x1C, 0x91, 0xDF, 0x1B, 0x79, 0xD8, 0xE8, 0x28, 0xF8, 0x5B,
    0x1B, 0x68, 0xE5, 0x46, 0x6C, 0xC4, 0x63, 0x0C, 0x8F, 0x09, 0xF7, 0xBD, 0x77, 0xE8, 0xAF, 0x99,
    0x90, 0xA2, 0x16, 0x34, 0x04, 0x17, 0xC4, 0xE4, 0x86, 0x20, 0xA8, 0x47, 0x46, 0xED, 0x09, 0x1E,
    0xA1, 0x7F, 0x0F, 0x68, 0xC3, 0x2A, 0x89, 0x52, 0x46, 0x78, 0x15, 0xFA, 0x1C, 0x9B, 0x4A, 0x1B,
    0x61, 0x3D, 0xC4, 0x62, 0xE2, 0x00, 0x21, 0x8D, 0x94, 0x83, 0xA2, 0x03, 0xC2, 0xFD, 0x9B, 0x8F,
    0x41, 0xB8, 0x6C, 0x20, 0x74, 0x41, 0xB8, 0x67, 0x2A, 0x4A, 0x5B, 0x7B, 0x20, 0xC0, 0xD1, 0x14,
    0x01, 0x36, 0x27, 0x88, 0x70, 0x9A, 0x00, 0xBD, 0x9C, 0x00, 0xBF, 0x19, 0x9F, 0x45, 0xD0, 0xC9,
    0x7C, 0x3F, 0xE9, 0x0D, 0x7E, 0xF1, 0xCE, 0x0C, 0xE8, 0x7E, 0xC8, 0x3A, 0xE3, 0x99, 0x08, 0xC3,
    0xAA, 0x0B, 0xBB, 0x84, 0x02, 0x5A, 0xA4, 0x82, 0x5C, 0xD9, 0x8D, 0x60, 0xB2, 0x5D, 0x33, 0x3F,
    0xCC, 0x4D, 0x7C, 0x37, 0x2C, 0x63, 0xB5, 0xEE, 0x41, 0xCC, 0x54, 0x51, 0xD6, 0x84, 0xEA, 0xC7,
    0xFE, 0x68, 0x4A, 0x8E, 0x63, 0x6E, 0x5D, 0x84, 0x93, 0x69, 0x0F, 0xC5, 0x34, 0xB7, 0x1C, 0x6F,
    0x91, 0x00, 0x9D, 0x4B, 0x82, 0x41, 0x80, 0x15, 0x7A, 0x64, 0x3C, 0x50, 0x64, 0x56, 0x15, 0x81,
    0x91, 0xA1, 0xFF, 0x1F, 0x08, 0xB0, 0x54, 0xE1, 0x2B, 0x56, 0x53, 0xB8, 0x15, 0x2D, 0xE9, 0x84,
    0x4E, 0x68, 0x49, 0x18, 0x50, 0x91, 0x87, 0xD4, 0x8A, 0x56, 0xBC, 0xBB, 0x3B, 0x60, 0x0D, 0xE8,
    0x78, 0x23, 0xD1, 0x0E, 0x07, 0x58, 0xA8, 0x4A, 0xEA, 0x83, 0x51, 0xB9, 0xD2, 0x8C, 0x3D, 0x24,
    0xA2, 0x36, 0xAD, 0xB2, 0x13, 0x3B, 0xF4, 0x13, 0x3B, 0xB4, 0x65, 0x63, 0xDF, 0x41, 0x6B, 0x9D,
    0x1D, 0x6E, 0x29, 0xF1, 0xD1, 0x56, 0x1C, 0x57, 0xD0, 0xDA, 0xCF, 0xA2, 0x25, 0xB4, 0xF7, 0xA1,
    0x64, 0x7D, 0xE6, 0x2B, 0x21, 0x74, 0x15, 0x0A, 0x04, 0x4B, 0xEC, 0x40, 0x6B, 0x31, 0x56, 0xC4,
    0xEE, 0x2A, 0xEC, 0x0D, 0xE6, 0xE8, 0x6B, 0xD5, 0x2A, 0x48, 0xB4, 0x7B, 0x91, 0xFB, 0xAD, 0xE3,
    0x3D, 0xED, 0x2A, 0x6D, 0x97, 0x1D, 0xA6, 0xAE, 0x70, 0x24, 0xF4, 0x9E, 0x98, 0xB1, 0xAB, 0xAE,
    0xE6, 0x60, 0xC6, 0xCA, 0xBD, 0x25, 0x6D, 0x9E, 0x83, 0xC0, 0x17, 0xF1, 0x18, 0x69, 0xDF, 0xCF,
    0x4D, 0xE5, 0x7D, 0xA2, 0x25, 0x6E, 0x2F, 0xD6, 0x9E, 0xBD, 0x42, 0x8E, 0x7B, 0x9A, 0xCF, 0xB3,
    0x37, 0x92, 0x95, 0x60, 0xA8, 0x04, 0x58, 0x9F, 0x2C, 0xE7, 0xA7, 0xFD, 0x09, 0xED, 0x20, 0x97,
    0x07, 0xE9, 0xB1, 0xD7, 0xB3, 0xAA, 0x55, 0x80, 0x90, 0x2D, 0x3A, 0x1A, 0x58, 0x3F, 0xB2, 0x42,
    0x5B, 0xD8, 0xC2, 0x12, 0x56, 0xA8, 0x1F, 0x1B, 0x82, 0xE5, 0x16, 0x1B, 0xA4, 0x45, 0x0A, 0xF2,
    0x54, 0x89, 0xD0, 0xFA, 0x11, 0x0D, 0xAE, 0x9F, 0xF5, 0xFB, 0x14, 0x7D, 0x9A, 0xBD, 0xFB, 0x12,
    0xBC, 0x5E, 0x9A, 0xF9, 0x63, 0x44, 0x74, 0x44, 0xF7, 0x8C, 0x78, 0xFC, 0xCD, 0xB9, 0x91, 0x29,
    0x7F, 0x59, 0x42, 0x11, 0xEB, 0x8D, 0x95, 0xF7, 0x72, 0x35, 0x6C, 0x29, 0xC5, 0xD9, 0x95, 0x46,
    0xB2, 0x0F, 0xB5, 0xD0, 0x89, 0xCB, 0xAC, 0xEC, 0x33, 0xBF, 0x99, 0x47, 0xFE, 0xDE, 0x0D, 0xE3,
    0xAD, 0xC8, 0xFA, 0x5A, 0xE8, 0x38, 0x54, 0x9A, 0xA5, 0xD5, 0x55, 0xAA, 0xD5, 0x68, 0x7D, 0x9B,
    0xB6, 0x3B, 0xD4, 0x89, 0x4F, 0x06, 0x24, 0x22, 0xAB, 0xB6, 0x4E, 0xAB, 0x3E, 0xCD, 0x2E, 0x92,
    0x83, 0x79, 0x7C, 0x46, 0x98, 0xAF, 0x4B, 0x8A, 0x6F, 0xCF, 0x3D, 0x45, 0x8B, 0x48, 0x71, 0x08,
    0x4D, 0x19, 0x6F, 0x20, 0x25, 0xA2, 0x4E, 0x87, 0x1A, 0xAA, 0x34, 0x57, 0xA8, 0x1D, 0x87, 0x6B,
    0x35, 0x4E, 0xD1, 0x7D, 0xC4, 0xB1, 0xF1, 0x96, 0xB4, 0xEE, 0x87, 0xB6, 0x4D, 0x8B, 0x25, 0xBA,
    0xB6, 0xCA, 0xFE, 0xA4, 0xA5, 0x2F, 0x50, 0xCD, 0xA6, 0xEB, 0x96, 0x40, 0xC0, 0x0B, 0x3E, 0xA1,
    0xCB, 0xAE, 0xB4, 0x61, 0x50, 0x86, 0x40, 0xBC, 0x8B, 0x87, 0xFC, 0x67, 0x85, 0x17, 0x0F, 0xE0,
    0xEE, 0x2B, 0xED, 0xF0, 0x29, 0xE0, 0x1F, 0x98, 0x52, 0x02, 0x02, 0xDF, 0xA5, 0xA7, 0x36, 0xA0,
    0xDF, 0x66, 0x4A, 0x33, 0x61, 0x87, 0x73, 0x16, 0xF2, 0xCE, 0x42, 0x6B, 0xC9, 0xAB, 0x08, 0x04,
    0xE5, 0xF8, 0x60, 0xBF, 0x17, 0x4B, 0xC1, 0x45, 0xE5, 0x31, 0xAB, 0x31, 0x56, 0x18, 0x31, 0xA3,
    0x54, 0x55, 0xE4, 0x27, 0x77, 0x2D, 0xB6, 0xEE, 0x54, 0x15, 0x87, 0xCC, 0x1F, 0x92, 0xF9, 0x13,
    0x16, 0x48, 0xE6, 0x44, 0x4B, 0xB6, 0x12, 0xA1, 0x8B, 0x63, 0x17, 0x9C, 0x49, 0x79, 0x52, 0xD1,
    0x20, 0xD6, 0xC1, 0xDB, 0xA7, 0x8D, 0x75, 0x5A, 0x5E, 0x57, 0x7A, 0xD9, 0x64, 0xD0, 0xC7, 0x22,
    0x82, 0x0F, 0x19, 0x74, 0xC0, 0x90, 0xBE, 0x7F, 0x57, 0x74, 0x6C, 0x3E, 0xCF, 0xEB, 0x38, 0xD4,
    0x71, 0xE9, 0x46, 0x49, 0xA9, 0x71, 0xAB, 0xAA, 0x83, 0x0E, 0xF3, 0x34, 0xB0, 0x6A, 0x83, 0xCF,
    0x09, 0xA0, 0x52, 0x49, 0x66, 0x3D, 0x67, 0x84, 0x80, 0x3D, 0x3C, 0x4A, 0x1D, 0x9C, 0x51, 0xE7,
    0x16, 0x2A, 0x54, 0x0F, 0xF7, 0x38, 0xD1, 0x57, 0xF2, 0x7B, 0x40, 0xC6, 0x7F, 0x90, 0xF5, 0x17,
    0xE4, 0x2C, 0xD0, 0xD2, 0x02, 0xF9, 0x0B, 0x54, 0x5E, 0x50, 0xFC, 0xB1, 0xCF, 0x33, 0x50, 0x21,
    0xB4, 0x9E, 0x8F, 0xED, 0x91, 0x0C, 0xDE, 0x92, 0xCF, 0xDC, 0x0F, 0xCD, 0xFB, 0xC2, 0xF8, 0x01,
    0x19, 0x7F, 0xA7, 0x94, 0x4C, 0x84, 0xB8, 0xE8, 0x4B, 0x1D, 0x94, 0x94, 0xBE, 0x03, 0xDE, 0xA9,
    0xAA, 0x39, 0x13, 0xA1, 0x74, 0x1C, 0xD4, 0x78, 0x58, 0x6B, 0x0F, 0x46, 0xC1, 0x08, 0xDF, 0xEA,
    0x09, 0x46, 0x6B, 0xDF, 0x29, 0xDE, 0x5B, 0xA3, 0x16, 0xA7, 0x4B, 0x5A, 0x8E, 0xA2, 0xF5, 0xB7,
    0xA2, 0xDA, 0x3F, 0xCB, 0xD5, 0x57, 0xE5, 0x82, 0x29, 0x9F, 0xC2, 0x42, 0xDB, 0x22, 0x6F, 0x4D,
    0xAF, 0x6A, 0xC2, 0xA4, 0x6F, 0x8B, 0xB1, 0x23, 0x37, 0xED, 0x65, 0x69, 0xEE, 0xE7, 0xCC, 0xD2,
    0x16, 0x53, 0x50, 0x83, 0x47, 0x76, 0x33, 0xA6, 0x57, 0x25, 0x7D, 0x57, 0xD2, 0x6B, 0x82, 0x5E,
    0x55, 0x6C, 0x37, 0x56, 0x21, 0x22, 0xD0, 0xA1, 0xDE, 0x44, 0xB0, 0x8E, 0xEA, 0xF8, 0x58, 0x27,
    0x3F, 0xDA, 0x51, 0x1D, 0x00, 0x0F, 0x80, 0x30, 0xC8, 0x86, 0x14, 0x18, 0x91, 0x3D, 0xA2, 0xEA,
    0x9F, 0x53, 0xBD, 0x44, 0xE5, 0xD2, 0xD4, 0xA4, 0xA6, 0xC2, 0xC4, 0xE2, 0xB7, 0xB2, 0x04, 0x61,
    0x9B, 0x3A, 0xDB, 0x94, 0xA8, 0x10, 0x73, 0x40, 0xAF, 0xD8, 0x63, 0x53, 0xA1, 0xA2, 0xCD, 0x7E,
    0x2E, 0x66, 0x4E, 0x03, 0x66, 0x9B, 0x56, 0xA1, 0x5E, 0x43, 0xA5, 0x66, 0xAD, 0x7A, 0x95, 0x1E,
    0x19, 0x82, 0x6C, 0x14, 0x64, 0x23, 0x7D, 0xA8, 0x36, 0xB9, 0xE6, 0x2D, 0x3E, 0x33, 0x19, 0x30,
    0x9F, 0xAB, 0x2A, 0xF3, 0xEE, 0x35, 0xA2, 0x7F, 0x27, 0xF3, 0x07, 0x64, 0xFD, 0x19, 0xB9, 0x0E,
    0x55, 0x1C, 0x6A, 0x3A, 0x74, 0x5D, 0x17, 0xCE, 0x94, 0xE7, 0x7C, 0x59, 0xAD, 0x96, 0xC6, 0xC6,
    0x06, 0x9A, 0xED, 0xB3, 0xF3, 0x70, 0x7B, 0x95, 0x3A, 0x45, 0x88, 0xAF, 0x51, 0x5C, 0x33, 0xA2,
    0x9A, 0x29, 0x6B, 0x16, 0x42, 0xB8, 0xEE, 0xD0, 0xBA, 0x47, 0x1D, 0xDF, 0x4D, 0xAE, 0x39, 0xB9,
    0xBD, 0x61, 0xA8, 0x25, 0x65, 0xAC, 0xF8, 0xA9, 0x34, 0x33, 0xD9, 0xEA, 0xD3, 0x2D, 0xA5, 0x7E,
    0xA9, 0xD5, 0xD8, 0xA6, 0x5E, 0x62, 0x67, 0x7B, 0xBD, 0x94, 0x76, 0x74, 0x47, 0xB5, 0x22, 0x00,
    0x0F, 0xB5, 0x8B, 0xFD, 0x76, 0xA1, 0xAE, 0xF1, 0x81, 0x5A, 0x62, 0x65, 0x89, 0x2D, 0xC0, 0xF8,
    0xA3, 0x25, 0x23, 0xF2, 0x4D, 0x76, 0x45, 0x97, 0x15, 0x01, 0x1E, 0x53, 0xDA, 0x3E, 0x9B, 0x76,
    0xB0, 0xEC, 0x60, 0xD8, 0x95, 0xF4, 0x08, 0xC2, 0x7C, 0x0C, 0x7A, 0x75, 0xAD, 0x6C, 0x68, 0x67,
    0x43, 0xC7, 0x12, 0xAE, 0x25, 0x16, 0x2D, 0xE1, 0xDB, 0xCC, 0x94, 0x8E, 0x71, 0x72, 0x4C, 0x50,
    0xFB, 0x6C, 0x0B, 0x1A, 0xC5, 0xE2, 0x07, 0xEC, 0xF8, 0x8D, 0x0B, 0x2C, 0x39, 0x2F, 0x4C, 0x94,
    0xE4, 0x43, 0x6E, 0xEB, 0x85, 0x68, 0x32, 0x04, 0xD9, 0x10, 0x41, 0xBD, 0xCB, 0x3C, 0x7C, 0x55,
    0x9A, 0xCF, 0x16, 0x2C, 0x48, 0x6F, 0x7D, 0x45, 0xD9, 0x26, 0xDB, 0xF9, 0x06, 0xB2, 0x63, 0x27,
    0x52, 0xF6, 0xEA, 0x0D, 0x7D, 0xF6, 0xB8, 0x7C, 0x40, 0xEB, 0x55, 0xDA, 0x87, 0x99, 0x6F, 0x68,
    0x54, 0xB4, 0x43, 0xAE, 0xB5, 0xC6, 0xB5, 0x30, 0x66, 0x4F, 0xF2, 0xDE, 0xCE, 0xA9, 0x61, 0x57,
    0xB3, 0x08, 0xA1, 0x98, 0xF9, 0x04, 0xB1, 0xE8, 0xB5, 0xBA, 0xC5, 0x1B, 0x6D, 0xFC, 0x58, 0x58,
    0xF7, 0xA5, 0xF3, 0x6C, 0x54, 0xE5, 0x23, 0xC9, 0xFD, 0x7D, 0x6A, 0x94, 0xA9, 0x6C, 0x84, 0x5C,
    0xE9, 0x38, 0xBC, 0x7E, 0x60, 0xBE, 0x3F, 0xB0, 0xB3, 0x9D, 0x56, 0xDC, 0x68, 0xC9, 0x8E, 0x29,
    0x63, 0xF3, 0x0D, 0x69, 0x82, 0xF0, 0x5F, 0x17, 0x93, 0xC5, 0x8C, 0x78, 0x8E, 0x40, 0x62, 0xC1,
    0x9D, 0x65, 0xBA, 0x0D, 0x81, 0x53, 0x63, 0xF5, 0x22, 0x06, 0x96, 0x2C, 0x1A, 0x51, 0xC9, 0x94,
    0xB3, 0x93, 0x73, 0xD4, 0xD3, 0xF4, 0x95, 0x1E, 0xAF, 0x1C, 0x03, 0x39, 0xCD, 0x96, 0x0B, 0x04,
    0xE0, 0x93, 0xE4, 0x94, 0xB2, 0x01, 0xB0, 0xCB, 0x92, 0xEB, 0xB6, 0xD8, 0x76, 0xA9, 0x53, 0xD9,
    0x4E, 0xFC, 0x66, 0x34, 0x57, 0x95, 0x2C, 0x9C, 0x6D, 0xF6, 0x3E, 0xD2, 0xD2, 0x6D, 0xF2, 0xCB,
    0xA4, 0xFC, 0x50, 0x58, 0x25, 0x30, 0x40, 0x93, 0x8A, 0xC3, 0xD9, 0x2D, 0x19, 0x8C, 0x44, 0xB0,
    0x9F, 0x63, 0xAF, 0x0E, 0x30, 0x65, 0xD8, 0x23, 0xB0, 0xAD, 0x96, 0xB7, 0x93, 0x13, 0x3E, 0x70,
    0x43, 0xAF, 0xA2, 0x37, 0xB6, 0x8B, 0xF5, 0x21, 0xEF, 0xF6, 0xC2, 0xFA, 0xFA, 0x62, 0xAD, 0xB6,
    0xBA, 0xEA, 0xFB, 0x0B, 0xAB, 0xB5, 0xC5, 0xB9, 0x5A, 0x89, 0x1A, 0x33, 0x79, 0xB5, 0x82, 0x4D,
    0x38, 0x82, 0xCF, 0x35, 0xD8, 0x1B, 0xCF, 0x58, 0x67, 0x0A, 0x4D, 0xAA, 0xD2, 0x1B, 0x9B, 0xC5,
    0xB9, 0xA0, 0x51, 0xFD, 0x36, 0xE8, 0xB8, 0xEB, 0x4E, 0x81, 0xD5, 0x7A, 0x2A, 0x45, 0xD7, 0x3B,
    0xEA, 0x98, 0xBF, 0x78, 0x6E, 0x51, 0x4B, 0x7E, 0x25, 0x6D, 0xDC, 0x6B, 0x54, 0x1A, 0x4F, 0x4C,
    0xA6, 0x7F, 0x51, 0x1D, 0xC9, 0x37, 0x4E, 0x9B, 0xDB, 0x38, 0xA5, 0xE8, 0x23, 0xEF, 0x46, 0x4D,
    0x12, 0x54, 0x51, 0x9D, 0x98, 0x64, 0x8E, 0x1F, 0x8F, 0xFA, 0xE5, 0x2D, 0xE7, 0x94, 0x20, 0x59,
    0x29, 0x1D, 0xA3, 0x94, 0x25, 0x4A, 0x36, 0x9F, 0xD6, 0x5A, 0x3F, 0x54, 0x67, 0x56, 0x07, 0x4A,
    0x7E, 0x8C, 0xC8, 0xF8, 0x48, 0x58, 0x6F, 0x4B, 0xE7, 0xAB, 0x30, 0x18, 0x60, 0xE4, 0x17, 0x5E,
    0x87, 0x27, 0x15, 0xE6, 0xCD, 0x72, 0x70, 0x61, 0x54, 0x72, 0x9B, 0x7C, 0x63, 0x43, 0xAD, 0x41,
    0x98, 0x73, 0xBD, 0x83, 0x3D, 0x6B, 0xB0, 0xEF, 0xFD, 0xC4, 0xAF, 0x2F, 0x94, 0xE6, 0x16, 0x2E,
    0x8D, 0xE5, 0x13, 0x57, 0x7C, 0x02, 0x42, 0x34, 0x54, 0xFD, 0xAA, 0xF2, 0x76, 0x41, 0xF9, 0x63,
    0x84, 0xAE, 0x31, 0xDD, 0xB2, 0x17, 0x29, 0x52, 0x6B, 0xAA, 0x58, 0xB4, 0xAF, 0x90, 0xCA, 0x78,
    0x16, 0x52, 0x4A, 0x02, 0x6B, 0xAD, 0xD7, 0x23, 0x2B, 0x8C, 0xAD, 0x30, 0xB1, 0x58, 0x98, 0x36,
    0xC0, 0xB0, 0x5C, 0xBE, 0x3E, 0xE2, 0x43, 0x59, 0x5A, 0xA4, 0x45, 0x9F, 0x16, 0x6B, 0x54, 0xDA,
    0xA7, 0xD2, 0x32, 0x3D, 0x39, 0x25, 0x34, 0x4D, 0xEA, 0x80, 0xB1, 0x1D, 0xD2, 0xF7, 0x52, 0xBE,
    0x15, 0x72, 0xEF, 0x0C, 0xD9, 0xDA, 0x35, 0x45, 0x90, 0x09, 0x6F, 0x34, 0x66, 0x19, 0x49, 0xBE,
    0x01, 0x53, 0xB2, 0xA5, 0xC0, 0x9B, 0x31, 0xCF, 0x62, 0x7F, 0xBF, 0x42, 0xE9, 0xF1, 0x8A, 0xDF,
    0x56, 0x84, 0x01, 0x01, 0xF0, 0x57, 0x64, 0x7F, 0x8E, 0xAF, 0xC8, 0x94, 0x2C, 0xB9, 0x6A, 0x46,
    0x35, 0x8A, 0x1B, 0x94, 0x5C, 0x67, 0x75, 0xC8, 0x57, 0x04, 0xE4, 0xAA, 0x35, 0x9D, 0x12, 0xE4,
    0x2C, 0xCB, 0xB3, 0x01, 0xC2, 0xF8, 0xD3, 0x5C, 0x58, 0xB6, 0x17, 0xB6, 0xAF, 0x2C, 0xD4, 0x66,
    0x17, 0x56, 0x17, 0x16, 0x16, 0xFC, 0x85, 0xD9, 0xF5, 0x85, 0x52, 0x79, 0x61, 0x86, 0x0A, 0xA1,
    0x5E, 0x6C, 0xB1, 0x96, 0x8E, 0x49, 0xBE, 0x23, 0x96, 0x9C, 0x41, 0xBF, 0x2E, 0xB9, 0x5F, 0x22,
    0x6B, 0xC0, 0x9A, 0x1C, 0xA9, 0x73, 0x37, 0xEE, 0x79, 0xF1, 0xB8, 0x67, 0xF6, 0xF9, 0x45, 0x2C,
    0x05, 0xA9, 0xAA, 0xB0, 0xA2, 0xF0, 0x2E, 0x41, 0x0B, 0xE7, 0x7B, 0x26, 0x50, 0x97, 0x72, 0x8A,
    0x64, 0x96, 0x14, 0x08, 0xF2, 0x52, 0x75, 0x04, 0x0A, 0x85, 0xDB, 0x10, 0x1A, 0xDF, 0xA7, 0x70,
    0x35, 0xCE, 0x09, 0xD2, 0x94, 0x6A, 0xA7, 0x64, 0x62, 0x85, 0x1D, 0x5B, 0x60, 0x9B, 0x6A, 0xEE,
    0x65, 0x9E, 0x54, 0xEB, 0x68, 0xF1, 0x93, 0xBC, 0xDF, 0x4F, 0xB0, 0xA6, 0x53, 0xE8, 0x6D, 0x33,
    0xB6, 0x58, 0x70, 0xC8, 0x73, 0xC9, 0xFE, 0xA1, 0x3A, 0x40, 0x1C, 0x28, 0x24, 0x84, 0x00, 0xFB,
    0x48, 0x98, 0x6F, 0xA3, 0x9D, 0xD8, 0x11, 0x91, 0xF2, 0x65, 0xF2, 0xF0, 0x97, 0x29, 0x57, 0x80,
    0xC6, 0xAA, 0xD5, 0x38, 0x68, 0x3C, 0x3F, 0x99, 0x1E, 0x31, 0xF9, 0x10, 0xB6, 0xB2, 0x9A, 0x1C,
    0xEB, 0x9F, 0x3C, 0xD7, 0x8A, 0xF9, 0xF7, 0x23, 0x33, 0xFB, 0xCF, 0x6A, 0x7F, 0x35, 0x88, 0x6B,
    0x65, 0xDE, 0x99, 0x84, 0x5E, 0x89, 0xE8, 0x15, 0x99, 0x13, 0xE0, 0x58, 0x92, 0xF9, 0x4A, 0xA8,
    0x3C, 0xA5, 0x7D, 0xFD, 0xB1, 0x93, 0x25, 0x13, 0x1A, 0x07, 0x7B, 0x67, 0x73, 0x01, 0xC5, 0xD3,
    0x8E, 0x72, 0x56, 0x6A, 0xC9, 0x63, 0x29, 0x9E, 0xEB, 0xA9, 0x27, 0xB5, 0x5B, 0x28, 0xD0, 0xAD,
    0x87, 0x12, 0x8F, 0x4B, 0x1A, 0x7C, 0xC5, 0xC7, 0x9D, 0x66, 0x43, 0xAD, 0x2C, 0x6E, 0x65, 0xC9,
    0x78, 0x89, 0xA7, 0xA4, 0xCE, 0x5A, 0xCE, 0xC5, 0xEC, 0x98, 0xD3, 0x98, 0x15, 0x3F, 0xD9, 0x29,
    0x6D, 0x3F, 0xF4, 0x74, 0x66, 0xCB, 0xB3, 0x40, 0x1C, 0xBE, 0xC8, 0x94, 0x5A, 0xB1, 0x23, 0x4D,
    0xB2, 0x3E, 0x87, 0x55, 0xF9, 0xF5, 0x53, 0x22, 0xB6, 0xC9, 0x9E, 0x8A, 0x26, 0x39, 0x25, 0x87,
    0x5C, 0x18, 0x26, 0xA5, 0xD2, 0x2A, 0x2C, 0x84, 0x06, 0xAD, 0x82, 0x85, 0xD7, 0x80, 0xF9, 0xDB,
    0xA0, 0xD5, 0xB2, 0x41, 0xE7, 0x28, 0xAD, 0x2C, 0x75, 0x3A, 0x40, 0x06, 0xA8, 0xBE, 0x4B, 0xD0,
    0x30, 0xA8, 0x93, 0xD2, 0xF7, 0x22, 0xEA, 0x09, 0xE6, 0x38, 0xE5, 0x9C, 0x33, 0x25, 0x08, 0xEB,
    0xF4, 0xE8, 0x30, 0x2E, 0x59, 0x56, 0x32, 0xB5, 0x95, 0x7F, 0x76, 0x8A, 0x02, 0x31, 0x07, 0x23,
    0x2A, 0x1F, 0xAB, 0x64, 0x8A, 0x39, 0x2D, 0xA9, 0x9D, 0xEC, 0x2B, 0xAD, 0x2C, 0x3C, 0xD6, 0x08,
    0x35, 0x19, 0x5A, 0xE1, 0xB2, 0x19, 0x6E, 0x9F, 0x94, 0x28, 0x13, 0xEB, 0x0A, 0x2A, 0x69, 0x09,
    0x2E, 0xCF, 0xD2, 0x29, 0xFC, 0x25, 0xB9, 0x9E, 0xAC, 0x36, 0x66, 0x97, 0x9F, 0x04, 0x97, 0xFA,
    0x55, 0x79, 0x3D, 0xBA, 0xB9, 0x77, 0x3D, 0xFA, 0x15, 0x58, 0xB5, 0x9B, 0xFA, 0x82, 0x41, 0xFF,
    0x02, 0xA7, 0xAA, 0x45, 0xFC, 0xE2, 0x66, 0xFB, 0x6A, 0x1B, 0x26, 0xEA, 0xF3, 0xE0, 0xE4, 0x30,
    0x90, 0x3F, 0x26, 0xB8, 0x02, 0x96, 0xBA, 0xF9, 0x6D, 0x0C, 0xBB, 0x37, 0xE4, 0xB1, 0x57, 0x4E,
    0x03, 0xAC, 0x7C, 0x54, 0xF8, 0xCA, 0x42, 0x05, 0x8C, 0x80, 0x2A, 0x2E, 0x16, 0xA2, 0x52, 0x87,
    0x28, 0xA9, 0x0C, 0x60, 0x28, 0x3F, 0x7D, 0x93, 0xC2, 0xB2, 0x26, 0xE4, 0x0B, 0x45, 0x76, 0xA9,
    0x63, 0x96, 0x2F, 0xF9, 0xD4, 0x6E, 0x0B, 0x1F, 0xA8, 0x0D, 0x80, 0xC5, 0x9A, 0x02, 0x51, 0x01,
    0xEC, 0x84, 0x0F, 0x3A, 0x18, 0x2C, 0xF1, 0x8D, 0xBB, 0x66, 0x9D, 0xEA, 0x90, 0x1B, 0x32, 0x38,
    0x8A, 0xAC, 0xE2, 0x06, 0xC9, 0xB8, 0x9A, 0xF1, 0xF2, 0x7B, 0xC2, 0x37, 0x54, 0x7B, 0xCA, 0xD9,
    0x79, 0x99, 0xEF, 0x1D, 0xC0, 0xEA, 0x47, 0x35, 0xBE, 0x78, 0xD7, 0x29, 0x31, 0x70, 0xF5, 0x5B,
    0x7D, 0x84, 0xB4, 0xE0, 0x88, 0x7D, 0x02, 0x64, 0xEE, 0xC1, 0x1C, 0x6D, 0xDF, 0xC1, 0xB8, 0xD2,
    0x0B, 0x8E, 0xBF, 0xCF, 0xE5, 0x57, 0xDA, 0x2B, 0x6D, 0xE0, 0x5C, 0x90, 0x91, 0xAF, 0x69, 0xFC,
    0xD1, 0xE0, 0xB2, 0xF2, 0xDC, 0x42, 0x42, 0xAC, 0xBC, 0x88, 0xBA, 0x13, 0x5B, 0x3D, 0xD5, 0x07,
    0xA7, 0x1D, 0x22, 0x6F, 0x9F, 0x94, 0x34, 0x53, 0x11, 0xDF, 0x2F, 0xF1, 0x39, 0x04, 0x77, 0x0A,
    0xCB, 0x19, 0x4D, 0x28, 0xF7, 0xED, 0x09, 0x00, 0x93, 0xD4, 0x11, 0xBB, 0x6D, 0x00, 0xB0, 0xBF,
    0x02, 0x18, 0x82, 0x33, 0x22, 0x07, 0x9D, 0xD2, 0x65, 0xC1, 0x0D, 0x84, 0xDC, 0x00, 0xC4, 0xA3,
    0x6F, 0x9D, 0x04, 0xAD, 0x0C, 0x60, 0xB7, 0x0D, 0xB0, 0x43, 0x63, 0x60, 0xA8, 0x8C, 0x5E, 0x26,
    0x79, 0xD4, 0x30, 0xA8, 0xAF, 0x99, 0xA1, 0x2A, 0xF7, 0x50, 0x03, 0x68, 0xB4, 0x95, 0xD5, 0x5F,
    0x7E, 0xB8, 0x81, 0xE6, 0x64, 0x03, 0x9B, 0x6D, 0x65, 0x05, 0x31, 0x62, 0xB9, 0x0F, 0x03, 0x95,
    0xB1, 0xDB, 0x36, 0xFA, 0x58, 0x0B, 0x20, 0xDB, 0x0E, 0x39, 0xDF, 0xA2, 0x9D, 0x4B, 0x5B, 0x2E,
    0xBA, 0x1C, 0x58, 0xC9, 0x0A, 0x34, 0x4B, 0x8C, 0xE0, 0x2A, 0x4F, 0x81, 0x6D, 0x5C, 0x57, 0x9D,
    0x9E, 0x4D, 0x01, 0xCE, 0x08, 0x77, 0xDB, 0xD5, 0x36, 0xA6, 0x5F, 0x61, 0xD2, 0x63, 0x70, 0xE9,
    0x4B, 0x9C, 0x71, 0x17, 0x23, 0xB8, 0x73, 0x95, 0xA7, 0x30, 0x5E, 0x03, 0xCF, 0x05, 0x85, 0x4E,
    0x83, 0x56, 0x06, 0xB0, 0xDB, 0x06, 0xD8, 0xA1, 0x31, 0xB8, 0xA4, 0x32, 0x78, 0x0A, 0xD8, 0x77,
    0x8D, 0x79, 0x2B, 0x4C, 0x34, 0x2D, 0x4D, 0x34, 0xBF, 0xFB, 0x00, 0xC4, 0x80, 0x5C, 0xEE, 0x8C,
    0x56, 0xEE, 0xD9, 0x29, 0x05, 0x43, 0xEF, 0x90, 0x77, 0x9D, 0xF1, 0xAD, 0xC6, 0x8E, 0x38, 0x06,
    0x97, 0x7D, 0x07, 0xFB, 0xFF, 0xFC, 0x21, 0xAD, 0xDC, 0x41, 0x91, 0x4D, 0x8D, 0x74, 0x7D, 0x76,
    0x6F, 0x3C, 0x2A, 0xB6, 0xF4, 0x85, 0xA4, 0x3B, 0xA7, 0xA5, 0x9F, 0xD5, 0x46, 0x9E, 0x97, 0xCE,
    0x5D, 0x9A, 0x33, 0xC8, 0x77, 0x60, 0xE9, 0x9C, 0x00, 0x0A, 0x15, 0xEB, 0x77, 0xEB, 0x77, 0xC5,
    0x99, 0xB9, 0x0A, 0xDF, 0xE6, 0x2E, 0x81, 0x4D, 0x62, 0xE8, 0xC9, 0x49, 0x10, 0xF0, 0x66, 0xD5,
    0xEF, 0x42, 0x55, 0xC1, 0x27, 0x08, 0xCD, 0x81, 0xC6, 0xE2, 0x3B, 0xF6, 0x5F, 0x02, 0x3C, 0xEF,
    0x84, 0x6C, 0xE8, 0x24, 0x2B, 0xED, 0x9B, 0xB4, 0x47, 0xA4, 0xEE, 0xF7, 0xC4, 0x0F, 0x03, 0x33,
    0x19, 0x1F, 0x1C, 0x0E, 0x8A, 0x83, 0xBE, 0x5B, 0xE0, 0x2C, 0x76, 0x6A, 0x61, 0x0D, 0x99, 0xBF,
    0x7F, 0x4A, 0x59, 0x66, 0x7C, 0x4F, 0x76, 0x02, 0x74, 0x59, 0xBE, 0x1F, 0x68, 0x4F, 0xC5, 0x3D,
    0xD6, 0x3B, 0x47, 0x64, 0xBD, 0x69, 0xFE, 0x58, 0x38, 0x5F, 0xFF, 0xFA, 0x7D, 0x19, 0x58, 0xD9,
    0xB3, 0xA9, 0x4F, 0x43, 0x26, 0x1C, 0x66, 0x4C, 0xF3, 0x7B, 0x53, 0xDE, 0x6B, 0xF6, 0x89, 0x62,
    0x79, 0x60, 0xE8, 0x28, 0xCF, 0xE7, 0x3E, 0x5F, 0xC3, 0x54, 0x47, 0x1A, 0xA1, 0x3A, 0x02, 0x52,
    0x9E, 0xEB, 0x9C, 0x1F, 0xF4, 0x99, 0x85, 0xAB, 0xE8, 0xE4, 0xB7, 0x1A, 0x5D, 0x28, 0xCB, 0x6B,
    0x89, 0xF2, 0x5D, 0x1A, 0x69, 0x9D, 0xE6, 0x23, 0x37, 0xEA, 0x09, 0x73, 0x00, 0xF5, 0xF6, 0x77,
    0xB4, 0x3E, 0xFD, 0x66, 0x96, 0x5C, 0x1D, 0xFD, 0xE9, 0xE1, 0x6D, 0x74, 0xAE, 0x8C, 0x48, 0x35,
    0x58, 0x25, 0x35, 0xD4, 0x60, 0x0F, 0x59, 0xA9, 0xCB, 0xC8, 0xFA, 0x2F, 0xE8, 0xC7, 0xEE, 0x37,
    0x3E, 0xF3, 0xB6, 0x0C, 0xEC, 0xF7, 0xDF, 0x48, 0x9B, 0x66, 0x46, 0xDD, 0x32, 0xA6, 0x56, 0x9E,
    0xBC, 0xE9, 0x35, 0xB5, 0x52, 0x57, 0x5F, 0x7E, 0xF0, 0x6D, 0xD8, 0x15, 0xAC, 0x10, 0xA8, 0x03,
    0x4E, 0x6B, 0xBC, 0x70, 0xEA, 0x48, 0xD4, 0xE5, 0x43, 0x97, 0x7A, 0x95, 0x2F, 0x51, 0x61, 0x88,
    0x5E, 0x0C, 0x2D, 0x08, 0x9A, 0xD7, 0xAE, 0x3E, 0x49, 0x19, 0xCF, 0x66, 0x9A, 0xD1, 0x74, 0x37,
    0x7B, 0x59, 0xBF, 0x97, 0x3D, 0xE8, 0xCF, 0x9D, 0xCE, 0xE8, 0x26, 0x11, 0x74, 0x9C, 0xB8, 0x7B,
    0x06, 0xA7, 0x2C, 0xB8, 0xFA, 0xD5, 0x76, 0xBB, 0xCD, 0x2E, 0x56, 0xAC, 0x63, 0xAA, 0xCE, 0xBC,
    0x2F, 0x06, 0x56, 0x46, 0x2F, 0xBF, 0xA7, 0x2E, 0xB2, 0xD3, 0x78, 0xC9, 0x11, 0xF9, 0xD2, 0x0E,
    0xDA, 0x7B, 0x49, 0xAD, 0xC7, 0xD5, 0x3D, 0x32, 0xF8, 0x46, 0x6D, 0xEC, 0x09, 0x27, 0xB4, 0xA5,
    0x72, 0x67, 0xB3, 0x3B, 0x38, 0x72, 0x43, 0xBE, 0xA1, 0xC9, 0x37, 0x35, 0xAF, 0x15, 0xDA, 0xD6,
    0xA9, 0x01, 0xD8, 0x5A, 0x6F, 0x9F, 0x57, 0x40, 0x07, 0xAC, 0xC6, 0x1C, 0x3B, 0x05, 0xC2, 0x53,
    0x43, 0xFD, 0x2E, 0x7B, 0x15, 0xCF, 0xCA, 0x1D, 0x87, 0x39, 0x9B, 0x15, 0xB0, 0xDB, 0x20, 0x8F,
    0xE3, 0x27, 0x1B, 0x8E, 0x5E, 0x2A, 0xDE, 0x47, 0x2F, 0x65, 0xC3, 0x84, 0xA6, 0x9F, 0x1B, 0x54,
    0xBE, 0x7C, 0x4A, 0xBF, 0xE8, 0x0E, 0x9D, 0x9E, 0x9F, 0x72, 0xA2, 0x5F, 0x28, 0xC8, 0xDE, 0xF4,
    0xB3, 0xD9, 0xEB, 0x65, 0x27, 0xD3, 0xC6, 0xCF, 0x25, 0x9A, 0x5B, 0x24, 0xBF, 0x72, 0x6A, 0x58,
    0x19, 0x54, 0x82, 0x41, 0xE5, 0xAC, 0xDC, 0xE3, 0xF0, 0xC9, 0x0A, 0x1B, 0x21, 0x57, 0xC8, 0x3D,
    0x7E, 0x7A, 0xD9, 0x66, 0xEF, 0xB4, 0xF7, 0xF1, 0x83, 0x7E, 0x9F, 0x3E, 0xD9, 0xDD, 0x41, 0xA5,
    0xF5, 0x50, 0x77, 0x48, 0x41, 0xFA, 0xE9, 0xFD, 0x5E, 0xAB, 0xA8, 0x1D, 0xD3, 0x27, 0x86, 0x95,
    0xC7, 0x80, 0x9B, 0xED, 0x1E, 0xF4, 0x10, 0xBE, 0xD3, 0xA9, 0xEE, 0xCA, 0x18, 0x7B, 0xCA, 0x55,
    0x1B, 0x5D, 0x0C, 0x3A, 0x62, 0x0A, 0x42, 0x00, 0x00, 0x3E, 0x08, 0x4F, 0xA6, 0x33, 0xFC, 0x93,
    0xDF, 0x8E, 0x98, 0x48, 0x3E, 0x8C, 0xD0, 0xE3, 0x73, 0x17, 0x69, 0x5F, 0x9B, 0x47, 0x58, 0x21,
    0xE2, 0x79, 0x9E, 0x09, 0x66, 0x18, 0x54, 0x26, 0x40, 0x30, 0x04, 0xA8, 0xDF, 0x9B, 0x4A, 0xF3,
    0x2B, 0x9B, 0x59, 0x86, 0x85, 0xCC, 0x5E, 0x3C, 0xAF, 0x29, 0x52, 0xBB, 0x98, 0x2F, 0xE6, 0x6D,
    0xCA, 0xFF, 0x99, 0xE3, 0x0C, 0x60, 0x28, 0x97, 0x4B, 0x78, 0x3E, 0xF8, 0x7C, 0x82, 0x7E, 0x3F,
    0x48, 0x5A, 0xD9, 0xB7, 0x3F, 0x9F, 0x3C, 0xA2, 0x3D, 0xCA, 0xFD, 0x5B, 0xEA, 0x9E, 0xE8, 0xD2,
    0xE3, 0xC2, 0xCD, 0x1E, 0xB6, 0x33, 0x54, 0xBB, 0x29, 0x35, 0x54, 0xFB, 0x1B, 0x16, 0x97, 0x4F,
    0x3F, 0x2E, 0x5C, 0x1C, 0xDF, 0x5E, 0xCE, 0xAF, 0xF7, 0x5D, 0x08, 0xAC, 0xB4, 0xEF, 0x66, 0x6B,
    0xE0, 0x66, 0x2F, 0xAE, 0xB1, 0x1B, 0x62, 0x8D, 0xB5, 0xD3, 0x31, 0x00, 0x0B, 0xB3, 0x64, 0xFB,
    0x70, 0x2A, 0xAD, 0x00, 0x66, 0x38, 0xD1, 0xCA, 0x4C, 0x71, 0xFB, 0x79, 0xC9, 0xBD, 0x28, 0x58,
    0xB9, 0x9B, 0x7D, 0x0B, 0x5A, 0xD8, 0x8B, 0xF8, 0x5C, 0xA2, 0x69, 0xE0, 0x8D, 0x00, 0xAE, 0x1E,
    0x3E, 0x9C, 0xC1, 0xE0, 0xC9, 0x89, 0x56, 0xD8, 0xE5, 0x98, 0xFF, 0xBF, 0xC7, 0xFE, 0x45, 0xC1,
    0x66, 0xFB, 0xEE, 0x70, 0x1F, 0xCB, 0x0D, 0x95, 0x15, 0xF3, 0xDD, 0xE7, 0xC9, 0x5C, 0x08, 0x98,
    0x62, 0xA2, 0x95, 0xB2, 0xA6, 0x41, 0xEC, 0xE0, 0x61, 0x9B, 0x7D, 0x6A, 0xBE, 0xDA, 0x84, 0x8F,
    0x07, 0xAF, 0xB0, 0x08, 0x68, 0xF3, 0xEF, 0x98, 0xA2, 0xB5, 0x2B, 0xD4, 0x7F, 0x7C, 0x30, 0xE7,
    0xAF, 0xF4, 0xB2, 0x91, 0x1F, 0x64, 0xEF, 0x3D, 0x77, 0xD1, 0x6A, 0xD7, 0xA0, 0x81, 0x9D, 0xF6,
    0xE3, 0x13, 0x1D, 0xE5, 0x54, 0x2E, 0xE2, 0xFC, 0x88, 0xAF, 0x86, 0x44, 0xF6, 0x07, 0x6F, 0xC4,
    0xEE, 0x0B, 0x92, 0xAA, 0x48, 0xDB, 0x30, 0xD8, 0x96, 0xD1, 0x91, 0xDF, 0x39, 0x8D, 0xF3, 0xEC,
    0x7F, 0x7B, 0x23, 0x51, 0x57, 0x43, 0xE6, 0x8F, 0xA6, 0xDB, 0xE0, 0x36, 0xAF, 0x1C, 0xF1, 0x61,
    0x47, 0x64, 0xF4, 0xD5, 0xFD, 0xA9, 0x9B, 0x7C, 0xF4, 0xC9, 0xF7, 0xCC, 0x38, 0x16, 0xFF, 0x98,
    0x31, 0xFF, 0x1E, 0x9B, 0x2B, 0xD9, 0x43, 0xE7, 0xCD, 0x7C, 0x0B, 0x8A, 0xCB, 0xF1, 0x75, 0x94,
    0x3C, 0xB2, 0xE7, 0x21, 0xD3, 0xBE, 0x87, 0xA5, 0x73, 0xC1, 0xCC, 0xD8, 0x41, 0xA8, 0x68, 0xED,
    0xF8, 0x84, 0x13, 0xDB, 0x39, 0x7E, 0x2F, 0xCF, 0x31, 0x52, 0xA9, 0x1B, 0x5F, 0x9E, 0xBA, 0x20,
    0x27, 0xD9, 0x86, 0x9E, 0xB8, 0x50, 0x66, 0x17, 0x17, 0xCA, 0xD6, 0xD6, 0xF2, 0xCB, 0x70, 0xC6,
    0x6F, 0x1E, 0xDD, 0xE0, 0xFF, 0xE3, 0xE8, 0x6B, 0x6D, 0xC7, 0xF8, 0x8D, 0x0F, 0x26, 0x3F, 0x4F,
    0x02, 0xA3, 0x60, 0x1C, 0x8A, 0xA1, 0x97, 0x30, 0xB4, 0xAA, 0xFA, 0x97, 0xAA, 0x00, 0xDF, 0x2E,
    0x3D, 0xC3, 0xF7, 0xCB, 0xE8, 0x8F, 0xA0, 0x82, 0x3B, 0xE2, 0x0F, 0xC3, 0x1A, 0xB8, 0xD2, 0xAB,
    0xB2, 0x81, 0x15, 0xF9, 0x17, 0xD9, 0x21, 0x8D, 0x24, 0xE6, 0x5B, 0x6F, 0xC5, 0x18, 0xCC, 0x3F,
    0xC8, 0x04, 0xAD, 0xFD, 0xAB, 0x7C, 0x05, 0x63, 0xFA, 0x79, 0xF8, 0x07, 0x18, 0xD4, 0x77, 0xC5,
    0x97, 0x01, 0xBF, 0x47, 0xCF, 0x60, 0x79, 0xBE, 0x42, 0xCF, 0xA8, 0x3B, 0x61, 0x55, 0xBE, 0x94,
    0x36, 0xFE, 0x4F, 0x01, 0xEA, 0x9C, 0xF3, 0x63, 0x75, 0x4E, 0x1F, 0x47, 0x28, 0x5F, 0x64, 0xD0,
    0x6E, 0x43, 0x00, 0x78, 0x6A, 0x47, 0xD4, 0x9D, 0xC0, 0xE3, 0x7F, 0x7E, 0x62, 0x4F, 0x42, 0x87,
    0x2F, 0xC0, 0x5B, 0x43, 0x72, 0x5F, 0x13, 0x95, 0xEF, 0xCA, 0x5A, 0x27, 0x2E, 0x77, 0xC4, 0x39,
    0xFE, 0x90, 0x53, 0x82, 0x3A, 0x6C, 0x63, 0x55, 0x5A, 0xE8, 0x1D, 0x57, 0x5C, 0xB5, 0xAB, 0x6E,
    0x97, 0x6F, 0xB6, 0x87, 0xFA, 0x64, 0xDB, 0x2C, 0x0E, 0xC6, 0x0B, 0x4A, 0xA7, 0x8F, 0xD5, 0xC7,
    0x72, 0x47, 0xD4, 0x5E, 0x89, 0x31, 0x3E, 0xE7, 0x35, 0x1E, 0x2B, 0xDF, 0xBF, 0xE9, 0xB0, 0x96,
    0xAD, 0x4F, 0x3D, 0x4E, 0x0D, 0xE6, 0x11, 0xCD, 0xDA, 0xE1, 0x3A, 0x45, 0xD7, 0xE9, 0xE6, 0x4D,
    0x02, 0x6A, 0xDC, 0xC4, 0x3B, 0x52, 0xF4, 0x3F, 0x3B, 0xFC, 0x0F,
};

static const EpdGlyph ubuntu_jp_12_regularGlyphs[] = {
    { 0, 0, 0, 0, 0, 0, 0 }, // U+0000
    { 0, 0, 0, 0, 0, 0, 0 }, // U+0008
    { 0, 0, 92, 0, 0, 0, 0 }, // U+0009
    { 0, 0, 92, 0, 0, 0, 0 }, // U+000D
    { 0, 0, 0, 0, 0, 0, 0 }, // U+001D
    { 0, 0, 92, 0, 0, 0, 0 }, // U+0020
    { 5, 17, 110, 1, 17, 22, 0 }, // !
    { 8, 6, 167, 1, 20, 12, 22 }, // "
    { 15, 17, 267, 1, 17, 64, 34 }, // #
    { 12, 23, 226, 1, 20, 69, 98 }, // $
    { 20, 17, 343, 1, 17, 85, 167 }, // %
    { 16, 17, 266, 1, 17, 68, 252 }, // &
    { 4, 6, 96, 1, 20, 6, 320 }, // '
    { 7, 25, 130, 1, 20, 44, 326 }, // (
    { 7, 25, 130, 0, 20, 44, 370 }, // )
    { 12, 10, 192, 0, 17, 30, 414 }, // *
    { 12, 12, 226, 1, 14, 36, 444 }, // +
    { 5, 7, 98, 0, 3, 9, 480 }, // ,
    { 7, 2, 120, 0, 8, 4, 489 }, // -
    { 4, 3, 98, 1, 3, 3, 493 }, // .
    { 12, 25, 154, -1, 20, 75, 496 }, // /
    { 12, 17, 226, 1, 17, 51, 571 }, // 0
    { 8, 17, 226, 2, 17, 34, 622 }, // 1
    { 12, 17, 226, 1, 17, 51, 656 }, // 2
    { 12, 17, 226, 1, 17, 51, 707 }, // 3
    { 13, 17, 226, 1, 17, 56, 758 }, // 4
    { 12, 17, 226, 1, 17, 51, 814 }, // 5
    { 12, 17, 226, 1, 17, 51, 865 }, // 6
    { 12, 17, 226, 1, 17, 51, 916 }, // 7
    { 12, 17, 226, 1, 17, 51, 967 }, // 8
    { 12, 17, 226, 1, 17, 51, 1018 }, // 9
    { 4, 13, 98, 1, 13, 13, 1069 }, // :
    { 5, 17, 98, 0, 13, 22, 1082 }, // ;
    { 12, 11, 226, 1, 13, 33, 1104 }, // <
    { 12, 7, 226, 1, 11, 21, 1137 }, // =
    { 12, 11, 226, 1, 13, 33, 1158 }, // >
    { 10, 17, 162, 0, 17, 43, 1191 }, // ?
    { 22, 22, 380, 1, 18, 121, 1234 }, // @
    { 17, 17, 265, 0, 17, 73, 1355 }, // A
    { 13, 17, 257, 2, 17, 56, 1428 }, // B
    { 14, 17, 248, 1, 17, 60, 1484 }, // C
    { 15, 17, 285, 2, 17, 64, 1544 }, // D
    { 12, 17, 228, 2, 17, 51, 1608 }, // E
    { 11, 17, 215, 2, 17, 47, 1659 }, // F
    { 15, 17, 269, 1, 17, 64, 1706 }, // G
    { 14, 17, 282, 2, 17, 60, 1770 }, // H
    { 3, 17, 108, 2, 17, 13, 1830 }, // I
    { 11, 17, 200, 0, 17, 47, 1843 }, // J
    { 14, 17, 252, 2, 17, 60, 1890 }, // K
    { 11, 17, 208, 2, 17, 47, 1950 }, // L
    { 20, 17, 348, 1, 17, 85, 1997 }, // M
    { 15, 17, 291, 2, 17, 64, 2082 }, // N
    { 17, 17, 311, 1, 17, 73, 2146 }, // O
    { 13, 17, 243, 2, 17, 56, 2219 }, // P
    { 17, 22, 311, 1, 17, 94, 2275 }, // Q
    { 14, 17, 252, 2, 17, 60, 2369 }, // R
    { 13, 17, 213, 0, 17, 56, 2429 }, // S
    { 14, 17, 226, 0, 17, 60, 2485 }, // T
    { 14, 17, 275, 2, 17, 60, 2545 }, // U
    { 17, 17, 262, 0, 17, 73, 2605 }, // V
    { 23, 17, 372, 0, 17, 98, 2678 }, // W
    { 16, 17, 252, 0, 17, 68, 2776 }, // X
    { 15, 17, 239, 0, 17, 64, 2844 }, // Y
    { 14, 17, 229, 0, 17, 60, 2908 }, // Z
    { 7, 25, 132, 2, 20, 44, 2968 }, // [
    { 12, 25, 154, -1, 20, 75, 3012 }, // <backslash>
    { 6, 25, 132, 0, 20, 38, 3087 }, // ]
    { 12, 9, 226, 1, 17, 27, 3125 }, // ^
    { 14, 2, 197, -1, -3, 7, 3152 }, // _
    { 6, 5, 150, 1, 20, 8, 3159 }, // `
    { 11, 13, 209, 1, 13, 36, 3167 }, // a
    { 12, 19, 236, 2, 19, 57, 3203 }, // b
    { 11, 13, 186, 1, 13, 36, 3260 }, // c
    { 12, 19, 236, 1, 19, 57, 3296 }, // d
    { 12, 13, 224, 1, 13, 39, 3353 }, // e
    { 8, 19, 154, 2, 19, 38, 3392 }, // f
    { 12, 18, 231, 1, 13, 54, 3430 }, // g
    { 11, 19, 228, 2, 19, 53, 3484 }, // h
    { 4, 18, 101, 1, 18, 18, 3537 }, // i
    { 7, 23, 101, -2, 18, 41, 3555 }, // j
    { 11, 19, 209, 2, 19, 53, 3596 }, // k
    { 6, 19, 109, 1, 19, 29, 3649 }, // l
    { 18, 13, 344, 2, 13, 59, 3678 }, // m
    { 11, 13, 230, 2, 13, 36, 3737 }, // n
    { 13, 13, 236, 1, 13, 43, 3773 }, // o
    { 12, 18, 236, 2, 13, 54, 3816 }, // p
    { 12, 18, 236, 1, 13, 54, 3870 }, // q
    { 8, 13, 154, 2, 13, 26, 3924 }, // r
    { 10, 13, 178, 1, 13, 33, 3950 }, // s
    { 9, 17, 161, 1, 17, 39, 3983 }, // t
    { 12, 13, 230, 1, 13, 39, 4022 }, // u
    { 13, 13, 201, 0, 13, 43, 4061 }, // v
    { 19, 13, 311, 0, 13, 62, 4104 }, // w
    { 13, 13, 204, 0, 13, 43, 4166 }, // x
    { 12, 18, 199, 0, 13, 54, 4209 }, // y
    { 11, 13, 188, 0, 13, 36, 4263 }, // z
    { 8, 25, 133, 1, 20, 50, 4299 }, // {
    { 3, 25, 112, 2, 20, 19, 4349 }, // |
    { 8, 25, 133, 0, 20, 50, 4368 }, // }
    { 12, 4, 226, 1, 10, 12, 4418 }, // ~
    { 0, 0, 92, 0, 0, 0, 0 }, // U+00A0
    { 5, 18, 110, 1, 13, 23, 0 }, // U+00A1
    { 10, 19, 226, 2, 16, 48, 23 }, // U+00A2
    { 12, 17, 226, 1, 17, 51, 71 }, // U+00A3
    { 12, 12, 226, 1, 15, 36, 122 }, // U+00A4
    { 14, 17, 226, 0, 17, 60, 158 }, // U+00A5
    { 3, 25, 112, 2, 20, 19, 218 }, // U+00A6
    { 11, 20, 197, 1, 18, 55, 237 }, // U+00A7
    { 9, 3, 150, 0, 18, 7, 292 }, // U+00A8
    { 18, 17, 326, 1, 17, 77, 299 }, // U+00A9
    { 9, 9, 156, 0, 17, 21, 376 }, // U+00AA
    { 12, 11, 200, 0, 13, 33, 397 }, // U+00AB
    { 12, 9, 226, 1, 10, 27, 430 }, // U+00AC
    { 7, 2, 120, 0, 8, 4, 457 }, // U+00AD
    { 18, 17, 326, 1, 17, 77, 461 }, // U+00AE
    { 8, 2, 150, 1, 18, 4, 538 }, // U+00AF
    { 8, 7, 133, 0, 19, 14, 542 }, // U+00B0
    { 12, 15, 226, 1, 15, 45, 556 }, // U+00B1
    { 8, 10, 144, 0, 18, 20, 601 }, // U+00B2
    { 8, 10, 144, 0, 18, 20, 621 }, // U+00B3
    { 5, 5, 150, 3, 20, 7, 641 }, // U+00B4
    { 11, 18, 232, 2, 13, 50, 648 }, // U+00B5
    { 13, 22, 258, 1, 17, 72, 698 }, // U+00B6
    { 4, 3, 98, 1, 9, 3, 770 }, // U+00B7
    { 6, 6, 150, 1, 1, 9, 773 }, // U+00B8
    { 5, 10, 144, 1, 18, 13, 782 }, // U+00B9
    { 10, 9, 178, 1, 17, 23, 795 }, // U+00BA
    { 11, 11, 200, 1, 13, 31, 818 }, // U+00BB
    { 21, 18, 350, 1, 18, 95, 849 }, // U+00BC
    { 20, 18, 350, 1, 18, 90, 944 }, // U+00BD
    { 22, 18, 350, 0, 18, 99, 1034 }, // U+00BE
    { 10, 18, 162, 0, 13, 45, 1133 }, // U+00BF
    { 17, 24, 265, 0, 24, 102, 1178 }, // U+00C0
    { 17, 24, 265, 0, 24, 102, 1280 }, // U+00C1
    { 17, 24, 265, 0, 24, 102, 1382 }, // U+00C2
    { 17, 23, 265, 0, 23, 98, 1484 }, // U+00C3
    { 17, 22, 265, 0, 22, 94, 1582 }, // U+00C4
    { 17, 21, 265, 0, 21, 90, 1676 }, // U+00C5
    { 23, 17, 374, 0, 17, 98, 1766 }, // U+00C6
    { 14, 23, 248, 1, 17, 81, 1864 }, // U+00C7
    { 12, 24, 228, 2, 24, 72, 1945 }, // U+00C8
    { 12, 24, 228, 2, 24, 72, 2017 }, // U+00C9
    { 12, 24, 228, 2, 24, 72, 2089 }, // U+00CA
    { 12, 22, 228, 2, 22, 66, 2161 }, // U+00CB
    { 6, 24, 108, 0, 24, 36, 2227 }, // U+00CC
    { 6, 24, 108, 1, 24, 36, 2263 }, // U+00CD
    { 8, 24, 108, -1, 24, 48, 2299 }, // U+00CE
    { 9, 22, 108, -1, 22, 50, 2347 }, // U+00CF
    { 17, 17, 290, 0, 17, 73, 2397 }, // U+00D0
    { 15, 23, 291, 2, 23, 87, 2470 }, // U+00D1
    { 17, 24, 311, 1, 24, 102, 2557 }, // U+00D2
    { 17, 24, 311, 1, 24, 102, 2659 }, // U+00D3
    { 17, 24, 311, 1, 24, 102, 2761 }, // U+00D4
    { 17, 23, 311, 1, 23, 98, 2863 }, // U+00D5
    { 17, 22, 311, 1, 22, 94, 2961 }, // U+00D6
    { 11, 11, 226, 2, 13, 31, 3055 }, // U+00D7
    { 17, 19, 311, 1, 18, 81, 3086 }, // U+00D8
    { 14, 24, 275, 2, 24, 84, 3167 }, // U+00D9
    { 14, 24, 275, 2, 24, 84, 3251 }, // U+00DA
    { 14, 24, 275, 2, 24, 84, 3335 }, // U+00DB
    { 14, 22, 275, 2, 22, 77, 3419 }, // U+00DC
    { 15, 24, 239, 0, 24, 90, 3496 }, // U+00DD
    { 13, 17, 244, 2, 17, 56, 3586 }, // U+00DE
    { 13, 19, 249, 2, 19, 62, 3642 }, // U+00DF
    { 11, 20, 209, 1, 20, 55, 3704 }, // U+00E0
    { 11, 20, 209, 1, 20, 55, 3759 }, // U+00E1
    { 11, 20, 209, 1, 20, 55, 3814 }, // U+00E2
    { 11, 19, 209, 1, 19, 53, 3869 }, // U+00E3
    { 11, 18, 209, 1, 18, 50, 3922 }, // U+00E4
    { 11, 20, 209, 1, 20, 55, 3972 }, // U+00E5
    { 20, 13, 344, 1, 13, 65, 4027 }, // U+00E6
    { 11, 19, 186, 1, 13, 53, 4092 }, // U+00E7
    { 12, 20, 224, 1, 20, 60, 4145 }, // U+00E8
    { 12, 20, 224, 1, 20, 60, 4205 }, // U+00E9
    { 12, 20, 224, 1, 20, 60, 4265 }, // U+00EA
    { 12, 18, 224, 1, 18, 54, 4325 }, // U+00EB
    { 5, 20, 101, 0, 20, 25, 4379 }, // U+00EC
    { 6, 20, 101, 1, 20, 30, 4404 }, // U+00ED
    { 8, 20, 101, -1, 20, 40, 4434 }, // U+00EE
    { 8, 18, 101, -1, 18, 36, 4474 }, // U+00EF
    { 14, 19, 236, 1, 19, 67, 4510 }, // U+00F0
    { 11, 19, 230, 2, 19, 53, 4577 }, // U+00F1
    { 13, 20, 236, 1, 20, 65, 4630 }, // U+00F2
    { 13, 20, 236, 1, 20, 65, 4695 }, // U+00F3
    { 13, 20, 236, 1, 20, 65, 4760 }, // U+00F4
    { 13, 19, 236, 1, 19, 62, 4825 }, // U+00F5
    { 13, 18, 236, 1, 18, 59, 4887 }, // U+00F6
    { 12, 12, 226, 1, 14, 36, 4946 }, // U+00F7
    { 13, 15, 236, 1, 14, 49, 4982 }, // U+00F8
    { 12, 20, 230, 1, 20, 60, 5031 }, // U+00F9
    { 12, 20, 230, 1, 20, 60, 5091 }, // U+00FA
    { 12, 20, 230, 1, 20, 60, 5151 }, // U+00FB
    { 12, 18, 230, 1, 18, 54, 5211 }, // U+00FC
    { 12, 25, 199, 0, 20, 75, 5265 }, // U+00FD
    { 12, 24, 236, 2, 19, 72, 5340 }, // U+00FE
    { 12, 23, 199, 0, 18, 69, 5412 }, // U+00FF
    { 17, 22, 265, 0, 22, 94, 0 }, // U+0100
    { 11, 18, 209, 1, 18, 50, 94 }, // U+0101
    { 17, 23, 265, 0, 23, 98, 144 }, // U+0102
    { 11, 19, 209, 1, 19, 53, 242 }, // U+0103
    { 17, 22, 265, 0, 17, 94, 295 }, // U+0104
    { 11, 18, 209, 1, 13, 50, 389 }, // U+0105
    { 14, 24, 248, 1, 24, 84, 439 }, // U+0106
    { 11, 20, 186, 1, 20, 55, 523 }, // U+0107
    { 14, 24, 248, 1, 24, 84, 578 }, // U+0108
    { 11, 20, 186, 1, 20, 55, 662 }, // U+0109
    { 14, 22, 248, 1, 22, 77, 717 }, // U+010A
    { 11, 18, 186, 1, 18, 50, 794 }, // U+010B
    { 14, 24, 248, 1, 24, 84, 844 }, // U+010C
    { 11, 20, 186, 1, 20, 55, 928 }, // U+010D
    { 15, 24, 285, 2, 24, 90, 983 }, // U+010E
    { 16, 19, 249, 1, 19, 76, 1073 }, // U+010F
    { 17, 17, 290, 0, 17, 73, 1149 }, // U+0110
    { 14, 19, 236, 1, 19, 67, 1222 }, // U+0111
    { 12, 22, 228, 2, 22, 66, 1289 }, // U+0112
    { 12, 18, 224, 1, 18, 54, 1355 }, // U+0113
    { 12, 23, 228, 2, 23, 69, 1409 }, // U+0114
    { 12, 19, 224, 1, 19, 57, 1478 }, // U+0115
    { 12, 22, 228, 2, 22, 66, 1535 }, // U+0116
    { 12, 18, 224, 1, 18, 54, 1601 }, // U+0117
    { 12, 22, 228, 2, 17, 66, 1655 }, // U+0118
    { 12, 18, 224, 1, 13, 54, 1721 }, // U+0119
    { 12, 24, 228, 2, 24, 72, 1775 }, // U+011A
    { 12, 21, 224, 1, 21, 63, 1847 }, // U+011B
    { 15, 24, 269, 1, 24, 90, 1910 }, // U+011C
    { 12, 25, 231, 1, 20, 75, 2000 }, // U+011D
    { 15, 23, 269, 1, 23, 87, 2075 }, // U+011E
    { 12, 24, 231, 1, 19, 72, 2162 }, // U+011F
    { 15, 22, 269, 1, 22, 83, 2234 }, // U+0120
    { 12, 23, 231, 1, 18, 69, 2317 }, // U+0121
    { 15, 21, 269, 1, 17, 79, 2386 }, // U+0122
    { 12, 24, 231, 1, 19, 72, 2465 }, // U+0123
    { 14, 24, 282, 2, 24, 84, 2537 }, // U+0124
    { 12, 25, 228, 1, 25, 75, 2621 }, // U+0125
    { 18, 17, 292, 0, 17, 77, 2696 }, // U+0126
    { 13, 19, 228, 0, 19, 62, 2773 }, // U+0127
    { 9, 23, 108, -1, 23, 52, 2835 }, // U+0128
    { 9, 19, 101, -1, 19, 43, 2887 }, // U+0129
    { 8, 22, 108, -1, 22, 44, 2930 }, // U+012A
    { 8, 18, 101, -1, 18, 36, 2974 }, // U+012B
    { 7, 23, 108, 0, 23, 41, 3010 }, // U+012C
    { 8, 19, 101, -1, 19, 38, 3051 }, // U+012D
    { 5, 22, 108, 0, 17, 28, 3089 }, // U+012E
    { 5, 23, 101, 0, 18, 29, 3117 }, // U+012F
    { 4, 22, 108, 1, 22, 22, 3146 }, // U+0130
    { 3, 13, 101, 2, 13, 10, 3168 }, // U+0131
    { 16, 17, 307, 2, 17, 68, 3178 }, // U+0132
    { 11, 23, 204, 1, 18, 64, 3246 }, // U+0133
    { 13, 24, 200, 0, 24, 78, 3310 }, // U+0134
    { 9, 25, 101, -2, 20, 57, 3388 }, // U+0135
    { 14, 21, 252, 2, 17, 74, 3445 }, // U+0136
    { 11, 23, 209, 2, 19, 64, 3519 }, // U+0137
    { 12, 13, 215, 2, 13, 39, 3583 }, // U+0138
    { 11, 24, 208, 2, 24, 66, 3622 }, // U+0139
    { 6, 23, 109, 1, 23, 35, 3688 }, // U+013A
    { 11, 21, 208, 2, 17, 58, 3723 }, // U+013B
    { 7, 23, 109, 0, 19, 41, 3781 }, // U+013C
    { 11, 17, 208, 2, 17, 47, 3822 }, // U+013D
    { 8, 19, 114, 1, 19, 38, 3869 }, // U+013E
    { 11, 17, 208, 2, 17, 47, 3907 }, // U+013F
    { 9, 19, 148, 1, 19, 43, 3954 }, // U+0140
    { 15, 17, 215, -1, 17, 64, 3997 }, // U+0141
    { 8, 19, 115, 0, 19, 38, 4061 }, // U+0142
    { 15, 24, 291, 2, 24, 90, 4099 }, // U+0143
    { 11, 20, 230, 2, 20, 55, 4189 }, // U+0144
    { 15, 21, 291, 2, 17, 79, 4244 }, // U+0145
    { 11, 17, 230, 2, 13, 47, 4323 }, // U+0146
    { 15, 24, 291, 2, 24, 90, 4370 }, // U+0147
    { 11, 20, 230, 2, 20, 55, 4460 }, // U+0148
    { 13, 19, 230, 0, 19, 62, 4515 }, // U+0149
    { 15, 22, 291, 2, 17, 83, 4577 }, // U+014A
    { 11, 18, 230, 2, 13, 50, 4660 }, // U+014B
    { 17, 22, 311, 1, 22, 94, 4710 }, // U+014C
    { 13, 18, 236, 1, 18, 59, 4804 }, // U+014D
    { 17, 23, 311, 1, 23, 98, 4863 }, // U+014E
    { 13, 19, 236, 1, 19, 62, 4961 }, // U+014F
    { 17, 24, 311, 1, 24, 102, 5023 }, // U+0150
    { 13, 20, 236, 1, 20, 65, 5125 }, // U+0151
    { 23, 17, 397, 1, 17, 98, 5190 }, // U+0152
    { 22, 13, 379, 1, 13, 72, 5288 }, // U+0153
    { 14, 24, 252, 2, 24, 84, 5360 }, // U+0154
    { 8, 20, 154, 2, 20, 40, 5444 }, // U+0155
    { 14, 21, 252, 2, 17, 74, 5484 }, // U+0156
    { 10, 17, 154, 0, 13, 43, 5558 }, // U+0157
    { 14, 24, 252, 2, 24, 84, 5601 }, // U+0158
    { 8, 20, 154, 2, 20, 40, 5685 }, // U+0159
    { 13, 24, 213, 0, 24, 78, 5725 }, // U+015A
    { 10, 20, 178, 1, 20, 50, 5803 }, // U+015B
    { 13, 24, 213, 0, 24, 78, 5853 }, // U+015C
    { 10, 20, 178, 1, 20, 50, 5931 }, // U+015D
    { 13, 22, 213, 0, 17, 72, 5981 }, // U+015E
    { 10, 18, 178, 1, 13, 45, 6053 }, // U+015F
    { 13, 24, 213, 0, 24, 78, 6098 }, // U+0160
    { 10, 20, 178, 1, 20, 50, 6176 }, // U+0161
    { 14, 23, 226, 0, 17, 81, 6226 }, // U+0162
    { 9, 22, 161, 1, 17, 50, 6307 }, // U+0163
    { 14, 24, 226, 0, 24, 84, 6357 }, // U+0164
    { 9, 20, 161, 1, 20, 45, 6441 }, // U+0165
    { 14, 17, 226, 0, 17, 60, 6486 }, // U+0166
    { 9, 17, 161, 1, 17, 39, 6546 }, // U+0167
    { 14, 23, 275, 2, 23, 81, 6585 }, // U+0168
    { 12, 19, 230, 1, 19, 57, 6666 }, // U+0169
    { 14, 22, 275, 2, 22, 77, 6723 }, // U+016A
    { 12, 18, 230, 1, 18, 54, 6800 }, // U+016B
    { 14, 23, 275, 2, 23, 81, 6854 }, // U+016C
    { 12, 19, 230, 1, 19, 57, 6935 }, // U+016D
    { 14, 24, 275, 2, 24, 84, 6992 }, // U+016E
    { 12, 20, 230, 1, 20, 60, 7076 }, // U+016F
    { 14, 24, 275, 2, 24, 84, 7136 }, // U+0170
    { 12, 20, 230, 1, 20, 60, 7220 }, // U+0171
    { 14, 22, 275, 2, 17, 77, 7280 }, // U+0172
    { 12, 18, 230, 1, 13, 54, 7357 }, // U+0173
    { 23, 24, 372, 0, 24, 138, 7411 }, // U+0174
    { 19, 20, 311, 0, 20, 95, 7549 }, // U+0175
    { 15, 24, 239, 0, 24, 90, 7644 }, // U+0176
    { 12, 25, 199, 0, 20, 75, 7734 }, // U+0177
    { 15, 22, 239, 0, 22, 83, 7809 }, // U+0178
    { 14, 24, 229, 0, 24, 84, 7892 }, // U+0179
    { 11, 20, 188, 0, 20, 55, 7976 }, // U+017A
    { 14, 22, 229, 0, 22, 77, 8031 }, // U+017B
    { 11, 18, 188, 0, 18, 50, 8108 }, // U+017C
    { 14, 24, 229, 0, 24, 84, 8158 }, // U+017D
    { 11, 20, 188, 0, 20, 55, 8242 }, // U+017E
    { 8, 19, 109, 2, 19, 38, 8297 }, // U+017F
    { 18, 19, 311, 1, 19, 86, 0 }, // U+01A0
    { 14, 15, 236, 1, 15, 53, 86 }, // U+01A1
    { 17, 20, 284, 2, 20, 85, 139 }, // U+01AF
    { 15, 16, 239, 1, 16, 60, 224 }, // U+01B0
    { 30, 24, 516, 2, 24, 180, 284 }, // U+01C4
    { 27, 20, 475, 2, 20, 135, 464 }, // U+01C5
    { 25, 20, 426, 1, 20, 125, 599 }, // U+01C6
    { 22, 17, 407, 2, 17, 94, 724 }, // U+01C7
    { 16, 23, 310, 2, 18, 92, 818 }, // U+01C8
    { 11, 24, 212, 1, 19, 66, 910 }, // U+01C9
    { 27, 17, 491, 2, 17, 115, 976 }, // U+01CA
    { 21, 23, 394, 2, 18, 121, 1091 }, // U+01CB
    { 18, 23, 332, 2, 18, 104, 1212 }, // U+01CC
    { 17, 24, 265, 0, 24, 102, 1316 }, // U+01CD
    { 11, 20, 209, 1, 20, 55, 1418 }, // U+01CE
    { 7, 24, 108, 0, 24, 42, 1473 }, // U+01CF
    { 8, 20, 101, -1, 20, 40, 1515 }, // U+01D0
    { 17, 24, 311, 1, 24, 102, 1555 }, // U+01D1
    { 13, 20, 236, 1, 20, 65, 1657 }, // U+01D2
    { 14, 24, 275, 2, 24, 84, 1722 }, // U+01D3
    { 12, 20, 230, 1, 20, 60, 1806 }, // U+01D4
    { 14, 25, 275, 2, 25, 88, 1866 }, // U+01D5
    { 12, 21, 230, 1, 21, 63, 1954 }, // U+01D6
    { 14, 24, 275, 2, 24, 84, 2017 }, // U+01D7
    { 12, 21, 230, 1, 21, 63, 2101 }, // U+01D8
    { 14, 25, 275, 2, 25, 88, 2164 }, // U+01D9
    { 12, 22, 230, 1, 22, 66, 2252 }, // U+01DA
    { 14, 24, 275, 2, 24, 84, 2318 }, // U+01DB
    { 12, 21, 230, 1, 21, 63, 2402 }, // U+01DC
    { 12, 13, 224, 1, 13, 39, 2465 }, // U+01DD
    { 17, 25, 265, 0, 25, 107, 2504 }, // U+01DE
    { 11, 21, 209, 1, 21, 58, 2611 }, // U+01DF
    { 17, 25, 265, 0, 25, 107, 2669 }, // U+01E0
    { 11, 21, 209, 1, 21, 58, 2776 }, // U+01E1
    { 23, 22, 374, 0, 22, 127, 2834 }, // U+01E2
    { 20, 18, 344, 1, 18, 90, 2961 }, // U+01E3
    { 17, 17, 281, 1, 17, 73, 3051 }, // U+01E4
    { 14, 18, 236, 1, 13, 63, 3124 }, // U+01E5
    { 15, 24, 269, 1, 24, 90, 3187 }, // U+01E6
    { 12, 25, 231, 1, 20, 75, 3277 }, // U+01E7
    { 14, 24, 252, 2, 24, 84, 3352 }, // U+01E8
    { 12, 25, 209, 1, 25, 75, 3436 }, // U+01E9
    { 17, 22, 311, 1, 17, 94, 3511 }, // U+01EA
    { 13, 18, 236, 1, 13, 59, 3605 }, // U+01EB
    { 17, 27, 311, 1, 22, 115, 3664 }, // U+01EC
    { 13, 23, 236, 1, 18, 75, 3779 }, // U+01ED
    { 13, 24, 227, 0, 24, 78, 3854 }, // U+01EE
    { 12, 25, 188, -1, 20, 75, 3932 }, // U+01EF
    { 9, 25, 101, -2, 20, 57, 4007 }, // U+01F0
    { 30, 17, 516, 2, 17, 128, 4064 }, // U+01F1
    { 27, 17, 475, 2, 17, 115, 4192 }, // U+01F2
    { 25, 19, 426, 1, 19, 119, 4307 }, // U+01F3
    { 15, 24, 269, 1, 24, 90, 4426 }, // U+01F4
    { 12, 25, 231, 1, 20, 75, 4516 }, // U+01F5
    { 23, 17, 423, 2, 17, 98, 4591 }, // U+01F6
    { 13, 22, 257, 2, 17, 72, 4689 }, // U+01F7
    { 15, 24, 291, 2, 24, 90, 4761 }, // U+01F8
    { 11, 20, 230, 2, 20, 55, 4851 }, // U+01F9
    { 17, 23, 265, 0, 23, 98, 4906 }, // U+01FA
    { 11, 21, 209, 1, 21, 58, 5004 }, // U+01FB
    { 23, 24, 374, 0, 24, 138, 5062 }, // U+01FC
    { 20, 20, 344, 1, 20, 100, 5200 }, // U+01FD
    { 17, 25, 311, 1, 24, 107, 5300 }, // U+01FE
    { 13, 21, 236, 1, 20, 69, 5407 }, // U+01FF
    { 17, 24, 265, 0, 24, 102, 5476 }, // U+0200
    { 11, 20, 209, 1, 20, 55, 5578 }, // U+0201
    { 17, 23, 265, 0, 23, 98, 5633 }, // U+0202
    { 11, 19, 209, 1, 19, 53, 5731 }, // U+0203
    { 12, 24, 228, 2, 24, 72, 5784 }, // U+0204
    { 12, 20, 224, 1, 20, 60, 5856 }, // U+0205
    { 12, 23, 228, 2, 23, 69, 5916 }, // U+0206
    { 12, 19, 224, 1, 19, 57, 5985 }, // U+0207
    { 9, 24, 108, -2, 24, 54, 6042 }, // U+0208
    { 10, 20, 101, -3, 20, 50, 6096 }, // U+0209
    { 7, 23, 108, 0, 23, 41, 6146 }, // U+020A
    { 8, 19, 101, -1, 19, 38, 6187 }, // U+020B
    { 17, 24, 311, 1, 24, 102, 6225 }, // U+020C
    { 13, 20, 236, 1, 20, 65, 6327 }, // U+020D
    { 17, 23, 311, 1, 23, 98, 6392 }, // U+020E
    { 13, 19, 236, 1, 19, 62, 6490 }, // U+020F
    { 14, 24, 252, 2, 24, 84, 6552 }, // U+0210
    { 10, 20, 154, 0, 20, 50, 6636 }, // U+0211
    { 14, 23, 252, 2, 23, 81, 6686 }, // U+0212
    { 8, 19, 154, 2, 19, 38, 6767 }, // U+0213
    { 14, 24, 275, 2, 24, 84, 6805 }, // U+0214
    { 12, 20, 230, 1, 20, 60, 6889 }, // U+0215
    { 14, 23, 275, 2, 23, 81, 6949 }, // U+0216
    { 12, 19, 230, 1, 19, 57, 7030 }, // U+0217
    { 13, 21, 213, 0, 17, 69, 7087 }, // U+0218
    { 10, 17, 178, 1, 13, 43, 7156 }, // U+0219
    { 14, 21, 226, 0, 17, 74, 7199 }, // U+021A
    { 9, 21, 161, 1, 17, 48, 7273 }, // U+021B
    { 13, 22, 214, 0, 17, 72, 7321 }, // U+021C
    { 10, 18, 174, 0, 13, 45, 7393 }, // U+021D
    { 14, 24, 282, 2, 24, 84, 7438 }, // U+021E
    { 12, 25, 228, 1, 25, 75, 7522 }, // U+021F
    { 11, 9, 0, 2, 18, 25, 0 }, // U+0300
    { 11, 9, 0, 2, 19, 25, 25 }, // U+0301
    { 8, 2, 0, -4, 19, 4, 50 }, // U+0304
    { 5, 5, 0, 5, 22, 7, 54 }, // U+0307
    { 13, 10, 0, 1, 18, 33, 61 }, // U+030C
    { 8, 4, 150, 1, 19, 8, 94 }, // U+0311
    { 12, 24, 228, 2, 24, 72, 0 }, // U+0400
    { 12, 22, 228, 2, 22, 66, 72 }, // U+0401
    { 18, 17, 300, 0, 17, 77, 138 }, // U+0402
    { 11, 24, 204, 2, 24, 66, 215 }, // U+0403
    { 14, 17, 248, 1, 17, 60, 281 }, // U+0404
    { 13, 17, 213, 0, 17, 56, 341 }, // U+0405
    { 3, 17, 108, 2, 17, 13, 397 }, // U+0406
    { 9, 22, 108, -1, 22, 50, 410 }, // U+0407
    { 11, 17, 200, 0, 17, 47, 460 }, // U+0408
    { 26, 18, 417, 0, 17, 117, 507 }, // U+0409
    { 23, 17, 410, 2, 17, 98, 624 }, // U+040A
    { 18, 17, 300, 0, 17, 77, 722 }, // U+040B
    { 14, 24, 252, 2, 24, 84, 799 }, // U+040C
    { 15, 24, 291, 2, 24, 90, 883 }, // U+040D
    { 15, 23, 235, 0, 23, 87, 973 }, // U+040E
    { 14, 22, 280, 2, 17, 77, 1060 }, // U+040F
    { 17, 17, 265, 0, 17, 73, 1137 }, // U+0410
    { 13, 17, 248, 2, 17, 56, 1210 }, // U+0411
    { 13, 17, 257, 2, 17, 56, 1266 }, // U+0412
    { 11, 17, 204, 2, 17, 47, 1322 }, // U+0413
    { 18, 22, 289, 0, 17, 99, 1369 }, // U+0414
    { 12, 17, 228, 2, 17, 51, 1468 }, // U+0415
    { 23, 17, 362, 0, 17, 98, 1519 }, // U+0416
    { 14, 17, 229, 0, 17, 60, 1617 }, // U+0417
    { 15, 17, 291, 2, 17, 64, 1677 }, // U+0418
    { 15, 23, 291, 2, 23, 87, 1741 }, // U+0419
    { 14, 17, 252, 2, 17, 60, 1828 }, // U+041A
    { 16, 17, 283, 0, 17, 68, 1888 }, // U+041B
    { 20, 17, 348, 1, 17, 85, 1956 }, // U+041C
    { 14, 17, 282, 2, 17, 60, 2041 }, // U+041D
    { 17, 17, 311, 1, 17, 73, 2101 }, // U+041E
    { 14, 17, 280, 2, 17, 60, 2174 }, // U+041F
    { 13, 17, 243, 2, 17, 56, 2234 }, // U+0420
    { 14, 17, 248, 1, 17, 60, 2290 }, // U+0421
    { 14, 17, 226, 0, 17, 60, 2350 }, // U+0422
    { 15, 17, 235, 0, 17, 64, 2410 }, // U+0423
    { 20, 18, 346, 1, 18, 90, 2474 }, // U+0424
    { 16, 17, 252, 0, 17, 68, 2564 }, // U+0425
    { 16, 22, 287, 2, 17, 88, 2632 }, // U+0426
    { 13, 17, 252, 1, 17, 56, 2720 }, // U+0427
    { 21, 17, 393, 2, 17, 90, 2776 }, // U+0428
    { 23, 22, 401, 2, 17, 127, 2866 }, // U+0429
    { 18, 17, 290, 0, 17, 77, 2993 }, // U+042A
    { 18, 17, 342, 2, 17, 77, 3070 }, // U+042B
    { 13, 17, 246, 2, 17, 56, 3147 }, // U+042C
    { 15, 17, 248, 0, 17, 64, 3203 }, // U+042D
    { 23, 17, 412, 2, 17, 98, 3267 }, // U+042E
    { 14, 17, 254, 0, 17, 60, 3365 }, // U+042F
    { 11, 13, 209, 1, 13, 36, 3425 }, // U+0430
    { 13, 19, 238, 1, 19, 62, 3461 }, // U+0431
    { 11, 13, 219, 2, 13, 36, 3523 }, // U+0432
    { 9, 13, 167, 2, 13, 30, 3559 }, // U+0433
    { 15, 17, 241, 0, 13, 64, 3589 }, // U+0434
    { 12, 13, 224, 1, 13, 39, 3653 }, // U+0435
    { 19, 13, 305, 0, 13, 62, 3692 }, // U+0436
    { 10, 13, 196, 1, 13, 33, 3754 }, // U+0437
    { 11, 13, 239, 2, 13, 36, 3787 }, // U+0438
    { 11, 19, 239, 2, 19, 53, 3823 }, // U+0439
    { 12, 13, 215, 2, 13, 39, 3876 }, // U+043A
    { 13, 13, 239, 0, 13, 43, 3915 }, // U+043B
    { 16, 13, 292, 1, 13, 52, 3958 }, // U+043C
    { 11, 13, 234, 2, 13, 36, 4010 }, // U+043D
    { 13, 13, 236, 1, 13, 43, 4046 }, // U+043E
    { 11, 13, 231, 2, 13, 36, 4089 }, // U+043F
    { 12, 18, 236, 2, 13, 54, 4125 }, // U+0440
    { 11, 13, 186, 1, 13, 36, 4179 }, // U+0441
    { 12, 13, 185, 0, 13, 39, 4215 }, // U+0442
    { 12, 18, 199, 0, 13, 54, 4254 }, // U+0443
    { 17, 24, 306, 1, 19, 102, 4308 }, // U+0444
    { 13, 13, 204, 0, 13, 43, 4410 }, // U+0445
    { 13, 17, 234, 2, 13, 56, 4453 }, // U+0446
    { 11, 13, 213, 1, 13, 36, 4509 }, // U+0447
    { 17, 13, 329, 2, 13, 56, 4545 }, // U+0448
    { 19, 17, 334, 2, 13, 81, 4601 }, // U+0449
    { 15, 13, 239, 0, 13, 49, 4682 }, // U+044A
    { 15, 13, 303, 2, 13, 49, 4731 }, // U+044B
    { 11, 13, 211, 2, 13, 36, 4780 }, // U+044C
    { 12, 13, 199, 0, 13, 39, 4816 }, // U+044D
    { 17, 13, 324, 2, 13, 56, 4855 }, // U+044E
    { 12, 13, 219, 0, 13, 39, 4911 }, // U+044F
    { 12, 20, 224, 1, 20, 60, 4950 }, // U+0450
    { 12, 18, 224, 1, 18, 54, 5010 }, // U+0451
    { 13, 24, 228, 0, 19, 78, 5064 }, // U+0452
    { 9, 20, 167, 2, 20, 45, 5142 }, // U+0453
    { 11, 13, 199, 1, 13, 36, 5187 }, // U+0454
    { 10, 13, 178, 1, 13, 33, 5223 }, // U+0455
    { 4, 18, 101, 1, 18, 18, 5256 }, // U+0456
    { 9, 18, 101, -1, 18, 41, 5274 }, // U+0457
    { 7, 23, 101, -2, 18, 41, 5315 }, // U+0458
    { 21, 13, 345, 0, 13, 69, 5356 }, // U+0459
    { 19, 13, 340, 2, 13, 62, 5425 }, // U+045A
    { 13, 19, 228, 0, 19, 62, 5487 }, // U+045B
    { 12, 20, 215, 2, 20, 60, 5549 }, // U+045C
    { 11, 20, 239, 2, 20, 55, 5609 }, // U+045D
    { 12, 24, 199, 0, 19, 72, 5664 }, // U+045E
    { 11, 17, 230, 2, 13, 47, 5736 }, // U+045F
    { 18, 18, 290, 0, 18, 81, 5783 }, // U+0462
    { 15, 19, 239, 0, 19, 72, 5864 }, // U+0463
    { 17, 17, 311, 1, 17, 73, 5936 }, // U+0472
    { 13, 13, 236, 1, 13, 43, 6009 }, // U+0473
    { 20, 17, 301, 0, 17, 85, 6052 }, // U+0474
    { 15, 13, 226, 0, 13, 49, 6137 }, // U+0475
    { 17, 28, 298, 2, 23, 119, 6186 }, // U+048A
    { 14, 24, 243, 2, 19, 84, 6305 }, // U+048B
    { 15, 18, 252, 0, 18, 68, 6389 }, // U+048C
    { 13, 13, 210, 0, 13, 43, 6457 }, // U+048D
    { 13, 17, 243, 2, 17, 56, 6500 }, // U+048E
    { 12, 18, 236, 2, 13, 54, 6556 }, // U+048F
    { 11, 20, 204, 2, 20, 55, 6610 }, // U+0490
    { 9, 16, 171, 2, 16, 36, 6665 }, // U+0491
    { 13, 17, 209, 0, 17, 56, 6701 }, // U+0492
    { 11, 13, 170, 0, 13, 36, 6757 }, // U+0493
    { 13, 22, 250, 2, 17, 72, 6793 }, // U+0494
    { 11, 18, 218, 2, 13, 50, 6865 }, // U+0495
    { 23, 22, 368, 0, 17, 127, 6915 }, // U+0496
    { 20, 17, 310, 0, 13, 85, 7042 }, // U+0497
    { 14, 22, 229, 0, 17, 77, 7127 }, // U+0498
    { 10, 18, 196, 1, 13, 45, 7204 }, // U+0499
    { 15, 22, 262, 2, 17, 83, 7249 }, // U+049A
    { 12, 17, 218, 2, 13, 51, 7332 }, // U+049B
    { 16, 17, 283, 2, 17, 68, 7383 }, // U+049C
    { 14, 13, 248, 2, 13, 46, 7451 }, // U+049D
    { 16, 17, 256, 0, 17, 68, 7497 }, // U+049E
    { 14, 13, 222, 0, 13, 46, 7565 }, // U+049F
    { 19, 17, 296, 0, 17, 81, 7611 }, // U+04A0
    { 15, 13, 243, 0, 13, 49, 7692 }, // U+04A1
    { 16, 22, 290, 2, 17, 88, 7741 }, // U+04A2
    { 13, 17, 239, 2, 13, 56, 7829 }, // U+04A3
    { 18, 17, 326, 2, 17, 77, 7885 }, // U+04A4
    { 14, 13, 262, 2, 13, 46, 7962 }, // U+04A5
    { 23, 22, 413, 2, 17, 127, 8008 }, // U+04A6
    { 19, 18, 344, 2, 13, 86, 8135 }, // U+04A7
    { 18, 22, 314, 1, 17, 99, 8221 }, // U+04A8
    { 14, 17, 244, 1, 13, 60, 8320 }, // U+04A9
    { 14, 23, 248, 1, 17, 81, 8380 }, // U+04AA
    { 11, 19, 186, 1, 13, 53, 8461 }, // U+04AB
    { 14, 22, 226, 0, 17, 77, 8514 }, // U+04AC
    { 12, 17, 185, 0, 13, 51, 8591 }, // U+04AD
    { 15, 17, 239, 0, 17, 64, 8642 }, // U+04AE
    { 13, 18, 201, 0, 13, 59, 8706 }, // U+04AF
    { 15, 17, 239, 0, 17, 64, 8765 }, // U+04B0
    { 13, 18, 201, 0, 13, 59, 8829 }, // U+04B1
    { 17, 22, 261, 0, 17, 94, 8888 }, // U+04B2
    { 13, 17, 210, 0, 13, 56, 8982 }, // U+04B3
    { 21, 22, 338, 0, 17, 116, 9038 }, // U+04B4
    { 16, 17, 264, 0, 13, 68, 9154 }, // U+04B5
    { 15, 22, 260, 1, 17, 83, 9222 }, // U+04B6
    { 13, 17, 218, 1, 13, 56, 9305 }, // U+04B7
    { 13, 17, 255, 1, 17, 56, 9361 }, // U+04B8
    { 12, 13, 213, 0, 13, 39, 9417 }, // U+04B9
    { 13, 17, 256, 2, 17, 56, 9456 }, // U+04BA
    { 11, 19, 228, 2, 19, 53, 9512 }, // U+04BB
    { 20, 17, 334, 0, 17, 85, 9565 }, // U+04BC
    { 16, 13, 268, 0, 13, 52, 9650 }, // U+04BD
    { 20, 22, 334, 0, 17, 110, 9702 }, // U+04BE
    { 16, 17, 268, 0, 13, 68, 9812 }, // U+04BF
    { 3, 17, 108, 2, 17, 13, 9880 }, // U+04C0
    { 23, 23, 362, 0, 23, 133, 9893 }, // U+04C1
    { 19, 19, 305, 0, 19, 91, 10026 }, // U+04C2
    { 13, 22, 252, 2, 17, 72, 10117 }, // U+04C3
    { 11, 18, 218, 2, 13, 50, 10189 }, // U+04C4
    { 18, 22, 290, 0, 17, 99, 10239 }, // U+04C5
    { 16, 18, 244, 0, 13, 72, 10338 }, // U+04C6
    { 14, 22, 282, 2, 17, 77, 10410 }, // U+04C7
    { 11, 18, 234, 2, 13, 50, 10487 }, // U+04C8
    { 16, 22, 289, 2, 17, 88, 10537 }, // U+04C9
    { 13, 18, 239, 2, 13, 59, 10625 }, // U+04CA
    { 13, 22, 255, 1, 17, 72, 10684 }, // U+04CB
    { 11, 17, 213, 1, 13, 47, 10756 }, // U+04CC
    { 22, 22, 360, 1, 17, 121, 10803 }, // U+04CD
    { 18, 18, 300, 1, 13, 81, 10924 }, // U+04CE
    { 3, 17, 108, 2, 17, 13, 11005 }, // U+04CF
    { 17, 23, 265, 0, 23, 98, 11018 }, // U+04D0
    { 11, 19, 209, 1, 19, 53, 11116 }, // U+04D1
    { 17, 22, 265, 0, 22, 94, 11169 }, // U+04D2
    { 11, 18, 209, 1, 18, 50, 11263 }, // U+04D3
    { 23, 17, 374, 0, 17, 98, 11313 }, // U+04D4
    { 20, 13, 344, 1, 13, 65, 11411 }, // U+04D5
    { 12, 23, 228, 2, 23, 69, 11476 }, // U+04D6
    { 12, 19, 224, 1, 19, 57, 11545 }, // U+04D7
    { 16, 17, 282, 1, 17, 68, 11602 }, // U+04D8
    { 12, 13, 224, 1, 13, 39, 11670 }, // U+04D9
    { 16, 22, 282, 1, 22, 88, 11709 }, // U+04DA
    { 12, 18, 224, 1, 18, 54, 11797 }, // U+04DB
    { 23, 22, 362, 0, 22, 127, 11851 }, // U+04DC
    { 19, 18, 305, 0, 18, 86, 11978 }, // U+04DD
    { 14, 22, 229, 0, 22, 77, 12064 }, // U+04DE
    { 10, 18, 196, 1, 18, 45, 12141 }, // U+04DF
    { 13, 17, 227, 0, 17, 56, 12186 }, // U+04E0
    { 12, 18, 188, -1, 13, 54, 12242 }, // U+04E1
    { 15, 22, 291, 2, 22, 83, 12296 }, // U+04E2
    { 11, 18, 239, 2, 18, 50, 12379 }, // U+04E3
    { 15, 22, 291, 2, 22, 83, 12429 }, // U+04E4
    { 11, 18, 239, 2, 18, 50, 12512 }, // U+04E5
    { 17, 22, 311, 1, 22, 94, 12562 }, // U+04E6
    { 13, 18, 236, 1, 18, 59, 12656 }, // U+04E7
    { 17, 17, 311, 1, 17, 73, 12715 }, // U+04E8
    { 13, 13, 236, 1, 13, 43, 12788 }, // U+04E9
    { 17, 22, 311, 1, 22, 94, 12831 }, // U+04EA
    { 13, 18, 236, 1, 18, 59, 12925 }, // U+04EB
    { 15, 22, 248, 0, 22, 83, 12984 }, // U+04EC
    { 12, 18, 199, 0, 18, 54, 13067 }, // U+04ED
    { 15, 22, 235, 0, 22, 83, 13121 }, // U+04EE
    { 12, 23, 199, 0, 18, 69, 13204 }, // U+04EF
    { 15, 22, 235, 0, 22, 83, 13273 }, // U+04F0
    { 12, 23, 199, 0, 18, 69, 13356 }, // U+04F1
    { 15, 24, 235, 0, 24, 90, 13425 }, // U+04F2
    { 12, 25, 199, 0, 20, 75, 13515 }, // U+04F3
    { 13, 22, 252, 1, 22, 72, 13590 }, // U+04F4
    { 11, 18, 213, 1, 18, 50, 13662 }, // U+04F5
    { 11, 22, 204, 2, 17, 61, 13712 }, // U+04F6
    { 9, 17, 167, 2, 13, 39, 13773 }, // U+04F7
    { 18, 22, 342, 2, 22, 99, 13812 }, // U+04F8
    { 15, 18, 303, 2, 18, 68, 13911 }, // U+04F9
    { 16, 25, 243, 0, 19, 100, 0 }, // U+1EA0
    { 12, 20, 225, 1, 14, 60, 100 }, // U+1EA1
    { 16, 25, 243, 0, 25, 100, 160 }, // U+1EA2
    { 12, 22, 225, 1, 22, 66, 260 }, // U+1EA3
    { 16, 26, 243, 0, 26, 104, 326 }, // U+1EA4
    { 13, 23, 225, 1, 23, 75, 430 }, // U+1EA5
    { 16, 26, 243, 0, 26, 104, 505 }, // U+1EA6
    { 13, 23, 225, 0, 23, 75, 609 }, // U+1EA7
    { 16, 26, 243, 0, 26, 104, 684 }, // U+1EA8
    { 13, 23, 225, 1, 23, 75, 788 }, // U+1EA9
    { 16, 27, 243, 0, 27, 108, 863 }, // U+1EAA
    { 12, 23, 225, 1, 23, 69, 971 }, // U+1EAB
    { 16, 30, 243, 0, 24, 120, 1040 }, // U+1EAC
    { 12, 27, 225, 1, 21, 81, 1160 }, // U+1EAD
    { 16, 28, 243, 0, 28, 112, 1241 }, // U+1EAE
    { 12, 24, 225, 1, 24, 72, 1353 }, // U+1EAF
    { 16, 28, 243, 0, 28, 112, 1425 }, // U+1EB0
    { 12, 24, 225, 1, 24, 72, 1537 }, // U+1EB1
    { 16, 28, 243, 0, 28, 112, 1609 }, // U+1EB2
    { 12, 24, 225, 1, 24, 72, 1721 }, // U+1EB3
    { 16, 27, 243, 0, 27, 108, 1793 }, // U+1EB4
    { 12, 23, 225, 1, 23, 69, 1901 }, // U+1EB5
    { 16, 31, 243, 0, 25, 124, 1970 }, // U+1EB6
    { 12, 27, 225, 1, 21, 81, 2094 }, // U+1EB7
    { 12, 25, 236, 2, 19, 75, 2175 }, // U+1EB8
    { 12, 20, 222, 1, 14, 60, 2250 }, // U+1EB9
    { 12, 25, 236, 2, 25, 75, 2310 }, // U+1EBA
    { 12, 22, 222, 1, 22, 66, 2385 }, // U+1EBB
    { 12, 25, 236, 2, 25, 75, 2451 }, // U+1EBC
    { 12, 20, 222, 1, 20, 60, 2526 }, // U+1EBD
    { 13, 26, 236, 2, 26, 85, 2586 }, // U+1EBE
    { 13, 23, 222, 1, 23, 75, 2671 }, // U+1EBF
    { 12, 26, 236, 2, 26, 78, 2746 }, // U+1EC0
    { 13, 23, 222, 0, 23, 75, 2824 }, // U+1EC1
    { 12, 26, 236, 2, 26, 78, 2899 }, // U+1EC2
    { 13, 23, 222, 1, 23, 75, 2977 }, // U+1EC3
    { 12, 27, 236, 2, 27, 81, 3052 }, // U+1EC4
    { 12, 23, 222, 1, 23, 69, 3133 }, // U+1EC5
    { 12, 30, 236, 2, 24, 90, 3202 }, // U+1EC6
    { 12, 27, 222, 1, 21, 81, 3292 }, // U+1EC7
    { 5, 25, 117, 1, 25, 32, 3373 }, // U+1EC8
    { 5, 22, 110, 1, 22, 28, 3405 }, // U+1EC9
    { 4, 25, 117, 2, 19, 25, 3433 }, // U+1ECA
    { 4, 26, 110, 1, 20, 26, 3458 }, // U+1ECB
    { 17, 25, 297, 1, 19, 107, 3484 }, // U+1ECC
    { 13, 20, 242, 1, 14, 65, 3591 }, // U+1ECD
    { 17, 25, 297, 1, 25, 107, 3656 }, // U+1ECE
    { 13, 22, 242, 1, 22, 72, 3763 }, // U+1ECF
    { 17, 26, 297, 1, 26, 111, 3835 }, // U+1ED0
    { 14, 23, 242, 1, 23, 81, 3946 }, // U+1ED1
    { 17, 26, 297, 1, 26, 111, 4027 }, // U+1ED2
    { 14, 23, 242, 0, 23, 81, 4138 }, // U+1ED3
    { 17, 26, 297, 1, 26, 111, 4219 }, // U+1ED4
    { 13, 23, 242, 1, 23, 75, 4330 }, // U+1ED5
    { 17, 27, 297, 1, 27, 115, 4405 }, // U+1ED6
    { 13, 23, 242, 1, 23, 75, 4520 }, // U+1ED7
    { 17, 30, 297, 1, 24, 128, 4595 }, // U+1ED8
    { 13, 27, 242, 1, 21, 88, 4723 }, // U+1ED9
    { 17, 25, 297, 1, 25, 107, 4811 }, // U+1EDA
    { 14, 23, 242, 1, 23, 81, 4918 }, // U+1EDB
    { 17, 25, 297, 1, 25, 107, 4999 }, // U+1EDC
    { 14, 23, 242, 1, 23, 81, 5106 }, // U+1EDD
    { 17, 25, 297, 1, 25, 107, 5187 }, // U+1EDE
    { 14, 22, 242, 1, 22, 77, 5294 }, // U+1EDF
    { 17, 24, 297, 1, 24, 102, 5371 }, // U+1EE0
    { 14, 21, 242, 1, 21, 74, 5473 }, // U+1EE1
    { 17, 29, 297, 1, 23, 124, 5547 }, // U+1EE2
    { 14, 25, 242, 1, 19, 88, 5671 }, // U+1EE3
    { 14, 25, 288, 2, 19, 88, 5759 }, // U+1EE4
    { 11, 20, 243, 2, 14, 55, 5847 }, // U+1EE5
    { 14, 25, 288, 2, 25, 88, 5902 }, // U+1EE6
    { 11, 22, 243, 2, 22, 61, 5990 }, // U+1EE7
    { 17, 25, 294, 2, 25, 107, 6051 }, // U+1EE8
    { 14, 23, 243, 2, 23, 81, 6158 }, // U+1EE9
    { 17, 25, 294, 2, 25, 107, 6239 }, // U+1EEA
    { 14, 23, 243, 2, 23, 81, 6346 }, // U+1EEB
    { 17, 25, 294, 2, 25, 107, 6427 }, // U+1EEC
    { 14, 22, 243, 2, 22, 77, 6534 }, // U+1EED
    { 17, 25, 294, 2, 25, 107, 6611 }, // U+1EEE
    { 14, 21, 243, 2, 21, 74, 6718 }, // U+1EEF
    { 17, 30, 294, 2, 24, 128, 6792 }, // U+1EF0
    { 14, 25, 243, 2, 19, 88, 6920 }, // U+1EF1
    { 15, 24, 239, 0, 24, 90, 7008 }, // U+1EF2
    { 12, 26, 199, 0, 21, 78, 7098 }, // U+1EF3
    { 15, 25, 212, -1, 19, 94, 7176 }, // U+1EF4
    { 13, 20, 208, 0, 14, 65, 7270 }, // U+1EF5
    { 15, 25, 212, -1, 25, 94, 7335 }, // U+1EF6
    { 13, 28, 208, 0, 22, 91, 7429 }, // U+1EF7
    { 15, 25, 212, -1, 25, 94, 7520 }, // U+1EF8
    { 13, 27, 208, 0, 21, 88, 7614 }, // U+1EF9
    { 0, 0, 200, 0, 0, 0, 0 }, // U+2002
    { 0, 0, 400, 0, 0, 0, 0 }, // U+2003
    { 7, 2, 400, 9, 11, 4, 0 }, // U+2010
    { 7, 2, 139, 1, 8, 4, 4 }, // U+2011
    { 12, 2, 214, 1, 8, 6, 8 }, // U+2012
    { 14, 2, 198, -1, 9, 7, 14 }, // U+2013
    { 26, 2, 398, -1, 9, 13, 21 }, // U+2014
    { 26, 2, 398, -1, 9, 13, 34 }, // U+2015
    { 5, 25, 400, 10, 22, 32, 47 }, // U+2016
    { 5, 6, 94, 1, 19, 8, 79 }, // U+2018
    { 5, 6, 94, 0, 19, 8, 87 }, // U+2019
    { 5, 6, 94, 0, 3, 8, 95 }, // U+201A
    { 9, 6, 167, 1, 19, 14, 103 }, // U+201C
    { 9, 6, 167, 0, 19, 14, 117 }, // U+201D
    { 9, 6, 167, 0, 3, 14, 131 }, // U+201E
    { 11, 21, 190, 0, 17, 58, 145 }, // U+2020
    { 11, 21, 190, 0, 17, 58, 203 }, // U+2021
    { 7, 6, 144, 1, 12, 11, 261 }, // U+2022
    { 17, 4, 400, 4, 12, 17, 272 }, // U+2025
    { 21, 3, 398, 2, 3, 16, 289 }, // U+2026
    { 7, 6, 400, 9, 13, 11, 305 }, // U+2027
    { 29, 17, 491, 1, 17, 124, 316 }, // U+2030
    { 4, 7, 111, 2, 19, 7, 440 }, // U+2032
    { 9, 7, 190, 2, 19, 16, 447 }, // U+2033
    { 6, 4, 400, 8, 24, 6, 463 }, // U+2035
    { 7, 11, 116, 0, 13, 20, 469 }, // U+2039
    { 6, 11, 116, 1, 13, 17, 489 }, // U+203A
    { 19, 19, 400, 3, 19, 91, 506 }, // U+203B
    { 11, 20, 245, 2, 20, 55, 597 }, // U+203C
    { 21, 21, 400, 2, 20, 111, 652 }, // U+2042
    { 13, 17, 59, -5, 17, 56, 763 }, // U+2044
    { 21, 19, 364, 1, 19, 100, 819 }, // U+2047
    { 16, 19, 303, 1, 19, 76, 919 }, // U+2048
    { 16, 19, 303, 2, 19, 76, 995 }, // U+2049
    { 11, 22, 400, 7, 21, 61, 1071 }, // U+2051
    { 9, 10, 144, 0, 18, 23, 0 }, // U+2070
    { 9, 10, 144, 0, 18, 23, 23 }, // U+2074
    { 7, 10, 144, 1, 18, 18, 46 }, // U+2075
    { 9, 10, 144, 0, 18, 23, 64 }, // U+2076
    { 9, 10, 144, 0, 18, 23, 87 }, // U+2077
    { 9, 10, 144, 0, 18, 23, 110 }, // U+2078
    { 9, 10, 144, 0, 18, 23, 133 }, // U+2079
    { 9, 10, 144, 0, 10, 23, 156 }, // U+2080
    { 5, 10, 144, 1, 10, 13, 179 }, // U+2081
    { 8, 10, 144, 0, 10, 20, 192 }, // U+2082
    { 8, 10, 144, 0, 10, 20, 212 }, // U+2083
    { 9, 10, 144, 0, 10, 23, 232 }, // U+2084
    { 7, 10, 144, 1, 10, 18, 255 }, // U+2085
    { 9, 10, 144, 0, 10, 23, 273 }, // U+2086
    { 9, 10, 144, 0, 10, 23, 296 }, // U+2087
    { 9, 10, 144, 0, 10, 23, 319 }, // U+2088
    { 9, 10, 144, 0, 10, 23, 342 }, // U+2089
    { 16, 18, 222, -1, 18, 72, 0 }, // U+20A9
    { 13, 19, 222, 1, 19, 62, 72 }, // U+20AB
    { 13, 17, 226, 1, 17, 56, 134 }, // U+20AC
    { 13, 17, 226, 1, 17, 56, 190 }, // U+20AE
    { 14, 17, 226, 0, 17, 60, 246 }, // U+20B4
    { 13, 17, 226, 1, 17, 56, 306 }, // U+20B9
    { 24, 13, 400, 0, 16, 78, 0 }, // U+2190
    { 13, 24, 400, 6, 22, 78, 78 }, // U+2191
    { 25, 13, 400, 0, 16, 82, 156 }, // U+2192
    { 13, 24, 400, 6, 21, 78, 238 }, // U+2193
    { 25, 13, 400, 0, 16, 82, 316 }, // U+2194
    { 13, 24, 400, 6, 22, 78, 398 }, // U+2195
    { 18, 19, 400, 4, 19, 86, 476 }, // U+2196
    { 18, 19, 400, 3, 19, 86, 562 }, // U+2197
    { 18, 19, 400, 3, 19, 86, 648 }, // U+2198
    { 18, 19, 400, 4, 19, 86, 734 }, // U+2199
    { 23, 22, 400, 1, 22, 127, 820 }, // U+21B8
    { 25, 25, 400, 0, 22, 157, 947 }, // U+21B9
    { 25, 25, 400, 0, 22, 157, 1104 }, // U+21C4
    { 23, 24, 400, 1, 22, 138, 1261 }, // U+21C5
    { 25, 25, 400, 0, 22, 157, 1399 }, // U+21C6
    { 25, 23, 400, 0, 21, 144, 1556 }, // U+21CB
    { 25, 23, 400, 0, 21, 144, 1700 }, // U+21CC
    { 24, 19, 400, 0, 19, 114, 1844 }, // U+21D0
    { 25, 18, 400, 0, 18, 113, 1958 }, // U+21D2
    { 25, 18, 400, 0, 18, 113, 2071 }, // U+21D4
    { 24, 19, 400, 0, 19, 114, 2184 }, // U+21E6
    { 19, 24, 400, 3, 22, 114, 2298 }, // U+21E7
    { 24, 19, 400, 1, 19, 114, 2412 }, // U+21E8
    { 19, 24, 400, 3, 21, 114, 2526 }, // U+21E9
    { 23, 24, 400, 1, 22, 138, 2640 }, // U+21F5
    { 21, 21, 400, 2, 20, 111, 0 }, // U+2200
    { 13, 19, 234, 1, 19, 62, 111 }, // U+2202
    { 16, 19, 400, 4, 19, 76, 173 }, // U+2203
    { 19, 19, 400, 3, 19, 91, 249 }, // U+2205
    { 17, 17, 260, 0, 17, 73, 340 }, // U+2206
    { 19, 19, 400, 3, 18, 91, 413 }, // U+2207
    { 19, 17, 400, 3, 18, 81, 504 }, // U+2208
    { 19, 23, 400, 3, 21, 110, 585 }, // U+2209
    { 13, 15, 400, 6, 14, 49, 695 }, // U+220A
    { 19, 17, 400, 3, 18, 81, 744 }, // U+220B
    { 14, 20, 279, 2, 17, 70, 825 }, // U+220F
    { 13, 20, 206, 0, 17, 65, 895 }, // U+2211
    { 12, 2, 226, 1, 8, 6, 960 }, // U+2212
    { 19, 21, 400, 3, 19, 100, 966 }, // U+2213
    { 13, 17, 59, -5, 17, 56, 1066 }, // U+2215
    { 4, 3, 98, 1, 9, 3, 1122 }, // U+2219
    { 15, 20, 226, 0, 20, 75, 1125 }, // U+221A
    { 22, 11, 400, 0, 15, 61, 1200 }, // U+221D
    { 14, 7, 235, 0, 11, 25, 1261 }, // U+221E
    { 18, 20, 400, 4, 20, 90, 1286 }, // U+221F
    { 20, 18, 400, 2, 18, 90, 1376 }, // U+2220
    { 3, 19, 400, 11, 19, 15, 1466 }, // U+2223
    { 15, 20, 400, 5, 19, 75, 1481 }, // U+2225
    { 15, 20, 400, 5, 19, 75, 1556 }, // U+2226
    { 21, 20, 400, 2, 20, 105, 1631 }, // U+2227
    { 21, 20, 400, 2, 19, 105, 1736 }, // U+2228
    { 17, 20, 400, 4, 19, 85, 1841 }, // U+2229
    { 17, 20, 400, 4, 20, 85, 1926 }, // U+222A
    { 10, 24, 148, 0, 19, 60, 2011 }, // U+222B
    { 19, 25, 400, 3, 22, 119, 2071 }, // U+222C
    { 23, 25, 400, 1, 22, 144, 2190 }, // U+222D
    { 11, 25, 400, 7, 22, 69, 2334 }, // U+222E
    { 17, 17, 400, 4, 18, 73, 2403 }, // U+2234
    { 17, 17, 400, 4, 18, 73, 2476 }, // U+2235
    { 5, 17, 400, 10, 18, 22, 2549 }, // U+2236
    { 17, 17, 400, 4, 18, 73, 2571 }, // U+2237
    { 25, 11, 400, 0, 15, 69, 2644 }, // U+223D
    { 19, 10, 400, 3, 15, 48, 2713 }, // U+2243
    { 19, 12, 400, 3, 15, 57, 2761 }, // U+2245
    { 12, 10, 226, 1, 13, 30, 2818 }, // U+2248
    { 25, 19, 400, 0, 19, 119, 2848 }, // U+224C
    { 12, 13, 226, 1, 14, 39, 2967 }, // U+2260
    { 19, 13, 400, 3, 16, 62, 3006 }, // U+2261
    { 19, 19, 400, 3, 19, 91, 3068 }, // U+2262
    { 12, 15, 226, 1, 15, 45, 3159 }, // U+2264
    { 12, 15, 226, 1, 15, 45, 3204 }, // U+2265
    { 21, 24, 400, 2, 22, 126, 3249 }, // U+2266
    { 21, 24, 400, 2, 22, 126, 3375 }, // U+2267
    { 23, 20, 400, 1, 19, 115, 3501 }, // U+226A
    { 23, 20, 400, 1, 19, 115, 3616 }, // U+226B
    { 21, 21, 400, 2, 20, 111, 3731 }, // U+226E
    { 21, 21, 400, 2, 20, 111, 3842 }, // U+226F
    { 21, 23, 400, 2, 21, 121, 3953 }, // U+2272
    { 21, 23, 400, 2, 21, 121, 4074 }, // U+2273
    { 21, 24, 400, 2, 21, 126, 4195 }, // U+2276
    { 21, 24, 400, 2, 21, 126, 4321 }, // U+2277
    { 19, 17, 400, 3, 18, 81, 4447 }, // U+2282
    { 19, 17, 400, 3, 18, 81, 4528 }, // U+2283
    { 19, 22, 400, 3, 20, 105, 4609 }, // U+2284
    { 19, 22, 400, 3, 20, 105, 4714 }, // U+2285
    { 19, 21, 400, 3, 20, 100, 4819 }, // U+2286
    { 19, 21, 400, 3, 20, 100, 4919 }, // U+2287
    { 19, 23, 400, 3, 20, 110, 5019 }, // U+228A
    { 19, 23, 400, 3, 20, 110, 5129 }, // U+228B
    { 19, 19, 400, 3, 19, 91, 5239 }, // U+2295
    { 19, 19, 400, 3, 19, 91, 5330 }, // U+2296
    { 19, 19, 400, 3, 19, 91, 5421 }, // U+2297
    { 19, 19, 400, 3, 19, 91, 5512 }, // U+2298
    { 19, 19, 400, 3, 19, 91, 5603 }, // U+2299
    { 21, 21, 400, 2, 20, 111, 5694 }, // U+22A0
    { 21, 19, 400, 2, 19, 100, 5805 }, // U+22A5
    { 20, 20, 400, 2, 20, 100, 5905 }, // U+22BF
    { 20, 25, 400, 2, 22, 125, 6005 }, // U+22DA
    { 20, 25, 400, 3, 22, 125, 6130 }, // U+22DB
    { 21, 4, 400, 2, 12, 21, 6255 }, // U+22EF
    { 18, 20, 400, 4, 18, 90, 0 }, // U+3041
    { 21, 23, 400, 2, 21, 121, 90 }, // U+3042
    { 18, 16, 400, 4, 15, 72, 211 }, // U+3043
    { 20, 19, 400, 3, 18, 95, 283 }, // U+3044
    { 15, 19, 400, 5, 17, 72, 378 }, // U+3045
    { 17, 23, 400, 4, 21, 98, 450 }, // U+3046
    { 18, 19, 400, 4, 17, 86, 548 }, // U+3047
    { 21, 23, 400, 2, 21, 121, 634 }, // U+3048
    { 19, 18, 400, 4, 16, 86, 755 }, // U+3049
    { 22, 23, 400, 2, 21, 127, 841 }, // U+304A
    { 24, 23, 400, 1, 21, 138, 968 }, // U+304B
    { 24, 24, 400, 1, 22, 144, 1106 }, // U+304C
    { 19, 23, 400, 3, 21, 110, 1250 }, // U+304D
    { 22, 24, 400, 2, 22, 132, 1360 }, // U+304E
    { 15, 22, 400, 4, 20, 83, 1492 }, // U+304F
    { 18, 22, 400, 4, 20, 99, 1575 }, // U+3050
    { 22, 22, 400, 2, 20, 121, 1674 }, // U+3051
    { 23, 24, 400, 2, 21, 138, 1795 }, // U+3052
    { 17, 19, 400, 4, 18, 81, 1933 }, // U+3053
    { 22, 24, 400, 3, 22, 132, 2014 }, // U+3054
    { 19, 22, 400, 3, 21, 105, 2146 }, // U+3055
    { 22, 25, 400, 3, 23, 138, 2251 }, // U+3056
    { 18, 22, 400, 5, 20, 99, 2389 }, // U+3057
    { 18, 22, 400, 5, 20, 99, 2488 }, // U+3058
    { 22, 23, 400, 2, 21, 127, 2587 }, // U+3059
    { 23, 25, 400, 1, 22, 144, 2714 }, // U+305A
    { 23, 21, 400, 1, 20, 121, 2858 }, // U+305B
    { 25, 22, 400, 0, 21, 138, 2979 }, // U+305C
    { 20, 22, 400, 2, 20, 110, 3117 }, // U+305D
    { 22, 22, 400, 1, 20, 121, 3227 }, // U+305E
    { 21, 23, 400, 2, 21, 121, 3348 }, // U+305F
    { 23, 22, 400, 1, 20, 127, 3469 }, // U+3060
    { 20, 22, 400, 2, 20, 110, 3596 }, // U+3061
    { 24, 25, 400, 1, 22, 150, 3706 }, // U+3062
    { 19, 14, 400, 3, 13, 67, 3856 }, // U+3063
    { 22, 17, 400, 1, 17, 94, 3923 }, // U+3064
    { 23, 23, 400, 1, 22, 133, 4017 }, // U+3065
    { 21, 21, 400, 2, 19, 111, 4150 }, // U+3066
    { 23, 20, 400, 1, 18, 115, 4261 }, // U+3067
    { 17, 21, 400, 5, 20, 90, 4376 }, // U+3068
    { 21, 22, 400, 4, 21, 116, 4466 }, // U+3069
    { 22, 23, 400, 2, 21, 127, 4582 }, // U+306A
    { 20, 22, 400, 3, 20, 110, 4709 }, // U+306B
    { 24, 22, 400, 1, 21, 132, 4819 }, // U+306C
    { 24, 23, 400, 1, 21, 138, 4951 }, // U+306D
    { 21, 20, 400, 2, 18, 105, 5089 }, // U+306E
    { 22, 22, 400, 2, 20, 121, 5194 }, // U+306F
    { 23, 24, 400, 2, 22, 138, 5315 }, // U+3070
    { 23, 24, 400, 2, 22, 138, 5453 }, // U+3071
    { 22, 21, 400, 2, 19, 116, 5591 }, // U+3072
    { 23, 24, 400, 2, 21, 138, 5707 }, // U+3073
    { 23, 24, 400, 2, 21, 138, 5845 }, // U+3074
    { 24, 21, 400, 1, 20, 126, 5983 }, // U+3075
    { 24, 21, 400, 0, 20, 126, 6109 }, // U+3076
    { 24, 21, 400, 0, 20, 126, 6235 }, // U+3077
    { 23, 17, 400, 1, 17, 98, 6361 }, // U+3078
    { 23, 19, 400, 1, 19, 110, 6459 }, // U+3079
    { 23, 19, 400, 1, 19, 110, 6569 }, // U+307A
    { 22, 22, 400, 2, 20, 121, 6679 }, // U+307B
    { 23, 23, 400, 2, 21, 133, 6800 }, // U+307C
    { 23, 24, 400, 2, 22, 138, 6933 }, // U+307D
    { 18, 22, 400, 4, 20, 99, 7071 }, // U+307E
    { 23, 22, 400, 1, 20, 127, 7170 }, // U+307F
    { 22, 23, 400, 2, 21, 127, 7297 }, // U+3080
    { 21, 22, 400, 2, 20, 116, 7424 }, // U+3081
    { 20, 23, 400, 2, 21, 115, 7540 }, // U+3082
    { 19, 20, 400, 2, 17, 95, 7655 }, // U+3083
    { 22, 23, 400, 1, 21, 127, 7750 }, // U+3084
    { 18, 19, 400, 4, 16, 86, 7877 }, // U+3085
    { 20, 24, 400, 3, 21, 120, 7963 }, // U+3086
    { 16, 18, 400, 4, 16, 72, 8083 }, // U+3087
    { 19, 22, 400, 3, 20, 105, 8155 }, // U+3088
    { 18, 22, 400, 4, 20, 99, 8260 }, // U+3089
    { 15, 23, 400, 5, 21, 87, 8359 }, // U+308A
    { 20, 22, 400, 2, 20, 110, 8446 }, // U+308B
    { 24, 23, 400, 1, 21, 138, 8556 }, // U+308C
    { 20, 22, 400, 2, 19, 110, 8694 }, // U+308D
    { 19, 19, 400, 3, 17, 91, 8804 }, // U+308E
    { 23, 23, 400, 1, 21, 133, 8895 }, // U+308F
    { 21, 22, 400, 2, 20, 116, 9028 }, // U+3090
    { 23, 22, 400, 1, 20, 127, 9144 }, // U+3091
    { 21, 23, 400, 2, 21, 121, 9271 }, // U+3092
    { 23, 22, 400, 1, 20, 127, 9392 }, // U+3093
    { 21, 23, 400, 3, 21, 121, 9519 }, // U+3094
    { 19, 18, 400, 4, 16, 86, 9640 }, // U+3095
    { 18, 19, 400, 4, 16, 86, 9726 }, // U+3096
    { 7, 6, 0, -7, 23, 11, 9812 }, // U+3099
    { 6, 7, 0, -6, 23, 11, 9823 }, // U+309A
    { 8, 6, 400, 0, 21, 12, 9834 }, // U+309B
    { 7, 6, 400, 0, 21, 11, 9846 }, // U+309C
    { 11, 15, 400, 8, 16, 42, 9857 }, // U+309D
    { 14, 18, 400, 7, 19, 63, 9899 }, // U+309E
    { 21, 24, 400, 1, 22, 126, 9962 }, // U+309F
    { 11, 5, 400, 7, 12, 14, 10088 }, // U+30A0
    { 18, 17, 400, 4, 14, 77, 10102 }, // U+30A1
    { 21, 21, 400, 3, 19, 111, 10179 }, // U+30A2
    { 17, 18, 400, 3, 16, 77, 10290 }, // U+30A3
    { 20, 21, 400, 2, 20, 105, 10367 }, // U+30A4
    { 17, 19, 400, 4, 16, 81, 10472 }, // U+30A5
    { 20, 23, 400, 3, 21, 115, 10553 }, // U+30A6
    { 19, 15, 400, 3, 14, 72, 10668 }, // U+30A7
    { 21, 18, 400, 2, 18, 95, 10740 }, // U+30A8
    { 18, 18, 400, 4, 16, 81, 10835 }, // U+30A9
    { 21, 21, 400, 2, 20, 111, 10916 }, // U+30AA
    { 20, 22, 400, 2, 20, 110, 11027 }, // U+30AB
    { 22, 24, 400, 2, 22, 132, 11137 }, // U+30AC
    { 21, 21, 400, 2, 20, 111, 11269 }, // U+30AD
    { 22, 23, 400, 2, 21, 127, 11380 }, // U+30AE
    { 20, 23, 400, 2, 21, 115, 11507 }, // U+30AF
    { 23, 25, 400, 1, 22, 144, 11622 }, // U+30B0
    { 22, 23, 400, 1, 21, 127, 11766 }, // U+30B1
    { 23, 24, 400, 1, 22, 138, 11893 }, // U+30B2
    { 19, 19, 400, 3, 18, 91, 12031 }, // U+30B3
    { 21, 24, 400, 3, 22, 126, 12122 }, // U+30B4
    { 23, 22, 400, 1, 20, 127, 12248 }, // U+30B5
    { 23, 24, 400, 1, 21, 138, 12375 }, // U+30B6
    { 21, 20, 400, 2, 19, 105, 12513 }, // U+30B7
    { 22, 21, 400, 2, 20, 116, 12618 }, // U+30B8
    { 21, 21, 400, 2, 19, 111, 12734 }, // U+30B9
    { 23, 24, 400, 1, 22, 138, 12845 }, // U+30BA
    { 22, 21, 400, 1, 20, 116, 12983 }, // U+30BB
    { 23, 23, 400, 1, 22, 133, 13099 }, // U+30BC
    { 19, 19, 400, 3, 18, 91, 13232 }, // U+30BD
    { 22, 23, 400, 2, 22, 127, 13323 }, // U+30BE
    { 20, 23, 400, 2, 21, 115, 13450 }, // U+30BF
    { 23, 25, 400, 1, 22, 144, 13565 }, // U+30C0
    { 21, 22, 400, 2, 20, 116, 13709 }, // U+30C1
    { 23, 22, 400, 1, 20, 127, 13825 }, // U+30C2
    { 18, 17, 400, 4, 15, 77, 13952 }, // U+30C3
    { 21, 20, 400, 2, 19, 105, 14029 }, // U+30C4
    { 23, 23, 400, 1, 21, 133, 14134 }, // U+30C5
    { 21, 21, 400, 2, 19, 111, 14267 }, // U+30C6
    { 23, 24, 400, 2, 22, 138, 14378 }, // U+30C7
    { 14, 21, 400, 8, 20, 74, 14516 }, // U+30C8
    { 15, 21, 400, 7, 20, 79, 14590 }, // U+30C9
    { 22, 22, 400, 2, 20, 121, 14669 }, // U+30CA
    { 21, 17, 400, 2, 17, 90, 14790 }, // U+30CB
    { 18, 21, 400, 3, 19, 95, 14880 }, // U+30CC
    { 23, 23, 400, 1, 21, 133, 14975 }, // U+30CD
    { 18, 20, 400, 3, 19, 90, 15108 }, // U+30CE
    { 23, 18, 400, 1, 18, 104, 15198 }, // U+30CF
    { 23, 21, 400, 1, 21, 121, 15302 }, // U+30D0
    { 24, 22, 400, 1, 21, 132, 15423 }, // U+30D1
    { 17, 20, 400, 5, 20, 85, 15555 }, // U+30D2
    { 20, 23, 400, 4, 22, 115, 15640 }, // U+30D3
    { 20, 22, 400, 4, 21, 110, 15755 }, // U+30D4
    { 19, 20, 400, 3, 19, 95, 15865 }, // U+30D5
    { 22, 24, 400, 3, 22, 132, 15960 }, // U+30D6
    { 22, 24, 400, 3, 22, 132, 16092 }, // U+30D7
    { 23, 17, 400, 1, 17, 98, 16224 }, // U+30D8
    { 23, 19, 400, 1, 19, 110, 16322 }, // U+30D9
    { 23, 19, 400, 1, 19, 110, 16432 }, // U+30DA
    { 22, 22, 400, 2, 21, 121, 16542 }, // U+30DB
    { 23, 23, 400, 1, 21, 133, 16663 }, // U+30DC
    { 23, 24, 400, 1, 22, 138, 16796 }, // U+30DD
    { 22, 20, 400, 2, 18, 110, 16934 }, // U+30DE
    { 18, 20, 400, 3, 19, 90, 17044 }, // U+30DF
    { 23, 22, 400, 1, 20, 127, 17134 }, // U+30E0
    { 20, 20, 400, 2, 19, 100, 17261 }, // U+30E1
    { 21, 20, 400, 2, 19, 105, 17361 }, // U+30E2
    { 19, 18, 400, 3, 15, 86, 17466 }, // U+30E3
    { 22, 21, 400, 1, 20, 116, 17552 }, // U+30E4
    { 19, 15, 400, 3, 14, 72, 17668 }, // U+30E5
    { 23, 18, 400, 1, 18, 104, 17740 }, // U+30E6
    { 15, 16, 400, 5, 14, 60, 17844 }, // U+30E7
    { 18, 21, 400, 3, 19, 95, 17904 }, // U+30E8
    { 19, 21, 400, 3, 19, 100, 17999 }, // U+30E9
    { 15, 20, 400, 5, 19, 75, 18099 }, // U+30EA
    { 23, 20, 400, 1, 19, 115, 18174 }, // U+30EB
    { 18, 20, 400, 5, 19, 90, 18289 }, // U+30EC
    { 19, 19, 400, 3, 18, 91, 18379 }, // U+30ED
    { 17, 17, 400, 4, 14, 73, 18470 }, // U+30EE
    { 19, 21, 400, 3, 19, 100, 18543 }, // U+30EF
    { 21, 22, 400, 2, 20, 116, 18643 }, // U+30F0
    { 22, 18, 400, 2, 18, 99, 18759 }, // U+30F1
    { 18, 21, 400, 4, 19, 95, 18858 }, // U+30F2
    { 21, 19, 400, 3, 18, 100, 18953 }, // U+30F3
    { 22, 24, 400, 2, 22, 132, 19053 }, // U+30F4
    { 16, 19, 400, 4, 16, 76, 19185 }, // U+30F5
    { 19, 19, 400, 3, 16, 91, 19261 }, // U+30F6
    { 22, 24, 400, 2, 22, 132, 19352 }, // U+30F7
    { 23, 24, 400, 1, 22, 138, 19484 }, // U+30F8
    { 23, 23, 400, 1, 22, 133, 19622 }, // U+30F9
    { 21, 25, 400, 3, 22, 132, 19755 }, // U+30FA
    { 7, 6, 400, 9, 13, 11, 19887 }, // U+30FB
    { 21, 4, 400, 2, 12, 21, 19898 }, // U+30FC
    { 12, 12, 400, 7, 15, 36, 19919 }, // U+30FD
    { 15, 16, 400, 6, 18, 60, 19955 }, // U+30FE
    { 16, 22, 400, 4, 20, 88, 20015 }, // U+30FF
    { 23, 3, 400, 1, 11, 18, 20103 }, // U+4E00
    { 23, 23, 400, 1, 22, 133, 20121 }, // U+4E0A
    { 23, 23, 400, 1, 20, 133, 20254 }, // U+4E0B
    { 23, 23, 400, 1, 20, 133, 20387 }, // U+4E21
    { 21, 25, 400, 2, 22, 132, 20520 }, // U+4E2D
    { 21, 22, 400, 2, 20, 116, 20652 }, // U+4E86
    { 25, 25, 400, 0, 22, 157, 20768 }, // U+4ED6
    { 24, 25, 400, 0, 22, 150, 20925 }, // U+4ED8
    { 24, 25, 400, 0, 22, 150, 21075 }, // U+4EF6
    { 25, 24, 400, 0, 22, 150, 21225 }, // U+4F4D
    { 25, 25, 400, 0, 22, 157, 21375 }, // U+4F53
    { 25, 25, 400, 0, 22, 157, 21532 }, // U+4F59
    { 25, 25, 400, 0, 22, 157, 21689 }, // U+4F5C
    { 25, 25, 400, 0, 22, 157, 21846 }, // U+4F7F
    { 25, 25, 400, 0, 22, 157, 22003 }, // U+4FDD
    { 25, 25, 400, 0, 22, 157, 22160 }, // U+4FE1
    { 25, 25, 400, 0, 22, 157, 22317 }, // U+4FEE
    { 25, 25, 400, 0, 22, 157, 22474 }, // U+50CF
    { 23, 22, 400, 1, 19, 127, 22631 }, // U+5143
    { 23, 25, 400, 1, 22, 144, 22758 }, // U+5148
    { 24, 25, 400, 0, 22, 150, 22902 }, // U+5149
    { 25, 23, 400, 0, 20, 144, 23052 }, // U+5165
    { 25, 24, 400, 0, 22, 150, 23196 }, // U+5168
    { 21, 25, 400, 2, 22, 132, 23346 }, // U+5185
    { 25, 23, 400, 0, 20, 144, 23478 }, // U+518D
    { 21, 25, 400, 2, 22, 132, 23622 }, // U+51FA
    { 25, 25, 400, 0, 22, 157, 23754 }, // U+5206
    { 24, 24, 400, 0, 21, 144, 23911 }, // U+5207
    { 23, 25, 400, 0, 22, 144, 24055 }, // U+523B
    { 22, 25, 400, 1, 22, 138, 24199 }, // U+524A
    { 23, 25, 400, 1, 22, 144, 24337 }, // U+524D
    { 23, 25, 400, 1, 22, 144, 24481 }, // U+5272
    { 22, 25, 400, 1, 22, 138, 24625 }, // U+529B
    { 24, 25, 400, 0, 22, 150, 24763 }, // U+529F
    { 23, 25, 400, 0, 22, 144, 24913 }, // U+52A0
    { 23, 25, 400, 1, 22, 144, 25057 }, // U+52D5
    { 25, 25, 400, 0, 22, 157, 25201 }, // U+5316
    { 25, 23, 400, 0, 20, 144, 25358 }, // U+539F
    { 23, 25, 400, 1, 22, 144, 25502 }, // U+53BB
    { 25, 25, 400, 0, 22, 157, 25646 }, // U+53C2
    { 23, 23, 400, 1, 20, 133, 25803 }, // U+53CD
    { 25, 23, 400, 0, 20, 144, 25936 }, // U+53D6
    { 23, 25, 400, 1, 22, 144, 26080 }, // U+53D7
    { 23, 22, 400, 1, 20, 127, 26224 }, // U+53EF
    { 24, 25, 400, 0, 22, 150, 26351 }, // U+53F3
    { 23, 24, 400, 1, 21, 138, 26501 }, // U+53F7
    { 25, 25, 400, 0, 22, 157, 26639 }, // U+5404
    { 25, 25, 400, 0, 22, 157, 26796 }, // U+5408
    { 21, 23, 400, 2, 20, 121, 26953 }, // U+540C
    { 23, 25, 400, 0, 22, 144, 27074 }, // U+540D
    { 21, 24, 400, 2, 22, 126, 27218 }, // U+5411
    { 23, 25, 400, 1, 22, 144, 27344 }, // U+544A
    { 21, 23, 400, 2, 20, 121, 27488 }, // U+56DE
    { 22, 23, 400, 2, 20, 127, 27609 }, // U+56E0
    { 21, 23, 400, 2, 20, 121, 27736 }, // U+56F2
    { 24, 25, 400, 0, 22, 150, 27857 }, // U+5728
    { 25, 24, 400, 0, 22, 150, 28007 }, // U+57CB
    { 24, 25, 400, 1, 22, 150, 28157 }, // U+5831
    { 25, 25, 400, 0, 22, 157, 28307 }, // U+5916
    { 23, 25, 400, 1, 22, 144, 28464 }, // U+5927
    { 25, 25, 400, 0, 22, 157, 28608 }, // U+592A
    { 24, 25, 400, 1, 22, 150, 28765 }, // U+592E
    { 24, 25, 400, 1, 22, 150, 28915 }, // U+5931
    { 23, 24, 400, 1, 22, 138, 29065 }, // U+5B57
    { 24, 25, 400, 0, 22, 150, 29203 }, // U+5B58
    { 24, 25, 400, 0, 22, 150, 29353 }, // U+5B8C
    { 24, 25, 400, 0, 22, 150, 29503 }, // U+5B9A
    { 24, 25, 400, 0, 22, 150, 29653 }, // U+5B9B
    { 23, 25, 400, 1, 22, 144, 29803 }, // U+5BB3
    { 25, 25, 400, 0, 22, 157, 29947 }, // U+5C0F
    { 24, 23, 400, 0, 20, 138, 30104 }, // U+5C3E
    { 24, 24, 400, 0, 22, 144, 30242 }, // U+5DE6
    { 22, 25, 400, 2, 22, 138, 30386 }, // U+5E38
    { 25, 25, 400, 0, 22, 157, 30524 }, // U+5E83
    { 25, 25, 400, 0, 22, 157, 30681 }, // U+5EA6
    { 21, 25, 400, 2, 22, 132, 30838 }, // U+5F53
    { 25, 25, 400, 0, 22, 157, 30970 }, // U+5F79
    { 24, 25, 400, 0, 22, 150, 31127 }, // U+5F97
    { 24, 25, 400, 0, 22, 150, 31277 }, // U+60C5
    { 24, 25, 400, 0, 22, 150, 31427 }, // U+6210
    { 25, 23, 400, 0, 20, 144, 31577 }, // U+623B
    { 25, 25, 400, 0, 22, 157, 31721 }, // U+629E
    { 24, 25, 400, 0, 22, 150, 31878 }, // U+62BC
    { 24, 25, 400, 0, 22, 150, 32028 }, // U+6357
    { 24, 25, 400, 0, 22, 150, 32178 }, // U+63A5
    { 24, 25, 400, 0, 22, 150, 32328 }, // U+63C3
    { 25, 25, 400, 0, 22, 157, 32478 }, // U+64AE
    { 25, 25, 400, 0, 22, 157, 32635 }, // U+64CD
    { 25, 25, 400, 0, 22, 157, 32792 }, // U+6557
    { 25, 25, 400, 0, 22, 157, 32949 }, // U+6570
    { 25, 25, 400, 0, 22, 157, 33106 }, // U+6587
    { 24, 25, 400, 0, 22, 150, 33263 }, // U+65B0
    { 23, 25, 400, 1, 22, 144, 33413 }, // U+65B9
    { 25, 24, 400, 0, 21, 150, 33557 }, // U+65E2
    { 17, 23, 400, 4, 20, 98, 33707 }, // U+65E5
    { 24, 25, 400, 1, 22, 150, 33805 }, // U+6642
    { 24, 25, 400, 1, 22, 150, 33955 }, // U+6697
    { 23, 25, 400, 1, 22, 144, 34105 }, // U+66F8
    { 24, 25, 400, 1, 22, 150, 34249 }, // U+66FF
    { 24, 24, 400, 1, 21, 144, 34399 }, // U+6700
    { 24, 24, 400, 0, 21, 144, 34543 }, // U+671F
    { 25, 25, 400, 0, 22, 157, 34687 }, // U+672A
    { 25, 25, 400, 0, 22, 157, 34844 }, // U+672B
    { 25, 25, 400, 0, 22, 157, 35001 }, // U+672C
    { 25, 25, 400, 0, 22, 157, 35158 }, // U+6790
    { 25, 25, 400, 0, 22, 157, 35315 }, // U+691C
    { 25, 25, 400, 0, 22, 157, 35472 }, // U+6A19
    { 25, 25, 400, 0, 22, 157, 35629 }, // U+6A2A
    { 25, 25, 400, 0, 22, 157, 35786 }, // U+6B21
    { 23, 21, 400, 1, 20, 121, 35943 }, // U+6B63
    { 25, 25, 400, 0, 22, 157, 36064 }, // U+6B8B
    { 25, 25, 400, 0, 22, 157, 36221 }, // U+6BB5
    { 25, 25, 400, 0, 22, 157, 36378 }, // U+6CE8
    { 24, 25, 400, 0, 22, 150, 36535 }, // U+6D88
    { 25, 25, 400, 0, 22, 157, 36685 }, // U+6DFB
    { 25, 25, 400, 0, 22, 157, 36842 }, // U+6E08
    { 25, 25, 400, 0, 22, 157, 36999 }, // U+6E90
    { 24, 25, 400, 0, 22, 150, 37156 }, // U+6E96
    { 23, 25, 400, 1, 22, 144, 37306 }, // U+7121
    { 23, 24, 400, 1, 21, 138, 37450 }, // U+7167
    { 24, 24, 400, 0, 22, 144, 37588 }, // U+7279
    { 25, 25, 400, 0, 22, 157, 37732 }, // U+72ED
    { 23, 25, 400, 1, 22, 144, 37889 }, // U+7387
    { 25, 23, 400, 0, 20, 144, 38033 }, // U+73FE
    { 23, 23, 400, 0, 20, 133, 38177 }, // U+7528
    { 23, 23, 400, 1, 20, 133, 38310 }, // U+753B
    { 25, 25, 400, 0, 22, 157, 38443 }, // U+756A
    { 19, 25, 400, 3, 22, 119, 38600 }, // U+767D
    { 22, 25, 400, 2, 22, 138, 38719 }, // U+7684
    { 18, 23, 400, 3, 20, 104, 38857 }, // U+76EE
    { 24, 25, 400, 0, 22, 150, 38961 }, // U+77ED
    { 24, 25, 400, 0, 22, 150, 39111 }, // U+78BA
    { 24, 22, 400, 0, 20, 132, 39261 }, // U+793A
    { 25, 24, 400, 0, 22, 150, 39393 }, // U+79F0
    { 25, 25, 400, 0, 22, 157, 39543 }, // U+79FB
    { 23, 24, 400, 1, 22, 138, 39700 }, // U+7A7A
    { 23, 25, 400, 1, 22, 144, 39838 }, // U+7AE0
    { 24, 25, 400, 0, 22, 150, 39982 }, // U+7AEF
    { 24, 25, 400, 0, 22, 150, 40132 }, // U+7B2C
    { 24, 25, 400, 0, 22, 150, 40282 }, // U+7B97
    { 25, 25, 400, 0, 22, 157, 40432 }, // U+7BC4
    { 23, 25, 400, 1, 22, 144, 40589 }, // U+7D22
    { 24, 25, 400, 0, 22, 150, 40733 }, // U+7D30
    { 25, 25, 400, 0, 22, 157, 40883 }, // U+7D42
    { 25, 25, 400, 0, 22, 157, 41040 }, // U+7D9A
    { 24, 25, 400, 0, 22, 150, 41197 }, // U+7DE8
    { 25, 25, 400, 0, 22, 157, 41347 }, // U+7E26
    { 23, 24, 400, 1, 21, 138, 41504 }, // U+7F6E
    { 25, 25, 400, 0, 22, 157, 41642 }, // U+80FD
    { 24, 25, 400, 0, 22, 150, 41799 }, // U+811A
    { 18, 25, 400, 4, 22, 113, 41949 }, // U+81EA
    { 25, 25, 400, 0, 22, 157, 42062 }, // U+822C
    { 24, 24, 400, 0, 22, 144, 42219 }, // U+8272
    { 24, 25, 400, 1, 22, 150, 42363 }, // U+843D
    { 24, 25, 400, 0, 22, 150, 42513 }, // U+884C
    { 25, 25, 400, 0, 22, 157, 42663 }, // U+8868
    { 25, 24, 400, 0, 21, 150, 42820 }, // U+898B
    { 25, 25, 400, 0, 22, 157, 42970 }, // U+8996
    { 23, 25, 400, 1, 22, 144, 43127 }, // U+89A7
    { 25, 25, 400, 0, 22, 157, 43271 }, // U+89E3
    { 23, 23, 400, 1, 20, 133, 43428 }, // U+8A00
    { 25, 25, 400, 0, 22, 157, 43561 }, // U+8A08
    { 25, 24, 400, 0, 21, 150, 43718 }, // U+8A18
    { 25, 24, 400, 0, 21, 150, 43868 }, // U+8A2D
    { 25, 24, 400, 0, 21, 150, 44018 }, // U+8A3C
    { 25, 24, 400, 0, 21, 150, 44168 }, // U+8A66
    { 25, 25, 400, 0, 22, 157, 44318 }, // U+8A73
    { 25, 24, 400, 0, 21, 150, 44475 }, // U+8A8D
    { 25, 24, 400, 0, 21, 150, 44625 }, // U+8A9E
    { 25, 25, 400, 0, 22, 157, 44775 }, // U+8AAD
    { 25, 25, 400, 0, 22, 157, 44932 }, // U+8D77
    { 25, 25, 400, 0, 22, 157, 45089 }, // U+8EE2
    { 25, 24, 400, 0, 21, 150, 45246 }, // U+8FBC
    { 25, 25, 400, 0, 22, 157, 45396 }, // U+8FD1
    { 25, 25, 400, 0, 22, 157, 45553 }, // U+8FFD
    { 25, 24, 400, 0, 21, 150, 45710 }, // U+9000
    { 25, 25, 400, 0, 22, 157, 45860 }, // U+9001
    { 25, 25, 400, 0, 22, 157, 46017 }, // U+9032
    { 25, 25, 400, 0, 22, 157, 46174 }, // U+9069
    { 25, 24, 400, 0, 21, 150, 46331 }, // U+9078
    { 24, 24, 400, 1, 21, 144, 46481 }, // U+914D
    { 23, 23, 400, 1, 21, 133, 46625 }, // U+91CF
    { 25, 25, 400, 0, 22, 157, 46758 }, // U+9332
    { 24, 24, 400, 1, 21, 144, 46915 }, // U+9577
    { 21, 24, 400, 2, 21, 126, 47059 }, // U+958B
    { 21, 24, 400, 2, 21, 126, 47185 }, // U+9593
    { 23, 25, 400, 2, 22, 144, 47311 }, // U+9664
    { 23, 24, 400, 1, 21, 138, 47455 }, // U+9694
    { 22, 25, 400, 2, 22, 138, 47593 }, // U+969C
    { 22, 25, 400, 2, 22, 138, 47731 }, // U+96A0
    { 25, 25, 400, 0, 22, 157, 47869 }, // U+96C6
    { 24, 23, 400, 1, 21, 138, 48026 }, // U+96FB
    { 24, 25, 400, 0, 22, 150, 48164 }, // U+975E
    { 23, 23, 400, 1, 20, 133, 48314 }, // U+9762
    { 25, 25, 400, 0, 22, 157, 48447 }, // U+983B
    { 18, 19, 310, 2, 19, 86, 0 }, // U+FB00
    { 13, 19, 257, 2, 19, 62, 86 }, // U+FB01
    { 14, 19, 265, 2, 19, 67, 148 }, // U+FB02
    { 23, 19, 413, 2, 19, 110, 215 }, // U+FB03
    { 24, 19, 421, 2, 19, 114, 325 }, // U+FB04
    { 5, 21, 400, 10, 20, 27, 0 }, // U+FF01
    { 9, 9, 400, 8, 23, 21, 27 }, // U+FF02
    { 17, 21, 400, 4, 20, 90, 48 }, // U+FF03
    { 15, 26, 400, 5, 22, 98, 138 }, // U+FF04
    { 23, 21, 400, 1, 20, 121, 236 }, // U+FF05
    { 17, 20, 400, 4, 19, 85, 357 }, // U+FF06
    { 3, 9, 400, 11, 23, 7, 442 }, // U+FF07
    { 7, 24, 400, 17, 22, 42, 449 }, // U+FF08
    { 7, 24, 400, 1, 22, 42, 491 }, // U+FF09
    { 19, 20, 400, 3, 20, 95, 533 }, // U+FF0A
    { 19, 20, 400, 3, 19, 95, 628 }, // U+FF0B
    { 6, 10, 400, 3, 6, 15, 723 }, // U+FF0C
    { 19, 2, 400, 3, 10, 10, 738 }, // U+FF0D
    { 5, 4, 400, 3, 4, 5, 748 }, // U+FF0E
    { 25, 24, 400, 0, 22, 150, 753 }, // U+FF0F
    { 15, 19, 400, 5, 19, 72, 903 }, // U+FF10
    { 14, 19, 400, 6, 19, 67, 975 }, // U+FF11
    { 15, 19, 400, 5, 19, 72, 1042 }, // U+FF12
    { 14, 19, 400, 5, 19, 67, 1114 }, // U+FF13
    { 15, 19, 400, 5, 19, 72, 1181 }, // U+FF14
    { 14, 19, 400, 5, 19, 67, 1253 }, // U+FF15
    { 14, 19, 400, 6, 19, 67, 1320 }, // U+FF16
    { 14, 19, 400, 6, 19, 67, 1387 }, // U+FF17
    { 15, 19, 400, 5, 19, 72, 1454 }, // U+FF18
    { 14, 19, 400, 5, 19, 67, 1526 }, // U+FF19
    { 5, 17, 400, 10, 18, 22, 1593 }, // U+FF1A
    { 6, 22, 400, 9, 18, 33, 1615 }, // U+FF1B
    { 21, 20, 400, 2, 19, 105, 1648 }, // U+FF1C
    { 19, 7, 400, 3, 13, 34, 1753 }, // U+FF1D
    { 21, 20, 400, 2, 19, 105, 1787 }, // U+FF1E
    { 13, 20, 400, 6, 19, 65, 1892 }, // U+FF1F
    { 21, 23, 400, 2, 21, 121, 1957 }, // U+FF20
    { 18, 19, 400, 3, 19, 86, 2078 }, // U+FF21
    { 16, 19, 400, 5, 19, 76, 2164 }, // U+FF22
    { 16, 19, 400, 5, 19, 76, 2240 }, // U+FF23
    { 16, 19, 400, 5, 19, 76, 2316 }, // U+FF24
    { 14, 19, 400, 6, 19, 67, 2392 }, // U+FF25
    { 13, 19, 400, 7, 19, 62, 2459 }, // U+FF26
    { 17, 19, 400, 4, 19, 81, 2521 }, // U+FF27
    { 15, 19, 400, 5, 19, 72, 2602 }, // U+FF28
    { 13, 19, 400, 6, 19, 62, 2674 }, // U+FF29
    { 12, 19, 400, 6, 19, 57, 2736 }, // U+FF2A
    { 16, 19, 400, 6, 19, 76, 2793 }, // U+FF2B
    { 13, 19, 400, 7, 19, 62, 2869 }, // U+FF2C
    { 19, 19, 400, 3, 19, 91, 2931 }, // U+FF2D
    { 15, 19, 400, 5, 19, 72, 3022 }, // U+FF2E
    { 19, 19, 400, 3, 19, 91, 3094 }, // U+FF2F
    { 14, 19, 400, 6, 19, 67, 3185 }, // U+FF30
    { 19, 23, 400, 3, 19, 110, 3252 }, // U+FF31
    { 15, 19, 400, 6, 19, 72, 3362 }, // U+FF32
    { 15, 19, 400, 5, 19, 72, 3434 }, // U+FF33
    { 17, 19, 400, 4, 19, 81, 3506 }, // U+FF34
    { 16, 19, 400, 5, 19, 76, 3587 }, // U+FF35
    { 17, 19, 400, 4, 19, 81, 3663 }, // U+FF36
    { 25, 19, 400, 0, 19, 119, 3744 }, // U+FF37
    { 17, 19, 400, 4, 19, 81, 3863 }, // U+FF38
    { 17, 19, 400, 4, 19, 81, 3944 }, // U+FF39
    { 15, 19, 400, 5, 19, 72, 4025 }, // U+FF3A
    { 8, 25, 400, 17, 22, 50, 4097 }, // U+FF3B
    { 25, 24, 400, 0, 22, 150, 4147 }, // U+FF3C
    { 8, 24, 400, 0, 22, 48, 4297 }, // U+FF3D
    { 9, 4, 400, 8, 24, 9, 4345 }, // U+FF3E
    { 25, 2, 400, 0, -2, 13, 4354 }, // U+FF3F
    { 6, 4, 400, 8, 24, 6, 4367 }, // U+FF40
    { 13, 14, 400, 6, 14, 46, 4373 }, // U+FF41
    { 14, 20, 400, 6, 20, 70, 4419 }, // U+FF42
    { 14, 14, 400, 6, 14, 49, 4489 }, // U+FF43
    { 14, 20, 400, 5, 20, 70, 4538 }, // U+FF44
    { 15, 14, 400, 5, 14, 53, 4608 }, // U+FF45
    { 15, 21, 400, 6, 21, 79, 4661 }, // U+FF46
    { 15, 20, 400, 5, 14, 75, 4740 }, // U+FF47
    { 13, 20, 400, 6, 20, 65, 4815 }, // U+FF48
    { 5, 20, 400, 10, 20, 25, 4880 }, // U+FF49
    { 11, 26, 400, 5, 20, 72, 4905 }, // U+FF4A
    { 13, 21, 400, 7, 21, 69, 4977 }, // U+FF4B
    { 10, 21, 400, 10, 21, 53, 5046 }, // U+FF4C
    { 23, 14, 400, 1, 14, 81, 5099 }, // U+FF4D
    { 13, 14, 400, 6, 14, 46, 5180 }, // U+FF4E
    { 15, 14, 400, 5, 14, 53, 5226 }, // U+FF4F
    { 14, 20, 400, 6, 14, 70, 5279 }, // U+FF50
    { 14, 20, 400, 5, 14, 70, 5349 }, // U+FF51
    { 12, 14, 400, 8, 14, 42, 5419 }, // U+FF52
    { 13, 14, 400, 6, 14, 46, 5461 }, // U+FF53
    { 14, 18, 400, 6, 18, 63, 5507 }, // U+FF54
    { 13, 14, 400, 6, 14, 46, 5570 }, // U+FF55
    { 15, 14, 400, 5, 14, 53, 5616 }, // U+FF56
    { 23, 14, 400, 1, 14, 81, 5669 }, // U+FF57
    { 15, 14, 400, 5, 14, 53, 5750 }, // U+FF58
    { 15, 20, 400, 5, 14, 75, 5803 }, // U+FF59
    { 13, 14, 400, 6, 14, 46, 5878 }, // U+FF5A
    { 8, 25, 400, 17, 22, 50, 5924 }, // U+FF5B
    { 3, 25, 400, 11, 22, 19, 5974 }, // U+FF5C
    { 8, 24, 400, 0, 22, 48, 5993 }, // U+FF5D
    { 23, 7, 400, 1, 13, 41, 6041 }, // U+FF5E
    { 11, 24, 400, 14, 22, 66, 6082 }, // U+FF5F
    { 11, 24, 400, 0, 22, 66, 6148 }, // U+FF60
    { 9, 8, 200, 0, 6, 18, 6214 }, // U+FF61
    { 9, 18, 200, 3, 22, 41, 6232 }, // U+FF62
    { 9, 18, 200, 0, 15, 41, 6273 }, // U+FF63
    { 8, 7, 200, 0, 5, 14, 6314 }, // U+FF64
    { 5, 5, 200, 4, 12, 7, 6328 }, // U+FF65
    { 10, 21, 200, 2, 19, 53, 6335 }, // U+FF66
    { 9, 16, 200, 2, 14, 36, 6388 }, // U+FF67
    { 9, 17, 200, 1, 15, 39, 6424 }, // U+FF68
    { 9, 18, 200, 2, 16, 41, 6463 }, // U+FF69
    { 10, 14, 200, 1, 13, 35, 6504 }, // U+FF6A
    { 10, 17, 200, 1, 16, 43, 6539 }, // U+FF6B
    { 10, 17, 200, 1, 15, 43, 6582 }, // U+FF6C
    { 10, 14, 200, 1, 13, 35, 6625 }, // U+FF6D
    { 8, 15, 200, 2, 13, 30, 6660 }, // U+FF6E
    { 10, 16, 200, 1, 14, 40, 6690 }, // U+FF6F
    { 11, 4, 200, 1, 11, 11, 6730 }, // U+FF70
    { 11, 21, 200, 1, 19, 58, 6741 }, // U+FF71
    { 11, 21, 200, 0, 20, 58, 6799 }, // U+FF72
    { 11, 22, 200, 1, 20, 61, 6857 }, // U+FF73
    { 12, 18, 200, 0, 18, 54, 6918 }, // U+FF74
    { 11, 21, 200, 1, 20, 58, 6972 }, // U+FF75
    { 11, 22, 200, 0, 20, 61, 7030 }, // U+FF76
    { 11, 21, 200, 1, 20, 58, 7091 }, // U+FF77
    { 11, 23, 200, 1, 21, 64, 7149 }, // U+FF78
    { 12, 22, 200, 0, 20, 66, 7213 }, // U+FF79
    { 10, 19, 200, 1, 18, 48, 7279 }, // U+FF7A
    { 12, 22, 200, 0, 20, 66, 7327 }, // U+FF7B
    { 11, 20, 200, 1, 19, 55, 7393 }, // U+FF7C
    { 11, 20, 200, 1, 19, 55, 7448 }, // U+FF7D
    { 12, 21, 200, 0, 20, 63, 7503 }, // U+FF7E
    { 11, 19, 200, 1, 18, 53, 7566 }, // U+FF7F
    { 11, 23, 200, 0, 21, 64, 7619 }, // U+FF80
    { 11, 22, 200, 1, 20, 61, 7683 }, // U+FF81
    { 12, 20, 200, 0, 19, 60, 7744 }, // U+FF82
    { 11, 21, 200, 1, 19, 58, 7804 }, // U+FF83
    { 8, 20, 200, 3, 19, 40, 7862 }, // U+FF84
    { 11, 22, 200, 1, 20, 61, 7902 }, // U+FF85
    { 11, 17, 200, 1, 17, 47, 7963 }, // U+FF86
    { 10, 21, 200, 1, 19, 53, 8010 }, // U+FF87
    { 12, 22, 200, 0, 20, 66, 8063 }, // U+FF88
    { 10, 19, 200, 1, 18, 48, 8129 }, // U+FF89
    { 12, 17, 200, 0, 17, 51, 8177 }, // U+FF8A
    { 9, 20, 200, 2, 19, 45, 8228 }, // U+FF8B
    { 11, 20, 200, 1, 18, 55, 8273 }, // U+FF8C
    { 12, 17, 200, 0, 17, 51, 8328 }, // U+FF8D
    { 12, 21, 200, 0, 20, 63, 8379 }, // U+FF8E
    { 11, 20, 200, 1, 18, 55, 8442 }, // U+FF8F
    { 10, 20, 200, 1, 19, 50, 8497 }, // U+FF90
    { 12, 20, 200, 0, 19, 60, 8547 }, // U+FF91
    { 10, 20, 200, 1, 19, 50, 8607 }, // U+FF92
    { 11, 19, 200, 1, 18, 53, 8657 }, // U+FF93
    { 12, 21, 200, 0, 20, 63, 8710 }, // U+FF94
    { 12, 18, 200, 0, 18, 54, 8773 }, // U+FF95
    { 9, 19, 200, 2, 18, 43, 8827 }, // U+FF96
    { 10, 21, 200, 1, 19, 53, 8870 }, // U+FF97
    { 8, 20, 200, 2, 19, 40, 8923 }, // U+FF98
    { 13, 19, 200, 0, 18, 62, 8963 }, // U+FF99
    { 10, 19, 200, 2, 18, 48, 9025 }, // U+FF9A
    { 10, 19, 200, 1, 18, 48, 9073 }, // U+FF9B
    { 11, 20, 200, 1, 18, 55, 9121 }, // U+FF9C
    { 11, 19, 200, 1, 18, 53, 9176 }, // U+FF9D
    { 7, 6, 200, 0, 22, 11, 9229 }, // U+FF9E
    { 6, 7, 200, 0, 22, 11, 9240 }, // U+FF9F
    { 0, 0, 368, 0, 0, 0, 9251 }, // U+FFA0
    { 15, 13, 368, 4, 16, 49, 9251 }, // U+FFA1
    { 18, 13, 368, 3, 16, 59, 9300 }, // U+FFA2
    { 18, 13, 368, 3, 16, 59, 9359 }, // U+FFA3
    { 15, 13, 368, 4, 16, 49, 9418 }, // U+FFA4
    { 18, 14, 368, 3, 16, 63, 9467 }, // U+FFA5
    { 17, 14, 368, 3, 16, 60, 9530 }, // U+FFA6
    { 15, 13, 368, 4, 16, 49, 9590 }, // U+FFA7
    { 17, 13, 368, 3, 16, 56, 9639 }, // U+FFA8
    { 15, 13, 368, 4, 16, 49, 9695 }, // U+FFA9
    { 17, 13, 368, 3, 16, 56, 9744 }, // U+FFAA
    { 17, 13, 368, 3, 16, 56, 9800 }, // U+FFAB
    { 17, 13, 368, 3, 16, 56, 9856 }, // U+FFAC
    { 19, 13, 368, 3, 16, 62, 9912 }, // U+FFAD
    { 17, 13, 368, 3, 16, 56, 9974 }, // U+FFAE
    { 18, 13, 368, 3, 16, 59, 10030 }, // U+FFAF
    { 18, 14, 368, 3, 17, 63, 10089 }, // U+FFB0
    { 15, 13, 368, 4, 16, 49, 10152 }, // U+FFB1
    { 15, 13, 368, 4, 16, 49, 10201 }, // U+FFB2
    { 17, 13, 368, 3, 16, 56, 10250 }, // U+FFB3
    { 19, 13, 368, 3, 16, 62, 10306 }, // U+FFB4
    { 17, 13, 368, 3, 16, 56, 10368 }, // U+FFB5
    { 19, 12, 368, 2, 15, 57, 10424 }, // U+FFB6
    { 15, 13, 368, 4, 16, 49, 10481 }, // U+FFB7
    { 16, 14, 368, 4, 16, 56, 10530 }, // U+FFB8
    { 19, 14, 368, 2, 16, 67, 10586 }, // U+FFB9
    { 17, 16, 368, 3, 18, 68, 10653 }, // U+FFBA
    { 15, 14, 368, 4, 16, 53, 10721 }, // U+FFBB
    { 15, 13, 368, 4, 16, 49, 10774 }, // U+FFBC
    { 17, 13, 368, 3, 16, 56, 10823 }, // U+FFBD
    { 16, 15, 368, 4, 17, 60, 10879 }, // U+FFBE
    { 9, 24, 368, 9, 21, 54, 10939 }, // U+FFC2
    { 9, 24, 368, 7, 21, 54, 10993 }, // U+FFC3
    { 8, 24, 368, 9, 21, 48, 11047 }, // U+FFC4
    { 9, 24, 368, 7, 21, 54, 11095 }, // U+FFC5
    { 8, 24, 368, 7, 21, 48, 11149 }, // U+FFC6
    { 12, 24, 368, 5, 21, 72, 11197 }, // U+FFC7
    { 8, 24, 368, 7, 21, 48, 11269 }, // U+FFCA
    { 12, 24, 368, 5, 21, 72, 11317 }, // U+FFCB
    { 21, 12, 368, 1, 17, 63, 11389 }, // U+FFCC
    { 21, 24, 368, 1, 21, 126, 11452 }, // U+FFCD
    { 20, 24, 368, 1, 21, 120, 11578 }, // U+FFCE
    { 18, 24, 368, 2, 21, 108, 11698 }, // U+FFCF
    { 21, 13, 368, 1, 17, 69, 11806 }, // U+FFD2
    { 21, 12, 368, 1, 13, 63, 11875 }, // U+FFD3
    { 20, 24, 368, 1, 21, 120, 11938 }, // U+FFD4
    { 20, 24, 368, 1, 21, 120, 12058 }, // U+FFD5
    { 19, 24, 368, 2, 21, 114, 12178 }, // U+FFD6
    { 21, 12, 368, 1, 13, 63, 12292 }, // U+FFD7
    { 21, 2, 368, 1, 11, 11, 12355 }, // U+FFDA
    { 20, 24, 368, 1, 21, 120, 12366 }, // U+FFDB
    { 3, 23, 368, 10, 21, 18, 12486 }, // U+FFDC
    { 15, 22, 400, 5, 20, 83, 12504 }, // U+FFE0
    { 15, 19, 400, 5, 19, 72, 12587 }, // U+FFE1
    { 20, 9, 400, 2, 13, 45, 12659 }, // U+FFE2
    { 25, 2, 400, 0, 23, 13, 12704 }, // U+FFE3
    { 3, 23, 400, 11, 21, 18, 12717 }, // U+FFE4
    { 17, 20, 400, 4, 19, 85, 12735 }, // U+FFE5
    { 21, 20, 400, 2, 19, 105, 12820 }, // U+FFE6
    { 3, 28, 200, 5, 21, 21, 12925 }, // U+FFE8
    { 12, 13, 200, 0, 16, 39, 12946 }, // U+FFE9
    { 10, 24, 200, 1, 22, 60, 12985 }, // U+FFEA
    { 13, 13, 200, 0, 16, 43, 13045 }, // U+FFEB
    { 10, 24, 200, 1, 22, 60, 13088 }, // U+FFEC
    { 10, 9, 200, 1, 14, 23, 13148 }, // U+FFED
    { 10, 10, 200, 1, 14, 25, 13171 }, // U+FFEE
};

static const EpdUnicodeInterval ubuntu_jp_12_regularIntervals[] = {
    { 0x0, 0x0, 0x0 },
    { 0x8, 0x9, 0x1 },
    { 0xD, 0xD, 0x3 },
    { 0x1D, 0x1D, 0x4 },
    { 0x20, 0x7E, 0x5 },
    { 0xA0, 0xFF, 0x64 },
    { 0x100, 0x17F, 0xC4 },
    { 0x1A0, 0x1A1, 0x144 },
    { 0x1AF, 0x1B0, 0x146 },
    { 0x1C4, 0x21F, 0x148 },
    { 0x300, 0x301, 0x1A4 },
    { 0x304, 0x304, 0x1A6 },
    { 0x307, 0x307, 0x1A7 },
    { 0x30C, 0x30C, 0x1A8 },
    { 0x311, 0x311, 0x1A9 },
    { 0x400, 0x45F, 0x1AA },
    { 0x462, 0x463, 0x20A },
    { 0x472, 0x475, 0x20C },
    { 0x48A, 0x4F9, 0x210 },
    { 0x1EA0, 0x1EF9, 0x280 },
    { 0x2002, 0x2003, 0x2DA },
    { 0x2010, 0x2016, 0x2DC },
    { 0x2018, 0x201A, 0x2E3 },
    { 0x201C, 0x201E, 0x2E6 },
    { 0x2020, 0x2022, 0x2E9 },
    { 0x2025, 0x2027, 0x2EC },
    { 0x2030, 0x2030, 0x2EF },
    { 0x2032, 0x2033, 0x2F0 },
    { 0x2035, 0x2035, 0x2F2 },
    { 0x2039, 0x203C, 0x2F3 },
    { 0x2042, 0x2042, 0x2F7 },
    { 0x2044, 0x2044, 0x2F8 },
    { 0x2047, 0x2049, 0x2F9 },
    { 0x2051, 0x2051, 0x2FC },
    { 0x2070, 0x2070, 0x2FD },
    { 0x2074, 0x2079, 0x2FE },
    { 0x2080, 0x2089, 0x304 },
    { 0x20A9, 0x20A9, 0x30E },
    { 0x20AB, 0x20AC, 0x30F },
    { 0x20AE, 0x20AE, 0x311 },
    { 0x20B4, 0x20B4, 0x312 },
    { 0x20B9, 0x20B9, 0x313 },
    { 0x2190, 0x2199, 0x314 },
    { 0x21B8, 0x21B9, 0x31E },
    { 0x21C4, 0x21C6, 0x320 },
    { 0x21CB, 0x21CC, 0x323 },
    { 0x21D0, 0x21D0, 0x325 },
    { 0x21D2, 0x21D2, 0x326 },
    { 0x21D4, 0x21D4, 0x327 },
    { 0x21E6, 0x21E9, 0x328 },
    { 0x21F5, 0x21F5, 0x32C },
    { 0x2200, 0x2200, 0x32D },
    { 0x2202, 0x2203, 0x32E },
    { 0x2205, 0x220B, 0x330 },
    { 0x220F, 0x220F, 0x337 },
    { 0x2211, 0x2213, 0x338 },
    { 0x2215, 0x2215, 0x33B },
    { 0x2219, 0x221A, 0x33C },
    { 0x221D, 0x2220, 0x33E },
    { 0x2223, 0x2223, 0x342 },
    { 0x2225, 0x222E, 0x343 },
    { 0x2234, 0x2237, 0x34D },
    { 0x223D, 0x223D, 0x351 },
    { 0x2243, 0x2243, 0x352 },
    { 0x2245, 0x2245, 0x353 },
    { 0x2248, 0x2248, 0x354 },
    { 0x224C, 0x224C, 0x355 },
    { 0x2260, 0x2262, 0x356 },
    { 0x2264, 0x2267, 0x359 },
    { 0x226A, 0x226B, 0x35D },
    { 0x226E, 0x226F, 0x35F },
    { 0x2272, 0x2273, 0x361 },
    { 0x2276, 0x2277, 0x363 },
    { 0x2282, 0x2287, 0x365 },
    { 0x228A, 0x228B, 0x36B },
    { 0x2295, 0x2299, 0x36D },
    { 0x22A0, 0x22A0, 0x372 },
    { 0x22A5, 0x22A5, 0x373 },
    { 0x22BF, 0x22BF, 0x374 },
    { 0x22DA, 0x22DB, 0x375 },
    { 0x22EF, 0x22EF, 0x377 },
    { 0x3041, 0x3096, 0x378 },
    { 0x3099, 0x30FF, 0x3CE },
    { 0x4E00, 0x4E00, 0x435 },
    { 0x4E0A, 0x4E0A, 0x436 },
    { 0x4E0B, 0x4E0B, 0x437 },
    { 0x4E21, 0x4E21, 0x438 },
    { 0x4E2D, 0x4E2D, 0x439 },
    { 0x4E86, 0x4E86, 0x43A },
    { 0x4ED6, 0x4ED6, 0x43B },
    { 0x4ED8, 0x4ED8, 0x43C },
    { 0x4EF6, 0x4EF6, 0x43D },
    { 0x4F4D, 0x4F4D, 0x43E },
    { 0x4F53, 0x4F53, 0x43F },
    { 0x4F59, 0x4F59, 0x440 },
    { 0x4F5C, 0x4F5C, 0x441 },
    { 0x4F7F, 0x4F7F, 0x442 },
    { 0x4FDD, 0x4FDD, 0x443 },
    { 0x4FE1, 0x4FE1, 0x444 },
    { 0x4FEE, 0x4FEE, 0x445 },
    { 0x50CF, 0x50CF, 0x446 },
    { 0x5143, 0x5143, 0x447 },
    { 0x5148, 0x5148, 0x448 },
    { 0x5149, 0x5149, 0x449 },
    { 0x5165, 0x5165, 0x44A },
    { 0x5168, 0x5168, 0x44B },
    { 0x5185, 0x5185, 0x44C },
    { 0x518D, 0x518D, 0x44D },
    { 0x51FA, 0x51FA, 0x44E },
    { 0x5206, 0x5206, 0x44F },
    { 0x5207, 0x5207, 0x450 },
    { 0x523B, 0x523B, 0x451 },
    { 0x524A, 0x524A, 0x452 },
    { 0x524D, 0x524D, 0x453 },
    { 0x5272, 0x5272, 0x454 },
    { 0x529B, 0x529B, 0x455 },
    { 0x529F, 0x529F, 0x456 },
    { 0x52A0, 0x52A0, 0x457 },
    { 0x52D5, 0x52D5, 0x458 },
    { 0x5316, 0x5316, 0x459 },
    { 0x539F, 0x539F, 0x45A },
    { 0x53BB, 0x53BB, 0x45B },
    { 0x53C2, 0x53C2, 0x45C },
    { 0x53CD, 0x53CD, 0x45D },
    { 0x53D6, 0x53D6, 0x45E },
    { 0x53D7, 0x53D7, 0x45F },
    { 0x53EF, 0x53EF, 0x460 },
    { 0x53F3, 0x53F3, 0x461 },
    { 0x53F7, 0x53F7, 0x462 },
    { 0x5404, 0x5404, 0x463 },
    { 0x5408, 0x5408, 0x464 },
    { 0x540C, 0x540C, 0x465 },
    { 0x540D, 0x540D, 0x466 },
    { 0x5411, 0x5411, 0x467 },
    { 0x544A, 0x544A, 0x468 },
    { 0x56DE, 0x56DE, 0x469 },
    { 0x56E0, 0x56E0, 0x46A },
    { 0x56F2, 0x56F2, 0x46B },
    { 0x5728, 0x5728, 0x46C },
    { 0x57CB, 0x57CB, 0x46D },
    { 0x5831, 0x5831, 0x46E },
    { 0x5916, 0x5916, 0x46F },
    { 0x5927, 0x5927, 0x470 },
    { 0x592A, 0x592A, 0x471 },
    { 0x592E, 0x592E, 0x472 },
    { 0x5931, 0x5931, 0x473 },
    { 0x5B57, 0x5B57, 0x474 },
    { 0x5B58, 0x5B58, 0x475 },
    { 0x5B8C, 0x5B8C, 0x476 },
    { 0x5B9A, 0x5B9A, 0x477 },
    { 0x5B9B, 0x5B9B, 0x478 },
    { 0x5BB3, 0x5BB3, 0x479 },
    { 0x5C0F, 0x5C0F, 0x47A },
    { 0x5C3E, 0x5C3E, 0x47B },
    { 0x5DE6, 0x5DE6, 0x47C },
    { 0x5E38, 0x5E38, 0x47D },
    { 0x5E83, 0x5E83, 0x47E },
    { 0x5EA6, 0x5EA6, 0x47F },
    { 0x5F53, 0x5F53, 0x480 },
    { 0x5F79, 0x5F79, 0x481 },
    { 0x5F97, 0x5F97, 0x482 },
    { 0x60C5, 0x60C5, 0x483 },
    { 0x6210, 0x6210, 0x484 },
    { 0x623B, 0x623B, 0x485 },
    { 0x629E, 0x629E, 0x486 },
    { 0x62BC, 0x62BC, 0x487 },
    { 0x6357, 0x6357, 0x488 },
    { 0x63A5, 0x63A5, 0x489 },
    { 0x63C3, 0x63C3, 0x48A },
    { 0x64AE, 0x64AE, 0x48B },
    { 0x64CD, 0x64CD, 0x48C },
    { 0x6557, 0x6557, 0x48D },
    { 0x6570, 0x6570, 0x48E },
    { 0x6587, 0x6587, 0x48F },
    { 0x65B0, 0x65B0, 0x490 },
    { 0x65B9, 0x65B9, 0x491 },
    { 0x65E2, 0x65E2, 0x492 },
    { 0x65E5, 0x65E5, 0x493 },
    { 0x6642, 0x6642, 0x494 },
    { 0x6697, 0x6697, 0x495 },
    { 0x66F8, 0x66F8, 0x496 },
    { 0x66FF, 0x66FF, 0x497 },
    { 0x6700, 0x6700, 0x498 },
    { 0x671F, 0x671F, 0x499 },
    { 0x672A, 0x672A, 0x49A },
    { 0x672B, 0x672B, 0x49B },
    { 0x672C, 0x672C, 0x49C },
    { 0x6790, 0x6790, 0x49D },
    { 0x691C, 0x691C, 0x49E },
    { 0x6A19, 0x6A19, 0x49F },
    { 0x6A2A, 0x6A2A, 0x4A0 },
    { 0x6B21, 0x6B21, 0x4A1 },
    { 0x6B63, 0x6B63, 0x4A2 },
    { 0x6B8B, 0x6B8B, 0x4A3 },
    { 0x6BB5, 0x6BB5, 0x4A4 },
    { 0x6CE8, 0x6CE8, 0x4A5 },
    { 0x6D88, 0x6D88, 0x4A6 },
    { 0x6DFB, 0x6DFB, 0x4A7 },
    { 0x6E08, 0x6E08, 0x4A8 },
    { 0x6E90, 0x6E90, 0x4A9 },
    { 0x6E96, 0x6E96, 0x4AA },
    { 0x7121, 0x7121, 0x4AB },
    { 0x7167, 0x7167, 0x4AC },
    { 0x7279, 0x7279, 0x4AD },
    { 0x72ED, 0x72ED, 0x4AE },
    { 0x7387, 0x7387, 0x4AF },
    { 0x73FE, 0x73FE, 0x4B0 },
    { 0x7528, 0x7528, 0x4B1 },
    { 0x753B, 0x753B, 0x4B2 },
    { 0x756A, 0x756A, 0x4B3 },
    { 0x767D, 0x767D, 0x4B4 },
    { 0x7684, 0x7684, 0x4B5 },
    { 0x76EE, 0x76EE, 0x4B6 },
    { 0x77ED, 0x77ED, 0x4B7 },
    { 0x78BA, 0x78BA, 0x4B8 },
    { 0x793A, 0x793A, 0x4B9 },
    { 0x79F0, 0x79F0, 0x4BA },
    { 0x79FB, 0x79FB, 0x4BB },
    { 0x7A7A, 0x7A7A, 0x4BC },
    { 0x7AE0, 0x7AE0, 0x4BD },
    { 0x7AEF, 0x7AEF, 0x4BE },
    { 0x7B2C, 0x7B2C, 0x4BF },
    { 0x7B97, 0x7B97, 0x4C0 },
    { 0x7BC4, 0x7BC4, 0x4C1 },
    { 0x7D22, 0x7D22, 0x4C2 },
    { 0x7D30, 0x7D30, 0x4C3 },
    { 0x7D42, 0x7D42, 0x4C4 },
    { 0x7D9A, 0x7D9A, 0x4C5 },
    { 0x7DE8, 0x7DE8, 0x4C6 },
    { 0x7E26, 0x7E26, 0x4C7 },
    { 0x7F6E, 0x7F6E, 0x4C8 },
    { 0x80FD, 0x80FD, 0x4C9 },
    { 0x811A, 0x811A, 0x4CA },
    { 0x81EA, 0x81EA, 0x4CB },
    { 0x822C, 0x822C, 0x4CC },
    { 0x8272, 0x8272, 0x4CD },
    { 0x843D, 0x843D, 0x4CE },
    { 0x884C, 0x884C, 0x4CF },
    { 0x8868, 0x8868, 0x4D0 },
    { 0x898B, 0x898B, 0x4D1 },
    { 0x8996, 0x8996, 0x4D2 },
    { 0x89A7, 0x89A7, 0x4D3 },
    { 0x89E3, 0x89E3, 0x4D4 },
    { 0x8A00, 0x8A00, 0x4D5 },
    { 0x8A08, 0x8A08, 0x4D6 },
    { 0x8A18, 0x8A18, 0x4D7 },
    { 0x8A2D, 0x8A2D, 0x4D8 },
    { 0x8A3C, 0x8A3C, 0x4D9 },
    { 0x8A66, 0x8A66, 0x4DA },
    { 0x8A73, 0x8A73, 0x4DB },
    { 0x8A8D, 0x8A8D, 0x4DC },
    { 0x8A9E, 0x8A9E, 0x4DD },
    { 0x8AAD, 0x8AAD, 0x4DE },
    { 0x8D77, 0x8D77, 0x4DF },
    { 0x8EE2, 0x8EE2, 0x4E0 },
    { 0x8FBC, 0x8FBC, 0x4E1 },
    { 0x8FD1, 0x8FD1, 0x4E2 },
    { 0x8FFD, 0x8FFD, 0x4E3 },
    { 0x9000, 0x9000, 0x4E4 },
    { 0x9001, 0x9001, 0x4E5 },
    { 0x9032, 0x9032, 0x4E6 },
    { 0x9069, 0x9069, 0x4E7 },
    { 0x9078, 0x9078, 0x4E8 },
    { 0x914D, 0x914D, 0x4E9 },
    { 0x91CF, 0x91CF, 0x4EA },
    { 0x9332, 0x9332, 0x4EB },
    { 0x9577, 0x9577, 0x4EC },
    { 0x958B, 0x958B, 0x4ED },
    { 0x9593, 0x9593, 0x4EE },
    { 0x9664, 0x9664, 0x4EF },
    { 0x9694, 0x9694, 0x4F0 },
    { 0x969C, 0x969C, 0x4F1 },
    { 0x96A0, 0x96A0, 0x4F2 },
    { 0x96C6, 0x96C6, 0x4F3 },
    { 0x96FB, 0x96FB, 0x4F4 },
    { 0x975E, 0x975E, 0x4F5 },
    { 0x9762, 0x9762, 0x4F6 },
    { 0x983B, 0x983B, 0x4F7 },
    { 0xFB00, 0xFB04, 0x4F8 },
    { 0xFF01, 0xFFBE, 0x4FD },
    { 0xFFC2, 0xFFC7, 0x5BB },
    { 0xFFCA, 0xFFCF, 0x5C1 },
    { 0xFFD2, 0xFFD7, 0x5C7 },
    { 0xFFDA, 0xFFDC, 0x5CD },
    { 0xFFE0, 0xFFE6, 0x5D0 },
    { 0xFFE8, 0xFFEE, 0x5D7 },
};

static const EpdFontGroup ubuntu_jp_12_regularGroups[] = {
    { 0, 2240, 4801, 100, 0 },
    { 2240, 2117, 6125, 96, 100 },
    { 4357, 2554, 9246, 128, 196 },
    { 6911, 2540, 8430, 96, 324 },
    { 9451, 108, 116, 6, 420 },
    { 9559, 4754, 15320, 214, 426 },
    { 14313, 1917, 8510, 90, 640 },
    { 16230, 655, 1275, 35, 730 },
    { 16885, 201, 460, 17, 765 },
    { 17086, 262, 420, 6, 782 },
    { 17348, 1014, 3029, 25, 788 },
    { 18362, 2562, 6836, 75, 813 },
    { 20924, 23266, 52067, 384, 888 },
    { 44190, 135, 475, 5, 1272 },
    { 44325, 6086, 14624, 225, 1277 },
};

static const EpdKernClassEntry ubuntu_jp_12_regularKernLeftClasses[] = {
    { 0x0022, 1 }, // "
    { 0x0027, 1 }, // '
    { 0x0028, 2 }, // (
    { 0x0029, 3 }, // )
    { 0x002A, 4 }, // *
    { 0x002C, 5 }, // ,
    { 0x002D, 6 }, // -
    { 0x002E, 5 }, // .
    { 0x002F, 7 }, // /
    { 0x003A, 8 }, // :
    { 0x003B, 8 }, // ;
    { 0x0040, 9 }, // @
    { 0x0041, 10 }, // A
    { 0x0042, 11 }, // B
    { 0x0043, 12 }, // C
    { 0x0044, 13 }, // D
    { 0x0045, 14 }, // E
    { 0x0046, 15 }, // F
    { 0x0047, 16 }, // G
    { 0x004A, 17 }, // J
    { 0x004B, 18 }, // K
    { 0x004C, 19 }, // L
    { 0x004D, 20 }, // M
    { 0x004F, 21 }, // O
    { 0x0050, 22 }, // P
    { 0x0051, 23 }, // Q
    { 0x0052, 24 }, // R
    { 0x0054, 25 }, // T
    { 0x0055, 26 }, // U
    { 0x0056, 27 }, // V
    { 0x0057, 28 }, // W
    { 0x0058, 29 }, // X
    { 0x0059, 30 }, // Y
    { 0x005A, 31 }, // Z
    { 0x005B, 32 }, // [
    { 0x005D, 33 }, // ]
    { 0x0061, 34 }, // a
    { 0x0062, 35 }, // b
    { 0x0063, 36 }, // c
    { 0x0066, 37 }, // f
    { 0x0068, 38 }, // h
    { 0x006A, 39 }, // j
    { 0x006B, 40 }, // k
    { 0x006D, 41 }, // m
    { 0x006E, 41 }, // n
    { 0x006F, 42 }, // o
    { 0x0070, 43 }, // p
    { 0x0071, 44 }, // q
    { 0x0072, 45 }, // r
    { 0x0074, 46 }, // t
    { 0x0076, 47 }, // v
    { 0x0077, 48 }, // w
    { 0x0078, 49 }, // x
    { 0x007A, 50 }, // z
    { 0x007B, 51 }, // {
    { 0x007D, 52 }, // }
    { 0x00A1, 53 }, // U+00A1
    { 0x00AB, 54 }, // U+00AB
    { 0x00BB, 55 }, // U+00BB
    { 0x00BF, 56 }, // U+00BF
    { 0x00C0, 10 }, // U+00C0
    { 0x00C1, 10 }, // U+00C1
    { 0x00C2, 10 }, // U+00C2
    { 0x00C3, 10 }, // U+00C3
    { 0x00C4, 10 }, // U+00C4
    { 0x00C5, 10 }, // U+00C5
    { 0x00C6, 14 }, // U+00C6
    { 0x00C7, 12 }, // U+00C7
    { 0x00C8, 14 }, // U+00C8
    { 0x00C9, 14 }, // U+00C9
    { 0x00CA, 14 }, // U+00CA
    { 0x00CB, 14 }, // U+00CB
    { 0x00D0, 13 }, // U+00D0
    { 0x00D2, 21 }, // U+00D2
    { 0x00D3, 21 }, // U+00D3
    { 0x00D4, 21 }, // U+00D4
    { 0x00D5, 21 }, // U+00D5
    { 0x00D6, 21 }, // U+00D6
    { 0x00D8, 21 }, // U+00D8
    { 0x00D9, 26 }, // U+00D9
    { 0x00DA, 26 }, // U+00DA
    { 0x00DB, 26 }, // U+00DB
    { 0x00DC, 26 }, // U+00DC
    { 0x00DD, 30 }, // U+00DD
    { 0x00DE, 57 }, // U+00DE
    { 0x00DF, 58 }, // U+00DF
    { 0x00E0, 34 }, // U+00E0
    { 0x00E1, 34 }, // U+00E1
    { 0x00E2, 34 }, // U+00E2
    { 0x00E3, 34 }, // U+00E3
    { 0x00E4, 34 }, // U+00E4
    { 0x00E5, 34 }, // U+00E5
    { 0x00E7, 36 }, // U+00E7
    { 0x00F0, 59 }, // U+00F0
    { 0x00F1, 41 }, // U+00F1
    { 0x00F2, 42 }, // U+00F2
    { 0x00F3, 42 }, // U+00F3
    { 0x00F4, 42 }, // U+00F4
    { 0x00F5, 42 }, // U+00F5
    { 0x00F6, 42 }, // U+00F6
    { 0x00F8, 42 }, // U+00F8
    { 0x00FE, 60 }, // U+00FE
    { 0x0100, 10 }, // U+0100
    { 0x0101, 34 }, // U+0101
    { 0x0102, 10 }, // U+0102
    { 0x0103, 34 }, // U+0103
    { 0x0104, 10 }, // U+0104
    { 0x0105, 34 }, // U+0105
    { 0x0106, 12 }, // U+0106
    { 0x0107, 36 }, // U+0107
    { 0x0108, 12 }, // U+0108
    { 0x0109, 36 }, // U+0109
    { 0x010A, 12 }, // U+010A
    { 0x010B, 36 }, // U+010B
    { 0x010C, 12 }, // U+010C
    { 0x010D, 36 }, // U+010D
    { 0x010E, 13 }, // U+010E
    { 0x010F, 61 }, // U+010F
    { 0x0110, 13 }, // U+0110
    { 0x0112, 14 }, // U+0112
    { 0x0114, 14 }, // U+0114
    { 0x0116, 14 }, // U+0116
    { 0x0118, 14 }, // U+0118
    { 0x011A, 14 }, // U+011A
    { 0x011C, 16 }, // U+011C
    { 0x011E, 16 }, // U+011E
    { 0x0120, 16 }, // U+0120
    { 0x0122, 16 }, // U+0122
    { 0x0125, 38 }, // U+0125
    { 0x0127, 38 }, // U+0127
    { 0x0132, 17 }, // U+0132
    { 0x0133, 39 }, // U+0133
    { 0x0134, 17 }, // U+0134
    { 0x0135, 39 }, // U+0135
    { 0x0136, 18 }, // U+0136
    { 0x0137, 40 }, // U+0137
    { 0x0138, 40 }, // U+0138
    { 0x0139, 19 }, // U+0139
    { 0x013B, 19 }, // U+013B
    { 0x013D, 19 }, // U+013D
    { 0x013E, 61 }, // U+013E
    { 0x013F, 19 }, // U+013F
    { 0x0141, 19 }, // U+0141
    { 0x0144, 41 }, // U+0144
    { 0x0146, 41 }, // U+0146
    { 0x0148, 41 }, // U+0148
    { 0x0149, 41 }, // U+0149
    { 0x014A, 62 }, // U+014A
    { 0x014B, 63 }, // U+014B
    { 0x014C, 21 }, // U+014C
    { 0x014D, 42 }, // U+014D
    { 0x014E, 21 }, // U+014E
    { 0x014F, 42 }, // U+014F
    { 0x0150, 21 }, // U+0150
    { 0x0151, 42 }, // U+0151
    { 0x0152, 14 }, // U+0152
    { 0x0154, 24 }, // U+0154
    { 0x0155, 45 }, // U+0155
    { 0x0156, 24 }, // U+0156
    { 0x0157, 45 }, // U+0157
    { 0x0158, 24 }, // U+0158
    { 0x0159, 45 }, // U+0159
    { 0x0162, 25 }, // U+0162
    { 0x0163, 46 }, // U+0163
    { 0x0164, 25 }, // U+0164
    { 0x0165, 46 }, // U+0165
    { 0x0166, 25 }, // U+0166
    { 0x0167, 46 }, // U+0167
    { 0x0168, 26 }, // U+0168
    { 0x016A, 26 }, // U+016A
    { 0x016C, 26 }, // U+016C
    { 0x016E, 26 }, // U+016E
    { 0x0170, 26 }, // U+0170
    { 0x0172, 26 }, // U+0172
    { 0x0174, 28 }, // U+0174
    { 0x0175, 48 }, // U+0175
    { 0x0176, 30 }, // U+0176
    { 0x0178, 30 }, // U+0178
    { 0x0179, 31 }, // U+0179
    { 0x017A, 50 }, // U+017A
    { 0x017B, 31 }, // U+017B
    { 0x017C, 50 }, // U+017C
    { 0x017D, 31 }, // U+017D
    { 0x017E, 50 }, // U+017E
    { 0x017F, 37 }, // U+017F
    { 0x01C4, 31 }, // U+01C4
    { 0x01C5, 50 }, // U+01C5
    { 0x01C6, 50 }, // U+01C6
    { 0x01C7, 17 }, // U+01C7
    { 0x01C8, 39 }, // U+01C8
    { 0x01C9, 39 }, // U+01C9
    { 0x01CA, 17 }, // U+01CA
    { 0x01CB, 39 }, // U+01CB
    { 0x01CC, 39 }, // U+01CC
    { 0x01CD, 10 }, // U+01CD
    { 0x01CE, 34 }, // U+01CE
    { 0x01D1, 21 }, // U+01D1
    { 0x01D2, 42 }, // U+01D2
    { 0x01D3, 26 }, // U+01D3
    { 0x01D5, 26 }, // U+01D5
    { 0x01D7, 26 }, // U+01D7
    { 0x01D9, 26 }, // U+01D9
    { 0x01DB, 26 }, // U+01DB
    { 0x01DD, 42 }, // U+01DD
    { 0x01DE, 10 }, // U+01DE
    { 0x01DF, 34 }, // U+01DF
    { 0x01E0, 10 }, // U+01E0
    { 0x01E1, 34 }, // U+01E1
    { 0x01E2, 14 }, // U+01E2
    { 0x01E4, 16 }, // U+01E4
    { 0x01E6, 16 }, // U+01E6
    { 0x01E8, 18 }, // U+01E8
    { 0x01E9, 40 }, // U+01E9
    { 0x01EA, 21 }, // U+01EA
    { 0x01EB, 42 }, // U+01EB
    { 0x01EC, 21 }, // U+01EC
    { 0x01ED, 42 }, // U+01ED
    { 0x01EE, 64 }, // U+01EE
    { 0x01F0, 39 }, // U+01F0
    { 0x01F1, 31 }, // U+01F1
    { 0x01F2, 50 }, // U+01F2
    { 0x01F3, 50 }, // U+01F3
    { 0x01F4, 16 }, // U+01F4
    { 0x01F7, 65 }, // U+01F7
    { 0x01F9, 41 }, // U+01F9
    { 0x01FA, 10 }, // U+01FA
    { 0x01FB, 34 }, // U+01FB
    { 0x01FC, 14 }, // U+01FC
    { 0x01FE, 21 }, // U+01FE
    { 0x01FF, 42 }, // U+01FF
    { 0x0200, 10 }, // U+0200
    { 0x0201, 34 }, // U+0201
    { 0x0202, 10 }, // U+0202
    { 0x0203, 34 }, // U+0203
    { 0x0204, 14 }, // U+0204
    { 0x0206, 14 }, // U+0206
    { 0x020C, 21 }, // U+020C
    { 0x020D, 42 }, // U+020D
    { 0x020E, 21 }, // U+020E
    { 0x020F, 42 }, // U+020F
    { 0x0210, 24 }, // U+0210
    { 0x0211, 45 }, // U+0211
    { 0x0212, 24 }, // U+0212
    { 0x0213, 45 }, // U+0213
    { 0x0214, 26 }, // U+0214
    { 0x0216, 26 }, // U+0216
    { 0x021A, 25 }, // U+021A
    { 0x021B, 46 }, // U+021B
    { 0x021C, 66 }, // U+021C
    { 0x021F, 38 }, // U+021F
    { 0x0400, 67 }, // U+0400
    { 0x0401, 67 }, // U+0401
    { 0x0402, 68 }, // U+0402
    { 0x0403, 69 }, // U+0403
    { 0x0404, 70 }, // U+0404
    { 0x0405, 71 }, // U+0405
    { 0x040B, 72 }, // U+040B
    { 0x040C, 73 }, // U+040C
    { 0x040E, 74 }, // U+040E
    { 0x0410, 75 }, // U+0410
    { 0x0411, 68 }, // U+0411
    { 0x0412, 76 }, // U+0412
    { 0x0413, 69 }, // U+0413
    { 0x0414, 77 }, // U+0414
    { 0x0415, 67 }, // U+0415
    { 0x0417, 78 }, // U+0417
    { 0x041A, 73 }, // U+041A
    { 0x041C, 79 }, // U+041C
    { 0x041E, 80 }, // U+041E
    { 0x0420, 81 }, // U+0420
    { 0x0421, 70 }, // U+0421
    { 0x0422, 82 }, // U+0422
    { 0x0423, 74 }, // U+0423
    { 0x0424, 83 }, // U+0424
    { 0x0425, 84 }, // U+0425
    { 0x0426, 85 }, // U+0426
    { 0x0429, 85 }, // U+0429
    { 0x042D, 86 }, // U+042D
    { 0x042E, 80 }, // U+042E
    { 0x0430, 87 }, // U+0430
    { 0x0431, 88 }, // U+0431
    { 0x0432, 89 }, // U+0432
    { 0x0433, 90 }, // U+0433
    { 0x0434, 91 }, // U+0434
    { 0x0435, 92 }, // U+0435
    { 0x0436, 93 }, // U+0436
    { 0x0437, 94 }, // U+0437
    { 0x043A, 95 }, // U+043A
    { 0x043E, 96 }, // U+043E
    { 0x0440, 97 }, // U+0440
    { 0x0441, 98 }, // U+0441
    { 0x0442, 99 }, // U+0442
    { 0x0443, 100 }, // U+0443
    { 0x0444, 101 }, // U+0444
    { 0x0445, 102 }, // U+0445
    { 0x0446, 103 }, // U+0446
    { 0x0449, 103 }, // U+0449
    { 0x044A, 104 }, // U+044A
    { 0x044C, 104 }, // U+044C
    { 0x044D, 105 }, // U+044D
    { 0x044E, 106 }, // U+044E
    { 0x0450, 92 }, // U+0450
    { 0x0451, 92 }, // U+0451
    { 0x0452, 107 }, // U+0452
    { 0x0453, 90 }, // U+0453
    { 0x0454, 108 }, // U+0454
    { 0x0455, 109 }, // U+0455
    { 0x0459, 104 }, // U+0459
    { 0x045A, 104 }, // U+045A
    { 0x045B, 110 }, // U+045B
    { 0x045C, 95 }, // U+045C
    { 0x045E, 100 }, // U+045E
    { 0x0462, 68 }, // U+0462
    { 0x0463, 111 }, // U+0463
    { 0x0472, 80 }, // U+0472
    { 0x0473, 96 }, // U+0473
    { 0x0474, 112 }, // U+0474
    { 0x0475, 113 }, // U+0475
    { 0x048A, 85 }, // U+048A
    { 0x048B, 103 }, // U+048B
    { 0x048D, 104 }, // U+048D
    { 0x048F, 97 }, // U+048F
    { 0x0490, 69 }, // U+0490
    { 0x0491, 90 }, // U+0491
    { 0x0492, 69 }, // U+0492
    { 0x0493, 90 }, // U+0493
    { 0x0494, 68 }, // U+0494
    { 0x0495, 114 }, // U+0495
    { 0x0497, 93 }, // U+0497
    { 0x0498, 78 }, // U+0498
    { 0x0499, 94 }, // U+0499
    { 0x049A, 73 }, // U+049A
    { 0x049B, 95 }, // U+049B
    { 0x049C, 73 }, // U+049C
    { 0x049D, 95 }, // U+049D
    { 0x049E, 73 }, // U+049E
    { 0x049F, 95 }, // U+049F
    { 0x04A0, 73 }, // U+04A0
    { 0x04A1, 95 }, // U+04A1
    { 0x04A2, 85 }, // U+04A2
    { 0x04A3, 103 }, // U+04A3
    { 0x04A4, 82 }, // U+04A4
    { 0x04A5, 90 }, // U+04A5
    { 0x04A7, 115 }, // U+04A7
    { 0x04A8, 116 }, // U+04A8
    { 0x04A9, 117 }, // U+04A9
    { 0x04AA, 70 }, // U+04AA
    { 0x04AB, 98 }, // U+04AB
    { 0x04AC, 82 }, // U+04AC
    { 0x04AD, 99 }, // U+04AD
    { 0x04AE, 118 }, // U+04AE
    { 0x04AF, 119 }, // U+04AF
    { 0x04B0, 118 }, // U+04B0
    { 0x04B1, 119 }, // U+04B1
    { 0x04B2, 84 }, // U+04B2
    { 0x04B3, 102 }, // U+04B3
    { 0x04B4, 85 }, // U+04B4
    { 0x04B5, 103 }, // U+04B5
    { 0x04B6, 85 }, // U+04B6
    { 0x04B7, 103 }, // U+04B7
    { 0x04BA, 120 }, // U+04BA
    { 0x04BB, 121 }, // U+04BB
    { 0x04BC, 122 }, // U+04BC
    { 0x04BD, 123 }, // U+04BD
    { 0x04BE, 122 }, // U+04BE
    { 0x04BF, 123 }, // U+04BF
    { 0x04C2, 93 }, // U+04C2
    { 0x04C4, 124 }, // U+04C4
    { 0x04C6, 103 }, // U+04C6
    { 0x04C8, 125 }, // U+04C8
    { 0x04C9, 85 }, // U+04C9
    { 0x04CA, 103 }, // U+04CA
    { 0x04CD, 85 }, // U+04CD
    { 0x04CE, 103 }, // U+04CE
    { 0x04D0, 75 }, // U+04D0
    { 0x04D1, 87 }, // U+04D1
    { 0x04D2, 75 }, // U+04D2
    { 0x04D3, 87 }, // U+04D3
    { 0x04D5, 126 }, // U+04D5
    { 0x04D6, 67 }, // U+04D6
    { 0x04D7, 92 }, // U+04D7
    { 0x04D8, 127 }, // U+04D8
    { 0x04D9, 128 }, // U+04D9
    { 0x04DA, 127 }, // U+04DA
    { 0x04DB, 128 }, // U+04DB
    { 0x04DD, 93 }, // U+04DD
    { 0x04DE, 78 }, // U+04DE
    { 0x04DF, 94 }, // U+04DF
    { 0x04E0, 129 }, // U+04E0
    { 0x04E1, 130 }, // U+04E1
    { 0x04E6, 80 }, // U+04E6
    { 0x04E7, 96 }, // U+04E7
    { 0x04E8, 80 }, // U+04E8
    { 0x04E9, 96 }, // U+04E9
    { 0x04EA, 80 }, // U+04EA
    { 0x04EB, 96 }, // U+04EB
    { 0x04EC, 86 }, // U+04EC
    { 0x04ED, 94 }, // U+04ED
    { 0x04EE, 74 }, // U+04EE
    { 0x04EF, 100 }, // U+04EF
    { 0x04F0, 74 }, // U+04F0
    { 0x04F1, 100 }, // U+04F1
    { 0x04F2, 74 }, // U+04F2
    { 0x04F3, 100 }, // U+04F3
    { 0x04F6, 69 }, // U+04F6
    { 0x04F7, 90 }, // U+04F7
    { 0x1EA0, 131 }, // U+1EA0
    { 0x1EA1, 132 }, // U+1EA1
    { 0x1EA2, 131 }, // U+1EA2
    { 0x1EA3, 132 }, // U+1EA3
    { 0x1EA4, 131 }, // U+1EA4
    { 0x1EA5, 132 }, // U+1EA5
    { 0x1EA6, 131 }, // U+1EA6
    { 0x1EA7, 132 }, // U+1EA7
    { 0x1EA8, 131 }, // U+1EA8
    { 0x1EA9, 132 }, // U+1EA9
    { 0x1EAA, 131 }, // U+1EAA
    { 0x1EAB, 132 }, // U+1EAB
    { 0x1EAC, 131 }, // U+1EAC
    { 0x1EAD, 132 }, // U+1EAD
    { 0x1EAE, 131 }, // U+1EAE
    { 0x1EAF, 132 }, // U+1EAF
    { 0x1EB0, 131 }, // U+1EB0
    { 0x1EB1, 132 }, // U+1EB1
    { 0x1EB2, 131 }, // U+1EB2
    { 0x1EB3, 132 }, // U+1EB3
    { 0x1EB4, 131 }, // U+1EB4
    { 0x1EB5, 132 }, // U+1EB5
    { 0x1EB6, 131 }, // U+1EB6
    { 0x1EB7, 132 }, // U+1EB7
    { 0x1EB8, 133 }, // U+1EB8
    { 0x1EB9, 134 }, // U+1EB9
    { 0x1EBA, 133 }, // U+1EBA
    { 0x1EBB, 134 }, // U+1EBB
    { 0x1EBC, 133 }, // U+1EBC
    { 0x1EBD, 134 }, // U+1EBD
    { 0x1EBE, 133 }, // U+1EBE
    { 0x1EBF, 134 }, // U+1EBF
    { 0x1EC0, 133 }, // U+1EC0
    { 0x1EC1, 134 }, // U+1EC1
    { 0x1EC2, 133 }, // U+1EC2
    { 0x1EC3, 134 }, // U+1EC3
    { 0x1EC4, 133 }, // U+1EC4
    { 0x1EC5, 134 }, // U+1EC5
    { 0x1EC6, 133 }, // U+1EC6
    { 0x1EC7, 134 }, // U+1EC7
    { 0x1ECC, 135 }, // U+1ECC
    { 0x1ECD, 136 }, // U+1ECD
    { 0x1ECE, 135 }, // U+1ECE
    { 0x1ECF, 136 }, // U+1ECF
    { 0x1ED0, 135 }, // U+1ED0
    { 0x1ED1, 136 }, // U+1ED1
    { 0x1ED2, 135 }, // U+1ED2
    { 0x1ED3, 136 }, // U+1ED3
    { 0x1ED4, 135 }, // U+1ED4
    { 0x1ED5, 136 }, // U+1ED5
    { 0x1ED6, 135 }, // U+1ED6
    { 0x1ED7, 136 }, // U+1ED7
    { 0x1ED8, 135 }, // U+1ED8
    { 0x1ED9, 136 }, // U+1ED9
    { 0x1EDB, 137 }, // U+1EDB
    { 0x1EDD, 137 }, // U+1EDD
    { 0x1EDF, 137 }, // U+1EDF
    { 0x1EE1, 137 }, // U+1EE1
    { 0x1EE3, 137 }, // U+1EE3
    { 0x1EE4, 138 }, // U+1EE4
    { 0x1EE5, 139 }, // U+1EE5
    { 0x1EE6, 138 }, // U+1EE6
    { 0x1EE7, 139 }, // U+1EE7
    { 0x1EE8, 140 }, // U+1EE8
    { 0x1EE9, 141 }, // U+1EE9
    { 0x1EEA, 140 }, // U+1EEA
    { 0x1EEB, 141 }, // U+1EEB
    { 0x1EEC, 140 }, // U+1EEC
    { 0x1EED, 141 }, // U+1EED
    { 0x1EEE, 140 }, // U+1EEE
    { 0x1EEF, 141 }, // U+1EEF
    { 0x1EF0, 140 }, // U+1EF0
    { 0x1EF1, 141 }, // U+1EF1
    { 0x1EF2, 30 }, // U+1EF2
    { 0x1EF4, 142 }, // U+1EF4
    { 0x1EF5, 143 }, // U+1EF5
    { 0x1EF6, 142 }, // U+1EF6
    { 0x1EF7, 143 }, // U+1EF7
    { 0x1EF8, 142 }, // U+1EF8
    { 0x1EF9, 143 }, // U+1EF9
    { 0x2011, 144 }, // U+2011
    { 0x2012, 144 }, // U+2012
    { 0x2013, 6 }, // U+2013
    { 0x2014, 6 }, // U+2014
    { 0x2018, 145 }, // U+2018
    { 0x201A, 146 }, // U+201A
    { 0x201C, 145 }, // U+201C
    { 0x201E, 146 }, // U+201E
    { 0x2026, 5 }, // U+2026
    { 0x2039, 54 }, // U+2039
    { 0x203A, 55 }, // U+203A
    { 0x3042, 147 }, // U+3042
    { 0x3043, 148 }, // U+3043
    { 0x3044, 149 }, // U+3044
    { 0x3046, 150 }, // U+3046
    { 0x3048, 151 }, // U+3048
    { 0x304B, 152 }, // U+304B
    { 0x304C, 153 }, // U+304C
    { 0x304D, 154 }, // U+304D
    { 0x304E, 155 }, // U+304E
    { 0x304F, 156 }, // U+304F
    { 0x3050, 157 }, // U+3050
    { 0x3051, 158 }, // U+3051
    { 0x3052, 159 }, // U+3052
    { 0x3053, 160 }, // U+3053
    { 0x3054, 161 }, // U+3054
    { 0x3056, 162 }, // U+3056
    { 0x3057, 163 }, // U+3057
    { 0x3059, 164 }, // U+3059
    { 0x305A, 165 }, // U+305A
    { 0x305C, 166 }, // U+305C
    { 0x305D, 167 }, // U+305D
    { 0x305E, 167 }, // U+305E
    { 0x305F, 168 }, // U+305F
    { 0x3060, 169 }, // U+3060
    { 0x3062, 170 }, // U+3062
    { 0x3063, 171 }, // U+3063
    { 0x3064, 158 }, // U+3064
    { 0x3065, 172 }, // U+3065
    { 0x3066, 173 }, // U+3066
    { 0x3067, 174 }, // U+3067
    { 0x3068, 175 }, // U+3068
    { 0x3069, 176 }, // U+3069
    { 0x306B, 177 }, // U+306B
    { 0x306C, 178 }, // U+306C
    { 0x306D, 179 }, // U+306D
    { 0x306E, 180 }, // U+306E
    { 0x306F, 181 }, // U+306F
    { 0x3070, 182 }, // U+3070
    { 0x3071, 182 }, // U+3071
    { 0x3072, 183 }, // U+3072
    { 0x3073, 184 }, // U+3073
    { 0x3074, 185 }, // U+3074
    { 0x3075, 186 }, // U+3075
    { 0x3076, 187 }, // U+3076
    { 0x3077, 187 }, // U+3077
    { 0x3078, 188 }, // U+3078
    { 0x3079, 189 }, // U+3079
    { 0x307A, 190 }, // U+307A
    { 0x307D, 191 }, // U+307D
    { 0x307E, 192 }, // U+307E
    { 0x307F, 193 }, // U+307F
    { 0x3081, 170 }, // U+3081
    { 0x3082, 194 }, // U+3082
    { 0x3083, 195 }, // U+3083
    { 0x3084, 172 }, // U+3084
    { 0x3086, 196 }, // U+3086
    { 0x3088, 197 }, // U+3088
    { 0x3089, 198 }, // U+3089
    { 0x308A, 199 }, // U+308A
    { 0x308B, 200 }, // U+308B
    { 0x308C, 201 }, // U+308C
    { 0x308E, 179 }, // U+308E
    { 0x308F, 202 }, // U+308F
    { 0x3093, 203 }, // U+3093
    { 0x30A1, 158 }, // U+30A1
    { 0x30A2, 204 }, // U+30A2
    { 0x30A4, 205 }, // U+30A4
    { 0x30A9, 158 }, // U+30A9
    { 0x30AA, 206 }, // U+30AA
    { 0x30AB, 207 }, // U+30AB
    { 0x30AC, 207 }, // U+30AC
    { 0x30AD, 208 }, // U+30AD
    { 0x30AE, 209 }, // U+30AE
    { 0x30AF, 210 }, // U+30AF
    { 0x30B0, 211 }, // U+30B0
    { 0x30B1, 212 }, // U+30B1
    { 0x30B2, 213 }, // U+30B2
    { 0x30B3, 214 }, // U+30B3
    { 0x30B4, 215 }, // U+30B4
    { 0x30B5, 216 }, // U+30B5
    { 0x30B6, 217 }, // U+30B6
    { 0x30B7, 218 }, // U+30B7
    { 0x30B8, 219 }, // U+30B8
    { 0x30B9, 220 }, // U+30B9
    { 0x30BB, 221 }, // U+30BB
    { 0x30BC, 222 }, // U+30BC
    { 0x30BD, 223 }, // U+30BD
    { 0x30BE, 224 }, // U+30BE
    { 0x30BF, 225 }, // U+30BF
    { 0x30C0, 226 }, // U+30C0
    { 0x30C1, 227 }, // U+30C1
    { 0x30C2, 228 }, // U+30C2
    { 0x30C3, 195 }, // U+30C3
    { 0x30C4, 229 }, // U+30C4
    { 0x30C5, 230 }, // U+30C5
    { 0x30C6, 231 }, // U+30C6
    { 0x30C7, 232 }, // U+30C7
    { 0x30C8, 207 }, // U+30C8
    { 0x30C9, 233 }, // U+30C9
    { 0x30CA, 234 }, // U+30CA
    { 0x30CC, 235 }, // U+30CC
    { 0x30CD, 236 }, // U+30CD
    { 0x30CE, 237 }, // U+30CE
    { 0x30CF, 238 }, // U+30CF
    { 0x30D0, 239 }, // U+30D0
    { 0x30D1, 240 }, // U+30D1
    { 0x30D3, 241 }, // U+30D3
    { 0x30D5, 242 }, // U+30D5
    { 0x30D6, 243 }, // U+30D6
    { 0x30D7, 244 }, // U+30D7
    { 0x30D9, 215 }, // U+30D9
    { 0x30DE, 245 }, // U+30DE
    { 0x30E0, 246 }, // U+30E0
    { 0x30E1, 207 }, // U+30E1
    { 0x30E4, 247 }, // U+30E4
    { 0x30E5, 248 }, // U+30E5
    { 0x30E8, 249 }, // U+30E8
    { 0x30E9, 250 }, // U+30E9
    { 0x30EA, 251 }, // U+30EA
    { 0x30EB, 252 }, // U+30EB
    { 0x30EC, 253 }, // U+30EC
    { 0x30EF, 254 }, // U+30EF
    { 0x30F0, 255 }, // U+30F0
    { 0x30F2, 158 }, // U+30F2
    { 0x30F3, 256 }, // U+30F3
    { 0x30FA, 257 }, // U+30FA
    { 0x30FC, 258 }, // U+30FC
    { 0xFB00, 37 }, // U+FB00
};

static const EpdKernClassEntry ubuntu_jp_12_regularKernRightClasses[] = {
    { 0x0021, 1 }, // !
    { 0x0022, 2 }, // "
    { 0x0027, 2 }, // '
    { 0x0028, 3 }, // (
    { 0x0029, 4 }, // )
    { 0x002A, 5 }, // *
    { 0x002C, 6 }, // ,
    { 0x002D, 7 }, // -
    { 0x002E, 6 }, // .
    { 0x002F, 8 }, // /
    { 0x003A, 9 }, // :
    { 0x003B, 9 }, // ;
    { 0x003F, 10 }, // ?
    { 0x0040, 11 }, // @
    { 0x0041, 12 }, // A
    { 0x0043, 13 }, // C
    { 0x0047, 14 }, // G
    { 0x004A, 15 }, // J
    { 0x004D, 16 }, // M
    { 0x004F, 17 }, // O
    { 0x0051, 18 }, // Q
    { 0x0053, 19 }, // S
    { 0x0054, 20 }, // T
    { 0x0055, 21 }, // U
    { 0x0056, 22 }, // V
    { 0x0057, 23 }, // W
    { 0x0058, 24 }, // X
    { 0x0059, 25 }, // Y
    { 0x005A, 26 }, // Z
    { 0x005B, 27 }, // [
    { 0x005C, 28 }, // <backslash>
    { 0x005D, 29 }, // ]
    { 0x0061, 30 }, // a
    { 0x0062, 31 }, // b
    { 0x0063, 32 }, // c
    { 0x0064, 33 }, // d
    { 0x0065, 34 }, // e
    { 0x0066, 35 }, // f
    { 0x0067, 36 }, // g
    { 0x0068, 31 }, // h
    { 0x0069, 37 }, // i
    { 0x006A, 38 }, // j
    { 0x006B, 31 }, // k
    { 0x006C, 39 }, // l
    { 0x006D, 40 }, // m
    { 0x006E, 40 }, // n
    { 0x006F, 41 }, // o
    { 0x0070, 40 }, // p
    { 0x0071, 42 }, // q
    { 0x0072, 40 }, // r
    { 0x0073, 43 }, // s
    { 0x0074, 44 }, // t
    { 0x0075, 45 }, // u
    { 0x0076, 46 }, // v
    { 0x0077, 47 }, // w
    { 0x0078, 48 }, // x
    { 0x0079, 49 }, // y
    { 0x007A, 50 }, // z
    { 0x007B, 51 }, // {
    { 0x007D, 52 }, // }
    { 0x00AB, 53 }, // U+00AB
    { 0x00BB, 54 }, // U+00BB
    { 0x00C0, 12 }, // U+00C0
    { 0x00C1, 12 }, // U+00C1
    { 0x00C2, 12 }, // U+00C2
    { 0x00C3, 12 }, // U+00C3
    { 0x00C4, 12 }, // U+00C4
    { 0x00C5, 12 }, // U+00C5
    { 0x00C6, 55 }, // U+00C6
    { 0x00C7, 13 }, // U+00C7
    { 0x00D2, 17 }, // U+00D2
    { 0x00D3, 17 }, // U+00D3
    { 0x00D4, 17 }, // U+00D4
    { 0x00D5, 17 }, // U+00D5
    { 0x00D6, 17 }, // U+00D6
    { 0x00D8, 17 }, // U+00D8
    { 0x00D9, 21 }, // U+00D9
    { 0x00DA, 21 }, // U+00DA
    { 0x00DB, 21 }, // U+00DB
    { 0x00DC, 21 }, // U+00DC
    { 0x00DD, 25 }, // U+00DD
    { 0x00DF, 56 }, // U+00DF
    { 0x00E0, 30 }, // U+00E0
    { 0x00E1, 30 }, // U+00E1
    { 0x00E2, 30 }, // U+00E2
    { 0x00E3, 30 }, // U+00E3
    { 0x00E4, 30 }, // U+00E4
    { 0x00E5, 30 }, // U+00E5
    { 0x00E6, 30 }, // U+00E6
    { 0x00E7, 32 }, // U+00E7
    { 0x00E8, 34 }, // U+00E8
    { 0x00E9, 34 }, // U+00E9
    { 0x00EA, 34 }, // U+00EA
    { 0x00EB, 34 }, // U+00EB
    { 0x00EC, 57 }, // U+00EC
    { 0x00ED, 37 }, // U+00ED
    { 0x00EE, 58 }, // U+00EE
    { 0x00EF, 59 }, // U+00EF
    { 0x00F0, 60 }, // U+00F0
    { 0x00F1, 40 }, // U+00F1
    { 0x00F2, 41 }, // U+00F2
    { 0x00F3, 41 }, // U+00F3
    { 0x00F4, 41 }, // U+00F4
    { 0x00F5, 41 }, // U+00F5
    { 0x00F6, 41 }, // U+00F6
    { 0x00F8, 41 }, // U+00F8
    { 0x00F9, 45 }, // U+00F9
    { 0x00FA, 45 }, // U+00FA
    { 0x00FB, 45 }, // U+00FB
    { 0x00FC, 45 }, // U+00FC
    { 0x00FD, 49 }, // U+00FD
    { 0x00FE, 56 }, // U+00FE
    { 0x00FF, 49 }, // U+00FF
    { 0x0100, 12 }, // U+0100
    { 0x0101, 30 }, // U+0101
    { 0x0102, 12 }, // U+0102
    { 0x0103, 30 }, // U+0103
    { 0x0104, 12 }, // U+0104
    { 0x0105, 30 }, // U+0105
    { 0x0106, 13 }, // U+0106
    { 0x0107, 32 }, // U+0107
    { 0x0108, 13 }, // U+0108
    { 0x0109, 32 }, // U+0109
    { 0x010A, 13 }, // U+010A
    { 0x010B, 32 }, // U+010B
    { 0x010C, 13 }, // U+010C
    { 0x010D, 32 }, // U+010D
    { 0x010F, 33 }, // U+010F
    { 0x0111, 33 }, // U+0111
    { 0x0113, 34 }, // U+0113
    { 0x0115, 34 }, // U+0115
    { 0x0117, 34 }, // U+0117
    { 0x0119, 34 }, // U+0119
    { 0x011B, 34 }, // U+011B
    { 0x011C, 14 }, // U+011C
    { 0x011D, 36 }, // U+011D
    { 0x011E, 14 }, // U+011E
    { 0x011F, 36 }, // U+011F
    { 0x0120, 14 }, // U+0120
    { 0x0121, 36 }, // U+0121
    { 0x0122, 14 }, // U+0122
    { 0x0123, 36 }, // U+0123
    { 0x0125, 31 }, // U+0125
    { 0x0127, 31 }, // U+0127
    { 0x0129, 61 }, // U+0129
    { 0x012B, 62 }, // U+012B
    { 0x012D, 63 }, // U+012D
    { 0x012F, 37 }, // U+012F
    { 0x0131, 37 }, // U+0131
    { 0x0133, 37 }, // U+0133
    { 0x0134, 15 }, // U+0134
    { 0x0135, 38 }, // U+0135
    { 0x0137, 31 }, // U+0137
    { 0x013A, 39 }, // U+013A
    { 0x013C, 39 }, // U+013C
    { 0x013E, 39 }, // U+013E
    { 0x0140, 39 }, // U+0140
    { 0x0142, 39 }, // U+0142
    { 0x0144, 40 }, // U+0144
    { 0x0146, 40 }, // U+0146
    { 0x0148, 40 }, // U+0148
    { 0x0149, 40 }, // U+0149
    { 0x014A, 64 }, // U+014A
    { 0x014B, 65 }, // U+014B
    { 0x014C, 17 }, // U+014C
    { 0x014D, 41 }, // U+014D
    { 0x014E, 17 }, // U+014E
    { 0x014F, 41 }, // U+014F
    { 0x0150, 17 }, // U+0150
    { 0x0151, 41 }, // U+0151
    { 0x0152, 17 }, // U+0152
    { 0x0153, 41 }, // U+0153
    { 0x0155, 40 }, // U+0155
    { 0x0157, 40 }, // U+0157
    { 0x0159, 40 }, // U+0159
    { 0x015A, 19 }, // U+015A
    { 0x015B, 43 }, // U+015B
    { 0x015C, 19 }, // U+015C
    { 0x015D, 43 }, // U+015D
    { 0x015E, 19 }, // U+015E
    { 0x015F, 43 }, // U+015F
    { 0x0160, 19 }, // U+0160
    { 0x0161, 43 }, // U+0161
    { 0x0162, 20 }, // U+0162
    { 0x0163, 44 }, // U+0163
    { 0x0164, 20 }, // U+0164
    { 0x0165, 44 }, // U+0165
    { 0x0166, 20 }, // U+0166
    { 0x0167, 44 }, // U+0167
    { 0x0168, 21 }, // U+0168
    { 0x0169, 45 }, // U+0169
    { 0x016A, 21 }, // U+016A
    { 0x016B, 45 }, // U+016B
    { 0x016C, 21 }, // U+016C
    { 0x016D, 45 }, // U+016D
    { 0x016E, 21 }, // U+016E
    { 0x016F, 45 }, // U+016F
    { 0x0170, 21 }, // U+0170
    { 0x0171, 45 }, // U+0171
    { 0x0172, 21 }, // U+0172
    { 0x0173, 45 }, // U+0173
    { 0x0174, 23 }, // U+0174
    { 0x0175, 47 }, // U+0175
    { 0x0176, 25 }, // U+0176
    { 0x0177, 49 }, // U+0177
    { 0x0178, 25 }, // U+0178
    { 0x0179, 26 }, // U+0179
    { 0x017A, 50 }, // U+017A
    { 0x017B, 26 }, // U+017B
    { 0x017C, 50 }, // U+017C
    { 0x017D, 26 }, // U+017D
    { 0x017E, 50 }, // U+017E
    { 0x017F, 35 }, // U+017F
    { 0x01A0, 17 }, // U+01A0
    { 0x01A1, 41 }, // U+01A1
    { 0x01AF, 21 }, // U+01AF
    { 0x01B0, 45 }, // U+01B0
    { 0x01C6, 33 }, // U+01C6
    { 0x01C9, 39 }, // U+01C9
    { 0x01CC, 40 }, // U+01CC
    { 0x01CD, 12 }, // U+01CD
    { 0x01CE, 30 }, // U+01CE
    { 0x01D0, 37 }, // U+01D0
    { 0x01D1, 17 }, // U+01D1
    { 0x01D2, 41 }, // U+01D2
    { 0x01D3, 21 }, // U+01D3
    { 0x01D4, 45 }, // U+01D4
    { 0x01D5, 21 }, // U+01D5
    { 0x01D6, 45 }, // U+01D6
    { 0x01D7, 21 }, // U+01D7
    { 0x01D8, 45 }, // U+01D8
    { 0x01D9, 21 }, // U+01D9
    { 0x01DA, 45 }, // U+01DA
    { 0x01DB, 21 }, // U+01DB
    { 0x01DC, 45 }, // U+01DC
    { 0x01DD, 66 }, // U+01DD
    { 0x01DE, 12 }, // U+01DE
    { 0x01DF, 30 }, // U+01DF
    { 0x01E0, 12 }, // U+01E0
    { 0x01E1, 30 }, // U+01E1
    { 0x01E2, 55 }, // U+01E2
    { 0x01E3, 30 }, // U+01E3
    { 0x01E4, 14 }, // U+01E4
    { 0x01E5, 36 }, // U+01E5
    { 0x01E6, 14 }, // U+01E6
    { 0x01E7, 36 }, // U+01E7
    { 0x01E9, 31 }, // U+01E9
    { 0x01EA, 17 }, // U+01EA
    { 0x01EB, 41 }, // U+01EB
    { 0x01EC, 17 }, // U+01EC
    { 0x01ED, 41 }, // U+01ED
    { 0x01EE, 67 }, // U+01EE
    { 0x01EF, 68 }, // U+01EF
    { 0x01F0, 38 }, // U+01F0
    { 0x01F3, 33 }, // U+01F3
    { 0x01F4, 14 }, // U+01F4
    { 0x01F5, 36 }, // U+01F5
    { 0x01F7, 56 }, // U+01F7
    { 0x01F9, 40 }, // U+01F9
    { 0x01FA, 12 }, // U+01FA
    { 0x01FB, 30 }, // U+01FB
    { 0x01FC, 55 }, // U+01FC
    { 0x01FD, 30 }, // U+01FD
    { 0x01FE, 17 }, // U+01FE
    { 0x01FF, 41 }, // U+01FF
    { 0x0200, 12 }, // U+0200
    { 0x0201, 30 }, // U+0201
    { 0x0202, 12 }, // U+0202
    { 0x0203, 30 }, // U+0203
    { 0x0205, 34 }, // U+0205
    { 0x0207, 34 }, // U+0207
    { 0x0209, 37 }, // U+0209
    { 0x020B, 37 }, // U+020B
    { 0x020C, 17 }, // U+020C
    { 0x020D, 41 }, // U+020D
    { 0x020E, 17 }, // U+020E
    { 0x020F, 41 }, // U+020F
    { 0x0211, 40 }, // U+0211
    { 0x0213, 40 }, // U+0213
    { 0x0214, 21 }, // U+0214
    { 0x0215, 45 }, // U+0215
    { 0x0216, 21 }, // U+0216
    { 0x0217, 45 }, // U+0217
    { 0x0218, 19 }, // U+0218
    { 0x0219, 43 }, // U+0219
    { 0x021A, 20 }, // U+021A
    { 0x021B, 44 }, // U+021B
    { 0x021C, 69 }, // U+021C
    { 0x021D, 70 }, // U+021D
    { 0x021F, 31 }, // U+021F
    { 0x0402, 71 }, // U+0402
    { 0x0404, 72 }, // U+0404
    { 0x0405, 73 }, // U+0405
    { 0x0408, 74 }, // U+0408
    { 0x0409, 75 }, // U+0409
    { 0x040B, 71 }, // U+040B
    { 0x040E, 76 }, // U+040E
    { 0x0410, 77 }, // U+0410
    { 0x0414, 78 }, // U+0414
    { 0x0416, 79 }, // U+0416
    { 0x0417, 80 }, // U+0417
    { 0x041B, 75 }, // U+041B
    { 0x041C, 81 }, // U+041C
    { 0x041E, 82 }, // U+041E
    { 0x0421, 72 }, // U+0421
    { 0x0422, 71 }, // U+0422
    { 0x0423, 76 }, // U+0423
    { 0x0424, 83 }, // U+0424
    { 0x0425, 84 }, // U+0425
    { 0x0427, 85 }, // U+0427
    { 0x042A, 71 }, // U+042A
    { 0x042D, 86 }, // U+042D
    { 0x042F, 87 }, // U+042F
    { 0x0430, 88 }, // U+0430
    { 0x0431, 89 }, // U+0431
    { 0x0432, 90 }, // U+0432
    { 0x0433, 91 }, // U+0433
    { 0x0434, 92 }, // U+0434
    { 0x0435, 93 }, // U+0435
    { 0x0436, 94 }, // U+0436
    { 0x0437, 95 }, // U+0437
    { 0x0438, 91 }, // U+0438
    { 0x0439, 91 }, // U+0439
    { 0x043A, 91 }, // U+043A
    { 0x043B, 96 }, // U+043B
    { 0x043C, 97 }, // U+043C
    { 0x043D, 91 }, // U+043D
    { 0x043E, 98 }, // U+043E
    { 0x043F, 91 }, // U+043F
    { 0x0440, 99 }, // U+0440
    { 0x0441, 100 }, // U+0441
    { 0x0442, 101 }, // U+0442
    { 0x0443, 102 }, // U+0443
    { 0x0444, 103 }, // U+0444
    { 0x0445, 104 }, // U+0445
    { 0x0446, 91 }, // U+0446
    { 0x0447, 105 }, // U+0447
    { 0x0448, 91 }, // U+0448
    { 0x0449, 106 }, // U+0449
    { 0x044A, 107 }, // U+044A
    { 0x044B, 91 }, // U+044B
    { 0x044C, 91 }, // U+044C
    { 0x044D, 108 }, // U+044D
    { 0x044E, 90 }, // U+044E
    { 0x044F, 109 }, // U+044F
    { 0x0450, 93 }, // U+0450
    { 0x0451, 93 }, // U+0451
    { 0x0452, 110 }, // U+0452
    { 0x0453, 91 }, // U+0453
    { 0x0454, 111 }, // U+0454
    { 0x0455, 112 }, // U+0455
    { 0x0456, 113 }, // U+0456
    { 0x0457, 114 }, // U+0457
    { 0x0458, 115 }, // U+0458
    { 0x0459, 96 }, // U+0459
    { 0x045A, 91 }, // U+045A
    { 0x045B, 116 }, // U+045B
    { 0x045C, 91 }, // U+045C
    { 0x045D, 91 }, // U+045D
    { 0x045E, 102 }, // U+045E
    { 0x045F, 106 }, // U+045F
    { 0x0462, 71 }, // U+0462
    { 0x0463, 117 }, // U+0463
    { 0x0472, 82 }, // U+0472
    { 0x0473, 98 }, // U+0473
    { 0x0474, 76 }, // U+0474
    { 0x0475, 102 }, // U+0475
    { 0x048B, 91 }, // U+048B
    { 0x048D, 118 }, // U+048D
    { 0x048F, 99 }, // U+048F
    { 0x0491, 91 }, // U+0491
    { 0x0493, 91 }, // U+0493
    { 0x0495, 91 }, // U+0495
    { 0x0496, 79 }, // U+0496
    { 0x0497, 94 }, // U+0497
    { 0x0498, 80 }, // U+0498
    { 0x0499, 95 }, // U+0499
    { 0x049B, 91 }, // U+049B
    { 0x049D, 91 }, // U+049D
    { 0x049F, 91 }, // U+049F
    { 0x04A1, 91 }, // U+04A1
    { 0x04A3, 91 }, // U+04A3
    { 0x04A5, 91 }, // U+04A5
    { 0x04A7, 91 }, // U+04A7
    { 0x04A8, 119 }, // U+04A8
    { 0x04A9, 120 }, // U+04A9
    { 0x04AA, 72 }, // U+04AA
    { 0x04AB, 100 }, // U+04AB
    { 0x04AC, 71 }, // U+04AC
    { 0x04AD, 101 }, // U+04AD
    { 0x04AE, 121 }, // U+04AE
    { 0x04AF, 122 }, // U+04AF
    { 0x04B0, 121 }, // U+04B0
    { 0x04B1, 122 }, // U+04B1
    { 0x04B2, 84 }, // U+04B2
    { 0x04B3, 104 }, // U+04B3
    { 0x04B4, 71 }, // U+04B4
    { 0x04B5, 101 }, // U+04B5
    { 0x04B6, 85 }, // U+04B6
    { 0x04B7, 105 }, // U+04B7
    { 0x04B8, 85 }, // U+04B8
    { 0x04B9, 105 }, // U+04B9
    { 0x04BB, 123 }, // U+04BB
    { 0x04BC, 124 }, // U+04BC
    { 0x04BD, 125 }, // U+04BD
    { 0x04BE, 124 }, // U+04BE
    { 0x04BF, 125 }, // U+04BF
    { 0x04C1, 79 }, // U+04C1
    { 0x04C2, 94 }, // U+04C2
    { 0x04C4, 91 }, // U+04C4
    { 0x04C5, 75 }, // U+04C5
    { 0x04C6, 96 }, // U+04C6
    { 0x04C8, 91 }, // U+04C8
    { 0x04CA, 91 }, // U+04CA
    { 0x04CB, 85 }, // U+04CB
    { 0x04CC, 105 }, // U+04CC
    { 0x04CE, 97 }, // U+04CE
    { 0x04D0, 77 }, // U+04D0
    { 0x04D1, 88 }, // U+04D1
    { 0x04D2, 77 }, // U+04D2
    { 0x04D3, 88 }, // U+04D3
    { 0x04D5, 126 }, // U+04D5
    { 0x04D7, 93 }, // U+04D7
    { 0x04D8, 127 }, // U+04D8
    { 0x04D9, 128 }, // U+04D9
    { 0x04DA, 127 }, // U+04DA
    { 0x04DB, 128 }, // U+04DB
    { 0x04DC, 79 }, // U+04DC
    { 0x04DD, 94 }, // U+04DD
    { 0x04DE, 80 }, // U+04DE
    { 0x04DF, 129 }, // U+04DF
    { 0x04E0, 130 }, // U+04E0
    { 0x04E1, 131 }, // U+04E1
    { 0x04E3, 91 }, // U+04E3
    { 0x04E5, 91 }, // U+04E5
    { 0x04E6, 82 }, // U+04E6
    { 0x04E7, 98 }, // U+04E7
    { 0x04E8, 82 }, // U+04E8
    { 0x04E9, 98 }, // U+04E9
    { 0x04EA, 82 }, // U+04EA
    { 0x04EB, 98 }, // U+04EB
    { 0x04EC, 86 }, // U+04EC
    { 0x04ED, 132 }, // U+04ED
    { 0x04EE, 76 }, // U+04EE
    { 0x04EF, 102 }, // U+04EF
    { 0x04F0, 76 }, // U+04F0
    { 0x04F1, 102 }, // U+04F1
    { 0x04F2, 76 }, // U+04F2
    { 0x04F3, 102 }, // U+04F3
    { 0x04F4, 85 }, // U+04F4
    { 0x04F5, 105 }, // U+04F5
    { 0x04F7, 91 }, // U+04F7
    { 0x04F9, 91 }, // U+04F9
    { 0x1EA0, 133 }, // U+1EA0
    { 0x1EA1, 134 }, // U+1EA1
    { 0x1EA2, 133 }, // U+1EA2
    { 0x1EA3, 134 }, // U+1EA3
    { 0x1EA4, 133 }, // U+1EA4
    { 0x1EA5, 134 }, // U+1EA5
    { 0x1EA6, 133 }, // U+1EA6
    { 0x1EA7, 134 }, // U+1EA7
    { 0x1EA8, 133 }, // U+1EA8
    { 0x1EA9, 134 }, // U+1EA9
    { 0x1EAA, 133 }, // U+1EAA
    { 0x1EAB, 134 }, // U+1EAB
    { 0x1EAC, 133 }, // U+1EAC
    { 0x1EAD, 134 }, // U+1EAD
    { 0x1EAE, 133 }, // U+1EAE
    { 0x1EAF, 134 }, // U+1EAF
    { 0x1EB0, 133 }, // U+1EB0
    { 0x1EB1, 134 }, // U+1EB1
    { 0x1EB2, 133 }, // U+1EB2
    { 0x1EB3, 134 }, // U+1EB3
    { 0x1EB4, 133 }, // U+1EB4
    { 0x1EB5, 134 }, // U+1EB5
    { 0x1EB6, 133 }, // U+1EB6
    { 0x1EB7, 134 }, // U+1EB7
    { 0x1EB9, 135 }, // U+1EB9
    { 0x1EBB, 135 }, // U+1EBB
    { 0x1EBD, 135 }, // U+1EBD
    { 0x1EBF, 135 }, // U+1EBF
    { 0x1EC1, 135 }, // U+1EC1
    { 0x1EC3, 135 }, // U+1EC3
    { 0x1EC5, 135 }, // U+1EC5
    { 0x1EC7, 135 }, // U+1EC7
    { 0x1EC9, 136 }, // U+1EC9
    { 0x1ECB, 136 }, // U+1ECB
    { 0x1ECC, 137 }, // U+1ECC
    { 0x1ECD, 135 }, // U+1ECD
    { 0x1ECE, 137 }, // U+1ECE
    { 0x1ECF, 135 }, // U+1ECF
    { 0x1ED0, 137 }, // U+1ED0
    { 0x1ED1, 135 }, // U+1ED1
    { 0x1ED2, 137 }, // U+1ED2
    { 0x1ED3, 135 }, // U+1ED3
    { 0x1ED4, 137 }, // U+1ED4
    { 0x1ED5, 135 }, // U+1ED5
    { 0x1ED6, 137 }, // U+1ED6
    { 0x1ED7, 135 }, // U+1ED7
    { 0x1ED8, 137 }, // U+1ED8
    { 0x1ED9, 135 }, // U+1ED9
    { 0x1EDA, 137 }, // U+1EDA
    { 0x1EDB, 135 }, // U+1EDB
    { 0x1EDC, 137 }, // U+1EDC
    { 0x1EDD, 135 }, // U+1EDD
    { 0x1EDE, 137 }, // U+1EDE
    { 0x1EDF, 135 }, // U+1EDF
    { 0x1EE0, 137 }, // U+1EE0
    { 0x1EE1, 135 }, // U+1EE1
    { 0x1EE2, 137 }, // U+1EE2
    { 0x1EE3, 135 }, // U+1EE3
    { 0x1EE4, 138 }, // U+1EE4
    { 0x1EE5, 139 }, // U+1EE5
    { 0x1EE6, 138 }, // U+1EE6
    { 0x1EE7, 139 }, // U+1EE7
    { 0x1EE8, 138 }, // U+1EE8
    { 0x1EE9, 139 }, // U+1EE9
    { 0x1EEA, 138 }, // U+1EEA
    { 0x1EEB, 139 }, // U+1EEB
    { 0x1EEC, 138 }, // U+1EEC
    { 0x1EED, 139 }, // U+1EED
    { 0x1EEE, 138 }, // U+1EEE
    { 0x1EEF, 139 }, // U+1EEF
    { 0x1EF0, 138 }, // U+1EF0
    { 0x1EF1, 139 }, // U+1EF1
    { 0x1EF2, 25 }, // U+1EF2
    { 0x1EF3, 49 }, // U+1EF3
    { 0x1EF4, 140 }, // U+1EF4
    { 0x1EF5, 141 }, // U+1EF5
    { 0x1EF6, 140 }, // U+1EF6
    { 0x1EF7, 141 }, // U+1EF7
    { 0x1EF8, 140 }, // U+1EF8
    { 0x1EF9, 141 }, // U+1EF9
    { 0x2011, 142 }, // U+2011
    { 0x2012, 142 }, // U+2012
    { 0x2013, 7 }, // U+2013
    { 0x2014, 7 }, // U+2014
    { 0x2018, 143 }, // U+2018
    { 0x2019, 144 }, // U+2019
    { 0x201A, 145 }, // U+201A
    { 0x201C, 143 }, // U+201C
    { 0x201D, 144 }, // U+201D
    { 0x201E, 145 }, // U+201E
    { 0x2026, 6 }, // U+2026
    { 0x2039, 53 }, // U+2039
    { 0x203A, 54 }, // U+203A
    { 0x2047, 146 }, // U+2047
    { 0x2048, 146 }, // U+2048
    { 0x3042, 147 }, // U+3042
    { 0x3043, 148 }, // U+3043
    { 0x3044, 149 }, // U+3044
    { 0x3045, 150 }, // U+3045
    { 0x3046, 151 }, // U+3046
    { 0x3047, 152 }, // U+3047
    { 0x3049, 153 }, // U+3049
    { 0x304A, 154 }, // U+304A
    { 0x304B, 155 }, // U+304B
    { 0x304C, 156 }, // U+304C
    { 0x304D, 157 }, // U+304D
    { 0x304E, 158 }, // U+304E
    { 0x304F, 159 }, // U+304F
    { 0x3050, 160 }, // U+3050
    { 0x3053, 161 }, // U+3053
    { 0x3054, 161 }, // U+3054
    { 0x3055, 161 }, // U+3055
    { 0x3056, 161 }, // U+3056
    { 0x3059, 162 }, // U+3059
    { 0x305A, 163 }, // U+305A
    { 0x305B, 164 }, // U+305B
    { 0x305C, 164 }, // U+305C
    { 0x305D, 165 }, // U+305D
    { 0x305E, 165 }, // U+305E
    { 0x305F, 166 }, // U+305F
    { 0x3060, 167 }, // U+3060
    { 0x3061, 168 }, // U+3061
    { 0x3062, 169 }, // U+3062
    { 0x3063, 170 }, // U+3063
    { 0x3064, 171 }, // U+3064
    { 0x3065, 172 }, // U+3065
    { 0x3066, 173 }, // U+3066
    { 0x3067, 174 }, // U+3067
    { 0x3068, 175 }, // U+3068
    { 0x3069, 176 }, // U+3069
    { 0x306A, 177 }, // U+306A
    { 0x306E, 178 }, // U+306E
    { 0x306F, 179 }, // U+306F
    { 0x3070, 180 }, // U+3070
    { 0x3071, 180 }, // U+3071
    { 0x3072, 181 }, // U+3072
    { 0x3073, 181 }, // U+3073
    { 0x3074, 181 }, // U+3074
    { 0x3075, 182 }, // U+3075
    { 0x3076, 183 }, // U+3076
    { 0x3077, 184 }, // U+3077
    { 0x3078, 185 }, // U+3078
    { 0x3079, 185 }, // U+3079
    { 0x307A, 185 }, // U+307A
    { 0x307E, 186 }, // U+307E
    { 0x307F, 187 }, // U+307F
    { 0x3082, 188 }, // U+3082
    { 0x3083, 189 }, // U+3083
    { 0x3084, 190 }, // U+3084
    { 0x3085, 191 }, // U+3085
    { 0x3087, 192 }, // U+3087
    { 0x3088, 193 }, // U+3088
    { 0x308A, 194 }, // U+308A
    { 0x308B, 195 }, // U+308B
    { 0x308C, 196 }, // U+308C
    { 0x308D, 197 }, // U+308D
    { 0x3092, 180 }, // U+3092
    { 0x30A1, 198 }, // U+30A1
    { 0x30A2, 199 }, // U+30A2
    { 0x30A3, 200 }, // U+30A3
    { 0x30A4, 201 }, // U+30A4
    { 0x30A5, 198 }, // U+30A5
    { 0x30A6, 202 }, // U+30A6
    { 0x30A7, 203 }, // U+30A7
    { 0x30A8, 204 }, // U+30A8
    { 0x30A9, 205 }, // U+30A9
    { 0x30AB, 206 }, // U+30AB
    { 0x30AC, 206 }, // U+30AC
    { 0x30AF, 207 }, // U+30AF
    { 0x30B0, 208 }, // U+30B0
    { 0x30B2, 209 }, // U+30B2
    { 0x30B3, 210 }, // U+30B3
    { 0x30B4, 210 }, // U+30B4
    { 0x30B5, 211 }, // U+30B5
    { 0x30B6, 212 }, // U+30B6
    { 0x30B7, 213 }, // U+30B7
    { 0x30B8, 213 }, // U+30B8
    { 0x30B9, 214 }, // U+30B9
    { 0x30BA, 215 }, // U+30BA
    { 0x30BB, 216 }, // U+30BB
    { 0x30BC, 216 }, // U+30BC
    { 0x30BD, 217 }, // U+30BD
    { 0x30BE, 218 }, // U+30BE
    { 0x30BF, 219 }, // U+30BF
    { 0x30C0, 220 }, // U+30C0
    { 0x30C1, 216 }, // U+30C1
    { 0x30C3, 198 }, // U+30C3
    { 0x30C4, 221 }, // U+30C4
    { 0x30C5, 221 }, // U+30C5
    { 0x30C6, 222 }, // U+30C6
    { 0x30C7, 223 }, // U+30C7
    { 0x30C8, 224 }, // U+30C8
    { 0x30C9, 225 }, // U+30C9
    { 0x30CA, 226 }, // U+30CA
    { 0x30CB, 216 }, // U+30CB
    { 0x30CD, 227 }, // U+30CD
    { 0x30CE, 228 }, // U+30CE
    { 0x30CF, 229 }, // U+30CF
    { 0x30D0, 230 }, // U+30D0
    { 0x30D1, 231 }, // U+30D1
    { 0x30D5, 232 }, // U+30D5
    { 0x30D6, 233 }, // U+30D6
    { 0x30D7, 234 }, // U+30D7
    { 0x30D8, 235 }, // U+30D8
    { 0x30D9, 236 }, // U+30D9
    { 0x30DA, 237 }, // U+30DA
    { 0x30DE, 238 }, // U+30DE
    { 0x30DF, 239 }, // U+30DF
    { 0x30E0, 240 }, // U+30E0
    { 0x30E1, 241 }, // U+30E1
    { 0x30E3, 242 }, // U+30E3
    { 0x30E4, 243 }, // U+30E4
    { 0x30E5, 244 }, // U+30E5
    { 0x30E6, 245 }, // U+30E6
    { 0x30E9, 246 }, // U+30E9
    { 0x30EB, 247 }, // U+30EB
    { 0x30EC, 248 }, // U+30EC
    { 0x30F3, 249 }, // U+30F3
    { 0x30FB, 250 }, // U+30FB
    { 0x30FC, 251 }, // U+30FC
    { 0xFB00, 35 }, // U+FB00
    { 0xFB01, 35 }, // U+FB01
    { 0xFB02, 35 }, // U+FB02
    { 0xFB03, 35 }, // U+FB03
    { 0xFB04, 35 }, // U+FB04
    { 0xFF0C, 252 }, // U+FF0C
    { 0xFF0E, 253 }, // U+FF0E
};

static const int8_t ubuntu_jp_12_regularKernMatrix[] = {
       0,    0,    0,    0,    0,    0,    0,    0,    0,    0,    0,  -32,  -10,  -10,  -49,    0,  -10,  -10,    0,    0,    0,    5,    4,    0,    0,   -5,    0,    0,    0,    0,    0,    0,    0,    0,    0,    0,    0,    0,    0,    0,    0,    0,    0,    0,    0,    0,    0,    0,    0,    0,    0,    0,    0,    0,  -54,    0,    0,    0,    0,    0,    0,    0,    0,    0,    0,    0,    0,    0,    0,    0,    0,  -10,    0,  -46,  -29,    0,  -32,  -28,    0,    0,    0,  -10,  -10,    0,    0,    0,    0,    0,    0,    0,    0,    0,    0,    0,    0,    0,    0,    0,    0,    0,    0,    0,    0,    0,    0,    0,    0,    0,    0,    0,    0,    0,    0,    0,    0,    0,    0,    0,  -11,    0,    0,    0,    0,    0,    0,    0,  -14,    0,    0,   -4,    0,    0,    0,    0,    0,    0,    0,    0,    0,    0,    0,    0,    0,    0,    0,    0,    0,    0,    0,    0,    0,    0,    0,    0,    0,    0,    0,    0,    0,    0,    0,    0,    0,    0,    0,    0,    0,    0,    0,    0,    0,    0,    0,    0,    0,    0,    0,    0,    0,    0,    0,    0,    0,    0,    0,    0,    0,    0,    0,    0,    0,    0,    0,    0,    0,    0,    0,    0,    0,    0,    0,    0,    0,    0,    0,    0,    0,    0,    0,    0,    0,    0,    0,    0,    0,    0,    0,    0,    0,    0,    0,    0,    0,    0,    0,    0,    0,    0,    0,    0,    0,    0,    0,    0,    0,    0,    0,    0,    0,    0,    0,    0,    0,    0,    0,    0,    0,    0,    0,    0,    0,    0,    0,
       0,    0,    0,   32,    0,    0,    0,    0,    0,    0,    0,    0,  -12,  -12,    0,    0,  -12,  -12,   -7,    4,   -4,    6,    0,    0,    7,    0,    0,    0,    0,    0,    0,    0,    0,    0,    0,    0,    0,    0,    0,    0,    0,    0,    0,    0,    0,    0,    0,    0,    0,    0,    0,    0,    0,    0,    0,    0,    0,    0,    0,    0,    0,    0,    0,    0,    0,    0,    0,    0,    0,    0,    4,  -12,   -5,    0,    0,    0,    0,   11,    0,    0,    0,  -12,  -12,    0,    0,    0,    0,    0,    0,    0,    0,    0,    0,    0,    0,    0,    0,    0,    0,    0,    0,    0,    0,    0,    0,    0,    0,    0,    0,    0,    0,    0,    0,    0,    0,    0,    0,    0,  -18,    0,    7,    0,    0,   -5,    0,    0,   -8,    0,    0,    0,    0,    0,    0,    0,    0,    0,    0,    0,    0,    0,    0,    0,    0,    0,    0,    0,    0,    0,    0,    0,    0,    0,    0,    0,    0,    0,    0,    0,    0,    0,    0,    0,    0,    0,    0,    0,    0,    0,    0,    0,    0,    0,    0,    0,    0,    0,    0,    0,    0,    0,    0,    0,    0,    0,    0,    0,    0,    0,    0,    0,    0,    0,    0,    0,    0,    0,    0,    0,    0,    0,    0,    0,    0,    0,    0,    0,    0,    0,    0,    0,    0,    0,    0,    0,    0,    0,    0,    0,    0,    0,    0,    0,    0,    0,    0,    0,    0,    0,    0,    0,    0,    0,    0,    0,    0,    0,    0,    0,    0,    0,    0,    0,    0,    0,    0,    0,    0,    0,    0,    0,    0,    0,    0,
       0,    0,    0,    0,    0,    0,    0,    0,    0,    0,    0,   -8,   -5,   -5,   -5,    0,   -5,   -5,   -5,  -11,    0,  -14,   -7,  -11,  -17,   -9,    0,    0,    0,    0,    0,    0,    0,    0,    0,    0,    0,    0,    0,    0,    0,    0,    0,    0,    0,    0,    0,    0,    0,    0,    0,    0,    0,    0,   -8,    0,    0,    0,    0,    0,    0,    0,    0,    0,    0,    0,    0,    0,    0,    0,  -11,   -5,   -6,    0,    0,  -10,   -8,    0,   -9,   -8,    0,   -5,   -5,  -11,   -8,   -7,   -7,    0,    0,    0,    0,    0,    0,    0,    0,    0,    0,    0,    0,    0,    0,    0,    0,    0,    0,    0,    0,    0,    0,    0,    0,    0,    0,    0,    0,    0,    0,    0,   -6,    0,  -17,    0,    0,    0,    0,    0,   -5,    0,    0,   -7,    0,    0,    0,    0,    0,    0,    0,    0,    0,    0,    0,    0,    0,    0,    0,    0,    0,    0,    0,    0,    0,    0,    0,    0,    0,    0,    0,    0,    0,    0,    0,    0,    0,    0,    0,    0,    0,    0,    0,    0,    0,    0,    0,    0,    0,    0,    0,    0,    0,    0,    0,    0,    0,    0,    0,    0,    0,    0,    0,    0,    0,    0,    0,    0,    0,    0,    0,    0,    0,    0,    0,    0,    0,    0,    0,    0,    0,    0,    0,    0,    0,    0,    0,    0,    0,    0,    0,    0,    0,    0,    0,    0,    0,    0,    0,    0,    0,    0,    0,    0,    0,    0,    0,    0,    0,    0,    0,    0,    0,    0,    0,    0,    0,    0,    0,    0,    0,    0,    0,    0,    0,    0,    0,
       0,    0,    0,    0,    0,    0,    0,    0,    0,    0,    0,  -26,   -4,   -4,  -49,    0,    0,    0,    0,    0,    0,    0,    0,  -10,    0,    0,    0,    0,    0,    0,    0,    0,    0,    0,    0,    0,    0,    0,    0,    0,    0,    0,    0,    0,    0,    0,    0,    0,    0,    0,    0,    0,    0,    0,  -39,    0,    0,    0,    0,    0,    0,    0,    0,    0,    0,    0,    0,    0,    0,    0,    0,   -4,    0,  -45,  -30,    0,  -26,  -29,  -12,   -6,    0,    0,    0,  -10,    0,    0,    0,    0,    0,    0,    0,    0,    0,    0,    0,    0,    0,    0,    0,    0,    0,    0,    0,    0,    0,    0,    0,    0,    0,    0,    0,    0,    0,    0,    0,    0,    0,    0,    0,    0,    0,    0,    0,    0,    0,    0,   -7,    0,    0,   -7,    0,    0,    0,    0,    0,    0,    0,    0,    0,    0,    0,    0,    0,    0,    0,    0,    0,    0,    0,    0,    0,    0,    0,    0,    0,    0,    0,    0,    0,    0,    0,    0,    0,    0,    0,    0,    0,    0,    0,    0,    0,    0,    0,    0,    0,    0,    0,    0,    0,    0,    0,    0,    0,    0,    0,    0,    0,    0,    0,    0,    0,    0,    0,    0,    0,    0,    0,    0,    0,    0,    0,    0,    0,    0,    0,    0,    0,    0,    0,    0,    0,    0,    0,    0,    0,    0,    0,    0,    0,    0,    0,    0,    0,    0,    0,    0,    0,    0,    0,    0,    0,    0,    0,    0,    0,    0,    0,    0,    0,    0,    0,    0,    0,    0,    0,    0,    0,    0,    0,    0,    0,    0,    0,
       0,    0,    0,    0,    0,    0,    0,    0,    0,    0,    0,   10,  -12,  -12,   11,    0,  -13,  -13,    6,  -28,   -9,  -31,  -16,    4,  -32,    8,    0,    0,    0,    0,    0,    0,    0,    0,    0,    0,    0,    0,    0,    0,    0,    0,    0,    0,    0,    0,    0,    0,    0,    0,    0,    0,    0,    0,    8,    0,    0,    0,    0,    0,    0,    0,    0,    0,    0,    0,    0,    0,    0,    0,  -28,  -12,    0,    0,    0,    0,   10,    7,    0,    0,    0,  -13,  -13,    4,  -47,    0,    0,    0,    0,    0,    0,    0,    0,    0,    0,    0,    0,    0,    0,    0,    0,    0,    0,    0,    0,    0,    0,    0,    0,    0,    0,    0,    0,    0,    0,    0,    0,    0,  -17,    0,  -32,    0,    0,  -40,    0,    0,  -12,    0,    0,    0,    0,    0,    0,    0,    0,    0,    0,    0,    0,    0,    0,    0,    0,    0,    0,    0,    0,    0,    0,    0,    0,    0,    0,    0,    0,    0,    0,    0,    0,    0,    0,    0,    0,    0,    0,    0,    0,    0,    0,    0,    0,    0,    0,    0,    0,    0,    0,    0,    0,    0,    0,    0,    0,    0,    0,    0,    0,    0,    0,    0,    0,    0,    0,    0,    0,    0,    0,    0,    0,    0,    0,    0,    0,    0,    0,    0,    0,    0,    0,    0,    0,    0,    0,    0,    0,    0,    0,    0,    0,    0,    0,    0,    0,    0,    0,    0,    0,    0,    0,    0,    0,    0,    0,    0,    0,    0,    0,    0,    0,    0,    0,    0,    0,    0,    0,    0,    0,    0,    0,    0,    0,    0,    0,
       0,    0,    0,    0,    0,    0,    0,    0,    0,    0,    0,    0,    0,    0,  -11,    0,    0,    0,    0,  -20,    0,   -5,    0,  -12,  -20,   -6,    0,    0,    0,    0,    0,    0,    0,    0,    0,    0,    0,    0,    0,    0,    0,    0,    0,    0,    0,    0,    0,    0,    0,    0,    0,    0,    0,    0,   -6,    0,    0,    0,    0,    0,    0,    0,    0,    0,    0,    0,    0,    0,    0,    0,  -20,    6,   -4,   -9,  -14,  -16,    0,   -9,  -16,   -6,    0,    6,    0,  -12,    0,   -7,    0,    0,    0,    0,    0,    0,    0,    0,    0,    0,    0,    0,    0,    0,    0,    0,    0,    0,    0,    0,    0,    0,    0,    0,    0,    0,    0,    0,    0,    0,    0,    0,    6,    0,  -20,    0,    0,    0,    0,    0,    6,    0,    0,   -9,    0,    0,    0,    0,    0,    0,    0,    0,    0,    0,    0,    0,    0,    0,    0,    0,    0,    0,    0,    0,    0,    0,    0,    0,    0,    0,    0,    0,    0,    0,    0,    0,    0,    0,    0,    0,    0,    0,    0,    0,    0,    0,    0,    0,    0,    0,    0,    0,    0,    0,    0,    0,    0,    0,    0,    0,    0,    0,    0,    0,    0,    0,    0,    0,    0,    0,    0,    0,    0,    0,    0,    0,    0,    0,    0,    0,    0,    0,    0,    0,    0,    0,    0,    0,    0,    0,    0,    0,    0,    0,    0,    0,    0,    0,    0,    0,    0,    0,    0,    0,    0,    0,    0,    0,    0,    0,    0,    0,    0,    0,    0,    0,    0,    0,    0,    0,    0,    0,    0,    0,    0,    0,    0,
       0,    0,    0,    0,    0,    0,    0,    0,    0,    0,    0,  -20,  -11,  -11,  -28,    0,  -10,  -10,    0,   12,    0,   13,    9,    8,   14,    4,    0,    0,    0,    0,    0,    0,    0,    0,    0,    0,    0,    0,    0,    0,    0,    0,    0,    0,    0,    0,    0,    0,    0,    0,    0,    0,    0,    0,  -31,    0,    0,    0,    0,    0,    0,    0,    0,    0,    0,    0,    0,    0,    0,    0,   12,  -11,    0,  -25,  -24,   10,  -20,  -24,    7,    0,    0,  -10,  -10,    8,    0,    8,    0,    0,    0,    0,    0,    0,    0,    0,    0,    0,    0,    0,    0,    0,    0,    0,    0,    0,    0,    0,    0,    0,    0,    0,    0,    0,    0,    0,    0,    0,    0,    0,   -8,    0,   14,    0,    0,    0,    0,    0,    0,    0,    0,    0,    0,    0,    0,    0,    0,    0,    0,    0,    0,    0,    0,    0,    0,    0,    0,    0,    0,    0,    0,    0,    0,    0,    0,    0,    0,    0,    0,    0,    0,    0,    0,    0,    0,    0,    0,    0,    0,    0,    0,    0,    0,    0,    0,    0,    0,    0,    0,    0,    0,    0,    0,    0,    0,    0,    0,    0,    0,    0,    0,    0,    0,    0,    0,    0,    0,    0,    0,    0,    0,    0,    0,    0,    0,    0,    0,    0,    0,    0,    0,    0,    0,    0,    0,    0,    0,    0,    0,    0,    0,    0,    0,    0,    0,    0,    0,    0,    0,    0,    0,    0,    0,    0,    0,    0,    0,    0,    0,    0,    0,    0,    0,    0,    0,    0,    0,    0,    0,    0,    0,    0,    0,    0,    0,
       0,    0,    0,    0,    0,    0,    0,    0,    0,    0,    0,    0,   -4,   -4,    0,    0,   -4,   -4,    0,  -34,   -5,   -8,   -5,    0,  -16,    0,    0,    0,    0,    0,    0,    0,    0,    0,    0,    0,    0,    0,    0,    0,    0,    0,    0,    0,    0,    0,    0,    0,    0,    0,    0,    0,    0,    0,    0,    0,    0,    0,    0,    0,    0,    0,    0,    0,    0,    0,    0,    0,    0,    0,  -34,   -4,    0,    0,    0,    0,    0,    0,    0,    0,    0,   -4,   -4,    0,    0,    0,    0,    0,    0,    0,    0,    0,    0,    0,    0,    0,    0,    0,    0,    0,    0,    0,    0,    0,    0,    0,    0,    0,    0,    0,    0,    0,    0,    0,    0,    0,    0,    0,    0,    0,  -16,    0,    0,    0,    0,    0,   -9,    0,    0,    0,    0,    0,    0,    0,    0,    0,    0,    0,    0,    0,    0,    0,    0,    0,    0,    0,    0,    0,    0,    0,    0,    0,    0,    0,    0,    0,    0,    0,    0,    0,    0,    0,    0,    0,    0,    0,    0,    0,    0,    0,    0,    0,    0,    0,    0,    0,    0,    0,    0,    0,    0,    0,    0,    0,    0,    0,    0,    0,    0,    0,    0,    0,    0,    0,    0,    0,    0,    0,    0,    0,    0,    0,    0,    0,    0,    0,    0,    0,    0,    0,    0,    0,    0,    0,    0,    0,    0,    0,    0,    0,    0,    0,    0,    0,    0,    0,    0,    0,    0,    0,    0,    0,    0,    0,    0,    0,    0,    0,    0,    0,    0,    0,    0,    0,    0,    0,    0,    0,    0,    0,    0,    0,    0,
       0,    0,    0,    0,    0,    0,    0,    0,    0,    0,    0,  -10,   -4,   -4,  -10,    0,   -4,   -4,   -7,  -18,   -5,  -14,   -9,  -16,  -22,  -14,    0,    0,    0,    0,    0,    0,    0,    0,    0,    0,    0,    0,    0,    0,    0,    0,    0,    0,    0,    0,    0,    0,    0,    0,    0,    0,    0,    0,  -15,    0,    0,    0,    0,    0,    0,    0,    0,    0,    0,    0,    0,    0,    0,    0,  -18,   -4,   -6,   -9,   -9,  -16,  -10,   -8,  -18,  -12,    0,   -4,   -4,  -16,   -5,  -11,   -6,    0,    0,    0,    0,    0,    0,    0,    0,    0,    0,    0,    0,    0,    0,    0,    0,    0,    0,    0,    0,    0,    0,    0,    0,    0,    0,    0,    0,    0,    0,    0,    0,    0,  -22,    0,    0,    0,    0,    0,    0,    0,    0,  -11,    0,    0,    0,    0,    0,    0,    0,    0,    0,    0,    0,    0,    0,    0,    0,    0,    0,    0,    0,    0,    0,    0,    0,    0,    0,    0,    0,    0,    0,    0,    0,    0,    0,    0,    0,    0,    0,    0,    0,    0,    0,    0,    0,    0,    0,    0,    0,    0,    0,    0,    0,    0,    0,    0,    0,    0,    0,    0,    0,    0,    0,    0,    0,    0,    0,    0,    0,    0,    0,    0,    0,    0,    0,    0,    0,    0,    0,    0,    0,    0,    0,    0,    0,    0,    0,    0,    0,    0,    0,    0,    0,    0,    0,    0,    0,    0,    0,    0,    0,    0,    0,    0,    0,    0,    0,    0,    0,    0,    0,    0,    0,    0,    0,    0,    0,    0,    0,    0,    0,    0,    0,    0,    0,
       0,  -31,   -8,    0,  -25,   10,    0,    7,    0,    0,   -6,   13,   -8,   -8,   12,    0,   -8,   -8,    6,  -26,   -4,  -25,   -7,   10,  -32,    8,    0,    0,  -11,    0,    0,   -5,   -5,   -5,    0,   -6,    0,    0,    0,    0,   -5,   -5,    5,    0,   -6,   -8,   -8,   10,   -6,    6,   -8,   -4,   -8,    0,   14,    0,    0,    0,    0,   -5,    0,    0,    0,    0,    0,    0,    0,    0,  -21,    0,    0,    0,    0,    0,    0,    0,    0,    0,    0,    0,    0,    0,    0,    0,    0,    0,    0,    0,    0,    0,    0,    0,    0,    0,    0,    0,    0,    0,    0,    0,    0,    0,    0,    0,    0,    0,    0,    0,    0,    0,    0,    0,    0,    0,    0,    0,    0,    0,    0,    0,    0,    0,    0,    0,    0,    0,    0,    0,    0,    0,    0,    0,    0,    0,    0,    0,    0,    0,    0,    0,    0,    0,  -28,  -27,   10,    0,    0,    0,    0,    0,    0,    0,    0,    0,    0,    0,    0,    0,    0,    0,    0,    0,    0,    0,    0,    0,    0,    0,    0,    0,    0,    0,    0,    0,    0,    0,    0,    0,    0,    0,    0,    0,    0,    0,    0,    0,    0,    0,    0,    0,    0,    0,    0,    0,    0,    0,    0,    0,    0,    0,    0,    0,    0,    0,    0,    0,    0,    0,    0,    0,    0,    0,    0,    0,    0,    0,    0,    0,    0,    0,    0,    0,    0,    0,    0,    0,    0,    0,    0,    0,    0,    0,    0,    0,    0,    0,    0,    0,    0,    0,    0,    0,    0,    0,    0,    0,    0,    0,    0,    0,    0,    0,    0,
       0,   -4,   -4,  -10,   -4,   -4,    0,   -8,   -4,   -8,    0,    0,    0,    0,    0,    0,    0,    0,    0,    0,    0,   -8,   -5,   -8,  -10,    0,    0,    0,  -14,    0,    0,    0,    0,    0,    0,    0,    0,    0,    0,    0,    0,    0,    0,    0,    0,    0,    0,    0,    0,   -5,    0,   -9,    0,    0,   -5,    0,    0,    0,    0,    0,    0,    0,    0,    0,    0,    0,    0,    0,   -6,    0,    0,    0,    0,    0,    0,    0,    0,    0,    0,    0,    0,    0,    0,    0,    0,    0,    0,    0,    0,    0,    0,    0,    0,    0,    0,    0,    0,    0,    0,    0,    0,    0,    0,    0,    0,    0,    0,    0,    0,    0,    0,    0,    0,    0,    0,    0,    0,    0,    0,    0,    0,    0,    0,    0,    0,    0,    0,    0,    0,    0,    0,    0,    0,    0,    0,    0,    0,    0,    0,    0,    0,    0,    0,    0,    0,    0,    0,    0,    0,    0,    0,    0,    0,    0,    0,    0,    0,    0,    0,    0,    0,    0,    0,    0,    0,    0,    0,    0,    0,    0,    0,    0,    0,    0,    0,    0,    0,    0,    0,    0,    0,    0,    0,    0,    0,    0,    0,    0,    0,    0,    0,    0,    0,    0,    0,    0,    0,    0,    0,    0,    0,    0,    0,    0,    0,    0,    0,    0,    0,    0,    0,    0,    0,    0,    0,    0,    0,    0,    0,    0,    0,    0,    0,    0,    0,    0,    0,    0,    0,    0,    0,    0,    0,    0,    0,    0,    0,    0,    0,    0,    0,    0,    0,    0,    0,    0,    0,    0,    0,    0,    0,    0,    0,
       0,    0,   -9,    0,    0,    9,  -12,    0,    0,    6,   -7,    9,   -8,   -8,    9,    0,   -8,   -8,    4,    7,    0,    7,    0,    5,    7,    4,   -4,    0,    0,    0,    0,   -6,   -6,   -6,    0,   -6,    0,    0,    0,    0,   -6,   -6,    0,    0,   -8,   -6,   -7,    6,   -6,    0,  -11,    0,  -18,    0,    9,    0,    0,    0,    0,   -6,    0,    0,    0,    0,    0,    0,    0,    0,    0,    0,    0,    0,    0,    0,    0,    0,    0,    0,    0,    0,    0,    0,    0,    0,    0,    0,    0,    0,    0,    0,    0,    0,    0,    0,    0,    0,    0,    0,    0,    0,    0,    0,    0,    0,    0,    0,    0,    0,    0,    0,    0,    0,    0,    0,    0,    0,    0,    0,    0,    0,    0,    0,    0,    0,    0,    0,    0,    0,    0,    0,    0,    0,    0,    0,    0,    0,    0,    0,    0,    0,    0,    0,    0,    5,    7,    0,    0,    0,    0,    0,    0,    0,    0,    0,    0,    0,    0,    0,    0,    0,    0,    0,    0,    0,    0,    0,    0,    0,    0,    0,    0,    0,    0,    0,    0,    0,    0,    0,    0,    0,    0,    0,    0,    0,    0,    0,    0,    0,    0,    0,    0,    0,    0,    0,    0,    0,    0,    0,    0,    0,    0,    0,    0,    0,    0,    0,    0,    0,    0,    0,    0,    0,    0,    0,    0,    0,    0,    0,    0,    0,    0,    0,    0,    0,    0,    0,    0,    0,    0,    0,    0,    0,    0,    0,    0,    0,    0,    0,    0,    0,    0,    0,    0,    0,    0,    0,    0,    0,    0,    0,    0,    0,    0,
      -6,  -10,   -5,  -13,    0,  -13,    0,  -17,    0,  -16,   -4,   -8,    0,    0,  -10,    0,    0,    0,   -4,  -11,    0,   -7,   -7,  -10,  -16,   -6,   -4,    0,  -17,   -6,    0,    0,    0,    0,    0,    0,    0,    0,    0,    0,    0,    0,    0,    0,    0,    0,    0,    0,    0,    0,    0,  -12,    0,    0,  -17,    0,    0,    0,    0,    0,    0,    0,    0,    0,    0,    0,  -12,    0,  -12,    0,    0,    0,    0,    0,    0,    0,    0,    0,    0,    0,    0,    0,    0,    0,    0,    0,    0,    0,    0,    0,    0,    0,    0,    0,    0,    0,    0,    0,    0,    0,    0,    0,    0,    0,    0,    0,    0,    0,    0,    0,    0,    0,    0,    0,    0,    0,    0,    0,    0,    0,    0,    0,    0,    0,    0,    0,    0,    0,    0,    0,    0,    0,    0,    0,    0,    0,    0,    0,    0,    0,    0,    0,   -8,   -5,  -14,    0,    0,    0,    0,    0,    0,    0,    0,    0,    0,    0,    0,    0,    0,    0,    0,    0,    0,    0,    0,    0,    0,    0,    0,    0,    0,    0,    0,    0,    0,    0,    0,    0,    0,    0,    0,    0,    0,    0,    0,    0,    0,    0,    0,    0,    0,    0,    0,    0,    0,    0,    0,    0,    0,    0,    0,    0,    0,    0,    0,    0,    0,    0,    0,    0,    0,    0,    0,    0,    0,    0,    0,    0,    0,    0,    0,    0,    0,    0,    0,    0,    0,    0,    0,    0,    0,    0,    0,    0,    0,    0,    0,    0,    0,    0,    0,    0,    0,    0,    0,    0,    0,    0,    0,    0,    0,    0,    0,
       0,   -6,   -8,    0,   -5,    4,    0,    0,    0,    0,   -6,    7,  -11,  -11,    7,    0,  -11,  -11,    0,    0,   -9,    0,    0,    0,    0,    0,   -7,    0,  -17,    0,    0,   -6,   -7,   -6,    0,   -9,    0,    0,    0,    0,   -7,   -6,    0,   -6,   -8,  -10,  -10,    4,  -10,    0,   -8,   -9,   -9,    0,    7,    0,    0,    0,    0,   -6,    0,    0,    0,    0,    0,    0,    0,    0,    0,    0,    0,    0,    0,    0,    0,    0,    0,    0,    0,    0,    0,    0,    0,    0,    0,    0,    0,    0,    0,    0,    0,    0,    0,    0,    0,    0,    0,    0,    0,    0,    0,    0,    0,    0,    0,    0,    0,    0,    0,    0,    0,    0,    0,    0,    0,    0,    0,    0,    0,    0,    0,    0,    0,    0,    0,    0,    0,    0,    0,    0,    0,    0,    0,    0,    0,    0,    0,    0,    0,    0,    0,    0,   -5,    0,    0,    0,    0,    0,    0,    0,    0,    0,    0,    0,    0,    0,    0,    0,    0,    0,    0,    0,    0,    0,    0,    0,    0,    0,    0,    0,    0,    0,    0,    0,    0,    0,    0,    0,    0,    0,    0,    0,    0,    0,    0,    0,    0,    0,    0,    0,    0,    0,    0,    0,    0,    0,    0,    0,    0,    0,    0,    0,    0,    0,    0,    0,    0,    0,    0,    0,    0,    0,    0,    0,    0,    0,    0,    0,    0,    0,    0,    0,    0,    0,    0,    0,    0,    0,    0,    0,    0,    0,    0,    0,    0,    0,    0,    0,    0,    0,    0,    0,    0,    0,    0,    0,    0,    0,    0,    0,    0,    0,    0,
      -4,    0,  -10,    0,    0,  -26,    0,  -24,   -7,    5,   -7,  -18,   -5,   -5,  -32,    0,   -5,   -5,    0,    6,    0,    7,    0,    0,    8,    0,   -6,    0,  -16,  -20,    0,   -6,   -6,   -6,    0,   -6,    0,    0,    0,  -11,   -6,   -6,    0,    0,  -10,    0,    0,  -14,    0,  -10,    0,    0,    0,   -8,  -30,    0,    0,    0,    0,   -6,    0,    0,    0,    0,  -10,   -7,    0,    0,    0,    0,    0,    0,    0,    0,    0,    0,    0,    0,    0,    0,    0,    0,    0,    0,    0,    0,    0,    0,    0,    0,    0,    0,    0,    0,    0,    0,    0,    0,    0,    0,    0,    0,    0,    0,    0,    0,    0,    0,    0,    0,    0,    0,    0,    0,    0,    0,    0,    0,    0,    0,    0,    0,    0,    0,    0,    0,    0,    0,    0,    0,    0,    0,    0,    0,    0,    0,    0,    0,    0,    0,    0,    0,    0,    0,  -41,    0,    0,    0,    0,    0,    0,    0,    0,    0,    0,    0,    0,    0,    0,    0,    0,    0,    0,    0,    0,    0,    0,    0,    0,    0,    0,    0,    0,    0,    0,    0,    0,    0,    0,    0,    0,    0,    0,    0,    0,    0,    0,    0,    0,    0,    0,    0,    0,    0,    0,    0,    0,    0,    0,    0,    0,    0,    0,    0,    0,    0,    0,    0,    0,    0,    0,    0,    0,    0,    0,    0,    0,    0,    0,    0,    0,    0,    0,    0,    0,    0,    0,    0,    0,    0,    0,    0,    0,    0,    0,    0,    0,    0,    0,    0,    0,    0,    0,    0,    0,    0,    0,    0,    0,    0,    0,    0,    0,
       0,    0,    0,   -4,  -10,    0,    0,    0,    0,    0,    0,    0,    0,    0,    0,    0,    0,    0,    0,    0,    0,    0,    0,    0,    0,    0,    0,    0,   -4,    0,    0,    0,    0,    0,    0,    0,    0,    0,    0,    0,    0,    0,    0,    0,    0,   -7,    0,    0,   -7,    0,    0,   -4,    0,    0,    0,    0,    0,    0,    0,    0,    0,    0,    0,    0,    0,    0,    0,    0,    0,    0,    0,    0,    0,    0,    0,    0,    0,    0,    0,    0,    0,    0,    0,    0,    0,    0,    0,    0,    0,    0,    0,    0,    0,    0,    0,    0,    0,    0,    0,    0,    0,    0,    0,    0,    0,    0,    0,    0,    0,    0,    0,    0,    0,    0,    0,    0,    0,    0,    0,    0,    0,    0,    0,    0,    0,    0,    0,    0,    0,    0,    0,    0,    0,    0,    0,    0,    0,    0,    0,    0,    0,    0,    0,    0,    0,    0,    0,    0,    0,    0,    0,    0,    0,    0,    0,    0,    0,    0,    0,    0,    0,    0,    0,    0,    0,    0,    0,    0,    0,    0,    0,    0,    0,    0,    0,    0,    0,    0,    0,    0,    0,    0,    0,    0,    0,    0,    0,    0,    0,    0,    0,    0,    0,    0,    0,    0,    0,    0,    0,    0,    0,    0,    0,    0,    0,    0,    0,    0,    0,    0,    0,    0,    0,    0,    0,    0,    0,    0,    0,    0,    0,    0,    0,    0,    0,    0,    0,    0,    0,    0,    0,    0,    0,    0,    0,    0,    0,    0,    0,    0,    0,    0,    0,    0,    0,    0,    0,    0,    0,    0,    0,    0,    0,
       0,    0,    0,   -4,    0,   -4,    0,  -14,    0,    0,    0,   -4,    0,    0,   -6,    0,    0,    0,    0,    0,    0,    0,    0,    0,    0,   -7,    0,    0,  -14,    0,    0,    0,    0,    0,    0,    0,    0,    0,    0,    0,    0,    0,    0,    0,    0,    0,    0,    0,    0,   -7,    0,   -8,    0,    0,  -10,    0,    0,    0,    0,    0,    0,    0,    0,    0,    0,    0,   -6,    0,    0,    0,    0,    0,    0,    0,    0,    0,    0,    0,    0,    0,    0,    0,    0,    0,    0,    0,    0,    0,    0,    0,    0,    0,    0,    0,    0,    0,    0,    0,    0,    0,    0,    0,    0,    0,    0,    0,    0,    0,    0,    0,    0,    0,    0,    0,    0,    0,    0,    0,    0,    0,    0,    0,    0,    0,    0,    0,    0,    0,    0,    0,    0,    0,    0,    0,    0,    0,    0,    0,    0,    0,    0,    0,    0,    0,   -5,    0,    0,    0,    0,    0,    0,    0,    0,    0,    0,    0,    0,    0,    0,    0,    0,    0,    0,    0,    0,    0,    0,    0,    0,    0,    0,    0,    0,    0,    0,    0,    0,    0,    0,    0,    0,    0,    0,    0,    0,    0,    0,    0,    0,    0,    0,    0,    0,    0,    0,    0,    0,    0,    0,    0,    0,    0,    0,    0,    0,    0,    0,    0,    0,    0,    0,    0,    0,    0,    0,    0,    0,    0,    0,    0,    0,    0,    0,    0,    0,    0,    0,    0,    0,    0,    0,    0,    0,    0,    0,    0,    0,    0,    0,    0,    0,    0,    0,    0,    0,    0,    0,    0,    0,    0,    0,    0,    0,
       0,    0,   -7,    0,  -13,    6,  -19,    7,    0,    4,   -8,   14,  -14,  -14,   11,    0,  -14,  -14,    0,    7,    0,    8,    4,   10,    9,    8,    0,    0,  -10,    0,    0,   -8,   -8,   -8,    0,   -8,    0,    0,    0,    0,   -8,   -8,    6,    0,   -5,   -6,  -19,   11,   -4,    6,   -8,    0,  -24,    0,   14,    0,    0,    0,    8,  -10,    4,    4,    0,    0,    0,   -5,    0,    0,    0,    0,    0,    0,    0,    0,    0,    0,    0,    0,    0,    0,    0,    0,    0,    0,    0,    0,    0,    0,    0,    0,    0,    0,    0,    0,    0,    0,    0,    0,    0,    0,    0,    0,    0,    0,    0,    0,    0,    0,    0,    0,    0,    0,    0,    0,    0,    0,    0,    0,    0,    0,    0,    0,    0,    0,    0,    0,    0,    0,    0,    0,    0,    0,    0,    0,    0,    0,    0,    0,    0,    0,    0,    0,    0,    0,    6,    0,    0,    0,    0,    0,    0,    0,    0,    0,    0,    0,    0,    0,    0,    0,    0,    0,    0,    0,    0,    0,    0,    0,    0,    0,    0,    0,    0,    0,    0,    0,    0,    0,    0,    0,    0,    0,    0,    0,    0,    0,    0,    0,    0,    0,    0,    0,    0,    0,    0,    0,    0,    0,    0,    0,    0,    0,    0,    0,    0,    0,    0,    0,    0,    0,    0,    0,    0,    0,    0,    0,    0,    0,    0,    0,    0,    0,    0,    0,    0,    0,    0,    0,    0,    0,    0,    0,    0,    0,    0,    0,    0,    0,    0,    0,    0,    0,    0,    0,    0,    0,    0,    0,    0,    0,    0,    0,    0,
       0,  -50,   -4,    0,  -56,    9,  -28,    5,    0,    0,    0,   11,  -18,  -18,   11,    0,  -18,  -18,    6,  -46,   -7,  -40,  -18,    8,  -46,    6,    0,    0,  -13,    0,    0,   -5,   -5,   -5,    0,   -5,    0,    0,    0,    0,   -5,   -5,    0,    0,    0,  -16,  -15,    8,   -8,    4,  -10,   -6,  -16,    4,   12,    0,    0,    0,    0,    0,    0,    0,    0,    0,    0,    0,    0,    0,  -34,    0,    0,    0,    0,    0,    0,    0,    0,    0,    0,    0,    0,    0,    0,    0,    0,    0,    0,    0,    0,    0,    0,    0,    0,    0,    0,    0,    0,    0,    0,    0,    0,    0,    0,    0,    0,    0,    0,    0,    0,    0,    0,    0,    0,    0,    0,    0,    0,    0,    0,    0,    0,    0,    0,    0,    0,    0,    0,    0,    0,    0,    0,    0,    0,    0,    0,    0,    0,    0,    0,    0,    0,    0,  -48,  -47,    6,    0,    0,    0,    0,    0,    0,    0,    0,    0,    0,    0,    0,    0,    0,    0,    0,    0,    0,    0,    0,    0,    0,    0,    0,    0,    0,    0,    0,    0,    0,    0,    0,    0,    0,    0,    0,    0,    0,    0,    0,    0,    0,    0,    0,    0,    0,    0,    0,    0,    0,    0,    0,    0,    0,    0,    0,    0,    0,    0,    0,    0,    0,    0,    0,    0,    0,    0,    0,    0,    0,    0,    0,    0,    0,    0,    0,    0,    0,    0,    0,    0,    0,    0,    0,    0,    0,    0,    0,    0,    0,    0,    0,    0,    0,    0,    0,    0,    0,    0,    0,    0,    0,    0,    0,    0,    0,    0,    0,
       0,    0,    0,    0,    0,    0,    0,    0,    0,    0,    0,    0,    0,    0,    0,    0,    0,    0,    0,    0,    0,   -2,    0,    0,   -3,    0,    0,    0,    0,    0,    0,    0,    0,    0,    0,    0,    0,    0,    0,    0,    0,    0,    0,    0,    0,    0,    0,    0,    0,    0,    0,    0,    0,    0,    0,    0,    0,    0,    0,    0,    0,    0,    0,    0,    0,    0,    0,    0,    0,    0,    0,    0,    0,    0,    0,    0,    0,    0,    0,    0,    0,    0,    0,    0,    0,    0,    0,    0,    0,    0,    0,    0,    0,    0,    0,    0,    0,    0,    0,    0,    0,    0,    0,    0,    0,    0,    0,    0,    0,    0,    0,    0,    0,    0,    0,    0,    0,    0,    0,    0,    0,    0,    0,    0,    0,    0,    0,    0,    0,    0,    0,    0,    0,    0,    0,    0,    0,    0,    0,    0,    0,    0,    0,    0,    0,    0,    0,    0,    0,    0,    0,    0,    0,    0,    0,    0,    0,    0,    0,    0,    0,    0,    0,    0,    0,    0,    0,    0,    0,    0,    0,    0,    0,    0,    0,    0,    0,    0,    0,    0,    0,    0,    0,    0,    0,    0,    0,    0,    0,    0,    0,    0,    0,    0,    0,    0,    0,    0,    0,    0,    0,    0,    0,    0,    0,    0,    0,    0,    0,    0,    0,    0,    0,    0,    0,    0,    0,    0,    0,    0,    0,    0,    0,    0,    0,    0,    0,    0,    0,    0,    0,    0,    0,    0,    0,    0,    0,    0,    0,    0,    0,    0,    0,    0,    0,    0,    0,    0,    0,    0,    0,    0,    0,
      -6,   -9,   -5,  -11,    0,  -13,    0,  -17,    0,  -14,   -4,   -8,    0,    0,  -10,    0,    0,    0,   -4,  -11,    0,   -7,   -6,  -10,  -16,   -6,   -4,    0,  -17,   -5,    0,    0,    0,    0,    0,    0,    0,    0,    0,    0,    0,    0,    0,    0,    0,    0,    0,    0,    0,    0,    0,  -12,    0,    0,  -16,    0,    0,    0,    0,    0,    0,    0,    0,    0,    0,    0,  -11,    0,  -10,    0,    0,    0,    0,    0,    0,    0,    0,    0,    0,    0,    0,    0,    0,    0,    0,    0,    0,    0,    0,    0,    0,    0,    0,    0,    0,    0,    0,    0,    0,    0,    0,    0,    0,    0,    0,    0,    0,    0,    0,    0,    0,    0,    0,    0,    0,    0,    0,    0,    0,    0,    0,    0,    0,    0,    0,    0,    0,    0,    0,    0,    0,    0,    0,    0,    0,    0,    0,    0,    0,    0,    0,    0,   -6,   -4,  -12,    0,    0,    0,    0,    0,    0,    0,    0,    0,    0,    0,    0,    0,    0,    0,    0,    0,    0,    0,    0,    0,    0,    0,    0,    0,    0,    0,    0,    0,    0,    0,    0,    0,    0,    0,    0,    0,    0,    0,    0,    0,    0,    0,    0,    0,    0,    0,    0,    0,    0,    0,    0,    0,    0,    0,    0,    0,    0,    0,    0,    0,    0,    0,    0,    0,    0,    0,    0,    0,    0,    0,    0,    0,    0,    0,    0,    0,    0,    0,    0,    0,    0,    0,    0,    0,    0,    0,    0,    0,    0,    0,    0,    0,    0,    0,    0,    0,    0,    0,    0,    0,    0,    0,    0,    0,    0,    0,    0,
      -4,    0,   -5,  -10,    0,  -36,    0,  -25,    0,    0,    0,  -20,    0,    0,  -38,    0,    0,    0,    0,    0,    0,    0,    0,   -7,    0,    0,   -6,    0,  -16,   -8,    0,   -8,   -8,  -13,    0,   -8,    0,    0,    0,    0,   -8,   -4,    0,    0,    0,    4,    4,    0,    4,    0,    0,  -10,   -7,    0,  -34,    0,    0,    0,    0,   -6,    0,    0,    0,    0,    0,    0,    0,    0,    0,    0,    0,    0,    0,    0,    0,    0,    0,    0,    0,    0,    0,    0,    0,    0,    0,    0,    0,    0,    0,    0,    0,    0,    0,    0,    0,    0,    0,    0,    0,    0,    0,    0,    0,    0,    0,    0,    0,    0,    0,    0,    0,    0,    0,    0,    0,    0,    0,    0,    0,    0,    0,    0,    0,    0,    0,    0,    0,    0,    0,    0,    0,    0,    0,    0,    0,    0,    0,    0,    0,    0,    0,    0,    0,    4,  -46,    0,    0,    0,    0,    0,    0,    0,    0,    0,    0,    0,    0,    0,    0,    0,    0,    0,    0,    0,    0,    0,    0,    0,    0,    0,    0,    0,    0,    0,    0,    0,    0,    0,    0,    0,    0,    0,    0,    0,    0,    0,    0,    0,    0,    0,    0,    0,    0,    0,    0,    0,    0,    0,    0,    0,    0,    0,    0,    0,    0,    0,    0,    0,    0,    0,    0,    0,    0,    0,    0,    0,    0,    0,    0,    0,    0,    0,    0,    0,    0,    0,    0,    0,    0,    0,    0,    0,    0,    0,    0,    0,    0,    0,    0,    0,    0,    0,    0,    0,    0,    0,    0,    0,    0,    0,    0,    0,    0,
      -6,   -9,   -5,    0,    0,  -13,    0,    0,    0,  -14,   -4,   -8,    0,    0,  -10,    0,    0,    0,   -4,  -11,    0,   -7,   -6,  -10,  -16,   -6,   -4,    0,    0,   -6,    0,    0,    0,    0,    0,    0,    0,    6,    0,    0,    0,    0,    0,    0,    0,    0,    0,    0,    0,    0,    0,    0,    0,    0,  -16,    0,    0,    0,    0,    0,    0,    0,    0,    0,    0,    0,  -11,    0,    0,    0,    0,    0,    0,    0,    0,    0,    0,    0,    0,    0,    0,    0,    0,    0,    0,    0,    0,    0,    0,    0,    0,    0,    0,    0,    0,    0,    0,    0,    0,    0,    0,    0,    0,    0,    0,    0,    0,    0,    0,    0,    0,    0,    0,    0,    0,    0,    0,    0,    0,    0,    0,    0,    0,    0,    0,    0,    0,    0,    0,    0,    0,    0,    0,    0,    0,    0,    0,    0,    0,    0,    0,    0,   -6,   -4,   -8,    0,    0,    0,    0,    0,    0,    0,    0,    0,    0,    0,    0,    0,    0,    0,    0,    0,    0,    0,    0,    0,    0,    0,    0,    0,    0,    0,    0,    0,    0,    0,    0,    0,    0,    0,    0,    0,    0,    0,    0,    0,    0,    0,    0,    0,    0,    0,    0,    0,    0,    0,    0,    0,    0,    0,    0,    0,    0,    0,    0,    0,    0,    0,    0,    0,    0,    0,    0,    0,    0,    0,    0,    0,    0,    0,    0,    0,    0,    0,    0,    0,    0,    0,    0,    0,    0,    0,    0,    0,    0,    0,    0,    0,    0,    0,    0,    0,    0,    0,    0,    0,    0,    0,    0,    0,    0,    0,    0,
       0,    0,   -5,    0,    0,    6,    0,    5,    0,   -5,   -6,   11,   -4,   -4,    9,    0,   -4,   -4,    0,    0,    0,   -4,    0,    8,   -8,    6,    0,    0,  -13,    0,    0,    0,    0,    0,    0,    0,    0,    0,    0,    0,    0,    0,    0,    0,    0,    0,    0,    8,    0,    4,   -7,   -6,   -8,    0,   12,    0,    0,    0,    0,   -6,    0,    0,    0,    0,    0,    0,    0,    0,    0,    0,    0,    0,    0,    0,    0,    0,    0,    0,    0,    0,    0,    0,    0,    0,    0,    0,    0,    0,    0,    0,    0,    0,    0,    0,    0,    0,    0,    0,    0,    0,    0,    0,    0,    0,    0,    0,    0,    0,    0,    0,    0,    0,    0,    0,    0,    0,    0,    0,    0,    0,    0,    0,    0,    0,    0,    0,    0,    0,    0,    0,    0,    0,    0,    0,    0,    0,    0,    0,    0,    0,    0,    0,    0,    0,    6,    0,    0,    0,    0,    0,    0,    0,    0,    0,    0,    0,    0,    0,    0,    0,    0,    0,    0,    0,    0,    0,    0,    0,    0,    0,    0,    0,    0,    0,    0,    0,    0,    0,    0,    0,    0,    0,    0,    0,    0,    0,    0,    0,    0,    0,    0,    0,    0,    0,    0,    0,    0,    0,    0,    0,    0,    0,    0,    0,    0,    0,    0,    0,    0,    0,    0,    0,    0,    0,    0,    0,    0,    0,    0,    0,    0,    0,    0,    0,    0,    0,    0,    0,    0,    0,    0,    0,    0,    0,    0,    0,    0,    0,    0,    0,    0,    0,    0,    0,    0,    0,    0,    0,    0,    0,    0,    0,    0,
       0,    0,  -11,    5,    0,  -30,  -20,  -34,  -34,    9,  -20,  -26,  -11,  -11,  -36,    0,  -11,  -11,    0,   10,    0,   11,    7,    6,   12,    0,    0,    0,  -13,  -18,    0,  -22,  -22,  -22,    0,  -22,    0,    0,    0,  -16,  -22,  -22,  -18,    0,  -14,   -9,  -32,   -7,   -9,  -12,  -10,    0,  -34,  -30,  -29,    0,    0,    8,   12,  -32,   20,    8,    4,    0,  -29,  -26,    0,    0,    0,    0,    0,    0,    0,    0,    0,    0,    0,    0,    0,    0,    0,    0,    0,    0,    0,    0,    0,    0,    0,    0,    0,    0,    0,    0,    0,    0,    0,    0,    0,    0,    0,    0,    0,    0,    0,    0,    0,    0,    0,    0,    0,    0,    0,    0,    0,    0,    0,    0,    0,    0,    0,    0,    0,    0,    0,    0,    0,    0,    0,    0,    0,    0,    0,    0,    0,    0,    0,    0,    0,    0,    0,    0,    0,    0,  -27,    0,    0,    0,    0,    0,    0,    0,    0,    0,    0,    0,    0,    0,    0,    0,    0,    0,    0,    0,    0,    0,    0,    0,    0,    0,    0,    0,    0,    0,    0,    0,    0,    0,    0,    0,    0,    0,    0,    0,    0,    0,    0,    0,    0,    0,    0,    0,    0,    0,    0,    0,    0,    0,    0,    0,    0,    0,    0,    0,    0,    0,    0,    0,    0,    0,    0,    0,    0,    0,    0,    0,    0,    0,    0,    0,    0,    0,    0,    0,    0,    0,    0,    0,    0,    0,    0,    0,    0,    0,    0,    0,    0,    0,    0,    0,    0,    0,    0,    0,    0,    0,    0,    0,    0,    0,    0,    0,    0,
       0,    0,   -4,    0,    0,   -4,    0,  -16,   -4,    0,    0,   -4,    0,    0,   -6,    0,    0,    0,    0,    0,    0,    0,    0,    0,    0,   -6,    0,    0,  -15,   -6,    0,    0,    0,    0,    0,    0,    0,    0,    0,    0,    0,    0,    0,    0,    0,    0,    0,    0,    0,   -7,   -4,   -9,    0,    0,  -14,    0,    0,    0,    0,    0,    0,    0,    0,    0,    0,    0,   -6,    0,    0,    0,    0,    0,    0,    0,    0,    0,    0,    0,    0,    0,    0,    0,    0,    0,    0,    0,    0,    0,    0,    0,    0,    0,    0,    0,    0,    0,    0,    0,    0,    0,    0,    0,    0,    0,    0,    0,    0,    0,    0,    0,    0,    0,    0,    0,    0,    0,    0,    0,    0,    0,    0,    0,    0,    0,    0,    0,    0,    0,    0,    0,    0,    0,    0,    0,    0,    0,    0,    0,    0,    0,    0,    0,    0,    0,   -8,    0,    0,    0,    0,    0,    0,    0,    0,    0,    0,    0,    0,    0,    0,    0,    0,    0,    0,    0,    0,    0,    0,    0,    0,    0,    0,    0,    0,    0,    0,    0,    0,    0,    0,    0,    0,    0,    0,    0,    0,    0,    0,    0,    0,    0,    0,    0,    0,    0,    0,    0,    0,    0,    0,    0,    0,    0,    0,    0,    0,    0,    0,    0,    0,    0,    0,    0,    0,    0,    0,    0,    0,    0,    0,    0,    0,    0,    0,    0,    0,    0,    0,    0,    0,    0,    0,    0,    0,    0,    0,    0,    0,    0,    0,    0,    0,    0,    0,    0,    0,    0,    0,    0,    0,    0,    0,    0,    0,
       0,    6,  -13,    6,    0,  -30,   -4,  -27,   -8,   10,  -15,  -25,   -7,   -7,  -38,   -2,   -7,   -7,    0,   11,    0,   12,    8,    8,   13,    0,    0,    0,  -11,  -10,    0,  -18,  -18,  -18,    0,  -18,    0,    0,    0,  -12,  -18,  -18,   -6,    0,  -10,    0,    0,    0,    0,   -1,  -10,    0,  -17,   -4,  -33,    0,    4,    0,   13,  -20,   16,   12,    4,    0,  -10,  -10,    0,    0,    0,    0,    0,    0,    0,    0,    0,    0,    0,    0,    0,    0,    0,    0,    0,    0,    0,    0,    0,    0,    0,    0,    0,    0,    0,    0,    0,    0,    0,    0,    0,    0,    0,    0,    0,    0,    0,    0,    0,    0,    0,    0,    0,    0,    0,    0,    0,    0,    0,    0,    0,    0,    0,    0,    0,    0,    0,    0,    0,    0,    0,    0,    0,    0,    0,    0,    0,    0,    0,    0,    0,    0,    0,    0,    8,   10,  -30,    0,    0,    0,    0,    0,    0,    0,    0,    0,    0,    0,    0,    0,    0,    0,    0,    0,    0,    0,    0,    0,    0,    0,    0,    0,    0,    0,    0,    0,    0,    0,    0,    0,    0,    0,    0,    0,    0,    0,    0,    0,    0,    0,    0,    0,    0,    0,    0,    0,    0,    0,    0,    0,    0,    0,    0,    0,    0,    0,    0,    0,    0,    0,    0,    0,    0,    0,    0,    0,    0,    0,    0,    0,    0,    0,    0,    0,    0,    0,    0,    0,    0,    0,    0,    0,    0,    0,    0,    0,    0,    0,    0,    0,    0,    0,    0,    0,    0,    0,    0,    0,    0,    0,    0,    0,    0,    0,    0,
       0,    5,   -6,    0,    0,  -15,    0,  -19,   -4,    6,   -8,   -7,   -6,   -6,  -24,    0,   -6,   -6,    0,    8,    0,    9,    5,    4,   10,    0,    0,    0,  -15,  -12,    0,   -9,   -9,   -9,    0,  -10,    0,    0,    0,   -8,   -9,   -9,   -7,    0,   -8,    0,    0,    0,    0,    0,   -7,    0,   -8,    0,  -20,    0,    0,    0,    7,  -10,    4,    0,    0,    0,   -6,    0,    0,    0,    0,    0,    0,    0,    0,    0,    0,    0,    0,    0,    0,    0,    0,    0,    0,    0,    0,    0,    0,    0,    0,    0,    0,    0,    0,    0,    0,    0,    0,    0,    0,    0,    0,    0,    0,    0,    0,    0,    0,    0,    0,    0,    0,    0,    0,    0,    0,    0,    0,    0,    0,    0,    0,    0,    0,    0,    0,    0,    0,    0,    0,    0,    0,    0,    0,    0,    0,    0,    0,    0,    0,    0,    0,    0,    7,   10,  -15,    0,    0,    0,    0,    0,    0,    0,    0,    0,    0,    0,    0,    0,    0,    0,    0,    0,    0,    0,    0,    0,    0,    0,    0,    0,    0,    0,    0,    0,    0,    0,    0,    0,    0,    0,    0,    0,    0,    0,    0,    0,    0,    0,    0,    0,    0,    0,    0,    0,    0,    0,    0,    0,    0,    0,    0,    0,    0,    0,    0,    0,    0,    0,    0,    0,    0,    0,    0,    0,    0,    0,    0,    0,    0,    0,    0,    0,    0,    0,    0,    0,    0,    0,    0,    0,    0,    0,    0,    0,    0,    0,    0,    0,    0,    0,    0,    0,    0,    0,    0,    0,    0,    0,    0,    0,    0,    0,    0,
       0,    0,  -10,    0,  -10,    5,  -11,    4,    0,    0,  -10,   11,  -10,  -10,    8,    0,  -10,  -10,    0,    5,    0,    7,    0,    7,    8,    5,    0,    0,  -14,    0,    0,   -7,   -7,   -7,    0,   -7,    0,    0,    0,    0,   -7,   -7,    0,    0,   -4,   -4,  -15,    8,   -3,    0,  -10,    0,  -19,    0,   11,    0,    0,    0,    0,  -12,    0,    0,    0,    0,    0,   -7,    0,    0,    0,    0,    0,    0,    0,    0,    0,    0,    0,    0,    0,    0,    0,    0,    0,    0,    0,    0,    0,    0,    0,    0,    0,    0,    0,    0,    0,    0,    0,    0,    0,    0,    0,    0,    0,    0,    0,    0,    0,    0,    0,    0,    0,    0,    0,    0,    0,    0,    0,    0,    0,    0,    0,    0,    0,    0,    0,    0,    0,    0,    0,    0,    0,    0,    0,    0,    0,    0,    0,    0,    0,    0,    0,    0,    0,    0,    4,    0,    0,    0,    0,    0,    0,    0,    0,    0,    0,    0,    0,    0,    0,    0,    0,    0,    0,    0,    0,    0,    0,    0,    0,    0,    0,    0,    0,    0,    0,    0,    0,    0,    0,    0,    0,    0,    0,    0,    0,    0,    0,    0,    0,    0,    0,    0,    0,    0,    0,    0,    0,    0,    0,    0,    0,    0,    0,    0,    0,    0,    0,    0,    0,    0,    0,    0,    0,    0,    0,    0,    0,    0,    0,    0,    0,    0,    0,    0,    0,    0,    0,    0,    0,    0,    0,    0,    0,    0,    0,    0,    0,    0,    0,    0,    0,    0,    0,    0,    0,    0,    0,    0,    0,    0,    0,    0,    0,
       0,    0,  -17,    7,    0,  -26,  -20,  -33,  -15,   10,  -23,  -32,  -16,  -16,  -46,   -3,  -16,  -16,    0,   12,    0,   13,    9,    8,   14,    4,    0,    0,  -10,  -16,    0,  -20,  -20,  -20,    0,  -20,    0,    0,    0,  -16,  -20,  -20,   -8,    0,  -14,    0,    0,   -6,    0,  -11,   -9,    0,  -30,  -13,  -32,    0,    0,    0,   16,  -31,   16,   13,    0,    0,  -17,  -16,    0,    0,    0,    0,    0,    0,    0,    0,    0,    0,    0,    0,    0,    0,    0,    0,    0,    0,    0,    0,    0,    0,    0,    0,    0,    0,    0,    0,    0,    0,    0,    0,    0,    0,    0,    0,    0,    0,    0,    0,    0,    0,    0,    0,    0,    0,    0,    0,    0,    0,    0,    0,    0,    0,    0,    0,    0,    0,    0,    0,    0,    0,    0,    0,    0,    0,    0,    0,    0,    0,    0,    0,    0,    0,    0,    0,    4,    7,  -31,    0,    0,    0,    0,    0,    0,    0,    0,    0,    0,    0,    0,    0,    0,    0,    0,    0,    0,    0,    0,    0,    0,    0,    0,    0,    0,    0,    0,    0,    0,    0,    0,    0,    0,    0,    0,    0,    0,    0,    0,    0,    0,    0,    0,    0,    0,    0,    0,    0,    0,    0,    0,    0,    0,    0,    0,    0,    0,    0,    0,    0,    0,    0,    0,    0,    0,    0,    0,    0,    0,    0,    0,    0,    0,    0,    0,    0,    0,    0,    0,    0,    0,    0,    0,    0,    0,    0,    0,    0,    0,    0,    0,    0,    0,    0,    0,    0,    0,    0,    0,    0,    0,    0,    0,    0,    0,    0,    0,
       0,    0,   -8,    0,    0,    4,  -24,    0,    0,    0,   -6,    7,  -14,  -14,    7,    0,  -14,  -14,    0,    0,   -6,    4,    0,    0,    5,    0,   -7,    0,  -17,    0,    0,   -6,   -7,   -6,    0,   -9,    0,    0,    0,    0,   -7,   -6,    0,   -5,   -8,   -9,  -10,    4,   -9,    0,  -14,   -6,  -20,    0,    7,    0,    0,    0,    4,   -6,    5,    0,    0,    0,    0,    0,    0,    0,    0,    0,    0,    0,    0,    0,    0,    0,    0,    0,    0,    0,    0,    0,    0,    0,    0,    0,    0,    0,    0,    0,    0,    0,    0,    0,    0,    0,    0,    0,    0,    0,    0,    0,    0,    0,    0,    0,    0,    0,    0,    0,    0,    0,    0,    0,    0,    0,    0,    0,    0,    0,    0,    0,    0,    0,    0,    0,    0,    0,    0,    0,    0,    0,    0,    0,    0,    0,    0,    0,    0,    0,    0,    0,    0,    0,    0,    0,    0,    0,    0,    0,    0,    0,    0,    0,    0,    0,    0,    0,    0,    0,    0,    0,    0,    0,    0,    0,    0,    0,    0,    0,    0,    0,    0,    0,    0,    0,    0,    0,    0,    0,    0,    0,    0,    0,    0,    0,    0,    0,    0,    0,    0,    0,    0,    0,    0,    0,    0,    0,    0,    0,    0,    0,    0,    0,    0,    0,    0,    0,    0,    0,    0,    0,    0,    0,    0,    0,    0,    0,    0,    0,    0,    0,    0,    0,    0,    0,    0,    0,    0,    0,    0,    0,    0,    0,    0,    0,    0,    0,    0,    0,    0,    0,    0,    0,    0,    0,    0,    0,    0,    0,    0,    0,    0,
       0,    0,    0,    0,    0,    0,    0,    0,    0,    0,    0,  -11,  -17,  -17,  -11,    0,  -17,  -17,  -10,  -13,  -15,  -12,  -15,  -14,  -11,  -16,    0,    0,   32,    0,    0,    0,    0,    0,    0,    0,    0,    0,    0,    0,    0,    0,    0,    0,    0,    0,    0,    0,    0,    0,    0,    0,    0,    0,  -11,    0,    0,    0,    0,    0,    0,    0,    0,    0,    0,    0,    0,    0,    0,    0,  -13,  -17,   -8,   -9,  -10,  -12,  -11,   10,  -12,    0,    0,  -17,  -17,  -14,  -19,    0,  -15,    0,    0,    0,    0,    0,    0,    0,    0,    0,    0,    0,    0,    0,    0,    0,    0,    0,    0,    0,    0,    0,    0,    0,    0,    0,    0,    0,    0,    0,    0,    0,  -19,    0,  -11,    0,    0,  -10,    0,    0,   -6,    0,    0,  -12,    0,    0,    0,    0,    0,    0,    0,    0,    0,    0,    0,    0,    0,    0,    0,    0,    0,    0,    0,    0,    0,    0,    0,    0,    0,    0,    0,    0,    0,    0,    0,    0,    0,    0,    0,    0,    0,    0,    0,    0,    0,    0,    0,    0,    0,    0,    0,    0,    0,    0,    0,    0,    0,    0,    0,    0,    0,    0,    0,    0,    0,    0,    0,    0,    0,    0,    0,    0,    0,    0,    0,    0,    0,    0,    0,    0,    0,    0,    0,    0,    0,    0,    0,    0,    0,    0,    0,    0,    0,    0,    0,    0,    0,    0,    0,    0,    0,    0,    0,    0,    0,    0,    0,    0,    0,    0,    0,    0,    0,    0,    0,    0,    0,    0,    0,    0,    0,    0,    0,    0,    0,    0,    0,
       0,    0,    0,    0,    0,    0,    0,    0,    0,    0,    0,    0,   -4,   -4,    0,    0,   -4,   -4,    0,    0,    0,    0,   -4,   -4,    0,   -6,    0,    0,    0,    0,    0,    0,    0,    0,    0,    0,    0,    0,    0,    0,    0,    0,    0,    0,    0,    0,    0,    0,    0,    0,    0,    0,    0,    0,    0,    0,    0,    0,    0,    0,    0,    0,    0,    0,    0,    0,    0,    0,    0,    0,    0,   -4,   -4,    0,    0,    0,    0,    0,    0,    0,    0,   -4,   -4,   -4,   -8,    0,   -5,    0,    0,    0,    0,    0,    0,    0,    0,    0,    0,    0,    0,    0,    0,    0,    0,    0,    0,    0,    0,    0,    0,    0,    0,    0,    0,    0,    0,    0,    0,    0,   -9,    0,    0,    0,    0,    0,    0,    0,   -8,    0,    0,    0,    0,    0,    0,    0,    0,    0,    0,    0,    0,    0,    0,    0,    0,    0,    0,    0,    0,    0,    0,    0,    0,    0,    0,    0,    0,    0,    0,    0,    0,    0,    0,    0,    0,    0,    0,    0,    0,    0,    0,    0,    0,    0,    0,    0,    0,    0,    0,    0,    0,    0,    0,    0,    0,    0,    0,    0,    0,    0,    0,    0,    0,    0,    0,    0,    0,    0,    0,    0,    0,    0,    0,    0,    0,    0,    0,    0,    0,    0,    0,    0,    0,    0,    0,    0,    0,    0,    0,    0,    0,    0,    0,    0,    0,    0,    0,    0,    0,    0,    0,    0,    0,    0,    0,    0,    0,    0,    0,    0,    0,    0,    0,    0,    0,    0,    0,    0,    0,    0,    0,    0,    0,    0,    0,
       0,  -11,    0,  -10,   -8,    0,    0,    0,    0,  -11,    0,    0,    0,    0,    0,    0,    0,    0,    0,    0,    0,    0,    0,    0,    0,    0,    0,    0,  -12,    0,    0,    0,    0,    0,    0,    0,    0,    0,    0,    0,    0,    0,    0,    0,    0,   -6,   -5,    0,   -6,    0,    0,   -8,    0,    0,    0,    0,    0,    0,    0,    0,    0,    0,    0,    0,    0,    0,    0,    0,    0,    0,    0,    0,    0,    0,    0,    0,    0,    0,    0,    0,    0,    0,    0,    0,    0,    0,    0,    0,    0,    0,    0,    0,    0,    0,    0,    0,    0,    0,    0,    0,    0,    0,    0,    0,    0,    0,    0,    0,    0,    0,    0,    0,    0,    0,    0,    0,    0,    0,    0,    0,    0,    0,    0,    0,    0,    0,    0,    0,    0,    0,    0,    0,    0,    0,    0,    0,    0,    0,    0,    0,    0,    0,    0,  -10,    0,    0,    0,    0,    0,    0,    0,    0,    0,    0,    0,    0,    0,    0,    0,    0,    0,    0,    0,    0,    0,    0,    0,    0,    0,    0,    0,    0,    0,    0,    0,    0,    0,    0,    0,    0,    0,    0,    0,    0,    0,    0,    0,    0,    0,    0,    0,    0,    0,    0,    0,    0,    0,    0,    0,    0,    0,    0,    0,    0,    0,    0,    0,    0,    0,    0,    0,    0,    0,    0,    0,    0,    0,    0,    0,    0,    0,    0,    0,    0,    0,    0,    0,    0,    0,    0,    0,    0,    0,    0,    0,    0,    0,    0,    0,    0,    0,    0,    0,    0,    0,    0,    0,    0,    0,    0,    0,    0,    0,
       0,  -15,    0,  -11,    0,    0,    0,   -9,    0,  -11,    0,    0,    0,    0,    0,    0,    0,    0,    0,    0,    0,    0,    0,    0,    0,    0,    0,    0,  -12,    0,    0,    0,    0,    0,    0,    0,    0,    0,    0,    0,    0,    0,    0,    0,    0,   -5,   -5,   -7,   -5,   -8,    0,   -8,    0,    0,    0,    0,    0,    0,    0,    0,    0,    0,    0,    0,    0,    0,    0,    0,    0,    0,    0,    0,    0,    0,    0,    0,    0,    0,    0,    0,    0,    0,    0,    0,    0,    0,    0,    0,    0,    0,    0,    0,    0,    0,    0,    0,    0,    0,    0,    0,    0,    0,    0,    0,    0,    0,    0,    0,    0,    0,    0,    0,    0,    0,    0,    0,    0,    0,    0,    0,    0,    0,    0,    0,    0,    0,    0,    0,    0,    0,    0,    0,    0,    0,    0,    0,    0,    0,    0,    0,    0,    0,  -13,  -13,    0,    0,    0,    0,    0,    0,    0,    0,    0,    0,    0,    0,    0,    0,    0,    0,    0,    0,    0,    0,    0,    0,    0,    0,    0,    0,    0,    0,    0,    0,    0,    0,    0,    0,    0,    0,    0,    0,    0,    0,    0,    0,    0,    0,    0,    0,    0,    0,    0,    0,    0,    0,    0,    0,    0,    0,    0,    0,    0,    0,    0,    0,    0,    0,    0,    0,    0,    0,    0,    0,    0,    0,    0,    0,    0,    0,    0,    0,    0,    0,    0,    0,    0,    0,    0,    0,    0,    0,    0,    0,    0,    0,    0,    0,    0,    0,    0,    0,    0,    0,    0,    0,    0,    0,    0,    0,    0,    0,    0,
       0,    0,    0,    0,    0,    4,  -13,    0,    0,    0,    0,    0,    0,    0,    0,    0,    0,    0,    0,    0,    0,    0,    0,    0,    0,    0,    0,    0,  -11,    0,    0,    0,   -5,    0,    0,   -6,    0,    0,    0,    0,   -5,    0,    0,    0,    0,    4,    4,    6,    4,    0,   -8,    0,  -12,    0,    0,    0,    0,    0,    0,    0,    0,    0,    0,    0,    0,    0,    0,    0,    0,    0,    0,    0,    0,    0,    0,    0,    0,    0,    0,    0,    0,    0,    0,    0,    0,    0,    0,    0,    0,    0,    0,    0,    0,    0,    0,    0,    0,    0,    0,    0,    0,    0,    0,    0,    0,    0,    0,    0,    0,    0,    0,    0,    0,    0,    0,    0,    0,    0,    0,    0,    0,    0,    0,    0,    0,    0,    0,    0,    0,    0,    0,    0,    0,    0,    0,    0,    0,    0,    0,    0,    0,    0,    0,    0,    0,    0,    0,    0,    0,    0,    0,    0,    0,    0,    0,    0,    0,    0,    0,    0,    0,    0,    0,    0,    0,    0,    0,    0,    0,    0,    0,    0,    0,    0,    0,    0,    0,    0,    0,    0,    0,    0,    0,    0,    0,    0,    0,    0,    0,    0,    0,    0,    0,    0,    0,    0,    0,    0,    0,    0,    0,    0,    0,    0,    0,    0,    0,    0,    0,    0,    0,    0,    0,    0,    0,    0,    0,    0,    0,    0,    0,    0,    0,    0,    0,    0,    0,    0,    0,    0,    0,    0,    0,    0,    0,    0,    0,    0,    0,    0,    0,    0,    0,    0,    0,    0,    0,    0,    0,    0,    0,    0,    0,
       0,    0,    0,   16,    4,  -21,  -14,  -17,    0,   10,    0,    0,    0,    0,    0,    0,    0,    0,    0,    0,    0,    0,    0,    0,    0,    0,    0,    0,   16,    0,    0,    0,    0,    0,    0,    0,    0,    0,    0,    0,    0,    0,    0,    0,    0,    8,    7,    6,    8,    0,    0,   16,   -8,    4,    0,    0,   12,    0,   16,   -7,   16,   12,   16,    0,    0,    0,    0,    0,    0,    0,    0,    0,    0,    0,    0,    0,    0,    0,    0,    0,    0,    0,    0,    0,    0,    0,    0,    0,    0,    0,    0,    0,    0,    0,    0,    0,    0,    0,    0,    0,    0,    0,    0,    0,    0,    0,    0,    0,    0,    0,    0,    0,    0,    0,    0,    0,    0,    0,    0,    0,    0,    0,    0,    0,    0,    0,    0,    0,    0,    0,    0,    0,    0,    0,    0,    0,    0,    0,    0,    0,    0,    0,    0,    8,  -21,    0,    0,    0,    0,    0,    0,    0,    0,    0,    0,    0,    0,    0,    0,    0,    0,    0,    0,    0,    0,    0,    0,    0,    0,    0,    0,    0,    0,    0,    0,    0,    0,    0,    0,    0,    0,    0,    0,    0,    0,    0,    0,    0,    0,    0,    0,    0,    0,    0,    0,    0,    0,    0,    0,    0,    0,    0,    0,    0,    0,    0,    0,    0,    0,    0,    0,    0,    0,    0,    0,    0,    0,    0,    0,    0,    0,    0,    0,    0,    0,    0,    0,    0,    0,    0,    0,    0,    0,    0,    0,    0,    0,    0,    0,    0,    0,    0,    0,    0,    0,    0,    0,    0,    0,    0,    0,    0,    0,
       0,  -15,    0,  -10,   -8,    0,    0,    0,    0,  -11,    0,    0,    0,    0,    0,    0,    0,    0,    0,    0,    0,    0,    0,    0,    0,    0,    0,    0,  -12,    0,    0,    0,    0,    0,    0,    0,    0,    0,    0,    0,    0,    0,    0,    0,    0,   -6,   -5,    0,   -7,    0,    0,   -8,    0,    0,    0,    0,    0,    0,    0,    0,    0,    0,    0,    0,    0,    0,    0,    0,    0,    0,    0,    0,    0,    0,    0,    0,    0,    0,    0,    0,    0,    0,    0,    0,    0,    0,    0,    0,    0,    0,    0,    0,    0,    0,    0,    0,    0,    0,    0,    0,    0,    0,    0,    0,    0,    0,    0,    0,    0,    0,    0,    0,    0,    0,    0,    0,    0,    0,    0,    0,    0,    0,    0,    0,    0,    0,    0,    0,    0,    0,    0,    0,    0,    0,    0,    0,    0,    0,    0,    0,    0,    0,  -12,  -12,    0,    0,    0,    0,    0,    0,    0,    0,    0,    0,    0,    0,    0,    0,    0,    0,    0,    0,    0,    0,    0,    0,    0,    0,    0,    0,    0,    0,    0,    0,    0,    0,    0,    0,    0,    0,    0,    0,    0,    0,    0,    0,    0,    0,    0,    0,    0,    0,    0,    0,    0,    0,    0,    0,    0,    0,    0,    0,    0,    0,    0,    0,    0,    0,    0,    0,    0,    0,    0,    0,    0,    0,    0,    0,    0,    0,    0,    0,    0,    0,    0,    0,    0,    0,    0,    0,    0,    0,    0,    0,    0,    0,    0,    0,    0,    0,    0,    0,    0,    0,    0,    0,    0,    0,    0,    0,    0,    0,    0,
       0,    0,    0,    0,    0,    0,    0,    0,    0,    0,    0,    0,    0,    0,    0,    0,    0,    0,    0,    0,    0,    0,    0,    0,    0,    0,    0,    0,    0,    0,    0,    0,    0,    0,    0,    0,    0,    4,    0,    0,    0,    0,    0,    0,    0,    0,    0,    0,    0,    0,    0,    0,    0,    0,    0,    0,    0,    0,    0,    0,    0,    0,    0,    0,    0,    0,    0,    0,    0,    0,    0,    0,    0,    0,    0,    0,    0,    0,    0,    0,    0,    0,    0,    0,    0,    0,    0,    0,    0,    0,    0,    0,    0,    0,    0,    0,    0,    0,    0,    0,    0,    0,    0,    0,    0,    0,    0,    0,    0,    0,    0,    0,    0,    0,    0,    0,    0,    0,    0,    0,    0,    0,    0,    0,    0,    0,    0,    0,    0,    0,    0,    0,    0,    0,    0,    0,    0,    0,    0,    0,    0,    0,    0,    0,    0,    0,    0,    0,    0,    0,    0,    0,    0,    0,    0,    0,    0,    0,    0,    0,    0,    0,    0,    0,    0,    0,    0,    0,    0,    0,    0,    0,    0,    0,    0,    0,    0,    0,    0,    0,    0,    0,    0,    0,    0,    0,    0,    0,    0,    0,    0,    0,    0,    0,    0,    0,    0,    0,    0,    0,    0,    0,    0,    0,    0,    0,    0,    0,    0,    0,    0,    0,    0,    0,    0,    0,    0,    0,    0,    0,    0,    0,    0,    0,    0,    0,    0,    0,    0,    0,    0,    0,    0,    0,    0,    0,    0,    0,    0,    0,    0,    0,    0,    0,    0,    0,    0,    0,    0,    0,    0,    0,    0,
       0,    0,    0,    0,    0,    0,  -11,    4,    0,    0,   -8,    0,    0,    0,    0,    0,    0,    0,    0,    0,    0,    0,    0,    0,    0,    0,    0,    0,  -10,    0,    0,  -10,  -10,  -10,    0,  -12,    0,    0,    0,    0,  -12,  -10,    0,    0,    0,    0,    0,    8,    0,    0,   -8,    0,  -14,    0,    0,    0,    0,    0,    0,  -11,    0,    0,    0,    0,    0,    0,    0,    0,    0,    0,    0,    0,    0,    0,    0,    0,    0,    0,    0,    0,    0,    0,    0,    0,    0,    0,    0,    0,    0,    0,    0,    0,    0,    0,    0,    0,    0,    0,    0,    0,    0,    0,    0,    0,    0,    0,    0,    0,    0,    0,    0,    0,    0,    0,    0,    0,    0,    0,    0,    0,    0,    0,    0,    0,    0,    0,    0,    0,    0,    0,    0,    0,    0,    0,    0,    0,    0,    0,    0,    0,    0,    0,    0,    0,    0,    0,    0,    0,    0,    0,    0,    0,    0,    0,    0,    0,    0,    0,    0,    0,    0,    0,    0,    0,    0,    0,    0,    0,    0,    0,    0,    0,    0,    0,    0,    0,    0,    0,    0,    0,    0,    0,    0,    0,    0,    0,    0,    0,    0,    0,    0,    0,    0,    0,    0,    0,    0,    0,    0,    0,    0,    0,    0,    0,    0,    0,    0,    0,    0,    0,    0,    0,    0,    0,    0,    0,    0,    0,    0,    0,    0,    0,    0,    0,    0,    0,    0,    0,    0,    0,    0,    0,    0,    0,    0,    0,    0,    0,    0,    0,    0,    0,    0,    0,    0,    0,    0,    0,    0,    0,    0,    0,    0,
       0,  -12,    0,  -10,   -9,    0,    0,    0,    0,  -11,    0,    0,    0,    0,    0,    0,    0,    0,    0,    0,    0,    0,    0,    0,    0,    0,    0,    0,  -12,    0,    0,    0,    0,    0,    0,    0,    0,    0,    0,    0,    0,    0,    0,    0,    0,   -6,   -6,    0,   -7,    0,    0,   -8,    0,    0,    0,    0,    0,    0,    0,    0,    0,    0,    0,    0,    0,    0,    0,    0,    0,    0,    0,    0,    0,    0,    0,    0,    0,    0,    0,    0,    0,    0,    0,    0,    0,    0,    0,    0,    0,    0,    0,    0,    0,    0,    0,    0,    0,    0,    0,    0,    0,    0,    0,    0,    0,    0,    0,    0,    0,    0,    0,    0,    0,    0,    0,    0,    0,    0,    0,    0,    0,    0,    0,    0,    0,    0,    0,    0,    0,    0,    0,    0,    0,    0,    0,    0,    0,    0,    0,    0,    0,    0,   -9,  -10,    0,    0,    0,    0,    0,    0,    0,    0,    0,    0,    0,    0,    0,    0,    0,    0,    0,    0,    0,    0,    0,    0,    0,    0,    0,    0,    0,    0,    0,    0,    0,    0,    0,    0,    0,    0,    0,    0,    0,    0,    0,    0,    0,    0,    0,    0,    0,    0,    0,    0,    0,    0,    0,    0,    0,    0,    0,    0,    0,    0,    0,    0,    0,    0,    0,    0,    0,    0,    0,    0,    0,    0,    0,    0,    0,    0,    0,    0,    0,    0,    0,    0,    0,    0,    0,    0,    0,    0,    0,    0,    0,    0,    0,    0,    0,    0,    0,    0,    0,    0,    0,    0,    0,    0,    0,    0,    0,    0,    0,
       0,  -13,    0,  -11,   -8,    0,    0,   -9,    0,  -12,    0,    0,    0,    0,    0,    0,    0,    0,    0,    0,    0,    0,    0,    0,    0,    0,    0,    0,  -12,    0,    0,    0,    0,    0,    0,    0,    0,    0,    0,    0,    0,    0,    0,    0,    0,   -6,   -5,   -7,   -6,   -8,    0,   -8,    0,    0,    0,    0,    0,    0,    0,    0,    0,    0,    0,    0,    0,    0,    0,    0,    0,    0,    0,    0,    0,    0,    0,    0,    0,    0,    0,    0,    0,    0,    0,    0,    0,    0,    0,    0,    0,    0,    0,    0,    0,    0,    0,    0,    0,    0,    0,    0,    0,    0,    0,    0,    0,    0,    0,    0,    0,    0,    0,    0,    0,    0,    0,    0,    0,    0,    0,    0,    0,    0,    0,    0,    0,    0,    0,    0,    0,    0,    0,    0,    0,    0,    0,    0,    0,    0,    0,    0,    0,    0,   -9,  -11,    0,    0,    0,    0,    0,    0,    0,    0,    0,    0,    0,    0,    0,    0,    0,    0,    0,    0,    0,    0,    0,    0,    0,    0,    0,    0,    0,    0,    0,    0,    0,    0,    0,    0,    0,    0,    0,    0,    0,    0,    0,    0,    0,    0,    0,    0,    0,    0,    0,    0,    0,    0,    0,    0,    0,    0,    0,    0,    0,    0,    0,    0,    0,    0,    0,    0,    0,    0,    0,    0,    0,    0,    0,    0,    0,    0,    0,    0,    0,    0,    0,    0,    0,    0,    0,    0,    0,    0,    0,    0,    0,    0,    0,    0,    0,    0,    0,    0,    0,    0,    0,    0,    0,    0,    0,    0,    0,    0,    0,
       0,  -13,    0,  -11,   -8,    0,    0,   -9,    0,  -11,    0,    0,    0,    0,    0,    0,    0,    0,    0,    0,    0,    0,    0,    0,    0,    0,    0,    0,  -12,    0,    0,    0,    0,    0,    0,    0,    0,    0,    0,    0,    0,    0,    0,    0,    0,   -6,   -5,   -7,   -6,   -7,    0,   -8,    0,    0,    0,    0,    0,    0,    0,    0,    0,    0,    0,    0,    0,    0,    0,    0,    0,    0,    0,    0,    0,    0,    0,    0,    0,    0,    0,    0,    0,    0,    0,    0,    0,    0,    0,    0,    0,    0,    0,    0,    0,    0,    0,    0,    0,    0,    0,    0,    0,    0,    0,    0,    0,    0,    0,    0,    0,    0,    0,    0,    0,    0,    0,    0,    0,    0,    0,    0,    0,    0,    0,    0,    0,    0,    0,    0,    0,    0,    0,    0,    0,    0,    0,    0,    0,    0,    0,    0,    0,    0,   -9,  -11,    0,    0,    0,    0,    0,    0,    0,    0,    0,    0,    0,    0,    0,    0,    0,    0,    0,    0,    0,    0,    0,    0,    0,    0,    0,    0,    0,    0,    0,    0,    0,    0,    0,    0,    0,    0,    0,    0,    0,    0,    0,    0,    0,    0,    0,    0,    0,    0,    0,    0,    0,    0,    0,    0,    0,    0,    0,    0,    0,    0,    0,    0,    0,    0,    0,    0,    0,    0,    0,    0,    0,    0,    0,    0,    0,    0,    0,    0,    0,    0,    0,    0,    0,    0,    0,    0,    0,    0,    0,    0,    0,    0,    0,    0,    0,    0,    0,    0,    0,    0,    0,    0,    0,    0,    0,    0,    0,    0,    0,
       0,    0,    0,    0,    0,    0,    0,    0,    0,    0,    0,    0,    0,    0,    0,    0,    0,    0,    0,    0,    0,    0,    0,    0,    0,    0,    0,    0,    0,    0,    0,    0,    0,    0,    0,    0,    0,   12,    0,    0,    0,    0,    0,    0,    0,    0,    0,    0,    0,    0,    0,    0,    0,    0,    0,    0,    0,    0,    0,    0,    0,    0,    0,    0,    0,    0,    0,    0,    0,    0,    0,    0,    0,    0,    0,    0,    0,    0,    0,    0,    0,    0,    0,    0,    0,    0,    0,    0,    0,    0,    0,    0,    0,    0,    0,    0,    0,    0,    0,    0,    0,    0,    0,    0,    0,    0,    0,    0,    0,    0,    0,    0,    0,    0,    0,    0,    0,    0,    0,    0,    0,    0,    0,    0,    0,    0,    0,    0,    0,    0,    0,    0,    0,    0,    0,    0,    0,    0,    0,    0,    0,    0,    0,    0,    0,    0,    0,    0,    0,    0,    0,    0,    0,    0,    0,    0,    0,    0,    0,    0,    0,    0,    0,    0,    0,    0,    0,    0,    0,    0,    0,    0,    0,    0,    0,    0,    0,    0,    0,    0,    0,    0,    0,    0,    0,    0,    0,    0,    0,    0,    0,    0,    0,    0,    0,    0,    0,    0,    0,    0,    0,    0,    0,    0,    0,    0,    0,    0,    0,    0,    0,    0,    0,    0,    0,    0,    0,    0,    0,    0,    0,    0,    0,    0,    0,    0,    0,    0,    0,    0,    0,    0,    0,    0,    0,    0,    0,    0,    0,    0,    0,    0,    0,    0,    0,    0,    0,    0,    0,    0,    0,    0,    0,
       0,    0,    0,    0,    5,  -22,  -13,  -18,    0,  -17,    0,    0,    0,    0,    0,    0,    0,    0,    0,    0,    0,    0,    0,    0,    0,    0,    0,    0,  -10,    0,    0,    0,    0,    0,    0,    0,    0,    0,    0,    0,    0,   -5,    0,    0,    0,    8,    8,    6,    8,    0,    0,    0,   -8,    0,    0,    0,    0,    0,    0,   -8,    0,    0,    0,    0,    0,    0,    0,    0,    0,    0,    0,    0,    0,    0,    0,    0,    0,    0,    0,    0,    0,    0,    0,    0,    0,    0,    0,    0,    0,    0,    0,    0,    0,    0,    0,    0,    0,    0,    0,    0,    0,    0,    0,    0,    0,    0,    0,    0,    0,    0,    0,    0,    0,    0,    0,    0,    0,    0,    0,    0,    0,    0,    0,    0,    0,    0,    0,    0,    0,    0,    0,    0,    0,    0,    0,    0,    0,    0,    0,    0,    0,    0,    0,    6,  -21,    0,    0,    0,    0,    0,    0,    0,    0,    0,    0,    0,    0,    0,    0,    0,    0,    0,    0,    0,    0,    0,    0,    0,    0,    0,    0,    0,    0,    0,    0,    0,    0,    0,    0,    0,    0,    0,    0,    0,    0,    0,    0,    0,    0,    0,    0,    0,    0,    0,    0,    0,    0,    0,    0,    0,    0,    0,    0,    0,    0,    0,    0,    0,    0,    0,    0,    0,    0,    0,    0,    0,    0,    0,    0,    0,    0,    0,    0,    0,    0,    0,    0,    0,    0,    0,    0,    0,    0,    0,    0,    0,    0,    0,    0,    0,    0,    0,    0,    0,    0,    0,    0,    0,    0,    0,    0,    0,    0,
       0,    0,    0,    0,    0,    4,  -16,    0,    0,    0,    0,    0,    0,    0,    0,    0,    0,    0,    0,    0,    0,    0,    0,    0,    0,    0,    0,    0,  -11,    0,    0,   -5,   -6,   -4,    0,   -4,    0,    0,    0,    0,   -6,   -5,    0,    0,    0,    0,    0,    7,    0,    0,   -8,    0,  -11,    0,    0,    0,    0,    0,    0,   -5,    0,    0,    0,    0,    0,    0,    0,    0,    0,    0,    0,    0,    0,    0,    0,    0,    0,    0,    0,    0,    0,    0,    0,    0,    0,    0,    0,    0,    0,    0,    0,    0,    0,    0,    0,    0,    0,    0,    0,    0,    0,    0,    0,    0,    0,    0,    0,    0,    0,    0,    0,    0,    0,    0,    0,    0,    0,    0,    0,    0,    0,    0,    0,    0,    0,    0,    0,    0,    0,    0,    0,    0,    0,    0,    0,    0,    0,    0,    0,    0,    0,    0,    0,    0,    0,    0,    0,    0,    0,    0,    0,    0,    0,    0,    0,    0,    0,    0,    0,    0,    0,    0,    0,    0,    0,    0,    0,    0,    0,    0,    0,    0,    0,    0,    0,    0,    0,    0,    0,    0,    0,    0,    0,    0,    0,    0,    0,    0,    0,    0,    0,    0,    0,    0,    0,    0,    0,    0,    0,    0,    0,    0,    0,    0,    0,    0,    0,    0,    0,    0,    0,    0,    0,    0,    0,    0,    0,    0,    0,    0,    0,    0,    0,    0,    0,    0,    0,    0,    0,    0,    0,    0,    0,    0,    0,    0,    0,    0,    0,    0,    0,    0,    0,    0,    0,    0,    0,    0,    0,    0,    0,    0,    0,
       0,    0,    0,    0,    4,  -14,    0,  -13,    0,  -16,    0,    0,    0,    0,    0,    0,    0,    0,    0,    0,    0,    0,    0,    0,    0,    0,    0,    0,  -10,    0,    0,   -6,   -6,   -6,    0,   -5,    0,    0,    0,    0,   -6,   -6,    0,    0,    0,    7,    7,    6,    7,    0,    0,    0,    0,    0,    0,    0,    0,    0,    0,   -7,    0,    0,    0,    0,    0,    0,    0,    0,    0,    0,    0,    0,    0,    0,    0,    0,    0,    0,    0,    0,    0,    0,    0,    0,    0,    0,    0,    0,    0,    0,    0,    0,    0,    0,    0,    0,    0,    0,    0,    0,    0,    0,    0,    0,    0,    0,    0,    0,    0,    0,    0,    0,    0,    0,    0,    0,    0,    0,    0,    0,    0,    0,    0,    0,    0,    0,    0,    0,    0,    0,    0,    0,    0,    0,    0,    0,    0,    0,    0,    0,    0,    0,    0,    5,  -14,    0,    0,    0,    0,    0,    0,    0,    0,    0,    0,    0,    0,    0,    0,    0,    0,    0,    0,    0,    0,    0,    0,    0,    0,    0,    0,    0,    0,    0,    0,    0,    0,    0,    0,    0,    0,    0,    0,    0,    0,    0,    0,    0,    0,    0,    0,    0,    0,    0,    0,    0,    0,    0,    0,    0,    0,    0,    0,    0,    0,    0,    0,    0,    0,    0,    0,    0,    0,    0,    0,    0,    0,    0,    0,    0,    0,    0,    0,    0,    0,    0,    0,    0,    0,    0,    0,    0,    0,    0,    0,    0,    0,    0,    0,    0,    0,    0,    0,    0,    0,    0,    0,    0,    0,    0,    0,    0,    0,
       0,    0,    0,    0,    4,  -13,    0,  -11,    0,  -14,    0,    0,    0,    0,    0,    0,    0,    0,    0,    0,    0,    0,    0,    0,    0,    0,    0,    0,  -10,    0,    0,   -5,    0,    0,    0,    0,    0,    0,    0,    0,   -5,    0,    0,    0,    0,    7,    7,    6,    7,    0,    0,    0,    0,    0,    0,    0,    0,    0,    0,   -6,    0,    0,    0,    0,    0,    0,    0,    0,    0,    0,    0,    0,    0,    0,    0,    0,    0,    0,    0,    0,    0,    0,    0,    0,    0,    0,    0,    0,    0,    0,    0,    0,    0,    0,    0,    0,    0,    0,    0,    0,    0,    0,    0,    0,    0,    0,    0,    0,    0,    0,    0,    0,    0,    0,    0,    0,    0,    0,    0,    0,    0,    0,    0,    0,    0,    0,    0,    0,    0,    0,    0,    0,    0,    0,    0,    0,    0,    0,    0,    0,    0,    0,    0,    5,  -12,    0,    0,    0,    0,    0,    0,    0,    0,    0,    0,    0,    0,    0,    0,    0,    0,    0,    0,    0,    0,    0,    0,    0,    0,    0,    0,    0,    0,    0,    0,    0,    0,    0,    0,    0,    0,    0,    0,    0,    0,    0,    0,    0,    0,    0,    0,    0,    0,    0,    0,    0,    0,    0,    0,    0,    0,    0,    0,    0,    0,    0,    0,    0,    0,    0,    0,    0,    0,    0,    0,    0,    0,    0,    0,    0,    0,    0,    0,    0,    0,    0,    0,    0,    0,    0,    0,    0,    0,    0,    0,    0,    0,    0,    0,    0,    0,    0,    0,    0,    0,    0,    0,    0,    0,    0,    0,    0,    0,
       0,    0,    0,    0,    0,    0,    0,    0,    0,    0,    0,    0,    0,    0,    0,    0,    0,    0,    0,    0,    0,    0,    0,    0,    0,    0,    0,    0,  -11,    0,    0,   -8,   -8,   -8,    0,   -8,    0,    0,    0,    0,   -8,   -8,    0,    0,    0,    0,    0,    7,    0,    0,   -8,    0,  -12,    0,    0,    0,    0,    0,    0,  -10,    0,    0,    0,    0,    0,    0,    0,    0,    0,    0,    0,    0,    0,    0,    0,    0,    0,    0,    0,    0,    0,    0,    0,    0,    0,    0,    0,    0,    0,    0,    0,    0,    0,    0,    0,    0,    0,    0,    0,    0,    0,    0,    0,    0,    0,    0,    0,    0,    0,    0,    0,    0,    0,    0,    0,    0,    0,    0,    0,    0,    0,    0,    0,    0,    0,    0,    0,    0,    0,    0,    0,    0,    0,    0,    0,    0,    0,    0,    0,    0,    0,    0,    0,    0,    0,    0,    0,    0,    0,    0,    0,    0,    0,    0,    0,    0,    0,    0,    0,    0,    0,    0,    0,    0,    0,    0,    0,    0,    0,    0,    0,    0,    0,    0,    0,    0,    0,    0,    0,    0,    0,    0,    0,    0,    0,    0,    0,    0,    0,    0,    0,    0,    0,    0,    0,    0,    0,    0,    0,    0,    0,    0,    0,    0,    0,    0,    0,    0,    0,    0,    0,    0,    0,    0,    0,    0,    0,    0,    0,    0,    0,    0,    0,    0,    0,    0,    0,    0,    0,    0,    0,    0,    0,    0,    0,    0,    0,    0,    0,    0,    0,    0,    0,    0,    0,    0,    0,    0,    0,    0,    0,    0,    0,
       0,    0,    0,    0,    0,    0,    0,    0,    0,    0,    0,    0,    0,    0,    0,    0,    0,    0,    0,    0,    0,    0,    0,    0,    0,    0,    0,    0,  -14,    0,    0,   -8,   -8,   -8,   -5,   -9,    0,    0,    0,    0,   -8,   -7,    0,   -5,   -5,    0,    0,    0,    0,    0,  -11,   -8,  -13,    0,    0,    0,    0,    0,    0,   -7,    0,    0,    0,    0,    0,    0,    0,    0,    0,    0,    0,    0,    0,    0,    0,    0,    0,    0,    0,    0,    0,    0,    0,    0,    0,    0,    0,    0,    0,    0,    0,    0,    0,    0,    0,    0,    0,    0,    0,    0,    0,    0,    0,    0,    0,    0,    0,    0,    0,    0,    0,    0,    0,    0,    0,    0,    0,    0,    0,    0,    0,    0,    0,    0,    0,    0,    0,    0,    0,    0,    0,    0,    0,    0,    0,    0,    0,    0,    0,    0,    0,    0,    0,    0,    0,    0,    0,    0,    0,    0,    0,    0,    0,    0,    0,    0,    0,    0,    0,    0,    0,    0,    0,    0,    0,    0,    0,    0,    0,    0,    0,    0,    0,    0,    0,    0,    0,    0,    0,    0,    0,    0,    0,    0,    0,    0,    0,    0,    0,    0,    0,    0,    0,    0,    0,    0,    0,    0,    0,    0,    0,    0,    0,    0,    0,    0,    0,    0,    0,    0,    0,    0,    0,    0,    0,    0,    0,    0,    0,    0,    0,    0,    0,    0,    0,    0,    0,    0,    0,    0,    0,    0,    0,    0,    0,    0,    0,    0,    0,    0,    0,    0,    0,    0,    0,    0,    0,    0,    0,    0,    0,    0,    0,
       0,    0,    0,    0,    0,    0,    0,    0,    0,    0,    0,   -5,  -10,  -12,   -5,    0,  -12,  -12,   -8,    0,   -9,    0,    0,    0,    0,   -7,    0,    0,    0,    0,    0,    0,    0,    0,    0,    0,    0,    0,    0,    0,    0,    0,    0,    0,    0,    0,    0,    0,    0,    0,    0,   32,    0,    0,   -4,    0,    0,    0,    0,    0,    0,    0,    0,    0,    0,    0,    0,    0,    0,    0,    0,  -10,   -7,    0,    0,    0,   -5,   11,    0,    0,    0,  -12,  -12,    0,   -4,    0,   -8,    0,    0,    0,    0,    0,    0,    0,    0,    0,    0,    0,    0,    0,    0,    0,    0,    0,    0,    0,    0,    0,    0,    0,    0,    0,    0,    0,    0,    0,    0,    0,  -13,    0,    0,    0,    0,   -4,    0,    0,   -6,    0,    0,   -4,    0,    0,    0,    0,    0,    0,    0,    0,    0,    0,    0,    0,    0,    0,    0,    0,    0,    0,    0,    0,    0,    0,    0,    0,    0,    0,    0,    0,    0,    0,    0,    0,    0,    0,    0,    0,    0,    0,    0,    0,    0,    0,    0,    0,    0,    0,    0,    0,    0,    0,    0,    0,    0,    0,    0,    0,    0,    0,    0,    0,    0,    0,    0,    0,    0,    0,    0,    0,    0,    0,    0,    0,    0,    0,    0,    0,    0,    0,    0,    0,    0,    0,    0,    0,    0,    0,    0,    0,    0,    0,    0,    0,    0,    0,    0,    0,    0,    0,    0,    0,    0,    0,    0,    0,    0,    0,    0,    0,    0,    0,    0,    0,    0,    0,    0,    0,    0,    0,    0,    0,    0,    0,    0,
       0,    0,    0,    0,    0,    0,    0,    0,    0,    0,    0,   -8,    0,    0,   -8,    0,    0,    0,   -7,  -10,   -4,  -10,   -8,  -12,  -10,  -14,    0,    0,    0,    0,    0,    0,    0,    0,    0,    0,    0,    0,    0,    0,    0,    0,    0,    0,    0,    0,    0,    0,    0,    0,    0,    0,    0,    0,   -8,    0,    0,    0,    0,    0,    0,    0,    0,    0,    0,    0,    0,    0,    0,    0,  -10,    0,   -8,   -6,   -7,  -10,   -8,   -8,   -9,  -10,    0,    0,    0,  -12,    0,   -9,   -6,    0,    0,    0,    0,    0,    0,    0,    0,    0,    0,    0,    0,    0,    0,    0,    0,    0,    0,    0,    0,    0,    0,    0,    0,    0,    0,    0,    0,    0,    0,    0,    0,    0,  -10,    0,    0,    0,    0,    0,    0,    0,    0,   -9,    0,    0,    0,    0,    0,    0,    0,    0,    0,    0,    0,    0,    0,    0,    0,    0,    0,    0,    0,    0,    0,    0,    0,    0,    0,    0,    0,    0,    0,    0,    0,    0,    0,    0,    0,    0,    0,    0,    0,    0,    0,    0,    0,    0,    0,    0,    0,    0,    0,    0,    0,    0,    0,    0,    0,    0,    0,    0,    0,    0,    0,    0,    0,    0,    0,    0,    0,    0,    0,    0,    0,    0,    0,    0,    0,    0,    0,    0,    0,    0,    0,    0,    0,    0,    0,    0,    0,    0,    0,    0,    0,    0,    0,    0,    0,    0,    0,    0,    0,    0,    0,    0,    0,    0,    0,    0,    0,    0,    0,    0,    0,    0,    0,    0,    0,    0,    0,    0,    0,    0,    0,    0,    0,
       0,    0,    0,    0,    0,    0,    0,    0,    0,    0,    0,    0,    0,    0,    0,    0,    0,    0,    0,  -33,   -4,  -12,   -8,    0,  -19,   -4,    0,    0,    0,    0,    0,    0,    0,    0,    0,    0,    0,    0,    0,    0,    0,    0,    0,    0,    0,    0,    0,    0,    0,    0,    0,    0,    0,    0,    0,    0,    0,    0,    0,    0,    0,    0,    0,    0,    0,    0,    0,    0,    0,    0,    0,    0,    0,    0,    0,    0,    0,    0,    0,    0,    0,    0,    0,    0,    0,    0,    0,    0,    0,    0,    0,    0,    0,    0,    0,    0,    0,    0,    0,    0,    0,    0,    0,    0,    0,    0,    0,    0,    0,    0,    0,    0,    0,    0,    0,    0,    0,    0,    0,    0,    0,    0,    0,    0,    0,    0,    0,    0,    0,    0,    0,    0,    0,    0,    0,    0,    0,    0,    0,    0,    0,    0,    0,    0,    0,    0,    0,    0,    0,    0,    0,    0,    0,    0,    0,    0,    0,    0,    0,    0,    0,    0,    0,    0,    0,    0,    0,    0,    0,    0,    0,    0,    0,    0,    0,    0,    0,    0,    0,    0,    0,    0,    0,    0,    0,    0,    0,    0,    0,    0,    0,    0,    0,    0,    0,    0,    0,    0,    0,    0,    0,    0,    0,    0,    0,    0,    0,    0,    0,    0,    0,    0,    0,    0,    0,    0,    0,    0,    0,    0,    0,    0,    0,    0,    0,    0,    0,    0,    0,    0,    0,    0,    0,    0,    0,    0,    0,    0,    0,    0,    0,    0,    0,    0,    0,    0,    0,    0,    0,    0,    0,    0,    0,
       0,    0,    0,    0,    0,    0,    0,    0,    0,    0,    0,    0,    0,    0,    0,    0,    0,    0,    0,  -31,    0,   -5,    0,    0,  -13,    0,    0,    0,    0,    0,    0,    0,    0,    0,    0,    0,    0,    0,    0,    0,    0,    0,    0,    0,    0,    0,    0,    0,    0,    0,    0,    0,    0,    0,    0,    0,    0,    0,    0,    0,    0,    0,    0,    0,    0,    0,    0,    0,    0,    0,  -31,    0,    0,    0,    0,    0,    0,    0,    0,    0,    0,    0,    0,    0,    0,    0,    0,    0,    0,    0,    0,    0,    0,    0,    0,    0,    0,    0,    0,    0,    0,    0,    0,    0,    0,    0,    0,    0,    0,    0,    0,    0,    0,    0,    0,    0,    0,    0,    0,    0,  -13,    0,    0,    0,    0,    0,    0,    0,    0,    0,    0,    0,    0,    0,    0,    0,    0,    0,    0,    0,    0,    0,    0,    0,    0,    0,    0,    0,    0,    0,    0,    0,    0,    0,    0,    0,    0,    0,    0,    0,    0,    0,    0,    0,    0,    0,    0,    0,    0,    0,    0,    0,    0,    0,    0,    0,    0,    0,    0,    0,    0,    0,    0,    0,    0,    0,    0,    0,    0,    0,    0,    0,    0,    0,    0,    0,    0,    0,    0,    0,    0,    0,    0,    0,    0,    0,    0,    0,    0,    0,    0,    0,    0,    0,    0,    0,    0,    0,    0,    0,    0,    0,    0,    0,    0,    0,    0,    0,    0,    0,    0,    0,    0,    0,    0,    0,    0,    0,    0,    0,    0,    0,    0,    0,    0,    0,    0,    0,    0,    0,    0,    0,    0,
       0,    0,    0,    0,    0,    0,    0,    0,    0,    0,    0,   -8,    0,    0,  -17,    0,    0,    0,   -8,  -34,    0,  -18,   -8,  -20,  -31,  -17,    0,    0,    0,    0,    0,    0,    0,    0,    0,    0,    0,    0,    0,    0,    0,    0,    0,    0,    0,    0,    0,    0,    0,    0,    0,    0,    0,    0,  -18,    0,    0,    0,    0,    0,    0,    0,    0,    0,    0,    0,    0,    0,    0,    0,  -34,    0,  -10,  -14,  -14,  -22,   -8,  -13,  -23,  -15,    0,    0,    0,  -20,   -6,  -16,   -9,    0,    0,    0,    0,    0,    0,    0,    0,    0,    0,    0,    0,    0,    0,    0,    0,    0,    0,    0,    0,    0,    0,    0,    0,    0,    0,    0,    0,    0,    0,    0,    0,    0,  -31,    0,    0,   -4,    0,    0,    0,    0,    0,  -16,    0,    0,    0,    0,    0,    0,    0,    0,    0,    0,    0,    0,    0,    0,    0,    0,    0,    0,    0,    0,    0,    0,    0,    0,    0,    0,    0,    0,    0,    0,    0,    0,    0,    0,    0,    0,    0,    0,    0,    0,    0,    0,    0,    0,    0,    0,    0,    0,    0,    0,    0,    0,    0,    0,    0,    0,    0,    0,    0,    0,    0,    0,    0,    0,    0,    0,    0,    0,    0,    0,    0,    0,    0,    0,    0,    0,    0,    0,    0,    0,    0,    0,    0,    0,    0,    0,    0,    0,    0,    0,    0,    0,    0,    0,    0,    0,    0,    0,    0,    0,    0,    0,    0,    0,    0,    0,    0,    0,    0,    0,    0,    0,    0,    0,    0,    0,    0,    0,    0,    0,    0,    0,    0,
       0,    0,    0,    0,    0,    0,    0,    0,    0,    0,    0,  -18,  -15,  -15,  -25,    0,  -15,  -15,  -12,  -44,  -18,  -19,  -16,  -28,  -26,  -27,    0,    0,    0,    0,    0,    0,    0,    0,    0,    0,    0,    0,    0,    0,    0,    0,    0,    0,    0,    0,    0,    0,    0,    0,    0,    0,    0,    0,  -28,    0,    0,    0,    0,    0,    0,    0,    0,    0,    0,    0,    0,    0,    0,    0,    0,    0,    0,    0,    0,    0,    0,    0,    0,    0,    0,    0,    0,    0,    0,    0,    0,    0,    0,    0,    0,    0,    0,    0,    0,    0,    0,    0,    0,    0,    0,    0,    0,    0,    0,    0,    0,    0,    0,    0,    0,    0,    0,    0,    0,    0,    0,    0,    0,    0,    0,    0,    0,    0,    0,    0,    0,    0,    0,    0,    0,    0,    0,    0,    0,    0,    0,    0,    0,    0,    0,    0,    0,    0,    0,    0,    0,    0,    0,    0,    0,    0,    0,    0,    0,    0,    0,    0,    0,    0,    0,    0,    0,    0,    0,    0,    0,    0,    0,    0,    0,    0,    0,    0,    0,    0,    0,    0,    0,    0,    0,    0,    0,    0,    0,    0,    0,    0,    0,    0,    0,    0,    0,    0,    0,    0,    0,    0,    0,    0,    0,    0,    0,    0,    0,    0,    0,    0,    0,    0,    0,    0,    0,    0,    0,    0,    0,    0,    0,    0,    0,    0,    0,    0,    0,    0,    0,    0,    0,    0,    0,    0,    0,    0,    0,    0,    0,    0,    0,    0,    0,    0,    0,    0,    0,    0,    0,    0,    0,    0,    0,    0,    0,
      -6,  -13,    0,  -16,    0,  -24,    0,  -16,    0,  -14,    0,  -11,    0,    0,  -22,    0,    0,    0,    0,  -18,    0,   -8,    0,  -17,  -17,  -19,   -6,    0,  -17,   -6,    0,    0,    0,    0,    0,    0,    0,    0,    0,    0,    0,    0,    0,    0,    0,    0,    0,    0,    0,    0,    0,  -11,    0,    0,  -20,    0,    0,    0,    0,    0,    0,    0,    0,    0,    0,    0,  -16,    0,   -9,    0,    0,    0,    0,    0,    0,    0,    0,    0,    0,    0,    0,    0,    0,    0,    0,    0,    0,    0,    0,    0,    0,    0,    0,    0,    0,    0,    0,    0,    0,    0,    0,    0,    0,    0,    0,    0,    0,    0,    0,    0,    0,    0,    0,    0,    0,    0,    0,    0,    0,    0,    0,    0,    0,    0,    0,    0,    0,    0,    0,    0,    0,    0,    0,    0,    0,    0,    0,    0,    0,    0,    0,    0,  -10,   -6,  -23,    0,    0,    0,    0,    0,    0,    0,    0,    0,    0,    0,    0,    0,    0,    0,    0,    0,    0,    0,    0,    0,    0,    0,    0,    0,    0,    0,    0,    0,    0,    0,    0,    0,    0,    0,    0,    0,    0,    0,    0,    0,    0,    0,    0,    0,    0,    0,    0,    0,    0,    0,    0,    0,    0,    0,    0,    0,    0,    0,    0,    0,    0,    0,    0,    0,    0,    0,    0,    0,    0,    0,    0,    0,    0,    0,    0,    0,    0,    0,    0,    0,    0,    0,    0,    0,    0,    0,    0,    0,    0,    0,    0,    0,    0,    0,    0,    0,    0,    0,    0,    0,    0,    0,    0,    0,    0,    0,    0,
       0,  -16,    0,  -11,  -13,    0,    0,    0,    0,   -8,    0,    0,    0,    0,    0,    0,    0,    0,    0,    0,    0,    0,    0,    0,    0,    0,    0,    0,   -8,    0,    0,    0,    0,    0,    0,    0,    0,    0,    0,    0,    0,    0,    0,    0,    0,  -11,  -10,    0,  -11,    0,    0,   -8,    0,    0,    0,    0,    0,    0,    0,    0,    0,    0,    0,    0,    0,    0,    0,  -14,    0,   -8,    0,    0,    0,    0,    0,    0,    0,    0,    0,    0,    0,    0,    0,    0,    0,    0,    0,    0,    0,    0,    0,    0,    0,    0,    0,    0,    0,    0,    0,    0,    0,    0,    0,    0,    0,    0,    0,    0,    0,    0,    0,    0,    0,    0,    0,    0,    0,    0,    0,    0,    0,    0,    0,    0,    0,    0,    0,    0,    0,    0,    0,    0,    0,    0,    0,    0,    0,    0,    0,    0,    0,    0,  -12,  -12,    0,    0,    0,    0,    0,    0,    0,    0,    0,    0,    0,    0,    0,    0,    0,    0,    0,    0,    0,    0,    0,    0,    0,    0,    0,    0,    0,    0,    0,    0,    0,    0,    0,    0,    0,    0,    0,    0,    0,    0,    0,    0,    0,    0,    0,    0,    0,    0,    0,    0,    0,    0,    0,    0,    0,    0,    0,    0,    0,    0,    0,    0,    0,    0,    0,    0,    0,    0,    0,    0,    0,    0,    0,    0,    0,    0,    0,    0,    0,    0,    0,    0,    0,    0,    0,    0,    0,    0,    0,    0,    0,    0,    0,    0,    0,    0,    0,    0,    0,    0,    0,    0,    0,    0,    0,    0,    0,    0,    0,
       0,    0,    0,    0,    0,    0,    0,   -8,    0,    6,    0,    0,    0,    0,    0,    0,    0,    0,    0,    0,    0,    0,    0,    0,    0,    0,    0,    0,    5,    0,    0,    0,    0,    0,    0,    0,    0,    0,    0,    0,    0,    0,    0,    0,    0,    0,    0,    0,    0,    0,    0,    5,    0,    0,    0,    0,    0,    0,    0,    0,    0,    0,    0,    0,    0,    0,    0,    0,    0,    0,    0,    0,    0,    0,    0,    0,    0,    0,    0,    0,    0,    0,    0,    0,    0,    0,    0,    0,    0,    0,    0,    0,    0,    0,    0,    0,    0,    0,    0,    0,    0,    0,    0,    0,    0,    0,    0,    0,    0,    0,    0,    0,    0,    0,    0,    0,    0,    0,    0,    0,    0,    0,    0,    0,    0,    0,    0,    0,    0,    0,    0,    0,    0,    0,    0,    0,    0,    0,    0,    0,    0,    0,    0,    0,    0,    0,    0,    0,    0,    0,    0,    0,    0,    0,    0,    0,    0,    0,    0,    0,    0,    0,    0,    0,    0,    0,    0,    0,    0,    0,    0,    0,    0,    0,    0,    0,    0,    0,    0,    0,    0,    0,    0,    0,    0,    0,    0,    0,    0,    0,    0,    0,    0,    0,    0,    0,    0,    0,    0,    0,    0,    0,    0,    0,    0,    0,    0,    0,    0,    0,    0,    0,    0,    0,    0,    0,    0,    0,    0,    0,    0,    0,    0,    0,    0,    0,    0,    0,    0,    0,    0,    0,    0,    0,    0,    0,    0,    0,    0,    0,    0,    0,    0,    0,    0,    0,    0,    0,    0,    0,    0,    0,    0,
       0,  -16,    0,  -11,   -8,    0,    0,   -9,    0,  -11,    0,    0,    0,    0,    0,    0,    0,    0,    0,    0,    0,    0,    0,    0,    0,    0,    0,    0,  -12,    0,    0,    0,    0,    0,    0,    0,    0,    0,    0,    0,    0,    0,    0,    0,    0,   -6,   -5,   -7,   -6,   -7,    0,   -8,    0,    0,    0,    0,    0,    0,    0,    0,    0,    0,    0,    0,    0,    0,    0,    0,    0,    0,    0,    0,    0,    0,    0,    0,    0,    0,    0,    0,    0,    0,    0,    0,    0,    0,    0,    0,    0,    0,    0,    0,    0,    0,    0,    0,    0,    0,    0,    0,    0,    0,    0,    0,    0,    0,    0,    0,    0,    0,    0,    0,    0,    0,    0,    0,    0,    0,    0,    0,    0,    0,    0,    0,    0,    0,    0,    0,    0,    0,    0,    0,    0,    0,    0,    0,    0,    0,    0,    0,    0,    0,  -14,  -14,    0,    0,    0,    0,    0,    0,    0,    0,    0,    0,    0,    0,    0,    0,    0,    0,    0,    0,    0,    0,    0,    0,    0,    0,    0,    0,    0,    0,    0,    0,    0,    0,    0,    0,    0,    0,    0,    0,    0,    0,    0,    0,    0,    0,    0,    0,    0,    0,    0,    0,    0,    0,    0,    0,    0,    0,    0,    0,    0,    0,    0,    0,    0,    0,    0,    0,    0,    0,    0,    0,    0,    0,    0,    0,    0,    0,    0,    0,    0,    0,    0,    0,    0,    0,    0,    0,    0,    0,    0,    0,    0,    0,    0,    0,    0,    0,    0,    0,    0,    0,    0,    0,    0,    0,    0,    0,    0,    0,    0,
       0,    7,    0,   24,    0,   -4,   -4,    0,   -4,   18,    0,    0,    0,    0,    0,    0,    0,    0,    0,    0,    0,    0,    0,    0,    0,    0,    0,   36,   28,   -4,    6,   -4,   -4,   -4,    0,   -4,    3,    3,    6,   -4,   -4,   -4,   -4,    4,   -4,    0,    0,    0,    0,    0,    0,   28,    0,    0,    0,    0,   28,   38,   44,    0,   44,   44,   34,    0,    0,    0,    0,    0,    0,    0,    0,    0,    0,    0,    0,    0,    0,    0,    0,    0,    0,    0,    0,    0,    0,    0,    0,    0,    0,    0,    0,    0,    0,    0,    0,    0,    0,    0,    0,    0,    0,    0,    0,    0,    0,    0,    0,    0,    0,    0,    0,    0,    0,    0,    0,    0,    0,    0,    0,    0,    0,    0,    0,    0,    0,    0,    0,    0,    0,    0,    0,    0,    0,    0,    0,    0,    0,    0,    0,    0,    0,    0,    0,    8,    0,    0,    0,    0,    0,    0,    0,    0,    0,    0,    0,    0,    0,    0,    0,    0,    0,    0,    0,    0,    0,    0,    0,    0,    0,    0,    0,    0,    0,    0,    0,    0,    0,    0,    0,    0,    0,    0,    0,    0,    0,    0,    0,    0,    0,    0,    0,    0,    0,    0,    0,    0,    0,    0,    0,    0,    0,    0,    0,    0,    0,    0,    0,    0,    0,    0,    0,    0,    0,    0,    0,    0,    0,    0,    0,    0,    0,    0,    0,    0,    0,    0,    0,    0,    0,    0,    0,    0,    0,    0,    0,    0,    0,    0,    0,    0,    0,    0,    0,    0,    0,    0,    0,    0,    0,    0,    0,    0,    0,
       0,    0,    0,    0,    0,    0,    0,    0,    0,    0,    0,    0,    0,    0,    0,    0,    0,    0,    0,    0,    0,    0,    0,    0,    0,    0,    0,    0,    0,    0,    0,    0,    0,    0,    0,    0,    0,    8,    0,    0,    0,    0,    0,    0,    0,    0,    0,    0,    0,   -5,    0,    0,    0,    0,    0,    0,    0,    0,    0,    0,    0,    0,    0,    0,    0,    0,    0,    0,    0,    0,    0,    0,    0,    0,    0,    0,    0,    0,    0,    0,    0,    0,    0,    0,    0,    0,    0,    0,    0,    0,    0,    0,    0,    0,    0,    0,    0,    0,    0,    0,    0,    0,    0,    0,    0,    0,    0,    0,    0,    0,    0,    0,    0,    0,    0,    0,    0,    0,    0,    0,    0,    0,    0,    0,    0,    0,    0,    0,    0,    0,    0,    0,    0,    0,    0,    0,    0,    0,    0,    0,    0,    0,    0,    0,    0,    0,    0,    0,    0,    0,    0,    0,    0,    0,    0,    0,    0,    0,    0,    0,    0,    0,    0,    0,    0,    0,    0,    0,    0,    0,    0,    0,    0,    0,    0,    0,    0,    0,    0,    0,    0,    0,    0,    0,    0,    0,    0,    0,    0,    0,    0,    0,    0,    0,    0,    0,    0,    0,    0,    0,    0,    0,    0,    0,    0,    0,    0,    0,    0,    0,    0,    0,    0,    0,    0,    0,    0,    0,    0,    0,    0,    0,    0,    0,    0,    0,    0,    0,    0,    0,    0,    0,    0,    0,    0,    0,    0,    0,    0,    0,    0,    0,    0,    0,    0,    0,    0,    0,    0,    0,    0,    0,    0,
       0,  -17,    0,    0,   -8,    0,    0,    0,    0,  -10,    0,    0,    0,    0,    0,    0,    0,    0,    0,    0,    0,    0,    0,    0,    0,    0,    0,    0,    0,    0,    0,    0,    0,    0,    0,    0,    0,    0,    0,    0,    0,    0,    0,    0,    0,   -6,   -5,    0,    0,    0,    0,    0,    0,    0,    0,    0,    0,    0,    0,    0,    0,    0,    0,    0,    0,    0,    0,    0,    0,    0,    0,    0,    0,    0,    0,    0,    0,    0,    0,    0,    0,    0,    0,    0,    0,    0,    0,    0,    0,    0,    0,    0,    0,    0,    0,    0,    0,    0,    0,    0,    0,    0,    0,    0,    0,    0,    0,    0,    0,    0,    0,    0,    0,    0,    0,    0,    0,    0,    0,    0,    0,    0,    0,    0,    0,    0,    0,    0,    0,    0,    0,    0,    0,    0,    0,    0,    0,    0,    0,    0,    0,    0,  -14,  -14,    0,    0,    0,    0,    0,    0,    0,    0,    0,    0,    0,    0,    0,    0,    0,    0,    0,    0,    0,    0,    0,    0,    0,    0,    0,    0,    0,    0,    0,    0,    0,    0,    0,    0,    0,    0,    0,    0,    0,    0,    0,    0,    0,    0,    0,    0,    0,    0,    0,    0,    0,    0,    0,    0,    0,    0,    0,    0,    0,    0,    0,    0,    0,    0,    0,    0,    0,    0,    0,    0,    0,    0,    0,    0,    0,    0,    0,    0,    0,    0,    0,    0,    0,    0,    0,    0,    0,    0,    0,    0,    0,    0,    0,    0,    0,    0,    0,    0,    0,    0,    0,    0,    0,    0,    0,    0,    0,    0,    0,
       0,    0,    0,    0,    0,    0,    0,    0,    0,    0,    0,    0,    0,    0,    0,    0,    0,    0,    0,    0,    0,    0,    0,    0,    0,    0,    0,    0,    0,    0,    0,    0,    0,    0,    0,    0,    0,   -6,    0,    0,    0,    0,    0,    0,    0,   -9,   -8,   -6,   -9,    0,    0,    0,    0,    0,    0,    0,    0,    0,    0,    0,    0,    0,    0,    0,    0,    0,    0,  -13,    0,  -10,    0,    0,    0,    0,    0,    0,    0,    0,    0,    0,    0,    0,    0,    0,    0,    0,    0,    0,    0,    0,    0,    0,    0,    0,    0,    0,    0,    0,    0,    0,    0,    0,    0,    0,    0,    0,    0,    0,    0,    0,    0,    0,    0,    0,    0,    0,    0,    0,    0,    0,    0,    0,    0,    0,    0,    0,    0,    0,    0,    0,    0,    0,    0,    0,    0,    0,    0,    0,    0,    0,    0,    0,    0,    0,    0,    0,    0,    0,    0,    0,    0,    0,    0,    0,    0,    0,    0,    0,    0,    0,    0,    0,    0,    0,    0,    0,    0,    0,    0,    0,    0,    0,    0,    0,    0,    0,    0,    0,    0,    0,    0,    0,    0,    0,    0,    0,    0,    0,    0,    0,    0,    0,    0,    0,    0,    0,    0,    0,    0,    0,    0,    0,    0,    0,    0,    0,    0,    0,    0,    0,    0,    0,    0,    0,    0,    0,    0,    0,    0,    0,    0,    0,    0,    0,    0,    0,    0,    0,    0,    0,    0,    0,    0,    0,    0,    0,    0,    0,    0,    0,    0,    0,    0,    0,    0,    0,    0,    0,    0,    0,    0,    0,    0,
       0,    0,    0,    0,    0,    0,    0,    0,    0,    0,    0,  -14,    0,    0,  -25,    0,    0,    0,    0,    0,    0,    0,    0,  -12,   -6,   -6,    0,    0,    0,   -9,   -5,    0,    0,    0,   -5,    0,   -5,   -5,    0,   -5,    0,    0,    0,    0,    0,    0,    0,    0,    0,    0,    0,    0,    0,    0,  -23,   -5,   -5,   -5,   -5,    0,   -5,   -5,   -5,   -5,    0,    0,   -7,    0,    0,    0,    0,    0,    0,    0,    0,    0,    0,    0,    0,    0,    0,    0,    0,    0,    0,    0,    0,    0,    0,    0,    0,    0,    0,    0,    0,    0,    0,    0,    0,    0,    0,    0,    0,    0,    0,    0,    0,    0,    0,    0,    0,    0,    0,    0,    0,    0,    0,    0,    0,    0,    0,    0,    0,    0,    0,    0,    0,    0,    0,    0,    0,    0,    0,    0,    0,    0,    0,    0,    0,    0,    0,    0,    0,    0,    0,    0,    0,    0,    0,    0,    0,    0,    0,    0,    0,    0,    0,    0,    0,    0,    0,    0,    0,    0,    0,    0,    0,    0,    0,    0,    0,    0,    0,    0,    0,    0,    0,    0,    0,    0,    0,    0,    0,    0,    0,    0,    0,    0,    0,    0,    0,    0,    0,    0,    0,    0,    0,    0,    0,    0,    0,    0,    0,    0,    0,    0,    0,    0,    0,    0,    0,    0,    0,    0,    0,    0,    0,    0,    0,    0,    0,    0,    0,    0,    0,    0,    0,    0,    0,    0,    0,    0,    0,    0,    0,    0,    0,    0,    0,    0,    0,    0,    0,    0,    0,    0,    0,    0,    0,    0,    0,    0,    0,
       0,    0,    0,    0,    0,    0,    0,    0,    0,    0,    0,    0,    0,    0,    0,    0,    0,    0,    0,    0,    0,   -6,    0,    0,   -8,    0,    0,    0,    0,    0,    0,    0,    0,    0,    0,    0,    0,    0,    0,    0,    0,    0,    0,    0,    0,    0,    0,    0,    0,    0,    0,    0,    0,    0,    0,    0,    0,    0,    0,    0,    0,    0,    0,   -5,    0,    0,    0,    0,   -6,    0,    0,    0,    0,    0,    0,    0,    0,    0,    0,    0,    0,    0,    0,    0,    0,    0,    0,    0,    0,    0,    0,    0,    0,    0,    0,    0,    0,    0,    0,    0,    0,    0,    0,    0,    0,    0,    0,    0,    0,    0,    0,    0,    0,    0,    0,    0,    0,    0,    0,    0,    0,    0,    0,    0,    0,    0,    0,    0,    0,    0,    0,    0,    0,    0,    0,    0,    0,    0,    0,    0,    0,    0,    0,    0,    0,    0,    0,    0,    0,    0,    0,    0,    0,    0,    0,    0,    0,    0,    0,    0,    0,    0,    0,    0,    0,    0,    0,    0,    0,    0,    0,    0,    0,    0,    0,    0,    0,    0,    0,    0,    0,    0,    0,    0,    0,    0,    0,    0,    0,    0,    0,    0,    0,    0,    0,    0,    0,    0,    0,    0,    0,    0,    0,    0,    0,    0,    0,    0,    0,    0,    0,    0,    0,    0,    0,    0,    0,    0,    0,    0,    0,    0,    0,    0,    0,    0,    0,    0,    0,    0,    0,    0,    0,    0,    0,    0,    0,    0,    0,    0,    0,    0,    0,    0,    0,    0,    0,    0,    0,    0,    0,    0,    0,
       0,   -6,   -8,    0,   -5,    4,    0,    0,    0,    0,   -6,    0,    0,    0,    0,    0,    0,    0,    0,    0,    0,    0,    0,    0,    0,    0,   -7,    0,  -17,    0,    0,    0,    0,    0,    0,    0,    0,    0,    0,    0,    0,    0,    0,    0,    0,    0,    0,    0,    0,    0,   -8,   -9,   -9,    0,    0,    0,    0,    0,    0,    0,    0,    0,    0,    0,    0,    0,    0,    0,    0,    0,    0,  -11,    0,    6,    0,    0,    7,    0,    0,    0,    0,  -11,  -11,    0,    0,    0,    0,    0,   -6,    0,    0,    0,   -6,    0,    0,    0,    0,   -7,    0,   -6,   -6,  -10,   -7,    4,   -7,    0,   -6,    0,    0,    0,    0,    0,    0,    0,    0,    0,   -6,    0,   -9,   -4,    0,  -10,    0,    0,    0,    0,   -8,    0,    0,    0,   -7,    0,    0,    0,    0,    0,    0,    0,    0,    0,    0,    0,   -5,    0,    0,    0,    0,    0,    0,    0,    0,    0,    0,    0,    0,    0,    0,    0,    0,    0,    0,    0,    0,    0,    0,    0,    0,    0,    0,    0,    0,    0,    0,    0,    0,    0,    0,    0,    0,    0,    0,    0,    0,    0,    0,    0,    0,    0,    0,    0,    0,    0,    0,    0,    0,    0,    0,    0,    0,    0,    0,    0,    0,    0,    0,    0,    0,    0,    0,    0,    0,    0,    0,    0,    0,    0,    0,    0,    0,    0,    0,    0,    0,    0,    0,    0,    0,    0,    0,    0,    0,    0,    0,    0,    0,    0,    0,    0,    0,    0,    0,    0,    0,    0,    0,    0,    0,    0,    0,    0,    0,    0,    0,
      -5,  -15,    0,   -7,  -12,   -5,    6,   -6,   -5,   -4,    0,    0,    0,    0,    0,    0,    0,    0,    0,    0,    0,    0,    0,    0,    0,    0,   -7,    0,  -16,    0,    0,    0,    0,    0,    0,    0,    0,    0,    0,    0,    0,    0,    0,    0,    0,    0,    0,    0,    0,    0,    0,  -10,    0,    0,    0,    0,    0,    0,    0,    0,    0,    0,    0,    0,    0,    0,    0,    0,    0,    0,    0,    0,    0,    0,    0,   -4,    0,    0,   -8,    0,    0,    0,    0,   -7,   -9,    0,   -8,    0,    0,    0,    0,    0,    0,   -7,   -4,    0,    0,    0,    0,    0,  -14,   -6,    0,   -6,    0,    0,  -14,    0,    0,    0,    0,    0,    0,    0,    0,    0,  -13,   -4,    0,    0,    0,   -6,    0,   -7,    0,    0,    0,    0,   -4,    0,  -12,   -4,    0,    0,    0,    0,    0,    0,    0,    0,    0,    0,    0,    0,    0,    0,    0,    0,    0,    0,    0,    0,    0,    0,    0,    0,    0,    0,    0,    0,    0,    0,    0,    0,    0,    0,    0,    0,    0,    0,    0,    0,    0,    0,    0,    0,    0,    0,    0,    0,    0,    0,    0,    0,    0,    0,    0,    0,    0,    0,    0,    0,    0,    0,    0,    0,    0,    0,    0,    0,    0,    0,    0,    0,    0,    0,    0,    0,    0,    0,    0,    0,    0,    0,    0,    0,    0,    0,    0,    0,    0,    0,    0,    0,    0,    0,    0,    0,    0,    0,    0,    0,    0,    0,    0,    0,    0,    0,    0,    0,    0,    0,    0,    0,    0,    0,    0,    0,    0,    0,    0,    0,    0,
       0,    0,  -11,    5,    0,  -30,  -20,  -34,  -34,    9,  -20,    0,    0,    0,    0,    0,    0,    0,    0,    0,    0,    0,    0,    0,    0,    0,    0,    0,  -13,    0,    0,    0,    0,    0,    0,    0,    0,    0,    0,    0,    0,    0,    0,    0,    0,    0,    0,    0,    0,    0,  -10,    0,  -34,  -30,    0,    0,    0,    0,    0,    0,    0,    0,    0,    0,    0,    0,    0,    0,    0,    0,   10,  -11,    0,  -44,  -26,    8,  -26,  -26,    0,    0,    0,  -11,  -11,    6,    0,    7,    0,  -39,    0,  -36,  -37,  -46,  -46,  -30,  -32,  -45,  -42,  -46,  -37,  -46,  -25,  -25,  -32,  -26,  -30,  -37,  -25,  -31,  -44,   11,  -46,  -42,    0,   17,    0,   11,    0,  -30,   -9,  -48,    0,  -25,    0,    0,  -37,  -39,    0,  -39,  -53,    0,  -26,  -45,    0,    0,    0,    0,    0,    0,    0,    0,    0,    0,    0,    0,  -27,    0,    0,    0,    0,    0,    0,    0,    0,    0,    0,    0,    0,    0,    0,    0,    0,    0,    0,    0,    0,    0,    0,    0,    0,    0,    0,    0,    0,    0,    0,    0,    0,    0,    0,    0,    0,    0,    0,    0,    0,    0,    0,    0,    0,    0,    0,    0,    0,    0,    0,    0,    0,    0,    0,    0,    0,    0,    0,    0,    0,    0,    0,    0,    0,    0,    0,    0,    0,    0,    0,    0,    0,    0,    0,    0,    0,    0,    0,    0,    0,    0,    0,    0,    0,    0,    0,    0,    0,    0,    0,    0,    0,    0,    0,    0,    0,    0,    0,    0,    0,    0,    0,    0,    0,    0,    0,    0,    0,
       0,    0,   -9,    0,    0,    9,  -12,    0,    0,    6,   -7,    0,    0,    0,    0,    0,    0,    0,    0,    0,    0,    0,    0,    0,    0,    0,   -4,    0,    0,    0,    0,    0,    0,    0,    0,    0,    0,    0,    0,    0,    0,    0,    0,    0,    0,    0,    0,    0,    0,    0,  -11,    0,  -18,    0,    0,    0,    0,    0,    0,    0,    0,    0,    0,    0,    0,    0,    0,    0,    0,    0,    7,   -8,    0,    8,    7,    0,    9,    7,    0,    0,    0,   -8,   -8,    5,    0,    0,    0,    0,   -6,    0,    0,    7,   -6,    6,    0,    8,    0,   -6,    0,   -6,  -13,   -6,   -6,    6,  -19,    0,  -13,    0,    0,    8,    0,    0,    0,    0,    0,    8,    0,    0,  -12,   -4,    7,   -6,    0,    0,  -20,    0,   -5,    0,    0,    0,  -14,    0,    0,    0,    0,    0,    0,    0,    0,    0,    0,    0,    0,    5,    7,    0,    0,    0,    0,    0,    0,    0,    0,    0,    0,    0,    0,    0,    0,    0,    0,    0,    0,    0,    0,    0,    0,    0,    0,    0,    0,    0,    0,    0,    0,    0,    0,    0,    0,    0,    0,    0,    0,    0,    0,    0,    0,    0,    0,    0,    0,    0,    0,    0,    0,    0,    0,    0,    0,    0,    0,    0,    0,    0,    0,    0,    0,    0,    0,    0,    0,    0,    0,    0,    0,    0,    0,    0,    0,    0,    0,    0,    0,    0,    0,    0,    0,    0,    0,    0,    0,    0,    0,    0,    0,    0,    0,    0,    0,    0,    0,    0,    0,    0,    0,    0,    0,    0,    0,    0,    0,    0,    0,
       0,   -5,    0,    0,   -7,    0,    0,    0,    0,    0,    0,    0,    0,    0,    0,    0,    0,    0,    0,    0,    0,    0,    0,    0,    0,    0,    0,    0,    0,    0,    0,    0,    0,    0,    0,    0,    0,    0,    0,    0,    0,    0,    0,    0,    0,    0,    0,    0,    0,    0,    0,    0,    0,    0,    0,    0,    0,    0,    0,    0,    0,    0,    0,    0,    0,    0,    0,    0,    0,    0,    0,    0,    0,    0,    0,    0,    0,    0,    0,    0,    0,    0,    0,    0,    0,    0,    0,    0,    0,    0,    0,    0,    0,    0,    0,    0,    0,    0,    0,    0,  -18,   -6,    0,    0,    0,    0,  -13,    0,    0,    0,    0,    0,    0,    0,    0,    0,  -10,    0,    0,    0,    0,   -6,    0,    0,    0,    0,    0,    0,    0,    0,   -8,    0,    0,    0,    0,    0,    0,    0,    0,    0,    0,    0,    0,    0,    0,    0,    0,    0,    0,    0,    0,    0,    0,    0,    0,    0,    0,    0,    0,    0,    0,    0,    0,    0,    0,    0,    0,    0,    0,    0,    0,    0,    0,    0,    0,    0,    0,    0,    0,    0,    0,    0,    0,    0,    0,    0,    0,    0,    0,    0,    0,    0,    0,    0,    0,    0,    0,    0,    0,    0,    0,    0,    0,    0,    0,    0,    0,    0,    0,    0,    0,    0,    0,    0,    0,    0,    0,    0,    0,    0,    0,    0,    0,    0,    0,    0,    0,    0,    0,    0,    0,    0,    0,    0,    0,    0,    0,    0,    0,    0,    0,    0,    0,    0,    0,    0,    0,    0,    0,    0,    0,    0,    0,
      -6,  -30,   -8,   -9,  -14,    0,    0,    0,    0,  -12,   -5,    0,    0,    0,    0,    0,    0,    0,    0,    0,    0,    0,    0,    0,    0,    0,   -8,    0,  -21,    0,    0,    0,    0,    0,    0,    0,    0,    0,    0,    0,    0,    0,    0,    0,    0,    0,    0,    0,    0,    0,    0,  -14,    0,    0,    0,    0,    0,    0,    0,    0,    0,    0,    0,    0,    0,    0,    0,    0,    0,    0,  -20,   -5,    0,    0,    0,    0,    0,    0,    0,    0,    0,   -5,   -6,    0,  -12,    0,    0,    0,   -5,    0,    0,    0,    0,    0,    0,    0,    0,    0,    0,    0,  -15,   -9,    0,    0,    0,    0,  -14,    0,    0,   -6,    0,    0,   -8,   -8,   -8,   -6,  -15,   -4,   -5,    0,    0,   -8,   -5,   -8,    0,    0,   -4,    0,    0,    0,  -15,    0,    0,    0,    0,    0,    0,    0,    0,    0,    0,    0,    0,    0,    0,    0,    0,    0,    0,    0,    0,    0,    0,    0,    0,    0,    0,    0,    0,    0,    0,    0,    0,    0,    0,    0,    0,    0,    0,    0,    0,    0,    0,    0,    0,    0,    0,    0,    0,    0,    0,    0,    0,    0,    0,    0,    0,    0,    0,    0,    0,    0,    0,    0,    0,    0,    0,    0,    0,    0,    0,    0,    0,    0,    0,    0,    0,    0,    0,    0,    0,    0,    0,    0,    0,    0,    0,    0,    0,    0,    0,    0,    0,    0,    0,    0,    0,    0,    0,    0,    0,    0,    0,    0,    0,    0,    0,    0,    0,    0,    0,    0,    0,    0,    0,    0,    0,    0,    0,    0,    0,    0,    0,
       0,    0,   -7,    0,  -13,    6,  -19,    7,    0,    4,   -8,    0,    0,    0,    0,    0,    0,    0,    0,    0,    0,    0,    0,    0,    0,    0,    0,    0,  -10,    0,    0,    0,    0,    0,    0,    0,    0,    0,    0,    0,    0,    0,    0,    0,    0,    0,    0,    0,    0,    0,   -8,    0,  -24,    0,    0,    0,    0,    0,    0,    0,    0,    0,    0,    0,    0,    0,    0,    0,    0,    0,    7,  -14,    0,   10,   10,    0,   14,   11,    9,    6,    0,  -14,  -14,   10,    0,    8,    7,    0,  -10,    0,    0,   11,   -8,   11,    0,   10,    0,   -8,    0,   -8,  -16,  -19,  -11,   11,  -24,    0,   -9,    8,    8,    8,   -8,    6,    0,    0,    0,    8,   -9,    0,  -17,   -8,    0,  -19,    0,  -15,  -24,    0,   -8,   -6,    0,    7,  -20,    0,    0,    0,    0,    0,    0,    0,    0,    0,    0,    0,    0,    0,    6,    0,    0,    0,    0,    0,    0,    0,    0,    0,    0,    0,    0,    0,    0,    0,    0,    0,    0,    0,    0,    0,    0,    0,    0,    0,    0,    0,    0,    0,    0,    0,    0,    0,    0,    0,    0,    0,    0,    0,    0,    0,    0,    0,    0,    0,    0,    0,    0,    0,    0,    0,    0,    0,    0,    0,    0,    0,    0,    0,    0,    0,    0,    0,    0,    0,    0,    0,    0,    0,    0,    0,    0,    0,    0,    0,    0,    0,    0,    0,    0,    0,    0,    0,    0,    0,    0,    0,    0,    0,    0,    0,    0,    0,    0,    0,    0,    0,    0,    0,    0,    0,    0,    0,    0,    0,    0,    0,    0,
       0,    6,  -13,    6,    0,  -30,   -4,  -27,   -8,   10,  -15,    0,    0,    0,    0,    0,    0,    0,    0,    0,    0,    0,    0,    0,    0,    0,    0,    0,  -11,    0,    0,    0,    0,    0,    0,    0,    0,    0,    0,    0,    0,    0,    0,    0,    0,    0,    0,    0,    0,    0,  -10,    0,  -17,   -4,    0,    0,    0,    0,    0,    0,    0,    0,    0,    0,    0,    0,    0,    0,    0,    0,   11,   -7,    0,  -32,  -25,   10,  -25,  -24,    6,    0,   -2,   -7,   -7,    8,    0,    8,    0,  -10,   -7,   -7,   -8,  -25,  -15,    0,    0,  -25,  -12,  -15,   -8,  -15,    0,    0,  -16,    0,    0,   -8,    0,    0,  -12,   13,  -15,   -8,    0,   16,    0,   13,    0,    0,   -8,  -15,    0,    0,    0,    0,    0,  -10,    0,  -10,    0,    0,    0,    0,    0,    0,    0,    0,    0,    0,    0,    0,    0,    0,    8,   10,  -30,    0,    0,    0,    0,    0,    0,    0,    0,    0,    0,    0,    0,    0,    0,    0,    0,    0,    0,    0,    0,    0,    0,    0,    0,    0,    0,    0,    0,    0,    0,    0,    0,    0,    0,    0,    0,    0,    0,    0,    0,    0,    0,    0,    0,    0,    0,    0,    0,    0,    0,    0,    0,    0,    0,    0,    0,    0,    0,    0,    0,    0,    0,    0,    0,    0,    0,    0,    0,    0,    0,    0,    0,    0,    0,    0,    0,    0,    0,    0,    0,    0,    0,    0,    0,    0,    0,    0,    0,    0,    0,    0,    0,    0,    0,    0,    0,    0,    0,    0,    0,    0,    0,    0,    0,    0,    0,    0,    0,
       0,  -31,   -8,    0,  -25,   10,    0,    7,    0,    0,   -6,    0,    0,    0,    0,    0,    0,    0,    0,    0,    0,    0,    0,    0,    0,    0,    0,    0,  -11,    0,    0,    0,    0,    0,    0,    0,    0,    0,    0,    0,    0,    0,    0,    0,    0,    0,    0,    0,    0,    0,   -8,   -4,   -8,    0,    0,    0,    0,    0,    0,    0,    0,    0,    0,    0,    0,    0,    0,    0,    0,    0,  -26,   -8,    6,   10,   10,    0,   13,   10,    9,    6,    0,   -8,   -8,   10,  -20,    8,    6,    0,   -6,    0,    0,   10,   -5,   11,    0,   10,    0,   -5,    0,   -5,  -15,   -6,   -5,   10,  -11,    0,  -10,    7,    8,    0,    0,    6,    0,    0,    0,    0,  -10,    0,   -9,    0,  -32,   -8,    0,  -14,   -7,    0,   -6,    0,    0,    8,  -14,    0,    0,    0,    0,    0,    0,    0,    0,    0,    0,    0,  -28,  -27,   10,    0,    0,    0,    0,    0,    0,    0,    0,    0,    0,    0,    0,    0,    0,    0,    0,    0,    0,    0,    0,    0,    0,    0,    0,    0,    0,    0,    0,    0,    0,    0,    0,    0,    0,    0,    0,    0,    0,    0,    0,    0,    0,    0,    0,    0,    0,    0,    0,    0,    0,    0,    0,    0,    0,    0,    0,    0,    0,    0,    0,    0,    0,    0,    0,    0,    0,    0,    0,    0,    0,    0,    0,    0,    0,    0,    0,    0,    0,    0,    0,    0,    0,    0,    0,    0,    0,    0,    0,    0,    0,    0,    0,    0,    0,    0,    0,    0,    0,    0,    0,    0,    0,    0,    0,    0,    0,    0,    0,
       0,   -4,   -4,  -10,   -4,   -4,    0,   -8,   -4,   -8,    0,    0,    0,    0,    0,    0,    0,    0,    0,    0,    0,    0,    0,    0,    0,    0,   -5,    0,  -14,    0,    0,    0,    0,    0,    0,    0,    0,    0,    0,    0,    0,    0,    0,    0,    0,    0,    0,    0,    0,    0,    0,   -9,    0,    0,    0,    0,    0,    0,    0,    0,    0,    0,    0,    0,    0,    0,    0,    0,    0,    0,    0,    0,    0,    0,    0,   -5,    0,    0,   -8,    0,    0,    0,   -4,   -8,   -7,    0,   -6,    0,    0,    0,    0,    0,    0,    0,   -4,    0,    0,    0,    0,    0,    0,    0,    0,    0,    0,    0,    0,    0,    0,    0,    0,    0,    0,    0,   -4,    0,    0,    0,    0,    0,  -10,    0,    0,    0,    0,    0,    0,    0,   -4,    0,    0,   -4,    0,    0,    0,    0,    0,    0,    0,    0,    0,    0,    0,    0,    0,    0,    0,    0,    0,    0,    0,    0,    0,    0,    0,    0,    0,    0,    0,    0,    0,    0,    0,    0,    0,    0,    0,    0,    0,    0,    0,    0,    0,    0,    0,    0,    0,    0,    0,    0,    0,    0,    0,    0,    0,    0,    0,    0,    0,    0,    0,    0,    0,    0,    0,    0,    0,    0,    0,    0,    0,    0,    0,    0,    0,    0,    0,    0,    0,    0,    0,    0,    0,    0,    0,    0,    0,    0,    0,    0,    0,    0,    0,    0,    0,    0,    0,    0,    0,    0,    0,    0,    0,    0,    0,    0,    0,    0,    0,    0,    0,    0,    0,    0,    0,    0,    0,    0,    0,    0,    0,    0,    0,
       0,   -5,    0,   10,   -7,    7,    0,   17,    0,    0,    0,    0,    0,    0,    0,    0,    0,    0,    0,    0,    0,    0,    0,    0,    0,    0,    0,    0,   10,    0,    0,    0,    0,    0,    0,    0,    0,    0,    0,    0,    0,    0,    0,    0,    0,    0,    0,    0,    0,    0,   -6,   10,   -6,    0,    0,    0,    0,    0,    0,    0,    0,    0,    0,    0,    0,    0,    0,    0,    0,    0,    0,   -7,    0,   10,    9,    0,   10,    8,    7,    6,    0,   -7,  -10,    7,  -11,    7,    0,    0,    0,    0,    0,    8,    0,    8,    0,    9,    0,    0,    0,    0,    0,   12,    0,    8,   -8,    0,    0,    0,    6,    0,    0,    0,    0,    0,   26,    0,    0,    0,  -10,    0,    0,    0,    0,    0,    0,    0,   -4,    0,    0,    7,   12,    0,    0,    0,    0,    0,    0,    0,    0,    0,    0,    0,    0,    0,    0,    0,    0,    0,    0,    0,    0,    0,    0,    0,    0,    0,    0,    0,    0,    0,    0,    0,    0,    0,    0,    0,    0,    0,    0,    0,    0,    0,    0,    0,    0,    0,    0,    0,    0,    0,    0,    0,    0,    0,    0,    0,    0,    0,    0,    0,    0,    0,    0,    0,    0,    0,    0,    0,    0,    0,    0,    0,    0,    0,    0,    0,    0,    0,    0,    0,    0,    0,    0,    0,    0,    0,    0,    0,    0,    0,    0,    0,    0,    0,    0,    0,    0,    0,    0,    0,    0,    0,    0,    0,    0,    0,    0,    0,    0,    0,    0,    0,    0,    0,    0,    0,    0,    0,    0,    0,    0,    0,    0,
       0,   -5,   -5,  -10,    0,    0,    0,   -6,   -4,   -5,    0,    0,    0,    0,    0,    0,    0,    0,    0,    0,    0,    0,    0,    0,    0,    0,   -5,    0,  -15,    0,    0,    0,    0,    0,    0,    0,    0,    0,    0,    0,    0,    0,    0,    0,    0,    0,    0,    0,    0,    0,    0,  -11,    0,    0,    0,    0,    0,    0,    0,    0,    0,    0,    0,    0,    0,    0,    0,    0,    0,    0,    0,    0,    0,    0,    0,   -4,    0,    0,   -6,    0,    0,    0,   -5,   -6,   -6,    0,   -6,    0,    0,    0,    0,    0,    0,    0,    0,    0,    0,    0,    0,    0,    0,    0,    0,    0,    0,    0,    0,    0,    0,    0,    0,    0,    0,    0,   -4,    0,    0,    0,    0,    0,    0,    0,    0,    0,    0,    0,    0,    0,    0,    0,    0,    0,    0,    0,    0,    0,    0,    0,    0,    0,    0,    0,    0,    0,    0,    0,    0,    0,    0,    0,    0,    0,    0,    0,    0,    0,    0,    0,    0,    0,    0,    0,    0,    0,    0,    0,    0,    0,    0,    0,    0,    0,    0,    0,    0,    0,    0,    0,    0,    0,    0,    0,    0,    0,    0,    0,    0,    0,    0,    0,    0,    0,    0,    0,    0,    0,    0,    0,    0,    0,    0,    0,    0,    0,    0,    0,    0,    0,    0,    0,    0,    0,    0,    0,    0,    0,    0,    0,    0,    0,    0,    0,    0,    0,    0,    0,    0,    0,    0,    0,    0,    0,    0,    0,    0,    0,    0,    0,    0,    0,    0,    0,    0,    0,    0,    0,    0,    0,    0,    0,    0,    0,    0,
       0,   -6,   -6,   -8,   -6,    0,    0,    0,    0,   -5,   -5,    0,    0,    0,    0,    0,    0,    0,    0,    0,    0,    0,    0,    0,    0,    0,   -4,    0,  -14,    0,    0,    0,    0,    0,    0,    0,    0,    0,    0,    0,    0,    0,    0,    0,    0,    0,    0,    0,    0,    0,    0,   -9,    0,    0,    0,    0,    0,    0,    0,    0,    0,    0,    0,    0,    0,    0,    0,    0,    0,    0,    0,    0,    0,    0,    0,   -2,    0,    0,    0,    0,    0,    0,    0,    0,    0,    0,    0,    0,    0,    0,    0,    0,    0,    0,    0,    0,    0,    0,    0,    0,    0,    0,   -4,    0,   -5,    0,    0,    0,    0,    0,    0,    0,    0,    0,    0,    0,    0,    0,    0,    0,   -3,    0,    0,    0,    0,    0,    0,    0,    0,    0,    0,    0,    0,    0,    0,    0,    0,    0,    0,    0,    0,    0,    0,    0,    0,    0,    0,    0,    0,    0,    0,    0,    0,    0,    0,    0,    0,    0,    0,    0,    0,    0,    0,    0,    0,    0,    0,    0,    0,    0,    0,    0,    0,    0,    0,    0,    0,    0,    0,    0,    0,    0,    0,    0,    0,    0,    0,    0,    0,    0,    0,    0,    0,    0,    0,    0,    0,    0,    0,    0,    0,    0,    0,    0,    0,    0,    0,    0,    0,    0,    0,    0,    0,    0,    0,    0,    0,    0,    0,    0,    0,    0,    0,    0,    0,    0,    0,    0,    0,    0,    0,    0,    0,    0,    0,    0,    0,    0,    0,    0,    0,    0,    0,    0,    0,    0,    0,    0,    0,    0,    0,    0,    0,
      -6,   -9,   -5,  -11,    0,  -13,    6,  -17,    0,  -14,   -4,    0,    0,    0,    0,    0,    0,    0,    0,    0,    0,    0,    0,    0,    0,    0,   -4,    0,  -17,    0,    0,    0,    0,    0,    0,    0,    0,    0,    0,    0,    0,    0,    0,    0,    0,    0,    0,    0,    0,    0,    0,  -12,    0,    0,    0,    0,    0,    0,    0,    0,    0,    0,    0,    0,    0,    0,    0,    0,    0,    0,  -11,    0,    0,   -9,   -9,  -14,   -8,   -8,  -19,  -12,    0,    0,    0,  -10,    0,  -12,    0,   -5,    0,    0,    0,  -10,    0,   -4,   -5,  -11,    0,    0,    0,    0,    0,    0,    0,    0,    0,    0,    0,    0,    0,   -4,    0,    0,   -5,   -5,   -6,    0,    0,    0,    0,    0,  -16,    0,    0,    0,    0,    0,    0,    0,   -5,  -11,    0,   -5,    0,    0,    0,    0,    0,    0,    0,    0,    0,    0,   -6,   -4,  -12,    0,    0,    0,    0,    0,    0,    0,    0,    0,    0,    0,    0,    0,    0,    0,    0,    0,    0,    0,    0,    0,    0,    0,    0,    0,    0,    0,    0,    0,    0,    0,    0,    0,    0,    0,    0,    0,    0,    0,    0,    0,    0,    0,    0,    0,    0,    0,    0,    0,    0,    0,    0,    0,    0,    0,    0,    0,    0,    0,    0,    0,    0,    0,    0,    0,    0,    0,    0,    0,    0,    0,    0,    0,    0,    0,    0,    0,    0,    0,    0,    0,    0,    0,    0,    0,    0,    0,    0,    0,    0,    0,    0,    0,    0,    0,    0,    0,    0,    0,    0,    0,    0,    0,    0,    0,    0,    0,    0,
      -4,    0,   -5,  -10,    0,  -36,    0,  -25,    0,    0,    0,    0,    0,    0,    0,    0,    0,    0,    0,    0,    0,    0,    0,    0,    0,    0,   -6,    0,  -16,    0,    0,    0,    0,    0,    0,    0,    0,    0,    0,    0,    0,    0,    0,    0,    0,    0,    0,    0,    0,    0,    0,  -10,   -7,    0,    0,    0,    0,    0,    0,    0,    0,    0,    0,    0,    0,    0,    0,    0,    0,    0,    0,    0,    0,  -37,  -29,    0,  -20,  -28,  -11,   -6,    0,    0,    0,   -7,    0,    0,    0,   -8,    0,    0,    0,  -18,    0,    0,    0,  -19,   -5,    0,    0,    0,    0,    4,    0,    0,    0,    0,    0,    0,    0,    0,    0,    0,    0,    0,    0,    0,    0,    6,    0,    0,    0,    4,    0,    6,    0,   -5,    0,    0,    0,    0,    0,    0,    0,    0,    0,    0,    0,    0,    0,    0,    0,    0,    0,    4,  -46,    0,    0,    0,    0,    0,    0,    0,    0,    0,    0,    0,    0,    0,    0,    0,    0,    0,    0,    0,    0,    0,    0,    0,    0,    0,    0,    0,    0,    0,    0,    0,    0,    0,    0,    0,    0,    0,    0,    0,    0,    0,    0,    0,    0,    0,    0,    0,    0,    0,    0,    0,    0,    0,    0,    0,    0,    0,    0,    0,    0,    0,    0,    0,    0,    0,    0,    0,    0,    0,    0,    0,    0,    0,    0,    0,    0,    0,    0,    0,    0,    0,    0,    0,    0,    0,    0,    0,    0,    0,    0,    0,    0,    0,    0,    0,    0,    0,    0,    0,    0,    0,    0,    0,    0,    0,    0,    0,    0,
       0,    0,  -11,    5,    0,  -30,  -20,  -34,  -34,    9,  -20,    0,    0,    0,    0,    0,    0,    0,    0,    0,    0,    0,    0,    0,    0,    0,    0,    0,  -13,    0,    0,    0,    0,    0,    0,    0,    0,    0,    0,    0,    0,    0,    0,    0,    0,    0,    0,    0,    0,    0,  -10,    0,  -34,  -30,    0,    0,    0,    0,    0,    0,    0,    0,    0,    0,    0,    0,    0,    0,    0,    0,   10,  -11,    0,  -26,  -26,    8,  -26,  -26,    0,    0,    0,  -11,  -11,    6,    0,    7,    0,  -18,    0,  -30,  -30,  -28,  -22,  -28,  -33,  -27,  -30,  -22,  -16,  -22,  -25,   -9,  -22,   -7,  -30,  -30,  -25,  -31,  -30,   11,  -31,  -31,    0,   17,    0,   11,    0,  -27,   -9,  -31,   12,   -9,    0,    0,  -27,  -32,    0,  -32,  -54,    0,  -26,  -45,    0,    0,    0,    0,    0,    0,    0,    0,    0,    0,    0,    0,  -27,    0,    0,    0,    0,    0,    0,    0,    0,    0,    0,    0,    0,    0,    0,    0,    0,    0,    0,    0,    0,    0,    0,    0,    0,    0,    0,    0,    0,    0,    0,    0,    0,    0,    0,    0,    0,    0,    0,    0,    0,    0,    0,    0,    0,    0,    0,    0,    0,    0,    0,    0,    0,    0,    0,    0,    0,    0,    0,    0,    0,    0,    0,    0,    0,    0,    0,    0,    0,    0,    0,    0,    0,    0,    0,    0,    0,    0,    0,    0,    0,    0,    0,    0,    0,    0,    0,    0,    0,    0,    0,    0,    0,    0,    0,    0,    0,    0,    0,    0,    0,    0,    0,    0,    0,    0,    0,    0,    0,
      -6,   -9,   -5,  -11,    0,  -13,    0,  -17,    0,  -14,   -4,    0,    0,    0,    0,    0,    0,    0,    0,    0,    0,    0,    0,    0,    0,    0,   -4,    0,  -17,    0,    0,    0,    0,    0,    0,    0,    0,    0,    0,    0,    0,    0,    0,    0,    0,    0,    0,    0,    0,    0,    0,  -12,    0,    0,    0,    0,    0,    0,    0,    0,    0,    0,    0,    0,    0,    0,    0,    0,    0,    0,  -11,    0,    0,  -22,  -23,  -15,   -8,  -22,  -24,  -18,    0,    0,    0,  -10,    0,  -16,    0,   -7,    0,   -6,   -5,  -16,    0,   -4,   -4,  -17,   -7,    0,   -6,    0,    0,    0,    0,    0,    0,   -5,    0,    0,    0,   -6,    0,    0,   -6,   -6,   -6,   -6,    0,    0,    0,    0,    0,    0,   -6,    0,    0,   -7,    0,    0,   -4,  -23,    0,   -4,    0,    0,    0,    0,    0,    0,    0,    0,    0,    0,   -6,   -4,  -12,    0,    0,    0,    0,    0,    0,    0,    0,    0,    0,    0,    0,    0,    0,    0,    0,    0,    0,    0,    0,    0,    0,    0,    0,    0,    0,    0,    0,    0,    0,    0,    0,    0,    0,    0,    0,    0,    0,    0,    0,    0,    0,    0,    0,    0,    0,    0,    0,    0,    0,    0,    0,    0,    0,    0,    0,    0,    0,    0,    0,    0,    0,    0,    0,    0,    0,    0,    0,    0,    0,    0,    0,    0,    0,    0,    0,    0,    0,    0,    0,    0,    0,    0,    0,    0,    0,    0,    0,    0,    0,    0,    0,    0,    0,    0,    0,    0,    0,    0,    0,    0,    0,    0,    0,    0,    0,    0,    0,
       0,    0,  -10,    0,  -10,    5,  -11,    4,    0,    0,  -10,    0,    0,    0,    0,    0,    0,    0,    0,    0,    0,    0,    0,    0,    0,    0,    0,    0,  -14,    0,    0,    0,    0,    0,    0,    0,    0,    0,    0,    0,    0,    0,    0,    0,    0,    0,    0,    0,    0,    0,  -10,    0,  -19,    0,    0,    0,    0,    0,    0,    0,    0,    0,    0,    0,    0,    0,    0,    0,    0,    0,    5,  -10,    0,    0,    0,    0,   11,    0,    0,    0,    0,  -10,  -10,    7,    0,    0,    0,    0,  -11,    0,    0,    8,   -7,    8,    0,    8,    0,   -7,    0,   -7,  -12,   -3,   -7,    8,  -18,    0,  -12,    0,    0,    7,   -8,    0,    0,    0,    0,    7,  -11,    0,    0,   -9,    8,   -4,    0,    0,  -19,    0,    0,   -7,    0,    0,  -13,    0,    0,    0,    0,    0,    0,    0,    0,    0,    0,    0,    0,    0,    4,    0,    0,    0,    0,    0,    0,    0,    0,    0,    0,    0,    0,    0,    0,    0,    0,    0,    0,    0,    0,    0,    0,    0,    0,    0,    0,    0,    0,    0,    0,    0,    0,    0,    0,    0,    0,    0,    0,    0,    0,    0,    0,    0,    0,    0,    0,    0,    0,    0,    0,    0,    0,    0,    0,    0,    0,    0,    0,    0,    0,    0,    0,    0,    0,    0,    0,    0,    0,    0,    0,    0,    0,    0,    0,    0,    0,    0,    0,    0,    0,    0,    0,    0,    0,    0,    0,    0,    0,    0,    0,    0,    0,    0,    0,    0,    0,    0,    0,    0,    0,    0,    0,    0,    0,    0,    0,    0,    0,
       0,   -5,    0,   10,   -7,    7,    0,   17,    0,    0,    0,    0,    0,    0,    0,    0,    0,    0,    0,    0,    0,    0,    0,    0,    0,    0,    0,    0,   10,    0,    0,    0,    0,    0,    0,    0,    0,    0,    0,    0,    0,    0,    0,    0,    0,    0,    0,    0,    0,    0,   -6,   10,   -6,    0,    0,    0,    0,    0,    0,    0,    0,    0,    0,    0,    0,    0,    0,    0,    0,    0,    0,   -7,    0,   10,    9,    0,   10,    8,    7,    6,    0,   -7,  -10,    7,  -11,    7,    0,    0,    0,    0,    0,    8,    0,    8,    0,    9,    0,    0,    0,    0,    0,   12,    0,    8,   -8,    0,    0,    0,    6,    0,    0,    0,    0,    0,   28,    0,    0,    0,  -10,    0,    0,    0,    0,    0,    0,    0,   -4,    0,    0,    7,   12,    0,    0,    0,    0,    0,    0,    0,    0,    0,    0,    0,    0,    0,    0,    0,    0,    0,    0,    0,    0,    0,    0,    0,    0,    0,    0,    0,    0,    0,    0,    0,    0,    0,    0,    0,    0,    0,    0,    0,    0,    0,    0,    0,    0,    0,    0,    0,    0,    0,    0,    0,    0,    0,    0,    0,    0,    0,    0,    0,    0,    0,    0,    0,    0,    0,    0,    0,    0,    0,    0,    0,    0,    0,    0,    0,    0,    0,    0,    0,    0,    0,    0,    0,    0,    0,    0,    0,    0,    0,    0,    0,    0,    0,    0,    0,    0,    0,    0,    0,    0,    0,    0,    0,    0,    0,    0,    0,    0,    0,    0,    0,    0,    0,    0,    0,    0,    0,    0,    0,    0,    0,    0,
      -6,   -9,   -5,  -11,    0,  -13,    6,  -17,    0,  -14,   -4,    0,    0,    0,    0,    0,    0,    0,    0,    0,    0,    0,    0,    0,    0,    0,   -4,    0,  -17,    0,    0,    0,    0,    0,    0,    0,    0,    0,    0,    0,    0,    0,    0,    0,    0,    0,    0,    0,    0,    0,    0,  -12,    0,    0,    0,    0,    0,    0,    0,    0,    0,    0,    0,    0,    0,    0,    0,    0,    0,    0,  -11,    0,    0,   -9,   -8,  -14,   -8,   -8,  -18,  -12,    0,    0,    0,  -10,    0,  -11,    0,    0,    0,    0,    0,   -9,    0,    0,   -4,  -10,    0,    0,    0,    0,    0,    0,    0,    0,    0,    0,    0,    0,    0,    0,    0,    0,   -5,   -5,   -6,    0,    0,    0,    0,    0,    0,    0,    0,    0,    0,    0,    0,    0,   -4,  -11,    0,   -4,    0,    0,    0,    0,    0,    0,    0,    0,    0,    0,   -6,   -4,  -12,    0,    0,    0,    0,    0,    0,    0,    0,    0,    0,    0,    0,    0,    0,    0,    0,    0,    0,    0,    0,    0,    0,    0,    0,    0,    0,    0,    0,    0,    0,    0,    0,    0,    0,    0,    0,    0,    0,    0,    0,    0,    0,    0,    0,    0,    0,    0,    0,    0,    0,    0,    0,    0,    0,    0,    0,    0,    0,    0,    0,    0,    0,    0,    0,    0,    0,    0,    0,    0,    0,    0,    0,    0,    0,    0,    0,    0,    0,    0,    0,    0,    0,    0,    0,    0,    0,    0,    0,    0,    0,    0,    0,    0,    0,    0,    0,    0,    0,    0,    0,    0,    0,    0,    0,    0,    0,    0,    0,
       0,  -11,    0,  -10,   -8,    0,    0,    0,    0,  -11,    0,    0,    0,    0,    0,    0,    0,    0,    0,    0,    0,    0,    0,    0,    0,    0,    0,    0,  -12,    0,    0,    0,    0,    0,    0,    0,    0,    0,    0,    0,    0,    0,    0,    0,    0,    0,    0,    0,    0,    0,    0,   -8,    0,    0,    0,    0,    0,    0,    0,    0,    0,    0,    0,    0,    0,    0,    0,    0,    0,    0,    0,    0,    0,    0,    0,    0,    0,    0,    0,    0,    0,    0,    0,    0,    0,    0,    0,    0,    0,    0,    0,    0,    0,    0,    0,    0,    0,    0,    0,    0,    0,   -6,    0,    0,    0,    0,    0,    0,    0,    0,    0,    0,    0,    0,    0,    0,    0,    0,    0,    0,    0,   -6,    0,    0,    0,    0,    0,    0,    0,    0,    0,    0,    0,    0,    0,    0,    0,    0,    0,    0,    0,    0,    0,  -10,    0,    0,    0,    0,    0,    0,    0,    0,    0,    0,    0,    0,    0,    0,    0,    0,    0,    0,    0,    0,    0,    0,    0,    0,    0,    0,    0,    0,    0,    0,    0,    0,    0,    0,    0,    0,    0,    0,    0,    0,    0,    0,    0,    0,    0,    0,    0,    0,    0,    0,    0,    0,    0,    0,    0,    0,    0,    0,    0,    0,    0,    0,    0,    0,    0,    0,    0,    0,    0,    0,    0,    0,    0,    0,    0,    0,    0,    0,    0,    0,    0,    0,    0,    0,    0,    0,    0,    0,    0,    0,    0,    0,    0,    0,    0,    0,    0,    0,    0,    0,    0,    0,    0,    0,    0,    0,    0,    0,    0,
      -5,   -9,   -4,    0,   -8,   -8,    7,   -8,   -7,    0,    0,    0,    0,    0,    0,    0,    0,    0,    0,    0,    0,    0,    0,    0,    0,    0,   -7,    0,    0,    0,    0,    0,    0,    0,    0,    0,    0,    0,    0,    0,    0,    0,    0,    0,    0,    0,    0,    0,    0,    0,    0,    0,    0,    0,    0,    0,    0,    0,    0,    0,    0,    0,    0,    0,    0,    0,    0,    0,    0,    0,    0,    0,    0,    0,    0,    0,    0,    0,    0,    0,    0,    0,    0,    0,    0,    0,    0,    0,    0,    0,    0,    0,    0,   -9,   -6,    0,    0,    0,    0,    0,    0,    0,    0,   -5,    0,    0,    0,    0,    0,    0,    0,    0,    0,    0,    0,    0,    0,    0,    0,    0,    0,    0,    0,    0,    0,    0,    0,    0,   -6,    0,    0,   -6,    0,    0,    0,    0,    0,    0,    0,    0,    0,    0,    0,    0,    0,    0,    0,    0,    0,    0,    0,    0,    0,    0,    0,    0,    0,    0,    0,    0,    0,    0,    0,    0,    0,    0,    0,    0,    0,    0,    0,    0,    0,    0,    0,    0,    0,    0,    0,    0,    0,    0,    0,    0,    0,    0,    0,    0,    0,    0,    0,    0,    0,    0,    0,    0,    0,    0,    0,    0,    0,    0,    0,    0,    0,    0,    0,    0,    0,    0,    0,    0,    0,    0,    0,    0,    0,    0,    0,    0,    0,    0,    0,    0,    0,    0,    0,    0,    0,    0,    0,    0,    0,    0,    0,    0,    0,    0,    0,    0,    0,    0,    0,    0,    0,    0,    0,    0,    0,    0,    0,    0,    0,
       0,  -14,    0,   -9,   -6,    0,    0,    0,    0,   -8,    0,    0,    0,    0,    0,    0,    0,    0,    0,    0,    0,    0,    0,    0,    0,    0,    0,    0,  -11,    0,    0,    0,    0,    0,    0,    0,    0,    0,    0,    0,    0,    0,    0,    0,    0,    0,    0,    0,    0,    0,    0,   -7,    0,    0,    0,    0,    0,    0,    0,    0,    0,    0,    0,    0,    0,    0,    0,    0,    0,    0,    0,    0,    0,    0,    0,    0,    0,    0,    0,    0,    0,    0,    0,    0,    0,    0,    0,    0,    0,    0,    0,    0,    0,    0,    0,    0,    0,    0,    0,    0,    0,    0,    0,    0,    0,    0,    0,    0,    0,    0,    0,    0,    0,    0,    0,    0,    0,    0,    0,    0,    0,    0,    0,    0,    0,    0,    0,    0,    0,    0,    0,    0,    0,    0,    0,    0,    0,    0,    0,    0,    0,    0,    0,    0,    0,    0,    0,    0,    0,    0,    0,    0,    0,    0,    0,    0,    0,    0,    0,    0,    0,    0,    0,    0,    0,    0,    0,    0,    0,    0,    0,    0,    0,    0,    0,    0,    0,    0,    0,    0,    0,    0,    0,    0,    0,    0,    0,    0,    0,    0,    0,    0,    0,    0,    0,    0,    0,    0,    0,    0,    0,    0,    0,    0,    0,    0,    0,    0,    0,    0,    0,    0,    0,    0,    0,    0,    0,    0,    0,    0,    0,    0,    0,    0,    0,    0,    0,    0,    0,    0,    0,    0,    0,    0,    0,    0,    0,    0,    0,    0,    0,    0,    0,    0,    0,    0,    0,    0,    0,    0,    0,    0,    0,
       0,    0,    0,   -6,    0,  -32,  -22,  -18,    0,  -20,    0,    0,    0,    0,    0,    0,    0,    0,    0,    0,    0,    0,    0,    0,    0,    0,    0,    0,  -10,    0,    0,    0,    0,    0,    0,    0,    0,    0,    0,    0,    0,    0,    0,    0,    0,    0,    0,    0,    0,    0,   -7,   -4,   -8,    0,    0,    0,    0,    0,    0,    0,    0,    0,    0,    0,    0,    0,    0,    0,    0,    0,    0,    0,    0,    0,    0,    0,    0,    0,    0,    0,    0,    0,    0,    0,    0,    0,    0,    0,    0,    0,    0,  -18,    0,    0,    0,  -15,    0,    0,    0,    0,    9,    9,    0,    7,    0,    0,    9,    0,    0,    0,    0,    0,    0,    0,    0,    0,    0,    9,    0,    0,    0,    9,    0,    0,    9,    0,    0,    0,    0,    0,    8,    0,    0,    0,    0,    0,    0,    0,    0,    0,    0,    0,    0,    0,    0,    0,    0,    0,    0,    0,    0,    0,    0,    0,    0,    0,    0,    0,    0,    0,    0,    0,    0,    0,    0,    0,    0,    0,    0,    0,    0,    0,    0,    0,    0,    0,    0,    0,    0,    0,    0,    0,    0,    0,    0,    0,    0,    0,    0,    0,    0,    0,    0,    0,    0,    0,    0,    0,    0,    0,    0,    0,    0,    0,    0,    0,    0,    0,    0,    0,    0,    0,    0,    0,    0,    0,    0,    0,    0,    0,    0,    0,    0,    0,    0,    0,    0,    0,    0,    0,    0,    0,    0,    0,    0,    0,    0,    0,    0,    0,    0,    0,    0,    0,    0,    0,    0,    0,    0,    0,    0,    0,    0,
       0,  -12,    0,   10,    0,    0,    0,   14,    0,    0,    0,    0,    0,    0,    0,    0,    0,    0,    0,    0,    0,    0,    0,    0,    0,    0,    0,    0,    9,    0,    0,    0,    0,    0,    0,    0,    0,    0,    0,    0,    0,    0,    0,    0,    0,    0,    0,    0,    0,    0,    0,    9,    0,    0,    0,    0,    0,    0,    0,    0,    0,    0,    0,    0,    0,    0,    0,    0,    0,    0,    0,    0,    0,    0,    0,    0,    0,    0,    0,    0,    0,    0,    0,    0,    0,    0,    0,    0,    0,    0,    0,    8,    0,    8,    0,    8,    0,    0,    0,    0,    0,   10,   -4,    8,   -5,    0,    0,    0,    0,    0,    0,    0,    0,    0,    0,    0,    0,    0,    0,    0,    0,    0,    0,    0,    0,    0,    0,    0,    0,    0,   12,    0,    0,    0,    0,    0,    0,    0,    0,    0,    0,    0,    0,    0,    0,    0,    0,    0,    0,    0,    0,    0,    0,    0,    0,    0,    0,    0,    0,    0,    0,    0,    0,    0,    0,    0,    0,    0,    0,    0,    0,    0,    0,    0,    0,    0,    0,    0,    0,    0,    0,    0,    0,    0,    0,    0,    0,    0,    0,    0,    0,    0,    0,    0,    0,    0,    0,    0,    0,    0,    0,    0,    0,    0,    0,    0,    0,    0,    0,    0,    0,    0,    0,    0,    0,    0,    0,    0,    0,    0,    0,    0,    0,    0,    0,    0,    0,    0,    0,    0,    0,    0,    0,    0,    0,    0,    0,    0,    0,    0,    0,    0,    0,    0,    0,    0,    0,    0,    0,    0,    0,    0,    0,
       0,  -10,    0,  -11,   -7,   -5,    6,   -4,   -5,  -12,    0,    0,    0,    0,    0,    0,    0,    0,    0,    0,    0,    0,    0,    0,    0,    0,   -4,    0,  -12,    0,    0,    0,    0,    0,    0,    0,    0,    0,    0,    0,    0,    0,    0,    0,    0,    0,    0,    0,    0,    0,    0,   -9,    0,    0,    0,    0,    0,    0,    0,    0,    0,    0,    0,    0,    0,    0,    0,    0,    0,    0,    0,    0,    0,    0,    0,    0,    0,    0,    0,    0,    0,    0,    0,    0,    0,    0,    0,    0,    0,    0,    0,    0,    0,    0,   -5,    0,    0,    0,    0,    0,    0,   -5,    0,    0,    0,    0,    0,    0,    0,    0,    0,    0,    0,    0,    0,    0,    0,    0,    0,    0,    0,   -5,    0,    0,    0,    0,    0,    0,   -5,    0,    0,   -5,    0,    0,    0,    0,    0,    0,    0,    0,    0,    0,    0,  -10,    0,    0,    0,    0,    0,    0,    0,    0,    0,    0,    0,    0,    0,    0,    0,    0,    0,    0,    0,    0,    0,    0,    0,    0,    0,    0,    0,    0,    0,    0,    0,    0,    0,    0,    0,    0,    0,    0,    0,    0,    0,    0,    0,    0,    0,    0,    0,    0,    0,    0,    0,    0,    0,    0,    0,    0,    0,    0,    0,    0,    0,    0,    0,    0,    0,    0,    0,    0,    0,    0,    0,    0,    0,    0,    0,    0,    0,    0,    0,    0,    0,    0,    0,    0,    0,    0,    0,    0,    0,    0,    0,    0,    0,    0,    0,    0,    0,    0,    0,    0,    0,    0,    0,    0,    0,    0,    0,    0,    0,
       0,   -4,   -7,    0,    0,    0,  -11,    4,    0,    0,   -8,    0,    0,    0,    0,    0,    0,    0,    0,    0,    0,    0,    0,    0,    0,    0,    0,    0,  -10,    0,    0,    0,    0,    0,    0,    0,    0,    0,    0,    0,    0,    0,    0,    0,    0,    0,    0,    0,    0,    0,   -8,    0,  -14,    0,    0,    0,    0,    0,    0,    0,    0,    0,    0,    0,    0,    0,    0,    0,    0,    0,    0,    0,    0,    0,    0,    0,    0,    0,    0,    0,    0,    0,    0,    0,    0,    0,    0,    0,    0,    0,    0,    9,  -10,    9,    0,    8,    0,  -12,    0,  -10,    0,    0,  -12,    8,    0,    0,    0,    0,    6,    0,   -9,    0,    0,    0,    0,    0,    0,    0,    0,   -9,    0,    0,    0,    0,    0,    0,    0,   -4,    0,    0,    0,    0,    0,    0,    0,    0,    0,    0,    0,    0,    0,    0,    0,    0,    0,    0,    0,    0,    0,    0,    0,    0,    0,    0,    0,    0,    0,    0,    0,    0,    0,    0,    0,    0,    0,    0,    0,    0,    0,    0,    0,    0,    0,    0,    0,    0,    0,    0,    0,    0,    0,    0,    0,    0,    0,    0,    0,    0,    0,    0,    0,    0,    0,    0,    0,    0,    0,    0,    0,    0,    0,    0,    0,    0,    0,    0,    0,    0,    0,    0,    0,    0,    0,    0,    0,    0,    0,    0,    0,    0,    0,    0,    0,    0,    0,    0,    0,    0,    0,    0,    0,    0,    0,    0,    0,    0,    0,    0,    0,    0,    0,    0,    0,    0,    0,    0,    0,    0,    0,    0,    0,    0,    0,
       0,  -15,    0,  -10,   -7,    0,    0,    0,    0,  -10,    0,    0,    0,    0,    0,    0,    0,    0,    0,    0,    0,    0,    0,    0,    0,    0,    0,    0,  -13,    0,    0,    0,    0,    0,    0,    0,    0,    0,    0,    0,    0,    0,    0,    0,    0,    0,    0,    0,    0,    0,    0,   -9,    0,    0,    0,    0,    0,    0,    0,    0,    0,    0,    0,    0,    0,    0,    0,    0,    0,    0,    0,    0,    0,    0,    0,    0,    0,    0,    0,    0,    0,    0,    0,    0,    0,    0,    0,    0,    0,    0,    0,    0,    0,    0,    0,    0,    0,    0,    0,    0,    0,    0,    0,    0,    0,    0,    0,    0,    0,    0,    0,    0,    0,    0,    0,    0,    0,    0,    0,    0,    0,    0,    0,    0,    0,    0,    0,    0,    0,    0,    0,    0,    0,    0,    0,    0,    0,    0,    0,    0,    0,    0,    0,    0,    0,    0,    0,    0,    0,    0,    0,    0,    0,    0,    0,    0,    0,    0,    0,    0,    0,    0,    0,    0,    0,    0,    0,    0,    0,    0,    0,    0,    0,    0,    0,    0,    0,    0,    0,    0,    0,    0,    0,    0,    0,    0,    0,    0,    0,    0,    0,    0,    0,    0,    0,    0,    0,    0,    0,    0,    0,    0,    0,    0,    0,    0,    0,    0,    0,    0,    0,    0,    0,    0,    0,    0,    0,    0,    0,    0,    0,    0,    0,    0,    0,    0,    0,    0,    0,    0,    0,    0,    0,    0,    0,    0,    0,    0,    0,    0,    0,    0,    0,    0,    0,    0,    0,    0,    0,    0,    0,    0,    0,
       0,    0,   -6,    0,    0,    0,  -11,    4,    0,    0,   -8,    0,    0,    0,    0,    0,    0,    0,    0,    0,    0,    0,    0,    0,    0,    0,    0,    0,  -10,    0,    0,    0,    0,    0,    0,    0,    0,    0,    0,    0,    0,    0,    0,    0,    0,    0,    0,    0,    0,    0,   -8,    0,  -14,    0,    0,    0,    0,    0,    0,    0,    0,    0,    0,    0,    0,    0,    0,    0,    0,    0,    0,    0,    0,    0,    0,    0,    0,    0,    0,    0,    0,    0,    0,    0,    0,    0,    0,    0,    0,    0,    0,    9,  -10,    9,    0,    8,    0,  -12,    0,  -10,    0,    0,  -12,    8,    0,    0,    0,    0,    6,    0,   -9,    0,    0,    0,    0,    0,    0,    0,    0,  -10,    0,    0,    0,    0,    0,    0,    0,    0,    0,    0,    0,    0,    0,    0,    0,    0,    0,    0,    0,    0,    0,    0,    0,    0,    0,    0,    0,    0,    0,    0,    0,    0,    0,    0,    0,    0,    0,    0,    0,    0,    0,    0,    0,    0,    0,    0,    0,    0,    0,    0,    0,    0,    0,    0,    0,    0,    0,    0,    0,    0,    0,    0,    0,    0,    0,    0,    0,    0,    0,    0,    0,    0,    0,    0,    0,    0,    0,    0,    0,    0,    0,    0,    0,    0,    0,    0,    0,    0,    0,    0,    0,    0,    0,    0,    0,    0,    0,    0,    0,    0,    0,    0,    0,    0,    0,    0,    0,    0,    0,    0,    0,    0,    0,    0,    0,    0,    0,    0,    0,    0,    0,    0,    0,    0,    0,    0,    0,    0,    0,    0,    0,    0,    0,
       0,  -13,    0,  -11,   -8,   -8,    7,   -9,   -7,  -12,    0,    0,    0,    0,    0,    0,    0,    0,    0,    0,    0,    0,    0,    0,    0,    0,    0,    0,  -12,    0,    0,    0,    0,    0,    0,    0,    0,    0,    0,    0,    0,    0,    0,    0,    0,    0,    0,    0,    0,    0,    0,   -8,    0,    0,    0,    0,    0,    0,    0,    0,    0,    0,    0,    0,    0,    0,    0,    0,    0,    0,    0,    0,    0,    0,    0,    0,    0,    0,    0,    0,    0,    0,    0,    0,    0,    0,    0,    0,    0,    0,    0,    0,    0,   -9,   -7,    0,    0,    0,    0,    0,    0,   -6,    0,   -7,    0,    0,    0,   -4,    0,    0,    0,    0,    0,    0,    0,    0,    0,    0,    0,    0,    0,   -6,    0,    0,    0,    0,    0,    0,   -7,    0,    0,   -7,    0,    0,    0,    0,    0,    0,    0,    0,    0,    0,   -9,  -11,    0,    0,    0,    0,    0,    0,    0,    0,    0,    0,    0,    0,    0,    0,    0,    0,    0,    0,    0,    0,    0,    0,    0,    0,    0,    0,    0,    0,    0,    0,    0,    0,    0,    0,    0,    0,    0,    0,    0,    0,    0,    0,    0,    0,    0,    0,    0,    0,    0,    0,    0,    0,    0,    0,    0,    0,    0,    0,    0,    0,    0,    0,    0,    0,    0,    0,    0,    0,    0,    0,    0,    0,    0,    0,    0,    0,    0,    0,    0,    0,    0,    0,    0,    0,    0,    0,    0,    0,    0,    0,    0,    0,    0,    0,    0,    0,    0,    0,    0,    0,    0,    0,    0,    0,    0,    0,    0,    0,    0,
       0,  -13,   -4,  -11,   -8,   -8,    7,   -9,   -7,  -11,    0,    0,    0,    0,    0,    0,    0,    0,    0,    0,    0,    0,    0,    0,    0,    0,   -8,    0,  -12,    0,    0,    0,    0,    0,    0,    0,    0,    0,    0,    0,    0,    0,    0,    0,    0,    0,    0,    0,    0,    0,    0,   -8,    0,    0,    0,    0,    0,    0,    0,    0,    0,    0,    0,    0,    0,    0,    0,    0,    0,    0,    0,    0,    0,    0,    0,    0,    0,    0,    0,    0,    0,    0,    0,    0,    0,    0,    0,    0,    0,    0,    0,    0,    0,   -9,   -6,    0,    0,    0,    0,    0,    0,   -6,    0,   -7,    0,    0,    0,    0,    0,   -4,    0,    0,    0,    0,    0,    0,    0,    0,    0,    0,    0,   -6,    0,    0,    0,    0,    0,    0,   -6,    0,    0,   -6,    0,    0,    0,    0,    0,    0,    0,    0,    0,    0,   -9,  -11,    0,    0,    0,    0,    0,    0,    0,    0,    0,    0,    0,    0,    0,    0,    0,    0,    0,    0,    0,    0,    0,    0,    0,    0,    0,    0,    0,    0,    0,    0,    0,    0,    0,    0,    0,    0,    0,    0,    0,    0,    0,    0,    0,    0,    0,    0,    0,    0,    0,    0,    0,    0,    0,    0,    0,    0,    0,    0,    0,    0,    0,    0,    0,    0,    0,    0,    0,    0,    0,    0,    0,    0,    0,    0,    0,    0,    0,    0,    0,    0,    0,    0,    0,    0,    0,    0,    0,    0,    0,    0,    0,    0,    0,    0,    0,    0,    0,    0,    0,    0,    0,    0,    0,    0,    0,    0,    0,    0,    0,
       0,    0,    0,    0,    0,    4,  -13,    0,    0,    0,    0,    0,    0,    0,    0,    0,    0,    0,    0,    0,    0,    0,    0,    0,    0,    0,    0,    0,  -11,    0,    0,    0,    0,    0,    0,    0,    0,    0,    0,    0,    0,    0,    0,    0,    0,    0,    0,    0,    0,    0,   -8,   -5,  -12,    0,    0,    0,    0,    0,    0,    0,    0,    0,    0,    0,    0,    0,    0,    0,    0,    0,    0,    0,    0,    0,    0,    0,    0,    0,    0,    0,    0,    0,    0,    0,    0,    0,    0,    0,    0,    0,    0,    8,    0,    8,    0,    8,    0,   -5,    0,    0,    6,    4,   -5,    6,    0,    0,    6,    0,    0,    0,    0,    0,    0,    0,    0,    0,    0,    0,    0,    0,    0,    4,    0,    0,    0,    0,    0,    0,    0,    0,    0,    0,    0,    0,    0,    0,    0,    0,    0,    0,    0,    0,    0,    0,    0,    0,    0,    0,    0,    0,    0,    0,    0,    0,    0,    0,    0,    0,    0,    0,    0,    0,    0,    0,    0,    0,    0,    0,    0,    0,    0,    0,    0,    0,    0,    0,    0,    0,    0,    0,    0,    0,    0,    0,    0,    0,    0,    0,    0,    0,    0,    0,    0,    0,    0,    0,    0,    0,    0,    0,    0,    0,    0,    0,    0,    0,    0,    0,    0,    0,    0,    0,    0,    0,    0,    0,    0,    0,    0,    0,    0,    0,    0,    0,    0,    0,    0,    0,    0,    0,    0,    0,    0,    0,    0,    0,    0,    0,    0,    0,    0,    0,    0,    0,    0,    0,    0,    0,    0,    0,    0,    0,    0,
       0,    0,    0,   -5,    0,  -20,  -12,  -18,    0,  -20,    0,    0,    0,    0,    0,    0,    0,    0,    0,    0,    0,    0,    0,    0,    0,    0,    0,    0,  -10,    0,    0,    0,    0,    0,    0,    0,    0,    0,    0,    0,    0,    0,    0,    0,    0,    0,    0,    0,    0,    0,   -7,   -4,   -8,    0,    0,    0,    0,    0,    0,    0,    0,    0,    0,    0,    0,    0,    0,    0,    0,    0,    0,    0,    0,    0,    0,    0,    0,    0,    0,    0,    0,    0,    0,    0,    0,    0,    0,    0,    0,    0,    0,  -14,    0,    0,    0,  -15,    0,    0,    0,    0,    9,    9,    0,    7,    0,    0,    9,    0,    0,    0,    0,    0,    0,    0,    0,    0,    0,    9,    0,    0,    0,    9,    0,    0,    9,    0,    0,    0,    0,    0,    8,    0,    0,    0,    0,    0,    0,    0,    0,    0,    0,    0,    0,    0,    0,    0,    0,    0,    0,    0,    0,    0,    0,    0,    0,    0,    0,    0,    0,    0,    0,    0,    0,    0,    0,    0,    0,    0,    0,    0,    0,    0,    0,    0,    0,    0,    0,    0,    0,    0,    0,    0,    0,    0,    0,    0,    0,    0,    0,    0,    0,    0,    0,    0,    0,    0,    0,    0,    0,    0,    0,    0,    0,    0,    0,    0,    0,    0,    0,    0,    0,    0,    0,    0,    0,    0,    0,    0,    0,    0,    0,    0,    0,    0,    0,    0,    0,    0,    0,    0,    0,    0,    0,    0,    0,    0,    0,    0,    0,    0,    0,    0,    0,    0,    0,    0,    0,    0,    0,    0,    0,    0,    0,
       0,    0,    0,   -6,    0,   -9,    0,  -12,    0,  -13,    0,    0,    0,    0,    0,    0,    0,    0,    0,    0,    0,    0,    0,    0,    0,    0,    0,    0,  -11,    0,    0,    0,    0,    0,    0,    0,    0,    0,    0,    0,    0,    0,    0,    0,    0,    0,    0,    0,    0,    0,    0,   -4,    0,    0,    0,    0,    0,    0,    0,    0,    0,    0,    0,    0,    0,    0,    0,    0,    0,    0,    0,    0,    0,    0,    0,    0,    0,    0,    0,    0,    0,    0,    0,    0,    0,    0,    0,    0,    0,    0,    0,  -10,   -5,    0,    0,  -11,    0,   -5,    0,   -5,    8,    7,   -5,    5,    0,    0,    8,    0,    0,    0,    0,    0,    0,    0,    0,    0,    0,    7,    0,    0,    0,    7,    0,    0,    0,    0,    0,    0,    0,    0,    8,    0,    0,    0,    0,    0,    0,    0,    0,    0,    0,    0,    0,    4,  -12,    0,    0,    0,    0,    0,    0,    0,    0,    0,    0,    0,    0,    0,    0,    0,    0,    0,    0,    0,    0,    0,    0,    0,    0,    0,    0,    0,    0,    0,    0,    0,    0,    0,    0,    0,    0,    0,    0,    0,    0,    0,    0,    0,    0,    0,    0,    0,    0,    0,    0,    0,    0,    0,    0,    0,    0,    0,    0,    0,    0,    0,    0,    0,    0,    0,    0,    0,    0,    0,    0,    0,    0,    0,    0,    0,    0,    0,    0,    0,    0,    0,    0,    0,    0,    0,    0,    0,    0,    0,    0,    0,    0,    0,    0,    0,    0,    0,    0,    0,    0,    0,    0,    0,    0,    0,    0,    0,    0,
      -8,  -13,    0,  -11,   -8,  -10,    7,   -9,   -9,  -12,    0,    0,    0,    0,    0,    0,    0,    0,    0,    0,    0,    0,    0,    0,    0,    0,   -7,    0,  -12,    0,    0,    0,    0,    0,    0,    0,    0,    0,    0,    0,    0,    0,    0,    0,    0,    0,    0,    0,    0,    0,    0,   -8,    0,    0,    0,    0,    0,    0,    0,    0,    0,    0,    0,    0,    0,    0,    0,    0,    0,    0,    0,    0,    0,    0,    0,    0,    0,    0,    0,    0,    0,    0,    0,    0,    0,    0,    0,    0,    0,    0,    0,    0,    0,  -11,   -9,   -5,    0,    0,    0,    0,    0,   -6,    0,   -7,    0,    0,    0,   -6,    0,   -4,    0,    0,    0,    0,    0,    0,    0,    0,    0,    0,    0,    0,    0,    0,    0,    0,    0,    0,   -9,    0,   -4,   -9,    0,    0,    0,    0,    0,    0,    0,    0,    0,    0,   -9,  -11,    0,    0,    0,    0,    0,    0,    0,    0,    0,    0,    0,    0,    0,    0,    0,    0,    0,    0,    0,    0,    0,    0,    0,    0,    0,    0,    0,    0,    0,    0,    0,    0,    0,    0,    0,    0,    0,    0,    0,    0,    0,    0,    0,    0,    0,    0,    0,    0,    0,    0,    0,    0,    0,    0,    0,    0,    0,    0,    0,    0,    0,    0,    0,    0,    0,    0,    0,    0,    0,    0,    0,    0,    0,    0,    0,    0,    0,    0,    0,    0,    0,    0,    0,    0,    0,    0,    0,    0,    0,    0,    0,    0,    0,    0,    0,    0,    0,    0,    0,    0,    0,    0,    0,    0,    0,    0,    0,    0,    0,
       0,    0,   -6,    0,    0,    0,   -6,    0,    0,   -4,   -5,    0,    0,    0,    0,    0,    0,    0,    0,    0,    0,    0,    0,    0,    0,    0,    0,    0,  -11,    0,    0,    0,    0,    0,    0,    0,    0,    0,    0,    0,    0,    0,    0,    0,    0,    0,    0,    0,    0,    0,   -8,   -4,  -12,    0,    0,    0,    0,    0,    0,    0,    0,    0,    0,    0,    0,    0,    0,    0,    0,    0,    0,    0,    0,    0,    0,    0,    0,    0,    0,    0,    0,    0,    0,    0,    0,    0,    0,    0,    0,    0,    0,    8,   -8,    9,    0,    8,    0,   -8,    0,   -8,    0,    0,   -8,    7,    0,    0,    0,    0,    0,    0,   -6,    0,    0,    0,    0,    0,    0,    0,    0,   -6,    0,    0,    0,    0,    0,    0,    0,    0,    0,    0,    0,    0,    0,    0,    0,    0,    0,    0,    0,    0,    0,    0,    0,    0,    0,    0,    0,    0,    0,    0,    0,    0,    0,    0,    0,    0,    0,    0,    0,    0,    0,    0,    0,    0,    0,    0,    0,    0,    0,    0,    0,    0,    0,    0,    0,    0,    0,    0,    0,    0,    0,    0,    0,    0,    0,    0,    0,    0,    0,    0,    0,    0,    0,    0,    0,    0,    0,    0,    0,    0,    0,    0,    0,    0,    0,    0,    0,    0,    0,    0,    0,    0,    0,    0,    0,    0,    0,    0,    0,    0,    0,    0,    0,    0,    0,    0,    0,    0,    0,    0,    0,    0,    0,    0,    0,    0,    0,    0,    0,    0,    0,    0,    0,    0,    0,    0,    0,    0,    0,    0,    0,    0,    0,
       0,  -12,    0,   10,    0,    0,    0,   14,    0,    0,    0,    0,    0,    0,    0,    0,    0,    0,    0,    0,    0,    0,    0,    0,    0,    0,    0,    0,    9,    0,    0,    0,    0,    0,    0,    0,    0,    0,    0,    0,    0,    0,    0,    0,    0,    0,    0,    0,    0,    0,    0,    9,    0,    0,    0,    0,    0,    0,    0,    0,    0,    0,    0,    0,    0,    0,    0,    0,    0,    0,    0,    0,    0,    0,    0,    0,    0,    0,    0,    0,    0,    0,    0,    0,    0,    0,    0,    0,    0,    0,    0,    8,    0,    8,    0,    8,    0,    0,    0,    0,    0,   10,   -4,    8,   -5,    0,    0,    0,    0,    0,    0,    0,    0,    0,   34,    0,    0,    0,    0,    0,    0,    0,    0,    0,    0,    0,    0,    0,    0,    0,   12,    0,    0,    0,    0,    0,    0,    0,    0,    0,    0,    0,    0,    0,    0,    0,    0,    0,    0,    0,    0,    0,    0,    0,    0,    0,    0,    0,    0,    0,    0,    0,    0,    0,    0,    0,    0,    0,    0,    0,    0,    0,    0,    0,    0,    0,    0,    0,    0,    0,    0,    0,    0,    0,    0,    0,    0,    0,    0,    0,    0,    0,    0,    0,    0,    0,    0,    0,    0,    0,    0,    0,    0,    0,    0,    0,    0,    0,    0,    0,    0,    0,    0,    0,    0,    0,    0,    0,    0,    0,    0,    0,    0,    0,    0,    0,    0,    0,    0,    0,    0,    0,    0,    0,    0,    0,    0,    0,    0,    0,    0,    0,    0,    0,    0,    0,    0,    0,    0,    0,    0,    0,    0,
       0,  -32,    0,  -10,  -21,    0,    0,    0,    0,   -7,    0,    0,    0,    0,    0,    0,    0,    0,    0,    0,    0,    0,    0,    0,    0,    0,    0,    0,  -13,    0,    0,    0,    0,    0,    0,    0,    0,    0,    0,    0,    0,    0,    0,    0,    0,    0,    0,    0,    0,    0,    0,   -7,    0,    0,    0,    0,    0,    0,    0,    0,    0,    0,    0,    0,    0,    0,    0,    0,    0,    0,    0,    0,    0,    0,    0,    0,    0,    0,    0,    0,    0,    0,    0,    0,    0,    0,    0,    0,    0,    0,    0,    0,    0,    0,    0,    0,    0,    0,    0,    0,  -19,   -8,    0,    0,    0,    0,  -14,    0,    0,    0,    0,    0,    0,    0,    0,    0,    0,    0,    0,    0,    0,   -7,    0,    0,    0,    0,    0,    0,    0,    0,   -8,    0,    0,    0,    0,    0,    0,    0,    0,    0,    0,    0,    0,    0,    0,    0,    0,    0,    0,    0,    0,    0,    0,    0,    0,    0,    0,    0,    0,    0,    0,    0,    0,    0,    0,    0,    0,    0,    0,    0,    0,    0,    0,    0,    0,    0,    0,    0,    0,    0,    0,    0,    0,    0,    0,    0,    0,    0,    0,    0,    0,    0,    0,    0,    0,    0,    0,    0,    0,    0,    0,    0,    0,    0,    0,    0,    0,    0,    0,    0,    0,    0,    0,    0,    0,    0,    0,    0,    0,    0,    0,    0,    0,    0,    0,    0,    0,    0,    0,    0,    0,    0,    0,    0,    0,    0,    0,    0,    0,    0,    0,    0,    0,    0,    0,    0,    0,    0,    0,    0,    0,    0,    0,
       0,  -13,    0,  -11,   -8,   -8,    7,   -9,   -6,  -12,    0,    0,    0,    0,    0,    0,    0,    0,    0,    0,    0,    0,    0,    0,    0,    0,    0,    0,  -12,    0,    0,    0,    0,    0,    0,    0,    0,    0,    0,    0,    0,    0,    0,    0,    0,    0,    0,    0,    0,    0,    0,   -8,    0,    0,    0,    0,    0,    0,    0,    0,    0,    0,    0,    0,    0,    0,    0,    0,    0,    0,    0,    0,    0,    0,    0,    0,    0,    0,    0,    0,    0,    0,    0,    0,    0,    0,    0,    0,    0,    0,    0,    0,    0,   -9,   -6,    0,    0,    0,    0,    0,    0,   -6,    0,   -7,    0,    0,    0,   -4,    0,    0,    0,    0,    0,    0,    0,    0,    0,    0,    0,    0,    0,    0,    0,    0,    0,    0,    0,    0,   -6,    0,    0,   -6,    0,    0,    0,    0,    0,    0,    0,    0,    0,    0,   -9,  -11,    0,    0,    0,    0,    0,    0,    0,    0,    0,    0,    0,    0,    0,    0,    0,    0,    0,    0,    0,    0,    0,    0,    0,    0,    0,    0,    0,    0,    0,    0,    0,    0,    0,    0,    0,    0,    0,    0,    0,    0,    0,    0,    0,    0,    0,    0,    0,    0,    0,    0,    0,    0,    0,    0,    0,    0,    0,    0,    0,    0,    0,    0,    0,    0,    0,    0,    0,    0,    0,    0,    0,    0,    0,    0,    0,    0,    0,    0,    0,    0,    0,    0,    0,    0,    0,    0,    0,    0,    0,    0,    0,    0,    0,    0,    0,    0,    0,    0,    0,    0,    0,    0,    0,    0,    0,    0,    0,    0,    0,
       0,  -13,    0,  -11,   -8,   -8,    7,   -9,   -7,  -12,    0,    0,    0,    0,    0,    0,    0,    0,    0,    0,    0,    0,    0,    0,    0,    0,    0,    0,  -12,    0,    0,    0,    0,    0,    0,    0,    0,    0,    0,    0,    0,    0,    0,    0,    0,    0,    0,    0,    0,    0,    0,   -8,    0,    0,    0,    0,    0,    0,    0,    0,    0,    0,    0,    0,    0,    0,    0,    0,    0,    0,    0,    0,    0,    0,    0,    0,    0,    0,    0,    0,    0,    0,    0,    0,    0,    0,    0,    0,    0,    0,    0,    0,    0,   -9,   -7,    0,    0,    0,    0,    0,    0,   -6,    0,   -7,    0,    0,    0,   -4,    0,    0,    0,    0,    0,    0,    0,    0,    0,    0,    0,    0,    0,    0,    0,    0,    0,    0,    0,    0,   -7,    0,    0,   -7,    0,    0,    0,    0,    0,    0,    0,    0,    0,    0,   -9,  -11,    0,    0,    0,    0,    0,    0,    0,    0,    0,    0,    0,    0,    0,    0,    0,    0,    0,    0,    0,    0,    0,    0,    0,    0,    0,    0,    0,    0,    0,    0,    0,    0,    0,    0,    0,    0,    0,    0,    0,    0,    0,    0,    0,    0,    0,    0,    0,    0,    0,    0,    0,    0,    0,    0,    0,    0,    0,    0,    0,    0,    0,    0,    0,    0,    0,    0,    0,    0,    0,    0,    0,    0,    0,    0,    0,    0,    0,    0,    0,    0,    0,    0,    0,    0,    0,    0,    0,    0,    0,    0,    0,    0,    0,    0,    0,    0,    0,    0,    0,    0,    0,    0,    0,    0,    0,    0,    0,    0,    0,
       0,  -23,   -8,    0,  -10,    0,    0,    0,    0,  -12,   -5,    0,    0,    0,    0,    0,    0,    0,    0,    0,    0,    0,    0,    0,    0,    0,   -5,    0,    0,    0,    0,    0,    0,    0,    0,    0,    0,    0,    0,    0,    0,    0,    0,    0,    0,    0,    0,    0,    0,    0,    0,    0,    0,    0,    0,    0,    0,    0,    0,    0,    0,    0,    0,    0,    0,    0,    0,    0,    0,    0,    0,    0,    0,    0,    0,    0,    0,    0,    0,    0,    0,    0,    0,    0,    0,    0,    0,    0,   -4,    0,    0,    0,    0,    0,    0,    0,    0,    0,    0,    0,    0,    0,    0,    0,    0,    0,    0,    0,    0,   -7,    0,    0,    0,    0,    0,    0,    0,    0,    0,    0,    0,    0,    0,    0,    0,    0,    0,    0,    0,    0,    0,    0,    0,    0,    0,    0,    0,    0,    0,    0,    0,    0,    0,    0,    0,    0,    0,    0,    0,    0,    0,    0,    0,    0,    0,    0,    0,    0,    0,    0,    0,    0,    0,    0,    0,    0,    0,    0,    0,    0,    0,    0,    0,    0,    0,    0,    0,    0,    0,    0,    0,    0,    0,    0,    0,    0,    0,    0,    0,    0,    0,    0,    0,    0,    0,    0,    0,    0,    0,    0,    0,    0,    0,    0,    0,    0,    0,    0,    0,    0,    0,    0,    0,    0,    0,    0,    0,    0,    0,    0,    0,    0,    0,    0,    0,    0,    0,    0,    0,    0,    0,    0,    0,    0,    0,    0,    0,    0,    0,    0,    0,    0,    0,    0,    0,    0,    0,    0,    0,    0,    0,    0,    0,
       0,   -5,   -8,    0,    0,    0,   -6,    0,    0,   -6,   -5,    0,    0,    0,    0,    0,    0,    0,    0,    0,    0,    0,    0,    0,    0,    0,   -4,    0,  -14,    0,    0,    0,    0,    0,    0,    0,    0,    0,    0,    0,    0,    0,    0,    0,    0,    0,    0,    0,    0,    0,   -9,   -8,  -12,    0,    0,    0,    0,    0,    0,    0,    0,    0,    0,    0,    0,    0,    0,    0,    0,    0,    0,    0,    0,    0,    0,    0,    0,    0,    0,    0,    0,    0,    0,    0,    0,    0,    0,    0,    0,    0,    0,    0,   -4,    0,    0,    0,    0,   -4,    0,   -4,    0,    0,   -6,    0,    0,    0,    0,    0,    0,    0,   -4,    0,    0,    0,    0,    0,    0,    0,    0,   -4,    0,    0,    0,    0,    0,    0,    0,    0,    0,    0,    0,    0,    0,    0,    0,    0,    0,    0,    0,    0,    0,    0,    0,    0,    0,    0,    0,    0,    0,    0,    0,    0,    0,    0,    0,    0,    0,    0,    0,    0,    0,    0,    0,    0,    0,    0,    0,    0,    0,    0,    0,    0,    0,    0,    0,    0,    0,    0,    0,    0,    0,    0,    0,    0,    0,    0,    0,    0,    0,    0,    0,    0,    0,    0,    0,    0,    0,    0,    0,    0,    0,    0,    0,    0,    0,    0,    0,    0,    0,    0,    0,    0,    0,    0,    0,    0,    0,    0,    0,    0,    0,    0,    0,    0,    0,    0,    0,    0,    0,    0,    0,    0,    0,    0,    0,    0,    0,    0,    0,    0,    0,    0,    0,    0,    0,    0,    0,    0,    0,    0,    0,    0,    0,
       0,   -9,    0,  -10,    0,    0,    0,    0,    0,   -8,    0,    0,    0,    0,    0,    0,    0,    0,    0,    0,    0,    0,    0,    0,    0,    0,    0,    0,  -14,    0,    0,    0,    0,    0,    0,    0,    0,    0,    0,    0,    0,    0,    0,    0,    0,    0,    0,    0,    0,    0,   -4,   -9,    0,    0,    0,    0,    0,    0,    0,    0,    0,    0,    0,    0,    0,    0,    0,    0,    0,    0,    0,    0,    0,    0,    0,    0,    0,    0,    0,    0,    0,    0,    0,    0,    0,    0,    0,    0,    0,    0,    0,    0,    0,    0,    0,    0,    0,    0,    0,    0,    0,    0,    0,    0,    0,    0,    0,    0,    0,    0,    0,    0,    0,    0,    0,    0,    0,    0,    0,    0,    0,    0,    0,    0,    0,    0,    0,    0,    0,    0,    0,    0,    0,    0,    0,    0,    0,    0,    0,    0,    0,    0,    0,    0,    0,    0,    0,    0,    0,    0,    0,    0,    0,    0,    0,    0,    0,    0,    0,    0,    0,    0,    0,    0,    0,    0,    0,    0,    0,    0,    0,    0,    0,    0,    0,    0,    0,    0,    0,    0,    0,    0,    0,    0,    0,    0,    0,    0,    0,    0,    0,    0,    0,    0,    0,    0,    0,    0,    0,    0,    0,    0,    0,    0,    0,    0,    0,    0,    0,    0,    0,    0,    0,    0,    0,    0,    0,    0,    0,    0,    0,    0,    0,    0,    0,    0,    0,    0,    0,    0,    0,    0,    0,    0,    0,    0,    0,    0,    0,    0,    0,    0,    0,    0,    0,    0,    0,    0,    0,    0,    0,    0,    0,
       0,  -23,   -7,   -9,  -10,    0,    0,    0,    0,  -12,   -5,    0,    0,    0,    0,    0,    0,    0,    0,    0,    0,    0,    0,    0,    0,    0,   -5,    0,  -17,    0,    0,    0,    0,    0,    0,    0,    0,    0,    0,    0,    0,    0,    0,    0,    0,    0,    0,    0,    0,    0,    0,  -13,    0,    0,    0,    0,    0,    0,    0,    0,    0,    0,    0,    0,    0,    0,    0,    0,    0,    0,    0,    0,    0,    0,    0,    0,    0,    0,    0,    0,    0,    0,    0,    0,    0,    0,    0,    0,   -4,    0,    0,    0,    0,    0,    0,    0,    0,    0,    0,    0,    0,    0,    0,    0,    0,    0,    0,    0,    0,   -4,    0,    0,    0,    0,    0,    0,    0,    0,    0,    0,    0,    0,    0,    0,    0,    0,    0,    0,    0,    0,    0,    0,    0,    0,    0,    0,    0,    0,    0,    0,    0,    0,    0,    0,    0,    0,    0,    0,    0,    0,    0,    0,    0,    0,    0,    0,    0,    0,    0,    0,    0,    0,    0,    0,    0,    0,    0,    0,    0,    0,    0,    0,    0,    0,    0,    0,    0,    0,    0,    0,    0,    0,    0,    0,    0,    0,    0,    0,    0,    0,    0,    0,    0,    0,    0,    0,    0,    0,    0,    0,    0,    0,    0,    0,    0,    0,    0,    0,    0,    0,    0,    0,    0,    0,    0,    0,    0,    0,    0,    0,    0,    0,    0,    0,    0,    0,    0,    0,    0,    0,    0,    0,    0,    0,    0,    0,    0,    0,    0,    0,    0,    0,    0,    0,    0,    0,    0,    0,    0,    0,    0,    0,    0,
       0,  -30,    0,  -10,  -20,    0,    0,    0,    0,   -7,    0,    0,    0,    0,    0,    0,    0,    0,    0,    0,    0,    0,    0,    0,    0,    0,    0,    0,  -13,    0,    0,    0,    0,    0,    0,    0,    0,    0,    0,    0,    0,    0,    0,    0,    0,    0,    0,    0,    0,    0,    0,   -7,    0,    0,    0,    0,    0,    0,    0,    0,    0,    0,    0,    0,    0,    0,    0,    0,    0,    0,    0,    0,    0,    0,    0,    0,    0,    0,    0,    0,    0,    0,    0,    0,    0,    0,    0,    0,    0,    0,    0,    0,    0,    0,    0,    0,    0,    0,    0,    0,  -16,   -8,    0,    0,    0,    0,  -12,    0,    0,    0,    0,    0,    0,    0,    0,    0,    0,    0,    0,    0,    0,   -7,    0,    0,    0,    0,    0,    0,    0,    0,   -8,    0,    0,    0,    0,    0,    0,    0,    0,    0,    0,    0,    0,    0,    0,    0,    0,    0,    0,    0,    0,    0,    0,    0,    0,    0,    0,    0,    0,    0,    0,    0,    0,    0,    0,    0,    0,    0,    0,    0,    0,    0,    0,    0,    0,    0,    0,    0,    0,    0,    0,    0,    0,    0,    0,    0,    0,    0,    0,    0,    0,    0,    0,    0,    0,    0,    0,    0,    0,    0,    0,    0,    0,    0,    0,    0,    0,    0,    0,    0,    0,    0,    0,    0,    0,    0,    0,    0,    0,    0,    0,    0,    0,    0,    0,    0,    0,    0,    0,    0,    0,    0,    0,    0,    0,    0,    0,    0,    0,    0,    0,    0,    0,    0,    0,    0,    0,    0,    0,    0,    0,    0,    0,
       0,    0,   -7,    8,    0,    0,  -27,  -28,  -19,   15,  -16,    0,    0,    0,    0,    0,    0,    0,    0,    0,    0,    0,    0,    0,    0,    0,    0,    0,    9,    0,    0,    0,    0,    0,    0,    0,    0,    0,    0,    0,    0,    0,    0,    0,    0,    0,    0,    0,    0,    0,    0,    9,  -36,  -18,    0,    0,    0,    0,    0,    0,    0,    0,    0,    0,    0,    0,    0,    0,    0,    0,   15,   -8,    0,    0,  -20,   13,  -27,  -20,    8,    8,    0,   -8,  -12,   10,    7,   13,    0,  -22,    0,  -18,  -20,  -42,  -35,  -13,  -16,  -38,  -25,  -35,  -20,  -36,   -8,   -8,  -31,   -9,  -14,  -20,   -8,  -14,  -30,   18,  -35,  -25,    0,    0,    0,   18,    0,  -13,   -8,  -36,    0,   -8,    0,    0,  -20,  -22,    0,  -22,  -16,    7,   -9,  -16,    0,    0,    0,    0,    0,    0,    0,    0,    0,    0,    0,    0,    0,    0,    0,    0,    0,    0,    0,    0,    0,    0,    0,    0,    0,    0,    0,    0,    0,    0,    0,    0,    0,    0,    0,    0,    0,    0,    0,    0,    0,    0,    0,    0,    0,    0,    0,    0,    0,    0,    0,    0,    0,    0,    0,    0,    0,    0,    0,    0,    0,    0,    0,    0,    0,    0,    0,    0,    0,    0,    0,    0,    0,    0,    0,    0,    0,    0,    0,    0,    0,    0,    0,    0,    0,    0,    0,    0,    0,    0,    0,    0,    0,    0,    0,    0,    0,    0,    0,    0,    0,    0,    0,    0,    0,    0,    0,    0,    0,    0,    0,    0,    0,    0,    0,    0,    0,    0,    0,    0,    0,
       0,    0,    0,    0,    9,  -31,   -8,  -18,    0,  -14,    0,    0,    0,    0,    0,    0,    0,    0,    0,    0,    0,    0,    0,    0,    0,    0,    0,    0,   -6,    0,    0,    0,    0,    0,    0,    0,    0,    0,    0,    0,    0,    0,    0,    0,    0,    0,    0,    0,    0,    0,    0,    0,   -6,    7,    0,    0,    0,    0,    0,    0,    0,    0,    0,    0,    0,    0,    0,    0,    0,    0,    0,    0,    0,    0,    0,    0,    0,    0,    0,    0,    0,    0,    0,    0,    0,    0,    0,    0,    0,    0,    0,  -11,    0,    8,    0,  -11,    0,    0,    0,    0,   13,   13,    0,   12,    7,    0,   13,    7,    0,    0,    0,    0,    0,    0,    0,    0,    0,   12,    0,    0,    0,   13,    0,    0,   10,    0,    0,    0,    0,    0,   12,    0,    0,    0,    0,    0,    0,    0,    0,    0,    0,    0,    0,    0,    0,    0,    0,    0,    0,    0,    0,    0,    0,    0,    0,    0,    0,    0,    0,    0,    0,    0,    0,    0,    0,    0,    0,    0,    0,    0,    0,    0,    0,    0,    0,    0,    0,    0,    0,    0,    0,    0,    0,    0,    0,    0,    0,    0,    0,    0,    0,    0,    0,    0,    0,    0,    0,    0,    0,    0,    0,    0,    0,    0,    0,    0,    0,    0,    0,    0,    0,    0,    0,    0,    0,    0,    0,    0,    0,    0,    0,    0,    0,    0,    0,    0,    0,    0,    0,    0,    0,    0,    0,    0,    0,    0,    0,    0,    0,    0,    0,    0,    0,    0,    0,    0,    0,    0,    0,    0,    0,    0,    0,
       0,  -17,   -4,    0,   -7,    0,    0,    0,    0,   -6,    0,    0,    0,    0,    0,    0,    0,    0,    0,    0,    0,    0,    0,    0,    0,    0,    0,    0,    0,    0,    0,    0,    0,    0,    0,    0,    0,    0,    0,    0,    0,    0,    0,    0,    0,    0,    0,    0,    0,    0,    0,    0,    0,    0,    0,    0,    0,    0,    0,    0,    0,    0,    0,    0,    0,    0,    0,    0,    0,    0,    0,    0,    0,    0,    0,    0,    0,    0,    0,    0,    0,    0,    0,    0,    0,    0,    0,    0,    0,    0,    0,    0,    0,    0,    0,    0,    0,    0,    0,    0,    0,    0,    0,    0,   -8,    0,    0,    0,    0,    0,    0,    0,    0,    0,    0,    0,    0,    0,    0,    0,    0,    0,    0,    0,    0,    0,    0,    0,    0,    0,    0,    0,    0,    0,    0,    0,    0,    0,    0,    0,    0,    0,    0,    0,    0,    0,    0,    0,    0,    0,    0,    0,    0,    0,    0,    0,    0,    0,    0,    0,    0,    0,    0,    0,    0,    0,    0,    0,    0,    0,    0,    0,    0,    0,    0,    0,    0,    0,    0,    0,    0,    0,    0,    0,    0,    0,    0,    0,    0,    0,    0,    0,    0,    0,    0,    0,    0,    0,    0,    0,    0,    0,    0,    0,    0,    0,    0,    0,    0,    0,    0,    0,    0,    0,    0,    0,    0,    0,    0,    0,    0,    0,    0,    0,    0,    0,    0,    0,    0,    0,    0,    0,    0,    0,    0,    0,    0,    0,    0,    0,    0,    0,    0,    0,    0,    0,    0,    0,    0,    0,    0,    0,    0,
       0,  -38,    0,    0,  -26,    0,    0,    0,    0,   -5,    0,    0,    0,    0,    0,    0,    0,    0,    0,    0,    0,    0,    0,    0,    0,    0,    0,    0,    0,    0,    0,    0,    0,    0,    0,    0,    0,    0,    0,    0,    0,    0,    0,    0,    0,    0,    0,    0,    0,    0,    0,    0,    0,    0,    0,    0,    0,    0,    0,    0,    0,    0,    0,    0,    0,    0,    0,    0,    0,    0,    0,    0,    0,    0,    0,    0,    0,    0,    0,    0,    0,    0,    0,    0,    0,    0,    0,    0,    0,    0,    0,    0,    0,    0,    0,    6,    0,    0,    0,    0,  -20,    0,    0,    0,   -6,    0,  -14,    0,    0,    0,    0,    0,    0,    0,    0,    0,    0,    0,    0,    0,    0,  -11,    0,    0,   -6,    0,    0,    0,    0,    0,    0,    0,    0,    0,    0,    0,    0,    0,    0,    0,    0,    0,    0,    0,    0,    0,    0,    0,    0,    0,    0,    0,    0,    0,    0,    0,    0,    0,    0,    0,    0,    0,    0,    0,    0,    0,    0,    0,    0,    0,    0,    0,    0,    0,    0,    0,    0,    0,    0,    0,    0,    0,    0,    0,    0,    0,    0,    0,    0,    0,    0,    0,    0,    0,    0,    0,    0,    0,    0,    0,    0,    0,    0,    0,    0,    0,    0,    0,    0,    0,    0,    0,    0,    0,    0,    0,    0,    0,    0,    0,    0,    0,    0,    0,    0,    0,    0,    0,    0,    0,    0,    0,    0,    0,    0,    0,    0,    0,    0,    0,    0,    0,    0,    0,    0,    0,    0,    0,    0,    0,    0,    0,    0,
      -7,  -23,   -5,    0,   -8,  -14,    7,    0,   -6,  -14,    0,    0,    0,    0,    0,    0,    0,    0,    0,    0,    0,    0,    0,    0,    0,    0,   -8,    0,    0,    0,    0,    0,    0,    0,    0,    0,    0,    0,    0,    0,    0,    0,    0,    0,    0,    0,    0,    0,    0,    0,    0,    0,    0,    0,    0,    0,    0,    0,    0,    0,    0,    0,    0,    0,    0,    0,    0,    0,    0,    0,  -25,    0,   -8,   -6,   -7,  -14,   -6,    0,  -16,   -9,    0,    0,    0,  -15,   -5,   -8,   -7,    0,    0,    0,    0,    0,    0,  -12,   -8,   -8,    0,    0,   -4,    0,    0,    0,    0,   -8,    0,   -6,    0,   -8,    0,   -6,    0,    0,   -6,   -6,   10,   -6,    0,    0,    0,    0,    0,    0,   -6,    0,    0,    0,    0,    0,   -8,   -8,    0,   -8,    0,    0,    0,    0,    0,    0,    0,    0,    0,    0,    0,    0,    0,    0,    0,    0,    0,    0,    0,    0,    0,    0,    0,    0,    0,    0,    0,    0,    0,    0,    0,    0,    0,    0,    0,    0,    0,    0,    0,    0,    0,    0,    0,    0,    0,    0,    0,    0,    0,    0,    0,    0,    0,    0,    0,    0,    0,    0,    0,    0,    0,    0,    0,    0,    0,    0,    0,    0,    0,    0,    0,    0,    0,    0,    0,    0,    0,    0,    0,    0,    0,    0,    0,    0,    0,    0,    0,    0,    0,    0,    0,    0,    0,    0,    0,    0,    0,    0,    0,    0,    0,    0,    0,    0,    0,    0,    0,    0,    0,    0,    0,    0,    0,    0,    0,    0,    0,    0,    0,    0,    0,
       0,  -26,    0,    0,  -12,   -5,    0,    0,   -5,  -12,    0,    0,    0,    0,    0,    0,    0,    0,    0,    0,    0,    0,    0,    0,    0,    0,   -6,    0,    0,    0,    0,    0,    0,    0,    0,    0,    0,    0,    0,    0,    0,    0,    0,    0,    0,    0,    0,    0,    0,    0,    0,    0,    0,    0,    0,    0,    0,    0,    0,    0,    0,    0,    0,    0,    0,    0,    0,    0,    0,    0,    0,    0,    0,    0,    0,    0,    0,    0,    0,    0,    0,    0,    0,    0,    0,    0,    0,    0,    0,    0,    0,    0,    0,   -6,    0,    0,    0,    0,    0,    0,  -14,    0,    0,   -6,    0,    0,  -14,    0,    0,    0,    0,    0,    0,    0,    0,    0,    0,    0,    0,    0,    0,   -6,    0,    0,    0,    0,    0,    0,    0,    0,    0,    0,    0,    0,    0,    0,    0,    0,    0,    0,    0,    0,    0,    0,    0,    0,    0,    0,    0,    0,    0,    0,    0,    0,    0,    0,    0,    0,    0,    0,    0,    0,    0,    0,    0,    0,    0,    0,    0,    0,    0,    0,    0,    0,    0,    0,    0,    0,    0,    0,    0,    0,    0,    0,    0,    0,    0,    0,    0,    0,    0,    0,    0,    0,    0,    0,    0,    0,    0,    0,    0,    0,    0,    0,    0,    0,    0,    0,    0,    0,    0,    0,    0,    0,    0,    0,    0,    0,    0,    0,    0,    0,    0,    0,    0,    0,    0,    0,    0,    0,    0,    0,    0,    0,    0,    0,    0,    0,    0,    0,    0,    0,    0,    0,    0,    0,    0,    0,    0,    0,    0,    0,    0,
       0,    0,  -17,    7,    0,  -26,  -20,  -33,  -15,   10,  -23,    0,    0,    0,    0,    0,    0,    0,    0,    0,    0,    0,    0,    0,    0,    0,    0,    0,  -10,    0,    0,    0,    0,    0,    0,    0,    0,    0,    0,    0,    0,    0,    0,    0,    0,    0,    0,    0,    0,    0,   -9,    0,  -30,  -13,    0,    0,    0,    0,    0,    0,    0,    0,    0,    0,    0,    0,    0,    0,    0,    0,   12,  -16,    0,    0,    0,    0,  -32,    0,    0,    0,   -3,  -16,    0,    8,    0,    0,    0,  -16,  -10,  -14,  -15,  -30,  -20,   -7,  -10,  -30,  -19,  -20,  -16,  -20,    0,    0,  -28,   -6,   -8,  -15,    0,   -8,  -22,   13,  -26,  -17,    0,    0,    0,   13,    0,   -5,    0,  -26,   14,    0,    0,    0,  -10,  -17,    0,  -16,  -10,    0,    0,  -10,    0,    0,    0,    0,    0,    0,    0,    0,    0,    0,    4,    7,  -31,    0,    0,    0,    0,    0,    0,    0,    0,    0,    0,    0,    0,    0,    0,    0,    0,    0,    0,    0,    0,    0,    0,    0,    0,    0,    0,    0,    0,    0,    0,    0,    0,    0,    0,    0,    0,    0,    0,    0,    0,    0,    0,    0,    0,    0,    0,    0,    0,    0,    0,    0,    0,    0,    0,    0,    0,    0,    0,    0,    0,    0,    0,    0,    0,    0,    0,    0,    0,    0,    0,    0,    0,    0,    0,    0,    0,    0,    0,    0,    0,    0,    0,    0,    0,    0,    0,    0,    0,    0,    0,    0,    0,    0,    0,    0,    0,    0,    0,    0,    0,    0,    0,    0,    0,    0,    0,    0,    0,
       0,    0,    0,   -5,    4,  -14,    0,  -13,    0,  -16,    0,    0,    0,    0,    0,    0,    0,    0,    0,    0,    0,    0,    0,    0,    0,    0,    0,    0,  -10,    0,    0,    0,    0,    0,    0,    0,    0,    0,    0,    0,    0,    0,    0,    0,    0,    0,    0,    0,    0,    0,    0,   -4,    0,    0,    0,    0,    0,    0,    0,    0,    0,    0,    0,    0,    0,    0,    0,    0,    0,    0,    0,    0,    0,    0,    0,    0,    0,    0,    0,    0,    0,    0,    0,    0,    0,    0,    0,    0,    0,    0,    0,  -11,   -6,    0,    0,  -14,    0,   -6,    0,   -6,    9,    7,    0,    6,    0,    0,    9,    0,    0,    0,    0,    0,    0,    0,    0,    0,    0,    8,    0,    0,    0,    7,    0,    0,    0,    0,    0,    0,    0,    0,    8,    0,    0,    0,    0,    0,    0,    0,    0,    0,    0,    0,    0,    5,  -14,    0,    0,    0,    0,    0,    0,    0,    0,    0,    0,    0,    0,    0,    0,    0,    0,    0,    0,    0,    0,    0,    0,    0,    0,    0,    0,    0,    0,    0,    0,    0,    0,    0,    0,    0,    0,    0,    0,    0,    0,    0,    0,    0,    0,    0,    0,    0,    0,    0,    0,    0,    0,    0,    0,    0,    0,    0,    0,    0,    0,    0,    0,    0,    0,    0,    0,    0,    0,    0,    0,    0,    0,    0,    0,    0,    0,    0,    0,    0,    0,    0,    0,    0,    0,    0,    0,    0,    0,    0,    0,    0,    0,    0,    0,    0,    0,    0,    0,    0,    0,    0,    0,    0,    0,    0,    0,    0,    0,
      -4,  -35,   -6,   -7,  -11,    0,    0,    0,    0,  -10,    0,    0,    0,    0,    0,    0,    0,    0,    0,    0,    0,    0,    0,    0,    0,    0,   -7,    0,  -19,    0,    0,    0,    0,    0,    0,    0,    0,    0,    0,    0,    0,    0,    0,    0,    0,    0,    0,    0,    0,    0,    0,  -13,    0,    0,    0,    0,    0,    0,    0,    0,    0,    0,    0,    0,    0,    0,    0,    0,    0,    0,  -33,    0,    0,    0,    0,    0,    0,    0,    0,    0,    0,    0,    0,    0,   -9,    0,    0,    0,    0,    0,    0,    0,    0,    0,    0,    0,    0,    0,    0,    0,    0,    0,    0,    0,    0,    0,    0,    0,    0,    0,    0,    0,    0,    0,    0,    0,    0,    0,    0,    0,    0,    0,    0,   -4,    0,    0,    0,    0,    0,    0,    0,    0,    0,    0,    0,    0,    0,    0,    0,    0,    0,    0,    0,    0,    0,    0,    0,    0,    0,    0,    0,    0,    0,    0,    0,    0,    0,    0,    0,    0,    0,    0,    0,    0,    0,    0,    0,    0,    0,    0,    0,    0,    0,    0,    0,    0,    0,    0,    0,    0,    0,    0,    0,    0,    0,    0,    0,    0,    0,    0,    0,    0,    0,    0,    0,    0,    0,    0,    0,    0,    0,    0,    0,    0,    0,    0,    0,    0,    0,    0,    0,    0,    0,    0,    0,    0,    0,    0,    0,    0,    0,    0,    0,    0,    0,    0,    0,    0,    0,    0,    0,    0,    0,    0,    0,    0,    0,    0,    0,    0,    0,    0,    0,    0,    0,    0,    0,    0,    0,    0,    0,    0,    0,
       0,  -23,   -7,   -9,  -10,    0,    0,    0,    0,  -12,   -5,    0,    0,    0,    0,    0,    0,    0,    0,    0,    0,    0,    0,    0,    0,    0,   -6,    0,  -18,    0,    0,    0,    0,    0,    0,    0,    0,    0,    0,    0,    0,    0,    0,    0,    0,    0,    0,    0,    0,    0,    0,  -14,    0,    0,    0,    0,    0,    0,    0,    0,    0,    0,    0,    0,    0,    0,    0,    0,    0,    0,    0,    0,    0,    0,    0,    0,    0,    0,    0,    0,    0,    0,    0,    0,    0,    0,    0,    0,   -4,    0,    0,    0,    0,    0,    0,    0,    0,    0,    0,    0,    0,    0,    0,    0,    0,    0,    0,    0,    0,   -4,    0,    0,    0,    0,    0,    0,    0,    0,    0,    0,    0,    0,    0,    0,    0,    0,    0,    0,    0,    0,    0,    0,    0,    0,    0,    0,    0,    0,    0,    0,    0,    0,    0,    0,    0,    0,    0,    0,    0,    0,    0,    0,    0,    0,    0,    0,    0,    0,    0,    0,    0,    0,    0,    0,    0,    0,    0,    0,    0,    0,    0,    0,    0,    0,    0,    0,    0,    0,    0,    0,    0,    0,    0,    0,    0,    0,    0,    0,    0,    0,    0,    0,    0,    0,    0,    0,    0,    0,    0,    0,    0,    0,    0,    0,    0,    0,    0,    0,    0,    0,    0,    0,    0,    0,    0,    0,    0,    0,    0,    0,    0,    0,    0,    0,    0,    0,    0,    0,    0,    0,    0,    0,    0,    0,    0,    0,    0,    0,    0,    0,    0,    0,    0,    0,    0,    0,    0,    0,    0,    0,    0,    0,    0,
       0,   -7,   -5,  -13,    0,   -8,    0,   -8,    0,   -8,    0,    0,    0,    0,    0,    0,    0,    0,    0,    0,    0,    0,    0,    0,    0,    0,   -7,    0,  -18,    0,    0,    0,    0,    0,    0,    0,    0,    0,    0,    0,    0,    0,    0,    0,    0,    0,    0,    0,    0,    0,    0,  -12,    0,    0,    0,    0,    0,    0,    0,    0,    0,    0,    0,    0,    0,    0,    0,    0,    0,    0,    0,    0,    0,    0,    0,   -8,    0,    0,   -5,   -5,    0,    0,    0,   -5,    0,   -4,    0,   -8,    0,    0,    0,    0,    0,    0,    0,    0,   -5,    0,    0,    0,    0,    0,    0,    0,    0,    0,    0,    0,    0,    0,    0,    0,   -6,   -6,   -6,    0,    0,    0,    0,    0,    0,    0,    0,    0,    0,   -8,    0,   -6,    0,   -4,    0,    0,    0,    0,    0,    0,    0,    0,    0,    0,    0,    0,    0,    0,    0,    0,    0,    0,    0,    0,    0,    0,    0,    0,    0,    0,    0,    0,    0,    0,    0,    0,    0,    0,    0,    0,    0,    0,    0,    0,    0,    0,    0,    0,    0,    0,    0,    0,    0,    0,    0,    0,    0,    0,    0,    0,    0,    0,    0,    0,    0,    0,    0,    0,    0,    0,    0,    0,    0,    0,    0,    0,    0,    0,    0,    0,    0,    0,    0,    0,    0,    0,    0,    0,    0,    0,    0,    0,    0,    0,    0,    0,    0,    0,    0,    0,    0,    0,    0,    0,    0,    0,    0,    0,    0,    0,    0,    0,    0,    0,    0,    0,    0,    0,    0,    0,    0,    0,    0,    0,    0,    0,    0,
       0,  -18,    0,  -12,   -7,   -5,    6,   -4,   -5,  -13,    0,    0,    0,    0,    0,    0,    0,    0,    0,    0,    0,    0,    0,    0,    0,    0,   -4,    0,  -16,    0,    0,    0,    0,    0,    0,    0,    0,    0,    0,    0,    0,    0,    0,    0,    0,    0,    0,    0,    0,    0,    0,  -11,    0,    0,    0,    0,    0,    0,    0,    0,    0,    0,    0,    0,    0,    0,    0,    0,    0,    0,    0,    0,    0,    0,    0,    0,    0,    0,    0,    0,    0,    0,    0,    0,    0,    0,    0,    0,    0,    0,    0,    0,    0,    0,   -5,    0,    0,    0,    0,    0,    0,    0,    0,    0,    0,    0,    0,    0,    0,    0,    0,    0,    0,    0,    0,    0,    0,    0,    0,    0,    0,    0,    0,    0,    0,    0,    0,    0,   -5,    0,    0,   -5,    0,    0,    0,    0,    0,    0,    0,    0,    0,    0,    0,    0,    0,    0,    0,    0,    0,    0,    0,    0,    0,    0,    0,    0,    0,    0,    0,    0,    0,    0,    0,    0,    0,    0,    0,    0,    0,    0,    0,    0,    0,    0,    0,    0,    0,    0,    0,    0,    0,    0,    0,    0,    0,    0,    0,    0,    0,    0,    0,    0,    0,    0,    0,    0,    0,    0,    0,    0,    0,    0,    0,    0,    0,    0,    0,    0,    0,    0,    0,    0,    0,    0,    0,    0,    0,    0,    0,    0,    0,    0,    0,    0,    0,    0,    0,    0,    0,    0,    0,    0,    0,    0,    0,    0,    0,    0,    0,    0,    0,    0,    0,    0,    0,    0,    0,    0,    0,    0,    0,    0,    0,
       0,    0,   -4,    0,    0,    0,    0,    0,    0,   -5,    0,    0,    0,    0,    0,    0,    0,    0,    0,    0,    0,    0,    0,    0,    0,    0,    0,    0,    0,    0,    0,    0,    0,    0,    0,    0,    0,    0,    0,    0,    0,    0,    0,    0,    0,    0,    0,    0,    0,    0,   -7,    0,   -6,    0,    0,    0,    0,    0,    0,    0,    0,    0,    0,    0,    0,    0,    0,    0,    0,    0,    0,    0,    0,    0,    0,    0,    0,    0,    0,    0,    0,    0,    0,    0,    0,    0,    0,    0,    0,    0,    0,    0,    0,    0,    0,    0,    0,    0,    0,    0,    0,    0,    0,    0,    0,    0,    0,    0,    0,    0,    0,    0,    0,    0,    0,    0,    0,    0,    0,    0,    0,    0,    0,    0,    0,    0,    0,    0,    0,    0,    0,    0,    0,    0,    0,    0,    0,    0,    0,    0,    0,    0,    0,    0,    0,    0,    0,    0,    0,    0,    0,    0,    0,    0,    0,    0,    0,    0,    0,    0,    0,    0,    0,    0,    0,    0,    0,    0,    0,    0,    0,    0,    0,    0,    0,    0,    0,    0,    0,    0,    0,    0,    0,    0,    0,    0,    0,    0,    0,    0,    0,    0,    0,    0,    0,    0,    0,    0,    0,    0,    0,    0,    0,    0,    0,    0,    0,    0,    0,    0,    0,    0,    0,    0,    0,    0,    0,    0,    0,    0,    0,    0,    0,    0,    0,    0,    0,    0,    0,    0,    0,    0,    0,    0,    0,    0,    0,    0,    0,    0,    0,    0,    0,    0,    0,    0,    0,    0,    0,    0,    0,    0,    0,
       0,  -10,   -5,    0,    0,    0,    0,    0,    0,  -10,    0,    0,    0,    0,    0,    0,    0,    0,    0,    0,    0,    0,    0,    0,    0,    0,    0,    0,    0,    0,    0,    0,    0,    0,    0,    0,    0,    0,    0,    0,    0,    0,    0,    0,    0,    0,    0,    0,    0,    0,    0,    0,    0,    0,    0,    0,    0,    0,    0,    0,    0,    0,    0,    0,    0,    0,    0,    0,    0,    0,    0,    0,    0,    0,    0,    0,    0,    0,    0,    0,    0,    0,    0,    0,    0,    0,    0,    0,    0,    0,    0,    0,    0,    0,    0,    0,    0,    0,    0,    0,    0,    0,   -4,    0,    0,    0,    0,    0,    0,    0,    0,    0,    0,    0,    0,    0,    0,    0,    0,   -4,    0,    0,    0,    0,    0,    0,    0,    0,    0,    0,    0,    0,    0,    0,    0,    0,    0,    0,    0,    0,    0,    0,    0,    0,    0,    0,    0,    0,    0,    0,    0,    0,    0,    0,    0,    0,    0,    0,    0,    0,    0,    0,    0,    0,    0,    0,    0,    0,    0,    0,    0,    0,    0,    0,    0,    0,    0,    0,    0,    0,    0,    0,    0,    0,    0,    0,    0,    0,    0,    0,    0,    0,    0,    0,    0,    0,    0,    0,    0,    0,    0,    0,    0,    0,    0,    0,    0,    0,    0,    0,    0,    0,    0,    0,    0,    0,    0,    0,    0,    0,    0,    0,    0,    0,    0,    0,    0,    0,    0,    0,    0,    0,    0,    0,    0,    0,    0,    0,    0,    0,    0,    0,    0,    0,    0,    0,    0,    0,    0,    0,    0,    0,    0,
       0,  -17,    0,  -12,   -7,   -6,    6,   -4,   -5,  -12,    0,    0,    0,    0,    0,    0,    0,    0,    0,    0,    0,    0,    0,    0,    0,    0,   -4,    0,  -15,    0,    0,    0,    0,    0,    0,    0,    0,    0,    0,    0,    0,    0,    0,    0,    0,    0,    0,    0,    0,    0,    0,  -11,    0,    0,    0,    0,    0,    0,    0,    0,    0,    0,    0,    0,    0,    0,    0,    0,    0,    0,    0,    0,    0,    0,    0,    0,    0,    0,    0,    0,    0,    0,    0,    0,    0,    0,    0,    0,    0,    0,    0,    0,    0,    0,   -5,    0,    0,    0,    0,    0,    0,    0,    0,    0,    0,    0,    0,    0,    0,    0,    0,    0,    0,    0,    0,    0,    0,    0,    0,    0,    0,    0,    0,    0,    0,    0,    0,    0,   -5,    0,    0,   -5,    0,    0,    0,    0,    0,    0,    0,    0,    0,    0,    0,    0,    0,    0,    0,    0,    0,    0,    0,    0,    0,    0,    0,    0,    0,    0,    0,    0,    0,    0,    0,    0,    0,    0,    0,    0,    0,    0,    0,    0,    0,    0,    0,    0,    0,    0,    0,    0,    0,    0,    0,    0,    0,    0,    0,    0,    0,    0,    0,    0,    0,    0,    0,    0,    0,    0,    0,    0,    0,    0,    0,    0,    0,    0,    0,    0,    0,    0,    0,    0,    0,    0,    0,    0,    0,    0,    0,    0,    0,    0,    0,    0,    0,    0,    0,    0,    0,    0,    0,    0,    0,    0,    0,    0,    0,    0,    0,    0,    0,    0,    0,    0,    0,    0,    0,    0,    0,    0,    0,    0,    0,
      -6,   -9,   -5,  -11,    0,  -13,    6,  -17,    0,  -14,   -4,    0,    0,    0,    0,    0,    0,    0,    0,    0,    0,    0,    0,    0,    0,    0,   -4,    0,  -17,    0,    0,    0,    0,    0,    0,    0,    0,    0,    0,    0,    0,    0,    0,    0,    0,    0,    0,    0,    0,    0,    0,  -12,    0,    0,    0,    0,    0,    0,    0,    0,    0,    0,    0,    0,    0,    0,    0,    0,    0,    0,  -11,    0,    0,    0,    0,    0,   -8,    0,    0,    0,    0,    0,    0,  -10,    0,    0,    0,   -5,    0,    0,    0,   -9,    0,    0,   -4,  -10,    0,    0,    0,    0,    0,    0,    0,    0,    0,    0,    0,    0,    0,    0,    0,    0,   -5,   -5,   -5,    0,    0,    0,    0,    0,  -16,    0,    0,    0,    0,    0,    0,    0,   -4,    0,    0,   -4,    0,    0,    0,    0,    0,    0,    0,    0,    0,    0,   -6,   -4,  -12,    0,    0,    0,    0,    0,    0,    0,    0,    0,    0,    0,    0,    0,    0,    0,    0,    0,    0,    0,    0,    0,    0,    0,    0,    0,    0,    0,    0,    0,    0,    0,    0,    0,    0,    0,    0,    0,    0,    0,    0,    0,    0,    0,    0,    0,    0,    0,    0,    0,    0,    0,    0,    0,    0,    0,    0,    0,    0,    0,    0,    0,    0,    0,    0,    0,    0,    0,    0,    0,    0,    0,    0,    0,    0,    0,    0,    0,    0,    0,    0,    0,    0,    0,    0,    0,    0,    0,    0,    0,    0,    0,    0,    0,    0,    0,    0,    0,    0,    0,    0,    0,    0,    0,    0,    0,    0,    0,    0,
       0,  -13,    0,  -11,   -8,   -8,    7,   -9,   -6,  -12,    0,    0,    0,    0,    0,    0,    0,    0,    0,    0,    0,    0,    0,    0,    0,    0,    0,    0,  -12,    0,    0,    0,    0,    0,    0,    0,    0,    0,    0,    0,    0,    0,    0,    0,    0,    0,    0,    0,    0,    0,    0,   -8,    0,    0,    0,    0,    0,    0,    0,    0,    0,    0,    0,    0,    0,    0,    0,    0,    0,    0,    0,    0,    0,    0,    0,    0,    0,    0,    0,    0,    0,    0,    0,    0,    0,    0,    0,    0,    0,    0,    0,    0,    0,   -9,   -7,    0,    0,    0,    0,    0,    0,   -6,    0,   -7,    0,    0,    0,   -4,    0,    0,    0,    0,    0,    0,    0,    0,    0,    0,    0,    0,    0,   -6,    0,    0,    0,    0,    0,    0,   -7,    0,    0,   -7,    0,    0,    0,    0,    0,    0,    0,    0,    0,    0,   -9,  -11,    0,    0,    0,    0,    0,    0,    0,    0,    0,    0,    0,    0,    0,    0,    0,    0,    0,    0,    0,    0,    0,    0,    0,    0,    0,    0,    0,    0,    0,    0,    0,    0,    0,    0,    0,    0,    0,    0,    0,    0,    0,    0,    0,    0,    0,    0,    0,    0,    0,    0,    0,    0,    0,    0,    0,    0,    0,    0,    0,    0,    0,    0,    0,    0,    0,    0,    0,    0,    0,    0,    0,    0,    0,    0,    0,    0,    0,    0,    0,    0,    0,    0,    0,    0,    0,    0,    0,    0,    0,    0,    0,    0,    0,    0,    0,    0,    0,    0,    0,    0,    0,    0,    0,    0,    0,    0,    0,    0,    0,
       0,    0,   -4,    0,   -8,   -4,    0,   -6,   -4,    0,    0,    0,    0,    0,    0,    0,    0,    0,    0,    0,    0,    0,    0,    0,    0,    0,   -6,    0,  -17,    0,    0,    0,    0,    0,    0,    0,    0,    0,    0,    0,    0,    0,    0,    0,    0,    0,    0,    0,    0,    0,    0,   -6,    0,    0,    0,    0,    0,    0,    0,    0,    0,    0,    0,    0,    0,    0,    0,    0,    0,    0,    0,    0,    0,    0,    0,    0,    0,    0,    0,    0,    0,    0,   -4,    0,    0,    0,   -7,    0,    0,    0,    0,    0,    0,   -6,    0,    0,    0,    0,    0,    0,  -13,   -8,    0,   -4,    0,    0,  -13,    0,   -5,    0,    0,    0,   -4,   -4,   -4,    0,  -10,   -4,    0,    0,    0,   -8,    0,  -10,    0,    0,    0,    0,    0,    0,  -12,    0,    0,    0,    0,    0,    0,    0,    0,    0,    0,    0,    0,    0,    0,    0,    0,    0,    0,    0,    0,    0,    0,    0,    0,    0,    0,    0,    0,    0,    0,    0,    0,    0,    0,    0,    0,    0,    0,    0,    0,    0,    0,    0,    0,    0,    0,    0,    0,    0,    0,    0,    0,    0,    0,    0,    0,    0,    0,    0,    0,    0,    0,    0,    0,    0,    0,    0,    0,    0,    0,    0,    0,    0,    0,    0,    0,    0,    0,    0,    0,    0,    0,    0,    0,    0,    0,    0,    0,    0,    0,    0,    0,    0,    0,    0,    0,    0,    0,    0,    0,    0,    0,    0,    0,    0,    0,    0,    0,    0,    0,    0,    0,    0,    0,    0,    0,    0,    0,    0,    0,    0,    0,
       0,   -8,   -8,    0,    0,    0,    0,    0,    0,   -6,   -5,    0,    0,    0,    0,    0,    0,    0,    0,    0,    0,    0,    0,    0,    0,    0,    0,    0,    0,    0,    0,    0,    0,    0,    0,    0,    0,    0,    0,    0,    0,    0,    0,    0,    0,    0,    0,    0,    0,    0,   -9,    0,   -9,    0,    0,    0,    0,    0,    0,    0,    0,    0,    0,    0,    0,    0,    0,    0,    0,    0,    0,    0,    0,    0,    0,    0,    0,    0,    0,    0,    0,    0,    0,    0,    0,    0,    0,    0,    0,    0,    0,    0,    0,    0,    0,    0,    0,   -4,    0,    0,    0,    0,   -5,    0,    0,    0,    0,    0,    0,    0,    0,    0,    0,    0,    0,    0,    0,    0,    0,   -4,    0,    0,    0,    0,    0,    0,    0,    0,    0,    0,    0,    0,    0,    0,    0,    0,    0,    0,    0,    0,    0,    0,    0,    0,    0,    0,    0,    0,    0,    0,    0,    0,    0,    0,    0,    0,    0,    0,    0,    0,    0,    0,    0,    0,    0,    0,    0,    0,    0,    0,    0,    0,    0,    0,    0,    0,    0,    0,    0,    0,    0,    0,    0,    0,    0,    0,    0,    0,    0,    0,    0,    0,    0,    0,    0,    0,    0,    0,    0,    0,    0,    0,    0,    0,    0,    0,    0,    0,    0,    0,    0,    0,    0,    0,    0,    0,    0,    0,    0,    0,    0,    0,    0,    0,    0,    0,    0,    0,    0,    0,    0,    0,    0,    0,    0,    0,    0,    0,    0,    0,    0,    0,    0,    0,    0,    0,    0,    0,    0,    0,    0,    0,    0,
       0,    0,    0,    0,    0,    0,    0,    0,    0,    0,    0,    0,    0,    0,    0,    0,    0,    0,    0,    0,    0,    0,    0,    0,    0,    0,    0,    0,    0,    0,    0,    0,    0,    0,    0,    0,    0,    0,    0,    0,    0,    0,    0,    0,    0,    0,    0,    0,    0,    0,    0,    0,    0,    0,    0,    0,    0,    0,    0,    0,    0,    0,    0,    0,    0,    0,    0,    0,    0,    0,    0,    0,    0,    0,    0,    0,    0,    0,    0,    0,    0,    0,    0,    0,    0,    0,    0,    0,    0,    0,    0,    0,    0,    0,    0,    0,    0,    0,    0,    0,    0,    0,    0,    0,    0,    0,    0,    0,    0,    0,    0,    0,    0,    0,    0,    0,    0,    0,    0,    0,    0,    0,    0,    0,    0,    0,    0,    0,    0,    0,    0,    0,   -3,   10,    0,    0,   -4,   -7,   -3,   -6,   -3,    0,    0,    0,    0,  -12,    0,    0,    0,    0,    0,    0,    0,    0,    0,    0,    0,    0,    0,    0,    0,    0,    0,    0,    0,    0,    0,    0,    0,    0,    0,    0,    0,    0,    0,    0,    0,    0,    0,    0,    0,    0,    0,    0,    0,    0,    0,    0,    0,    0,    0,    0,    0,    0,    0,    0,    0,    0,    0,    0,    0,    0,    0,    0,    0,    0,    0,    0,    0,    0,    0,    0,    0,    0,    0,    0,    0,    0,    0,    0,    0,    0,    0,    0,    0,    0,    0,    0,    0,    0,    0,    0,    0,    0,    0,    0,    0,    0,    0,    0,    0,    0,    0,    0,    0,    0,    0,    0,    0,    0,    0,    0,    0,
       0,    0,    0,    0,    0,    0,    0,    0,    0,    0,    0,    0,    0,    0,    0,    0,    0,    0,    0,    0,    0,    0,    0,    0,    0,    0,    0,    0,    0,    0,    0,    0,    0,    0,    0,    0,    0,    0,    0,    0,    0,    0,    0,    0,    0,    0,    0,    0,    0,    0,    0,    0,    0,    0,    0,    0,    0,    0,    0,    0,    0,    0,    0,    0,    0,    0,    0,    0,    0,    0,    0,    0,    0,    0,    0,    0,    0,    0,    0,    0,    0,    0,    0,    0,    0,    0,    0,    0,    0,    0,    0,    0,    0,    0,    0,    0,    0,    0,    0,    0,    0,    0,    0,    0,    0,    0,    0,    0,    0,    0,    0,    0,    0,    0,    0,    0,    0,    0,    0,    0,    0,    0,    0,    0,    0,    0,    0,    0,    0,    0,    0,    0,    0,    0,    0,    0,    0,    0,    0,  -11,    0,    0,    0,    0,    0,   -6,    0,    0,    0,    0,    0,    0,    0,    0,    0,    0,    0,    0,    0,    0,    0,    0,    0,    0,    0,    0,    0,    0,    0,    0,    0,    0,    0,    0,    0,    0,    0,    0,    0,    0,    0,    0,    0,    0,    0,    0,    0,    0,    0,    0,    0,    0,    0,    0,    0,    0,    0,    0,    0,    0,    0,    0,    0,    0,    0,    0,    0,    0,    0,    0,    0,    0,    0,    0,    0,    0,    0,    0,    0,    0,    0,    0,    0,    0,    0,    0,    0,    0,    0,    0,    0,    0,    0,    0,    0,    0,    0,    0,    0,    0,    0,    0,    0,    0,    0,    0,    0,    0,    0,    0,    0,    0,    0,
       0,    0,    0,    0,    0,    0,    0,    0,    0,    0,    0,    0,    0,    0,    0,    0,    0,    0,    0,    0,    0,    0,    0,    0,    0,    0,    0,    0,    0,    0,    0,    0,    0,    0,    0,    0,    0,    0,    0,    0,    0,    0,    0,    0,    0,    0,    0,    0,    0,    0,    0,    0,    0,    0,    0,    0,    0,    0,    0,    0,    0,    0,    0,    0,    0,    0,    0,    0,    0,    0,    0,    0,    0,    0,    0,    0,    0,    0,    0,    0,    0,    0,    0,    0,    0,    0,    0,    0,    0,    0,    0,    0,    0,    0,    0,    0,    0,    0,    0,    0,    0,    0,    0,    0,    0,    0,    0,    0,    0,    0,    0,    0,    0,    0,    0,    0,    0,    0,    0,    0,    0,    0,    0,    0,    0,    0,    0,    0,    0,    0,    0,    0,    0,    0,   -4,    0,    0,    0,    0,    0,   -4,    0,    0,    0,    0,    0,    0,    0,    0,    0,    0,    0,    0,    0,    0,    0,    0,    0,    0,    0,    0,    0,    0,    0,    0,    0,    0,    0,    0,    0,    0,    0,    0,    0,    0,    0,    0,    0,    0,    0,    0,    0,    0,    0,    0,    0,    0,    0,    0,    0,    0,    0,    0,    0,    0,    0,    0,    0,    0,    0,    0,    0,    0,    0,    0,    0,    0,    0,    0,    0,    0,    0,    0,    0,    0,    0,    0,    0,    0,    0,    0,    0,    0,    0,    0,    0,    0,    0,    0,    0,    0,    0,    0,    0,    0,    0,    0,    0,    0,    0,    0,    0,    0,    0,    0,    0,    0,    0,    0,    0,    0,    0,    0,
       0,    0,    0,    0,    0,    0,    0,    0,    0,    0,    0,    0,    0,    0,    0,    0,    0,    0,    0,    0,    0,    0,    0,    0,    0,    0,    0,    0,    0,    0,    0,    0,    0,    0,    0,    0,    0,    0,    0,    0,    0,    0,    0,    0,    0,    0,    0,    0,    0,    0,    0,    0,    0,    0,    0,    0,    0,    0,    0,    0,    0,    0,    0,    0,    0,    0,    0,    0,    0,    0,    0,    0,    0,    0,    0,    0,    0,    0,    0,    0,    0,    0,    0,    0,    0,    0,    0,    0,    0,    0,    0,    0,    0,    0,    0,    0,    0,    0,    0,    0,    0,    0,    0,    0,    0,    0,    0,    0,    0,    0,    0,    0,    0,    0,    0,    0,    0,    0,    0,    0,    0,    0,    0,    0,    0,    0,    0,    0,    0,    0,    0,    0,    0,   -6,    0,    0,    0,    0,    0,  -12,    2,    4,    0,    0,    0,   -3,    0,    0,    0,    0,    0,    0,    0,    0,    0,    0,    0,    0,    0,    0,    0,    0,    0,    0,    0,    0,    0,    0,    0,    0,    0,    0,    0,    0,    0,    0,    0,    0,    0,    0,    0,    0,    0,    0,    0,    0,    0,    0,    0,    0,    0,    0,    0,    0,    0,    0,    0,    0,    0,    0,    0,    0,    0,    0,    0,    0,    0,    0,    0,    0,    0,    0,    0,    0,    0,    0,    0,    0,    0,    0,    0,    0,    0,    0,    0,    0,    0,    0,    0,    0,    0,    0,    0,    0,    0,    0,    0,    0,    0,    0,    0,    0,    0,    0,    0,    0,    0,    0,    0,    0,    0,    0,    0,
       0,    0,    0,    0,    0,    0,    0,    0,    0,    0,    0,    0,    0,    0,    0,    0,    0,    0,    0,    0,    0,    0,    0,    0,    0,    0,    0,    0,    0,    0,    0,    0,    0,    0,    0,    0,    0,    0,    0,    0,    0,    0,    0,    0,    0,    0,    0,    0,    0,    0,    0,    0,    0,    0,    0,    0,    0,    0,    0,    0,    0,    0,    0,    0,    0,    0,    0,    0,    0,    0,    0,    0,    0,    0,    0,    0,    0,    0,    0,    0,    0,    0,    0,    0,    0,    0,    0,    0,    0,    0,    0,    0,    0,    0,    0,    0,    0,    0,    0,    0,    0,    0,    0,    0,    0,    0,    0,    0,    0,    0,    0,    0,    0,    0,    0,    0,    0,    0,    0,    0,    0,    0,    0,    0,    0,    0,    0,    0,    0,    0,    0,    0,   -4,    0,    0,    0,    0,    0,    0,   -9,    0,    0,    0,    0,    0,    0,    0,    0,    0,    0,    0,    0,    0,    0,    0,    0,    0,    0,    0,    0,    0,    0,    0,    0,    0,    0,    0,    0,    0,    0,    0,    0,    0,    0,    0,    0,    0,    0,    0,    0,    0,    0,    0,    0,    0,    0,    0,    0,    0,    0,    0,    0,    0,    0,    0,    0,    0,    0,    0,    0,    0,    0,    0,    0,    0,    0,    0,    0,    0,    0,    0,    0,    0,    0,    0,    0,    0,    0,    0,    0,    0,    0,    0,    0,    0,    0,    0,    0,    0,    0,    0,    0,    0,    0,    0,    0,    0,    0,    0,    0,    0,    0,    0,    0,    0,    0,    0,    0,    0,    0,    0,    0,    0,
       0,    0,    0,    0,    0,    0,    0,    0,    0,    0,    0,    0,    0,    0,    0,    0,    0,    0,    0,    0,    0,    0,    0,    0,    0,    0,    0,    0,    0,    0,    0,    0,    0,    0,    0,    0,    0,    0,    0,    0,    0,    0,    0,    0,    0,    0,    0,    0,    0,    0,    0,    0,    0,    0,    0,    0,    0,    0,    0,    0,    0,    0,    0,    0,    0,    0,    0,    0,    0,    0,    0,    0,    0,    0,    0,    0,    0,    0,    0,    0,    0,    0,    0,    0,    0,    0,    0,    0,    0,    0,    0,    0,    0,    0,    0,    0,    0,    0,    0,    0,    0,    0,    0,    0,    0,    0,    0,    0,    0,    0,    0,    0,    0,    0,    0,    0,    0,    0,    0,    0,    0,    0,    0,    0,    0,    0,    0,    0,    0,    0,    0,    0,    0,   -6,    0,    0,    0,    0,    0,  -21,   -2,    3,    0,    0,    0,   -6,    0,    0,    0,    0,    0,    0,    0,    0,    0,    0,    0,    0,    0,    0,    0,    0,    0,    0,    0,    0,    0,    0,    0,    0,    0,    0,    0,    0,    0,    0,    0,    0,    0,    0,    0,    0,    0,    0,    0,    0,    0,    0,    0,    0,    0,    0,    0,    0,    0,    0,    0,    0,    0,    0,    0,    0,    0,    0,    0,    0,    0,    0,    0,    0,    0,    0,    0,    0,    0,    0,    0,    0,    0,    0,    0,    0,    0,    0,    0,    0,    0,    0,    0,    0,    0,    0,    0,    0,    0,    0,    0,    0,    0,    0,    0,    0,    0,    0,    0,    0,    0,    0,    0,    0,    0,    0,    0,
       0,    0,    0,    0,    0,    0,    0,    0,    0,    0,    0,    0,    0,    0,    0,    0,    0,    0,    0,    0,    0,    0,    0,    0,    0,    0,    0,    0,    0,    0,    0,    0,    0,    0,    0,    0,    0,    0,    0,    0,    0,    0,    0,    0,    0,    0,    0,    0,    0,    0,    0,    0,    0,    0,    0,    0,    0,    0,    0,    0,    0,    0,    0,    0,    0,    0,    0,    0,    0,    0,    0,    0,    0,    0,    0,    0,    0,    0,    0,    0,    0,    0,    0,    0,    0,    0,    0,    0,    0,    0,    0,    0,    0,    0,    0,    0,    0,    0,    0,    0,    0,    0,    0,    0,    0,    0,    0,    0,    0,    0,    0,    0,    0,    0,    0,    0,    0,    0,    0,    0,    0,    0,    0,    0,    0,    0,    0,    0,    0,    0,    0,    0,    0,    0,    0,    0,    0,    0,    0,    0,    0,    0,    0,    0,    0,    2,    0,    0,    0,    0,    0,    0,    0,    0,    0,    0,    0,    0,    0,    0,    0,    0,    0,    0,    0,    0,    0,    0,    0,    0,    0,    0,    0,    0,    0,    0,    0,    0,    0,    0,    0,    0,    0,    0,    0,    0,    0,    0,    0,    0,    0,    0,    0,    0,    0,    0,    0,    0,    0,    0,    0,    0,    0,    0,    0,    0,    0,    0,    0,    0,    0,    0,    0,    0,    0,    0,    0,    0,    0,    0,    0,    0,    0,    0,    0,    0,    0,    0,    0,    0,    0,    0,    0,    0,    0,    0,    0,    0,    0,    0,    0,    0,    0,    0,    0,    0,    0,    0,    0,    0,    0,    0,    0,
       0,    0,    0,    0,    0,    0,    0,    0,    0,    0,    0,    0,    0,    0,    0,    0,    0,    0,    0,    0,    0,    0,    0,    0,    0,    0,    0,    0,    0,    0,    0,    0,    0,    0,    0,    0,    0,    0,    0,    0,    0,    0,    0,    0,    0,    0,    0,    0,    0,    0,    0,    0,    0,    0,    0,    0,    0,    0,    0,    0,    0,    0,    0,    0,    0,    0,    0,    0,    0,    0,    0,    0,    0,    0,    0,    0,    0,    0,    0,    0,    0,    0,    0,    0,    0,    0,    0,    0,    0,    0,    0,    0,    0,    0,    0,    0,    0,    0,    0,    0,    0,    0,    0,    0,    0,    0,    0,    0,    0,    0,    0,    0,    0,    0,    0,    0,    0,    0,    0,    0,    0,    0,    0,    0,    0,    0,    0,    0,    0,    0,    0,    0,   -7,   -2,    0,    0,    0,    0,    0,   -6,    0,    0,    0,    0,    0,    0,    0,    0,    0,    0,    0,    0,    0,    0,    0,    0,    0,    0,    0,    0,    0,    0,    0,    0,    0,    0,    0,    0,    0,    0,    0,    0,    0,    0,    0,    0,    0,    0,    0,    0,    0,    0,    0,    0,    0,    0,    0,    0,    0,    0,    0,    0,    0,    0,    0,    0,    0,    0,    0,    0,    0,    0,    0,    0,    0,    0,    0,    0,    0,    0,    0,    0,    0,    0,    0,    0,    0,    0,    0,    0,    0,    0,    0,    0,    0,    0,    0,    0,    0,    0,    0,    0,    0,    0,    0,    0,    0,    0,    0,    0,    0,    0,    0,    0,    0,    0,    0,    0,    0,    0,    0,    0,    0,
       0,    0,    0,    0,    0,    0,    0,    0,    0,    0,    0,    0,    0,    0,    0,    0,    0,    0,    0,    0,    0,    0,    0,    0,    0,    0,    0,    0,    0,    0,    0,    0,    0,    0,    0,    0,    0,    0,    0,    0,    0,    0,    0,    0,    0,    0,    0,    0,    0,    0,    0,    0,    0,    0,    0,    0,    0,    0,    0,    0,    0,    0,    0,    0,    0,    0,    0,    0,    0,    0,    0,    0,    0,    0,    0,    0,    0,    0,    0,    0,    0,    0,    0,    0,    0,    0,    0,    0,    0,    0,    0,    0,    0,    0,    0,    0,    0,    0,    0,    0,    0,    0,    0,    0,    0,    0,    0,    0,    0,    0,    0,    0,    0,    0,    0,    0,    0,    0,    0,    0,    0,    0,    0,    0,    0,    0,    0,    0,    0,    0,    0,    0,    0,    0,    0,    0,    0,    0,    0,  -14,    0,    0,    0,    0,    0,    0,    0,    0,    0,    0,    0,    0,    0,    0,    0,    0,    0,    0,    0,    0,    0,    0,    0,    0,    0,    0,    0,    0,    0,    0,    0,    0,    0,    0,    0,    0,    0,    0,    0,    0,    0,    0,    0,    0,    0,    0,    0,    0,    0,    0,    0,    0,    0,    0,    0,    0,    0,    0,    0,    0,    0,    0,    0,    0,    0,    0,    0,    0,    0,    0,    0,    0,    0,    0,    0,    0,    0,    0,    0,    0,    0,    0,    0,    0,    0,    0,    0,    0,    0,    0,    0,    0,    0,    0,    0,    0,    0,    0,    0,    0,    0,    0,    0,    0,    0,    0,    0,    0,    0,    0,    0,    0,    0,
       0,    0,    0,    0,    0,    0,    0,    0,    0,    0,    0,    0,    0,    0,    0,    0,    0,    0,    0,    0,    0,    0,    0,    0,    0,    0,    0,    0,    0,    0,    0,    0,    0,    0,    0,    0,    0,    0,    0,    0,    0,    0,    0,    0,    0,    0,    0,    0,    0,    0,    0,    0,    0,    0,    0,    0,    0,    0,    0,    0,    0,    0,    0,    0,    0,    0,    0,    0,    0,    0,    0,    0,    0,    0,    0,    0,    0,    0,    0,    0,    0,    0,    0,    0,    0,    0,    0,    0,    0,    0,    0,    0,    0,    0,    0,    0,    0,    0,    0,    0,    0,    0,    0,    0,    0,    0,    0,    0,    0,    0,    0,    0,    0,    0,    0,    0,    0,    0,    0,    0,    0,    0,    0,    0,    0,    0,    0,    0,    0,    0,    0,    0,    0,   -9,    0,    0,    0,    0,    0,    0,    0,    0,    0,    0,    0,    0,    0,    0,    0,    0,    0,    0,    0,    0,    0,    0,    0,    0,    0,    0,    0,    0,    0,    0,    0,    0,    0,    0,    0,    0,    0,    0,    0,    0,    0,    0,    0,    0,    0,    0,    0,    0,    0,    0,    0,    0,    0,    0,    0,    0,    0,    0,    0,    0,    0,    0,    0,    0,    0,    0,    0,    0,    0,    0,    0,    0,    0,    0,    0,    0,    0,    0,    0,    0,    0,    0,    0,    0,    0,    0,    0,    0,    0,    0,    0,    0,    0,    0,    0,    0,    0,    0,    0,    0,    0,    0,    0,    0,    0,    0,    0,    0,    0,    0,    0,    0,    0,    0,    0,    0,    0,    0,    0,
       0,    0,    0,    0,    0,    0,    0,    0,    0,    0,    0,    0,    0,    0,    0,    0,    0,    0,    0,    0,    0,    0,    0,    0,    0,    0,    0,    0,    0,    0,    0,    0,    0,    0,    0,    0,    0,    0,    0,    0,    0,    0,    0,    0,    0,    0,    0,    0,    0,    0,    0,    0,    0,    0,    0,    0,    0,    0,    0,    0,    0,    0,    0,    0,    0,    0,    0,    0,    0,    0,    0,    0,    0,    0,    0,    0,    0,    0,    0,    0,    0,    0,    0,    0,    0,    0,    0,    0,    0,    0,    0,    0,    0,    0,    0,    0,    0,    0,    0,    0,    0,    0,    0,    0,    0,    0,    0,    0,    0,    0,    0,    0,    0,    0,    0,    0,    0,    0,    0,    0,    0,    0,    0,    0,    0,    0,    0,    0,    0,    0,    0,    0,    0,   -4,    0,    6,    0,    0,    0,    0,    4,    0,    0,    0,    0,    4,    0,    0,    0,    0,    0,    0,    0,    0,    0,    0,    0,    0,    0,    0,    0,    0,    0,    0,    0,    0,    0,    0,    0,    0,    0,    0,    0,    0,    0,    0,    0,    0,    0,    0,    0,    0,    0,    0,    0,    0,    0,    0,    0,    0,    0,    0,    0,    0,    0,    0,    0,    0,    0,    0,    0,    0,    0,    0,    0,    0,    0,    0,    0,    0,    0,    0,    0,    0,    0,    0,    0,    0,    0,    0,    0,    0,    0,    0,    0,    0,    0,    0,    0,    0,    0,    0,    0,    0,    0,    0,    0,    0,    0,    0,    0,    0,    0,    0,    0,    0,    0,    0,    0,    0,    0,    0,    0,
       0,    0,    0,    0,    0,    0,    0,    0,    0,    0,    0,    0,    0,    0,    0,    0,    0,    0,    0,    0,    0,    0,    0,    0,    0,    0,    0,    0,    0,    0,    0,    0,    0,    0,    0,    0,    0,    0,    0,    0,    0,    0,    0,    0,    0,    0,    0,    0,    0,    0,    0,    0,    0,    0,    0,    0,    0,    0,    0,    0,    0,    0,    0,    0,    0,    0,    0,    0,    0,    0,    0,    0,    0,    0,    0,    0,    0,    0,    0,    0,    0,    0,    0,    0,    0,    0,    0,    0,    0,    0,    0,    0,    0,    0,    0,    0,    0,    0,    0,    0,    0,    0,    0,    0,    0,    0,    0,    0,    0,    0,    0,    0,    0,    0,    0,    0,    0,    0,    0,    0,    0,    0,    0,    0,    0,    0,    0,    0,    0,    0,    0,    0,   -6,  -30,  -18,    0,   -6,   -4,  -15,    0,   -6,  -30,    0,    0,    0,   -3,    0,    0,    0,    0,    0,    0,    0,    0,    0,    0,    0,    0,    0,    0,    0,    0,    0,    0,    0,    0,    0,    0,    0,    0,    0,    0,    0,    0,    0,    0,    0,    0,    0,    0,    0,    0,    0,    0,    0,    0,    0,    0,    0,    0,    0,    0,    0,    0,    0,    0,    0,    0,    0,    0,    0,    0,    0,    0,    0,    0,    0,    0,    0,    0,    0,    0,    0,    0,    0,    0,    0,    0,    0,    0,    0,    0,    0,    0,    0,    0,    0,    0,    0,    0,    0,    0,    0,    0,    0,    0,    0,    0,    0,    0,    0,    0,    0,    0,    0,    0,    0,    0,    0,    0,    0,    0,    0,
       0,    0,    0,    0,    0,    0,    0,    0,    0,    0,    0,    0,    0,    0,    0,    0,    0,    0,    0,    0,    0,    0,    0,    0,    0,    0,    0,    0,    0,    0,    0,    0,    0,    0,    0,    0,    0,    0,    0,    0,    0,    0,    0,    0,    0,    0,    0,    0,    0,    0,    0,    0,    0,    0,    0,    0,    0,    0,    0,    0,    0,    0,    0,    0,    0,    0,    0,    0,    0,    0,    0,    0,    0,    0,    0,    0,    0,    0,    0,    0,    0,    0,    0,    0,    0,    0,    0,    0,    0,    0,    0,    0,    0,    0,    0,    0,    0,    0,    0,    0,    0,    0,    0,    0,    0,    0,    0,    0,    0,    0,    0,    0,    0,    0,    0,    0,    0,    0,    0,    0,    0,    0,    0,    0,    0,    0,    0,    0,    0,    0,    0,    0,    0,   -9,   -2,    0,    0,    0,    0,   -3,    0,    0,    0,    0,    0,    0,    0,    0,    0,    0,    0,    0,    0,    0,    0,    0,    0,    0,    0,    0,    0,    0,    0,    0,    0,    0,    0,    0,    0,    0,    0,    0,    0,    0,    0,    0,    0,    0,    0,    0,    0,    0,    0,    0,    0,    0,    0,    0,    0,    0,    0,    0,    0,    0,    0,    0,    0,    0,    0,    0,    0,    0,    0,    0,    0,    0,    0,    0,    0,    0,    0,    0,    0,    0,    0,    0,    0,    0,    0,    0,    0,    0,    0,    0,    0,    0,    0,    0,    0,    0,    0,    0,    0,    0,    0,    0,    0,    0,    0,    0,    0,    0,    0,    0,    0,    0,    0,    0,    0,    0,    0,    0,    0,
       0,    0,    0,    0,    0,    0,    0,    0,    0,    0,    0,    0,    0,    0,    0,    0,    0,    0,    0,    0,    0,    0,    0,    0,    0,    0,    0,    0,    0,    0,    0,    0,    0,    0,    0,    0,    0,    0,    0,    0,    0,    0,    0,    0,    0,    0,    0,    0,    0,    0,    0,    0,    0,    0,    0,    0,    0,    0,    0,    0,    0,    0,    0,    0,    0,    0,    0,    0,    0,    0,    0,    0,    0,    0,    0,    0,    0,    0,    0,    0,    0,    0,    0,    0,    0,    0,    0,    0,    0,    0,    0,    0,    0,    0,    0,    0,    0,    0,    0,    0,    0,    0,    0,    0,    0,    0,    0,    0,    0,    0,    0,    0,    0,    0,    0,    0,    0,    0,    0,    0,    0,    0,    0,    0,    0,    0,    0,    0,    0,    0,    0,    0,    0,    0,    0,    0,    0,    0,    0,  -30,    0,    0,    0,    0,    0,    0,    0,    0,    0,    0,    0,    0,    0,    0,    0,    0,    0,    0,    0,    0,    0,    0,    0,    0,    0,    0,    0,    0,    0,    0,    0,    0,    0,    0,    0,    0,    0,    0,    0,    0,    0,    0,    0,    0,    0,    0,    0,    0,    0,    0,    0,    0,    0,    0,    0,    0,    0,    0,    0,    0,    0,    0,    0,    0,    0,    0,    0,    0,    0,    0,    0,    0,    0,    0,    0,    0,    0,    0,    0,    0,    0,    0,    0,    0,    0,    0,    0,    0,    0,    0,    0,    0,    0,    0,    0,    0,    0,    0,    0,    0,    0,    0,    0,    0,    0,    0,    0,    0,    0,    0,    0,    0,    0,
       0,    0,    0,    0,    0,    0,    0,    0,    0,    0,    0,  -30,   -8,   -8,  -46,    0,   -8,   -8,    0,    0,    0,    8,    7,    0,    5,    0,    0,    0,    0,    0,    0,    0,    0,    0,    0,    0,    0,    0,    0,    0,    0,    0,    0,    0,    0,    0,    0,    0,    0,    0,    0,    0,    0,    0,  -53,    0,    0,    0,    0,    0,    0,    0,    0,    0,    0,    0,    0,    0,    0,    0,    0,   -8,    0,    0,    0,    0,  -30,    0,    0,    0,    0,   -8,   -8,    0,    0,    0,    0,    0,    0,    0,    0,    0,    0,    0,    0,    0,    0,    0,    0,    0,    0,    0,    0,    0,    0,    0,    0,    0,    0,    0,    0,    0,    0,    0,    0,    0,    0,    0,    0,    0,    5,    0,    0,    0,    0,    0,    0,    0,    0,    0,    0,    0,    0,    0,    0,    0,    0,    0,    0,    0,    0,    0,    0,    0,    0,    0,    0,    0,    0,    0,    0,    0,    0,    0,    0,    0,    0,    0,    0,    0,    0,    0,    0,    0,    0,    0,    0,    0,    0,    0,    0,    0,    0,    0,    0,    0,    0,    0,    0,    0,    0,    0,    0,    0,    0,    0,    0,    0,    0,    0,    0,    0,    0,    0,    0,    0,    0,    0,    0,    0,    0,    0,    0,    0,    0,    0,    0,    0,    0,    0,    0,    0,    0,    0,    0,    0,    0,    0,    0,    0,    0,    0,    0,    0,    0,    0,    0,    0,    0,    0,    0,    0,    0,    0,    0,    0,    0,    0,    0,    0,    0,    0,    0,    0,    0,    0,    0,    0,    0,    0,    0,    0,    0,
       0,    0,    0,    0,    0,    0,    0,    0,    0,    0,    0,   10,  -10,  -10,   11,    0,  -11,  -12,    6,  -27,   -8,  -30,  -14,    5,  -31,    8,    0,    0,    0,    0,    0,    0,    0,    0,    0,    0,    0,    0,    0,    0,    0,    0,    0,    0,    0,    0,    0,    0,    0,    0,    0,    0,    0,    0,    8,    0,    0,    0,    0,    0,    0,    0,    0,    0,    0,    0,    0,    0,    0,    0,  -27,  -10,    0,    0,    0,    0,   10,    0,    0,    0,    0,  -11,  -11,    5,    0,    0,    0,    0,    0,    0,    0,    0,    0,    0,    0,    0,    0,    0,    0,    0,    0,    0,    0,    0,    0,    0,    0,    0,    0,    0,    0,    0,    0,    0,    0,    0,    0,    0,    0,    0,  -31,    0,    0,    0,    0,    0,    0,    0,    0,    0,    0,    0,    0,    0,    0,    0,    0,    0,    0,    0,    0,    0,    0,    0,    0,    0,    0,    0,    0,    0,    0,    0,    0,    0,    0,    0,    0,    0,    0,    0,    0,    0,    0,    0,    0,    0,    0,    0,    0,    0,    0,    0,    0,    0,    0,    0,    0,    0,    0,    0,    0,    0,    0,    0,    0,    0,    0,    0,    0,    0,    0,    0,    0,    0,    0,    0,    0,    0,    0,    0,    0,    0,    0,    0,    0,    0,    0,    0,    0,    0,    0,    0,    0,    0,    0,    0,    0,    0,    0,    0,    0,    0,    0,    0,    0,    0,    0,    0,    0,    0,    0,    0,    0,    0,    0,    0,    0,    0,    0,    0,    0,    0,    0,    0,    0,    0,    0,    0,    0,    0,    0,    0,    0,
       0,    0,    0,    0,    0,    0,    0,    0,    0,    0,    0,    0,    0,    0,    0,    0,    0,    0,    0,    0,    0,    0,    0,    0,    0,    0,    0,    0,    0,    0,    0,    0,    0,    0,    0,    0,    0,    0,    0,    0,    0,    0,    0,    0,    0,    0,    0,    0,    0,    0,    0,    0,    0,    0,    0,    0,    0,    0,    0,    0,    0,    0,    0,    0,    0,    0,    0,    0,    0,    0,    0,    0,    0,    0,    0,    0,    0,    0,    0,    0,    0,    0,    0,    0,    0,    0,    0,    0,    0,    0,    0,    0,    0,    0,    0,    0,    0,    0,    0,    0,    0,    0,    0,    0,    0,    0,    0,    0,    0,    0,    0,    0,    0,    0,    0,    0,    0,    0,    0,    0,    0,    0,    0,    0,    0,    0,    0,    0,    0,    0,    0,    0,    0,    0,    0,    0,    0,    0,    0,    0,    0,    0,    0,    0,    0,    0,    0,    0,    0,    0,    0,    0,    0,    0,    0,    0,    0,    0,    0,    0,    0,    0,    0,    0,    0,    0,    0,    0,    0,    0,    0,    0,   -8,   -8,    0,    0,    0,    0,    0,    0,    0,    0,    0,    0,    0,    0,    0,    0,    0,    0,    0,    0,    0,    0,    0,    0,    0,    0,    0,    0,    0,    0,    0,    0,    0,    0,    0,    0,    0,    0,    0,    0,    0,    0,    0,    0,   -4,   -4,    0,    0,    0,    0,    0,    0,    0,    0,    0,    0,    0,    0,    0,   -8,    0,    0,    0,    0,    0,    0,    0,    0,    0,    0,    0,    0,    0,    0,    0,    0,    0,    0,    0,    0,    0,
       0,    0,    0,    0,    0,    0,    0,    0,    0,    0,    0,    0,    0,    0,    0,    0,    0,    0,    0,    0,    0,    0,    0,    0,    0,    0,    0,    0,    0,    0,    0,    0,    0,    0,    0,    0,    0,    0,    0,    0,    0,    0,    0,    0,    0,    0,    0,    0,    0,    0,    0,    0,    0,    0,    0,    0,    0,    0,    0,    0,    0,    0,    0,    0,    0,    0,    0,    0,    0,    0,    0,    0,    0,    0,    0,    0,    0,    0,    0,    0,    0,    0,    0,    0,    0,    0,    0,    0,    0,    0,    0,    0,    0,    0,    0,    0,    0,    0,    0,    0,    0,    0,    0,    0,    0,    0,    0,    0,    0,    0,    0,    0,    0,    0,    0,    0,    0,    0,    0,    0,    0,    0,    0,    0,    0,    0,    0,    0,    0,    0,    0,    0,    0,    0,    0,    0,    0,    0,    0,    0,    0,    0,    0,    0,    0,    0,    0,    0,    0,    0,    0,    0,    0,    0,    0,    0,    0,    0,    0,    0,    0,    0,    0,    0,    0,    0,    0,    0,    0,    0,    0,    0,   -8,   -8,    0,    0,    0,    0,    0,    0,    0,    0,    0,    0,    0,    0,    0,    0,    0,    0,    0,    0,    0,    0,    0,    0,    0,    0,    0,    0,    0,    0,    0,    0,    0,    0,    0,    0,    0,    0,    0,    0,    0,    0,    0,    0,    0,    0,    0,    0,    0,    0,    0,    0,    0,    0,    0,    0,    0,    0,    0,    0,    0,    0,    0,    0,    0,    0,    0,    0,    0,    0,    0,    0,    0,    0,    0,    0,    0,    0,    0,    0,    0,
       0,    0,    0,    0,    0,    0,    0,    0,    0,    0,    0,    0,    0,    0,    0,    0,    0,    0,    0,    0,    0,    0,    0,    0,    0,    0,    0,    0,    0,    0,    0,    0,    0,    0,    0,    0,    0,    0,    0,    0,    0,    0,    0,    0,    0,    0,    0,    0,    0,    0,    0,    0,    0,    0,    0,    0,    0,    0,    0,    0,    0,    0,    0,    0,    0,    0,    0,    0,    0,    0,    0,    0,    0,    0,    0,    0,    0,    0,    0,    0,    0,    0,    0,    0,    0,    0,    0,    0,    0,    0,    0,    0,    0,    0,    0,    0,    0,    0,    0,    0,    0,    0,    0,    0,    0,    0,    0,    0,    0,    0,    0,    0,    0,    0,    0,    0,    0,    0,    0,    0,    0,    0,    0,    0,    0,    0,    0,    0,    0,    0,    0,    0,    0,    0,    0,    0,    0,    0,    0,    0,    0,    0,    0,    0,    0,    0,    0,    0,    0,    0,    0,    0,    0,    0,    0,    0,    0,    0,    0,    0,    0,    0,    0,    0,    0,    0,    0,    0,    0,    0,    0,    0,  -12,  -12,    0,    0,    0,    0,    0,    0,    0,    0,    0,    0,    0,    0,    0,    0,    0,    0,    0,    0,   -8,    0,    0,    0,    0,    0,    0,    0,    0,    0,    0,    0,    0,    0,    0,    0,    0,    0,    0,    0,    0,    0,    0,    0,    0,    0,    0,    0,    0,    0,    0,    0,    0,    0,    0,    0,    0,    0,    0,    0,    0,    0,    0,    0,    0,    0,    0,    0,    0,    0,    0,    0,    0,    0,    0,    0,    0,    0,    0,    0,    0,
       0,    0,    0,    0,    0,    0,    0,    0,    0,    0,    0,    0,    0,    0,    0,    0,    0,    0,    0,    0,    0,    0,    0,    0,    0,    0,    0,    0,    0,    0,    0,    0,    0,    0,    0,    0,    0,    0,    0,    0,    0,    0,    0,    0,    0,    0,    0,    0,    0,    0,    0,    0,    0,    0,    0,    0,    0,    0,    0,    0,    0,    0,    0,    0,    0,    0,    0,    0,    0,    0,    0,    0,    0,    0,    0,    0,    0,    0,    0,    0,    0,    0,    0,    0,    0,    0,    0,    0,    0,    0,    0,    0,    0,    0,    0,    0,    0,    0,    0,    0,    0,    0,    0,    0,    0,    0,    0,    0,    0,    0,    0,    0,    0,    0,    0,    0,    0,    0,    0,    0,    0,    0,    0,    0,    0,    0,    0,    0,    0,    0,    0,    0,    0,    0,    0,    0,    0,    0,    0,    0,    0,    0,    0,    0,    0,    0,    0,    0,    0,    0,    0,    0,    0,    0,    0,    0,    0,    0,    0,    0,    0,    0,    0,    0,    0,    0,    0,    0,    0,    0,    0,    0,    0,    0,    0,    0,    0,    0,    0,    0,    0,    0,    0,    0,    0,    0,    0,    0,    0,    0,    0,    0,    0,    0,    0,    0,    0,    0,    0,    0,    0,    0,    0,    0,    0,    0,    0,    0,    0,    0,    0,    0,    0,    0,    0,    0,    0,    0,    0,    0,    0,    0,    0,    0,    0,    0,    0,    0,    0,    0,    0,   -8,   -8,   -8,    0,    0,    0,    0,    0,    0,    0,    0,    0,    0,    0,    0,    0,    0,    0,    0,    0,  -40,  -32,
       0,    0,    0,    0,    0,    0,    0,    0,    0,    0,    0,    0,    0,    0,    0,    0,    0,    0,    0,    0,    0,    0,    0,    0,    0,    0,    0,    0,    0,    0,    0,    0,    0,    0,    0,    0,    0,    0,    0,    0,    0,    0,    0,    0,    0,    0,    0,    0,    0,    0,    0,    0,    0,    0,    0,    0,    0,    0,    0,    0,    0,    0,    0,    0,    0,    0,    0,    0,    0,    0,    0,    0,    0,    0,    0,    0,    0,    0,    0,    0,    0,    0,    0,    0,    0,    0,    0,    0,    0,    0,    0,    0,    0,    0,    0,    0,    0,    0,    0,    0,    0,    0,    0,    0,    0,    0,    0,    0,    0,    0,    0,    0,    0,    0,    0,    0,    0,    0,    0,    0,    0,    0,    0,    0,    0,    0,    0,    0,    0,    0,    0,    0,    0,    0,    0,    0,    0,    0,    0,    0,    0,    0,    0,    0,    0,    0,    0,    0,    0,    0,    0,    0,    0,    0,    0,    0,  -12,  -12,  -12,  -12,    0,    0,    0,    0,    0,    0,    0,    0,    0,    0,  -12,  -12,  -20,  -12,    0,    0,    0,    0,    0,    0,    0,    0,    0,    0,  -28,    0,    0,    0,    0,    0,    0,    0,    0,    0,  -12,    0,    0,    0,    0,    0,    0,    0,    0,    0,    0,    0,    0,    0,    0,    0,  -12,    0,    0,    0,    0,    0,    0,    0,    0,    0,    0,    0,    0,    0,    0,    0,    0,    0,    0,    0,    0,   -8,   -8,    0,   -8,   -8,   -8,    0,    0,    0,    0,    0,    0,    0,    0,    0,    0,    0,    0,    0,    0,    0,    0,
       0,    0,    0,    0,    0,    0,    0,    0,    0,    0,    0,    0,    0,    0,    0,    0,    0,    0,    0,    0,    0,    0,    0,    0,    0,    0,    0,    0,    0,    0,    0,    0,    0,    0,    0,    0,    0,    0,    0,    0,    0,    0,    0,    0,    0,    0,    0,    0,    0,    0,    0,    0,    0,    0,    0,    0,    0,    0,    0,    0,    0,    0,    0,    0,    0,    0,    0,    0,    0,    0,    0,    0,    0,    0,    0,    0,    0,    0,    0,    0,    0,    0,    0,    0,    0,    0,    0,    0,    0,    0,    0,    0,    0,    0,    0,    0,    0,    0,    0,    0,    0,    0,    0,    0,    0,    0,    0,    0,    0,    0,    0,    0,    0,    0,    0,    0,    0,    0,    0,    0,    0,    0,    0,    0,    0,    0,    0,    0,    0,    0,    0,    0,    0,    0,    0,    0,    0,    0,    0,    0,    0,    0,    0,    0,    0,    0,    0,    0,    0,    0,    0,    0,    0,    0,    0,    0,    0,    0,    0,    0,    0,    0,    0,    0,    0,    0,    0,    0,    0,    0,    0,    0,    0,    0,    0,    0,    0,    0,  -16,    0,    0,    0,    0,    0,    0,    0,    0,    0,    0,    0,    0,    0,  -20,    0,    0,    0,    0,    0,    0,    0,    0,    0,    0,    0,    0,    0,    0,    0,    0,    0,    0,    0,    0,    0,    0,    0,    0,    0,    0,    0,    0,    0,    0,    0,    0,    0,    0,    0,    0,    0,    0,    0,    0,    0,    0,    0,    0,    0,    0,    0,    0,    0,    0,    0,    0,    0,    0,    0,    0,    0,    0,  -24,  -20,
       0,    0,    0,    0,    0,    0,    0,    0,    0,    0,    0,    0,    0,    0,    0,    0,    0,    0,    0,    0,    0,    0,    0,    0,    0,    0,    0,    0,    0,    0,    0,    0,    0,    0,    0,    0,    0,    0,    0,    0,    0,    0,    0,    0,    0,    0,    0,    0,    0,    0,    0,    0,    0,    0,    0,    0,    0,    0,    0,    0,    0,    0,    0,    0,    0,    0,    0,    0,    0,    0,    0,    0,    0,    0,    0,    0,    0,    0,    0,    0,    0,    0,    0,    0,    0,    0,    0,    0,    0,    0,    0,    0,    0,    0,    0,    0,    0,    0,    0,    0,    0,    0,    0,    0,    0,    0,    0,    0,    0,    0,    0,    0,    0,    0,    0,    0,    0,    0,    0,    0,    0,    0,    0,    0,    0,    0,    0,    0,    0,    0,    0,    0,    0,    0,    0,    0,    0,    0,    0,    0,    0,    0,    0,    0,    0,    0,    0,    0,    0,    0,    0,    0,    0,    0,    0,    0,    0,    0,    0,    0,    0,    0,    0,    0,    0,    0,    0,    0,    0,    0,    0,    0,    0,    0,    0,    0,    0,    0,    0,    0,    0,    0,    0,    0,    0,    0,    0,    0,    0,    0,    0,    0,  -20,    0,    0,    0,    0,    0,    0,    0,    0,    0,    0,    0,    0,    0,    0,    0,    0,    0,    0,    0,    0,    0,    0,    0,    0,    0,    0,    0,    0,    0,    0,    0,    0,    0,    0,    0,    0,    0,    0,    0,    0,    0,    0,    0,    0,    0,    0,    0,    0,    0,    0,    0,    0,    0,    0,    0,    0,    0,    0,  -24,  -24,
       0,    0,    0,    0,    0,    0,    0,    0,    0,    0,    0,    0,    0,    0,    0,    0,    0,    0,    0,    0,    0,    0,    0,    0,    0,    0,    0,    0,    0,    0,    0,    0,    0,    0,    0,    0,    0,    0,    0,    0,    0,    0,    0,    0,    0,    0,    0,    0,    0,    0,    0,    0,    0,    0,    0,    0,    0,    0,    0,    0,    0,    0,    0,    0,    0,    0,    0,    0,    0,    0,    0,    0,    0,    0,    0,    0,    0,    0,    0,    0,    0,    0,    0,    0,    0,    0,    0,    0,    0,    0,    0,    0,    0,    0,    0,    0,    0,    0,    0,    0,    0,    0,    0,    0,    0,    0,    0,    0,    0,    0,    0,    0,    0,    0,    0,    0,    0,    0,    0,    0,    0,    0,    0,    0,    0,    0,    0,    0,    0,    0,    0,    0,    0,    0,    0,    0,    0,    0,    0,    0,    0,    0,    0,    0,    0,    0,    0,  -16,    0,  -16,   -8,  -12,  -12,    0,    0,    0,    0,    0,    0,    0,    0,    0,    0,    0,    0,    0,    0,    0,    0,  -16,    0,    0,    0,    0,    0,    0,    0,    0,    0,    0,    0,    0,    0,    0,    0,    0,    0,    0,    0,    0,    0,    0,    0,    0,   -8,    0,    0,    0,    0,    0,    0,    0,    0,    0,    0,    0,    0,    0,    0,    0,    0,    0,    0,    0,    0,    0,    0,    0,    0,    0,    0,    0,    0,    0,    0,    0,    0,    0,    0,    0,    0,    0,    0,    0,    0,    0,    0,    0,    0,    0,    0,    0,    0,    0,    0,    0,    0,    0,    0,    0,    0,  -12,  -12,
       0,    0,    0,    0,    0,    0,    0,    0,    0,    0,    0,    0,    0,    0,    0,    0,    0,    0,    0,    0,    0,    0,    0,    0,    0,    0,    0,    0,    0,    0,    0,    0,    0,    0,    0,    0,    0,    0,    0,    0,    0,    0,    0,    0,    0,    0,    0,    0,    0,    0,    0,    0,    0,    0,    0,    0,    0,    0,    0,    0,    0,    0,    0,    0,    0,    0,    0,    0,    0,    0,    0,    0,    0,    0,    0,    0,    0,    0,    0,    0,    0,    0,    0,    0,    0,    0,    0,    0,    0,    0,    0,    0,    0,    0,    0,    0,    0,    0,    0,    0,    0,    0,    0,    0,    0,    0,    0,    0,    0,    0,    0,    0,    0,    0,    0,    0,    0,    0,    0,    0,    0,    0,    0,    0,    0,    0,    0,    0,    0,    0,    0,    0,    0,    0,    0,    0,    0,    0,    0,    0,    0,    0,    0,    0,    0,    0,    0,   -8,    0,  -12,    0,   -8,  -16,    0,    0,    0,    0,    0,    8,    8,    0,    0,    0,    0,    0,    0,    0,    0,    0,  -16,    0,    0,    0,    0,    0,    0,    0,    0,    0,    0,    0,    0,    0,    0,    0,    0,    0,    0,   -8,    0,  -12,  -20,    0,    0,    0,    0,    0,    0,    0,    0,    0,    0,    0,    0,    0,    0,    0,    0,    0,    0,    0,    0,    0,    0,    0,    0,    0,    0,    0,    0,    0,    0,    0,    0,    0,    0,    0,    0,    0,    0,    0,    0,    0,    0,    0,    0,    0,    0,    0,    0,    0,    0,    0,    0,    0,    0,    0,    0,    0,    0,    0,  -24,  -16,
       0,    0,    0,    0,    0,    0,    0,    0,    0,    0,    0,    0,    0,    0,    0,    0,    0,    0,    0,    0,    0,    0,    0,    0,    0,    0,    0,    0,    0,    0,    0,    0,    0,    0,    0,    0,    0,    0,    0,    0,    0,    0,    0,    0,    0,    0,    0,    0,    0,    0,    0,    0,    0,    0,    0,    0,    0,    0,    0,    0,    0,    0,    0,    0,    0,    0,    0,    0,    0,    0,    0,    0,    0,    0,    0,    0,    0,    0,    0,    0,    0,    0,    0,    0,    0,    0,    0,    0,    0,    0,    0,    0,    0,    0,    0,    0,    0,    0,    0,    0,    0,    0,    0,    0,    0,    0,    0,    0,    0,    0,    0,    0,    0,    0,    0,    0,    0,    0,    0,    0,    0,    0,    0,    0,    0,    0,    0,    0,    0,    0,    0,    0,    0,    0,    0,    0,    0,    0,    0,    0,    0,    0,    0,    0,    0,    0,    0,    0,    0,    0,   -8,    0,    0,    0,    0,    0,    0,    0,    0,    0,    0,    0,    0,    0,    0,    0,    0,    0,    0,    0,    0,    0,  -12,  -12,    0,    0,    0,    0,    0,    0,    0,    0,    0,    0,    0,    0,   16,    0,    0,    0,    0,    0,    0,    0,   -8,    0,    0,    0,    0,    0,    0,    0,    0,    0,    0,    0,    0,    0,    0,    0,    0,    0,    0,    0,    0,    0,    0,    0,    0,    0,    0,    0,    0,    0,    0,    0,    0,    0,    0,    0,    0,    0,    0,    0,    0,    0,    0,    0,    0,    0,    0,    0,    0,    0,    0,    0,    0,    0,    0,    0,    0,  -12,    0,
       0,    0,    0,    0,    0,    0,    0,    0,    0,    0,    0,    0,    0,    0,    0,    0,    0,    0,    0,    0,    0,    0,    0,    0,    0,    0,    0,    0,    0,    0,    0,    0,    0,    0,    0,    0,    0,    0,    0,    0,    0,    0,    0,    0,    0,    0,    0,    0,    0,    0,    0,    0,    0,    0,    0,    0,    0,    0,    0,    0,    0,    0,    0,    0,    0,    0,    0,    0,    0,    0,    0,    0,    0,    0,    0,    0,    0,    0,    0,    0,    0,    0,    0,    0,    0,    0,    0,    0,    0,    0,    0,    0,    0,    0,    0,    0,    0,    0,    0,    0,    0,    0,    0,    0,    0,    0,    0,    0,    0,    0,    0,    0,    0,    0,    0,    0,    0,    0,    0,    0,    0,    0,    0,    0,    0,    0,    0,    0,    0,    0,    0,    0,    0,    0,    0,    0,    0,    0,    0,    0,    0,    0,    0,    0,    0,    0,    0,    0,    0,    0,   -8,    0,    0,    0,    0,    0,    0,    0,    0,    0,    0,    0,    0,    0,    0,    0,    0,    0,    0,    0,    0,    0,    4,    4,    0,    0,    0,    0,    0,    0,    0,    0,    0,    0,    0,    0,   12,    0,    0,    0,    0,    0,    0,    0,   -8,    0,    0,    0,    0,    0,    0,    0,    0,    0,    0,    0,    0,    0,    0,    0,    0,    0,    0,    0,    0,    0,    0,    0,    0,    0,    0,    0,    0,    0,    0,    0,    0,    0,    0,    0,    0,    0,    0,    0,    0,    0,    0,    0,    0,    0,    0,    0,    0,    0,    0,    0,    0,    0,    0,    0,    0,  -20,  -12,
       0,    0,    0,    0,    0,    0,    0,    0,    0,    0,    0,    0,    0,    0,    0,    0,    0,    0,    0,    0,    0,    0,    0,    0,    0,    0,    0,    0,    0,    0,    0,    0,    0,    0,    0,    0,    0,    0,    0,    0,    0,    0,    0,    0,    0,    0,    0,    0,    0,    0,    0,    0,    0,    0,    0,    0,    0,    0,    0,    0,    0,    0,    0,    0,    0,    0,    0,    0,    0,    0,    0,    0,    0,    0,    0,    0,    0,    0,    0,    0,    0,    0,    0,    0,    0,    0,    0,    0,    0,    0,    0,    0,    0,    0,    0,    0,    0,    0,    0,    0,    0,    0,    0,    0,    0,    0,    0,    0,    0,    0,    0,    0,    0,    0,    0,    0,    0,    0,    0,    0,    0,    0,    0,    0,    0,    0,    0,    0,    0,    0,    0,    0,    0,    0,    0,    0,    0,    0,    0,    0,    0,    0,    0,    0,    0,    0,    0,    0,    0,    0,    0,    0,    0,    0,    0,    0,    0,    0,    0,    0,    0,    0,    0,    0,    0,    0,    0,    0,    0,    0,    0,    0,    0,    0,    0,    0,    0,    0,    0,    0,    0,    0,    0,    0,    0,    0,    0,    0,    0,    0,    0,    0,    0,    0,    0,    0,    0,    0,    0,    0,    0,    0,    0,    0,    0,    0,    0,    0,    0,    0,    0,    0,    0,    0,    0,    0,    0,    0,    0,    0,    0,    0,    0,    0,    0,    0,    0,    0,    0,    0,    0,    0,    0,    0,    0,    0,    0,    0,    0,    0,    0,    0,    0,    0,    0,    0,    0,    0,    0,    0,    0,  -20,  -20,
       0,    0,    0,    0,    0,    0,    0,    0,    0,    0,    0,    0,    0,    0,    0,    0,    0,    0,    0,    0,    0,    0,    0,    0,    0,    0,    0,    0,    0,    0,    0,    0,    0,    0,    0,    0,    0,    0,    0,    0,    0,    0,    0,    0,    0,    0,    0,    0,    0,    0,    0,    0,    0,    0,    0,    0,    0,    0,    0,    0,    0,    0,    0,    0,    0,    0,    0,    0,    0,    0,    0,    0,    0,    0,    0,    0,    0,    0,    0,    0,    0,    0,    0,    0,    0,    0,    0,    0,    0,    0,    0,    0,    0,    0,    0,    0,    0,    0,    0,    0,    0,    0,    0,    0,    0,    0,    0,    0,    0,    0,    0,    0,    0,    0,    0,    0,    0,    0,    0,    0,    0,    0,    0,    0,    0,    0,    0,    0,    0,    0,    0,    0,    0,    0,    0,    0,    0,    0,    0,    0,    0,    0,    0,    0,    0,    0,    0,    0,    0,    0,    0,    0,    0,    0,    0,    0,    0,    0,    0,    0,    0,    0,    0,    0,    0,    0,    0,    0,    0,    0,    0,    0,    0,    0,    0,    0,    0,    0,    0,    0,    0,    0,    0,    0,    0,    0,    0,    0,    0,    0,    0,    0,    0,    0,    0,    0,    0,    0,    0,    0,    0,    0,    0,    0,    0,    0,    0,    0,    0,    0,    0,    0,    0,    0,    0,    0,    0,    0,    0,    0,    0,    0,    0,    0,    0,    0,    0,    0,    0,    0,    0,    0,    0,    0,    0,    0,    0,    0,    0,    0,    0,    0,    0,    0,    0,    0,    0,    0,    0,    0,    0,  -40,  -20,
       0,    0,    0,    0,    0,    0,    0,    0,    0,    0,    0,    0,    0,    0,    0,    0,    0,    0,    0,    0,    0,    0,    0,    0,    0,    0,    0,    0,    0,    0,    0,    0,    0,    0,    0,    0,    0,    0,    0,    0,    0,    0,    0,    0,    0,    0,    0,    0,    0,    0,    0,    0,    0,    0,    0,    0,    0,    0,    0,    0,    0,    0,    0,    0,    0,    0,    0,    0,    0,    0,    0,    0,    0,    0,    0,    0,    0,    0,    0,    0,    0,    0,    0,    0,    0,    0,    0,    0,    0,    0,    0,    0,    0,    0,    0,    0,    0,    0,    0,    0,    0,    0,    0,    0,    0,    0,    0,    0,    0,    0,    0,    0,    0,    0,    0,    0,    0,    0,    0,    0,    0,    0,    0,    0,    0,    0,    0,    0,    0,    0,    0,    0,    0,    0,    0,    0,    0,    0,    0,    0,    0,    0,    0,    0,    0,    0,    0,    0,    0,    0,    0,    0,    0,    0,    0,    0,    0,    0,    0,    0,    0,   -8,   -8,    0,    0,    0,    0,    0,    0,  -28,    0,    0,    0,    0,    0,    0,    0,    0,    0,    0,    0,    0,    0,    0,    0,    0,    0,    0,    0,    0,    0,    0,    0,    0,    0,    0,    0,    0,    0,    0,    0,    0,    0,    0,    0,    0,    0,    0,    0,    0,    0,    0,    0,    0,    0,    0,    0,    0,    0,    0,    0,    0,    0,    0,    0,    0,    0,    0,    0,    0,    0,    0,    0,    0,    0,    0,    0,    0,    0,    0,    0,    0,    0,    0,    0,    0,    0,    0,    0,    0,    0,  -20,  -12,
       0,    0,    0,    0,    0,    0,    0,    0,    0,    0,    0,    0,    0,    0,    0,    0,    0,    0,    0,    0,    0,    0,    0,    0,    0,    0,    0,    0,    0,    0,    0,    0,    0,    0,    0,    0,    0,    0,    0,    0,    0,    0,    0,    0,    0,    0,    0,    0,    0,    0,    0,    0,    0,    0,    0,    0,    0,    0,    0,    0,    0,    0,    0,    0,    0,    0,    0,    0,    0,    0,    0,    0,    0,    0,    0,    0,    0,    0,    0,    0,    0,    0,    0,    0,    0,    0,    0,    0,    0,    0,    0,    0,    0,    0,    0,    0,    0,    0,    0,    0,    0,    0,    0,    0,    0,    0,    0,    0,    0,    0,    0,    0,    0,    0,    0,    0,    0,    0,    0,    0,    0,    0,    0,    0,    0,    0,    0,    0,    0,    0,    0,    0,    0,    0,    0,    0,    0,    0,    0,    0,    0,    0,    0,    0,    0,    0,    0,    0,    0,    0,    0,    0,    0,    0,    0,    0,    0,    0,    0,    0,    0,    4,    4,    0,    0,    0,    0,    0,    0,    0,    0,    0,    4,    4,    0,    0,    0,    0,    0,    0,    0,    0,    0,    0,    0,    0,    0,    0,    0,    0,    0,    0,    0,    0,    0,    0,    0,    0,    0,    0,    0,    0,    0,    0,    0,    0,    0,    0,    0,    0,    0,    0,    0,    0,    0,    0,    0,    0,    0,    0,    0,    0,    0,    0,    0,    0,    0,    0,    0,    0,    0,    0,    0,    0,    0,    0,    0,    0,    0,    0,    0,    0,    0,    0,    0,    0,    0,    0,    0,    0,    0,    4,    0,
       0,    0,    0,    0,    0,    0,    0,    0,    0,    0,    0,    0,    0,    0,    0,    0,    0,    0,    0,    0,    0,    0,    0,    0,    0,    0,    0,    0,    0,    0,    0,    0,    0,    0,    0,    0,    0,    0,    0,    0,    0,    0,    0,    0,    0,    0,    0,    0,    0,    0,    0,    0,    0,    0,    0,    0,    0,    0,    0,    0,    0,    0,    0,    0,    0,    0,    0,    0,    0,    0,    0,    0,    0,    0,    0,    0,    0,    0,    0,    0,    0,    0,    0,    0,    0,    0,    0,    0,    0,    0,    0,    0,    0,    0,    0,    0,    0,    0,    0,    0,    0,    0,    0,    0,    0,    0,    0,    0,    0,    0,    0,    0,    0,    0,    0,    0,    0,    0,    0,    0,    0,    0,    0,    0,    0,    0,    0,    0,    0,    0,    0,    0,    0,    0,    0,    0,    0,    0,    0,    0,    0,    0,    0,    0,    0,    0,    0,    0,    0,    0,    0,    0,    0,    0,    0,    0,    0,    0,    0,    0,    0,    0,    0,    0,    0,    0,    0,    0,    0,    0,    0,    0,    0,    0,    0,    0,    0,    0,    0,    0,    0,    0,    0,    0,    0,    0,    0,    0,    0,    0,    0,    0,  -16,    0,    0,    0,    0,    0,    0,    0,    0,    0,    0,    0,    0,    0,    0,    0,    0,    0,    0,    0,    0,    0,    0,    0,    0,    0,    0,    0,    0,    0,    0,    0,    0,    0,    0,    0,    0,    0,    0,    0,    0,    0,    0,    0,    0,    0,    0,    0,    0,    0,    0,    0,    0,    0,    0,    0,    0,    0,    0,    0,    0,
       0,    0,    0,    0,    0,    0,    0,    0,    0,    0,    0,    0,    0,    0,    0,    0,    0,    0,    0,    0,    0,    0,    0,    0,    0,    0,    0,    0,    0,    0,    0,    0,    0,    0,    0,    0,    0,    0,    0,    0,    0,    0,    0,    0,    0,    0,    0,    0,    0,    0,    0,    0,    0,    0,    0,    0,    0,    0,    0,    0,    0,    0,    0,    0,    0,    0,    0,    0,    0,    0,    0,    0,    0,    0,    0,    0,    0,    0,    0,    0,    0,    0,    0,    0,    0,    0,    0,    0,    0,    0,    0,    0,    0,    0,    0,    0,    0,    0,    0,    0,    0,    0,    0,    0,    0,    0,    0,    0,    0,    0,    0,    0,    0,    0,    0,    0,    0,    0,    0,    0,    0,    0,    0,    0,    0,    0,    0,    0,    0,    0,    0,    0,    0,    0,    0,    0,    0,    0,    0,    0,    0,    0,    0,    0,    0,    0,    0,    0,    0,    0,    0,    0,    0,    0,    0,    0,    0,    0,    0,    0,    0,   -8,   -8,    0,    0,    0,    0,    0,    0,    0,  -24,  -24,  -12,  -12,    0,    0,    0,    0,    0,    0,    0,    0,    0,    0,    0,    0,    0,    0,    0,   -4,    0,    0,    0,    0,    0,    0,    0,    0,    0,    0,    0,    0,    0,    0,    0,    0,    0,    0,    0,    0,   -8,    0,    0,    0,    0,    0,    0,    0,    0,    0,    0,    0,    0,    0,    0,    0,    0,    0,    0,    0,    0,    0,    0,    0,    0,    0,    0,    0,    0,    0,    0,    0,    0,    0,    0,    0,    0,    0,    0,    0,    0,    0,    0,
       0,    0,    0,    0,    0,    0,    0,    0,    0,    0,    0,    0,    0,    0,    0,    0,    0,    0,    0,    0,    0,    0,    0,    0,    0,    0,    0,    0,    0,    0,    0,    0,    0,    0,    0,    0,    0,    0,    0,    0,    0,    0,    0,    0,    0,    0,    0,    0,    0,    0,    0,    0,    0,    0,    0,    0,    0,    0,    0,    0,    0,    0,    0,    0,    0,    0,    0,    0,    0,    0,    0,    0,    0,    0,    0,    0,    0,    0,    0,    0,    0,    0,    0,    0,    0,    0,    0,    0,    0,    0,    0,    0,    0,    0,    0,    0,    0,    0,    0,    0,    0,    0,    0,    0,    0,    0,    0,    0,    0,    0,    0,    0,    0,    0,    0,    0,    0,    0,    0,    0,    0,    0,    0,    0,    0,    0,    0,    0,    0,    0,    0,    0,    0,    0,    0,    0,    0,    0,    0,    0,    0,    0,    0,    0,    0,    0,    0,   -8,    0,  -12,    0,  -16,   -8,    0,    0,    0,    0,    0,    0,    0,    0,    0,    0,    0,    0,    0,    0,    0,    0,  -16,    0,    0,    4,    4,    0,    0,    0,    0,    0,    0,    0,   -8,   -8,   -8,  -28,    0,    0,    0,   -8,    0,    0,    0,    0,    0,    0,    0,    0,    0,    0,    0,    0,    0,    0,    0,    0,    0,  -12,    0,    0,    0,    0,    0,    0,    0,    0,    0,    0,    0,    0,    0,    0,    0,    0,    0,    0,    0,    0,  -24,    0,    0,    0,    0,    0,    0,  -36,  -28,  -36,    0,    0,    0,    0,    0,    0,    0,    0,    0,    0,    0,    0,    0,    0,  -16,  -16,
       0,    0,    0,    0,    0,    0,    0,    0,    0,    0,    0,    0,    0,    0,    0,    0,    0,    0,    0,    0,    0,    0,    0,    0,    0,    0,    0,    0,    0,    0,    0,    0,    0,    0,    0,    0,    0,    0,    0,    0,    0,    0,    0,    0,    0,    0,    0,    0,    0,    0,    0,    0,    0,    0,    0,    0,    0,    0,    0,    0,    0,    0,    0,    0,    0,    0,    0,    0,    0,    0,    0,    0,    0,    0,    0,    0,    0,    0,    0,    0,    0,    0,    0,    0,    0,    0,    0,    0,    0,    0,    0,    0,    0,    0,    0,    0,    0,    0,    0,    0,    0,    0,    0,    0,    0,    0,    0,    0,    0,    0,    0,    0,    0,    0,    0,    0,    0,    0,    0,    0,    0,    0,    0,    0,    0,    0,    0,    0,    0,    0,    0,    0,    0,    0,    0,    0,    0,    0,    0,    0,    0,    0,    0,    0,    0,    0,    0,    0,    0,    0,    0,    0,    0,    0,    0,    0,    0,    0,    0,    0,    0,    0,    0,    0,    0,    0,   -4,    0,    0,    0,    0,    0,    0,    0,    0,    0,    0,    0,    0,    0,    0,    0,    0,    0,  -20,    0,    0,    0,    0,    0,    0,    0,    0,    0,    0,    0,    0,    0,    0,    0,    0,    0,    0,    0,    0,    0,    0,    0,    0,    0,    0,    0,    0,    0,    0,    0,    0,    0,    0,    0,    0,    0,    0,    0,    0,    0,    0,  -28,    0,    0,    0,    0,    0,    0,  -28,  -28,  -28,    0,    0,    0,    0,    0,    0,    0,    0,    0,    0,    0,    0,    0,    0,  -20,  -16,
       0,    0,    0,    0,    0,    0,    0,    0,    0,    0,    0,    0,    0,    0,    0,    0,    0,    0,    0,    0,    0,    0,    0,    0,    0,    0,    0,    0,    0,    0,    0,    0,    0,    0,    0,    0,    0,    0,    0,    0,    0,    0,    0,    0,    0,    0,    0,    0,    0,    0,    0,    0,    0,    0,    0,    0,    0,    0,    0,    0,    0,    0,    0,    0,    0,    0,    0,    0,    0,    0,    0,    0,    0,    0,    0,    0,    0,    0,    0,    0,    0,    0,    0,    0,    0,    0,    0,    0,    0,    0,    0,    0,    0,    0,    0,    0,    0,    0,    0,    0,    0,    0,    0,    0,    0,    0,    0,    0,    0,    0,    0,    0,    0,    0,    0,    0,    0,    0,    0,    0,    0,    0,    0,    0,    0,    0,    0,    0,    0,    0,    0,    0,    0,    0,    0,    0,    0,    0,    0,    0,    0,    0,    0,    0,    0,    0,    0,    0,    0,    0,    0,    0,    0,    0,    0,    0,    0,    0,    0,    0,    0,    8,    8,    0,    0,    0,    0,    0,    0,    0,    0,    0,   12,   12,    0,    0,    0,    0,    0,    0,    0,    0,    0,    0,  -20,    0,    0,    0,    0,    0,    0,    0,    0,    0,    0,    0,    0,    0,    0,    0,    0,    0,    0,    0,    0,    0,    0,    0,    0,    0,    0,    0,    0,    0,    0,    0,    0,    0,    0,    0,    0,    0,    0,    0,    0,    0,    0,    0,    0,    0,    0,    0,    0,    0,    0,    0,    0,    0,    0,    0,    0,    0,    0,    0,    0,    0,    0,    0,    0,    0,    0,    0,    0,
       0,    0,    0,    0,    0,    0,    0,    0,    0,    0,    0,    0,    0,    0,    0,    0,    0,    0,    0,    0,    0,    0,    0,    0,    0,    0,    0,    0,    0,    0,    0,    0,    0,    0,    0,    0,    0,    0,    0,    0,    0,    0,    0,    0,    0,    0,    0,    0,    0,    0,    0,    0,    0,    0,    0,    0,    0,    0,    0,    0,    0,    0,    0,    0,    0,    0,    0,    0,    0,    0,    0,    0,    0,    0,    0,    0,    0,    0,    0,    0,    0,    0,    0,    0,    0,    0,    0,    0,    0,    0,    0,    0,    0,    0,    0,    0,    0,    0,    0,    0,    0,    0,    0,    0,    0,    0,    0,    0,    0,    0,    0,    0,    0,    0,    0,    0,    0,    0,    0,    0,    0,    0,    0,    0,    0,    0,    0,    0,    0,    0,    0,    0,    0,    0,    0,    0,    0,    0,    0,    0,    0,    0,    0,    0,    0,    0,    0,    0,    0,    0,    0,    0,    0,    0,    0,    0,    0,    0,    0,    0,    0,    0,    0,    0,    0,    0,    0,    0,    0,    0,    0,    0,    0,    0,    0,    0,    0,    0,    0,    0,    0,    0,    0,    0,    0,    0,    0,    0,    0,    0,    0,    0,    0,    0,    0,    0,    0,    0,    0,    0,    0,    0,    0,    0,    0,    0,    0,    0,    0,    0,    0,    0,    0,    0,    0,    0,    0,    0,    0,    0,    0,    0,    0,    0,    0,    0,    0,    0,    0,    0,    0,    0,    0,    0,    0,    0,    0,    0,    0,    0,    0,    0,    0,    0,    0,    0,    0,    0,    0,    0,    0,  -20,   -8,
       0,    0,    0,    0,    0,    0,    0,    0,    0,    0,    0,    0,    0,    0,    0,    0,    0,    0,    0,    0,    0,    0,    0,    0,    0,    0,    0,    0,    0,    0,    0,    0,    0,    0,    0,    0,    0,    0,    0,    0,    0,    0,    0,    0,    0,    0,    0,    0,    0,    0,    0,    0,    0,    0,    0,    0,    0,    0,    0,    0,    0,    0,    0,    0,    0,    0,    0,    0,    0,    0,    0,    0,    0,    0,    0,    0,    0,    0,    0,    0,    0,    0,    0,    0,    0,    0,    0,    0,    0,    0,    0,    0,    0,    0,    0,    0,    0,    0,    0,    0,    0,    0,    0,    0,    0,    0,    0,    0,    0,    0,    0,    0,    0,    0,    0,    0,    0,    0,    0,    0,    0,    0,    0,    0,    0,    0,    0,    0,    0,    0,    0,    0,    0,    0,    0,    0,    0,    0,    0,    0,    0,    0,    0,    0,    0,    0,    0,    0,    0,    0,    0,    0,    0,    0,    0,    0,    0,    0,    0,    0,    0,    0,    0,    0,    0,    0,    0,    0,    0,    0,    0,    0,    0,    0,    0,    0,    0,    0,    0,    0,    0,    0,    0,    0,    0,  -12,    0,    0,    0,    0,    0,    0,    0,    0,    0,    0,  -24,    0,    0,    0,    0,    0,    0,    0,    0,    0,    0,    0,    0,    0,    0,    0,    0,    0,    0,    0,    0,    0,    0,    0,    0,    0,    0,    0,    0,    0,    0,    0,    0,    0,    0,    0,    0,    0,    0,    0,    0,    0,    0,    0,    0,    0,    0,    0,    0,    0,    0,    0,    0,    0,    0,   -8,    0,
       0,    0,    0,    0,    0,    0,    0,    0,    0,    0,    0,    0,    0,    0,    0,    0,    0,    0,    0,    0,    0,    0,    0,    0,    0,    0,    0,    0,    0,    0,    0,    0,    0,    0,    0,    0,    0,    0,    0,    0,    0,    0,    0,    0,    0,    0,    0,    0,    0,    0,    0,    0,    0,    0,    0,    0,    0,    0,    0,    0,    0,    0,    0,    0,    0,    0,    0,    0,    0,    0,    0,    0,    0,    0,    0,    0,    0,    0,    0,    0,    0,    0,    0,    0,    0,    0,    0,    0,    0,    0,    0,    0,    0,    0,    0,    0,    0,    0,    0,    0,    0,    0,    0,    0,    0,    0,    0,    0,    0,    0,    0,    0,    0,    0,    0,    0,    0,    0,    0,    0,    0,    0,    0,    0,    0,    0,    0,    0,    0,    0,    0,    0,    0,    0,    0,    0,    0,    0,    0,    0,    0,    0,    0,    0,    0,    0,    0,    0,    0,    0,    0,    0,    0,    0,    0,    0,    0,    0,    0,    0,    0,    0,    0,    0,    0,    0,    0,    0,    0,    0,    0,    0,    0,    0,    0,    0,    0,    0,    0,    0,    0,    0,    0,    0,    0,   -8,    0,    0,    0,    0,    0,    0,    0,    0,    0,    0,  -24,    0,    0,    0,    0,    0,    0,    0,    0,    0,    0,    0,    0,    0,    0,    0,    0,    0,    0,    0,    0,    0,    0,    0,    0,    0,    0,    0,    0,    0,    0,    0,    0,    0,    0,    0,    0,    0,    0,    0,    0,    0,    0,    0,    0,    0,    0,    0,    0,    0,    0,    0,    0,    0,    0,  -20,  -12,
       0,    0,    0,    0,    0,    0,    0,    0,    0,    0,    0,    0,    0,    0,    0,    0,    0,    0,    0,    0,    0,    0,    0,    0,    0,    0,    0,    0,    0,    0,    0,    0,    0,    0,    0,    0,    0,    0,    0,    0,    0,    0,    0,    0,    0,    0,    0,    0,    0,    0,    0,    0,    0,    0,    0,    0,    0,    0,    0,    0,    0,    0,    0,    0,    0,    0,    0,    0,    0,    0,    0,    0,    0,    0,    0,    0,    0,    0,    0,    0,    0,    0,    0,    0,    0,    0,    0,    0,    0,    0,    0,    0,    0,    0,    0,    0,    0,    0,    0,    0,    0,    0,    0,    0,    0,    0,    0,    0,    0,    0,    0,    0,    0,    0,    0,    0,    0,    0,    0,    0,    0,    0,    0,    0,    0,    0,    0,    0,    0,    0,    0,    0,    0,    0,    0,    0,    0,    0,    0,    0,    0,    0,    0,    0,    0,    0,    0,    0,    0,    0,    0,    0,    0,    0,    0,    0,    0,    0,    0,    0,    0,    0,    0,    0,    0,    0,    0,    0,    0,    0,    0,    0,    0,    0,    0,    0,    0,    0,    0,    0,    0,    0,    0,    0,    0,    0,    0,    0,    0,    0,    0,    0,    0,    0,    0,    0,    0,    0,    0,    0,    0,    0,    0,    0,    0,    0,    0,    0,    0,    0,    0,    0,    0,    0,    0,    0,    0,    0,    0,    0,    0,    0,    0,    0,    0,    0,    0,    0,    0,    0,    0,    0,    0,    0,    0,    0,    0,    0,    0,    0,    0,    0,    0,    0,    0,    0,    0,    0,    0,    0,    0,  -20,  -16,
       0,    0,    0,    0,    0,    0,    0,    0,    0,    0,    0,    0,    0,    0,    0,    0,    0,    0,    0,    0,    0,    0,    0,    0,    0,    0,    0,    0,    0,    0,    0,    0,    0,    0,    0,    0,    0,    0,    0,    0,    0,    0,    0,    0,    0,    0,    0,    0,    0,    0,    0,    0,    0,    0,    0,    0,    0,    0,    0,    0,    0,    0,    0,    0,    0,    0,    0,    0,    0,    0,    0,    0,    0,    0,    0,    0,    0,    0,    0,    0,    0,    0,    0,    0,    0,    0,    0,    0,    0,    0,    0,    0,    0,    0,    0,    0,    0,    0,    0,    0,    0,    0,    0,    0,    0,    0,    0,    0,    0,    0,    0,    0,    0,    0,    0,    0,    0,    0,    0,    0,    0,    0,    0,    0,    0,    0,    0,    0,    0,    0,    0,    0,    0,    0,    0,    0,    0,    0,    0,    0,    0,    0,    0,    0,    0,    0,    0,    0,    0,    0,    0,    0,    0,    0,    0,    0,    0,    0,    0,    0,    0,    0,    0,    0,    0,    0,    0,    0,    0,    0,    0,    0,  -20,    0,    0,    0,    0,   12,    0,    0,    0,    0,    0,    0,    0,    0,    0,    0,    0,    0,    0,    0,    0,    0,    0,    0,    0,    0,    0,    0,    0,    0,    0,    0,    0,    0,    0,    0,    0,    0,    0,    0,    0,    0,    0,    0,    0,    0,    0,    0,    0,    0,    0,    0,    0,    0,    0,    0,    0,    0,    0,    0,    0,    0,    0,    0,    0,    0,    0,    0,    0,    0,    0,    0,    0,    0,    0,    0,    0,    0,    0,    0,    0,
       0,    0,    0,    0,    0,    0,    0,    0,    0,    0,    0,    0,    0,    0,    0,    0,    0,    0,    0,    0,    0,    0,    0,    0,    0,    0,    0,    0,    0,    0,    0,    0,    0,    0,    0,    0,    0,    0,    0,    0,    0,    0,    0,    0,    0,    0,    0,    0,    0,    0,    0,    0,    0,    0,    0,    0,    0,    0,    0,    0,    0,    0,    0,    0,    0,    0,    0,    0,    0,    0,    0,    0,    0,    0,    0,    0,    0,    0,    0,    0,    0,    0,    0,    0,    0,    0,    0,    0,    0,    0,    0,    0,    0,    0,    0,    0,    0,    0,    0,    0,    0,    0,    0,    0,    0,    0,    0,    0,    0,    0,    0,    0,    0,    0,    0,    0,    0,    0,    0,    0,    0,    0,    0,    0,    0,    0,    0,    0,    0,    0,    0,    0,    0,    0,    0,    0,    0,    0,    0,    0,    0,    0,    0,    0,    0,    0,    0,    0,    0,    0,    0,    0,    0,    0,    0,    0,    0,    0,    0,    0,    0,    0,    0,    0,    0,    0,    0,    0,    0,    0,    0,    0,    0,    0,    0,    0,    0,    0,    0,    0,    0,    0,    0,    0,    0,    0,    0,    0,    0,    0,    0,    0,    0,    0,    0,    0,    0,    0,    0,    0,    0,    0,    0,    0,    0,    0,    0,    0,    0,    0,    0,    0,    0,    0,    0,    0,    0,    0,    0,    0,    0,    0,    0,    0,    0,    0,    0,    0,    0,    0,    0,    0,    0,    0,    0,    0,    0,    0,    0,    0,    0,    0,    0,    0,    0,    0,    0,    0,    0,    0,    0,  -16,  -12,
       0,    0,    0,    0,    0,    0,    0,    0,    0,    0,    0,    0,    0,    0,    0,    0,    0,    0,    0,    0,    0,    0,    0,    0,    0,    0,    0,    0,    0,    0,    0,    0,    0,    0,    0,    0,    0,    0,    0,    0,    0,    0,    0,    0,    0,    0,    0,    0,    0,    0,    0,    0,    0,    0,    0,    0,    0,    0,    0,    0,    0,    0,    0,    0,    0,    0,    0,    0,    0,    0,    0,    0,    0,    0,    0,    0,    0,    0,    0,    0,    0,    0,    0,    0,    0,    0,    0,    0,    0,    0,    0,    0,    0,    0,    0,    0,    0,    0,    0,    0,    0,    0,    0,    0,    0,    0,    0,    0,    0,    0,    0,    0,    0,    0,    0,    0,    0,    0,    0,    0,    0,    0,    0,    0,    0,    0,    0,    0,    0,    0,    0,    0,    0,    0,    0,    0,    0,    0,    0,    0,    0,    0,    0,    0,    0,    0,  -12,    0,    0,    0,    0,    0,    0,  -12,    0,    0,  -12,  -12,  -12,  -12,    0,    0,    0,    0,  -12,    0,    0,    0,    0,  -24,   -8,   -8,    0,    0,    0,    0,    0,    0,   -8,   -8,    0,    0,    0,    0,    0,  -20,    0,  -20,    0,    0,    0,    0,    0,    0,    0,    0,    0,    0,    0,    0,    0,    0,    0,    0,    0,    0,    0,    0,    0,    0,    0,    0,    0,    0,    0,    0,    0,    0,    0,    0,    0,    0,    0,    0,    0,    0,    0,    0,    0,    0,    0,    0,    0,    0,    0,    0,    0,    0,    0,    0,    0,    0,    0,    0,    0,    0,    0,    0,    0,    0,    0,  -28,  -20,
       0,    0,    0,    0,    0,    0,    0,    0,    0,    0,    0,    0,    0,    0,    0,    0,    0,    0,    0,    0,    0,    0,    0,    0,    0,    0,    0,    0,    0,    0,    0,    0,    0,    0,    0,    0,    0,    0,    0,    0,    0,    0,    0,    0,    0,    0,    0,    0,    0,    0,    0,    0,    0,    0,    0,    0,    0,    0,    0,    0,    0,    0,    0,    0,    0,    0,    0,    0,    0,    0,    0,    0,    0,    0,    0,    0,    0,    0,    0,    0,    0,    0,    0,    0,    0,    0,    0,    0,    0,    0,    0,    0,    0,    0,    0,    0,    0,    0,    0,    0,    0,    0,    0,    0,    0,    0,    0,    0,    0,    0,    0,    0,    0,    0,    0,    0,    0,    0,    0,    0,    0,    0,    0,    0,    0,    0,    0,    0,    0,    0,    0,    0,    0,    0,    0,    0,    0,    0,    0,    0,    0,    0,    0,    0,    0,    0,   -4,    0,    0,    0,    0,    0,    0,    0,    0,    0,    0,    0,    0,    8,    0,    0,    0,    0,    0,    0,    0,    0,    0,    0,    0,    0,    0,    0,    0,    0,    0,    0,    0,    0,    0,    0,    0,    0,    0,    0,    0,    0,    0,    0,    0,    0,    0,    0,    0,    0,    0,    0,    0,    0,    0,    0,    0,    0,    0,    0,    0,    0,    0,    0,    0,    0,    0,    0,    0,    0,    0,    0,    0,    0,    0,    0,    0,    0,    0,    0,    0,    0,    0,    0,    0,    0,    0,    0,    0,    0,    0,    0,    0,    0,    0,    0,    0,    0,    0,    0,    0,    0,    0,    0,    0,  -16,  -16,
       0,    0,    0,    0,    0,    0,    0,    0,    0,    0,    0,    0,    0,    0,    0,    0,    0,    0,    0,    0,    0,    0,    0,    0,    0,    0,    0,    0,    0,    0,    0,    0,    0,    0,    0,    0,    0,    0,    0,    0,    0,    0,    0,    0,    0,    0,    0,    0,    0,    0,    0,    0,    0,    0,    0,    0,    0,    0,    0,    0,    0,    0,    0,    0,    0,    0,    0,    0,    0,    0,    0,    0,    0,    0,    0,    0,    0,    0,    0,    0,    0,    0,    0,    0,    0,    0,    0,    0,    0,    0,    0,    0,    0,    0,    0,    0,    0,    0,    0,    0,    0,    0,    0,    0,    0,    0,    0,    0,    0,    0,    0,    0,    0,    0,    0,    0,    0,    0,    0,    0,    0,    0,    0,    0,    0,    0,    0,    0,    0,    0,    0,    0,    0,    0,    0,    0,    0,    0,    0,    0,    0,    0,    0,    0,    0,    0,    0,    0,    0,    0,    0,    0,    0,    0,    0,    0,    0,    0,  -12,    0,    0,  -12,  -12,    0,  -12,    0,    0,    0,    0,  -12,  -16,  -16,  -12,  -12,    0,    0,  -12,   -4,    0,    0,    0,    0,    0,    0,  -20,    0,    0,    0,    0,    0,    0,    0,    0,    0,    0,    0,    0,    0,    0,    0,    0,    0,    0,    0,    0,    0,    0,    0,    0,    0,    0,    0,    0,    0,    0,    0,    0,    0,    0,    0,    0,    0,    0,    0,    0,    0,    0,    0,    0,    0,    0,    0,    0,    0,    0,    0,    0,    0,    0,    0,    0,    0,    0,    0,    0,    0,    0,    0,    0,    0,    0,  -16,  -12,
       0,    0,    0,    0,    0,    0,    0,    0,    0,    0,    0,    0,    0,    0,    0,    0,    0,    0,    0,    0,    0,    0,    0,    0,    0,    0,    0,    0,    0,    0,    0,    0,    0,    0,    0,    0,    0,    0,    0,    0,    0,    0,    0,    0,    0,    0,    0,    0,    0,    0,    0,    0,    0,    0,    0,    0,    0,    0,    0,    0,    0,    0,    0,    0,    0,    0,    0,    0,    0,    0,    0,    0,    0,    0,    0,    0,    0,    0,    0,    0,    0,    0,    0,    0,    0,    0,    0,    0,    0,    0,    0,    0,    0,    0,    0,    0,    0,    0,    0,    0,    0,    0,    0,    0,    0,    0,    0,    0,    0,    0,    0,    0,    0,    0,    0,    0,    0,    0,    0,    0,    0,    0,    0,    0,    0,    0,    0,    0,    0,    0,    0,    0,    0,    0,    0,    0,    0,    0,    0,    0,    0,    0,    0,    0,    0,    0,    0,    0,    0,    0,    0,    0,    0,    0,    0,    0,  -12,  -12,  -12,  -12,  -12,    0,    0,    0,  -12,    0,    0,    0,    0,    0,  -12,  -12,   -8,   -8,    0,    0,   -8,    0,    0,    0,    0,    0,    0,    0,  -20,    0,  -12,    0,    0,    0,    0,    0,    0,    0,    0,    0,    0,    0,    0,    0,    0,    0,    0,    0,    0,    0,    0,    0,    0,    0,    0,    0,    0,    0,    0,    0,    0,    0,    0,    0,    0,    0,    0,    0,    0,    0,    0,    0,    0,    0,    0,    0,    0,    0,    0,    0,    0,    0,    0,    0,    0,    0,    0,    0,    0,    0,    0,    0,    0,    0,    0,  -20,  -20,
       0,    0,    0,    0,    0,    0,    0,    0,    0,    0,    0,    0,    0,    0,    0,    0,    0,    0,    0,    0,    0,    0,    0,    0,    0,    0,    0,    0,    0,    0,    0,    0,    0,    0,    0,    0,    0,    0,    0,    0,    0,    0,    0,    0,    0,    0,    0,    0,    0,    0,    0,    0,    0,    0,    0,    0,    0,    0,    0,    0,    0,    0,    0,    0,    0,    0,    0,    0,    0,    0,    0,    0,    0,    0,    0,    0,    0,    0,    0,    0,    0,    0,    0,    0,    0,    0,    0,    0,    0,    0,    0,    0,    0,    0,    0,    0,    0,    0,    0,    0,    0,    0,    0,    0,    0,    0,    0,    0,    0,    0,    0,    0,    0,    0,    0,    0,    0,    0,    0,    0,    0,    0,    0,    0,    0,    0,    0,    0,    0,    0,    0,    0,    0,    0,    0,    0,    0,    0,    0,    0,    0,    0,    0,    0,    0,    0,    0,    0,    0,    0,    0,    0,    0,    0,    0,   -8,    0,    0,   -8,   -8,   -8,    4,    4,    0,   -8,    0,    0,    0,    0,    0,    0,    0,    0,    0,    0,    0,    0,    0,    0,    0,    0,    0,    0,    0,    0,    0,    0,    0,    0,    0,    0,    0,    0,    0,    0,    0,    0,    0,    0,    0,    0,    0,    0,    0,    0,    0,    0,    0,    0,    0,    0,    0,    0,    0,    0,    0,    0,    0,    0,    0,    0,    0,    0,    0,    0,    0,    0,    0,    0,    0,    0,    0,    0,    0,    0,    0,    0,    0,    0,    0,    0,    0,    0,    0,    0,    0,    0,    0,    0,    0,    0,  -20,  -12,
       0,    0,    0,    0,    0,    0,    0,    0,    0,    0,    0,    0,    0,    0,    0,    0,    0,    0,    0,    0,    0,    0,    0,    0,    0,    0,    0,    0,    0,    0,    0,    0,    0,    0,    0,    0,    0,    0,    0,    0,    0,    0,    0,    0,    0,    0,    0,    0,    0,    0,    0,    0,    0,    0,    0,    0,    0,    0,    0,    0,    0,    0,    0,    0,    0,    0,    0,    0,    0,    0,    0,    0,    0,    0,    0,    0,    0,    0,    0,    0,    0,    0,    0,    0,    0,    0,    0,    0,    0,    0,    0,    0,    0,    0,    0,    0,    0,    0,    0,    0,    0,    0,    0,    0,    0,    0,    0,    0,    0,    0,    0,    0,    0,    0,    0,    0,    0,    0,    0,    0,    0,    0,    0,    0,    0,    0,    0,    0,    0,    0,    0,    0,    0,    0,    0,    0,    0,    0,    0,    0,    0,    0,    0,    0,    0,    0,    0,    0,    0,    0,    0,    0,    0,    0,    0,    0,   -8,   -8,    0,    0,    0,    0,    0,    0,    0,    0,    0,  -12,    0,    0,    0,    0,    0,    0,    0,    0,    0,    0,    0,    0,   -8,    0,    0,    0,    0,    0,    0,    0,    0,    0,    0,    0,    0,    0,    0,    0,    0,    0,    0,    0,    0,    0,    0,    0,    0,    0,    0,    0,    0,    0,    0,    0,    0,    0,    0,    0,    0,    0,    0,    0,    0,    0,    0,    0,    0,    0,    0,    0,    0,    0,    0,    0,    0,    0,    0,    0,    0,    0,    0,    0,    0,    0,    0,    0,    0,    0,    0,    0,    0,    0,    0,   -4,    4,
       0,    0,    0,    0,    0,    0,    0,    0,    0,    0,    0,    0,    0,    0,    0,    0,    0,    0,    0,    0,    0,    0,    0,    0,    0,    0,    0,    0,    0,    0,    0,    0,    0,    0,    0,    0,    0,    0,    0,    0,    0,    0,    0,    0,    0,    0,    0,    0,    0,    0,    0,    0,    0,    0,    0,    0,    0,    0,    0,    0,    0,    0,    0,    0,    0,    0,    0,    0,    0,    0,    0,    0,    0,    0,    0,    0,    0,    0,    0,    0,    0,    0,    0,    0,    0,    0,    0,    0,    0,    0,    0,    0,    0,    0,    0,    0,    0,    0,    0,    0,    0,    0,    0,    0,    0,    0,    0,    0,    0,    0,    0,    0,    0,    0,    0,    0,    0,    0,    0,    0,    0,    0,    0,    0,    0,    0,    0,    0,    0,    0,    0,    0,    0,    0,    0,    0,    0,    0,    0,    0,    0,    0,    0,    0,    0,    0,    0,    0,    0,    0,    0,    0,    0,    0,    0,    0,    0,    0,    0,    0,    0,    0,    0,    0,    0,    0,    0,    0,    0,    0,    0,    0,    0,    0,    0,    0,    0,    0,    0,    0,    0,    0,    0,    0,    0,    0,    0,    0,    0,    0,    0,    0,    0,    0,    0,    0,    0,    0,    0,    0,    0,    0,    0,    0,    0,    0,    0,    0,    0,    0,    0,    0,    0,    0,    0,    0,    0,    0,    0,    0,    0,    0,    0,    0,    0,    0,    0,    0,    0,    0,    0,    0,    0,    0,    0,    0,    0,    0,    0,    0,    0,    0,    0,    0,    0,    0,    0,    0,    0,    0,    0,  -16,    0,
       0,    0,    0,    0,    0,    0,    0,    0,    0,    0,    0,    0,    0,    0,    0,    0,    0,    0,    0,    0,    0,    0,    0,    0,    0,    0,    0,    0,    0,    0,    0,    0,    0,    0,    0,    0,    0,    0,    0,    0,    0,    0,    0,    0,    0,    0,    0,    0,    0,    0,    0,    0,    0,    0,    0,    0,    0,    0,    0,    0,    0,    0,    0,    0,    0,    0,    0,    0,    0,    0,    0,    0,    0,    0,    0,    0,    0,    0,    0,    0,    0,    0,    0,    0,    0,    0,    0,    0,    0,    0,    0,    0,    0,    0,    0,    0,    0,    0,    0,    0,    0,    0,    0,    0,    0,    0,    0,    0,    0,    0,    0,    0,    0,    0,    0,    0,    0,    0,    0,    0,    0,    0,    0,    0,    0,    0,    0,    0,    0,    0,    0,    0,    0,    0,    0,    0,    0,    0,    0,    0,    0,    0,    0,    0,    0,    0,    0,    0,    0,    0,    0,    0,    0,    0,    0,    0,  -12,    0,    0,    0,    0,    0,    0,    0,    0,    0,    0,    0,    0,    0,    0,    0,    0,    0,    0,    0,    0,    0,    0,    0,    0,    0,    0,    0,    0,    0,    0,    0,    0,    0,    0,    0,    0,    0,    0,    0,    0,    0,    0,    0,    0,    0,    0,    0,    0,    0,    0,    0,    0,    0,    0,    0,    0,    0,    0,    0,    0,    0,    0,    0,    0,    0,    0,    0,    0,    0,    0,    0,    0,    0,    0,    0,    0,    0,    0,    0,    0,    0,    0,    0,    0,    0,    0,    0,    0,    0,    0,    0,    0,    0,    0,  -24,  -12,
       0,    0,    0,    0,    0,    0,    0,    0,    0,    0,    0,    0,    0,    0,    0,    0,    0,    0,    0,    0,    0,    0,    0,    0,    0,    0,    0,    0,    0,    0,    0,    0,    0,    0,    0,    0,    0,    0,    0,    0,    0,    0,    0,    0,    0,    0,    0,    0,    0,    0,    0,    0,    0,    0,    0,    0,    0,    0,    0,    0,    0,    0,    0,    0,    0,    0,    0,    0,    0,    0,    0,    0,    0,    0,    0,    0,    0,    0,    0,    0,    0,    0,    0,    0,    0,    0,    0,    0,    0,    0,    0,    0,    0,    0,    0,    0,    0,    0,    0,    0,    0,    0,    0,    0,    0,    0,    0,    0,    0,    0,    0,    0,    0,    0,    0,    0,    0,    0,    0,    0,    0,    0,    0,    0,    0,    0,    0,    0,    0,    0,    0,    0,    0,    0,    0,    0,    0,    0,    0,    0,    0,    0,    0,    0,    0,    0,    0,    0,    0,    0,    0,    0,    0,    0,    0,    0,    0,    0,    0,    0,    0,    0,    0,    0,    0,   -8,   -8,    0,    0,    0,    0,    0,    0,    0,    0,    0,    0,    0,    0,    0,    0,    0,    0,    0,    0,    0,    0,    0,    0,    0,    0,    0,    0,    0,    0,    0,    0,    0,    0,    0,    0,    0,    0,    0,    0,    0,    0,    0,    0,    0,    0,    0,    0,    0,    0,    0,    0,    0,    0,    0,    0,    0,    0,    0,    0,    0,    0,    0,    0,    0,    0,    0,    0,    0,    0,    0,    0,    0,    0,    0,    0,    0,    0,    0,    0,    0,    0,    0,    0,    0,    0,    0,    0,
       0,    0,    0,    0,    0,    0,    0,    0,    0,    0,    0,    0,    0,    0,    0,    0,    0,    0,    0,    0,    0,    0,    0,    0,    0,    0,    0,    0,    0,    0,    0,    0,    0,    0,    0,    0,    0,    0,    0,    0,    0,    0,    0,    0,    0,    0,    0,    0,    0,    0,    0,    0,    0,    0,    0,    0,    0,    0,    0,    0,    0,    0,    0,    0,    0,    0,    0,    0,    0,    0,    0,    0,    0,    0,    0,    0,    0,    0,    0,    0,    0,    0,    0,    0,    0,    0,    0,    0,    0,    0,    0,    0,    0,    0,    0,    0,    0,    0,    0,    0,    0,    0,    0,    0,    0,    0,    0,    0,    0,    0,    0,    0,    0,    0,    0,    0,    0,    0,    0,    0,    0,    0,    0,    0,    0,    0,    0,    0,    0,    0,    0,    0,    0,    0,    0,    0,    0,    0,    0,    0,    0,    0,    0,    0,    0,    0,    0,    0,    0,    0,    0,    0,    0,    0,    8,    0,    0,    0,    0,    0,    0,    0,    0,    0,    0,    0,    0,    0,    0,    0,    0,    0,    0,    0,    0,    0,    0,    0,    0,    0,    0,    0,    0,    0,    0,    0,    0,    0,    0,    0,    0,    0,    0,    0,    0,    0,    0,    0,    0,    0,    0,    0,    0,    0,    0,    0,    0,    0,    0,    0,    0,    0,    0,    0,    0,    0,    0,    0,    0,    0,    0,    0,    0,    0,    0,    0,    0,    0,    0,    0,    0,    0,    0,    0,    0,    0,    0,    0,    0,    0,    0,    0,    0,    0,    0,    0,    0,    0,    0,    0,    0,    0,    0,
       0,    0,    0,    0,    0,    0,    0,    0,    0,    0,    0,    0,    0,    0,    0,    0,    0,    0,    0,    0,    0,    0,    0,    0,    0,    0,    0,    0,    0,    0,    0,    0,    0,    0,    0,    0,    0,    0,    0,    0,    0,    0,    0,    0,    0,    0,    0,    0,    0,    0,    0,    0,    0,    0,    0,    0,    0,    0,    0,    0,    0,    0,    0,    0,    0,    0,    0,    0,    0,    0,    0,    0,    0,    0,    0,    0,    0,    0,    0,    0,    0,    0,    0,    0,    0,    0,    0,    0,    0,    0,    0,    0,    0,    0,    0,    0,    0,    0,    0,    0,    0,    0,    0,    0,    0,    0,    0,    0,    0,    0,    0,    0,    0,    0,    0,    0,    0,    0,    0,    0,    0,    0,    0,    0,    0,    0,    0,    0,    0,    0,    0,    0,    0,    0,    0,    0,    0,    0,    0,    0,    0,    0,    0,    0,    0,    0,    0,    0,    0,    0,    0,    0,    0,    0,    0,    0,    0,    0,    0,    0,    0,    0,    0,    0,    0,    0,    0,    0,    0,    0,    0,    0,    0,    0,  -12,  -12,    0,    0,    0,    0,    0,    0,    0,    0,    0,    0,    0,    0,    0,    0,    0,    0,    0,    0,    0,    0,    0,    0,    0,    0,    0,    0,    0,    0,    0,    0,    0,    0,    0,    0,    0,    0,    0,    0,    0,    0,    0,    0,    0,    0,    0,    0,    0,    0,    0,    0,    0,    0,    0,    0,    0,    0,    0,    0,    0,    0,    0,    0,    0,    0,    0,    0,    0,    0,    0,    0,    0,    0,    0,    0,    0,  -20,  -16,
       0,    0,    0,    0,    0,    0,    0,    0,    0,    0,    0,    0,    0,    0,    0,    0,    0,    0,    0,    0,    0,    0,    0,    0,    0,    0,    0,    0,    0,    0,    0,    0,    0,    0,    0,    0,    0,    0,    0,    0,    0,    0,    0,    0,    0,    0,    0,    0,    0,    0,    0,    0,    0,    0,    0,    0,    0,    0,    0,    0,    0,    0,    0,    0,    0,    0,    0,    0,    0,    0,    0,    0,    0,    0,    0,    0,    0,    0,    0,    0,    0,    0,    0,    0,    0,    0,    0,    0,    0,    0,    0,    0,    0,    0,    0,    0,    0,    0,    0,    0,    0,    0,    0,    0,    0,    0,    0,    0,    0,    0,    0,    0,    0,    0,    0,    0,    0,    0,    0,    0,    0,    0,    0,    0,    0,    0,    0,    0,    0,    0,    0,    0,    0,    0,    0,    0,    0,    0,    0,    0,    0,    0,    0,    0,    0,    0,    0,    0,    0,    0,    0,    0,    0,    0,    0,    0,    0,    0,    0,    0,    0,    0,    0,    0,    0,    0,    0,    0,    0,    0,    0,    0,    0,    0,    0,    0,    0,    0,    0,    0,    0,    0,    0,    0,    0,    0,    0,    0,    0,    0,    0,    0,    0,    0,    0,    0,    0,    0,    0,    0,    0,    0,    0,    0,    0,    0,    0,    0,    0,    0,    0,    0,    0,    0,    0,    0,    0,    0,    0,    0,    0,    0,    0,    0,    0,    0,    0,    0,    0,    0,    0,    0,    0,    0,    0,    0,    0,    0,    0,    0,    0,    0,    0,    0,    0,    0,    0,    0,    0,    0,    0,    0,  -20,
       0,    0,    0,    0,    0,    0,    0,    0,    0,    0,    0,    0,    0,    0,    0,    0,    0,    0,    0,    0,    0,    0,    0,    0,    0,    0,    0,    0,    0,    0,    0,    0,    0,    0,    0,    0,    0,    0,    0,    0,    0,    0,    0,    0,    0,    0,    0,    0,    0,    0,    0,    0,    0,    0,    0,    0,    0,    0,    0,    0,    0,    0,    0,    0,    0,    0,    0,    0,    0,    0,    0,    0,    0,    0,    0,    0,    0,    0,    0,    0,    0,    0,    0,    0,    0,    0,    0,    0,    0,    0,    0,    0,    0,    0,    0,    0,    0,    0,    0,    0,    0,    0,    0,    0,    0,    0,    0,    0,    0,    0,    0,    0,    0,    0,    0,    0,    0,    0,    0,    0,    0,    0,    0,    0,    0,    0,    0,    0,    0,    0,    0,    0,    0,    0,    0,    0,    0,    0,    0,    0,    0,    0,    0,    0,    0,    0,    0,    0,    0,    0,    0,    0,    0,    0,    0,    0,    0,    0,    0,    0,    0,    0,    0,    0,    0,    0,    0,    0,    0,    0,    0,    0,    0,    0,    0,    0,    0,    0,    0,    0,    0,    0,    0,    0,    0,    0,    0,    0,    0,    0,    0,    0,    0,    0,    0,    0,    0,    0,    0,    0,    0,    0,    0,    0,    0,    0,    0,    0,    0,    0,    0,    0,    0,    0,    0,    0,    0,    0,    0,    0,    0,    0,    0,    0,    0,    0,    0,    0,    0,    0,    0,    0,    0,    0,    0,    0,    0,    0,    0,    0,    0,    0,    0,    0,    0,    0,    0,    0,    0,    0,    0,  -28,  -20,
       0,    0,    0,    0,    0,    0,    0,    0,    0,    0,    0,    0,    0,    0,    0,    0,    0,    0,    0,    0,    0,    0,    0,    0,    0,    0,    0,    0,    0,    0,    0,    0,    0,    0,    0,    0,    0,    0,    0,    0,    0,    0,    0,    0,    0,    0,    0,    0,    0,    0,    0,    0,    0,    0,    0,    0,    0,    0,    0,    0,    0,    0,    0,    0,    0,    0,    0,    0,    0,    0,    0,    0,    0,    0,    0,    0,    0,    0,    0,    0,    0,    0,    0,    0,    0,    0,    0,    0,    0,    0,    0,    0,    0,    0,    0,    0,    0,    0,    0,    0,    0,    0,    0,    0,    0,    0,    0,    0,    0,    0,    0,    0,    0,    0,    0,    0,    0,    0,    0,    0,    0,    0,    0,    0,    0,    0,    0,    0,    0,    0,    0,    0,    0,    0,    0,    0,    0,    0,    0,    0,    0,    0,    0,    0,    0,    0,    0,    0,    0,    0,    0,    0,    0,    0,    0,    0,    0,    0,    0,    0,    0,    0,    0,    0,    0,    0,    0,  -12,  -12,    0,    0,    0,    0,    0,    0,    0,    0,    0,    0,    0,    0,    0,    0,    0,    0,    0,    0,    0,    0,    0,    0,    0,    0,    0,    0,    0,    0,    0,    0,    0,    0,    0,    0,    0,    0,    0,    0,    0,    0,    0,    0,    0,    0,    0,    0,    0,    0,    0,    0,    0,    0,    0,    0,    0,    0,    0,    0,    0,    0,    0,    0,    0,    0,    0,    0,    0,    0,    0,    0,    0,    0,    0,    0,    0,    0,    0,    0,    0,    0,    0,    0,   -8,    0,
       0,    0,    0,    0,    0,    0,    0,    0,    0,    0,    0,    0,    0,    0,    0,    0,    0,    0,    0,    0,    0,    0,    0,    0,    0,    0,    0,    0,    0,    0,    0,    0,    0,    0,    0,    0,    0,    0,    0,    0,    0,    0,    0,    0,    0,    0,    0,    0,    0,    0,    0,    0,    0,    0,    0,    0,    0,    0,    0,    0,    0,    0,    0,    0,    0,    0,    0,    0,    0,    0,    0,    0,    0,    0,    0,    0,    0,    0,    0,    0,    0,    0,    0,    0,    0,    0,    0,    0,    0,    0,    0,    0,    0,    0,    0,    0,    0,    0,    0,    0,    0,    0,    0,    0,    0,    0,    0,    0,    0,    0,    0,    0,    0,    0,    0,    0,    0,    0,    0,    0,    0,    0,    0,    0,    0,    0,    0,    0,    0,    0,    0,    0,    0,    0,    0,    0,    0,    0,    0,    0,    0,    0,    0,    0,    0,    0,    0,    0,    0,    0,    0,    0,    0,    0,    0,    0,    0,    0,    0,    0,    0,    0,    0,    0,    0,    0,    0,    4,    4,    0,    0,    0,    0,    0,    0,    0,    0,    0,    0,    0,    0,    0,    0,    0,    0,    0,    0,    0,    0,    0,    0,    0,    0,    0,    0,    0,    0,    0,    0,    0,    0,    0,    0,    0,    0,    0,    0,    0,    0,    0,    0,    0,    0,    0,    0,    0,    0,    0,    0,    0,    0,    0,    0,    0,    0,    0,    0,    0,    0,    0,    0,    0,    0,    0,    0,    0,    0,    0,    0,    0,    0,    0,    0,    0,    0,    0,    0,    0,    0,    0,    0,  -20,   -8,
       0,    0,    0,    0,    0,    0,    0,    0,    0,    0,    0,    0,    0,    0,    0,    0,    0,    0,    0,    0,    0,    0,    0,    0,    0,    0,    0,    0,    0,    0,    0,    0,    0,    0,    0,    0,    0,    0,    0,    0,    0,    0,    0,    0,    0,    0,    0,    0,    0,    0,    0,    0,    0,    0,    0,    0,    0,    0,    0,    0,    0,    0,    0,    0,    0,    0,    0,    0,    0,    0,    0,    0,    0,    0,    0,    0,    0,    0,    0,    0,    0,    0,    0,    0,    0,    0,    0,    0,    0,    0,    0,    0,    0,    0,    0,    0,    0,    0,    0,    0,    0,    0,    0,    0,    0,    0,    0,    0,    0,    0,    0,    0,    0,    0,    0,    0,    0,    0,    0,    0,    0,    0,    0,    0,    0,    0,    0,    0,    0,    0,    0,    0,    0,    0,    0,    0,    0,    0,    0,    0,    0,    0,    0,    0,    0,    0,    0,    0,    0,    0,    0,    0,    0,    0,    0,    0,    0,    0,    0,    0,    0,    0,    0,    0,    0,    0,    0,    0,    0,    0,    0,    0,  -28,  -28,  -20,  -20,    0,    0,    0,    0,    0,    0,    0,    0,    0,    0,    0,    0,    0,    0,    0,    0,    0,    0,    0,    0,    0,    0,    0,    0,    0,    0,    0,    0,    0,    0,    0,    0,    0,    0,    0,    0,    0,    0,    0,    0,    0,    0,    0,    0,    0,    0,    0,    0,    0,    0,    0,    0,    0,    0,    0,    0,    0,    0,    0,    0,    0,    0,    0,    0,    0,    0,    0,    0,    0,    0,    0,    0,    0,    0,    0,  -12,    0,
       0,    0,    0,    0,    0,    0,    0,    0,    0,    0,    0,    0,    0,    0,    0,    0,    0,    0,    0,    0,    0,    0,    0,    0,    0,    0,    0,    0,    0,    0,    0,    0,    0,    0,    0,    0,    0,    0,    0,    0,    0,    0,    0,    0,    0,    0,    0,    0,    0,    0,    0,    0,    0,    0,    0,    0,    0,    0,    0,    0,    0,    0,    0,    0,    0,    0,    0,    0,    0,    0,    0,    0,    0,    0,    0,    0,    0,    0,    0,    0,    0,    0,    0,    0,    0,    0,    0,    0,    0,    0,    0,    0,    0,    0,    0,    0,    0,    0,    0,    0,    0,    0,    0,    0,    0,    0,    0,    0,    0,    0,    0,    0,    0,    0,    0,    0,    0,    0,    0,    0,    0,    0,    0,    0,    0,    0,    0,    0,    0,    0,    0,    0,    0,    0,    0,    0,    0,    0,    0,    0,    0,    0,    0,    0,    0,    0,    0,    0,    0,    0,    0,    0,    0,    0,    0,    0,    0,    0,    0,    0,    0,    0,    0,    0,    0,    0,    0,    0,    0,    0,    0,    0,  -16,  -16,    0,  -16,    0,    0,    0,    0,    0,    0,    0,    0,    0,    0,    0,    0,    0,    0,    0,    0,    0,    0,    0,    0,    0,    0,    0,    0,    0,    0,    0,    0,    0,    0,    0,    0,    0,    0,    0,    0,    0,    0,    0,    0,    0,    0,    0,    0,    0,    0,    0,    0,    0,    0,    0,    0,    0,    0,    0,    0,    0,    0,    0,    0,    0,    0,    0,    0,    0,    0,    0,    0,    0,    0,    0,    0,    0,    0,    0,  -12,    0,
       0,    0,    0,    0,    0,    0,    0,    0,    0,    0,    0,    0,    0,    0,    0,    0,    0,    0,    0,    0,    0,    0,    0,    0,    0,    0,    0,    0,    0,    0,    0,    0,    0,    0,    0,    0,    0,    0,    0,    0,    0,    0,    0,    0,    0,    0,    0,    0,    0,    0,    0,    0,    0,    0,    0,    0,    0,    0,    0,    0,    0,    0,    0,    0,    0,    0,    0,    0,    0,    0,    0,    0,    0,    0,    0,    0,    0,    0,    0,    0,    0,    0,    0,    0,    0,    0,    0,    0,    0,    0,    0,    0,    0,    0,    0,    0,    0,    0,    0,    0,    0,    0,    0,    0,    0,    0,    0,    0,    0,    0,    0,    0,    0,    0,    0,    0,    0,    0,    0,    0,    0,    0,    0,    0,    0,    0,    0,    0,    0,    0,    0,    0,    0,    0,    0,    0,    0,    0,    0,    0,    0,    0,    0,    0,    0,    0,    0,    0,    0,    0,    0,    0,    0,    0,    0,    0,    0,    0,    0,    0,    0,    0,    0,    0,    0,    0,    0,    0,    0,    0,    0,    0,  -16,  -16,  -16,  -16,    0,    0,    0,    0,    0,    0,    0,    0,    0,    0,    0,    0,    0,    0,    0,    0,    0,    0,    0,    0,    0,    0,    0,    0,    0,    0,    0,    0,    0,    0,    0,    0,    0,    0,    0,    0,    0,    0,    0,    0,    0,    0,    0,    0,    0,    0,    0,    0,    0,    0,    0,    0,    0,    0,    0,    0,    0,    0,    0,    0,    0,    0,    0,    0,    0,    0,    0,    0,    0,    0,    0,    0,    0,    0,    0,  -12,    0,
       0,    0,    0,    0,    0,    0,    0,    0,    0,    0,    0,    0,    0,    0,    0,    0,    0,    0,    0,    0,    0,    0,    0,    0,    0,    0,    0,    0,    0,    0,    0,    0,    0,    0,    0,    0,    0,    0,    0,    0,    0,    0,    0,    0,    0,    0,    0,    0,    0,    0,    0,    0,    0,    0,    0,    0,    0,    0,    0,    0,    0,    0,    0,    0,    0,    0,    0,    0,    0,    0,    0,    0,    0,    0,    0,    0,    0,    0,    0,    0,    0,    0,    0,    0,    0,    0,    0,    0,    0,    0,    0,    0,    0,    0,    0,    0,    0,    0,    0,    0,    0,    0,    0,    0,    0,    0,    0,    0,    0,    0,    0,    0,    0,    0,    0,    0,    0,    0,    0,    0,    0,    0,    0,    0,    0,    0,    0,    0,    0,    0,    0,    0,    0,    0,    0,    0,    0,    0,    0,    0,    0,    0,    0,    0,    0,    0,    0,    0,    0,    0,    0,    0,    0,    0,    0,    0,    0,    0,    0,    0,    0,    0,    0,    0,    0,    0,    0,    0,    0,    0,    0,    0,    0,    0,    0,    0,    0,    0,    0,    0,    0,    0,    0,    4,    0,    0,    0,    0,    0,    0,    0,    0,    0,    0,    0,    0,    0,    0,    0,    0,    0,    0,    0,    0,    0,    0,    0,    0,    0,    0,    0,    0,    0,    0,    0,    0,    0,    0,    0,    0,    0,    0,    0,    0,    0,    0,    0,    0,    0,    0,    0,    0,    0,    0,    0,    0,    0,    0,    0,    0,    0,    0,    0,    0,    0,    0,    0,    0,    0,    0,    0,    0,    0,
       0,    0,    0,    0,    0,    0,    0,    0,    0,    0,    0,    0,    0,    0,    0,    0,    0,    0,    0,    0,    0,    0,    0,    0,    0,    0,    0,    0,    0,    0,    0,    0,    0,    0,    0,    0,    0,    0,    0,    0,    0,    0,    0,    0,    0,    0,    0,    0,    0,    0,    0,    0,    0,    0,    0,    0,    0,    0,    0,    0,    0,    0,    0,    0,    0,    0,    0,    0,    0,    0,    0,    0,    0,    0,    0,    0,    0,    0,    0,    0,    0,    0,    0,    0,    0,    0,    0,    0,    0,    0,    0,    0,    0,    0,    0,    0,    0,    0,    0,    0,    0,    0,    0,    0,    0,    0,    0,    0,    0,    0,    0,    0,    0,    0,    0,    0,    0,    0,    0,    0,    0,    0,    0,    0,    0,    0,    0,    0,    0,    0,    0,    0,    0,    0,    0,    0,    0,    0,    0,    0,    0,    0,    0,    0,    0,    0,    0,    0,    0,    0,    0,    0,    0,    0,    0,    0,    0,    0,    0,    0,    0,    0,    0,  -12,    0,    0,    0,    0,    0,  -16,    0,    0,    0,    0,    0,    0,    0,    0,    0,    0,    0,    0,    0,    0,    0,    0,    0,    0,    0,    0,    0,    0,    0,    0,    0,    0,    0,    0,    0,    0,    0,    0,    0,    0,    0,    0,    0,    0,    0,    0,    0,    0,    0,    0,    0,    0,    0,    0,    0,    0,    0,    0,    0,    0,    0,    0,    0,    0,    0,    0,    0,    0,    0,    0,    0,    0,    0,    0,    0,    0,    0,    0,    0,    0,    0,    0,    0,    0,    0,    0,    0,  -20,  -16,
       0,    0,    0,    0,    0,    0,    0,    0,    0,    0,    0,    0,    0,    0,    0,    0,    0,    0,    0,    0,    0,    0,    0,    0,    0,    0,    0,    0,    0,    0,    0,    0,    0,    0,    0,    0,    0,    0,    0,    0,    0,    0,    0,    0,    0,    0,    0,    0,    0,    0,    0,    0,    0,    0,    0,    0,    0,    0,    0,    0,    0,    0,    0,    0,    0,    0,    0,    0,    0,    0,    0,    0,    0,    0,    0,    0,    0,    0,    0,    0,    0,    0,    0,    0,    0,    0,    0,    0,    0,    0,    0,    0,    0,    0,    0,    0,    0,    0,    0,    0,    0,    0,    0,    0,    0,    0,    0,    0,    0,    0,    0,    0,    0,    0,    0,    0,    0,    0,    0,    0,    0,    0,    0,    0,    0,    0,    0,    0,    0,    0,    0,    0,    0,    0,    0,    0,    0,    0,    0,    0,    0,    0,    0,    0,    0,    0,    0,    0,    0,    0,    0,    0,    0,    0,    0,    0,    0,    0,    0,    0,    0,    0,    0,    0,    0,    0,    0,    0,    0,    0,    0,    0,    0,    0,    0,    0,    0,    0,    0,    0,    0,    0,    0,    0,    0,    0,    0,    0,    0,    0,    0,    0,    0,    0,    0,    0,    0,    0,    0,    0,    0,    0,    0,    0,    0,    0,    0,    0,    0,    0,    0,    0,    0,    0,    0,    0,    0,    0,    0,    0,    0,    0,    0,    0,    0,    0,    0,    0,    0,    0,    0,    0,    0,    0,    0,    0,    0,    0,    0,    0,    0,    0,    0,    0,    0,    0,    0,    0,    0,    0,    0,  -16,  -16,
       0,    0,    0,    0,    0,    0,    0,    0,    0,    0,    0,    0,    0,    0,    0,    0,    0,    0,    0,    0,    0,    0,    0,    0,    0,    0,    0,    0,    0,    0,    0,    0,    0,    0,    0,    0,    0,    0,    0,    0,    0,    0,    0,    0,    0,    0,    0,    0,    0,    0,    0,    0,    0,    0,    0,    0,    0,    0,    0,    0,    0,    0,    0,    0,    0,    0,    0,    0,    0,    0,    0,    0,    0,    0,    0,    0,    0,    0,    0,    0,    0,    0,    0,    0,    0,    0,    0,    0,    0,    0,    0,    0,    0,    0,    0,    0,    0,    0,    0,    0,    0,    0,    0,    0,    0,    0,    0,    0,    0,    0,    0,    0,    0,    0,    0,    0,    0,    0,    0,    0,    0,    0,    0,    0,    0,    0,    0,    0,    0,    0,    0,    0,    0,    0,    0,    0,    0,    0,    0,    0,    0,    0,    0,    0,    0,    0,    0,    0,   -8,    0,  -12,    0,    0,    0,    0,    0,    0,    0,    0,    0,    0,    0,    0,    0,   -8,    0,    0,    0,    0,    0,  -16,    0,  -16,  -16,   -8,   -8,    0,    0,    0,    0,    0,    0,    0,    0,    0,    0,    0,    0,    0,    0,    0,    0,    0,    0,    0,    0,    0,    0,    0,    0,    0,    0,    0,    0,    0,    0,    0,    0,    0,    0,    0,    0,    0,    0,    0,    0,    0,    0,    0,    0,    0,    0,    0,    0,    0,    0,    0,    0,    0,    0,    0,    0,    0,    0,    0,    0,    0,    0,    0,    0,    0,    0,    0,    0,    0,    0,    0,    0,    0,    0,    0,  -16,  -12,
       0,    0,    0,    0,    0,    0,    0,    0,    0,    0,    0,    0,    0,    0,    0,    0,    0,    0,    0,    0,    0,    0,    0,    0,    0,    0,    0,    0,    0,    0,    0,    0,    0,    0,    0,    0,    0,    0,    0,    0,    0,    0,    0,    0,    0,    0,    0,    0,    0,    0,    0,    0,    0,    0,    0,    0,    0,    0,    0,    0,    0,    0,    0,    0,    0,    0,    0,    0,    0,    0,    0,    0,    0,    0,    0,    0,    0,    0,    0,    0,    0,    0,    0,    0,    0,    0,    0,    0,    0,    0,    0,    0,    0,    0,    0,    0,    0,    0,    0,    0,    0,    0,    0,    0,    0,    0,    0,    0,    0,    0,    0,    0,    0,    0,    0,    0,    0,    0,    0,    0,    0,    0,    0,    0,    0,    0,    0,    0,    0,    0,    0,    0,    0,    0,    0,    0,    0,    0,    0,    0,    0,    0,    0,    0,    0,    0,    0,    0,    0,    0,    0,    0,    0,    0,    0,    0,    0,    0,    0,    0,    0,    0,    0,    0,    0,    0,    0,    0,    0,    0,    0,    0,    0,    0,    0,    0,    0,    0,    0,    0,    0,    0,    0,    0,    0,    0,    0,    0,    0,    0,    0,    0,    0,    0,    0,    0,    0,    0,    0,    0,    0,    0,    0,    0,    0,    0,    0,    0,    0,    0,    0,    0,    0,    0,    0,    0,    0,    0,    0,    0,    0,    0,    0,    0,    0,    0,    0,    0,    0,    0,    0,    0,    0,    0,    0,    0,    0,    0,    0,    0,    0,    0,    0,    0,    0,    0,    0,    0,    0,    0,    0,  -20,    0,
       0,    0,    0,    0,    0,    0,    0,    0,    0,    0,    0,    0,    0,    0,    0,    0,    0,    0,    0,    0,    0,    0,    0,    0,    0,    0,    0,    0,    0,    0,    0,    0,    0,    0,    0,    0,    0,    0,    0,    0,    0,    0,    0,    0,    0,    0,    0,    0,    0,    0,    0,    0,    0,    0,    0,    0,    0,    0,    0,    0,    0,    0,    0,    0,    0,    0,    0,    0,    0,    0,    0,    0,    0,    0,    0,    0,    0,    0,    0,    0,    0,    0,    0,    0,    0,    0,    0,    0,    0,    0,    0,    0,    0,    0,    0,    0,    0,    0,    0,    0,    0,    0,    0,    0,    0,    0,    0,    0,    0,    0,    0,    0,    0,    0,    0,    0,    0,    0,    0,    0,    0,    0,    0,    0,    0,    0,    0,    0,    0,    0,    0,    0,    0,    0,    0,    0,    0,    0,    0,    0,    0,    0,    0,    0,    0,    0,    0,    0,    0,    0,    0,    0,    0,    0,    0,    0,    0,    0,    0,    0,    0,    0,    0,    0,    0,    0,    0,    0,    0,    0,    0,    0,    0,    0,    0,    0,    0,    0,    0,    0,    0,   -8,  -12,  -12,    0,    0,    0,    0,    0,    0,    0,    0,    0,    0,    0,    0,    0,    0,    0,    0,    0,    0,    0,    0,    0,    0,    0,    0,    0,    0,    0,    0,    0,    0,    0,    0,    0,    0,    0,    0,    0,    0,    0,    0,    0,    0,    0,    0,    0,    0,    0,    0,    0,    0,    0,    0,    0,    0,    0,    0,    0,    0,    0,    0,    0,    0,    0,    0,    0,    0,    0,  -20,  -12,
       0,    0,    0,    0,    0,    0,    0,    0,    0,    0,    0,    0,    0,    0,    0,    0,    0,    0,    0,    0,    0,    0,    0,    0,    0,    0,    0,    0,    0,    0,    0,    0,    0,    0,    0,    0,    0,    0,    0,    0,    0,    0,    0,    0,    0,    0,    0,    0,    0,    0,    0,    0,    0,    0,    0,    0,    0,    0,    0,    0,    0,    0,    0,    0,    0,    0,    0,    0,    0,    0,    0,    0,    0,    0,    0,    0,    0,    0,    0,    0,    0,    0,    0,    0,    0,    0,    0,    0,    0,    0,    0,    0,    0,    0,    0,    0,    0,    0,    0,    0,    0,    0,    0,    0,    0,    0,    0,    0,    0,    0,    0,    0,    0,    0,    0,    0,    0,    0,    0,    0,    0,    0,    0,    0,    0,    0,    0,    0,    0,    0,    0,    0,    0,    0,    0,    0,    0,    0,    0,    0,    0,    0,    0,    0,    0,    0,    0,    0,    0,  -16,    0,    0,    0,    0,    0,    0,    0,    0,    0,    0,    0,    0,    0,    0,    0,    0,    0,    0,    0,  -12,    0,    0,    0,    0,    0,    0,    0,    0,    0,    0,    0,    0,    0,    0,    0,    0,    0,    0,    0,    0,    0,    0,    0,   -8,  -12,    0,    0,    0,    0,    0,    0,    0,    0,    0,    0,    0,    0,    0,    0,    0,    0,    0,    0,    0,    0,    0,    0,    0,    0,    0,    0,    0,    0,    0,    0,    0,    0,    0,    0,    0,    0,    0,    0,    0,    0,    0,    0,    0,    0,    0,    0,    0,    0,    0,    0,    0,    0,    0,    0,    0,    0,    0,    0,
       0,    0,    0,    0,    0,    0,    0,    0,    0,    0,    0,    0,    0,    0,    0,    0,    0,    0,    0,    0,    0,    0,    0,    0,    0,    0,    0,    0,    0,    0,    0,    0,    0,    0,    0,    0,    0,    0,    0,    0,    0,    0,    0,    0,    0,    0,    0,    0,    0,    0,    0,    0,    0,    0,    0,    0,    0,    0,    0,    0,    0,    0,    0,    0,    0,    0,    0,    0,    0,    0,    0,    0,    0,    0,    0,    0,    0,    0,    0,    0,    0,    0,    0,    0,    0,    0,    0,    0,    0,    0,    0,    0,    0,    0,    0,    0,    0,    0,    0,    0,    0,    0,    0,    0,    0,    0,    0,    0,    0,    0,    0,    0,    0,    0,    0,    0,    0,    0,    0,    0,    0,    0,    0,    0,    0,    0,    0,    0,    0,    0,    0,    0,    0,    0,    0,    0,    0,    0,    0,    0,    0,    0,    0,    0,    0,    0,    0,    0,    0,    0,    0,    0,    0,    0,    0,    0,    0,    0,    0,    0,    0,   -8,   -8,   -8,    0,    0,    0,    0,    0,    0,    0,    0,  -12,  -12,    0,    0,    0,    0,    0,    0,    0,    0,    0,    0,    0,    0,    0,    0,    0,    0,    0,    0,    0,    0,    0,    0,    0,    0,    0,    0,    0,    0,    0,    0,    0,    0,    0,    0,    0,    0,    0,    0,    0,    0,    0,    0,    0,    0,    0,    0,    0,    0,    0,    0,    0,    0,    0,    0,    0,    0,    0,    0,    0,    0,    0,    0,    0,    0,    0,    0,    0,    0,    0,    0,    0,    0,    0,    0,    0,    0,    0,  -12,    0,
       0,    0,    0,    0,    0,    0,    0,    0,    0,    0,    0,    0,    0,    0,    0,    0,    0,    0,    0,    0,    0,    0,    0,    0,    0,    0,    0,    0,    0,    0,    0,    0,    0,    0,    0,    0,    0,    0,    0,    0,    0,    0,    0,    0,    0,    0,    0,    0,    0,    0,    0,    0,    0,    0,    0,    0,    0,    0,    0,    0,    0,    0,    0,    0,    0,    0,    0,    0,    0,    0,    0,    0,    0,    0,    0,    0,    0,    0,    0,    0,    0,    0,    0,    0,    0,    0,    0,    0,    0,    0,    0,    0,    0,    0,    0,    0,    0,    0,    0,    0,    0,    0,    0,    0,    0,    0,    0,    0,    0,    0,    0,    0,    0,    0,    0,    0,    0,    0,    0,    0,    0,    0,    0,    0,    0,    0,    0,    0,    0,    0,    0,    0,    0,    0,    0,    0,    0,    0,    0,    0,    0,    0,    0,    0,    0,    0,    0,    0,    0,    0,    0,    0,    0,    0,    0,    0,    0,    0,    0,    0,    0,    0,    0,    0,    0,    0,    0,    0,    0,    0,    4,    0,    0,    0,    0,    0,    0,    0,    0,    0,    0,    0,    0,    0,    0,    0,    0,    0,    0,    0,    0,    0,    0,    0,    0,    0,    0,    0,    0,    0,    0,    0,    0,    0,    0,    0,    0,    0,    0,    0,    0,    0,    0,    0,    0,    0,    0,    0,    0,    0,    0,    0,    0,    0,    0,    0,    0,    0,    0,    0,    0,    0,    0,    0,    0,    0,    0,    0,    0,    0,    0,    0,    0,    0,    0,    0,    0,    0,    0,    0,    0,  -28,  -16,
       0,    0,    0,    0,    0,    0,    0,    0,    0,    0,    0,    0,    0,    0,    0,    0,    0,    0,    0,    0,    0,    0,    0,    0,    0,    0,    0,    0,    0,    0,    0,    0,    0,    0,    0,    0,    0,    0,    0,    0,    0,    0,    0,    0,    0,    0,    0,    0,    0,    0,    0,    0,    0,    0,    0,    0,    0,    0,    0,    0,    0,    0,    0,    0,    0,    0,    0,    0,    0,    0,    0,    0,    0,    0,    0,    0,    0,    0,    0,    0,    0,    0,    0,    0,    0,    0,    0,    0,    0,    0,    0,    0,    0,    0,    0,    0,    0,    0,    0,    0,    0,    0,    0,    0,    0,    0,    0,    0,    0,    0,    0,    0,    0,    0,    0,    0,    0,    0,    0,    0,    0,    0,    0,    0,    0,    0,    0,    0,    0,    0,    0,    0,    0,    0,    0,    0,    0,    0,    0,    0,    0,    0,    0,    0,    0,    0,    0,    0,    0,    0,    0,    0,    0,    0,    0,    0,    0,    0,    0,    0,    0,    0,    0,    0,    0,    0,    0,    0,    0,    0,  -16,  -16,    0,    0,    0,    0,    0,    0,    0,    0,    0,    0,    0,    0,    0,    0,    0,    0,    0,    0,    0,    0,    0,    0,    0,    0,    0,    0,    0,    0,    0,    0,    0,    0,    0,    0,    0,    0,    0,    0,    0,    0,    0,    0,    0,    0,    0,    0,    0,    0,   -8,    0,    0,    0,    0,    0,    0,    0,    0,    0,    0,    0,    0,    0,    0,    0,    0,  -16,    0,    0,    0,    0,    0,    0,    0,    0,    0,    0,    0,    0,    0,    0,    0,
       0,    0,    0,    0,    0,    0,    0,    0,    0,    0,    0,    0,    0,    0,    0,    0,    0,    0,    0,    0,    0,    0,    0,    0,    0,    0,    0,    0,    0,    0,    0,    0,    0,    0,    0,    0,    0,    0,    0,    0,    0,    0,    0,    0,    0,    0,    0,    0,    0,    0,    0,    0,    0,    0,    0,    0,    0,    0,    0,    0,    0,    0,    0,    0,    0,    0,    0,    0,    0,    0,    0,    0,    0,    0,    0,    0,    0,    0,    0,    0,    0,    0,    0,    0,    0,    0,    0,    0,    0,    0,    0,    0,    0,    0,    0,    0,    0,    0,    0,    0,    0,    0,    0,    0,    0,    0,    0,    0,    0,    0,    0,    0,    0,    0,    0,    0,    0,    0,    0,    0,    0,    0,    0,    0,    0,    0,    0,    0,    0,    0,    0,    0,    0,    0,    0,    0,    0,    0,    0,    0,    0,    0,    0,    0,    0,    0,    0,    0,    0,    0,    0,    0,    0,    0,    0,    0,    0,    0,    0,    0,    0,    0,    0,    0,    0,    0,    0,    0,    0,    0,   -8,   -8,  -12,  -12,    0,    0,    0,    0,    0,    0,    0,    4,    4,    4,    0,    0,    0,    0,    0,    0,    0,    0,    0,    0,    0,    0,    0,    0,    0,    0,    0,    0,    0,    0,    0,    0,    0,    0,    0,    0,    0,    0,    0,    0,    0,    0,    0,    0,    0,    0,    0,    0,    0,    0,    0,    0,    0,    0,    0,    0,    0,    0,    0,    0,    0,    0,    0,    0,    0,    0,    0,    0,    0,    0,    0,    0,    0,    0,    0,    0,    0,    0,    0,
       0,    0,    0,    0,    0,    0,    0,    0,    0,    0,    0,    0,    0,    0,    0,    0,    0,    0,    0,    0,    0,    0,    0,    0,    0,    0,    0,    0,    0,    0,    0,    0,    0,    0,    0,    0,    0,    0,    0,    0,    0,    0,    0,    0,    0,    0,    0,    0,    0,    0,    0,    0,    0,    0,    0,    0,    0,    0,    0,    0,    0,    0,    0,    0,    0,    0,    0,    0,    0,    0,    0,    0,    0,    0,    0,    0,    0,    0,    0,    0,    0,    0,    0,    0,    0,    0,    0,    0,    0,    0,    0,    0,    0,    0,    0,    0,    0,    0,    0,    0,    0,    0,    0,    0,    0,    0,    0,    0,    0,    0,    0,    0,    0,    0,    0,    0,    0,    0,    0,    0,    0,    0,    0,    0,    0,    0,    0,    0,    0,    0,    0,    0,    0,    0,    0,    0,    0,    0,    0,    0,    0,    0,    0,    0,    0,    0,    0,    0,    0,    0,    0,    0,    0,    0,    0,    0,    0,    0,    0,    0,    0,    0,    0,    0,    0,    0,    0,    0,    0,    0,    0,    0,    0,    0,    0,    0,    0,    0,    0,    0,    0,    0,    0,    0,    0,    0,    0,    0,    0,    0,    0,    0,    0,    0,    0,  -20,    0,    0,    0,    0,    0,    0,    0,    0,    0,    0,    0,    0,    0,    0,    0,    0,    0,    0,    0,    0,    0,    0,    0,    0,    0,    0,    0,    0,    0,    0,    0,    0,    0,    0,    0,    0,    0,    0,    0,    0,    0,    0,    0,    0,    0,    0,    0,    0,    0,    0,    0,    0,    0,    0,    0,    0,    0,
       0,    0,    0,    0,    0,    0,    0,    0,    0,    0,    0,    0,    0,    0,    0,    0,    0,    0,    0,    0,    0,    0,    0,    0,    0,    0,    0,    0,    0,    0,    0,    0,    0,    0,    0,    0,    0,    0,    0,    0,    0,    0,    0,    0,    0,    0,    0,    0,    0,    0,    0,    0,    0,    0,    0,    0,    0,    0,    0,    0,    0,    0,    0,    0,    0,    0,    0,    0,    0,    0,    0,    0,    0,    0,    0,    0,    0,    0,    0,    0,    0,    0,    0,    0,    0,    0,    0,    0,    0,    0,    0,    0,    0,    0,    0,    0,    0,    0,    0,    0,    0,    0,    0,    0,    0,    0,    0,    0,    0,    0,    0,    0,    0,    0,    0,    0,    0,    0,    0,    0,    0,    0,    0,    0,    0,    0,    0,    0,    0,    0,    0,    0,    0,    0,    0,    0,    0,    0,    0,    0,    0,    0,    0,    0,    0,    0,    0,    0,    0,    0,    0,    0,    0,    0,    0,    0,    0,    0,    0,    0,    0,   -8,    0,    0,    0,    0,    0,    0,    0,    0,    0,    0,  -20,  -20,    0,  -12,    0,    0,    0,    0,    0,    0,    0,    0,    0,    0,    0,    0,    0,    0,    0,    0,    0,    0,    0,    0,    0,    0,    0,    0,    0,    0,    0,    0,    0,    0,    0,    0,    0,    0,    0,    0,    0,    0,    0,    0,    0,    0,    0,    0,    0,    0,    0,    0,    0,    0,    0,    0,    0,    0,    0,    0,    0,    0,    0,    0,    0,    0,    0,    0,    0,    0,    0,    0,    0,    0,    0,    0,    0,    0,    0,    0,    0,
       0,    0,    0,    0,    0,    0,    0,    0,    0,    0,    0,    0,    0,    0,    0,    0,    0,    0,    0,    0,    0,    0,    0,    0,    0,    0,    0,    0,    0,    0,    0,    0,    0,    0,    0,    0,    0,    0,    0,    0,    0,    0,    0,    0,    0,    0,    0,    0,    0,    0,    0,    0,    0,    0,    0,    0,    0,    0,    0,    0,    0,    0,    0,    0,    0,    0,    0,    0,    0,    0,    0,    0,    0,    0,    0,    0,    0,    0,    0,    0,    0,    0,    0,    0,    0,    0,    0,    0,    0,    0,    0,    0,    0,    0,    0,    0,    0,    0,    0,    0,    0,    0,    0,    0,    0,    0,    0,    0,    0,    0,    0,    0,    0,    0,    0,    0,    0,    0,    0,    0,    0,    0,    0,    0,    0,    0,    0,    0,    0,    0,    0,    0,    0,    0,    0,    0,    0,    0,    0,    0,    0,    0,    0,    0,    0,    0,    0,    0,    0,    0,    0,    0,    0,    0,    0,    0,    0,    0,    0,    0,    0,    0,    0,    0,    0,    0,    0,    0,    0,    0,    0,    0,    0,    0,   -8,  -12,    0,    0,    0,    0,    0,  -12,   -8,   -8,    0,    0,    0,    0,    0,    0,    0,    0,    0,    0,    0,    0,    0,    0,    0,    0,  -20,    0,    0,    0,    0,    0,  -20,  -20,    0,    0,    0,    0,  -16,    0,    0,   -8,    0,    0,    0,    0,    0,    0,    0,    0,    0,   -8,    0,  -36,  -16,  -16,   -8,    0,    0,    0,   -8,   -8,   -8,    0,   -8,  -28,  -20,    0,    0,    0,    0,    0,   -4,    0,  -16,    0,  -24,  -40,  -40,
       0,    0,    0,    0,    0,    0,    0,    0,    0,    0,    0,    0,    0,    0,    0,    0,    0,    0,    0,    0,    0,    0,    0,    0,    0,    0,    0,    0,    0,    0,    0,    0,    0,    0,    0,    0,    0,    0,    0,    0,    0,    0,    0,    0,    0,    0,    0,    0,    0,    0,    0,    0,    0,    0,    0,    0,    0,    0,    0,    0,    0,    0,    0,    0,    0,    0,    0,    0,    0,    0,    0,    0,    0,    0,    0,    0,    0,    0,    0,    0,    0,    0,    0,    0,    0,    0,    0,    0,    0,    0,    0,    0,    0,    0,    0,    0,    0,    0,    0,    0,    0,    0,    0,    0,    0,    0,    0,    0,    0,    0,    0,    0,    0,    0,    0,    0,    0,    0,    0,    0,    0,    0,    0,    0,    0,    0,    0,    0,    0,    0,    0,    0,    0,    0,    0,    0,    0,    0,    0,    0,    0,    0,    0,    0,    0,    0,    0,    0,    0,    0,    0,    0,    0,    0,    0,    0,    0,    0,    0,    0,    0,    0,    0,    0,    0,    0,    0,    0,    0,    0,    0,    0,    0,    0,    0,    0,    0,    0,    0,    0,    0,   -4,   -4,   -4,    0,    0,    0,    0,    0,    0,    0,    0,    0,    0,    0,    0,    0,    0,    0,    0,    0,    0,    0,   -4,    0,    0,   -8,   -8,    0,    0,    0,    0,    0,  -12,  -12,    0,    0,    0,  -16,  -16,    0,   -8,    0,    0,    0,   -8,    0,    0,   -8,   -8,   -8,    0,    0,    0,    0,    0,    0,    0,    0,   -8,    0,    0,  -12,    0,   -8,    0,    0,    0,    0,    0,    0,    0,    0,
       0,    0,    0,    0,    0,    0,    0,    0,    0,    0,    0,    0,    0,    0,    0,    0,    0,    0,    0,    0,    0,    0,    0,    0,    0,    0,    0,    0,    0,    0,    0,    0,    0,    0,    0,    0,    0,    0,    0,    0,    0,    0,    0,    0,    0,    0,    0,    0,    0,    0,    0,    0,    0,    0,    0,    0,    0,    0,    0,    0,    0,    0,    0,    0,    0,    0,    0,    0,    0,    0,    0,    0,    0,    0,    0,    0,    0,    0,    0,    0,    0,    0,    0,    0,    0,    0,    0,    0,    0,    0,    0,    0,    0,    0,    0,    0,    0,    0,    0,    0,    0,    0,    0,    0,    0,    0,    0,    0,    0,    0,    0,    0,    0,    0,    0,    0,    0,    0,    0,    0,    0,    0,    0,    0,    0,    0,    0,    0,    0,    0,    0,    0,    0,    0,    0,    0,    0,    0,    0,    0,    0,    0,    0,    0,    0,    0,    0,    0,    0,    0,    0,    0,    0,    0,    0,    0,    0,    0,    0,    0,    0,    0,    0,    0,    0,    0,    0,    0,    0,    0,    0,    0,    0,    0,    0,    0,    0,    0,    0,    0,    0,    0,    0,    0,    0,    0,    0,    0,    0,    0,    0,    0,    0,    0,    0,    0,    0,    0,    0,    0,    0,    0,    0,    0,    0,    0,   -8,   -8,    0,    0,    0,    0,    0,    0,    0,    0,    0,    0,    0,    0,    0,    0,    0,    0,    0,    0,    0,    0,    0,    0,    0,    0,    0,    0,    0,    0,    0,    0,    0,  -12,    0,    0,    0,    0,    0,    0,    0,    0,    0,    0,    0,  -20,  -16,
       0,    0,    0,    0,    0,    0,    0,    0,    0,    0,    0,    0,    0,    0,    0,    0,    0,    0,    0,    0,    0,    0,    0,    0,    0,    0,    0,    0,    0,    0,    0,    0,    0,    0,    0,    0,    0,    0,    0,    0,    0,    0,    0,    0,    0,    0,    0,    0,    0,    0,    0,    0,    0,    0,    0,    0,    0,    0,    0,    0,    0,    0,    0,    0,    0,    0,    0,    0,    0,    0,    0,    0,    0,    0,    0,    0,    0,    0,    0,    0,    0,    0,    0,    0,    0,    0,    0,    0,    0,    0,    0,    0,    0,    0,    0,    0,    0,    0,    0,    0,    0,    0,    0,    0,    0,    0,    0,    0,    0,    0,    0,    0,    0,    0,    0,    0,    0,    0,    0,    0,    0,    0,    0,    0,    0,    0,    0,    0,    0,    0,    0,    0,    0,    0,    0,    0,    0,    0,    0,    0,    0,    0,    0,    0,    0,    0,    0,    0,    0,    0,    0,    0,    0,    0,    0,    0,    0,    0,    0,    0,    0,    0,    0,    0,    0,    0,    0,    0,    0,    0,    0,    0,    0,    0,    0,    0,    0,    0,    0,    0,    0,    0,    0,    0,    0,    0,    0,    0,    0,    0,    0,    0,    0,    0,    0,    0,    0,    0,    0,    0,    0,    0,    0,    0,    0,    0,    0,    0,    0,    0,    0,    0,    0,    0,    0,    0,    0,    0,    0,    0,    0,    0,    0,    0,    0,    0,    0,    0,    0,    0,    0,    0,    0,    0,    0,    0,    0,    0,    0,    0,    0,    0,    0,    0,    0,    0,    0,    0,    0,    0,    0,  -12,    0,
       0,    0,    0,    0,    0,    0,    0,    0,    0,    0,    0,    0,    0,    0,    0,    0,    0,    0,    0,    0,    0,    0,    0,    0,    0,    0,    0,    0,    0,    0,    0,    0,    0,    0,    0,    0,    0,    0,    0,    0,    0,    0,    0,    0,    0,    0,    0,    0,    0,    0,    0,    0,    0,    0,    0,    0,    0,    0,    0,    0,    0,    0,    0,    0,    0,    0,    0,    0,    0,    0,    0,    0,    0,    0,    0,    0,    0,    0,    0,    0,    0,    0,    0,    0,    0,    0,    0,    0,    0,    0,    0,    0,    0,    0,    0,    0,    0,    0,    0,    0,    0,    0,    0,    0,    0,    0,    0,    0,    0,    0,    0,    0,    0,    0,    0,    0,    0,    0,    0,    0,    0,    0,    0,    0,    0,    0,    0,    0,    0,    0,    0,    0,    0,    0,    0,    0,    0,    0,    0,    0,    0,    0,    0,    0,    0,    0,    0,    0,    0,    0,    0,    0,    0,    0,    0,    0,    0,    0,    0,    0,    0,    0,    0,    0,    0,    0,    0,    0,    0,    0,    0,    0,    0,    0,    0,    0,    0,    0,    0,    0,    0,    0,    0,    0,    0,    0,    0,    0,    0,    0,    0,    0,    0,    0,    0,    0,    0,    0,    0,    0,    0,    0,    0,    0,    0,    0,    0,    0,    0,    0,    0,    0,    0,  -12,    0,    0,    0,    0,    0,    0,    0,    0,    0,    0,    0,    0,    0,  -28,    0,    0,    0,    0,    0,    0,    0,    0,    0,    0,    0,    0,    0,    0,    0,    0,    0,    0,    0,    0,  -12,    0,    0,  -12,  -12,
       0,    0,    0,    0,    0,    0,    0,    0,    0,    0,    0,    0,    0,    0,    0,    0,    0,    0,    0,    0,    0,    0,    0,    0,    0,    0,    0,    0,    0,    0,    0,    0,    0,    0,    0,    0,    0,    0,    0,    0,    0,    0,    0,    0,    0,    0,    0,    0,    0,    0,    0,    0,    0,    0,    0,    0,    0,    0,    0,    0,    0,    0,    0,    0,    0,    0,    0,    0,    0,    0,    0,    0,    0,    0,    0,    0,    0,    0,    0,    0,    0,    0,    0,    0,    0,    0,    0,    0,    0,    0,    0,    0,    0,    0,    0,    0,    0,    0,    0,    0,    0,    0,    0,    0,    0,    0,    0,    0,    0,    0,    0,    0,    0,    0,    0,    0,    0,    0,    0,    0,    0,    0,    0,    0,    0,    0,    0,    0,    0,    0,    0,    0,    0,    0,    0,    0,    0,    0,    0,    0,    0,    0,    0,    0,    0,    0,    0,    0,    0,    0,    0,    0,    0,    0,    0,    0,    0,    0,    0,    0,    0,    0,    0,    0,    0,    0,    0,    0,    0,    0,    0,    0,    0,    0,    0,    0,    0,    0,    0,    0,    0,    0,    0,    0,    0,    0,    0,    0,    0,    0,    0,    0,    0,    0,    0,    0,    0,    0,    0,    0,    0,    0,    0,    0,    0,    0,    0,    0,    0,    0,    0,    0,    0,    0,    0,    0,    0,    0,    0,    0,    0,    0,    0,    0,    0,    0,    0,  -16,    0,    0,    0,    0,    0,    0,    0,    0,    0,    0,    0,    0,    0,    0,    0,    0,    0,    0,    0,    0,    0,    0,    0,  -28,  -20,
       0,    0,    0,    0,    0,    0,    0,    0,    0,    0,    0,    0,    0,    0,    0,    0,    0,    0,    0,    0,    0,    0,    0,    0,    0,    0,    0,    0,    0,    0,    0,    0,    0,    0,    0,    0,    0,    0,    0,    0,    0,    0,    0,    0,    0,    0,    0,    0,    0,    0,    0,    0,    0,    0,    0,    0,    0,    0,    0,    0,    0,    0,    0,    0,    0,    0,    0,    0,    0,    0,    0,    0,    0,    0,    0,    0,    0,    0,    0,    0,    0,    0,    0,    0,    0,    0,    0,    0,    0,    0,    0,    0,    0,    0,    0,    0,    0,    0,    0,    0,    0,    0,    0,    0,    0,    0,    0,    0,    0,    0,    0,    0,    0,    0,    0,    0,    0,    0,    0,    0,    0,    0,    0,    0,    0,    0,    0,    0,    0,    0,    0,    0,    0,    0,    0,    0,    0,    0,    0,    0,    0,    0,    0,    0,    0,    0,    0,    0,    0,    0,    0,    0,    0,    0,    0,    0,    0,    0,    0,    0,    0,    0,    0,    0,    0,    0,    0,    0,    0,    0,    0,    0,    0,    0,    0,    0,    0,    0,    0,    0,    0,    0,    0,    0,    0,    0,    0,    0,    0,    0,    0,    0,    0,    0,    0,    0,    0,    0,    0,    0,    0,    0,   -4,    0,    0,    0,  -16,  -16,    0,    0,    0,    0,    0,  -12,   -8,    0,    0,    0,  -16,  -16,    0,    0,    0,    0,    0,    0,    0,  -24,  -20,  -20,  -20,    0,    0,    0,    0,    0,    0,    0,    0,  -32,  -16,    0,    0,    0,    0,    0,  -12,    0,    0,   -8,    0,  -36,  -20,
       0,    0,    0,    0,    0,    0,    0,    0,    0,    0,    0,    0,    0,    0,    0,    0,    0,    0,    0,    0,    0,    0,    0,    0,    0,    0,    0,    0,    0,    0,    0,    0,    0,    0,    0,    0,    0,    0,    0,    0,    0,    0,    0,    0,    0,    0,    0,    0,    0,    0,    0,    0,    0,    0,    0,    0,    0,    0,    0,    0,    0,    0,    0,    0,    0,    0,    0,    0,    0,    0,    0,    0,    0,    0,    0,    0,    0,    0,    0,    0,    0,    0,    0,    0,    0,    0,    0,    0,    0,    0,    0,    0,    0,    0,    0,    0,    0,    0,    0,    0,    0,    0,    0,    0,    0,    0,    0,    0,    0,    0,    0,    0,    0,    0,    0,    0,    0,    0,    0,    0,    0,    0,    0,    0,    0,    0,    0,    0,    0,    0,    0,    0,    0,    0,    0,    0,    0,    0,    0,    0,    0,    0,    0,    0,    0,    0,    0,    0,    0,    0,    0,    0,    0,    0,    0,    0,    0,    0,    0,    0,    0,    0,    0,    0,    0,    0,    0,    0,    0,    0,    0,    0,    0,    0,    0,    0,    0,    0,    0,    0,    0,    0,    0,    0,    0,    0,    0,    0,    0,    0,    0,    0,    0,    0,    0,    0,    0,    0,    0,    0,    0,    0,    0,    0,    0,    0,   -8,   -8,    0,    0,    0,    0,    0,    0,    0,    0,    0,    4,    0,    0,    0,    0,    0,    0,    0,    0,    0,   -8,    0,    0,    0,    0,    0,    0,    0,    0,    0,    0,    0,   -8,    0,    0,    0,    0,    0,    0,    0,    0,    0,    0,    0,  -28,  -20,
       0,    0,    0,    0,    0,    0,    0,    0,    0,    0,    0,    0,    0,    0,    0,    0,    0,    0,    0,    0,    0,    0,    0,    0,    0,    0,    0,    0,    0,    0,    0,    0,    0,    0,    0,    0,    0,    0,    0,    0,    0,    0,    0,    0,    0,    0,    0,    0,    0,    0,    0,    0,    0,    0,    0,    0,    0,    0,    0,    0,    0,    0,    0,    0,    0,    0,    0,    0,    0,    0,    0,    0,    0,    0,    0,    0,    0,    0,    0,    0,    0,    0,    0,    0,    0,    0,    0,    0,    0,    0,    0,    0,    0,    0,    0,    0,    0,    0,    0,    0,    0,    0,    0,    0,    0,    0,    0,    0,    0,    0,    0,    0,    0,    0,    0,    0,    0,    0,    0,    0,    0,    0,    0,    0,    0,    0,    0,    0,    0,    0,    0,    0,    0,    0,    0,    0,    0,    0,    0,    0,    0,    0,    0,    0,    0,    0,    0,    0,    0,    0,    0,    0,    0,    0,    0,    0,    0,    0,    0,    0,    0,    0,    0,    0,    0,    0,    0,    0,    0,    0,    0,    0,    0,    0,    0,    0,    0,    0,    0,    0,    0,    0,    0,    0,    0,    0,    0,    0,    0,    0,    0,    0,    0,    0,    0,    0,    0,    0,    0,    0,   -8,    0,    0,    0,    0,    0,    0,    0,    0,    0,    0,    0,    0,    0,    0,    0,    0,    0,    0,    0,    0,   -8,   -8,    0,    0,    0,    0,  -24,  -16,  -16,  -16,    0,    0,    0,  -12,  -12,  -12,    0,  -12,  -28,  -12,    0,    0,    0,    0,    0,    0,   -8,  -12,    0,    0,  -40,  -20,
       0,    0,    0,    0,    0,    0,    0,    0,    0,    0,    0,    0,    0,    0,    0,    0,    0,    0,    0,    0,    0,    0,    0,    0,    0,    0,    0,    0,    0,    0,    0,    0,    0,    0,    0,    0,    0,    0,    0,    0,    0,    0,    0,    0,    0,    0,    0,    0,    0,    0,    0,    0,    0,    0,    0,    0,    0,    0,    0,    0,    0,    0,    0,    0,    0,    0,    0,    0,    0,    0,    0,    0,    0,    0,    0,    0,    0,    0,    0,    0,    0,    0,    0,    0,    0,    0,    0,    0,    0,    0,    0,    0,    0,    0,    0,    0,    0,    0,    0,    0,    0,    0,    0,    0,    0,    0,    0,    0,    0,    0,    0,    0,    0,    0,    0,    0,    0,    0,    0,    0,    0,    0,    0,    0,    0,    0,    0,    0,    0,    0,    0,    0,    0,    0,    0,    0,    0,    0,    0,    0,    0,    0,    0,    0,    0,    0,    0,    0,    0,    0,    0,    0,    0,    0,    0,    0,    0,    0,    0,    0,    0,    0,    0,    0,    0,    0,    0,    0,    0,    0,    0,    0,    0,    0,    0,    0,    0,    0,    0,    0,    0,    0,    0,    0,    0,    0,    0,    0,    0,    0,    0,    0,    0,    0,    0,    0,    0,    0,    0,  -12,   -8,    0,   -8,    0,    0,    0,    0,    0,    0,    0,    0,    0,    0,    0,    0,    0,    0,    0,    0,    0,    0,    0,    0,    0,    0,    0,    0,  -12,   -8,   -8,   -8,    0,    0,    0,    0,    0,    0,    0,   -4,  -20,  -12,    0,    0,    0,    0,    0,    0,    0,    0,    0,    0,  -28,  -20,
       0,    0,    0,    0,    0,    0,    0,    0,    0,    0,    0,    0,    0,    0,    0,    0,    0,    0,    0,    0,    0,    0,    0,    0,    0,    0,    0,    0,    0,    0,    0,    0,    0,    0,    0,    0,    0,    0,    0,    0,    0,    0,    0,    0,    0,    0,    0,    0,    0,    0,    0,    0,    0,    0,    0,    0,    0,    0,    0,    0,    0,    0,    0,    0,    0,    0,    0,    0,    0,    0,    0,    0,    0,    0,    0,    0,    0,    0,    0,    0,    0,    0,    0,    0,    0,    0,    0,    0,    0,    0,    0,    0,    0,    0,    0,    0,    0,    0,    0,    0,    0,    0,    0,    0,    0,    0,    0,    0,    0,    0,    0,    0,    0,    0,    0,    0,    0,    0,    0,    0,    0,    0,    0,    0,    0,    0,    0,    0,    0,    0,    0,    0,    0,    0,    0,    0,    0,    0,    0,    0,    0,    0,    0,    0,    0,    0,    0,    0,    0,    0,    0,    0,    0,    0,    0,    0,    0,    0,    0,    0,    0,    0,    0,    0,    0,    0,    0,    0,    0,    0,    0,    0,    0,    0,    0,    0,    0,    0,    0,    0,    0,    0,    0,    0,    0,    0,    0,    0,    0,    0,    0,    0,    0,    0,    0,    0,    0,    0,    0,    0,    0,  -16,    0,    0,    0,    0,    0,    0,    0,    0,    0,    0,    0,    0,    0,    0,    0,    0,    0,    0,    0,    0,    0,    0,    0,    0,    0,    0,    0,    0,    0,    0,    0,    0,    0,    0,    0,    0,    0,    0,    0,    0,    0,    0,    0,    0,    0,    0,    0,    0,    0,    0,    0,
       0,    0,    0,    0,    0,    0,    0,    0,    0,    0,    0,    0,    0,    0,    0,    0,    0,    0,    0,    0,    0,    0,    0,    0,    0,    0,    0,    0,    0,    0,    0,    0,    0,    0,    0,    0,    0,    0,    0,    0,    0,    0,    0,    0,    0,    0,    0,    0,    0,    0,    0,    0,    0,    0,    0,    0,    0,    0,    0,    0,    0,    0,    0,    0,    0,    0,    0,    0,    0,    0,    0,    0,    0,    0,    0,    0,    0,    0,    0,    0,    0,    0,    0,    0,    0,    0,    0,    0,    0,    0,    0,    0,    0,    0,    0,    0,    0,    0,    0,    0,    0,    0,    0,    0,    0,    0,    0,    0,    0,    0,    0,    0,    0,    0,    0,    0,    0,    0,    0,    0,    0,    0,    0,    0,    0,    0,    0,    0,    0,    0,    0,    0,    0,    0,    0,    0,    0,    0,    0,    0,    0,    0,    0,    0,    0,    0,    0,    0,    0,    0,    0,    0,    0,    0,    0,    0,    0,    0,    0,    0,    0,    0,    0,    0,    0,    0,    0,    0,    0,    0,    0,    0,    0,    0,    0,    0,    0,    0,    0,    0,    0,    0,    0,    0,    0,    0,    0,    0,    0,    0,    0,    0,    0,    0,    0,    0,    0,    0,    0,    0,    0,    0,    0,    0,    0,    0,    0,    0,    0,    0,    0,    0,    0,    8,    8,    0,    0,    0,    0,    0,    0,    0,    0,    0,    0,    0,    0,    0,    0,    0,    0,    0,    0,    0,    0,    0,    0,    0,    0,    0,    0,    0,    0,    0,    0,    0,    0,    0,    0,    0,    0,    0,    0,
       0,    0,    0,    0,    0,    0,    0,    0,    0,    0,    0,    0,    0,    0,    0,    0,    0,    0,    0,    0,    0,    0,    0,    0,    0,    0,    0,    0,    0,    0,    0,    0,    0,    0,    0,    0,    0,    0,    0,    0,    0,    0,    0,    0,    0,    0,    0,    0,    0,    0,    0,    0,    0,    0,    0,    0,    0,    0,    0,    0,    0,    0,    0,    0,    0,    0,    0,    0,    0,    0,    0,    0,    0,    0,    0,    0,    0,    0,    0,    0,    0,    0,    0,    0,    0,    0,    0,    0,    0,    0,    0,    0,    0,    0,    0,    0,    0,    0,    0,    0,    0,    0,    0,    0,    0,    0,    0,    0,    0,    0,    0,    0,    0,    0,    0,    0,    0,    0,    0,    0,    0,    0,    0,    0,    0,    0,    0,    0,    0,    0,    0,    0,    0,    0,    0,    0,    0,    0,    0,    0,    0,    0,    0,    0,    0,    0,    0,    0,    0,    0,    0,    0,    0,    0,    0,    0,    0,    0,    0,    0,    0,    0,    0,    0,    0,    0,    0,    0,    0,    0,    0,    0,    0,    0,    0,    0,    0,    0,    0,    0,    0,    0,    0,    0,    0,    0,    0,    0,    0,    0,    0,    0,    0,    0,    0,    0,    0,    0,    0,    0,    0,    0,    0,    0,    0,    0,    0,    0,    0,    0,    0,    0,    0,   -8,    0,    0,    0,    0,    0,    0,    0,    0,    0,    0,    0,    0,    0,   -8,  -16,  -16,  -16,    0,    0,    0,    0,    0,    0,    0,    0,   -8,    0,    0,    0,    0,    0,    0,    0,    0,    0,    0,    0,  -28,  -20,
       0,    0,    0,    0,    0,    0,    0,    0,    0,    0,    0,    0,    0,    0,    0,    0,    0,    0,    0,    0,    0,    0,    0,    0,    0,    0,    0,    0,    0,    0,    0,    0,    0,    0,    0,    0,    0,    0,    0,    0,    0,    0,    0,    0,    0,    0,    0,    0,    0,    0,    0,    0,    0,    0,    0,    0,    0,    0,    0,    0,    0,    0,    0,    0,    0,    0,    0,    0,    0,    0,    0,    0,    0,    0,    0,    0,    0,    0,    0,    0,    0,    0,    0,    0,    0,    0,    0,    0,    0,    0,    0,    0,    0,    0,    0,    0,    0,    0,    0,    0,    0,    0,    0,    0,    0,    0,    0,    0,    0,    0,    0,    0,    0,    0,    0,    0,    0,    0,    0,    0,    0,    0,    0,    0,    0,    0,    0,    0,    0,    0,    0,    0,    0,    0,    0,    0,    0,    0,    0,    0,    0,    0,    0,    0,    0,    0,    0,    0,    0,    0,    0,    0,    0,    0,    0,    0,    0,    0,    0,    0,    0,    0,    0,    0,    0,    0,    0,    0,    0,    0,    0,    0,    0,    0,    0,    0,    0,    0,    0,    0,    0,    0,    0,    0,    0,    0,    0,    0,    0,    0,    0,    0,    0,    0,    0,    0,    0,    0,    0,    0,    0,    0,    0,    0,    0,    0,    0,    0,    0,    0,    0,    0,    0,   -4,    0,    0,    0,    0,    0,    0,    0,    0,    0,    0,    0,    0,    0,   -8,    0,    0,    0,    0,    0,    0,    0,    0,    0,    0,    0,   -8,    0,    0,    0,    0,    0,    0,    0,    0,    0,    0,    0,  -24,  -16,
       0,    0,    0,    0,    0,    0,    0,    0,    0,    0,    0,    0,    0,    0,    0,    0,    0,    0,    0,    0,    0,    0,    0,    0,    0,    0,    0,    0,    0,    0,    0,    0,    0,    0,    0,    0,    0,    0,    0,    0,    0,    0,    0,    0,    0,    0,    0,    0,    0,    0,    0,    0,    0,    0,    0,    0,    0,    0,    0,    0,    0,    0,    0,    0,    0,    0,    0,    0,    0,    0,    0,    0,    0,    0,    0,    0,    0,    0,    0,    0,    0,    0,    0,    0,    0,    0,    0,    0,    0,    0,    0,    0,    0,    0,    0,    0,    0,    0,    0,    0,    0,    0,    0,    0,    0,    0,    0,    0,    0,    0,    0,    0,    0,    0,    0,    0,    0,    0,    0,    0,    0,    0,    0,    0,    0,    0,    0,    0,    0,    0,    0,    0,    0,    0,    0,    0,    0,    0,    0,    0,    0,    0,    0,    0,    0,    0,    0,    0,    0,    0,    0,    0,    0,    0,    0,    0,    0,    0,    0,    0,    0,    0,    0,    0,    0,    0,    0,    0,    0,    0,    0,    0,    0,    0,    0,    0,    0,    0,    0,    0,    0,    0,    0,    0,    0,    0,    0,    0,    0,    0,    0,    0,    0,    0,    0,    0,    0,    0,    0,    0,    0,    0,    0,    0,    0,    0,    0,    0,    0,    0,    0,    0,    0,    0,    0,    0,    0,    0,    0,    0,    0,    0,    0,    0,    0,    0,    0,    0,  -12,  -12,  -12,    0,    0,    0,    0,    0,    0,    0,    0,    0,    0,    0,    0,    0,    0,    0,    0,    0,    0,    0,    0,  -12,   -8,
       0,    0,    0,    0,    0,    0,    0,    0,    0,    0,    0,    0,    0,    0,    0,    0,    0,    0,    0,    0,    0,    0,    0,    0,    0,    0,    0,    0,    0,    0,    0,    0,    0,    0,    0,    0,    0,    0,    0,    0,    0,    0,    0,    0,    0,    0,    0,    0,    0,    0,    0,    0,    0,    0,    0,    0,    0,    0,    0,    0,    0,    0,    0,    0,    0,    0,    0,    0,    0,    0,    0,    0,    0,    0,    0,    0,    0,    0,    0,    0,    0,    0,    0,    0,    0,    0,    0,    0,    0,    0,    0,    0,    0,    0,    0,    0,    0,    0,    0,    0,    0,    0,    0,    0,    0,    0,    0,    0,    0,    0,    0,    0,    0,    0,    0,    0,    0,    0,    0,    0,    0,    0,    0,    0,    0,    0,    0,    0,    0,    0,    0,    0,    0,    0,    0,    0,    0,    0,    0,    0,    0,    0,    0,    0,    0,    0,    0,    0,    0,    0,    0,    0,    0,    0,    0,    0,    0,    0,    0,    0,    0,    0,    0,    0,    0,    0,    0,    0,    0,    0,    0,    0,    0,    0,    0,    0,    0,    0,    0,    0,    0,    0,    0,    0,    0,    0,    0,    0,    0,    0,    0,    0,    0,    0,    0,    0,    0,    0,    0,    0,    0,    0,    0,    0,    0,    0,    0,    0,    0,    0,    0,    0,    0,    0,    0,    0,    0,    0,   -8,   -8,    0,    0,    0,    0,    0,    0,    0,   -8,  -24,  -24,  -24,    0,    0,    0,    0,    0,    0,    0,    0,    0,    0,  -20,    0,  -28,    0,    0,    0,    0,    0,    0,    0,  -12,   -8,
       0,    0,    0,    0,    0,    0,    0,    0,    0,    0,    0,    0,    0,    0,    0,    0,    0,    0,    0,    0,    0,    0,    0,    0,    0,    0,    0,    0,    0,    0,    0,    0,    0,    0,    0,    0,    0,    0,    0,    0,    0,    0,    0,    0,    0,    0,    0,    0,    0,    0,    0,    0,    0,    0,    0,    0,    0,    0,    0,    0,    0,    0,    0,    0,    0,    0,    0,    0,    0,    0,    0,    0,    0,    0,    0,    0,    0,    0,    0,    0,    0,    0,    0,    0,    0,    0,    0,    0,    0,    0,    0,    0,    0,    0,    0,    0,    0,    0,    0,    0,    0,    0,    0,    0,    0,    0,    0,    0,    0,    0,    0,    0,    0,    0,    0,    0,    0,    0,    0,    0,    0,    0,    0,    0,    0,    0,    0,    0,    0,    0,    0,    0,    0,    0,    0,    0,    0,    0,    0,    0,    0,    0,    0,    0,    0,    0,    0,    0,    0,    0,    0,    0,    0,    0,    0,    0,    0,    0,    0,    0,    0,    0,    0,    0,    0,    0,    0,    0,    0,    0,    0,    0,    0,    0,    0,    0,    0,    0,    0,    0,    0,    0,    0,    0,    0,    0,    0,    0,    0,    0,    0,    0,    0,    0,    0,    0,    0,    0,    0,    0,    0,    0,    0,    0,    0,    0,    0,    0,    0,    0,    0,    0,    0,    0,    0,    0,    0,    0,    0,    0,    0,    0,    0,    0,    0,    0,    0,    0,    0,    0,    0,    0,    0,    0,  -28,  -28,  -28,  -12,    0,    0,    0,    0,    0,    0,    0,    0,    0,    0,    0,    0,    0,    0,    0,
       0,    0,    0,    0,    0,    0,    0,    0,    0,    0,    0,    0,    0,    0,    0,    0,    0,    0,    0,    0,    0,    0,    0,    0,    0,    0,    0,    0,    0,    0,    0,    0,    0,    0,    0,    0,    0,    0,    0,    0,    0,    0,    0,    0,    0,    0,    0,    0,    0,    0,    0,    0,    0,    0,    0,    0,    0,    0,    0,    0,    0,    0,    0,    0,    0,    0,    0,    0,    0,    0,    0,    0,    0,    0,    0,    0,    0,    0,    0,    0,    0,    0,    0,    0,    0,    0,    0,    0,    0,    0,    0,    0,    0,    0,    0,    0,    0,    0,    0,    0,    0,    0,    0,    0,    0,    0,    0,    0,    0,    0,    0,    0,    0,    0,    0,    0,    0,    0,    0,    0,    0,    0,    0,    0,    0,    0,    0,    0,    0,    0,    0,    0,    0,    0,    0,    0,    0,    0,    0,    0,    0,    0,    0,    0,    0,    0,    0,    0,    0,    0,    0,    0,    0,    0,    0,    0,    0,    0,    0,    0,    0,    0,    0,    0,    0,    0,    0,    0,    0,    0,    0,    0,    0,    0,    0,    0,    0,    0,    0,    0,    0,    0,    0,    0,    0,    0,    0,    0,    0,    0,    0,    0,    0,    0,    0,    0,    0,    0,    0,    0,    0,    0,    0,    0,    0,    0,    0,    0,    0,    0,    0,    0,    0,    0,    0,    0,    0,    0,    0,    0,    0,    0,    0,    0,    0,    0,    0,    0,    0,    0,    0,    0,    0,    0,   -8,    0,    0,    0,    0,    0,   -8,    0,    0,    0,    0,    0,    0,    0,    0,    0,    0,    0,    0,
       0,    0,    0,    0,    0,    0,    0,    0,    0,    0,    0,    0,    0,    0,    0,    0,    0,    0,    0,    0,    0,    0,    0,    0,    0,    0,    0,    0,    0,    0,    0,    0,    0,    0,    0,    0,    0,    0,    0,    0,    0,    0,    0,    0,    0,    0,    0,    0,    0,    0,    0,    0,    0,    0,    0,    0,    0,    0,    0,    0,    0,    0,    0,    0,    0,    0,    0,    0,    0,    0,    0,    0,    0,    0,    0,    0,    0,    0,    0,    0,    0,    0,    0,    0,    0,    0,    0,    0,    0,    0,    0,    0,    0,    0,    0,    0,    0,    0,    0,    0,    0,    0,    0,    0,    0,    0,    0,    0,    0,    0,    0,    0,    0,    0,    0,    0,    0,    0,    0,    0,    0,    0,    0,    0,    0,    0,    0,    0,    0,    0,    0,    0,    0,    0,    0,    0,    0,    0,    0,    0,    0,    0,    0,    0,    0,    0,    0,    0,    0,    0,    0,    0,    0,    0,    0,    0,    0,    0,    0,    0,    0,    0,    0,    0,    0,    0,    0,    0,    0,    0,    0,    0,    0,    0,    0,    0,    0,    0,    0,    0,    0,    0,    0,    0,    0,    0,    0,    0,    0,    0,    0,    0,    0,    0,    0,    0,    0,    0,    0,    0,    0,    0,    0,    0,    0,    0,    0,    0,    0,    0,    0,    0,    0,    0,    0,    0,    0,    0,    0,    0,    0,    0,    0,    0,    0,    0,    0,  -12,    0,    0,    0,    0,    0,    0,   -4,    0,    0,    0,    0,    0,    0,    0,    0,    0,    0,    0,    0,    0,    0,    0,    0,    0,    0,
       0,    0,    0,    0,    0,    0,    0,    0,    0,    0,    0,    0,    0,    0,    0,    0,    0,    0,    0,    0,    0,    0,    0,    0,    0,    0,    0,    0,    0,    0,    0,    0,    0,    0,    0,    0,    0,    0,    0,    0,    0,    0,    0,    0,    0,    0,    0,    0,    0,    0,    0,    0,    0,    0,    0,    0,    0,    0,    0,    0,    0,    0,    0,    0,    0,    0,    0,    0,    0,    0,    0,    0,    0,    0,    0,    0,    0,    0,    0,    0,    0,    0,    0,    0,    0,    0,    0,    0,    0,    0,    0,    0,    0,    0,    0,    0,    0,    0,    0,    0,    0,    0,    0,    0,    0,    0,    0,    0,    0,    0,    0,    0,    0,    0,    0,    0,    0,    0,    0,    0,    0,    0,    0,    0,    0,    0,    0,    0,    0,    0,    0,    0,    0,    0,    0,    0,    0,    0,    0,    0,    0,    0,    0,    0,    0,    0,    0,    0,    0,    0,    0,    0,    0,    0,    0,    0,    0,    0,    0,    0,    0,    0,    0,    0,    0,    0,    0,    0,    0,    0,    0,    0,    0,    0,    0,    0,    0,    0,    0,    0,    0,    0,    0,    0,    0,    0,    0,    0,    0,    0,    0,    0,    0,    0,    0,    0,    0,    0,    0,    0,    0,    0,    0,    0,    0,    0,    0,    0,    0,    0,    0,    0,    0,    0,    0,    0,    0,    0,    0,    0,    0,    0,    0,    0,    0,    0,    0,  -12,    0,    0,    0,    0,    0,    0,    0,    0,    0,    0,    0,   -8,    0,    0,    0,    0,    0,    0,    0,    0,    0,    0,    0,  -28,  -20,
       0,    0,    0,    0,    0,    0,    0,    0,    0,    0,    0,    0,    0,    0,    0,    0,    0,    0,    0,    0,    0,    0,    0,    0,    0,    0,    0,    0,    0,    0,    0,    0,    0,    0,    0,    0,    0,    0,    0,    0,    0,    0,    0,    0,    0,    0,    0,    0,    0,    0,    0,    0,    0,    0,    0,    0,    0,    0,    0,    0,    0,    0,    0,    0,    0,    0,    0,    0,    0,    0,    0,    0,    0,    0,    0,    0,    0,    0,    0,    0,    0,    0,    0,    0,    0,    0,    0,    0,    0,    0,    0,    0,    0,    0,    0,    0,    0,    0,    0,    0,    0,    0,    0,    0,    0,    0,    0,    0,    0,    0,    0,    0,    0,    0,    0,    0,    0,    0,    0,    0,    0,    0,    0,    0,    0,    0,    0,    0,    0,    0,    0,    0,    0,    0,    0,    0,    0,    0,    0,    0,    0,    0,    0,    0,    0,    0,    0,    0,    0,    0,    0,    0,    0,    0,    0,    0,    0,    0,    0,    0,    0,    0,    0,    0,    0,    0,    0,    0,    0,    0,    0,    0,    0,    0,    0,    0,    0,    0,    0,    0,    0,    0,    0,    0,    0,    0,    0,    0,    0,    0,    0,    0,    0,    0,    0,    0,    0,    0,    0,    0,    0,    0,    0,    0,    0,    0,    0,    0,    0,    0,    0,    0,    0,    0,    0,    0,    0,    0,    0,    0,    0,    0,    0,    0,    0,    0,    0,  -12,    0,    0,    0,    0,    0,    0,    0,    0,    0,    0,    0,    0,    0,    0,    0,    0,    0,    0,    0,    0,    0,    0,    0,  -28,  -20,
       0,    0,    0,    0,    0,    0,    0,    0,    0,    0,    0,    0,    0,    0,    0,    0,    0,    0,    0,    0,    0,    0,    0,    0,    0,    0,    0,    0,    0,    0,    0,    0,    0,    0,    0,    0,    0,    0,    0,    0,    0,    0,    0,    0,    0,    0,    0,    0,    0,    0,    0,    0,    0,    0,    0,    0,    0,    0,    0,    0,    0,    0,    0,    0,    0,    0,    0,    0,    0,    0,    0,    0,    0,    0,    0,    0,    0,    0,    0,    0,    0,    0,    0,    0,    0,    0,    0,    0,    0,    0,    0,    0,    0,    0,    0,    0,    0,    0,    0,    0,    0,    0,    0,    0,    0,    0,    0,    0,    0,    0,    0,    0,    0,    0,    0,    0,    0,    0,    0,    0,    0,    0,    0,    0,    0,    0,    0,    0,    0,    0,    0,    0,    0,    0,    0,    0,    0,    0,    0,    0,    0,    0,    0,    0,    0,    0,    0,    0,    0,    0,    0,    0,    0,    0,    0,    0,    0,    0,    0,    0,    0,    0,    0,    0,    0,    0,    0,    0,    0,    0,    0,    0,    0,    0,    0,    0,    0,    0,    0,    0,    0,    0,    0,    0,    0,    0,    0,    0,    0,    0,    0,    0,    0,    0,    0,    0,    0,    0,    0,    0,    0,    0,    0,    0,    0,    0,    0,    0,    0,    0,    0,    0,    0,    0,    0,    0,    0,    0,    0,    0,    0,    0,    0,    0,    0,    0,    0,  -12,    0,    0,    0,    0,    0,    0,    0,    0,    0,    0,    0,    0,  -12,    0,    0,    0,    0,    0,    0,    0,    0,    0,    0,  -20,  -12,
       0,    0,    0,    0,    0,    0,    0,    0,    0,    0,    0,    0,    0,    0,    0,    0,    0,    0,    0,    0,    0,    0,    0,    0,    0,    0,    0,    0,    0,    0,    0,    0,    0,    0,    0,    0,    0,    0,    0,    0,    0,    0,    0,    0,    0,    0,    0,    0,    0,    0,    0,    0,    0,    0,    0,    0,    0,    0,    0,    0,    0,    0,    0,    0,    0,    0,    0,    0,    0,    0,    0,    0,    0,    0,    0,    0,    0,    0,    0,    0,    0,    0,    0,    0,    0,    0,    0,    0,    0,    0,    0,    0,    0,    0,    0,    0,    0,    0,    0,    0,    0,    0,    0,    0,    0,    0,    0,    0,    0,    0,    0,    0,    0,    0,    0,    0,    0,    0,    0,    0,    0,    0,    0,    0,    0,    0,    0,    0,    0,    0,    0,    0,    0,    0,    0,    0,    0,    0,    0,    0,    0,    0,    0,    0,    0,    0,    0,    0,    0,    0,    0,    0,    0,    0,    0,    0,    0,    0,    0,    0,    0,    0,    0,    0,    0,    0,    0,    0,    0,    0,    0,    0,    0,    0,    0,    0,    0,    0,    0,    0,    0,    0,    0,    0,    0,    0,    0,    0,    0,    0,    0,    0,    0,    0,    0,    0,    0,    0,    0,    0,    0,    0,    0,    0,    0,    0,    0,    0,    0,    0,    0,    0,    8,    0,    0,    0,    0,    0,    0,    0,    0,    0,    0,    0,    0,    0,    0,  -12,    0,    0,    0,    0,    0,    0,    0,    0,    0,    0,    0,    0,  -12,    0,    0,    0,    0,    0,    0,    0,    0,    0,    0,  -20,    0,
       0,    0,    0,    0,    0,    0,    0,    0,    0,    0,    0,    0,    0,    0,    0,    0,    0,    0,    0,    0,    0,    0,    0,    0,    0,    0,    0,    0,    0,    0,    0,    0,    0,    0,    0,    0,    0,    0,    0,    0,    0,    0,    0,    0,    0,    0,    0,    0,    0,    0,    0,    0,    0,    0,    0,    0,    0,    0,    0,    0,    0,    0,    0,    0,    0,    0,    0,    0,    0,    0,    0,    0,    0,    0,    0,    0,    0,    0,    0,    0,    0,    0,    0,    0,    0,    0,    0,    0,    0,    0,    0,    0,    0,    0,    0,    0,    0,    0,    0,    0,    0,    0,    0,    0,    0,    0,    0,    0,    0,    0,    0,    0,    0,    0,    0,    0,    0,    0,    0,    0,    0,    0,    0,    0,    0,    0,    0,    0,    0,    0,    0,    0,    0,    0,    0,    0,    0,    0,    0,    0,    0,    0,    0,    0,    0,    0,    0,    0,    0,    0,    0,    0,    0,    0,    0,    0,    0,    0,    0,    0,    0,    0,    0,    0,    0,    0,    0,    0,    0,    0,    0,    0,    0,    0,    0,    0,    0,    0,    0,    0,    0,    0,    0,    0,    0,    0,    0,    0,    0,    0,    0,    0,    0,    0,    0,    0,    0,    0,    0,    0,    0,    0,    0,    0,    0,    0,    0,    0,    0,    0,    0,    0,    0,    0,    0,    0,    0,    0,    0,    0,    0,    0,    0,    0,    0,    0,    0,  -12,    0,    0,    0,    0,    0,    0,    0,    0,    0,    0,    0,   -8,    0,   -4,    0,    0,    0,    0,    0,    0,    0,    0,    0,  -12,  -12,
       0,    0,    0,    0,    0,    0,    0,    0,    0,    0,    0,    0,    0,    0,    0,    0,    0,    0,    0,    0,    0,    0,    0,    0,    0,    0,    0,    0,    0,    0,    0,    0,    0,    0,    0,    0,    0,    0,    0,    0,    0,    0,    0,    0,    0,    0,    0,    0,    0,    0,    0,    0,    0,    0,    0,    0,    0,    0,    0,    0,    0,    0,    0,    0,    0,    0,    0,    0,    0,    0,    0,    0,    0,    0,    0,    0,    0,    0,    0,    0,    0,    0,    0,    0,    0,    0,    0,    0,    0,    0,    0,    0,    0,    0,    0,    0,    0,    0,    0,    0,    0,    0,    0,    0,    0,    0,    0,    0,    0,    0,    0,    0,    0,    0,    0,    0,    0,    0,    0,    0,    0,    0,    0,    0,    0,    0,    0,    0,    0,    0,    0,    0,    0,    0,    0,    0,    0,    0,    0,    0,    0,    0,    0,    0,    0,    0,    0,    0,    0,    0,    0,    0,    0,    0,    0,    0,    0,    0,    0,    0,    0,    0,    0,    0,    0,    0,    0,    0,    0,    0,    0,    0,    0,    0,    0,    0,    0,    0,    0,    0,    0,    0,    0,    0,    0,    0,    0,    0,    0,    0,    0,    0,    0,    0,    0,    0,    0,    0,    0,    0,    0,    0,   -8,    0,    0,    0,    0,    0,    0,    0,    0,    0,    0,    0,    0,    0,    0,    0,    0,    0,    0,    0,    0,    0,    0,    0,    0,  -12,    0,    0,    0,    0,    0,    0,    0,    0,    0,    0,    0,    0,    0,    0,    0,    0,    0,    0,    0,    0,    0,    0,    0,  -28,   -8,
       0,    0,    0,    0,    0,    0,    0,    0,    0,    0,    0,    0,    0,    0,    0,    0,    0,    0,    0,    0,    0,    0,    0,    0,    0,    0,    0,    0,    0,    0,    0,    0,    0,    0,    0,    0,    0,    0,    0,    0,    0,    0,    0,    0,    0,    0,    0,    0,    0,    0,    0,    0,    0,    0,    0,    0,    0,    0,    0,    0,    0,    0,    0,    0,    0,    0,    0,    0,    0,    0,    0,    0,    0,    0,    0,    0,    0,    0,    0,    0,    0,    0,    0,    0,    0,    0,    0,    0,    0,    0,    0,    0,    0,    0,    0,    0,    0,    0,    0,    0,    0,    0,    0,    0,    0,    0,    0,    0,    0,    0,    0,    0,    0,    0,    0,    0,    0,    0,    0,    0,    0,    0,    0,    0,    0,    0,    0,    0,    0,    0,    0,    0,    0,    0,    0,    0,    0,    0,    0,    0,    0,    0,    0,    0,    0,    0,    0,    0,    0,    0,    0,    0,    0,    0,    0,    0,    0,    0,    0,    0,    0,    0,    0,    0,    0,    0,    0,    0,    0,    0,    0,    0,    0,    0,    0,    0,    0,    0,    0,    0,    0,    0,    0,    0,    0,    0,    0,    0,    0,    0,    0,    0,    0,    0,    0,    0,    0,    0,    0,    0,    0,    0,    0,    0,    0,    0,    0,    0,    0,    0,    0,    0,    0,    0,    0,    0,    0,    0,    0,    0,    0,    0,    0,    0,    0,    0,    0,    0,    0,    0,    0,    0,    0,    0,    0,    0,    0,    0,    0,   -8,    0,    0,    0,    0,    0,    0,    0,    0,    0,    0,    0,  -20,   -8,
       0,    0,    0,    0,    0,    0,    0,    0,    0,    0,    0,    0,    0,    0,    0,    0,    0,    0,    0,    0,    0,    0,    0,    0,    0,    0,    0,    0,    0,    0,    0,    0,    0,    0,    0,    0,    0,    0,    0,    0,    0,    0,    0,    0,    0,    0,    0,    0,    0,    0,    0,    0,    0,    0,    0,    0,    0,    0,    0,    0,    0,    0,    0,    0,    0,    0,    0,    0,    0,    0,    0,    0,    0,    0,    0,    0,    0,    0,    0,    0,    0,    0,    0,    0,    0,    0,    0,    0,    0,    0,    0,    0,    0,    0,    0,    0,    0,    0,    0,    0,    0,    0,    0,    0,    0,    0,    0,    0,    0,    0,    0,    0,    0,    0,    0,    0,    0,    0,    0,    0,    0,    0,    0,    0,    0,    0,    0,    0,    0,    0,    0,    0,    0,    0,    0,    0,    0,    0,    0,    0,    0,    0,    0,    0,    0,    0,    0,    0,    0,    0,    0,    0,    0,    0,    0,    0,    0,    0,    0,    0,    0,    0,    0,    0,    0,    0,    0,    0,    0,    0,    0,    0,    0,    0,    0,    0,    0,    0,    0,    0,    0,    0,    0,    0,    0,    0,    0,    0,    0,    0,    0,    0,    0,    0,    0,    0,    0,    0,    0,    0,    0,    0,    0,    0,    0,    0,    0,    0,    0,    0,    0,    0,    0,    0,    0,    0,    0,    0,    0,    0,    0,    0,    0,    0,    0,    0,    0,  -12,    0,    0,    0,    0,    0,    0,    0,    0,    0,    0,    0,   -8,    0,    0,    0,    0,    0,    0,    0,    0,    0,    0,    0,  -16,   -8,
       0,    0,    0,    0,    0,    0,    0,    0,    0,    0,    0,    0,    0,    0,    0,    0,    0,    0,    0,    0,    0,    0,    0,    0,    0,    0,    0,    0,    0,    0,    0,    0,    0,    0,    0,    0,    0,    0,    0,    0,    0,    0,    0,    0,    0,    0,    0,    0,    0,    0,    0,    0,    0,    0,    0,    0,    0,    0,    0,    0,    0,    0,    0,    0,    0,    0,    0,    0,    0,    0,    0,    0,    0,    0,    0,    0,    0,    0,    0,    0,    0,    0,    0,    0,    0,    0,    0,    0,    0,    0,    0,    0,    0,    0,    0,    0,    0,    0,    0,    0,    0,    0,    0,    0,    0,    0,    0,    0,    0,    0,    0,    0,    0,    0,    0,    0,    0,    0,    0,    0,    0,    0,    0,    0,    0,    0,    0,    0,    0,    0,    0,    0,    0,    0,    0,    0,    0,    0,    0,    0,    0,    0,    0,    0,    0,    0,    0,    0,    0,    0,    0,    0,    0,    0,    0,    0,    0,    0,    0,    0,    0,    0,    0,    0,    0,    0,    0,    0,    0,    0,    0,    0,    0,    0,    0,    0,    0,    0,    0,    0,    0,    0,    0,    0,    0,    0,    0,    0,    0,    0,    0,    0,    0,    0,    0,    0,    0,    0,    0,  -24,    0,    0,    0,    0,    0,    0,    0,    0,    0,    0,    0,    0,    0,    0,    0,    0,    0,    0,    0,    0,    0,    0,    0,    0,    0,    0,    0,  -12,   -8,    0,    0,    0,    0,    0,    0,    0,    0,    0,    0,  -12,    0,    0,    0,    0,    0,    0,    0,    0,    0,    0,    0,  -16,   -8,
       0,    0,    0,    0,    0,    0,    0,    0,    0,    0,    0,    0,    0,    0,    0,    0,    0,    0,    0,    0,    0,    0,    0,    0,    0,    0,    0,    0,    0,    0,    0,    0,    0,    0,    0,    0,    0,    0,    0,    0,    0,    0,    0,    0,    0,    0,    0,    0,    0,    0,    0,    0,    0,    0,    0,    0,    0,    0,    0,    0,    0,    0,    0,    0,    0,    0,    0,    0,    0,    0,    0,    0,    0,    0,    0,    0,    0,    0,    0,    0,    0,    0,    0,    0,    0,    0,    0,    0,    0,    0,    0,    0,    0,    0,    0,    0,    0,    0,    0,    0,    0,    0,    0,    0,    0,    0,    0,    0,    0,    0,    0,    0,    0,    0,    0,    0,    0,    0,    0,    0,    0,    0,    0,    0,    0,    0,    0,    0,    0,    0,    0,    0,    0,    0,    0,    0,    0,    0,    0,    0,    0,    0,    0,    0,    0,    0,    0,    0,    0,    0,    0,    0,    0,    0,    0,    0,    0,    0,    0,    0,    0,    0,    0,    0,    0,    0,    0,    0,    0,    0,    0,    0,    0,    0,    0,    0,    0,    0,    0,    0,    0,    0,    0,    0,    0,    0,    0,    0,    0,    0,    0,    0,    0,    0,    0,    0,    0,    0,    0,  -28,    0,    0,    0,    0,    0,    0,    0,    0,    0,    0,    0,    0,    0,    0,    0,    0,    0,    0,    0,    0,    0,    0,    0,    0,    0,    0,    0,    0,    0,    0,    0,    0,    0,    0,    0,    0,    0,    0,    0,   -8,    0,    0,    0,    0,    0,    0,    0,    0,    0,    0,    0,  -20,  -16,
       0,    0,    0,    0,    0,    0,    0,    0,    0,    0,    0,    0,    0,    0,    0,    0,    0,    0,    0,    0,    0,    0,    0,    0,    0,    0,    0,    0,    0,    0,    0,    0,    0,    0,    0,    0,    0,    0,    0,    0,    0,    0,    0,    0,    0,    0,    0,    0,    0,    0,    0,    0,    0,    0,    0,    0,    0,    0,    0,    0,    0,    0,    0,    0,    0,    0,    0,    0,    0,    0,    0,    0,    0,    0,    0,    0,    0,    0,    0,    0,    0,    0,    0,    0,    0,    0,    0,    0,    0,    0,    0,    0,    0,    0,    0,    0,    0,    0,    0,    0,    0,    0,    0,    0,    0,    0,    0,    0,    0,    0,    0,    0,    0,    0,    0,    0,    0,    0,    0,    0,    0,    0,    0,    0,    0,    0,    0,    0,    0,    0,    0,    0,    0,    0,    0,    0,    0,    0,    0,    0,    0,    0,    0,    0,    0,    0,    0,    0,    0,    0,    0,    0,    0,    0,    0,    0,    0,    0,    0,    0,    0,    0,    0,    0,    0,    0,    0,    0,    0,    0,    0,    0,    0,    0,    0,    0,    0,    0,    0,    0,    0,    0,    0,    0,    0,    0,    0,    0,    0,    0,    0,    0,    0,    0,    0,    0,    0,    0,    0,    0,    0,    0,    0,    0,    0,    0,    0,    0,    0,    0,    0,    0,    0,    0,    0,    0,    0,    0,    0,    0,    0,    0,    0,    0,    0,    0,    0,   -8,    0,    0,    0,    0,    0,    0,    0,    0,    0,    0,    0,    0,    0,    0,    0,    0,    0,    0,    0,    0,    0,    0,    0,   -8,    0,
       0,    0,    0,    0,    0,    0,    0,    0,    0,    0,    0,    0,    0,    0,    0,    0,    0,    0,    0,    0,    0,    0,    0,    0,    0,    0,    0,    0,    0,    0,    0,    0,    0,    0,    0,    0,    0,    0,    0,    0,    0,    0,    0,    0,    0,    0,    0,    0,    0,    0,    0,    0,    0,    0,    0,    0,    0,    0,    0,    0,    0,    0,    0,    0,    0,    0,    0,    0,    0,    0,    0,    0,    0,    0,    0,    0,    0,    0,    0,    0,    0,    0,    0,    0,    0,    0,    0,    0,    0,    0,    0,    0,    0,    0,    0,    0,    0,    0,    0,    0,    0,    0,    0,    0,    0,    0,    0,    0,    0,    0,    0,    0,    0,    0,    0,    0,    0,    0,    0,    0,    0,    0,    0,    0,    0,    0,    0,    0,    0,    0,    0,    0,    0,    0,    0,    0,    0,    0,    0,    0,    0,    0,    0,    0,    0,    0,    0,    0,    0,    0,    0,    0,    0,    0,    0,    0,    0,    0,    0,    0,    0,    0,    0,    0,    0,    0,    0,    0,    0,    0,    0,    0,    0,    0,    0,    0,    0,    0,    0,    0,    0,    0,    0,    0,    0,    0,    0,    0,    0,    0,    0,    0,    0,    0,    0,    0,    0,    0,    0,    0,    0,    0,    0,    0,    0,    0,    0,    0,    0,    0,    0,    0,    0,    0,    0,    0,    0,    0,    0,    0,    0,    0,    0,    0,    0,    0,    0,  -20,    0,    0,    0,    0,    0,    0,    0,    0,    0,    0,    0,  -12,    0,    0,    0,    0,    0,    0,    0,    0,    0,    0,    0,  -32,  -32,
       0,    0,    0,    0,    0,    0,    0,    0,    0,    0,    0,    0,    0,    0,    0,    0,    0,    0,    0,    0,    0,    0,    0,    0,    0,    0,    0,    0,    0,    0,    0,    0,    0,    0,    0,    0,    0,    0,    0,    0,    0,    0,    0,    0,    0,    0,    0,    0,    0,    0,    0,    0,    0,    0,    0,    0,    0,    0,    0,    0,    0,    0,    0,    0,    0,    0,    0,    0,    0,    0,    0,    0,    0,    0,    0,    0,    0,    0,    0,    0,    0,    0,    0,    0,    0,    0,    0,    0,    0,    0,    0,    0,    0,    0,    0,    0,    0,    0,    0,    0,    0,    0,    0,    0,    0,    0,    0,    0,    0,    0,    0,    0,    0,    0,    0,    0,    0,    0,    0,    0,    0,    0,    0,    0,    0,    0,    0,    0,    0,    0,    0,    0,    0,    0,    0,    0,    0,    0,    0,    0,    0,    0,    0,    0,    0,    0,    0,    0,    0,    0,    0,    0,    0,    0,    0,    0,    0,    0,    0,    0,    0,    0,    0,    0,    0,    0,    0,    0,    0,    0,    0,    0,    0,    0,    0,    0,    0,    0,    0,    0,    0,    0,    0,    0,    0,    0,    0,    0,    0,    0,    0,    0,    0,    0,    0,    0,    0,    0,    0,    0,    0,    0,    0,    0,    0,    0,    0,    0,    0,    0,    0,    0,    0,    0,    0,    0,    0,    0,    0,    0,    0,    0,    0,    0,    0,    0,    0,   -8,    0,    0,    0,    0,    0,    0,    0,    0,    0,    0,    0,    0,    0,    0,    0,    0,    0,    0,    0,    0,    0,    0,    0,    0,    0,
       0,    0,    0,    0,    0,    0,    0,    0,    0,    0,    0,    0,    0,    0,    0,    0,    0,    0,    0,    0,    0,    0,    0,    0,    0,    0,    0,    0,    0,    0,    0,    0,    0,    0,    0,    0,    0,    0,    0,    0,    0,    0,    0,    0,    0,    0,    0,    0,    0,    0,    0,    0,    0,    0,    0,    0,    0,    0,    0,    0,    0,    0,    0,    0,    0,    0,    0,    0,    0,    0,    0,    0,    0,    0,    0,    0,    0,    0,    0,    0,    0,    0,    0,    0,    0,    0,    0,    0,    0,    0,    0,    0,    0,    0,    0,    0,    0,    0,    0,    0,    0,    0,    0,    0,    0,    0,    0,    0,    0,    0,    0,    0,    0,    0,    0,    0,    0,    0,    0,    0,    0,    0,    0,    0,    0,    0,    0,    0,    0,    0,    0,    0,    0,    0,    0,    0,    0,    0,    0,    0,    0,    0,    0,    0,    0,    0,    0,    0,    0,    0,    0,    0,    0,    0,    0,    0,    0,    0,    0,    0,    0,    0,    0,    0,    0,    0,    0,    0,    0,    0,    0,    0,    0,    0,    0,    0,    0,    0,    0,    0,    0,    0,    0,    0,    0,    0,    0,    0,    0,    0,    0,    0,    0,    0,    0,    0,    0,    0,    0,    0,    0,    0,    0,    0,    0,    0,    0,    0,    0,   -8,    0,    0,    0,    0,    0,    0,    0,    0,    0,    0,    0,    0,    0,    0,    0,    0,    0,    0,    0,    0,    0,    0,    0,    0,    0,    0,    0,    0,    0,    0,    0,    0,    0,    0,    0,    0,    0,    0,    0,    0,    0,    0,    0,
       0,    0,    0,    0,    0,    0,    0,    0,    0,    0,    0,    0,    0,    0,    0,    0,    0,    0,    0,    0,    0,    0,    0,    0,    0,    0,    0,    0,    0,    0,    0,    0,    0,    0,    0,    0,    0,    0,    0,    0,    0,    0,    0,    0,    0,    0,    0,    0,    0,    0,    0,    0,    0,    0,    0,    0,    0,    0,    0,    0,    0,    0,    0,    0,    0,    0,    0,    0,    0,    0,    0,    0,    0,    0,    0,    0,    0,    0,    0,    0,    0,    0,    0,    0,    0,    0,    0,    0,    0,    0,    0,    0,    0,    0,    0,    0,    0,    0,    0,    0,    0,    0,    0,    0,    0,    0,    0,    0,    0,    0,    0,    0,    0,    0,    0,    0,    0,    0,    0,    0,    0,    0,    0,    0,    0,    0,    0,    0,    0,    0,    0,    0,    0,    0,    0,    0,    0,    0,    0,    0,    0,    0,    0,    0,    0,    0,    0,    0,    0,    0,    0,    0,    0,    0,    0,    0,    0,    0,    0,    0,    0,    0,    0,    0,    0,    0,    0,    0,    0,    0,    0,    0,    0,    0,    0,    0,    0,    0,    0,    0,    0,    0,    0,    0,    0,    0,    0,    0,    0,    0,    0,    0,    0,    0,    0,    0,    0,   -8,    0,  -16,    0,    0,   -8,    0,  -12,    0,    0,    0,    0,    0,    0,    0,    0,    0,    0,    0,    0,    0,   -8,    0,    0,    0,    0,    0,    0,    0,    0,    0,    0,    0,    0,    0,    0,    0,    0,    0,    0,    0,    0,    0,    0,    0,    0,   -8,    0,    0,    0,    0,    0,    0,    0,    0,    0,
       0,    0,    0,    0,    0,    0,    0,    0,    0,    0,    0,    0,    0,    0,    0,    0,    0,    0,    0,    0,    0,    0,    0,    0,    0,    0,    0,    0,    0,    0,    0,    0,    0,    0,    0,    0,    0,    0,    0,    0,    0,    0,    0,    0,    0,    0,    0,    0,    0,    0,    0,    0,    0,    0,    0,    0,    0,    0,    0,    0,    0,    0,    0,    0,    0,    0,    0,    0,    0,    0,    0,    0,    0,    0,    0,    0,    0,    0,    0,    0,    0,    0,    0,    0,    0,    0,    0,    0,    0,    0,    0,    0,    0,    0,    0,    0,    0,    0,    0,    0,    0,    0,    0,    0,    0,    0,    0,    0,    0,    0,    0,    0,    0,    0,    0,    0,    0,    0,    0,    0,    0,    0,    0,    0,    0,    0,    0,    0,    0,    0,    0,    0,    0,    0,    0,    0,    0,    0,    0,    0,    0,    0,    0,    0,    0,    0,    0,    0,    0,    0,    0,    0,    0,    0,    0,    0,    0,    0,    0,    0,    0,    0,    0,    0,    0,    0,    0,    0,    0,    0,    0,    0,    0,    0,    0,    0,    0,    0,    0,    0,    0,    0,    0,    0,    0,    0,    0,    0,    0,    0,    0,    0,    0,    0,    0,    0,    0,    0,    0,    0,   -8,    0,    0,    0,    0,    0,    0,    0,    0,    0,    0,    0,    0,    0,    0,    0,    0,    0,    0,    0,    0,    0,    0,   12,    0,    0,    0,    0,    0,    0,    0,    0,    0,    0,    0,    0,    0,    0,    0,    0,    0,    0,    0,    0,    0,    0,    0,    0,    0,    0,    0,    0,    0,
       0,    0,    0,    0,    0,    0,    0,    0,    0,    0,    0,    0,    0,    0,    0,    0,    0,    0,    0,    0,    0,    0,    0,    0,    0,    0,    0,    0,    0,    0,    0,    0,    0,    0,    0,    0,    0,    0,    0,    0,    0,    0,    0,    0,    0,    0,    0,    0,    0,    0,    0,    0,    0,    0,    0,    0,    0,    0,    0,    0,    0,    0,    0,    0,    0,    0,    0,    0,    0,    0,    0,    0,    0,    0,    0,    0,    0,    0,    0,    0,    0,    0,    0,    0,    0,    0,    0,    0,    0,    0,    0,    0,    0,    0,    0,    0,    0,    0,    0,    0,    0,    0,    0,    0,    0,    0,    0,    0,    0,    0,    0,    0,    0,    0,    0,    0,    0,    0,    0,    0,    0,    0,    0,    0,    0,    0,    0,    0,    0,    0,    0,    0,    0,    0,    0,    0,    0,    0,    0,    0,    0,    0,    0,    0,    0,    0,    0,    0,    0,    0,    0,    0,    0,    0,    0,    0,    0,    0,    0,    0,    0,    0,    0,    0,    0,    0,    0,    0,    0,    0,    0,    0,    0,    0,    0,    0,    0,    0,    0,    0,    0,    0,    0,    0,    0,    0,    0,    0,    0,    0,    0,    0,    0,    0,    0,    0,    0,    0,    0,    0,    0,    0,    0,    0,    0,    0,    0,    0,    0,    0,    0,    0,    0,    0,    0,    0,    0,    0,    0,    0,    0,    0,    0,   12,   12,    0,    0,    0,    0,    0,    0,    0,    0,    0,    0,    0,    0,    0,    0,    0,    0,    0,    0,    0,    0,    0,    0,    0,   20,    0,    0,    4,    4,
       0,    0,    0,    0,    0,    0,    0,    0,    0,    0,    0,    0,    0,    0,    0,    0,    0,    0,    0,    0,    0,    0,    0,    0,    0,    0,    0,    0,    0,    0,    0,    0,    0,    0,    0,    0,    0,    0,    0,    0,    0,    0,    0,    0,    0,    0,    0,    0,    0,    0,    0,    0,    0,    0,    0,    0,    0,    0,    0,    0,    0,    0,    0,    0,    0,    0,    0,    0,    0,    0,    0,    0,    0,    0,    0,    0,    0,    0,    0,    0,    0,    0,    0,    0,    0,    0,    0,    0,    0,    0,    0,    0,    0,    0,    0,    0,    0,    0,    0,    0,    0,    0,    0,    0,    0,    0,    0,    0,    0,    0,    0,    0,    0,    0,    0,    0,    0,    0,    0,    0,    0,    0,    0,    0,    0,    0,    0,    0,    0,    0,    0,    0,    0,    0,    0,    0,    0,    0,    0,    0,    0,    0,    0,    0,    0,    0,    0,    0,    0,    0,    0,    0,    0,    0,    0,    0,    0,    0,    0,    0,    0,    0,    0,    0,    0,    0,    0,    0,    0,    0,    0,    0,    0,    0,    0,    0,    0,    0,    0,    0,    0,    0,    0,    0,    0,    0,    0,    0,    0,    0,    0,    0,    0,    0,    0,    0,    0,    0,    0,    0,    0,    0,    0,    0,    0,    0,    0,    0,    0,    0,    0,    0,    0,    0,    0,    0,    0,    0,    0,    0,    0,    0,    0,   12,   12,    0,    0,    0,    0,    0,    0,    0,    0,    0,    0,    0,    0,    0,    0,    0,    0,    0,    0,    0,    0,    0,    0,    0,   20,    0,    0,    0,    0,
       0,    0,    0,    0,    0,    0,    0,    0,    0,    0,    0,    0,    0,    0,    0,    0,    0,    0,    0,    0,    0,    0,    0,    0,    0,    0,    0,    0,    0,    0,    0,    0,    0,    0,    0,    0,    0,    0,    0,    0,    0,    0,    0,    0,    0,    0,    0,    0,    0,    0,    0,    0,    0,    0,    0,    0,    0,    0,    0,    0,    0,    0,    0,    0,    0,    0,    0,    0,    0,    0,    0,    0,    0,    0,    0,    0,    0,    0,    0,    0,    0,    0,    0,    0,    0,    0,    0,    0,    0,    0,    0,    0,    0,    0,    0,    0,    0,    0,    0,    0,    0,    0,    0,    0,    0,    0,    0,    0,    0,    0,    0,    0,    0,    0,    0,    0,    0,    0,    0,    0,    0,    0,    0,    0,    0,    0,    0,    0,    0,    0,    0,    0,    0,    0,    0,    0,    0,    0,    0,    0,    0,    0,    0,    0,    0,    0,    0,    0,    0,    0,    0,    0,    0,    0,    0,    0,    0,    0,    0,    0,    0,    0,    0,    0,    0,    0,    0,    0,    0,    0,    0,    0,    0,    0,    0,    0,    0,    0,    0,    0,    0,    0,    0,    0,    0,    0,    0,    0,    0,    0,    0,    0,    0,    0,    0,    0,    0,    0,    0,   -8,    0,    0,    0,    0,    0,    0,    0,    0,    0,    0,    0,    0,    0,    0,    0,    0,    0,    0,    0,    0,    0,    0,    0,    0,    0,    0,    0,    0,    0,    0,    0,    0,    0,    0,    0,    0,    0,    0,    0,    0,    0,    0,    0,    0,    0,    0,    0,    0,    0,    0,    0,    0,    0,
       0,    0,    0,    0,    0,    0,    0,    0,    0,    0,    0,    0,    0,    0,    0,    0,    0,    0,    0,    0,    0,    0,    0,    0,    0,    0,    0,    0,    0,    0,    0,    0,    0,    0,    0,    0,    0,    0,    0,    0,    0,    0,    0,    0,    0,    0,    0,    0,    0,    0,    0,    0,    0,    0,    0,    0,    0,    0,    0,    0,    0,    0,    0,    0,    0,    0,    0,    0,    0,    0,    0,    0,    0,    0,    0,    0,    0,    0,    0,    0,    0,    0,    0,    0,    0,    0,    0,    0,    0,    0,    0,    0,    0,    0,    0,    0,    0,    0,    0,    0,    0,    0,    0,    0,    0,    0,    0,    0,    0,    0,    0,    0,    0,    0,    0,    0,    0,    0,    0,    0,    0,    0,    0,    0,    0,    0,    0,    0,    0,    0,    0,    0,    0,    0,    0,    0,    0,    0,    0,    0,    0,    0,    0,    0,    0,    0,    0,    0,    0,    0,    0,    0,    0,    0,    0,    0,    0,    0,    0,    0,    0,    0,    0,    0,    0,    0,    0,    0,    0,    0,    0,    0,    0,    0,    0,    0,    0,    0,    0,    0,    0,    0,    0,    0,    0,    0,    0,    0,    0,    0,    0,    0,    0,    0,    0,    0,    0,    0,    0,   -8,    0,    0,    0,    0,    0,    0,    0,    0,   -4,    0,    0,    0,    0,    0,    0,    0,    0,    0,    0,    0,    0,    0,    0,    0,    0,    0,    0,    0,    0,    0,    0,    0,    0,    0,    0,    0,    0,    0,    0,  -12,    0,    0,    0,    0,    0,    0,    0,    0,    8,    0,    0,   -8,   -8,
       0,    0,    0,    0,    0,    0,    0,    0,    0,    0,    0,    0,    0,    0,    0,    0,    0,    0,    0,    0,    0,    0,    0,    0,    0,    0,    0,    0,    0,    0,    0,    0,    0,    0,    0,    0,    0,    0,    0,    0,    0,    0,    0,    0,    0,    0,    0,    0,    0,    0,    0,    0,    0,    0,    0,    0,    0,    0,    0,    0,    0,    0,    0,    0,    0,    0,    0,    0,    0,    0,    0,    0,    0,    0,    0,    0,    0,    0,    0,    0,    0,    0,    0,    0,    0,    0,    0,    0,    0,    0,    0,    0,    0,    0,    0,    0,    0,    0,    0,    0,    0,    0,    0,    0,    0,    0,    0,    0,    0,    0,    0,    0,    0,    0,    0,    0,    0,    0,    0,    0,    0,    0,    0,    0,    0,    0,    0,    0,    0,    0,    0,    0,    0,    0,    0,    0,    0,    0,    0,    0,    0,    0,    0,    0,    0,    0,    0,    0,    0,    0,    0,    0,    0,    0,    0,    0,    0,    0,    0,    0,    0,    0,    0,    0,    0,    0,    0,    0,    0,    0,    0,    0,    0,    0,    0,    0,    0,    0,    0,    0,    0,    0,    0,    0,    0,    0,    0,    0,    0,    0,    0,    0,    0,    0,    0,    0,    0,    0,    0,  -12,    0,    0,    0,    0,    0,    0,    0,    0,    0,    0,    0,    0,    0,    0,    0,    0,    0,    0,    0,    0,    0,    0,    0,    0,    0,    0,    0,    0,    0,    0,    0,    0,    0,    0,    0,    0,    0,    0,    0,    0,    0,    0,    0,    0,    0,    0,    0,    0,    0,    0,    0,  -20,   -8,
       0,    0,    0,    0,    0,    0,    0,    0,    0,    0,    0,    0,    0,    0,    0,    0,    0,    0,    0,    0,    0,    0,    0,    0,    0,    0,    0,    0,    0,    0,    0,    0,    0,    0,    0,    0,    0,    0,    0,    0,    0,    0,    0,    0,    0,    0,    0,    0,    0,    0,    0,    0,    0,    0,    0,    0,    0,    0,    0,    0,    0,    0,    0,    0,    0,    0,    0,    0,    0,    0,    0,    0,    0,    0,    0,    0,    0,    0,    0,    0,    0,    0,    0,    0,    0,    0,    0,    0,    0,    0,    0,    0,    0,    0,    0,    0,    0,    0,    0,    0,    0,    0,    0,    0,    0,    0,    0,    0,    0,    0,    0,    0,    0,    0,    0,    0,    0,    0,    0,    0,    0,    0,    0,    0,    0,    0,    0,    0,    0,    0,    0,    0,    0,    0,    0,    0,    0,    0,    0,    0,    0,    0,    0,    0,    0,    0,    0,    0,    0,    0,    0,    0,    0,    0,    0,    0,    0,    0,    0,    0,    0,    0,    0,    0,    0,    0,    0,    0,    0,    0,    0,    0,    0,    0,    0,    0,    0,    0,    0,    0,    0,    0,    0,    0,    0,    0,    0,    0,    0,    0,    0,    0,    0,    0,    0,    0,    0,    0,    0,  -12,    0,    0,    0,    0,    0,    0,    0,    0,    0,    0,    0,    0,    0,    0,    0,    0,    0,    0,    0,    0,    0,    0,    0,    0,    0,    0,    0,    0,    0,    0,    0,    0,    0,    0,    0,    0,    0,    0,    0,    0,    0,    0,    0,   -8,    0,    0,    0,    0,    0,    0,    0,  -20,   -8,
       0,    0,    0,    0,    0,    0,    0,    0,    0,    0,    0,    0,    0,    0,    0,    0,    0,    0,    0,    0,    0,    0,    0,    0,    0,    0,    0,    0,    0,    0,    0,    0,    0,    0,    0,    0,    0,    0,    0,    0,    0,    0,    0,    0,    0,    0,    0,    0,    0,    0,    0,    0,    0,    0,    0,    0,    0,    0,    0,    0,    0,    0,    0,    0,    0,    0,    0,    0,    0,    0,    0,    0,    0,    0,    0,    0,    0,    0,    0,    0,    0,    0,    0,    0,    0,    0,    0,    0,    0,    0,    0,    0,    0,    0,    0,    0,    0,    0,    0,    0,    0,    0,    0,    0,    0,    0,    0,    0,    0,    0,    0,    0,    0,    0,    0,    0,    0,    0,    0,    0,    0,    0,    0,    0,    0,    0,    0,    0,    0,    0,    0,    0,    0,    0,    0,    0,    0,    0,    0,    0,    0,    0,    0,    0,    0,    0,    0,    0,    0,    0,    0,    0,    0,    0,    0,    0,    0,    0,    0,    0,    0,    0,    0,    0,    0,    0,    0,    0,    0,    0,    0,    0,    0,    0,    0,    0,    0,    0,    0,    0,    0,    0,    0,    0,    0,    0,    0,    0,    0,    0,    0,    0,    0,    0,    0,    0,    0,    0,    0,    0,    0,    0,    0,    0,    0,    0,    0,    0,    0,    0,    0,    0,    0,    0,    0,    0,    0,    0,    0,    0,    0,    0,    0,    0,    0,    0,    0,  -12,    0,    0,    0,    0,    0,    0,    0,    0,    0,    0,    0,    0,    0,    0,    0,    0,    0,    0,    0,    0,    0,    0,    0,  -20,  -12,
       0,    0,    0,    0,    0,    0,    0,    0,    0,    0,    0,    0,    0,    0,    0,    0,    0,    0,    0,    0,    0,    0,    0,    0,    0,    0,    0,    0,    0,    0,    0,    0,    0,    0,    0,    0,    0,    0,    0,    0,    0,    0,    0,    0,    0,    0,    0,    0,    0,    0,    0,    0,    0,    0,    0,    0,    0,    0,    0,    0,    0,    0,    0,    0,    0,    0,    0,    0,    0,    0,    0,    0,    0,    0,    0,    0,    0,    0,    0,    0,    0,    0,    0,    0,    0,    0,    0,    0,    0,    0,    0,    0,    0,    0,    0,    0,    0,    0,    0,    0,    0,    0,    0,    0,    0,    0,    0,    0,    0,    0,    0,    0,    0,    0,    0,    0,    0,    0,    0,    0,    0,    0,    0,    0,    0,    0,    0,    0,    0,    0,    0,    0,    0,    0,    0,    0,    0,    0,    0,    0,    0,    0,    0,    0,    0,    0,    0,    0,    0,    0,    0,    0,    0,    0,    0,    0,    0,    0,    0,    0,    0,    0,    0,    0,    0,    0,    0,    0,    0,    0,    0,    0,    0,    0,    0,    0,    0,    0,    0,    0,    0,    0,    0,    0,    0,    0,    0,    0,    0,    0,    0,    0,    0,    0,    0,    0,    0,    0,    0,    0,    0,    0,    0,    0,    0,    0,    0,    0,    0,    0,    0,    0,    0,    0,    0,    0,    0,    0,    0,    0,    0,    0,    0,    0,    0,    0,    0,    0,    0,    0,    0,  -24,  -24,  -24,    0,    0,    0,    0,    0,    0,    0,    0,    0,    0,    0,  -20,    0,    0,    0,    0,    0,    0,    0,
       0,    0,    0,    0,    0,    0,    0,    0,    0,    0,    0,    0,    0,    0,    0,    0,    0,    0,    0,    0,    0,    0,    0,    0,    0,    0,    0,    0,    0,    0,    0,    0,    0,    0,    0,    0,    0,    0,    0,    0,    0,    0,    0,    0,    0,    0,    0,    0,    0,    0,    0,    0,    0,    0,    0,    0,    0,    0,    0,    0,    0,    0,    0,    0,    0,    0,    0,    0,    0,    0,    0,    0,    0,    0,    0,    0,    0,    0,    0,    0,    0,    0,    0,    0,    0,    0,    0,    0,    0,    0,    0,    0,    0,    0,    0,    0,    0,    0,    0,    0,    0,    0,    0,    0,    0,    0,    0,    0,    0,    0,    0,    0,    0,    0,    0,    0,    0,    0,    0,    0,    0,    0,    0,    0,    0,    0,    0,    0,    0,    0,    0,    0,    0,    0,    0,    0,    0,    0,    0,    0,    0,    0,    0,    0,    0,    0,    0,    0,    0,    0,    0,    0,    0,    0,    0,    0,    0,    0,    0,    0,    0,    0,    0,    0,    0,    0,    0,    0,    0,    0,    0,    0,    0,    0,    0,    0,    0,    0,    0,    0,    0,    0,    0,    0,    0,    0,    0,    0,    0,    0,    0,    0,    0,    0,    0,    0,    0,    0,    0,    0,   -8,    0,    0,    0,    0,    0,    0,    0,    0,    0,    0,    0,    0,    0,    0,    0,    0,    0,    0,    0,    0,    0,    0,    0,    0,    0,    0,  -32,   -8,   -8,   -8,    0,    0,    0,    0,    0,    0,    0,    0,  -12,   -8,    0,    0,    0,    0,    0,    0,    0,    0,    0,    0,  -28,  -20,
       0,    0,    0,    0,    0,    0,    0,    0,    0,    0,    0,    0,    0,    0,    0,    0,    0,    0,    0,    0,    0,    0,    0,    0,    0,    0,    0,    0,    0,    0,    0,    0,    0,    0,    0,    0,    0,    0,    0,    0,    0,    0,    0,    0,    0,    0,    0,    0,    0,    0,    0,    0,    0,    0,    0,    0,    0,    0,    0,    0,    0,    0,    0,    0,    0,    0,    0,    0,    0,    0,    0,    0,    0,    0,    0,    0,    0,    0,    0,    0,    0,    0,    0,    0,    0,    0,    0,    0,    0,    0,    0,    0,    0,    0,    0,    0,    0,    0,    0,    0,    0,    0,    0,    0,    0,    0,    0,    0,    0,    0,    0,    0,    0,    0,    0,    0,    0,    0,    0,    0,    0,    0,    0,    0,    0,    0,    0,    0,    0,    0,    0,    0,    0,    0,    0,    0,    0,    0,    0,    0,    0,    0,    0,    0,    0,    0,    0,    0,    0,    0,    0,    0,    0,    0,    0,    0,    0,    0,    0,    0,    0,    0,    0,    0,    0,    0,    0,    0,    0,    0,    0,    0,    0,    0,    0,    0,    0,    0,    0,    0,    0,    0,    0,    0,    0,    0,    0,    0,    0,    0,    0,    0,    0,    0,    0,    0,    0,    0,   -8,    0,    0,    0,    0,    0,    0,    0,    0,    0,    0,    0,    0,    0,    0,    0,    0,    0,    0,    0,    0,    0,    0,    0,    0,    0,    0,    0,    0,    0,    0,    0,    0,    0,    0,    0,    0,    0,    0,    0,    0,    0,    0,    0,    0,    0,    0,    0,    0,   -8,    0,    0,    0,    0,    0,
       0,    0,    0,    0,    0,    0,    0,    0,    0,    0,    0,    0,    0,    0,    0,    0,    0,    0,    0,    0,    0,    0,    0,    0,    0,    0,    0,    0,    0,    0,    0,    0,    0,    0,    0,    0,    0,    0,    0,    0,    0,    0,    0,    0,    0,    0,    0,    0,    0,    0,    0,    0,    0,    0,    0,    0,    0,    0,    0,    0,    0,    0,    0,    0,    0,    0,    0,    0,    0,    0,    0,    0,    0,    0,    0,    0,    0,    0,    0,    0,    0,    0,    0,    0,    0,    0,    0,    0,    0,    0,    0,    0,    0,    0,    0,    0,    0,    0,    0,    0,    0,    0,    0,    0,    0,    0,    0,    0,    0,    0,    0,    0,    0,    0,    0,    0,    0,    0,    0,    0,    0,    0,    0,    0,    0,    0,    0,    0,    0,    0,    0,    0,    0,    0,    0,    0,    0,    0,    0,    0,    0,    0,    0,    0,    0,    0,    0,    0,    0,    0,    0,    0,    0,    0,    0,    0,    0,    0,    0,    0,    0,    0,    0,    0,    0,    0,    0,    0,    0,    0,    0,    0,    0,    0,    0,    0,    0,    0,    0,    0,    0,   -8,   -8,   -8,    0,    0,    0,    0,    0,    0,    0,    0,    0,    0,    0,    0,    0,    0,    0,    0,    0,    0,    0,    0,    0,    0,    0,    0,    0,    0,    0,    0,    0,    0,    0,    0,    0,    0,    0,    0,    0,    0,    0,    0,    0,    0,    0,    0,    0,    0,    0,    0,    0,    0,    0,    0,    0,    0,    0,    0,    0,    0,    0,    0,    0,    0,    0,    0,    0,    0,    0,    0,    0,
       0,    0,    0,    0,    0,    0,    0,    0,    0,    0,    0,    0,    0,    0,    0,    0,    0,    0,    0,    0,    0,    0,    0,    0,    0,    0,    0,    0,    0,    0,    0,    0,    0,    0,    0,    0,    0,    0,    0,    0,    0,    0,    0,    0,    0,    0,    0,    0,    0,    0,    0,    0,    0,    0,    0,    0,    0,    0,    0,    0,    0,    0,    0,    0,    0,    0,    0,    0,    0,    0,    0,    0,    0,    0,    0,    0,    0,    0,    0,    0,    0,    0,    0,    0,    0,    0,    0,    0,    0,    0,    0,    0,    0,    0,    0,    0,    0,    0,    0,    0,    0,    0,    0,    0,    0,    0,    0,    0,    0,    0,    0,    0,    0,    0,    0,    0,    0,    0,    0,    0,    0,    0,    0,    0,    0,    0,    0,    0,    0,    0,    0,    0,    0,    0,    0,    0,    0,    0,    0,    0,    0,    0,    0,    0,    0,    0,    0,    0,    0,    0,    0,    0,    0,    0,    0,    0,    0,    0,    0,    0,    0,    0,    0,    0,    0,    0,    0,    0,    0,    0,    0,    0,    0,    0,    0,    0,    0,    0,    0,    0,    0,    0,    0,    0,    0,    0,    0,    0,    0,    0,    0,    0,    0,    0,    0,    0,    0,    0,    0,    0,    0,    0,    0,    0,    0,    0,    0,    0,    0,    0,    0,    0,   -8,   -8,   -8,    0,    0,    0,    0,    0,    0,    0,    0,    0,    0,    0,    0,   -8,   -4,   -4,   -4,    0,    0,    0,    0,    0,    0,    0,    0,  -12,  -12,    0,    0,    0,    0,    0,    0,    0,    0,    0,    0,  -20,   -8,
       0,    0,    0,    0,    0,    0,    0,    0,    0,    0,    0,    0,    0,    0,    0,    0,    0,    0,    0,    0,    0,    0,    0,    0,    0,    0,    0,    0,    0,    0,    0,    0,    0,    0,    0,    0,    0,    0,    0,    0,    0,    0,    0,    0,    0,    0,    0,    0,    0,    0,    0,    0,    0,    0,    0,    0,    0,    0,    0,    0,    0,    0,    0,    0,    0,    0,    0,    0,    0,    0,    0,    0,    0,    0,    0,    0,    0,    0,    0,    0,    0,    0,    0,    0,    0,    0,    0,    0,    0,    0,    0,    0,    0,    0,    0,    0,    0,    0,    0,    0,    0,    0,    0,    0,    0,    0,    0,    0,    0,    0,    0,    0,    0,    0,    0,    0,    0,    0,    0,    0,    0,    0,    0,    0,    0,    0,    0,    0,    0,    0,    0,    0,    0,    0,    0,    0,    0,    0,    0,    0,    0,    0,    0,    0,    0,    0,    0,    0,    0,    0,    0,    0,    0,    0,    0,    0,    0,    0,    0,    0,    0,    0,    0,    0,    0,    0,    0,    0,    0,    0,    0,    0,    0,    0,    0,    0,    0,    0,    0,    0,    0,    0,    0,    0,    0,    0,    0,    0,    0,    0,    0,    0,    0,    0,    0,    0,    0,    0,    0,    0,    0,    0,    0,    0,    0,    0,    0,    0,    0,    0,    0,    0,    0,    0,    0,    0,    0,    0,    0,    0,    0,    0,    0,    0,    0,    0,    0,    0,    0,    0,    0,    0,    0,    0,    0,    0,    0,    0,    0,    0,    0,    0,    0,    0,    0,    0,    0,    0,    0,    0,    0,  -12,  -16,
       0,    0,    0,    0,    0,    0,    0,    0,    0,    0,    0,    0,    0,    0,    0,    0,    0,    0,    0,    0,    0,    0,    0,    0,    0,    0,    0,    0,    0,    0,    0,    0,    0,    0,    0,    0,    0,    0,    0,    0,    0,    0,    0,    0,    0,    0,    0,    0,    0,    0,    0,    0,    0,    0,    0,    0,    0,    0,    0,    0,    0,    0,    0,    0,    0,    0,    0,    0,    0,    0,    0,    0,    0,    0,    0,    0,    0,    0,    0,    0,    0,    0,    0,    0,    0,    0,    0,    0,    0,    0,    0,    0,    0,    0,    0,    0,    0,    0,    0,    0,    0,    0,    0,    0,    0,    0,    0,    0,    0,    0,    0,    0,    0,    0,    0,    0,    0,    0,    0,    0,    0,    0,    0,    0,    0,    0,    0,    0,    0,    0,    0,    0,    0,    0,    0,    0,    0,    0,    0,    0,    0,    0,    0,    0,    0,    0,    0,    0,    0,    0,    0,    0,    0,    0,    0,    0,    0,    0,    0,    0,    0,    0,    0,    0,    0,    0,    0,    0,    0,    0,    0,    0,    0,    0,    0,    0,    0,    0,    0,    0,    0,    0,    0,    0,    0,    0,    0,    0,    0,    0,    0,    0,    0,    0,    0,    0,    0,    0,    0,    0,    0,    0,    0,    0,    0,  -12,    0,    0,    0,   -8,    0,    0,    0,    0,    0,    0,    0,    0,    0,    0,    0,    0,    0,    0,    0,    0,    0,    0,    0,    0,    0,    0,    0,    0,    0,    0,    0,    0,    0,   -8,    0,    0,    0,    0,    0,    0,    0,    0,   -8,    0,    0,    0,    0,
       0,    0,    0,    0,    0,    0,    0,    0,    0,    0,    0,    0,    0,    0,    0,    0,    0,    0,    0,    0,    0,    0,    0,    0,    0,    0,    0,    0,    0,    0,    0,    0,    0,    0,    0,    0,    0,    0,    0,    0,    0,    0,    0,    0,    0,    0,    0,    0,    0,    0,    0,    0,    0,    0,    0,    0,    0,    0,    0,    0,    0,    0,    0,    0,    0,    0,    0,    0,    0,    0,    0,    0,    0,    0,    0,    0,    0,    0,    0,    0,    0,    0,    0,    0,    0,    0,    0,    0,    0,    0,    0,    0,    0,    0,    0,    0,    0,    0,    0,    0,    0,    0,    0,    0,    0,    0,    0,    0,    0,    0,    0,    0,    0,    0,    0,    0,    0,    0,    0,    0,    0,    0,    0,    0,    0,    0,    0,    0,    0,    0,    0,    0,    0,    0,    0,    0,    0,    0,    0,    0,    0,    0,    0,    0,    0,    0,    0,    0,    0,    0,    0,    0,    0,    0,    0,    0,    0,    0,    0,    0,    0,    0,    0,    0,    0,    0,    0,    0,    0,    0,    0,    0,    0,    0,    0,    0,    0,    0,    0,    0,    0,    0,    0,    0,    0,    0,    0,    0,    0,    0,    0,    0,    0,    0,    0,    0,    0,    0,    0,    0,    0,    0,    0,    0,    0,    0,    0,    0,    0,    0,    0,    0,    0,    0,    0,    0,    0,    0,    0,    0,    0,    0,    0,    0,    0,    0,    0,    0,    0,    0,    0,    0,    0,    0,    0,    0,    0,    0,    0,   -8,    0,    0,    0,    0,    0,    0,    0,    0,    0,    0,    0,    0,    0,
       0,    0,    0,    0,    0,    0,    0,    0,    0,    0,    0,    0,    0,    0,    0,    0,    0,    0,    0,    0,    0,    0,    0,    0,    0,    0,    0,    0,    0,    0,    0,    0,    0,    0,    0,    0,    0,    0,    0,    0,    0,    0,    0,    0,    0,    0,    0,    0,    0,    0,    0,    0,    0,    0,    0,    0,    0,    0,    0,    0,    0,    0,    0,    0,    0,    0,    0,    0,    0,    0,    0,    0,    0,    0,    0,    0,    0,    0,    0,    0,    0,    0,    0,    0,    0,    0,    0,    0,    0,    0,    0,    0,    0,    0,    0,    0,    0,    0,    0,    0,    0,    0,    0,    0,    0,    0,    0,    0,    0,    0,    0,    0,    0,    0,    0,    0,    0,    0,    0,    0,    0,    0,    0,    0,    0,    0,    0,    0,    0,    0,    0,    0,    0,    0,    0,    0,    0,    0,    0,    0,    0,    0,    0,    0,    0,    0,    0,    0,    0,    0,    0,    0,    0,    0,    0,    0,    0,    0,    0,    0,    0,    0,    0,    0,    0,    0,    0,    0,    0,    0,    0,    0,    0,    0,    0,    0,    0,    0,    0,    0,    0,    0,    0,    0,    0,    0,    0,    0,    0,    0,    0,    0,    0,    0,    0,    0,    0,    0,    0,  -12,    0,    0,    0,    0,    0,    0,    0,    0,    0,    0,    0,    0,    0,    0,    0,    0,    0,    0,    0,    0,    0,    0,    0,    0,    0,    0,    0,  -20,   -4,   -8,   -8,    0,    0,    0,    0,    0,    0,    0,    0,    0,    0,    0,    0,    0,    0,    0,    0,    0,    0,    0,    0,  -20,    0,
       0,    0,    0,    0,    0,    0,    0,    0,    0,    0,    0,    0,    0,    0,    0,    0,    0,    0,    0,    0,    0,    0,    0,    0,    0,    0,    0,    0,    0,    0,    0,    0,    0,    0,    0,    0,    0,    0,    0,    0,    0,    0,    0,    0,    0,    0,    0,    0,    0,    0,    0,    0,    0,    0,    0,    0,    0,    0,    0,    0,    0,    0,    0,    0,    0,    0,    0,    0,    0,    0,    0,    0,    0,    0,    0,    0,    0,    0,    0,    0,    0,    0,    0,    0,    0,    0,    0,    0,    0,    0,    0,    0,    0,    0,    0,    0,    0,    0,    0,    0,    0,    0,    0,    0,    0,    0,    0,    0,    0,    0,    0,    0,    0,    0,    0,    0,    0,    0,    0,    0,    0,    0,    0,    0,    0,    0,    0,    0,    0,    0,    0,    0,    0,    0,    0,    0,    0,    0,    0,    0,    0,    0,    0,    0,    0,    0,    0,    0,    0,    0,    0,    0,    0,    0,    0,    0,    0,    0,    0,    0,    0,    0,    0,    0,    0,    0,    0,    0,    0,    0,    0,    0,    0,    0,    0,    0,    0,    0,    0,    0,    0,    0,    0,    0,    0,    0,    0,    0,    0,    0,    0,    0,    0,    0,    0,    0,    0,    0,    0,    0,    0,    0,    0,    0,    0,    0,    0,    0,    0,    0,    0,    0,    0,    0,    0,    0,    0,    0,    0,    0,    0,    0,    0,    0,    0,    0,    0,  -20,    0,    0,    0,    0,    0,    0,    0,    0,    0,    0,    0,    0,    0,    0,    0,    0,    0,    0,    0,    0,    0,    0,    0,    0,    0,
       0,    0,    0,    0,    0,    0,    0,    0,    0,    0,    0,    0,    0,    0,    0,    0,    0,    0,    0,    0,    0,    0,    0,    0,    0,    0,    0,    0,    0,    0,    0,    0,    0,    0,    0,    0,    0,    0,    0,    0,    0,    0,    0,    0,    0,    0,    0,    0,    0,    0,    0,    0,    0,    0,    0,    0,    0,    0,    0,    0,    0,    0,    0,    0,    0,    0,    0,    0,    0,    0,    0,    0,    0,    0,    0,    0,    0,    0,    0,    0,    0,    0,    0,    0,    0,    0,    0,    0,    0,    0,    0,    0,    0,    0,    0,    0,    0,    0,    0,    0,    0,    0,    0,    0,    0,    0,    0,    0,    0,    0,    0,    0,    0,    0,    0,    0,    0,    0,    0,    0,    0,    0,    0,    0,    0,    0,    0,    0,    0,    0,    0,    0,    0,    0,    0,    0,    0,    0,    0,    0,    0,    0,    0,    0,    0,    0,    0,    0,    0,    0,    0,    0,    0,    0,    0,    0,    0,    0,    0,    0,    0,    0,    0,    0,    0,    0,    0,    0,    0,    0,    0,    0,    0,    0,    0,    0,    0,    0,    0,    0,    0,    0,    0,    0,    0,    0,    0,    0,    0,    0,    0,    0,    0,    0,    0,    0,    0,    0,    0,    0,    0,    0,    0,    0,    0,    0,    0,    0,    0,    0,    0,    0,    0,   -8,   -8,    0,    0,    0,    0,    0,    0,    0,    0,    0,    0,    0,   -8,  -20,    0,    0,    0,  -12,  -12,  -12,    0,    0,    0,    0,    0,   -8,  -12,    0,    0,    0,    0,    0,    0,    0,    0,    0,    0,  -20,  -20,
       0,    0,    0,    0,    0,    0,    0,    0,    0,    0,    0,    0,    0,    0,    0,    0,    0,    0,    0,    0,    0,    0,    0,    0,    0,    0,    0,    0,    0,    0,    0,    0,    0,    0,    0,    0,    0,    0,    0,    0,    0,    0,    0,    0,    0,    0,    0,    0,    0,    0,    0,    0,    0,    0,    0,    0,    0,    0,    0,    0,    0,    0,    0,    0,    0,    0,    0,    0,    0,    0,    0,    0,    0,    0,    0,    0,    0,    0,    0,    0,    0,    0,    0,    0,    0,    0,    0,    0,    0,    0,    0,    0,    0,    0,    0,    0,    0,    0,    0,    0,    0,    0,    0,    0,    0,    0,    0,    0,    0,    0,    0,    0,    0,    0,    0,    0,    0,    0,    0,    0,    0,    0,    0,    0,    0,    0,    0,    0,    0,    0,    0,    0,    0,    0,    0,    0,    0,    0,    0,    0,    0,    0,    0,    0,    0,    0,    0,    0,    0,    0,    0,    0,    0,    0,    0,    0,    0,    0,    0,    0,    0,    0,    0,    0,    0,    0,    0,    0,    0,    0,    0,    0,    0,    0,    0,    0,    0,    0,    0,    0,    0,    0,   -8,    0,    0,    0,    0,    0,    0,    0,    0,    0,    0,    0,    0,    0,    0,    0,    0,    0,    0,    0,    0,    0,    0,    0,    0,    0,    0,    0,    0,    0,    0,    0,    0,    0,    0,    0,    0,    0,    0,    0,    0,    0,    0,    0,    0,    0,    0,    0,    0,    0,    0,    0,    0,    0,    0,    0,    0,    0,    0,    0,    0,    0,    0,    0,    0,    0,    0,    0,    0,    0,    0,
       0,    0,    0,    0,    0,    0,    0,    0,    0,    0,    0,    0,    0,    0,    0,    0,    0,    0,    0,    0,    0,    0,    0,    0,    0,    0,    0,    0,    0,    0,    0,    0,    0,    0,    0,    0,    0,    0,    0,    0,    0,    0,    0,    0,    0,    0,    0,    0,    0,    0,    0,    0,    0,    0,    0,    0,    0,    0,    0,    0,    0,    0,    0,    0,    0,    0,    0,    0,    0,    0,    0,    0,    0,    0,    0,    0,    0,    0,    0,    0,    0,    0,    0,    0,    0,    0,    0,    0,    0,    0,    0,    0,    0,    0,    0,    0,    0,    0,    0,    0,    0,    0,    0,    0,    0,    0,    0,    0,    0,    0,    0,    0,    0,    0,    0,    0,    0,    0,    0,    0,    0,    0,    0,    0,    0,    0,    0,    0,    0,    0,    0,    0,    0,    0,    0,    0,    0,    0,    0,    0,    0,    0,    0,    0,    0,    0,    0,    0,    0,    0,    0,    0,    0,    0,    0,    0,    0,    0,    0,    0,    0,    0,    0,    0,    0,    0,    0,    0,    0,    0,    0,    0,  -24,  -24,    0,    0,    0,    0,    0,    0,    0,  -16,  -16,  -16,    0,    0,    0,    0,    0,    0,    0,    0,    0,    0,    0,    0,    0,    0,  -16,  -16,    0,    0,    0,    0,    0,    0,    0,    0,    0,    0,   -8,   -8,   -8,  -20,  -20,    0,    0,    0,    0,    0,   -8,    0,    0,    0,    0,    0,    0,  -24,   -8,   -4,   -4,  -24,  -24,  -24,    0,    0,    0,    0,    0,  -12,  -16,    0,    0,    0,    0,    0,    0,    0,  -20,    0,    0,    0,    0,
};

static const EpdLigaturePair ubuntu_jp_12_regularLigaturePairs[] = {
    { 0x00660066, 0xFB00 }, // f f -> U+FB00
    { 0x00660069, 0xFB01 }, // f i -> U+FB01
    { 0x0066006C, 0xFB02 }, // f l -> U+FB02
    { 0xFB000069, 0xFB03 }, // U+FB00 i -> U+FB03
    { 0xFB00006C, 0xFB04 }, // U+FB00 l -> U+FB04
};

static const EpdFontData ubuntu_jp_12_regular = {
    ubuntu_jp_12_regularBitmaps,
    ubuntu_jp_12_regularGlyphs,
    ubuntu_jp_12_regularIntervals,
    286,
    29,
    24,
    -5,
    true,
    ubuntu_jp_12_regularGroups,
    15,
    nullptr,
    ubuntu_jp_12_regularKernLeftClasses,
    ubuntu_jp_12_regularKernRightClasses,
    ubuntu_jp_12_regularKernMatrix,
    625,
    680,
    258,
    253,
    ubuntu_jp_12_regularLigaturePairs,
    5,
};
