/**
 * generated by fontconvert.py
 * name: ubuntu_jp_10_regular
 * size: 10
 * mode: 2-bit  compressed: true
 * Command used: fontconvert.py ubuntu_jp_10_regular 10 ../builtinFonts/source/Ubuntu/Ubuntu-Regular.ttf ../builtinFonts/source/NotoSansJP/NotoSansCJKjp-Regular.otf --2bit --compress --additional-intervals 0x3040,0x30FF --additional-intervals 0xFF00,0xFFEF --additional-intervals 0x4E00,0x4E00 --additional-intervals 0x4E0A,0x4E0A --additional-intervals 0x4E0B,0x4E0B --additional-intervals 0x4E21,0x4E21 --additional-intervals 0x4E2D,0x4E2D --additional-intervals 0x4E86,0x4E86 --additional-intervals 0x4ED6,0x4ED6 --additional-intervals 0x4ED8,0x4ED8 --additional-intervals 0x4EF6,0x4EF6 --additional-intervals 0x4F4D,0x4F4D --additional-intervals 0x4F53,0x4F53 --additional-intervals 0x4F59,0x4F59 --additional-intervals 0x4F5C,0x4F5C --additional-intervals 0x4F7F,0x4F7F --additional-intervals 0x4FDD,0x4FDD --additional-intervals 0x4FE1,0x4FE1 --additional-intervals 0x4FEE,0x4FEE --additional-intervals 0x50CF,0x50CF --additional-intervals 0x5143,0x5143 --additional-intervals 0x5148,0x5148 --additional-intervals 0x5149,0x5149 --additional-intervals 0x5165,0x5165 --additional-intervals 0x5168,0x5168 --additional-intervals 0x5185,0x5185 --additional-intervals 0x518D,0x518D --additional-intervals 0x51FA,0x51FA --additional-intervals 0x5206,0x5206 --additional-intervals 0x5207,0x5207 --additional-intervals 0x523B,0x523B --additional-intervals 0x524A,0x524A --additional-intervals 0x524D,0x524D --additional-intervals 0x5272,0x5272 --additional-intervals 0x529B,0x529B --additional-intervals 0x529F,0x529F --additional-intervals 0x52A0,0x52A0 --additional-intervals 0x52D5,0x52D5 --additional-intervals 0x5316,0x5316 --additional-intervals 0x539F,0x539F --additional-intervals 0x53BB,0x53BB --additional-intervals 0x53C2,0x53C2 --additional-intervals 0x53CD,0x53CD --additional-intervals 0x53D6,0x53D6 --additional-intervals 0x53D7,0x53D7 --additional-intervals 0x53EF,0x53EF --additional-intervals 0x53F3,0x53F3 --additional-intervals 0x53F7,0x53F7 --additional-intervals 0x5404,0x5404 --additional-intervals 0x5408,0x5408 --additional-intervals 0x540C,0x540C --additional-intervals 0x540D,0x540D --additional-intervals 0x5411,0x5411 --additional-intervals 0x544A,0x544A --additional-intervals 0x56DE,0x56DE --additional-intervals 0x56E0,0x56E0 --additional-intervals 0x56F2,0x56F2 --additional-intervals 0x5728,0x5728 --additional-intervals 0x57CB,0x57CB --additional-intervals 0x5831,0x5831 --additional-intervals 0x5916,0x5916 --additional-intervals 0x5927,0x5927 --additional-intervals 0x592A,0x592A --additional-intervals 0x592E,0x592E --additional-intervals 0x5931,0x5931 --additional-intervals 0x5B57,0x5B57 --additional-intervals 0x5B58,0x5B58 --additional-intervals 0x5B8C,0x5B8C --additional-intervals 0x5B9A,0x5B9A --additional-intervals 0x5B9B,0x5B9B --additional-intervals 0x5BB3,0x5BB3 --additional-intervals 0x5C0F,0x5C0F --additional-intervals 0x5C3E,0x5C3E --additional-intervals 0x5DE6,0x5DE6 --additional-intervals 0x5E38,0x5E38 --additional-intervals 0x5E83,0x5E83 --additional-intervals 0x5EA6,0x5EA6 --additional-intervals 0x5F53,0x5F53 --additional-intervals 0x5F79,0x5F79 --additional-intervals 0x5F97,0x5F97 --additional-intervals 0x60C5,0x60C5 --additional-intervals 0x6210,0x6210 --additional-intervals 0x623B,0x623B --additional-intervals 0x629E,0x629E --additional-intervals 0x62BC,0x62BC --additional-intervals 0x6357,0x6357 --additional-intervals 0x63A5,0x63A5 --additional-intervals 0x63C3,0x63C3 --additional-intervals 0x64AE,0x64AE --additional-intervals 0x64CD,0x64CD --additional-intervals 0x6557,0x6557 --additional-intervals 0x6570,0x6570 --additional-intervals 0x6587,0x6587 --additional-intervals 0x65B0,0x65B0 --additional-intervals 0x65B9,0x65B9 --additional-intervals 0x65E2,0x65E2 --additional-intervals 0x65E5,0x65E5 --additional-intervals 0x6642,0x6642 --additional-intervals 0x6697,0x6697 --additional-intervals 0x66F8,0x66F8 --additional-intervals 0x66FF,0x66FF --additional-intervals 0x6700,0x6700 --additional-intervals 0x671F,0x671F --additional-intervals 0x672A,0x672A --additional-intervals 0x672B,0x672B --additional-intervals 0x672C,0x672C --additional-intervals 0x6790,0x6790 --additional-intervals 0x691C,0x691C --additional-intervals 0x6A19,0x6A19 --additional-intervals 0x6A2A,0x6A2A --additional-intervals 0x6B21,0x6B21 --additional-intervals 0x6B63,0x6B63 --additional-intervals 0x6B8B,0x6B8B --additional-intervals 0x6BB5,0x6BB5 --additional-intervals 0x6CE8,0x6CE8 --additional-intervals 0x6D88,0x6D88 --additional-intervals 0x6DFB,0x6DFB --additional-intervals 0x6E08,0x6E08 --additional-intervals 0x6E90,0x6E90 --additional-intervals 0x6E96,0x6E96 --additional-intervals 0x7121,0x7121 --additional-intervals 0x7167,0x7167 --additional-intervals 0x7279,0x7279 --additional-intervals 0x72ED,0x72ED --additional-intervals 0x7387,0x7387 --additional-intervals 0x73FE,0x73FE --additional-intervals 0x7528,0x7528 --additional-intervals 0x753B,0x753B --additional-intervals 0x756A,0x756A --additional-intervals 0x767D,0x767D --additional-intervals 0x7684,0x7684 --additional-intervals 0x76EE,0x76EE --additional-intervals 0x77ED,0x77ED --additional-intervals 0x78BA,0x78BA --additional-intervals 0x793A,0x793A --additional-intervals 0x79F0,0x79F0 --additional-intervals 0x79FB,0x79FB --additional-intervals 0x7A7A,0x7A7A --additional-intervals 0x7AE0,0x7AE0 --additional-intervals 0x7AEF,0x7AEF --additional-intervals 0x7B2C,0x7B2C --additional-intervals 0x7B97,0x7B97 --additional-intervals 0x7BC4,0x7BC4 --additional-intervals 0x7D22,0x7D22 --additional-intervals 0x7D30,0x7D30 --additional-intervals 0x7D42,0x7D42 --additional-intervals 0x7D9A,0x7D9A --additional-intervals 0x7DE8,0x7DE8 --additional-intervals 0x7E26,0x7E26 --additional-intervals 0x7F6E,0x7F6E --additional-intervals 0x80FD,0x80FD --additional-intervals 0x811A,0x811A --additional-intervals 0x81EA,0x81EA --additional-intervals 0x822C,0x822C --additional-intervals 0x8272,0x8272 --additional-intervals 0x843D,0x843D --additional-intervals 0x884C,0x884C --additional-intervals 0x8868,0x8868 --additional-intervals 0x898B,0x898B --additional-intervals 0x8996,0x8996 --additional-intervals 0x89A7,0x89A7 --additional-intervals 0x89E3,0x89E3 --additional-intervals 0x8A00,0x8A00 --additional-intervals 0x8A08,0x8A08 --additional-intervals 0x8A18,0x8A18 --additional-intervals 0x8A2D,0x8A2D --additional-intervals 0x8A3C,0x8A3C --additional-intervals 0x8A66,0x8A66 --additional-intervals 0x8A73,0x8A73 --additional-intervals 0x8A8D,0x8A8D --additional-intervals 0x8A9E,0x8A9E --additional-intervals 0x8AAD,0x8AAD --additional-intervals 0x8D77,0x8D77 --additional-intervals 0x8EE2,0x8EE2 --additional-intervals 0x8FBC,0x8FBC --additional-intervals 0x8FD1,0x8FD1 --additional-intervals 0x8FFD,0x8FFD --additional-intervals 0x9000,0x9000 --additional-intervals 0x9001,0x9001 --additional-intervals 0x9032,0x9032 --additional-intervals 0x9069,0x9069 --additional-intervals 0x9078,0x9078 --additional-intervals 0x914D,0x914D --additional-intervals 0x91CF,0x91CF --additional-intervals 0x9332,0x9332 --additional-intervals 0x9577,0x9577 --additional-intervals 0x958B,0x958B --additional-intervals 0x9593,0x9593 --additional-intervals 0x9664,0x9664 --additional-intervals 0x9694,0x9694 --additional-intervals 0x969C,0x969C --additional-intervals 0x96A0,0x96A0 --additional-intervals 0x96C6,0x96C6 --additional-intervals 0x96FB,0x96FB --additional-intervals 0x975E,0x975E --additional-intervals 0x9762,0x9762 --additional-intervals 0x983B,0x983B
 */
#pragma once
#include "EpdFontData.h"

static const uint8_t ubuntu_jp_10_regularBitmaps[40483] = {
    0x9D, 0x57, 0xBD, 0x8F, 0xDC, 0xC6, 0x15, 0xFF, 0x71, 0x26, 0xB8, 0x41, 0x40, 0xE4, 0xA8, 0x52,
    0x80, 0x74, 0xCB, 0x14, 0x2E, 0x54, 0xDC, 0x1E, 0x55, 0xA8, 0xD8, 0x82, 0xBB, 0x4B, 0x4B, 0x85,
    0x4B, 0xFB, 0x4F, 0x50, 0x91, 0x5E, 0x29, 0x16, 0x01, 0x83, 0xDC, 0x79, 0x89, 0xA4, 0x74, 0x91,
    0xFB, 0x0F, 0x82, 0xF4, 0x2A, 0xAE, 0xB8, 0xE2, 0x60, 0x9C, 0xB4, 0x23, 0xB9, 0x50, 0x11, 0xC0,
    0x1E, 0x23, 0x65, 0x80, 0x78, 0x02, 0x08, 0x48, 0x11, 0x38, 0x66, 0x0C, 0x02, 0x59, 0x45, 0xBB,
    0x3B, 0xF9, 0xBD, 0xE1, 0x9E, 0x74, 0x3E, 0x9D, 0x63, 0x23, 0xE4, 0x1B, 0x7E, 0x3C, 0xBE, 0x99,
    0x79, 0xDF, 0xEF, 0xB1, 0x2C, 0xFB, 0x63, 0x34, 0x02, 0xCA, 0xA3, 0xB2, 0xEE, 0xEA, 0x93, 0x19,
    0xCF, 0xBB, 0xBF, 0x84, 0x2F, 0x13, 0x37, 0x52, 0x76, 0xA6, 0xEC, 0x49, 0x88, 0x87, 0xA9, 0xBC,
    0x79, 0xDF, 0xA5, 0x89, 0xEB, 0x5F, 0x77, 0x75, 0xB3, 0xA7, 0x9B, 0x7D, 0x53, 0x95, 0x29, 0xD0,
    0x0A, 0x98, 0x50, 0x15, 0xA1, 0x19, 0x27, 0xA8, 0x81, 0x43, 0x60, 0x5A, 0x21, 0xEB, 0x90, 0x2C,
    0x80, 0xD4, 0x42, 0x3B, 0x28, 0xF7, 0x73, 0xE3, 0x16, 0xC1, 0x16, 0xEB, 0x2D, 0x3D, 0x21, 0x77,
    0xDA, 0xCE, 0x4E, 0x52, 0xB4, 0xA3, 0x5D, 0xF8, 0x51, 0xC9, 0x7B, 0x8D, 0xD9, 0x09, 0xF1, 0x5F,
    0x7A, 0x40, 0x5B, 0xC0, 0x7C, 0xD0, 0x21, 0xDB, 0xDD, 0xC3, 0x70, 0x3F, 0x43, 0xB9, 0x9F, 0xE2,
    0x84, 0x77, 0xBF, 0xBB, 0xA7, 0xAD, 0xE9, 0xB0, 0xA8, 0xA0, 0x82, 0x85, 0x79, 0xE6, 0x41, 0xDE,
    0x60, 0xDE, 0xF7, 0xD0, 0x2F, 0x2C, 0x92, 0x00, 0xA8, 0x15, 0x90, 0x7D, 0xAD, 0x9B, 0x83, 0xF4,
    0x83, 0xAA, 0x54, 0x5F, 0xA1, 0xC4, 0x13, 0x1C, 0xE0, 0x08, 0x59, 0xF8, 0x47, 0xA5, 0xC2, 0x7D,
    0x57, 0xD7, 0xB3, 0xD9, 0x5D, 0x58, 0xED, 0x4C, 0x93, 0x61, 0x80, 0x21, 0x09, 0x4A, 0x8C, 0xC8,
    0x78, 0xCD, 0xAB, 0x3C, 0x0F, 0x89, 0xCD, 0x60, 0x1A, 0xF2, 0x6D, 0x1F, 0x12, 0x5B, 0xF6, 0xEF,
    0x95, 0x6E, 0xB4, 0xBD, 0x74, 0x36, 0xA6, 0x92, 0xF9, 0x25, 0x29, 0x1E, 0x6E, 0x45, 0x1A, 0xFD,
    0xD1, 0xE6, 0xA1, 0x4A, 0x3A, 0xE8, 0xC7, 0xC8, 0x32, 0xEC, 0xFC, 0xF4, 0xAD, 0xB4, 0x84, 0x10,
    0x3C, 0xE1, 0x32, 0x26, 0x1F, 0x0C, 0xCB, 0x3B, 0x73, 0x3F, 0xF7, 0xF5, 0xAA, 0xA6, 0x8E, 0x44,
    0x6A, 0xD3, 0x20, 0xA5, 0xF2, 0xC0, 0x95, 0xC9, 0x08, 0x57, 0x17, 0x8D, 0x46, 0xE2, 0x24, 0x7E,
    0x27, 0xBC, 0xFB, 0x5D, 0x2D, 0x91, 0x07, 0x4C, 0x52, 0x7B, 0xA8, 0xED, 0xA9, 0x72, 0x6D, 0xE2,
    0x23, 0xB4, 0xFD, 0x03, 0x31, 0xC4, 0xF3, 0x2B, 0x69, 0x76, 0x96, 0x9C, 0x93, 0xAC, 0xF2, 0xD5,
    0xF4, 0xFC, 0x4E, 0x89, 0x6B, 0xCE, 0x74, 0x89, 0x79, 0xC0, 0x2C, 0x6F, 0x60, 0xAC, 0x00, 0x37,
    0xCB, 0xE3, 0x36, 0x9D, 0xD8, 0x31, 0xAB, 0xB6, 0x9B, 0xCE, 0x03, 0xCD, 0xE9, 0x6E, 0x45, 0xE2,
    0xF7, 0xF2, 0x2A, 0xB2, 0xDD, 0x90, 0x52, 0xAF, 0x05, 0xC0, 0xE9, 0x3D, 0xAF, 0xDA, 0x7E, 0x94,
    0xD9, 0x45, 0xC0, 0xA3, 0x65, 0xB4, 0x69, 0x66, 0x31, 0xB5, 0x78, 0x6A, 0x93, 0x6F, 0xAD, 0x7E,
    0x6E, 0xD3, 0xFB, 0x76, 0x57, 0xD9, 0x52, 0xD9, 0x69, 0x58, 0x11, 0xA0, 0xEC, 0x1B, 0xC8, 0x02,
    0xB9, 0xB5, 0x7B, 0x00, 0xE1, 0x36, 0x50, 0xBC, 0x44, 0xB1, 0x01, 0x1E, 0x45, 0xAE, 0xC8, 0x87,
    0x80, 0xBD, 0x91, 0x5B, 0xEE, 0x5E, 0x70, 0xE5, 0x5B, 0x4D, 0x12, 0x6C, 0xFA, 0x72, 0xCB, 0xE9,
    0x64, 0x4D, 0xAE, 0x9A, 0x33, 0xE3, 0x4E, 0x95, 0x3F, 0x4D, 0xFC, 0x59, 0xE2, 0x0F, 0x95, 0x9F,
    0x18, 0x31, 0x8D, 0x5A, 0x63, 0x11, 0x3C, 0x61, 0xAB, 0xC7, 0x7E, 0x02, 0x1D, 0xF6, 0x34, 0x6A,
    0xD8, 0x6F, 0x8D, 0xB0, 0xB5, 0x03, 0x77, 0x5B, 0xA3, 0x08, 0xD5, 0x38, 0xB5, 0xB5, 0x76, 0xB5,
    0xB2, 0x63, 0x6D, 0x8B, 0x3F, 0x54, 0xD9, 0x06, 0x07, 0xF3, 0xA6, 0x36, 0xEE, 0x24, 0xF1, 0x5D,
    0xE2, 0x9F, 0x18, 0x37, 0xE5, 0xEE, 0x6B, 0x98, 0x25, 0x89, 0x71, 0x94, 0xDA, 0x4E, 0xDB, 0x56,
    0xB9, 0x4E, 0xB9, 0x27, 0x8A, 0x9F, 0x5C, 0xFA, 0x3A, 0x2E, 0xCA, 0x48, 0xC8, 0xAB, 0xE4, 0x29,
    0xA6, 0x1D, 0x26, 0x15, 0xC4, 0xE2, 0x72, 0xF0, 0x3E, 0x98, 0x0E, 0xE2, 0x63, 0xEF, 0x0E, 0x48,
    0x8E, 0xF1, 0xC8, 0xA7, 0x1B, 0x84, 0x63, 0xD0, 0x93, 0x79, 0x4D, 0x37, 0x15, 0x31, 0x90, 0xE0,
    0x8B, 0x0E, 0x74, 0x71, 0xF4, 0xAF, 0xBF, 0x00, 0x16, 0x0D, 0x6E, 0x51, 0x3B, 0x73, 0x4A, 0xE5,
    0x79, 0xE5, 0xF3, 0xE2, 0x18, 0xC4, 0x17, 0xDD, 0x7C, 0x7D, 0xA3, 0x40, 0xEF, 0xA5, 0x2D, 0xE3,
    0x86, 0x2E, 0x2B, 0x13, 0xE9, 0xF8, 0x56, 0xE4, 0xE3, 0xBA, 0x54, 0x47, 0x0B, 0xBD, 0x4C, 0x56,
    0x62, 0x9A, 0x42, 0xF4, 0x91, 0x36, 0xA5, 0x0A, 0x0F, 0x6C, 0x99, 0x85, 0xE7, 0x6E, 0x36, 0xD5,
    0xCF, 0xDC, 0x69, 0xA9, 0xAD, 0x3F, 0xA9, 0xF5, 0xB3, 0x78, 0x91, 0xD7, 0xE7, 0x76, 0x36, 0x31,
    0x2F, 0x84, 0x24, 0x30, 0xC2, 0x36, 0x6B, 0x99, 0x06, 0x59, 0x80, 0x36, 0x5E, 0xCA, 0xE3, 0x22,
    0x34, 0x5C, 0x48, 0x2E, 0x74, 0x54, 0x14, 0xDC, 0x86, 0x56, 0xC7, 0xAF, 0x1C, 0xF0, 0x2F, 0xB2,
    0xEF, 0x5B, 0xAA, 0xF9, 0x8C, 0x2A, 0x29, 0x19, 0x54, 0x43, 0xC6, 0xE5, 0x86, 0x23, 0xD0, 0xB1,
    0xD2, 0x8A, 0x18, 0x7B, 0xC8, 0x2F, 0xA7, 0x50, 0x7E, 0xBA, 0xA9, 0xA6, 0xA1, 0x2D, 0x55, 0xC7,
    0x08, 0x13, 0x48, 0x5A, 0xEA, 0x52, 0x30, 0xC9, 0xAA, 0xC4, 0x98, 0x61, 0x2A, 0xD7, 0x84, 0x8E,
    0xD3, 0x91, 0x12, 0xF3, 0x97, 0x26, 0xAC, 0x32, 0x77, 0x73, 0x12, 0xCD, 0x79, 0x16, 0x2D, 0xDA,
    0xC5, 0xEB, 0x59, 0xC4, 0x10, 0x9F, 0x1F, 0xDF, 0x34, 0x81, 0x0E, 0xD0, 0x15, 0xA4, 0xE7, 0x42,
    0x12, 0x08, 0x54, 0xCC, 0x94, 0x83, 0x09, 0x46, 0x04, 0xA7, 0x66, 0xDE, 0x0E, 0x79, 0xCF, 0xFA,
    0xEF, 0xA4, 0x13, 0xFA, 0x7E, 0x9E, 0x27, 0x94, 0xD1, 0x6F, 0x7A, 0xA0, 0xF1, 0x09, 0x97, 0x31,
    0x11, 0xD9, 0x46, 0xF8, 0x51, 0xC4, 0x3D, 0x60, 0xDE, 0x91, 0xBD, 0xEB, 0x44, 0x18, 0x9C, 0x61,
    0x70, 0x88, 0xC1, 0x04, 0x83, 0xDC, 0x0D, 0x0C, 0xD5, 0xB5, 0x78, 0x45, 0xD6, 0xAE, 0xC0, 0x34,
    0x04, 0xC2, 0xBB, 0x78, 0x81, 0xEF, 0x1E, 0x6F, 0x42, 0xF3, 0x7A, 0x88, 0x9E, 0xFF, 0x30, 0xAF,
    0x18, 0xB5, 0x45, 0x47, 0xC6, 0x0E, 0x39, 0x78, 0xA7, 0x6B, 0x95, 0x59, 0x83, 0x92, 0xDC, 0x95,
    0xE4, 0x6D, 0x42, 0x43, 0x4E, 0x69, 0xD0, 0x71, 0x27, 0xC5, 0x83, 0x83, 0xA9, 0xA1, 0x64, 0x58,
    0x46, 0xDA, 0x38, 0xA7, 0xC0, 0xB5, 0x62, 0xBE, 0x0B, 0xBD, 0x96, 0x0E, 0xF8, 0x5C, 0x00, 0xE7,
    0x93, 0x06, 0xAB, 0xB1, 0x55, 0x8F, 0x4B, 0xA7, 0xF7, 0xCB, 0x93, 0x74, 0x6F, 0x74, 0xEF, 0x67,
    0x7B, 0xA3, 0x3B, 0xB7, 0xF7, 0x46, 0xB7, 0x47, 0x83, 0x7A, 0xF7, 0xEE, 0xA0, 0x4E, 0x4F, 0x06,
    0xB5, 0xF6, 0xBB, 0x33, 0x6D, 0x33, 0x2A, 0x28, 0x0E, 0x1A, 0xAB, 0x9A, 0x70, 0x4C, 0x2B, 0x0E,
    0x97, 0x56, 0xE3, 0x96, 0xAE, 0x54, 0x73, 0x0C, 0x39, 0x32, 0x0E, 0xF3, 0x27, 0x3A, 0xEA, 0x5F,
    0xE8, 0x5E, 0xAF, 0x39, 0xE6, 0x1C, 0x05, 0x47, 0x56, 0xC9, 0x3C, 0x09, 0x1B, 0xD1, 0x69, 0xE6,
    0x8A, 0x66, 0x12, 0xDD, 0x4F, 0xF9, 0x33, 0x24, 0xAD, 0x64, 0x04, 0xCA, 0x16, 0xEF, 0xF2, 0x2E,
    0x78, 0xF9, 0x2E, 0x74, 0x42, 0x2F, 0xF3, 0x0A, 0x71, 0x51, 0x16, 0xCB, 0x25, 0x25, 0x66, 0xEE,
    0x94, 0x6B, 0xB2, 0x14, 0xBB, 0x6F, 0xAA, 0xEB, 0xEC, 0xFB, 0x7F, 0x6E, 0xB4, 0xD8, 0xD6, 0x43,
    0xF5, 0x4A, 0x42, 0xCB, 0x4A, 0x88, 0x6E, 0x37, 0x96, 0xD8, 0x78, 0xB3, 0x71, 0x17, 0xF5, 0x48,
    0x79, 0x1B, 0xDA, 0x81, 0xD1, 0x52, 0x62, 0x19, 0x3F, 0x1D, 0xA8, 0x70, 0x9C, 0x05, 0x5F, 0x54,
    0x1F, 0x8D, 0x23, 0x1F, 0x54, 0x72, 0xC6, 0x44, 0xC7, 0x4A, 0x99, 0x3B, 0x6E, 0x17, 0xDD, 0xEC,
    0xF4, 0x3D, 0x25, 0xD3, 0x6F, 0x6D, 0x68, 0xF5, 0x0D, 0xE1, 0x47, 0x9A, 0xAE, 0x46, 0xFE, 0x7D,
    0x40, 0x7F, 0xE5, 0xD6, 0x63, 0x8C, 0x8B, 0x6A, 0x95, 0x86, 0x2E, 0x61, 0x42, 0x66, 0xD6, 0x96,
    0xD8, 0x1E, 0xD3, 0xC3, 0x0E, 0xA8, 0xFC, 0x8C, 0xD1, 0x95, 0x55, 0x03, 0x4A, 0x33, 0x8E, 0xB9,
    0x40, 0x72, 0x02, 0x4B, 0x56, 0x9F, 0x23, 0x3E, 0x75, 0x7D, 0xCE, 0x90, 0xDC, 0x91, 0xC7, 0x78,
    0x10, 0x51, 0x20, 0x99, 0xE0, 0x10, 0xA7, 0x63, 0x9C, 0xA3, 0x3B, 0xC0, 0x1A, 0x6D, 0x8E, 0x6F,
    0xD0, 0x66, 0xEA, 0xAB, 0xC4, 0x67, 0xFA, 0xC5, 0x7D, 0x97, 0x3E, 0xF8, 0xDD, 0x67, 0xD6, 0x7C,
    0xF2, 0xE0, 0x33, 0xAB, 0xBF, 0x48, 0xFE, 0xDE, 0xE8, 0xBF, 0xD2, 0xE0, 0xEC, 0x07, 0x16, 0x48,
    0x58, 0xA9, 0x24, 0x9A, 0x26, 0x18, 0x73, 0xDB, 0x9C, 0xF7, 0xB4, 0x21, 0x33, 0x8E, 0x49, 0xFF,
    0x5B, 0xDF, 0x6B, 0x95, 0x3D, 0x8B, 0xE8, 0x06, 0x73, 0xA6, 0xAD, 0x7F, 0x33, 0x63, 0xFF, 0x8D,
    0x5D, 0x8D, 0x3D, 0x23, 0xF5, 0x98, 0xED, 0x43, 0x1E, 0x13, 0xC4, 0xF9, 0xF6, 0x4D, 0x5C, 0x3B,
    0xAB, 0xCE, 0xF8, 0x9D, 0xC9, 0xF3, 0xCF, 0x64, 0xF5, 0x35, 0xE7, 0xB3, 0xD9, 0x91, 0x2C, 0x23,
    0x05, 0xF2, 0xBA, 0xB1, 0xAD, 0x71, 0x58, 0x42, 0xC9, 0xC2, 0x92, 0x19, 0xC7, 0x31, 0xCA, 0x5B,
    0xA9, 0x66, 0xAC, 0x35, 0x3D, 0x62, 0x1E, 0xD6, 0x84, 0xD0, 0x84, 0xA6, 0xC5, 0xFF, 0x3E, 0x85,
    0xA6, 0x8E, 0x86, 0x18, 0xC6, 0x6E, 0x80, 0xF3, 0xE9, 0xCD, 0x7D, 0x0C, 0xB3, 0x57, 0xD8, 0x36,
    0x19, 0x3D, 0xC5, 0xFE, 0x25, 0x0A, 0x13, 0x6B, 0xB3, 0x72, 0xC1, 0x06, 0xAB, 0x7F, 0xE0, 0x14,
    0x1A, 0x99, 0xBF, 0x41, 0xF2, 0x0D, 0x34, 0x55, 0xFB, 0x5B, 0x97, 0xA1, 0x1D, 0xE2, 0xF4, 0x26,
    0xEE, 0x4D, 0xC3, 0x9A, 0x70, 0x97, 0xF6, 0xC8, 0xB1, 0xC3, 0x62, 0xC2, 0x24, 0x1E, 0xCB, 0xB3,
    0x72, 0x3B, 0xC1, 0xE5, 0xC1, 0x4D, 0x94, 0x2B, 0x95, 0x1B, 0x2B, 0x57, 0x04, 0x67, 0x42, 0x33,
    0x8A, 0xBC, 0xBC, 0x81, 0x8F, 0x37, 0x14, 0xD5, 0x1E, 0x19, 0x5F, 0xA3, 0x8D, 0xD0, 0xC9, 0x35,
    0x69, 0x6B, 0xE3, 0x59, 0xBC, 0xD9, 0x27, 0xAA, 0x4D, 0xEC, 0x69, 0x12, 0x51, 0x51, 0x77, 0x21,
    0x8D, 0x24, 0x9E, 0x44, 0xF0, 0x3B, 0x8C, 0x0B, 0x78, 0xA9, 0xD8, 0x17, 0x60, 0x36, 0xBE, 0x08,
    0x7E, 0xAC, 0xA4, 0xDE, 0xF7, 0x7D, 0x4F, 0x17, 0x6B, 0xFF, 0x24, 0xF1, 0x79, 0xF0, 0x8C, 0x81,
    0x1D, 0xD6, 0x29, 0xB6, 0xA8, 0x46, 0x3A, 0xA4, 0xBE, 0x74, 0x6E, 0x17, 0x84, 0xB4, 0xAE, 0x3B,
    0xA1, 0x32, 0xAB, 0x62, 0x35, 0xA6, 0x38, 0x35, 0xE6, 0xAB, 0xF9, 0xAA, 0xC6, 0xD5, 0x53, 0x85,
    0xA6, 0x17, 0xEB, 0x2C, 0x16, 0xF7, 0x36, 0x02, 0x9F, 0x8F, 0x4C, 0x14, 0xF1, 0x3F, 0xD2, 0xE6,
    0xDE, 0x30, 0xCC, 0xEF, 0x55, 0xF1, 0x0A, 0x57, 0xC4, 0x9D, 0xC7, 0x9E, 0xA4, 0x36, 0xB6, 0x56,
    0x4E, 0x20, 0xF1, 0x57, 0x41, 0xDA, 0x81, 0xFA, 0xED, 0x91, 0xF8, 0x64, 0x5B, 0xE9, 0xE5, 0xE9,
    0xBA, 0x53, 0xBB, 0xB9, 0xFD, 0xF8, 0xEA, 0x3E, 0xB2, 0x43, 0x1E, 0xEB, 0x65, 0x87, 0xDF, 0x38,
    0xCC, 0x2D, 0x7E, 0xDD, 0xA2, 0xA6, 0x4C, 0x44, 0xA6, 0x8D, 0x74, 0x31, 0xF8, 0xBE, 0xF3, 0x90,
    0x95, 0x2E, 0x47, 0xB1, 0x2E, 0x68, 0x80, 0xB0, 0xAA, 0x53, 0x77, 0x58, 0x6B, 0x3B, 0xE4, 0xD8,
    0xE3, 0x18, 0x5C, 0x37, 0x8A, 0x1F, 0x12, 0x2A, 0xAA, 0xDC, 0x4E, 0x0C, 0xF3, 0x1C, 0x53, 0x1C,
    0x63, 0xBB, 0xEB, 0x24, 0xC7, 0xB5, 0xC4, 0x10, 0xCF, 0xAF, 0x17, 0x2B, 0x78, 0xB1, 0xFC, 0x1B,
    0x2F, 0x40, 0x7B, 0x24, 0x5E, 0x60, 0xE9, 0x23, 0x97, 0x65, 0xA3, 0x0D, 0x69, 0xC9, 0x49, 0xB4,
    0x6A, 0x77, 0x61, 0x64, 0x3E, 0xD3, 0xE6, 0xB4, 0x3C, 0xED, 0x7F, 0xD9, 0x1D, 0x8A, 0xE5, 0x7C,
    0xF9, 0xAE, 0x8C, 0x26, 0x3A, 0x15, 0x7F, 0x53, 0x24, 0x0F, 0x1E, 0x4B, 0x7B, 0x87, 0x47, 0x31,
    0x28, 0x58, 0x37, 0x62, 0x2B, 0x39, 0x8B, 0x64, 0xF3, 0x2B, 0x93, 0x0F, 0x7F, 0x32, 0x5D, 0xA5,
    0xCB, 0xAD, 0x94, 0xDF, 0x85, 0x43, 0x25, 0x1E, 0xD1, 0xBB, 0x38, 0x25, 0x63, 0x9F, 0xC5, 0x7F,
    0xA7, 0x21, 0x95, 0xC3, 0xF2, 0x64, 0xAA, 0xF4, 0x43, 0xE8, 0xCF, 0xE5, 0x8F, 0x84, 0x1D, 0x04,
    0xBD, 0x98, 0x2D, 0x64, 0xC6, 0xE4, 0x3C, 0x60, 0x31, 0x1D, 0x0E, 0x4D, 0x5B, 0x0E, 0xB2, 0x93,
    0x51, 0xB6, 0x3B, 0x3B, 0x4D, 0x6F, 0x8F, 0x5A, 0xF3, 0x78, 0xDF, 0xEB, 0x65, 0xEE, 0x54, 0xC7,
    0x46, 0xAA, 0x65, 0xF3, 0x91, 0x78, 0xAE, 0x91, 0x7E, 0x58, 0xE9, 0x7F, 0xC6, 0xD9, 0xCC, 0x1B,
    0x6C, 0x31, 0x7F, 0x8F, 0xCC, 0x58, 0xC6, 0x54, 0x1D, 0xF5, 0x48, 0x1A, 0x86, 0x18, 0x77, 0xCB,
    0xE2, 0x6E, 0xE6, 0x13, 0xE8, 0x2F, 0xA0, 0xBE, 0x86, 0x34, 0x8E, 0xB1, 0x7F, 0x60, 0x7A, 0x67,
    0x6A, 0x7B, 0x7A, 0xD1, 0x77, 0x48, 0xFF, 0x3E, 0xB9, 0x9A, 0x82, 0xA8, 0x68, 0x02, 0xCE, 0xF5,
    0x4A, 0x7E, 0x6A, 0xFA, 0x53, 0x7E, 0x8D, 0x26, 0xF4, 0x87, 0xAC, 0x32, 0xCD, 0x05, 0x4E, 0x3B,
    0xBD, 0xC2, 0x79, 0x7B, 0xCD, 0xB1, 0x44, 0xE0, 0x5A, 0xE9, 0xC5, 0x59, 0x69, 0xAB, 0x5A, 0xDD,
    0x1A, 0x9B, 0x56, 0x17, 0xB8, 0x9C, 0x14, 0x4B, 0xA4, 0xEE, 0x4E, 0xBE, 0x1C, 0x95, 0xF3, 0xF6,
    0x9E, 0x71, 0xFF, 0x05, 0xAD, 0x58, 0x31, 0x6F, 0x1B, 0x37, 0x14, 0x7E, 0xC7, 0x43, 0xC4, 0x18,
    0x17, 0xFB, 0x3C, 0x74, 0x30, 0x50, 0xDB, 0xF2, 0x90, 0x21, 0x43, 0x64, 0x65, 0xF0, 0x70, 0x05,
    0x4E, 0x3A, 0x22, 0x1D, 0x3A, 0x64, 0xE9, 0x4F, 0xF0, 0xD0, 0xB5, 0xA8, 0x06, 0x23, 0x38, 0xB4,
    0x76, 0x74, 0x6D, 0x87, 0x02, 0xED, 0xE2, 0x3F, 0xD0, 0xAE, 0x1D, 0xB2, 0x08, 0x85, 0x06, 0x0D,
    0x81, 0x45, 0xA4, 0x43, 0x87, 0x0C, 0x25, 0xD2, 0xB1, 0xCB, 0x15, 0x08, 0xD0, 0xA1, 0x28, 0xCA,
    0x00, 0x42, 0xA1, 0x22, 0x92, 0xD9, 0xEF, 0x51, 0xE7, 0x44, 0x8E, 0x9D, 0x58, 0x86, 0x73, 0xF7,
    0x48, 0xF1, 0xC8, 0xF7, 0x1E, 0x1F, 0x1F, 0x1F, 0x3F, 0x92, 0x4A, 0x0F, 0x52, 0xA2, 0x24, 0x49,
    0xAB, 0x87, 0x12, 0x9A, 0x51, 0xE0, 0x8A, 0xC8, 0x15, 0x75, 0x45, 0x2D, 0xA2, 0xF4, 0x84, 0x50,
    0xAE, 0x2B, 0x15, 0x39, 0x8D, 0xD6, 0x97, 0x9C, 0x34, 0xD4, 0xA1, 0x33, 0xD2, 0xA8, 0x48, 0x51,
    0x44, 0x14, 0x7B, 0x1A, 0x3A, 0xA6, 0x98, 0xE6, 0xC8, 0xD9, 0xBA, 0xB3, 0x6B, 0xB4, 0xB5, 0x7D,
    0x34, 0x88, 0x5D, 0x19, 0xDF, 0x2D, 0x57, 0xA8, 0x07, 0x42, 0x01, 0x9F, 0xDB, 0x47, 0x63, 0x34,
    0xED, 0x53, 0xDA, 0xA2, 0x3C, 0x26, 0x1B, 0xDD, 0x2D, 0xC3, 0x9F, 0x75, 0xF0, 0x97, 0xA2, 0x63,
    0xAA, 0xBB, 0x11, 0x68, 0x66, 0xC1, 0x7C, 0xD9, 0x56, 0x0F, 0xE1, 0x39, 0x29, 0x0B, 0x57, 0xC4,
    0x4E, 0xD7, 0x83, 0x62, 0x13, 0x1D, 0x2A, 0x92, 0x63, 0x8A, 0x87, 0x2A, 0x95, 0x3A, 0x11, 0x26,
    0x0D, 0x4C, 0xF3, 0x43, 0x1D, 0x39, 0x45, 0x43, 0xA2, 0xA8, 0xA0, 0x50, 0xBF, 0x27, 0x75, 0xE6,
    0x54, 0x73, 0x4A, 0x7E, 0xE0, 0x9F, 0x3D, 0xA3, 0xD0, 0xC1, 0x64, 0xF3, 0xBE, 0xDE, 0xA6, 0xA0,
    0x4C, 0xEA, 0x65, 0xAF, 0xD3, 0x5F, 0xDD, 0xE9, 0x95, 0x94, 0xF4, 0x0C, 0x12, 0x7E, 0xF9, 0x3B,
    0xA9, 0xDB, 0x1E, 0xB7, 0x33, 0x1F, 0xF3, 0xB3, 0x5C, 0x5C, 0xC2, 0x9C, 0xF5, 0x68, 0x92, 0xAC,
    0xEF, 0xAC, 0x27, 0xEB, 0xF1, 0x24, 0x28, 0x0C, 0xAC, 0x8F, 0xA3, 0x62, 0xBB, 0xCE, 0x03, 0x42,
    0x8E, 0x32, 0x8F, 0xA7, 0x30, 0xCE, 0x95, 0x20, 0xA2, 0xD7, 0xA9, 0x8B, 0xF7, 0x8C, 0x09, 0x5D,
    0x98, 0xD0, 0xC9, 0x77, 0x7A, 0x9D, 0x3C, 0xE9, 0x75, 0xCB, 0xA4, 0xD7, 0x29, 0x93, 0x4E, 0x67,
    0x6F, 0x27, 0xE9, 0xDC, 0x3E, 0x63, 0x42, 0x36, 0xC9, 0x26, 0xB1, 0xCE, 0xEC, 0x1E, 0x9E, 0xCC,
    0xC6, 0x9A, 0xE0, 0x96, 0x13, 0xAA, 0xFA, 0x9C, 0xAB, 0xC1, 0x33, 0xAB, 0xAC, 0x9B, 0xAD, 0x1E,
    0x75, 0xC8, 0x4A, 0x0D, 0x4B, 0x29, 0x1B, 0x37, 0xCD, 0x6A, 0x8F, 0x7A, 0x91, 0xA1, 0x1E, 0xED,
    0xAC, 0x76, 0x32, 0x13, 0x62, 0xE6, 0x52, 0xDA, 0xA2, 0x3C, 0x28, 0xCF, 0xD2, 0x7E, 0x50, 0x3E,
    0x10, 0x65, 0xD7, 0x95, 0x9F, 0xBB, 0xC3, 0x9C, 0xE8, 0x25, 0xD1, 0x70, 0x1A, 0x4D, 0x97, 0xEB,
    0xD3, 0xE5, 0x6C, 0x8E, 0xF0, 0x29, 0xA7, 0xCB, 0xB4, 0xB1, 0x4C, 0xCB, 0x6F, 0xA4, 0x7C, 0x92,
    0xAF, 0xD0, 0x0A, 0x45, 0xEA, 0x01, 0x45, 0xD9, 0x43, 0xE9, 0x9F, 0x31, 0x6D, 0xAC, 0x50, 0x22,
    0x29, 0x09, 0x15, 0x93, 0xE4, 0x4F, 0x54, 0xDE, 0x5A, 0xA7, 0xC6, 0x26, 0xDC, 0xAA, 0xE4, 0xD7,
    0x3A, 0x7C, 0x5A, 0x22, 0x47, 0x19, 0x35, 0xA8, 0x8F, 0x30, 0xB5, 0x94, 0x91, 0x54, 0xF4, 0x90,
    0xE3, 0x4E, 0xD2, 0x6D, 0xCE, 0x12, 0xCE, 0x7A, 0x9C, 0xC1, 0xDD, 0x32, 0xD4, 0xDC, 0xA2, 0x32,
    0x8E, 0xCC, 0x17, 0x44, 0x1B, 0xE2, 0x09, 0x22, 0x2A, 0xBC, 0x47, 0xD4, 0x47, 0x70, 0xC3, 0x41,
    0x11, 0x09, 0x8D, 0x2C, 0x62, 0x2D, 0x19, 0x6B, 0x79, 0x48, 0x1B, 0x2C, 0x9B, 0x72, 0xD6, 0x3F,
    0xD1, 0x02, 0x1E, 0xA8, 0xFA, 0x6A, 0x02, 0x2D, 0x02, 0x91, 0xBF, 0xC9, 0xE1, 0x9F, 0xE2, 0x87,
    0xF6, 0x68, 0x1F, 0x6E, 0x0E, 0x2C, 0x05, 0x06, 0xB6, 0x84, 0x98, 0x25, 0xD5, 0x64, 0x9F, 0xC2,
    0xB9, 0x90, 0xEB, 0xB1, 0x6E, 0x23, 0x0B, 0x94, 0xA0, 0x99, 0x76, 0xA0, 0x79, 0xB5, 0x03, 0xCD,
    0x99, 0xD9, 0x03, 0x37, 0xF1, 0xEC, 0x09, 0xD3, 0x86, 0x5C, 0xF1, 0x13, 0x1B, 0xF1, 0x54, 0xD3,
    0x8A, 0x70, 0x16, 0xC3, 0x80, 0x5C, 0xCE, 0x99, 0x25, 0x71, 0x32, 0x8D, 0x3E, 0xF8, 0x39, 0x84,
    0x84, 0x81, 0xDF, 0xB8, 0xEF, 0xD4, 0xCF, 0xC1, 0xC1, 0x35, 0xCA, 0x1C, 0x45, 0xFF, 0x11, 0xDD,
    0x21, 0x5F, 0xC7, 0x83, 0x20, 0x51, 0x49, 0x70, 0xB9, 0xA9, 0xD0, 0x23, 0xBA, 0xBB, 0x6F, 0x88,
    0x9E, 0x73, 0x08, 0x42, 0xAB, 0x19, 0xC0, 0xD8, 0x14, 0x83, 0x6E, 0x60, 0xB9, 0x1E, 0x23, 0x39,
    0x6A, 0x40, 0x2D, 0x6A, 0xF4, 0x3E, 0x5A, 0xFA, 0x24, 0xC0, 0x08, 0x19, 0x36, 0x93, 0x75, 0x5C,
    0x7F, 0x07, 0xFA, 0x96, 0x88, 0x41, 0x65, 0x26, 0x77, 0x78, 0x78, 0x75, 0x7D, 0x07, 0x18, 0x30,
    0xBC, 0x15, 0xFC, 0x62, 0xAE, 0xAE, 0x8B, 0xC1, 0xC5, 0xDA, 0xAB, 0xEB, 0xE1, 0xF1, 0xDD, 0xD1,
    0xB3, 0x94, 0x15, 0xAF, 0xF4, 0x7C, 0x51, 0xE9, 0xB1, 0xAC, 0xA7, 0xBF, 0x80, 0xEF, 0xBB, 0x00,
    0x3F, 0x2C, 0xDD, 0x11, 0x89, 0x7F, 0x60, 0x4E, 0xF8, 0x2B, 0xB2, 0x88, 0x0D, 0xDB, 0xE0, 0x2C,
    0x05, 0x8E, 0x22, 0xA4, 0x90, 0x95, 0xF8, 0xF4, 0xC8, 0x20, 0x39, 0x8B, 0xD9, 0xF6, 0x4D, 0xCE,
    0x52, 0xA8, 0x9D, 0x0C, 0x38, 0xA3, 0xEE, 0x33, 0xE9, 0x26, 0xB1, 0x59, 0x6B, 0x13, 0xC7, 0xEA,
    0x80, 0x38, 0xAA, 0x47, 0x3E, 0x1F, 0xF8, 0x1A, 0xD4, 0xD7, 0x0F, 0xD7, 0xA4, 0x9B, 0xD2, 0x70,
    0xCC, 0x61, 0x05, 0xE9, 0x23, 0x0A, 0x34, 0x21, 0xA8, 0x39, 0xBE, 0xD6, 0xD8, 0x25, 0x99, 0x2B,
    0x41, 0xE9, 0xDC, 0x06, 0x91, 0x39, 0x40, 0xAA, 0x9E, 0xAF, 0xF1, 0x95, 0x16, 0x44, 0x35, 0x36,
    0x82, 0x65, 0xB7, 0x2E, 0x2F, 0xBB, 0x4B, 0x34, 0xA6, 0xF0, 0x07, 0xAA, 0xD5, 0x2E, 0x2D, 0x1B,
    0x61, 0x19, 0x47, 0x97, 0x96, 0xBA, 0xC3, 0x9B, 0x0D, 0x9B, 0xEC, 0xBD, 0xF7, 0xE6, 0xB7, 0x56,
    0x01, 0x24, 0x8B, 0xBE, 0xED, 0x15, 0x2A, 0x32, 0x1B, 0xBD, 0x9B, 0x37, 0x79, 0xED, 0xBC, 0xED,
    0xF5, 0x5B, 0xD1, 0x05, 0x3C, 0x91, 0x3B, 0xC4, 0x14, 0x4E, 0xD1, 0x73, 0x57, 0xC5, 0x14, 0x01,
    0xCA, 0x42, 0x4C, 0x78, 0x60, 0x87, 0x13, 0xF2, 0x29, 0x66, 0x0C, 0xC1, 0xF7, 0xAC, 0x9E, 0xDB,
    0xC1, 0x07, 0x7E, 0x96, 0xA3, 0x41, 0x07, 0x5B, 0x3B, 0xE0, 0xE2, 0x1B, 0xED, 0xA3, 0x3A, 0x45,
    0x88, 0xB5, 0x91, 0x32, 0xEC, 0xDE, 0x99, 0x89, 0x54, 0xCB, 0x22, 0xE4, 0x72, 0xA4, 0x06, 0x12,
    0x20, 0x35, 0x95, 0x4F, 0x54, 0x2A, 0x7E, 0x47, 0x18, 0xBE, 0x40, 0xEA, 0x22, 0x35, 0x91, 0x62,
    0xC5, 0x72, 0x84, 0xD1, 0xF0, 0x91, 0xE0, 0x14, 0xB4, 0x60, 0x1B, 0x93, 0x1C, 0xBE, 0xA6, 0x59,
    0xB4, 0x7D, 0xE8, 0x8A, 0x72, 0x00, 0x5B, 0x10, 0x57, 0x16, 0xE1, 0xE5, 0x7F, 0xF9, 0x9B, 0xEB,
    0xB9, 0x9D, 0xF9, 0x98, 0x9F, 0xE5, 0x5E, 0x41, 0x0B, 0x96, 0xC7, 0xD2, 0x3B, 0xD0, 0xC7, 0xD3,
    0x57, 0xC7, 0x72, 0xFB, 0x00, 0xCB, 0x6C, 0x77, 0xF7, 0xEA, 0xFA, 0x5A, 0x37, 0x3D, 0xB4, 0xD0,
    0x63, 0x73, 0x75, 0x5D, 0xF3, 0xD0, 0x72, 0x25, 0x9F, 0x61, 0xDF, 0xD2, 0xF5, 0x58, 0xC9, 0x09,
    0x89, 0x11, 0x21, 0x47, 0x39, 0x0D, 0xF5, 0x4C, 0xAD, 0xC6, 0xFA, 0xD7, 0x33, 0xB5, 0x4D, 0xA8,
    0xED, 0x42, 0xED, 0x73, 0xDB, 0x0F, 0xB5, 0x1D, 0xC5, 0xCA, 0xF6, 0x1B, 0x50, 0x3B, 0x08, 0xEC,
    0x41, 0x29, 0xCA, 0x4C, 0xCF, 0xD4, 0x36, 0xA1, 0xF6, 0xD6, 0x10, 0x6A, 0x0F, 0x3D, 0x1A, 0xA4,
    0x15, 0xC4, 0xE7, 0x54, 0x7F, 0x13, 0xED, 0xD3, 0x66, 0x4A, 0xDB, 0x2D, 0x6A, 0x35, 0xD5, 0x24,
    0x72, 0x23, 0x3E, 0x18, 0x86, 0x7E, 0x06, 0x1B, 0xE4, 0xE3, 0xE3, 0x92, 0xB2, 0x6B, 0x1E, 0x79,
    0xFE, 0x2C, 0x82, 0x2F, 0x8B, 0xCB, 0xCA, 0x8A, 0xC7, 0x1A, 0x74, 0xE9, 0x1E, 0x05, 0x82, 0x0D,
    0xB1, 0xCC, 0xF6, 0xCE, 0x0C, 0x26, 0x7A, 0x84, 0x88, 0xC6, 0xB1, 0x8D, 0x9A, 0x0C, 0x98, 0x6A,
    0x00, 0x97, 0x5B, 0x0A, 0x7F, 0xC3, 0xA4, 0xBF, 0x80, 0x7A, 0x9C, 0x1E, 0xD9, 0x44, 0xCF, 0x7F,
    0x4E, 0xAA, 0x40, 0xE4, 0x58, 0x31, 0xD6, 0x88, 0x51, 0x4A, 0xFB, 0x58, 0xFE, 0x9E, 0xF6, 0xF1,
    0xC9, 0x18, 0x74, 0xAC, 0x5E, 0x62, 0x4D, 0x8D, 0x4F, 0xB7, 0xBA, 0x2D, 0x4D, 0x2A, 0x4C, 0x2E,
    0x74, 0x2E, 0x55, 0xBE, 0x4C, 0x79, 0x4A, 0x79, 0x9B, 0xF2, 0xCC, 0xE4, 0xD1, 0x38, 0xA7, 0x47,
    0x39, 0xA5, 0xF9, 0x6A, 0x9A, 0x0F, 0xC7, 0x79, 0xB7, 0x0C, 0x0A, 0xBF, 0x0B, 0x0C, 0x2A, 0x4B,
    0x23, 0xDE, 0x26, 0x0A, 0x98, 0x87, 0xDD, 0xA3, 0xE6, 0x4C, 0xDD, 0x99, 0xB6, 0x60, 0x55, 0x2D,
    0x61, 0x9A, 0x38, 0x91, 0xA3, 0x09, 0xAB, 0x68, 0xDB, 0x63, 0xEE, 0xEE, 0x62, 0xFC, 0x00, 0xB2,
    0x09, 0x6F, 0x2B, 0x42, 0x2C, 0xC4, 0x2F, 0xFE, 0xE0, 0x4B, 0xC2, 0xD2, 0x76, 0xB5, 0x56, 0x2F,
    0xE4, 0x97, 0x1F, 0x29, 0xD0, 0x82, 0xCC, 0x18, 0xA6, 0xF8, 0x96, 0x89, 0xC7, 0xBB, 0x00, 0x7F,
    0x34, 0x8D, 0x70, 0xDC, 0x77, 0x43, 0xDE, 0xF6, 0xC6, 0x08, 0x40, 0x51, 0x86, 0x45, 0xCD, 0x61,
    0x01, 0xD4, 0x39, 0x6B, 0xB3, 0xE3, 0x52, 0x3E, 0x2B, 0xB5, 0x82, 0x71, 0x40, 0x5C, 0x47, 0xF2,
    0xF8, 0xDE, 0x31, 0x09, 0x9E, 0x03, 0x6A, 0x07, 0xDC, 0xCB, 0xE8, 0xE4, 0x7C, 0x8C, 0x32, 0x6A,
    0x9A, 0x8E, 0x67, 0x88, 0x8F, 0x6C, 0x7E, 0xD3, 0x0B, 0x2D, 0xA3, 0x9C, 0x3F, 0xA2, 0x55, 0x9B,
    0x58, 0x6D, 0x0A, 0xD9, 0xA2, 0x25, 0x75, 0x5F, 0x54, 0x27, 0xFB, 0x4A, 0x96, 0x54, 0xD3, 0xA1,
    0x73, 0x45, 0x37, 0xFC, 0x3C, 0xA3, 0xB6, 0x58, 0x8C, 0xFF, 0x63, 0x0A, 0xB0, 0x8A, 0xBF, 0xA7,
    0x6B, 0xD7, 0x16, 0xE2, 0x8F, 0xB1, 0x07, 0xC5, 0x95, 0xF7, 0x2F, 0x64, 0xDE, 0xC5, 0x18, 0x36,
    0x3D, 0x28, 0x6E, 0x9E, 0xFB, 0xD6, 0x90, 0x72, 0x1F, 0x29, 0xF9, 0xB9, 0xAF, 0xC0, 0x5E, 0xD2,
    0xB0, 0x5B, 0x18, 0xB9, 0x2C, 0xCE, 0x7B, 0x73, 0x3C, 0x6C, 0xC8, 0xF9, 0xAD, 0x94, 0x7C, 0x42,
    0xDD, 0x31, 0x2E, 0x8B, 0xF4, 0x23, 0x4E, 0x11, 0xA5, 0x9C, 0xDA, 0xA6, 0xB3, 0x07, 0x02, 0xC8,
    0x06, 0x18, 0xAC, 0x68, 0x00, 0x80, 0xC3, 0x55, 0x04, 0xD6, 0x4E, 0x49, 0x3E, 0xC5, 0xA6, 0x45,
    0x37, 0x1A, 0xD5, 0xE8, 0x70, 0x4D, 0xEB, 0xBA, 0x22, 0x97, 0x3A, 0xE7, 0xA5, 0x62, 0xCE, 0xDE,
    0x46, 0xB0, 0x8E, 0x43, 0xF3, 0xDA, 0xD4, 0x60, 0x69, 0x01, 0xF2, 0x00, 0xA2, 0x50, 0x3E, 0x1A,
    0x31, 0x8A, 0x5A, 0xD4, 0xA0, 0x1E, 0xAD, 0x3C, 0x35, 0x2D, 0x7F, 0xE0, 0x39, 0x5C, 0x8C, 0xFF,
    0xF4, 0x19, 0xE4, 0x42, 0xFE, 0xF0, 0xB4, 0xFD, 0x17, 0xF2, 0xE3, 0x1C, 0x17, 0xC5, 0x8B, 0x32,
    0x63, 0x98, 0xC1, 0xDC, 0x15, 0xE0, 0xE4, 0x56, 0x59, 0x5D, 0x07, 0x66, 0x4D, 0xB5, 0xE9, 0x2E,
    0x2F, 0x12, 0x69, 0x06, 0xB1, 0xB5, 0x29, 0x2E, 0xC7, 0xFD, 0x7F, 0x8D, 0x1D, 0x2A, 0x56, 0x82,
    0x53, 0xCF, 0xFD, 0x29, 0xE3, 0xF4, 0x7C, 0x30, 0x57, 0x8E, 0x3D, 0x4D, 0xFB, 0x82, 0x97, 0x59,
    0xB5, 0x20, 0xAF, 0x9F, 0x0A, 0xE6, 0x8B, 0xF9, 0x0F, 0x7D, 0x30, 0x7F, 0x4A, 0x4B, 0x4B, 0x0B,
    0xF1, 0xCF, 0x07, 0xF3, 0xC5, 0xCA, 0x4F, 0x43, 0x1B, 0x9C, 0x93, 0x06, 0x00, 0x5C, 0xD3, 0xC0,
    0xD5, 0x0E, 0x24, 0x95, 0xFC, 0xCE, 0x03, 0xD9, 0xDF, 0x8C, 0x68, 0xB3, 0xF3, 0x2D, 0xDC, 0x82,
    0xE8, 0x3B, 0xF2, 0xFF, 0x59, 0xCC, 0xDF, 0x57, 0xBB, 0x55, 0x68, 0x21, 0x8A, 0x6C, 0x4E, 0xA0,
    0x91, 0xCF, 0xED, 0x81, 0xC4, 0xE5, 0x56, 0x3F, 0x38, 0x3E, 0xC5, 0x3C, 0x0F, 0x61, 0x97, 0xEA,
    0xF4, 0x7F, 0xA5, 0x58, 0x3B, 0x8F, 0xE3, 0xD6, 0x15, 0xFE, 0x48, 0x66, 0xC5, 0xDD, 0x70, 0x3D,
    0x4C, 0x39, 0x40, 0xD6, 0xE2, 0x14, 0x53, 0xAE, 0x96, 0xCD, 0x16, 0x53, 0x50, 0x12, 0xB1, 0x2E,
    0xD2, 0xFA, 0x27, 0x4C, 0x7A, 0x03, 0x4E, 0x31, 0x30, 0x14, 0x44, 0xB3, 0xBA, 0x46, 0x4A, 0x17,
    0xD6, 0x1F, 0x30, 0xE0, 0xF4, 0x2E, 0xA6, 0x10, 0x12, 0x15, 0x76, 0x44, 0xC4, 0x45, 0x0A, 0x17,
    0xBE, 0xC8, 0x96, 0x03, 0x38, 0x04, 0x62, 0x60, 0x2B, 0xC3, 0x4C, 0x40, 0x20, 0x72, 0xAC, 0xD1,
    0xCD, 0x77, 0x2E, 0xA5, 0x59, 0x8D, 0xE6, 0x21, 0x72, 0x47, 0x3C, 0x87, 0x92, 0x2E, 0xEF, 0x3D,
    0xDF, 0x7D, 0x9C, 0x27, 0x61, 0x0A, 0x40, 0x58, 0x3E, 0x21, 0x39, 0x4E, 0x81, 0x7E, 0x06, 0x7C,
    0xA4, 0x81, 0x7F, 0xE7, 0x40, 0x5E, 0xC0, 0xD5, 0x53, 0x78, 0x59, 0x02, 0x3F, 0xED, 0x20, 0x34,
    0x4B, 0xB2, 0x41, 0x07, 0x41, 0xCA, 0x96, 0x6C, 0xC8, 0x27, 0x13, 0xB8, 0xB9, 0x6F, 0x14, 0xA9,
    0x12, 0x13, 0x48, 0x17, 0xC5, 0x87, 0x1C, 0xD9, 0x32, 0x3A, 0x32, 0xBA, 0xE7, 0xEA, 0xC4, 0xD5,
    0x5D, 0x57, 0xC7, 0x46, 0x4B, 0xB7, 0xCF, 0x3F, 0x07, 0x46, 0x04, 0x88, 0xD5, 0xBD, 0x81, 0xBD,
    0xDF, 0xC0, 0x33, 0xC0, 0x02, 0x75, 0xB1, 0xEF, 0x81, 0x05, 0x7E, 0x13, 0x22, 0xAD, 0x26, 0xEC,
    0xE7, 0xBB, 0xC0, 0xB4, 0xF4, 0xDD, 0xE3, 0x08, 0x0D, 0x87, 0xDD, 0x14, 0xDA, 0xC0, 0x43, 0x3B,
    0xCD, 0xD1, 0xF7, 0xBE, 0x59, 0x84, 0x7A, 0xBF, 0x07, 0x0C, 0x81, 0x29, 0x30, 0x01, 0x4A, 0x7B,
    0x9F, 0xDA, 0x16, 0xB6, 0x47, 0xE3, 0x7D, 0xDF, 0x5C, 0x60, 0x56, 0xE2, 0x31, 0x90, 0x00, 0x3C,
    0x23, 0xBB, 0x5B, 0xEE, 0x12, 0x91, 0x41, 0xCF, 0x91, 0x9E, 0xA5, 0x6D, 0x2E, 0xEC, 0x28, 0xB6,
    0xB0, 0xBD, 0xB5, 0xB4, 0x10, 0x31, 0xF0, 0xE7, 0x0C, 0x4A, 0x35, 0xC6, 0x7A, 0x1F, 0x4E, 0x09,
    0xFF, 0x33, 0x3C, 0x78, 0x50, 0x0F, 0x6B, 0xCF, 0x62, 0xED, 0x35, 0x5F, 0x54, 0xB1, 0x16, 0x87,
    0x7A, 0x40, 0x5C, 0x0B, 0x57, 0x14, 0xBF, 0xCD, 0x06, 0x72, 0x2D, 0x5C, 0x11, 0xD7, 0xC5, 0xD5,
    0xD5, 0xC1, 0x72, 0x5F, 0xA4, 0x70, 0xCE, 0x79, 0xCA, 0xA7, 0xEC, 0x7D, 0x58, 0x4D, 0x30, 0x5E,
    0xA6, 0xE8, 0xD3, 0x4E, 0x12, 0x67, 0xC1, 0xC3, 0xE8, 0x93, 0x43, 0x72, 0xA0, 0xA8, 0x1E, 0x1B,
    0x2C, 0xFF, 0xC3, 0xEA, 0x39, 0xFB, 0x49, 0x7F, 0x19, 0x07, 0xFC, 0x2B, 0x83, 0x63, 0x59, 0xAD,
    0xD9, 0x5F, 0xE6, 0x88, 0x4D, 0x8E, 0x2E, 0xB5, 0x6A, 0xEA, 0xE4, 0x28, 0x56, 0x5C, 0x3A, 0xD5,
    0xFF, 0x1E, 0x39, 0xE2, 0x73, 0xD7, 0x8C, 0x11, 0x90, 0x43, 0xAE, 0x24, 0xC4, 0x28, 0x0D, 0x11,
    0x64, 0x21, 0xBC, 0x3C, 0x84, 0x53, 0xCC, 0x16, 0xB0, 0x4C, 0x65, 0x2C, 0xE4, 0x7F, 0xD5, 0x2E,
    0xCF, 0xD9, 0x8F, 0xFD, 0x65, 0x1C, 0x75, 0x1B, 0xFC, 0x49, 0xA2, 0x40, 0x27, 0x27, 0x2C, 0x51,
    0x4F, 0xDD, 0x9C, 0x18, 0x85, 0x25, 0x02, 0xF2, 0x37, 0xE1, 0x88, 0x46, 0xB0, 0xD0, 0x10, 0x4A,
    0x16, 0xDC, 0x37, 0x39, 0x29, 0xB1, 0xAA, 0x57, 0x51, 0xDF, 0x64, 0xA4, 0xCD, 0x16, 0xDB, 0x58,
    0x90, 0x2E, 0x47, 0xF1, 0xD3, 0xBA, 0xE0, 0xC4, 0x55, 0xD7, 0xCF, 0x26, 0xAE, 0x36, 0x26, 0x27,
    0xAD, 0xB6, 0x17, 0x69, 0x6C, 0x54, 0xCB, 0xA4, 0x41, 0x00, 0xFF, 0x02, 0xEE, 0xBC, 0x31, 0xCA,
    0xDE, 0x1E, 0x02, 0x0E, 0x2C, 0xEB, 0x02, 0xE1, 0xCC, 0x1E, 0xF0, 0x59, 0x63, 0xA0, 0x2D, 0xE5,
    0xDC, 0x09, 0xD4, 0x4C, 0x38, 0x0F, 0x82, 0x6E, 0x84, 0xDE, 0xC0, 0x2D, 0xEE, 0x90, 0x1C, 0x89,
    0x64, 0x85, 0x77, 0xED, 0xC8, 0x58, 0xB5, 0x5A, 0x6B, 0x1D, 0x3E, 0x6E, 0xBC, 0x9C, 0x2D, 0xFD,
    0xAF, 0xB5, 0x75, 0x8F, 0xAC, 0x93, 0xFC, 0x28, 0xC3, 0x78, 0x6C, 0xCD, 0xAD, 0xA4, 0x29, 0xDD,
    0x64, 0x6E, 0xED, 0x29, 0xDA, 0x43, 0xB4, 0x7B, 0x68, 0x47, 0xBA, 0xED, 0xD3, 0x6F, 0xCE, 0x7E,
    0xC2, 0x01, 0x30, 0x87, 0xF7, 0x1D, 0x5C, 0xD7, 0x9A, 0x9B, 0x51, 0x95, 0x63, 0x9C, 0xBA, 0xBA,
    0x74, 0x75, 0x61, 0x89, 0xBF, 0x4F, 0x7D, 0xEB, 0x24, 0xFF, 0xA7, 0xE9, 0x3C, 0x7F, 0xE5, 0x73,
    0xF2, 0x69, 0xFC, 0x13, 0xB5, 0x35, 0xC7, 0x4C, 0x5B, 0xFF, 0xDC, 0x0C, 0xD4, 0xF7, 0x25, 0x0C,
    0x38, 0xF3, 0xB5, 0x3F, 0x69, 0x04, 0x4A, 0xF7, 0x15, 0x5D, 0x3A, 0xB1, 0x26, 0x2B, 0x9D, 0xC8,
    0x4A, 0xE5, 0xFE, 0x16, 0xA0, 0x8D, 0x80, 0xAA, 0x18, 0xF9, 0xD2, 0x76, 0x7D, 0x62, 0x8F, 0xF6,
    0xE4, 0x6D, 0x71, 0x1F, 0x5A, 0xE7, 0xF8, 0x5F, 0x55, 0x45, 0x07, 0xFA, 0xAB, 0x2D, 0xEA, 0x1B,
    0x43, 0xBA, 0xDE, 0x4E, 0x7A, 0x87, 0xB3, 0x56, 0x18, 0x67, 0x02, 0x7A, 0x04, 0x0C, 0x36, 0x68,
    0x74, 0x81, 0x91, 0x51, 0x03, 0x3F, 0x1B, 0xB8, 0x5A, 0xC8, 0xC9, 0xB7, 0x88, 0xCE, 0x49, 0xCF,
    0x8C, 0x59, 0x08, 0xCB, 0xEF, 0x4B, 0x36, 0xA6, 0xE2, 0xCD, 0xB6, 0x2D, 0x66, 0xD8, 0xAC, 0x7C,
    0x18, 0x7F, 0x90, 0x22, 0x43, 0xEB, 0xC8, 0xDB, 0x4E, 0xD1, 0xC6, 0xC4, 0xD2, 0x60, 0x9B, 0x1E,
    0xF7, 0x17, 0xBF, 0x2D, 0x24, 0x5A, 0xDF, 0x75, 0x3D, 0x7B, 0x32, 0x9A, 0xFF, 0xC9, 0xDA, 0xB8,
    0xAF, 0x6E, 0xBA, 0xFA, 0x8B, 0xFE, 0x62, 0x97, 0x8C, 0xD1, 0x7C, 0x34, 0xBF, 0x5D, 0x42, 0x9E,
    0xCF, 0x74, 0x6C, 0xB3, 0x85, 0xBB, 0xAE, 0xE7, 0xCF, 0xFB, 0x05, 0x33, 0x84, 0x5B, 0xA5, 0xDC,
    0x3D, 0xBA, 0xC3, 0xDD, 0x9F, 0x30, 0xE0, 0xB4, 0xB9, 0x31, 0xBC, 0x5D, 0x7E, 0x92, 0x49, 0xF1,
    0xF2, 0x68, 0x78, 0x84, 0xE4, 0xEA, 0x67, 0xF0, 0xE6, 0x93, 0x30, 0xA3, 0xA9, 0xC9, 0x3A, 0xE1,
    0x29, 0x24, 0xFB, 0x41, 0x96, 0xF4, 0x8D, 0x4A, 0xE8, 0x84, 0x07, 0xA1, 0xD0, 0xE5, 0xA7, 0xFA,
    0x7B, 0x07, 0x89, 0xF6, 0xC6, 0xF0, 0x2E, 0xE0, 0x51, 0xC5, 0xDD, 0x94, 0x41, 0x0A, 0x9D, 0x33,
    0x1C, 0xDA, 0xE0, 0x4A, 0x67, 0x78, 0x07, 0xD1, 0x4F, 0x06, 0xEA, 0x38, 0x4A, 0x67, 0x06, 0x31,
    0xC7, 0x2A, 0xB7, 0x08, 0x86, 0x0F, 0xA9, 0xC3, 0x4E, 0x7E, 0xF3, 0xE5, 0xE9, 0x7E, 0xF6, 0x92,
    0x6A, 0x3D, 0x24, 0x97, 0x48, 0xBC, 0x1C, 0x49, 0xA8, 0x90, 0x50, 0xE5, 0x13, 0x71, 0x70, 0xCC,
    0xE1, 0xFA, 0xDC, 0xEB, 0x2E, 0x45, 0x25, 0x0C, 0xEF, 0x49, 0x98, 0xB2, 0x8F, 0xAE, 0xFA, 0xDA,
    0x31, 0x71, 0xB5, 0x22, 0x5A, 0x98, 0x38, 0x13, 0xA7, 0xB8, 0xA6, 0xE9, 0xA2, 0xE3, 0x11, 0xB8,
    0x7B, 0x83, 0x12, 0x7F, 0xD0, 0x18, 0x65, 0xF8, 0x7D, 0x81, 0xC1, 0x10, 0xD2, 0x18, 0xA8, 0x81,
    0x27, 0x27, 0xC9, 0x61, 0x7E, 0x2E, 0x53, 0x1F, 0x78, 0x99, 0x6C, 0x40, 0xF7, 0xA6, 0xCE, 0x62,
    0x2B, 0xB9, 0xEC, 0x45, 0xCA, 0x43, 0x5C, 0xE5, 0x19, 0x49, 0x3D, 0xAA, 0xDC, 0x7F, 0x8B, 0x93,
    0x15, 0x1F, 0x30, 0xB8, 0xF5, 0x1A, 0x52, 0x31, 0xA2, 0x66, 0x42, 0x65, 0x16, 0x05, 0x3C, 0x92,
    0xA6, 0xAD, 0xDD, 0x76, 0x45, 0x08, 0x33, 0xA6, 0xBD, 0x3C, 0x56, 0x49, 0x85, 0x92, 0x01, 0x92,
    0x13, 0x4B, 0xBF, 0xB3, 0x74, 0x27, 0xC0, 0xA0, 0xE0, 0x95, 0xF3, 0xD2, 0xB5, 0x67, 0x1B, 0xC8,
    0x19, 0xCA, 0xFD, 0xBA, 0xB0, 0xAB, 0x22, 0x4E, 0x06, 0x53, 0xF2, 0x86, 0xB0, 0x6D, 0x7D, 0x3A,
    0x17, 0x1D, 0x0C, 0x72, 0x49, 0xFE, 0xAF, 0xB4, 0x1B, 0x43, 0xBA, 0x62, 0x58, 0x45, 0xAC, 0x66,
    0x6F, 0xFE, 0xA5, 0x81, 0x76, 0xE9, 0x46, 0x95, 0xD8, 0xA8, 0xF5, 0x41, 0xD8, 0x5F, 0xEB, 0x49,
    0x90, 0xF6, 0xC8, 0xFD, 0x94, 0xAC, 0x83, 0xB4, 0x5B, 0xB0, 0x64, 0x18, 0x90, 0x3B, 0xE4, 0x90,
    0xEC, 0x7F, 0x93, 0x26, 0xEE, 0x39, 0xCB, 0x88, 0x9F, 0xC9, 0x23, 0x72, 0x4C, 0x0E, 0x53, 0x19,
    0xB7, 0x95, 0xD8, 0xC7, 0xBB, 0x5C, 0xE8, 0xBD, 0xB0, 0xE4, 0x23, 0xF3, 0xFE, 0x0A, 0x36, 0xD8,
    0xEC, 0x04, 0xDB, 0xD4, 0x03, 0x1B, 0x2A, 0xFE, 0x92, 0xD9, 0x54, 0x7F, 0x95, 0x7F, 0xDF, 0x6B,
    0xE1, 0x5B, 0xC9, 0x4C, 0x8D, 0x85, 0x8B, 0x11, 0x9E, 0xAC, 0x52, 0x39, 0xE6, 0xB5, 0x3B, 0xFC,
    0xFF, 0xF6, 0xDC, 0x92, 0x46, 0x1B, 0x65, 0xEB, 0x3B, 0xB2, 0x24, 0xB4, 0x17, 0x35, 0x36, 0xCA,
    0xD1, 0xB2, 0x47, 0xD4, 0xA8, 0x7E, 0x8A, 0xCD, 0x6A, 0x7A, 0x44, 0x0F, 0x20, 0x85, 0xA4, 0x8E,
    0x55, 0xCF, 0x16, 0x91, 0xCC, 0xBA, 0xE9, 0x19, 0x68, 0xB1, 0x85, 0x94, 0x1D, 0xF2, 0x2D, 0xFF,
    0xA5, 0x5D, 0x9E, 0x4B, 0x3F, 0xE9, 0x2F, 0xE3, 0xAE, 0xE5, 0xD3, 0x59, 0xCF, 0xE7, 0x60, 0x8E,
    0x2B, 0x0A, 0x94, 0xA5, 0x0C, 0x2C, 0xD8, 0xC2, 0x76, 0x3E, 0xC5, 0xD9, 0x99, 0x1D, 0x84, 0x48,
    0xDD, 0x1B, 0x58, 0x72, 0xF3, 0xE5, 0x9B, 0x34, 0x6A, 0x37, 0x76, 0x8B, 0xEA, 0xD0, 0x16, 0x8B,
    0xA4, 0xD4, 0x83, 0xF1, 0xBD, 0xF1, 0x71, 0xAC, 0x58, 0x28, 0x79, 0xDF, 0xA4, 0xEE, 0x83, 0x7A,
    0xF8, 0x1F, 0x1A, 0x33, 0xA7, 0xE9, 0x9A, 0x79, 0xC8, 0x4C, 0x81, 0x26, 0x1F, 0x4A, 0x8A, 0x14,
    0x8A, 0x8A, 0x87, 0x92, 0x20, 0x85, 0x86, 0xE3, 0x78, 0x9B, 0x5C, 0xB6, 0xD9, 0xA7, 0xB6, 0x9F,
    0x1D, 0x21, 0x63, 0x17, 0x22, 0x65, 0xD1, 0xBA, 0x70, 0x05, 0xED, 0x53, 0xA3, 0x7A, 0xFE, 0x85,
    0xA7, 0xA7, 0x52, 0x8A, 0x95, 0xB0, 0xA9, 0x31, 0x6F, 0xA5, 0xE4, 0x66, 0x53, 0xC9, 0xF6, 0x7A,
    0xDC, 0xA0, 0x54, 0xFA, 0x11, 0x9F, 0x99, 0xD7, 0xCA, 0x88, 0xF9, 0x74, 0xBC, 0xAA, 0x13, 0x25,
    0x31, 0x77, 0x4B, 0x46, 0x13, 0x3A, 0x46, 0xB9, 0x3B, 0xA5, 0xF5, 0x55, 0xA9, 0xF8, 0x30, 0x46,
    0x51, 0xA7, 0x48, 0x30, 0xB7, 0x8F, 0x9E, 0xE1, 0xD8, 0x29, 0xBC, 0x4C, 0xB2, 0xE4, 0x98, 0x79,
    0xC4, 0x75, 0xF7, 0xDD, 0x4C, 0x98, 0x35, 0x4A, 0x1E, 0x1D, 0x83, 0x4F, 0xB0, 0x8C, 0x96, 0xD7,
    0x9D, 0xB6, 0x38, 0x80, 0xAF, 0xB8, 0x08, 0x9A, 0x9F, 0xF7, 0x99, 0x3D, 0xE4, 0xE3, 0xC6, 0x53,
    0x3E, 0x3C, 0xEC, 0x9C, 0x05, 0x19, 0xA3, 0xD6, 0x2D, 0x53, 0x46, 0xCB, 0xE6, 0xD2, 0xDC, 0x91,
    0x83, 0x2A, 0x35, 0x65, 0x45, 0x99, 0xC7, 0xE9, 0xFB, 0xDD, 0xAA, 0x8E, 0xE1, 0xAE, 0x4B, 0x4D,
    0xCB, 0x3E, 0xDA, 0xC6, 0x56, 0xEA, 0xC2, 0xE4, 0xD0, 0x15, 0xB4, 0x5F, 0xB3, 0x50, 0xDE, 0xB7,
    0xF9, 0xED, 0xDA, 0x1F, 0xFA, 0xB6, 0x4E, 0xEF, 0x3A, 0x76, 0xE0, 0x58, 0x6A, 0x46, 0x7C, 0x68,
    0xAD, 0x93, 0x46, 0xCD, 0x64, 0x60, 0x6E, 0x63, 0xE6, 0x97, 0x70, 0xCF, 0x6D, 0xC1, 0xDE, 0x14,
    0x6B, 0xCC, 0xF2, 0x0B, 0xC1, 0x07, 0x78, 0xF4, 0xA8, 0x16, 0x56, 0x33, 0xE1, 0x27, 0xD2, 0x89,
    0x15, 0x2E, 0xC5, 0xC6, 0x6B, 0xB1, 0xD1, 0x4D, 0x62, 0xE9, 0x3B, 0xB8, 0x5E, 0x06, 0x24, 0x2E,
    0x81, 0x0B, 0xE1, 0x72, 0xAA, 0x44, 0xA0, 0x11, 0x1C, 0xD3, 0xA1, 0x60, 0x28, 0xCB, 0xA9, 0xB9,
    0x6F, 0x33, 0xB3, 0x24, 0xD5, 0x4D, 0x0B, 0x9E, 0x03, 0x4F, 0x45, 0x59, 0x4E, 0xEC, 0xF9, 0x8E,
    0xB6, 0x4E, 0x7D, 0xF8, 0x8B, 0xFE, 0x22, 0x98, 0x7B, 0x19, 0x13, 0x7C, 0xCD, 0x35, 0xC8, 0x6B,
    0x93, 0xD3, 0xD5, 0x1A, 0x9A, 0xC1, 0x14, 0xC8, 0x4F, 0xB4, 0xE4, 0x04, 0x37, 0x23, 0xDC, 0x28,
    0x8C, 0x5B, 0x44, 0xBA, 0x2E, 0x6C, 0x7B, 0xAA, 0xD5, 0xAF, 0x4A, 0x10, 0xCA, 0xB1, 0x67, 0xB4,
    0x17, 0x28, 0x9B, 0x38, 0x45, 0xB7, 0xD1, 0x50, 0xBC, 0xDA, 0xB3, 0x2E, 0xBA, 0x71, 0xBA, 0x08,
    0x4C, 0xE9, 0x18, 0xE5, 0xBF, 0x12, 0x9F, 0xFC, 0xF8, 0x74, 0x9D, 0xF2, 0x56, 0xE1, 0xE0, 0x2A,
    0x0D, 0x5D, 0x29, 0xC3, 0xAA, 0x17, 0x8D, 0x9E, 0xC9, 0x48, 0x4D, 0x51, 0x36, 0x3D, 0xFF, 0x4E,
    0x08, 0xE7, 0x6F, 0x19, 0xE8, 0x81, 0x5E, 0xA2, 0x29, 0xCA, 0xDE, 0x2F, 0xDF, 0xBC, 0x82, 0xA9,
    0x03, 0x24, 0x15, 0xE3, 0xAB, 0x54, 0xA8, 0xD7, 0x0C, 0x88, 0x31, 0xDE, 0x7B, 0x2C, 0xE4, 0x94,
    0xF5, 0x80, 0xF6, 0x0F, 0x70, 0x74, 0x86, 0xFF, 0x68, 0x7C, 0x9C, 0x36, 0x5D, 0x14, 0xC6, 0xCA,
    0x79, 0x95, 0xF9, 0x9F, 0xC2, 0x7D, 0x58, 0x0B, 0xAB, 0xB6, 0xF0, 0x42, 0x84, 0xBF, 0x63, 0x75,
    0x2B, 0x52, 0xBB, 0xC4, 0x66, 0x08, 0x6C, 0xA2, 0x25, 0x15, 0x9D, 0x75, 0x81, 0x5F, 0x8A, 0x39,
    0x9F, 0xCB, 0xED, 0xC5, 0x6A, 0xBB, 0x87, 0xE2, 0xA9, 0x13, 0x99, 0xA2, 0x94, 0x1C, 0x93, 0x2E,
    0xBB, 0x94, 0xCF, 0x98, 0x6A, 0x14, 0x11, 0x7E, 0x44, 0x11, 0xBA, 0xFF, 0xA4, 0x31, 0x79, 0x7F,
    0x7F, 0xA1, 0x83, 0xF7, 0xFE, 0xF8, 0x75, 0xE6, 0x7F, 0xF2, 0xDE, 0xD7, 0x99, 0xF7, 0xAD, 0xF3,
    0x5A, 0x79, 0xDF, 0x31, 0x5D, 0x71, 0x17, 0x98, 0x89, 0x35, 0x8E, 0x24, 0xE4, 0xF0, 0x54, 0x1C,
    0x49, 0x49, 0x19, 0x37, 0xF7, 0xE8, 0x72, 0xF6, 0xF7, 0x57, 0xA7, 0x99, 0x85, 0xF4, 0xDA, 0x6D,
    0xD6, 0x3E, 0x9D, 0x8E, 0x5F, 0x24, 0xED, 0xF0, 0xEC, 0x28, 0xDC, 0x3B, 0x99, 0x04, 0x4F, 0x8E,
    0x0A, 0xFF, 0x8B, 0xA7, 0xB9, 0x37, 0x8F, 0xB4, 0x5B, 0x86, 0x19, 0x0A, 0x1A, 0x81, 0x6C, 0x15,
    0xC5, 0xE0, 0xB5, 0xC2, 0xEA, 0x75, 0x31, 0x67, 0x13, 0xA2, 0xCB, 0x78, 0x12, 0x8B, 0x85, 0xA5,
    0x53, 0x46, 0x68, 0x26, 0x81, 0xAF, 0xB8, 0x9C, 0x9F, 0xA9, 0xCD, 0xB3, 0x55, 0xFF, 0xCE, 0x2D,
    0x7C, 0x20, 0xAF, 0xE2, 0xBD, 0x6F, 0x57, 0xEF, 0x7E, 0x18, 0xAA, 0x13, 0xA6, 0x6F, 0xAE, 0xEE,
    0x78, 0x59, 0x48, 0xF2, 0x53, 0xFF, 0x13, 0xFB, 0xF4, 0x07, 0xFB, 0xC6, 0xDE, 0xBE, 0xF4, 0xA0,
    0x3B, 0x9B, 0x65, 0xF8, 0x2B, 0xF7, 0xE7, 0x1F, 0xDA, 0xF2, 0xBD, 0xE7, 0xE0, 0xD9, 0x72, 0x73,
    0x1D, 0x82, 0xFA, 0x66, 0x41, 0x92, 0x17, 0x35, 0xF4, 0x90, 0xAC, 0x59, 0xF8, 0xA8, 0x6B, 0xA1,
    0x6D, 0x6A, 0x1B, 0xA8, 0x55, 0xC3, 0xC8, 0x5C, 0x90, 0x24, 0x04, 0x6D, 0xA4, 0xE4, 0xD5, 0x4B,
    0x35, 0xC9, 0x06, 0x7B, 0xDB, 0x02, 0x46, 0x26, 0x23, 0xD1, 0x35, 0xCA, 0x9F, 0xA7, 0xCD, 0x81,
    0x72, 0xEB, 0xC7, 0xF3, 0x95, 0x4A, 0xEC, 0x04, 0x72, 0x3E, 0x56, 0x78, 0x9D, 0x8A, 0xA9, 0xEF,
    0x37, 0xC6, 0x62, 0x88, 0xF3, 0x3F, 0xB0, 0xEF, 0x4D, 0xC7, 0xB5, 0xB0, 0xFC, 0x45, 0xBC, 0xE8,
    0x51, 0x33, 0x6F, 0xAB, 0x2A, 0xFF, 0x0F, 0xBD, 0x58, 0xCF, 0x8F, 0xE3, 0x48, 0x15, 0x7E, 0xB6,
    0x51, 0x9C, 0x5E, 0x43, 0x7B, 0x8E, 0x23, 0x8D, 0x3A, 0x09, 0xD2, 0x1C, 0x40, 0xDA, 0x8C, 0x85,
    0x34, 0x87, 0x41, 0xAA, 0xC4, 0x66, 0x2F, 0x83, 0x84, 0x84, 0xE6, 0xC0, 0x81, 0x63, 0xFF, 0x01,
    0xA0, 0xBD, 0xAC, 0x46, 0x46, 0x64, 0x26, 0x06, 0x4E, 0x9C, 0xC8, 0x3F, 0x00, 0xE2, 0x4F, 0xE8,
    0x43, 0x0E, 0x39, 0xCC, 0x12, 0x6B, 0x2F, 0x7B, 0xE0, 0xB0, 0x16, 0xD7, 0xBD, 0x18, 0x84, 0xC4,
    0x81, 0x03, 0x35, 0xC8, 0x82, 0x0C, 0xA4, 0x53, 0x7C, 0xDF, 0x73, 0xBA, 0xB7, 0xBB, 0x67, 0xFA,
    0x47, 0xBA, 0x47, 0x74, 0x5E, 0x3D, 0x77, 0x6C, 0xD7, 0x7B, 0x55, 0xAF, 0x5E, 0x7D, 0xEF, 0xAB,
    0x88, 0x88, 0x15, 0xB6, 0x69, 0x6D, 0x43, 0xE7, 0xCA, 0xB8, 0x4A, 0x8A, 0xB1, 0x84, 0xE5, 0x44,
    0xFC, 0x7A, 0x21, 0x9E, 0x9D, 0xE3, 0x59, 0x83, 0xC6, 0x2B, 0xBF, 0xF3, 0x3E, 0x9F, 0xF3, 0xBD,
    0xD0, 0x6D, 0x04, 0xFD, 0xD0, 0xFD, 0x43, 0x11, 0xD3, 0x39, 0x36, 0x7D, 0xD7, 0x8C, 0x43, 0x74,
    0x43, 0x0F, 0x6B, 0xA5, 0xB1, 0xEC, 0x62, 0x71, 0xA7, 0xEF, 0xCA, 0xCE, 0x31, 0x5E, 0x93, 0x39,
    0x5D, 0xE5, 0xD2, 0xAF, 0xD0, 0xE4, 0xAA, 0x36, 0x91, 0x9E, 0x18, 0x79, 0x24, 0x23, 0x7C, 0x92,
    0x6C, 0x2D, 0x91, 0xB3, 0xE2, 0xB9, 0x02, 0xDD, 0x63, 0x48, 0xEE, 0x6F, 0x72, 0x7F, 0x95, 0xFB,
    0xD5, 0x59, 0x99, 0xF8, 0xD5, 0xD8, 0xAF, 0x12, 0x57, 0x85, 0xFA, 0x9E, 0xDC, 0xBF, 0x4F, 0x2D,
    0xFB, 0xB9, 0x5E, 0x82, 0x5A, 0x2F, 0x5E, 0x21, 0xC9, 0x26, 0x0B, 0x30, 0xD1, 0xD4, 0x59, 0x5E,
    0x8C, 0xB7, 0x86, 0xC1, 0xC2, 0x48, 0x2A, 0x92, 0xC0, 0x25, 0xCC, 0x4F, 0x70, 0x89, 0x0A, 0x69,
    0x70, 0x09, 0x0B, 0xBF, 0xD6, 0x4B, 0x58, 0xE8, 0x05, 0x4F, 0xF9, 0x6C, 0x24, 0xFA, 0x66, 0xCE,
    0x4B, 0xCA, 0xF8, 0xC1, 0x4A, 0x50, 0x89, 0xC0, 0x26, 0x62, 0x58, 0xC1, 0x03, 0x2F, 0xF4, 0x37,
    0x9B, 0xE1, 0x8B, 0x3C, 0xAF, 0xF0, 0x44, 0xFA, 0x19, 0x9D, 0xED, 0x69, 0x1F, 0x35, 0x10, 0xB8,
    0x35, 0xAC, 0xFD, 0x8A, 0x1A, 0xF6, 0x57, 0xD4, 0x41, 0x4D, 0x1D, 0x15, 0xF4, 0xD2, 0x0E, 0x67,
    0xA2, 0xEF, 0x37, 0xEA, 0xA2, 0x16, 0x1D, 0xF5, 0x5A, 0xA7, 0x80, 0x71, 0xD7, 0xDD, 0x2E, 0xA6,
    0x54, 0xC7, 0x39, 0x35, 0x67, 0xE8, 0xD5, 0x52, 0xA8, 0x16, 0x09, 0x37, 0xF5, 0xD2, 0x65, 0x89,
    0xA3, 0x1E, 0x61, 0x16, 0x89, 0x2C, 0x70, 0x7F, 0x22, 0xD6, 0xAB, 0x3D, 0x4B, 0x8D, 0x01, 0x37,
    0xE8, 0x9B, 0xF1, 0xFE, 0x23, 0x91, 0xB1, 0x57, 0x4F, 0x44, 0xFA, 0xAE, 0x76, 0xAE, 0xF0, 0xDD,
    0x0C, 0xDA, 0xC0, 0xCA, 0x64, 0x67, 0x95, 0x53, 0x2D, 0x8C, 0x74, 0xBC, 0x26, 0x75, 0x7F, 0x77,
    0x75, 0xEA, 0xFE, 0xE2, 0x32, 0x8E, 0xC9, 0x68, 0xE3, 0xC4, 0x4F, 0xDA, 0xC9, 0xBD, 0xCB, 0x5B,
    0xEA, 0xFE, 0xAC, 0xAD, 0x9D, 0x13, 0x43, 0x3C, 0x2D, 0x45, 0x5E, 0x4A, 0x1E, 0x65, 0x14, 0x91,
    0xAD, 0xB4, 0x5F, 0xDF, 0x92, 0x49, 0x94, 0xA5, 0x51, 0xD6, 0x8F, 0x32, 0x81, 0xC4, 0x48, 0x20,
    0xF1, 0x56, 0x5C, 0xC0, 0x4C, 0xCC, 0x58, 0x75, 0x9A, 0xA9, 0xAE, 0xA8, 0x47, 0x96, 0xDA, 0xE4,
    0xAA, 0x87, 0xAA, 0x63, 0xD5, 0xE1, 0x1F, 0xA9, 0xFD, 0x2F, 0xA9, 0xE5, 0xBF, 0xAA, 0xA7, 0xAA,
    0x93, 0x8F, 0x32, 0x2C, 0x5A, 0xFC, 0xD4, 0x59, 0xD8, 0xFC, 0xDE, 0x52, 0xB3, 0x8E, 0xFF, 0x66,
    0x56, 0xAD, 0xAB, 0x71, 0xB5, 0x4D, 0xD3, 0x96, 0x96, 0x2D, 0x0D, 0x5B, 0xDA, 0xB5, 0x34, 0x6B,
    0x69, 0xD5, 0xD2, 0xA8, 0xA5, 0x4D, 0xA8, 0x84, 0x2A, 0xCE, 0x5A, 0x2B, 0x6A, 0x0F, 0xCD, 0xA7,
    0x4A, 0x99, 0x4F, 0x69, 0xC6, 0x30, 0x6F, 0xDB, 0xE9, 0x5F, 0x72, 0x2C, 0x66, 0x8A, 0xF5, 0xCA,
    0xC3, 0xD2, 0x60, 0x23, 0xB4, 0x0D, 0x01, 0x7C, 0x57, 0x13, 0x0D, 0x98, 0xAC, 0x90, 0xF4, 0xB0,
    0x1A, 0x57, 0xC8, 0x50, 0x41, 0x7E, 0x62, 0xE5, 0x61, 0x7A, 0x6F, 0x6B, 0x30, 0xA6, 0x51, 0x7C,
    0x4F, 0xCB, 0xF6, 0xD9, 0x6B, 0x04, 0xBF, 0xB6, 0xE2, 0x57, 0x0B, 0x09, 0x4A, 0x24, 0x68, 0x36,
    0x94, 0x18, 0x7B, 0x3F, 0x76, 0x4E, 0x86, 0x18, 0xA8, 0x51, 0xBC, 0x08, 0xCA, 0x39, 0xB0, 0xC1,
    0xF7, 0x25, 0xF8, 0x42, 0x04, 0xC9, 0x39, 0xA0, 0xA5, 0x88, 0x6F, 0x15, 0x78, 0x8E, 0xCE, 0x1D,
    0x57, 0xF5, 0x1D, 0xF7, 0xA8, 0xF1, 0xAB, 0xD1, 0xC9, 0x4E, 0x9D, 0xCD, 0x9E, 0x97, 0x49, 0xB6,
    0xA7, 0x4E, 0xAF, 0xFA, 0x0C, 0x06, 0xC3, 0xA3, 0xA8, 0xF4, 0x99, 0xD8, 0xC5, 0xBB, 0x3E, 0x72,
    0x78, 0x28, 0xF2, 0x5D, 0xCE, 0x03, 0xCB, 0xD0, 0xD9, 0xCE, 0x03, 0xD8, 0x44, 0x8C, 0xBA, 0x0D,
    0xA6, 0x75, 0x3A, 0x12, 0xFC, 0x4E, 0xE3, 0x74, 0x48, 0x4B, 0x80, 0x2F, 0x80, 0xD8, 0x59, 0x70,
    0x6B, 0xCE, 0x83, 0x9B, 0xF7, 0x8B, 0x42, 0xFE, 0x56, 0xC8, 0x18, 0xB8, 0x23, 0x1A, 0xE3, 0xFE,
    0x65, 0x02, 0x68, 0x03, 0xB2, 0x01, 0xD8, 0x80, 0x6B, 0x91, 0x6B, 0x80, 0x6A, 0x7B, 0x7B, 0x12,
    0xFE, 0x54, 0x3C, 0x0C, 0xE9, 0x99, 0xF6, 0x3D, 0x8F, 0x6B, 0x6F, 0xA3, 0x9B, 0xE7, 0x4A, 0x08,
    0x41, 0xED, 0xB3, 0x0A, 0xB2, 0xAB, 0x3B, 0xAC, 0x09, 0x84, 0xD0, 0x18, 0x53, 0x6E, 0xE2, 0x51,
    0x7C, 0x4D, 0x0A, 0x2C, 0xF6, 0x8F, 0x6C, 0x9B, 0x98, 0x3B, 0x79, 0x64, 0x4C, 0x90, 0x79, 0x47,
    0x9C, 0xE0, 0x7E, 0x44, 0xB9, 0x91, 0xD3, 0x3F, 0x15, 0xB2, 0x94, 0xE8, 0xC7, 0xB7, 0xF1, 0xD8,
    0x39, 0x90, 0x00, 0x39, 0xF8, 0xFB, 0x5D, 0xDC, 0x1D, 0x6A, 0x7D, 0xC2, 0xCE, 0xFB, 0xFE, 0x6D,
    0x3C, 0x22, 0x42, 0x41, 0xA9, 0x30, 0x35, 0xDB, 0xC1, 0x69, 0xB2, 0x02, 0xA4, 0xCB, 0xBD, 0x88,
    0xFB, 0xC3, 0x11, 0x7B, 0x6B, 0xEB, 0xD7, 0xF3, 0xA0, 0x7A, 0x11, 0x97, 0x89, 0x93, 0x10, 0xE9,
    0xB7, 0xAC, 0xDB, 0xC6, 0x3F, 0xEC, 0x41, 0x6D, 0x77, 0xDC, 0xA3, 0x81, 0x13, 0x08, 0xB7, 0xD2,
    0xD3, 0x22, 0x7A, 0x5A, 0xDC, 0x64, 0x9B, 0x9E, 0x1B, 0x46, 0xBC, 0x6D, 0xEF, 0x6B, 0x18, 0xF2,
    0x89, 0xCA, 0x4D, 0x86, 0x21, 0xE9, 0x5A, 0xB6, 0xAA, 0xDD, 0xE1, 0x0E, 0xBB, 0xC6, 0x41, 0xF9,
    0xFF, 0xE0, 0x7E, 0xF8, 0x82, 0x46, 0x38, 0xA4, 0x03, 0x2A, 0x13, 0xBB, 0x5A, 0x8E, 0xA8, 0x6A,
    0x7C, 0x45, 0xB5, 0xC7, 0x8C, 0xA9, 0x88, 0x27, 0xE0, 0x17, 0x5A, 0xCC, 0x63, 0xB7, 0x5E, 0x50,
    0xA1, 0x71, 0x36, 0xEE, 0x2C, 0xAE, 0x46, 0xC7, 0xD1, 0x0A, 0xB7, 0x96, 0xEC, 0xB7, 0x42, 0xA1,
    0xC4, 0x90, 0x8B, 0x8E, 0x03, 0x69, 0xE8, 0x53, 0x8D, 0x51, 0x54, 0x61, 0x00, 0xCB, 0x31, 0xF2,
    0x56, 0x9E, 0xF0, 0x1E, 0x8A, 0xEE, 0x0F, 0x08, 0x1F, 0x7F, 0x85, 0x9F, 0x63, 0xC0, 0xCE, 0x7D,
    0xE2, 0x81, 0x62, 0xF5, 0x62, 0x4B, 0x7E, 0x1A, 0xF8, 0x9D, 0xFB, 0xAE, 0x5A, 0xA0, 0x91, 0xE3,
    0x8C, 0xD1, 0xFA, 0x55, 0x4F, 0x61, 0x4A, 0x96, 0x6F, 0xC4, 0x77, 0x45, 0x3B, 0xEB, 0x85, 0x5F,
    0x35, 0xE9, 0xDA, 0x42, 0xF4, 0xFF, 0x17, 0xA1, 0x46, 0xE0, 0x3F, 0x15, 0x22, 0x73, 0x2F, 0x04,
    0x79, 0xC9, 0x92, 0x37, 0x64, 0x17, 0x8C, 0x39, 0x90, 0xBB, 0x05, 0xEE, 0x69, 0x03, 0xB7, 0xF0,
    0x3A, 0x56, 0x9F, 0x0B, 0xF5, 0xD8, 0x50, 0xF7, 0x16, 0xD2, 0x83, 0x37, 0x38, 0x83, 0x2F, 0xBA,
    0x5A, 0xBE, 0x01, 0xBE, 0x85, 0xBF, 0x55, 0xCC, 0x51, 0x7C, 0x3B, 0xE7, 0xD7, 0xAF, 0xAC, 0xCA,
    0x65, 0x7E, 0x81, 0xF1, 0xE2, 0x7F, 0x89, 0x5E, 0xAF, 0x64, 0x0B, 0xF3, 0x0C, 0x04, 0x89, 0x0A,
    0x68, 0x0A, 0x68, 0x88, 0x89, 0x0B, 0x16, 0x58, 0x31, 0x18, 0xC2, 0xB8, 0x6E, 0x4B, 0xD7, 0x08,
    0x9E, 0xCC, 0x0B, 0xAE, 0x09, 0x4A, 0x27, 0x0A, 0xB9, 0xBE, 0xAB, 0x7D, 0x12, 0x99, 0x95, 0x32,
    0x2D, 0xE4, 0x1B, 0x6A, 0xE7, 0xC9, 0x69, 0x4D, 0x6F, 0x25, 0x2C, 0xF3, 0x3E, 0x39, 0x45, 0xDE,
    0xC8, 0xCF, 0x2B, 0x56, 0xFF, 0x9F, 0x59, 0xC9, 0x27, 0xC2, 0x9B, 0x51, 0x91, 0xC3, 0xD0, 0xAD,
    0x31, 0x1E, 0x0B, 0x17, 0x14, 0x6D, 0x02, 0x87, 0xF5, 0xF5, 0x00, 0x0F, 0xF4, 0xE2, 0xE6, 0x46,
    0xE6, 0x81, 0xCA, 0x69, 0xBB, 0x53, 0x85, 0x39, 0xEF, 0x1D, 0x79, 0x77, 0x9A, 0x7A, 0x37, 0x1F,
    0x89, 0xFF, 0x51, 0xE6, 0x61, 0x19, 0x3E, 0x15, 0x79, 0xC8, 0x8E, 0xA9, 0x5B, 0xA5, 0xD8, 0x09,
    0x60, 0x77, 0x00, 0x22, 0x84, 0x79, 0xA8, 0x39, 0x00, 0xFA, 0xD9, 0xB1, 0xFA, 0x1F, 0x72, 0xE2,
    0xD5, 0x63, 0x6F, 0x35, 0x75, 0xF6, 0xC1, 0x26, 0xF3, 0xCF, 0xD7, 0x37, 0xF0, 0x44, 0xAC, 0xF3,
    0xB6, 0x63, 0x4F, 0xD1, 0x1A, 0x84, 0x1B, 0x03, 0xC5, 0x5E, 0x64, 0x8A, 0x53, 0xEE, 0x85, 0xE0,
    0x62, 0x25, 0xC8, 0x46, 0xB7, 0x1B, 0xFD, 0x04, 0x9C, 0x44, 0x99, 0xE6, 0xBB, 0x3F, 0x41, 0x95,
    0x96, 0x2F, 0xFF, 0x7F, 0x4C, 0x9B, 0x1C, 0x5B, 0xEF, 0x89, 0xBE, 0x20, 0xF2, 0x3E, 0x39, 0xB6,
    0x1E, 0x1B, 0xDE, 0xAD, 0xEF, 0xCE, 0xB1, 0x05, 0x51, 0x64, 0xD0, 0x45, 0xBA, 0x3B, 0x6F, 0x61,
    0xF9, 0xBA, 0xAE, 0x53, 0xC3, 0x8A, 0xB3, 0xEB, 0x16, 0x36, 0x5B, 0xF4, 0xBB, 0xA8, 0x7A, 0xAA,
    0x52, 0x40, 0x59, 0xAB, 0xBE, 0xBA, 0x77, 0xA2, 0xB2, 0x21, 0xE2, 0x56, 0xBD, 0x32, 0xC0, 0x53,
    0x44, 0x53, 0x96, 0xD5, 0x03, 0x97, 0x21, 0x62, 0x08, 0x9D, 0xE1, 0x01, 0x60, 0x64, 0x64, 0xA8,
    0xDA, 0xE8, 0xD7, 0xC6, 0x04, 0xD6, 0xF4, 0xCB, 0xD1, 0x46, 0xD2, 0x86, 0x60, 0x68, 0xCE, 0x88,
    0x66, 0x1E, 0xC9, 0x68, 0x4F, 0x4E, 0x29, 0x1B, 0x79, 0x2F, 0xC9, 0x33, 0xB9, 0x33, 0xA9, 0x33,
    0x99, 0x33, 0x89, 0x33, 0x79, 0x33, 0x69, 0x33, 0x59, 0x33, 0x49, 0x33, 0x39, 0x33, 0x29, 0x33,
    0x19, 0x33, 0x07, 0xC5, 0x7E, 0x7E, 0xC6, 0x50, 0x32, 0x49, 0x06, 0x5B, 0x56, 0x0C, 0x52, 0x4C,
    0x00, 0x69, 0x0B, 0xAF, 0x57, 0x5F, 0x10, 0xF1, 0x32, 0x26, 0xA4, 0xC8, 0xB7, 0xA5, 0xA5, 0xBF,
    0xDF, 0x41, 0xEF, 0x6F, 0x16, 0xED, 0xFF, 0x69, 0x71, 0xAB, 0x9A, 0xC6, 0x35, 0xC1, 0x7E, 0xAC,
    0xB8, 0x76, 0xDE, 0xAF, 0x29, 0x0A, 0xFD, 0x37, 0xA9, 0x6C, 0xED, 0xA8, 0x99, 0xC2, 0x9C, 0x05,
    0x19, 0xD7, 0x7B, 0xAF, 0x71, 0x2D, 0x37, 0x35, 0x27, 0x7E, 0xA4, 0xB8, 0x63, 0xA1, 0x93, 0xB2,
    0x1D, 0x6C, 0x7C, 0xE6, 0xEC, 0x30, 0xAD, 0xCB, 0xAF, 0x7E, 0x47, 0x48, 0x10, 0x98, 0x29, 0x80,
    0xEC, 0xB5, 0x9D, 0x07, 0xA5, 0x6D, 0x70, 0xB0, 0x99, 0x0F, 0x01, 0x66, 0x0B, 0xCF, 0xBE, 0xA8,
    0xFD, 0x3A, 0x2D, 0x5B, 0x44, 0x4C, 0x10, 0xCC, 0x6F, 0x91, 0x5C, 0x20, 0x78, 0x23, 0x4D, 0xF9,
    0x59, 0x0B, 0x84, 0x87, 0x8C, 0x53, 0x58, 0x2D, 0x62, 0x6B, 0x8D, 0xB5, 0x76, 0xFE, 0xAF, 0xCA,
    0x2E, 0x33, 0x02, 0x21, 0x70, 0xE8, 0xF9, 0xB1, 0x00, 0xC3, 0x24, 0xF8, 0x1C, 0xBE, 0xFF, 0x89,
    0x78, 0x0F, 0x8A, 0x3B, 0x13, 0x92, 0xFB, 0x03, 0x39, 0x40, 0x22, 0xFD, 0x50, 0x0D, 0xDF, 0x64,
    0xCD, 0xE8, 0x67, 0x09, 0x1F, 0x75, 0x7D, 0x67, 0xDF, 0x80, 0x73, 0xF2, 0xA1, 0xA7, 0x27, 0x2B,
    0x72, 0x9D, 0xEF, 0xEE, 0x43, 0xEE, 0xC6, 0xF0, 0x37, 0x28, 0x02, 0x2D, 0xF6, 0x23, 0x26, 0xF5,
    0xD9, 0xDD, 0x95, 0x12, 0x78, 0x4B, 0x73, 0x7E, 0xCB, 0x61, 0xA3, 0x42, 0x06, 0x87, 0x62, 0xE6,
    0x12, 0x0F, 0xA5, 0xD3, 0x3D, 0x2D, 0x38, 0xC5, 0x28, 0x2C, 0xE7, 0xA7, 0x1C, 0x54, 0xB3, 0x76,
    0x2C, 0x80, 0x36, 0xE4, 0x41, 0x86, 0x43, 0x73, 0xB0, 0x91, 0x30, 0xDA, 0xD9, 0x91, 0xBF, 0x92,
    0xF0, 0x58, 0x3E, 0xF8, 0xE0, 0x6C, 0x65, 0xBB, 0xCA, 0xD1, 0xE0, 0x99, 0x99, 0xF7, 0x8C, 0x8E,
    0xCA, 0x5E, 0xF5, 0x19, 0xCC, 0x72, 0x7B, 0x60, 0xF6, 0xBA, 0x97, 0x15, 0xA0, 0x24, 0x5B, 0x56,
    0x5C, 0x93, 0xAB, 0x8F, 0x94, 0x51, 0x95, 0xD8, 0xC7, 0x8F, 0xE5, 0xD2, 0x23, 0x25, 0x23, 0x1B,
    0x7C, 0x8E, 0xB4, 0x7A, 0xCD, 0xF4, 0x9A, 0xDD, 0xF9, 0x48, 0xF9, 0x70, 0x20, 0x26, 0x97, 0xF8,
    0x40, 0xFC, 0xBD, 0x9B, 0xD5, 0x79, 0x1E, 0x65, 0xF9, 0xF3, 0xDA, 0xD1, 0xD1, 0x9D, 0x7D, 0xB7,
    0x4B, 0x18, 0x45, 0x37, 0xE5, 0x18, 0x17, 0xC6, 0x8A, 0x62, 0xC8, 0x55, 0xF7, 0x1B, 0x05, 0x75,
    0x85, 0x76, 0xFE, 0xBC, 0x83, 0x54, 0x00, 0x2A, 0x17, 0xE0, 0x73, 0xC6, 0xB3, 0x86, 0xD5, 0x15,
    0x8F, 0x1E, 0x0D, 0x66, 0x27, 0xAB, 0x18, 0x6D, 0xFA, 0x9B, 0x9E, 0x5C, 0xFC, 0x60, 0x2C, 0xE1,
    0xC9, 0x58, 0x76, 0x32, 0xCC, 0x05, 0x7B, 0xF2, 0x44, 0xBB, 0xAD, 0xA6, 0xAB, 0x5C, 0x2E, 0x7E,
    0x90, 0x10, 0x51, 0x4F, 0x11, 0xE1, 0x97, 0xD9, 0xAE, 0xC7, 0xB7, 0x76, 0x4F, 0xEC, 0x7F, 0xB8,
    0xDD, 0x13, 0xD7, 0x9F, 0x16, 0x5F, 0x02, 0x93, 0x0B, 0xEF, 0xB3, 0x72, 0xE7, 0x73, 0xA2, 0xEE,
    0x89, 0xFD, 0xFD, 0xED, 0x4A, 0x5C, 0xEB, 0x08, 0x3C, 0x01, 0xE8, 0x9E, 0x64, 0xCF, 0x94, 0x0A,
    0x81, 0x62, 0x48, 0x5C, 0xA3, 0xD6, 0x23, 0x3B, 0x2A, 0x52, 0x3D, 0xA2, 0xE5, 0xFC, 0xA1, 0xCF,
    0x98, 0x3D, 0x50, 0x16, 0x84, 0xD1, 0xF8, 0x0D, 0x01, 0x05, 0x31, 0xEE, 0x3B, 0x40, 0xB6, 0xF6,
    0x9A, 0xD1, 0xA9, 0x7C, 0x2C, 0xA2, 0xBF, 0x85, 0xE1, 0xC8, 0x89, 0x83, 0x27, 0x8B, 0x4C, 0xC5,
    0x9F, 0x80, 0x40, 0xC1, 0x96, 0x6E, 0x03, 0x91, 0x0B, 0xBB, 0xF8, 0x32, 0x69, 0x7F, 0xBD, 0x5B,
    0xD1, 0xFF, 0x27, 0x1A, 0xF9, 0xE9, 0x85, 0xF5, 0x98, 0x7C, 0x2D, 0x5D, 0xA3, 0xA4, 0x00, 0xDB,
    0xFA, 0x45, 0x8F, 0xBE, 0xA6, 0xD8, 0xDC, 0x38, 0xE4, 0x06, 0x24, 0x21, 0x14, 0x54, 0x8D, 0x7E,
    0x86, 0x21, 0x85, 0x9C, 0x48, 0xA9, 0xBF, 0x70, 0xA9, 0x90, 0xBC, 0xD6, 0xF2, 0x71, 0x39, 0xDD,
    0x30, 0x6B, 0x21, 0xCB, 0xB5, 0xDC, 0x1B, 0x2B, 0x45, 0xE8, 0x91, 0x12, 0x45, 0x56, 0xA2, 0xB5,
    0x4E, 0x24, 0x56, 0xE9, 0x8B, 0xF7, 0xA9, 0x2C, 0x1B, 0xF9, 0x03, 0xA6, 0x5E, 0x14, 0xF2, 0xEF,
    0x82, 0xBC, 0xAF, 0xDB, 0x0E, 0x30, 0xBE, 0x20, 0x20, 0x34, 0x90, 0xB7, 0xEF, 0x43, 0xAE, 0x38,
    0x81, 0x4C, 0xAF, 0xA3, 0x11, 0xFF, 0x03, 0x63, 0x60, 0x60, 0x30, 0x60, 0x60, 0xA8, 0x65, 0x60,
    0x90, 0x77, 0x60, 0x60, 0xBE, 0xC0, 0xC0, 0xB0, 0x83, 0x81, 0x41, 0x8E, 0x81, 0x81, 0x0D, 0x8C,
    0xE4, 0x40, 0x5C, 0xA6, 0x07, 0x0C, 0xFC, 0x0D, 0x0C, 0x76, 0x0C, 0x0C, 0x16, 0x0C, 0x20, 0x60,
    0xFF, 0x47, 0x34, 0x44, 0x97, 0x61, 0x3F, 0x10, 0xDA, 0x31, 0xE8, 0x30, 0xD8, 0xF0, 0x33, 0x54,
    0xB0, 0x3B, 0x7C, 0x60, 0x3E, 0x74, 0x80, 0xE1, 0x71, 0x03, 0x43, 0x3D, 0x03, 0x83, 0x2D, 0x03,
    0x03, 0x07, 0x48, 0x99, 0xBE, 0x43, 0xFD, 0x85, 0x07, 0x0F, 0x00, 0xAD, 0x5A, 0xCD, 0x92, 0xE3,
    0xD4, 0x15, 0x3E, 0x92, 0xAA, 0x5A, 0x54, 0x94, 0x8C, 0x58, 0xB0, 0x98, 0xCA, 0x30, 0x2D, 0x16,
    0xB3, 0x60, 0x41, 0xDB, 0x59, 0xB0, 0xE8, 0x4A, 0x64, 0x5B, 0x81, 0x05, 0x0B, 0x16, 0xE4, 0x11,
    0x78, 0x03, 0xA6, 0x52, 0x4E, 0x22, 0xC0, 0x33, 0x56, 0x60, 0x99, 0x05, 0xFD, 0x08, 0x79, 0x80,
    0x2C, 0x9A, 0x94, 0x53, 0xE5, 0x0A, 0x3D, 0x23, 0x31, 0xBD, 0x60, 0xC1, 0x62, 0x14, 0xB2, 0xC8,
    0x22, 0x15, 0x10, 0x81, 0x14, 0x8B, 0x54, 0xC2, 0x05, 0x54, 0x85, 0xA7, 0xE2, 0xF6, 0xCD, 0xF7,
    0xDD, 0x2B, 0xBB, 0xED, 0xFE, 0x73, 0x7B, 0x7A, 0xDC, 0xE7, 0xDC, 0x96, 0xA5, 0xAB, 0xFB, 0x73,
    0xFE, 0xCF, 0xB9, 0x76, 0x0A, 0x71, 0x94, 0x48, 0x2A, 0x72, 0x5D, 0xF0, 0xE9, 0xE9, 0x0A, 0x10,
    0x8B, 0x2C, 0xA0, 0xA7, 0x0B, 0xC0, 0xF2, 0x1D, 0x73, 0x53, 0x01, 0x82, 0x40, 0x00, 0x9B, 0xBE,
    0x95, 0xEB, 0x99, 0x10, 0x39, 0xE7, 0x02, 0x87, 0xB3, 0x44, 0x86, 0xBA, 0x92, 0xD4, 0xAD, 0xF1,
    0x7D, 0x0C, 0x8C, 0x1B, 0x1C, 0x48, 0xEA, 0x4C, 0x24, 0x8D, 0x14, 0x30, 0x93, 0x1F, 0x9A, 0x81,
    0xB0, 0xE0, 0xCC, 0xCE, 0x5B, 0x02, 0x4E, 0xCC, 0x72, 0x1E, 0x48, 0xFE, 0xA5, 0xAF, 0x8F, 0xA2,
    0xBD, 0xEB, 0x1D, 0xC1, 0xA0, 0x98, 0x03, 0xAB, 0x28, 0xB4, 0x2E, 0x46, 0xE6, 0x1A, 0x77, 0xBA,
    0x22, 0x51, 0x79, 0x1D, 0x7D, 0x24, 0xAF, 0x5D, 0xBD, 0x17, 0xEA, 0xAA, 0x9D, 0xFC, 0xA2, 0x63,
    0xDE, 0x6D, 0x8B, 0x84, 0x95, 0xB8, 0x9A, 0x3D, 0x0C, 0xBD, 0xF0, 0xD2, 0xE8, 0x96, 0x5B, 0x63,
    0xD7, 0x37, 0x66, 0x49, 0x7C, 0xFA, 0x23, 0xE2, 0x15, 0x17, 0xFD, 0xC9, 0xC5, 0xE0, 0x67, 0x12,
    0x64, 0xAF, 0x47, 0x49, 0xAE, 0xA5, 0x5D, 0x1B, 0x6A, 0xCA, 0xBC, 0x1D, 0x78, 0x6C, 0xD3, 0x95,
    0x56, 0x7F, 0x69, 0x5A, 0xD0, 0x74, 0xE4, 0x15, 0xED, 0x4C, 0x6A, 0xAF, 0xF0, 0x0B, 0x51, 0x9C,
    0xC8, 0x31, 0xAD, 0x57, 0xF2, 0x4E, 0x58, 0xF0, 0x69, 0x2E, 0xEC, 0x39, 0xC6, 0x6E, 0xBE, 0x14,
    0xFB, 0x89, 0x65, 0xFB, 0xEC, 0xA6, 0xA7, 0xB5, 0xCE, 0xD8, 0xD4, 0xF8, 0xEA, 0x1C, 0xF0, 0x5E,
    0x8B, 0xCD, 0xF6, 0xA2, 0xE9, 0x36, 0x0F, 0x22, 0x76, 0x09, 0x75, 0x76, 0x0E, 0x73, 0x81, 0xBA,
    0x04, 0x73, 0xC1, 0x44, 0x99, 0xE3, 0xE8, 0x14, 0x6E, 0xA1, 0x6F, 0x24, 0x96, 0x59, 0xCF, 0xCD,
    0x97, 0x36, 0x00, 0xD6, 0x12, 0x7B, 0x95, 0xC4, 0x61, 0x26, 0x31, 0x98, 0x14, 0x83, 0x5D, 0xDD,
    0x0A, 0xAB, 0x2B, 0x45, 0x3A, 0xA0, 0x4E, 0x7C, 0x07, 0x18, 0x26, 0xE8, 0x53, 0xDA, 0xBE, 0xE6,
    0x1D, 0xB0, 0xEC, 0xF5, 0x66, 0x7E, 0xEC, 0xC4, 0x8C, 0x6D, 0xC6, 0x0B, 0x12, 0xAC, 0x16, 0xD8,
    0x03, 0xE6, 0x49, 0xEC, 0xFC, 0x3B, 0x89, 0xBD, 0x8F, 0x93, 0x38, 0xC4, 0xFD, 0x1D, 0xE0, 0x00,
    0xA8, 0x82, 0xA4, 0x5B, 0x06, 0x49, 0x2F, 0x03, 0xA2, 0x7F, 0xC7, 0xBC, 0x13, 0x24, 0xEE, 0x5F,
    0x30, 0x21, 0x79, 0x30, 0xB4, 0x63, 0x0D, 0x24, 0x94, 0x0E, 0x49, 0x22, 0x3B, 0xB8, 0x42, 0x8F,
    0x2C, 0x05, 0xEF, 0x46, 0xE2, 0x56, 0x10, 0x90, 0x6F, 0xB0, 0xC0, 0x0F, 0xD0, 0xB7, 0x07, 0x41,
    0x8D, 0x12, 0xBB, 0x06, 0xC8, 0x58, 0x8F, 0xDC, 0xDC, 0xE3, 0x3A, 0xC2, 0xCB, 0x00, 0x68, 0x0F,
    0xC0, 0xF8, 0xC7, 0x10, 0x62, 0xA0, 0x36, 0x06, 0xEC, 0x61, 0xF0, 0x5F, 0x97, 0x76, 0x22, 0x4C,
    0xE8, 0x96, 0x63, 0x4C, 0x1E, 0x8B, 0x9F, 0x60, 0x31, 0x60, 0x40, 0x68, 0x5E, 0xE3, 0xC2, 0xFD,
    0x62, 0xD0, 0x2C, 0xCB, 0xEA, 0xDF, 0xB1, 0x3A, 0xCE, 0x12, 0x6A, 0xAD, 0x33, 0x01, 0xC1, 0x62,
    0x89, 0x0D, 0x0C, 0x62, 0x77, 0x42, 0x6D, 0xC6, 0x23, 0x3E, 0x55, 0xB1, 0x0B, 0xBE, 0xA6, 0x04,
    0x47, 0x19, 0x6D, 0x53, 0xB1, 0x33, 0x8D, 0xA5, 0x13, 0xCB, 0x0E, 0x5B, 0x67, 0xDA, 0xD3, 0xB5,
    0xE9, 0xB9, 0x89, 0x22, 0x0E, 0x41, 0x44, 0x22, 0xC5, 0x77, 0x19, 0x47, 0x0D, 0x2A, 0x8B, 0x6E,
    0x65, 0x75, 0x25, 0xCC, 0xBC, 0x22, 0xD7, 0x7A, 0x4A, 0x84, 0xDE, 0xC5, 0xCB, 0xB8, 0x91, 0xE5,
    0xE9, 0x4A, 0xDF, 0x55, 0x61, 0xD2, 0xF7, 0xA1, 0x0B, 0xFD, 0x30, 0x71, 0x55, 0x1F, 0xD2, 0x34,
    0xE9, 0x1F, 0x40, 0x8C, 0x7E, 0x05, 0x96, 0x45, 0x1F, 0x80, 0x9C, 0x81, 0x26, 0xC3, 0x3E, 0x00,
    0x51, 0x07, 0xFD, 0x1A, 0xAA, 0xDE, 0xEF, 0x80, 0x78, 0xFD, 0x50, 0xCC, 0x6B, 0x2D, 0x0C, 0x80,
    0xC9, 0xFA, 0xA2, 0xA0, 0xF5, 0x6D, 0x5D, 0x3D, 0x03, 0x81, 0x86, 0xC0, 0x41, 0x9C, 0xFD, 0xCA,
    0xD3, 0x89, 0x07, 0x19, 0x87, 0xFD, 0x22, 0x9F, 0x31, 0xE7, 0xE0, 0x96, 0x03, 0x52, 0xB2, 0xE7,
    0x55, 0x84, 0xCE, 0x29, 0xB1, 0x14, 0x8C, 0x8B, 0x57, 0xAF, 0x2C, 0xC0, 0x57, 0x52, 0x26, 0x5A,
    0x1F, 0xE2, 0xC0, 0x3B, 0x9B, 0x71, 0xB5, 0x65, 0x9A, 0xB1, 0x37, 0xB0, 0x36, 0x11, 0x18, 0x07,
    0x4B, 0x53, 0x50, 0x2A, 0x5B, 0x18, 0x12, 0x23, 0x1C, 0x74, 0x33, 0x99, 0x76, 0x0A, 0xF7, 0x0F,
    0x71, 0xE9, 0xBD, 0x10, 0xEF, 0x07, 0x37, 0x77, 0x5F, 0xFC, 0xD1, 0xCD, 0xDD, 0xE7, 0x9F, 0xBD,
    0xB9, 0xFB, 0xEC, 0xEE, 0x76, 0x7A, 0xED, 0x27, 0xDB, 0x69, 0xB0, 0xBF, 0x9D, 0x7A, 0xD5, 0xB5,
    0x3E, 0x78, 0x0E, 0xE6, 0x1A, 0x3C, 0x4F, 0x27, 0xCE, 0x54, 0x17, 0x19, 0x56, 0xE2, 0x53, 0xF8,
    0xCB, 0x76, 0xD6, 0x35, 0x82, 0xEF, 0x56, 0x63, 0x30, 0x11, 0x03, 0x29, 0xB2, 0x89, 0xFF, 0xF9,
    0x9D, 0xF7, 0xF9, 0x9C, 0xFD, 0xD8, 0x9F, 0xEF, 0x5D, 0x30, 0xEC, 0x69, 0x68, 0x9F, 0x54, 0x9D,
    0x41, 0x6C, 0x98, 0xDD, 0x23, 0xB3, 0x4F, 0xCB, 0x3B, 0x1C, 0xCF, 0x34, 0x2C, 0xAF, 0x77, 0xE7,
    0x8E, 0x67, 0x64, 0xA4, 0x66, 0xC5, 0xF1, 0xEC, 0x35, 0x8E, 0x07, 0xC6, 0x93, 0xF6, 0xF3, 0x72,
    0xAA, 0x74, 0x15, 0x0B, 0x44, 0x37, 0x63, 0x30, 0x9F, 0x41, 0xE8, 0xE1, 0xEB, 0xDE, 0xFD, 0x70,
    0xD2, 0xF1, 0x8A, 0xCE, 0x18, 0xBC, 0x03, 0x2F, 0x43, 0x22, 0xAF, 0x79, 0xAF, 0xFD, 0xEE, 0x83,
    0x09, 0xFB, 0xB0, 0xEF, 0xFC, 0xBD, 0x0E, 0x66, 0x8C, 0xB0, 0xF4, 0x20, 0x83, 0x79, 0x29, 0x95,
    0x38, 0xDF, 0x62, 0xBE, 0xBC, 0xB0, 0x82, 0xDA, 0xE6, 0xAE, 0x31, 0xEF, 0xF7, 0xA5, 0x78, 0x9F,
    0x43, 0x3B, 0x20, 0x06, 0x5C, 0x69, 0x0B, 0x6F, 0x70, 0x95, 0xB1, 0x59, 0xED, 0x66, 0x08, 0xE6,
    0x54, 0x44, 0x8C, 0xBC, 0x82, 0x4A, 0x46, 0x0B, 0xA8, 0x65, 0x34, 0x92, 0xD1, 0x58, 0x46, 0x77,
    0x64, 0xD4, 0xD6, 0xB5, 0xAF, 0x2D, 0x95, 0x8F, 0x21, 0x46, 0xAB, 0xAE, 0xD2, 0xD0, 0x19, 0xDA,
    0xE6, 0x89, 0x0C, 0x35, 0x33, 0x8D, 0x34, 0x3E, 0x6A, 0xB9, 0xC9, 0xC1, 0x41, 0xA2, 0x2C, 0xA3,
    0x7E, 0x04, 0x84, 0x0E, 0x2A, 0x5F, 0xE1, 0x7B, 0x0D, 0x1C, 0x35, 0x58, 0x9B, 0x7B, 0x7C, 0x96,
    0x3F, 0x32, 0xB2, 0x71, 0x12, 0x7B, 0x33, 0x63, 0x2C, 0xE3, 0x78, 0xAB, 0xC6, 0xF7, 0xB1, 0x11,
    0x59, 0x8B, 0xB8, 0x86, 0x91, 0xA7, 0xF9, 0x6E, 0xCF, 0x6C, 0xDF, 0x65, 0xC3, 0x69, 0x05, 0xDD,
    0x3D, 0xC3, 0x47, 0x40, 0x07, 0x6E, 0xCC, 0xE8, 0xD7, 0x6F, 0x6D, 0x59, 0x9B, 0x87, 0x50, 0xA9,
    0x85, 0xD0, 0xC2, 0x83, 0xE7, 0xE1, 0x26, 0x5A, 0xE6, 0xCE, 0xC1, 0x2D, 0xBF, 0x46, 0x9F, 0x1B,
    0x14, 0xE9, 0x80, 0x4B, 0x43, 0xD0, 0x85, 0xF7, 0x7D, 0x45, 0x03, 0x53, 0xC7, 0x01, 0x0C, 0x4A,
    0x1C, 0x24, 0x5C, 0x5B, 0x22, 0x9D, 0x1E, 0xDE, 0xEC, 0xD0, 0xFA, 0x74, 0xCC, 0xBD, 0xD8, 0xE7,
    0x53, 0xF4, 0x9B, 0x40, 0xBB, 0xF0, 0x06, 0x9D, 0x06, 0x46, 0x39, 0x02, 0x65, 0x8E, 0xA0, 0xB6,
    0xE1, 0x5E, 0xAB, 0x25, 0xAD, 0x1D, 0x61, 0x1B, 0x65, 0xAD, 0x40, 0xCF, 0x1C, 0x80, 0x6A, 0xC1,
    0xE0, 0x04, 0x59, 0x2B, 0x34, 0xF7, 0x63, 0x69, 0x05, 0x74, 0x86, 0x19, 0x64, 0x10, 0x3E, 0x72,
    0x4B, 0x97, 0x91, 0x2E, 0xBB, 0x6E, 0x19, 0xBB, 0x65, 0xC7, 0x2D, 0xDB, 0xBA, 0xF4, 0xF1, 0xE8,
    0xC7, 0x95, 0xAB, 0xAB, 0xF0, 0x5F, 0x5C, 0x31, 0xB6, 0xFC, 0x26, 0x37, 0x55, 0xDC, 0xF3, 0x60,
    0x2D, 0x00, 0xB5, 0x11, 0xA8, 0x7A, 0x20, 0xAA, 0xEB, 0x55, 0x91, 0x2E, 0xDC, 0x19, 0x68, 0xC2,
    0x0E, 0xB0, 0x7B, 0x80, 0xA1, 0xB6, 0xD7, 0x55, 0xEA, 0x54, 0x68, 0x71, 0xCD, 0xA7, 0x47, 0xC3,
    0xA3, 0x54, 0x4E, 0xFE, 0x39, 0x7A, 0x6A, 0x11, 0x7E, 0xD2, 0x25, 0x62, 0x2F, 0xF4, 0xD8, 0x5E,
    0x66, 0x6D, 0x73, 0x68, 0x88, 0xA3, 0x0D, 0xEE, 0x4B, 0xB0, 0xC0, 0xAD, 0x23, 0x44, 0x57, 0x59,
    0xC7, 0x2F, 0x46, 0x6E, 0x09, 0xF9, 0x07, 0x28, 0x63, 0x38, 0xBA, 0x02, 0x17, 0x94, 0x6D, 0xE9,
    0x04, 0x1A, 0x3A, 0x08, 0xBD, 0x42, 0xF9, 0x87, 0x87, 0xA5, 0xF3, 0xC5, 0xC7, 0x89, 0x7C, 0xF0,
    0x29, 0x18, 0x37, 0x15, 0xF9, 0xEE, 0xA1, 0x78, 0x87, 0x87, 0x45, 0xF0, 0xF2, 0x87, 0x24, 0x4A,
    0x0A, 0xCB, 0xDD, 0x89, 0x1E, 0x09, 0x5E, 0x7A, 0x26, 0x60, 0x88, 0xE9, 0xCD, 0x10, 0x09, 0x26,
    0x24, 0x8C, 0x57, 0x3C, 0xED, 0xC3, 0x6B, 0x66, 0xED, 0x23, 0x04, 0xDB, 0x2A, 0xF5, 0x54, 0x1A,
    0xAA, 0x74, 0x47, 0xA5, 0xBB, 0x2A, 0x55, 0xEA, 0xAD, 0x42, 0xBD, 0x9D, 0xA9, 0xA1, 0xA8, 0x3B,
    0xA2, 0x10, 0xB9, 0x05, 0x41, 0xE2, 0x6B, 0x41, 0x48, 0x6E, 0x3F, 0x6B, 0xFB, 0x93, 0x4E, 0xA1,
    0xA4, 0x1D, 0x49, 0x6B, 0x79, 0xBB, 0x94, 0x61, 0x21, 0x6F, 0x22, 0xFA, 0x43, 0x54, 0x1F, 0x49,
    0xEA, 0x17, 0xA9, 0x5B, 0x81, 0x26, 0x84, 0x32, 0x76, 0xC8, 0x95, 0x18, 0x64, 0x01, 0x55, 0x82,
    0x22, 0x86, 0x8F, 0xBB, 0x4F, 0x27, 0x1F, 0xD3, 0xD2, 0xF4, 0x60, 0xC2, 0x7A, 0x30, 0x2D, 0x3F,
    0xCD, 0x7E, 0x93, 0xEC, 0x16, 0x5F, 0x65, 0x69, 0x75, 0x98, 0xF5, 0x7F, 0xF9, 0x6E, 0xD6, 0xFF,
    0xD9, 0xCB, 0x45, 0xBF, 0x0D, 0x9B, 0xB7, 0x4D, 0xBB, 0x87, 0xA9, 0x9C, 0x6A, 0x01, 0xC8, 0x27,
    0x00, 0xCB, 0x77, 0x00, 0x86, 0x9A, 0x45, 0xD7, 0x87, 0x5F, 0x80, 0x4B, 0x50, 0xD0, 0x9C, 0x9A,
    0x3E, 0x41, 0xE1, 0x0E, 0xEE, 0xE3, 0x29, 0x84, 0x15, 0x90, 0xBA, 0xE7, 0x42, 0x9B, 0x7D, 0xB2,
    0xD4, 0xAF, 0xB8, 0x75, 0x6E, 0xB1, 0x36, 0xAD, 0xBA, 0xE3, 0x93, 0xFD, 0x77, 0x67, 0x0C, 0x39,
    0x17, 0x00, 0x71, 0x89, 0xB4, 0x74, 0x1D, 0x32, 0xCC, 0x04, 0x0A, 0xD2, 0x30, 0xCF, 0xE1, 0xFD,
    0x2D, 0x06, 0xCB, 0x25, 0xA0, 0x79, 0x70, 0x16, 0x60, 0x6D, 0xB1, 0x03, 0x0D, 0x2C, 0x77, 0x60,
    0x90, 0x01, 0x7E, 0xE2, 0xFF, 0x4E, 0xBC, 0x87, 0xE2, 0xFE, 0x47, 0x64, 0xDA, 0x78, 0x13, 0x64,
    0x24, 0xB0, 0xBC, 0xF7, 0xC1, 0x0E, 0xA6, 0x63, 0xE1, 0x2A, 0x3A, 0xB0, 0x82, 0x88, 0x06, 0x93,
    0xDE, 0x6B, 0x51, 0x71, 0x10, 0xC2, 0x35, 0x84, 0xD8, 0x76, 0x83, 0x63, 0x7C, 0xEF, 0xBD, 0x76,
    0xA3, 0xE0, 0x73, 0x47, 0x4F, 0x4E, 0xBD, 0x8B, 0x99, 0x41, 0xD8, 0xE0, 0xB5, 0xC4, 0xFB, 0xAF,
    0x38, 0x98, 0x6D, 0x22, 0xEE, 0x91, 0xF8, 0xEF, 0x49, 0xE8, 0x17, 0x50, 0x1F, 0xEE, 0xFB, 0x7C,
    0x3A, 0x0D, 0xF5, 0x14, 0xB0, 0xB0, 0x25, 0xDC, 0xC4, 0x1C, 0xBA, 0x2E, 0x88, 0x5D, 0xF9, 0x30,
    0xE6, 0xCE, 0x31, 0xA4, 0x7E, 0x96, 0xAE, 0xC3, 0xA1, 0xD6, 0x13, 0x22, 0xAF, 0xE5, 0xB2, 0x0D,
    0x5E, 0xD0, 0xB6, 0x69, 0x36, 0x36, 0x6F, 0x40, 0xB3, 0xDC, 0x66, 0x5C, 0x1A, 0xE1, 0xDB, 0xD4,
    0x2B, 0xBA, 0x96, 0xC4, 0x30, 0x20, 0xF8, 0x0A, 0x9B, 0x90, 0x42, 0x49, 0x97, 0x71, 0x78, 0x04,
    0xD4, 0xEF, 0x14, 0xA9, 0xFF, 0x00, 0x3A, 0xFF, 0xC0, 0xFC, 0xE7, 0xF7, 0xF6, 0x11, 0x9F, 0x37,
    0x2C, 0x1F, 0x36, 0xF2, 0x51, 0x34, 0x94, 0xF0, 0xD1, 0x85, 0x9A, 0x85, 0x44, 0x8E, 0xF6, 0x2D,
    0xC8, 0x98, 0x1A, 0xEA, 0x92, 0xC1, 0x22, 0x4C, 0x1B, 0x54, 0x2F, 0x42, 0x8A, 0x25, 0x6D, 0xE4,
    0xB8, 0xCE, 0x2C, 0x49, 0x03, 0xC8, 0x5E, 0xF4, 0x73, 0x05, 0x7D, 0x19, 0x0F, 0xA7, 0x12, 0x13,
    0x11, 0x7E, 0xC7, 0xE9, 0x8E, 0x8C, 0xCD, 0x7D, 0x3E, 0x47, 0x3F, 0x1A, 0x2C, 0xAD, 0xDA, 0xA2,
    0x76, 0x44, 0xB5, 0x44, 0xE1, 0xDA, 0xD3, 0xCA, 0xCF, 0xC8, 0xD3, 0x1D, 0xFA, 0x17, 0xE5, 0x5A,
    0x47, 0xAD, 0x9A, 0x4C, 0x6A, 0xAD, 0x11, 0x09, 0x11, 0xE2, 0x86, 0x8D, 0x4E, 0xAF, 0xED, 0x0C,
    0xEB, 0x8E, 0x60, 0x05, 0xB0, 0x6D, 0x2C, 0x7D, 0xA4, 0x13, 0xB0, 0x73, 0xDB, 0x51, 0xDB, 0x32,
    0x32, 0xD0, 0xDF, 0x96, 0x74, 0x19, 0x04, 0x21, 0x33, 0xC4, 0x3F, 0x54, 0x88, 0xCC, 0xE4, 0x79,
    0x6C, 0xB4, 0x72, 0x32, 0x39, 0xC7, 0x4C, 0x5A, 0x8D, 0xE9, 0x38, 0xF4, 0xD7, 0x90, 0x48, 0xC0,
    0x7C, 0x72, 0x2E, 0x0A, 0x93, 0xFB, 0xF3, 0x0E, 0xCC, 0xCB, 0xF7, 0xC4, 0x87, 0x3B, 0x78, 0x03,
    0x64, 0x4D, 0x00, 0x0D, 0x1D, 0x4D, 0xDE, 0xB9, 0xFA, 0xE1, 0xB6, 0xFC, 0xEC, 0xAC, 0x3F, 0xAC,
    0xA5, 0xB2, 0xDB, 0xE6, 0xD5, 0x59, 0x7F, 0x5E, 0x39, 0x2C, 0xEE, 0x1A, 0xD3, 0xDD, 0x34, 0x4C,
    0x74, 0x4C, 0xE3, 0x96, 0xB0, 0xF6, 0x2E, 0xF3, 0x0D, 0x98, 0x2C, 0xBF, 0x84, 0xD1, 0x82, 0x79,
    0x48, 0x70, 0x75, 0x9F, 0xA1, 0x72, 0x5F, 0x8C, 0x3D, 0xAD, 0xE4, 0x64, 0x03, 0x59, 0xAC, 0xD9,
    0xCC, 0xF8, 0x35, 0x62, 0x13, 0xCE, 0xAF, 0x78, 0x0F, 0x51, 0xA0, 0xAC, 0xA3, 0x70, 0x7A, 0x92,
    0xC2, 0x4F, 0xAD, 0x14, 0x46, 0xD6, 0x1A, 0x5D, 0x37, 0xC3, 0xE2, 0x4D, 0x4C, 0x74, 0xEB, 0x52,
    0x56, 0x3C, 0x78, 0x05, 0xD9, 0x8D, 0x38, 0x47, 0x8D, 0x84, 0x6C, 0x64, 0x94, 0x2E, 0xB4, 0x11,
    0x84, 0x15, 0x8B, 0x47, 0xCC, 0x41, 0x1F, 0xE2, 0xA6, 0x81, 0x8F, 0xBB, 0x5A, 0x45, 0x41, 0xA8,
    0x91, 0xEB, 0xE2, 0x02, 0xFD, 0x5E, 0xE4, 0x0B, 0x7B, 0x11, 0xF2, 0x05, 0xB8, 0x51, 0xC8, 0xC0,
    0x9F, 0x21, 0x70, 0xB9, 0x7E, 0x49, 0xCD, 0x02, 0x0D, 0xBF, 0x70, 0x1F, 0xE8, 0x22, 0x5F, 0xF0,
    0x90, 0x2F, 0x04, 0x2B, 0xF9, 0x82, 0x75, 0x24, 0xB1, 0x5F, 0xE5, 0x99, 0xD2, 0x4A, 0x4D, 0x86,
    0x75, 0x1D, 0x19, 0x47, 0xE2, 0x35, 0x8E, 0x04, 0x44, 0xB8, 0x87, 0xB0, 0x08, 0x64, 0xEB, 0xD0,
    0xC7, 0xB6, 0x28, 0xA2, 0x21, 0x4D, 0x4F, 0x48, 0xFD, 0x61, 0x10, 0x6C, 0xDC, 0x3F, 0xF8, 0x00,
    0x2E, 0x38, 0x8A, 0xDB, 0x64, 0xC8, 0x6E, 0x62, 0x76, 0x93, 0xDD, 0x9B, 0x34, 0xDF, 0x14, 0x44,
    0xC6, 0x72, 0x37, 0x16, 0x0D, 0x8A, 0x83, 0xDC, 0x91, 0x97, 0x21, 0xD5, 0x0B, 0xDE, 0x13, 0xEF,
    0x53, 0x71, 0xA7, 0xC6, 0x11, 0x23, 0x4F, 0x7D, 0x32, 0x59, 0x22, 0x72, 0xFD, 0xA0, 0x21, 0x39,
    0xE5, 0xD4, 0x44, 0xFA, 0xC9, 0x86, 0x0E, 0x7F, 0x26, 0xB6, 0x7C, 0x44, 0xAD, 0xBF, 0x3D, 0x77,
    0x25, 0xF9, 0xD4, 0xE2, 0xC2, 0xB5, 0xE8, 0x3D, 0xE0, 0x94, 0x19, 0x9B, 0xA1, 0x09, 0xF3, 0xEB,
    0x06, 0xED, 0x3D, 0x3C, 0x0B, 0xD0, 0x07, 0xEF, 0xE4, 0x53, 0x43, 0x33, 0xBE, 0x93, 0xC1, 0xCC,
    0x85, 0x4E, 0x1D, 0xCA, 0x88, 0xAD, 0x56, 0x81, 0x4E, 0x4E, 0x26, 0x62, 0x2F, 0x0E, 0xE2, 0x96,
    0x29, 0x60, 0x68, 0xEC, 0x37, 0x63, 0x30, 0x21, 0xD9, 0x22, 0x98, 0x3D, 0xC3, 0x73, 0x3F, 0xA7,
    0xD2, 0x58, 0xDD, 0x89, 0x8C, 0xE7, 0xD6, 0x09, 0xD5, 0xC6, 0xC9, 0xAC, 0x19, 0xA7, 0x7E, 0x18,
    0xD8, 0xAC, 0xB6, 0x71, 0x8D, 0x7F, 0xC3, 0xD9, 0x70, 0x76, 0xDA, 0xB2, 0x85, 0x7A, 0x42, 0x10,
    0x59, 0x40, 0x7E, 0x44, 0x58, 0xBE, 0x73, 0x0C, 0xDC, 0x6D, 0x76, 0xDC, 0x73, 0x99, 0x10, 0x06,
    0x4E, 0x2F, 0xAB, 0xDB, 0xC4, 0xEA, 0xE0, 0xE2, 0xC1, 0x3C, 0x56, 0xEF, 0xD8, 0x0B, 0x8A, 0x90,
    0xAB, 0x64, 0x58, 0xCA, 0x5D, 0x31, 0x21, 0xEB, 0x59, 0xBE, 0x6A, 0x1E, 0x22, 0x71, 0xDB, 0x08,
    0x10, 0xF3, 0x04, 0xF2, 0x7B, 0xE9, 0x92, 0x49, 0xDB, 0x96, 0x4C, 0x26, 0xC7, 0x25, 0x93, 0x64,
    0x51, 0x32, 0x99, 0xB2, 0x64, 0x32, 0xA5, 0xF0, 0xBC, 0x70, 0xA2, 0x61, 0xE8, 0x2A, 0x8C, 0x5D,
    0x85, 0xC1, 0xAB, 0x98, 0xE8, 0xD5, 0x84, 0xAF, 0x26, 0x7E, 0x95, 0xEF, 0xE0, 0x2F, 0xBD, 0xC3,
    0x87, 0x85, 0x04, 0x2F, 0x1F, 0x2A, 0x24, 0x17, 0x85, 0x66, 0xF9, 0xA1, 0x27, 0x4D, 0xA0, 0x33,
    0x6F, 0x36, 0x2A, 0xC6, 0xD0, 0x15, 0xBD, 0x40, 0x71, 0x5E, 0x1B, 0x0A, 0x33, 0xBF, 0x44, 0x4C,
    0xA9, 0x96, 0x8A, 0x90, 0xA5, 0xAD, 0x9B, 0x30, 0x51, 0x00, 0x09, 0xBA, 0xCA, 0x2A, 0xEA, 0xA2,
    0x6E, 0x82, 0x34, 0x1B, 0xC6, 0x1F, 0x51, 0x13, 0xEB, 0x26, 0x39, 0x04, 0xAF, 0x9D, 0xD1, 0xED,
    0x2C, 0xE3, 0xB2, 0x65, 0x7E, 0xCB, 0x58, 0xE6, 0xB7, 0x60, 0x99, 0xEF, 0x49, 0xDA, 0x86, 0xEF,
    0xAF, 0x59, 0xFE, 0x3E, 0x4E, 0x57, 0x9B, 0x5C, 0x99, 0x39, 0x73, 0xC7, 0x2E, 0xE0, 0x9F, 0x95,
    0xC4, 0x5F, 0x15, 0x12, 0x6B, 0x66, 0x66, 0x94, 0x01, 0x4C, 0xF8, 0x05, 0x26, 0x44, 0x8E, 0x1D,
    0x57, 0x07, 0xE8, 0xD3, 0x62, 0xAE, 0x6C, 0x8A, 0x7E, 0x29, 0xFD, 0xA0, 0x89, 0xBE, 0xFF, 0x9E,
    0xA4, 0xC8, 0x49, 0xA6, 0x92, 0x7E, 0x2D, 0xE9, 0xDF, 0x4C, 0x84, 0x8C, 0x58, 0x42, 0x3A, 0x56,
    0xDF, 0xBA, 0xC8, 0x32, 0xC7, 0x92, 0x7F, 0x0B, 0xD7, 0x0C, 0x4A, 0x84, 0x2C, 0x74, 0x63, 0x67,
    0x21, 0x43, 0xC1, 0xBB, 0x40, 0xEC, 0x36, 0xF4, 0x2A, 0xC8, 0xDB, 0x44, 0xD8, 0xD7, 0xBE, 0xE3,
    0x17, 0xA1, 0xD4, 0xF9, 0x27, 0x55, 0x18, 0x64, 0x61, 0x8B, 0xFD, 0x43, 0xF8, 0x76, 0x44, 0xE9,
    0x78, 0xE6, 0x95, 0x88, 0x40, 0x42, 0x19, 0x20, 0x75, 0xAD, 0x73, 0xE5, 0x56, 0xF0, 0x1C, 0xB0,
    0xDA, 0x18, 0x15, 0x36, 0x54, 0xBE, 0x01, 0xBD, 0xFE, 0x07, 0x7A, 0x51, 0x5E, 0xBE, 0x07, 0x71,
    0x15, 0x66, 0x31, 0xCF, 0x30, 0x8B, 0xC2, 0x2C, 0xD6, 0xB2, 0x0F, 0x72, 0x08, 0x4D, 0xCE, 0xC2,
    0xD1, 0x83, 0x4A, 0xBC, 0x8F, 0xC0, 0x92, 0xAF, 0x21, 0x05, 0x60, 0x87, 0xF7, 0x19, 0x42, 0xA7,
    0x43, 0xDC, 0x2B, 0x26, 0x40, 0x0A, 0xD9, 0x85, 0xD5, 0x02, 0x83, 0xE7, 0x3C, 0x57, 0xC4, 0x13,
    0xC9, 0xB5, 0xBA, 0x30, 0x77, 0x98, 0xA6, 0xCE, 0x52, 0x2C, 0x0B, 0xF5, 0x6C, 0x70, 0x93, 0x59,
    0x0D, 0xC2, 0xC7, 0x27, 0x16, 0x2B, 0x13, 0x0D, 0xF0, 0xD4, 0xC3, 0x9C, 0x7C, 0x38, 0xA7, 0xB1,
    0x87, 0x00, 0xC0, 0x36, 0x31, 0x4B, 0xBF, 0xA7, 0x1A, 0xC8, 0x2F, 0x1B, 0xEC, 0xA6, 0xC5, 0xAA,
    0xEC, 0x8E, 0xA9, 0xCB, 0xB2, 0x30, 0xBF, 0x23, 0x11, 0x9B, 0x70, 0x71, 0xD5, 0xA2, 0xA6, 0x74,
    0x18, 0xE4, 0x50, 0xAF, 0x7A, 0xDC, 0x6F, 0x2F, 0xA3, 0xEB, 0x35, 0x85, 0x79, 0xBA, 0xE8, 0x45,
    0x03, 0xBF, 0x8B, 0x06, 0x91, 0x8B, 0x5B, 0xB5, 0x79, 0x2F, 0x64, 0x13, 0x24, 0xC7, 0xCD, 0x3C,
    0x80, 0x66, 0x91, 0xC7, 0xE3, 0x70, 0x60, 0x9D, 0xBC, 0x51, 0x43, 0x83, 0x26, 0x8C, 0xEF, 0x18,
    0xA9, 0x51, 0xFC, 0x93, 0x31, 0x54, 0x70, 0x14, 0xBE, 0xA3, 0x60, 0xB0, 0xD5, 0x08, 0x12, 0x33,
    0x06, 0x0E, 0x70, 0xDD, 0x43, 0xD2, 0x11, 0x7E, 0x16, 0x15, 0xA6, 0x50, 0x30, 0x84, 0xC0, 0xBB,
    0x74, 0x7B, 0x0C, 0x2D, 0x7A, 0xB8, 0xD8, 0xAA, 0xE0, 0xD5, 0xA2, 0x29, 0x47, 0x19, 0x47, 0xA5,
    0x1A, 0xD6, 0x6A, 0x04, 0x1F, 0x13, 0x8F, 0xF7, 0x77, 0xBB, 0xEF, 0xD7, 0x08, 0x82, 0x5C, 0xA8,
    0x30, 0xF4, 0x2C, 0x80, 0xD3, 0xDB, 0xDF, 0xA4, 0xB2, 0x36, 0xA1, 0x5B, 0xC2, 0xBA, 0xEF, 0x5F,
    0x94, 0x93, 0xB5, 0x4D, 0x4E, 0x46, 0xC5, 0x37, 0x67, 0x62, 0xD0, 0xFD, 0xCB, 0xD6, 0xE3, 0x60,
    0x07, 0x7A, 0x2B, 0xD1, 0xC7, 0x45, 0x89, 0xDD, 0x91, 0x81, 0x79, 0x49, 0xFF, 0xA0, 0xA9, 0x8D,
    0xB5, 0x8D, 0xEE, 0x8E, 0xA1, 0x5E, 0x4A, 0xBC, 0xBF, 0x96, 0x56, 0x57, 0x72, 0xB1, 0x04, 0xDD,
    0x39, 0x1B, 0xC7, 0x26, 0xD8, 0xB7, 0x81, 0x58, 0x04, 0x85, 0x98, 0x47, 0x06, 0xD0, 0x17, 0x72,
    0x1A, 0xDB, 0xDB, 0x3F, 0x86, 0xF3, 0x26, 0x72, 0xBE, 0xE7, 0x44, 0x89, 0x99, 0x28, 0x00, 0xFB,
    0x89, 0x67, 0x4E, 0xB4, 0x88, 0xF8, 0x32, 0x06, 0x05, 0x98, 0xE8, 0x1F, 0x9C, 0xA5, 0xAD, 0x0B,
    0xC0, 0xF2, 0x44, 0xEB, 0x6B, 0x83, 0x85, 0xB1, 0x00, 0xB6, 0x36, 0x78, 0x60, 0x4C, 0x4B, 0x4B,
    0xA2, 0x0A, 0xF6, 0xAE, 0xB2, 0xA1, 0xC7, 0x31, 0x22, 0xEA, 0xC1, 0xC6, 0x82, 0xF7, 0xE6, 0x29,
    0xE8, 0x94, 0xFC, 0xF3, 0xDF, 0x4B, 0x4C, 0x0A, 0x3A, 0x4D, 0xE5, 0x58, 0x2B, 0x73, 0x3D, 0xD9,
    0x16, 0xD3, 0x60, 0xB5, 0x8F, 0xD5, 0xE4, 0x1A, 0x1C, 0x33, 0x8D, 0x71, 0xFF, 0xAB, 0x4D, 0xAE,
    0x91, 0x31, 0x02, 0x69, 0x76, 0xCE, 0x45, 0xCD, 0xC4, 0x8E, 0xEF, 0x3B, 0x0B, 0x3C, 0x8E, 0x55,
    0x2D, 0xD6, 0x40, 0xFE, 0x8D, 0x81, 0x77, 0x80, 0x6D, 0x50, 0xDB, 0x54, 0x2A, 0x8D, 0xC9, 0x9F,
    0x23, 0xD9, 0x41, 0x0C, 0x96, 0x51, 0x2E, 0x4C, 0xA2, 0xA7, 0xB2, 0x64, 0xA2, 0xE0, 0x54, 0x96,
    0x61, 0x74, 0x3B, 0x1D, 0xDF, 0x4E, 0xEF, 0xDE, 0x1E, 0xB7, 0xF5, 0xC4, 0x87, 0x9E, 0xDE, 0x4E,
    0x1B, 0x30, 0x81, 0xC0, 0xF1, 0xB0, 0xEF, 0x57, 0x9D, 0x3F, 0x56, 0x6D, 0x3B, 0xEC, 0xFB, 0x06,
    0xCC, 0xE0, 0xA7, 0x8E, 0x53, 0x32, 0x73, 0x12, 0x34, 0x99, 0x87, 0x19, 0x2B, 0xB0, 0x2B, 0x2B,
    0x25, 0x90, 0x93, 0xF9, 0xB0, 0x73, 0xB2, 0x24, 0x23, 0x4E, 0x9E, 0x59, 0xC1, 0x43, 0xC4, 0x7B,
    0x40, 0xBD, 0x6D, 0xC9, 0x3E, 0x0B, 0xC6, 0x23, 0xC5, 0x60, 0x10, 0x89, 0x7B, 0x72, 0x83, 0x8D,
    0xB1, 0xD2, 0x14, 0x69, 0xA3, 0xAD, 0xD6, 0x9C, 0xC1, 0xC3, 0x5E, 0xE7, 0xBB, 0x53, 0x73, 0xBE,
    0x8B, 0xAB, 0x09, 0x2D, 0x9A, 0xEC, 0x4F, 0xC2, 0xE4, 0x4F, 0x95, 0x07, 0x0B, 0xA7, 0x8B, 0x08,
    0x48, 0x0B, 0xC3, 0x63, 0x5B, 0x39, 0x72, 0xC4, 0x66, 0xE1, 0xD0, 0xF2, 0x27, 0x38, 0xAD, 0xD1,
    0x92, 0x13, 0xCD, 0x26, 0x4B, 0xA1, 0x88, 0x35, 0x78, 0xF2, 0x20, 0x39, 0x78, 0x05, 0xAB, 0xF4,
    0x58, 0xBB, 0x58, 0x64, 0x5F, 0x4F, 0xF0, 0x1C, 0x4B, 0x76, 0x11, 0x88, 0x21, 0x67, 0x36, 0x8A,
    0xD7, 0x7C, 0x36, 0xA9, 0x27, 0x9A, 0xB0, 0xBB, 0x46, 0x60, 0x84, 0xB8, 0x08, 0x61, 0x51, 0x3C,
    0x66, 0x50, 0x84, 0xD0, 0x84, 0x81, 0xE8, 0xD6, 0x22, 0x10, 0xED, 0xD8, 0x40, 0x94, 0x34, 0x46,
    0x80, 0x83, 0xE4, 0x69, 0x68, 0x42, 0xED, 0x30, 0x69, 0x32, 0x54, 0xDC, 0x78, 0x04, 0x5A, 0x21,
    0x02, 0x62, 0x6E, 0x3A, 0x8F, 0x42, 0x2B, 0xC6, 0x63, 0xE0, 0xD1, 0xBD, 0xC7, 0x3D, 0x7C, 0x9A,
    0x8E, 0xAD, 0x7F, 0xEA, 0x1F, 0xA7, 0x34, 0x4E, 0xB6, 0x5C, 0x86, 0x3D, 0x59, 0x8A, 0x45, 0x02,
    0x6F, 0x92, 0xA6, 0xFB, 0xC2, 0x0A, 0x3D, 0x0F, 0x4E, 0xFC, 0xC4, 0x3A, 0x3B, 0x16, 0xE5, 0x9F,
    0x95, 0xCD, 0x0E, 0xA3, 0x08, 0x91, 0x38, 0x33, 0x04, 0x9B, 0x6B, 0xCB, 0x92, 0x62, 0xC3, 0xEE,
    0x76, 0x01, 0x59, 0xBC, 0x5A, 0x4C, 0x43, 0xA3, 0xC3, 0xC4, 0x2D, 0xC8, 0x78, 0xE8, 0xBD, 0x6E,
    0x62, 0xEB, 0x86, 0x62, 0x63, 0x73, 0x7E, 0x3F, 0x82, 0x9D, 0x58, 0x85, 0x81, 0xA4, 0x5D, 0x99,
    0xDB, 0x8C, 0x85, 0x4A, 0xFB, 0x13, 0x03, 0xD9, 0x02, 0x2E, 0x32, 0x4B, 0xA1, 0x85, 0x26, 0x6D,
    0x31, 0x25, 0x76, 0x9E, 0x05, 0x0A, 0x0F, 0x03, 0x85, 0xA7, 0x81, 0xC2, 0xE3, 0x40, 0xE1, 0x79,
    0xA0, 0xF0, 0x40, 0x50, 0x78, 0x22, 0x28, 0x3C, 0x12, 0x14, 0x9E, 0x09, 0x0A, 0x0F, 0x05, 0x85,
    0xA7, 0x82, 0xC2, 0x63, 0x41, 0xAE, 0x33, 0xAC, 0x4C, 0x33, 0xB7, 0xCC, 0xE6, 0x37, 0x10, 0x26,
    0x2A, 0xF9, 0x81, 0xAC, 0x29, 0x15, 0x67, 0x4B, 0xA5, 0xE2, 0x49, 0xF3, 0xE3, 0x80, 0xB9, 0x60,
    0x14, 0x27, 0x15, 0xAF, 0x82, 0x2B, 0xCB, 0x2B, 0x31, 0x31, 0xFC, 0xBC, 0x68, 0xF8, 0x98, 0x07,
    0xEF, 0xFE, 0x2B, 0xD9, 0x72, 0xF5, 0x64, 0xFD, 0x89, 0x04, 0xAB, 0x01, 0xA6, 0x22, 0x70, 0xD5,
    0x79, 0x13, 0xC0, 0x65, 0x27, 0x85, 0x06, 0xD6, 0x2C, 0xB3, 0xD4, 0xE2, 0x7E, 0x4D, 0xBA, 0x3E,
    0xE4, 0x5B, 0x9C, 0xFD, 0x26, 0x9B, 0x38, 0x04, 0x4B, 0xF7, 0xD9, 0x54, 0x21, 0x0D, 0x12, 0x2C,
    0x92, 0xCF, 0xC6, 0x94, 0x34, 0xB6, 0x4D, 0xB1, 0x98, 0x69, 0xFB, 0x98, 0x4D, 0x70, 0x04, 0xE3,
    0x17, 0xEA, 0x9C, 0x7D, 0x60, 0xFE, 0xB0, 0x12, 0x2F, 0xDB, 0xD2, 0xD6, 0x00, 0xEA, 0xA2, 0x4B,
    0x13, 0x18, 0x93, 0xF0, 0x1D, 0x67, 0xC2, 0x3A, 0x38, 0x86, 0xF1, 0x67, 0xAF, 0x62, 0x7D, 0x01,
    0x57, 0xE9, 0x4E, 0x36, 0xFE, 0x49, 0xD1, 0xB5, 0xF0, 0xF8, 0xC5, 0xCB, 0xD4, 0x2F, 0x03, 0x58,
    0x75, 0x84, 0xCD, 0x72, 0xDD, 0x44, 0xC3, 0xAD, 0x79, 0x51, 0x82, 0x2E, 0x36, 0xE3, 0x4F, 0x5E,
    0x88, 0x23, 0xD0, 0x72, 0x6C, 0x34, 0xAB, 0x65, 0xFC, 0x43, 0x08, 0xBA, 0x38, 0xA0, 0x12, 0x8C,
    0x25, 0xD2, 0xAE, 0xA7, 0x91, 0xD6, 0x20, 0x1B, 0x74, 0x2A, 0x3B, 0x3E, 0x26, 0x1A, 0x04, 0x58,
    0x5E, 0x82, 0x7D, 0x7B, 0x87, 0x85, 0x41, 0x43, 0xF4, 0x2B, 0x4C, 0xB4, 0xBD, 0x4D, 0xB0, 0x9F,
    0xB5, 0x93, 0x8A, 0xE1, 0xF3, 0x82, 0xD9, 0x4F, 0xD2, 0x43, 0xCC, 0x8F, 0x10, 0x1F, 0xC3, 0x3B,
    0x04, 0xAF, 0x26, 0x00, 0xBC, 0xB4, 0x51, 0x86, 0xBE, 0x5C, 0x8A, 0x5E, 0x9B, 0xA4, 0xF7, 0x34,
    0xDE, 0xE2, 0xF2, 0x69, 0x07, 0x40, 0x58, 0x13, 0xAA, 0x0A, 0x72, 0x84, 0x2D, 0x35, 0x4F, 0x02,
    0x0E, 0x5E, 0x74, 0x26, 0x43, 0xDD, 0xFC, 0x64, 0xA3, 0xCD, 0xB2, 0xBB, 0xE9, 0xB9, 0xDD, 0x54,
    0x4C, 0x61, 0xA0, 0x39, 0xE6, 0x3C, 0x3A, 0x7F, 0xDA, 0x87, 0xE0, 0x15, 0x18, 0xD9, 0xA1, 0x09,
    0xD3, 0xD5, 0x95, 0x7F, 0x75, 0x11, 0x58, 0x79, 0xBB, 0xDC, 0x69, 0x99, 0xF3, 0x39, 0x26, 0xFD,
    0xFC, 0x09, 0x4C, 0x3A, 0xA7, 0xFC, 0x65, 0x26, 0x5D, 0x31, 0x37, 0x57, 0xF8, 0x09, 0x05, 0x8C,
    0x45, 0xB0, 0x72, 0x86, 0x70, 0xD1, 0x39, 0xDB, 0x62, 0xA2, 0xAC, 0x9D, 0x75, 0x4C, 0xED, 0xD5,
    0xA5, 0x5D, 0x57, 0x08, 0xBF, 0x15, 0xCF, 0xD7, 0x2F, 0x9A, 0xC8, 0x0E, 0xDE, 0xF1, 0xF0, 0x82,
    0x32, 0xDD, 0x6B, 0x75, 0x62, 0xF0, 0xB3, 0x76, 0xF4, 0x18, 0x13, 0x9D, 0x3A, 0x15, 0xB9, 0x68,
    0xD2, 0xC5, 0xCF, 0x21, 0x37, 0x3A, 0x16, 0xDF, 0xD9, 0x21, 0x34, 0x6A, 0xBE, 0xEE, 0x88, 0xC8,
    0xA5, 0xCA, 0x98, 0xF4, 0xE4, 0x6A, 0x3F, 0x3F, 0x5B, 0x96, 0xC9, 0x8D, 0x6A, 0xF9, 0xEE, 0x27,
    0xA5, 0xC1, 0xAB, 0x2E, 0x60, 0xD9, 0x33, 0x6D, 0x76, 0xC2, 0xF9, 0xD4, 0x2D, 0xFB, 0xD3, 0x2F,
    0x4E, 0xF0, 0xDB, 0xEC, 0x6A, 0x3F, 0x81, 0x79, 0x6E, 0x4F, 0xBE, 0x29, 0xBD, 0x8F, 0x32, 0xF7,
    0xA5, 0x8D, 0xD7, 0xE1, 0xBF, 0x9A, 0xF8, 0x46, 0xC1, 0x36, 0xFA, 0xFD, 0xC9, 0x42, 0x44, 0x44,
    0x64, 0xED, 0x81, 0xE8, 0x25, 0x0B, 0xCF, 0xD8, 0x5C, 0x2F, 0x5B, 0x8E, 0xC6, 0xCE, 0x38, 0x58,
    0x1B, 0x2E, 0xEA, 0xEC, 0xCB, 0xE6, 0xFC, 0x2A, 0xBF, 0x13, 0x59, 0xD1, 0x30, 0x13, 0x4A, 0x5D,
    0xFE, 0xA8, 0xF4, 0xFF, 0xAD, 0x98, 0x3F, 0x6C, 0x1B, 0x55, 0x1C, 0xC7, 0xBF, 0xF7, 0xCE, 0xEA,
    0x35, 0x39, 0xD9, 0x17, 0x21, 0x86, 0x0E, 0x76, 0xCC, 0xD0, 0xA1, 0x52, 0xED, 0xBA, 0x43, 0x90,
    0x3C, 0x9C, 0x9D, 0x43, 0x20, 0x31, 0x30, 0x50, 0x21, 0x75, 0x45, 0x8C, 0x0C, 0x85, 0x66, 0xF0,
    0x60, 0xA1, 0x40, 0x0F, 0x16, 0x06, 0x06, 0x22, 0x31, 0x82, 0xAA, 0xCC, 0x19, 0xA8, 0x87, 0x83,
    0x46, 0xA2, 0x34, 0xAF, 0x8C, 0x30, 0xF4, 0x20, 0x12, 0x0C, 0x48, 0xE8, 0xAA, 0x0E, 0x1D, 0x2A,
    0x94, 0x2B, 0x4D, 0x85, 0x9B, 0xA4, 0x1C, 0xDF, 0xF7, 0xEE, 0x1C, 0x27, 0x21, 0xB4, 0x3E, 0xF7,
    0x9E, 0xEF, 0x27, 0x9D, 0xCF, 0xEF, 0xDE, 0xFB, 0xBC, 0xDF, 0x9F, 0xF7, 0xFB, 0x3D, 0xA3, 0x0B,
    0xE0, 0x0A, 0xE5, 0x3A, 0xE5, 0xAE, 0x0F, 0x6C, 0x4A, 0x88, 0x1F, 0x24, 0xCC, 0x5B, 0x21, 0x4C,
    0x3F, 0x86, 0xED, 0x0D, 0xE0, 0xAC, 0x05, 0x70, 0x92, 0x3D, 0xD4, 0xE0, 0xF2, 0x53, 0x43, 0x1B,
    0x0E, 0x7A, 0x14, 0xF5, 0x2B, 0x46, 0xAD, 0x44, 0xE9, 0x50, 0x1A, 0xC0, 0x89, 0x21, 0x16, 0xAF,
    0xE1, 0x25, 0xCB, 0x87, 0x29, 0x61, 0x49, 0x91, 0xC8, 0x73, 0xAF, 0xCA, 0xBE, 0x29, 0x07, 0xA6,
    0x0C, 0x6C, 0xF9, 0xD1, 0x86, 0xAC, 0xFF, 0x22, 0xB3, 0xB7, 0x3C, 0x18, 0x31, 0x10, 0xA5, 0xAF,
    0xD6, 0x29, 0x36, 0xE5, 0x4C, 0xF6, 0xE3, 0x73, 0xA2, 0x19, 0x1C, 0x76, 0x59, 0x03, 0xF5, 0xB2,
    0x01, 0x27, 0x03, 0x2B, 0xA5, 0xAB, 0xE8, 0x2E, 0x01, 0xF7, 0x7C, 0x18, 0xBE, 0x5F, 0x08, 0x8D,
    0x1E, 0x63, 0x01, 0x58, 0xC2, 0x50, 0x9A, 0x57, 0x31, 0x6B, 0xE6, 0x60, 0x52, 0x44, 0x35, 0x8A,
    0xA5, 0x18, 0x0A, 0x64, 0x9A, 0x03, 0xBF, 0xA2, 0xDC, 0x85, 0xB8, 0xE7, 0x0B, 0x3F, 0xB3, 0x89,
    0x71, 0x13, 0xCE, 0x7D, 0x79, 0x52, 0x69, 0x2F, 0x56, 0xD6, 0xD9, 0x88, 0xED, 0x95, 0x78, 0x1E,
    0x71, 0x03, 0x71, 0x53, 0xC4, 0xF5, 0x6B, 0xB1, 0xB5, 0x3D, 0x00, 0x82, 0x4C, 0x49, 0x2E, 0x81,
    0x56, 0x8A, 0x53, 0x92, 0xE0, 0x3B, 0x1C, 0x7D, 0xC9, 0x18, 0x86, 0xF6, 0x9B, 0x64, 0x99, 0xDC,
    0x6A, 0x6C, 0xC3, 0x55, 0x88, 0x2D, 0x4E, 0x38, 0x02, 0x29, 0xD6, 0x7A, 0xD6, 0x26, 0xCA, 0xEF,
    0x6B, 0x05, 0xED, 0x21, 0x3F, 0x1B, 0xE7, 0x36, 0xEE, 0x72, 0x3E, 0x6F, 0xA5, 0x38, 0x6F, 0x3A,
    0x12, 0x76, 0xB8, 0xA0, 0xD0, 0xAC, 0xAB, 0xA8, 0x98, 0x7E, 0x09, 0xB9, 0xE8, 0x0E, 0x04, 0xA2,
    0x5A, 0x16, 0x5F, 0x40, 0x05, 0x30, 0x5F, 0xA3, 0x42, 0x55, 0x8F, 0x0D, 0xAF, 0x18, 0xE8, 0x93,
    0x8A, 0xB3, 0xB4, 0xE4, 0x55, 0xDF, 0xF2, 0x2B, 0x96, 0x67, 0x3E, 0xC9, 0x13, 0x96, 0x0A, 0x81,
    0x84, 0xCA, 0x61, 0x8B, 0xE6, 0x32, 0xE8, 0x77, 0x12, 0xA5, 0x81, 0x57, 0x7D, 0x21, 0x3F, 0x57,
    0x3B, 0xDB, 0xB4, 0x66, 0x15, 0x57, 0x94, 0x71, 0xA1, 0x30, 0x23, 0x6F, 0x83, 0x8F, 0x4B, 0xED,
    0x69, 0x54, 0xC6, 0x65, 0xC1, 0x7C, 0x97, 0xC1, 0x69, 0x4B, 0x5A, 0x95, 0x6B, 0xE4, 0xB4, 0x45,
    0xA9, 0xCC, 0xDA, 0xF4, 0xCA, 0x57, 0x94, 0xF3, 0x11, 0x4A, 0xE4, 0xD2, 0x17, 0x9B, 0xE9, 0x51,
    0x4F, 0xBF, 0x16, 0xE8, 0x57, 0xC7, 0x04, 0x03, 0x6F, 0xAB, 0xC2, 0x77, 0xF2, 0x5A, 0xF3, 0x70,
    0x30, 0x24, 0x89, 0xDC, 0x59, 0x23, 0x00, 0x0E, 0x5E, 0x49, 0x82, 0x9D, 0x35, 0x1C, 0x79, 0xC8,
    0x6E, 0xEC, 0x9C, 0xBD, 0x7E, 0x21, 0x7B, 0x2A, 0x1E, 0xC3, 0xB9, 0xE6, 0xB9, 0xA6, 0xEC, 0x19,
    0xE1, 0x00, 0x51, 0x92, 0x44, 0x8F, 0x2E, 0x72, 0x29, 0xE8, 0x6B, 0x4A, 0x6E, 0xB2, 0xE2, 0x9F,
    0x11, 0xF9, 0x9C, 0xB6, 0xF4, 0x00, 0x22, 0xD2, 0xD9, 0x8A, 0x79, 0x22, 0x54, 0x8F, 0xF3, 0x02,
    0x8C, 0x53, 0x5E, 0x90, 0x0D, 0x3C, 0x21, 0x43, 0xEB, 0x13, 0xFF, 0xE5, 0x5D, 0xFF, 0xFC, 0xB9,
    0x69, 0x26, 0xB5, 0x7D, 0x79, 0xEE, 0x2F, 0xD9, 0x5E, 0xF4, 0xB4, 0xFE, 0x27, 0x9C, 0x91, 0x0B,
    0x8E, 0xC4, 0x43, 0xCF, 0xBE, 0x84, 0x93, 0x33, 0xD3, 0x4C, 0x3A, 0x4A, 0xA7, 0x03, 0x3C, 0x92,
    0xD6, 0xD7, 0x98, 0xB1, 0x72, 0xAC, 0x37, 0x4B, 0x7B, 0x37, 0x20, 0x7E, 0x87, 0x10, 0xCA, 0x7D,
    0x16, 0x93, 0xB8, 0xBB, 0xB6, 0xEA, 0xAA, 0x58, 0x1B, 0x5F, 0x8B, 0x89, 0xEC, 0xAE, 0xF9, 0x47,
    0x1E, 0xB2, 0x1B, 0x3B, 0xCF, 0xE9, 0x01, 0x6B, 0x1D, 0x9C, 0xB8, 0xEF, 0x89, 0x57, 0x46, 0x76,
    0xBF, 0xE9, 0x99, 0xF7, 0x43, 0xBA, 0x64, 0x0D, 0xBD, 0x06, 0xDA, 0x8B, 0xC9, 0xB0, 0x73, 0xF1,
    0x02, 0x4D, 0x31, 0xCF, 0x79, 0x3D, 0x98, 0x3B, 0x4C, 0xA5, 0xBE, 0xDE, 0x5A, 0x43, 0xF1, 0x40,
    0xDA, 0xEF, 0x4D, 0xBB, 0x70, 0xD3, 0xD7, 0xDF, 0x06, 0xC6, 0x63, 0x95, 0x22, 0x4B, 0x46, 0x0E,
    0x2B, 0x3B, 0xBF, 0xE1, 0xD4, 0x87, 0xBA, 0xFF, 0x36, 0x2A, 0xB5, 0x29, 0xD5, 0x6E, 0x7D, 0x91,
    0xE5, 0x41, 0x31, 0x1C, 0xE7, 0xC1, 0x09, 0x01, 0xCC, 0x6D, 0xD8, 0x4D, 0x54, 0xAD, 0xA9, 0x2D,
    0x3E, 0x0E, 0x2E, 0xDE, 0x08, 0x9D, 0xED, 0xCA, 0xA6, 0x97, 0xCB, 0xD5, 0x0F, 0x86, 0x5B, 0xBF,
    0x5E, 0x39, 0x03, 0xF7, 0x48, 0xC3, 0x8D, 0xF9, 0x0A, 0xFD, 0xC3, 0x7D, 0x4A, 0x03, 0x5E, 0x74,
    0xDD, 0xF6, 0xF2, 0xDC, 0xE1, 0x5E, 0x1C, 0x77, 0xB9, 0x8D, 0x8D, 0x15, 0x58, 0xC9, 0x90, 0x26,
    0xEF, 0xA2, 0xC9, 0x0D, 0xCA, 0xA5, 0xC9, 0x7B, 0xDC, 0x72, 0x02, 0xCA, 0x20, 0x13, 0x75, 0xDF,
    0xA7, 0xA8, 0xDF, 0x54, 0x1F, 0xD5, 0xD7, 0xDA, 0x1D, 0x42, 0xBD, 0x7B, 0x68, 0x33, 0x53, 0x15,
    0x31, 0x13, 0x31, 0x77, 0x58, 0x67, 0xCB, 0xEF, 0x88, 0xA8, 0x8F, 0x78, 0x80, 0x20, 0x46, 0x8F,
    0x17, 0x6F, 0xF8, 0x95, 0x0F, 0xEB, 0x5B, 0xFE, 0xFE, 0x16, 0xBC, 0xBF, 0x32, 0xA8, 0x50, 0xB6,
    0x54, 0x06, 0xF0, 0xF4, 0x10, 0xBA, 0x3D, 0x2F, 0x5A, 0xBA, 0xBB, 0x54, 0xC7, 0x05, 0xF5, 0x64,
    0x60, 0x46, 0x5A, 0xBE, 0xB6, 0xF8, 0xD6, 0x83, 0xB0, 0x18, 0x12, 0xD5, 0x4E, 0x67, 0xC5, 0xF4,
    0x1F, 0xE3, 0x62, 0x7A, 0x12, 0x9E, 0x52, 0x9A, 0xAC, 0x21, 0x2E, 0x7B, 0x85, 0xF1, 0xA4, 0x3B,
    0x4A, 0x85, 0x85, 0xF4, 0xDF, 0xE3, 0x42, 0x9A, 0xE9, 0xCD, 0xDC, 0x8D, 0x1C, 0x6F, 0x7D, 0x1E,
    0x6E, 0x03, 0x4D, 0x66, 0x2D, 0x5E, 0xBC, 0xE1, 0x57, 0x3E, 0xB4, 0x76, 0x23, 0x9D, 0xFF, 0xFA,
    0x59, 0x6D, 0x5F, 0xA6, 0x82, 0x2E, 0x15, 0xA7, 0x20, 0x11, 0x66, 0x85, 0xF4, 0x5E, 0x68, 0xBD,
    0x31, 0x0A, 0xD2, 0x49, 0xDD, 0xE8, 0xC9, 0x12, 0x8C, 0x4F, 0x33, 0x90, 0x16, 0x19, 0xEF, 0x14,
    0x66, 0x35, 0xD6, 0x0D, 0x33, 0x97, 0xB3, 0x22, 0x3A, 0x1F, 0x57, 0x8B, 0x1D, 0xBF, 0x65, 0x21,
    0xC3, 0x59, 0x0A, 0xF3, 0xA0, 0x23, 0x61, 0x96, 0x16, 0xD0, 0xE6, 0xE7, 0xE3, 0x02, 0x7A, 0x9A,
    0xC0, 0x53, 0x95, 0xAA, 0xCA, 0xC3, 0xF6, 0xC7, 0x12, 0x65, 0x83, 0x9A, 0x63, 0x6D, 0xB9, 0xF1,
    0xA5, 0x6F, 0x26, 0x4F, 0x46, 0xB0, 0x1E, 0x81, 0x34, 0x58, 0xA0, 0x45, 0x84, 0x94, 0xE3, 0x61,
    0x93, 0x91, 0x35, 0x75, 0x0A, 0x61, 0x48, 0xAF, 0x57, 0xB1, 0xDA, 0xD0, 0x09, 0xDE, 0x15, 0x3B,
    0xB1, 0xB3, 0x25, 0x3B, 0x22, 0x7C, 0x1A, 0xDB, 0xA8, 0x6A, 0x5E, 0x36, 0x24, 0x9C, 0x62, 0x60,
    0xC8, 0x62, 0xB3, 0x86, 0xE2, 0x58, 0x71, 0x15, 0x0B, 0x79, 0x60, 0xF6, 0xB7, 0x24, 0x66, 0xCC,
    0x4A, 0x41, 0x9A, 0x49, 0x4B, 0x64, 0x45, 0x51, 0x45, 0x90, 0x07, 0x46, 0x67, 0xC1, 0x33, 0xB0,
    0xDE, 0xFE, 0x46, 0x5A, 0xE6, 0x9D, 0xA2, 0x60, 0xEA, 0xB7, 0x64, 0xFB, 0xFA, 0x57, 0x0B, 0xAD,
    0x9C, 0x24, 0xF4, 0x18, 0x6E, 0x1A, 0xC5, 0xA9, 0xE4, 0x3F, 0x9E, 0xAD, 0x36, 0xED, 0xDC, 0x4C,
    0x99, 0x4F, 0x07, 0xF4, 0x20, 0xF7, 0x99, 0xD7, 0x3A, 0xD6, 0x3B, 0x46, 0x5C, 0xDF, 0x0A, 0x0F,
    0x65, 0xD9, 0x75, 0x95, 0x2B, 0xFA, 0x88, 0x8E, 0xBD, 0x5C, 0x23, 0x72, 0xAD, 0xA8, 0xF5, 0x7D,
    0x64, 0xC7, 0xD1, 0x91, 0x19, 0x33, 0xA3, 0x8E, 0x52, 0xCD, 0x34, 0x00, 0xDB, 0xA3, 0x15, 0xAF,
    0x66, 0x63, 0x4F, 0x84, 0xA1, 0xFE, 0x3C, 0x70, 0x78, 0x48, 0xEF, 0x30, 0xD9, 0xBD, 0xA3, 0x12,
    0x9E, 0x90, 0x31, 0xCF, 0x27, 0x1C, 0x7F, 0x62, 0x21, 0x08, 0x48, 0x02, 0xA2, 0x40, 0xB3, 0x70,
    0x93, 0xB3, 0x75, 0xF4, 0xF6, 0x67, 0xB1, 0xEA, 0x70, 0x7C, 0xA0, 0xD9, 0xC7, 0xF6, 0x33, 0x61,
    0x14, 0x8B, 0x25, 0xB1, 0xC2, 0x51, 0x23, 0x66, 0xBB, 0x42, 0x60, 0x8C, 0xB4, 0x18, 0xA5, 0xB7,
    0xC5, 0xB3, 0x38, 0x9F, 0x03, 0x46, 0xE9, 0x93, 0xDA, 0x5C, 0xA1, 0x4D, 0x22, 0x1A, 0xA5, 0x18,
    0xCD, 0x90, 0x47, 0x1F, 0x70, 0xD1, 0xC8, 0xA7, 0x19, 0x5D, 0xCC, 0x86, 0xA1, 0x57, 0xFD, 0x20,
    0x8C, 0x4E, 0xD5, 0xFD, 0xA2, 0x60, 0x9C, 0x50, 0x36, 0xBE, 0xFB, 0xF1, 0x74, 0x3D, 0x1F, 0x89,
    0x0A, 0xB9, 0x28, 0x95, 0x42, 0x28, 0xF6, 0x23, 0x41, 0x45, 0x4F, 0xEA, 0xFF, 0xB3, 0x1A, 0x28,
    0x8F, 0x76, 0x0E, 0x84, 0x9F, 0x06, 0x54, 0xE7, 0xC1, 0x26, 0x65, 0x26, 0xFD, 0xED, 0x06, 0x07,
    0xEB, 0xD0, 0x25, 0x5B, 0x44, 0x60, 0x31, 0x42, 0x37, 0x8B, 0x61, 0x6E, 0x72, 0xFF, 0xD9, 0xCD,
    0xFE, 0xBE, 0xE8, 0x66, 0xFD, 0x8F, 0x11, 0xC3, 0xD7, 0xC7, 0xD4, 0x40, 0x57, 0x60, 0xBA, 0xAD,
    0x23, 0x56, 0xF3, 0x8B, 0xB0, 0x69, 0x4A, 0x87, 0x97, 0xE5, 0x59, 0x9F, 0xC1, 0xBC, 0x0D, 0xF1,
    0x27, 0xB0, 0xA7, 0x29, 0x02, 0xFD, 0x4F, 0xA2, 0xC4, 0x4D, 0x65, 0x6D, 0x87, 0x47, 0xA2, 0x83,
    0x39, 0x3B, 0x86, 0xF1, 0x33, 0xA7, 0x7E, 0xC8, 0xA9, 0xAF, 0xF3, 0x70, 0xB3, 0x88, 0x34, 0x55,
    0xD4, 0xFE, 0x47, 0x0E, 0xEE, 0x6F, 0x59, 0xBF, 0x00, 0x3D, 0x17, 0x03, 0x6A, 0xB4, 0x66, 0x84,
    0x8E, 0x90, 0xB6, 0x29, 0xAD, 0xD7, 0x3D, 0xF3, 0x27, 0x88, 0xDB, 0x40, 0xCA, 0xB0, 0xAC, 0x35,
    0xC1, 0x99, 0xA2, 0xB9, 0xB3, 0x32, 0xEE, 0x32, 0x51, 0x77, 0xB2, 0x3F, 0x6E, 0xAC, 0xF1, 0xB0,
    0x45, 0xA0, 0x0D, 0xF5, 0x5D, 0x4D, 0x1F, 0x4E, 0x75, 0xCB, 0xC3, 0x86, 0xB3, 0x52, 0x6B, 0x5E,
    0x1F, 0x95, 0xDA, 0xB0, 0xE6, 0x03, 0x9C, 0xB0, 0xA2, 0x42, 0xD8, 0xD4, 0x26, 0x14, 0x45, 0xE5,
    0x6E, 0x58, 0xB5, 0xFD, 0xA9, 0xC1, 0xFE, 0x05, 0x8D, 0x52, 0xB1, 0x6E, 0xD4, 0x40, 0x10, 0x7D,
    0xBB, 0x0E, 0x67, 0x21, 0x27, 0xE7, 0x14, 0x17, 0x29, 0x85, 0xEF, 0x12, 0x89, 0xE6, 0x8A, 0xDD,
    0xBB, 0x13, 0x72, 0xE1, 0xC2, 0xC4, 0x86, 0x26, 0x05, 0x4D, 0x1A, 0xFE, 0x81, 0x32, 0xC5, 0x15,
    0x69, 0x10, 0x4E, 0x03, 0x05, 0x4D, 0x68, 0xA8, 0xD3, 0x82, 0x84, 0x94, 0xE2, 0x8A, 0x20, 0x21,
    0xDD, 0x22, 0x0A, 0x0A, 0x0A, 0x96, 0x3F, 0x70, 0x41, 0x41, 0x87, 0x8B, 0x2B, 0x28, 0x02, 0xC7,
    0x1B, 0x93, 0xE8, 0x50, 0x90, 0x10, 0xEB, 0xD9, 0xF1, 0xEC, 0xEC, 0xCC, 0x9B, 0x99, 0x67, 0x17,
    0xCD, 0xD6, 0x41, 0xB1, 0xD8, 0x7A, 0x70, 0x50, 0x2C, 0x9B, 0x62, 0xF9, 0xA3, 0x15, 0xAE, 0xE6,
    0x6F, 0x0D, 0x1C, 0x97, 0xFF, 0xF7, 0x94, 0x30, 0xF9, 0xD1, 0x6C, 0x36, 0x18, 0xD8, 0x3C, 0x6D,
    0x95, 0x19, 0xE6, 0x19, 0x1D, 0x8B, 0x59, 0x33, 0xB0, 0x03, 0x6B, 0xF3, 0x3C, 0x4B, 0xD3, 0x4B,
    0x2B, 0x4F, 0x53, 0x10, 0xFA, 0x0F, 0x29, 0x96, 0x8E, 0x72, 0xCD, 0xB9, 0x92, 0xD3, 0x2B, 0xF9,
    0x67, 0xD6, 0x75, 0x90, 0xAB, 0xAC, 0x71, 0x39, 0x77, 0x4B, 0x3F, 0x77, 0xE3, 0xD2, 0x40, 0xF9,
    0x3B, 0xD0, 0xCD, 0x36, 0x70, 0x32, 0xD3, 0x3E, 0x2A, 0x2F, 0x82, 0x26, 0x76, 0xAD, 0x35, 0xC2,
    0xBC, 0x9C, 0x57, 0x8F, 0xB1, 0x86, 0x1D, 0x1F, 0x38, 0x60, 0x7A, 0x16, 0x81, 0x28, 0x59, 0x97,
    0xBA, 0xCE, 0xF2, 0xD6, 0x3E, 0x82, 0xF8, 0x89, 0x8C, 0x9D, 0xCF, 0x35, 0x35, 0x24, 0x10, 0x08,
    0xF7, 0x17, 0xE1, 0x02, 0x71, 0xB7, 0xDF, 0x37, 0xB0, 0x26, 0xCE, 0xBB, 0xC8, 0x4D, 0xC4, 0xC4,
    0xB3, 0xD6, 0xAE, 0xC5, 0x1F, 0xB8, 0x90, 0x31, 0xC6, 0x90, 0x84, 0x5D, 0x63, 0xF9, 0x36, 0x19,
    0xE9, 0xD8, 0xDD, 0x7D, 0x08, 0x0B, 0xA9, 0xA3, 0xAA, 0xC0, 0xC5, 0x18, 0x21, 0xE7, 0x8E, 0x09,
    0xAB, 0xAA, 0x21, 0x6F, 0x62, 0x84, 0x55, 0xE0, 0xC3, 0x2A, 0xA6, 0x3D, 0x94, 0x4A, 0x98, 0x68,
    0xDF, 0x59, 0x0F, 0x9A, 0x24, 0xD0, 0xFE, 0x10, 0x4E, 0x39, 0x4C, 0x42, 0x60, 0x3D, 0xC1, 0x28,
    0x38, 0xB4, 0x85, 0xF2, 0x45, 0x3F, 0x9C, 0x32, 0x74, 0x83, 0x53, 0xEB, 0x52, 0xDF, 0xF3, 0xA7,
    0x1B, 0x41, 0x33, 0x4C, 0x99, 0x23, 0xB9, 0x46, 0x79, 0xAB, 0x45, 0x68, 0x50, 0x12, 0xE5, 0xAE,
    0x49, 0x5B, 0x01, 0x89, 0xF2, 0x7B, 0x41, 0x6D, 0x95, 0x67, 0xB5, 0xB6, 0x64, 0x09, 0x74, 0x6F,
    0xF3, 0x52, 0xBD, 0x91, 0x46, 0xCF, 0xA9, 0xBA, 0xB7, 0x78, 0x5C, 0x93, 0x8B, 0xDF, 0x21, 0xB2,
    0x3C, 0x3B, 0xDC, 0x7C, 0x7E, 0xA3, 0x77, 0x60, 0x9F, 0xED, 0xBF, 0xF0, 0x6A, 0x81, 0x47, 0x08,
    0xBF, 0xAA, 0x57, 0x65, 0xF6, 0xF4, 0x7E, 0xAF, 0xC6, 0x09, 0x84, 0x72, 0x51, 0x98, 0x91, 0x4F,
    0x68, 0x87, 0xA0, 0xE2, 0x7C, 0x18, 0x80, 0x33, 0x63, 0x2A, 0xDF, 0x8B, 0x15, 0xC9, 0x27, 0xD9,
    0x20, 0xE5, 0x06, 0xC8, 0x48, 0xEC, 0x77, 0xF5, 0x13, 0xE3, 0x79, 0xF4, 0xCD, 0xF5, 0xA2, 0x27,
    0xAA, 0x96, 0x94, 0x46, 0x54, 0x8D, 0xA8, 0xD4, 0x9E, 0xB9, 0x61, 0xC5, 0xEC, 0x58, 0x92, 0x8D,
    0xA0, 0x66, 0x82, 0x91, 0x62, 0xB5, 0xDA, 0xA3, 0x6E, 0xF0, 0x56, 0xAC, 0x23, 0xC1, 0x3B, 0x19,
    0xCF, 0xB5, 0xEF, 0x45, 0xC7, 0xAC, 0x75, 0xB9, 0xA3, 0xBB, 0x0E, 0x03, 0x0E, 0x9F, 0x73, 0x37,
    0xDC, 0xB5, 0x72, 0x0C, 0x76, 0x2B, 0x08, 0xE5, 0x75, 0x13, 0xD4, 0xF2, 0xDE, 0x66, 0x3B, 0x96,
    0xDD, 0xD8, 0x9B, 0x24, 0x91, 0x05, 0xF9, 0x3B, 0xD5, 0x09, 0x9B, 0x4E, 0xD8, 0x4F, 0xC2, 0x76,
    0x12, 0x76, 0x93, 0xB0, 0x4E, 0x22, 0x03, 0x5D, 0x2E, 0xB1, 0xF7, 0x70, 0xC1, 0x2F, 0x48, 0x5F,
    0x05, 0x02, 0x4F, 0xDE, 0xA3, 0xFF, 0x1A, 0xBA, 0x46, 0xFF, 0x25, 0x26, 0x1F, 0xC4, 0x23, 0x7E,
    0x88, 0xB1, 0xF9, 0x0E, 0xD9, 0x27, 0x74, 0x6A, 0x74, 0xBE, 0x20, 0xFB, 0x28, 0x47, 0x3A, 0x7F,
    0x01, 0xB5, 0x8E, 0xA1, 0x11, 0xC3, 0x30, 0x10, 0x04, 0x2F, 0x36, 0x30, 0xF8, 0x99, 0xD8, 0x05,
    0x78, 0x46, 0x29, 0x40, 0x13, 0x91, 0x07, 0x0F, 0x34, 0x91, 0x4B, 0x7A, 0x20, 0x9E, 0xF4, 0x13,
    0x22, 0x90, 0x02, 0x52, 0xC2, 0x97, 0xA0, 0x12, 0x04, 0x0C, 0x0C, 0x02, 0x62, 0xD3, 0xF0, 0x1C,
    0x3A, 0x70, 0xB3, 0xB7, 0x64, 0x31, 0xB3, 0xA8, 0x57, 0xCF, 0x12, 0x33, 0x19, 0x5A, 0xDF, 0xA8,
    0xCC, 0xCA, 0x7A, 0xFF, 0x40, 0xA1, 0xE3, 0x3A, 0x63, 0x46, 0x30, 0xBC, 0x20, 0x53, 0x0E, 0x76,
    0x5A, 0xC7, 0xC5, 0x23, 0x55, 0x16, 0xF6, 0x51, 0xA8, 0xA6, 0x63, 0x55, 0xBB, 0x77, 0xFF, 0x18,
    0x40, 0x38, 0x83, 0xAA, 0xB0, 0x48, 0x68, 0xD7, 0x35, 0xEF, 0xC5, 0xD5, 0xD1, 0x24, 0xAB, 0x48,
    0x74, 0x1B, 0x72, 0x57, 0x6F, 0x0B, 0xFD, 0xFC, 0x51, 0x7A, 0x0E, 0x47, 0x9C, 0x5D, 0xCA, 0x4E,
    0x6A, 0xC3, 0xDB, 0x21, 0x22, 0x6D, 0xC1, 0xA6, 0x82, 0xB2, 0xFB, 0x14, 0xF0, 0xA4, 0xE9, 0xEF,
    0x5E, 0x5F, 0x4D, 0x8E, 0x3F, 0x4E, 0xC3, 0x30, 0x1C, 0x85, 0xBF, 0xC4, 0x08, 0x0B, 0x59, 0xC4,
    0x07, 0x88, 0x0A, 0x23, 0x4B, 0xAB, 0x0A, 0x16, 0x18, 0x1A, 0xC5, 0x12, 0x7B, 0xCF, 0xC0, 0x11,
    0x3A, 0xB0, 0x37, 0x17, 0x40, 0xE2, 0x08, 0xDC, 0x80, 0xA5, 0x43, 0x37, 0xE7, 0x00, 0x0C, 0x39,
    0x00, 0x83, 0x47, 0x06, 0x86, 0x0C, 0x91, 0x08, 0x22, 0xD4, 0xFC, 0x0C, 0x0B, 0xD6, 0xF7, 0xAC,
    0xE7, 0xF7, 0xFC, 0x6F, 0x8E, 0x66, 0x5E, 0x68, 0x66, 0xD6, 0x30, 0x2B, 0x0D, 0xA7, 0xA2, 0xE2,
    0x62, 0x4D, 0x71, 0xBD, 0x66, 0x1B, 0x63, 0x6B, 0xAE, 0x1E, 0x30, 0x97, 0x2F, 0xE8, 0xCD, 0x2B,
    0xEA, 0xE9, 0x5D, 0xF4, 0x86, 0xEA, 0x46, 0xD1, 0x0E, 0x94, 0x43, 0x37, 0xD9, 0x73, 0x9F, 0xCC,
    0xAD, 0x33, 0x5F, 0x6E, 0x61, 0xDD, 0x8D, 0x72, 0xF7, 0xBF, 0x88, 0xA9, 0xCE, 0x9D, 0xFD, 0x70,
    0x38, 0x64, 0xD4, 0xB1, 0xA5, 0x1C, 0xF1, 0x53, 0x36, 0x1C, 0xA9, 0x56, 0x96, 0x41, 0xD0, 0x4D,
    0xCA, 0x05, 0x49, 0x54, 0x87, 0x54, 0xF8, 0x6F, 0xCA, 0xCF, 0x3A, 0x4E, 0x02, 0x2B, 0x12, 0x55,
    0xA0, 0x0E, 0xF9, 0x01, 0x3B, 0x71, 0xF2, 0xDF, 0xFF, 0xB5, 0x2B, 0x8E, 0x0F, 0xCE, 0xC4, 0x2E,
    0xCB, 0x7B, 0x48, 0xA4, 0x83, 0x4B, 0x97, 0x8F, 0x72, 0xF3, 0x64, 0xE1, 0x0C, 0x64, 0xB6, 0xCD,
    0x9D, 0x8E, 0x43, 0xE6, 0x83, 0x8F, 0x83, 0x90, 0x52, 0x83, 0x8F, 0xBD, 0x8F, 0x21, 0xD5, 0x5B,
    0xF9, 0x17, 0xFE, 0x91, 0x2A, 0xED, 0x24, 0x0F, 0xB0, 0x97, 0x77, 0xF9, 0x01, 0x8D, 0x55, 0x31,
    0x6C, 0xD3, 0x40, 0x14, 0xFD, 0xB6, 0x53, 0xA5, 0x38, 0x25, 0xCE, 0x82, 0xD4, 0x01, 0x48, 0x06,
    0x86, 0x0E, 0x6D, 0xE9, 0x90, 0xC1, 0x88, 0x54, 0xF5, 0xC6, 0xDA, 0x25, 0x48, 0x4C, 0x65, 0x85,
    0xC9, 0x54, 0x95, 0x5A, 0x55, 0x45, 0xB5, 0xC4, 0xC0, 0x48, 0x16, 0x3A, 0x77, 0x81, 0xA1, 0x53,
    0x86, 0x0E, 0x45, 0x2D, 0x22, 0x73, 0xA7, 0x2C, 0xEC, 0x59, 0x10, 0x12, 0x93, 0x87, 0x4A, 0x30,
    0xD0, 0x98, 0xF7, 0xDF, 0x9D, 0x1D, 0x0B, 0x90, 0xEA, 0x53, 0xF3, 0x24, 0xDF, 0xFD, 0xFB, 0xEF,
    0xBD, 0x7F, 0xFF, 0xAE, 0x52, 0x13, 0x8C, 0x9E, 0x42, 0x8A, 0x9F, 0x37, 0x02, 0xB4, 0xDF, 0xF7,
    0xFB, 0xFD, 0x8D, 0x0C, 0xA3, 0x11, 0xE1, 0xD3, 0x99, 0xE8, 0xEA, 0x9E, 0xC2, 0x5D, 0xC9, 0x47,
    0x47, 0xE4, 0x4C, 0xDC, 0x6B, 0xA9, 0x9F, 0x47, 0xAB, 0xDB, 0xE3, 0xBD, 0x78, 0xD8, 0x8A, 0x5B,
    0x12, 0xCB, 0xCD, 0x7F, 0x2D, 0xDD, 0x3D, 0xCF, 0x1C, 0x01, 0xB1, 0x9E, 0x88, 0x21, 0xB9, 0x03,
    0xD6, 0x0B, 0x51, 0xDE, 0x29, 0x17, 0xCE, 0x14, 0xBC, 0xB1, 0x22, 0x75, 0xC8, 0xED, 0x82, 0xBD,
    0x25, 0x55, 0xB8, 0x20, 0x09, 0xC2, 0x20, 0x0F, 0x22, 0x21, 0x55, 0x13, 0x42, 0x76, 0x4D, 0x6A,
    0x74, 0x1C, 0xD0, 0x32, 0xD8, 0xE1, 0x19, 0xEC, 0x6A, 0x3A, 0x67, 0x57, 0xBA, 0x33, 0x9D, 0x54,
    0xF6, 0x3D, 0x7E, 0x2E, 0x97, 0xD8, 0x85, 0xF9, 0x7F, 0x8B, 0x37, 0x95, 0x60, 0x37, 0x59, 0x7F,
    0x35, 0x59, 0x8B, 0xE3, 0x8A, 0xEC, 0xFB, 0xCF, 0x44, 0x0E, 0x33, 0x91, 0x0D, 0xE4, 0x78, 0x8C,
    0x5A, 0x77, 0x51, 0xF4, 0x2E, 0xAA, 0xDF, 0x85, 0x9A, 0x0E, 0x8B, 0x9F, 0xDA, 0xE3, 0x08, 0xF2,
    0xD3, 0xD0, 0x89, 0x2E, 0x49, 0xDD, 0xA3, 0xA1, 0x78, 0x19, 0xBE, 0x3D, 0xFC, 0x82, 0x21, 0xE2,
    0xF0, 0x4B, 0x31, 0x37, 0x1A, 0x22, 0x7C, 0x93, 0xDB, 0x52, 0xB3, 0x2B, 0xB0, 0x59, 0x86, 0x25,
    0xCD, 0xC3, 0xFF, 0x65, 0x36, 0x13, 0x9B, 0xCC, 0xA1, 0xB9, 0x98, 0x53, 0x73, 0x83, 0x43, 0xB9,
    0xDC, 0x8F, 0x79, 0x8A, 0xEE, 0xBF, 0xD9, 0x53, 0x6A, 0x56, 0xED, 0xF4, 0x90, 0x1A, 0x4F, 0xEA,
    0x4D, 0x3D, 0xEE, 0xBF, 0x10, 0x79, 0x79, 0x72, 0x72, 0x72, 0xFC, 0x05, 0x45, 0xBD, 0x62, 0x0E,
    0xEF, 0xC3, 0xB1, 0xCC, 0x2C, 0x88, 0x77, 0xA1, 0xF0, 0x4E, 0xE1, 0x0D, 0x36, 0x7A, 0x09, 0x26,
    0xDD, 0xA8, 0x57, 0xF4, 0x06, 0x55, 0x52, 0xA6, 0x94, 0x26, 0xA3, 0xF2, 0x39, 0x70, 0x2A, 0xE6,
    0x6A, 0xCC, 0xC0, 0xDD, 0x6F, 0x68, 0x23, 0xF0, 0x63, 0xC8, 0x36, 0x9B, 0x27, 0x3E, 0x25, 0xAE,
    0x10, 0x1B, 0xB9, 0x9B, 0xBA, 0xE2, 0x0A, 0xB1, 0xF1, 0x84, 0xD5, 0xFD, 0xCE, 0xD3, 0xCF, 0xB4,
    0x0F, 0x9F, 0xFE, 0x64, 0x67, 0xBE, 0x55, 0xBC, 0xCF, 0x98, 0x90, 0xD8, 0x72, 0x14, 0x79, 0x65,
    0xA4, 0x59, 0xA1, 0x7B, 0xDD, 0xBF, 0xBA, 0x77, 0x99, 0x4B, 0xD4, 0xE3, 0x4E, 0x66, 0x4B, 0x86,
    0x97, 0xD7, 0xCE, 0x7A, 0x36, 0xA6, 0x8D, 0x6B, 0xCB, 0x67, 0x0F, 0xC1, 0x17, 0xF9, 0x0C, 0x70,
    0x32, 0x40, 0xFD, 0x7C, 0xE4, 0xCB, 0x6A, 0x98, 0xFA, 0xB2, 0x14, 0x76, 0xB1, 0x10, 0xCA, 0xCD,
    0xD0, 0xF0, 0x9B, 0x12, 0x7A, 0x97, 0x3D, 0x7C, 0xE2, 0x1C, 0x42, 0xD9, 0x18, 0x01, 0xF4, 0x04,
    0x65, 0x2E, 0x67, 0xEA, 0xCD, 0x14, 0x18, 0x35, 0x46, 0x99, 0x51, 0x69, 0x14, 0x1B, 0xF5, 0xC6,
    0x89, 0x75, 0x95, 0xDF, 0x4F, 0x1B, 0x30, 0xB6, 0x55, 0x30, 0x15, 0x31, 0xD5, 0x29, 0x1E, 0x13,
    0x53, 0xB5, 0x66, 0xE1, 0xCE, 0xF0, 0xDE, 0x93, 0xE2, 0xA1, 0xB1, 0x61, 0x5F, 0x95, 0xF7, 0x21,
    0x79, 0xAB, 0x0C, 0xE5, 0xBA, 0x26, 0x17, 0xDB, 0xCD, 0xA5, 0xF8, 0x46, 0x29, 0x77, 0xAD, 0x84,
    0x46, 0xB5, 0x59, 0x85, 0x4D, 0xDD, 0x95, 0xDA, 0x0C, 0x55, 0x86, 0x51, 0x65, 0x14, 0x1A, 0xB5,
    0x46, 0xB9, 0x65, 0x32, 0x2F, 0x9C, 0x5B, 0x50, 0x70, 0xF6, 0xB5, 0x06, 0xEB, 0xBE, 0x3A, 0x9F,
    0xD9, 0x59, 0x5F, 0x6B, 0xC9, 0x5C, 0xA6, 0xD2, 0xBB, 0x62, 0x26, 0x59, 0x1D, 0xAF, 0xC4, 0xD8,
    0x21, 0xEE, 0xE4, 0xE2, 0x21, 0x78, 0xCB, 0x58, 0x2E, 0x77, 0xCC, 0x3A, 0xB1, 0x6D, 0xF5, 0x68,
    0x2B, 0x4F, 0x18, 0x53, 0x2A, 0x78, 0x2F, 0x7F, 0xC1, 0xEC, 0x98, 0x63, 0xE6, 0x26, 0xE7, 0x97,
    0x19, 0xF3, 0xA9, 0xBF, 0x15, 0xA1, 0xC3, 0xB2, 0x6C, 0xCC, 0x93, 0xBA, 0x92, 0x55, 0xBD, 0x2B,
    0x0C, 0x68, 0xF3, 0x12, 0x1E, 0x88, 0x07, 0xB5, 0x70, 0x6D, 0xD8, 0xD9, 0x40, 0xB0, 0xA8, 0xFF,
    0x1E, 0x7C, 0xFB, 0x58, 0xCD, 0x46, 0x92, 0x1F, 0xC5, 0xA2, 0xC2, 0x73, 0xB4, 0x83, 0x83, 0x29,
    0xCF, 0x57, 0x7B, 0x0F, 0x0A, 0xE0, 0xA7, 0xAB, 0x0B, 0x0C, 0x31, 0xC1, 0xE6, 0x04, 0x47, 0x79,
    0x26, 0xC7, 0xB6, 0xD7, 0xE2, 0x00, 0x79, 0xD6, 0xB0, 0xB0, 0x80, 0xE8, 0x3A, 0xFA, 0xCE, 0x49,
    0x90, 0x63, 0x70, 0x98, 0x04, 0xA9, 0x24, 0x0B, 0x52, 0xE9, 0x97, 0xFD, 0xCA, 0xB3, 0xB2, 0xC6,
    0x1E, 0x55, 0xAE, 0xA1, 0xFE, 0xD3, 0x79, 0x25, 0x74, 0x23, 0x65, 0x1D, 0x28, 0x2C, 0x15, 0x30,
    0xE0, 0x02, 0xD4, 0xDD, 0x32, 0xC1, 0x76, 0x5B, 0x71, 0x48, 0x9A, 0xB3, 0x22, 0xBF, 0x6A, 0x55,
    0xCD, 0x0B, 0xD0, 0xAE, 0x1E, 0xD4, 0x0B, 0x3D, 0xA9, 0x37, 0xF5, 0xE8, 0xE4, 0x49, 0xED, 0xDD,
    0x6D, 0x47, 0x80, 0xC3, 0xB1, 0x84, 0xCE, 0x8F, 0x53, 0xBC, 0x46, 0x97, 0xEB, 0x12, 0xFA, 0xBE,
    0x5F, 0xE1, 0xCA, 0xF7, 0xC2, 0x1D, 0x5F, 0x82, 0x47, 0x13, 0x1F, 0x0F, 0x6F, 0x82, 0xB9, 0xA9,
    0x2E, 0x1C, 0x28, 0x74, 0x00, 0x7F, 0x00, 0xA5, 0x58, 0xCF, 0x6B, 0x24, 0xC7, 0x15, 0x7E, 0xDD,
    0x6D, 0xA9, 0x09, 0x65, 0x4D, 0xE7, 0xB0, 0x0A, 0x04, 0x69, 0x34, 0x3A, 0x38, 0xB0, 0x21, 0x33,
    0x3B, 0x0A, 0x8C, 0x61, 0x20, 0xAD, 0x55, 0x2F, 0x39, 0xE4, 0x10, 0x08, 0x3E, 0xB8, 0xE5, 0xC3,
    0x5E, 0xF6, 0xE0, 0x5B, 0x30, 0x9A, 0x80, 0x30, 0x63, 0x50, 0x76, 0x1A, 0xFF, 0x05, 0xBA, 0xF8,
    0x66, 0x70, 0x0E, 0x39, 0xF9, 0x62, 0x11, 0x36, 0x60, 0x93, 0x5D, 0x4D, 0x67, 0x03, 0xC9, 0xB5,
    0x93, 0xB0, 0xF7, 0x86, 0xAC, 0xC8, 0x21, 0x87, 0x74, 0x60, 0x0E, 0xA3, 0x8D, 0xAC, 0xCE, 0xF7,
    0xBD, 0xFE, 0x31, 0x23, 0xED, 0xEC, 0x68, 0x1D, 0xB7, 0x7A, 0x9E, 0xBA, 0xBA, 0x5E, 0x7D, 0xEF,
    0x47, 0xBD, 0x7A, 0xF5, 0xAA, 0x1F, 0x88, 0x38, 0xD2, 0x13, 0x31, 0xD2, 0x16, 0x69, 0xC8, 0x9A,
    0xE0, 0xBF, 0x11, 0xE9, 0x8B, 0xF3, 0x49, 0x78, 0x22, 0x76, 0x9E, 0x27, 0x22, 0x89, 0x1D, 0x8B,
    0x9C, 0x38, 0x81, 0x48, 0x0F, 0x5D, 0xD2, 0x06, 0x93, 0xAC, 0x81, 0x5D, 0x0C, 0x06, 0x8A, 0x93,
    0x81, 0xD8, 0x60, 0x13, 0x89, 0xA5, 0xB8, 0xCC, 0xA5, 0x78, 0x79, 0xFC, 0xC6, 0x2A, 0x7A, 0x1E,
    0x89, 0xF8, 0xD6, 0xF8, 0xC8, 0xCD, 0x2F, 0x5A, 0xD1, 0xE3, 0x3B, 0xE2, 0xFB, 0xE5, 0x3D, 0xF4,
    0x65, 0xD2, 0x75, 0x32, 0xB0, 0xD9, 0x97, 0x12, 0x86, 0x61, 0x90, 0xE7, 0x79, 0x04, 0xB0, 0x97,
    0x7E, 0x61, 0xF8, 0x5E, 0x74, 0x63, 0xDF, 0xC6, 0x39, 0xA4, 0x9E, 0x1E, 0x7C, 0x2A, 0x4E, 0x62,
    0x4D, 0xC5, 0x13, 0x90, 0xA6, 0xB8, 0x9F, 0xC2, 0x0C, 0xAF, 0x01, 0xEB, 0x7C, 0x23, 0x3B, 0x92,
    0xB9, 0xB2, 0xE3, 0xC4, 0xAE, 0xF4, 0x3C, 0x18, 0xD8, 0xF7, 0x61, 0x6C, 0x33, 0x03, 0x97, 0x17,
    0x93, 0x2B, 0xB1, 0x32, 0x59, 0xBB, 0x3C, 0x00, 0xAA, 0x42, 0xB5, 0xF0, 0xDB, 0x83, 0xBD, 0x3F,
    0x81, 0x45, 0xBF, 0x83, 0x69, 0x69, 0x2A, 0x56, 0x92, 0x89, 0x13, 0x0F, 0xC5, 0x8D, 0x7C, 0x8C,
    0xEF, 0x40, 0xC8, 0x16, 0xFE, 0x3C, 0xBA, 0x2B, 0xF0, 0xF1, 0x76, 0x94, 0xE7, 0xF1, 0x18, 0xEE,
    0x82, 0x3E, 0xD3, 0xD3, 0xCF, 0x3F, 0x9F, 0x0C, 0x45, 0x32, 0x5F, 0xAC, 0x74, 0x0B, 0xA3, 0x3C,
    0xF4, 0xBB, 0x81, 0x09, 0xF8, 0x64, 0x27, 0x1D, 0xE0, 0xF9, 0x70, 0x28, 0x38, 0x86, 0xF0, 0xD0,
    0x6E, 0x0A, 0x79, 0x90, 0xE3, 0x41, 0xF8, 0x4A, 0x18, 0x8A, 0x00, 0x45, 0x5C, 0xFA, 0xB3, 0x41,
    0x5F, 0xFA, 0x24, 0xF4, 0xB3, 0x7C, 0x04, 0x37, 0x09, 0xC4, 0xE4, 0x72, 0xC8, 0x66, 0x9F, 0xA4,
    0x49, 0xE2, 0x05, 0x9C, 0x81, 0x73, 0x8E, 0x3D, 0x40, 0xAF, 0x08, 0xDB, 0x42, 0x84, 0xD5, 0xB3,
    0x1A, 0x2F, 0x21, 0x5E, 0x42, 0xBC, 0x84, 0x78, 0x20, 0x1F, 0xED, 0x9F, 0xD5, 0x78, 0x09, 0xF1,
    0x12, 0xE2, 0x25, 0xC4, 0x03, 0xB1, 0x5F, 0x9C, 0xD5, 0x78, 0xF5, 0xE4, 0x1E, 0xA4, 0xCE, 0xF9,
    0x09, 0xC4, 0xED, 0xAA, 0xF8, 0xAF, 0x42, 0x60, 0x47, 0x27, 0x30, 0x45, 0xE4, 0x48, 0xA4, 0x7B,
    0x2F, 0x30, 0x79, 0x2C, 0xB7, 0x64, 0x3D, 0x7C, 0x57, 0x08, 0x0C, 0x83, 0xC4, 0xCA, 0x6A, 0x23,
    0xD4, 0x1C, 0x83, 0xDE, 0xF0, 0x7E, 0x21, 0x16, 0x97, 0xAB, 0xFA, 0xD7, 0x96, 0x0C, 0xD1, 0x7B,
    0x3F, 0x45, 0xEF, 0x25, 0xFC, 0x9F, 0xE7, 0xB8, 0x7D, 0xF1, 0x5E, 0xFF, 0x1E, 0xE7, 0x93, 0x51,
    0x3E, 0xD9, 0x55, 0x44, 0x13, 0x21, 0x18, 0x30, 0x07, 0x04, 0xA5, 0xBE, 0x5F, 0x52, 0x15, 0x27,
    0xA6, 0xB3, 0xB6, 0x54, 0x21, 0x30, 0xE3, 0xCE, 0xF3, 0x14, 0xF7, 0x1E, 0xD5, 0x59, 0xA7, 0x7F,
    0xCB, 0x4B, 0x55, 0x8F, 0x17, 0x93, 0xF5, 0xFD, 0x67, 0xA1, 0xE8, 0x88, 0x57, 0xB2, 0x14, 0x84,
    0xC1, 0x9F, 0x0A, 0x16, 0x0F, 0xA2, 0x15, 0x1A, 0x15, 0x62, 0x0F, 0xA9, 0x93, 0x95, 0x50, 0x15,
    0xA3, 0x3E, 0x69, 0xAB, 0x2F, 0x87, 0x17, 0xC3, 0xC2, 0x11, 0x8D, 0xD2, 0x17, 0xED, 0xD2, 0x6D,
    0x9C, 0x7A, 0xF8, 0x17, 0x83, 0x36, 0x00, 0x36, 0xBE, 0x97, 0xC8, 0x2F, 0x9F, 0x02, 0xF1, 0xEF,
    0x91, 0x58, 0xFF, 0xC4, 0x3C, 0xFF, 0x17, 0x5D, 0x23, 0x51, 0x0B, 0xE1, 0x79, 0xB1, 0xBF, 0x96,
    0x56, 0xD2, 0xFA, 0x22, 0x3A, 0x8F, 0xFA, 0xD6, 0x3F, 0x62, 0x0C, 0xDE, 0x13, 0x84, 0xFE, 0x5D,
    0xC2, 0xFC, 0x21, 0x90, 0x8E, 0xFB, 0xD7, 0xE7, 0x62, 0x72, 0x19, 0x25, 0xF2, 0x8E, 0x58, 0x81,
    0xF7, 0x74, 0xB2, 0x97, 0x7F, 0x7D, 0xE8, 0x37, 0x70, 0xE3, 0x01, 0xCD, 0x07, 0xA5, 0xB0, 0x6F,
    0xFA, 0xFB, 0x7D, 0x18, 0xBE, 0x8B, 0x30, 0xBB, 0xA8, 0xDC, 0xA7, 0xB1, 0xC9, 0x99, 0x77, 0xE2,
    0x6A, 0x7E, 0xFD, 0xD7, 0x7A, 0x45, 0xB7, 0x06, 0xA1, 0x4E, 0xC4, 0xE0, 0xEA, 0x85, 0x34, 0xC5,
    0xE8, 0x41, 0xE6, 0xB1, 0xE1, 0x1C, 0xC4, 0x4D, 0x0F, 0x9E, 0x3A, 0xD9, 0x44, 0x70, 0xF6, 0xE1,
    0x62, 0x74, 0x07, 0xA9, 0x18, 0xB8, 0x7D, 0x0D, 0xCE, 0xAE, 0xBA, 0x07, 0x9B, 0xA5, 0x2E, 0x83,
    0x52, 0xAF, 0x39, 0x8C, 0xEF, 0x80, 0xC9, 0x3C, 0x6A, 0x88, 0x9D, 0x6D, 0x22, 0x32, 0x80, 0x71,
    0x01, 0x8C, 0x5F, 0x00, 0xC3, 0x25, 0x46, 0x02, 0x8C, 0x0C, 0x18, 0xFD, 0x97, 0x31, 0x8A, 0x2B,
    0xAE, 0x92, 0x9E, 0xA6, 0x3F, 0xC3, 0x15, 0xD9, 0x68, 0x57, 0xC9, 0x51, 0xD3, 0xA4, 0x26, 0x4C,
    0xA6, 0x4E, 0xDC, 0x98, 0xEE, 0x00, 0x8E, 0x32, 0x9C, 0x07, 0x4D, 0xB1, 0x9A, 0x6C, 0x35, 0xED,
    0x0E, 0xA8, 0xD5, 0x60, 0x71, 0x16, 0xEE, 0x15, 0xC3, 0x14, 0x60, 0x49, 0x16, 0x3E, 0x5C, 0x9C,
    0x85, 0xB1, 0x5A, 0x91, 0x15, 0x9E, 0x20, 0x3F, 0x99, 0xA0, 0x09, 0x10, 0xB8, 0x3B, 0x85, 0x8C,
    0x93, 0x1D, 0xFA, 0xF6, 0x35, 0x7E, 0xDB, 0x22, 0xDB, 0x37, 0xF1, 0x10, 0x8B, 0x98, 0x70, 0x50,
    0x4A, 0x19, 0x94, 0x45, 0x99, 0x94, 0x2D, 0x0F, 0xAD, 0x4B, 0x27, 0x75, 0xE2, 0x57, 0xFD, 0xB9,
    0xB1, 0x17, 0xE5, 0x32, 0x45, 0xE2, 0x60, 0xBE, 0x3D, 0x95, 0x87, 0x0C, 0x06, 0xAE, 0x0D, 0xAC,
    0x0E, 0x2B, 0xFE, 0xBF, 0x88, 0x1D, 0x5B, 0xF4, 0x37, 0x97, 0x1C, 0x04, 0x48, 0x37, 0xE8, 0x06,
    0xF2, 0x6B, 0xFC, 0x21, 0xC3, 0xDE, 0xCB, 0xBA, 0x72, 0xD7, 0xA4, 0x2F, 0x24, 0xF3, 0xAC, 0x14,
    0xCA, 0x82, 0xA7, 0x20, 0x9B, 0xDF, 0x94, 0x24, 0x9B, 0x0E, 0x64, 0xB5, 0x1D, 0x88, 0xF1, 0xDD,
    0xE8, 0x47, 0x1F, 0x4F, 0x0E, 0xE4, 0xAE, 0x9B, 0x3C, 0x96, 0xC2, 0x8A, 0x62, 0x75, 0xAB, 0x42,
    0x9C, 0x0F, 0xEF, 0x42, 0x7E, 0xF0, 0x67, 0xF9, 0xF1, 0x9F, 0x78, 0xE3, 0x01, 0x4D, 0xBB, 0xE8,
    0xD2, 0x5B, 0x75, 0x54, 0xFD, 0x34, 0x37, 0x62, 0x6E, 0xB1, 0x1D, 0xE9, 0xFF, 0x25, 0x17, 0xE6,
    0x31, 0x7B, 0x22, 0xD6, 0xC4, 0x2F, 0x16, 0xCF, 0x4B, 0xED, 0x57, 0x5E, 0xF3, 0xF8, 0x9D, 0xBD,
    0x4E, 0xF9, 0xB6, 0x7C, 0x7A, 0x5D, 0x94, 0x79, 0x3E, 0x7B, 0x2A, 0xAD, 0x54, 0x5A, 0xBF, 0x95,
    0x17, 0x8F, 0x59, 0x31, 0xC4, 0x0C, 0x69, 0xEC, 0x75, 0xC8, 0x38, 0x6D, 0xD0, 0x1E, 0xF2, 0x1F,
    0x76, 0x4A, 0x6C, 0x65, 0x1D, 0x24, 0x9D, 0xC0, 0x9B, 0x08, 0xB2, 0xCE, 0x4A, 0x40, 0x8A, 0xC4,
    0x9F, 0x07, 0x46, 0xEE, 0xB8, 0x69, 0x07, 0x6C, 0x23, 0xF4, 0x68, 0x47, 0x7D, 0x69, 0x2A, 0xD6,
    0x14, 0x8B, 0x84, 0xB6, 0x2A, 0xDE, 0x67, 0xF1, 0x16, 0xCA, 0x88, 0xF3, 0xC7, 0xB2, 0x2D, 0xDD,
    0x64, 0x8E, 0xEF, 0x5A, 0xDE, 0x9E, 0x35, 0x4D, 0x72, 0xBB, 0x35, 0xED, 0xFB, 0xA3, 0xAC, 0xE7,
    0x26, 0xF3, 0xCF, 0x9A, 0xF7, 0xC4, 0x4C, 0x29, 0xB3, 0x83, 0xDD, 0x99, 0xE2, 0x11, 0xB3, 0xD0,
    0xB8, 0xA9, 0x1A, 0x1F, 0x96, 0x1A, 0x37, 0x55, 0xE3, 0xA9, 0x14, 0xFC, 0xF3, 0x97, 0x03, 0x19,
    0x98, 0x62, 0x08, 0x79, 0x67, 0xD1, 0x1B, 0x5B, 0x8A, 0xB4, 0x5E, 0xEC, 0x2B, 0x75, 0xB6, 0x2F,
    0x9A, 0x9E, 0xA6, 0xF7, 0x37, 0x0B, 0x45, 0xE7, 0xB7, 0x1B, 0x3E, 0xEF, 0x95, 0x5B, 0xE2, 0xBC,
    0x6D, 0x33, 0x1E, 0xAE, 0xF6, 0x4D, 0xF0, 0x7D, 0x50, 0xF2, 0x0D, 0x34, 0xF3, 0xAE, 0x87, 0x67,
    0x45, 0x5B, 0xEB, 0xA1, 0x40, 0xD6, 0xEF, 0x97, 0x38, 0x6B, 0xE5, 0x0E, 0x72, 0x8B, 0x7B, 0xD1,
    0x31, 0x56, 0x23, 0x4A, 0xB2, 0xFC, 0x58, 0x90, 0xA0, 0x41, 0xCD, 0x65, 0xC0, 0xF5, 0x69, 0xD1,
    0x93, 0x85, 0x62, 0xEF, 0x63, 0x3B, 0x44, 0x15, 0x85, 0x5D, 0x77, 0x94, 0x8A, 0x83, 0x0D, 0x38,
    0xC5, 0xF3, 0xF8, 0x58, 0xDE, 0x57, 0xD9, 0xA5, 0x2D, 0x6A, 0x5C, 0xB1, 0xDB, 0x6C, 0x3C, 0xD7,
    0xAD, 0x06, 0x0D, 0xC8, 0x35, 0x93, 0xF2, 0x41, 0x56, 0x59, 0x3B, 0x31, 0x24, 0x70, 0x8D, 0x83,
    0xFA, 0x45, 0x97, 0xC4, 0x2A, 0xEC, 0x18, 0x5D, 0x9D, 0xB1, 0xF5, 0xBA, 0xA6, 0xD9, 0xD6, 0x5E,
    0x0E, 0x72, 0xA7, 0x3A, 0x88, 0xDA, 0x59, 0xA7, 0xB3, 0x17, 0x79, 0x09, 0xAD, 0x98, 0x14, 0x47,
    0x25, 0xEA, 0xB5, 0x23, 0x37, 0xC0, 0x33, 0xC1, 0xBE, 0x25, 0x72, 0x87, 0xF5, 0xC8, 0x04, 0xB5,
    0x81, 0x1B, 0x61, 0xC7, 0xEC, 0xD8, 0xF0, 0x42, 0x86, 0x8A, 0xC0, 0x44, 0xD8, 0x7D, 0x7D, 0xA6,
    0xCF, 0x23, 0x47, 0x0B, 0xA0, 0x2F, 0x21, 0x3B, 0x65, 0x15, 0xB8, 0xCB, 0x97, 0x26, 0x3A, 0x62,
    0x25, 0xA3, 0xEB, 0x06, 0xC9, 0x43, 0x23, 0x85, 0xD7, 0x03, 0x3A, 0x44, 0x47, 0x98, 0x60, 0x28,
    0x05, 0x14, 0x46, 0x90, 0x83, 0x23, 0x20, 0x28, 0x28, 0x45, 0x6E, 0x71, 0x51, 0x3D, 0xA2, 0xDC,
    0x78, 0x97, 0xAF, 0xC0, 0x42, 0x38, 0x05, 0xD6, 0x01, 0xBF, 0x71, 0xAF, 0xAD, 0xB3, 0xDB, 0x74,
    0x58, 0x8F, 0x2A, 0xBC, 0x3D, 0x2D, 0x0D, 0xB6, 0xA6, 0xA5, 0x0B, 0xAC, 0x29, 0x44, 0xB6, 0x22,
    0x2C, 0xE5, 0x53, 0x16, 0x1A, 0xE6, 0x6F, 0x51, 0xE5, 0x70, 0x43, 0xDF, 0xBB, 0xA7, 0x7C, 0xE2,
    0x63, 0x83, 0x09, 0x69, 0x8D, 0x11, 0xF9, 0xA6, 0x82, 0xBE, 0x21, 0xF2, 0x5D, 0x84, 0x11, 0xBC,
    0x76, 0x1B, 0x1C, 0x09, 0xAD, 0x78, 0x42, 0x62, 0x74, 0xC9, 0x73, 0x42, 0xE5, 0x5F, 0xF4, 0x7B,
    0xF2, 0x84, 0xFB, 0x08, 0x52, 0x93, 0xF5, 0x14, 0x93, 0x6B, 0xFF, 0x9B, 0xD1, 0x45, 0xE1, 0x5D,
    0x3C, 0xD8, 0x74, 0x66, 0xF7, 0xE7, 0x20, 0x87, 0x8D, 0x2A, 0x32, 0x39, 0xD5, 0xD5, 0xFC, 0x19,
    0x4C, 0x8B, 0x75, 0x49, 0x9E, 0xE3, 0x72, 0xEA, 0xF6, 0xA2, 0xD9, 0xAC, 0x1E, 0x4B, 0xD9, 0xAB,
    0x7C, 0xE5, 0x8C, 0xDB, 0x05, 0x04, 0x22, 0xCA, 0x91, 0xD6, 0x17, 0x28, 0x92, 0xFB, 0x16, 0xF6,
    0x90, 0x01, 0x6D, 0x9D, 0x85, 0xC5, 0xEA, 0x5C, 0x58, 0x14, 0x00, 0x93, 0x2A, 0x2C, 0x66, 0x22,
    0x93, 0x52, 0x90, 0x8E, 0xD8, 0xAE, 0x9D, 0xB9, 0x08, 0xB9, 0x8A, 0xC9, 0x6E, 0xA9, 0x9C, 0x85,
    0x55, 0x21, 0x07, 0xD0, 0x6F, 0x43, 0xE3, 0x99, 0x72, 0xEC, 0x42, 0xCE, 0x94, 0x0E, 0x3B, 0x48,
    0x10, 0x70, 0x16, 0xDC, 0x39, 0x3A, 0x76, 0x6B, 0x0D, 0x28, 0xCA, 0x52, 0x7F, 0xA4, 0x73, 0x20,
    0x6A, 0xE4, 0x61, 0x2D, 0xBC, 0xAB, 0xDA, 0xAB, 0x73, 0x37, 0x0A, 0x9B, 0x8F, 0x6B, 0x6C, 0x8D,
    0xE3, 0x49, 0xB9, 0x98, 0xC6, 0x91, 0x89, 0x5B, 0xCF, 0x01, 0xF1, 0xFD, 0x5A, 0x0F, 0x1D, 0xA6,
    0xCA, 0x5A, 0xE3, 0x97, 0x60, 0xE8, 0x56, 0x6C, 0x22, 0x4B, 0x0F, 0x0D, 0x83, 0x9A, 0xCC, 0x0E,
    0x0D, 0x9B, 0x0B, 0x0E, 0x0D, 0xCB, 0x6B, 0xF6, 0xAA, 0x52, 0x9F, 0x11, 0xB3, 0xB0, 0x66, 0x9F,
    0xAB, 0xFF, 0x56, 0xC2, 0xAF, 0x2A, 0xAD, 0x10, 0xA3, 0x0D, 0x66, 0x28, 0x9F, 0x43, 0x7B, 0xC4,
    0x1C, 0x50, 0x87, 0x01, 0xD9, 0x76, 0x58, 0x3F, 0xF6, 0x51, 0xD9, 0x4A, 0x9B, 0xF5, 0x8D, 0xF7,
    0xD3, 0x80, 0x11, 0x46, 0xAD, 0x46, 0x5C, 0xB5, 0xCC, 0x61, 0x08, 0xD9, 0xFA, 0x6A, 0x70, 0x4D,
    0x7F, 0x50, 0x6B, 0xFA, 0x21, 0x35, 0xE5, 0x61, 0xCA, 0xC2, 0xDE, 0x03, 0x11, 0x86, 0xDA, 0xB9,
    0x64, 0x73, 0x45, 0xF7, 0x20, 0x40, 0x1B, 0x26, 0xCA, 0x26, 0x0F, 0x31, 0x43, 0xF9, 0xDE, 0xB3,
    0x4A, 0x53, 0xD5, 0x7F, 0x45, 0x31, 0xA9, 0xA4, 0x39, 0x83, 0xC8, 0x66, 0xED, 0xA1, 0x9D, 0xDA,
    0x6B, 0x3B, 0x57, 0x8F, 0x5A, 0xCA, 0xA7, 0x23, 0x16, 0x5D, 0xB3, 0xEC, 0xA3, 0xFA, 0xAD, 0x87,
    0xFB, 0x1A, 0xA2, 0xED, 0xFA, 0x90, 0x73, 0xCD, 0x89, 0x5E, 0xD1, 0xAB, 0x7C, 0xA5, 0x45, 0xCB,
    0x40, 0xBF, 0x9D, 0xA6, 0xEA, 0xC5, 0x93, 0x0A, 0xEF, 0x3D, 0x9C, 0x61, 0xC4, 0x9D, 0x93, 0xF1,
    0x2D, 0xD4, 0x5D, 0x86, 0x5C, 0x9C, 0xA7, 0x79, 0xB2, 0x76, 0x78, 0xC6, 0x46, 0x85, 0xDE, 0x97,
    0xA6, 0x15, 0xB7, 0xB1, 0x10, 0x59, 0x2E, 0x58, 0xB1, 0x91, 0xDE, 0xFE, 0xB3, 0x9F, 0xC9, 0xAF,
    0xF2, 0xFC, 0x2F, 0x45, 0x53, 0x3B, 0xDA, 0x56, 0x8C, 0xA3, 0x39, 0x99, 0x51, 0x6B, 0x65, 0x05,
    0x40, 0x01, 0x75, 0x0D, 0x8F, 0x26, 0x37, 0xA9, 0x55, 0xBF, 0xAE, 0xA8, 0x7B, 0x61, 0x58, 0xE1,
    0xB1, 0xA9, 0x1D, 0x6D, 0x7A, 0xC5, 0xD3, 0xEF, 0x1A, 0x8B, 0xF0, 0x4E, 0x2B, 0x3C, 0x65, 0x69,
    0xEE, 0xAC, 0x36, 0xA5, 0xEF, 0xF3, 0xD3, 0x81, 0x77, 0x84, 0xDA, 0xC0, 0xC9, 0x5C, 0x19, 0x90,
    0x68, 0xB3, 0xEF, 0xB7, 0x1A, 0xB2, 0xB9, 0xE3, 0x56, 0x78, 0x1C, 0xA6, 0x00, 0xAF, 0xC6, 0x13,
    0xE2, 0x5D, 0xFD, 0x14, 0x31, 0xB8, 0xFA, 0x29, 0x62, 0x73, 0x47, 0x96, 0xE1, 0x2D, 0xB7, 0xD7,
    0x4A, 0x80, 0x67, 0x27, 0xDC, 0x95, 0x82, 0x9B, 0xEC, 0x0D, 0xCB, 0x6F, 0x2D, 0x79, 0x84, 0x25,
    0x67, 0x97, 0x24, 0x92, 0x8F, 0xA3, 0x34, 0x73, 0x9E, 0x46, 0xA9, 0xEF, 0xA1, 0xE9, 0x1D, 0x81,
    0x38, 0x59, 0x45, 0xB4, 0xA9, 0x1D, 0xCA, 0xA2, 0xCC, 0xF5, 0x58, 0x85, 0x52, 0xD0, 0xE2, 0xB3,
    0xC3, 0xF2, 0x13, 0xF1, 0xCD, 0x64, 0x1E, 0x6F, 0xEE, 0xA8, 0x55, 0x9C, 0x10, 0x49, 0xEE, 0x92,
    0xFC, 0x07, 0xC4, 0xF9, 0x23, 0xF3, 0x05, 0xC7, 0xF8, 0x24, 0x27, 0x5A, 0x6F, 0x83, 0x98, 0x00,
    0xA4, 0x43, 0xB0, 0x47, 0x20, 0x5A, 0x6D, 0x9B, 0x4F, 0xC2, 0xFD, 0xB8, 0x0B, 0x64, 0x95, 0xC2,
    0x9D, 0x74, 0x8C, 0xA7, 0x03, 0x64, 0xD1, 0x03, 0x44, 0x7C, 0xEB, 0x5C, 0xB3, 0x38, 0x93, 0xF2,
    0xEA, 0x65, 0x50, 0xD3, 0x8D, 0x78, 0x85, 0x6A, 0xB4, 0x38, 0xEC, 0x96, 0x16, 0x64, 0xBA, 0x77,
    0x8D, 0x67, 0xD4, 0xCE, 0x83, 0x12, 0x05, 0xBF, 0x2E, 0xF7, 0x82, 0x1F, 0x92, 0xEF, 0x2D, 0xA9,
    0xF6, 0x8F, 0x82, 0x6D, 0x55, 0xA1, 0xDD, 0xCB, 0x92, 0x99, 0xE2, 0x74, 0x52, 0x1F, 0x5E, 0xAF,
    0x50, 0xB4, 0xD4, 0xB4, 0x50, 0x88, 0x5D, 0x05, 0xAD, 0x84, 0x15, 0x58, 0xAA, 0x60, 0x70, 0x68,
    0x25, 0x26, 0x98, 0x3A, 0xA9, 0x17, 0x3D, 0xB0, 0xA2, 0x55, 0xF9, 0x1F, 0xAD, 0xBD, 0x0F, 0x94,
    0x1C, 0x57, 0x79, 0x27, 0xFA, 0x55, 0xD5, 0xCC, 0x94, 0xAD, 0x52, 0x77, 0xCD, 0xEE, 0x53, 0x1B,
    0x45, 0xEA, 0x9E, 0x9E, 0xDD, 0x23, 0x76, 0x07, 0xD3, 0xA3, 0x16, 0x7E, 0x6D, 0x28, 0xD9, 0x3D,
    0xD3, 0x25, 0x0B, 0xD6, 0xEF, 0xC5, 0x01, 0x26, 0x30, 0x2D, 0x27, 0x16, 0x58, 0xCA, 0x5B, 0x72,
    0x4E, 0x8E, 0x40, 0x76, 0xCB, 0x6E, 0x87, 0x11, 0x8C, 0x34, 0x65, 0x8B, 0x2C, 0x7B, 0xF0, 0xC6,
    0xCC, 0x66, 0x11, 0xC9, 0xD9, 0xB0, 0xCB, 0x84, 0x98, 0x5D, 0x3C, 0x66, 0xA3, 0x36, 0x1E, 0xC5,
    0x32, 0xC8, 0x9A, 0x92, 0xF4, 0x40, 0x6F, 0x71, 0x58, 0x97, 0x2C, 0x14, 0x6F, 0xD6, 0x61, 0x29,
    0xDB, 0x52, 0x7C, 0x90, 0x01, 0x37, 0xA6, 0x65, 0x46, 0xF2, 0x4C, 0xD7, 0xFB, 0x7E, 0xDF, 0xAD,
    0xFE, 0x33, 0x23, 0x89, 0xB0, 0x7B, 0x32, 0x56, 0x7F, 0xAE, 0xBA, 0x55, 0x75, 0x6F, 0xDD, 0x7B,
    0xBF, 0xFF, 0xDF, 0x77, 0x6F, 0x11, 0xF1, 0x5F, 0x9A, 0x7F, 0xB9, 0x1B, 0xBC, 0x7C, 0x14, 0x79,
    0xBD, 0x13, 0x7C, 0xEC, 0x24, 0x88, 0x46, 0x9B, 0x44, 0xCF, 0x4C, 0x05, 0x46, 0xA3, 0x50, 0xB3,
    0x0B, 0x35, 0x27, 0xB7, 0xD9, 0x77, 0x0A, 0x79, 0xD7, 0xD9, 0xB4, 0x91, 0xE6, 0x36, 0x2F, 0xEA,
    0x61, 0xF6, 0x4B, 0xF7, 0x7A, 0x44, 0x55, 0xA2, 0x24, 0x2A, 0x10, 0x90, 0xE8, 0xFD, 0x1A, 0x95,
    0xA2, 0xA8, 0x41, 0xA9, 0xDD, 0x63, 0xA8, 0x54, 0xE3, 0x1B, 0xD2, 0xA6, 0x4F, 0x94, 0x8F, 0x42,
    0xAE, 0xCB, 0xDA, 0x47, 0xC6, 0x62, 0xD2, 0x22, 0x3B, 0x97, 0x33, 0xBC, 0x62, 0x7A, 0xC2, 0xF0,
    0xAB, 0x99, 0xBA, 0xE1, 0xD5, 0x6C, 0x9F, 0x41, 0x96, 0x6C, 0x3A, 0x16, 0xD1, 0x3E, 0xCA, 0x7F,
    0x6E, 0x7D, 0x83, 0x1F, 0xCE, 0xBA, 0x24, 0x7F, 0x0E, 0xFF, 0x0A, 0x64, 0xF1, 0xCF, 0xF0, 0x0A,
    0xA4, 0xFB, 0x7C, 0x1E, 0xF2, 0xAF, 0xCE, 0xBF, 0x5A, 0x91, 0xDB, 0xCF, 0x99, 0xE4, 0x64, 0x6C,
    0x72, 0xEC, 0x0C, 0x91, 0xB9, 0x48, 0xA4, 0xCD, 0x10, 0x7D, 0x0C, 0x0F, 0x72, 0x37, 0x6A, 0xFC,
    0x14, 0xBF, 0x21, 0x83, 0x22, 0x40, 0x06, 0x95, 0xD9, 0x00, 0x16, 0x80, 0xE9, 0xF2, 0xF3, 0x86,
    0x97, 0x23, 0xCF, 0xF0, 0x87, 0x75, 0x5F, 0xF7, 0x93, 0x86, 0xAF, 0xB9, 0xF6, 0x1D, 0xDC, 0xB0,
    0xD1, 0x44, 0x0D, 0x0B, 0xEA, 0x0D, 0xF8, 0xEC, 0x51, 0xA2, 0x5D, 0xF1, 0x59, 0xAF, 0x4B, 0xEB,
    0xA3, 0x05, 0x1A, 0x1D, 0xDB, 0x48, 0xA8, 0xA7, 0xF3, 0xB3, 0x09, 0xCD, 0x90, 0xC6, 0x2F, 0x7F,
    0x6F, 0x40, 0x74, 0x49, 0xDD, 0xAE, 0xA1, 0xB6, 0xE8, 0x02, 0xD1, 0x5D, 0xF3, 0xD4, 0xFE, 0xEB,
    0x9D, 0xE6, 0x3A, 0x22, 0x9A, 0x9A, 0xB6, 0xFC, 0x41, 0xD2, 0xF9, 0x66, 0x0A, 0xD5, 0x4F, 0xE3,
    0x1F, 0xCE, 0x65, 0xCC, 0x88, 0xFA, 0x16, 0x48, 0x8B, 0xF8, 0xF4, 0x5C, 0xFC, 0x5C, 0xC4, 0xEF,
    0x71, 0xC3, 0xD1, 0x76, 0x35, 0xAB, 0xE6, 0x97, 0xC8, 0x9E, 0xE5, 0xF7, 0xD2, 0x02, 0xF5, 0x0A,
    0x79, 0x1E, 0xEF, 0xC3, 0x01, 0xD7, 0x10, 0x92, 0xE5, 0xD6, 0x68, 0x23, 0xED, 0x7F, 0x34, 0x4D,
    0xF9, 0x86, 0xDC, 0x3C, 0x0E, 0x30, 0x7F, 0x99, 0x5F, 0x47, 0x3B, 0xE4, 0x51, 0xF7, 0xDF, 0x36,
    0x97, 0xEC, 0x28, 0xF2, 0x69, 0xD5, 0xC1, 0x8D, 0xF1, 0xB8, 0xC9, 0x7B, 0x90, 0x89, 0xDB, 0xB2,
    0x38, 0xDA, 0x37, 0x87, 0xA2, 0x22, 0xDE, 0x2B, 0xC7, 0x45, 0x34, 0x40, 0xEE, 0x24, 0x3F, 0xE3,
    0xF7, 0x93, 0x36, 0xEB, 0xF2, 0x28, 0xF3, 0x48, 0x6B, 0xDC, 0xF2, 0xBF, 0x0B, 0x4A, 0x51, 0xB0,
    0x90, 0xAA, 0x33, 0x36, 0xA1, 0xEC, 0x5B, 0x4D, 0xD2, 0x9A, 0x77, 0xFA, 0x56, 0x9D, 0xC2, 0x62,
    0x8D, 0x6A, 0x95, 0x1A, 0xD5, 0xAB, 0x35, 0x3D, 0x18, 0xAD, 0x1F, 0xF2, 0xCC, 0xE0, 0x12, 0x66,
    0x95, 0xDA, 0xA0, 0x9F, 0x68, 0xF3, 0x91, 0x23, 0x34, 0x15, 0x35, 0xB2, 0xEE, 0xBA, 0x39, 0xD2,
    0x43, 0x5C, 0x70, 0xA9, 0x82, 0xAB, 0xBF, 0x8F, 0x21, 0x98, 0xFF, 0x4F, 0x8B, 0x64, 0x36, 0xB8,
    0xE5, 0x6C, 0x15, 0x53, 0x08, 0x8C, 0xA8, 0x15, 0xF8, 0x88, 0xC1, 0x00, 0x4D, 0x54, 0xB5, 0xA3,
    0x94, 0xAD, 0x4F, 0x85, 0xA4, 0x4F, 0xBF, 0x83, 0x9F, 0xB8, 0x9E, 0xE2, 0xF9, 0x68, 0xE1, 0x26,
    0x1F, 0x0F, 0x8C, 0x9B, 0xEE, 0x54, 0x14, 0x19, 0xFE, 0xFE, 0xA3, 0xE6, 0xF1, 0x80, 0x1C, 0xDD,
    0xAF, 0x53, 0x55, 0xF7, 0xAB, 0x54, 0xD3, 0xFD, 0x22, 0x85, 0xBA, 0x3F, 0xA4, 0x05, 0x86, 0xCF,
    0x08, 0x66, 0x78, 0x8C, 0x14, 0x0C, 0x2C, 0x46, 0x10, 0x4A, 0xF6, 0xF0, 0xA3, 0x45, 0x7B, 0x89,
    0xA8, 0x47, 0x9B, 0x56, 0xC3, 0x35, 0x48, 0x3D, 0xD4, 0x5B, 0xE0, 0x4A, 0xCD, 0x1C, 0x03, 0xE3,
    0x5F, 0x33, 0x5A, 0x31, 0x4E, 0xE4, 0xB8, 0x8D, 0xF9, 0x68, 0xC9, 0x74, 0x8F, 0x1D, 0x3B, 0xB4,
    0xD5, 0xA7, 0xAA, 0xF1, 0x60, 0x40, 0x35, 0x83, 0xDB, 0x60, 0x04, 0x9F, 0xA3, 0xD0, 0xF0, 0x1C,
    0x55, 0xB3, 0x6F, 0xB8, 0x5C, 0x2F, 0xD7, 0x6C, 0x63, 0xC6, 0x06, 0x7A, 0x06, 0x50, 0x3D, 0xA3,
    0xED, 0x9A, 0x5E, 0x54, 0xAF, 0xF3, 0x90, 0xF3, 0x4B, 0xA4, 0xFA, 0x5E, 0x0B, 0x4B, 0x51, 0xD3,
    0x55, 0x78, 0x81, 0xB1, 0xDC, 0x7B, 0x74, 0x3E, 0x8A, 0xCE, 0xA5, 0xCA, 0x1F, 0x8D, 0x3B, 0x66,
    0xBA, 0x69, 0x7A, 0x8B, 0xDF, 0xFB, 0xE3, 0xA0, 0x07, 0xA1, 0x91, 0x61, 0x5C, 0xB9, 0x70, 0x88,
    0xB4, 0x79, 0xC1, 0x5D, 0x9E, 0x0F, 0xCD, 0xFB, 0xA7, 0xE8, 0x8F, 0x13, 0xF4, 0x6B, 0x7F, 0xFD,
    0xB7, 0x63, 0x4C, 0x97, 0x9F, 0xA1, 0xDE, 0x72, 0x1D, 0x17, 0x65, 0x58, 0x37, 0x1F, 0xE5, 0xE1,
    0x8E, 0xCE, 0x51, 0xAA, 0x7C, 0x37, 0xC5, 0x28, 0xCC, 0x1D, 0xE7, 0xDE, 0xF0, 0x70, 0xE7, 0xE8,
    0x2E, 0x5F, 0x6A, 0x05, 0x46, 0x13, 0x09, 0x5E, 0x70, 0xE5, 0x6E, 0xAB, 0xF6, 0xB5, 0xFC, 0x1B,
    0x51, 0xB8, 0x1E, 0xA3, 0x2A, 0x1D, 0xE1, 0xA7, 0x79, 0x9E, 0x6C, 0x57, 0xBD, 0x4A, 0x16, 0x55,
    0xF2, 0x25, 0x1D, 0x0D, 0xEE, 0xC3, 0xE3, 0xE8, 0x5A, 0x18, 0x53, 0x55, 0x09, 0xCC, 0x22, 0x46,
    0xBF, 0x0D, 0xFC, 0x9B, 0x54, 0x37, 0xE2, 0x81, 0x51, 0xF2, 0xA9, 0x31, 0x34, 0x63, 0x06, 0x89,
    0x42, 0x96, 0xAC, 0xFE, 0x62, 0xDC, 0x3C, 0x1E, 0x97, 0xBA, 0x8E, 0xC6, 0xBC, 0xC1, 0xE4, 0xC6,
    0x34, 0xD4, 0x35, 0x1A, 0xB3, 0x2F, 0xF9, 0x1B, 0xE3, 0x57, 0xA7, 0x3A, 0xDE, 0xBA, 0x8E, 0xF7,
    0x57, 0xC0, 0x2D, 0x00, 0xBF, 0x2B, 0x7D, 0xB3, 0x97, 0xDC, 0x0A, 0x86, 0xB3, 0x82, 0x0B, 0x35,
    0x80, 0x6F, 0x00, 0xDC, 0x8F, 0x61, 0xFE, 0x34, 0x51, 0xC0, 0x5D, 0x62, 0xE2, 0x2B, 0x62, 0x06,
    0x8A, 0xE8, 0x48, 0x8E, 0xF6, 0xA3, 0xCE, 0x2A, 0x2D, 0xFF, 0xEB, 0x99, 0x2E, 0x92, 0xF6, 0x3F,
    0x36, 0x39, 0xA4, 0x9D, 0x19, 0x64, 0x70, 0x1A, 0x37, 0x04, 0x54, 0x59, 0x35, 0xFB, 0x96, 0x5F,
    0xE1, 0x86, 0xBC, 0x1A, 0x4E, 0x3B, 0xE0, 0x09, 0x90, 0xE7, 0x93, 0xA4, 0xF9, 0xF4, 0x97, 0x3C,
    0x1B, 0x3C, 0x16, 0x5C, 0xFD, 0x24, 0x88, 0xAB, 0x88, 0x99, 0x74, 0x30, 0x38, 0x6B, 0xA8, 0x11,
    0xD7, 0x6D, 0xCF, 0x1E, 0xF2, 0x85, 0x18, 0xAF, 0xF1, 0xD7, 0x1F, 0xCF, 0x76, 0x35, 0xFE, 0x61,
    0x78, 0x4A, 0xAE, 0xF6, 0x31, 0x0B, 0x5C, 0x77, 0xD7, 0x63, 0xAE, 0x9A, 0x79, 0xA2, 0x0F, 0x03,
    0xDC, 0x87, 0x6A, 0x0A, 0x5E, 0x36, 0x8A, 0xBE, 0x40, 0xAB, 0x66, 0x1F, 0x73, 0xE9, 0x97, 0xFF,
    0x09, 0x56, 0xD4, 0xDA, 0x60, 0x0E, 0x60, 0xD4, 0xD5, 0x76, 0x12, 0x57, 0x50, 0x27, 0x4D, 0x6A,
    0x07, 0x47, 0xD7, 0x5A, 0x0C, 0xEB, 0x2F, 0x17, 0x05, 0x29, 0x1F, 0x9B, 0x8C, 0x67, 0x20, 0x29,
    0x88, 0x09, 0x0C, 0x5E, 0x4B, 0x51, 0x98, 0xA3, 0x5D, 0x41, 0x0B, 0x39, 0x5B, 0xB3, 0x68, 0x5D,
    0x3E, 0xE4, 0x31, 0x0A, 0xB5, 0xDF, 0xC4, 0x44, 0x8D, 0xAF, 0xB8, 0x3C, 0x2E, 0xEF, 0xE2, 0x77,
    0x0D, 0x86, 0x98, 0xE4, 0xDF, 0x5C, 0xA0, 0x08, 0x68, 0xB9, 0xED, 0x31, 0x30, 0x22, 0x4C, 0x67,
    0x8C, 0x2A, 0x2D, 0x04, 0x5D, 0x0B, 0x04, 0x05, 0xE6, 0x2B, 0xDE, 0x51, 0x6D, 0x09, 0x09, 0x20,
    0xA4, 0x60, 0xA9, 0x47, 0x9D, 0x26, 0xD6, 0xC4, 0x8D, 0x5F, 0xED, 0xE7, 0x5C, 0xFD, 0xC7, 0x73,
    0x4A, 0x73, 0x8C, 0x04, 0xE1, 0x46, 0xCA, 0x7A, 0x76, 0xB4, 0x44, 0x7A, 0x34, 0x1D, 0x8F, 0xBB,
    0xC6, 0xBF, 0x3B, 0xC8, 0xD1, 0xCE, 0x78, 0x0E, 0x3D, 0xC1, 0x94, 0x57, 0x90, 0x57, 0x68, 0xFD,
    0xAA, 0xCB, 0x7F, 0x83, 0x55, 0x91, 0x52, 0x46, 0x30, 0x42, 0x79, 0x37, 0xFB, 0x3A, 0xD7, 0xD3,
    0x04, 0x89, 0xAF, 0x6A, 0xF7, 0x85, 0x01, 0x13, 0x65, 0xD4, 0x18, 0x9D, 0xFD, 0x72, 0x79, 0x26,
    0x2E, 0xDB, 0x8E, 0x41, 0x89, 0x30, 0x96, 0xA0, 0xF2, 0x1C, 0x33, 0x0B, 0xCA, 0x81, 0x0F, 0x0F,
    0x00, 0xFF, 0xAD, 0x08, 0xBD, 0xDA, 0x41, 0x31, 0xB5, 0x0B, 0x25, 0x09, 0x7F, 0x4E, 0xAE, 0xC4,
    0xD0, 0x35, 0x3C, 0x45, 0x99, 0x34, 0x4F, 0x63, 0x26, 0x39, 0x98, 0x2A, 0xDF, 0x73, 0xD7, 0x18,
    0x4F, 0x54, 0x14, 0xF6, 0xAB, 0x81, 0x14, 0x1E, 0xB2, 0x84, 0x4A, 0x50, 0x4B, 0xC1, 0x6E, 0x01,
    0x07, 0x60, 0xE3, 0x14, 0xDE, 0xAC, 0xD9, 0x1E, 0x7A, 0xB4, 0xB1, 0x3E, 0x8C, 0x49, 0xB6, 0x5D,
    0x3F, 0x38, 0x40, 0x06, 0x77, 0x2C, 0x07, 0xBD, 0xF7, 0x2E, 0xA6, 0xE6, 0xA3, 0xE6, 0x17, 0x4A,
    0x4B, 0x63, 0x69, 0x94, 0x75, 0x40, 0x0E, 0xFD, 0x60, 0x36, 0x97, 0xD3, 0xC6, 0x62, 0x6A, 0x15,
    0x60, 0xBB, 0x2C, 0x1F, 0x2D, 0xC1, 0xF7, 0x5D, 0x5F, 0x95, 0x29, 0xBB, 0x4E, 0x5A, 0xFE, 0xAF,
    0x18, 0xED, 0xDC, 0x1F, 0x0B, 0xDC, 0x23, 0x50, 0xC6, 0x7F, 0xFF, 0xD7, 0x28, 0x75, 0x6C, 0x9E,
    0xA5, 0xEF, 0x54, 0xF4, 0x05, 0x2E, 0xE9, 0x6F, 0x95, 0x3B, 0x1D, 0x68, 0x83, 0x92, 0x1C, 0xB4,
    0xA2, 0x90, 0x42, 0x31, 0x30, 0x46, 0x3E, 0x08, 0x62, 0x50, 0x27, 0x63, 0xDC, 0xEC, 0x57, 0x63,
    0xC9, 0xAC, 0x47, 0x8C, 0x4A, 0xDA, 0xC1, 0x1D, 0x5E, 0x6B, 0x44, 0x81, 0xF3, 0xE0, 0x62, 0xC2,
    0xC6, 0x68, 0x52, 0x2B, 0xD3, 0x0D, 0x3C, 0x70, 0x6E, 0xF4, 0x5A, 0x18, 0xA3, 0xB6, 0x1A, 0xC1,
    0x74, 0x7B, 0x78, 0x86, 0xA9, 0x75, 0xB3, 0x21, 0xB3, 0x0B, 0xC9, 0x1F, 0xFF, 0x71, 0x21, 0xE8,
    0x86, 0xBE, 0xBA, 0xDD, 0xE7, 0xC3, 0x6C, 0x8A, 0xFB, 0x38, 0x91, 0x63, 0x09, 0x15, 0x26, 0xFA,
    0xC9, 0xF2, 0x7A, 0xF9, 0x59, 0xAD, 0xEC, 0xA2, 0x7A, 0x6F, 0xEA, 0x02, 0xBF, 0x74, 0xBF, 0xE1,
    0xB5, 0x10, 0x23, 0xD1, 0x06, 0x32, 0xB1, 0x16, 0x2E, 0xE8, 0xCD, 0x19, 0x54, 0x1F, 0xC6, 0x95,
    0x0F, 0xB5, 0xBB, 0x26, 0x60, 0xF3, 0x11, 0x34, 0xC6, 0xB5, 0xEC, 0x12, 0x46, 0x52, 0x4F, 0x95,
    0x99, 0x42, 0x4B, 0x91, 0x27, 0xA4, 0xAA, 0x83, 0x0D, 0x18, 0xBE, 0xA2, 0x1E, 0x34, 0x11, 0x42,
    0x86, 0xF0, 0x95, 0x01, 0x80, 0x1C, 0x35, 0x34, 0x56, 0x84, 0xA6, 0x22, 0x7F, 0x03, 0xF5, 0x7E,
    0x35, 0x26, 0x9B, 0x0C, 0xF5, 0x84, 0xDC, 0xCB, 0xC4, 0x26, 0xCA, 0xAD, 0xB1, 0x86, 0x76, 0xCD,
    0x2F, 0x1A, 0x34, 0xD5, 0x1C, 0x6B, 0x51, 0x5B, 0x2D, 0xCB, 0x13, 0x56, 0x5F, 0x37, 0xEB, 0x09,
    0x17, 0xE8, 0x6A, 0x03, 0xAC, 0xCF, 0x74, 0xEB, 0xA8, 0xBE, 0x8E, 0xEA, 0x8F, 0x90, 0x3B, 0xC2,
    0x38, 0xEE, 0x0F, 0x91, 0xC6, 0xCC, 0x63, 0x43, 0x5B, 0x9B, 0xEB, 0x9F, 0xFD, 0xE6, 0xA1, 0xC6,
    0x7C, 0x74, 0x61, 0x0C, 0xB7, 0x89, 0xDE, 0xC3, 0x75, 0xE8, 0x27, 0xE6, 0x3D, 0x23, 0xFA, 0xE2,
    0x82, 0x59, 0xA7, 0x11, 0xEE, 0x32, 0xEB, 0x89, 0xD2, 0xFD, 0x64, 0xAC, 0x56, 0x2D, 0xD0, 0xAE,
    0xF9, 0x90, 0x4A, 0x97, 0xA8, 0xC3, 0xEA, 0x19, 0x5B, 0x2A, 0x7C, 0xCD, 0x72, 0xC0, 0xB3, 0xDF,
    0x4B, 0x4E, 0xEF, 0x61, 0x48, 0x34, 0xD6, 0x3E, 0x9F, 0x1E, 0x6B, 0x31, 0x31, 0x19, 0xAF, 0x80,
    0x07, 0x5B, 0x7B, 0x96, 0x2F, 0xB0, 0x5A, 0xB7, 0x0F, 0x42, 0x88, 0x65, 0x2F, 0x04, 0xB0, 0x16,
    0x2B, 0x09, 0x03, 0xA4, 0xE4, 0xCA, 0x2D, 0xF3, 0xFC, 0x3A, 0xA5, 0x0E, 0x77, 0x62, 0x95, 0x69,
    0x2A, 0xF2, 0xF2, 0x97, 0xF4, 0x3A, 0xCB, 0x81, 0xB9, 0xFE, 0x0E, 0x97, 0x00, 0x67, 0xAA, 0x0B,
    0xA6, 0x68, 0xF3, 0x2E, 0x95, 0x78, 0xCC, 0x53, 0xB8, 0xFF, 0x06, 0x6E, 0x76, 0x3D, 0x33, 0x8C,
    0xBE, 0xE6, 0x58, 0xD6, 0x9B, 0x9A, 0xE6, 0xEB, 0x85, 0xD6, 0x2B, 0xD4, 0xDB, 0x00, 0xA7, 0xA2,
    0xF2, 0x41, 0xD8, 0x11, 0xA8, 0x6D, 0xFB, 0x02, 0x30, 0x93, 0xA7, 0xA6, 0x6F, 0xAC, 0x8B, 0xC4,
    0x70, 0x5F, 0x02, 0xCF, 0x9B, 0xCC, 0xC3, 0x6E, 0xD8, 0xA2, 0x6A, 0x36, 0xB9, 0x66, 0x77, 0x9E,
    0x6B, 0xF6, 0x0B, 0x71, 0x2D, 0x32, 0xFA, 0x5A, 0x7B, 0x1E, 0x64, 0x9A, 0x05, 0x61, 0x40, 0xAF,
    0x16, 0xD7, 0x9C, 0x45, 0xCD, 0xF6, 0xA3, 0xA8, 0xF3, 0xAE, 0xF9, 0x80, 0x15, 0xFC, 0xA6, 0x37,
    0x7A, 0x50, 0x30, 0xB6, 0xD8, 0x7A, 0xA7, 0xEE, 0x19, 0x5C, 0x0E, 0x50, 0xA6, 0x87, 0x6D, 0x5D,
    0xB8, 0x04, 0x14, 0x37, 0x85, 0x39, 0xFC, 0x16, 0x3F, 0x76, 0xD7, 0xBC, 0x1F, 0xD7, 0x97, 0x55,
    0xF5, 0x31, 0xAC, 0x33, 0xEB, 0xD1, 0x02, 0x66, 0x3D, 0x86, 0x9F, 0x1C, 0xE4, 0x5A, 0x78, 0x8C,
    0x0D, 0x77, 0x79, 0x7D, 0x42, 0x22, 0x82, 0xA7, 0x53, 0xA8, 0xCF, 0x5A, 0x8A, 0xEB, 0x8B, 0x07,
    0x37, 0x27, 0x33, 0xA2, 0xBB, 0x36, 0xB3, 0x5F, 0x73, 0xCB, 0x12, 0x19, 0x3F, 0xE4, 0x1A, 0x97,
    0x94, 0xF2, 0x80, 0xF7, 0x2E, 0xC6, 0x68, 0x58, 0x8B, 0xDF, 0x7E, 0x4E, 0x89, 0xA9, 0x31, 0x26,
    0xEE, 0x30, 0x16, 0x81, 0xB1, 0x6C, 0x61, 0x32, 0xFD, 0x73, 0x8F, 0xF9, 0xD2, 0xCD, 0xBE, 0x0D,
    0x8A, 0xB1, 0x5C, 0x13, 0x0A, 0xD8, 0x14, 0xD3, 0xFD, 0x19, 0x34, 0x0F, 0x6E, 0x2A, 0x1A, 0x04,
    0x54, 0x18, 0x85, 0x09, 0xC5, 0xB6, 0x30, 0xE9, 0x88, 0x95, 0x51, 0x48, 0x5D, 0xFB, 0x32, 0xE3,
    0x86, 0x36, 0x1F, 0x31, 0x11, 0xF6, 0xB5, 0x19, 0xB8, 0x3C, 0x62, 0x1F, 0xED, 0x67, 0x14, 0x5F,
    0x18, 0xA5, 0xD4, 0x24, 0x59, 0xA1, 0x52, 0x3A, 0x6A, 0x18, 0xD1, 0x50, 0x83, 0x26, 0xCE, 0x24,
    0xC6, 0xBD, 0x0E, 0xF0, 0x40, 0x40, 0x03, 0x1A, 0xBF, 0x62, 0xCE, 0xFA, 0xE2, 0x12, 0xC8, 0xFB,
    0x75, 0x8F, 0x12, 0xDA, 0x69, 0x46, 0xC6, 0xC7, 0xA1, 0x26, 0x35, 0x41, 0x74, 0x6D, 0xD6, 0xC2,
    0x8C, 0x89, 0xDF, 0x65, 0xF6, 0x31, 0xF5, 0x06, 0x1D, 0x45, 0x79, 0x53, 0x5B, 0x4E, 0x0B, 0xB8,
    0x5F, 0x67, 0xF0, 0x49, 0x16, 0xA2, 0xB4, 0x1F, 0x2F, 0x34, 0x02, 0x0E, 0x55, 0x34, 0x58, 0xC6,
    0x32, 0x3D, 0x37, 0xDD, 0xA1, 0x36, 0xB3, 0x8E, 0x99, 0x55, 0x0E, 0xD4, 0xC4, 0x1C, 0xCB, 0xEE,
    0x63, 0x5A, 0x30, 0xF3, 0x13, 0xF7, 0x10, 0xDB, 0x76, 0xA6, 0x6B, 0xF8, 0x15, 0xDD, 0xB7, 0x03,
    0x7E, 0xE9, 0x4C, 0x18, 0x52, 0xE0, 0x3C, 0xE0, 0x6B, 0x41, 0xA1, 0xE4, 0x6B, 0x7E, 0x25, 0x7B,
    0x07, 0xAB, 0x4D, 0x03, 0xC3, 0x96, 0x3F, 0x31, 0xE9, 0x98, 0xF5, 0x52, 0x38, 0x9C, 0x9D, 0x5C,
    0xE5, 0xDA, 0x8B, 0x8C, 0x90, 0x60, 0xB0, 0x43, 0xCB, 0x47, 0xCC, 0x61, 0x8A, 0xBC, 0x71, 0x31,
    0xBB, 0x44, 0x53, 0x0B, 0x4F, 0xF3, 0xC8, 0xBC, 0x07, 0xEA, 0xEE, 0x14, 0xD0, 0x8A, 0x8D, 0x18,
    0x5F, 0xE3, 0xD1, 0xF3, 0x0D, 0x00, 0xBB, 0x46, 0xB7, 0xF9, 0xC3, 0xAC, 0x28, 0xF9, 0x13, 0x15,
    0xC7, 0x0C, 0x76, 0x56, 0x0A, 0xE6, 0x11, 0xAA, 0x8D, 0xDE, 0xBB, 0x96, 0x6A, 0x40, 0xD7, 0x9D,
    0xA8, 0xAA, 0x0F, 0x38, 0x3B, 0xC5, 0x7C, 0x5E, 0x6B, 0x54, 0xF3, 0x3C, 0x3D, 0x15, 0xD3, 0xB3,
    0xA1, 0xA7, 0x0F, 0x13, 0x6C, 0x09, 0x26, 0xA1, 0xBA, 0xC3, 0x83, 0x5B, 0x2F, 0x70, 0xE5, 0x75,
    0x87, 0x9B, 0x09, 0x8B, 0x96, 0xAB, 0x07, 0x1B, 0x07, 0xF8, 0x56, 0xD6, 0xA5, 0xB3, 0x8C, 0xB2,
    0x40, 0x18, 0xCA, 0x87, 0xAD, 0xEE, 0xAB, 0xCE, 0x87, 0x00, 0xD0, 0x1D, 0x18, 0xF0, 0x2B, 0xBF,
    0xE6, 0x17, 0x58, 0xF4, 0x78, 0x85, 0xDE, 0x5D, 0x01, 0x86, 0xB3, 0x03, 0x42, 0xE0, 0x56, 0xC8,
    0x3A, 0x1B, 0x83, 0xA7, 0x74, 0xE6, 0xE1, 0xFB, 0x6C, 0xB7, 0x49, 0x93, 0x09, 0x7A, 0x35, 0x98,
    0xB4, 0x6F, 0x0B, 0x02, 0xC7, 0x64, 0xFE, 0xB7, 0x81, 0xCA, 0x1D, 0x6A, 0xD5, 0x0B, 0xCC, 0xA6,
    0x9E, 0xFC, 0x08, 0xF3, 0xEC, 0x27, 0xFE, 0x8A, 0xA7, 0xB1, 0xE6, 0xF1, 0x34, 0xD6, 0xDC, 0x9C,
    0xC1, 0x28, 0x99, 0xD3, 0x76, 0x5D, 0x44, 0x6B, 0x35, 0x05, 0x0A, 0x6D, 0x70, 0x33, 0x2C, 0xA7,
    0x5B, 0xB7, 0xF0, 0x54, 0x94, 0x4C, 0x6F, 0xDE, 0x1D, 0xB5, 0xE8, 0x93, 0xC1, 0x08, 0x5B, 0x35,
    0xF5, 0x9C, 0xF1, 0x5A, 0xD8, 0x9F, 0xA6, 0xF9, 0x2E, 0x2B, 0x0D, 0xE8, 0x6A, 0xFC, 0x06, 0xB7,
    0xF1, 0xF3, 0xEB, 0xD1, 0xD0, 0x6F, 0xA0, 0x8D, 0xC6, 0x3F, 0x64, 0x1B, 0x7D, 0x34, 0x4D, 0x87,
    0x22, 0x37, 0xA4, 0x6F, 0x1E, 0x05, 0x51, 0x41, 0x3D, 0xE6, 0xC1, 0x9D, 0x03, 0xD9, 0x1E, 0x05,
    0xEE, 0xEE, 0x07, 0x1F, 0xFE, 0xB4, 0xCB, 0xED, 0xFE, 0x39, 0x4C, 0xC0, 0x3F, 0x0B, 0x30, 0x9C,
    0xAE, 0x8C, 0x64, 0x0E, 0x77, 0x66, 0x80, 0xE5, 0xB6, 0xCB, 0x5A, 0xBF, 0xF9, 0x16, 0x86, 0x7E,
    0x3E, 0xEC, 0x52, 0x17, 0x80, 0xB5, 0xC6, 0x10, 0xAD, 0xF7, 0xBE, 0xF1, 0x6F, 0x58, 0x26, 0x55,
    0xFC, 0x77, 0xEC, 0xC6, 0x7B, 0x56, 0x31, 0x11, 0x21, 0x03, 0x7E, 0xBC, 0x84, 0x86, 0x4A, 0xAE,
    0x09, 0xB4, 0x61, 0xDC, 0xB9, 0xB9, 0xCE, 0xAD, 0x15, 0x6A, 0x09, 0xA0, 0x79, 0x12, 0xFD, 0x48,
    0xE2, 0x4E, 0x1B, 0x6D, 0x18, 0x41, 0x96, 0xF5, 0xBB, 0x08, 0x6D, 0xAC, 0x53, 0x06, 0x99, 0x90,
    0xB0, 0x91, 0xA0, 0x75, 0xDE, 0xFD, 0x09, 0xAE, 0x7E, 0xCF, 0xC2, 0x3F, 0x6C, 0xF5, 0xF2, 0xA7,
    0x0C, 0xF0, 0x29, 0xC5, 0x57, 0x84, 0x7F, 0x69, 0x75, 0x6A, 0x71, 0x35, 0xA5, 0x71, 0xD3, 0x74,
    0x7B, 0xA6, 0x98, 0x2A, 0x84, 0x9B, 0xDA, 0x60, 0x03, 0x6B, 0x4D, 0x48, 0xC5, 0x49, 0x38, 0x2E,
    0xF4, 0xBA, 0xC6, 0x5A, 0x31, 0x37, 0x10, 0x26, 0xC5, 0xD4, 0x48, 0x42, 0xD7, 0xC3, 0x8D, 0xDA,
    0x63, 0x1D, 0x4C, 0x12, 0x7E, 0xBE, 0x04, 0xC5, 0x35, 0x7B, 0xF2, 0x23, 0xDC, 0xC2, 0xF3, 0xDF,
    0x05, 0x43, 0x0F, 0xE2, 0x56, 0xBC, 0x16, 0xB7, 0xA7, 0x09, 0xB0, 0xD5, 0x61, 0x7E, 0xE5, 0x41,
    0x9B, 0x5F, 0xBE, 0xC1, 0xB2, 0xD7, 0x0C, 0xB8, 0x91, 0xBC, 0xAB, 0xFB, 0xB9, 0x89, 0x1E, 0xD3,
    0xCF, 0xB0, 0x4C, 0x01, 0x83, 0x7B, 0xB4, 0x55, 0xB3, 0x16, 0xD7, 0xCC, 0x82, 0x2E, 0xFB, 0xD0,
    0xE7, 0x50, 0xF3, 0x56, 0x6E, 0xFF, 0xC4, 0xE7, 0x30, 0xF9, 0x47, 0x44, 0x5D, 0x89, 0x59, 0xF3,
    0x1C, 0xB8, 0x8A, 0xAA, 0x99, 0x9B, 0x9A, 0xE3, 0x9A, 0x8D, 0x5F, 0x5E, 0xB3, 0xC8, 0x9B, 0x3C,
    0x06, 0x64, 0x12, 0xA6, 0x40, 0x7D, 0x23, 0x38, 0x3D, 0x17, 0xDA, 0x2E, 0x4B, 0xC8, 0x8D, 0x18,
    0x93, 0xA3, 0xD0, 0xCE, 0x07, 0x63, 0x4D, 0x49, 0x06, 0x50, 0x6B, 0xB4, 0xB9, 0x58, 0xE7, 0x0F,
    0x1D, 0xCB, 0x55, 0xF8, 0x35, 0x12, 0x2C, 0xD5, 0x17, 0xAC, 0x1E, 0x1A, 0xD8, 0xA8, 0xC3, 0x3E,
    0x86, 0x5C, 0xE1, 0xAA, 0xF8, 0x5F, 0x1D, 0x86, 0xE0, 0x24, 0x2A, 0xCD, 0x82, 0x55, 0x8A, 0x0C,
    0x15, 0xB3, 0x50, 0xEC, 0x42, 0x65, 0x02, 0x80, 0xE2, 0xCD, 0x58, 0x7C, 0xEA, 0xE1, 0xDA, 0xB5,
    0x5C, 0x55, 0x7A, 0x88, 0xAB, 0x62, 0x6D, 0xA6, 0x68, 0x6F, 0x0D, 0xFE, 0x57, 0xAB, 0x12, 0xD6,
    0xA1, 0x11, 0x08, 0xCD, 0x75, 0xB4, 0x6D, 0x60, 0x1D, 0x1A, 0x6C, 0x0F, 0x06, 0x55, 0x06, 0x6E,
    0xC5, 0x84, 0x71, 0xA9, 0xCF, 0x9E, 0xE7, 0xDE, 0x70, 0x59, 0x0D, 0x40, 0xCC, 0x3D, 0x66, 0x1D,
    0x21, 0xB3, 0x8E, 0x2D, 0xC2, 0x3A, 0x5E, 0xF4, 0x99, 0x75, 0xF8, 0x81, 0x63, 0x30, 0x6B, 0xDB,
    0xA0, 0x9C, 0x31, 0x2D, 0xFB, 0xF7, 0x7A, 0x6E, 0xF7, 0x23, 0x09, 0xAD, 0xBC, 0xFD, 0xAF, 0xD2,
    0xCC, 0xF7, 0xFD, 0x9C, 0x22, 0x2A, 0xC5, 0xA3, 0x18, 0x70, 0xBB, 0x41, 0x41, 0x9F, 0xBD, 0xE8,
    0x16, 0x30, 0x40, 0x02, 0x98, 0xAC, 0x43, 0x7A, 0x8F, 0xCB, 0x22, 0xE9, 0x56, 0xE3, 0x6C, 0x93,
    0x98, 0xAC, 0xDF, 0xF2, 0x99, 0xAC, 0x5F, 0xAA, 0x17, 0x8D, 0x57, 0x83, 0xB1, 0x1C, 0xCD, 0x77,
    0x99, 0x7A, 0x47, 0xD0, 0xAD, 0xCF, 0xA1, 0x8D, 0x5F, 0x47, 0x1B, 0x0B, 0x68, 0x83, 0xFE, 0x21,
    0xDB, 0x80, 0x50, 0xE7, 0x5F, 0xBF, 0x71, 0x1C, 0x3E, 0x86, 0x86, 0x76, 0xE7, 0xD9, 0x76, 0xD9,
    0x2D, 0x7F, 0xFC, 0xDA, 0x02, 0x97, 0x3D, 0x2A, 0xCA, 0x05, 0x7E, 0x37, 0xF8, 0xAC, 0xED, 0x9F,
    0xA3, 0x11, 0x3D, 0x72, 0x0B, 0xFA, 0xA9, 0xD0, 0x31, 0xFC, 0xA3, 0x1B, 0x0F, 0x79, 0x6B, 0x44,
    0xA5, 0xF8, 0xF7, 0xFF, 0x85, 0x87, 0x39, 0xEA, 0x58, 0x1E, 0x85, 0xB6, 0x25, 0x1A, 0x32, 0x99,
    0xF5, 0x05, 0x86, 0xAB, 0x45, 0xD1, 0x01, 0xD7, 0xFA, 0xD3, 0xBB, 0x22, 0x77, 0xD8, 0xA6, 0xBC,
    0x5F, 0x60, 0x44, 0x6C, 0x54, 0x8A, 0x94, 0xAC, 0x56, 0x40, 0xEC, 0xA3, 0x75, 0xEE, 0x6B, 0xD6,
    0x93, 0x29, 0xCC, 0x7A, 0x14, 0xCB, 0xD3, 0x96, 0x87, 0xA1, 0x25, 0xA3, 0x88, 0x6E, 0xDC, 0xBF,
    0x30, 0xCC, 0x12, 0xFB, 0x51, 0xC6, 0x2A, 0x58, 0x67, 0x22, 0xB1, 0x75, 0xF0, 0x10, 0x1B, 0xC8,
    0x9B, 0x13, 0x8B, 0x02, 0x52, 0xD8, 0xC9, 0x51, 0x2F, 0xE5, 0x1C, 0xD6, 0x23, 0xEC, 0x3A, 0x03,
    0x26, 0x78, 0x0B, 0xEF, 0xC3, 0x2C, 0x6E, 0xFF, 0xEC, 0x12, 0xD4, 0xB1, 0x30, 0x76, 0xEF, 0x51,
    0xCB, 0x63, 0x64, 0xF8, 0xEB, 0x5D, 0xD2, 0x4E, 0x41, 0x0F, 0x6F, 0x7E, 0x60, 0x3F, 0x3F, 0x91,
    0xB0, 0x3C, 0xB3, 0x9E, 0x63, 0xE1, 0xEA, 0x38, 0x14, 0xA6, 0x73, 0x55, 0x0A, 0x9D, 0x64, 0x9D,
    0xE5, 0x96, 0x05, 0xE1, 0xC5, 0x5A, 0x47, 0x58, 0xB0, 0x43, 0x3D, 0x28, 0x8E, 0x84, 0xA6, 0x97,
    0x6D, 0x50, 0x9E, 0xFA, 0xBC, 0x55, 0x0B, 0xB1, 0xAF, 0x23, 0xE6, 0xCA, 0x5D, 0xB6, 0x22, 0xFD,
    0x1A, 0x54, 0x61, 0xB6, 0xC5, 0x19, 0xDE, 0x5D, 0xEE, 0x36, 0x45, 0x98, 0x91, 0xFF, 0x1A, 0x95,
    0x8E, 0xCD, 0xDA, 0xFC, 0x52, 0x4D, 0xD6, 0x71, 0x72, 0xCA, 0x83, 0xA1, 0xC7, 0x40, 0x4E, 0x07,
    0xE0, 0x34, 0xB1, 0x5E, 0x5B, 0xC2, 0x18, 0xC7, 0x8C, 0x8D, 0xDF, 0x58, 0xD3, 0xE1, 0x29, 0x2C,
    0xBB, 0xC6, 0x71, 0x9E, 0xB8, 0x68, 0xBA, 0x68, 0x36, 0x28, 0x31, 0x35, 0x47, 0x89, 0x0D, 0xC5,
    0xFE, 0x22, 0xE5, 0x58, 0xB1, 0x4D, 0xF6, 0xBA, 0xB1, 0xBF, 0x49, 0x31, 0x3B, 0x4C, 0xAC, 0xF4,
    0xD9, 0x8B, 0x99, 0x9D, 0x09, 0x85, 0xC2, 0xF0, 0xAE, 0x1F, 0xE7, 0x96, 0xEE, 0x65, 0xB6, 0xF0,
    0x8B, 0x4B, 0xCC, 0x44, 0x58, 0x85, 0xAE, 0x67, 0xB9, 0x27, 0xB5, 0x67, 0xE0, 0x8D, 0xE9, 0x4F,
    0xF6, 0xF0, 0x30, 0xDB, 0x50, 0x71, 0xCD, 0x2D, 0x1F, 0x6B, 0x69, 0x81, 0x7E, 0x8B, 0x25, 0x75,
    0xE9, 0xC6, 0xCB, 0xD8, 0x01, 0xF3, 0xB7, 0x0A, 0x37, 0x59, 0x5B, 0xBF, 0x40, 0xB5, 0xF9, 0xD7,
    0xBD, 0x57, 0x4E, 0x9C, 0xF0, 0x2F, 0xE8, 0x7E, 0xB8, 0xA8, 0xFB, 0xF5, 0x06, 0xFF, 0xBF, 0x7E,
    0x82, 0x7F, 0x3F, 0x7F, 0xC8, 0xAF, 0x4D, 0xBD, 0xEE, 0xEE, 0xB4, 0x17, 0xD4, 0x74, 0x1F, 0x11,
    0xFF, 0x5C, 0x6B, 0xCA, 0x0B, 0xC0, 0x24, 0x07, 0xE6, 0x20, 0xAB, 0xCC, 0x8E, 0xDD, 0x5C, 0xA4,
    0xC2, 0x64, 0x2E, 0x4B, 0x85, 0x30, 0x67, 0xBA, 0xEF, 0xF1, 0x72, 0x86, 0x77, 0x2B, 0x53, 0xB5,
    0x3F, 0x02, 0x50, 0x1C, 0xE4, 0x53, 0xC7, 0x71, 0x2C, 0xD7, 0x19, 0x70, 0x06, 0xC8, 0xB1, 0x2E,
    0x2F, 0xB0, 0x7E, 0x83, 0x91, 0x12, 0x9E, 0x28, 0x1A, 0xE2, 0x40, 0xFB, 0xD5, 0x5A, 0x2E, 0x5F,
    0x68, 0x5E, 0xE6, 0x21, 0x9F, 0x4C, 0x36, 0x85, 0xCC, 0xD6, 0x39, 0x0C, 0x66, 0xD8, 0xEA, 0x01,
    0x0D, 0x9B, 0x4B, 0xE4, 0x98, 0x3B, 0xBC, 0x11, 0x9B, 0x51, 0xA0, 0xC9, 0x1C, 0x76, 0x2C, 0xC6,
    0x98, 0x16, 0x39, 0xC8, 0xEF, 0x34, 0x0F, 0x1D, 0xBC, 0x0C, 0xF1, 0xB9, 0xD6, 0xFA, 0x05, 0xAC,
    0x06, 0x85, 0x94, 0xFF, 0xD3, 0x26, 0xBF, 0xFF, 0xEB, 0x61, 0x55, 0x3B, 0xBD, 0xE8, 0xE8, 0xC1,
    0x68, 0xFE, 0x90, 0x7F, 0x9D, 0x90, 0x0B, 0x38, 0x30, 0x4C, 0xB2, 0x8F, 0x03, 0x1F, 0x7E, 0x4D,
    0x7A, 0x9F, 0x69, 0x39, 0xF2, 0xB5, 0x71, 0xCA, 0xE5, 0x23, 0x6F, 0x73, 0x43, 0xAF, 0x97, 0x5C,
    0x9A, 0x63, 0x56, 0xE6, 0x38, 0xCB, 0x2C, 0x17, 0x33, 0xD4, 0x67, 0x23, 0xA6, 0xA7, 0x73, 0x6D,
    0x63, 0xB2, 0xC8, 0xEF, 0xE5, 0x94, 0xEA, 0x3C, 0x38, 0x93, 0xF4, 0x49, 0x2F, 0x49, 0x9F, 0xE6,
    0x0E, 0xEE, 0xE3, 0xCE, 0x1C, 0xE5, 0xA9, 0x67, 0x35, 0xC0, 0xAD, 0xF1, 0xFF, 0xF1, 0xAB, 0xB4,
    0x7D, 0xDD, 0xC3, 0x6A, 0xBC, 0x59, 0xE7, 0xD5, 0xA3, 0x96, 0x95, 0xC0, 0xEF, 0x54, 0xDE, 0xE5,
    0x81, 0x9B, 0x68, 0x6D, 0x5D, 0xBD, 0xAE, 0x86, 0x6F, 0x80, 0xED, 0xA7, 0xF9, 0x28, 0x30, 0x1A,
    0xDA, 0x02, 0x63, 0xE2, 0x30, 0xD3, 0x5A, 0xB2, 0x3F, 0x1B, 0xD8, 0xB4, 0xF7, 0x48, 0x92, 0xC2,
    0x1C, 0x6B, 0x76, 0x89, 0x23, 0xB4, 0x9F, 0xED, 0x5B, 0xF8, 0x1E, 0x56, 0x6A, 0x96, 0xAC, 0x6D,
    0xBE, 0x73, 0x31, 0xBB, 0x48, 0xFB, 0x8F, 0x30, 0xE9, 0xD2, 0xAD, 0x7E, 0x12, 0x0A, 0x49, 0x02,
    0x46, 0x49, 0x02, 0x2C, 0x3B, 0x4D, 0x26, 0x80, 0x5D, 0xE1, 0xE9, 0x2E, 0x02, 0xCC, 0xC1, 0x2C,
    0xDC, 0xC9, 0x00, 0x8E, 0xE8, 0xFC, 0x22, 0x03, 0x3B, 0x10, 0xCD, 0x52, 0xEB, 0x2D, 0xAB, 0xB7,
    0x1B, 0xC3, 0xDB, 0x8D, 0xC4, 0x66, 0x1C, 0xDE, 0x4E, 0x6C, 0xBD, 0x40, 0xBF, 0xA4, 0x2D, 0x30,
    0xF5, 0x0D, 0xB3, 0xCE, 0x9F, 0x8C, 0x23, 0x1B, 0x03, 0x5D, 0xF6, 0x67, 0xD0, 0xB6, 0x3F, 0x87,
    0x96, 0xB1, 0x94, 0xDE, 0xA3, 0x2C, 0x9C, 0xF3, 0x0B, 0xF3, 0x4C, 0x0F, 0xB7, 0x06, 0x93, 0xF0,
    0x77, 0xDA, 0xA8, 0xD9, 0x22, 0x03, 0xC0, 0xC2, 0x98, 0x65, 0x2A, 0x5C, 0x13, 0xBF, 0xDC, 0x24,
    0xF5, 0x57, 0xF8, 0x6D, 0xA9, 0x02, 0x5F, 0x7D, 0x65, 0xB9, 0x29, 0xDF, 0xAE, 0x2F, 0xBF, 0xC8,
    0x3D, 0xDE, 0x7F, 0x64, 0x8A, 0xC7, 0xF5, 0x3D, 0xE7, 0x78, 0xF0, 0xA6, 0x50, 0x1B, 0xE8, 0x09,
    0xCC, 0xAD, 0x8A, 0xC7, 0xAB, 0x36, 0x3C, 0x99, 0x5C, 0x9F, 0x56, 0xE7, 0xCE, 0x1A, 0x3E, 0x77,
    0x36, 0xEF, 0x2A, 0x0D, 0xBA, 0x66, 0x79, 0x5D, 0x94, 0xA4, 0x47, 0x88, 0x89, 0x1C, 0x9C, 0x6C,
    0x73, 0x54, 0x5C, 0x91, 0xA0, 0x42, 0xF6, 0xEF, 0x58, 0xCE, 0xED, 0x67, 0x7D, 0x48, 0x7F, 0x99,
    0x55, 0x75, 0xF3, 0x80, 0xA7, 0xFB, 0x49, 0xD3, 0x65, 0xDB, 0x0D, 0xA6, 0x8A, 0xC3, 0x5D, 0x0F,
    0x0A, 0xB9, 0xA9, 0xE3, 0x41, 0x61, 0x22, 0x7C, 0xD2, 0x2F, 0xD5, 0x83, 0x92, 0x9B, 0xF5, 0x2E,
    0x1D, 0xC3, 0xCB, 0x9D, 0x6B, 0x7B, 0x37, 0x78, 0xCE, 0xC7, 0xF3, 0x6E, 0x2C, 0xCC, 0x81, 0xF1,
    0xB4, 0xDF, 0x3D, 0x0A, 0x43, 0x2D, 0x49, 0xB6, 0xD5, 0xB0, 0xA9, 0x27, 0x97, 0x83, 0x8B, 0x33,
    0xCD, 0x93, 0x36, 0x70, 0xAC, 0x11, 0x5B, 0xB9, 0x22, 0x58, 0x1B, 0xFA, 0x25, 0x32, 0x22, 0xEB,
    0xCB, 0x9E, 0xBD, 0xF5, 0xC7, 0xCC, 0x01, 0x99, 0x93, 0xD4, 0x37, 0xF1, 0x34, 0xCD, 0xB0, 0xDD,
    0xD7, 0xF2, 0xB4, 0x58, 0xBD, 0x3B, 0x29, 0x0F, 0x73, 0xBE, 0xF7, 0x9E, 0xF1, 0xD6, 0xE0, 0x54,
    0xE0, 0x80, 0x8C, 0x1A, 0x59, 0xDF, 0x38, 0x37, 0x7A, 0x89, 0x31, 0x8C, 0x07, 0x71, 0x18, 0xAA,
    0xFE, 0x75, 0xE6, 0x7F, 0xC0, 0x54, 0x81, 0x23, 0x16, 0x01, 0x9C, 0x9E, 0xD6, 0x98, 0xE6, 0x67,
    0x0F, 0xC1, 0x9E, 0x68, 0xB6, 0xC6, 0xA3, 0xDE, 0x52, 0xA0, 0x84, 0x0B, 0x49, 0x43, 0x36, 0xB5,
    0x84, 0x85, 0x3C, 0xF1, 0x97, 0xE8, 0x4C, 0xF3, 0x28, 0x54, 0xBC, 0x0C, 0x6E, 0xCB, 0xD0, 0x26,
    0xD3, 0x4D, 0xC0, 0x45, 0x96, 0xA0, 0x5A, 0x86, 0x6D, 0x36, 0xB6, 0x40, 0x6C, 0xD3, 0x67, 0x0D,
    0x25, 0x62, 0x2D, 0x0D, 0x5A, 0x90, 0xA8, 0x4E, 0x11, 0x42, 0x2B, 0x37, 0xCC, 0x7F, 0x08, 0x8C,
    0xD1, 0x01, 0xCF, 0x48, 0xCF, 0x50, 0xEF, 0xF8, 0xF5, 0x70, 0x20, 0xB9, 0x54, 0xFA, 0x02, 0x2B,
    0x3D, 0x6B, 0x62, 0x2E, 0xD7, 0x71, 0xB1, 0x2E, 0x7F, 0x19, 0x18, 0xD1, 0x62, 0xB7, 0xCC, 0xE3,
    0xF1, 0xA7, 0x5B, 0x33, 0x26, 0xEE, 0x5E, 0xCD, 0x4F, 0x1D, 0x76, 0xC3, 0xF9, 0xA8, 0x5E, 0xA1,
    0x70, 0x82, 0x8D, 0x1F, 0x27, 0xCD, 0x1A, 0x59, 0x92, 0x59, 0xD6, 0xF5, 0xA6, 0xEB, 0x70, 0x0F,
    0x10, 0x05, 0xA9, 0x51, 0xF1, 0x46, 0x16, 0xDE, 0x25, 0x2F, 0x36, 0xFB, 0x34, 0x10, 0x06, 0x53,
    0x83, 0xFC, 0x7A, 0x9C, 0x6C, 0xB4, 0x58, 0xE8, 0xDD, 0x3E, 0x56, 0xE0, 0x73, 0xFC, 0xDE, 0xCD,
    0xBF, 0x5B, 0x19, 0x31, 0x47, 0x09, 0xCA, 0x68, 0x06, 0xA4, 0x43, 0x69, 0xD1, 0x6A, 0xC5, 0x52,
    0xA7, 0xFB, 0xFC, 0xA1, 0x60, 0x35, 0x5F, 0xFD, 0x23, 0xEF, 0x8F, 0xBC, 0x51, 0x9E, 0x96, 0xFF,
    0xC7, 0x67, 0xBE, 0xB9, 0x73, 0x35, 0xBF, 0xE5, 0x26, 0x7F, 0xA7, 0xF7, 0x2E, 0x3F, 0xEB, 0xAE,
    0x15, 0x9F, 0x2E, 0x63, 0x1B, 0x68, 0x7F, 0x41, 0x26, 0x96, 0xA9, 0x8A, 0xBB, 0xC2, 0xCA, 0xD7,
    0xBC, 0xCF, 0xA8, 0xD8, 0xE7, 0x8A, 0xC7, 0xBA, 0xC7, 0x21, 0x2B, 0xBD, 0xD6, 0xF8, 0x40, 0x5E,
    0xF3, 0x58, 0xC9, 0xC2, 0xCD, 0x47, 0xE4, 0x49, 0x75, 0x33, 0x63, 0xCB, 0x54, 0x60, 0x5E, 0x52,
    0x5E, 0x82, 0x4E, 0xE0, 0xA6, 0x33, 0x1F, 0xFB, 0x71, 0x41, 0xC2, 0x0E, 0xE1, 0xBD, 0x5E, 0x97,
    0x9B, 0xC2, 0xC2, 0x1C, 0xDB, 0xD0, 0x9F, 0x4B, 0x5B, 0xEA, 0x08, 0x21, 0x88, 0x47, 0xBF, 0x0A,
    0x86, 0x5D, 0x81, 0x7B, 0xBD, 0x0E, 0x0F, 0x0F, 0x5B, 0x7B, 0x43, 0xFC, 0x86, 0x1B, 0xB2, 0x78,
    0x1E, 0x11, 0x9C, 0x1B, 0x67, 0x67, 0x14, 0x22, 0xF0, 0xC1, 0x3B, 0xCA, 0xE5, 0x9D, 0x53, 0x11,
    0x08, 0x84, 0x9F, 0xED, 0xE3, 0x7B, 0x2D, 0x7E, 0xCC, 0xCA, 0x73, 0xAD, 0xD7, 0x29, 0xDA, 0xCF,
    0xC4, 0xEF, 0x70, 0x44, 0x69, 0x86, 0x90, 0xCB, 0x5A, 0x0B, 0x91, 0xF8, 0xC1, 0xC8, 0xDF, 0x35,
    0x3B, 0xFB, 0x78, 0xEC, 0x3C, 0xD0, 0x5C, 0x51, 0x7B, 0x71, 0xEB, 0x09, 0x30, 0x95, 0x53, 0x5E,
    0xB7, 0xD3, 0x4D, 0x61, 0x34, 0x75, 0xFB, 0x19, 0x84, 0x68, 0x6C, 0x71, 0xBD, 0xC4, 0x55, 0xEE,
    0x54, 0x66, 0x85, 0x8A, 0x82, 0xC8, 0xF5, 0x6C, 0x48, 0x7D, 0x4B, 0x21, 0x95, 0x02, 0x38, 0x16,
    0xC2, 0x4E, 0x9C, 0x70, 0xD9, 0x4F, 0xBC, 0x46, 0x52, 0x87, 0x28, 0x0E, 0xA3, 0x2D, 0x9B, 0xC8,
    0x0A, 0x62, 0x9B, 0xC5, 0x14, 0xA4, 0x62, 0xF5, 0x2A, 0xBB, 0x90, 0x81, 0xAF, 0x24, 0xD3, 0x1E,
    0xE0, 0x6B, 0x82, 0xE1, 0x8E, 0x94, 0xBB, 0xF1, 0xD0, 0xEC, 0x34, 0x2B, 0x71, 0xF5, 0x38, 0xE8,
    0xCA, 0x3F, 0x2D, 0x74, 0x64, 0x1E, 0xD0, 0x3D, 0xCB, 0x95, 0xB9, 0x44, 0x83, 0x70, 0x45, 0x1F,
    0x8B, 0x63, 0x14, 0xBA, 0xDF, 0x0D, 0x6E, 0x7C, 0xFC, 0xC2, 0x63, 0xE2, 0xEB, 0x6E, 0x07, 0x60,
    0x05, 0x0C, 0x00, 0x0C, 0x03, 0x14, 0xDB, 0x2E, 0x97, 0x7A, 0xDB, 0x03, 0x8B, 0xBE, 0x20, 0xFE,
    0x62, 0x62, 0x9C, 0xA6, 0xBC, 0xD8, 0x99, 0x2F, 0x6E, 0x28, 0xE6, 0x3C, 0xEB, 0xF8, 0xAD, 0x96,
    0xC9, 0xDC, 0x15, 0xBF, 0xD9, 0x43, 0xB3, 0x8F, 0x72, 0x83, 0x0B, 0x6D, 0x99, 0x6D, 0x63, 0xBE,
    0x56, 0xCD, 0x5E, 0x66, 0x51, 0xDD, 0x45, 0x81, 0x7F, 0x2F, 0xB8, 0x85, 0x9F, 0xA8, 0x61, 0xAE,
    0xEB, 0x5D, 0xCA, 0xA4, 0xF2, 0xF8, 0xA7, 0xCA, 0x7B, 0xC7, 0x4B, 0x82, 0x3E, 0xDC, 0x8A, 0x01,
    0x27, 0x1E, 0xF7, 0x64, 0x84, 0x87, 0xA7, 0xC1, 0x08, 0xCF, 0xE6, 0xDE, 0x28, 0xF7, 0xAC, 0x5F,
    0x3A, 0xCB, 0x3D, 0xE8, 0x1D, 0xEB, 0xD2, 0x16, 0x3B, 0x60, 0xDD, 0xEC, 0xE3, 0x17, 0xA6, 0xB3,
    0x91, 0xB0, 0x52, 0xE9, 0xB1, 0x50, 0xEF, 0x53, 0x08, 0x76, 0x9D, 0x81, 0xDF, 0xEE, 0x00, 0x18,
    0x26, 0xC2, 0x92, 0x0D, 0x06, 0xCC, 0xF6, 0x7C, 0xA6, 0x32, 0xA3, 0xE5, 0xCF, 0xD5, 0xC0, 0x4E,
    0xE9, 0xB1, 0xB8, 0x62, 0x84, 0x09, 0x80, 0x66, 0xFC, 0xBB, 0xF1, 0xF1, 0xD9, 0xAF, 0xF1, 0x3B,
    0x37, 0x79, 0xFA, 0x10, 0xFB, 0x4C, 0xCA, 0x7F, 0xCC, 0xBA, 0x98, 0xC8, 0x13, 0xFC, 0x42, 0x19,
    0x1E, 0xE5, 0xB4, 0x0E, 0x4F, 0x14, 0x6B, 0x88, 0x25, 0xFA, 0x54, 0x63, 0x82, 0x4A, 0x5D, 0xF6,
    0xBA, 0xE6, 0xF6, 0xB0, 0x4C, 0xF7, 0xD9, 0x5C, 0xD2, 0x7D, 0x6B, 0x03, 0x03, 0x9D, 0xD6, 0x3D,
    0x7E, 0x61, 0x56, 0x26, 0x90, 0x49, 0xD6, 0x33, 0x05, 0xA0, 0x21, 0x13, 0x08, 0x62, 0x91, 0x8A,
    0x65, 0x66, 0x00, 0x24, 0xA6, 0x35, 0xC7, 0xAD, 0x31, 0x22, 0x27, 0x21, 0xF7, 0x87, 0x59, 0xAD,
    0x65, 0x09, 0x7C, 0x1D, 0xAD, 0x9B, 0x69, 0x4D, 0x44, 0x1B, 0x58, 0xF4, 0x7B, 0xD0, 0xA3, 0x17,
    0x99, 0x96, 0x7E, 0xC4, 0x73, 0xFD, 0xEF, 0x3A, 0x2E, 0x42, 0x51, 0x0E, 0x4F, 0x33, 0xB9, 0xAF,
    0x8B, 0x9A, 0xEE, 0x54, 0x74, 0x91, 0x11, 0x6B, 0xAC, 0xC3, 0x3B, 0xAB, 0xCB, 0x1D, 0x74, 0xCA,
    0xCF, 0x0F, 0x5F, 0x36, 0xAD, 0x86, 0x8A, 0x92, 0x44, 0xAA, 0x80, 0x81, 0xE1, 0xFD, 0x6D, 0x18,
    0xD8, 0x4B, 0xF4, 0x4E, 0xF0, 0xE6, 0xD2, 0x17, 0x83, 0xD6, 0x5D, 0xB1, 0x4B, 0xF6, 0xE3, 0x3E,
    0x0B, 0x86, 0xC8, 0xCB, 0x47, 0x97, 0xC0, 0xA0, 0x0B, 0xED, 0xAA, 0x8A, 0x6D, 0x13, 0xA4, 0x43,
    0x0F, 0x1D, 0xAD, 0xD4, 0x6B, 0x45, 0xC6, 0xA5, 0x0B, 0x79, 0x48, 0x96, 0x7D, 0xE5, 0x7B, 0x81,
    0xB8, 0x19, 0xA5, 0x76, 0x67, 0xA1, 0x65, 0x1D, 0x45, 0xC1, 0x60, 0x17, 0x73, 0x17, 0xCB, 0x77,
    0xB4, 0xE5, 0x49, 0x15, 0xF3, 0x74, 0x0A, 0x93, 0xB5, 0x10, 0x47, 0x7D, 0x63, 0x97, 0xB6, 0x06,
    0x97, 0x36, 0x1B, 0xCF, 0x6C, 0x76, 0xB8, 0xC6, 0x7B, 0xC9, 0x3E, 0xF8, 0xDB, 0x82, 0xEE, 0x60,
    0x41, 0x36, 0x58, 0x67, 0x06, 0xDC, 0xA1, 0x88, 0x8A, 0x26, 0xA0, 0xCB, 0xD5, 0xA9, 0x5B, 0x41,
    0x95, 0x37, 0xDA, 0xD7, 0x62, 0x2D, 0x59, 0x60, 0x08, 0xD8, 0x9E, 0xD1, 0x99, 0xDB, 0x35, 0xED,
    0x98, 0x45, 0x47, 0xE1, 0xF8, 0xE6, 0xEC, 0xEC, 0x8C, 0x06, 0x04, 0x37, 0x7C, 0x9E, 0x59, 0x0B,
    0xD3, 0x9B, 0xC7, 0x54, 0x4E, 0x76, 0xCD, 0x54, 0xE7, 0x91, 0xB9, 0x96, 0x47, 0x58, 0xEC, 0xE5,
    0x52, 0x2B, 0x18, 0xDC, 0x76, 0x5B, 0xCF, 0xF0, 0x6D, 0x6C, 0x77, 0x17, 0xC9, 0x1C, 0x02, 0x2F,
    0x56, 0xD9, 0x01, 0x88, 0xE8, 0x85, 0xC6, 0x85, 0x43, 0xB3, 0x33, 0xA6, 0x67, 0xC1, 0xDE, 0xB6,
    0xE3, 0xEA, 0xAB, 0x2A, 0xC2, 0xB1, 0xBC, 0x7A, 0x11, 0x42, 0xD2, 0xA1, 0x7C, 0xDB, 0x4D, 0xDD,
    0xC5, 0x75, 0x17, 0x98, 0xE9, 0x1E, 0xB9, 0x76, 0xF8, 0xAE, 0xF3, 0x9B, 0xE5, 0xFB, 0xE6, 0x15,
    0x0B, 0x70, 0x5A, 0xB3, 0x07, 0xF0, 0x0D, 0x09, 0x8B, 0x06, 0xF2, 0xE6, 0x37, 0xCE, 0xCE, 0x4A,
    0xCA, 0xCA, 0x62, 0xB7, 0x93, 0xF4, 0x57, 0x04, 0xF2, 0x18, 0x57, 0x70, 0xB4, 0xED, 0xB7, 0x1D,
    0x43, 0x8F, 0x6A, 0x2B, 0x01, 0x62, 0x6F, 0xF5, 0x5D, 0xC7, 0x66, 0x2F, 0xCF, 0x2C, 0xBB, 0x50,
    0x6F, 0x83, 0xE5, 0xDE, 0x7B, 0xC1, 0x14, 0x30, 0x3E, 0xB0, 0x14, 0x09, 0xB8, 0xAA, 0xC0, 0x6F,
    0x8D, 0x5E, 0x81, 0x8A, 0xF4, 0xCA, 0xEF, 0x31, 0x78, 0xF9, 0x33, 0x0C, 0x42, 0x62, 0xDE, 0x74,
    0x79, 0x26, 0x12, 0xE6, 0x84, 0xD3, 0x16, 0x08, 0x48, 0x79, 0xA0, 0x05, 0xF4, 0x77, 0x24, 0x66,
    0x1B, 0x07, 0xC5, 0xDC, 0x35, 0xDB, 0xA1, 0xAA, 0xA0, 0x25, 0x31, 0xA8, 0xD4, 0xD6, 0xBE, 0xE2,
    0x4C, 0x10, 0xCD, 0x9D, 0x82, 0x94, 0xE6, 0x7B, 0xF9, 0x61, 0xAF, 0x83, 0xC0, 0x82, 0x53, 0xA2,
    0xB0, 0x2C, 0xC6, 0x41, 0xC8, 0xBE, 0xE6, 0x4A, 0x8F, 0xAB, 0xBC, 0x35, 0x9B, 0x32, 0x47, 0xA8,
    0x50, 0xE7, 0xA9, 0xCC, 0xB1, 0xD6, 0x11, 0x24, 0xFB, 0x45, 0xBF, 0x00, 0xCA, 0xB8, 0x68, 0x2C,
    0x60, 0x4A, 0x30, 0x10, 0x28, 0x57, 0x3E, 0xA4, 0x96, 0xF7, 0x45, 0xAA, 0xCF, 0xB7, 0xAA, 0x47,
    0xD4, 0x4B, 0x02, 0x96, 0x42, 0x77, 0xAB, 0x18, 0x5F, 0xC1, 0xCD, 0x1B, 0x2D, 0x71, 0xA1, 0x77,
    0x02, 0x1F, 0x6E, 0xCB, 0x4C, 0x13, 0xA4, 0xC1, 0xB3, 0xC6, 0xEB, 0xE8, 0xF8, 0xED, 0x01, 0xA2,
    0x79, 0x75, 0xE8, 0xE3, 0x93, 0xC8, 0x92, 0xC9, 0x82, 0x4C, 0x2C, 0xB7, 0xBF, 0xDB, 0x77, 0xB7,
    0x1A, 0x9A, 0xB1, 0x35, 0xD4, 0xC7, 0x22, 0x1D, 0x21, 0xC9, 0xC5, 0x65, 0x22, 0xA9, 0x43, 0xC8,
    0x9D, 0x36, 0xF6, 0x53, 0xCC, 0x82, 0xCD, 0x93, 0x21, 0xDE, 0x7D, 0x01, 0x2D, 0x8E, 0xC0, 0x20,
    0xB2, 0xD1, 0x37, 0xD3, 0x5F, 0x1B, 0x73, 0xFC, 0xAB, 0x21, 0x4F, 0x1F, 0x9B, 0xE9, 0xEB, 0x23,
    0x5F, 0x9B, 0x8A, 0xFE, 0xD8, 0x9B, 0x6F, 0xBA, 0x36, 0x3D, 0x9D, 0x03, 0x19, 0xE4, 0x30, 0xE8,
    0x39, 0x34, 0x99, 0x83, 0x11, 0xB8, 0xE2, 0xB1, 0x8D, 0xC8, 0x34, 0x91, 0x20, 0xA6, 0x36, 0x7B,
    0xB0, 0x9D, 0x0F, 0xA0, 0x23, 0xF7, 0xC4, 0xF8, 0x43, 0xD0, 0xD3, 0xB7, 0x01, 0x24, 0xB4, 0x35,
    0x4D, 0x76, 0xEF, 0x7C, 0x9D, 0xB2, 0xD1, 0x85, 0xE0, 0x9D, 0xD1, 0xA3, 0x86, 0x5F, 0xFA, 0xB2,
    0x62, 0xD4, 0x70, 0xFF, 0xA3, 0x0D, 0x1B, 0x48, 0x68, 0x2F, 0xE7, 0xC7, 0xB6, 0xCB, 0xD8, 0x66,
    0xC6, 0xD1, 0x58, 0xF0, 0x8A, 0x0C, 0x0F, 0xE3, 0x30, 0x4B, 0x77, 0x68, 0xF1, 0x45, 0xA6, 0xC8,
    0x09, 0x9E, 0xAA, 0x39, 0x78, 0xDE, 0xD5, 0xA0, 0x63, 0x3C, 0x6C, 0x25, 0xFF, 0x31, 0x6B, 0x3C,
    0xB8, 0x92, 0x81, 0xB4, 0x44, 0xB1, 0x1B, 0x5F, 0x29, 0x25, 0x31, 0xB9, 0xF5, 0x63, 0xD6, 0x8F,
    0xC0, 0xDC, 0x29, 0x62, 0x7A, 0x06, 0x80, 0x5E, 0xFC, 0xF0, 0x1C, 0x28, 0xBD, 0xCE, 0x1C, 0xBF,
    0x4B, 0x29, 0x6F, 0x73, 0xD7, 0x91, 0x65, 0xE8, 0x86, 0xBA, 0x45, 0x3F, 0xA6, 0x70, 0xB9, 0xCB,
    0xB0, 0x6B, 0x72, 0xF0, 0xF2, 0xD9, 0xF2, 0x76, 0xF0, 0x48, 0x9E, 0x28, 0xA8, 0x80, 0xE6, 0x69,
    0x6E, 0x2B, 0x6F, 0x04, 0xD0, 0x6E, 0x17, 0xE6, 0x5A, 0x8E, 0x4A, 0x61, 0xC0, 0xC8, 0xBB, 0xA1,
    0x7D, 0x3C, 0x22, 0x7A, 0xA3, 0x47, 0xF1, 0x4B, 0x7D, 0xA9, 0x2D, 0x23, 0x14, 0x3B, 0x76, 0xDB,
    0xEC, 0xD8, 0x13, 0x76, 0xBC, 0x1D, 0x2C, 0x9F, 0xA5, 0xE0, 0x04, 0xC6, 0xB8, 0x4E, 0x88, 0x38,
    0xF0, 0xD4, 0x64, 0x57, 0x71, 0xC1, 0xA4, 0x15, 0xD4, 0x79, 0x3E, 0x9A, 0xF2, 0xAA, 0x42, 0xC8,
    0x92, 0x3A, 0xB5, 0x88, 0xEA, 0x37, 0x74, 0xB1, 0x63, 0x33, 0x5C, 0x11, 0xAD, 0xD7, 0x9E, 0xA1,
    0xBE, 0x43, 0x11, 0x6B, 0xC0, 0x97, 0x8F, 0x2C, 0x97, 0x69, 0x0E, 0xB4, 0xD4, 0x63, 0xB3, 0x33,
    0x25, 0xA5, 0x7E, 0x74, 0xE2, 0x52, 0xB5, 0x65, 0xA8, 0x2F, 0xAC, 0x32, 0xDB, 0x42, 0xF8, 0x78,
    0xE8, 0x91, 0x03, 0x97, 0x3A, 0xB4, 0xC8, 0xD8, 0x72, 0xD9, 0x9D, 0xD6, 0xDC, 0x1A, 0xB0, 0xBB,
    0x66, 0x21, 0x28, 0x60, 0xA8, 0x0A, 0xC0, 0x95, 0x82, 0x5D, 0xCC, 0x41, 0xA6, 0xBB, 0x02, 0x93,
    0x2B, 0x62, 0x88, 0xF9, 0x56, 0xA5, 0x5A, 0xE7, 0x9D, 0x57, 0xB3, 0x0A, 0x94, 0xA4, 0x6A, 0xD1,
    0xA2, 0x5A, 0xCE, 0x74, 0xEB, 0x49, 0xC3, 0x0D, 0x6D, 0xA5, 0x0D, 0x7A, 0x6A, 0xD6, 0x46, 0xD4,
    0x9C, 0xA1, 0x9B, 0xCC, 0x3B, 0x84, 0xAF, 0xB8, 0x71, 0xDE, 0xC3, 0x4E, 0xE4, 0x54, 0xD5, 0x4C,
    0xD7, 0x72, 0x1D, 0x83, 0x0D, 0xCF, 0x22, 0x5B, 0x9C, 0x94, 0xD1, 0x82, 0x0C, 0x9E, 0x2B, 0x82,
    0x6F, 0x4C, 0x2C, 0xEB, 0xD8, 0xF2, 0x77, 0x90, 0x71, 0x13, 0xAF, 0xE3, 0x42, 0xF7, 0xE8, 0x81,
    0x74, 0xD3, 0x20, 0xDD, 0x55, 0x43, 0x5C, 0xB9, 0x4E, 0x5C, 0xB3, 0x86, 0x9A, 0x61, 0xB8, 0x85,
    0x88, 0x1B, 0xD5, 0x2D, 0xD7, 0xA2, 0x31, 0x1B, 0x6C, 0xAD, 0xC3, 0x1A, 0x8E, 0x2C, 0x93, 0x33,
    0xD9, 0x16, 0xDF, 0x81, 0x69, 0xAD, 0xDA, 0x80, 0x3A, 0xA0, 0xCD, 0xCE, 0x3E, 0x86, 0x1C, 0x81,
    0xE6, 0x55, 0xD3, 0x65, 0x64, 0x56, 0x64, 0x7E, 0xBA, 0xE7, 0x6C, 0xF9, 0xFC, 0x2C, 0xD7, 0x64,
    0x97, 0x67, 0x12, 0xC1, 0x4F, 0xD5, 0x27, 0x01, 0xDE, 0xB4, 0x11, 0x45, 0x6F, 0xFE, 0x7F, 0xDC,
    0xDA, 0x8C, 0xFB, 0x4B, 0xDA, 0xA8, 0x5E, 0x59, 0xFD, 0x0A, 0xF5, 0x62, 0x7F, 0x3B, 0x6D, 0x27,
    0xEE, 0x67, 0x51, 0x5E, 0x4A, 0xFD, 0xE3, 0x63, 0x56, 0xF2, 0x46, 0x23, 0xD7, 0xC9, 0x2E, 0x38,
    0xF4, 0x8C, 0x43, 0xD7, 0x15, 0x5B, 0xF7, 0xA8, 0x7F, 0x43, 0xA8, 0x78, 0x88, 0xF1, 0x23, 0xCD,
    0xBF, 0xCF, 0xB3, 0xF0, 0x38, 0xCE, 0xE7, 0x9E, 0x34, 0x86, 0x11, 0x99, 0xBF, 0xC4, 0xD7, 0xA7,
    0x98, 0x55, 0xEB, 0xF0, 0xA7, 0x6C, 0x50, 0x59, 0x7F, 0x57, 0xF9, 0xC5, 0xF6, 0x48, 0xFD, 0x0A,
    0x30, 0x0B, 0xDD, 0x1B, 0xC2, 0xCA, 0xEF, 0x42, 0xB8, 0x15, 0x58, 0xD7, 0xE9, 0xCB, 0xC6, 0x36,
    0x03, 0xEF, 0xB8, 0x59, 0x59, 0xA0, 0x83, 0x3D, 0x35, 0xE9, 0x7F, 0xE9, 0x0F, 0x63, 0x18, 0x08,
    0x60, 0xC9, 0xF1, 0xA8, 0xAD, 0x38, 0xFB, 0x5C, 0xFC, 0x62, 0xA1, 0x1E, 0x30, 0xEB, 0x59, 0xE0,
    0x76, 0xF3, 0x1F, 0x8C, 0x43, 0xDB, 0x4B, 0x8A, 0xAB, 0x5B, 0xCC, 0xD4, 0x4B, 0xB4, 0xC8, 0xA2,
    0x72, 0x43, 0x29, 0x68, 0x69, 0x81, 0xD5, 0x6E, 0xB0, 0x6A, 0xF6, 0x9B, 0x8F, 0x89, 0x59, 0x41,
    0xDD, 0xC1, 0x74, 0x11, 0xAB, 0x6D, 0xA4, 0xB5, 0x58, 0xB7, 0xD6, 0x9A, 0xD5, 0x92, 0x5B, 0x0A,
    0xAB, 0x66, 0xF8, 0x0E, 0x7E, 0x6C, 0x66, 0x45, 0x2D, 0x2D, 0xAC, 0xF8, 0x58, 0xE7, 0xAD, 0x24,
    0x0B, 0xB4, 0xCB, 0xBE, 0xB2, 0x97, 0x9B, 0xA1, 0xD0, 0xBC, 0xA6, 0x94, 0x10, 0xCF, 0x07, 0x9D,
    0x3C, 0x3A, 0x7E, 0x47, 0x3C, 0x30, 0x8C, 0xA7, 0x45, 0x82, 0x14, 0x41, 0x4E, 0xC8, 0x8D, 0xE0,
    0x16, 0x86, 0x49, 0x98, 0x21, 0x0F, 0xB7, 0x05, 0xDA, 0x62, 0x6E, 0xE6, 0x83, 0xAF, 0xB9, 0x7C,
    0x92, 0x8D, 0x73, 0x3B, 0xA9, 0x0E, 0x4F, 0xD4, 0x4C, 0xBB, 0xB6, 0x99, 0x76, 0x02, 0xC2, 0x10,
    0x0D, 0x1B, 0x27, 0x5C, 0x26, 0xAA, 0x00, 0x95, 0x0A, 0x27, 0x9A, 0x43, 0xA5, 0x12, 0x6C, 0x94,
    0x28, 0xDB, 0x00, 0xE6, 0x50, 0x02, 0x68, 0x2A, 0xC8, 0xCE, 0x64, 0xC7, 0x27, 0x1B, 0x41, 0xC7,
    0xF0, 0x9D, 0x85, 0xD5, 0x98, 0xAB, 0x8A, 0x73, 0xBE, 0x0F, 0xBA, 0xD2, 0xF5, 0xAB, 0x69, 0xAD,
    0xF1, 0x9D, 0x34, 0xE5, 0xF4, 0xE7, 0x91, 0xAE, 0x17, 0xA2, 0x52, 0x51, 0x8B, 0x26, 0xE2, 0x4A,
    0xA1, 0x4F, 0x2F, 0xAB, 0xD4, 0x54, 0x95, 0x0E, 0xB4, 0x2B, 0x9D, 0x58, 0x26, 0x09, 0x96, 0xAB,
    0x7F, 0x26, 0xDB, 0x5F, 0xF3, 0x9E, 0x73, 0x6F, 0x83, 0x4A, 0x4D, 0x98, 0xBC, 0x57, 0x57, 0x11,
    0x25, 0x7B, 0xEE, 0xC2, 0x7C, 0x9D, 0xC5, 0x46, 0xBB, 0xDF, 0x69, 0xA6, 0x01, 0xFD, 0x11, 0x5C,
    0x7E, 0x01, 0x60, 0x06, 0x00, 0x91, 0x82, 0xF5, 0x3E, 0x39, 0x7D, 0x4D, 0x97, 0x46, 0xE0, 0x9D,
    0x29, 0x9D, 0x6B, 0x49, 0x27, 0xE7, 0x5A, 0x60, 0x84, 0xDA, 0x99, 0x73, 0xB3, 0x8F, 0x8D, 0xA9,
    0x12, 0x1E, 0xE0, 0x33, 0x2E, 0x5F, 0x3D, 0x01, 0x20, 0x47, 0xFB, 0x08, 0xB6, 0x22, 0x39, 0x1A,
    0xCB, 0x94, 0xCD, 0x08, 0x9A, 0x8A, 0x83, 0xF1, 0xEF, 0xAB, 0x99, 0xBA, 0x6B, 0x66, 0xAA, 0x80,
    0x0E, 0xB8, 0x18, 0x7B, 0x77, 0xDB, 0x98, 0x7D, 0x55, 0x19, 0x8D, 0x09, 0x60, 0x49, 0xD4, 0xB7,
    0x24, 0x8E, 0xDB, 0x8E, 0x37, 0x83, 0xFF, 0xFE, 0x91, 0xD7, 0x52, 0x8B, 0xD3, 0x15, 0xD6, 0x6A,
    0xBF, 0x0E, 0x5D, 0x7B, 0xA9, 0xAD, 0x7A, 0x74, 0xEC, 0x85, 0xB9, 0xAB, 0xE8, 0x44, 0x5E, 0x37,
    0xC5, 0xB6, 0x19, 0xB5, 0x28, 0xB0, 0x14, 0xF3, 0x34, 0x29, 0x5D, 0x5D, 0x40, 0xCD, 0x85, 0x29,
    0x65, 0xF0, 0xAE, 0xAC, 0xB9, 0xFA, 0xAB, 0xD5, 0xEC, 0xAD, 0xA8, 0xB9, 0x9D, 0xAA, 0xDC, 0x89,
    0x40, 0x66, 0xC1, 0x7A, 0x4D, 0x44, 0xA4, 0x99, 0xC9, 0x8F, 0xA2, 0xE7, 0x93, 0x20, 0xCA, 0xFE,
    0x98, 0x19, 0x2B, 0x8B, 0xA8, 0xD1, 0xCE, 0xA8, 0x58, 0x6E, 0xDD, 0x3D, 0x11, 0x70, 0xB3, 0x85,
    0x1A, 0x2B, 0xB3, 0x8C, 0xA8, 0x13, 0x47, 0x7A, 0x58, 0x50, 0x74, 0x45, 0x34, 0x43, 0xD4, 0xB7,
    0x70, 0xB5, 0x88, 0x66, 0xC7, 0x40, 0x6D, 0xFF, 0x65, 0xE3, 0x31, 0xB5, 0xBC, 0xCA, 0x4E, 0xAE,
    0x8F, 0x8F, 0x26, 0x8E, 0x64, 0xBD, 0x6B, 0xD6, 0xB7, 0xE9, 0xDA, 0xF5, 0x6D, 0xB8, 0x02, 0x11,
    0xF2, 0x90, 0x0D, 0xEB, 0x58, 0x36, 0x4C, 0x77, 0x5D, 0x18, 0x73, 0xAE, 0x83, 0x8B, 0x06, 0x12,
    0xD9, 0x61, 0xFB, 0xDC, 0x13, 0x39, 0xEB, 0x80, 0xBE, 0x99, 0xBC, 0xD6, 0x88, 0x43, 0x42, 0xB0,
    0x24, 0x8B, 0xCE, 0xF7, 0x4D, 0x2F, 0x33, 0xDC, 0xA8, 0xC6, 0x26, 0x3F, 0xD5, 0x4C, 0x08, 0x02,
    0x9D, 0x35, 0x0F, 0x66, 0xD7, 0xC2, 0x36, 0x57, 0x78, 0x44, 0xB4, 0xA0, 0x86, 0x88, 0x52, 0x0D,
    0x49, 0x54, 0x35, 0xCB, 0x1D, 0x40, 0x9A, 0x73, 0x91, 0xC5, 0x45, 0x58, 0x89, 0x4D, 0x0F, 0x38,
    0xD7, 0xEA, 0x2D, 0x63, 0x40, 0x75, 0x66, 0x6C, 0x35, 0x6A, 0x16, 0x60, 0xAA, 0x5B, 0x50, 0xFD,
    0xF4, 0x3F, 0x44, 0xF5, 0x62, 0x5C, 0x46, 0x3E, 0x53, 0xC1, 0x21, 0x7F, 0x99, 0xB9, 0x1A, 0x8B,
    0x78, 0xC1, 0x03, 0x5A, 0x80, 0x88, 0x1F, 0x85, 0x88, 0xB7, 0xC2, 0x76, 0x4E, 0xD3, 0x11, 0x6A,
    0xD9, 0xE4, 0x82, 0x15, 0xAC, 0xAD, 0x1A, 0xE7, 0xE0, 0x2C, 0x66, 0x12, 0xEC, 0x9D, 0x0F, 0x5B,
    0xE1, 0x70, 0x98, 0x33, 0x59, 0x29, 0x62, 0x80, 0x7C, 0xAF, 0x98, 0x6A, 0xA0, 0x7A, 0x4F, 0x3D,
    0x1A, 0x07, 0x02, 0x25, 0x63, 0x65, 0x7D, 0x57, 0xDA, 0xAE, 0x76, 0x15, 0xC1, 0xB6, 0xC2, 0x09,
    0x38, 0x80, 0x2A, 0x72, 0xC0, 0xFA, 0x22, 0x88, 0x60, 0x02, 0xEA, 0x49, 0x2D, 0x8E, 0x1C, 0x78,
    0xDA, 0xF9, 0x43, 0x91, 0xCF, 0x74, 0xF2, 0x9F, 0xC2, 0x5B, 0xBE, 0x10, 0xCB, 0xCB, 0x9D, 0x2D,
    0x17, 0x7E, 0x4C, 0x27, 0x9A, 0xCB, 0x8D, 0x18, 0x75, 0x48, 0x8A, 0x67, 0x40, 0x00, 0xD9, 0xCF,
    0x93, 0x4A, 0x24, 0xE2, 0x73, 0x8A, 0xF3, 0x9B, 0x8C, 0x17, 0x60, 0x3B, 0x6D, 0x59, 0x00, 0xA7,
    0xD9, 0xCF, 0x8A, 0x28, 0x57, 0x0F, 0x45, 0x54, 0xBC, 0x04, 0x5D, 0x7F, 0x36, 0x48, 0x7D, 0xD5,
    0x21, 0xB6, 0x85, 0x3B, 0xE1, 0xC6, 0x0E, 0x98, 0x17, 0x57, 0xE7, 0xA1, 0xD9, 0x59, 0xEF, 0x6A,
    0x57, 0x95, 0x45, 0x64, 0x5E, 0x9E, 0xC7, 0xE8, 0x44, 0x42, 0x95, 0xF1, 0x92, 0x86, 0x7E, 0xAA,
    0x7F, 0x7C, 0x51, 0x8B, 0x2E, 0xCF, 0xF1, 0xC8, 0x85, 0x1F, 0x73, 0xE0, 0x1D, 0xE1, 0xDE, 0xE5,
    0x86, 0x95, 0xCC, 0x4A, 0xB6, 0x82, 0x68, 0xAD, 0xD0, 0xA2, 0xA7, 0xC6, 0xB4, 0xCB, 0xC7, 0x53,
    0xA4, 0xDE, 0x80, 0x8A, 0xEB, 0x98, 0xD3, 0xB1, 0x99, 0xC4, 0xA3, 0xC1, 0x08, 0xBD, 0xF7, 0x83,
    0x18, 0x21, 0x0B, 0x03, 0x66, 0xBA, 0x8C, 0xC4, 0xC8, 0xB3, 0xEF, 0x76, 0x1A, 0xAD, 0xC8, 0xB6,
    0x9B, 0x6B, 0xCB, 0x6A, 0x11, 0xD5, 0x5D, 0x4B, 0x35, 0x6C, 0xEA, 0xE4, 0x17, 0x66, 0x84, 0x17,
    0x81, 0x89, 0xCE, 0xC2, 0x1F, 0x20, 0x9C, 0x00, 0x1C, 0x55, 0x8F, 0x8D, 0xFB, 0xE2, 0x72, 0x3E,
    0x35, 0xB1, 0x5C, 0x13, 0xAB, 0x75, 0x35, 0x09, 0xCE, 0xD6, 0xD8, 0x05, 0x96, 0xFC, 0xF6, 0x72,
    0x19, 0x67, 0xCB, 0x16, 0x89, 0xA4, 0xCA, 0x3B, 0x94, 0x37, 0x67, 0xD9, 0xC2, 0x11, 0x0B, 0x03,
    0x4C, 0xBB, 0x10, 0xA8, 0x60, 0xD4, 0xE2, 0x87, 0x67, 0xE6, 0x95, 0x75, 0xBB, 0x2C, 0xA1, 0x98,
    0x19, 0x67, 0xA3, 0x74, 0x95, 0x72, 0xFC, 0xD0, 0x28, 0xB7, 0x89, 0x6B, 0x3B, 0xF9, 0x9D, 0x1F,
    0x55, 0x6F, 0xBF, 0xE2, 0xEF, 0x46, 0x68, 0xB3, 0xA5, 0x58, 0x5D, 0xB9, 0x9A, 0xDB, 0x25, 0x6C,
    0xBB, 0x5D, 0x48, 0x96, 0x9E, 0xC4, 0xF9, 0x79, 0x43, 0xD2, 0x8A, 0xCD, 0x3F, 0xEB, 0x1A, 0x3F,
    0xBB, 0xFD, 0x6B, 0x87, 0xCB, 0x5A, 0xBA, 0x0A, 0x18, 0x60, 0x33, 0x26, 0x96, 0xAA, 0x7D, 0x25,
    0xA8, 0xB4, 0x41, 0x6D, 0x39, 0xA8, 0x0B, 0xDB, 0xB2, 0xA9, 0xC1, 0x0C, 0x8C, 0x49, 0xD8, 0xB3,
    0xB3, 0x6C, 0x23, 0xDB, 0xB0, 0xAF, 0xED, 0x50, 0xD6, 0x03, 0xB5, 0x5D, 0x14, 0xBF, 0xCC, 0x09,
    0x54, 0xE0, 0xDF, 0x11, 0x87, 0xF9, 0xBD, 0xC3, 0x6F, 0xC2, 0x5A, 0x2F, 0x39, 0x4C, 0xFE, 0x9B,
    0x79, 0x04, 0xA6, 0x98, 0xD0, 0xB1, 0x52, 0x04, 0xF3, 0x8D, 0x79, 0x87, 0xBA, 0xF4, 0xAB, 0xFC,
    0x2E, 0x33, 0x46, 0xB4, 0xEE, 0xEF, 0x52, 0x30, 0xEB, 0xA3, 0xB3, 0xB3, 0x75, 0xB5, 0x32, 0x09,
    0xCE, 0x71, 0x2D, 0x70, 0x04, 0x27, 0xCD, 0x8E, 0x49, 0x04, 0x97, 0x1C, 0x1C, 0xF2, 0xC7, 0x94,
    0xE6, 0xDF, 0x99, 0x8C, 0x96, 0x33, 0x3C, 0xB9, 0xD2, 0x23, 0xBE, 0x41, 0x96, 0x45, 0x74, 0xB9,
    0xC4, 0xDA, 0x41, 0x22, 0x21, 0xEF, 0x2B, 0xDD, 0xE2, 0xCB, 0x74, 0x6A, 0x06, 0xE2, 0x56, 0x5E,
    0x75, 0x6C, 0xF6, 0xF2, 0x34, 0x23, 0xB7, 0x28, 0x85, 0x57, 0x07, 0xB1, 0x91, 0x01, 0xFF, 0xD4,
    0xF2, 0x0A, 0x44, 0x69, 0x63, 0xA5, 0x79, 0xD6, 0xB3, 0x63, 0x81, 0x8D, 0x57, 0x18, 0x93, 0xE9,
    0x01, 0xEE, 0xD4, 0xC1, 0x40, 0xEB, 0xE1, 0x55, 0xB5, 0x7D, 0x01, 0x6D, 0xE7, 0x79, 0xA3, 0xFD,
    0x82, 0x8C, 0xDA, 0x8B, 0xBB, 0x14, 0x59, 0xB5, 0x72, 0xF0, 0x81, 0xDA, 0xF5, 0x92, 0x98, 0xB8,
    0xC0, 0x41, 0xD1, 0x7A, 0x3D, 0x85, 0x49, 0xB1, 0xC6, 0xC2, 0x96, 0xBF, 0xB1, 0xA8, 0x7C, 0x61,
    0x3D, 0xED, 0x84, 0x6B, 0xB3, 0x93, 0x97, 0x3A, 0x8A, 0x4B, 0xD7, 0x75, 0xF9, 0x67, 0xC4, 0xA0,
    0x9B, 0x6C, 0x0D, 0x5C, 0x3B, 0xD3, 0x56, 0xBC, 0xAD, 0xD0, 0x1F, 0xF2, 0x38, 0x18, 0x88, 0xF5,
    0x07, 0xE6, 0xFB, 0xBA, 0x7B, 0x1F, 0xEB, 0xC3, 0x9E, 0x13, 0x30, 0x48, 0xBB, 0xC2, 0x8A, 0xE6,
    0x61, 0x68, 0x7C, 0x73, 0x76, 0xF6, 0x2F, 0x40, 0xDF, 0x19, 0x80, 0x1C, 0x40, 0x11, 0x60, 0x02,
    0xBC, 0xF8, 0x1A, 0x46, 0x5E, 0x5F, 0x23, 0x6E, 0xA3, 0xED, 0x74, 0x14, 0xF6, 0x92, 0x50, 0x3F,
    0x1E, 0x8C, 0xE0, 0xED, 0xF7, 0x6C, 0x0B, 0x65, 0xE0, 0x1D, 0xC9, 0xBF, 0x41, 0xB8, 0x2A, 0xA0,
    0xBA, 0xE6, 0xEB, 0x81, 0xE6, 0x9B, 0x9E, 0xEE, 0xE7, 0xB5, 0xC7, 0x3D, 0x56, 0x08, 0x3B, 0x72,
    0xDF, 0x89, 0x99, 0xCC, 0xC5, 0x72, 0x99, 0xAD, 0xD1, 0xC8, 0xF4, 0xE0, 0xF0, 0x81, 0xCC, 0x70,
    0x78, 0xEE, 0xE3, 0x54, 0xD8, 0xD6, 0xC8, 0x61, 0x68, 0xF6, 0xC5, 0x04, 0xD7, 0x49, 0xA4, 0xE8,
    0x76, 0x7A, 0xAE, 0x41, 0xD7, 0x96, 0xD0, 0xB5, 0x63, 0x78, 0x70, 0x78, 0x79, 0xD7, 0x04, 0xCC,
    0x5D, 0xC3, 0xC0, 0x44, 0xC5, 0x3A, 0xFA, 0x77, 0xEF, 0x55, 0x64, 0x08, 0x5F, 0x62, 0xF9, 0xAE,
    0x9D, 0xE1, 0x37, 0xD6, 0x9E, 0xFF, 0x8C, 0x08, 0x3F, 0xA8, 0x28, 0xC1, 0xBA, 0x63, 0xB3, 0x17,
    0x3C, 0x42, 0xC2, 0xE6, 0x35, 0xC1, 0x54, 0x8C, 0x81, 0x17, 0x66, 0x5A, 0x69, 0x6A, 0xCB, 0x81,
    0x8A, 0x49, 0xE6, 0x30, 0x06, 0x50, 0x51, 0xA8, 0x57, 0x70, 0x1B, 0xF6, 0xDC, 0xE3, 0xAD, 0x29,
    0x9F, 0x01, 0xBA, 0x84, 0x98, 0xF2, 0x97, 0x44, 0xFB, 0xF5, 0xAE, 0xC4, 0xE5, 0x16, 0x10, 0x7F,
    0xEC, 0xA7, 0x18, 0xAD, 0xDB, 0xBA, 0xDA, 0x87, 0xD1, 0xB9, 0x3D, 0xA8, 0xCA, 0xF1, 0x76, 0x41,
    0x02, 0x5C, 0x43, 0xF5, 0x75, 0xD4, 0xEA, 0xC6, 0x75, 0x8C, 0xAF, 0x57, 0xFA, 0x04, 0x37, 0x2E,
    0x73, 0xEE, 0x43, 0x4F, 0x90, 0xA1, 0x22, 0x75, 0x6D, 0xDE, 0x9D, 0xF7, 0xA6, 0x5A, 0xAE, 0x51,
    0x68, 0x2C, 0x62, 0x0A, 0x7B, 0x9B, 0x04, 0xC7, 0xB3, 0xC2, 0x78, 0x81, 0xAB, 0x47, 0x85, 0xFB,
    0x32, 0x32, 0x21, 0xB7, 0xDC, 0x8D, 0xB3, 0x27, 0x93, 0x39, 0x32, 0x13, 0x6B, 0x8C, 0xCF, 0x8C,
    0xB6, 0xAE, 0x40, 0x75, 0x1D, 0x69, 0x3D, 0x06, 0x5D, 0x06, 0x95, 0xB9, 0x3C, 0x1A, 0xAE, 0x9A,
    0xED, 0xFF, 0xDD, 0x9F, 0x32, 0x96, 0x23, 0x9E, 0x09, 0xB6, 0xB4, 0x95, 0x7A, 0x1D, 0xFE, 0x52,
    0x20, 0xEA, 0x9B, 0x84, 0xD4, 0xC2, 0xBF, 0xFF, 0xE6, 0x50, 0x75, 0x1C, 0x32, 0x56, 0x62, 0x73,
    0xF0, 0xE4, 0x5F, 0x66, 0x61, 0xB5, 0x92, 0x71, 0xC8, 0xC8, 0x4B, 0x68, 0xEB, 0x0D, 0x0C, 0x67,
    0x1D, 0x7E, 0xE0, 0x3A, 0xD4, 0xC6, 0x3A, 0xD0, 0xE0, 0x1A, 0xAC, 0x26, 0x06, 0x33, 0xAA, 0x8D,
    0x56, 0xCD, 0x2D, 0xF9, 0x8C, 0x6E, 0x85, 0x23, 0xE5, 0x4B, 0xE5, 0x10, 0x56, 0x66, 0xE8, 0x54,
    0x6A, 0x95, 0xAB, 0x83, 0xA9, 0xA8, 0x1E, 0x3A, 0x0F, 0x94, 0x6B, 0x7C, 0x4A, 0x83, 0x58, 0x67,
    0x2A, 0x8B, 0x4D, 0x4B, 0xC1, 0x1A, 0x95, 0xE2, 0xBF, 0x73, 0x79, 0xFE, 0x75, 0x25, 0xF6, 0xD0,
    0x8C, 0x72, 0x6B, 0xCC, 0xFE, 0x2B, 0x74, 0x55, 0xD0, 0xB9, 0xA5, 0xC0, 0xA7, 0x33, 0x2B, 0x2A,
    0xE8, 0x06, 0x3B, 0xBB, 0x34, 0x5A, 0x88, 0xA6, 0xF9, 0x96, 0x5F, 0x4A, 0xEC, 0x66, 0x61, 0x31,
    0xCF, 0x2C, 0xD3, 0x2D, 0x7F, 0x15, 0x00, 0xB7, 0xA6, 0x64, 0x99, 0x3E, 0xA6, 0x22, 0x40, 0x83,
    0x82, 0xC8, 0x50, 0x24, 0x2B, 0x63, 0xB2, 0x3E, 0xA1, 0x56, 0xC0, 0x5D, 0xB5, 0x82, 0xA8, 0xDD,
    0xB7, 0x2E, 0x32, 0xBB, 0x7C, 0x62, 0xFE, 0x23, 0x94, 0xF7, 0xE7, 0x1B, 0x69, 0xFA, 0xD4, 0x77,
    0x2E, 0x15, 0xD2, 0x74, 0xD3, 0x73, 0x75, 0x86, 0x3A, 0xDF, 0xA3, 0x20, 0x52, 0x7E, 0x6B, 0x37,
    0x4F, 0x02, 0xBE, 0xBB, 0x21, 0x25, 0x50, 0xBF, 0x6A, 0xD4, 0x27, 0xD0, 0x12, 0x98, 0x64, 0x58,
    0x62, 0x2A, 0xD2, 0xBC, 0xDE, 0xF2, 0x98, 0xF0, 0x6D, 0x17, 0x16, 0x3D, 0x3C, 0xB3, 0x71, 0xE6,
    0x24, 0x54, 0x58, 0x5F, 0x7B, 0x85, 0xFB, 0x6A, 0x9C, 0x66, 0xDA, 0xB7, 0x19, 0xE3, 0xFD, 0x51,
    0x00, 0x27, 0xA8, 0xF2, 0xD5, 0xA0, 0x08, 0x90, 0x04, 0xB0, 0x00, 0x8C, 0xE3, 0x0C, 0x34, 0x1C,
    0xD1, 0x72, 0x60, 0x70, 0xEF, 0x5C, 0xA4, 0xD0, 0xAE, 0x01, 0xD7, 0x73, 0x06, 0x79, 0x28, 0xAB,
    0x55, 0xAC, 0xF1, 0xAB, 0x55, 0x78, 0x08, 0x2E, 0x7F, 0xF3, 0x51, 0xC3, 0x67, 0xAC, 0xB3, 0x4E,
    0xF8, 0x15, 0xCA, 0x9E, 0xF4, 0x2A, 0x34, 0x7A, 0xCA, 0xAD, 0xD0, 0xBB, 0x7D, 0x1E, 0x72, 0x5D,
    0xC0, 0x29, 0x7E, 0x03, 0xFD, 0xC4, 0xEC, 0x37, 0x1F, 0xD3, 0x3B, 0x65, 0x57, 0x01, 0x2C, 0x62,
    0x76, 0xA2, 0x1F, 0x63, 0x14, 0x73, 0x49, 0x15, 0xC8, 0x51, 0x4B, 0x09, 0xB5, 0xD3, 0xE5, 0x8B,
    0x65, 0x32, 0x4E, 0x4A, 0xD0, 0x55, 0xCC, 0x80, 0xBC, 0x3F, 0x48, 0xD3, 0xB4, 0x97, 0x1B, 0x0D,
    0xE9, 0x5D, 0x7E, 0x41, 0x93, 0x8E, 0x71, 0x45, 0x9A, 0x9F, 0x33, 0x00, 0xD3, 0x48, 0xBF, 0xF3,
    0x13, 0x58, 0x01, 0xE7, 0x27, 0x2C, 0x81, 0x49, 0x99, 0xAD, 0xB4, 0x2C, 0x56, 0x61, 0x04, 0xD0,
    0xBE, 0x5D, 0x66, 0x1D, 0x32, 0xB6, 0x72, 0xFB, 0xC5, 0xD1, 0x59, 0x8D, 0x17, 0x84, 0xAA, 0xD0,
    0x3F, 0x4C, 0x94, 0x6F, 0x4B, 0xBB, 0xCF, 0xE1, 0x7E, 0xCB, 0x87, 0x90, 0xCC, 0xFA, 0x58, 0x67,
    0x35, 0xEA, 0x27, 0x2F, 0x10, 0xDD, 0xE4, 0xA7, 0x5F, 0xC5, 0xCC, 0x38, 0xAF, 0x20, 0x71, 0xA2,
    0xF2, 0x12, 0x96, 0x83, 0x86, 0x61, 0x9D, 0xF4, 0x93, 0x7E, 0x38, 0x41, 0xFA, 0x73, 0xE5, 0x8B,
    0xF7, 0x90, 0xFE, 0x83, 0xA9, 0xE8, 0x59, 0xF4, 0x50, 0x39, 0x9D, 0xDA, 0x90, 0xBB, 0x3B, 0xDD,
    0x89, 0xEE, 0x49, 0xEA, 0xB3, 0xF6, 0x8A, 0x72, 0xCF, 0x37, 0x84, 0xA3, 0xA9, 0x14, 0x05, 0xD6,
    0x69, 0xAC, 0xF3, 0xE5, 0x6D, 0x4B, 0x34, 0xCA, 0x68, 0x0E, 0x0B, 0x3B, 0x4D, 0xED, 0x70, 0x98,
    0x40, 0x5B, 0x7C, 0x13, 0xBD, 0xE5, 0x7B, 0xCA, 0xE3, 0xAD, 0xF2, 0x89, 0xB4, 0xA8, 0x10, 0x69,
    0xE6, 0x64, 0xA6, 0x9F, 0x66, 0x66, 0xB6, 0x91, 0x19, 0xED, 0x08, 0xF5, 0x58, 0x88, 0x13, 0xCB,
    0xD2, 0x82, 0x76, 0xE6, 0xAD, 0x98, 0x4C, 0xB2, 0x30, 0x8D, 0x2A, 0xE2, 0x82, 0xAB, 0xB3, 0x4C,
    0x61, 0xFB, 0xE2, 0x16, 0xF4, 0x3A, 0x80, 0xEE, 0x61, 0x3F, 0x1F, 0x30, 0x1C, 0x7D, 0xC1, 0x3B,
    0x3F, 0x4E, 0x37, 0x3F, 0x4F, 0x3C, 0xFE, 0x3C, 0xD4, 0x6A, 0x49, 0x51, 0x37, 0xC4, 0x78, 0x06,
    0x2C, 0x41, 0xAF, 0x7E, 0x35, 0x14, 0x11, 0x33, 0x2D, 0xDD, 0xDD, 0xD9, 0x9E, 0xDF, 0x07, 0xCA,
    0x87, 0x79, 0xFC, 0x7F, 0x11, 0xA9, 0x67, 0x6B, 0xC2, 0xEC, 0x11, 0x35, 0x39, 0x01, 0xE9, 0x90,
    0x3F, 0x71, 0xF6, 0xF0, 0x47, 0x69, 0xEF, 0x09, 0xAF, 0x96, 0xA0, 0x7F, 0x22, 0x50, 0x93, 0x12,
    0x4D, 0xAE, 0x6A, 0x3E, 0x96, 0x41, 0x69, 0xC7, 0xF1, 0x6E, 0x9A, 0x7F, 0x18, 0xE9, 0xDB, 0x7E,
    0x5E, 0x32, 0xFB, 0x6C, 0x29, 0x79, 0xE6, 0x98, 0xCB, 0xB3, 0x1C, 0x9A, 0x5C, 0xF3, 0x1F, 0x20,
    0x7D, 0xAF, 0xB5, 0x48, 0xA1, 0x8C, 0x51, 0x72, 0x24, 0x68, 0x59, 0x97, 0x4C, 0xE3, 0x10, 0xD0,
    0xF0, 0x03, 0xF1, 0x13, 0x9D, 0x2F, 0x4F, 0xF0, 0xFC, 0xE2, 0xEA, 0x3E, 0x79, 0x93, 0x77, 0x09,
    0x64, 0x3C, 0xE1, 0xF7, 0x8C, 0x71, 0xC6, 0x37, 0xE0, 0xBF, 0xF4, 0xAD, 0x6F, 0x01, 0x0E, 0x3F,
    0x09, 0x4C, 0x9B, 0xA8, 0x85, 0xFC, 0x56, 0x61, 0x6D, 0x92, 0xB4, 0xE7, 0xB0, 0xCE, 0x5E, 0xFB,
    0xB6, 0x2C, 0xD7, 0x16, 0x74, 0x8E, 0xA7, 0xB7, 0x38, 0x0F, 0xED, 0xAB, 0x9A, 0x02, 0xA5, 0x0A,
    0x1F, 0xD5, 0x5E, 0x44, 0x6D, 0xC6, 0x71, 0x60, 0xA0, 0x1D, 0xE3, 0x33, 0x44, 0xDF, 0x5E, 0x1F,
    0xF7, 0xBC, 0x4B, 0x4A, 0x34, 0x29, 0xD1, 0xA4, 0x44, 0x6B, 0x97, 0x60, 0xB5, 0x07, 0xDE, 0x53,
    0xF3, 0x55, 0xA6, 0xB4, 0x82, 0xAA, 0x44, 0x5D, 0x0D, 0xA0, 0xD4, 0xF4, 0x8B, 0x74, 0xAB, 0x89,
    0xF8, 0x0C, 0xCD, 0x83, 0xE3, 0xDC, 0x22, 0xEC, 0x33, 0xE3, 0xD9, 0x3C, 0xBF, 0x80, 0xF9, 0xF0,
    0x53, 0x0F, 0xF9, 0x64, 0x3F, 0x1C, 0xBC, 0xE6, 0x52, 0xF6, 0x61, 0xA8, 0x55, 0xB7, 0x3E, 0xAC,
    0xBF, 0x15, 0xD0, 0xFD, 0x0F, 0xB3, 0x18, 0xA5, 0xFF, 0xE3, 0xE1, 0x8F, 0x65, 0xFA, 0xC8, 0x78,
    0x58, 0x63, 0x35, 0xC5, 0x78, 0xD8, 0xF6, 0x58, 0x69, 0x7B, 0xB8, 0x87, 0x45, 0x30, 0x97, 0x1C,
    0xB9, 0x5E, 0x4A, 0x8A, 0xD0, 0xE0, 0x58, 0x2E, 0x1A, 0x1E, 0xEC, 0x75, 0xC3, 0x43, 0x76, 0x83,
    0xEE, 0x8A, 0x9E, 0xDC, 0x2F, 0x88, 0x55, 0x13, 0x99, 0x1E, 0x22, 0xC1, 0x4E, 0x3B, 0x1D, 0x22,
    0xCD, 0xEB, 0x94, 0x8F, 0xCD, 0x00, 0xBE, 0x0C, 0x5C, 0xB5, 0x1F, 0x76, 0x67, 0xD2, 0x94, 0x3D,
    0x00, 0xF8, 0xE9, 0x03, 0x28, 0xB9, 0xDF, 0xCB, 0x22, 0x15, 0xDF, 0x9B, 0x4F, 0x24, 0xC8, 0xF8,
    0xFC, 0x99, 0xFF, 0x36, 0x49, 0xC6, 0x1F, 0x58, 0xAF, 0xA1, 0xFE, 0x89, 0xFB, 0x59, 0x20, 0x3F,
    0x1C, 0xBC, 0xC9, 0xDA, 0xE3, 0x1F, 0x18, 0x0B, 0x28, 0xD9, 0x58, 0x98, 0x20, 0xE3, 0xA1, 0x46,
    0x61, 0x23, 0xDF, 0xF9, 0xBE, 0xFA, 0x2A, 0x32, 0x3E, 0x93, 0x0D, 0xC4, 0x9C, 0x8C, 0xEA, 0x1A,
    0x8F, 0xE6, 0xD8, 0xB5, 0x5C, 0xD4, 0xCD, 0x75, 0x87, 0x66, 0x2F, 0x3F, 0xA6, 0x56, 0xE7, 0xC5,
    0x4B, 0xF4, 0x42, 0x58, 0x05, 0x4A, 0x49, 0xEF, 0x85, 0x8F, 0xD4, 0xC2, 0xF2, 0x17, 0x0B, 0xA9,
    0xEB, 0x49, 0x96, 0x89, 0xF3, 0x4B, 0x10, 0x4A, 0xE3, 0x6A, 0x0A, 0x25, 0x63, 0xB9, 0x0A, 0x70,
    0xF1, 0x1E, 0x6E, 0x03, 0xAD, 0xE9, 0x4C, 0x5A, 0x4C, 0xAC, 0x48, 0x6D, 0x6F, 0xAF, 0xB8, 0x5C,
    0x37, 0xFB, 0x17, 0xB3, 0x8F, 0x41, 0x2B, 0x6B, 0x92, 0x09, 0xD4, 0xB1, 0x54, 0x14, 0xB0, 0x86,
    0x86, 0x94, 0x1A, 0x88, 0x48, 0x56, 0xCD, 0xE2, 0xB1, 0xAB, 0x25, 0x59, 0xEB, 0x9E, 0x5A, 0x5A,
    0xDB, 0x6E, 0x43, 0x73, 0xD3, 0x34, 0x66, 0x70, 0xA5, 0x75, 0x2D, 0x48, 0x23, 0x08, 0x98, 0xE6,
    0xC9, 0xAB, 0xA6, 0x99, 0x42, 0x9D, 0x74, 0x52, 0x55, 0x9F, 0x62, 0x2A, 0x2F, 0x97, 0x54, 0xF5,
    0xC0, 0x7F, 0xBC, 0xB0, 0x02, 0x49, 0x80, 0x8C, 0xF2, 0x4A, 0xD7, 0x2D, 0xA4, 0xFB, 0x59, 0x48,
    0x82, 0x4E, 0x96, 0x58, 0x53, 0x5A, 0xEA, 0x97, 0x36, 0x6E, 0x14, 0xC3, 0x7B, 0x4A, 0xA4, 0x7F,
    0xEC, 0xD4, 0x56, 0xEB, 0x5A, 0x55, 0xDE, 0x6D, 0xA9, 0x6B, 0x09, 0xC6, 0x53, 0xC2, 0x13, 0x7F,
    0x2E, 0x06, 0xFF, 0xCB, 0xCA, 0xBD, 0xA2, 0x36, 0x2C, 0x98, 0x13, 0xC3, 0xBE, 0x28, 0x26, 0xD7,
    0x80, 0x58, 0xA1, 0x48, 0x4F, 0xAB, 0xCB, 0x9A, 0x3F, 0x1F, 0x3E, 0xC4, 0x51, 0x31, 0x6F, 0x7B,
    0x62, 0x06, 0x33, 0xD4, 0x55, 0xA7, 0xD4, 0x66, 0x1C, 0x17, 0x41, 0x2B, 0xA6, 0xC3, 0x24, 0x6C,
    0x2D, 0x4D, 0x3D, 0xEB, 0x41, 0xF0, 0x8E, 0x70, 0xC7, 0xBE, 0x4C, 0x54, 0xDE, 0x5D, 0x76, 0x97,
    0x71, 0x38, 0x4D, 0x4A, 0x74, 0xE5, 0xCB, 0xBA, 0x82, 0xFF, 0xF5, 0xF2, 0xD5, 0x71, 0xD1, 0x57,
    0x97, 0x5A, 0xEB, 0x37, 0xFC, 0x6E, 0x20, 0xDE, 0xAB, 0xCB, 0xB3, 0x17, 0x1E, 0xF7, 0x43, 0xEC,
    0x41, 0xA1, 0x80, 0x01, 0x60, 0xF2, 0x14, 0x86, 0xF6, 0x08, 0x83, 0x8C, 0x7D, 0x1B, 0x33, 0x6C,
    0xE3, 0x79, 0xFF, 0xE5, 0x90, 0xDE, 0xF0, 0x5F, 0xF3, 0x58, 0x7A, 0x09, 0x9F, 0x6E, 0x01, 0x74,
    0x5F, 0x8B, 0x3C, 0xE6, 0x5F, 0x5F, 0xE5, 0xF6, 0xCA, 0x5D, 0xED, 0x75, 0xDE, 0x43, 0x17, 0x13,
    0x4E, 0x3F, 0xBB, 0xBB, 0x8C, 0xE4, 0x9E, 0x34, 0xB5, 0xE1, 0x35, 0xCA, 0x45, 0x13, 0xA4, 0xB7,
    0x9D, 0x2D, 0x97, 0xCF, 0x8B, 0x6B, 0x25, 0xEC, 0x82, 0x01, 0xE0, 0x94, 0x68, 0xA8, 0xA9, 0x56,
    0x8E, 0x02, 0xCA, 0x37, 0xE8, 0xFE, 0x2A, 0xEC, 0xAC, 0x60, 0x5F, 0x15, 0x88, 0xB9, 0x9B, 0xBA,
    0xF3, 0x7C, 0x59, 0xDD, 0x5C, 0xC3, 0x86, 0x08, 0xD7, 0x04, 0x50, 0xD2, 0x3D, 0xB6, 0x51, 0x1E,
    0xF7, 0x76, 0x92, 0x4A, 0x0A, 0x55, 0xFE, 0xA6, 0x42, 0x7B, 0x86, 0x87, 0x65, 0x86, 0x27, 0x44,
    0xF9, 0xAE, 0xAB, 0xB5, 0x3B, 0xCA, 0x75, 0x86, 0xA9, 0x63, 0x7B, 0x7C, 0x76, 0x07, 0x18, 0x69,
    0xF4, 0x6D, 0x59, 0x40, 0xE0, 0xB7, 0xA0, 0x16, 0xA8, 0x34, 0x76, 0x40, 0xD3, 0x53, 0x31, 0x4B,
    0x43, 0x72, 0x81, 0x19, 0x91, 0x59, 0x61, 0x47, 0x90, 0xDC, 0x47, 0x0E, 0x72, 0x2F, 0x69, 0xE3,
    0xDD, 0x5E, 0x61, 0xBC, 0x52, 0xD3, 0xF0, 0xB6, 0x5D, 0xBC, 0x07, 0x0B, 0xCE, 0x92, 0xC6, 0xBF,
    0x0A, 0x82, 0xE4, 0xDB, 0xA2, 0xE9, 0x20, 0xC1, 0xE3, 0x10, 0x24, 0x98, 0xD3, 0x08, 0xF0, 0x19,
    0xE8, 0x7E, 0xC6, 0xF0, 0x0E, 0x00, 0x9C, 0xF4, 0xD2, 0xC6, 0x83, 0xA7, 0xDC, 0xB4, 0x1E, 0x3D,
    0xC7, 0xB4, 0x55, 0x46, 0x92, 0xA5, 0xF2, 0xF5, 0x61, 0x5F, 0x02, 0x33, 0xC8, 0xB3, 0xEE, 0x44,
    0xAB, 0x5C, 0xB5, 0xE6, 0x39, 0x81, 0x69, 0x02, 0xE0, 0x61, 0x2A, 0xA4, 0x53, 0xCF, 0x94, 0x0B,
    0x48, 0x5E, 0x2E, 0x30, 0xA5, 0xED, 0x2C, 0xA4, 0xF3, 0x5E, 0x58, 0x48, 0xDB, 0xBA, 0x5F, 0x48,
    0x1B, 0xCF, 0x72, 0x19, 0x1D, 0x4D, 0x30, 0xA8, 0x17, 0x0B, 0x69, 0xCB, 0x9F, 0x2B, 0xA4, 0x37,
    0x6A, 0x7C, 0x95, 0x3B, 0xDE, 0x9F, 0x46, 0x40, 0x28, 0xAD, 0x35, 0x1A, 0xC4, 0x17, 0x46, 0x28,
    0x37, 0x4A, 0x49, 0x6B, 0x91, 0xA9, 0x4B, 0x9F, 0x06, 0xAF, 0xEF, 0xDF, 0xC9, 0x0A, 0x51, 0xA5,
    0x52, 0xAB, 0x51, 0xC5, 0xA9, 0x85, 0x41, 0x25, 0xF7, 0x84, 0x1F, 0x54, 0x7A, 0x6A, 0x6E, 0x50,
    0x29, 0x45, 0x7C, 0xBA, 0xB9, 0xCC, 0xA0, 0x40, 0xAD, 0x23, 0x29, 0x93, 0x53, 0x01, 0xAD, 0x5B,
    0x08, 0xA7, 0x5D, 0xA0, 0x56, 0xC8, 0x07, 0xA5, 0x7A, 0x7F, 0x2F, 0xAD, 0x43, 0x7E, 0xC8, 0x75,
    0xF1, 0x22, 0x3B, 0xC4, 0x86, 0xCA, 0x7B, 0xCB, 0x17, 0xC7, 0xA3, 0x65, 0x39, 0x78, 0x6E, 0x3E,
    0x3A, 0xEE, 0x07, 0xC3, 0xDB, 0x18, 0xE4, 0x34, 0x00, 0x9D, 0x81, 0x94, 0x5D, 0xF5, 0x14, 0xCA,
    0x5D, 0x4E, 0x07, 0x28, 0xF9, 0x25, 0xBF, 0x27, 0x05, 0x64, 0x1B, 0x8C, 0xD3, 0x62, 0x2B, 0xE0,
    0xCB, 0x95, 0x90, 0xD2, 0xAC, 0xB5, 0x17, 0x18, 0x8C, 0x55, 0xD7, 0xD4, 0x2A, 0xF9, 0x08, 0x3A,
    0x5F, 0x81, 0x70, 0x14, 0xF2, 0x11, 0x2B, 0x68, 0x0A, 0xF0, 0xCD, 0x35, 0x68, 0xD8, 0xF1, 0x2D,
    0x30, 0x77, 0xBB, 0x00, 0x97, 0xC9, 0x51, 0xBE, 0xCE, 0x1C, 0x95, 0xE7, 0x43, 0xBB, 0x92, 0x4A,
    0x05, 0x28, 0x33, 0xF5, 0xF1, 0x0B, 0xB3, 0x75, 0xA5, 0x23, 0x19, 0x02, 0xB0, 0x0A, 0xDA, 0x74,
    0x25, 0xB2, 0xC6, 0x84, 0x81, 0xBC, 0x69, 0x46, 0x4D, 0xE6, 0x8F, 0x13, 0x4A, 0xC5, 0xD5, 0x91,
    0x3C, 0x63, 0xF8, 0xCC, 0x4B, 0x4C, 0xEF, 0x28, 0xD6, 0xF6, 0x0F, 0x76, 0xAD, 0x9C, 0x6A, 0x19,
    0x28, 0x25, 0xEC, 0x1A, 0x91, 0xBA, 0xE8, 0xD6, 0x64, 0xD9, 0x76, 0x93, 0xC2, 0x14, 0x6B, 0x66,
    0x21, 0xD6, 0x89, 0x31, 0x48, 0xB4, 0x40, 0x90, 0xC0, 0x3E, 0x25, 0x09, 0xFA, 0xBB, 0x93, 0x7E,
    0xBA, 0x2F, 0x3A, 0xE0, 0xA5, 0x4B, 0x2C, 0x12, 0xD2, 0x1B, 0x98, 0x0E, 0x62, 0xBC, 0x62, 0x7D,
    0x6C, 0x82, 0xF1, 0xAA, 0xC4, 0x8A, 0x35, 0xA5, 0xDC, 0x2B, 0x0D, 0xB8, 0x68, 0x71, 0xDD, 0xE5,
    0x99, 0x0B, 0x47, 0x4B, 0x51, 0x3D, 0xC8, 0x51, 0x50, 0xB9, 0x02, 0x68, 0x7E, 0x0B, 0xB0, 0x06,
    0x1F, 0xE4, 0x98, 0x14, 0x19, 0xB8, 0x0C, 0x58, 0x4E, 0x04, 0x39, 0x9B, 0xEA, 0xE7, 0x27, 0x87,
    0x29, 0x8C, 0x16, 0x9D, 0x52, 0x10, 0xE4, 0x06, 0xD7, 0xB9, 0xAE, 0xD2, 0xD2, 0x7A, 0x3F, 0xBE,
    0xC0, 0x98, 0xD7, 0x6C, 0xAD, 0xF9, 0x67, 0xAD, 0x1F, 0x47, 0x06, 0xF7, 0x23, 0x67, 0x2C, 0xDD,
    0x9D, 0x8F, 0x16, 0x73, 0x89, 0x5C, 0x2E, 0x9D, 0x4B, 0xF0, 0x51, 0x11, 0x47, 0x8E, 0x02, 0x7C,
    0x5A, 0x40, 0x4A, 0x62, 0x2D, 0xC3, 0x47, 0xF5, 0x34, 0xE5, 0x58, 0xAE, 0x50, 0x6E, 0xBB, 0x9F,
    0x7B, 0x27, 0x56, 0xBF, 0xDE, 0x38, 0x36, 0x82, 0xBC, 0xC9, 0x9E, 0xDE, 0x96, 0xC4, 0xB4, 0x45,
    0x1A, 0x64, 0x04, 0x16, 0x05, 0xCE, 0x25, 0xA1, 0xF0, 0xD7, 0x93, 0x4C, 0xEF, 0x46, 0x98, 0x64,
    0x36, 0x6F, 0x87, 0xC9, 0xAC, 0x47, 0x1B, 0x43, 0x9B, 0x6D, 0xA6, 0x89, 0x10, 0xB9, 0xB5, 0x83,
    0xA1, 0xE8, 0x8E, 0x61, 0xF2, 0x2A, 0xB0, 0x57, 0xA0, 0x29, 0x90, 0xE7, 0x2E, 0xB4, 0x65, 0x1D,
    0x20, 0x12, 0x06, 0x69, 0x5A, 0x83, 0x4E, 0x53, 0x86, 0xF6, 0x63, 0xC6, 0xE2, 0x4C, 0x18, 0x86,
    0x2B, 0x09, 0x96, 0x1F, 0x84, 0xAF, 0xCA, 0xFC, 0x20, 0x26, 0xCE, 0xFC, 0x80, 0x40, 0x5B, 0x4A,
    0x64, 0x2D, 0x61, 0x0C, 0xA5, 0xC4, 0x52, 0xCE, 0x2C, 0x6D, 0xEB, 0x43, 0x2C, 0xCB, 0x8C, 0x03,
    0x07, 0x7C, 0x4A, 0xD8, 0x06, 0xAB, 0xCF, 0xE9, 0xA2, 0xC1, 0x3A, 0x4A, 0xB1, 0x6E, 0x78, 0x49,
    0xC6, 0x56, 0xB5, 0x08, 0x73, 0x0D, 0xD1, 0x4A, 0x03, 0x53, 0xB2, 0x55, 0xB3, 0x4A, 0xAE, 0x5C,
    0x69, 0x2E, 0x2A, 0x5B, 0xFA, 0xD0, 0x05, 0xB6, 0x73, 0x2D, 0x25, 0x2C, 0x07, 0xC1, 0x14, 0x27,
    0xE2, 0xEC, 0x9A, 0x39, 0x49, 0x80, 0x49, 0x6D, 0xF7, 0xC5, 0xF6, 0xBD, 0xF1, 0xAB, 0xE3, 0xCA,
    0xAB, 0x33, 0x18, 0xBB, 0x15, 0x0C, 0x7F, 0x83, 0xF0, 0x53, 0x78, 0x2D, 0x06, 0x7A, 0xB7, 0xFB,
    0xA2, 0xA7, 0x37, 0x64, 0x83, 0x98, 0x62, 0x6C, 0x39, 0x2A, 0x09, 0x90, 0xDA, 0x51, 0xDE, 0xC7,
    0x1C, 0xBB, 0xD8, 0x0B, 0x6E, 0x5B, 0xDF, 0x6D, 0xFA, 0x64, 0xBD, 0x18, 0x32, 0xA2, 0xED, 0xBF,
    0x9E, 0x6A, 0x25, 0xAE, 0xCE, 0xF2, 0x79, 0x1C, 0xFB, 0x2E, 0xA1, 0xD6, 0x8D, 0xAE, 0x84, 0xEB,
    0x54, 0xF4, 0x41, 0x76, 0x42, 0x98, 0x17, 0xDA, 0xFF, 0x5D, 0x71, 0x0E, 0x31, 0x47, 0x9E, 0xC6,
    0x60, 0xD6, 0xCD, 0x78, 0xE7, 0x8F, 0x65, 0x00, 0x0E, 0x0C, 0xF3, 0x2F, 0x66, 0x0F, 0xB9, 0x16,
    0x32, 0x56, 0x2D, 0x8B, 0xBB, 0x60, 0x61, 0x90, 0x6C, 0x3D, 0x40, 0x3A, 0xE9, 0x1B, 0x21, 0xF3,
    0xC6, 0x12, 0x8C, 0xA3, 0x92, 0x4B, 0x45, 0xED, 0xAD, 0x3A, 0x55, 0xD9, 0x40, 0x75, 0x7F, 0xB6,
    0x44, 0x56, 0xA3, 0x9F, 0x9B, 0xDE, 0x99, 0x12, 0xF3, 0xA2, 0x24, 0x6E, 0x6F, 0x93, 0x5E, 0x9E,
    0xFD, 0x1A, 0xC3, 0x57, 0xB1, 0x62, 0x9E, 0x5E, 0x61, 0x15, 0xC8, 0x8C, 0x5E, 0xF6, 0x73, 0x64,
    0x96, 0x5F, 0xF2, 0xB1, 0x9E, 0x2B, 0x0C, 0x90, 0x00, 0x1F, 0x86, 0x15, 0x2E, 0x09, 0x6B, 0x3C,
    0x71, 0x51, 0xB8, 0x39, 0x40, 0xC9, 0xA8, 0x0F, 0xC8, 0x28, 0x64, 0xC2, 0xF5, 0x8C, 0x5D, 0xAB,
    0xB8, 0xC9, 0xFD, 0xD3, 0xE1, 0x45, 0x68, 0x05, 0xAF, 0x06, 0x70, 0x78, 0x45, 0xE2, 0xD0, 0x8D,
    0x03, 0x67, 0xEB, 0xDC, 0x1B, 0x1E, 0x8F, 0x9A, 0x6E, 0xE9, 0xC2, 0xA3, 0x68, 0x34, 0x04, 0x92,
    0x54, 0x60, 0xFD, 0x32, 0x5A, 0xDF, 0x70, 0xF6, 0x77, 0xF7, 0xC9, 0xAE, 0x1B, 0x0D, 0x90, 0x78,
    0x41, 0xC0, 0xBF, 0x64, 0x99, 0x5C, 0xD0, 0x2F, 0x96, 0x27, 0x31, 0x3B, 0x3C, 0x4F, 0x23, 0x92,
    0xED, 0xFD, 0xB0, 0x17, 0x47, 0x6D, 0xCC, 0xC8, 0xA5, 0xBE, 0xE6, 0xED, 0x4D, 0x77, 0x3E, 0xA4,
    0x7C, 0x03, 0x0E, 0xBC, 0xB1, 0xD8, 0x97, 0x31, 0x7B, 0xE8, 0xD1, 0xCE, 0x68, 0xF5, 0x96, 0xC7,
    0x4D, 0xB2, 0xA2, 0x45, 0x06, 0x6C, 0x1F, 0x5D, 0x1D, 0xC8, 0x55, 0xB9, 0xAF, 0x7B, 0x90, 0x25,
    0xD8, 0x00, 0xBF, 0x62, 0xDF, 0xA3, 0xAD, 0x34, 0x8D, 0xAE, 0x4D, 0x12, 0xA0, 0x1D, 0x5E, 0x68,
    0x6B, 0x87, 0xED, 0x85, 0x11, 0x89, 0xB6, 0x0B, 0x6C, 0x1E, 0x2A, 0x6C, 0x73, 0x76, 0xB6, 0x6E,
    0xFC, 0x2D, 0xF6, 0x80, 0xC0, 0xF2, 0xE3, 0x22, 0x40, 0x3F, 0x00, 0x09, 0x90, 0xA8, 0xF4, 0x00,
    0xDC, 0x63, 0xAC, 0x30, 0xEE, 0x34, 0xC4, 0x86, 0x38, 0x58, 0xDE, 0x0E, 0x09, 0x6B, 0x76, 0x03,
    0x31, 0x55, 0xC4, 0xBA, 0x6D, 0xB9, 0x3B, 0x16, 0xCB, 0x97, 0xA0, 0xB7, 0x88, 0xF1, 0x71, 0x91,
    0x2F, 0x68, 0xF2, 0xAC, 0xDF, 0xB5, 0x8B, 0x53, 0x7B, 0x45, 0xC0, 0x14, 0x90, 0x2A, 0xE5, 0xB6,
    0x72, 0x23, 0x45, 0xB6, 0x93, 0x7D, 0xB0, 0xAC, 0x50, 0x56, 0xD4, 0x3C, 0x7E, 0xCA, 0xFC, 0x21,
    0x6E, 0xCE, 0xEA, 0xA7, 0xEB, 0xD0, 0xF5, 0xE6, 0xE5, 0x26, 0xA1, 0xB4, 0xF5, 0x2F, 0x5F, 0x22,
    0x04, 0xC0, 0xF3, 0xE7, 0xB0, 0x9F, 0x81, 0x36, 0x4F, 0xFD, 0x11, 0xB6, 0x46, 0xE2, 0x56, 0xEF,
    0x14, 0xF7, 0x92, 0xB1, 0x02, 0xAA, 0xF2, 0x48, 0xB6, 0x0E, 0x99, 0x51, 0x6E, 0xB2, 0xB5, 0x57,
    0xE8, 0x8D, 0xBE, 0xAC, 0x3A, 0x94, 0xD7, 0x9B, 0x84, 0xBA, 0xC8, 0x0A, 0x34, 0xF3, 0xA3, 0xEC,
    0x54, 0xD4, 0xDC, 0x4F, 0x4E, 0xAA, 0x5C, 0x5E, 0xB5, 0x5C, 0xE1, 0x57, 0x59, 0x30, 0x5C, 0xB3,
    0xA8, 0x54, 0xC6, 0x55, 0xA1, 0xBA, 0xAA, 0xEE, 0x9C, 0x46, 0x8E, 0x70, 0x0A, 0xE6, 0x83, 0x38,
    0x93, 0xA0, 0x04, 0xD5, 0x14, 0x60, 0xFC, 0xA8, 0x15, 0x78, 0xE4, 0xE2, 0xD3, 0x54, 0xD9, 0xAD,
    0x15, 0x58, 0x56, 0xD7, 0x0A, 0x0E, 0x5D, 0x09, 0xE4, 0xC2, 0x08, 0x6E, 0x19, 0x6A, 0x57, 0x80,
    0x84, 0xB8, 0x41, 0xD9, 0xD6, 0x4C, 0x6B, 0xE7, 0x5F, 0x5B, 0x6C, 0x8F, 0xF1, 0x5C, 0x2E, 0x41,
    0x81, 0x2E, 0xA2, 0x23, 0x55, 0xCA, 0x1E, 0xC5, 0x62, 0x6A, 0x7B, 0xAB, 0x1F, 0xA7, 0x54, 0x4A,
    0x3C, 0x5E, 0xBF, 0xC4, 0x6C, 0x32, 0x8B, 0x45, 0x9F, 0x6C, 0x66, 0x15, 0xB2, 0xAF, 0x32, 0x18,
    0x65, 0xCC, 0x29, 0x50, 0x17, 0x38, 0x58, 0xAE, 0x82, 0xBA, 0xA1, 0xEA, 0xF0, 0xA9, 0x5A, 0xDE,
    0xD3, 0xDE, 0xE9, 0x24, 0x49, 0x6D, 0x05, 0x78, 0xF6, 0xF1, 0x6E, 0x9D, 0xB6, 0x5C, 0x66, 0x30,
    0x1F, 0xB1, 0xDA, 0x5B, 0x33, 0xAE, 0x04, 0x72, 0xE1, 0x30, 0x6E, 0x99, 0xE9, 0x68, 0xC1, 0x4A,
    0x01, 0x7E, 0x8C, 0xB5, 0x0C, 0x78, 0xA0, 0xE1, 0xB6, 0x93, 0xCD, 0xE2, 0x8C, 0xB3, 0xFB, 0xCA,
    0xAE, 0x85, 0x36, 0x06, 0x54, 0x26, 0x94, 0x43, 0x2A, 0x2B, 0x1F, 0xC4, 0xB9, 0x50, 0x16, 0x6D,
    0x59, 0x2D, 0x5C, 0x63, 0xAC, 0x53, 0x18, 0xBB, 0x02, 0x59, 0xDB, 0x18, 0xDB, 0x42, 0xE5, 0x3E,
    0xA5, 0x09, 0xC0, 0x85, 0x5C, 0x17, 0xF7, 0x7B, 0x17, 0xC8, 0x47, 0x41, 0xAD, 0x3A, 0xBC, 0x8D,
    0x01, 0x8B, 0xD4, 0x2B, 0x80, 0x5C, 0xC5, 0x1C, 0xAD, 0x78, 0x4C, 0xEA, 0xDB, 0xCB, 0x6F, 0x80,
    0xA9, 0x00, 0x33, 0xE3, 0x99, 0x96, 0x32, 0x5C, 0xAD, 0x54, 0x99, 0xDD, 0xB7, 0x00, 0xAB, 0x2B,
    0xBF, 0xCF, 0x6C, 0xA4, 0xF2, 0x40, 0xF9, 0xD2, 0x38, 0x9F, 0xB2, 0x0E, 0x54, 0xD5, 0x7E, 0xCC,
    0xC0, 0xF8, 0x6F, 0x0C, 0xCC, 0xDB, 0xDD, 0x4A, 0x75, 0xA3, 0x1E, 0x54, 0x1E, 0x58, 0xA0, 0x67,
    0x2A, 0x0F, 0x04, 0xB4, 0xB6, 0x22, 0x15, 0xB4, 0xAB, 0xAF, 0x5D, 0xB5, 0x7A, 0x66, 0xB4, 0x31,
    0xD8, 0x7E, 0xE7, 0x17, 0x2A, 0x0F, 0xA0, 0xFA, 0x15, 0x65, 0xD2, 0x64, 0x35, 0x89, 0xD3, 0x34,
    0xC0, 0x04, 0x40, 0x08, 0x70, 0x95, 0xEA, 0x15, 0x7B, 0x6C, 0x6F, 0x2A, 0x92, 0xBA, 0x93, 0x6D,
    0x08, 0xC5, 0x55, 0x6C, 0xE5, 0x53, 0x97, 0x08, 0x4A, 0x4D, 0x79, 0xCE, 0x0C, 0x6C, 0xB6, 0x60,
    0x87, 0x3C, 0x15, 0xA3, 0x21, 0xEB, 0x8B, 0x85, 0x78, 0xEF, 0x85, 0x2B, 0xC1, 0x4B, 0x7C, 0x95,
    0x5E, 0x41, 0x2D, 0x61, 0x3B, 0xF7, 0x43, 0xF3, 0x31, 0x7B, 0x9A, 0x3F, 0xCF, 0x6C, 0x5F, 0xF3,
    0x67, 0x58, 0x09, 0x56, 0xF0, 0x86, 0xEF, 0x1F, 0xDE, 0xFB, 0x09, 0x2A, 0x2D, 0xAD, 0x2C, 0xD7,
    0x7C, 0x94, 0xB7, 0xEE, 0x87, 0x1A, 0xA9, 0xFD, 0x00, 0x50, 0x5F, 0x80, 0xB5, 0x54, 0xF2, 0xCA,
    0x4F, 0x8F, 0xE3, 0x54, 0x82, 0xEC, 0x02, 0x7B, 0xCB, 0x4F, 0x97, 0x25, 0xAB, 0x34, 0x6A, 0x45,
    0x54, 0x0A, 0x1A, 0xB7, 0xD8, 0xBB, 0x77, 0x2B, 0xD7, 0x90, 0x8D, 0xCE, 0x40, 0xF1, 0x2A, 0x18,
    0x0A, 0x6A, 0xDC, 0x62, 0xF4, 0x0B, 0xB3, 0x41, 0xEB, 0xB7, 0xBD, 0x00, 0x24, 0xD7, 0x0F, 0xF0,
    0x9D, 0xC6, 0xD6, 0xAD, 0x5C, 0xF3, 0xDB, 0xFE, 0xF4, 0xC3, 0x35, 0xE8, 0x45, 0x3F, 0xAF, 0xCA,
    0x9D, 0x39, 0xB4, 0x61, 0x24, 0x6A, 0x2C, 0x60, 0x5E, 0xB1, 0x42, 0xD4, 0x06, 0xAA, 0x2B, 0x18,
    0x08, 0x1C, 0x14, 0x8C, 0xE4, 0x11, 0xC0, 0xA3, 0x79, 0x96, 0xD5, 0xC6, 0xCC, 0xAA, 0x4E, 0xE6,
    0xFE, 0xF5, 0xC2, 0xFE, 0x92, 0xE2, 0xBD, 0x05, 0xDC, 0x3B, 0x2E, 0xD4, 0xB3, 0x04, 0xAF, 0x61,
    0x30, 0x90, 0x04, 0xE9, 0xE6, 0x1F, 0x41, 0x2C, 0x62, 0xF3, 0xFF, 0x44, 0xDC, 0xB5, 0x70, 0x8C,
    0x05, 0x4C, 0xA3, 0x86, 0xDD, 0x4B, 0x58, 0x21, 0x72, 0x11, 0x05, 0x83, 0x42, 0xC4, 0x2A, 0xC7,
    0x22, 0x88, 0x2F, 0x99, 0x87, 0x61, 0x9D, 0xD4, 0xC0, 0xAF, 0x92, 0xA4, 0x96, 0x6B, 0xC0, 0x73,
    0x99, 0x94, 0x40, 0x46, 0x52, 0xEC, 0xE3, 0xEB, 0xDB, 0xFE, 0xBF, 0xCE, 0xD6, 0x24, 0xE9, 0xEE,
    0x8C, 0x64, 0x64, 0x9F, 0xC4, 0x02, 0x43, 0xD9, 0xE7, 0x58, 0xD2, 0x40, 0x4F, 0x82, 0xBC, 0x5F,
    0x96, 0xE5, 0xAC, 0x58, 0x08, 0x05, 0xA3, 0x5C, 0x2C, 0xB6, 0x11, 0x04, 0x2C, 0x1A, 0xAC, 0x9F,
    0xB2, 0xE5, 0xAF, 0x2D, 0xE0, 0xFE, 0xD1, 0x9E, 0xD6, 0x66, 0x52, 0xED, 0x5A, 0xAF, 0x02, 0x8B,
    0xA4, 0x92, 0x5D, 0x9A, 0xDC, 0xDE, 0xFC, 0xEC, 0x63, 0x1D, 0x2F, 0x80, 0xB0, 0xFF, 0x37, 0x44,
    0x3B, 0x7F, 0x29, 0x68, 0x73, 0x61, 0xD3, 0x43, 0x50, 0xD8, 0xDE, 0x89, 0x08, 0xE5, 0xC8, 0x24,
    0x7A, 0xDE, 0xC8, 0xB2, 0x69, 0x68, 0x05, 0xA6, 0xBF, 0xC8, 0x6F, 0xA9, 0xF9, 0x79, 0xD1, 0xB5,
    0x7A, 0xDA, 0x7C, 0xBC, 0xCB, 0x92, 0x97, 0x6C, 0x9A, 0xD8, 0x22, 0xEE, 0xB6, 0x91, 0xFD, 0xDC,
    0x0A, 0xA8, 0x74, 0xA3, 0xD6, 0xFB, 0x28, 0x7F, 0x44, 0x97, 0x27, 0xC2, 0x76, 0x27, 0x24, 0x40,
    0x96, 0x77, 0x91, 0x52, 0xCA, 0x38, 0x81, 0x5C, 0xF7, 0x79, 0x69, 0xB7, 0xB7, 0xD5, 0x6E, 0x55,
    0x7A, 0x57, 0x17, 0x18, 0xE6, 0x62, 0x0B, 0x9D, 0x45, 0xCE, 0x05, 0x64, 0x7B, 0x5A, 0x6E, 0x4E,
    0x04, 0x4A, 0x4E, 0xDE, 0xAC, 0x33, 0x1A, 0xCA, 0xB9, 0x72, 0x63, 0xDC, 0xEE, 0xB7, 0x3A, 0x7E,
    0x10, 0xE3, 0xB4, 0x2C, 0xCA, 0xF0, 0x8E, 0x48, 0x18, 0x32, 0x2F, 0x71, 0x48, 0xF3, 0x9C, 0x2C,
    0x27, 0xEA, 0xB4, 0xDB, 0x52, 0x1D, 0x53, 0x8C, 0xD6, 0x8A, 0x01, 0xA0, 0xA4, 0xA2, 0x00, 0x93,
    0x52, 0x85, 0x94, 0xB5, 0x26, 0x01, 0x06, 0x09, 0x6A, 0x71, 0x37, 0xCA, 0xB8, 0x79, 0x5E, 0x05,
    0x71, 0xAF, 0x96, 0xB9, 0x08, 0x50, 0xAA, 0x8B, 0x36, 0xD4, 0xDE, 0xA1, 0xA2, 0x45, 0xFB, 0x32,
    0x6D, 0xA9, 0x1D, 0x07, 0xE1, 0x45, 0x6C, 0x67, 0x1C, 0x4C, 0x4C, 0x71, 0x55, 0xF5, 0xD4, 0xB6,
    0x3A, 0x0B, 0x49, 0x13, 0xD6, 0xD1, 0x46, 0x98, 0xAD, 0xCC, 0x98, 0x4F, 0x73, 0x4B, 0xFD, 0x67,
    0x30, 0xB0, 0x01, 0xA8, 0x6F, 0x25, 0x40, 0x7E, 0x97, 0xDB, 0xDB, 0x96, 0xBF, 0x69, 0x52, 0x5E,
    0x65, 0x28, 0xC8, 0x8B, 0x98, 0xBD, 0xB4, 0x02, 0xCC, 0xDD, 0xD2, 0x71, 0xE6, 0x45, 0xEB, 0x0F,
    0x0C, 0x2F, 0xF6, 0x4B, 0x59, 0x24, 0x7B, 0x65, 0x06, 0xC0, 0xF1, 0x00, 0x2F, 0x14, 0xF4, 0x32,
    0x05, 0x04, 0x16, 0x0B, 0xB9, 0x10, 0x1E, 0xAF, 0x68, 0x89, 0x45, 0x63, 0x6A, 0xD9, 0x26, 0x65,
    0x69, 0x59, 0x75, 0x1F, 0x2D, 0x0E, 0x70, 0x25, 0x9F, 0xE8, 0x34, 0x74, 0x1D, 0x8F, 0xC9, 0x9F,
    0x10, 0xBF, 0x81, 0xAB, 0xEE, 0xDB, 0x09, 0x50, 0x4B, 0x4B, 0xFA, 0x19, 0x6B, 0xEC, 0xF5, 0x81,
    0xB2, 0xAB, 0x61, 0x8F, 0x16, 0x1D, 0x2F, 0x67, 0x7E, 0x90, 0x81, 0x0D, 0xDF, 0xEC, 0x08, 0x04,
    0xCF, 0x06, 0x6C, 0xA7, 0x17, 0x6F, 0x76, 0xD6, 0xDD, 0x0F, 0x18, 0x4E, 0x94, 0x61, 0x93, 0x8E,
    0x29, 0x4E, 0xB8, 0xD0, 0xE1, 0x0F, 0xB1, 0xCE, 0x15, 0xBD, 0x79, 0xB6, 0x66, 0xF8, 0xF7, 0xF9,
    0x15, 0xCB, 0x7D, 0xD9, 0xAF, 0x94, 0x5E, 0x7A, 0xDE, 0xAF, 0x6C, 0xF8, 0xD4, 0x89, 0xE3, 0xAC,
    0x6E, 0x3D, 0x74, 0x2A, 0x64, 0x0D, 0x99, 0x07, 0x7A, 0x04, 0x9E, 0x97, 0x39, 0x06, 0xD8, 0x04,
    0x24, 0x99, 0x77, 0xB5, 0x68, 0x91, 0x11, 0x1C, 0xDE, 0xC6, 0x9D, 0xED, 0x39, 0x3F, 0xDC, 0xD6,
    0x1E, 0x2A, 0xB0, 0xDD, 0xE7, 0xA8, 0x62, 0xA8, 0x6C, 0x90, 0x8A, 0x62, 0x71, 0x5E, 0x1C, 0xF8,
    0x8D, 0x6D, 0x0B, 0x91, 0x8D, 0x63, 0x04, 0x0E, 0xAB, 0xA4, 0x1F, 0xB2, 0x7F, 0x14, 0x38, 0x5B,
    0xDE, 0xA1, 0xCA, 0x74, 0x57, 0xF6, 0x28, 0xE8, 0xA1, 0xCE, 0x42, 0xA9, 0x2B, 0xA0, 0x9B, 0x41,
    0xBE, 0x54, 0x3D, 0x83, 0x78, 0x47, 0x90, 0xD1, 0xE1, 0x3B, 0xCA, 0x88, 0xC3, 0x26, 0x23, 0xFB,
    0xCB, 0x64, 0x90, 0xAA, 0x2F, 0xEB, 0x4F, 0xB1, 0x44, 0x2D, 0xC9, 0x67, 0x48, 0x07, 0x1F, 0x52,
    0xCB, 0xC9, 0xAE, 0xAC, 0x4D, 0x72, 0xF6, 0x69, 0xD5, 0x74, 0x2C, 0xB1, 0xC7, 0xF0, 0x1A, 0x0D,
    0x28, 0x65, 0x05, 0x05, 0xE4, 0xF4, 0x60, 0xF9, 0xAE, 0x31, 0xC3, 0xED, 0x63, 0x35, 0x76, 0x7B,
    0x34, 0x4D, 0xE6, 0xFF, 0x8D, 0x8D, 0x56, 0xC8, 0x3E, 0x14, 0x9A, 0xEB, 0xA2, 0x1F, 0x91, 0xB5,
    0xF1, 0x6E, 0x61, 0x80, 0xEB, 0x16, 0x93, 0xBD, 0x87, 0x9A, 0xD3, 0xC9, 0xA9, 0x9F, 0x72, 0xD5,
    0xFD, 0x49, 0x4A, 0x62, 0xED, 0x5A, 0xC2, 0x81, 0xF2, 0xDC, 0x4F, 0xB0, 0xFF, 0xC8, 0x5B, 0xB6,
    0x90, 0x11, 0xBA, 0x20, 0xF0, 0x79, 0x29, 0xB5, 0xFD, 0x20, 0x8F, 0x89, 0xB5, 0x5C, 0x31, 0xDD,
    0x88, 0x71, 0xBA, 0x55, 0x9C, 0x12, 0x70, 0x15, 0x84, 0x1A, 0x62, 0x2D, 0x1A, 0x92, 0x0A, 0x34,
    0x28, 0xB1, 0x1A, 0x16, 0xEE, 0x41, 0xE4, 0xDC, 0x38, 0x1B, 0x2F, 0x85, 0xD4, 0x68, 0x50, 0xE3,
    0xAB, 0x55, 0xE4, 0xE3, 0x56, 0x33, 0x94, 0x3A, 0xFB, 0xF4, 0xEE, 0x8E, 0x72, 0x57, 0x51, 0x80,
    0xAB, 0xAB, 0x28, 0x87, 0x8A, 0x00, 0x95, 0xD4, 0x53, 0x00, 0xBE, 0xEC, 0x2D, 0xBB, 0xB2, 0xA0,
    0x91, 0xED, 0x47, 0x7D, 0x39, 0xB8, 0x13, 0x00, 0x7C, 0x58, 0xF0, 0xA7, 0xB7, 0xB3, 0xE4, 0x4E,
    0xED, 0xE3, 0x20, 0x7C, 0x8B, 0x95, 0x32, 0x58, 0xB6, 0xF1, 0x36, 0x59, 0xC9, 0x2E, 0x98, 0x16,
    0x58, 0x14, 0xE8, 0x08, 0xAC, 0x8A, 0xAE, 0x56, 0xB3, 0xC4, 0x2B, 0xCD, 0x63, 0x60, 0x6B, 0x01,
    0x93, 0x77, 0x12, 0x5B, 0x2F, 0x11, 0xCF, 0xA9, 0x76, 0x84, 0x72, 0x92, 0x4F, 0xE0, 0xEC, 0x3A,
    0xE8, 0xDA, 0x22, 0x24, 0x7B, 0x5B, 0x3B, 0x57, 0x48, 0x8B, 0x5A, 0x79, 0x47, 0xC7, 0x8A, 0xA6,
    0x69, 0x5D, 0x59, 0x4A, 0x0C, 0x65, 0x81, 0xA2, 0x99, 0x3A, 0xBF, 0x7D, 0x3C, 0x2E, 0xB1, 0xE0,
    0xE1, 0x66, 0x08, 0x9C, 0x54, 0xF9, 0x3D, 0x16, 0x13, 0xAE, 0x4B, 0x49, 0xC9, 0x0D, 0x49, 0x6A,
    0x8C, 0xD9, 0x6C, 0x8D, 0x1C, 0xB1, 0x41, 0x32, 0xAC, 0x8E, 0xF2, 0x5B, 0xDE, 0x8B, 0x5D, 0x64,
    0xEF, 0x5D, 0xC8, 0x36, 0xA9, 0x9F, 0x6D, 0xCC, 0xDF, 0x56, 0x16, 0xC1, 0xA0, 0xE6, 0xF7, 0x91,
    0xA3, 0xF9, 0x36, 0x0D, 0x6B, 0xD8, 0xAB, 0x46, 0xF3, 0x8B, 0x64, 0x6E, 0xF1, 0xAB, 0xA4, 0x6F,
    0xF1, 0x67, 0x94, 0x23, 0x47, 0x3C, 0x91, 0x37, 0xCE, 0x4A, 0xC6, 0x55, 0x2B, 0x91, 0xAD, 0xB7,
    0xCC, 0x48, 0x9D, 0x8F, 0xD3, 0xA3, 0xBA, 0x33, 0xDC, 0xC0, 0xFA, 0x90, 0x95, 0x75, 0x28, 0xDE,
    0x91, 0x43, 0x32, 0x31, 0x69, 0x2E, 0xCF, 0xF4, 0xA2, 0x07, 0xC3, 0x6C, 0x1B, 0x58, 0xD8, 0x4A,
    0x82, 0x46, 0x7A, 0x00, 0x0B, 0x39, 0xC7, 0xF8, 0x2C, 0xE2, 0x8F, 0x80, 0xF5, 0xBA, 0xD1, 0x24,
    0xE3, 0x79, 0x9F, 0x4D, 0xAD, 0x6C, 0x00, 0x5A, 0x9A, 0x3C, 0x0D, 0x2E, 0x3A, 0x18, 0x0C, 0xC1,
    0xCE, 0x09, 0xD2, 0xE2, 0x4A, 0xB5, 0xA1, 0x0D, 0x07, 0xC6, 0x0F, 0x61, 0x82, 0xC9, 0x6A, 0xA7,
    0x40, 0x96, 0xEB, 0x06, 0xF7, 0xDE, 0xC1, 0xEC, 0xE9, 0xCC, 0x02, 0xF2, 0x40, 0xFE, 0xC8, 0xC5,
    0x98, 0x8A, 0xFE, 0x31, 0xC7, 0xBC, 0x93, 0xF5, 0x3B, 0xAA, 0x5A, 0x5E, 0x85, 0x0A, 0x23, 0xD8,
    0x30, 0x77, 0xC3, 0x06, 0xB8, 0xBC, 0xAA, 0x00, 0x75, 0x3E, 0x95, 0x6C, 0x14, 0xEB, 0x38, 0xA3,
    0xE3, 0xE8, 0x49, 0x9E, 0x97, 0x07, 0x04, 0x05, 0x8F, 0x97, 0xEF, 0x3C, 0xAB, 0x21, 0xCE, 0xA9,
    0xF9, 0x83, 0xC0, 0xC8, 0x22, 0x80, 0x0D, 0xA0, 0x0B, 0x82, 0xB2, 0x61, 0xE4, 0xB2, 0x94, 0x60,
    0x72, 0xDE, 0x09, 0x3C, 0x67, 0xB5, 0xEC, 0x00, 0x3F, 0x6B, 0x4C, 0x83, 0x4E, 0x6B, 0x0C, 0xDE,
    0x39, 0xCB, 0xB8, 0xF7, 0xCF, 0xFF, 0x84, 0x2F, 0xBC, 0xE7, 0x61, 0xAE, 0xE5, 0xFF, 0x04, 0x65,
    0xDC, 0xAF, 0xBC, 0xA2, 0xA0, 0x37, 0x8F, 0x19, 0x74, 0xFB, 0xA8, 0x7A, 0xF5, 0xD3, 0xC0, 0xAA,
    0xEB, 0x2E, 0xB6, 0x7B, 0x8C, 0xDD, 0xC5, 0xCF, 0xC2, 0xEC, 0x85, 0xBB, 0x5D, 0xF7, 0x37, 0x09,
    0x56, 0x9A, 0xB3, 0x4C, 0x1A, 0xA6, 0xCB, 0x6F, 0xC3, 0x86, 0x43, 0x50, 0x60, 0xA3, 0x3C, 0xA8,
    0x99, 0x07, 0xC3, 0x90, 0x51, 0x23, 0x7C, 0xC3, 0x67, 0xF0, 0xA4, 0xC7, 0x7C, 0x7B, 0x0A, 0xCC,
    0x7B, 0x84, 0x2C, 0x2D, 0x98, 0xEC, 0x4B, 0x96, 0x8E, 0x2F, 0x59, 0x89, 0x94, 0xF9, 0x9C, 0x95,
    0xA3, 0xBC, 0xF9, 0x88, 0x43, 0x93, 0x3A, 0x93, 0x6E, 0x3F, 0x7D, 0x6C, 0xB9, 0x0F, 0xBC, 0x2B,
    0x13, 0x46, 0x49, 0x58, 0xD9, 0x1F, 0x21, 0x86, 0xAA, 0xE4, 0xE0, 0x76, 0x9E, 0x1D, 0x03, 0x6B,
    0x13, 0x5B, 0x50, 0x9E, 0x35, 0x0F, 0xEE, 0x38, 0x0B, 0x4A, 0x1F, 0x08, 0x44, 0x85, 0x51, 0x21,
    0x8C, 0x11, 0xC6, 0x3C, 0xD1, 0xA5, 0x6E, 0x6E, 0xCA, 0x82, 0x9E, 0x69, 0x89, 0xDF, 0x29, 0x8F,
    0x40, 0xD8, 0x0B, 0x6B, 0x22, 0xCC, 0x83, 0x50, 0x43, 0xF8, 0xC2, 0x52, 0x17, 0x95, 0x47, 0xEC,
    0x13, 0xA0, 0x2C, 0x29, 0x69, 0xC1, 0xE1, 0xF2, 0x27, 0x5A, 0x77, 0x46, 0x5F, 0xCF, 0x20, 0xF1,
    0x3B, 0xC7, 0x24, 0xB8, 0x39, 0x2C, 0x5A, 0x92, 0x74, 0x00, 0x03, 0x3C, 0xAC, 0x8A, 0x35, 0xA8,
    0x76, 0x93, 0x0B, 0x91, 0xF4, 0xF1, 0x8A, 0x4F, 0xA3, 0x94, 0x3F, 0x83, 0x15, 0x5E, 0x8A, 0xB2,
    0x63, 0x57, 0x25, 0x77, 0x17, 0x5A, 0xED, 0x92, 0xE6, 0xD7, 0x9C, 0xC4, 0x0D, 0xE7, 0x18, 0x94,
    0x96, 0x18, 0xC4, 0x65, 0x87, 0xF7, 0xED, 0x96, 0x0B, 0x02, 0x74, 0x5C, 0x28, 0x9D, 0xE3, 0x0B,
    0x37, 0xAA, 0x0B, 0x3B, 0x9D, 0xEB, 0x34, 0x5F, 0x6D, 0x6A, 0xD4, 0x0D, 0xF2, 0x00, 0xBD, 0x50,
    0x3C, 0xB9, 0x8D, 0x41, 0xB0, 0x40, 0xEC, 0xBE, 0xBD, 0x01, 0xA0, 0x50, 0x5A, 0xBC, 0xE1, 0xFB,
    0x85, 0xCD, 0x63, 0xA5, 0xC5, 0x02, 0x9F, 0x1E, 0xDF, 0xBB, 0xB7, 0xAC, 0x9F, 0x44, 0x0C, 0x5D,
    0x6E, 0xF9, 0xEF, 0x6B, 0x0B, 0xFD, 0xE6, 0xA2, 0x53, 0x70, 0xA6, 0xFC, 0x5A, 0xA1, 0xFA, 0x4F,
    0x8F, 0x87, 0x85, 0x9A, 0x7E, 0xF2, 0xC1, 0xC3, 0x4C, 0xBC, 0xC6, 0xAB, 0x1E, 0xDF, 0x92, 0x45,
    0x55, 0x47, 0x19, 0xAC, 0x0F, 0x29, 0xFF, 0xE0, 0x12, 0xD8, 0x85, 0xDA, 0x4F, 0x66, 0xB0, 0x95,
    0x17, 0xC0, 0x5A, 0x38, 0x42, 0x85, 0x4B, 0x37, 0x9C, 0x4B, 0x50, 0x50, 0x5A, 0x4A, 0x82, 0x8F,
    0x5A, 0x40, 0xE2, 0xED, 0x77, 0x1E, 0xD4, 0x4E, 0x0A, 0x12, 0x23, 0x8E, 0xBE, 0xC4, 0x33, 0x98,
    0x7F, 0x95, 0x4F, 0x6F, 0x39, 0xBE, 0x63, 0xDB, 0x79, 0xCD, 0x4F, 0xE3, 0xBE, 0x11, 0xA0, 0xF3,
    0xD4, 0xEB, 0xA8, 0x2A, 0x62, 0x54, 0x5A, 0xFF, 0x6A, 0x23, 0x7F, 0xB2, 0x49, 0x93, 0xBD, 0x8C,
    0x77, 0x3D, 0x9A, 0xD7, 0x4F, 0x63, 0xB0, 0x09, 0xF9, 0x5D, 0xD2, 0x08, 0xB3, 0x24, 0x74, 0xF7,
    0x6D, 0xA8, 0xAF, 0xB4, 0x54, 0x86, 0xBD, 0xC9, 0x72, 0x4C, 0x3F, 0x1E, 0x7D, 0x7B, 0xB5, 0x7E,
    0xFC, 0xAF, 0xBF, 0xBB, 0x5A, 0xFF, 0x9B, 0xD3, 0xDF, 0x5D, 0x6D, 0x36, 0x9B, 0xDF, 0x5D, 0x3D,
    0x75, 0xFC, 0xD9, 0xEF, 0xAE, 0xFE, 0xC7, 0xC7, 0x8F, 0x73, 0xD9, 0xF1, 0x8B, 0x00, 0x3F, 0x04,
    0xF8, 0xCE, 0x71, 0x06, 0xC7, 0x7D, 0x06, 0x27, 0xFC, 0x74, 0xFE, 0xC1, 0xE7, 0x1E, 0x5A, 0xEC,
    0xA5, 0xF7, 0xD2, 0x98, 0x72, 0x49, 0xE8, 0x3E, 0x36, 0xAF, 0xD3, 0xFD, 0x0A, 0x39, 0x31, 0x7C,
    0xDB, 0xF7, 0x51, 0x52, 0x5A, 0x54, 0x25, 0xEA, 0xAA, 0xDC, 0x29, 0x11, 0x56, 0x5D, 0x62, 0xB7,
    0xE6, 0x42, 0x00, 0x27, 0xB3, 0x1F, 0xBD, 0xBE, 0x44, 0xFF, 0xD8, 0x3F, 0xFD, 0x5F, 0x91, 0x6B,
    0x71, 0xFA, 0xBB, 0x80, 0xD1, 0x29, 0x3C, 0x15, 0x9C, 0x84, 0x37, 0xF9, 0xC2, 0x71, 0xD6, 0x41,
    0x9F, 0xBD, 0x7C, 0xEA, 0x08, 0xB2, 0xE2, 0x7E, 0x22, 0x78, 0xD0, 0x76, 0x85, 0xE8, 0x3E, 0x76,
    0xE6, 0xE4, 0xDE, 0x89, 0xF4, 0x49, 0x93, 0xCF, 0xED, 0xE2, 0xB8, 0xB4, 0xA0, 0xCA, 0x55, 0x8B,
    0xD1, 0x73, 0x4B, 0x0C, 0x1F, 0xFA, 0xAB, 0x04, 0xE9, 0x67, 0x01, 0xCD, 0x4B, 0x28, 0x29, 0x21,
    0xC7, 0x81, 0xFE, 0x99, 0x40, 0x99, 0x4E, 0xBE, 0xE7, 0xCE, 0x26, 0xB6, 0xF5, 0xB1, 0xBE, 0x85,
    0x0D, 0x7A, 0x27, 0xF7, 0x70, 0xBB, 0xA7, 0xC2, 0xCA, 0x7E, 0xCA, 0x7E, 0x8E, 0x2A, 0xD7, 0xA3,
    0xDD, 0xC1, 0xD6, 0x3A, 0x11, 0x3B, 0x82, 0xD6, 0x9B, 0xDC, 0x76, 0x1C, 0xCB, 0x51, 0xB4, 0x13,
    0x3E, 0x20, 0x57, 0xC1, 0xE5, 0x27, 0xCF, 0x3E, 0x4D, 0x09, 0xFD, 0x59, 0x1E, 0x83, 0x84, 0xF6,
    0x43, 0xBF, 0xC6, 0x70, 0x89, 0x6F, 0xB5, 0xA3, 0x85, 0x30, 0xE0, 0xF2, 0xE0, 0x09, 0xE6, 0xE8,
    0x9A, 0xFF, 0x49, 0x81, 0x25, 0x2C, 0x6D, 0x64, 0xE5, 0x9C, 0x39, 0x31, 0xF6, 0x91, 0x33, 0x1E,
    0x46, 0x76, 0xA3, 0x65, 0x1C, 0x7F, 0x23, 0xA4, 0x01, 0xED, 0x45, 0xFF, 0x28, 0xF3, 0xFB, 0xFD,
    0x92, 0xC3, 0xDF, 0x83, 0xB6, 0x37, 0x80, 0x0F, 0x27, 0x1C, 0x08, 0x4A, 0xCB, 0x09, 0xF1, 0xCE,
    0x8E, 0x27, 0x89, 0x3E, 0x8B, 0xF0, 0x59, 0x3E, 0x33, 0x7E, 0x7E, 0x1F, 0x69, 0xD1, 0x6D, 0xA1,
    0x43, 0xE6, 0xD3, 0xAF, 0xB0, 0x99, 0xBB, 0xD1, 0xB9, 0x15, 0x91, 0x01, 0x27, 0x09, 0x4F, 0x5C,
    0xED, 0x3A, 0x27, 0xA4, 0xD4, 0xF9, 0xF1, 0xE1, 0x00, 0xF7, 0x67, 0x99, 0x43, 0x3E, 0xE8, 0xDB,
    0x68, 0xCB, 0x67, 0x6B, 0xC1, 0x7E, 0xCD, 0xCD, 0xCB, 0x02, 0x9B, 0xC3, 0x75, 0xD2, 0xDE, 0x7A,
    0x21, 0x98, 0x44, 0x26, 0x0C, 0xBF, 0xD0, 0x1A, 0xD6, 0xD6, 0xAE, 0x66, 0x33, 0x28, 0xA8, 0xEC,
    0x81, 0x1B, 0x2F, 0xCF, 0x3E, 0xFE, 0x23, 0x68, 0xC4, 0x96, 0x1B, 0x2F, 0x85, 0x67, 0x05, 0x73,
    0xB8, 0x1D, 0xB1, 0x52, 0x99, 0x13, 0xC6, 0xF3, 0x92, 0xD2, 0xF6, 0x0B, 0xAF, 0xE3, 0x43, 0x92,
    0x15, 0x67, 0xE6, 0xAB, 0x92, 0xD5, 0xEE, 0x1E, 0x93, 0x3C, 0xC5, 0x6C, 0x03, 0xBA, 0xBB, 0x36,
    0xDF, 0xB2, 0x55, 0xD6, 0xC4, 0x49, 0x68, 0xCF, 0xF4, 0xEE, 0xFB, 0xCD, 0x43, 0xE7, 0xF2, 0xD1,
    0x9B, 0xE7, 0xA8, 0x0F, 0x23, 0x6D, 0xDC, 0x06, 0x70, 0xE0, 0x36, 0x9F, 0x6E, 0xD8, 0xF6, 0xA1,
    0xB3, 0xAC, 0xE4, 0x5E, 0x46, 0x4E, 0x29, 0xFC, 0x21, 0x00, 0x7C, 0xEA, 0x87, 0xA9, 0x67, 0x3E,
    0xC4, 0xA7, 0x4C, 0x2E, 0xA1, 0x1E, 0x1D, 0x70, 0x43, 0xCB, 0x79, 0x95, 0xB9, 0x8F, 0x93, 0xA4,
    0xB0, 0xE0, 0x0C, 0x23, 0x0B, 0x11, 0x3B, 0x4B, 0x6C, 0x90, 0xFC, 0x92, 0xB5, 0xCB, 0xCD, 0xBC,
    0x74, 0x6C, 0x6F, 0x20, 0x66, 0x57, 0x5E, 0xB1, 0xA5, 0x03, 0x38, 0x24, 0x37, 0x7C, 0x76, 0x1B,
    0xD8, 0x35, 0x17, 0xC0, 0xED, 0x29, 0x39, 0x3F, 0x6A, 0xBB, 0xA9, 0x09, 0x48, 0x1D, 0x66, 0xAC,
    0xAE, 0xE5, 0xCB, 0x1E, 0x23, 0x76, 0x13, 0xD3, 0x36, 0xCE, 0x33, 0xFC, 0x1C, 0xFC, 0x00, 0xDB,
    0x4E, 0x9D, 0xBD, 0xC8, 0x12, 0xFD, 0x04, 0xBF, 0x97, 0x82, 0x76, 0x74, 0xC2, 0x0F, 0xB8, 0xFC,
    0x04, 0xA3, 0x10, 0x97, 0x70, 0x9F, 0xEC, 0x6D, 0x2F, 0xBC, 0x70, 0x96, 0xCB, 0x7F, 0xC8, 0xFD,
    0x49, 0x4A, 0x96, 0x78, 0xB2, 0x17, 0x59, 0x88, 0x49, 0x1B, 0x71, 0xD9, 0xA4, 0xE1, 0x31, 0xBE,
    0x24, 0x4D, 0xFF, 0x29, 0x60, 0xCD, 0x4B, 0xAF, 0x6C, 0xA5, 0xD2, 0xF4, 0xC7, 0x4F, 0x6E, 0x65,
    0xA4, 0xD8, 0x68, 0x1C, 0xC0, 0x6A, 0x66, 0x23, 0x12, 0xA6, 0x32, 0x2E, 0x3B, 0xC2, 0x7E, 0x6A,
    0x76, 0x76, 0xAE, 0x0A, 0xA9, 0xBC, 0xE2, 0xF7, 0xCB, 0xAE, 0xA1, 0x1C, 0xD7, 0x71, 0xDC, 0xAF,
    0xA4, 0x6F, 0x08, 0xC3, 0x20, 0x84, 0xFF, 0x31, 0xA4, 0x8A, 0x03, 0xEB, 0xC9, 0x29, 0x5F, 0x1C,
    0xAB, 0x38, 0x72, 0x0A, 0x00, 0xFD, 0x6F, 0xEA, 0x52, 0xF9, 0xCE, 0x2F, 0x3C, 0xC0, 0xFD, 0x77,
    0x2B, 0x9B, 0xF9, 0x48, 0xCA, 0xF8, 0x2A, 0x9F, 0x3A, 0x15, 0xC3, 0x9D, 0x5A, 0x28, 0x1A, 0xEE,
    0x03, 0x63, 0x49, 0x3E, 0x25, 0x53, 0x6D, 0x8C, 0xEA, 0x8A, 0x57, 0xB9, 0xB5, 0x43, 0xFF, 0x58,
    0xDC, 0xC6, 0xC5, 0xF2, 0xC5, 0xF1, 0xCA, 0x7B, 0xF0, 0x6C, 0x61, 0x83, 0xEE, 0x55, 0x0A, 0xAC,
    0x5C, 0x54, 0x0A, 0x69, 0x93, 0x2A, 0x37, 0xDF, 0xBD, 0x7D, 0x7C, 0xEA, 0x2D, 0xBE, 0xF0, 0xC0,
    0x9C, 0xE8, 0x88, 0xA9, 0xB2, 0x5B, 0x29, 0xCC, 0x47, 0x61, 0x85, 0x31, 0x5B, 0x81, 0xA9, 0x06,
    0x9F, 0x3E, 0x30, 0x86, 0x53, 0x95, 0x2A, 0x74, 0xB8, 0x2C, 0x59, 0x8F, 0x21, 0x68, 0x75, 0xA6,
    0x63, 0x11, 0x58, 0xB1, 0xF6, 0x6F, 0x52, 0x1C, 0xA5, 0x9B, 0xB3, 0x5C, 0xBB, 0x6D, 0x11, 0x08,
    0xE8, 0x04, 0x1F, 0x3A, 0x81, 0xBC, 0x95, 0x3E, 0xB2, 0xCE, 0xA9, 0x30, 0x0D, 0xC9, 0xA7, 0xDD,
    0x20, 0xBE, 0x03, 0xF1, 0x53, 0xD8, 0xD1, 0x19, 0xC8, 0x38, 0x47, 0xA2, 0xB5, 0x05, 0xB8, 0x93,
    0xF3, 0xD1, 0xAB, 0x8C, 0x03, 0xBD, 0x4F, 0x6F, 0x99, 0xFA, 0x02, 0x92, 0xC3, 0x3F, 0xC5, 0x68,
    0x74, 0xEA, 0x78, 0xBD, 0x4E, 0xF6, 0x96, 0x67, 0xBD, 0x7D, 0x34, 0x52, 0xBE, 0xAB, 0xFC, 0x81,
    0x96, 0xDF, 0x33, 0xE8, 0x84, 0x9B, 0xE3, 0x92, 0xAE, 0x00, 0x34, 0x9D, 0x5F, 0xE6, 0x21, 0x55,
    0x6B, 0x97, 0x23, 0x60, 0x8A, 0x09, 0xDD, 0xD6, 0x8C, 0x4F, 0xDB, 0x47, 0x6D, 0x53, 0x50, 0xB9,
    0xD5, 0x13, 0x12, 0xFC, 0x8D, 0x0E, 0x45, 0x61, 0xD2, 0x78, 0xB8, 0x1C, 0x24, 0x8D, 0x03, 0x5B,
    0x7D, 0x3B, 0x7A, 0xE8, 0x59, 0xE2, 0x0B, 0x4B, 0x34, 0xF0, 0x71, 0x06, 0xD1, 0x7F, 0xFE, 0xD3,
    0x17, 0x03, 0x62, 0xAB, 0xED, 0x88, 0xFA, 0x8E, 0x83, 0x1B, 0x96, 0xC7, 0x19, 0x44, 0x4B, 0xCC,
    0x36, 0xC2, 0xC4, 0xDB, 0x0E, 0x9E, 0x0B, 0x13, 0x7C, 0x2A, 0x80, 0xB5, 0xA5, 0x28, 0x3C, 0xBF,
    0x5B, 0x9D, 0x96, 0x01, 0x58, 0x7F, 0x89, 0x2F, 0xB8, 0x7C, 0x81, 0x9F, 0xF0, 0x13, 0xDC, 0x38,
    0x0B, 0x9D, 0x93, 0xB7, 0xF9, 0x09, 0xF3, 0xB6, 0x93, 0x5E, 0xC2, 0xA6, 0x5F, 0xB8, 0x89, 0x22,
    0x6D, 0x97, 0xDC, 0x66, 0x6D, 0xFA, 0x5A, 0xBC, 0x45, 0xE9, 0x28, 0xBA, 0x5A, 0x05, 0x7A, 0xC5,
    0xD5, 0x96, 0x67, 0x24, 0x12, 0x8F, 0x80, 0x24, 0xFA, 0x19, 0x3F, 0x11, 0x1F, 0x44, 0x1A, 0x3E,
    0x88, 0x62, 0x1A, 0xEB, 0xFB, 0xEA, 0x69, 0x36, 0xB3, 0xB3, 0x2C, 0x11, 0x16, 0xD8, 0x0C, 0x49,
    0x4B, 0x82, 0xBF, 0xAA, 0x61, 0x6D, 0x17, 0xBC, 0x56, 0xCD, 0xC7, 0xA4, 0xE6, 0x95, 0x57, 0x2D,
    0x41, 0x88, 0x3E, 0x6E, 0xF7, 0xD1, 0x76, 0xBB, 0x3F, 0x90, 0xEC, 0x89, 0xB4, 0x78, 0xC1, 0x91,
    0xE3, 0xA5, 0x4B, 0x8E, 0x57, 0xD6, 0x4B, 0xD3, 0x92, 0xB4, 0xBB, 0xF1, 0x57, 0x6A, 0xF7, 0xAA,
    0xFD, 0x12, 0x9D, 0xF1, 0xA7, 0xB2, 0xDC, 0xF9, 0x4B, 0x9D, 0x56, 0x8A, 0x69, 0x60, 0x55, 0x03,
    0xDF, 0x18, 0x31, 0x83, 0xB4, 0xD6, 0xA0, 0x3C, 0x2B, 0x54, 0xFB, 0xC9, 0x59, 0x77, 0xEC, 0x6B,
    0xC9, 0xAB, 0xD6, 0xBC, 0xB6, 0x93, 0x66, 0x59, 0x93, 0x15, 0x94, 0xB5, 0x55, 0x58, 0xCF, 0x57,
    0xB3, 0xB1, 0xA0, 0xAF, 0x96, 0x14, 0x4E, 0xFE, 0x08, 0xB6, 0x72, 0xBE, 0xF8, 0x01, 0xC9, 0x1E,
    0xB7, 0xC1, 0xF8, 0xEA, 0x92, 0x99, 0xB4, 0x08, 0x9B, 0xC7, 0x3C, 0x06, 0x98, 0x7C, 0xF2, 0xFD,
    0x0C, 0xD3, 0xDF, 0x48, 0x30, 0x74, 0x6A, 0xD0, 0xE3, 0x2B, 0x35, 0x04, 0xAA, 0xFB, 0x6B, 0x8E,
    0x64, 0x36, 0x54, 0x05, 0xCA, 0xCA, 0x9C, 0x27, 0x60, 0xB5, 0xD0, 0x4E, 0xAC, 0xAC, 0x67, 0x1C,
    0xDD, 0x20, 0x81, 0x16, 0xD1, 0xEF, 0xF5, 0x67, 0xB1, 0xFD, 0x01, 0x32, 0x6D, 0x28, 0x28, 0xD2,
    0x3E, 0x6E, 0xF7, 0x75, 0x6E, 0xE5, 0x86, 0xF3, 0xEF, 0xDB, 0xFB, 0x9B, 0xF0, 0x9F, 0x14, 0x64,
    0x3D, 0xFD, 0x04, 0x96, 0xBA, 0xC1, 0x5B, 0x69, 0xFE, 0x18, 0xB9, 0x97, 0x89, 0x17, 0x01, 0xD3,
    0xA7, 0xE1, 0xC5, 0x74, 0x02, 0x94, 0x6F, 0x0A, 0x90, 0x1F, 0xDA, 0x1F, 0x10, 0x7C, 0xF2, 0x81,
    0x71, 0x12, 0xB6, 0x44, 0x1E, 0x6B, 0x0D, 0x9E, 0x5F, 0x80, 0x47, 0xEE, 0xDF, 0x8A, 0xE5, 0xA0,
    0x74, 0xD3, 0x40, 0x68, 0x20, 0xD8, 0xF6, 0x42, 0x19, 0x96, 0xC6, 0x49, 0x94, 0x4C, 0xC1, 0xEB,
    0x19, 0xED, 0x39, 0xF5, 0x7E, 0x6E, 0xB7, 0x72, 0x32, 0xC1, 0xED, 0xEE, 0x39, 0x95, 0xE0, 0x76,
    0x51, 0xAE, 0x96, 0xD8, 0x99, 0x3F, 0x46, 0x48, 0x2D, 0xF1, 0x3F, 0x64, 0x04, 0x4F, 0x8B, 0x0C,
    0x92, 0x7A, 0x36, 0x05, 0x6C, 0x82, 0x72, 0xBB, 0x69, 0x67, 0x06, 0xBB, 0x85, 0x61, 0x7B, 0xB9,
    0xA0, 0xEE, 0xB0, 0x1A, 0xFB, 0xFC, 0xF1, 0x09, 0x56, 0x60, 0xA7, 0xB1, 0x17, 0x00, 0xF7, 0x11,
    0xBD, 0x0E, 0x4C, 0x98, 0x5C, 0xFC, 0xB6, 0xAC, 0x2B, 0x07, 0x6F, 0xDB, 0xF6, 0xFD, 0xB8, 0xA4,
    0x14, 0x6D, 0xDF, 0x76, 0x96, 0x6E, 0x78, 0x2B, 0xCE, 0xAE, 0x2B, 0xC8, 0xAA, 0x3C, 0xF8, 0xEB,
    0x1B, 0x53, 0xD2, 0xDF, 0x4A, 0x61, 0x35, 0xF7, 0xB7, 0xE2, 0xA0, 0xBF, 0x28, 0x71, 0x02, 0x94,
    0x54, 0x02, 0x94, 0xF4, 0x07, 0x28, 0xE1, 0x5E, 0x40, 0xF5, 0x09, 0xB2, 0x5B, 0xB8, 0xBF, 0xA7,
    0x17, 0x80, 0x5D, 0xD3, 0x9E, 0xE8, 0xC5, 0x6B, 0xDA, 0x2B, 0x42, 0x93, 0xCA, 0x7E, 0xF5, 0x6B,
    0x32, 0x9B, 0xE2, 0xA8, 0xFC, 0x9D, 0x0B, 0x97, 0xFF, 0x42, 0xFC, 0x74, 0x70, 0xCB, 0xB8, 0x58,
    0xF9, 0x6A, 0x13, 0x16, 0xA8, 0x5E, 0xCF, 0x9A, 0x36, 0xF2, 0xD2, 0xF0, 0xE6, 0x55, 0x43, 0x16,
    0x23, 0x18, 0x13, 0xC8, 0xB0, 0xB6, 0xE4, 0x9B, 0x27, 0x08, 0x3C, 0x17, 0x69, 0x02, 0x92, 0x5D,
    0x0B, 0xB1, 0xC0, 0xC9, 0xC2, 0xCE, 0xC6, 0xC8, 0x4D, 0xCB, 0x8B, 0x74, 0xD0, 0x96, 0x2D, 0xD6,
    0x2E, 0x76, 0x2F, 0x1B, 0xD2, 0xD5, 0x87, 0x66, 0x04, 0x94, 0xA2, 0xC0, 0xF0, 0x46, 0x67, 0xBD,
    0xF8, 0xF4, 0x1A, 0x40, 0x22, 0x62, 0x58, 0x46, 0x04, 0xDA, 0x62, 0xF3, 0x8F, 0x99, 0xFC, 0xCB,
    0x70, 0x3A, 0xFA, 0xFC, 0xA2, 0xBA, 0xDF, 0x7B, 0xF9, 0x6B, 0xFC, 0xFE, 0xA5, 0xE6, 0xA3, 0x6C,
    0xB8, 0x80, 0xBF, 0x9B, 0x91, 0x7B, 0xF1, 0x6B, 0xAC, 0xBE, 0xE4, 0xA3, 0x47, 0x59, 0x24, 0xF6,
    0x70, 0x2F, 0x36, 0x5A, 0x54, 0x29, 0x53, 0xE9, 0x91, 0x1B, 0xB9, 0xC3, 0xEF, 0x5A, 0xBA, 0x65,
    0x62, 0x8D, 0xE4, 0x07, 0x48, 0xF8, 0x23, 0x87, 0xCD, 0xE7, 0x64, 0x11, 0x18, 0xEB, 0xDF, 0x1A,
    0x9C, 0x14, 0x91, 0xC1, 0xFA, 0x4A, 0xFE, 0xC0, 0x29, 0x36, 0x6E, 0x2E, 0x51, 0x53, 0x94, 0x9C,
    0x35, 0x2D, 0x8D, 0xF2, 0xDE, 0x03, 0x4C, 0xD9, 0x56, 0xC3, 0xF8, 0x22, 0xC4, 0xB8, 0xB1, 0xA5,
    0x1B, 0x9E, 0x64, 0x16, 0xF0, 0x59, 0xC6, 0x23, 0x8B, 0xD9, 0x75, 0x24, 0x2B, 0xB2, 0xFA, 0x19,
    0xFE, 0x1A, 0x5C, 0x23, 0x2C, 0xE4, 0x17, 0xB9, 0x7C, 0xAB, 0x5B, 0x90, 0x10, 0x38, 0x52, 0x82,
    0xB7, 0x9C, 0x0E, 0xC8, 0x9A, 0x0F, 0x9E, 0xF2, 0xA8, 0xF4, 0x23, 0x60, 0xE6, 0x7A, 0xD1, 0x7A,
    0x2C, 0xB2, 0x5E, 0x41, 0xCE, 0xCD, 0x31, 0x56, 0x84, 0xFA, 0xE4, 0xCB, 0x2A, 0xCA, 0x99, 0x64,
    0x7B, 0xF2, 0xBD, 0x8F, 0x86, 0x64, 0xD0, 0x17, 0xE2, 0x95, 0x06, 0xAB, 0x15, 0x2F, 0x6C, 0xD2,
    0x1A, 0x0D, 0x49, 0xAF, 0x25, 0xD9, 0x5B, 0xC6, 0x94, 0xC4, 0x4C, 0x8A, 0xF7, 0x99, 0x69, 0xED,
    0x36, 0xC3, 0xC8, 0x51, 0x98, 0xBD, 0xFC, 0x28, 0x7A, 0x5A, 0xA3, 0x38, 0x80, 0xA0, 0x4B, 0xB2,
    0xA4, 0x58, 0xB7, 0x64, 0xF7, 0xA2, 0x86, 0x84, 0x15, 0x75, 0xBB, 0x09, 0x77, 0xB2, 0x04, 0xF2,
    0x2A, 0x69, 0x23, 0x0C, 0x2B, 0x45, 0xAA, 0xD5, 0x10, 0xDB, 0x70, 0x2A, 0x3C, 0x5A, 0xFD, 0x15,
    0xB7, 0x9F, 0xD8, 0x28, 0x19, 0x85, 0x77, 0xD4, 0x94, 0x84, 0x46, 0x4F, 0xB6, 0x0D, 0x15, 0x89,
    0x88, 0xCC, 0xC6, 0x0A, 0x4E, 0x43, 0x3E, 0x92, 0x14, 0x47, 0xC9, 0xD6, 0x34, 0xDD, 0x00, 0x79,
    0xAB, 0x01, 0x32, 0xF3, 0x02, 0xAB, 0x81, 0x94, 0x82, 0x31, 0x95, 0xC7, 0x6B, 0xBB, 0xA9, 0x43,
    0x0D, 0xD2, 0x5F, 0xC5, 0x32, 0x43, 0xFA, 0x4D, 0xA5, 0x94, 0x4B, 0x86, 0x51, 0xEF, 0xF6, 0x83,
    0x65, 0x5A, 0x93, 0x45, 0x0F, 0xF3, 0xEE, 0xB0, 0x05, 0x1C, 0x9D, 0x90, 0x94, 0xA5, 0x9F, 0x49,
    0x1A, 0xDD, 0x01, 0x77, 0x14, 0xDB, 0xF2, 0xBA, 0xAB, 0x88, 0xFC, 0x33, 0xE3, 0x2C, 0x10, 0x8E,
    0x9F, 0xFC, 0x48, 0x81, 0x55, 0xBF, 0x03, 0xEF, 0xCF, 0x91, 0x79, 0x87, 0xF1, 0xEB, 0x49, 0xB2,
    0x13, 0xC6, 0xBF, 0x30, 0xB1, 0x0D, 0x91, 0x78, 0x24, 0xE7, 0x3B, 0x3B, 0xFE, 0x08, 0xCB, 0xB3,
    0x65, 0x8C, 0x8C, 0x97, 0x24, 0xA9, 0xF5, 0x93, 0xAA, 0xE7, 0x39, 0xB5, 0x4F, 0xF1, 0x1D, 0x2E,
    0xBF, 0x17, 0xF6, 0xBE, 0x18, 0x95, 0x20, 0xB4, 0xF9, 0x9D, 0x26, 0x56, 0xC2, 0x7F, 0x76, 0x86,
    0x76, 0x51, 0xFC, 0xBD, 0x14, 0x92, 0x04, 0xD1, 0xCA, 0xE1, 0x32, 0xC2, 0x36, 0x28, 0xD1, 0x02,
    0x31, 0x9C, 0xFD, 0xF3, 0x5C, 0x62, 0x6E, 0x81, 0xD5, 0x60, 0x1B, 0x80, 0x60, 0xFB, 0x15, 0xF1,
    0x01, 0xB5, 0x92, 0xD9, 0xED, 0x2D, 0xE2, 0x6C, 0x7A, 0x45, 0x5A, 0x7C, 0xD2, 0xCB, 0x51, 0x8C,
    0xE3, 0x64, 0x7C, 0x9E, 0xE7, 0x69, 0x83, 0xF1, 0x87, 0xAC, 0x31, 0xE6, 0xB7, 0xFE, 0x1B, 0x7E,
    0x63, 0xE3, 0xE4, 0x07, 0x31, 0x73, 0xC6, 0xFB, 0xE1, 0xEC, 0x32, 0x7E, 0x03, 0x2C, 0xDB, 0x90,
    0x92, 0x17, 0x64, 0x0B, 0xDE, 0x67, 0x7B, 0xD3, 0x83, 0xFC, 0x50, 0x32, 0xCD, 0x4A, 0xFD, 0x07,
    0x72, 0xE9, 0x0C, 0xCB, 0x80, 0x2A, 0x37, 0x97, 0x29, 0xCE, 0xE4, 0xFA, 0x28, 0x5D, 0x85, 0x14,
    0xE5, 0x6E, 0x8C, 0x81, 0x14, 0x37, 0xF4, 0x30, 0x62, 0x54, 0xB9, 0x91, 0xB9, 0x8B, 0x7B, 0xC7,
    0xE0, 0x58, 0x5F, 0x1C, 0xB2, 0xD8, 0x06, 0xC9, 0x1F, 0x0A, 0x98, 0x7E, 0xDE, 0xAF, 0xD2, 0x56,
    0xF9, 0x2D, 0xF7, 0x20, 0x74, 0x79, 0x9A, 0xCB, 0xCC, 0x07, 0xF9, 0x74, 0x40, 0x63, 0xA3, 0xF3,
    0x3A, 0x42, 0xBA, 0x5E, 0x4B, 0xF5, 0x8D, 0x24, 0xA3, 0x71, 0x85, 0x4E, 0xAC, 0xA4, 0xC8, 0x86,
    0xB6, 0x03, 0xFC, 0x22, 0x5B, 0xDF, 0x90, 0xD1, 0x8B, 0xF6, 0x69, 0x36, 0x06, 0x47, 0x00, 0x7A,
    0x00, 0x52, 0x7F, 0xF7, 0xD7, 0x2F, 0x9C, 0x55, 0x5E, 0x67, 0x9C, 0x76, 0x40, 0x2F, 0x5F, 0xF8,
    0x7E, 0xBE, 0xED, 0x9D, 0xD0, 0x1F, 0xDC, 0xE2, 0x85, 0xC6, 0x6D, 0x7E, 0x30, 0x67, 0xEB, 0x7E,
    0xBD, 0x38, 0xCC, 0x66, 0x7A, 0x72, 0x0D, 0xB9, 0xFD, 0xBD, 0x76, 0xC4, 0xCC, 0x37, 0xB9, 0x3D,
    0x75, 0xF1, 0x13, 0x09, 0x93, 0xC2, 0x74, 0xC2, 0xD4, 0xFD, 0x5C, 0xC2, 0x34, 0xBD, 0x62, 0x72,
    0xFB, 0x7E, 0xB3, 0x61, 0x47, 0x6C, 0x7F, 0x25, 0xCC, 0x2C, 0x6B, 0x32, 0x66, 0xA6, 0x3C, 0x91,
    0x30, 0xD3, 0xE4, 0x08, 0xB0, 0x23, 0x3E, 0x4D, 0x96, 0xF9, 0x82, 0xF8, 0x08, 0x8C, 0x13, 0x5B,
    0xFC, 0xBA, 0xB9, 0xD5, 0x0B, 0x27, 0xB8, 0xFA, 0x5A, 0x8E, 0xA7, 0xBC, 0x92, 0x5C, 0xA3, 0xB9,
    0xFD, 0x3D, 0x3C, 0x43, 0x43, 0xD4, 0x83, 0xAD, 0x32, 0x13, 0x95, 0xD4, 0xBE, 0xF1, 0x74, 0x85,
    0x5B, 0xCB, 0x3C, 0xCD, 0xA7, 0x79, 0x6C, 0x3E, 0xEF, 0x54, 0xCA, 0xFB, 0xCA, 0x9B, 0x2A, 0xFC,
    0x96, 0x83, 0xB2, 0x2F, 0xFA, 0x1E, 0x97, 0xC1, 0xFC, 0xD9, 0x6D, 0xE7, 0xD7, 0xB3, 0x40, 0x8A,
    0x46, 0xE5, 0xD3, 0x36, 0x95, 0x0C, 0x00, 0xBC, 0xE9, 0x15, 0x20, 0x7D, 0x45, 0xF3, 0xDA, 0x9B,
    0xA8, 0xB3, 0x39, 0x39, 0x88, 0x15, 0x76, 0x3D, 0xB0, 0x12, 0x73, 0x19, 0x8C, 0x94, 0xED, 0x00,
    0x1A, 0x75, 0x44, 0xD9, 0x8C, 0x00, 0xBD, 0xB7, 0x43, 0x94, 0x8C, 0xD4, 0x0A, 0x55, 0x87, 0x06,
    0x0B, 0x0E, 0x92, 0xF6, 0x9D, 0x74, 0x15, 0x1B, 0x04, 0xAE, 0xAE, 0xB2, 0x85, 0xBF, 0x50, 0x7E,
    0xFA, 0x20, 0x19, 0x8F, 0x01, 0x71, 0xB2, 0x43, 0x60, 0xB6, 0xCC, 0xC1, 0x16, 0xF1, 0xD9, 0x0F,
    0xE3, 0x39, 0xB0, 0x77, 0xEB, 0x76, 0xA6, 0x9A, 0xC2, 0x46, 0x48, 0xD0, 0x27, 0xB0, 0x80, 0x3A,
    0xFB, 0x2A, 0xEB, 0x1A, 0xD4, 0xBB, 0xA5, 0xEB, 0x6B, 0x36, 0xCB, 0x62, 0x1D, 0x12, 0x96, 0x70,
    0x8C, 0x87, 0xB4, 0x20, 0x7B, 0xAF, 0x65, 0xB9, 0xFA, 0xE7, 0x3F, 0x02, 0xEF, 0xFC, 0x45, 0x28,
    0xDD, 0x67, 0x7E, 0x8F, 0xAC, 0x33, 0xFF, 0xEA, 0x87, 0xDE, 0x33, 0xA5, 0xE8, 0xA5, 0xC6, 0xD8,
    0x9A, 0x9D, 0x9B, 0x06, 0xBB, 0xDD, 0xE0, 0x4F, 0x03, 0x23, 0xAE, 0x5C, 0xAA, 0x91, 0x2A, 0x43,
    0x36, 0x96, 0xA2, 0xCD, 0xF0, 0xE4, 0x04, 0xF2, 0x2D, 0x92, 0x18, 0x4A, 0x1A, 0x8A, 0x1C, 0xA7,
    0xCE, 0x03, 0xE6, 0xA3, 0x4E, 0x49, 0x0B, 0xAA, 0xA7, 0xA4, 0xFC, 0xB5, 0xAD, 0xB7, 0x33, 0x43,
    0x6C, 0x9A, 0x26, 0x76, 0x2A, 0xB0, 0xC5, 0x2D, 0x3B, 0x6C, 0x62, 0x9B, 0x96, 0x23, 0x80, 0x56,
    0x00, 0x5B, 0x46, 0x83, 0x7D, 0xA0, 0xBC, 0xDB, 0x67, 0xEF, 0x29, 0xCF, 0xC1, 0x6F, 0x5E, 0x50,
    0x40, 0x4E, 0xE5, 0x42, 0xA7, 0x6C, 0xC5, 0x05, 0x97, 0x4F, 0xC1, 0x18, 0x0A, 0x70, 0xB4, 0x17,
    0xE0, 0x67, 0x2F, 0x0C, 0x03, 0x38, 0x94, 0xC9, 0xD7, 0xD9, 0xA0, 0xBE, 0xDE, 0x95, 0x38, 0x78,
    0xAC, 0xE3, 0xB7, 0x3A, 0x39, 0x98, 0x3A, 0x3C, 0xB6, 0x93, 0x4D, 0x8B, 0x46, 0xA5, 0x30, 0x53,
    0x29, 0xB4, 0xC0, 0x5C, 0xA1, 0xB2, 0xB2, 0xEC, 0xF0, 0xE1, 0x6A, 0x5C, 0xD6, 0x76, 0x5D, 0x8B,
    0x2C, 0xDC, 0x8C, 0x90, 0xF0, 0x86, 0x96, 0xC2, 0xC5, 0x4C, 0xA9, 0xF7, 0x2E, 0xB6, 0x26, 0xCC,
    0xA8, 0x89, 0xBD, 0x8B, 0x2A, 0x69, 0x38, 0x3E, 0x1D, 0x59, 0x0A, 0x90, 0x46, 0x44, 0x45, 0x29,
    0x7C, 0xA9, 0x6D, 0xD1, 0xD9, 0x71, 0x28, 0x79, 0xB2, 0xC8, 0x20, 0x2D, 0x8B, 0x0C, 0xD2, 0x16,
    0x8B, 0xAA, 0x20, 0xA5, 0x35, 0xE9, 0x1D, 0x7C, 0xCF, 0xDF, 0xC0, 0x75, 0x2A, 0x2A, 0x45, 0x5A,
    0x6B, 0xAB, 0xFF, 0xEA, 0x38, 0x1C, 0xD6, 0xBA, 0x0C, 0x02, 0xF8, 0xEF, 0x75, 0x57, 0xA5, 0x34,
    0xC0, 0x9D, 0x16, 0x7F, 0x6F, 0x67, 0x74, 0x76, 0xF6, 0x90, 0xA3, 0x36, 0xEB, 0x6B, 0xFF, 0xAE,
    0x55, 0x8E, 0x32, 0x5C, 0xC3, 0xF1, 0x06, 0x70, 0xB5, 0x69, 0xB6, 0x03, 0x24, 0x85, 0x54, 0xC7,
    0x66, 0x69, 0x6F, 0x3B, 0x6B, 0x21, 0xA6, 0x62, 0x47, 0x8D, 0x4D, 0x26, 0x0F, 0xE7, 0x26, 0xB3,
    0x48, 0x9B, 0x36, 0x99, 0x73, 0x54, 0xD9, 0x64, 0xFE, 0x13, 0xAA, 0x6C, 0xDE, 0xCE, 0x56, 0x5E,
    0x29, 0x62, 0x7A, 0xDB, 0x64, 0x52, 0x1D, 0xC0, 0xA9, 0x31, 0x18, 0x02, 0x20, 0x01, 0x6C, 0x9F,
    0x33, 0xD8, 0xCC, 0x2A, 0x66, 0xB0, 0x29, 0xD6, 0xA1, 0xCB, 0xED, 0x05, 0xC0, 0x35, 0x95, 0x36,
    0x24, 0xBF, 0xC3, 0xE5, 0xF2, 0xDC, 0xAF, 0x52, 0xF6, 0x4D, 0x36, 0x5A, 0x5B, 0x65, 0x63, 0x50,
    0x66, 0x44, 0x87, 0x73, 0xB9, 0x0B, 0x58, 0x7C, 0x5C, 0x96, 0xDD, 0x32, 0x93, 0x4F, 0x43, 0x3C,
    0x54, 0xEC, 0x68, 0xD1, 0xA9, 0x24, 0xCB, 0x93, 0xFD, 0x15, 0xE4, 0xE0, 0x01, 0x94, 0xA2, 0xEF,
    0x51, 0x2E, 0xF5, 0x34, 0x38, 0x6E, 0x0D, 0x7E, 0xCC, 0x23, 0x3A, 0x4F, 0x1C, 0x5B, 0x2F, 0x35,
    0xED, 0x45, 0xE6, 0x1E, 0x06, 0x1B, 0xE5, 0x81, 0xE9, 0x3E, 0x78, 0xC2, 0x1F, 0xA0, 0x6D, 0xDB,
    0x0E, 0x16, 0x31, 0xCC, 0xFD, 0xED, 0xE0, 0x74, 0xAA, 0x2C, 0x8B, 0xE3, 0x0E, 0xEE, 0x2D, 0xEB,
    0x3E, 0xBF, 0x00, 0x32, 0x07, 0x2D, 0xC3, 0x7D, 0xF2, 0xE4, 0xB3, 0xA6, 0x6B, 0x6E, 0x75, 0x4D,
    0xB6, 0xB3, 0x96, 0xAC, 0x68, 0x74, 0xC7, 0xB8, 0xBD, 0x7D, 0x29, 0x49, 0x59, 0xF3, 0x3F, 0xDA,
    0x54, 0x32, 0xF9, 0x0D, 0xA6, 0xCC, 0x44, 0x92, 0xFE, 0x39, 0x80, 0x89, 0x53, 0x73, 0x3B, 0x5B,
    0xF7, 0x66, 0x84, 0x53, 0x4A, 0xEE, 0x28, 0x9B, 0x6A, 0xC9, 0x76, 0xA2, 0x95, 0x3E, 0x8F, 0x0C,
    0xB2, 0xAB, 0x66, 0xCE, 0x23, 0xAB, 0xBD, 0x6B, 0xB7, 0xBE, 0x5A, 0x86, 0xB5, 0xB4, 0x30, 0x83,
    0x24, 0xEA, 0x8C, 0x16, 0x9A, 0x4C, 0x0C, 0x35, 0x1B, 0x1F, 0xFF, 0x93, 0x6D, 0x4E, 0xD7, 0x30,
    0xB8, 0x4E, 0x85, 0x91, 0xD4, 0xFE, 0x07, 0xB2, 0x49, 0xD5, 0xBD, 0x90, 0x99, 0xA5, 0x06, 0x7C,
    0xAF, 0x6B, 0x64, 0xFD, 0x31, 0x3F, 0x82, 0xB6, 0x6B, 0x23, 0xF7, 0x94, 0xF1, 0x79, 0x0F, 0xAE,
    0x36, 0x75, 0x11, 0xFB, 0xC1, 0x52, 0x1D, 0xCB, 0x05, 0xF4, 0x86, 0x99, 0x61, 0xD9, 0xBB, 0x64,
    0x65, 0x58, 0x16, 0x3D, 0xF5, 0x81, 0x4C, 0x8E, 0x12, 0xDF, 0xF8, 0x68, 0x86, 0xC7, 0xB0, 0x96,
    0x63, 0x3D, 0xB1, 0x5A, 0x73, 0x32, 0x16, 0x1B, 0x03, 0xB5, 0x0C, 0x26, 0x5A, 0xBD, 0x92, 0x82,
    0xFA, 0xA2, 0x50, 0x83, 0x44, 0xAF, 0x20, 0x41, 0xB4, 0x79, 0x84, 0xDC, 0x4A, 0x0D, 0x2D, 0x92,
    0x8D, 0x7B, 0x0F, 0xCE, 0x21, 0x17, 0xC4, 0x63, 0x49, 0x5B, 0xFB, 0x9D, 0x9F, 0x43, 0x45, 0xF6,
    0x4A, 0x68, 0xD7, 0xC5, 0x12, 0xB0, 0xBA, 0xF5, 0x53, 0x24, 0x2A, 0xEC, 0x87, 0x68, 0x6C, 0xF6,
    0x4F, 0xB1, 0xC6, 0xF5, 0xE4, 0x43, 0xE7, 0xEF, 0xA6, 0xC4, 0x13, 0xB6, 0x9F, 0xA3, 0x62, 0x6D,
    0x7F, 0x7D, 0x82, 0x36, 0xD5, 0xFA, 0x47, 0x42, 0x6E, 0x57, 0xF2, 0xD5, 0x6B, 0xB2, 0x1A, 0xB5,
    0x26, 0xCB, 0x84, 0x6B, 0xF2, 0xE1, 0xA8, 0x9D, 0x63, 0xCB, 0x52, 0x0C, 0xDB, 0x8C, 0xB1, 0x51,
    0x49, 0x1A, 0x6E, 0x55, 0x81, 0x61, 0x8C, 0x83, 0x63, 0xB8, 0x83, 0x7A, 0xDD, 0x38, 0x58, 0xBB,
    0xD7, 0xD7, 0xA3, 0xD0, 0xE9, 0x6C, 0x7B, 0x0D, 0xCA, 0x42, 0x4A, 0x84, 0xBB, 0x82, 0x1D, 0x0A,
    0x8B, 0x8C, 0xB9, 0x47, 0xCB, 0x87, 0x84, 0x9B, 0x1B, 0xDA, 0xEE, 0xF2, 0x3D, 0x63, 0x12, 0xD4,
    0x4B, 0xED, 0x50, 0xBB, 0x65, 0xC6, 0x0A, 0x97, 0x64, 0xCB, 0xC3, 0x8B, 0x2B, 0xE6, 0x51, 0xD0,
    0x3A, 0x8D, 0x8F, 0x24, 0x50, 0x9C, 0x42, 0xE2, 0x7C, 0xFC, 0xC4, 0x72, 0xF9, 0x8B, 0x4F, 0x09,
    0x69, 0xFE, 0x26, 0x27, 0xDD, 0x01, 0x37, 0x9C, 0x65, 0x50, 0x6A, 0x0A, 0x3B, 0x4D, 0x95, 0xC7,
    0xE3, 0x50, 0x30, 0x3F, 0xBB, 0x7A, 0x88, 0xC5, 0x58, 0x02, 0xEB, 0xDD, 0x12, 0x85, 0xD4, 0xE1,
    0xF1, 0xE4, 0xA6, 0xA9, 0xA8, 0x79, 0xFD, 0xA6, 0x3D, 0x27, 0x93, 0xF4, 0xE9, 0x27, 0x4E, 0x26,
    0xD7, 0x37, 0x19, 0x8C, 0xBA, 0x38, 0xA5, 0x18, 0xDC, 0x0D, 0x25, 0xA2, 0xC8, 0xDA, 0x2F, 0xF6,
    0x73, 0x87, 0xC5, 0x17, 0xFD, 0x22, 0x8A, 0xEC, 0x89, 0xEC, 0xDD, 0x2C, 0x7D, 0x8A, 0x16, 0x6D,
    0x58, 0x33, 0xA8, 0x8B, 0x3B, 0xA1, 0x8E, 0xB4, 0xFF, 0x1A, 0xC9, 0xB7, 0x0E, 0x71, 0xA4, 0xB7,
    0xD7, 0x5C, 0x18, 0x58, 0x73, 0x21, 0x0A, 0x81, 0x59, 0x5E, 0x62, 0x2E, 0x6F, 0xFE, 0x2D, 0x13,
    0xD8, 0x46, 0x16, 0xCC, 0x7A, 0x23, 0xDD, 0x3B, 0x97, 0x77, 0xD3, 0x76, 0xBD, 0x47, 0x56, 0x79,
    0x2D, 0x6B, 0xA3, 0x39, 0xB0, 0x6F, 0xC7, 0x8E, 0x71, 0x27, 0x9D, 0x96, 0x7D, 0xEE, 0xA3, 0x50,
    0x7D, 0x42, 0x46, 0x8E, 0xE2, 0x78, 0x62, 0xEB, 0xB4, 0x7D, 0x01, 0xC9, 0x7E, 0xAC, 0x35, 0x96,
    0x77, 0x8F, 0x2B, 0x2D, 0x63, 0x18, 0x82, 0xE5, 0x08, 0x3E, 0x45, 0x88, 0xCD, 0xFD, 0x7B, 0x31,
    0x17, 0xD2, 0x86, 0x6A, 0x44, 0xF5, 0x84, 0x92, 0x7B, 0xEF, 0xBD, 0xBB, 0x4C, 0xC5, 0x22, 0xE2,
    0x0C, 0xFD, 0x6B, 0x64, 0x2F, 0x0B, 0x47, 0x17, 0x39, 0x76, 0xF9, 0xEC, 0x27, 0x70, 0xCC, 0x5D,
    0xC8, 0x46, 0x6F, 0x30, 0x4C, 0x3B, 0xF7, 0x75, 0x1F, 0x1F, 0x9F, 0x04, 0x3C, 0xD9, 0x90, 0x12,
    0x79, 0xCA, 0x87, 0xCD, 0xD3, 0xF4, 0x4D, 0x39, 0xB6, 0xB0, 0x94, 0x17, 0xF6, 0xD5, 0x1A, 0x59,
    0x30, 0xD2, 0xC6, 0x03, 0x09, 0x9D, 0xAB, 0x45, 0x10, 0x2A, 0xD4, 0xBD, 0xBB, 0x1D, 0xEA, 0xAE,
    0x53, 0x82, 0x85, 0x40, 0x35, 0x91, 0x6E, 0xEA, 0x61, 0x82, 0x46, 0x91, 0xAA, 0x61, 0x2E, 0x6E,
    0x94, 0xAD, 0x5B, 0xF0, 0xA1, 0xA2, 0xA8, 0xC1, 0x28, 0x30, 0x96, 0x23, 0xA8, 0x7A, 0x6C, 0xE3,
    0x5B, 0xBE, 0x05, 0x13, 0x7F, 0x23, 0xD7, 0x32, 0xAC, 0xAA, 0x6F, 0xA7, 0x69, 0x1B, 0x5E, 0x36,
    0x5A, 0x32, 0xED, 0xCC, 0xEE, 0xDD, 0x23, 0x2C, 0x4A, 0x12, 0x99, 0x02, 0x03, 0xAB, 0xCE, 0xC0,
    0xF8, 0x2E, 0xC0, 0xED, 0x1F, 0x49, 0x27, 0xD6, 0x47, 0x3F, 0xD8, 0xFD, 0xD1, 0xA9, 0x9F, 0xBD,
    0xCE, 0x5A, 0xC7, 0xCC, 0x27, 0xD2, 0x89, 0x9E, 0x3F, 0xE3, 0x0B, 0xAB, 0xFF, 0x33, 0x83, 0xF4,
    0x9F, 0xF3, 0xD5, 0xA1, 0xAF, 0xFC, 0x6D, 0x3A, 0x51, 0xF8, 0xB3, 0xAF, 0xA7, 0x13, 0x9B, 0x66,
    0x90, 0xF7, 0x36, 0x93, 0x29, 0xEF, 0xA6, 0xB1, 0x1E, 0xD6, 0x5E, 0x5C, 0x10, 0xAB, 0xE6, 0x6B,
    0x92, 0x3A, 0x63, 0x9C, 0x1D, 0x23, 0x93, 0xAD, 0x86, 0x06, 0x8D, 0xE4, 0xB2, 0x3C, 0xEF, 0xC3,
    0x85, 0x4F, 0x3F, 0xC8, 0x66, 0x4D, 0xFD, 0xA5, 0x33, 0x3C, 0x91, 0xFF, 0xDD, 0x9D, 0x17, 0xDD,
    0x15, 0x0B, 0x73, 0x2D, 0xED, 0x2D, 0x36, 0x74, 0xA2, 0x1D, 0x0F, 0x31, 0xF5, 0xBD, 0xBC, 0xC4,
    0xC6, 0x4D, 0xCF, 0xF9, 0x7E, 0xD6, 0xC6, 0xD2, 0xAF, 0xC2, 0x77, 0x99, 0x7E, 0x05, 0x62, 0xC9,
    0x79, 0xE5, 0xBD, 0xB0, 0x6D, 0x5E, 0xC2, 0x7A, 0xB0, 0x4D, 0xA1, 0xB8, 0x80, 0x43, 0xEA, 0xAB,
    0x8B, 0xE0, 0x1A, 0x44, 0xDF, 0xD6, 0x4A, 0xE7, 0x40, 0xEE, 0xEF, 0x45, 0x36, 0xC3, 0xDB, 0x12,
    0xAC, 0xA3, 0x71, 0xBB, 0x28, 0xC9, 0x14, 0x7A, 0xF9, 0xD8, 0x92, 0xE8, 0x11, 0x92, 0x31, 0xF9,
    0x9E, 0x0F, 0xE0, 0x9E, 0xEC, 0xFA, 0x07, 0xCA, 0xDB, 0x69, 0x4A, 0x32, 0x8F, 0xE9, 0xF9, 0x6F,
    0x1C, 0x78, 0x98, 0xAE, 0x3B, 0xAB, 0x9F, 0xF4, 0x28, 0xFD, 0xA2, 0x71, 0xC0, 0xA3, 0xDC, 0x19,
    0x40, 0xE7, 0xCC, 0xED, 0xC6, 0x83, 0xB4, 0xE9, 0x74, 0xD2, 0x38, 0x40, 0x83, 0x41, 0x11, 0xDE,
    0xD2, 0xD3, 0x75, 0xEC, 0xE0, 0x3E, 0xED, 0xC2, 0x03, 0xE9, 0xB6, 0xE2, 0x49, 0x08, 0xE0, 0x35,
    0x4D, 0x64, 0x7F, 0x8E, 0xE6, 0x98, 0xA2, 0x86, 0x0B, 0x4C, 0x5B, 0x56, 0xAD, 0x40, 0x69, 0xE3,
    0xFB, 0x00, 0xBF, 0x01, 0xCF, 0xF9, 0xDD, 0x9B, 0xCB, 0xE3, 0x53, 0x11, 0x04, 0xFE, 0x19, 0x26,
    0xAB, 0xEB, 0xFE, 0x66, 0xDF, 0x4D, 0x8F, 0xA4, 0xFF, 0x27, 0x83, 0xA1, 0x17, 0x0E, 0x45, 0xCD,
    0xC2, 0x0B, 0x3F, 0xB8, 0xEF, 0x91, 0xCA, 0xE9, 0xEF, 0xDD, 0xF4, 0x48, 0xFF, 0x99, 0x3F, 0xBC,
    0xE9, 0x11, 0x7A, 0x3E, 0x71, 0xD3, 0x7F, 0x24, 0xAF, 0x87, 0x46, 0x34, 0xB7, 0x87, 0x95, 0x4F,
    0xD6, 0x65, 0x37, 0xE5, 0xD8, 0x54, 0xA9, 0x3A, 0xD8, 0x1E, 0x3A, 0xCC, 0x15, 0x68, 0xE4, 0x16,
    0x3F, 0x5D, 0xA1, 0x61, 0x16, 0x4A, 0x65, 0x56, 0x7A, 0xD2, 0xF0, 0xB9, 0x04, 0x8E, 0xEE, 0x91,
    0x39, 0x34, 0xC7, 0x70, 0x60, 0xA0, 0xA1, 0x63, 0x4C, 0xAB, 0x5F, 0xF1, 0x48, 0xFB, 0x4E, 0xE1,
    0x2B, 0xAC, 0x2A, 0xFC, 0xBF, 0x85, 0xAF, 0x9C, 0xA5, 0x77, 0xFC, 0x55, 0xE1, 0x65, 0x8F, 0xDE,
    0xF1, 0xBD, 0xC2, 0x1B, 0x1E, 0xDD, 0xFC, 0xDD, 0xC2, 0x9B, 0x1E, 0xED, 0x39, 0x71, 0xF3, 0x4F,
    0x3D, 0xFA, 0x1D, 0xFF, 0xDD, 0xCF, 0x61, 0xF5, 0xDB, 0xAD, 0x5B, 0xB9, 0x6F, 0xDE, 0xBB, 0x29,
    0x25, 0x0A, 0x46, 0x98, 0x4B, 0x1A, 0x9E, 0x02, 0x79, 0xB5, 0xA7, 0xC1, 0x44, 0xBC, 0x8D, 0x44,
    0x9C, 0xE1, 0xC2, 0x14, 0xBD, 0x16, 0x5F, 0xC1, 0x65, 0x23, 0x83, 0xE9, 0xB8, 0x74, 0xAD, 0xA3,
    0x76, 0xDC, 0xBF, 0x9D, 0x7D, 0x42, 0x71, 0xF0, 0x27, 0x94, 0x4D, 0xFC, 0x4F, 0x3E, 0xE4, 0x57,
    0xC9, 0x78, 0xF0, 0xF9, 0x67, 0x43, 0x32, 0xDF, 0xF7, 0xC6, 0x25, 0x08, 0xAA, 0x37, 0xB9, 0xFC,
    0xED, 0xEE, 0x8D, 0x3E, 0x42, 0xCD, 0xB7, 0xF9, 0x49, 0xB8, 0xAD, 0x19, 0xD3, 0x92, 0x14, 0x32,
    0xB9, 0x24, 0xE9, 0x25, 0xAC, 0xDD, 0x8F, 0x5E, 0xF6, 0xD7, 0x50, 0x52, 0x7B, 0xF9, 0xF8, 0x02,
    0x97, 0xBC, 0xFC, 0xBA, 0x87, 0x92, 0x73, 0x84, 0x12, 0x26, 0x35, 0x2E, 0xF1, 0x4D, 0xB9, 0xD3,
    0xA2, 0x64, 0xF6, 0x34, 0x93, 0x5A, 0x4F, 0x6F, 0x9B, 0xD4, 0xEC, 0x85, 0xB4, 0xBD, 0x94, 0x9C,
    0x48, 0x27, 0x3F, 0xBA, 0xDA, 0xD9, 0xFD, 0xFE, 0xC4, 0xEA, 0x5B, 0xA2, 0xEF, 0x25, 0x56, 0x3B,
    0xE9, 0x44, 0x82, 0x2F, 0x24, 0x12, 0x7C, 0x21, 0x91, 0x58, 0xBD, 0x79, 0xF7, 0x47, 0x13, 0xAB,
    0x6F, 0x8D, 0x7E, 0xC2, 0x17, 0x0A, 0xB8, 0x50, 0x49, 0x24, 0x32, 0x13, 0x4F, 0x26, 0x12, 0x69,
    0xE7, 0xCF, 0xFF, 0x90, 0xC1, 0xE9, 0xEF, 0xED, 0x1E, 0xDA, 0xFC, 0xDA, 0x0F, 0x8E, 0x0C, 0xDD,
    0x7A, 0xF9, 0x27, 0x50, 0x0D, 0x3F, 0x4A, 0x37, 0x35, 0x20, 0x7B, 0x5D, 0x58, 0xE4, 0x7D, 0x71,
    0x34, 0x3F, 0xA1, 0x76, 0x70, 0x60, 0xDD, 0x63, 0x12, 0x9B, 0x05, 0xB4, 0x7E, 0x2B, 0xCB, 0x70,
    0x8C, 0xB2, 0xAB, 0xDD, 0xB3, 0x13, 0xB6, 0x93, 0x0A, 0x1D, 0x55, 0x0C, 0xF0, 0xFA, 0xD0, 0x38,
    0xCB, 0x44, 0x14, 0x1D, 0x60, 0xE3, 0x61, 0xD5, 0x9D, 0x07, 0xBC, 0xD3, 0xB4, 0xEA, 0x43, 0x07,
    0xDC, 0x33, 0xB4, 0xEA, 0xA6, 0xCF, 0xB2, 0xE1, 0xB7, 0xEA, 0xDD, 0x8F, 0xD0, 0x31, 0x5A, 0xA5,
    0xFF, 0x6B, 0x64, 0x7D, 0x6C, 0x3F, 0xCF, 0x5C, 0xA4, 0x14, 0xC1, 0x6E, 0x1C, 0xB8, 0xE9, 0x80,
    0xCB, 0x3C, 0xFD, 0xA6, 0x87, 0x10, 0x54, 0xBA, 0xC9, 0x0B, 0x42, 0xC0, 0x4F, 0xFA, 0xB4, 0xFA,
    0x26, 0xC8, 0xCC, 0xB4, 0xEE, 0x4D, 0xB9, 0x6C, 0xDD, 0x3E, 0xF4, 0x66, 0x83, 0x35, 0xDF, 0x43,
    0xDE, 0x14, 0x0D, 0xE6, 0x25, 0x6C, 0x24, 0x79, 0x09, 0x36, 0x92, 0x3B, 0xB0, 0xE8, 0x83, 0x85,
    0x6F, 0x08, 0x37, 0x0F, 0x73, 0xE0, 0xB3, 0xDB, 0x0F, 0x8E, 0x09, 0xCF, 0x79, 0xA7, 0x9F, 0xC0,
    0x77, 0x61, 0x97, 0x03, 0x5C, 0xD0, 0xCF, 0xB2, 0xC2, 0x85, 0xC9, 0xED, 0x6F, 0x07, 0x41, 0x56,
    0x01, 0x24, 0x75, 0xD9, 0x1E, 0x4E, 0x96, 0xB9, 0xA6, 0x10, 0xE5, 0xBF, 0x5E, 0x8C, 0xEE, 0x64,
    0x6B, 0x8F, 0x26, 0x46, 0xD4, 0xBB, 0xCB, 0x4C, 0xAE, 0x3C, 0x8D, 0xF2, 0xD1, 0x61, 0x5B, 0xD6,
    0x73, 0xE7, 0x25, 0x9D, 0xEA, 0x28, 0xBC, 0x4D, 0xFA, 0x4F, 0xF9, 0x05, 0x86, 0xAC, 0xDB, 0x7F,
    0xC8, 0xD8, 0xB4, 0x05, 0x06, 0x0E, 0x33, 0xD3, 0xD7, 0xB1, 0xD7, 0xE5, 0x31, 0x98, 0xE4, 0xE6,
    0x39, 0xBA, 0x97, 0x47, 0x4A, 0xEC, 0xEF, 0xB0, 0x86, 0xD0, 0xBC, 0x0F, 0x88, 0x95, 0x7B, 0x50,
    0x2A, 0x50, 0x0E, 0x4B, 0xAE, 0x12, 0x9B, 0xFA, 0x55, 0xA6, 0x55, 0x8D, 0xF5, 0xCA, 0xA5, 0xCE,
    0xCE, 0x59, 0x85, 0x64, 0x3B, 0x97, 0x6E, 0x8E, 0x35, 0x72, 0x2D, 0x44, 0xB0, 0x1D, 0x0B, 0x57,
    0xF2, 0x00, 0x0E, 0x40, 0x7F, 0xBC, 0x8E, 0xE5, 0x5A, 0x00, 0x1B, 0xE2, 0x4D, 0xD3, 0x57, 0x97,
    0xB9, 0x6C, 0x5B, 0x0B, 0x7B, 0x77, 0xB7, 0x17, 0xF6, 0x2A, 0x47, 0x35, 0xE4, 0xE2, 0xD8, 0xB2,
    0xC5, 0x6F, 0x71, 0x86, 0xA0, 0xF6, 0x0B, 0x51, 0x22, 0x4E, 0x22, 0x3F, 0xEF, 0x98, 0x7E, 0x22,
    0xA4, 0xF5, 0x3F, 0xC1, 0x1E, 0x45, 0x23, 0x09, 0x59, 0x6E, 0x97, 0x90, 0x40, 0x59, 0x62, 0x3D,
    0xD2, 0xE1, 0xB3, 0xCD, 0xDB, 0xF0, 0xB1, 0x3E, 0x97, 0x19, 0x27, 0xFC, 0xEE, 0x3D, 0x2D, 0x9D,
    0xFE, 0x7C, 0x79, 0x5B, 0x97, 0xF3, 0x7F, 0x9B, 0x7F, 0xED, 0x30, 0xC1, 0xB5, 0xEE, 0x34, 0x25,
    0x35, 0xCD, 0x12, 0x38, 0xA0, 0x05, 0x7D, 0xF8, 0xF0, 0x45, 0x60, 0x61, 0xE1, 0x17, 0xC3, 0x12,
    0xD2, 0xBF, 0x28, 0x5E, 0x55, 0x39, 0xD6, 0x0A, 0xE8, 0x8F, 0x61, 0x69, 0x08, 0x34, 0x9B, 0x10,
    0x7B, 0x67, 0xA7, 0x2E, 0x26, 0x44, 0xD3, 0xFD, 0x20, 0x4A, 0x2C, 0x1C, 0x53, 0x46, 0x60, 0x51,
    0xE0, 0x1C, 0xEE, 0xD4, 0x17, 0x71, 0x6C, 0xBD, 0xF6, 0x7E, 0x86, 0x23, 0x2F, 0x3F, 0xC7, 0x25,
    0x9B, 0xC2, 0xBE, 0x17, 0x51, 0x0F, 0xB2, 0x42, 0x18, 0xDE, 0x0E, 0x68, 0xC3, 0xB8, 0x0B, 0x47,
    0x60, 0xF5, 0xBD, 0xD4, 0xC0, 0x07, 0xA7, 0xC7, 0x5C, 0x15, 0x02, 0xEA, 0xE7, 0xA1, 0x65, 0x0D,
    0x3E, 0x91, 0xA3, 0x8B, 0xE3, 0x76, 0xF4, 0xB3, 0x28, 0x4A, 0x20, 0xA5, 0xD2, 0x8E, 0xDE, 0x24,
    0x94, 0xCD, 0x2F, 0xD9, 0x9D, 0x15, 0x55, 0xD2, 0x29, 0xE9, 0xE5, 0x35, 0x8F, 0xCC, 0x2D, 0x7E,
    0x2F, 0xDD, 0xC3, 0x9D, 0xCC, 0x9F, 0xE3, 0xDE, 0xAD, 0x91, 0xE4, 0xB6, 0x38, 0x58, 0xAC, 0x49,
    0x6A, 0xD7, 0x1D, 0x70, 0xF6, 0xDE, 0x81, 0x2F, 0x7E, 0x5B, 0xAB, 0xA8, 0x9A, 0xA0, 0x64, 0x86,
    0xEA, 0xAB, 0xB9, 0x87, 0x6F, 0x04, 0xAC, 0xB5, 0x0C, 0xCD, 0x6F, 0x5D, 0xA0, 0x55, 0x43, 0x87,
    0x3F, 0x0B, 0x85, 0xEE, 0x8D, 0x53, 0xD8, 0x65, 0xF3, 0x49, 0x9E, 0xCB, 0xE4, 0xD0, 0x53, 0xDB,
    0xCB, 0x0C, 0x8F, 0x99, 0xC0, 0x03, 0xAC, 0xE8, 0x48, 0xCA, 0x26, 0x46, 0xAB, 0xE9, 0x30, 0x97,
    0xB3, 0x4A, 0x64, 0x62, 0x71, 0x25, 0xE0, 0x26, 0x1B, 0xA9, 0x3D, 0x4C, 0x7A, 0x50, 0xB3, 0x25,
    0x5B, 0xB7, 0xBD, 0x35, 0x51, 0xDB, 0xE6, 0x5C, 0x6C, 0xA9, 0x84, 0x4B, 0xEA, 0x96, 0xAB, 0x9D,
    0xAA, 0x30, 0x93, 0x24, 0x9E, 0x79, 0x58, 0xB2, 0x27, 0xA0, 0x3B, 0x0F, 0x4D, 0x32, 0x65, 0xAF,
    0xC7, 0xEB, 0xB8, 0xC9, 0xD6, 0xE2, 0xD1, 0x54, 0x19, 0xC7, 0x25, 0xA4, 0x49, 0x75, 0x96, 0x93,
    0x4A, 0x4C, 0x6A, 0xD7, 0xA1, 0x59, 0x8A, 0x77, 0xD6, 0x8E, 0x4B, 0x3A, 0x4F, 0x65, 0x25, 0xE0,
    0x98, 0xB9, 0x13, 0x30, 0x6D, 0xAC, 0x84, 0xF1, 0xD5, 0x72, 0x27, 0x47, 0xD6, 0x8E, 0xDE, 0x27,
    0x6F, 0x69, 0x0B, 0x03, 0x70, 0x65, 0x67, 0x68, 0x7F, 0x45, 0x1E, 0x2B, 0xBE, 0x98, 0x95, 0x13,
    0x82, 0x98, 0x14, 0x45, 0x1A, 0x1B, 0xB3, 0xDE, 0x21, 0x25, 0x96, 0x08, 0x11, 0xC9, 0x75, 0xBB,
    0x13, 0x30, 0x6D, 0xB4, 0xA0, 0x29, 0xD0, 0x92, 0xAB, 0x6C, 0xB3, 0x97, 0xB1, 0x32, 0xA9, 0x47,
    0x32, 0xD3, 0xEC, 0xC8, 0x12, 0x63, 0xD1, 0xBA, 0xD3, 0xE7, 0x16, 0x2D, 0x7C, 0xE1, 0x2C, 0x7A,
    0x44, 0x3F, 0x8E, 0xD7, 0xD7, 0x4F, 0x8A, 0x5B, 0xEF, 0x45, 0xBE, 0x67, 0x42, 0xB6, 0x9B, 0xAD,
    0xC5, 0x61, 0x2F, 0x3C, 0x55, 0x12, 0xCC, 0x59, 0x05, 0xFF, 0x6F, 0x64, 0xBA, 0x21, 0x65, 0xB6,
    0xEB, 0x27, 0x7D, 0x4A, 0x9B, 0xF4, 0x96, 0x0B, 0xB8, 0x1F, 0x5F, 0x6B, 0xC7, 0x4E, 0x84, 0xD9,
    0x28, 0x7B, 0xA6, 0xC1, 0x2D, 0xC2, 0x2D, 0xDB, 0x23, 0x11, 0x77, 0xBB, 0x99, 0x2A, 0xAB, 0x05,
    0x16, 0xCD, 0x78, 0x51, 0x48, 0x29, 0x72, 0x13, 0xA8, 0x37, 0x5E, 0xAA, 0xCB, 0xD0, 0x6E, 0x26,
    0xD4, 0x97, 0x4B, 0x15, 0xB4, 0x9B, 0x28, 0x49, 0x96, 0xE3, 0x92, 0xDE, 0x71, 0xC0, 0xAC, 0xDC,
    0x93, 0x5E, 0xB5, 0x12, 0x66, 0xEE, 0xBA, 0x9B, 0x0D, 0xAD, 0x6C, 0x53, 0x21, 0x51, 0x6B, 0x3F,
    0x99, 0x31, 0xC4, 0x8D, 0x0D, 0xD9, 0x82, 0xCB, 0x78, 0x04, 0x6D, 0x19, 0x7F, 0xC0, 0xED, 0xEE,
    0x7A, 0xFC, 0xA0, 0xDA, 0x09, 0x3C, 0xF6, 0x9C, 0x66, 0x9B, 0xF1, 0x77, 0xD8, 0x04, 0x4E, 0xFD,
    0x02, 0x25, 0x6F, 0xFB, 0x23, 0xC9, 0x4E, 0xBA, 0xCD, 0xE7, 0x63, 0xC0, 0xCC, 0xDD, 0x70, 0x5B,
    0xA7, 0x57, 0xC5, 0xF0, 0xBD, 0xA7, 0x19, 0xAE, 0x5F, 0x7C, 0xC5, 0xCD, 0x36, 0x8F, 0xB9, 0x4F,
    0x51, 0x06, 0x5F, 0x7F, 0x11, 0xC7, 0x73, 0x46, 0x70, 0x75, 0x03, 0x46, 0x58, 0x12, 0xE8, 0xF0,
    0xE1, 0x9B, 0x54, 0x19, 0x49, 0xBD, 0xA5, 0xE8, 0x8B, 0x67, 0xCF, 0x76, 0x46, 0x00, 0xE9, 0x9C,
    0x91, 0x32, 0x49, 0x7A, 0x77, 0x8F, 0x93, 0x5A, 0x2E, 0xD1, 0x2A, 0x51, 0x7A, 0x2F, 0x60, 0x66,
    0x3B, 0xDE, 0x33, 0x6D, 0xA6, 0xB8, 0x77, 0x69, 0x49, 0xAF, 0x53, 0x30, 0xBE, 0x0A, 0x5A, 0x89,
    0x13, 0xA0, 0xED, 0x66, 0x5E, 0xFC, 0x81, 0xA9, 0xC3, 0x1F, 0x45, 0x4F, 0x2B, 0xC8, 0x1A, 0x1A,
    0x96, 0x74, 0x52, 0xD6, 0x64, 0x31, 0x18, 0xAC, 0x30, 0x73, 0x5F, 0x3E, 0x27, 0x79, 0xC1, 0xBD,
    0xD0, 0x5A, 0x26, 0xCC, 0x3A, 0xFA, 0xAE, 0xB6, 0xC1, 0x83, 0xD6, 0xD9, 0xD4, 0x1E, 0xE6, 0x3A,
    0xEF, 0xFE, 0x67, 0xC7, 0x59, 0x41, 0x5B, 0x75, 0x8B, 0x5F, 0x64, 0xF8, 0x6E, 0x16, 0x5F, 0xE9,
    0x55, 0xDF, 0xF0, 0x7F, 0xC8, 0x57, 0x5F, 0xF6, 0x5F, 0xE0, 0x9E, 0x6A, 0x8C, 0x39, 0x48, 0x0D,
    0x45, 0x8B, 0x25, 0xD5, 0xE2, 0xC5, 0xF1, 0x78, 0x15, 0x50, 0x29, 0x7A, 0xDF, 0xF9, 0x31, 0x6E,
    0x5D, 0x64, 0xA3, 0xB8, 0x48, 0xED, 0x26, 0xF2, 0x57, 0x88, 0x14, 0xC4, 0xEC, 0xB4, 0x30, 0x41,
    0x7A, 0x3E, 0x0E, 0x9C, 0xCF, 0x36, 0x93, 0x8C, 0xD5, 0x3C, 0x8F, 0x58, 0xFD, 0xD7, 0x05, 0x33,
    0x77, 0x75, 0xAE, 0xAE, 0x66, 0x9B, 0x7B, 0x4D, 0xBC, 0x9F, 0x11, 0xDB, 0xDE, 0x8E, 0x5A, 0x4F,
    0xC4, 0xA2, 0xB1, 0x0C, 0xAD, 0xB6, 0x14, 0xA9, 0x12, 0x1C, 0xAB, 0x45, 0x5C, 0xD9, 0xA5, 0x56,
    0xB8, 0x76, 0x3C, 0xBE, 0x33, 0xBB, 0x34, 0x23, 0x34, 0xFE, 0x95, 0x93, 0xBF, 0xCE, 0xC7, 0xFA,
    0x01, 0x97, 0x32, 0x1F, 0x35, 0x18, 0xB2, 0x7E, 0xBF, 0x15, 0xD0, 0x34, 0x6E, 0x63, 0x68, 0x1B,
    0x5B, 0xF9, 0xEA, 0x24, 0xF3, 0xD9, 0x4C, 0xB9, 0x61, 0x44, 0xA2, 0xC0, 0x8F, 0xB7, 0x72, 0xF6,
    0xE2, 0xDC, 0xFD, 0x0F, 0x4B, 0xEE, 0x7E, 0x5D, 0xB2, 0xF6, 0xA9, 0x0D, 0x53, 0x7B, 0xC7, 0x84,
    0x72, 0xDF, 0x04, 0x3B, 0xCA, 0xE9, 0x67, 0x27, 0x63, 0xEF, 0x78, 0x42, 0xC1, 0xE1, 0x0F, 0x01,
    0xE6, 0xDF, 0x60, 0x66, 0x9A, 0xE4, 0x12, 0x93, 0xEC, 0x1C, 0x6C, 0x9E, 0xEC, 0xD7, 0xF1, 0xB1,
    0xC0, 0xE1, 0x45, 0x88, 0x0C, 0x67, 0xEA, 0xB1, 0xF2, 0x36, 0xAA, 0xF6, 0x81, 0x21, 0x0D, 0x76,
    0xF6, 0xF8, 0x8D, 0x33, 0x31, 0x53, 0xD2, 0x6E, 0x29, 0xFA, 0x19, 0x7A, 0xD4, 0x59, 0x61, 0xC0,
    0x6F, 0x82, 0x09, 0x4C, 0x6F, 0x92, 0xD8, 0x6E, 0xE1, 0x10, 0xB4, 0xF8, 0xE8, 0xFC, 0xBE, 0x32,
    0x4A, 0x1C, 0x94, 0xCC, 0x54, 0xE5, 0x1E, 0x59, 0x40, 0x46, 0xB5, 0x1A, 0xDE, 0x33, 0x2C, 0x70,
    0x3D, 0x0D, 0x6C, 0x82, 0x5A, 0x40, 0x86, 0x23, 0x15, 0x2C, 0xE0, 0x64, 0xC1, 0xBE, 0xB0, 0x5D,
    0x5A, 0xD4, 0xDA, 0x3B, 0x99, 0x42, 0x76, 0xD9, 0x6E, 0xBC, 0x95, 0x61, 0x3B, 0x10, 0xD2, 0x62,
    0x0A, 0xEA, 0x13, 0x7C, 0x08, 0x82, 0xA6, 0x5C, 0xE3, 0xEB, 0xD8, 0xE5, 0xC6, 0xC4, 0xA7, 0xA1,
    0x03, 0x1B, 0x1A, 0x4A, 0x90, 0x81, 0xCB, 0x8C, 0xED, 0x03, 0x88, 0xD1, 0x3A, 0x02, 0x10, 0x2F,
    0x04, 0xB4, 0x8F, 0xB4, 0x57, 0x10, 0x87, 0xB1, 0xD4, 0xAE, 0x5B, 0xD9, 0x1F, 0x95, 0x77, 0xF1,
    0x2B, 0xCC, 0x2F, 0xDB, 0x91, 0x77, 0x0C, 0x34, 0x74, 0x6F, 0x83, 0xDB, 0x9D, 0xBA, 0x84, 0x76,
    0xC5, 0x45, 0x3E, 0x53, 0xE9, 0xF8, 0x64, 0x69, 0xAF, 0xE0, 0x0F, 0xE8, 0x22, 0xE5, 0x56, 0xE0,
    0x94, 0x0B, 0x90, 0x5D, 0x4A, 0x31, 0x44, 0x0E, 0x28, 0x9D, 0x86, 0x39, 0x49, 0x67, 0x04, 0xBE,
    0xE8, 0x62, 0x77, 0x94, 0xBF, 0x03, 0xA3, 0xE4, 0x76, 0x7B, 0xAF, 0xD1, 0xEE, 0x34, 0xFA, 0xAB,
    0xC9, 0x07, 0xE8, 0xEF, 0x64, 0x2B, 0xCD, 0x90, 0xF0, 0x04, 0x85, 0xB2, 0x57, 0x39, 0x29, 0x78,
    0xBE, 0x5C, 0x27, 0xF5, 0x4D, 0xE6, 0x94, 0x2B, 0xEB, 0x1B, 0x83, 0x20, 0x8E, 0x8B, 0x72, 0x77,
    0x02, 0xC4, 0x71, 0x28, 0x50, 0x1F, 0xC4, 0x53, 0x50, 0xF6, 0xAC, 0xC0, 0xCA, 0x94, 0x5F, 0xDA,
    0x5F, 0x8A, 0x95, 0x30, 0xCB, 0x43, 0x70, 0x44, 0x17, 0x15, 0x0D, 0xF3, 0x54, 0x6B, 0x05, 0x4D,
    0x48, 0x1D, 0xE3, 0x6A, 0xCA, 0x45, 0x09, 0xF7, 0x97, 0xA9, 0x9B, 0xFB, 0xEB, 0x1C, 0x01, 0x44,
    0x28, 0x2E, 0x10, 0x9F, 0x53, 0xF0, 0xC4, 0xBF, 0xE4, 0xE3, 0xD3, 0x51, 0xB8, 0xC0, 0xE3, 0x7C,
    0x8E, 0x95, 0x37, 0xEB, 0xD2, 0xB5, 0xDA, 0xED, 0x67, 0xBC, 0x4E, 0x4B, 0x76, 0x87, 0xED, 0x22,
    0xE6, 0x6C, 0x04, 0xF2, 0xAD, 0xF0, 0x9F, 0xED, 0xDE, 0x3E, 0x2E, 0xA2, 0x73, 0xB1, 0xBD, 0x23,
    0x12, 0x60, 0x6A, 0x8B, 0x04, 0xCC, 0x5E, 0x50, 0x11, 0x60, 0xD9, 0xA4, 0x2A, 0xD0, 0x7F, 0x2C,
    0x11, 0x63, 0x04, 0xBB, 0x83, 0xAC, 0xE4, 0xA0, 0x1E, 0x65, 0x84, 0xD0, 0x5E, 0xC1, 0x2C, 0xA3,
    0xDD, 0x9E, 0xAB, 0xB6, 0xDB, 0xD3, 0x83, 0x71, 0xC6, 0x36, 0x8E, 0x36, 0x55, 0xE5, 0xF3, 0x48,
    0x17, 0x41, 0xB3, 0xCF, 0x4B, 0x8B, 0xA6, 0x7C, 0xEF, 0x3D, 0x2B, 0x30, 0x87, 0x71, 0x4B, 0xB9,
    0xE7, 0x99, 0xAA, 0x4A, 0x3E, 0x4A, 0x34, 0x1F, 0xC7, 0xED, 0x3D, 0x40, 0xA4, 0xA4, 0x55, 0x3E,
    0x2E, 0xE5, 0x4D, 0xB5, 0xA7, 0x1D, 0x8D, 0xE6, 0xBF, 0xCA, 0x18, 0x52, 0x58, 0xBE, 0xF1, 0xB6,
    0xCC, 0xAF, 0x6C, 0x8B, 0x71, 0x07, 0xCA, 0x8D, 0xE3, 0x7B, 0xEF, 0x44, 0x24, 0x59, 0x7A, 0xAD,
    0x49, 0xAF, 0xD5, 0x9E, 0x87, 0x06, 0x76, 0xED, 0x48, 0x6D, 0x9D, 0x8A, 0xBE, 0x44, 0xA5, 0x93,
    0x38, 0xD6, 0x62, 0xF8, 0xC1, 0x08, 0xF0, 0xFD, 0x66, 0x07, 0xAA, 0x92, 0xFF, 0x4B, 0x5F, 0x24,
    0xEB, 0x4D, 0x98, 0xF9, 0x57, 0x6D, 0x17, 0x5D, 0xB1, 0xA2, 0x12, 0x96, 0x14, 0xE2, 0x3B, 0x4A,
    0xF8, 0xF0, 0x49, 0x0E, 0xDF, 0xF8, 0xCB, 0xA3, 0xBF, 0xDA, 0x27, 0x7A, 0xD1, 0xEE, 0x0E, 0xDC,
    0xBF, 0xB6, 0x0F, 0x74, 0xC4, 0xDC, 0x9D, 0x4A, 0xA7, 0x64, 0xEF, 0x48, 0x1F, 0x21, 0x3C, 0xDD,
    0x47, 0x49, 0x7C, 0x2C, 0xBB, 0xF4, 0xE8, 0x3E, 0xEE, 0xD4, 0x8F, 0xCF, 0xE1, 0xD3, 0x7B, 0x6F,
    0xE1, 0x63, 0x7D, 0x23, 0xF9, 0x83, 0x71, 0xBB, 0x51, 0x5B, 0xAD, 0x7B, 0xA9, 0x3C, 0x76, 0xE7,
    0x7F, 0xB9, 0x3D, 0x6A, 0x18, 0xBF, 0x85, 0xA4, 0x76, 0x80, 0x29, 0xE6, 0xDB, 0x85, 0xDF, 0x9F,
    0x65, 0x70, 0xDF, 0xEF, 0x02, 0xBC, 0xFD, 0x54, 0xD4, 0xB8, 0xFF, 0xED, 0xA7, 0x0E, 0xCE, 0x31,
    0xA0, 0xC2, 0xDE, 0xEC, 0x29, 0x7C, 0x25, 0x8A, 0x41, 0x05, 0x60, 0x2A, 0x8A, 0x8F, 0xD2, 0x0F,
    0x94, 0x19, 0xF0, 0xA9, 0x9B, 0xAB, 0x68, 0x27, 0xA3, 0xC6, 0x20, 0x16, 0x05, 0xC0, 0x79, 0x84,
    0xDC, 0x74, 0xCD, 0x5F, 0x71, 0xD4, 0x76, 0xA9, 0x76, 0x9C, 0x74, 0xA1, 0xAC, 0x80, 0x59, 0x71,
    0xD4, 0xF1, 0xC5, 0x99, 0x6A, 0x6B, 0xFA, 0x74, 0xF7, 0x63, 0x6A, 0x0F, 0x69, 0x6D, 0xD1, 0xC6,
    0x17, 0xB7, 0x9F, 0xEB, 0x2D, 0x57, 0xE5, 0xBB, 0x4A, 0x05, 0x1A, 0xD0, 0xF1, 0x0D, 0x6E, 0x2C,
    0x26, 0xAE, 0x22, 0xC4, 0x24, 0x5F, 0xA8, 0x4D, 0x95, 0xF7, 0x32, 0x84, 0x1E, 0xC6, 0x3A, 0x13,
    0x76, 0x10, 0xB9, 0xF8, 0x5B, 0x08, 0xB4, 0x3F, 0x91, 0x1C, 0x60, 0xE9, 0xF5, 0xE4, 0xD6, 0x1D,
    0x35, 0x5A, 0xFD, 0x24, 0x0D, 0xF8, 0x94, 0x78, 0x8A, 0xBE, 0x14, 0x52, 0x6F, 0xCD, 0xFA, 0x12,
    0xF3, 0x93, 0x6F, 0x2D, 0xA5, 0x37, 0x52, 0xBE, 0x59, 0xCB, 0x99, 0x74, 0x8B, 0xAB, 0x2D, 0xB6,
    0x37, 0x1D, 0x97, 0x35, 0x0C, 0x48, 0x55, 0x53, 0x3B, 0xF8, 0xCB, 0xFB, 0x84, 0xED, 0x0D, 0xFD,
    0xE5, 0xB4, 0x7D, 0x75, 0xDB, 0xF9, 0x76, 0xC0, 0x83, 0x59, 0x94, 0xC7, 0x9C, 0xCE, 0xC4, 0x6E,
    0x53, 0xFB, 0xD5, 0x27, 0x29, 0x28, 0xE8, 0x65, 0x5A, 0x78, 0x6D, 0xB1, 0xE4, 0x96, 0x2E, 0xBB,
    0xE6, 0x02, 0x24, 0xD7, 0x86, 0x12, 0x6B, 0xCA, 0x75, 0x87, 0x35, 0xE5, 0x5A, 0x81, 0x41, 0x45,
    0x4E, 0x0B, 0xCB, 0x4F, 0x9D, 0x78, 0x0D, 0xE6, 0x18, 0x52, 0xF7, 0x17, 0x2A, 0x05, 0xCB, 0xA0,
    0x18, 0x48, 0x22, 0xD7, 0xF6, 0x3B, 0xC7, 0x2B, 0x85, 0x24, 0x4E, 0x13, 0x00, 0x45, 0x83, 0x6F,
    0xAE, 0x1B, 0x59, 0xAC, 0xF9, 0x5B, 0xE5, 0x2E, 0xAF, 0xBE, 0x76, 0xD5, 0xD3, 0xCE, 0xB2, 0x4F,
    0x2C, 0x24, 0x2C, 0xE4, 0x34, 0x00, 0x66, 0x1E, 0x2B, 0x4F, 0xE5, 0x48, 0xCA, 0xD2, 0x94, 0xAF,
    0x6F, 0x50, 0x4B, 0x73, 0xB4, 0x69, 0x9A, 0x6A, 0x18, 0x75, 0x7A, 0x60, 0xCE, 0x2E, 0x22, 0x5F,
    0x25, 0x49, 0x95, 0x70, 0xCE, 0xF4, 0x2B, 0xCF, 0x07, 0x5A, 0x7D, 0xCF, 0x73, 0x07, 0xCB, 0x93,
    0xF7, 0x7D, 0x66, 0x3E, 0xFA, 0xCC, 0x9E, 0x40, 0x43, 0x36, 0x0B, 0xC0, 0x9E, 0x6D, 0x67, 0xC7,
    0x90, 0x82, 0x56, 0xAF, 0xB0, 0x98, 0xA1, 0x3D, 0xB5, 0x7F, 0x7B, 0x82, 0xEE, 0x0F, 0x4F, 0x9F,
    0xF0, 0x2B, 0xFA, 0x71, 0x3F, 0xAC, 0x58, 0x9A, 0x5F, 0xAD, 0x24, 0x34, 0x7F, 0x43, 0x05, 0xA9,
    0xC2, 0xFD, 0x71, 0x3E, 0x32, 0xA3, 0xDE, 0xCF, 0xD8, 0x06, 0x7E, 0xE0, 0x49, 0xF4, 0x1F, 0x6C,
    0xAF, 0xC2, 0xEC, 0x35, 0xD8, 0xE3, 0x87, 0x5A, 0x70, 0x1F, 0xC0, 0xFD, 0x9E, 0x9C, 0xE2, 0x02,
    0x66, 0xA6, 0x72, 0x3F, 0xDC, 0xCF, 0xF7, 0xFF, 0x8B, 0x0D, 0x85, 0xCA, 0x27, 0xDF, 0xBF, 0xA1,
    0xB0, 0xE7, 0xC9, 0x89, 0x6C, 0xE3, 0xFE, 0x33, 0x63, 0x54, 0xA8, 0x18, 0x3B, 0x22, 0x06, 0xAE,
    0xDF, 0x06, 0x27, 0xEB, 0xFD, 0x1A, 0xB9, 0x2A, 0x55, 0x78, 0xAA, 0xC1, 0x2F, 0xF4, 0xC0, 0x53,
    0x78, 0xF6, 0x89, 0xBD, 0xDB, 0xC7, 0x2A, 0xA1, 0xC3, 0x9D, 0x61, 0xEA, 0x5A, 0xBC, 0x0F, 0x79,
    0xEF, 0xF7, 0x41, 0xF5, 0xAB, 0x9C, 0x66, 0x3C, 0xAD, 0x3C, 0xE1, 0x53, 0x58, 0x79, 0x17, 0x8E,
    0x6E, 0xC6, 0xD1, 0xCD, 0x7C, 0xB4, 0x07, 0xE9, 0xD4, 0xF7, 0xC3, 0x9F, 0x5A, 0xC1, 0x5E, 0xF0,
    0x95, 0xDE, 0xF2, 0xD9, 0x71, 0xF9, 0x70, 0xAB, 0x80, 0xC1, 0xF8, 0xCB, 0x96, 0xE4, 0x4E, 0x35,
    0xB6, 0xCD, 0x07, 0x0F, 0x7C, 0xEB, 0xF2, 0x17, 0xC6, 0x2A, 0x7B, 0x1E, 0xF2, 0xEB, 0x95, 0xF0,
    0xF4, 0x71, 0xBF, 0x12, 0x84, 0x67, 0xBC, 0x3D, 0xFE, 0xF4, 0xED, 0xEE, 0x7D, 0x27, 0x31, 0x2E,
    0xF8, 0xDA, 0x4A, 0x65, 0x0F, 0x8E, 0xB0, 0xB3, 0x31, 0x22, 0x5F, 0x75, 0x19, 0xB0, 0x3D, 0x35,
    0xCB, 0xA5, 0xFB, 0x5F, 0x4A, 0xFD, 0xCC, 0xAB, 0x18, 0x43, 0xFD, 0x3C, 0x56, 0x43, 0xBD, 0x95,
    0x4A, 0x66, 0xC8, 0x72, 0x2A, 0x6B, 0xF3, 0x4B, 0x6B, 0x06, 0x65, 0x8B, 0xAB, 0xB5, 0xB2, 0x14,
    0xD6, 0x91, 0x45, 0x06, 0x17, 0x77, 0x60, 0xBB, 0x01, 0x71, 0x40, 0x99, 0x3E, 0xB4, 0x67, 0x5B,
    0x2C, 0x96, 0x51, 0xF1, 0x85, 0xFF, 0x23, 0x29, 0x51, 0x0E, 0x5F, 0x4D, 0xCA, 0xB5, 0x20, 0x19,
    0x97, 0x2C, 0x76, 0xA5, 0x9F, 0x42, 0x99, 0x52, 0xB1, 0xB3, 0x9F, 0x80, 0x8D, 0xEE, 0x4F, 0xE7,
    0x5D, 0x5A, 0x1F, 0xA6, 0xF5, 0x4B, 0x34, 0x1A, 0xA7, 0x5E, 0xAD, 0x6D, 0x7D, 0x06, 0x2B, 0x5E,
    0xE8, 0x53, 0x53, 0x5B, 0x5A, 0x34, 0x2A, 0xDC, 0xF7, 0xC2, 0xFD, 0x4B, 0xF7, 0x37, 0x0B, 0x38,
    0xDA, 0x64, 0x36, 0xEF, 0x8F, 0xDA, 0xBA, 0x4B, 0xBC, 0x34, 0xC8, 0xC2, 0xB7, 0x38, 0xE3, 0xA3,
    0x9A, 0x11, 0x03, 0x3E, 0xFD, 0x93, 0x3E, 0xC2, 0x07, 0x17, 0xA1, 0x8F, 0x60, 0xA9, 0x87, 0xCB,
    0x96, 0xD8, 0x34, 0x14, 0xF1, 0x50, 0x81, 0xDE, 0x3B, 0xBD, 0x8B, 0xE5, 0x6C, 0xE4, 0x81, 0x63,
    0xB7, 0xCA, 0x04, 0xD8, 0x5C, 0xB6, 0x88, 0xAB, 0xE3, 0x71, 0x19, 0x5B, 0x23, 0xB4, 0xBE, 0x1E,
    0x32, 0x63, 0x98, 0x8E, 0xA2, 0x5B, 0x3E, 0x80, 0x9D, 0xBA, 0x90, 0x9C, 0x4A, 0x13, 0xF0, 0xD0,
    0xD4, 0x49, 0xF6, 0xEF, 0x09, 0x61, 0x6D, 0x4D, 0x53, 0x77, 0xAC, 0xB2, 0xDE, 0xBD, 0x7E, 0x5D,
    0xED, 0xF2, 0x77, 0xCF, 0xB6, 0xB3, 0x21, 0xA2, 0x02, 0xA1, 0x93, 0xD9, 0xC6, 0x20, 0x1B, 0xF9,
    0xF1, 0xA9, 0x00, 0x39, 0x95, 0x0B, 0xED, 0xB2, 0x78, 0x73, 0xC0, 0x72, 0x39, 0xDC, 0x20, 0x82,
    0x46, 0xA5, 0x4C, 0x0C, 0x69, 0xCC, 0x2A, 0x56, 0x0D, 0x71, 0x27, 0x69, 0x55, 0xBE, 0xCE, 0x02,
    0x6F, 0xD5, 0xF0, 0x58, 0x12, 0xF6, 0xAF, 0xC1, 0x0A, 0x5F, 0x76, 0xDF, 0x87, 0xD9, 0xFA, 0x29,
    0x45, 0x6F, 0xC1, 0x06, 0x92, 0x12, 0x6B, 0xE8, 0x8C, 0xC7, 0xB6, 0xF3, 0xD0, 0x93, 0x5C, 0x92,
    0x1E, 0x7A, 0x0F, 0x16, 0xC4, 0x0C, 0x7D, 0x92, 0x4B, 0x06, 0x27, 0xCE, 0xE0, 0x9E, 0x37, 0x4F,
    0xF2, 0x31, 0x99, 0x58, 0x0C, 0x4A, 0x03, 0x92, 0xA3, 0xB0, 0xA0, 0x87, 0x47, 0x28, 0xEB, 0x67,
    0xDD, 0x01, 0x9E, 0x97, 0xB5, 0x4C, 0x3E, 0xFF, 0x3F, 0x8D, 0x50, 0x41, 0x0A, 0x80, 0x30, 0x0C,
    0xCB, 0x6D, 0x07, 0x1F, 0xE1, 0x07, 0x84, 0x5D, 0x3D, 0x74, 0x9B, 0xCF, 0xDA, 0x41, 0xD0, 0x87,
    0x57, 0x30, 0xED, 0x14, 0xBD, 0x38, 0x84, 0x26, 0x90, 0x95, 0x24, 0x65, 0x41, 0xC3, 0x11, 0x75,
    0x3C, 0x12, 0x32, 0x56, 0x08, 0x2A, 0xB1, 0x69, 0x51, 0x43, 0xBD, 0x74, 0x0F, 0x41, 0x25, 0xAA,
    0x24, 0xD0, 0x4C, 0x4D, 0xAB, 0x70, 0xB8, 0xF8, 0x9A, 0xA0, 0x33, 0x68, 0x40, 0xA2, 0xF7, 0xE9,
    0x6B, 0xE8, 0x77, 0x95, 0xA5, 0x62, 0x60, 0x9F, 0x37, 0x8E, 0xD6, 0x99, 0xE1, 0x11, 0xBE, 0xF7,
    0xA3, 0xC5, 0xC9, 0xE4, 0x6F, 0xB2, 0xBC, 0x09, 0x1E, 0x08, 0x4B, 0x6C, 0x57, 0xB5, 0xCE, 0xF6,
    0x13, 0x37, 0xD7, 0xD7, 0x7B, 0x8F, 0x93, 0x73, 0xDC, 0x8D, 0x87, 0xE5, 0x04, 0xB5, 0x5A, 0x5D,
    0x6C, 0x1C, 0xD7, 0x75, 0x3E, 0x33, 0x23, 0x69, 0x5C, 0x0E, 0x77, 0x87, 0x40, 0xB4, 0x49, 0x6A,
    0xEF, 0x72, 0xF5, 0xA0, 0x00, 0x04, 0x43, 0x72, 0x19, 0x63, 0xDB, 0xAE, 0x9A, 0x25, 0xF7, 0x3A,
    0x29, 0x60, 0xA0, 0xCA, 0x0F, 0x9B, 0x78, 0xED, 0xA2, 0x2A, 0x12, 0x02, 0x7D, 0x69, 0x95, 0xD8,
    0x5E, 0xB7, 0x5B, 0x98, 0x6E, 0x68, 0x72, 0x6C, 0x3F, 0xF8, 0x21, 0xA8, 0xC1, 0x87, 0xFA, 0xC9,
    0x0F, 0x65, 0x0A, 0x05, 0x51, 0x56, 0x2D, 0x38, 0x89, 0x57, 0x36, 0x2D, 0xCB, 0xDC, 0x71, 0x09,
    0x34, 0x40, 0x5D, 0xB7, 0x63, 0x1B, 0x74, 0x81, 0xB8, 0x09, 0xC6, 0xF1, 0x1F, 0x2A, 0xDA, 0xCD,
    0xD8, 0x5A, 0x56, 0x6B, 0x91, 0xDA, 0xDB, 0xEF, 0xDC, 0x99, 0x21, 0x97, 0x14, 0x29, 0x19, 0x45,
    0xBB, 0x73, 0xCF, 0xE5, 0xCC, 0x9D, 0xFB, 0x7B, 0x7E, 0xBE, 0x73, 0xEE, 0x1D, 0x9E, 0x59, 0x5E,
    0x6E, 0xE2, 0x57, 0xAF, 0xD5, 0x6A, 0x44, 0xD3, 0x9D, 0x7A, 0x39, 0xAF, 0x2E, 0xBB, 0x9C, 0x1E,
    0x4A, 0x0F, 0xA5, 0xA8, 0xD8, 0x47, 0x34, 0x9E, 0x02, 0xF5, 0x13, 0xD5, 0xFA, 0xA9, 0x22, 0x65,
    0x3B, 0x73, 0xFE, 0xDE, 0x29, 0x5A, 0xCC, 0x12, 0x2D, 0x0C, 0x11, 0xF9, 0x4C, 0x45, 0x6A, 0x49,
    0x19, 0x66, 0xD6, 0xFE, 0x72, 0x4A, 0xF3, 0xC6, 0x49, 0xF3, 0x6A, 0xA4, 0x3B, 0x4C, 0xD3, 0xC4,
    0xBF, 0x7E, 0x95, 0xEE, 0x23, 0x43, 0xB6, 0x6D, 0xF1, 0x70, 0x8E, 0x6E, 0x19, 0x25, 0xCA, 0x13,
    0xD9, 0x3E, 0xE9, 0x5D, 0xA2, 0x42, 0x40, 0xDA, 0x16, 0xD1, 0x18, 0x0A, 0x90, 0x26, 0x68, 0xAC,
    0x70, 0x69, 0x4B, 0x6B, 0x2D, 0xC4, 0xAD, 0x6E, 0x21, 0x2B, 0xA0, 0x1A, 0x8D, 0xCE, 0x90, 0x4F,
    0xC5, 0xAC, 0xE6, 0x61, 0x2E, 0x86, 0xA0, 0x5A, 0xDA, 0xC4, 0x6C, 0x52, 0x98, 0x56, 0x31, 0x95,
    0x2D, 0x88, 0x52, 0xB6, 0xF8, 0x8C, 0x9F, 0x9B, 0x71, 0xFD, 0xC0, 0x0C, 0xFE, 0x91, 0x07, 0x7F,
    0x14, 0x99, 0xA1, 0x3B, 0xE3, 0xD4, 0xA7, 0xE3, 0xAE, 0x5F, 0xF3, 0x5C, 0x1A, 0xA2, 0x0D, 0x9F,
    0xC6, 0xA9, 0x20, 0xB4, 0x6B, 0x44, 0xE6, 0x53, 0x82, 0x6C, 0xC3, 0xA3, 0xB4, 0x0E, 0x32, 0x1C,
    0xB2, 0x30, 0xB4, 0x81, 0x49, 0x18, 0xA1, 0xE6, 0xD8, 0x6D, 0xC3, 0x29, 0x4F, 0x98, 0xC2, 0xB5,
    0xBF, 0x4E, 0xA1, 0xF1, 0x01, 0x85, 0xB4, 0x45, 0xCB, 0x9A, 0xA4, 0xCA, 0xD2, 0x4B, 0x9E, 0x79,
    0x4D, 0x73, 0x78, 0x45, 0xCC, 0xB1, 0x5A, 0x6D, 0x9C, 0x16, 0x34, 0xDF, 0x10, 0x36, 0xE5, 0x68,
    0x84, 0x4A, 0x54, 0xC7, 0x3C, 0x93, 0xAB, 0x48, 0x65, 0xCA, 0x52, 0x9A, 0x4C, 0x81, 0x11, 0x16,
    0x8E, 0xA2, 0x86, 0x45, 0x86, 0x83, 0xE9, 0x07, 0xE4, 0xC6, 0x15, 0x8A, 0xEA, 0xAF, 0x4B, 0x81,
    0xE6, 0x19, 0x8E, 0x85, 0x1A, 0x60, 0xA4, 0x41, 0xBB, 0xA8, 0x6E, 0x50, 0x33, 0x7F, 0xA7, 0xE9,
    0xE9, 0x9B, 0x2F, 0x28, 0x3E, 0x29, 0x5E, 0xE1, 0xDE, 0xBE, 0xD3, 0x72, 0x66, 0xF0, 0x6E, 0x6F,
    0x7D, 0x22, 0x41, 0xE0, 0xFE, 0xBE, 0x94, 0xB9, 0x7B, 0xAD, 0x0A, 0xE1, 0xC9, 0x83, 0xDE, 0x13,
    0x79, 0x10, 0x40, 0xDE, 0xB1, 0x3D, 0xDD, 0x31, 0xC4, 0x20, 0xD6, 0x43, 0x94, 0xA9, 0x56, 0xA3,
    0x36, 0xB3, 0x2F, 0x94, 0x69, 0xFB, 0x67, 0xAA, 0x3C, 0xAB, 0xF2, 0x1A, 0x67, 0xAA, 0xF5, 0xFF,
    0x7D, 0xF1, 0xB1, 0x68, 0xB8, 0x96, 0x43, 0xC6, 0x66, 0x48, 0xB6, 0x98, 0xA1, 0x41, 0xF0, 0xB9,
    0x8C, 0xBC, 0x8C, 0x99, 0x96, 0x7A, 0xA8, 0xAC, 0x28, 0xAD, 0xDE, 0x71, 0x1D, 0xAE, 0xCB, 0x6D,
    0xB8, 0xAD, 0xB6, 0x4C, 0x85, 0x0E, 0x1D, 0x9E, 0x21, 0x5E, 0xD1, 0x0D, 0xD3, 0xE9, 0x95, 0xB3,
    0x52, 0x42, 0xF5, 0x84, 0xB5, 0x1E, 0x4E, 0xD2, 0xF2, 0x51, 0x74, 0xB7, 0x93, 0x9A, 0xA4, 0x85,
    0x04, 0x8D, 0xB1, 0x05, 0x4D, 0x10, 0xB5, 0xC9, 0xF4, 0x29, 0xDF, 0x68, 0x80, 0x39, 0x5A, 0xCB,
    0xB1, 0x36, 0xC3, 0x09, 0x9A, 0x55, 0xD5, 0x46, 0x38, 0xD7, 0x43, 0x1E, 0xF8, 0x3B, 0x18, 0x1F,
    0x85, 0x39, 0xA2, 0xC1, 0x63, 0x94, 0x9B, 0xA0, 0x72, 0x7E, 0xBD, 0xAD, 0x49, 0x87, 0xDF, 0x92,
    0x09, 0xB2, 0x5D, 0x54, 0x07, 0xCD, 0x80, 0x42, 0x17, 0x7D, 0xBB, 0x64, 0x3A, 0x2E, 0x56, 0xE2,
    0xA2, 0x0B, 0x97, 0xE6, 0xA5, 0x14, 0xC3, 0x8D, 0xAB, 0x60, 0x80, 0xBB, 0x8B, 0x6C, 0xB9, 0x65,
    0x37, 0xCE, 0xA6, 0x89, 0xA2, 0x94, 0xCB, 0x50, 0x5E, 0x06, 0x69, 0xAD, 0x43, 0x3C, 0x2F, 0x1E,
    0x0C, 0x69, 0x80, 0x26, 0xCA, 0x74, 0x31, 0xBF, 0x1E, 0xEA, 0x52, 0x60, 0x2A, 0xE6, 0x66, 0x3B,
    0x4F, 0xE3, 0x98, 0xDD, 0x8C, 0xEA, 0xE4, 0xC3, 0x96, 0xB8, 0x72, 0x2E, 0xB8, 0x46, 0xED, 0x36,
    0x95, 0x42, 0x2A, 0x37, 0xA9, 0x3C, 0x43, 0x33, 0x13, 0x14, 0xDA, 0xEB, 0xBE, 0xB6, 0x42, 0x60,
    0x41, 0xA3, 0x81, 0xDE, 0x42, 0xD2, 0x7D, 0xA8, 0x2C, 0x1B, 0x65, 0x5A, 0xAD, 0x0B, 0x3C, 0xAA,
    0xAB, 0xF6, 0x61, 0x9C, 0xB4, 0x80, 0x13, 0xF7, 0xFF, 0x6E, 0x1B, 0xFC, 0xCF, 0x51, 0x36, 0x47,
    0x39, 0x9B, 0x46, 0x4C, 0xBF, 0xA4, 0x77, 0x03, 0xEB, 0xA9, 0x20, 0x47, 0x17, 0x21, 0x11, 0x08,
    0x08, 0xF2, 0x19, 0xA3, 0x51, 0xFB, 0xDD, 0x0E, 0xEC, 0x5A, 0x5B, 0x01, 0x7F, 0x83, 0x41, 0x5A,
    0x2E, 0x53, 0xB9, 0x4C, 0x39, 0x88, 0x0D, 0x75, 0xC6, 0x68, 0xDE, 0x5E, 0xFF, 0xA5, 0xD6, 0x4D,
    0xAB, 0x25, 0x30, 0x13, 0x6F, 0xD1, 0xC2, 0xFC, 0xAF, 0x7D, 0xE0, 0xC3, 0x68, 0x65, 0x2C, 0x51,
    0xBC, 0xB1, 0xCA, 0xE8, 0x28, 0x55, 0x68, 0x8C, 0x76, 0xFF, 0x06, 0x51, 0x56, 0x10, 0x06, 0x2C,
    0x6C, 0x54, 0xF1, 0x28, 0x51, 0xA3, 0x39, 0xBE, 0x69, 0x23, 0x9B, 0x87, 0x55, 0xE8, 0x7C, 0x53,
    0xE8, 0xBD, 0x51, 0xEF, 0xC9, 0x0C, 0xE8, 0xC6, 0xB7, 0x56, 0xD4, 0x23, 0x9B, 0x01, 0x9B, 0x43,
    0x32, 0x68, 0x62, 0x1A, 0x45, 0x7E, 0x98, 0xFC, 0x44, 0x3D, 0xCD, 0x25, 0x8F, 0xF3, 0x6C, 0xAD,
    0xD7, 0xCF, 0xA7, 0xBE, 0xBD, 0x22, 0x2C, 0x3B, 0xBF, 0xEE, 0xCF, 0x50, 0x38, 0x00, 0xBD, 0xE3,
    0x14, 0x92, 0xE9, 0x31, 0x64, 0x96, 0x95, 0x00, 0xDC, 0xA4, 0xDE, 0x34, 0x6B, 0xA2, 0x7A, 0x3C,
    0xC4, 0x7D, 0xCB, 0x80, 0xA7, 0x72, 0x1F, 0x4B, 0xC5, 0x14, 0x10, 0x9D, 0xE6, 0x81, 0x9F, 0x14,
    0x64, 0xB5, 0xAE, 0xE7, 0x0E, 0x99, 0x8F, 0x79, 0xB5, 0x22, 0xB0, 0xAE, 0x56, 0xCC, 0x22, 0xAB,
    0x8D, 0x18, 0x62, 0x71, 0x7C, 0xC4, 0x04, 0x74, 0xE7, 0xF2, 0x8F, 0x3B, 0x25, 0xEB, 0xA3, 0x2E,
    0xB3, 0x5D, 0x61, 0x30, 0x7A, 0x62, 0x90, 0xD3, 0x36, 0xD8, 0x24, 0x0B, 0x52, 0x44, 0xB0, 0x42,
    0x36, 0x0A, 0xF3, 0x28, 0x99, 0xF0, 0xA1, 0x0B, 0x18, 0xC9, 0x65, 0x55, 0xA8, 0x63, 0x30, 0x28,
    0xBC, 0x37, 0x02, 0xFD, 0x1D, 0x24, 0x73, 0xED, 0x7E, 0xB2, 0xA0, 0xB7, 0x36, 0x7A, 0xC8, 0xA1,
    0x04, 0x6F, 0xFC, 0x32, 0x0C, 0x87, 0x57, 0x50, 0x91, 0x3E, 0x4D, 0x36, 0xB6, 0xB0, 0x84, 0xB1,
    0xD8, 0x5E, 0xED, 0xD8, 0x96, 0x67, 0xC1, 0xDC, 0x90, 0x26, 0xFE, 0x68, 0x05, 0xF7, 0x96, 0x28,
    0xAB, 0x76, 0x09, 0xD9, 0x62, 0xB2, 0xB1, 0x82, 0xF7, 0x6F, 0x13, 0xDD, 0xDF, 0x26, 0x1D, 0x50,
    0x64, 0x7B, 0x26, 0xEB, 0x38, 0xB3, 0x82, 0xF5, 0x99, 0xB9, 0xB3, 0x8B, 0x66, 0xE2, 0x77, 0xAC,
    0x25, 0xA8, 0xEB, 0x19, 0x98, 0x0F, 0xDD, 0xDF, 0xA1, 0xF9, 0xAE, 0xA0, 0xB9, 0xA5, 0x10, 0xEF,
    0x5F, 0x00, 0xE5, 0x41, 0xC0, 0x50, 0xB0, 0x15, 0x48, 0xB1, 0x87, 0xB8, 0x8C, 0x11, 0x24, 0xAF,
    0xEA, 0xCE, 0x2D, 0xB5, 0x55, 0xDB, 0x8A, 0xDC, 0x9A, 0x6C, 0x9C, 0xDD, 0x03, 0x1A, 0x15, 0xE9,
    0x4D, 0x36, 0x9C, 0x3D, 0x85, 0xA8, 0x86, 0xCA, 0xF0, 0x87, 0x57, 0x1B, 0x8B, 0xE1, 0x8E, 0xB9,
    0x70, 0x92, 0xD2, 0xB9, 0xDA, 0x10, 0x7B, 0x0A, 0xA3, 0x44, 0xB7, 0x7D, 0x4C, 0x9A, 0x6C, 0x79,
    0x66, 0xA0, 0x7B, 0x00, 0x19, 0x35, 0xFF, 0x72, 0x4C, 0xB3, 0x6A, 0x5D, 0x32, 0x2C, 0x53, 0x03,
    0x44, 0x21, 0xDE, 0x85, 0x10, 0x54, 0x68, 0x06, 0x5A, 0x88, 0x36, 0x80, 0xA2, 0x2E, 0xAB, 0x88,
    0x73, 0x10, 0x49, 0x35, 0xEE, 0x92, 0x73, 0xE3, 0x3A, 0x9D, 0x46, 0xF7, 0x4C, 0xAC, 0x6F, 0x37,
    0x4C, 0x8D, 0xAB, 0x67, 0x50, 0x99, 0x34, 0xFF, 0x26, 0x49, 0xF7, 0x07, 0x74, 0xBF, 0x69, 0x7A,
    0x15, 0x20, 0x6A, 0x07, 0xF3, 0x03, 0xC4, 0xD0, 0x32, 0x85, 0x7A, 0x40, 0xA1, 0xE5, 0x50, 0x58,
    0xC0, 0x02, 0xB0, 0xB0, 0x0F, 0x81, 0x35, 0x57, 0xE0, 0x92, 0xE5, 0xD7, 0x89, 0xAE, 0xA1, 0xBC,
    0x0D, 0x90, 0x0D, 0x81, 0xB5, 0x21, 0x46, 0x02, 0x3A, 0x81, 0xF2, 0x20, 0x4B, 0xB8, 0x89, 0xEA,
    0xDF, 0x34, 0x5D, 0x68, 0x2C, 0xB6, 0x64, 0x88, 0x6E, 0x3B, 0x5B, 0xA4, 0x75, 0xBA, 0xA4, 0x77,
    0x36, 0xC9, 0x58, 0xBE, 0x22, 0xAC, 0xD2, 0x65, 0x2F, 0x5D, 0xFA, 0xC8, 0xCB, 0x95, 0xC2, 0xA0,
    0x5C, 0x0A, 0xDD, 0x62, 0x29, 0xAC, 0xBB, 0xA5, 0xB0, 0x1C, 0x94, 0xC2, 0x41, 0xAF, 0x14, 0xDA,
    0x20, 0x4B, 0x94, 0x42, 0x8D, 0x51, 0x91, 0x4A, 0xCB, 0xE0, 0xC9, 0x45, 0x50, 0x0B, 0xF4, 0xAC,
    0x63, 0x3A, 0x4F, 0x7B, 0x40, 0xE7, 0x10, 0xD4, 0x04, 0x95, 0x41, 0x83, 0x20, 0xEB, 0xCB, 0x8E,
    0x6B, 0xAC, 0x3A, 0xAE, 0xF6, 0x16, 0x90, 0xFB, 0x59, 0x50, 0x05, 0x94, 0x67, 0x14, 0x77, 0x68,
    0xFE, 0x6D, 0x32, 0xBA, 0x5D, 0xDC, 0xD9, 0xDE, 0x04, 0xE9, 0x01, 0x96, 0xCA, 0x76, 0xD0, 0x44,
    0xDF, 0x33, 0xA0, 0x32, 0x7B, 0x07, 0xBE, 0xE7, 0x32, 0x7E, 0x37, 0x8A, 0x3A, 0x5C, 0xD7, 0xE8,
    0x4A, 0xE2, 0xB6, 0x2D, 0x29, 0x2E, 0x9C, 0x6B, 0xBB, 0x34, 0xEB, 0xD2, 0xA8, 0x4B, 0x83, 0x2E,
    0xE5, 0xE0, 0x17, 0x5C, 0xAD, 0xD3, 0x92, 0xC1, 0x85, 0x1F, 0xEE, 0xB3, 0xEA, 0x9B, 0x8C, 0xB7,
    0x4D, 0xC9, 0x78, 0x5C, 0xC7, 0x16, 0x96, 0x67, 0x5C, 0x6D, 0xA9, 0xB6, 0x8C, 0x30, 0xA4, 0x6F,
    0x70, 0x47, 0x08, 0x84, 0x0E, 0x9F, 0x69, 0xC1, 0x55, 0x61, 0x02, 0xE8, 0x7A, 0x16, 0xC4, 0xC8,
    0x3A, 0x18, 0xFF, 0x9D, 0x55, 0xE5, 0x98, 0x1F, 0xB9, 0x50, 0x42, 0x17, 0x60, 0xE1, 0x1A, 0x3E,
    0xCA, 0x43, 0xD0, 0x72, 0xEC, 0xBD, 0x80, 0x55, 0x50, 0x4B, 0x73, 0xF3, 0x1A, 0xEE, 0x72, 0x68,
    0x45, 0x8A, 0xF2, 0xD0, 0x6B, 0x0B, 0x88, 0xC5, 0x6E, 0x90, 0x6E, 0x83, 0x84, 0x68, 0x25, 0x86,
    0x1C, 0x4B, 0x0C, 0x80, 0x1E, 0x46, 0xED, 0xFC, 0x26, 0xA4, 0x26, 0x17, 0x18, 0x70, 0xC3, 0xE1,
    0xA5, 0x4B, 0x8B, 0x28, 0xA6, 0xFF, 0x0D, 0xDD, 0x48, 0xD7, 0x13, 0x62, 0x8F, 0xDB, 0x54, 0xC4,
    0xB8, 0x63, 0x03, 0x3C, 0x27, 0xC9, 0xDE, 0x84, 0x6A, 0x23, 0xFC, 0x64, 0x3B, 0x03, 0x76, 0xC1,
    0x53, 0xE9, 0xBE, 0x0D, 0x5C, 0x60, 0x4C, 0x33, 0x11, 0xA7, 0xF1, 0x9D, 0x0E, 0xAC, 0xD3, 0x82,
    0x11, 0x55, 0x83, 0xDC, 0x7A, 0xE4, 0xC3, 0x59, 0xA2, 0x63, 0x3E, 0x83, 0x8E, 0xC2, 0xCA, 0x19,
    0xAC, 0x98, 0x11, 0xAE, 0x12, 0xE7, 0x69, 0x3C, 0x3F, 0x28, 0x72, 0xE0, 0xE2, 0xD3, 0x0E, 0x22,
    0x14, 0x7A, 0x8B, 0xD1, 0x4D, 0x7B, 0xD5, 0x2B, 0x91, 0xF5, 0xA5, 0x17, 0xFD, 0x3A, 0x01, 0x9F,
    0x39, 0x0A, 0x78, 0xCC, 0x09, 0x11, 0x67, 0xFC, 0x4C, 0xD4, 0x03, 0xD2, 0x5F, 0xA2, 0x12, 0x0C,
    0xE9, 0x97, 0x34, 0x81, 0x1E, 0x3F, 0xA0, 0x31, 0xE4, 0x5B, 0x0A, 0x81, 0x2F, 0x72, 0xFF, 0xB3,
    0xE8, 0x63, 0x34, 0x1E, 0x83, 0x57, 0x62, 0xBC, 0x02, 0x4C, 0xBE, 0x8C, 0xB7, 0x2D, 0xAC, 0xBF,
    0x42, 0x11, 0x6D, 0xC2, 0x09, 0xBC, 0xE6, 0x61, 0xCE, 0x6C, 0x41, 0xCB, 0x0A, 0x6D, 0xCB, 0xE0,
    0x71, 0x13, 0xF8, 0x96, 0xAC, 0x79, 0xAC, 0xB7, 0x0F, 0x0F, 0x2E, 0xFD, 0x57, 0xE8, 0xE3, 0x8A,
    0x13, 0xB5, 0x1F, 0x8B, 0x05, 0xB7, 0x0F, 0x41, 0x3E, 0xE2, 0xD6, 0x06, 0x74, 0x87, 0xE3, 0x0E,
    0xC8, 0x5D, 0x81, 0x18, 0x6C, 0x57, 0xF1, 0x3F, 0x1F, 0x03, 0x17, 0x94, 0x8D, 0x43, 0x04, 0x2E,
    0x4E, 0x30, 0x6D, 0xAE, 0xD1, 0x10, 0xD8, 0x2C, 0x38, 0x95, 0xB0, 0x48, 0x37, 0xBF, 0x2A, 0x61,
    0xE4, 0xE9, 0x94, 0x9B, 0xA5, 0x94, 0xCA, 0x0D, 0xA1, 0xFE, 0xF8, 0xFF, 0x9F, 0x2F, 0x74, 0xCA,
    0x4C, 0x0D, 0x87, 0x3D, 0x01, 0xFD, 0xFE, 0x97, 0x3B, 0x1F, 0x1E, 0x11, 0x39, 0xBF, 0x58, 0x67,
    0x68, 0x67, 0x94, 0xFD, 0x53, 0xB0, 0xC6, 0x8A, 0x3C, 0x78, 0x61, 0xDD, 0x3F, 0xCE, 0x3C, 0x71,
    0x49, 0x6B, 0xEA, 0xB2, 0x5D, 0x10, 0xF5, 0x19, 0xAA, 0xBB, 0xD4, 0x6C, 0xEA, 0xED, 0xCA, 0x52,
    0xD3, 0x6A, 0x17, 0xF7, 0xFA, 0x80, 0x96, 0xB3, 0xB9, 0x1E, 0x5E, 0xA3, 0x4E, 0xC8, 0xAA, 0x84,
    0x34, 0xAA, 0x12, 0x6E, 0x66, 0x3B, 0xD4, 0x96, 0xBF, 0x0E, 0x3E, 0xEC, 0x72, 0xB0, 0x65, 0x6D,
    0xB6, 0x0B, 0x74, 0xAC, 0xAC, 0x58, 0x1E, 0x21, 0x72, 0x5D, 0xF1, 0xBA, 0x40, 0xC7, 0xAD, 0x4D,
    0x04, 0x58, 0x4E, 0x14, 0x02, 0x6E, 0x27, 0x6D, 0xE5, 0x5B, 0xD6, 0x66, 0x37, 0x4F, 0x93, 0x70,
    0xB6, 0x88, 0xA0, 0xEB, 0x34, 0xD8, 0x54, 0x37, 0x2A, 0xEA, 0x9A, 0xB3, 0xD7, 0xFF, 0x4B, 0x47,
    0xD4, 0x05, 0x7D, 0x37, 0xAE, 0x76, 0x20, 0xA3, 0x44, 0xA3, 0x2C, 0x96, 0x2F, 0x4D, 0x20, 0xDE,
    0x29, 0xC7, 0x22, 0xB7, 0xC5, 0x21, 0xD4, 0xC1, 0x3E, 0xE4, 0x7E, 0x60, 0x85, 0x76, 0x17, 0xBB,
    0x9C, 0x87, 0x77, 0xC2, 0xC1, 0x8A, 0xEC, 0x0C, 0x5F, 0x3D, 0x43, 0xFB, 0x7A, 0xB6, 0xED, 0x04,
    0x48, 0x31, 0x5F, 0xDF, 0x40, 0x74, 0xD0, 0x04, 0x26, 0x94, 0x14, 0xD9, 0x98, 0xBD, 0xF9, 0x3A,
    0x6C, 0x11, 0x5A, 0xCB, 0x9C, 0xCF, 0xF1, 0x48, 0x8D, 0xBF, 0x41, 0x2C, 0x23, 0x79, 0xCF, 0x24,
    0x4A, 0x88, 0x64, 0x58, 0x4B, 0xF3, 0x4F, 0xBE, 0x00, 0xEF, 0xBF, 0x70, 0x9D, 0x33, 0x6A, 0x39,
    0xCF, 0x6F, 0x86, 0x2B, 0xD4, 0x6E, 0x82, 0xAF, 0x8C, 0x6D, 0xFB, 0xA4, 0xD1, 0xCA, 0x6F, 0x62,
    0x05, 0x3D, 0x3F, 0x0E, 0x6F, 0x2C, 0x8F, 0x74, 0x11, 0x47, 0x51, 0x88, 0x94, 0x3E, 0x49, 0x42,
    0x2B, 0x44, 0x23, 0x2B, 0x54, 0x68, 0x73, 0x38, 0xB4, 0x77, 0x75, 0xBA, 0x0F, 0xA7, 0x06, 0xC7,
    0x1C, 0xCE, 0xD0, 0x87, 0x21, 0x5D, 0x09, 0x49, 0x2E, 0xD3, 0xD6, 0x28, 0xBB, 0xE9, 0xD0, 0xF4,
    0xF8, 0x2D, 0xC7, 0xF8, 0xE1, 0x81, 0x57, 0x93, 0x26, 0x97, 0xED, 0x76, 0x6D, 0xDE, 0x99, 0x17,
    0x0F, 0xCA, 0xB7, 0x64, 0x30, 0x47, 0x5D, 0xEE, 0x6A, 0x99, 0xD1, 0x05, 0x6B, 0xAB, 0x83, 0x4D,
    0x37, 0xC9, 0xDC, 0x96, 0xF3, 0xAC, 0xBC, 0x09, 0x2B, 0x78, 0x5B, 0x02, 0xFD, 0x81, 0x79, 0xCE,
    0x2A, 0x1C, 0x60, 0xFE, 0xCF, 0x28, 0xB2, 0xC4, 0x8C, 0x92, 0x7B, 0x5E, 0xBD, 0xE3, 0x3A, 0x5C,
    0x37, 0x51, 0xC9, 0xE5, 0x1E, 0x95, 0x1C, 0x89, 0x55, 0x52, 0x8B, 0x55, 0x72, 0x0F, 0x23, 0xB4,
    0x95, 0xAF, 0xED, 0x51, 0xB7, 0xFA, 0x2E, 0x75, 0xEB, 0xEA, 0xDD, 0xC1, 0x3D, 0x1A, 0x5A, 0x2C,
    0x04, 0xC5, 0x6E, 0xF0, 0x45, 0x8F, 0x11, 0xA7, 0x7C, 0xC0, 0xEE, 0xEC, 0x48, 0x57, 0x14, 0xCE,
    0x21, 0xD2, 0x9C, 0x2A, 0xAB, 0x60, 0xD9, 0xFA, 0x18, 0x7A, 0x08, 0x6C, 0xC4, 0x34, 0x67, 0xA6,
    0xA9, 0x39, 0xFF, 0x54, 0x78, 0x44, 0xC5, 0xA9, 0xD8, 0x6C, 0x47, 0x09, 0x01, 0xCA, 0xB9, 0x4B,
    0x67, 0x0C, 0x86, 0xBE, 0x9D, 0xC4, 0xAF, 0x7C, 0x05, 0x48, 0xDD, 0xBF, 0xC7, 0xA6, 0x10, 0xB6,
    0xB8, 0x6F, 0x02, 0x03, 0x67, 0x61, 0xA3, 0x2B, 0x75, 0xD8, 0x68, 0xB2, 0xB3, 0x54, 0xBB, 0x4A,
    0x15, 0x9F, 0xD6, 0xA1, 0x0B, 0x31, 0x52, 0xBE, 0x02, 0xDC, 0x78, 0x0B, 0xD0, 0xF6, 0x74, 0x8C,
    0x96, 0x93, 0x1C, 0xA5, 0x41, 0x64, 0x65, 0xE0, 0x74, 0x38, 0x42, 0xEF, 0x6B, 0xFE, 0xA0, 0xFE,
    0x32, 0xA2, 0x39, 0xE3, 0x09, 0x38, 0x0D, 0xE3, 0xA4, 0xE1, 0x98, 0x77, 0x9A, 0x77, 0x0A, 0xE3,
    0xFB, 0xC6, 0xF7, 0xC9, 0x78, 0x59, 0xFF, 0x57, 0xD2, 0xFF, 0x43, 0xFB, 0x05, 0x63, 0x3A, 0xFC,
    0x6D, 0x07, 0x19, 0xD0, 0x19, 0x62, 0x00, 0x56, 0x33, 0x04, 0x3F, 0xEF, 0x70, 0x97, 0xF3, 0x0C,
    0xC5, 0xFA, 0xAB, 0x3E, 0xDC, 0x95, 0x4D, 0xB3, 0x30, 0xCE, 0x9D, 0xF9, 0xC4, 0xA8, 0xCD, 0x3B,
    0x5D, 0xEC, 0x1C, 0x59, 0xC1, 0xE8, 0x4D, 0xCC, 0xE7, 0xA7, 0x98, 0xCF, 0xF7, 0x78, 0x3E, 0x31,
    0x0A, 0x27, 0xA1, 0x32, 0xD0, 0xE2, 0x36, 0x54, 0x29, 0xF0, 0x2B, 0xD9, 0x1E, 0x6E, 0xA8, 0xCD,
    0x2C, 0xA0, 0x7A, 0x4C, 0x45, 0x97, 0x3D, 0x4F, 0x73, 0x0D, 0xB8, 0xFE, 0x8E, 0x1E, 0x9A, 0xC2,
    0x22, 0xBE, 0x4C, 0x75, 0x59, 0xE8, 0x68, 0x96, 0xCF, 0x33, 0xE2, 0x27, 0xF5, 0x46, 0xE8, 0xE1,
    0xC0, 0xF8, 0x3E, 0xBF, 0x81, 0x13, 0x74, 0x1B, 0xA0, 0x75, 0xFB, 0xC2, 0xBD, 0x8E, 0x48, 0xD5,
    0x70, 0x8C, 0x9E, 0x52, 0x8B, 0xE1, 0xE3, 0x34, 0x9B, 0x1F, 0xB6, 0x2D, 0x87, 0xEC, 0x3B, 0x2E,
    0xB2, 0x8E, 0xE4, 0x11, 0x72, 0xA1, 0x80, 0x41, 0xFF, 0xB4, 0xA0, 0x47, 0x1C, 0x6D, 0x55, 0x18,
    0x69, 0xEA, 0xCB, 0x52, 0xAA, 0x48, 0xD9, 0x71, 0x1A, 0xAA, 0x51, 0x71, 0x91, 0x8A, 0x3E, 0x8D,
    0x27, 0x09, 0xF7, 0x43, 0x8B, 0x94, 0xAD, 0x51, 0x7F, 0x91, 0xAB, 0x19, 0x29, 0xD2, 0x7F, 0x46,
    0xF4, 0xAA, 0x73, 0x6C, 0x9A, 0x46, 0x8A, 0x94, 0x8E, 0x4A, 0x1E, 0x27, 0x6D, 0x95, 0xE8, 0x35,
    0x41, 0x7F, 0xE7, 0xD0, 0x0F, 0x3C, 0x7A, 0x40, 0x25, 0xDC, 0xE0, 0xF1, 0x35, 0x87, 0x56, 0xB9,
    0x89, 0xF1, 0x55, 0x6E, 0x9E, 0x85, 0xCB, 0xE1, 0x23, 0x2B, 0x2B, 0x28, 0x0D, 0x8D, 0xF7, 0x8F,
    0xF7, 0x97, 0x86, 0x2C, 0x28, 0x8B, 0xEC, 0x6C, 0xDC, 0x15, 0xD0, 0x7E, 0xD7, 0x02, 0x9F, 0x4F,
    0xE5, 0xF6, 0xBB, 0x32, 0xF7, 0xCE, 0x5F, 0x3B, 0x0A, 0xCF, 0x98, 0x17, 0x86, 0x8F, 0x60, 0x76,
    0xFA, 0xE8, 0xE4, 0xFC, 0xC4, 0x70, 0x03, 0x9B, 0x7A, 0xB5, 0x37, 0x35, 0xD5, 0xB6, 0xB2, 0x8F,
    0x2A, 0x5D, 0x1A, 0xFE, 0x07, 0x75, 0xCC, 0x15, 0xED, 0xAF, 0x6B, 0xD8, 0xAD, 0xB1, 0x24, 0xF2,
    0xDC, 0x2F, 0x3D, 0x39, 0x25, 0xB7, 0x68, 0xE8, 0xF0, 0x78, 0xDF, 0x62, 0x9F, 0xD7, 0x87, 0xDA,
    0x29, 0x54, 0x1C, 0x81, 0x97, 0x52, 0xE7, 0x22, 0x43, 0xB8, 0x71, 0x35, 0xDF, 0xF4, 0x0A, 0xDE,
    0x8C, 0x37, 0xE0, 0xD1, 0xF6, 0xC5, 0xF2, 0x39, 0x35, 0x25, 0x3B, 0x7E, 0x51, 0x5D, 0xE3, 0xE8,
    0x34, 0x20, 0xCF, 0x70, 0x6C, 0x1E, 0x86, 0x3E, 0xF7, 0x87, 0x95, 0x2D, 0xDD, 0xE9, 0xBD, 0xBE,
    0xF3, 0x9F, 0xF3, 0x5D, 0xB5, 0x95, 0x5C, 0xA4, 0xE9, 0x4A, 0x37, 0xB3, 0xA1, 0x05, 0x46, 0x60,
    0x2C, 0xA6, 0xA7, 0x47, 0xA6, 0xEB, 0xD3, 0x03, 0xD3, 0x46, 0xA0, 0x09, 0x9E, 0x60, 0xEA, 0x50,
    0x7A, 0x2E, 0xFF, 0x41, 0xAB, 0xDF, 0xCC, 0x1A, 0x45, 0xE3, 0x18, 0xCB, 0x8F, 0xDB, 0x6A, 0xCE,
    0xE1, 0xE9, 0x7C, 0x47, 0xCD, 0x25, 0xBA, 0xC6, 0x69, 0x3C, 0xF3, 0x1C, 0x2F, 0xB2, 0x3A, 0xD5,
    0x0A, 0xD5, 0x13, 0x3C, 0x24, 0xFF, 0xA5, 0xF1, 0xD3, 0x2E, 0xC4, 0x3A, 0xAE, 0xD3, 0xA7, 0xFA,
    0xFE, 0xE2, 0xF7, 0x6F, 0xFF, 0xEB, 0x2F, 0x7C, 0xE5, 0x78, 0x56, 0xB5, 0xC3, 0xEC, 0x74, 0xCF,
    0xA2, 0xDF, 0x80, 0xC5, 0x0A, 0xA9, 0x6C, 0xF8, 0x74, 0x83, 0x1D, 0x05, 0xBB, 0x66, 0x93, 0x94,
    0x91, 0x90, 0xBE, 0x4C, 0x7A, 0x84, 0xC2, 0x22, 0x2A, 0x66, 0xEE, 0xE5, 0x94, 0x5E, 0x0F, 0xF0,
    0x46, 0x55, 0x30, 0xCF, 0x4C, 0xC1, 0x81, 0xE4, 0x08, 0xBB, 0x05, 0x6C, 0xA9, 0xED, 0x26, 0x4D,
    0x60, 0x3A, 0x45, 0xE5, 0xD5, 0xAF, 0x4F, 0x82, 0x8F, 0x9B, 0xA2, 0xD4, 0x92, 0x08, 0x67, 0x69,
    0xD1, 0x4C, 0x92, 0x45, 0x53, 0x69, 0x15, 0x05, 0x44, 0x22, 0x81, 0x69, 0x05, 0x1C, 0x6E, 0x1D,
    0x56, 0xAE, 0xA2, 0x20, 0xBD, 0x5B, 0xAF, 0x3A, 0x37, 0xD8, 0x7C, 0x0C, 0x5F, 0x5D, 0xA8, 0xC8,
    0x80, 0xB6, 0x83, 0x16, 0x95, 0x4E, 0x5F, 0x70, 0x5A, 0xD2, 0x63, 0x3F, 0xDD, 0x66, 0xC8, 0xD2,
    0x11, 0x72, 0x42, 0x37, 0x8B, 0xAC, 0xA1, 0xF5, 0x22, 0x2D, 0xAA, 0x3A, 0x98, 0xB3, 0xB6, 0x98,
    0x04, 0x23, 0x3E, 0x1F, 0xC6, 0x0D, 0x5F, 0x12, 0xD8, 0x5E, 0x92, 0xE7, 0x69, 0x48, 0x2F, 0x7A,
    0xFA, 0x8B, 0x9E, 0xF1, 0x88, 0x67, 0xDC, 0xE1, 0x99, 0x9A, 0x67, 0xEB, 0x4E, 0xCE, 0x70, 0xCA,
    0x9F, 0x17, 0xC5, 0x0A, 0x45, 0x27, 0x7F, 0xCC, 0x99, 0xDF, 0x23, 0xE3, 0x1A, 0x47, 0xF2, 0x80,
    0x0E, 0xB0, 0x0B, 0x60, 0xA7, 0xBD, 0x21, 0xCC, 0x2E, 0xC7, 0xE1, 0x8B, 0x1E, 0x77, 0x18, 0xF7,
    0x8C, 0xD9, 0x2D, 0x90, 0xA6, 0xB0, 0x92, 0x59, 0xFA, 0x24, 0x76, 0xEC, 0x94, 0x36, 0x29, 0xDB,
    0x47, 0xA5, 0x14, 0xB9, 0x29, 0x1A, 0xC8, 0xAA, 0x85, 0x17, 0xD5, 0x11, 0x8F, 0xAF, 0xCE, 0xBC,
    0x54, 0x04, 0x70, 0x68, 0xDB, 0x59, 0x0A, 0x1E, 0xD1, 0x6C, 0x2C, 0x58, 0xD2, 0x4F, 0xC1, 0x68,
    0xB2, 0x54, 0xCA, 0xD2, 0x78, 0x96, 0x75, 0x32, 0x6E, 0xA8, 0xF4, 0x58, 0x53, 0xFD, 0x6B, 0xDC,
    0x68, 0x5E, 0x9E, 0x5E, 0x8A, 0x41, 0xA3, 0xE7, 0x52, 0xA5, 0x7D, 0x47, 0xFA, 0xC8, 0x4C, 0xD2,
    0xE7, 0x97, 0x98, 0x7B, 0x66, 0x4F, 0xC9, 0x91, 0x94, 0x32, 0x8F, 0x6C, 0x2C, 0x0B, 0xC6, 0x6E,
    0x81, 0xE0, 0x8C, 0x9D, 0xB1, 0xA6, 0x16, 0xA2, 0x4C, 0x01, 0x61, 0x4B, 0x60, 0x69, 0xBE, 0xCE,
    0x4B, 0x12, 0xDB, 0xCA, 0x01, 0xBB, 0xB3, 0x7C, 0xB6, 0x25, 0xCC, 0xBC, 0xAF, 0x21, 0xEC, 0x44,
    0xA9, 0xB8, 0x42, 0x4A, 0xF5, 0xA9, 0x4E, 0xEB, 0xE8, 0x1A, 0x18, 0x85, 0xC0, 0x5B, 0x58, 0xBA,
    0x37, 0xAA, 0xF9, 0x43, 0x71, 0x34, 0xA8, 0xB8, 0x1A, 0x25, 0xDD, 0x33, 0x5A, 0xDE, 0x6D, 0xFF,
    0xED, 0xB5, 0xBE, 0x2C, 0x3E, 0x65, 0x12, 0x00, 0xC9, 0xE8, 0xEF, 0x79, 0x0B, 0x6E, 0xAC, 0xC3,
    0xE1, 0x38, 0x53, 0x06, 0xEB, 0x4F, 0xCD, 0xA4, 0xA2, 0x45, 0xA5, 0x3E, 0x1A, 0x49, 0xD1, 0xA1,
    0x6C, 0xCF, 0xC1, 0xD9, 0x36, 0x33, 0x05, 0x9F, 0xA7, 0xC5, 0x67, 0xB5, 0x01, 0x4B, 0x44, 0x7B,
    0x47, 0xE8, 0xD2, 0x33, 0xBE, 0xE4, 0x59, 0x2C, 0x56, 0x31, 0xB1, 0x4A, 0xC5, 0x4D, 0x75, 0x5A,
    0x34, 0xAA, 0xDC, 0xCA, 0x83, 0x31, 0x28, 0xD8, 0x22, 0x8E, 0x4D, 0xD5, 0x09, 0x8D, 0xE8, 0x93,
    0xC2, 0x86, 0xFB, 0x1B, 0x8F, 0xD3, 0xF0, 0x05, 0xA5, 0x78, 0x35, 0xC5, 0x7C, 0x37, 0xEE, 0x39,
    0x12, 0x31, 0xC4, 0xA7, 0xA9, 0xE3, 0xDD, 0x63, 0x9E, 0x3F, 0xEE, 0xFB, 0xC5, 0x1F, 0x78, 0xA5,
    0x9F, 0x78, 0x23, 0xDF, 0xF0, 0xB2, 0x46, 0xC2, 0x90, 0xB4, 0xE2, 0x46, 0x39, 0xD6, 0x76, 0x6C,
    0xC2, 0x75, 0x35, 0x88, 0x2D, 0x05, 0xF8, 0xB6, 0x3D, 0x66, 0x45, 0xFA, 0x18, 0x25, 0x1E, 0x22,
    0x19, 0x25, 0x5A, 0x94, 0xA5, 0x86, 0x28, 0xF5, 0x5C, 0x93, 0x54, 0xF1, 0x4E, 0xB4, 0x4B, 0xA5,
    0xD2, 0xA1, 0x9D, 0xB2, 0xA3, 0xC9, 0x69, 0x6F, 0x92, 0x76, 0x4D, 0xBA, 0x96, 0x58, 0x91, 0xEA,
    0x14, 0x53, 0x37, 0x93, 0xA9, 0xA7, 0x23, 0xE1, 0x1D, 0xFC, 0xC3, 0xCC, 0x78, 0x72, 0x67, 0x81,
    0x64, 0x29, 0xAC, 0x24, 0xFB, 0xD9, 0xA1, 0xC1, 0xA2, 0xE5, 0xEA, 0x21, 0xB0, 0xA5, 0x6D, 0x7E,
    0xD7, 0x4E, 0x95, 0x6F, 0x69, 0x32, 0x52, 0x0C, 0xC4, 0xBC, 0xEA, 0xBB, 0x20, 0xF2, 0x32, 0x51,
    0x95, 0xC8, 0xD2, 0xB1, 0xF0, 0xCB, 0x64, 0x5D, 0xF6, 0x26, 0xC7, 0x83, 0xE2, 0xF8, 0x74, 0xCC,
    0xD5, 0x68, 0x52, 0xFD, 0xEA, 0x78, 0x9F, 0x0F, 0xF8, 0x8B, 0xD1, 0x79, 0xBD, 0xAE, 0xCE, 0xEB,
    0xD9, 0x1F, 0xC6, 0x27, 0x76, 0x7A, 0x3F, 0xBB, 0x19, 0x56, 0x58, 0xB8, 0x46, 0x83, 0xFA, 0x0C,
    0x91, 0xD2, 0x9D, 0x94, 0xEE, 0x65, 0x35, 0x6F, 0x84, 0xB0, 0xC1, 0xF3, 0x8B, 0x14, 0xD4, 0x68,
    0x71, 0x9A, 0x16, 0x8E, 0x47, 0x38, 0x79, 0xA8, 0x98, 0x2D, 0x2E, 0x57, 0xFC, 0xC9, 0x9E, 0x8D,
    0x4E, 0x89, 0x2A, 0x2B, 0xF6, 0xC7, 0xCA, 0x56, 0x08, 0x66, 0xB1, 0xED, 0x22, 0x28, 0x9D, 0x28,
    0x6B, 0x39, 0x56, 0x23, 0x84, 0x30, 0x90, 0xD0, 0x60, 0x64, 0x90, 0x42, 0xC9, 0x18, 0x32, 0xAB,
    0x51, 0xAA, 0xA4, 0x4C, 0x31, 0x4D, 0x75, 0x8B, 0x6A, 0x86, 0x33, 0xA0, 0x47, 0x16, 0x0F, 0x5F,
    0x3A, 0x15, 0xB3, 0x69, 0x87, 0xED, 0x0E, 0x9F, 0xC6, 0x25, 0x8F, 0xA9, 0x3F, 0x17, 0xFD, 0x0F,
    0x38, 0xD9, 0x9A, 0x57, 0xAA, 0xF9, 0xE3, 0xB5, 0xC5, 0x63, 0xB5, 0x29, 0x14, 0x1A, 0xD0, 0x57,
    0x27, 0xE2, 0x6D, 0x30, 0xDC, 0x08, 0x58, 0x7D, 0x12, 0xEB, 0x3A, 0x82, 0x30, 0xE0, 0xBB, 0xEA,
    0x00, 0x53, 0xED, 0x6E, 0x58, 0xBF, 0x47, 0xD4, 0x24, 0x0F, 0x61, 0xB2, 0x76, 0x40, 0x2F, 0x00,
    0xCD, 0xD5, 0x99, 0x26, 0xB6, 0xFA, 0x7C, 0x1A, 0x07, 0xBE, 0x4F, 0x52, 0xDE, 0xD7, 0xB6, 0xE2,
    0x73, 0xFD, 0x08, 0x87, 0xB4, 0x24, 0x54, 0x8B, 0x11, 0x25, 0xE6, 0x9E, 0x48, 0x1B, 0xCC, 0xBA,
    0xF4, 0x92, 0x37, 0xDF, 0xF5, 0x1F, 0x8A, 0xC0, 0x4A, 0x57, 0x86, 0x66, 0x32, 0x3B, 0xD2, 0x69,
    0xB2, 0xBE, 0x4A, 0xFA, 0xFB, 0x1C, 0x31, 0x71, 0xE7, 0xD8, 0x8F, 0xAC, 0x93, 0xBE, 0xEA, 0x00,
    0x1A, 0x2D, 0x65, 0x30, 0x43, 0x6A, 0x04, 0xA8, 0x6D, 0x1E, 0x1A, 0x13, 0xC1, 0x9E, 0x17, 0xA1,
    0xE9, 0x02, 0xAF, 0xB9, 0xA7, 0x84, 0xA7, 0x71, 0xD5, 0xA3, 0x79, 0xEF, 0x88, 0x62, 0xB5, 0x49,
    0xC2, 0x30, 0x03, 0xA3, 0xEB, 0x17, 0x02, 0xEF, 0x7B, 0x8F, 0x7A, 0xFA, 0xAA, 0x40, 0x58, 0xA0,
    0xFD, 0x73, 0x52, 0x33, 0x50, 0x29, 0x52, 0xD0, 0x29, 0xF4, 0xCF, 0xC6, 0x11, 0xBB, 0xF2, 0x48,
    0x54, 0x51, 0x4A, 0xCE, 0xE5, 0x87, 0x97, 0x16, 0xE7, 0x63, 0x3F, 0x50, 0x91, 0xC3, 0x31, 0xF8,
    0x0D, 0x2F, 0x55, 0x64, 0x02, 0x7E, 0xC3, 0x4B, 0xF3, 0x7C, 0x4F, 0xB7, 0x9E, 0xA5, 0xC2, 0xB5,
    0x1D, 0x4D, 0x3E, 0xFD, 0x63, 0x76, 0x48, 0x71, 0x4F, 0x91, 0xDC, 0x87, 0x62, 0xB9, 0x47, 0x10,
    0xC0, 0xAC, 0x1D, 0x08, 0x6A, 0xFE, 0x9E, 0x6B, 0x01, 0xFA, 0x45, 0xBE, 0xEE, 0x99, 0x4E, 0x1E,
    0xA1, 0x43, 0x5F, 0x71, 0x6F, 0x4A, 0xC5, 0x69, 0x20, 0x55, 0xAC, 0xF5, 0x17, 0x83, 0xEC, 0x6F,
    0x79, 0x43, 0x5F, 0x64, 0xEF, 0x81, 0x58, 0x15, 0x56, 0x71, 0x7C, 0x5F, 0x37, 0xA9, 0x53, 0xD1,
    0xA0, 0x62, 0x9A, 0x8A, 0x59, 0x2A, 0x42, 0xF9, 0x43, 0x42, 0x88, 0x3E, 0xA9, 0x2A, 0x47, 0x6A,
    0xFA, 0x57, 0x4B, 0x8C, 0x76, 0x07, 0x25, 0xAE, 0x70, 0x8E, 0xA6, 0xCD, 0xC8, 0x9F, 0x93, 0x6B,
    0x26, 0xC9, 0x22, 0xB7, 0x8F, 0x06, 0x52, 0xC9, 0xF2, 0x4A, 0x3B, 0xCB, 0x43, 0x00, 0xAA, 0xA9,
    0xCF, 0x3E, 0x75, 0xA5, 0x51, 0x69, 0x8D, 0xCC, 0x3D, 0x80, 0x1D, 0x39, 0x64, 0x65, 0x00, 0x73,
    0xC9, 0x81, 0xB9, 0x4E, 0x7F, 0x22, 0xBE, 0xE0, 0x0D, 0x39, 0xFD, 0x88, 0x5E, 0x6F, 0x17, 0x7F,
    0xE0, 0xDC, 0x2E, 0xC6, 0xD4, 0xC7, 0x93, 0x4C, 0xF5, 0x94, 0x60, 0xA0, 0xBC, 0x31, 0x41, 0x3E,
    0xD7, 0x5A, 0x5B, 0x99, 0x7B, 0x33, 0xB3, 0x30, 0xF3, 0xF2, 0x0D, 0x29, 0x01, 0x9B, 0x8E, 0x45,
    0x99, 0x19, 0x4C, 0xA9, 0xD4, 0x4B, 0x10, 0x4D, 0x29, 0xEF, 0x51, 0xA9, 0x14, 0xD0, 0x89, 0x70,
    0x99, 0x7E, 0xD7, 0xCB, 0x26, 0x47, 0x0A, 0xA5, 0x1B, 0xD0, 0x89, 0x6A, 0x15, 0x4E, 0x5E, 0xAA,
    0x4F, 0x5F, 0xAE, 0x2D, 0x3D, 0xF7, 0xF0, 0x73, 0xC2, 0xE5, 0xC8, 0x0E, 0x6F, 0x5D, 0xE8, 0xB7,
    0x4B, 0x17, 0x41, 0x5B, 0xE4, 0xEA, 0xFF, 0x46, 0xEE, 0x3D, 0x8F, 0x3B, 0xAD, 0xAE, 0x16, 0x54,
    0x95, 0x45, 0x15, 0xC1, 0x32, 0x10, 0xDA, 0x84, 0x87, 0xAB, 0x22, 0x84, 0x13, 0x0B, 0x8D, 0x37,
    0xB0, 0xD7, 0x34, 0x9C, 0xD0, 0x32, 0x9C, 0x8D, 0x1F, 0x3D, 0x2E, 0xE4, 0xAF, 0xBA, 0xAA, 0x26,
    0x1F, 0xD4, 0xF0, 0x46, 0xFE, 0xA0, 0x39, 0xF0, 0x3B, 0xD4, 0x71, 0x5A, 0x97, 0xA5, 0x77, 0xFE,
    0x9B, 0x6B, 0xC2, 0x85, 0x24, 0xF6, 0xA3, 0x67, 0x9E, 0x5D, 0x13, 0xAD, 0xB7, 0xA4, 0xB7, 0xC3,
    0x5B, 0x43, 0x51, 0xA6, 0x7A, 0x8F, 0xE0, 0xB2, 0x7A, 0xFC, 0x09, 0xA3, 0xAE, 0xB4, 0x43, 0x7A,
    0x19, 0xAC, 0x4D, 0x5E, 0x91, 0x5E, 0xF5, 0xFC, 0xDD, 0x88, 0x7D, 0x34, 0x45, 0xD5, 0xA6, 0xE6,
    0xC9, 0xB6, 0xE6, 0x01, 0x5C, 0x14, 0x6D, 0xFC, 0x19, 0x9E, 0x3B, 0xA0, 0xCB, 0xD2, 0xAF, 0x3E,
    0xBD, 0xE6, 0x63, 0x2B, 0xA5, 0xA8, 0x0A, 0x92, 0x97, 0x1D, 0x1F, 0x7B, 0x06, 0x45, 0x1B, 0x3F,
    0x5A, 0xF3, 0xE5, 0x7B, 0x52, 0x79, 0x66, 0x94, 0x07, 0x78, 0x1F, 0x90, 0xA2, 0x35, 0xDC, 0xCB,
    0x80, 0xCB, 0x50, 0x4F, 0xD1, 0xC6, 0xB9, 0xB5, 0x00, 0x75, 0x95, 0xF1, 0xC9, 0x30, 0x4B, 0x55,
    0x17, 0xA2, 0x88, 0xA9, 0xEA, 0x8E, 0xA2, 0x6C, 0x94, 0x0F, 0x2C, 0x40, 0x97, 0x9D, 0x8D, 0x73,
    0xAF, 0x84, 0x72, 0x3D, 0xFA, 0x00, 0x29, 0x3F, 0x92, 0x41, 0xF5, 0xA7, 0x6B, 0x42, 0x6D, 0xA1,
    0x40, 0x7C, 0x8F, 0x32, 0x3F, 0x04, 0x46, 0x31, 0x6D, 0x34, 0xD6, 0xA6, 0xE4, 0xBB, 0x3C, 0x16,
    0xEA, 0x7D, 0xF8, 0x9E, 0x4F, 0x2E, 0x36, 0x0F, 0xA0, 0x6A, 0xF8, 0x9A, 0x23, 0x41, 0x21, 0x45,
    0xB4, 0xF1, 0xC3, 0xF7, 0x7C, 0xB9, 0xCE, 0x7B, 0x98, 0xA3, 0x24, 0x83, 0x11, 0xAA, 0xBE, 0xF9,
    0xF0, 0x14, 0xAD, 0x63, 0x3E, 0xC1, 0x21, 0x3C, 0x4B, 0xDA, 0xF8, 0xC6, 0xAA, 0x17, 0x02, 0xAF,
    0x98, 0x36, 0x9E, 0x59, 0xF5, 0xE4, 0xDB, 0x30, 0x78, 0xD4, 0x65, 0x19, 0x9C, 0xA8, 0x9E, 0x72,
    0x4A, 0x40, 0xC4, 0xFD, 0x88, 0xDF, 0x71, 0x1D, 0x52, 0x72, 0x33, 0x44, 0x42, 0x93, 0x8D, 0x73,
    0xAC, 0x43, 0x62, 0xBF, 0x32, 0xF7, 0xB7, 0x1F, 0xF1, 0xDC, 0xDF, 0x79, 0x51, 0xD1, 0xF9, 0x67,
    0x5F, 0xF7, 0x5A, 0x90, 0x47, 0xF2, 0xBC, 0xAB, 0xAC, 0x98, 0xA3, 0x84, 0xCE, 0x37, 0x73, 0xD4,
    0x6A, 0xF3, 0xFD, 0x18, 0x08, 0x10, 0x51, 0xBC, 0xEC, 0x9D, 0x7F, 0xFE, 0x95, 0xB0, 0xB5, 0x19,
    0x9F, 0x90, 0xA5, 0x7B, 0x88, 0xB7, 0x97, 0xF9, 0xF8, 0xB0, 0xF1, 0x79, 0xC0, 0xF9, 0x9B, 0x21,
    0xF6, 0x70, 0x73, 0x80, 0x65, 0xDB, 0x03, 0xAE, 0x08, 0xCD, 0xE9, 0x23, 0x0E, 0xEF, 0x23, 0xB2,
    0xC9, 0xF0, 0x6D, 0x61, 0x84, 0x79, 0xC7, 0xAE, 0x4F, 0x78, 0xA3, 0xE5, 0x66, 0xB8, 0x6C, 0x07,
    0xE5, 0x01, 0xC3, 0x39, 0xC4, 0x07, 0x50, 0xD6, 0xA5, 0x0E, 0xBA, 0x1B, 0x53, 0x87, 0x4F, 0x7C,
    0xEC, 0x53, 0x04, 0x95, 0xD4, 0x47, 0x3D, 0x1B, 0x01, 0xF8, 0x2C, 0xE9, 0x2C, 0xD2, 0x8C, 0x3A,
    0x78, 0x74, 0x32, 0xF7, 0x57, 0xF7, 0x8C, 0x0F, 0x55, 0x7C, 0x1A, 0xE3, 0x07, 0x6D, 0x6C, 0x71,
    0x27, 0xC5, 0xC3, 0x8C, 0x10, 0xFC, 0x4A, 0x22, 0x24, 0x38, 0xBC, 0xF1, 0x99, 0x77, 0x20, 0x7D,
    0xF6, 0x87, 0xA1, 0xCA, 0x0C, 0xE8, 0x51, 0x1B, 0x4E, 0x53, 0xDF, 0x32, 0x43, 0x32, 0xBF, 0x65,
    0x97, 0xA9, 0x60, 0x5D, 0xCC, 0xD3, 0x10, 0x82, 0x85, 0x9E, 0xA0, 0x22, 0x15, 0x51, 0xE6, 0x3E,
    0x65, 0x1E, 0x42, 0x0D, 0x55, 0x88, 0x97, 0x8A, 0x1D, 0xB6, 0xF6, 0x11, 0x60, 0xC8, 0x7B, 0x0E,
    0x38, 0x94, 0x77, 0x06, 0x80, 0x5B, 0x6A, 0x5A, 0x10, 0x91, 0x0A, 0x91, 0x99, 0x0E, 0x9F, 0x72,
    0x60, 0x06, 0xCE, 0xE7, 0xA6, 0x8C, 0x9D, 0x32, 0x45, 0x5A, 0x2C, 0xEA, 0x6A, 0x2F, 0x0C, 0x50,
    0x24, 0xC2, 0x5D, 0xB0, 0xA0, 0xDA, 0x7F, 0x66, 0xED, 0x39, 0x61, 0x78, 0x75, 0x3A, 0x88, 0x5A,
    0x30, 0xB5, 0x2A, 0xEA, 0x27, 0x22, 0xC1, 0x7C, 0xF9, 0x7C, 0xD5, 0x8B, 0xBE, 0x9D, 0x2F, 0x90,
    0x71, 0xA9, 0x0D, 0x26, 0x96, 0xD5, 0x69, 0x31, 0xFF, 0x35, 0xDE, 0x6D, 0xAB, 0x72, 0xDA, 0x73,
    0x02, 0xB5, 0x31, 0x25, 0xC3, 0xEB, 0xCF, 0xA5, 0x78, 0x4B, 0x32, 0x3D, 0xE2, 0xF6, 0x5C, 0xE7,
    0x67, 0x5B, 0x5B, 0xEE, 0xC8, 0xEE, 0xAB, 0x36, 0x42, 0x9F, 0x65, 0xC3, 0x4F, 0xAE, 0x87, 0xA6,
    0xE6, 0x3B, 0x7B, 0xEF, 0xA2, 0x8B, 0xF7, 0xAE, 0xB5, 0xED, 0x76, 0xAD, 0xAD, 0xF3, 0xB3, 0x7B,
    0xEF, 0x76, 0xFA, 0xA3, 0xDE, 0x86, 0xF5, 0x6A, 0x53, 0xB6, 0x77, 0x97, 0x6C, 0x77, 0x48, 0x8B,
    0x01, 0xB9, 0x7B, 0x53, 0x26, 0x0C, 0x2A, 0xE1, 0x3E, 0xE5, 0x3B, 0x49, 0xED, 0x1E, 0xB6, 0x7B,
    0x92, 0xED, 0x6A, 0x73, 0xEF, 0xDD, 0xC1, 0x63, 0xA0, 0xEB, 0x4C, 0x4F, 0xEF, 0xF3, 0xBB, 0x1F,
    0x77, 0x8F, 0xC1, 0x5E, 0x46, 0xF3, 0x6F, 0x96, 0x55, 0xEF, 0x7E, 0x07, 0x78, 0x29, 0x13, 0xC9,
    0x25, 0xDF, 0x83, 0x0F, 0xC8, 0xCA, 0x51, 0xF6, 0x90, 0x40, 0x36, 0xEF, 0x25, 0x8F, 0x71, 0x56,
    0x9D, 0x6B, 0x41, 0x2F, 0xBA, 0x3F, 0x3C, 0xB0, 0x83, 0xE3, 0xDB, 0xDB, 0x08, 0x3E, 0xAB, 0x36,
    0x4F, 0xEE, 0x9F, 0xB9, 0x51, 0xF6, 0xB7, 0x9C, 0xC9, 0xED, 0x47, 0x64, 0x3F, 0xB9, 0xE7, 0x24,
    0xD4, 0xEE, 0xCA, 0x49, 0xCA, 0x4C, 0xED, 0xDB, 0x56, 0x7D, 0x32, 0x3F, 0xD2, 0xBB, 0x8C, 0xEB,
    0xA9, 0xBC, 0x1F, 0x55, 0xEB, 0x52, 0x76, 0xEB, 0xD5, 0xBB, 0xF6, 0x6D, 0x73, 0x9C, 0x06, 0xF8,
    0x2C, 0xA2, 0xCE, 0x1F, 0x13, 0x6E, 0x9E, 0x29, 0x4E, 0x56, 0xD9, 0x30, 0xA2, 0x3B, 0xE6, 0xAE,
    0x0A, 0xE1, 0x6E, 0x96, 0x2D, 0xEC, 0x20, 0x80, 0xF5, 0x49, 0xB2, 0xCC, 0xE9, 0xD6, 0x4B, 0xF0,
    0x77, 0x3F, 0x3E, 0xC9, 0x31, 0x0B, 0xCA, 0x46, 0x0E, 0x9F, 0x42, 0x66, 0xCB, 0xE4, 0x71, 0x77,
    0x16, 0x37, 0xDB, 0x66, 0x8E, 0xFE, 0x18, 0xFB, 0xD0, 0xD5, 0x1B, 0x65, 0xDF, 0x5C, 0x85, 0x3D,
    0x5F, 0x5E, 0x15, 0x99, 0x26, 0x3F, 0xD6, 0x54, 0x76, 0x0F, 0x67, 0x72, 0xFB, 0x71, 0x77, 0x16,
    0x35, 0xDB, 0x39, 0xDF, 0xFE, 0x04, 0xEB, 0x38, 0x7C, 0x92, 0xF1, 0xE7, 0x0D, 0xCA, 0x7C, 0x5B,
    0xA8, 0x38, 0xF6, 0xA6, 0xD9, 0xF6, 0x3A, 0x22, 0xEE, 0x3E, 0x77, 0xEA, 0x49, 0x41, 0x75, 0x8E,
    0xA7, 0x6E, 0x9C, 0x4D, 0x63, 0x52, 0x3B, 0x92, 0xD9, 0xE3, 0x4B, 0x6E, 0x40, 0x99, 0xAF, 0x01,
    0x0A, 0x9F, 0xC8, 0xDC, 0x75, 0x70, 0x9D, 0xD2, 0x75, 0xBF, 0x68, 0xB7, 0xD9, 0x17, 0x13, 0xC7,
    0x96, 0xB2, 0x43, 0xD6, 0xCF, 0x07, 0x29, 0x8F, 0xE7, 0x51, 0x50, 0x79, 0x0F, 0x71, 0xB9, 0xF5,
    0xF3, 0x3C, 0xEA, 0x6D, 0x45, 0x9F, 0x2A, 0x93, 0xB6, 0x9F, 0xC6, 0x06, 0x0A, 0x65, 0x46, 0x90,
    0x87, 0x5B, 0xD1, 0xD4, 0xCA, 0xED, 0x98, 0x03, 0x66, 0x74, 0x9E, 0x4A, 0x9F, 0x5E, 0x9B, 0x52,
    0x56, 0xCC, 0xFE, 0x85, 0x55, 0x90, 0x17, 0x5B, 0x68, 0x34, 0xD4, 0x57, 0x14, 0xA0, 0xB1, 0xC4,
    0x72, 0xBF, 0x1D, 0x37, 0xD9, 0x45, 0xD1, 0x57, 0xA3, 0xED, 0x83, 0x53, 0x4A, 0xCE, 0x53, 0x15,
    0xE4, 0xA8, 0x4F, 0xB4, 0xE8, 0xCE, 0x72, 0x2C, 0xC1, 0xFF, 0x5E, 0x41, 0x01, 0xFF, 0x23, 0x52,
    0x3D, 0xFA, 0xD4, 0x98, 0xF7, 0xD5, 0xBF, 0x5A, 0xF0, 0xC2, 0x92, 0xBF, 0xDB, 0x64, 0xAA, 0xA3,
    0x02, 0xFE, 0xF7, 0x8F, 0x26, 0x7B, 0xDD, 0x65, 0xDE, 0xAF, 0xBE, 0x6F, 0x08, 0x53, 0xFC, 0x8B,
    0x21, 0x8C, 0x3B, 0x5E, 0x36, 0xC9, 0x78, 0xF4, 0x09, 0xF5, 0x85, 0x47, 0x86, 0xDA, 0xEA, 0x9D,
    0xA8, 0xFA, 0x9A, 0xF1, 0x15, 0xA2, 0x7F, 0x37, 0xFE, 0x98, 0xA8, 0xA1, 0x9F, 0xC5, 0xAE, 0x8A,
    0xFF, 0x9D, 0x68, 0x96, 0xFF, 0xB7, 0x84, 0xBF, 0xBF, 0x0F, 0xD4, 0xF6, 0xFF, 0xF1, 0x29, 0x5A,
    0xF2, 0x2F, 0x42, 0x93, 0xD5, 0xA9, 0x79, 0x0E, 0xAC, 0x78, 0xF8, 0x78, 0xE3, 0xC9, 0xBB, 0x53,
    0x6C, 0x48, 0x02, 0xBB, 0x3D, 0xF1, 0x8B, 0x07, 0x5E, 0xD2, 0xBC, 0x83, 0x2E, 0x15, 0xA4, 0x72,
    0x78, 0x3D, 0xC8, 0x13, 0xCF, 0xDC, 0xE3, 0xB7, 0x64, 0x18, 0x9F, 0x3A, 0x8D, 0xC4, 0x50, 0x75,
    0x70, 0xE3, 0x07, 0xFE, 0xE9, 0xC4, 0xCB, 0x83, 0x1D, 0x13, 0x2E, 0x9D, 0x77, 0xAB, 0x99, 0x6A,
    0x4B, 0xF6, 0x5E, 0x47, 0x02, 0x1A, 0xCA, 0xD2, 0xF4, 0x11, 0x5A, 0x30, 0x38, 0xE1, 0x06, 0x8F,
    0x28, 0xFC, 0x1F,
};

static const EpdGlyph ubuntu_jp_10_regularGlyphs[] = {
    { 0, 0, 0, 0, 0, 0, 0 }, // U+0000
    { 0, 0, 0, 0, 0, 0, 0 }, // U+0008
    { 0, 0, 77, 0, 0, 0, 0 }, // U+0009
    { 0, 0, 77, 0, 0, 0, 0 }, // U+000D
    { 0, 0, 0, 0, 0, 0, 0 }, // U+001D
    { 0, 0, 77, 0, 0, 0, 0 }, // U+0020
    { 4, 15, 92, 1, 15, 15, 0 }, // !
    { 7, 5, 139, 1, 16, 9, 15 }, // "
    { 12, 15, 222, 1, 15, 45, 24 }, // #
    { 10, 19, 188, 1, 16, 48, 69 }, // $
    { 16, 15, 286, 1, 15, 60, 117 }, // %
    { 14, 15, 222, 0, 15, 53, 177 }, // &
    { 3, 5, 80, 1, 16, 4, 230 }, // '
    { 6, 20, 108, 1, 16, 30, 234 }, // (
    { 6, 20, 108, 0, 16, 30, 264 }, // )
    { 10, 8, 160, 0, 15, 20, 294 }, // *
    { 10, 10, 188, 1, 11, 25, 314 }, // +
    { 4, 5, 82, 0, 2, 5, 339 }, // ,
    { 6, 2, 100, 0, 7, 3, 344 }, // -
    { 3, 3, 82, 1, 3, 3, 347 }, // .
    { 10, 20, 128, -1, 16, 50, 350 }, // /
    { 10, 15, 188, 1, 15, 38, 400 }, // 0
    { 7, 15, 188, 1, 15, 27, 438 }, // 1
    { 10, 15, 188, 1, 15, 38, 465 }, // 2
    { 10, 15, 188, 1, 15, 38, 503 }, // 3
    { 11, 15, 188, 0, 15, 42, 541 }, // 4
    { 10, 15, 188, 1, 15, 38, 583 }, // 5
    { 10, 15, 188, 1, 15, 38, 621 }, // 6
    { 10, 15, 188, 1, 15, 38, 659 }, // 7
    { 10, 15, 188, 1, 15, 38, 697 }, // 8
    { 10, 15, 188, 1, 15, 38, 735 }, // 9
    { 3, 11, 82, 1, 11, 9, 773 }, // :
    { 4, 14, 82, 0, 11, 14, 782 }, // ;
    { 10, 9, 188, 1, 11, 23, 796 }, // <
    { 10, 7, 188, 1, 10, 18, 819 }, // =
    { 10, 9, 188, 1, 11, 23, 837 }, // >
    { 8, 15, 135, 0, 15, 30, 860 }, // ?
    { 18, 20, 317, 1, 16, 90, 890 }, // @
    { 14, 15, 221, 0, 15, 53, 980 }, // A
    { 12, 15, 214, 1, 15, 45, 1033 }, // B
    { 12, 15, 207, 1, 15, 45, 1078 }, // C
    { 13, 15, 238, 1, 15, 49, 1123 }, // D
    { 11, 15, 190, 1, 15, 42, 1172 }, // E
    { 10, 15, 179, 1, 15, 38, 1214 }, // F
    { 12, 15, 224, 1, 15, 45, 1252 }, // G
    { 12, 15, 235, 1, 15, 45, 1297 }, // H
    { 3, 15, 90, 1, 15, 12, 1342 }, // I
    { 9, 15, 167, 0, 15, 34, 1354 }, // J
    { 13, 15, 210, 1, 15, 49, 1388 }, // K
    { 10, 15, 173, 1, 15, 38, 1437 }, // L
    { 16, 15, 290, 1, 15, 60, 1475 }, // M
    { 13, 15, 243, 1, 15, 49, 1535 }, // N
    { 15, 15, 259, 1, 15, 57, 1584 }, // O
    { 12, 15, 203, 1, 15, 45, 1641 }, // P
    { 15, 19, 259, 1, 15, 72, 1686 }, // Q
    { 12, 15, 210, 1, 15, 45, 1758 }, // R
    { 11, 15, 177, 0, 15, 42, 1803 }, // S
    { 12, 15, 188, 0, 15, 45, 1845 }, // T
    { 12, 15, 229, 1, 15, 45, 1890 }, // U
    { 14, 15, 219, 0, 15, 53, 1935 }, // V
    { 19, 15, 310, 0, 15, 72, 1988 }, // W
    { 13, 15, 210, 0, 15, 49, 2060 }, // X
    { 13, 15, 199, 0, 15, 49, 2109 }, // Y
    { 12, 15, 191, 0, 15, 45, 2158 }, // Z
    { 5, 20, 110, 2, 16, 25, 2203 }, // [
    { 10, 20, 128, -1, 16, 50, 2228 }, // <backslash>
    { 5, 20, 110, 0, 16, 25, 2278 }, // ]
    { 11, 8, 188, 0, 15, 22, 2303 }, // ^
    { 12, 2, 164, -1, -2, 6, 2325 }, // _
    { 5, 4, 125, 1, 16, 5, 2331 }, // `
    { 10, 11, 174, 0, 11, 28, 2336 }, // a
    { 11, 16, 196, 1, 16, 44, 2364 }, // b
    { 9, 11, 155, 1, 11, 25, 2408 }, // c
    { 10, 16, 196, 1, 16, 40, 2433 }, // d
    { 10, 11, 186, 1, 11, 28, 2473 }, // e
    { 8, 16, 129, 1, 16, 32, 2501 }, // f
    { 10, 15, 193, 1, 11, 38, 2533 }, // g
    { 10, 16, 190, 1, 16, 40, 2571 }, // h
    { 3, 16, 84, 1, 16, 12, 2611 }, // i
    { 6, 20, 84, -2, 16, 30, 2623 }, // j
    { 10, 16, 174, 1, 16, 40, 2653 }, // k
    { 5, 16, 91, 1, 16, 20, 2693 }, // l
    { 16, 11, 287, 1, 11, 44, 2713 }, // m
    { 10, 11, 191, 1, 11, 28, 2757 }, // n
    { 11, 11, 197, 1, 11, 31, 2785 }, // o
    { 11, 15, 196, 1, 11, 42, 2816 }, // p
    { 10, 15, 196, 1, 11, 38, 2858 }, // q
    { 7, 11, 129, 1, 11, 20, 2896 }, // r
    { 9, 11, 149, 0, 11, 25, 2916 }, // s
    { 8, 14, 134, 1, 14, 28, 2941 }, // t
    { 10, 11, 191, 1, 11, 28, 2969 }, // u
    { 11, 11, 167, 0, 11, 31, 2997 }, // v
    { 16, 11, 259, 0, 11, 44, 3028 }, // w
    { 11, 11, 170, 0, 11, 31, 3072 }, // x
    { 11, 15, 166, 0, 11, 42, 3103 }, // y
    { 10, 11, 157, 0, 11, 28, 3145 }, // z
    { 7, 20, 111, 0, 16, 35, 3173 }, // {
    { 2, 20, 93, 2, 16, 10, 3208 }, // |
    { 7, 20, 111, 0, 16, 35, 3218 }, // }
    { 11, 4, 188, 0, 8, 11, 3253 }, // ~
    { 0, 0, 77, 0, 0, 0, 0 }, // U+00A0
    { 4, 15, 92, 1, 11, 15, 0 }, // U+00A1
    { 10, 17, 188, 1, 14, 43, 15 }, // U+00A2
    { 10, 15, 188, 1, 15, 38, 58 }, // U+00A3
    { 11, 10, 188, 0, 12, 28, 96 }, // U+00A4
    { 12, 15, 188, 0, 15, 45, 124 }, // U+00A5
    { 2, 20, 93, 2, 16, 10, 169 }, // U+00A6
    { 10, 18, 164, 0, 16, 45, 179 }, // U+00A7
    { 8, 2, 125, 0, 15, 4, 224 }, // U+00A8
    { 15, 15, 271, 1, 15, 57, 228 }, // U+00A9
    { 8, 8, 130, 0, 15, 16, 285 }, // U+00AA
    { 10, 9, 166, 0, 10, 23, 301 }, // U+00AB
    { 10, 8, 188, 1, 9, 20, 324 }, // U+00AC
    { 6, 2, 100, 0, 7, 3, 344 }, // U+00AD
    { 15, 15, 271, 1, 15, 57, 347 }, // U+00AE
    { 7, 2, 125, 0, 15, 4, 404 }, // U+00AF
    { 7, 6, 111, 0, 16, 11, 408 }, // U+00B0
    { 10, 13, 188, 1, 13, 33, 419 }, // U+00B1
    { 7, 8, 120, 0, 15, 14, 452 }, // U+00B2
    { 7, 8, 120, 0, 15, 14, 466 }, // U+00B3
    { 5, 4, 125, 2, 16, 5, 480 }, // U+00B4
    { 10, 15, 193, 1, 11, 38, 485 }, // U+00B5
    { 12, 19, 215, 0, 15, 57, 523 }, // U+00B6
    { 3, 3, 82, 1, 8, 3, 580 }, // U+00B7
    { 5, 4, 125, 1, 0, 5, 583 }, // U+00B8
    { 4, 8, 120, 1, 15, 8, 588 }, // U+00B9
    { 9, 8, 149, 0, 15, 18, 596 }, // U+00BA
    { 10, 9, 166, 0, 10, 23, 614 }, // U+00BB
    { 17, 15, 291, 1, 15, 64, 637 }, // U+00BC
    { 17, 15, 291, 1, 15, 64, 701 }, // U+00BD
    { 18, 15, 291, 0, 15, 68, 765 }, // U+00BE
    { 9, 15, 135, 0, 11, 34, 833 }, // U+00BF
    { 14, 20, 221, 0, 20, 70, 867 }, // U+00C0
    { 14, 20, 221, 0, 20, 70, 937 }, // U+00C1
    { 14, 20, 221, 0, 20, 70, 1007 }, // U+00C2
    { 14, 19, 221, 0, 19, 67, 1077 }, // U+00C3
    { 14, 18, 221, 0, 18, 63, 1144 }, // U+00C4
    { 14, 18, 221, 0, 18, 63, 1207 }, // U+00C5
    { 19, 15, 312, 0, 15, 72, 1270 }, // U+00C6
    { 12, 18, 207, 1, 15, 54, 1342 }, // U+00C7
    { 11, 20, 190, 1, 20, 55, 1396 }, // U+00C8
    { 11, 20, 190, 1, 20, 55, 1451 }, // U+00C9
    { 11, 20, 190, 1, 20, 55, 1506 }, // U+00CA
    { 11, 18, 190, 1, 18, 50, 1561 }, // U+00CB
    { 5, 20, 90, 0, 20, 25, 1611 }, // U+00CC
    { 5, 20, 90, 1, 20, 25, 1636 }, // U+00CD
    { 7, 20, 90, -1, 20, 35, 1661 }, // U+00CE
    { 8, 18, 90, -1, 18, 36, 1696 }, // U+00CF
    { 15, 15, 242, 0, 15, 57, 1732 }, // U+00D0
    { 13, 19, 243, 1, 19, 62, 1789 }, // U+00D1
    { 15, 20, 259, 1, 20, 75, 1851 }, // U+00D2
    { 15, 20, 259, 1, 20, 75, 1926 }, // U+00D3
    { 15, 20, 259, 1, 20, 75, 2001 }, // U+00D4
    { 15, 19, 259, 1, 19, 72, 2076 }, // U+00D5
    { 15, 18, 259, 1, 18, 68, 2148 }, // U+00D6
    { 10, 9, 188, 1, 11, 23, 2216 }, // U+00D7
    { 15, 15, 259, 1, 15, 57, 2239 }, // U+00D8
    { 12, 20, 229, 1, 20, 60, 2296 }, // U+00D9
    { 12, 20, 229, 1, 20, 60, 2356 }, // U+00DA
    { 12, 20, 229, 1, 20, 60, 2416 }, // U+00DB
    { 12, 18, 229, 1, 18, 54, 2476 }, // U+00DC
    { 13, 20, 199, 0, 20, 65, 2530 }, // U+00DD
    { 12, 15, 203, 1, 15, 45, 2595 }, // U+00DE
    { 12, 16, 208, 1, 16, 48, 2640 }, // U+00DF
    { 10, 16, 174, 0, 16, 40, 2688 }, // U+00E0
    { 10, 16, 174, 0, 16, 40, 2728 }, // U+00E1
    { 10, 16, 174, 0, 16, 40, 2768 }, // U+00E2
    { 10, 16, 174, 0, 16, 40, 2808 }, // U+00E3
    { 10, 15, 174, 0, 15, 38, 2848 }, // U+00E4
    { 10, 16, 174, 0, 16, 40, 2886 }, // U+00E5
    { 17, 11, 286, 0, 11, 47, 2926 }, // U+00E6
    { 9, 15, 155, 1, 11, 34, 2973 }, // U+00E7
    { 10, 16, 186, 1, 16, 40, 3007 }, // U+00E8
    { 10, 16, 186, 1, 16, 40, 3047 }, // U+00E9
    { 10, 16, 186, 1, 16, 40, 3087 }, // U+00EA
    { 10, 15, 186, 1, 15, 38, 3127 }, // U+00EB
    { 5, 16, 84, 0, 16, 20, 3165 }, // U+00EC
    { 5, 16, 84, 1, 16, 20, 3185 }, // U+00ED
    { 7, 16, 84, -1, 16, 28, 3205 }, // U+00EE
    { 7, 15, 84, -1, 15, 27, 3233 }, // U+00EF
    { 11, 16, 196, 1, 16, 44, 3260 }, // U+00F0
    { 10, 16, 191, 1, 16, 40, 3304 }, // U+00F1
    { 11, 16, 197, 1, 16, 44, 3344 }, // U+00F2
    { 11, 16, 197, 1, 16, 44, 3388 }, // U+00F3
    { 11, 16, 197, 1, 16, 44, 3432 }, // U+00F4
    { 11, 16, 197, 1, 16, 44, 3476 }, // U+00F5
    { 11, 15, 197, 1, 15, 42, 3520 }, // U+00F6
    { 10, 12, 188, 1, 12, 30, 3562 }, // U+00F7
    { 11, 11, 197, 1, 11, 31, 3592 }, // U+00F8
    { 10, 16, 191, 1, 16, 40, 3623 }, // U+00F9
    { 10, 16, 191, 1, 16, 40, 3663 }, // U+00FA
    { 10, 16, 191, 1, 16, 40, 3703 }, // U+00FB
    { 10, 15, 191, 1, 15, 38, 3743 }, // U+00FC
    { 11, 20, 166, 0, 16, 55, 3781 }, // U+00FD
    { 11, 20, 196, 1, 16, 55, 3836 }, // U+00FE
    { 11, 19, 166, 0, 15, 53, 3891 }, // U+00FF
    { 14, 18, 221, 0, 18, 63, 0 }, // U+0100
    { 10, 15, 174, 0, 15, 38, 63 }, // U+0101
    { 14, 19, 221, 0, 19, 67, 101 }, // U+0102
    { 10, 16, 174, 0, 16, 40, 168 }, // U+0103
    { 14, 19, 221, 0, 15, 67, 208 }, // U+0104
    { 10, 14, 174, 0, 11, 35, 275 }, // U+0105
    { 12, 20, 207, 1, 20, 60, 310 }, // U+0106
    { 9, 16, 155, 1, 16, 36, 370 }, // U+0107
    { 12, 20, 207, 1, 20, 60, 406 }, // U+0108
    { 9, 16, 155, 1, 16, 36, 466 }, // U+0109
    { 12, 19, 207, 1, 19, 57, 502 }, // U+010A
    { 9, 16, 155, 1, 16, 36, 559 }, // U+010B
    { 12, 20, 207, 1, 20, 60, 595 }, // U+010C
    { 9, 16, 155, 1, 16, 36, 655 }, // U+010D
    { 13, 20, 238, 1, 20, 65, 691 }, // U+010E
    { 14, 16, 207, 1, 16, 56, 756 }, // U+010F
    { 15, 15, 242, 0, 15, 57, 812 }, // U+0110
    { 12, 16, 196, 1, 16, 48, 869 }, // U+0111
    { 11, 18, 190, 1, 18, 50, 917 }, // U+0112
    { 10, 15, 186, 1, 15, 38, 967 }, // U+0113
    { 11, 19, 190, 1, 19, 53, 1005 }, // U+0114
    { 10, 16, 186, 1, 16, 40, 1058 }, // U+0115
    { 11, 19, 190, 1, 19, 53, 1098 }, // U+0116
    { 10, 16, 186, 1, 16, 40, 1151 }, // U+0117
    { 11, 19, 190, 1, 15, 53, 1191 }, // U+0118
    { 10, 14, 186, 1, 11, 35, 1244 }, // U+0119
    { 11, 20, 190, 1, 20, 55, 1279 }, // U+011A
    { 10, 17, 186, 1, 17, 43, 1334 }, // U+011B
    { 12, 20, 224, 1, 20, 60, 1377 }, // U+011C
    { 10, 20, 193, 1, 16, 50, 1437 }, // U+011D
    { 12, 19, 224, 1, 19, 57, 1487 }, // U+011E
    { 10, 20, 193, 1, 16, 50, 1544 }, // U+011F
    { 12, 19, 224, 1, 19, 57, 1594 }, // U+0120
    { 10, 20, 193, 1, 16, 50, 1651 }, // U+0121
    { 12, 19, 224, 1, 15, 57, 1701 }, // U+0122
    { 10, 21, 193, 1, 17, 53, 1758 }, // U+0123
    { 12, 20, 235, 1, 20, 60, 1811 }, // U+0124
    { 10, 20, 190, 1, 20, 50, 1871 }, // U+0125
    { 15, 15, 244, 0, 15, 57, 1921 }, // U+0126
    { 11, 16, 190, 0, 16, 44, 1978 }, // U+0127
    { 8, 19, 90, -1, 19, 38, 2022 }, // U+0128
    { 8, 16, 84, -1, 16, 32, 2060 }, // U+0129
    { 7, 18, 90, -1, 18, 32, 2092 }, // U+012A
    { 7, 15, 84, -1, 15, 27, 2124 }, // U+012B
    { 6, 19, 90, 0, 19, 29, 2151 }, // U+012C
    { 7, 16, 84, -1, 16, 28, 2180 }, // U+012D
    { 5, 19, 90, 0, 15, 24, 2208 }, // U+012E
    { 4, 20, 84, 0, 16, 20, 2232 }, // U+012F
    { 4, 19, 90, 1, 19, 19, 2252 }, // U+0130
    { 3, 11, 84, 1, 11, 9, 2271 }, // U+0131
    { 14, 15, 256, 1, 15, 53, 2280 }, // U+0132
    { 9, 20, 170, 1, 16, 45, 2333 }, // U+0133
    { 11, 20, 167, 0, 20, 55, 2378 }, // U+0134
    { 8, 20, 84, -2, 16, 40, 2433 }, // U+0135
    { 13, 19, 210, 1, 15, 62, 2473 }, // U+0136
    { 10, 20, 174, 1, 16, 50, 2535 }, // U+0137
    { 10, 11, 179, 1, 11, 28, 2585 }, // U+0138
    { 10, 20, 173, 1, 20, 50, 2613 }, // U+0139
    { 5, 20, 91, 1, 20, 25, 2663 }, // U+013A
    { 10, 19, 173, 1, 15, 48, 2688 }, // U+013B
    { 6, 20, 91, 0, 16, 30, 2736 }, // U+013C
    { 10, 15, 173, 1, 15, 38, 2766 }, // U+013D
    { 6, 16, 95, 1, 16, 24, 2804 }, // U+013E
    { 10, 15, 173, 1, 15, 38, 2828 }, // U+013F
    { 7, 16, 123, 1, 16, 28, 2866 }, // U+0140
    { 12, 15, 179, -1, 15, 45, 2894 }, // U+0141
    { 7, 16, 96, 0, 16, 28, 2939 }, // U+0142
    { 13, 20, 243, 1, 20, 65, 2967 }, // U+0143
    { 10, 16, 191, 1, 16, 40, 3032 }, // U+0144
    { 13, 19, 243, 1, 15, 62, 3072 }, // U+0145
    { 10, 15, 191, 1, 11, 38, 3134 }, // U+0146
    { 13, 20, 243, 1, 20, 65, 3172 }, // U+0147
    { 10, 16, 191, 1, 16, 40, 3237 }, // U+0148
    { 11, 16, 191, 0, 16, 44, 3277 }, // U+0149
    { 13, 19, 243, 1, 15, 62, 3321 }, // U+014A
    { 10, 15, 191, 1, 11, 38, 3383 }, // U+014B
    { 15, 18, 259, 1, 18, 68, 3421 }, // U+014C
    { 11, 15, 197, 1, 15, 42, 3489 }, // U+014D
    { 15, 19, 259, 1, 19, 72, 3531 }, // U+014E
    { 11, 16, 197, 1, 16, 44, 3603 }, // U+014F
    { 15, 20, 259, 1, 20, 75, 3647 }, // U+0150
    { 11, 16, 197, 1, 16, 44, 3722 }, // U+0151
    { 20, 15, 331, 1, 15, 75, 3766 }, // U+0152
    { 18, 11, 316, 1, 11, 50, 3841 }, // U+0153
    { 12, 20, 210, 1, 20, 60, 3891 }, // U+0154
    { 7, 16, 129, 1, 16, 28, 3951 }, // U+0155
    { 12, 19, 210, 1, 15, 57, 3979 }, // U+0156
    { 8, 15, 129, 0, 11, 30, 4036 }, // U+0157
    { 12, 20, 210, 1, 20, 60, 4066 }, // U+0158
    { 7, 16, 129, 1, 16, 28, 4126 }, // U+0159
    { 11, 20, 177, 0, 20, 55, 4154 }, // U+015A
    { 9, 16, 149, 0, 16, 36, 4209 }, // U+015B
    { 11, 20, 177, 0, 20, 55, 4245 }, // U+015C
    { 9, 16, 149, 0, 16, 36, 4300 }, // U+015D
    { 11, 18, 177, 0, 15, 50, 4336 }, // U+015E
    { 9, 14, 149, 0, 11, 32, 4386 }, // U+015F
    { 11, 20, 177, 0, 20, 55, 4418 }, // U+0160
    { 9, 16, 149, 0, 16, 36, 4473 }, // U+0161
    { 12, 18, 188, 0, 15, 54, 4509 }, // U+0162
    { 8, 17, 134, 1, 14, 34, 4563 }, // U+0163
    { 12, 20, 188, 0, 20, 60, 4597 }, // U+0164
    { 8, 16, 134, 1, 16, 32, 4657 }, // U+0165
    { 12, 15, 188, 0, 15, 45, 4689 }, // U+0166
    { 8, 14, 134, 1, 14, 28, 4734 }, // U+0167
    { 12, 19, 229, 1, 19, 57, 4762 }, // U+0168
    { 10, 16, 191, 1, 16, 40, 4819 }, // U+0169
    { 12, 18, 229, 1, 18, 54, 4859 }, // U+016A
    { 10, 15, 191, 1, 15, 38, 4913 }, // U+016B
    { 12, 19, 229, 1, 19, 57, 4951 }, // U+016C
    { 10, 16, 191, 1, 16, 40, 5008 }, // U+016D
    { 12, 19, 229, 1, 19, 57, 5048 }, // U+016E
    { 10, 16, 191, 1, 16, 40, 5105 }, // U+016F
    { 12, 20, 229, 1, 20, 60, 5145 }, // U+0170
    { 10, 16, 191, 1, 16, 40, 5205 }, // U+0171
    { 12, 18, 229, 1, 15, 54, 5245 }, // U+0172
    { 10, 14, 191, 1, 11, 35, 5299 }, // U+0173
    { 19, 20, 310, 0, 20, 95, 5334 }, // U+0174
    { 16, 16, 259, 0, 16, 64, 5429 }, // U+0175
    { 13, 20, 199, 0, 20, 65, 5493 }, // U+0176
    { 11, 20, 166, 0, 16, 55, 5558 }, // U+0177
    { 13, 18, 199, 0, 18, 59, 5613 }, // U+0178
    { 12, 20, 191, 0, 20, 60, 5672 }, // U+0179
    { 10, 16, 157, 0, 16, 40, 5732 }, // U+017A
    { 12, 19, 191, 0, 19, 57, 5772 }, // U+017B
    { 10, 16, 157, 0, 16, 40, 5829 }, // U+017C
    { 12, 20, 191, 0, 20, 60, 5869 }, // U+017D
    { 10, 16, 157, 0, 16, 40, 5929 }, // U+017E
    { 8, 16, 91, 1, 16, 32, 5969 }, // U+017F
    { 15, 17, 259, 1, 17, 64, 0 }, // U+01A0
    { 12, 13, 197, 1, 13, 39, 64 }, // U+01A1
    { 15, 17, 237, 1, 17, 64, 103 }, // U+01AF
    { 12, 13, 199, 1, 13, 39, 167 }, // U+01B0
    { 26, 19, 430, 1, 19, 124, 206 }, // U+01C4
    { 24, 16, 396, 1, 16, 96, 330 }, // U+01C5
    { 21, 16, 355, 1, 16, 84, 426 }, // U+01C6
    { 19, 15, 339, 1, 15, 72, 510 }, // U+01C7
    { 14, 20, 259, 1, 16, 70, 582 }, // U+01C8
    { 9, 20, 177, 1, 16, 45, 652 }, // U+01C9
    { 24, 15, 409, 1, 15, 90, 697 }, // U+01CA
    { 19, 20, 328, 1, 16, 95, 787 }, // U+01CB
    { 16, 20, 277, 1, 16, 80, 882 }, // U+01CC
    { 14, 20, 221, 0, 20, 70, 962 }, // U+01CD
    { 10, 16, 174, 0, 16, 40, 1032 }, // U+01CE
    { 6, 20, 90, 0, 20, 30, 1072 }, // U+01CF
    { 7, 16, 84, -1, 16, 28, 1102 }, // U+01D0
    { 15, 20, 259, 1, 20, 75, 1130 }, // U+01D1
    { 11, 16, 197, 1, 16, 44, 1205 }, // U+01D2
    { 12, 20, 229, 1, 20, 60, 1249 }, // U+01D3
    { 10, 16, 191, 1, 16, 40, 1309 }, // U+01D4
    { 12, 21, 229, 1, 21, 63, 1349 }, // U+01D5
    { 10, 17, 191, 1, 17, 43, 1412 }, // U+01D6
    { 12, 21, 229, 1, 21, 63, 1455 }, // U+01D7
    { 10, 18, 191, 1, 18, 45, 1518 }, // U+01D8
    { 12, 20, 229, 1, 20, 60, 1563 }, // U+01D9
    { 10, 17, 191, 1, 17, 43, 1623 }, // U+01DA
    { 12, 21, 229, 1, 21, 63, 1666 }, // U+01DB
    { 10, 18, 191, 1, 18, 45, 1729 }, // U+01DC
    { 10, 11, 186, 1, 11, 28, 1774 }, // U+01DD
    { 14, 21, 221, 0, 21, 74, 1802 }, // U+01DE
    { 10, 17, 174, 0, 17, 43, 1876 }, // U+01DF
    { 14, 21, 221, 0, 21, 74, 1919 }, // U+01E0
    { 10, 17, 174, 0, 17, 43, 1993 }, // U+01E1
    { 19, 18, 312, 0, 18, 86, 2036 }, // U+01E2
    { 17, 15, 286, 0, 15, 64, 2122 }, // U+01E3
    { 14, 15, 234, 1, 15, 53, 2186 }, // U+01E4
    { 12, 15, 197, 1, 11, 45, 2239 }, // U+01E5
    { 12, 20, 224, 1, 20, 60, 2284 }, // U+01E6
    { 10, 20, 193, 1, 16, 50, 2344 }, // U+01E7
    { 13, 20, 210, 1, 20, 65, 2394 }, // U+01E8
    { 10, 20, 174, 1, 20, 50, 2459 }, // U+01E9
    { 15, 18, 259, 1, 15, 68, 2509 }, // U+01EA
    { 11, 14, 197, 1, 11, 39, 2577 }, // U+01EB
    { 15, 21, 259, 1, 18, 79, 2616 }, // U+01EC
    { 11, 18, 197, 1, 15, 50, 2695 }, // U+01ED
    { 11, 20, 189, 0, 20, 55, 2745 }, // U+01EE
    { 11, 20, 157, -1, 16, 55, 2800 }, // U+01EF
    { 8, 20, 84, -2, 16, 40, 2855 }, // U+01F0
    { 26, 15, 430, 1, 15, 98, 2895 }, // U+01F1
    { 24, 15, 396, 1, 15, 90, 2993 }, // U+01F2
    { 21, 16, 355, 1, 16, 84, 3083 }, // U+01F3
    { 12, 20, 224, 1, 20, 60, 3167 }, // U+01F4
    { 10, 20, 193, 1, 16, 50, 3227 }, // U+01F5
    { 20, 15, 352, 1, 15, 75, 3277 }, // U+01F6
    { 12, 19, 214, 1, 15, 57, 3352 }, // U+01F7
    { 13, 20, 243, 1, 20, 65, 3409 }, // U+01F8
    { 10, 16, 191, 1, 16, 40, 3474 }, // U+01F9
    { 14, 21, 221, 0, 21, 74, 3514 }, // U+01FA
    { 10, 19, 174, 0, 19, 48, 3588 }, // U+01FB
    { 19, 20, 312, 0, 20, 95, 3636 }, // U+01FC
    { 17, 16, 286, 0, 16, 68, 3731 }, // U+01FD
    { 15, 20, 259, 1, 20, 75, 3799 }, // U+01FE
    { 11, 16, 197, 1, 16, 44, 3874 }, // U+01FF
    { 14, 20, 221, 0, 20, 70, 3918 }, // U+0200
    { 10, 16, 174, 0, 16, 40, 3988 }, // U+0201
    { 14, 19, 221, 0, 19, 67, 4028 }, // U+0202
    { 10, 16, 174, 0, 16, 40, 4095 }, // U+0203
    { 11, 20, 190, 1, 20, 55, 4135 }, // U+0204
    { 10, 16, 186, 1, 16, 40, 4190 }, // U+0205
    { 11, 19, 190, 1, 19, 53, 4230 }, // U+0206
    { 10, 16, 186, 1, 16, 40, 4283 }, // U+0207
    { 8, 20, 90, -2, 20, 40, 4323 }, // U+0208
    { 8, 16, 84, -2, 16, 32, 4363 }, // U+0209
    { 6, 19, 90, 0, 19, 29, 4395 }, // U+020A
    { 7, 16, 84, -1, 16, 28, 4424 }, // U+020B
    { 15, 20, 259, 1, 20, 75, 4452 }, // U+020C
    { 11, 16, 197, 1, 16, 44, 4527 }, // U+020D
    { 15, 19, 259, 1, 19, 72, 4571 }, // U+020E
    { 11, 16, 197, 1, 16, 44, 4643 }, // U+020F
    { 12, 20, 210, 1, 20, 60, 4687 }, // U+0210
    { 8, 16, 129, 0, 16, 32, 4747 }, // U+0211
    { 12, 19, 210, 1, 19, 57, 4779 }, // U+0212
    { 7, 16, 129, 1, 16, 28, 4836 }, // U+0213
    { 12, 20, 229, 1, 20, 60, 4864 }, // U+0214
    { 10, 16, 191, 1, 16, 40, 4924 }, // U+0215
    { 12, 19, 229, 1, 19, 57, 4964 }, // U+0216
    { 10, 16, 191, 1, 16, 40, 5021 }, // U+0217
    { 11, 19, 177, 0, 15, 53, 5061 }, // U+0218
    { 9, 15, 149, 0, 11, 34, 5114 }, // U+0219
    { 12, 19, 188, 0, 15, 57, 5148 }, // U+021A
    { 8, 18, 134, 1, 14, 36, 5205 }, // U+021B
    { 11, 19, 178, 0, 15, 53, 5241 }, // U+021C
    { 9, 15, 145, 0, 11, 34, 5294 }, // U+021D
    { 12, 20, 235, 1, 20, 60, 5328 }, // U+021E
    { 10, 20, 190, 1, 20, 50, 5388 }, // U+021F
    { 9, 8, 0, 2, 16, 18, 0 }, // U+0300
    { 9, 8, 0, 2, 16, 18, 18 }, // U+0301
    { 8, 2, 0, -4, 16, 4, 36 }, // U+0304
    { 5, 4, 0, 4, 18, 5, 40 }, // U+0307
    { 12, 9, 0, 0, 15, 27, 45 }, // U+030C
    { 6, 3, 125, 1, 16, 5, 72 }, // U+0311
    { 11, 20, 190, 1, 20, 55, 0 }, // U+0400
    { 11, 18, 190, 1, 18, 50, 55 }, // U+0401
    { 15, 15, 250, 0, 15, 57, 105 }, // U+0402
    { 10, 20, 170, 1, 20, 50, 162 }, // U+0403
    { 12, 15, 207, 1, 15, 45, 212 }, // U+0404
    { 11, 15, 177, 0, 15, 42, 257 }, // U+0405
    { 3, 15, 90, 1, 15, 12, 299 }, // U+0406
    { 8, 18, 90, -1, 18, 36, 311 }, // U+0407
    { 9, 15, 167, 0, 15, 34, 347 }, // U+0408
    { 22, 16, 348, 0, 15, 88, 381 }, // U+0409
    { 20, 15, 342, 1, 15, 75, 469 }, // U+040A
    { 15, 15, 250, 0, 15, 57, 544 }, // U+040B
    { 13, 20, 210, 1, 20, 65, 601 }, // U+040C
    { 13, 20, 243, 1, 20, 65, 666 }, // U+040D
    { 13, 19, 196, 0, 19, 62, 731 }, // U+040E
    { 12, 19, 233, 1, 15, 57, 793 }, // U+040F
    { 14, 15, 221, 0, 15, 53, 850 }, // U+0410
    { 12, 15, 206, 1, 15, 45, 903 }, // U+0411
    { 12, 15, 214, 1, 15, 45, 948 }, // U+0412
    { 10, 15, 170, 1, 15, 38, 993 }, // U+0413
    { 15, 19, 241, 0, 15, 72, 1031 }, // U+0414
    { 11, 15, 190, 1, 15, 42, 1103 }, // U+0415
    { 19, 15, 302, 0, 15, 72, 1145 }, // U+0416
    { 11, 15, 191, 0, 15, 42, 1217 }, // U+0417
    { 13, 15, 243, 1, 15, 49, 1259 }, // U+0418
    { 13, 19, 243, 1, 19, 62, 1308 }, // U+0419
    { 13, 15, 210, 1, 15, 49, 1370 }, // U+041A
    { 14, 15, 236, 0, 15, 53, 1419 }, // U+041B
    { 16, 15, 290, 1, 15, 60, 1472 }, // U+041C
    { 12, 15, 235, 1, 15, 45, 1532 }, // U+041D
    { 15, 15, 259, 1, 15, 57, 1577 }, // U+041E
    { 12, 15, 233, 1, 15, 45, 1634 }, // U+041F
    { 12, 15, 203, 1, 15, 45, 1679 }, // U+0420
    { 12, 15, 207, 1, 15, 45, 1724 }, // U+0421
    { 12, 15, 188, 0, 15, 45, 1769 }, // U+0422
    { 13, 15, 196, 0, 15, 49, 1814 }, // U+0423
    { 16, 16, 288, 1, 16, 64, 1863 }, // U+0424
    { 13, 15, 210, 0, 15, 49, 1927 }, // U+0425
    { 14, 19, 239, 1, 15, 67, 1976 }, // U+0426
    { 11, 15, 210, 1, 15, 42, 2043 }, // U+0427
    { 18, 15, 328, 1, 15, 68, 2085 }, // U+0428
    { 20, 19, 334, 1, 15, 95, 2153 }, // U+0429
    { 15, 15, 242, 0, 15, 57, 2248 }, // U+042A
    { 16, 15, 285, 1, 15, 60, 2305 }, // U+042B
    { 12, 15, 205, 1, 15, 45, 2365 }, // U+042C
    { 12, 15, 207, 0, 15, 45, 2410 }, // U+042D
    { 20, 15, 343, 1, 15, 75, 2455 }, // U+042E
    { 12, 15, 212, 0, 15, 45, 2530 }, // U+042F
    { 10, 11, 174, 0, 11, 28, 2575 }, // U+0430
    { 11, 16, 198, 1, 16, 44, 2603 }, // U+0431
    { 10, 11, 183, 1, 11, 28, 2647 }, // U+0432
    { 8, 11, 139, 1, 11, 22, 2675 }, // U+0433
    { 13, 14, 201, 0, 11, 46, 2697 }, // U+0434
    { 10, 11, 186, 1, 11, 28, 2743 }, // U+0435
    { 16, 11, 254, 0, 11, 44, 2771 }, // U+0436
    { 10, 11, 163, 0, 11, 28, 2815 }, // U+0437
    { 10, 11, 199, 1, 11, 28, 2843 }, // U+0438
    { 10, 16, 199, 1, 16, 40, 2871 }, // U+0439
    { 10, 11, 179, 1, 11, 28, 2911 }, // U+043A
    { 11, 11, 199, 0, 11, 31, 2939 }, // U+043B
    { 13, 11, 244, 1, 11, 36, 2970 }, // U+043C
    { 10, 11, 195, 1, 11, 28, 3006 }, // U+043D
    { 11, 11, 197, 1, 11, 31, 3034 }, // U+043E
    { 10, 11, 193, 1, 11, 28, 3065 }, // U+043F
    { 11, 15, 196, 1, 11, 42, 3093 }, // U+0440
    { 9, 11, 155, 1, 11, 25, 3135 }, // U+0441
    { 10, 11, 154, 0, 11, 28, 3160 }, // U+0442
    { 11, 15, 166, 0, 11, 42, 3188 }, // U+0443
    { 15, 20, 255, 1, 16, 75, 3230 }, // U+0444
    { 11, 11, 170, 0, 11, 31, 3305 }, // U+0445
    { 11, 14, 195, 1, 11, 39, 3336 }, // U+0446
    { 10, 11, 178, 0, 11, 28, 3375 }, // U+0447
    { 15, 11, 274, 1, 11, 42, 3403 }, // U+0448
    { 17, 14, 278, 1, 11, 60, 3445 }, // U+0449
    { 12, 11, 199, 0, 11, 33, 3505 }, // U+044A
    { 14, 11, 253, 1, 11, 39, 3538 }, // U+044B
    { 10, 11, 176, 1, 11, 28, 3577 }, // U+044C
    { 10, 11, 166, 0, 11, 28, 3605 }, // U+044D
    { 15, 11, 270, 1, 11, 42, 3633 }, // U+044E
    { 10, 11, 183, 0, 11, 28, 3675 }, // U+044F
    { 10, 16, 186, 1, 16, 40, 3703 }, // U+0450
    { 10, 15, 186, 1, 15, 38, 3743 }, // U+0451
    { 11, 20, 190, 0, 16, 55, 3781 }, // U+0452
    { 8, 16, 139, 1, 16, 32, 3836 }, // U+0453
    { 9, 11, 166, 1, 11, 25, 3868 }, // U+0454
    { 9, 11, 149, 0, 11, 25, 3893 }, // U+0455
    { 3, 16, 84, 1, 16, 12, 3918 }, // U+0456
    { 7, 15, 84, -1, 15, 27, 3930 }, // U+0457
    { 6, 20, 84, -2, 16, 30, 3957 }, // U+0458
    { 18, 11, 288, 0, 11, 50, 3987 }, // U+0459
    { 17, 11, 284, 1, 11, 47, 4037 }, // U+045A
    { 11, 16, 190, 0, 16, 44, 4084 }, // U+045B
    { 10, 16, 179, 1, 16, 40, 4128 }, // U+045C
    { 10, 16, 199, 1, 16, 40, 4168 }, // U+045D
    { 11, 20, 166, 0, 16, 55, 4208 }, // U+045E
    { 10, 14, 192, 1, 11, 35, 4263 }, // U+045F
    { 15, 16, 242, 0, 16, 60, 4298 }, // U+0462
    { 12, 16, 199, 0, 16, 48, 4358 }, // U+0463
    { 15, 15, 259, 1, 15, 57, 4406 }, // U+0472
    { 11, 11, 197, 1, 11, 31, 4463 }, // U+0473
    { 17, 15, 251, 0, 15, 64, 4494 }, // U+0474
    { 12, 11, 188, 0, 11, 33, 4558 }, // U+0475
    { 15, 23, 248, 1, 19, 87, 4591 }, // U+048A
    { 12, 20, 203, 1, 16, 60, 4678 }, // U+048B
    { 13, 16, 210, 0, 16, 52, 4738 }, // U+048C
    { 11, 11, 175, 0, 11, 31, 4790 }, // U+048D
    { 12, 15, 203, 1, 15, 45, 4821 }, // U+048E
    { 11, 15, 196, 1, 11, 42, 4866 }, // U+048F
    { 10, 18, 170, 1, 18, 45, 4908 }, // U+0490
    { 8, 14, 143, 1, 14, 28, 4953 }, // U+0491
    { 11, 15, 174, 0, 15, 42, 4981 }, // U+0492
    { 9, 11, 142, 0, 11, 25, 5023 }, // U+0493
    { 12, 19, 208, 1, 15, 57, 5048 }, // U+0494
    { 10, 15, 181, 1, 11, 38, 5105 }, // U+0495
    { 20, 19, 307, 0, 15, 95, 5143 }, // U+0496
    { 17, 14, 258, 0, 11, 60, 5238 }, // U+0497
    { 11, 18, 191, 0, 15, 50, 5298 }, // U+0498
    { 10, 14, 163, 0, 11, 35, 5348 }, // U+0499
    { 13, 19, 219, 1, 15, 62, 5383 }, // U+049A
    { 11, 15, 182, 1, 11, 42, 5445 }, // U+049B
    { 14, 15, 236, 1, 15, 53, 5487 }, // U+049C
    { 12, 11, 206, 1, 11, 33, 5540 }, // U+049D
    { 14, 15, 214, 0, 15, 53, 5573 }, // U+049E
    { 12, 11, 185, 0, 11, 33, 5626 }, // U+049F
    { 16, 15, 246, 0, 15, 60, 5659 }, // U+04A0
    { 13, 11, 202, 0, 11, 36, 5719 }, // U+04A1
    { 14, 19, 241, 1, 15, 67, 5755 }, // U+04A2
    { 12, 14, 199, 1, 11, 42, 5822 }, // U+04A3
    { 16, 15, 272, 1, 15, 60, 5864 }, // U+04A4
    { 13, 11, 219, 1, 11, 36, 5924 }, // U+04A5
    { 20, 19, 344, 1, 15, 95, 5960 }, // U+04A6
    { 17, 15, 287, 1, 11, 64, 6055 }, // U+04A7
    { 15, 19, 262, 1, 15, 72, 6119 }, // U+04A8
    { 11, 14, 203, 1, 11, 39, 6191 }, // U+04A9
    { 12, 18, 207, 1, 15, 54, 6230 }, // U+04AA
    { 9, 15, 155, 1, 11, 34, 6284 }, // U+04AB
    { 12, 19, 188, 0, 15, 57, 6318 }, // U+04AC
    { 10, 14, 154, 0, 11, 35, 6375 }, // U+04AD
    { 13, 15, 199, 0, 15, 49, 6410 }, // U+04AE
    { 11, 15, 167, 0, 11, 42, 6459 }, // U+04AF
    { 13, 15, 199, 0, 15, 49, 6501 }, // U+04B0
    { 11, 15, 167, 0, 11, 42, 6550 }, // U+04B1
    { 14, 19, 218, 0, 15, 67, 6592 }, // U+04B2
    { 11, 14, 175, 0, 11, 39, 6659 }, // U+04B3
    { 18, 19, 282, 0, 15, 86, 6698 }, // U+04B4
    { 14, 14, 220, 0, 11, 49, 6784 }, // U+04B5
    { 13, 19, 217, 1, 15, 62, 6833 }, // U+04B6
    { 11, 14, 181, 0, 11, 39, 6895 }, // U+04B7
    { 11, 15, 213, 1, 15, 42, 6934 }, // U+04B8
    { 10, 11, 178, 0, 11, 28, 6976 }, // U+04B9
    { 12, 15, 213, 1, 15, 45, 7004 }, // U+04BA
    { 10, 16, 190, 1, 16, 40, 7049 }, // U+04BB
    { 17, 15, 278, 0, 15, 64, 7089 }, // U+04BC
    { 13, 11, 223, 0, 11, 36, 7153 }, // U+04BD
    { 17, 19, 278, 0, 15, 81, 7189 }, // U+04BE
    { 13, 14, 223, 0, 11, 46, 7270 }, // U+04BF
    { 3, 15, 90, 1, 15, 12, 7316 }, // U+04C0
    { 19, 19, 302, 0, 19, 91, 7328 }, // U+04C1
    { 16, 16, 254, 0, 16, 64, 7419 }, // U+04C2
    { 12, 19, 210, 1, 15, 57, 7483 }, // U+04C3
    { 10, 15, 181, 1, 11, 38, 7540 }, // U+04C4
    { 15, 19, 241, 0, 15, 72, 7578 }, // U+04C5
    { 13, 15, 203, 0, 11, 49, 7650 }, // U+04C6
    { 12, 19, 235, 1, 15, 57, 7699 }, // U+04C7
    { 10, 15, 195, 1, 11, 38, 7756 }, // U+04C8
    { 14, 19, 241, 1, 15, 67, 7794 }, // U+04C9
    { 12, 15, 199, 1, 11, 45, 7861 }, // U+04CA
    { 11, 19, 213, 1, 15, 53, 7906 }, // U+04CB
    { 10, 14, 178, 0, 11, 35, 7959 }, // U+04CC
    { 18, 19, 300, 1, 15, 86, 7994 }, // U+04CD
    { 15, 15, 250, 1, 11, 57, 8080 }, // U+04CE
    { 3, 15, 90, 1, 15, 12, 8137 }, // U+04CF
    { 14, 19, 221, 0, 19, 67, 8149 }, // U+04D0
    { 10, 16, 174, 0, 16, 40, 8216 }, // U+04D1
    { 14, 18, 221, 0, 18, 63, 8256 }, // U+04D2
    { 10, 15, 174, 0, 15, 38, 8319 }, // U+04D3
    { 19, 15, 312, 0, 15, 72, 8357 }, // U+04D4
    { 17, 11, 286, 0, 11, 47, 8429 }, // U+04D5
    { 11, 19, 190, 1, 19, 53, 8476 }, // U+04D6
    { 10, 16, 186, 1, 16, 40, 8529 }, // U+04D7
    { 13, 15, 235, 1, 15, 49, 8569 }, // U+04D8
    { 10, 11, 186, 1, 11, 28, 8618 }, // U+04D9
    { 13, 18, 235, 1, 18, 59, 8646 }, // U+04DA
    { 10, 15, 186, 1, 15, 38, 8705 }, // U+04DB
    { 19, 18, 302, 0, 18, 86, 8743 }, // U+04DC
    { 16, 15, 254, 0, 15, 60, 8829 }, // U+04DD
    { 11, 18, 191, 0, 18, 50, 8889 }, // U+04DE
    { 10, 15, 163, 0, 15, 38, 8939 }, // U+04DF
    { 11, 15, 189, 0, 15, 42, 8977 }, // U+04E0
    { 11, 15, 157, -1, 11, 42, 9019 }, // U+04E1
    { 13, 18, 243, 1, 18, 59, 9061 }, // U+04E2
    { 10, 15, 199, 1, 15, 38, 9120 }, // U+04E3
    { 13, 18, 243, 1, 18, 59, 9158 }, // U+04E4
    { 10, 15, 199, 1, 15, 38, 9217 }, // U+04E5
    { 15, 18, 259, 1, 18, 68, 9255 }, // U+04E6
    { 11, 15, 197, 1, 15, 42, 9323 }, // U+04E7
    { 15, 15, 259, 1, 15, 57, 9365 }, // U+04E8
    { 11, 11, 197, 1, 11, 31, 9422 }, // U+04E9
    { 15, 18, 259, 1, 18, 68, 9453 }, // U+04EA
    { 11, 15, 197, 1, 15, 42, 9521 }, // U+04EB
    { 12, 18, 207, 0, 18, 54, 9563 }, // U+04EC
    { 10, 15, 166, 0, 15, 38, 9617 }, // U+04ED
    { 13, 18, 196, 0, 18, 59, 9655 }, // U+04EE
    { 11, 19, 166, 0, 15, 53, 9714 }, // U+04EF
    { 13, 18, 196, 0, 18, 59, 9767 }, // U+04F0
    { 11, 19, 166, 0, 15, 53, 9826 }, // U+04F1
    { 13, 19, 196, 0, 19, 62, 9879 }, // U+04F2
    { 11, 20, 166, 0, 16, 55, 9941 }, // U+04F3
    { 11, 18, 210, 1, 18, 50, 9996 }, // U+04F4
    { 10, 15, 178, 0, 15, 38, 10046 }, // U+04F5
    { 10, 19, 170, 1, 15, 48, 10084 }, // U+04F6
    { 8, 14, 139, 1, 11, 28, 10132 }, // U+04F7
    { 16, 18, 285, 1, 18, 72, 10160 }, // U+04F8
    { 14, 15, 253, 1, 15, 53, 10232 }, // U+04F9
    { 13, 21, 203, 0, 16, 69, 0 }, // U+1EA0
    { 10, 17, 188, 1, 12, 43, 69 }, // U+1EA1
    { 13, 21, 203, 0, 21, 69, 112 }, // U+1EA2
    { 10, 18, 188, 1, 18, 45, 181 }, // U+1EA3
    { 13, 22, 203, 0, 22, 72, 226 }, // U+1EA4
    { 11, 20, 188, 1, 20, 55, 298 }, // U+1EA5
    { 13, 22, 203, 0, 22, 72, 353 }, // U+1EA6
    { 11, 19, 188, 0, 19, 53, 425 }, // U+1EA7
    { 13, 22, 203, 0, 22, 72, 478 }, // U+1EA8
    { 11, 19, 188, 1, 19, 53, 550 }, // U+1EA9
    { 13, 24, 203, 0, 24, 78, 603 }, // U+1EAA
    { 10, 20, 188, 1, 20, 50, 681 }, // U+1EAB
    { 13, 26, 203, 0, 21, 85, 731 }, // U+1EAC
    { 10, 23, 188, 1, 18, 58, 816 }, // U+1EAD
    { 13, 23, 203, 0, 23, 75, 874 }, // U+1EAE
    { 10, 20, 188, 1, 20, 50, 949 }, // U+1EAF
    { 13, 23, 203, 0, 23, 75, 999 }, // U+1EB0
    { 10, 20, 188, 1, 20, 50, 1074 }, // U+1EB1
    { 13, 23, 203, 0, 23, 75, 1124 }, // U+1EB2
    { 10, 21, 188, 1, 21, 53, 1199 }, // U+1EB3
    { 13, 23, 203, 0, 23, 75, 1252 }, // U+1EB4
    { 10, 19, 188, 1, 19, 48, 1327 }, // U+1EB5
    { 13, 26, 203, 0, 21, 85, 1375 }, // U+1EB6
    { 10, 23, 188, 1, 18, 58, 1460 }, // U+1EB7
    { 10, 21, 196, 2, 16, 53, 1518 }, // U+1EB8
    { 10, 17, 185, 1, 12, 43, 1571 }, // U+1EB9
    { 10, 21, 196, 2, 21, 53, 1614 }, // U+1EBA
    { 10, 18, 185, 1, 18, 45, 1667 }, // U+1EBB
    { 10, 21, 196, 2, 21, 53, 1712 }, // U+1EBC
    { 10, 17, 185, 1, 17, 43, 1765 }, // U+1EBD
    { 10, 22, 196, 2, 22, 55, 1808 }, // U+1EBE
    { 11, 20, 185, 1, 20, 55, 1863 }, // U+1EBF
    { 11, 22, 196, 1, 22, 61, 1918 }, // U+1EC0
    { 11, 19, 185, 0, 19, 53, 1979 }, // U+1EC1
    { 10, 22, 196, 2, 22, 55, 2032 }, // U+1EC2
    { 10, 19, 185, 1, 19, 48, 2087 }, // U+1EC3
    { 10, 23, 196, 2, 23, 58, 2135 }, // U+1EC4
    { 10, 20, 185, 1, 20, 50, 2193 }, // U+1EC5
    { 10, 26, 196, 2, 21, 65, 2243 }, // U+1EC6
    { 10, 23, 185, 1, 18, 58, 2308 }, // U+1EC7
    { 4, 21, 98, 1, 21, 21, 2366 }, // U+1EC8
    { 4, 19, 92, 1, 19, 19, 2387 }, // U+1EC9
    { 4, 21, 98, 1, 16, 21, 2406 }, // U+1ECA
    { 4, 22, 92, 1, 17, 22, 2427 }, // U+1ECB
    { 14, 21, 247, 1, 16, 74, 2449 }, // U+1ECC
    { 11, 17, 202, 1, 12, 47, 2523 }, // U+1ECD
    { 14, 21, 247, 1, 21, 74, 2570 }, // U+1ECE
    { 11, 18, 202, 1, 18, 50, 2644 }, // U+1ECF
    { 14, 21, 247, 1, 21, 74, 2694 }, // U+1ED0
    { 11, 20, 202, 1, 20, 55, 2768 }, // U+1ED1
    { 14, 21, 247, 1, 21, 74, 2823 }, // U+1ED2
    { 12, 19, 202, 0, 19, 57, 2897 }, // U+1ED3
    { 14, 22, 247, 1, 22, 77, 2954 }, // U+1ED4
    { 11, 19, 202, 1, 19, 53, 3031 }, // U+1ED5
    { 14, 23, 247, 1, 23, 81, 3084 }, // U+1ED6
    { 11, 20, 202, 1, 20, 55, 3165 }, // U+1ED7
    { 14, 25, 247, 1, 20, 88, 3220 }, // U+1ED8
    { 11, 23, 202, 1, 18, 64, 3308 }, // U+1ED9
    { 14, 21, 247, 1, 21, 74, 3372 }, // U+1EDA
    { 12, 19, 202, 1, 19, 57, 3446 }, // U+1EDB
    { 14, 21, 247, 1, 21, 74, 3503 }, // U+1EDC
    { 12, 19, 202, 1, 19, 57, 3577 }, // U+1EDD
    { 14, 21, 247, 1, 21, 74, 3634 }, // U+1EDE
    { 12, 19, 202, 1, 19, 57, 3708 }, // U+1EDF
    { 14, 21, 247, 1, 21, 74, 3765 }, // U+1EE0
    { 12, 18, 202, 1, 18, 54, 3839 }, // U+1EE1
    { 14, 25, 247, 1, 20, 88, 3893 }, // U+1EE2
    { 12, 21, 202, 1, 16, 63, 3981 }, // U+1EE3
    { 11, 21, 240, 2, 16, 58, 4044 }, // U+1EE4
    { 10, 17, 202, 1, 12, 43, 4102 }, // U+1EE5
    { 11, 21, 240, 2, 21, 58, 4145 }, // U+1EE6
    { 10, 19, 202, 1, 19, 48, 4203 }, // U+1EE7
    { 14, 21, 245, 2, 21, 74, 4251 }, // U+1EE8
    { 12, 19, 202, 1, 19, 57, 4325 }, // U+1EE9
    { 14, 21, 245, 2, 21, 74, 4382 }, // U+1EEA
    { 12, 19, 202, 1, 19, 57, 4456 }, // U+1EEB
    { 14, 21, 245, 2, 21, 74, 4513 }, // U+1EEC
    { 12, 19, 202, 1, 19, 57, 4587 }, // U+1EED
    { 14, 21, 245, 2, 21, 74, 4644 }, // U+1EEE
    { 12, 18, 202, 1, 18, 54, 4718 }, // U+1EEF
    { 14, 25, 245, 2, 20, 88, 4772 }, // U+1EF0
    { 12, 21, 202, 1, 16, 63, 4860 }, // U+1EF1
    { 13, 20, 199, 0, 20, 65, 4923 }, // U+1EF2
    { 11, 21, 166, 0, 17, 58, 4988 }, // U+1EF3
    { 13, 21, 177, -1, 16, 69, 5046 }, // U+1EF4
    { 11, 17, 174, 0, 12, 47, 5115 }, // U+1EF5
    { 13, 21, 177, -1, 21, 69, 5162 }, // U+1EF6
    { 11, 24, 174, 0, 19, 66, 5231 }, // U+1EF7
    { 13, 21, 177, -1, 21, 69, 5297 }, // U+1EF8
    { 11, 23, 174, 0, 18, 64, 5366 }, // U+1EF9
    { 0, 0, 167, 0, 0, 0, 0 }, // U+2002
    { 0, 0, 333, 0, 0, 0, 0 }, // U+2003
    { 7, 1, 333, 7, 8, 2, 0 }, // U+2010
    { 7, 2, 116, 0, 7, 4, 2 }, // U+2011
    { 11, 2, 179, 0, 7, 6, 6 }, // U+2012
    { 12, 2, 165, -1, 7, 6, 12 }, // U+2013
    { 22, 2, 332, -1, 7, 11, 18 }, // U+2014
    { 22, 2, 332, -1, 7, 11, 29 }, // U+2015
    { 5, 22, 333, 8, 19, 28, 40 }, // U+2016
    { 4, 5, 78, 1, 16, 5, 68 }, // U+2018
    { 4, 5, 78, 0, 16, 5, 73 }, // U+2019
    { 4, 5, 78, 0, 2, 5, 78 }, // U+201A
    { 8, 5, 139, 1, 16, 10, 83 }, // U+201C
    { 8, 5, 139, 0, 16, 10, 93 }, // U+201D
    { 8, 5, 139, 0, 2, 10, 103 }, // U+201E
    { 10, 18, 159, 0, 15, 45, 113 }, // U+2020
    { 10, 18, 159, 0, 15, 45, 158 }, // U+2021
    { 6, 5, 120, 1, 10, 8, 203 }, // U+2022
    { 14, 3, 333, 3, 9, 11, 211 }, // U+2025
    { 17, 3, 332, 2, 3, 13, 222 }, // U+2026
    { 5, 5, 333, 8, 10, 7, 235 }, // U+2027
    { 24, 15, 409, 1, 15, 90, 242 }, // U+2030
    { 4, 6, 93, 1, 16, 6, 332 }, // U+2032
    { 8, 6, 158, 1, 16, 12, 338 }, // U+2033
    { 5, 4, 333, 7, 20, 5, 350 }, // U+2035
    { 6, 9, 97, 0, 10, 14, 355 }, // U+2039
    { 6, 9, 97, 0, 10, 14, 369 }, // U+203A
    { 16, 16, 333, 2, 16, 64, 383 }, // U+203B
    { 10, 16, 204, 1, 16, 40, 447 }, // U+203C
    { 18, 17, 333, 1, 16, 77, 487 }, // U+2042
    { 11, 15, 49, -4, 15, 42, 564 }, // U+2044
    { 18, 16, 303, 0, 16, 72, 606 }, // U+2047
    { 14, 16, 253, 0, 16, 56, 678 }, // U+2048
    { 14, 16, 253, 1, 16, 56, 734 }, // U+2049
    { 9, 18, 333, 6, 17, 41, 790 }, // U+2051
    { 7, 8, 120, 0, 15, 14, 0 }, // U+2070
    { 8, 8, 120, 0, 15, 16, 14 }, // U+2074
    { 7, 8, 120, 0, 15, 14, 30 }, // U+2075
    { 7, 8, 120, 0, 15, 14, 44 }, // U+2076
    { 7, 8, 120, 0, 15, 14, 58 }, // U+2077
    { 7, 8, 120, 0, 15, 14, 72 }, // U+2078
    { 7, 8, 120, 0, 15, 14, 86 }, // U+2079
    { 7, 8, 120, 0, 8, 14, 100 }, // U+2080
    { 4, 8, 120, 1, 8, 8, 114 }, // U+2081
    { 7, 8, 120, 0, 8, 14, 122 }, // U+2082
    { 7, 8, 120, 0, 8, 14, 136 }, // U+2083
    { 8, 8, 120, 0, 8, 16, 150 }, // U+2084
    { 7, 8, 120, 0, 8, 14, 166 }, // U+2085
    { 7, 8, 120, 0, 8, 14, 180 }, // U+2086
    { 7, 8, 120, 0, 8, 14, 194 }, // U+2087
    { 7, 8, 120, 0, 8, 14, 208 }, // U+2088
    { 7, 8, 120, 0, 8, 14, 222 }, // U+2089
    { 13, 15, 185, -1, 15, 49, 0 }, // U+20A9
    { 11, 16, 185, 1, 16, 44, 49 }, // U+20AB
    { 12, 14, 188, 0, 14, 42, 93 }, // U+20AC
    { 12, 15, 188, 0, 15, 45, 135 }, // U+20AE
    { 12, 15, 188, 0, 15, 45, 180 }, // U+20B4
    { 11, 15, 188, 1, 15, 42, 225 }, // U+20B9
    { 20, 11, 333, 0, 13, 55, 0 }, // U+2190
    { 11, 20, 333, 5, 18, 55, 55 }, // U+2191
    { 21, 11, 333, 0, 13, 58, 110 }, // U+2192
    { 11, 20, 333, 5, 18, 55, 168 }, // U+2193
    { 21, 11, 333, 0, 13, 58, 223 }, // U+2194
    { 11, 20, 333, 5, 18, 55, 281 }, // U+2195
    { 15, 15, 333, 3, 15, 57, 336 }, // U+2196
    { 15, 15, 333, 3, 15, 57, 393 }, // U+2197
    { 15, 15, 333, 3, 16, 57, 450 }, // U+2198
    { 15, 15, 333, 3, 16, 57, 507 }, // U+2199
    { 19, 18, 333, 1, 18, 86, 564 }, // U+21B8
    { 21, 20, 333, 0, 18, 105, 650 }, // U+21B9
    { 21, 20, 333, 0, 18, 105, 755 }, // U+21C4
    { 20, 20, 333, 0, 18, 100, 860 }, // U+21C5
    { 21, 20, 333, 0, 18, 105, 960 }, // U+21C6
    { 21, 18, 333, 0, 17, 95, 1065 }, // U+21CB
    { 21, 18, 333, 0, 17, 95, 1160 }, // U+21CC
    { 20, 15, 333, 0, 15, 75, 1255 }, // U+21D0
    { 21, 15, 333, 0, 15, 79, 1330 }, // U+21D2
    { 21, 15, 333, 0, 15, 79, 1409 }, // U+21D4
    { 20, 16, 333, 0, 16, 80, 1488 }, // U+21E6
    { 15, 20, 333, 3, 18, 75, 1568 }, // U+21E7
    { 20, 16, 333, 1, 16, 80, 1643 }, // U+21E8
    { 15, 20, 333, 3, 18, 75, 1723 }, // U+21E9
    { 20, 20, 333, 0, 18, 100, 1798 }, // U+21F5
    { 17, 17, 333, 2, 16, 73, 0 }, // U+2200
    { 12, 16, 195, 0, 16, 48, 73 }, // U+2202
    { 13, 16, 333, 4, 16, 52, 121 }, // U+2203
    { 17, 16, 333, 2, 16, 68, 173 }, // U+2205
    { 14, 15, 217, 0, 15, 53, 241 }, // U+2206
    { 15, 15, 333, 3, 15, 57, 294 }, // U+2207
    { 17, 14, 333, 2, 15, 60, 351 }, // U+2208
    { 17, 18, 333, 2, 17, 77, 411 }, // U+2209
    { 11, 13, 333, 5, 12, 36, 488 }, // U+220A
    { 17, 14, 333, 2, 15, 60, 524 }, // U+220B
    { 12, 17, 232, 1, 15, 51, 584 }, // U+220F
    { 11, 17, 172, 0, 15, 47, 635 }, // U+2211
    { 10, 2, 188, 1, 7, 5, 682 }, // U+2212
    { 17, 17, 333, 2, 16, 73, 687 }, // U+2213
    { 11, 15, 49, -4, 15, 42, 760 }, // U+2215
    { 3, 3, 82, 1, 8, 3, 802 }, // U+2219
    { 13, 17, 188, 0, 16, 56, 805 }, // U+221A
    { 18, 9, 333, 0, 12, 41, 861 }, // U+221D
    { 12, 6, 196, 0, 9, 18, 902 }, // U+221E
    { 16, 16, 333, 3, 16, 64, 920 }, // U+221F
    { 17, 15, 333, 2, 15, 64, 984 }, // U+2220
    { 3, 16, 333, 9, 16, 12, 1048 }, // U+2223
    { 13, 17, 333, 4, 16, 56, 1060 }, // U+2225
    { 13, 17, 333, 4, 16, 56, 1116 }, // U+2226
    { 17, 17, 333, 2, 17, 73, 1172 }, // U+2227
    { 17, 17, 333, 2, 16, 73, 1245 }, // U+2228
    { 15, 16, 333, 3, 16, 60, 1318 }, // U+2229
    { 15, 16, 333, 3, 16, 60, 1378 }, // U+222A
    { 8, 20, 123, 0, 16, 40, 1438 }, // U+222B
    { 17, 20, 333, 2, 18, 85, 1478 }, // U+222C
    { 20, 20, 333, 0, 18, 100, 1563 }, // U+222D
    { 9, 20, 333, 6, 18, 45, 1663 }, // U+222E
    { 15, 14, 333, 3, 15, 53, 1708 }, // U+2234
    { 15, 14, 333, 3, 15, 53, 1761 }, // U+2235
    { 4, 14, 333, 8, 15, 14, 1814 }, // U+2236
    { 15, 14, 333, 3, 15, 53, 1828 }, // U+2237
    { 21, 9, 333, 0, 12, 48, 1881 }, // U+223D
    { 17, 9, 333, 2, 13, 39, 1929 }, // U+2243
    { 17, 11, 333, 2, 13, 47, 1968 }, // U+2245
    { 11, 8, 188, 0, 10, 22, 2015 }, // U+2248
    { 21, 16, 333, 0, 16, 84, 2037 }, // U+224C
    { 10, 13, 188, 1, 13, 33, 2121 }, // U+2260
    { 16, 11, 333, 2, 13, 44, 2154 }, // U+2261
    { 16, 16, 333, 2, 16, 64, 2198 }, // U+2262
    { 10, 12, 188, 1, 12, 30, 2262 }, // U+2264
    { 10, 12, 188, 1, 12, 30, 2292 }, // U+2265
    { 17, 19, 333, 2, 18, 81, 2322 }, // U+2266
    { 17, 19, 333, 2, 18, 81, 2403 }, // U+2267
    { 19, 17, 333, 1, 16, 81, 2484 }, // U+226A
    { 19, 17, 333, 1, 16, 81, 2565 }, // U+226B
    { 17, 18, 333, 2, 17, 77, 2646 }, // U+226E
    { 17, 18, 333, 2, 17, 77, 2723 }, // U+226F
    { 17, 18, 333, 2, 17, 77, 2800 }, // U+2272
    { 17, 18, 333, 2, 17, 77, 2877 }, // U+2273
    { 17, 20, 333, 2, 18, 85, 2954 }, // U+2276
    { 18, 20, 333, 1, 18, 90, 3039 }, // U+2277
    { 17, 14, 333, 2, 15, 60, 3129 }, // U+2282
    { 17, 14, 333, 2, 15, 60, 3189 }, // U+2283
    { 17, 18, 333, 2, 17, 77, 3249 }, // U+2284
    { 17, 18, 333, 2, 17, 77, 3326 }, // U+2285
    { 17, 17, 333, 2, 16, 73, 3403 }, // U+2286
    { 17, 17, 333, 2, 16, 73, 3476 }, // U+2287
    { 17, 18, 333, 2, 16, 77, 3549 }, // U+228A
    { 17, 18, 333, 2, 16, 77, 3626 }, // U+228B
    { 17, 16, 333, 2, 16, 68, 3703 }, // U+2295
    { 17, 16, 333, 2, 16, 68, 3771 }, // U+2296
    { 17, 16, 333, 2, 16, 68, 3839 }, // U+2297
    { 17, 16, 333, 2, 16, 68, 3907 }, // U+2298
    { 17, 16, 333, 2, 16, 68, 3975 }, // U+2299
    { 17, 18, 333, 2, 17, 77, 4043 }, // U+22A0
    { 17, 16, 333, 2, 16, 68, 4120 }, // U+22A5
    { 17, 17, 333, 1, 17, 73, 4188 }, // U+22BF
    { 18, 20, 333, 1, 18, 90, 4261 }, // U+22DA
    { 17, 20, 333, 2, 18, 85, 4351 }, // U+22DB
    { 17, 3, 333, 2, 9, 13, 4436 }, // U+22EF
    { 15, 16, 333, 3, 15, 60, 0 }, // U+3041
    { 17, 19, 333, 2, 17, 81, 60 }, // U+3042
    { 15, 13, 333, 3, 12, 49, 141 }, // U+3043
    { 18, 15, 333, 2, 15, 68, 190 }, // U+3044
    { 13, 16, 333, 4, 14, 52, 258 }, // U+3045
    { 14, 18, 333, 3, 17, 63, 310 }, // U+3046
    { 15, 16, 333, 3, 14, 60, 373 }, // U+3047
    { 17, 18, 333, 2, 17, 77, 433 }, // U+3048
    { 16, 14, 333, 3, 13, 56, 510 }, // U+3049
    { 18, 18, 333, 2, 17, 81, 566 }, // U+304A
    { 20, 18, 333, 1, 17, 90, 647 }, // U+304B
    { 20, 19, 333, 1, 18, 95, 737 }, // U+304C
    { 15, 18, 333, 3, 17, 68, 832 }, // U+304D
    { 18, 19, 333, 2, 18, 86, 900 }, // U+304E
    { 13, 19, 333, 3, 17, 62, 986 }, // U+304F
    { 15, 19, 333, 3, 17, 72, 1048 }, // U+3050
    { 18, 19, 333, 2, 17, 86, 1120 }, // U+3051
    { 19, 20, 333, 2, 18, 95, 1206 }, // U+3052
    { 15, 16, 333, 3, 15, 60, 1301 }, // U+3053
    { 18, 19, 333, 3, 18, 86, 1361 }, // U+3054
    { 15, 18, 333, 3, 17, 68, 1447 }, // U+3055
    { 18, 21, 333, 3, 19, 95, 1515 }, // U+3056
    { 15, 18, 333, 4, 17, 68, 1610 }, // U+3057
    { 15, 18, 333, 4, 17, 68, 1678 }, // U+3058
    { 19, 19, 333, 1, 17, 91, 1746 }, // U+3059
    { 19, 20, 333, 1, 18, 95, 1837 }, // U+305A
    { 20, 18, 333, 0, 17, 90, 1932 }, // U+305B
    { 21, 18, 333, 0, 17, 95, 2022 }, // U+305C
    { 17, 19, 333, 2, 17, 81, 2117 }, // U+305D
    { 18, 19, 333, 1, 17, 86, 2198 }, // U+305E
    { 17, 18, 333, 2, 17, 77, 2284 }, // U+305F
    { 19, 18, 333, 1, 17, 86, 2361 }, // U+3060
    { 16, 19, 333, 2, 17, 76, 2447 }, // U+3061
    { 20, 20, 333, 1, 18, 100, 2523 }, // U+3062
    { 15, 12, 333, 3, 11, 45, 2623 }, // U+3063
    { 18, 14, 333, 1, 14, 63, 2668 }, // U+3064
    { 19, 18, 333, 1, 18, 86, 2731 }, // U+3065
    { 18, 16, 333, 1, 15, 72, 2817 }, // U+3066
    { 19, 16, 333, 1, 15, 76, 2889 }, // U+3067
    { 14, 18, 333, 4, 17, 63, 2965 }, // U+3068
    { 18, 19, 333, 3, 18, 86, 3028 }, // U+3069
    { 19, 18, 333, 1, 17, 86, 3114 }, // U+306A
    { 17, 17, 333, 2, 16, 73, 3200 }, // U+306B
    { 20, 18, 333, 1, 17, 90, 3273 }, // U+306C
    { 20, 18, 333, 1, 17, 90, 3363 }, // U+306D
    { 18, 16, 333, 1, 15, 72, 3453 }, // U+306E
    { 18, 18, 333, 2, 17, 81, 3525 }, // U+306F
    { 20, 20, 333, 1, 18, 100, 3606 }, // U+3070
    { 20, 20, 333, 1, 18, 100, 3706 }, // U+3071
    { 18, 17, 333, 2, 16, 77, 3806 }, // U+3072
    { 20, 20, 333, 1, 18, 100, 3883 }, // U+3073
    { 20, 19, 333, 1, 17, 95, 3983 }, // U+3074
    { 21, 18, 333, 0, 17, 95, 4078 }, // U+3075
    { 20, 18, 333, 0, 17, 90, 4173 }, // U+3076
    { 20, 18, 333, 0, 17, 90, 4263 }, // U+3077
    { 19, 14, 333, 1, 14, 67, 4353 }, // U+3078
    { 20, 16, 333, 0, 16, 80, 4420 }, // U+3079
    { 20, 15, 333, 0, 15, 75, 4500 }, // U+307A
    { 18, 18, 333, 2, 17, 81, 4575 }, // U+307B
    { 20, 20, 333, 1, 18, 100, 4656 }, // U+307C
    { 20, 20, 333, 1, 18, 100, 4756 }, // U+307D
    { 16, 18, 333, 3, 17, 72, 4856 }, // U+307E
    { 19, 18, 333, 1, 16, 86, 4928 }, // U+307F
    { 19, 18, 333, 1, 17, 86, 5014 }, // U+3080
    { 18, 19, 333, 1, 17, 86, 5100 }, // U+3081
    { 18, 18, 333, 1, 17, 81, 5186 }, // U+3082
    { 16, 16, 333, 2, 14, 64, 5267 }, // U+3083
    { 19, 19, 333, 1, 17, 91, 5331 }, // U+3084
    { 14, 16, 333, 4, 14, 56, 5422 }, // U+3085
    { 17, 19, 333, 2, 17, 81, 5478 }, // U+3086
    { 14, 15, 333, 3, 13, 53, 5559 }, // U+3087
    { 16, 18, 333, 2, 17, 72, 5612 }, // U+3088
    { 15, 19, 333, 3, 17, 72, 5684 }, // U+3089
    { 13, 19, 333, 4, 17, 62, 5756 }, // U+308A
    { 16, 17, 333, 2, 16, 68, 5818 }, // U+308B
    { 20, 18, 333, 1, 17, 90, 5886 }, // U+308C
    { 16, 18, 333, 2, 16, 72, 5976 }, // U+308D
    { 17, 15, 333, 2, 14, 64, 6048 }, // U+308E
    { 19, 18, 333, 1, 17, 86, 6112 }, // U+308F
    { 18, 18, 333, 1, 17, 81, 6198 }, // U+3090
    { 19, 18, 333, 1, 17, 86, 6279 }, // U+3091
    { 18, 18, 333, 1, 17, 81, 6365 }, // U+3092
    { 19, 18, 333, 1, 17, 86, 6446 }, // U+3093
    { 18, 18, 333, 2, 17, 81, 6532 }, // U+3094
    { 16, 15, 333, 3, 13, 60, 6613 }, // U+3095
    { 15, 15, 333, 3, 13, 57, 6673 }, // U+3096
    { 6, 5, 0, -6, 19, 8, 6730 }, // U+3099
    { 5, 4, 0, -5, 18, 5, 6738 }, // U+309A
    { 7, 5, 333, 0, 18, 9, 6743 }, // U+309B
    { 6, 5, 333, 0, 17, 8, 6752 }, // U+309C
    { 10, 12, 333, 6, 13, 30, 6760 }, // U+309D
    { 12, 15, 333, 5, 16, 45, 6790 }, // U+309E
    { 17, 20, 333, 1, 18, 85, 6835 }, // U+309F
    { 10, 4, 333, 5, 10, 10, 6920 }, // U+30A0
    { 16, 14, 333, 3, 12, 56, 6930 }, // U+30A1
    { 18, 17, 333, 2, 16, 77, 6986 }, // U+30A2
    { 15, 15, 333, 2, 13, 57, 7063 }, // U+30A3
    { 17, 17, 333, 1, 16, 73, 7120 }, // U+30A4
    { 15, 15, 333, 3, 13, 57, 7193 }, // U+30A5
    { 17, 18, 333, 2, 17, 77, 7250 }, // U+30A6
    { 15, 13, 333, 3, 12, 49, 7327 }, // U+30A7
    { 19, 15, 333, 1, 15, 72, 7376 }, // U+30A8
    { 15, 15, 333, 3, 13, 57, 7448 }, // U+30A9
    { 18, 18, 333, 1, 17, 81, 7505 }, // U+30AA
    { 16, 18, 333, 2, 17, 72, 7586 }, // U+30AB
    { 19, 19, 333, 1, 18, 91, 7658 }, // U+30AC
    { 17, 18, 333, 2, 17, 77, 7749 }, // U+30AD
    { 19, 20, 333, 1, 18, 95, 7826 }, // U+30AE
    { 17, 19, 333, 2, 18, 81, 7921 }, // U+30AF
    { 19, 20, 333, 1, 18, 95, 8002 }, // U+30B0
    { 19, 18, 333, 1, 17, 86, 8097 }, // U+30B1
    { 19, 20, 333, 1, 18, 95, 8183 }, // U+30B2
    { 15, 16, 333, 3, 15, 60, 8278 }, // U+30B3
    { 18, 19, 333, 2, 18, 86, 8338 }, // U+30B4
    { 19, 18, 333, 1, 17, 86, 8424 }, // U+30B5
    { 19, 19, 333, 1, 17, 91, 8510 }, // U+30B6
    { 18, 17, 333, 2, 16, 77, 8601 }, // U+30B7
    { 19, 18, 333, 1, 17, 86, 8678 }, // U+30B8
    { 17, 16, 333, 2, 15, 68, 8764 }, // U+30B9
    { 19, 19, 333, 1, 18, 91, 8832 }, // U+30BA
    { 18, 18, 333, 1, 17, 81, 8923 }, // U+30BB
    { 20, 19, 333, 0, 18, 95, 9004 }, // U+30BC
    { 16, 16, 333, 2, 15, 64, 9099 }, // U+30BD
    { 18, 19, 333, 2, 18, 86, 9163 }, // U+30BE
    { 18, 19, 333, 1, 18, 86, 9249 }, // U+30BF
    { 19, 20, 333, 1, 18, 95, 9335 }, // U+30C0
    { 19, 18, 333, 1, 17, 86, 9430 }, // U+30C1
    { 19, 18, 333, 1, 16, 86, 9516 }, // U+30C2
    { 15, 14, 333, 3, 12, 53, 9602 }, // U+30C3
    { 17, 17, 333, 2, 16, 73, 9655 }, // U+30C4
    { 19, 19, 333, 1, 18, 91, 9728 }, // U+30C5
    { 19, 18, 333, 1, 16, 86, 9819 }, // U+30C6
    { 20, 20, 333, 1, 18, 100, 9905 }, // U+30C7
    { 12, 17, 333, 6, 16, 51, 10005 }, // U+30C8
    { 13, 17, 333, 6, 16, 56, 10056 }, // U+30C9
    { 18, 18, 333, 2, 17, 81, 10112 }, // U+30CA
    { 18, 13, 333, 1, 14, 59, 10193 }, // U+30CB
    { 16, 16, 333, 2, 15, 64, 10252 }, // U+30CC
    { 19, 18, 333, 1, 17, 86, 10316 }, // U+30CD
    { 15, 16, 333, 2, 16, 60, 10402 }, // U+30CE
    { 19, 15, 333, 1, 15, 72, 10462 }, // U+30CF
    { 19, 18, 333, 1, 18, 86, 10534 }, // U+30D0
    { 20, 18, 333, 1, 17, 90, 10620 }, // U+30D1
    { 14, 17, 333, 4, 17, 60, 10710 }, // U+30D2
    { 17, 19, 333, 3, 18, 81, 10770 }, // U+30D3
    { 17, 18, 333, 3, 17, 77, 10851 }, // U+30D4
    { 15, 16, 333, 3, 15, 60, 10928 }, // U+30D5
    { 19, 20, 333, 2, 19, 95, 10988 }, // U+30D6
    { 19, 18, 333, 2, 17, 86, 11083 }, // U+30D7
    { 19, 14, 333, 1, 14, 67, 11169 }, // U+30D8
    { 19, 16, 333, 1, 16, 76, 11236 }, // U+30D9
    { 19, 16, 333, 1, 16, 76, 11312 }, // U+30DA
    { 19, 18, 333, 1, 17, 86, 11388 }, // U+30DB
    { 19, 19, 333, 1, 18, 91, 11474 }, // U+30DC
    { 19, 19, 333, 1, 18, 91, 11565 }, // U+30DD
    { 18, 16, 333, 2, 15, 72, 11656 }, // U+30DE
    { 14, 17, 333, 3, 16, 60, 11728 }, // U+30DF
    { 19, 18, 333, 1, 17, 86, 11788 }, // U+30E0
    { 17, 17, 333, 2, 16, 73, 11874 }, // U+30E1
    { 17, 16, 333, 2, 16, 68, 11947 }, // U+30E2
    { 16, 15, 333, 3, 13, 60, 12015 }, // U+30E3
    { 19, 18, 333, 1, 17, 86, 12075 }, // U+30E4
    { 15, 11, 333, 3, 11, 42, 12161 }, // U+30E5
    { 19, 14, 333, 1, 15, 67, 12203 }, // U+30E6
    { 13, 14, 333, 4, 12, 46, 12270 }, // U+30E7
    { 15, 16, 333, 3, 15, 60, 12316 }, // U+30E8
    { 17, 17, 333, 2, 16, 73, 12376 }, // U+30E9
    { 13, 17, 333, 4, 16, 56, 12449 }, // U+30EA
    { 19, 17, 333, 1, 16, 81, 12505 }, // U+30EB
    { 15, 16, 333, 4, 16, 60, 12586 }, // U+30EC
    { 15, 16, 333, 3, 15, 60, 12646 }, // U+30ED
    { 15, 14, 333, 3, 12, 53, 12706 }, // U+30EE
    { 17, 16, 333, 2, 15, 68, 12759 }, // U+30EF
    { 19, 18, 333, 1, 17, 86, 12827 }, // U+30F0
    { 19, 15, 333, 1, 15, 72, 12913 }, // U+30F1
    { 16, 17, 333, 3, 16, 68, 12985 }, // U+30F2
    { 18, 16, 333, 2, 16, 72, 13053 }, // U+30F3
    { 18, 19, 333, 2, 18, 86, 13125 }, // U+30F4
    { 14, 16, 333, 3, 14, 56, 13211 }, // U+30F5
    { 16, 15, 333, 2, 13, 60, 13267 }, // U+30F6
    { 18, 21, 333, 2, 19, 95, 13327 }, // U+30F7
    { 19, 19, 333, 1, 18, 91, 13422 }, // U+30F8
    { 19, 18, 333, 1, 18, 86, 13513 }, // U+30F9
    { 18, 21, 333, 2, 19, 95, 13599 }, // U+30FA
    { 5, 5, 333, 8, 10, 7, 13694 }, // U+30FB
    { 17, 3, 333, 2, 10, 13, 13701 }, // U+30FC
    { 10, 10, 333, 6, 12, 25, 13714 }, // U+30FD
    { 12, 14, 333, 5, 16, 42, 13739 }, // U+30FE
    { 13, 18, 333, 4, 16, 59, 13781 }, // U+30FF
    { 20, 2, 333, 0, 9, 10, 13840 }, // U+4E00
    { 19, 19, 333, 1, 18, 91, 13850 }, // U+4E0A
    { 19, 18, 333, 1, 16, 86, 13941 }, // U+4E0B
    { 19, 18, 333, 1, 16, 86, 14027 }, // U+4E21
    { 18, 20, 333, 1, 18, 90, 14113 }, // U+4E2D
    { 17, 19, 333, 2, 17, 81, 14203 }, // U+4E86
    { 21, 20, 333, 0, 18, 105, 14284 }, // U+4ED6
    { 20, 20, 333, 0, 18, 100, 14389 }, // U+4ED8
    { 20, 20, 333, 0, 18, 100, 14489 }, // U+4EF6
    { 21, 20, 333, 0, 18, 105, 14589 }, // U+4F4D
    { 21, 20, 333, 0, 18, 105, 14694 }, // U+4F53
    { 21, 20, 333, 0, 18, 105, 14799 }, // U+4F59
    { 21, 20, 333, 0, 18, 105, 14904 }, // U+4F5C
    { 21, 20, 333, 0, 18, 105, 15009 }, // U+4F7F
    { 21, 20, 333, 0, 18, 105, 15114 }, // U+4FDD
    { 21, 20, 333, 0, 18, 105, 15219 }, // U+4FE1
    { 21, 20, 333, 0, 18, 105, 15324 }, // U+4FEE
    { 21, 20, 333, 0, 18, 105, 15429 }, // U+50CF
    { 20, 18, 333, 0, 16, 90, 15534 }, // U+5143
    { 20, 20, 333, 0, 18, 100, 15624 }, // U+5148
    { 20, 20, 333, 0, 18, 100, 15724 }, // U+5149
    { 21, 19, 333, 0, 17, 100, 15824 }, // U+5165
    { 21, 19, 333, 0, 18, 100, 15924 }, // U+5168
    { 17, 20, 333, 2, 18, 85, 16024 }, // U+5185
    { 21, 19, 333, 0, 17, 100, 16109 }, // U+518D
    { 17, 20, 333, 2, 18, 85, 16209 }, // U+51FA
    { 21, 20, 333, 0, 18, 105, 16294 }, // U+5206
    { 20, 20, 333, 0, 18, 100, 16399 }, // U+5207
    { 20, 20, 333, 0, 18, 100, 16499 }, // U+523B
    { 19, 20, 333, 1, 18, 95, 16599 }, // U+524A
    { 19, 20, 333, 1, 18, 95, 16694 }, // U+524D
    { 19, 20, 333, 1, 18, 95, 16789 }, // U+5272
    { 18, 20, 333, 1, 18, 90, 16884 }, // U+529B
    { 20, 20, 333, 0, 18, 100, 16974 }, // U+529F
    { 20, 20, 333, 0, 18, 100, 17074 }, // U+52A0
    { 20, 20, 333, 0, 18, 100, 17174 }, // U+52D5
    { 21, 20, 333, 0, 18, 105, 17274 }, // U+5316
    { 21, 19, 333, 0, 17, 100, 17379 }, // U+539F
    { 19, 20, 333, 1, 18, 95, 17479 }, // U+53BB
    { 21, 20, 333, 0, 18, 105, 17574 }, // U+53C2
    { 19, 19, 333, 1, 17, 91, 17679 }, // U+53CD
    { 21, 19, 333, 0, 17, 100, 17770 }, // U+53D6
    { 19, 20, 333, 1, 18, 95, 17870 }, // U+53D7
    { 19, 18, 333, 1, 16, 86, 17965 }, // U+53EF
    { 20, 20, 333, 0, 18, 100, 18051 }, // U+53F3
    { 19, 19, 333, 1, 17, 91, 18151 }, // U+53F7
    { 21, 20, 333, 0, 18, 105, 18242 }, // U+5404
    { 21, 20, 333, 0, 18, 105, 18347 }, // U+5408
    { 19, 19, 333, 1, 17, 91, 18452 }, // U+540C
    { 19, 20, 333, 0, 18, 95, 18543 }, // U+540D
    { 17, 20, 333, 2, 18, 85, 18638 }, // U+5411
    { 19, 20, 333, 1, 18, 95, 18723 }, // U+544A
    { 19, 19, 333, 1, 17, 91, 18818 }, // U+56DE
    { 19, 19, 333, 1, 17, 91, 18909 }, // U+56E0
    { 19, 19, 333, 1, 17, 91, 19000 }, // U+56F2
    { 20, 20, 333, 0, 18, 100, 19091 }, // U+5728
    { 21, 19, 333, 0, 18, 100, 19191 }, // U+57CB
    { 21, 21, 333, 0, 18, 111, 19291 }, // U+5831
    { 21, 20, 333, 0, 18, 105, 19402 }, // U+5916
    { 20, 20, 333, 0, 18, 100, 19507 }, // U+5927
    { 21, 20, 333, 0, 18, 105, 19607 }, // U+592A
    { 21, 20, 333, 0, 18, 105, 19712 }, // U+592E
    { 21, 20, 333, 0, 18, 105, 19817 }, // U+5931
    { 19, 20, 333, 1, 18, 95, 19922 }, // U+5B57
    { 20, 20, 333, 0, 18, 100, 20017 }, // U+5B58
    { 20, 20, 333, 0, 18, 100, 20117 }, // U+5B8C
    { 20, 20, 333, 0, 18, 100, 20217 }, // U+5B9A
    { 20, 20, 333, 0, 18, 100, 20317 }, // U+5B9B
    { 19, 20, 333, 1, 18, 95, 20417 }, // U+5BB3
    { 21, 20, 333, 0, 18, 105, 20512 }, // U+5C0F
    { 20, 19, 333, 0, 17, 95, 20617 }, // U+5C3E
    { 20, 19, 333, 0, 18, 95, 20712 }, // U+5DE6
    { 19, 20, 333, 1, 18, 95, 20807 }, // U+5E38
    { 21, 20, 333, 0, 18, 105, 20902 }, // U+5E83
    { 21, 20, 333, 0, 18, 105, 21007 }, // U+5EA6
    { 17, 20, 333, 2, 18, 85, 21112 }, // U+5F53
    { 21, 20, 333, 0, 18, 105, 21197 }, // U+5F79
    { 20, 20, 333, 0, 18, 100, 21302 }, // U+5F97
    { 20, 20, 333, 0, 18, 100, 21402 }, // U+60C5
    { 20, 20, 333, 0, 18, 100, 21502 }, // U+6210
    { 21, 19, 333, 0, 17, 100, 21602 }, // U+623B
    { 21, 20, 333, 0, 18, 105, 21702 }, // U+629E
    { 20, 20, 333, 0, 18, 100, 21807 }, // U+62BC
    { 20, 20, 333, 0, 18, 100, 21907 }, // U+6357
    { 20, 20, 333, 0, 18, 100, 22007 }, // U+63A5
    { 20, 20, 333, 0, 18, 100, 22107 }, // U+63C3
    { 21, 20, 333, 0, 18, 105, 22207 }, // U+64AE
    { 21, 20, 333, 0, 18, 105, 22312 }, // U+64CD
    { 21, 20, 333, 0, 18, 105, 22417 }, // U+6557
    { 21, 20, 333, 0, 18, 105, 22522 }, // U+6570
    { 21, 20, 333, 0, 18, 105, 22627 }, // U+6587
    { 20, 20, 333, 0, 18, 100, 22732 }, // U+65B0
    { 20, 20, 333, 0, 18, 100, 22832 }, // U+65B9
    { 21, 19, 333, 0, 17, 100, 22932 }, // U+65E2
    { 15, 18, 333, 3, 16, 68, 23032 }, // U+65E5
    { 20, 20, 333, 1, 18, 100, 23100 }, // U+6642
    { 20, 20, 333, 1, 18, 100, 23200 }, // U+6697
    { 19, 20, 333, 1, 18, 95, 23300 }, // U+66F8
    { 21, 20, 333, 0, 18, 105, 23395 }, // U+66FF
    { 20, 19, 333, 1, 17, 95, 23500 }, // U+6700
    { 20, 19, 333, 0, 17, 95, 23595 }, // U+671F
    { 21, 20, 333, 0, 18, 105, 23690 }, // U+672A
    { 21, 20, 333, 0, 18, 105, 23795 }, // U+672B
    { 21, 20, 333, 0, 18, 105, 23900 }, // U+672C
    { 21, 20, 333, 0, 18, 105, 24005 }, // U+6790
    { 21, 20, 333, 0, 18, 105, 24110 }, // U+691C
    { 21, 20, 333, 0, 18, 105, 24215 }, // U+6A19
    { 21, 20, 333, 0, 18, 105, 24320 }, // U+6A2A
    { 21, 20, 333, 0, 18, 105, 24425 }, // U+6B21
    { 19, 17, 333, 1, 16, 81, 24530 }, // U+6B63
    { 21, 20, 333, 0, 18, 105, 24611 }, // U+6B8B
    { 21, 20, 333, 0, 18, 105, 24716 }, // U+6BB5
    { 21, 20, 333, 0, 18, 105, 24821 }, // U+6CE8
    { 20, 20, 333, 0, 18, 100, 24926 }, // U+6D88
    { 21, 20, 333, 0, 18, 105, 25026 }, // U+6DFB
    { 21, 20, 333, 0, 18, 105, 25131 }, // U+6E08
    { 21, 20, 333, 0, 18, 105, 25236 }, // U+6E90
    { 20, 20, 333, 0, 18, 100, 25341 }, // U+6E96
    { 20, 20, 333, 0, 18, 100, 25441 }, // U+7121
    { 20, 19, 333, 0, 17, 95, 25541 }, // U+7167
    { 20, 20, 333, 0, 18, 100, 25636 }, // U+7279
    { 21, 20, 333, 0, 18, 105, 25736 }, // U+72ED
    { 19, 20, 333, 1, 18, 95, 25841 }, // U+7387
    { 21, 19, 333, 0, 17, 100, 25936 }, // U+73FE
    { 19, 18, 333, 0, 16, 86, 26036 }, // U+7528
    { 19, 19, 333, 1, 17, 91, 26122 }, // U+753B
    { 21, 20, 333, 0, 18, 105, 26213 }, // U+756A
    { 16, 20, 333, 2, 18, 80, 26318 }, // U+767D
    { 19, 20, 333, 1, 18, 95, 26398 }, // U+7684
    { 15, 19, 333, 3, 17, 72, 26493 }, // U+76EE
    { 20, 20, 333, 0, 18, 100, 26565 }, // U+77ED
    { 20, 20, 333, 0, 18, 100, 26665 }, // U+78BA
    { 20, 18, 333, 0, 16, 90, 26765 }, // U+793A
    { 21, 20, 333, 0, 18, 105, 26855 }, // U+79F0
    { 21, 20, 333, 0, 18, 105, 26960 }, // U+79FB
    { 19, 19, 333, 1, 18, 91, 27065 }, // U+7A7A
    { 20, 20, 333, 0, 18, 100, 27156 }, // U+7AE0
    { 20, 20, 333, 0, 18, 100, 27256 }, // U+7AEF
    { 20, 20, 333, 0, 18, 100, 27356 }, // U+7B2C
    { 20, 20, 333, 0, 18, 100, 27456 }, // U+7B97
    { 21, 20, 333, 0, 18, 105, 27556 }, // U+7BC4
    { 20, 20, 333, 0, 18, 100, 27661 }, // U+7D22
    { 20, 20, 333, 0, 18, 100, 27761 }, // U+7D30
    { 21, 20, 333, 0, 18, 105, 27861 }, // U+7D42
    { 21, 20, 333, 0, 18, 105, 27966 }, // U+7D9A
    { 20, 20, 333, 0, 18, 100, 28071 }, // U+7DE8
    { 21, 20, 333, 0, 18, 105, 28171 }, // U+7E26
    { 19, 19, 333, 1, 17, 91, 28276 }, // U+7F6E
    { 21, 20, 333, 0, 18, 105, 28367 }, // U+80FD
    { 20, 20, 333, 0, 18, 100, 28472 }, // U+811A
    { 15, 20, 333, 3, 18, 75, 28572 }, // U+81EA
    { 21, 20, 333, 0, 18, 105, 28647 }, // U+822C
    { 20, 20, 333, 0, 18, 100, 28752 }, // U+8272
    { 21, 20, 333, 0, 18, 105, 28852 }, // U+843D
    { 20, 20, 333, 0, 18, 100, 28957 }, // U+884C
    { 21, 20, 333, 0, 18, 105, 29057 }, // U+8868
    { 21, 19, 333, 0, 17, 100, 29162 }, // U+898B
    { 21, 20, 333, 0, 18, 105, 29262 }, // U+8996
    { 20, 20, 333, 0, 18, 100, 29367 }, // U+89A7
    { 21, 20, 333, 0, 18, 105, 29467 }, // U+89E3
    { 19, 19, 333, 1, 17, 91, 29572 }, // U+8A00
    { 21, 20, 333, 0, 18, 105, 29663 }, // U+8A08
    { 21, 19, 333, 0, 17, 100, 29768 }, // U+8A18
    { 21, 19, 333, 0, 17, 100, 29868 }, // U+8A2D
    { 21, 19, 333, 0, 17, 100, 29968 }, // U+8A3C
    { 21, 20, 333, 0, 18, 105, 30068 }, // U+8A66
    { 21, 20, 333, 0, 18, 105, 30173 }, // U+8A73
    { 21, 19, 333, 0, 17, 100, 30278 }, // U+8A8D
    { 21, 19, 333, 0, 17, 100, 30378 }, // U+8A9E
    { 21, 20, 333, 0, 18, 105, 30478 }, // U+8AAD
    { 21, 20, 333, 0, 18, 105, 30583 }, // U+8D77
    { 21, 20, 333, 0, 18, 105, 30688 }, // U+8EE2
    { 21, 20, 333, 0, 18, 105, 30793 }, // U+8FBC
    { 21, 20, 333, 0, 18, 105, 30898 }, // U+8FD1
    { 21, 20, 333, 0, 18, 105, 31003 }, // U+8FFD
    { 21, 20, 333, 0, 18, 105, 31108 }, // U+9000
    { 21, 20, 333, 0, 18, 105, 31213 }, // U+9001
    { 21, 20, 333, 0, 18, 105, 31318 }, // U+9032
    { 21, 20, 333, 0, 18, 105, 31423 }, // U+9069
    { 21, 20, 333, 0, 18, 105, 31528 }, // U+9078
    { 20, 19, 333, 1, 17, 95, 31633 }, // U+914D
    { 20, 19, 333, 0, 17, 95, 31728 }, // U+91CF
    { 21, 20, 333, 0, 18, 105, 31823 }, // U+9332
    { 20, 19, 333, 1, 17, 95, 31928 }, // U+9577
    { 19, 19, 333, 1, 17, 91, 32023 }, // U+958B
    { 19, 19, 333, 1, 17, 91, 32114 }, // U+9593
    { 20, 20, 333, 1, 18, 100, 32205 }, // U+9664
    { 19, 20, 333, 1, 18, 95, 32305 }, // U+9694
    { 19, 20, 333, 1, 18, 95, 32400 }, // U+969C
    { 19, 20, 333, 1, 18, 95, 32495 }, // U+96A0
    { 21, 20, 333, 0, 18, 105, 32590 }, // U+96C6
    { 20, 19, 333, 1, 17, 95, 32695 }, // U+96FB
    { 20, 20, 333, 0, 18, 100, 32790 }, // U+975E
    { 19, 19, 333, 1, 17, 91, 32890 }, // U+9762
    { 21, 20, 333, 0, 18, 105, 32981 }, // U+983B
    { 16, 16, 259, 1, 16, 64, 0 }, // U+FB00
    { 12, 16, 214, 1, 16, 48, 64 }, // U+FB01
    { 13, 16, 221, 1, 16, 52, 112 }, // U+FB02
    { 20, 16, 344, 1, 16, 80, 164 }, // U+FB03
    { 21, 16, 351, 1, 16, 84, 244 }, // U+FB04
    { 3, 16, 333, 9, 16, 12, 0 }, // U+FF01
    { 8, 7, 333, 6, 18, 14, 12 }, // U+FF02
    { 15, 16, 333, 3, 16, 60, 26 }, // U+FF03
    { 12, 22, 333, 4, 19, 66, 86 }, // U+FF04
    { 19, 16, 333, 1, 16, 76, 152 }, // U+FF05
    { 14, 17, 333, 4, 16, 60, 228 }, // U+FF06
    { 3, 7, 333, 9, 18, 6, 288 }, // U+FF07
    { 6, 20, 333, 14, 18, 30, 294 }, // U+FF08
    { 7, 20, 333, 0, 18, 35, 324 }, // U+FF09
    { 15, 16, 333, 3, 16, 60, 359 }, // U+FF0A
    { 16, 16, 333, 2, 16, 64, 419 }, // U+FF0B
    { 5, 8, 333, 2, 5, 10, 483 }, // U+FF0C
    { 16, 2, 333, 2, 9, 8, 493 }, // U+FF0D
    { 4, 4, 333, 3, 4, 4, 501 }, // U+FF0E
    { 21, 20, 333, 0, 18, 105, 505 }, // U+FF0F
    { 13, 16, 333, 4, 16, 52, 610 }, // U+FF10
    { 12, 16, 333, 5, 16, 48, 662 }, // U+FF11
    { 12, 16, 333, 4, 16, 48, 710 }, // U+FF12
    { 12, 16, 333, 4, 16, 48, 758 }, // U+FF13
    { 13, 16, 333, 4, 16, 52, 806 }, // U+FF14
    { 12, 16, 333, 4, 16, 48, 858 }, // U+FF15
    { 11, 16, 333, 5, 16, 44, 906 }, // U+FF16
    { 11, 16, 333, 5, 16, 44, 950 }, // U+FF17
    { 12, 16, 333, 4, 16, 48, 994 }, // U+FF18
    { 12, 16, 333, 4, 16, 48, 1042 }, // U+FF19
    { 4, 14, 333, 8, 15, 14, 1090 }, // U+FF1A
    { 5, 18, 333, 8, 15, 23, 1104 }, // U+FF1B
    { 17, 17, 333, 2, 16, 73, 1127 }, // U+FF1C
    { 16, 6, 333, 2, 11, 24, 1200 }, // U+FF1D
    { 17, 17, 333, 2, 16, 73, 1224 }, // U+FF1E
    { 11, 16, 333, 5, 16, 44, 1297 }, // U+FF1F
    { 19, 20, 333, 1, 18, 95, 1341 }, // U+FF20
    { 15, 16, 333, 3, 16, 60, 1436 }, // U+FF21
    { 13, 16, 333, 4, 16, 52, 1496 }, // U+FF22
    { 14, 16, 333, 4, 16, 56, 1548 }, // U+FF23
    { 14, 16, 333, 4, 16, 56, 1604 }, // U+FF24
    { 12, 16, 333, 5, 16, 48, 1660 }, // U+FF25
    { 11, 16, 333, 6, 16, 44, 1708 }, // U+FF26
    { 14, 16, 333, 3, 16, 56, 1752 }, // U+FF27
    { 13, 16, 333, 4, 16, 52, 1808 }, // U+FF28
    { 11, 16, 333, 5, 16, 44, 1860 }, // U+FF29
    { 10, 16, 333, 5, 16, 40, 1904 }, // U+FF2A
    { 13, 16, 333, 5, 16, 52, 1944 }, // U+FF2B
    { 11, 16, 333, 6, 16, 44, 1996 }, // U+FF2C
    { 15, 16, 333, 3, 16, 60, 2040 }, // U+FF2D
    { 13, 16, 333, 4, 16, 52, 2100 }, // U+FF2E
    { 15, 16, 333, 3, 16, 60, 2152 }, // U+FF2F
    { 12, 16, 333, 5, 16, 48, 2212 }, // U+FF30
    { 16, 20, 333, 3, 16, 80, 2260 }, // U+FF31
    { 13, 16, 333, 5, 16, 52, 2340 }, // U+FF32
    { 13, 16, 333, 4, 16, 52, 2392 }, // U+FF33
    { 14, 16, 333, 3, 16, 56, 2444 }, // U+FF34
    { 13, 16, 333, 4, 16, 52, 2500 }, // U+FF35
    { 15, 16, 333, 3, 16, 60, 2552 }, // U+FF36
    { 21, 16, 333, 0, 16, 84, 2612 }, // U+FF37
    { 13, 16, 333, 4, 16, 52, 2696 }, // U+FF38
    { 13, 16, 333, 4, 16, 52, 2748 }, // U+FF39
    { 13, 16, 333, 4, 16, 52, 2800 }, // U+FF3A
    { 7, 20, 333, 14, 18, 35, 2852 }, // U+FF3B
    { 21, 20, 333, 0, 18, 105, 2887 }, // U+FF3C
    { 6, 20, 333, 0, 18, 30, 2992 }, // U+FF3D
    { 7, 4, 333, 7, 20, 7, 3022 }, // U+FF3E
    { 21, 1, 333, 0, -1, 6, 3029 }, // U+FF3F
    { 5, 4, 333, 7, 20, 5, 3035 }, // U+FF40
    { 11, 12, 333, 5, 12, 33, 3040 }, // U+FF41
    { 12, 17, 333, 5, 17, 51, 3073 }, // U+FF42
    { 11, 12, 333, 5, 12, 33, 3124 }, // U+FF43
    { 12, 17, 333, 4, 17, 51, 3157 }, // U+FF44
    { 13, 12, 333, 4, 12, 39, 3208 }, // U+FF45
    { 12, 18, 333, 5, 18, 54, 3247 }, // U+FF46
    { 13, 17, 333, 4, 12, 56, 3301 }, // U+FF47
    { 11, 17, 333, 5, 17, 47, 3357 }, // U+FF48
    { 4, 17, 333, 8, 17, 17, 3404 }, // U+FF49
    { 10, 22, 333, 4, 17, 55, 3421 }, // U+FF4A
    { 11, 18, 333, 6, 18, 50, 3476 }, // U+FF4B
    { 7, 17, 333, 9, 17, 30, 3526 }, // U+FF4C
    { 19, 12, 333, 1, 12, 57, 3556 }, // U+FF4D
    { 11, 12, 333, 5, 12, 33, 3613 }, // U+FF4E
    { 13, 12, 333, 4, 12, 39, 3646 }, // U+FF4F
    { 12, 17, 333, 5, 12, 51, 3685 }, // U+FF50
    { 12, 17, 333, 4, 12, 51, 3736 }, // U+FF51
    { 10, 12, 333, 6, 12, 30, 3787 }, // U+FF52
    { 11, 12, 333, 5, 12, 33, 3817 }, // U+FF53
    { 12, 16, 333, 5, 16, 48, 3850 }, // U+FF54
    { 11, 12, 333, 5, 12, 33, 3898 }, // U+FF55
    { 13, 12, 333, 4, 12, 39, 3931 }, // U+FF56
    { 19, 12, 333, 1, 12, 57, 3970 }, // U+FF57
    { 12, 12, 333, 4, 12, 36, 4027 }, // U+FF58
    { 13, 17, 333, 4, 12, 56, 4063 }, // U+FF59
    { 11, 12, 333, 5, 12, 33, 4119 }, // U+FF5A
    { 7, 20, 333, 14, 18, 35, 4152 }, // U+FF5B
    { 2, 22, 333, 9, 19, 11, 4187 }, // U+FF5C
    { 7, 20, 333, 0, 18, 35, 4198 }, // U+FF5D
    { 20, 6, 333, 0, 11, 30, 4233 }, // U+FF5E
    { 10, 20, 333, 11, 18, 50, 4263 }, // U+FF5F
    { 9, 20, 333, 0, 18, 45, 4313 }, // U+FF60
    { 8, 8, 167, 0, 6, 16, 4358 }, // U+FF61
    { 7, 14, 167, 3, 18, 25, 4374 }, // U+FF62
    { 8, 14, 167, 0, 12, 28, 4399 }, // U+FF63
    { 7, 6, 167, 0, 5, 11, 4427 }, // U+FF64
    { 4, 4, 167, 3, 10, 4, 4438 }, // U+FF65
    { 9, 16, 167, 1, 15, 36, 4442 }, // U+FF66
    { 7, 13, 167, 2, 12, 23, 4478 }, // U+FF67
    { 7, 14, 167, 1, 13, 25, 4501 }, // U+FF68
    { 7, 15, 167, 2, 13, 27, 4526 }, // U+FF69
    { 8, 12, 167, 1, 11, 24, 4553 }, // U+FF6A
    { 8, 14, 167, 1, 13, 28, 4577 }, // U+FF6B
    { 8, 14, 167, 1, 13, 28, 4605 }, // U+FF6C
    { 8, 12, 167, 1, 11, 24, 4633 }, // U+FF6D
    { 7, 12, 167, 2, 11, 21, 4657 }, // U+FF6E
    { 8, 13, 167, 1, 12, 26, 4678 }, // U+FF6F
    { 9, 3, 167, 1, 9, 7, 4704 }, // U+FF70
    { 9, 16, 167, 1, 15, 36, 4711 }, // U+FF71
    { 10, 17, 167, 0, 16, 43, 4747 }, // U+FF72
    { 9, 18, 167, 1, 17, 41, 4790 }, // U+FF73
    { 10, 15, 167, 0, 15, 38, 4831 }, // U+FF74
    { 9, 18, 167, 1, 17, 41, 4869 }, // U+FF75
    { 10, 18, 167, 0, 17, 45, 4910 }, // U+FF76
    { 9, 17, 167, 1, 16, 39, 4955 }, // U+FF77
    { 9, 18, 167, 1, 17, 41, 4994 }, // U+FF78
    { 10, 18, 167, 0, 17, 45, 5035 }, // U+FF79
    { 8, 15, 167, 1, 15, 30, 5080 }, // U+FF7A
    { 10, 17, 167, 0, 16, 43, 5110 }, // U+FF7B
    { 10, 17, 167, 0, 16, 43, 5153 }, // U+FF7C
    { 10, 16, 167, 0, 15, 40, 5196 }, // U+FF7D
    { 10, 17, 167, 0, 17, 43, 5236 }, // U+FF7E
    { 9, 16, 167, 1, 15, 36, 5279 }, // U+FF7F
    { 10, 19, 167, 0, 17, 48, 5315 }, // U+FF80
    { 10, 18, 167, 0, 17, 45, 5363 }, // U+FF81
    { 10, 16, 167, 0, 15, 40, 5408 }, // U+FF82
    { 10, 17, 167, 0, 16, 43, 5448 }, // U+FF83
    { 7, 17, 167, 2, 16, 30, 5491 }, // U+FF84
    { 10, 18, 167, 0, 17, 45, 5521 }, // U+FF85
    { 10, 13, 167, 0, 14, 33, 5566 }, // U+FF86
    { 8, 16, 167, 1, 15, 32, 5599 }, // U+FF87
    { 10, 18, 167, 0, 17, 45, 5631 }, // U+FF88
    { 8, 16, 167, 1, 15, 32, 5676 }, // U+FF89
    { 10, 15, 167, 0, 15, 38, 5708 }, // U+FF8A
    { 8, 16, 167, 1, 16, 32, 5746 }, // U+FF8B
    { 9, 16, 167, 1, 15, 36, 5778 }, // U+FF8C
    { 10, 14, 167, 0, 14, 35, 5814 }, // U+FF8D
    { 10, 18, 167, 0, 17, 45, 5849 }, // U+FF8E
    { 10, 16, 167, 0, 15, 40, 5894 }, // U+FF8F
    { 8, 17, 167, 1, 16, 34, 5934 }, // U+FF90
    { 10, 17, 167, 0, 16, 43, 5968 }, // U+FF91
    { 10, 17, 167, 0, 16, 43, 6011 }, // U+FF92
    { 10, 15, 167, 0, 15, 38, 6054 }, // U+FF93
    { 10, 17, 167, 0, 16, 43, 6092 }, // U+FF94
    { 10, 14, 167, 0, 14, 35, 6135 }, // U+FF95
    { 8, 16, 167, 1, 15, 32, 6170 }, // U+FF96
    { 9, 17, 167, 1, 16, 39, 6202 }, // U+FF97
    { 7, 17, 167, 2, 16, 30, 6241 }, // U+FF98
    { 11, 16, 167, 0, 15, 44, 6271 }, // U+FF99
    { 9, 16, 167, 1, 16, 36, 6315 }, // U+FF9A
    { 9, 15, 167, 1, 15, 34, 6351 }, // U+FF9B
    { 9, 16, 167, 1, 15, 36, 6385 }, // U+FF9C
    { 9, 16, 167, 1, 15, 36, 6421 }, // U+FF9D
    { 6, 5, 167, 0, 18, 8, 6457 }, // U+FF9E
    { 5, 5, 167, 0, 18, 7, 6465 }, // U+FF9F
    { 0, 0, 307, 0, 0, 0, 6472 }, // U+FFA0
    { 13, 11, 307, 3, 13, 36, 6472 }, // U+FFA1
    { 15, 11, 307, 2, 13, 42, 6508 }, // U+FFA2
    { 16, 12, 307, 2, 14, 48, 6550 }, // U+FFA3
    { 13, 10, 307, 3, 13, 33, 6598 }, // U+FFA4
    { 14, 12, 307, 3, 14, 42, 6631 }, // U+FFA5
    { 14, 11, 307, 3, 13, 39, 6673 }, // U+FFA6
    { 13, 10, 307, 3, 13, 33, 6712 }, // U+FFA7
    { 14, 10, 307, 3, 13, 35, 6745 }, // U+FFA8
    { 13, 11, 307, 3, 13, 36, 6780 }, // U+FFA9
    { 14, 10, 307, 3, 13, 35, 6816 }, // U+FFAA
    { 14, 10, 307, 3, 13, 35, 6851 }, // U+FFAB
    { 14, 11, 307, 3, 14, 39, 6886 }, // U+FFAC
    { 15, 12, 307, 3, 14, 45, 6925 }, // U+FFAD
    { 14, 10, 307, 3, 13, 35, 6970 }, // U+FFAE
    { 14, 10, 307, 3, 13, 35, 7005 }, // U+FFAF
    { 14, 12, 307, 3, 14, 42, 7040 }, // U+FFB0
    { 13, 10, 307, 3, 13, 33, 7082 }, // U+FFB1
    { 13, 11, 307, 3, 14, 36, 7115 }, // U+FFB2
    { 14, 10, 307, 3, 13, 35, 7151 }, // U+FFB3
    { 15, 11, 307, 3, 13, 42, 7186 }, // U+FFB4
    { 14, 11, 307, 3, 13, 39, 7228 }, // U+FFB5
    { 16, 10, 307, 2, 13, 40, 7267 }, // U+FFB6
    { 13, 11, 307, 3, 13, 36, 7307 }, // U+FFB7
    { 14, 11, 307, 3, 13, 39, 7343 }, // U+FFB8
    { 17, 11, 307, 1, 13, 47, 7382 }, // U+FFB9
    { 13, 13, 307, 3, 15, 43, 7429 }, // U+FFBA
    { 13, 11, 307, 3, 13, 36, 7472 }, // U+FFBB
    { 13, 10, 307, 3, 13, 33, 7508 }, // U+FFBC
    { 14, 11, 307, 3, 13, 39, 7541 }, // U+FFBD
    { 13, 12, 307, 3, 14, 39, 7580 }, // U+FFBE
    { 7, 20, 307, 8, 18, 35, 7619 }, // U+FFC2
    { 7, 20, 307, 6, 18, 35, 7654 }, // U+FFC3
    { 7, 20, 307, 7, 18, 35, 7689 }, // U+FFC4
    { 7, 20, 307, 6, 18, 35, 7724 }, // U+FFC5
    { 7, 20, 307, 6, 18, 35, 7759 }, // U+FFC6
    { 10, 20, 307, 4, 18, 50, 7794 }, // U+FFC7
    { 7, 20, 307, 6, 18, 35, 7844 }, // U+FFCA
    { 10, 20, 307, 4, 18, 50, 7879 }, // U+FFCB
    { 18, 10, 307, 1, 14, 45, 7929 }, // U+FFCC
    { 18, 20, 307, 1, 18, 90, 7974 }, // U+FFCD
    { 17, 20, 307, 1, 18, 85, 8064 }, // U+FFCE
    { 15, 20, 307, 2, 18, 75, 8149 }, // U+FFCF
    { 18, 11, 307, 1, 14, 50, 8224 }, // U+FFD2
    { 18, 10, 307, 1, 11, 45, 8274 }, // U+FFD3
    { 17, 20, 307, 1, 18, 85, 8319 }, // U+FFD4
    { 17, 20, 307, 1, 18, 85, 8404 }, // U+FFD5
    { 17, 20, 307, 1, 18, 85, 8489 }, // U+FFD6
    { 18, 10, 307, 1, 11, 45, 8574 }, // U+FFD7
    { 18, 2, 307, 1, 9, 9, 8619 }, // U+FFDA
    { 16, 19, 307, 1, 17, 76, 8628 }, // U+FFDB
    { 3, 19, 307, 8, 17, 15, 8704 }, // U+FFDC
    { 13, 18, 333, 4, 17, 59, 8719 }, // U+FFE0
    { 13, 16, 333, 4, 16, 52, 8778 }, // U+FFE1
    { 16, 7, 333, 2, 11, 28, 8830 }, // U+FFE2
    { 21, 1, 333, 0, 18, 6, 8858 }, // U+FFE3
    { 2, 19, 333, 9, 17, 10, 8864 }, // U+FFE4
    { 14, 16, 333, 3, 16, 56, 8874 }, // U+FFE5
    { 18, 15, 333, 1, 15, 68, 8930 }, // U+FFE6
    { 2, 24, 167, 4, 18, 12, 8998 }, // U+FFE8
    { 10, 11, 167, 0, 13, 28, 9010 }, // U+FFE9
    { 8, 20, 167, 1, 18, 40, 9038 }, // U+FFEA
    { 11, 11, 167, 0, 13, 31, 9078 }, // U+FFEB
    { 8, 20, 167, 1, 18, 40, 9109 }, // U+FFEC
    { 8, 8, 167, 1, 12, 16, 9149 }, // U+FFED
    { 9, 8, 167, 1, 12, 18, 9165 }, // U+FFEE
};

static const EpdUnicodeInterval ubuntu_jp_10_regularIntervals[] = {
    { 0x0, 0x0, 0x0 },
    { 0x8, 0x9, 0x1 },
    { 0xD, 0xD, 0x3 },
    { 0x1D, 0x1D, 0x4 },
    { 0x20, 0x7E, 0x5 },
    { 0xA0, 0xFF, 0x64 },
    { 0x100, 0x17F, 0xC4 },
    { 0x1A0, 0x1A1, 0x144 },
    { 0x1AF, 0x1B0, 0x146 },
    { 0x1C4, 0x21F, 0x148 },
    { 0x300, 0x301, 0x1A4 },
    { 0x304, 0x304, 0x1A6 },
    { 0x307, 0x307, 0x1A7 },
    { 0x30C, 0x30C, 0x1A8 },
    { 0x311, 0x311, 0x1A9 },
    { 0x400, 0x45F, 0x1AA },
    { 0x462, 0x463, 0x20A },
    { 0x472, 0x475, 0x20C },
    { 0x48A, 0x4F9, 0x210 },
    { 0x1EA0, 0x1EF9, 0x280 },
    { 0x2002, 0x2003, 0x2DA },
    { 0x2010, 0x2016, 0x2DC },
    { 0x2018, 0x201A, 0x2E3 },
    { 0x201C, 0x201E, 0x2E6 },
    { 0x2020, 0x2022, 0x2E9 },
    { 0x2025, 0x2027, 0x2EC },
    { 0x2030, 0x2030, 0x2EF },
    { 0x2032, 0x2033, 0x2F0 },
    { 0x2035, 0x2035, 0x2F2 },
    { 0x2039, 0x203C, 0x2F3 },
    { 0x2042, 0x2042, 0x2F7 },
    { 0x2044, 0x2044, 0x2F8 },
    { 0x2047, 0x2049, 0x2F9 },
    { 0x2051, 0x2051, 0x2FC },
    { 0x2070, 0x2070, 0x2FD },
    { 0x2074, 0x2079, 0x2FE },
    { 0x2080, 0x2089, 0x304 },
    { 0x20A9, 0x20A9, 0x30E },
    { 0x20AB, 0x20AC, 0x30F },
    { 0x20AE, 0x20AE, 0x311 },
    { 0x20B4, 0x20B4, 0x312 },
    { 0x20B9, 0x20B9, 0x313 },
    { 0x2190, 0x2199, 0x314 },
    { 0x21B8, 0x21B9, 0x31E },
    { 0x21C4, 0x21C6, 0x320 },
    { 0x21CB, 0x21CC, 0x323 },
    { 0x21D0, 0x21D0, 0x325 },
    { 0x21D2, 0x21D2, 0x326 },
    { 0x21D4, 0x21D4, 0x327 },
    { 0x21E6, 0x21E9, 0x328 },
    { 0x21F5, 0x21F5, 0x32C },
    { 0x2200, 0x2200, 0x32D },
    { 0x2202, 0x2203, 0x32E },
    { 0x2205, 0x220B, 0x330 },
    { 0x220F, 0x220F, 0x337 },
    { 0x2211, 0x2213, 0x338 },
    { 0x2215, 0x2215, 0x33B },
    { 0x2219, 0x221A, 0x33C },
    { 0x221D, 0x2220, 0x33E },
    { 0x2223, 0x2223, 0x342 },
    { 0x2225, 0x222E, 0x343 },
    { 0x2234, 0x2237, 0x34D },
    { 0x223D, 0x223D, 0x351 },
    { 0x2243, 0x2243, 0x352 },
    { 0x2245, 0x2245, 0x353 },
    { 0x2248, 0x2248, 0x354 },
    { 0x224C, 0x224C, 0x355 },
    { 0x2260, 0x2262, 0x356 },
    { 0x2264, 0x2267, 0x359 },
    { 0x226A, 0x226B, 0x35D },
    { 0x226E, 0x226F, 0x35F },
    { 0x2272, 0x2273, 0x361 },
    { 0x2276, 0x2277, 0x363 },
    { 0x2282, 0x2287, 0x365 },
    { 0x228A, 0x228B, 0x36B },
    { 0x2295, 0x2299, 0x36D },
    { 0x22A0, 0x22A0, 0x372 },
    { 0x22A5, 0x22A5, 0x373 },
    { 0x22BF, 0x22BF, 0x374 },
    { 0x22DA, 0x22DB, 0x375 },
    { 0x22EF, 0x22EF, 0x377 },
    { 0x3041, 0x3096, 0x378 },
    { 0x3099, 0x30FF, 0x3CE },
    { 0x4E00, 0x4E00, 0x435 },
    { 0x4E0A, 0x4E0A, 0x436 },
    { 0x4E0B, 0x4E0B, 0x437 },
    { 0x4E21, 0x4E21, 0x438 },
    { 0x4E2D, 0x4E2D, 0x439 },
    { 0x4E86, 0x4E86, 0x43A },
    { 0x4ED6, 0x4ED6, 0x43B },
    { 0x4ED8, 0x4ED8, 0x43C },
    { 0x4EF6, 0x4EF6, 0x43D },
    { 0x4F4D, 0x4F4D, 0x43E },
    { 0x4F53, 0x4F53, 0x43F },
    { 0x4F59, 0x4F59, 0x440 },
    { 0x4F5C, 0x4F5C, 0x441 },
    { 0x4F7F, 0x4F7F, 0x442 },
    { 0x4FDD, 0x4FDD, 0x443 },
    { 0x4FE1, 0x4FE1, 0x444 },
    { 0x4FEE, 0x4FEE, 0x445 },
    { 0x50CF, 0x50CF, 0x446 },
    { 0x5143, 0x5143, 0x447 },
    { 0x5148, 0x5148, 0x448 },
    { 0x5149, 0x5149, 0x449 },
    { 0x5165, 0x5165, 0x44A },
    { 0x5168, 0x5168, 0x44B },
    { 0x5185, 0x5185, 0x44C },
    { 0x518D, 0x518D, 0x44D },
    { 0x51FA, 0x51FA, 0x44E },
    { 0x5206, 0x5206, 0x44F },
    { 0x5207, 0x5207, 0x450 },
    { 0x523B, 0x523B, 0x451 },
    { 0x524A, 0x524A, 0x452 },
    { 0x524D, 0x524D, 0x453 },
    { 0x5272, 0x5272, 0x454 },
    { 0x529B, 0x529B, 0x455 },
    { 0x529F, 0x529F, 0x456 },
    { 0x52A0, 0x52A0, 0x457 },
    { 0x52D5, 0x52D5, 0x458 },
    { 0x5316, 0x5316, 0x459 },
    { 0x539F, 0x539F, 0x45A },
    { 0x53BB, 0x53BB, 0x45B },
    { 0x53C2, 0x53C2, 0x45C },
    { 0x53CD, 0x53CD, 0x45D },
    { 0x53D6, 0x53D6, 0x45E },
    { 0x53D7, 0x53D7, 0x45F },
    { 0x53EF, 0x53EF, 0x460 },
    { 0x53F3, 0x53F3, 0x461 },
    { 0x53F7, 0x53F7, 0x462 },
    { 0x5404, 0x5404, 0x463 },
    { 0x5408, 0x5408, 0x464 },
    { 0x540C, 0x540C, 0x465 },
    { 0x540D, 0x540D, 0x466 },
    { 0x5411, 0x5411, 0x467 },
    { 0x544A, 0x544A, 0x468 },
    { 0x56DE, 0x56DE, 0x469 },
    { 0x56E0, 0x56E0, 0x46A },
    { 0x56F2, 0x56F2, 0x46B },
    { 0x5728, 0x5728, 0x46C },
    { 0x57CB, 0x57CB, 0x46D },
    { 0x5831, 0x5831, 0x46E },
    { 0x5916, 0x5916, 0x46F },
    { 0x5927, 0x5927, 0x470 },
    { 0x592A, 0x592A, 0x471 },
    { 0x592E, 0x592E, 0x472 },
    { 0x5931, 0x5931, 0x473 },
    { 0x5B57, 0x5B57, 0x474 },
    { 0x5B58, 0x5B58, 0x475 },
    { 0x5B8C, 0x5B8C, 0x476 },
    { 0x5B9A, 0x5B9A, 0x477 },
    { 0x5B9B, 0x5B9B, 0x478 },
    { 0x5BB3, 0x5BB3, 0x479 },
    { 0x5C0F, 0x5C0F, 0x47A },
    { 0x5C3E, 0x5C3E, 0x47B },
    { 0x5DE6, 0x5DE6, 0x47C },
    { 0x5E38, 0x5E38, 0x47D },
    { 0x5E83, 0x5E83, 0x47E },
    { 0x5EA6, 0x5EA6, 0x47F },
    { 0x5F53, 0x5F53, 0x480 },
    { 0x5F79, 0x5F79, 0x481 },
    { 0x5F97, 0x5F97, 0x482 },
    { 0x60C5, 0x60C5, 0x483 },
    { 0x6210, 0x6210, 0x484 },
    { 0x623B, 0x623B, 0x485 },
    { 0x629E, 0x629E, 0x486 },
    { 0x62BC, 0x62BC, 0x487 },
    { 0x6357, 0x6357, 0x488 },
    { 0x63A5, 0x63A5, 0x489 },
    { 0x63C3, 0x63C3, 0x48A },
    { 0x64AE, 0x64AE, 0x48B },
    { 0x64CD, 0x64CD, 0x48C },
    { 0x6557, 0x6557, 0x48D },
    { 0x6570, 0x6570, 0x48E },
    { 0x6587, 0x6587, 0x48F },
    { 0x65B0, 0x65B0, 0x490 },
    { 0x65B9, 0x65B9, 0x491 },
    { 0x65E2, 0x65E2, 0x492 },
    { 0x65E5, 0x65E5, 0x493 },
    { 0x6642, 0x6642, 0x494 },
    { 0x6697, 0x6697, 0x495 },
    { 0x66F8, 0x66F8, 0x496 },
    { 0x66FF, 0x66FF, 0x497 },
    { 0x6700, 0x6700, 0x498 },
    { 0x671F, 0x671F, 0x499 },
    { 0x672A, 0x672A, 0x49A },
    { 0x672B, 0x672B, 0x49B },
    { 0x672C, 0x672C, 0x49C },
    { 0x6790, 0x6790, 0x49D },
    { 0x691C, 0x691C, 0x49E },
    { 0x6A19, 0x6A19, 0x49F },
    { 0x6A2A, 0x6A2A, 0x4A0 },
    { 0x6B21, 0x6B21, 0x4A1 },
    { 0x6B63, 0x6B63, 0x4A2 },
    { 0x6B8B, 0x6B8B, 0x4A3 },
    { 0x6BB5, 0x6BB5, 0x4A4 },
    { 0x6CE8, 0x6CE8, 0x4A5 },
    { 0x6D88, 0x6D88, 0x4A6 },
    { 0x6DFB, 0x6DFB, 0x4A7 },
    { 0x6E08, 0x6E08, 0x4A8 },
    { 0x6E90, 0x6E90, 0x4A9 },
    { 0x6E96, 0x6E96, 0x4AA },
    { 0x7121, 0x7121, 0x4AB },
    { 0x7167, 0x7167, 0x4AC },
    { 0x7279, 0x7279, 0x4AD },
    { 0x72ED, 0x72ED, 0x4AE },
    { 0x7387, 0x7387, 0x4AF },
    { 0x73FE, 0x73FE, 0x4B0 },
    { 0x7528, 0x7528, 0x4B1 },
    { 0x753B, 0x753B, 0x4B2 },
    { 0x756A, 0x756A, 0x4B3 },
    { 0x767D, 0x767D, 0x4B4 },
    { 0x7684, 0x7684, 0x4B5 },
    { 0x76EE, 0x76EE, 0x4B6 },
    { 0x77ED, 0x77ED, 0x4B7 },
    { 0x78BA, 0x78BA, 0x4B8 },
    { 0x793A, 0x793A, 0x4B9 },
    { 0x79F0, 0x79F0, 0x4BA },
    { 0x79FB, 0x79FB, 0x4BB },
    { 0x7A7A, 0x7A7A, 0x4BC },
    { 0x7AE0, 0x7AE0, 0x4BD },
    { 0x7AEF, 0x7AEF, 0x4BE },
    { 0x7B2C, 0x7B2C, 0x4BF },
    { 0x7B97, 0x7B97, 0x4C0 },
    { 0x7BC4, 0x7BC4, 0x4C1 },
    { 0x7D22, 0x7D22, 0x4C2 },
    { 0x7D30, 0x7D30, 0x4C3 },
    { 0x7D42, 0x7D42, 0x4C4 },
    { 0x7D9A, 0x7D9A, 0x4C5 },
    { 0x7DE8, 0x7DE8, 0x4C6 },
    { 0x7E26, 0x7E26, 0x4C7 },
    { 0x7F6E, 0x7F6E, 0x4C8 },
    { 0x80FD, 0x80FD, 0x4C9 },
    { 0x811A, 0x811A, 0x4CA },
    { 0x81EA, 0x81EA, 0x4CB },
    { 0x822C, 0x822C, 0x4CC },
    { 0x8272, 0x8272, 0x4CD },
    { 0x843D, 0x843D, 0x4CE },
    { 0x884C, 0x884C, 0x4CF },
    { 0x8868, 0x8868, 0x4D0 },
    { 0x898B, 0x898B, 0x4D1 },
    { 0x8996, 0x8996, 0x4D2 },
    { 0x89A7, 0x89A7, 0x4D3 },
    { 0x89E3, 0x89E3, 0x4D4 },
    { 0x8A00, 0x8A00, 0x4D5 },
    { 0x8A08, 0x8A08, 0x4D6 },
    { 0x8A18, 0x8A18, 0x4D7 },
    { 0x8A2D, 0x8A2D, 0x4D8 },
    { 0x8A3C, 0x8A3C, 0x4D9 },
    { 0x8A66, 0x8A66, 0x4DA },
    { 0x8A73, 0x8A73, 0x4DB },
    { 0x8A8D, 0x8A8D, 0x4DC },
    { 0x8A9E, 0x8A9E, 0x4DD },
    { 0x8AAD, 0x8AAD, 0x4DE },
    { 0x8D77, 0x8D77, 0x4DF },
    { 0x8EE2, 0x8EE2, 0x4E0 },
    { 0x8FBC, 0x8FBC, 0x4E1 },
    { 0x8FD1, 0x8FD1, 0x4E2 },
    { 0x8FFD, 0x8FFD, 0x4E3 },
    { 0x9000, 0x9000, 0x4E4 },
    { 0x9001, 0x9001, 0x4E5 },
    { 0x9032, 0x9032, 0x4E6 },
    { 0x9069, 0x9069, 0x4E7 },
    { 0x9078, 0x9078, 0x4E8 },
    { 0x914D, 0x914D, 0x4E9 },
    { 0x91CF, 0x91CF, 0x4EA },
    { 0x9332, 0x9332, 0x4EB },
    { 0x9577, 0x9577, 0x4EC },
    { 0x958B, 0x958B, 0x4ED },
    { 0x9593, 0x9593, 0x4EE },
    { 0x9664, 0x9664, 0x4EF },
    { 0x9694, 0x9694, 0x4F0 },
    { 0x969C, 0x969C, 0x4F1 },
    { 0x96A0, 0x96A0, 0x4F2 },
    { 0x96C6, 0x96C6, 0x4F3 },
    { 0x96FB, 0x96FB, 0x4F4 },
    { 0x975E, 0x975E, 0x4F5 },
    { 0x9762, 0x9762, 0x4F6 },
    { 0x983B, 0x983B, 0x4F7 },
    { 0xFB00, 0xFB04, 0x4F8 },
    { 0xFF01, 0xFFBE, 0x4FD },
    { 0xFFC2, 0xFFC7, 0x5BB },
    { 0xFFCA, 0xFFCF, 0x5C1 },
    { 0xFFD2, 0xFFD7, 0x5C7 },
    { 0xFFDA, 0xFFDC, 0x5CD },
    { 0xFFE0, 0xFFE6, 0x5D0 },
    { 0xFFE8, 0xFFEE, 0x5D7 },
};

static const EpdFontGroup ubuntu_jp_10_regularGroups[] = {
    { 0, 1876, 3709, 100, 0 },
    { 1876, 1646, 4457, 96, 100 },
    { 3522, 1989, 6708, 128, 196 },
    { 5511, 1984, 5954, 96, 324 },
    { 7495, 84, 93, 6, 420 },
    { 7579, 3785, 11380, 214, 426 },
    { 11364, 1444, 6190, 90, 640 },
    { 12808, 553, 942, 35, 730 },
    { 13361, 145, 264, 17, 765 },
    { 13506, 219, 285, 6, 782 },
    { 13725, 794, 2048, 25, 788 },
    { 14519, 2053, 5062, 75, 813 },
    { 16572, 18765, 35720, 384, 888 },
    { 35337, 116, 352, 5, 1272 },
    { 35453, 5030, 10483, 225, 1277 },
};

static const EpdKernClassEntry ubuntu_jp_10_regularKernLeftClasses[] = {
    { 0x0022, 1 }, // "
    { 0x0027, 1 }, // '
    { 0x0028, 2 }, // (
    { 0x0029, 3 }, // )
    { 0x002A, 4 }, // *
    { 0x002C, 5 }, // ,
    { 0x002D, 6 }, // -
    { 0x002E, 5 }, // .
    { 0x002F, 7 }, // /
    { 0x003A, 8 }, // :
    { 0x003B, 8 }, // ;
    { 0x0040, 9 }, // @
    { 0x0041, 10 }, // A
    { 0x0042, 11 }, // B
    { 0x0043, 12 }, // C
    { 0x0044, 13 }, // D
    { 0x0045, 14 }, // E
    { 0x0046, 15 }, // F
    { 0x0047, 16 }, // G
    { 0x004A, 17 }, // J
    { 0x004B, 18 }, // K
    { 0x004C, 19 }, // L
    { 0x004D, 20 }, // M
    { 0x004F, 21 }, // O
    { 0x0050, 22 }, // P
    { 0x0051, 23 }, // Q
    { 0x0052, 24 }, // R
    { 0x0054, 25 }, // T
    { 0x0055, 26 }, // U
    { 0x0056, 27 }, // V
    { 0x0057, 28 }, // W
    { 0x0058, 29 }, // X
    { 0x0059, 30 }, // Y
    { 0x005A, 31 }, // Z
    { 0x005B, 32 }, // [
    { 0x005D, 33 }, // ]
    { 0x0061, 34 }, // a
    { 0x0062, 35 }, // b
    { 0x0063, 36 }, // c
    { 0x0066, 37 }, // f
    { 0x0068, 38 }, // h
    { 0x006A, 39 }, // j
    { 0x006B, 40 }, // k
    { 0x006D, 41 }, // m
    { 0x006E, 41 }, // n
    { 0x006F, 42 }, // o
    { 0x0070, 43 }, // p
    { 0x0071, 44 }, // q
    { 0x0072, 45 }, // r
    { 0x0074, 46 }, // t
    { 0x0076, 47 }, // v
    { 0x0077, 48 }, // w
    { 0x0078, 49 }, // x
    { 0x007A, 50 }, // z
    { 0x007B, 51 }, // {
    { 0x007D, 52 }, // }
    { 0x00A1, 53 }, // U+00A1
    { 0x00AB, 54 }, // U+00AB
    { 0x00BB, 55 }, // U+00BB
    { 0x00BF, 56 }, // U+00BF
    { 0x00C0, 10 }, // U+00C0
    { 0x00C1, 10 }, // U+00C1
    { 0x00C2, 10 }, // U+00C2
    { 0x00C3, 10 }, // U+00C3
    { 0x00C4, 10 }, // U+00C4
    { 0x00C5, 10 }, // U+00C5
    { 0x00C6, 14 }, // U+00C6
    { 0x00C7, 12 }, // U+00C7
    { 0x00C8, 14 }, // U+00C8
    { 0x00C9, 14 }, // U+00C9
    { 0x00CA, 14 }, // U+00CA
    { 0x00CB, 14 }, // U+00CB
    { 0x00D0, 13 }, // U+00D0
    { 0x00D2, 21 }, // U+00D2
    { 0x00D3, 21 }, // U+00D3
    { 0x00D4, 21 }, // U+00D4
    { 0x00D5, 21 }, // U+00D5
    { 0x00D6, 21 }, // U+00D6
    { 0x00D8, 21 }, // U+00D8
    { 0x00D9, 26 }, // U+00D9
    { 0x00DA, 26 }, // U+00DA
    { 0x00DB, 26 }, // U+00DB
    { 0x00DC, 26 }, // U+00DC
    { 0x00DD, 30 }, // U+00DD
    { 0x00DE, 57 }, // U+00DE
    { 0x00DF, 58 }, // U+00DF
    { 0x00E0, 34 }, // U+00E0
    { 0x00E1, 34 }, // U+00E1
    { 0x00E2, 34 }, // U+00E2
    { 0x00E3, 34 }, // U+00E3
    { 0x00E4, 34 }, // U+00E4
    { 0x00E5, 34 }, // U+00E5
    { 0x00E7, 36 }, // U+00E7
    { 0x00F0, 59 }, // U+00F0
    { 0x00F1, 41 }, // U+00F1
    { 0x00F2, 42 }, // U+00F2
    { 0x00F3, 42 }, // U+00F3
    { 0x00F4, 42 }, // U+00F4
    { 0x00F5, 42 }, // U+00F5
    { 0x00F6, 42 }, // U+00F6
    { 0x00F8, 42 }, // U+00F8
    { 0x00FE, 60 }, // U+00FE
    { 0x0100, 10 }, // U+0100
    { 0x0101, 34 }, // U+0101
    { 0x0102, 10 }, // U+0102
    { 0x0103, 34 }, // U+0103
    { 0x0104, 10 }, // U+0104
    { 0x0105, 34 }, // U+0105
    { 0x0106, 12 }, // U+0106
    { 0x0107, 36 }, // U+0107
    { 0x0108, 12 }, // U+0108
    { 0x0109, 36 }, // U+0109
    { 0x010A, 12 }, // U+010A
    { 0x010B, 36 }, // U+010B
    { 0x010C, 12 }, // U+010C
    { 0x010D, 36 }, // U+010D
    { 0x010E, 13 }, // U+010E
    { 0x010F, 61 }, // U+010F
    { 0x0110, 13 }, // U+0110
    { 0x0112, 14 }, // U+0112
    { 0x0114, 14 }, // U+0114
    { 0x0116, 14 }, // U+0116
    { 0x0118, 14 }, // U+0118
    { 0x011A, 14 }, // U+011A
    { 0x011C, 16 }, // U+011C
    { 0x011E, 16 }, // U+011E
    { 0x0120, 16 }, // U+0120
    { 0x0122, 16 }, // U+0122
    { 0x0125, 38 }, // U+0125
    { 0x0127, 38 }, // U+0127
    { 0x0132, 17 }, // U+0132
    { 0x0133, 39 }, // U+0133
    { 0x0134, 17 }, // U+0134
    { 0x0135, 39 }, // U+0135
    { 0x0136, 18 }, // U+0136
    { 0x0137, 40 }, // U+0137
    { 0x0138, 40 }, // U+0138
    { 0x0139, 19 }, // U+0139
    { 0x013B, 19 }, // U+013B
    { 0x013D, 19 }, // U+013D
    { 0x013E, 61 }, // U+013E
    { 0x013F, 19 }, // U+013F
    { 0x0141, 19 }, // U+0141
    { 0x0144, 41 }, // U+0144
    { 0x0146, 41 }, // U+0146
    { 0x0148, 41 }, // U+0148
    { 0x0149, 41 }, // U+0149
    { 0x014A, 62 }, // U+014A
    { 0x014B, 63 }, // U+014B
    { 0x014C, 21 }, // U+014C
    { 0x014D, 42 }, // U+014D
    { 0x014E, 21 }, // U+014E
    { 0x014F, 42 }, // U+014F
    { 0x0150, 21 }, // U+0150
    { 0x0151, 42 }, // U+0151
    { 0x0152, 14 }, // U+0152
    { 0x0154, 24 }, // U+0154
    { 0x0155, 45 }, // U+0155
    { 0x0156, 24 }, // U+0156
    { 0x0157, 45 }, // U+0157
    { 0x0158, 24 }, // U+0158
    { 0x0159, 45 }, // U+0159
    { 0x0162, 25 }, // U+0162
    { 0x0163, 46 }, // U+0163
    { 0x0164, 25 }, // U+0164
    { 0x0165, 46 }, // U+0165
    { 0x0166, 25 }, // U+0166
    { 0x0167, 46 }, // U+0167
    { 0x0168, 26 }, // U+0168
    { 0x016A, 26 }, // U+016A
    { 0x016C, 26 }, // U+016C
    { 0x016E, 26 }, // U+016E
    { 0x0170, 26 }, // U+0170
    { 0x0172, 26 }, // U+0172
    { 0x0174, 28 }, // U+0174
    { 0x0175, 48 }, // U+0175
    { 0x0176, 30 }, // U+0176
    { 0x0178, 30 }, // U+0178
    { 0x0179, 31 }, // U+0179
    { 0x017A, 50 }, // U+017A
    { 0x017B, 31 }, // U+017B
    { 0x017C, 50 }, // U+017C
    { 0x017D, 31 }, // U+017D
    { 0x017E, 50 }, // U+017E
    { 0x017F, 37 }, // U+017F
    { 0x01C4, 31 }, // U+01C4
    { 0x01C5, 50 }, // U+01C5
    { 0x01C6, 50 }, // U+01C6
    { 0x01C7, 17 }, // U+01C7
    { 0x01C8, 39 }, // U+01C8
    { 0x01C9, 39 }, // U+01C9
    { 0x01CA, 17 }, // U+01CA
    { 0x01CB, 39 }, // U+01CB
    { 0x01CC, 39 }, // U+01CC
    { 0x01CD, 10 }, // U+01CD
    { 0x01CE, 34 }, // U+01CE
    { 0x01D1, 21 }, // U+01D1
    { 0x01D2, 42 }, // U+01D2
    { 0x01D3, 26 }, // U+01D3
    { 0x01D5, 26 }, // U+01D5
    { 0x01D7, 26 }, // U+01D7
    { 0x01D9, 26 }, // U+01D9
    { 0x01DB, 26 }, // U+01DB
    { 0x01DD, 42 }, // U+01DD
    { 0x01DE, 10 }, // U+01DE
    { 0x01DF, 34 }, // U+01DF
    { 0x01E0, 10 }, // U+01E0
    { 0x01E1, 34 }, // U+01E1
    { 0x01E2, 14 }, // U+01E2
    { 0x01E4, 16 }, // U+01E4
    { 0x01E6, 16 }, // U+01E6
    { 0x01E8, 18 }, // U+01E8
    { 0x01E9, 40 }, // U+01E9
    { 0x01EA, 21 }, // U+01EA
    { 0x01EB, 42 }, // U+01EB
    { 0x01EC, 21 }, // U+01EC
    { 0x01ED, 42 }, // U+01ED
    { 0x01EE, 64 }, // U+01EE
    { 0x01F0, 39 }, // U+01F0
    { 0x01F1, 31 }, // U+01F1
    { 0x01F2, 50 }, // U+01F2
    { 0x01F3, 50 }, // U+01F3
    { 0x01F4, 16 }, // U+01F4
    { 0x01F7, 65 }, // U+01F7
    { 0x01F9, 41 }, // U+01F9
    { 0x01FA, 10 }, // U+01FA
    { 0x01FB, 34 }, // U+01FB
    { 0x01FC, 14 }, // U+01FC
    { 0x01FE, 21 }, // U+01FE
    { 0x01FF, 42 }, // U+01FF
    { 0x0200, 10 }, // U+0200
    { 0x0201, 34 }, // U+0201
    { 0x0202, 10 }, // U+0202
    { 0x0203, 34 }, // U+0203
    { 0x0204, 14 }, // U+0204
    { 0x0206, 14 }, // U+0206
    { 0x020C, 21 }, // U+020C
    { 0x020D, 42 }, // U+020D
    { 0x020E, 21 }, // U+020E
    { 0x020F, 42 }, // U+020F
    { 0x0210, 24 }, // U+0210
    { 0x0211, 45 }, // U+0211
    { 0x0212, 24 }, // U+0212
    { 0x0213, 45 }, // U+0213
    { 0x0214, 26 }, // U+0214
    { 0x0216, 26 }, // U+0216
    { 0x021A, 25 }, // U+021A
    { 0x021B, 46 }, // U+021B
    { 0x021C, 66 }, // U+021C
    { 0x021F, 38 }, // U+021F
    { 0x0400, 67 }, // U+0400
    { 0x0401, 67 }, // U+0401
    { 0x0402, 68 }, // U+0402
    { 0x0403, 69 }, // U+0403
    { 0x0404, 70 }, // U+0404
    { 0x0405, 71 }, // U+0405
    { 0x040B, 72 }, // U+040B
    { 0x040C, 73 }, // U+040C
    { 0x040E, 74 }, // U+040E
    { 0x0410, 75 }, // U+0410
    { 0x0411, 68 }, // U+0411
    { 0x0412, 76 }, // U+0412
    { 0x0413, 69 }, // U+0413
    { 0x0414, 77 }, // U+0414
    { 0x0415, 67 }, // U+0415
    { 0x0417, 78 }, // U+0417
    { 0x041A, 73 }, // U+041A
    { 0x041C, 79 }, // U+041C
    { 0x041E, 80 }, // U+041E
    { 0x0420, 81 }, // U+0420
    { 0x0421, 70 }, // U+0421
    { 0x0422, 82 }, // U+0422
    { 0x0423, 74 }, // U+0423
    { 0x0424, 83 }, // U+0424
    { 0x0425, 84 }, // U+0425
    { 0x0426, 85 }, // U+0426
    { 0x0429, 85 }, // U+0429
    { 0x042D, 86 }, // U+042D
    { 0x042E, 80 }, // U+042E
    { 0x0430, 87 }, // U+0430
    { 0x0431, 88 }, // U+0431
    { 0x0432, 89 }, // U+0432
    { 0x0433, 90 }, // U+0433
    { 0x0434, 91 }, // U+0434
    { 0x0435, 92 }, // U+0435
    { 0x0436, 93 }, // U+0436
    { 0x0437, 94 }, // U+0437
    { 0x043A, 95 }, // U+043A
    { 0x043E, 96 }, // U+043E
    { 0x0440, 97 }, // U+0440
    { 0x0441, 98 }, // U+0441
    { 0x0442, 99 }, // U+0442
    { 0x0443, 100 }, // U+0443
    { 0x0444, 101 }, // U+0444
    { 0x0445, 102 }, // U+0445
    { 0x0446, 103 }, // U+0446
    { 0x0449, 103 }, // U+0449
    { 0x044A, 104 }, // U+044A
    { 0x044C, 104 }, // U+044C
    { 0x044D, 105 }, // U+044D
    { 0x044E, 106 }, // U+044E
    { 0x0450, 92 }, // U+0450
    { 0x0451, 92 }, // U+0451
    { 0x0452, 107 }, // U+0452
    { 0x0453, 90 }, // U+0453
    { 0x0454, 108 }, // U+0454
    { 0x0455, 109 }, // U+0455
    { 0x0459, 104 }, // U+0459
    { 0x045A, 104 }, // U+045A
    { 0x045B, 110 }, // U+045B
    { 0x045C, 95 }, // U+045C
    { 0x045E, 100 }, // U+045E
    { 0x0462, 68 }, // U+0462
    { 0x0463, 111 }, // U+0463
    { 0x0472, 80 }, // U+0472
    { 0x0473, 96 }, // U+0473
    { 0x0474, 112 }, // U+0474
    { 0x0475, 113 }, // U+0475
    { 0x048A, 85 }, // U+048A
    { 0x048B, 103 }, // U+048B
    { 0x048D, 104 }, // U+048D
    { 0x048F, 97 }, // U+048F
    { 0x0490, 69 }, // U+0490
    { 0x0491, 90 }, // U+0491
    { 0x0492, 69 }, // U+0492
    { 0x0493, 90 }, // U+0493
    { 0x0494, 68 }, // U+0494
    { 0x0495, 114 }, // U+0495
    { 0x0497, 93 }, // U+0497
    { 0x0498, 78 }, // U+0498
    { 0x0499, 94 }, // U+0499
    { 0x049A, 73 }, // U+049A
    { 0x049B, 95 }, // U+049B
    { 0x049C, 73 }, // U+049C
    { 0x049D, 95 }, // U+049D
    { 0x049E, 73 }, // U+049E
    { 0x049F, 95 }, // U+049F
    { 0x04A0, 73 }, // U+04A0
    { 0x04A1, 95 }, // U+04A1
    { 0x04A2, 85 }, // U+04A2
    { 0x04A3, 103 }, // U+04A3
    { 0x04A4, 82 }, // U+04A4
    { 0x04A5, 90 }, // U+04A5
    { 0x04A7, 115 }, // U+04A7
    { 0x04A8, 116 }, // U+04A8
    { 0x04A9, 117 }, // U+04A9
    { 0x04AA, 70 }, // U+04AA
    { 0x04AB, 98 }, // U+04AB
    { 0x04AC, 82 }, // U+04AC
    { 0x04AD, 99 }, // U+04AD
    { 0x04AE, 118 }, // U+04AE
    { 0x04AF, 119 }, // U+04AF
    { 0x04B0, 118 }, // U+04B0
    { 0x04B1, 119 }, // U+04B1
    { 0x04B2, 84 }, // U+04B2
    { 0x04B3, 102 }, // U+04B3
    { 0x04B4, 85 }, // U+04B4
    { 0x04B5, 103 }, // U+04B5
    { 0x04B6, 85 }, // U+04B6
    { 0x04B7, 103 }, // U+04B7
    { 0x04BA, 120 }, // U+04BA
    { 0x04BB, 121 }, // U+04BB
    { 0x04BC, 122 }, // U+04BC
    { 0x04BD, 123 }, // U+04BD
    { 0x04BE, 122 }, // U+04BE
    { 0x04BF, 123 }, // U+04BF
    { 0x04C2, 93 }, // U+04C2
    { 0x04C4, 124 }, // U+04C4
    { 0x04C6, 103 }, // U+04C6
    { 0x04C8, 125 }, // U+04C8
    { 0x04C9, 85 }, // U+04C9
    { 0x04CA, 103 }, // U+04CA
    { 0x04CD, 85 }, // U+04CD
    { 0x04CE, 103 }, // U+04CE
    { 0x04D0, 75 }, // U+04D0
    { 0x04D1, 87 }, // U+04D1
    { 0x04D2, 75 }, // U+04D2
    { 0x04D3, 87 }, // U+04D3
    { 0x04D5, 126 }, // U+04D5
    { 0x04D6, 67 }, // U+04D6
    { 0x04D7, 92 }, // U+04D7
    { 0x04D8, 127 }, // U+04D8
    { 0x04D9, 128 }, // U+04D9
    { 0x04DA, 127 }, // U+04DA
    { 0x04DB, 128 }, // U+04DB
    { 0x04DD, 93 }, // U+04DD
    { 0x04DE, 78 }, // U+04DE
    { 0x04DF, 94 }, // U+04DF
    { 0x04E0, 129 }, // U+04E0
    { 0x04E1, 130 }, // U+04E1
    { 0x04E6, 80 }, // U+04E6
    { 0x04E7, 96 }, // U+04E7
    { 0x04E8, 80 }, // U+04E8
    { 0x04E9, 96 }, // U+04E9
    { 0x04EA, 80 }, // U+04EA
    { 0x04EB, 96 }, // U+04EB
    { 0x04EC, 86 }, // U+04EC
    { 0x04ED, 94 }, // U+04ED
    { 0x04EE, 74 }, // U+04EE
    { 0x04EF, 100 }, // U+04EF
    { 0x04F0, 74 }, // U+04F0
    { 0x04F1, 100 }, // U+04F1
    { 0x04F2, 74 }, // U+04F2
    { 0x04F3, 100 }, // U+04F3
    { 0x04F6, 69 }, // U+04F6
    { 0x04F7, 90 }, // U+04F7
    { 0x1EA0, 131 }, // U+1EA0
    { 0x1EA1, 132 }, // U+1EA1
    { 0x1EA2, 131 }, // U+1EA2
    { 0x1EA3, 132 }, // U+1EA3
    { 0x1EA4, 131 }, // U+1EA4
    { 0x1EA5, 132 }, // U+1EA5
    { 0x1EA6, 131 }, // U+1EA6
    { 0x1EA7, 132 }, // U+1EA7
    { 0x1EA8, 131 }, // U+1EA8
    { 0x1EA9, 132 }, // U+1EA9
    { 0x1EAA, 131 }, // U+1EAA
    { 0x1EAB, 132 }, // U+1EAB
    { 0x1EAC, 131 }, // U+1EAC
    { 0x1EAD, 132 }, // U+1EAD
    { 0x1EAE, 131 }, // U+1EAE
    { 0x1EAF, 132 }, // U+1EAF
    { 0x1EB0, 131 }, // U+1EB0
    { 0x1EB1, 132 }, // U+1EB1
    { 0x1EB2, 131 }, // U+1EB2
    { 0x1EB3, 132 }, // U+1EB3
    { 0x1EB4, 131 }, // U+1EB4
    { 0x1EB5, 132 }, // U+1EB5
    { 0x1EB6, 131 }, // U+1EB6
    { 0x1EB7, 132 }, // U+1EB7
    { 0x1EB8, 133 }, // U+1EB8
    { 0x1EB9, 134 }, // U+1EB9
    { 0x1EBA, 133 }, // U+1EBA
    { 0x1EBB, 134 }, // U+1EBB
    { 0x1EBC, 133 }, // U+1EBC
    { 0x1EBD, 134 }, // U+1EBD
    { 0x1EBE, 133 }, // U+1EBE
    { 0x1EBF, 134 }, // U+1EBF
    { 0x1EC0, 133 }, // U+1EC0
    { 0x1EC1, 134 }, // U+1EC1
    { 0x1EC2, 133 }, // U+1EC2
    { 0x1EC3, 134 }, // U+1EC3
    { 0x1EC4, 133 }, // U+1EC4
    { 0x1EC5, 134 }, // U+1EC5
    { 0x1EC6, 133 }, // U+1EC6
    { 0x1EC7, 134 }, // U+1EC7
    { 0x1ECC, 135 }, // U+1ECC
    { 0x1ECD, 136 }, // U+1ECD
    { 0x1ECE, 135 }, // U+1ECE
    { 0x1ECF, 136 }, // U+1ECF
    { 0x1ED0, 135 }, // U+1ED0
    { 0x1ED1, 136 }, // U+1ED1
    { 0x1ED2, 135 }, // U+1ED2
    { 0x1ED3, 136 }, // U+1ED3
    { 0x1ED4, 135 }, // U+1ED4
    { 0x1ED5, 136 }, // U+1ED5
    { 0x1ED6, 135 }, // U+1ED6
    { 0x1ED7, 136 }, // U+1ED7
    { 0x1ED8, 135 }, // U+1ED8
    { 0x1ED9, 136 }, // U+1ED9
    { 0x1EDB, 137 }, // U+1EDB
    { 0x1EDD, 137 }, // U+1EDD
    { 0x1EDF, 137 }, // U+1EDF
    { 0x1EE1, 137 }, // U+1EE1
    { 0x1EE3, 137 }, // U+1EE3
    { 0x1EE4, 138 }, // U+1EE4
    { 0x1EE5, 139 }, // U+1EE5
    { 0x1EE6, 138 }, // U+1EE6
    { 0x1EE7, 139 }, // U+1EE7
    { 0x1EE8, 140 }, // U+1EE8
    { 0x1EE9, 141 }, // U+1EE9
    { 0x1EEA, 140 }, // U+1EEA
    { 0x1EEB, 141 }, // U+1EEB
    { 0x1EEC, 140 }, // U+1EEC
    { 0x1EED, 141 }, // U+1EED
    { 0x1EEE, 140 }, // U+1EEE
    { 0x1EEF, 141 }, // U+1EEF
    { 0x1EF0, 140 }, // U+1EF0
    { 0x1EF1, 141 }, // U+1EF1
    { 0x1EF2, 30 }, // U+1EF2
    { 0x1EF4, 142 }, // U+1EF4
    { 0x1EF5, 143 }, // U+1EF5
    { 0x1EF6, 142 }, // U+1EF6
    { 0x1EF7, 143 }, // U+1EF7
    { 0x1EF8, 142 }, // U+1EF8
    { 0x1EF9, 143 }, // U+1EF9
    { 0x2011, 144 }, // U+2011
    { 0x2012, 144 }, // U+2012
    { 0x2013, 6 }, // U+2013
    { 0x2014, 6 }, // U+2014
    { 0x2018, 145 }, // U+2018
    { 0x201A, 146 }, // U+201A
    { 0x201C, 145 }, // U+201C
    { 0x201E, 146 }, // U+201E
    { 0x2026, 5 }, // U+2026
    { 0x2039, 54 }, // U+2039
    { 0x203A, 55 }, // U+203A
    { 0x3042, 147 }, // U+3042
    { 0x3043, 148 }, // U+3043
    { 0x3044, 149 }, // U+3044
    { 0x3046, 150 }, // U+3046
    { 0x3048, 151 }, // U+3048
    { 0x304B, 152 }, // U+304B
    { 0x304C, 153 }, // U+304C
    { 0x304D, 154 }, // U+304D
    { 0x304E, 155 }, // U+304E
    { 0x304F, 156 }, // U+304F
    { 0x3050, 157 }, // U+3050
    { 0x3051, 158 }, // U+3051
    { 0x3052, 159 }, // U+3052
    { 0x3053, 160 }, // U+3053
    { 0x3054, 161 }, // U+3054
    { 0x3056, 162 }, // U+3056
    { 0x3057, 163 }, // U+3057
    { 0x3059, 164 }, // U+3059
    { 0x305A, 165 }, // U+305A
    { 0x305C, 166 }, // U+305C
    { 0x305D, 167 }, // U+305D
    { 0x305E, 167 }, // U+305E
    { 0x305F, 168 }, // U+305F
    { 0x3060, 169 }, // U+3060
    { 0x3062, 170 }, // U+3062
    { 0x3063, 171 }, // U+3063
    { 0x3064, 158 }, // U+3064
    { 0x3065, 172 }, // U+3065
    { 0x3066, 173 }, // U+3066
    { 0x3067, 174 }, // U+3067
    { 0x3068, 175 }, // U+3068
    { 0x3069, 176 }, // U+3069
    { 0x306B, 177 }, // U+306B
    { 0x306C, 178 }, // U+306C
    { 0x306D, 179 }, // U+306D
    { 0x306E, 180 }, // U+306E
    { 0x306F, 181 }, // U+306F
    { 0x3070, 182 }, // U+3070
    { 0x3071, 182 }, // U+3071
    { 0x3072, 183 }, // U+3072
    { 0x3073, 184 }, // U+3073
    { 0x3074, 185 }, // U+3074
    { 0x3075, 186 }, // U+3075
    { 0x3076, 187 }, // U+3076
    { 0x3077, 187 }, // U+3077
    { 0x3078, 188 }, // U+3078
    { 0x3079, 189 }, // U+3079
    { 0x307A, 190 }, // U+307A
    { 0x307D, 191 }, // U+307D
    { 0x307E, 192 }, // U+307E
    { 0x307F, 193 }, // U+307F
    { 0x3081, 170 }, // U+3081
    { 0x3082, 194 }, // U+3082
    { 0x3083, 195 }, // U+3083
    { 0x3084, 172 }, // U+3084
    { 0x3086, 196 }, // U+3086
    { 0x3088, 197 }, // U+3088
    { 0x3089, 198 }, // U+3089
    { 0x308A, 199 }, // U+308A
    { 0x308B, 200 }, // U+308B
    { 0x308C, 201 }, // U+308C
    { 0x308E, 179 }, // U+308E
    { 0x308F, 202 }, // U+308F
    { 0x3093, 203 }, // U+3093
    { 0x30A1, 158 }, // U+30A1
    { 0x30A2, 204 }, // U+30A2
    { 0x30A4, 205 }, // U+30A4
    { 0x30A9, 158 }, // U+30A9
    { 0x30AA, 206 }, // U+30AA
    { 0x30AB, 207 }, // U+30AB
    { 0x30AC, 207 }, // U+30AC
    { 0x30AD, 208 }, // U+30AD
    { 0x30AE, 209 }, // U+30AE
    { 0x30AF, 210 }, // U+30AF
    { 0x30B0, 211 }, // U+30B0
    { 0x30B1, 212 }, // U+30B1
    { 0x30B2, 213 }, // U+30B2
    { 0x30B3, 214 }, // U+30B3
    { 0x30B4, 215 }, // U+30B4
    { 0x30B5, 216 }, // U+30B5
    { 0x30B6, 217 }, // U+30B6
    { 0x30B7, 218 }, // U+30B7
    { 0x30B8, 219 }, // U+30B8
    { 0x30B9, 220 }, // U+30B9
    { 0x30BB, 221 }, // U+30BB
    { 0x30BC, 222 }, // U+30BC
    { 0x30BD, 223 }, // U+30BD
    { 0x30BE, 224 }, // U+30BE
    { 0x30BF, 225 }, // U+30BF
    { 0x30C0, 226 }, // U+30C0
    { 0x30C1, 227 }, // U+30C1
    { 0x30C2, 228 }, // U+30C2
    { 0x30C3, 195 }, // U+30C3
    { 0x30C4, 229 }, // U+30C4
    { 0x30C5, 230 }, // U+30C5
    { 0x30C6, 231 }, // U+30C6
    { 0x30C7, 232 }, // U+30C7
    { 0x30C8, 207 }, // U+30C8
    { 0x30C9, 233 }, // U+30C9
    { 0x30CA, 234 }, // U+30CA
    { 0x30CC, 235 }, // U+30CC
    { 0x30CD, 236 }, // U+30CD
    { 0x30CE, 237 }, // U+30CE
    { 0x30CF, 238 }, // U+30CF
    { 0x30D0, 239 }, // U+30D0
    { 0x30D1, 240 }, // U+30D1
    { 0x30D3, 241 }, // U+30D3
    { 0x30D5, 242 }, // U+30D5
    { 0x30D6, 243 }, // U+30D6
    { 0x30D7, 244 }, // U+30D7
    { 0x30D9, 215 }, // U+30D9
    { 0x30DE, 245 }, // U+30DE
    { 0x30E0, 246 }, // U+30E0
    { 0x30E1, 207 }, // U+30E1
    { 0x30E4, 247 }, // U+30E4
    { 0x30E5, 248 }, // U+30E5
    { 0x30E8, 249 }, // U+30E8
    { 0x30E9, 250 }, // U+30E9
    { 0x30EA, 251 }, // U+30EA
    { 0x30EB, 252 }, // U+30EB
    { 0x30EC, 253 }, // U+30EC
    { 0x30EF, 254 }, // U+30EF
    { 0x30F0, 255 }, // U+30F0
    { 0x30F2, 158 }, // U+30F2
    { 0x30F3, 256 }, // U+30F3
    { 0x30FA, 257 }, // U+30FA
    { 0x30FC, 258 }, // U+30FC
    { 0xFB00, 37 }, // U+FB00
};

static const EpdKernClassEntry ubuntu_jp_10_regularKernRightClasses[] = {
    { 0x0021, 1 }, // !
    { 0x0022, 2 }, // "
    { 0x0027, 2 }, // '
    { 0x0028, 3 }, // (
    { 0x0029, 4 }, // )
    { 0x002A, 5 }, // *
    { 0x002C, 6 }, // ,
    { 0x002D, 7 }, // -
    { 0x002E, 6 }, // .
    { 0x002F, 8 }, // /
    { 0x003A, 9 }, // :
    { 0x003B, 9 }, // ;
    { 0x003F, 10 }, // ?
    { 0x0040, 11 }, // @
    { 0x0041, 12 }, // A
    { 0x0043, 13 }, // C
    { 0x0047, 14 }, // G
    { 0x004A, 15 }, // J
    { 0x004D, 16 }, // M
    { 0x004F, 17 }, // O
    { 0x0051, 18 }, // Q
    { 0x0053, 19 }, // S
    { 0x0054, 20 }, // T
    { 0x0055, 21 }, // U
    { 0x0056, 22 }, // V
    { 0x0057, 23 }, // W
    { 0x0058, 24 }, // X
    { 0x0059, 25 }, // Y
    { 0x005A, 26 }, // Z
    { 0x005B, 27 }, // [
    { 0x005C, 28 }, // <backslash>
    { 0x005D, 29 }, // ]
    { 0x0061, 30 }, // a
    { 0x0062, 31 }, // b
    { 0x0063, 32 }, // c
    { 0x0064, 33 }, // d
    { 0x0065, 34 }, // e
    { 0x0066, 35 }, // f
    { 0x0067, 36 }, // g
    { 0x0068, 31 }, // h
    { 0x0069, 37 }, // i
    { 0x006A, 38 }, // j
    { 0x006B, 31 }, // k
    { 0x006C, 39 }, // l
    { 0x006D, 40 }, // m
    { 0x006E, 40 }, // n
    { 0x006F, 41 }, // o
    { 0x0070, 40 }, // p
    { 0x0071, 42 }, // q
    { 0x0072, 40 }, // r
    { 0x0073, 43 }, // s
    { 0x0074, 44 }, // t
    { 0x0075, 45 }, // u
    { 0x0076, 46 }, // v
    { 0x0077, 47 }, // w
    { 0x0078, 48 }, // x
    { 0x0079, 49 }, // y
    { 0x007A, 50 }, // z
    { 0x007B, 51 }, // {
    { 0x007D, 52 }, // }
    { 0x00AB, 53 }, // U+00AB
    { 0x00BB, 54 }, // U+00BB
    { 0x00C0, 12 }, // U+00C0
    { 0x00C1, 12 }, // U+00C1
    { 0x00C2, 12 }, // U+00C2
    { 0x00C3, 12 }, // U+00C3
    { 0x00C4, 12 }, // U+00C4
    { 0x00C5, 12 }, // U+00C5
    { 0x00C6, 55 }, // U+00C6
    { 0x00C7, 13 }, // U+00C7
    { 0x00D2, 17 }, // U+00D2
    { 0x00D3, 17 }, // U+00D3
    { 0x00D4, 17 }, // U+00D4
    { 0x00D5, 17 }, // U+00D5
    { 0x00D6, 17 }, // U+00D6
    { 0x00D8, 17 }, // U+00D8
    { 0x00D9, 21 }, // U+00D9
    { 0x00DA, 21 }, // U+00DA
    { 0x00DB, 21 }, // U+00DB
    { 0x00DC, 21 }, // U+00DC
    { 0x00DD, 25 }, // U+00DD
    { 0x00DF, 56 }, // U+00DF
    { 0x00E0, 30 }, // U+00E0
    { 0x00E1, 30 }, // U+00E1
    { 0x00E2, 30 }, // U+00E2
    { 0x00E3, 30 }, // U+00E3
    { 0x00E4, 30 }, // U+00E4
    { 0x00E5, 30 }, // U+00E5
    { 0x00E6, 30 }, // U+00E6
    { 0x00E7, 32 }, // U+00E7
    { 0x00E8, 34 }, // U+00E8
    { 0x00E9, 34 }, // U+00E9
    { 0x00EA, 34 }, // U+00EA
    { 0x00EB, 34 }, // U+00EB
    { 0x00EC, 57 }, // U+00EC
    { 0x00ED, 37 }, // U+00ED
    { 0x00EE, 58 }, // U+00EE
    { 0x00EF, 59 }, // U+00EF
    { 0x00F0, 60 }, // U+00F0
    { 0x00F1, 40 }, // U+00F1
    { 0x00F2, 41 }, // U+00F2
    { 0x00F3, 41 }, // U+00F3
    { 0x00F4, 41 }, // U+00F4
    { 0x00F5, 41 }, // U+00F5
    { 0x00F6, 41 }, // U+00F6
    { 0x00F8, 41 }, // U+00F8
    { 0x00F9, 45 }, // U+00F9
    { 0x00FA, 45 }, // U+00FA
    { 0x00FB, 45 }, // U+00FB
    { 0x00FC, 45 }, // U+00FC
    { 0x00FD, 49 }, // U+00FD
    { 0x00FE, 56 }, // U+00FE
    { 0x00FF, 49 }, // U+00FF
    { 0x0100, 12 }, // U+0100
    { 0x0101, 30 }, // U+0101
    { 0x0102, 12 }, // U+0102
    { 0x0103, 30 }, // U+0103
    { 0x0104, 12 }, // U+0104
    { 0x0105, 30 }, // U+0105
    { 0x0106, 13 }, // U+0106
    { 0x0107, 32 }, // U+0107
    { 0x0108, 13 }, // U+0108
    { 0x0109, 32 }, // U+0109
    { 0x010A, 13 }, // U+010A
    { 0x010B, 32 }, // U+010B
    { 0x010C, 13 }, // U+010C
    { 0x010D, 32 }, // U+010D
    { 0x010F, 33 }, // U+010F
    { 0x0111, 33 }, // U+0111
    { 0x0113, 34 }, // U+0113
    { 0x0115, 34 }, // U+0115
    { 0x0117, 34 }, // U+0117
    { 0x0119, 34 }, // U+0119
    { 0x011B, 34 }, // U+011B
    { 0x011C, 14 }, // U+011C
    { 0x011D, 36 }, // U+011D
    { 0x011E, 14 }, // U+011E
    { 0x011F, 36 }, // U+011F
    { 0x0120, 14 }, // U+0120
    { 0x0121, 36 }, // U+0121
    { 0x0122, 14 }, // U+0122
    { 0x0123, 36 }, // U+0123
    { 0x0125, 31 }, // U+0125
    { 0x0127, 31 }, // U+0127
    { 0x0129, 61 }, // U+0129
    { 0x012B, 62 }, // U+012B
    { 0x012D, 63 }, // U+012D
    { 0x012F, 37 }, // U+012F
    { 0x0131, 37 }, // U+0131
    { 0x0133, 37 }, // U+0133
    { 0x0134, 15 }, // U+0134
    { 0x0135, 38 }, // U+0135
    { 0x0137, 31 }, // U+0137
    { 0x013A, 39 }, // U+013A
    { 0x013C, 39 }, // U+013C
    { 0x013E, 39 }, // U+013E
    { 0x0140, 39 }, // U+0140
    { 0x0142, 39 }, // U+0142
    { 0x0144, 40 }, // U+0144
    { 0x0146, 40 }, // U+0146
    { 0x0148, 40 }, // U+0148
    { 0x0149, 40 }, // U+0149
    { 0x014A, 64 }, // U+014A
    { 0x014B, 65 }, // U+014B
    { 0x014C, 17 }, // U+014C
    { 0x014D, 41 }, // U+014D
    { 0x014E, 17 }, // U+014E
    { 0x014F, 41 }, // U+014F
    { 0x0150, 17 }, // U+0150
    { 0x0151, 41 }, // U+0151
    { 0x0152, 17 }, // U+0152
    { 0x0153, 41 }, // U+0153
    { 0x0155, 40 }, // U+0155
    { 0x0157, 40 }, // U+0157
    { 0x0159, 40 }, // U+0159
    { 0x015A, 19 }, // U+015A
    { 0x015B, 43 }, // U+015B
    { 0x015C, 19 }, // U+015C
    { 0x015D, 43 }, // U+015D
    { 0x015E, 19 }, // U+015E
    { 0x015F, 43 }, // U+015F
    { 0x0160, 19 }, // U+0160
    { 0x0161, 43 }, // U+0161
    { 0x0162, 20 }, // U+0162
    { 0x0163, 44 }, // U+0163
    { 0x0164, 20 }, // U+0164
    { 0x0165, 44 }, // U+0165
    { 0x0166, 20 }, // U+0166
    { 0x0167, 44 }, // U+0167
    { 0x0168, 21 }, // U+0168
    { 0x0169, 45 }, // U+0169
    { 0x016A, 21 }, // U+016A
    { 0x016B, 45 }, // U+016B
    { 0x016C, 21 }, // U+016C
    { 0x016D, 45 }, // U+016D
    { 0x016E, 21 }, // U+016E
    { 0x016F, 45 }, // U+016F
    { 0x0170, 21 }, // U+0170
    { 0x0171, 45 }, // U+0171
    { 0x0172, 21 }, // U+0172
    { 0x0173, 45 }, // U+0173
    { 0x0174, 23 }, // U+0174
    { 0x0175, 47 }, // U+0175
    { 0x0176, 25 }, // U+0176
    { 0x0177, 49 }, // U+0177
    { 0x0178, 25 }, // U+0178
    { 0x0179, 26 }, // U+0179
    { 0x017A, 50 }, // U+017A
    { 0x017B, 26 }, // U+017B
    { 0x017C, 50 }, // U+017C
    { 0x017D, 26 }, // U+017D
    { 0x017E, 50 }, // U+017E
    { 0x017F, 35 }, // U+017F
    { 0x01A0, 17 }, // U+01A0
    { 0x01A1, 41 }, // U+01A1
    { 0x01AF, 21 }, // U+01AF
    { 0x01B0, 45 }, // U+01B0
    { 0x01C6, 33 }, // U+01C6
    { 0x01C9, 39 }, // U+01C9
    { 0x01CC, 40 }, // U+01CC
    { 0x01CD, 12 }, // U+01CD
    { 0x01CE, 30 }, // U+01CE
    { 0x01D0, 37 }, // U+01D0
    { 0x01D1, 17 }, // U+01D1
    { 0x01D2, 41 }, // U+01D2
    { 0x01D3, 21 }, // U+01D3
    { 0x01D4, 45 }, // U+01D4
    { 0x01D5, 21 }, // U+01D5
    { 0x01D6, 45 }, // U+01D6
    { 0x01D7, 21 }, // U+01D7
    { 0x01D8, 45 }, // U+01D8
    { 0x01D9, 21 }, // U+01D9
    { 0x01DA, 45 }, // U+01DA
    { 0x01DB, 21 }, // U+01DB
    { 0x01DC, 45 }, // U+01DC
    { 0x01DD, 66 }, // U+01DD
    { 0x01DE, 12 }, // U+01DE
    { 0x01DF, 30 }, // U+01DF
    { 0x01E0, 12 }, // U+01E0
    { 0x01E1, 30 }, // U+01E1
    { 0x01E2, 55 }, // U+01E2
    { 0x01E3, 30 }, // U+01E3
    { 0x01E4, 14 }, // U+01E4
    { 0x01E5, 36 }, // U+01E5
    { 0x01E6, 14 }, // U+01E6
    { 0x01E7, 36 }, // U+01E7
    { 0x01E9, 31 }, // U+01E9
    { 0x01EA, 17 }, // U+01EA
    { 0x01EB, 41 }, // U+01EB
    { 0x01EC, 17 }, // U+01EC
    { 0x01ED, 41 }, // U+01ED
    { 0x01EE, 67 }, // U+01EE
    { 0x01EF, 68 }, // U+01EF
    { 0x01F0, 38 }, // U+01F0
    { 0x01F3, 33 }, // U+01F3
    { 0x01F4, 14 }, // U+01F4
    { 0x01F5, 36 }, // U+01F5
    { 0x01F7, 56 }, // U+01F7
    { 0x01F9, 40 }, // U+01F9
    { 0x01FA, 12 }, // U+01FA
    { 0x01FB, 30 }, // U+01FB
    { 0x01FC, 55 }, // U+01FC
    { 0x01FD, 30 }, // U+01FD
    { 0x01FE, 17 }, // U+01FE
    { 0x01FF, 41 }, // U+01FF
    { 0x0200, 12 }, // U+0200
    { 0x0201, 30 }, // U+0201
    { 0x0202, 12 }, // U+0202
    { 0x0203, 30 }, // U+0203
    { 0x0205, 34 }, // U+0205
    { 0x0207, 34 }, // U+0207
    { 0x0209, 37 }, // U+0209
    { 0x020B, 37 }, // U+020B
    { 0x020C, 17 }, // U+020C
    { 0x020D, 41 }, // U+020D
    { 0x020E, 17 }, // U+020E
    { 0x020F, 41 }, // U+020F
    { 0x0211, 40 }, // U+0211
    { 0x0213, 40 }, // U+0213
    { 0x0214, 21 }, // U+0214
    { 0x0215, 45 }, // U+0215
    { 0x0216, 21 }, // U+0216
    { 0x0217, 45 }, // U+0217
    { 0x0218, 19 }, // U+0218
    { 0x0219, 43 }, // U+0219
    { 0x021A, 20 }, // U+021A
    { 0x021B, 44 }, // U+021B
    { 0x021C, 69 }, // U+021C
    { 0x021D, 70 }, // U+021D
    { 0x021F, 31 }, // U+021F
    { 0x0402, 71 }, // U+0402
    { 0x0404, 72 }, // U+0404
    { 0x0405, 73 }, // U+0405
    { 0x0408, 74 }, // U+0408
    { 0x0409, 75 }, // U+0409
    { 0x040B, 71 }, // U+040B
    { 0x040E, 76 }, // U+040E
    { 0x0410, 77 }, // U+0410
    { 0x0414, 78 }, // U+0414
    { 0x0416, 79 }, // U+0416
    { 0x0417, 80 }, // U+0417
    { 0x041B, 75 }, // U+041B
    { 0x041C, 81 }, // U+041C
    { 0x041E, 82 }, // U+041E
    { 0x0421, 72 }, // U+0421
    { 0x0422, 71 }, // U+0422
    { 0x0423, 76 }, // U+0423
    { 0x0424, 83 }, // U+0424
    { 0x0425, 84 }, // U+0425
    { 0x0427, 85 }, // U+0427
    { 0x042A, 71 }, // U+042A
    { 0x042D, 86 }, // U+042D
    { 0x042F, 87 }, // U+042F
    { 0x0430, 88 }, // U+0430
    { 0x0431, 89 }, // U+0431
    { 0x0432, 90 }, // U+0432
    { 0x0433, 91 }, // U+0433
    { 0x0434, 92 }, // U+0434
    { 0x0435, 93 }, // U+0435
    { 0x0436, 94 }, // U+0436
    { 0x0437, 95 }, // U+0437
    { 0x0438, 91 }, // U+0438
    { 0x0439, 91 }, // U+0439
    { 0x043A, 91 }, // U+043A
    { 0x043B, 96 }, // U+043B
    { 0x043C, 97 }, // U+043C
    { 0x043D, 91 }, // U+043D
    { 0x043E, 98 }, // U+043E
    { 0x043F, 91 }, // U+043F
    { 0x0440, 99 }, // U+0440
    { 0x0441, 100 }, // U+0441
    { 0x0442, 101 }, // U+0442
    { 0x0443, 102 }, // U+0443
    { 0x0444, 103 }, // U+0444
    { 0x0445, 104 }, // U+0445
    { 0x0446, 91 }, // U+0446
    { 0x0447, 105 }, // U+0447
    { 0x0448, 91 }, // U+0448
    { 0x0449, 106 }, // U+0449
    { 0x044A, 107 }, // U+044A
    { 0x044B, 91 }, // U+044B
    { 0x044C, 91 }, // U+044C
    { 0x044D, 108 }, // U+044D
    { 0x044E, 90 }, // U+044E
    { 0x044F, 109 }, // U+044F
    { 0x0450, 93 }, // U+0450
    { 0x0451, 93 }, // U+0451
    { 0x0452, 110 }, // U+0452
    { 0x0453, 91 }, // U+0453
    { 0x0454, 111 }, // U+0454
    { 0x0455, 112 }, // U+0455
    { 0x0456, 113 }, // U+0456
    { 0x0457, 114 }, // U+0457
    { 0x0458, 115 }, // U+0458
    { 0x0459, 96 }, // U+0459
    { 0x045A, 91 }, // U+045A
    { 0x045B, 116 }, // U+045B
    { 0x045C, 91 }, // U+045C
    { 0x045D, 91 }, // U+045D
    { 0x045E, 102 }, // U+045E
    { 0x045F, 106 }, // U+045F
    { 0x0462, 71 }, // U+0462
    { 0x0463, 117 }, // U+0463
    { 0x0472, 82 }, // U+0472
    { 0x0473, 98 }, // U+0473
    { 0x0474, 76 }, // U+0474
    { 0x0475, 102 }, // U+0475
    { 0x048B, 91 }, // U+048B
    { 0x048D, 118 }, // U+048D
    { 0x048F, 99 }, // U+048F
    { 0x0491, 91 }, // U+0491
    { 0x0493, 91 }, // U+0493
    { 0x0495, 91 }, // U+0495
    { 0x0496, 79 }, // U+0496
    { 0x0497, 94 }, // U+0497
    { 0x0498, 80 }, // U+0498
    { 0x0499, 95 }, // U+0499
    { 0x049B, 91 }, // U+049B
    { 0x049D, 91 }, // U+049D
    { 0x049F, 91 }, // U+049F
    { 0x04A1, 91 }, // U+04A1
    { 0x04A3, 91 }, // U+04A3
    { 0x04A5, 91 }, // U+04A5
    { 0x04A7, 91 }, // U+04A7
    { 0x04A8, 119 }, // U+04A8
    { 0x04A9, 120 }, // U+04A9
    { 0x04AA, 72 }, // U+04AA
    { 0x04AB, 100 }, // U+04AB
    { 0x04AC, 71 }, // U+04AC
    { 0x04AD, 101 }, // U+04AD
    { 0x04AE, 121 }, // U+04AE
    { 0x04AF, 122 }, // U+04AF
    { 0x04B0, 121 }, // U+04B0
    { 0x04B1, 122 }, // U+04B1
    { 0x04B2, 84 }, // U+04B2
    { 0x04B3, 104 }, // U+04B3
    { 0x04B4, 71 }, // U+04B4
    { 0x04B5, 101 }, // U+04B5
    { 0x04B6, 85 }, // U+04B6
    { 0x04B7, 105 }, // U+04B7
    { 0x04B8, 85 }, // U+04B8
    { 0x04B9, 105 }, // U+04B9
    { 0x04BB, 123 }, // U+04BB
    { 0x04BC, 124 }, // U+04BC
    { 0x04BD, 125 }, // U+04BD
    { 0x04BE, 124 }, // U+04BE
    { 0x04BF, 125 }, // U+04BF
    { 0x04C1, 79 }, // U+04C1
    { 0x04C2, 94 }, // U+04C2
    { 0x04C4, 91 }, // U+04C4
    { 0x04C5, 75 }, // U+04C5
    { 0x04C6, 96 }, // U+04C6
    { 0x04C8, 91 }, // U+04C8
    { 0x04CA, 91 }, // U+04CA
    { 0x04CB, 85 }, // U+04CB
    { 0x04CC, 105 }, // U+04CC
    { 0x04CE, 97 }, // U+04CE
    { 0x04D0, 77 }, // U+04D0
    { 0x04D1, 88 }, // U+04D1
    { 0x04D2, 77 }, // U+04D2
    { 0x04D3, 88 }, // U+04D3
    { 0x04D5, 126 }, // U+04D5
    { 0x04D7, 93 }, // U+04D7
    { 0x04D8, 127 }, // U+04D8
    { 0x04D9, 128 }, // U+04D9
    { 0x04DA, 127 }, // U+04DA
    { 0x04DB, 128 }, // U+04DB
    { 0x04DC, 79 }, // U+04DC
    { 0x04DD, 94 }, // U+04DD
    { 0x04DE, 80 }, // U+04DE
    { 0x04DF, 129 }, // U+04DF
    { 0x04E0, 130 }, // U+04E0
    { 0x04E1, 131 }, // U+04E1
    { 0x04E3, 91 }, // U+04E3
    { 0x04E5, 91 }, // U+04E5
    { 0x04E6, 82 }, // U+04E6
    { 0x04E7, 98 }, // U+04E7
    { 0x04E8, 82 }, // U+04E8
    { 0x04E9, 98 }, // U+04E9
    { 0x04EA, 82 }, // U+04EA
    { 0x04EB, 98 }, // U+04EB
    { 0x04EC, 86 }, // U+04EC
    { 0x04ED, 132 }, // U+04ED
    { 0x04EE, 76 }, // U+04EE
    { 0x04EF, 102 }, // U+04EF
    { 0x04F0, 76 }, // U+04F0
    { 0x04F1, 102 }, // U+04F1
    { 0x04F2, 76 }, // U+04F2
    { 0x04F3, 102 }, // U+04F3
    { 0x04F4, 85 }, // U+04F4
    { 0x04F5, 105 }, // U+04F5
    { 0x04F7, 91 }, // U+04F7
    { 0x04F9, 91 }, // U+04F9
    { 0x1EA0, 133 }, // U+1EA0
    { 0x1EA1, 134 }, // U+1EA1
    { 0x1EA2, 133 }, // U+1EA2
    { 0x1EA3, 134 }, // U+1EA3
    { 0x1EA4, 133 }, // U+1EA4
    { 0x1EA5, 134 }, // U+1EA5
    { 0x1EA6, 133 }, // U+1EA6
    { 0x1EA7, 134 }, // U+1EA7
    { 0x1EA8, 133 }, // U+1EA8
    { 0x1EA9, 134 }, // U+1EA9
    { 0x1EAA, 133 }, // U+1EAA
    { 0x1EAB, 134 }, // U+1EAB
    { 0x1EAC, 133 }, // U+1EAC
    { 0x1EAD, 134 }, // U+1EAD
    { 0x1EAE, 133 }, // U+1EAE
    { 0x1EAF, 134 }, // U+1EAF
    { 0x1EB0, 133 }, // U+1EB0
    { 0x1EB1, 134 }, // U+1EB1
    { 0x1EB2, 133 }, // U+1EB2
    { 0x1EB3, 134 }, // U+1EB3
    { 0x1EB4, 133 }, // U+1EB4
    { 0x1EB5, 134 }, // U+1EB5
    { 0x1EB6, 133 }, // U+1EB6
    { 0x1EB7, 134 }, // U+1EB7
    { 0x1EB9, 135 }, // U+1EB9
    { 0x1EBB, 135 }, // U+1EBB
    { 0x1EBD, 135 }, // U+1EBD
    { 0x1EBF, 135 }, // U+1EBF
    { 0x1EC1, 135 }, // U+1EC1
    { 0x1EC3, 135 }, // U+1EC3
    { 0x1EC5, 135 }, // U+1EC5
    { 0x1EC7, 135 }, // U+1EC7
    { 0x1EC9, 136 }, // U+1EC9
    { 0x1ECB, 136 }, // U+1ECB
    { 0x1ECC, 137 }, // U+1ECC
    { 0x1ECD, 135 }, // U+1ECD
    { 0x1ECE, 137 }, // U+1ECE
    { 0x1ECF, 135 }, // U+1ECF
    { 0x1ED0, 137 }, // U+1ED0
    { 0x1ED1, 135 }, // U+1ED1
    { 0x1ED2, 137 }, // U+1ED2
    { 0x1ED3, 135 }, // U+1ED3
    { 0x1ED4, 137 }, // U+1ED4
    { 0x1ED5, 135 }, // U+1ED5
    { 0x1ED6, 137 }, // U+1ED6
    { 0x1ED7, 135 }, // U+1ED7
    { 0x1ED8, 137 }, // U+1ED8
    { 0x1ED9, 135 }, // U+1ED9
    { 0x1EDA, 137 }, // U+1EDA
    { 0x1EDB, 135 }, // U+1EDB
    { 0x1EDC, 137 }, // U+1EDC
    { 0x1EDD, 135 }, // U+1EDD
    { 0x1EDE, 137 }, // U+1EDE
    { 0x1EDF, 135 }, // U+1EDF
    { 0x1EE0, 137 }, // U+1EE0
    { 0x1EE1, 135 }, // U+1EE1
    { 0x1EE2, 137 }, // U+1EE2
    { 0x1EE3, 135 }, // U+1EE3
    { 0x1EE4, 138 }, // U+1EE4
    { 0x1EE5, 139 }, // U+1EE5
    { 0x1EE6, 138 }, // U+1EE6
    { 0x1EE7, 139 }, // U+1EE7
    { 0x1EE8, 138 }, // U+1EE8
    { 0x1EE9, 139 }, // U+1EE9
    { 0x1EEA, 138 }, // U+1EEA
    { 0x1EEB, 139 }, // U+1EEB
    { 0x1EEC, 138 }, // U+1EEC
    { 0x1EED, 139 }, // U+1EED
    { 0x1EEE, 138 }, // U+1EEE
    { 0x1EEF, 139 }, // U+1EEF
    { 0x1EF0, 138 }, // U+1EF0
    { 0x1EF1, 139 }, // U+1EF1
    { 0x1EF2, 25 }, // U+1EF2
    { 0x1EF3, 49 }, // U+1EF3
    { 0x1EF4, 140 }, // U+1EF4
    { 0x1EF5, 141 }, // U+1EF5
    { 0x1EF6, 140 }, // U+1EF6
    { 0x1EF7, 141 }, // U+1EF7
    { 0x1EF8, 140 }, // U+1EF8
    { 0x1EF9, 141 }, // U+1EF9
    { 0x2011, 142 }, // U+2011
    { 0x2012, 142 }, // U+2012
    { 0x2013, 7 }, // U+2013
    { 0x2014, 7 }, // U+2014
    { 0x2018, 143 }, // U+2018
    { 0x2019, 144 }, // U+2019
    { 0x201A, 145 }, // U+201A
    { 0x201C, 143 }, // U+201C
    { 0x201D, 144 }, // U+201D
    { 0x201E, 145 }, // U+201E
    { 0x2026, 6 }, // U+2026
    { 0x2039, 53 }, // U+2039
    { 0x203A, 54 }, // U+203A
    { 0x2047, 146 }, // U+2047
    { 0x2048, 146 }, // U+2048
    { 0x3042, 147 }, // U+3042
    { 0x3043, 148 }, // U+3043
    { 0x3044, 149 }, // U+3044
    { 0x3045, 150 }, // U+3045
    { 0x3046, 151 }, // U+3046
    { 0x3047, 152 }, // U+3047
    { 0x3049, 153 }, // U+3049
    { 0x304A, 154 }, // U+304A
    { 0x304B, 155 }, // U+304B
    { 0x304C, 156 }, // U+304C
    { 0x304D, 157 }, // U+304D
    { 0x304E, 158 }, // U+304E
    { 0x304F, 159 }, // U+304F
    { 0x3050, 160 }, // U+3050
    { 0x3053, 161 }, // U+3053
    { 0x3054, 161 }, // U+3054
    { 0x3055, 161 }, // U+3055
    { 0x3056, 161 }, // U+3056
    { 0x3059, 162 }, // U+3059
    { 0x305A, 163 }, // U+305A
    { 0x305B, 164 }, // U+305B
    { 0x305C, 164 }, // U+305C
    { 0x305D, 165 }, // U+305D
    { 0x305E, 165 }, // U+305E
    { 0x305F, 166 }, // U+305F
    { 0x3060, 167 }, // U+3060
    { 0x3061, 168 }, // U+3061
    { 0x3062, 169 }, // U+3062
    { 0x3063, 170 }, // U+3063
    { 0x3064, 171 }, // U+3064
    { 0x3065, 172 }, // U+3065
    { 0x3066, 173 }, // U+3066
    { 0x3067, 174 }, // U+3067
    { 0x3068, 175 }, // U+3068
    { 0x3069, 176 }, // U+3069
    { 0x306A, 177 }, // U+306A
    { 0x306E, 178 }, // U+306E
    { 0x306F, 179 }, // U+306F
    { 0x3070, 180 }, // U+3070
    { 0x3071, 180 }, // U+3071
    { 0x3072, 181 }, // U+3072
    { 0x3073, 181 }, // U+3073
    { 0x3074, 181 }, // U+3074
    { 0x3075, 182 }, // U+3075
    { 0x3076, 183 }, // U+3076
    { 0x3077, 184 }, // U+3077
    { 0x3078, 185 }, // U+3078
    { 0x3079, 185 }, // U+3079
    { 0x307A, 185 }, // U+307A
    { 0x307E, 186 }, // U+307E
    { 0x307F, 187 }, // U+307F
    { 0x3082, 188 }, // U+3082
    { 0x3083, 189 }, // U+3083
    { 0x3084, 190 }, // U+3084
    { 0x3085, 191 }, // U+3085
    { 0x3087, 192 }, // U+3087
    { 0x3088, 193 }, // U+3088
    { 0x308A, 194 }, // U+308A
    { 0x308B, 195 }, // U+308B
    { 0x308C, 196 }, // U+308C
    { 0x308D, 197 }, // U+308D
    { 0x3092, 180 }, // U+3092
    { 0x30A1, 198 }, // U+30A1
    { 0x30A2, 199 }, // U+30A2
    { 0x30A3, 200 }, // U+30A3
    { 0x30A4, 201 }, // U+30A4
    { 0x30A5, 198 }, // U+30A5
    { 0x30A6, 202 }, // U+30A6
    { 0x30A7, 203 }, // U+30A7
    { 0x30A8, 204 }, // U+30A8
    { 0x30A9, 205 }, // U+30A9
    { 0x30AB, 206 }, // U+30AB
    { 0x30AC, 206 }, // U+30AC
    { 0x30AF, 207 }, // U+30AF
    { 0x30B0, 208 }, // U+30B0
    { 0x30B2, 209 }, // U+30B2
    { 0x30B3, 210 }, // U+30B3
    { 0x30B4, 210 }, // U+30B4
    { 0x30B5, 211 }, // U+30B5
    { 0x30B6, 212 }, // U+30B6
    { 0x30B7, 213 }, // U+30B7
    { 0x30B8, 213 }, // U+30B8
    { 0x30B9, 214 }, // U+30B9
    { 0x30BA, 215 }, // U+30BA
    { 0x30BB, 216 }, // U+30BB
    { 0x30BC, 216 }, // U+30BC
    { 0x30BD, 217 }, // U+30BD
    { 0x30BE, 218 }, // U+30BE
    { 0x30BF, 219 }, // U+30BF
    { 0x30C0, 220 }, // U+30C0
    { 0x30C1, 216 }, // U+30C1
    { 0x30C3, 198 }, // U+30C3
    { 0x30C4, 221 }, // U+30C4
    { 0x30C5, 221 }, // U+30C5
    { 0x30C6, 222 }, // U+30C6
    { 0x30C7, 223 }, // U+30C7
    { 0x30C8, 224 }, // U+30C8
    { 0x30C9, 225 }, // U+30C9
    { 0x30CA, 226 }, // U+30CA
    { 0x30CB, 216 }, // U+30CB
    { 0x30CD, 227 }, // U+30CD
    { 0x30CE, 228 }, // U+30CE
    { 0x30CF, 229 }, // U+30CF
    { 0x30D0, 230 }, // U+30D0
    { 0x30D1, 231 }, // U+30D1
    { 0x30D5, 232 }, // U+30D5
    { 0x30D6, 233 }, // U+30D6
    { 0x30D7, 234 }, // U+30D7
    { 0x30D8, 235 }, // U+30D8
    { 0x30D9, 236 }, // U+30D9
    { 0x30DA, 237 }, // U+30DA
    { 0x30DE, 238 }, // U+30DE
    { 0x30DF, 239 }, // U+30DF
    { 0x30E0, 240 }, // U+30E0
    { 0x30E1, 241 }, // U+30E1
    { 0x30E3, 242 }, // U+30E3
    { 0x30E4, 243 }, // U+30E4
    { 0x30E5, 244 }, // U+30E5
    { 0x30E6, 245 }, // U+30E6
    { 0x30E9, 246 }, // U+30E9
    { 0x30EB, 247 }, // U+30EB
    { 0x30EC, 248 }, // U+30EC
    { 0x30F3, 249 }, // U+30F3
    { 0x30FB, 250 }, // U+30FB
    { 0x30FC, 251 }, // U+30FC
    { 0xFB00, 35 }, // U+FB00
    { 0xFB01, 35 }, // U+FB01
    { 0xFB02, 35 }, // U+FB02
    { 0xFB03, 35 }, // U+FB03
    { 0xFB04, 35 }, // U+FB04
    { 0xFF0C, 252 }, // U+FF0C
    { 0xFF0E, 253 }, // U+FF0E
};

static const int8_t ubuntu_jp_10_regularKernMatrix[] = {
       0,    0,    0,    0,    0,    0,    0,    0,    0,    0,    0,  -26,   -8,   -8,  -41,    0,   -8,   -8,    0,    0,    0,    4,    3,    0,    0,   -4,    0,    0,    0,    0,    0,    0,    0,    0,    0,    0,    0,    0,    0,    0,    0,    0,    0,    0,    0,    0,    0,    0,    0,    0,    0,    0,    0,    0,  -45,    0,    0,    0,    0,    0,    0,    0,    0,    0,    0,    0,    0,    0,    0,    0,    0,   -8,    0,  -38,  -24,    0,  -26,  -23,    0,    0,    0,   -8,   -8,    0,    0,    0,    0,    0,    0,    0,    0,    0,    0,    0,    0,    0,    0,    0,    0,    0,    0,    0,    0,    0,    0,    0,    0,    0,    0,    0,    0,    0,    0,    0,    0,    0,    0,    0,   -9,    0,    0,    0,    0,    0,    0,    0,  -11,    0,    0,   -4,    0,    0,    0,    0,    0,    0,    0,    0,    0,    0,    0,    0,    0,    0,    0,    0,    0,    0,    0,    0,    0,    0,    0,    0,    0,    0,    0,    0,    0,    0,    0,    0,    0,    0,    0,    0,    0,    0,    0,    0,    0,    0,    0,    0,    0,    0,    0,    0,    0,    0,    0,    0,    0,    0,    0,    0,    0,    0,    0,    0,    0,    0,    0,    0,    0,    0,    0,    0,    0,    0,    0,    0,    0,    0,    0,    0,    0,    0,    0,    0,    0,    0,    0,    0,    0,    0,    0,    0,    0,    0,    0,    0,    0,    0,    0,    0,    0,    0,    0,    0,    0,    0,    0,    0,    0,    0,    0,    0,    0,    0,    0,    0,    0,    0,    0,    0,    0,    0,    0,    0,    0,    0,    0,
       0,    0,    0,   27,    0,    0,    0,    0,    0,    0,    0,    0,  -10,  -10,    0,    0,  -10,  -10,   -6,    4,   -3,    5,    0,    0,    6,    0,    0,    0,    0,    0,    0,    0,    0,    0,    0,    0,    0,    0,    0,    0,    0,    0,    0,    0,    0,    0,    0,    0,    0,    0,    0,    0,    0,    0,    0,    0,    0,    0,    0,    0,    0,    0,    0,    0,    0,    0,    0,    0,    0,    0,    4,  -10,   -4,    0,    0,    0,    0,    9,    0,    0,    0,  -10,  -10,    0,    0,    0,    0,    0,    0,    0,    0,    0,    0,    0,    0,    0,    0,    0,    0,    0,    0,    0,    0,    0,    0,    0,    0,    0,    0,    0,    0,    0,    0,    0,    0,    0,    0,    0,  -15,    0,    6,    0,    0,   -4,    0,    0,   -7,    0,    0,    0,    0,    0,    0,    0,    0,    0,    0,    0,    0,    0,    0,    0,    0,    0,    0,    0,    0,    0,    0,    0,    0,    0,    0,    0,    0,    0,    0,    0,    0,    0,    0,    0,    0,    0,    0,    0,    0,    0,    0,    0,    0,    0,    0,    0,    0,    0,    0,    0,    0,    0,    0,    0,    0,    0,    0,    0,    0,    0,    0,    0,    0,    0,    0,    0,    0,    0,    0,    0,    0,    0,    0,    0,    0,    0,    0,    0,    0,    0,    0,    0,    0,    0,    0,    0,    0,    0,    0,    0,    0,    0,    0,    0,    0,    0,    0,    0,    0,    0,    0,    0,    0,    0,    0,    0,    0,    0,    0,    0,    0,    0,    0,    0,    0,    0,    0,    0,    0,    0,    0,    0,    0,    0,    0,
       0,    0,    0,    0,    0,    0,    0,    0,    0,    0,    0,   -7,   -4,   -4,   -4,    0,   -4,   -4,   -4,   -9,    0,  -11,   -6,   -9,  -14,   -7,    0,    0,    0,    0,    0,    0,    0,    0,    0,    0,    0,    0,    0,    0,    0,    0,    0,    0,    0,    0,    0,    0,    0,    0,    0,    0,    0,    0,   -7,    0,    0,    0,    0,    0,    0,    0,    0,    0,    0,    0,    0,    0,    0,    0,   -9,   -4,   -5,    0,    0,   -9,   -7,    0,   -7,   -6,    0,   -4,   -4,   -9,   -6,   -6,   -6,    0,    0,    0,    0,    0,    0,    0,    0,    0,    0,    0,    0,    0,    0,    0,    0,    0,    0,    0,    0,    0,    0,    0,    0,    0,    0,    0,    0,    0,    0,    0,   -5,    0,  -14,    0,    0,    0,    0,    0,   -4,    0,    0,   -6,    0,    0,    0,    0,    0,    0,    0,    0,    0,    0,    0,    0,    0,    0,    0,    0,    0,    0,    0,    0,    0,    0,    0,    0,    0,    0,    0,    0,    0,    0,    0,    0,    0,    0,    0,    0,    0,    0,    0,    0,    0,    0,    0,    0,    0,    0,    0,    0,    0,    0,    0,    0,    0,    0,    0,    0,    0,    0,    0,    0,    0,    0,    0,    0,    0,    0,    0,    0,    0,    0,    0,    0,    0,    0,    0,    0,    0,    0,    0,    0,    0,    0,    0,    0,    0,    0,    0,    0,    0,    0,    0,    0,    0,    0,    0,    0,    0,    0,    0,    0,    0,    0,    0,    0,    0,    0,    0,    0,    0,    0,    0,    0,    0,    0,    0,    0,    0,    0,    0,    0,    0,    0,    0,
       0,    0,    0,    0,    0,    0,    0,    0,    0,    0,    0,  -21,   -3,   -3,  -41,    0,    0,    0,    0,    0,    0,    0,    0,   -8,    0,    0,    0,    0,    0,    0,    0,    0,    0,    0,    0,    0,    0,    0,    0,    0,    0,    0,    0,    0,    0,    0,    0,    0,    0,    0,    0,    0,    0,    0,  -32,    0,    0,    0,    0,    0,    0,    0,    0,    0,    0,    0,    0,    0,    0,    0,    0,   -3,    0,  -37,  -25,    0,  -21,  -24,  -10,   -5,    0,    0,    0,   -8,    0,    0,    0,    0,    0,    0,    0,    0,    0,    0,    0,    0,    0,    0,    0,    0,    0,    0,    0,    0,    0,    0,    0,    0,    0,    0,    0,    0,    0,    0,    0,    0,    0,    0,    0,    0,    0,    0,    0,    0,    0,    0,   -6,    0,    0,   -6,    0,    0,    0,    0,    0,    0,    0,    0,    0,    0,    0,    0,    0,    0,    0,    0,    0,    0,    0,    0,    0,    0,    0,    0,    0,    0,    0,    0,    0,    0,    0,    0,    0,    0,    0,    0,    0,    0,    0,    0,    0,    0,    0,    0,    0,    0,    0,    0,    0,    0,    0,    0,    0,    0,    0,    0,    0,    0,    0,    0,    0,    0,    0,    0,    0,    0,    0,    0,    0,    0,    0,    0,    0,    0,    0,    0,    0,    0,    0,    0,    0,    0,    0,    0,    0,    0,    0,    0,    0,    0,    0,    0,    0,    0,    0,    0,    0,    0,    0,    0,    0,    0,    0,    0,    0,    0,    0,    0,    0,    0,    0,    0,    0,    0,    0,    0,    0,    0,    0,    0,    0,    0,    0,
       0,    0,    0,    0,    0,    0,    0,    0,    0,    0,    0,    8,  -10,  -10,    9,    0,  -11,  -11,    5,  -23,   -8,  -26,  -13,    3,  -27,    6,    0,    0,    0,    0,    0,    0,    0,    0,    0,    0,    0,    0,    0,    0,    0,    0,    0,    0,    0,    0,    0,    0,    0,    0,    0,    0,    0,    0,    6,    0,    0,    0,    0,    0,    0,    0,    0,    0,    0,    0,    0,    0,    0,    0,  -23,  -10,    0,    0,    0,    0,    8,    6,    0,    0,    0,  -11,  -11,    3,  -39,    0,    0,    0,    0,    0,    0,    0,    0,    0,    0,    0,    0,    0,    0,    0,    0,    0,    0,    0,    0,    0,    0,    0,    0,    0,    0,    0,    0,    0,    0,    0,    0,    0,  -14,    0,  -27,    0,    0,  -34,    0,    0,  -10,    0,    0,    0,    0,    0,    0,    0,    0,    0,    0,    0,    0,    0,    0,    0,    0,    0,    0,    0,    0,    0,    0,    0,    0,    0,    0,    0,    0,    0,    0,    0,    0,    0,    0,    0,    0,    0,    0,    0,    0,    0,    0,    0,    0,    0,    0,    0,    0,    0,    0,    0,    0,    0,    0,    0,    0,    0,    0,    0,    0,    0,    0,    0,    0,    0,    0,    0,    0,    0,    0,    0,    0,    0,    0,    0,    0,    0,    0,    0,    0,    0,    0,    0,    0,    0,    0,    0,    0,    0,    0,    0,    0,    0,    0,    0,    0,    0,    0,    0,    0,    0,    0,    0,    0,    0,    0,    0,    0,    0,    0,    0,    0,    0,    0,    0,    0,    0,    0,    0,    0,    0,    0,    0,    0,    0,    0,
       0,    0,    0,    0,    0,    0,    0,    0,    0,    0,    0,    0,    0,    0,   -9,    0,    0,    0,    0,  -17,    0,   -4,    0,  -10,  -17,   -5,    0,    0,    0,    0,    0,    0,    0,    0,    0,    0,    0,    0,    0,    0,    0,    0,    0,    0,    0,    0,    0,    0,    0,    0,    0,    0,    0,    0,   -5,    0,    0,    0,    0,    0,    0,    0,    0,    0,    0,    0,    0,    0,    0,    0,  -17,    5,   -4,   -7,  -11,  -14,    0,   -7,  -13,   -5,    0,    5,    0,  -10,    0,   -6,    0,    0,    0,    0,    0,    0,    0,    0,    0,    0,    0,    0,    0,    0,    0,    0,    0,    0,    0,    0,    0,    0,    0,    0,    0,    0,    0,    0,    0,    0,    0,    0,    5,    0,  -17,    0,    0,    0,    0,    0,    5,    0,    0,   -8,    0,    0,    0,    0,    0,    0,    0,    0,    0,    0,    0,    0,    0,    0,    0,    0,    0,    0,    0,    0,    0,    0,    0,    0,    0,    0,    0,    0,    0,    0,    0,    0,    0,    0,    0,    0,    0,    0,    0,    0,    0,    0,    0,    0,    0,    0,    0,    0,    0,    0,    0,    0,    0,    0,    0,    0,    0,    0,    0,    0,    0,    0,    0,    0,    0,    0,    0,    0,    0,    0,    0,    0,    0,    0,    0,    0,    0,    0,    0,    0,    0,    0,    0,    0,    0,    0,    0,    0,    0,    0,    0,    0,    0,    0,    0,    0,    0,    0,    0,    0,    0,    0,    0,    0,    0,    0,    0,    0,    0,    0,    0,    0,    0,    0,    0,    0,    0,    0,    0,    0,    0,    0,    0,
       0,    0,    0,    0,    0,    0,    0,    0,    0,    0,    0,  -17,   -9,   -9,  -24,    0,   -9,   -9,    0,   10,    0,   11,    7,    7,   11,    3,    0,    0,    0,    0,    0,    0,    0,    0,    0,    0,    0,    0,    0,    0,    0,    0,    0,    0,    0,    0,    0,    0,    0,    0,    0,    0,    0,    0,  -26,    0,    0,    0,    0,    0,    0,    0,    0,    0,    0,    0,    0,    0,    0,    0,   10,   -9,    0,  -21,  -20,    9,  -17,  -20,    6,    0,    0,   -9,   -9,    7,    0,    6,    0,    0,    0,    0,    0,    0,    0,    0,    0,    0,    0,    0,    0,    0,    0,    0,    0,    0,    0,    0,    0,    0,    0,    0,    0,    0,    0,    0,    0,    0,    0,    0,   -7,    0,   11,    0,    0,    0,    0,    0,    0,    0,    0,    0,    0,    0,    0,    0,    0,    0,    0,    0,    0,    0,    0,    0,    0,    0,    0,    0,    0,    0,    0,    0,    0,    0,    0,    0,    0,    0,    0,    0,    0,    0,    0,    0,    0,    0,    0,    0,    0,    0,    0,    0,    0,    0,    0,    0,    0,    0,    0,    0,    0,    0,    0,    0,    0,    0,    0,    0,    0,    0,    0,    0,    0,    0,    0,    0,    0,    0,    0,    0,    0,    0,    0,    0,    0,    0,    0,    0,    0,    0,    0,    0,    0,    0,    0,    0,    0,    0,    0,    0,    0,    0,    0,    0,    0,    0,    0,    0,    0,    0,    0,    0,    0,    0,    0,    0,    0,    0,    0,    0,    0,    0,    0,    0,    0,    0,    0,    0,    0,    0,    0,    0,    0,    0,    0,
       0,    0,    0,    0,    0,    0,    0,    0,    0,    0,    0,    0,   -4,   -4,    0,    0,   -4,   -4,    0,  -28,   -4,   -7,   -4,    0,  -13,    0,    0,    0,    0,    0,    0,    0,    0,    0,    0,    0,    0,    0,    0,    0,    0,    0,    0,    0,    0,    0,    0,    0,    0,    0,    0,    0,    0,    0,    0,    0,    0,    0,    0,    0,    0,    0,    0,    0,    0,    0,    0,    0,    0,    0,  -28,   -4,    0,    0,    0,    0,    0,    0,    0,    0,    0,   -4,   -4,    0,    0,    0,    0,    0,    0,    0,    0,    0,    0,    0,    0,    0,    0,    0,    0,    0,    0,    0,    0,    0,    0,    0,    0,    0,    0,    0,    0,    0,    0,    0,    0,    0,    0,    0,    0,    0,  -13,    0,    0,    0,    0,    0,   -7,    0,    0,    0,    0,    0,    0,    0,    0,    0,    0,    0,    0,    0,    0,    0,    0,    0,    0,    0,    0,    0,    0,    0,    0,    0,    0,    0,    0,    0,    0,    0,    0,    0,    0,    0,    0,    0,    0,    0,    0,    0,    0,    0,    0,    0,    0,    0,    0,    0,    0,    0,    0,    0,    0,    0,    0,    0,    0,    0,    0,    0,    0,    0,    0,    0,    0,    0,    0,    0,    0,    0,    0,    0,    0,    0,    0,    0,    0,    0,    0,    0,    0,    0,    0,    0,    0,    0,    0,    0,    0,    0,    0,    0,    0,    0,    0,    0,    0,    0,    0,    0,    0,    0,    0,    0,    0,    0,    0,    0,    0,    0,    0,    0,    0,    0,    0,    0,    0,    0,    0,    0,    0,    0,    0,    0,    0,
       0,    0,    0,    0,    0,    0,    0,    0,    0,    0,    0,   -9,   -3,   -3,   -9,    0,   -3,   -3,   -6,  -15,   -4,  -12,   -8,  -13,  -18,  -11,    0,    0,    0,    0,    0,    0,    0,    0,    0,    0,    0,    0,    0,    0,    0,    0,    0,    0,    0,    0,    0,    0,    0,    0,    0,    0,    0,    0,  -13,    0,    0,    0,    0,    0,    0,    0,    0,    0,    0,    0,    0,    0,    0,    0,  -15,   -3,   -5,   -7,   -8,  -13,   -9,   -7,  -15,  -10,    0,   -3,   -3,  -13,   -4,   -9,   -5,    0,    0,    0,    0,    0,    0,    0,    0,    0,    0,    0,    0,    0,    0,    0,    0,    0,    0,    0,    0,    0,    0,    0,    0,    0,    0,    0,    0,    0,    0,    0,    0,    0,  -18,    0,    0,    0,    0,    0,    0,    0,    0,   -9,    0,    0,    0,    0,    0,    0,    0,    0,    0,    0,    0,    0,    0,    0,    0,    0,    0,    0,    0,    0,    0,    0,    0,    0,    0,    0,    0,    0,    0,    0,    0,    0,    0,    0,    0,    0,    0,    0,    0,    0,    0,    0,    0,    0,    0,    0,    0,    0,    0,    0,    0,    0,    0,    0,    0,    0,    0,    0,    0,    0,    0,    0,    0,    0,    0,    0,    0,    0,    0,    0,    0,    0,    0,    0,    0,    0,    0,    0,    0,    0,    0,    0,    0,    0,    0,    0,    0,    0,    0,    0,    0,    0,    0,    0,    0,    0,    0,    0,    0,    0,    0,    0,    0,    0,    0,    0,    0,    0,    0,    0,    0,    0,    0,    0,    0,    0,    0,    0,    0,    0,    0,    0,    0,
       0,  -26,   -6,    0,  -21,    9,    0,    6,    0,    0,   -5,   11,   -6,   -6,   10,    0,   -6,   -6,    5,  -21,   -3,  -21,   -6,    8,  -26,    6,    0,    0,   -9,    0,    0,   -4,   -4,   -4,    0,   -5,    0,    0,    0,    0,   -4,   -4,    4,    0,   -5,   -7,   -6,    9,   -5,    5,   -7,   -3,   -6,    0,   11,    0,    0,    0,    0,   -4,    0,    0,    0,    0,    0,    0,    0,    0,  -17,    0,    0,    0,    0,    0,    0,    0,    0,    0,    0,    0,    0,    0,    0,    0,    0,    0,    0,    0,    0,    0,    0,    0,    0,    0,    0,    0,    0,    0,    0,    0,    0,    0,    0,    0,    0,    0,    0,    0,    0,    0,    0,    0,    0,    0,    0,    0,    0,    0,    0,    0,    0,    0,    0,    0,    0,    0,    0,    0,    0,    0,    0,    0,    0,    0,    0,    0,    0,    0,    0,    0,    0,    0,  -24,  -23,    8,    0,    0,    0,    0,    0,    0,    0,    0,    0,    0,    0,    0,    0,    0,    0,    0,    0,    0,    0,    0,    0,    0,    0,    0,    0,    0,    0,    0,    0,    0,    0,    0,    0,    0,    0,    0,    0,    0,    0,    0,    0,    0,    0,    0,    0,    0,    0,    0,    0,    0,    0,    0,    0,    0,    0,    0,    0,    0,    0,    0,    0,    0,    0,    0,    0,    0,    0,    0,    0,    0,    0,    0,    0,    0,    0,    0,    0,    0,    0,    0,    0,    0,    0,    0,    0,    0,    0,    0,    0,    0,    0,    0,    0,    0,    0,    0,    0,    0,    0,    0,    0,    0,    0,    0,    0,    0,    0,    0,
       0,   -4,   -4,   -8,   -4,   -3,    0,   -7,   -4,   -7,    0,    0,    0,    0,    0,    0,    0,    0,    0,    0,    0,   -6,   -4,   -7,   -8,    0,    0,    0,  -11,    0,    0,    0,    0,    0,    0,    0,    0,    0,    0,    0,    0,    0,    0,    0,    0,    0,    0,    0,    0,   -4,    0,   -7,    0,    0,   -4,    0,    0,    0,    0,    0,    0,    0,    0,    0,    0,    0,    0,    0,   -5,    0,    0,    0,    0,    0,    0,    0,    0,    0,    0,    0,    0,    0,    0,    0,    0,    0,    0,    0,    0,    0,    0,    0,    0,    0,    0,    0,    0,    0,    0,    0,    0,    0,    0,    0,    0,    0,    0,    0,    0,    0,    0,    0,    0,    0,    0,    0,    0,    0,    0,    0,    0,    0,    0,    0,    0,    0,    0,    0,    0,    0,    0,    0,    0,    0,    0,    0,    0,    0,    0,    0,    0,    0,    0,    0,    0,    0,    0,    0,    0,    0,    0,    0,    0,    0,    0,    0,    0,    0,    0,    0,    0,    0,    0,    0,    0,    0,    0,    0,    0,    0,    0,    0,    0,    0,    0,    0,    0,    0,    0,    0,    0,    0,    0,    0,    0,    0,    0,    0,    0,    0,    0,    0,    0,    0,    0,    0,    0,    0,    0,    0,    0,    0,    0,    0,    0,    0,    0,    0,    0,    0,    0,    0,    0,    0,    0,    0,    0,    0,    0,    0,    0,    0,    0,    0,    0,    0,    0,    0,    0,    0,    0,    0,    0,    0,    0,    0,    0,    0,    0,    0,    0,    0,    0,    0,    0,    0,    0,    0,    0,    0,    0,    0,    0,
       0,    0,   -8,    0,    0,    7,  -10,    0,    0,    5,   -6,    7,   -7,   -7,    8,    0,   -7,   -7,    3,    6,    0,    6,    0,    4,    6,    3,   -3,    0,    0,    0,    0,   -5,   -5,   -5,    0,   -5,    0,    0,    0,    0,   -5,   -5,    0,    0,   -7,   -5,   -6,    5,   -5,    0,   -9,    0,  -15,    0,    7,    0,    0,    0,    0,   -5,    0,    0,    0,    0,    0,    0,    0,    0,    0,    0,    0,    0,    0,    0,    0,    0,    0,    0,    0,    0,    0,    0,    0,    0,    0,    0,    0,    0,    0,    0,    0,    0,    0,    0,    0,    0,    0,    0,    0,    0,    0,    0,    0,    0,    0,    0,    0,    0,    0,    0,    0,    0,    0,    0,    0,    0,    0,    0,    0,    0,    0,    0,    0,    0,    0,    0,    0,    0,    0,    0,    0,    0,    0,    0,    0,    0,    0,    0,    0,    0,    0,    0,    0,    4,    6,    0,    0,    0,    0,    0,    0,    0,    0,    0,    0,    0,    0,    0,    0,    0,    0,    0,    0,    0,    0,    0,    0,    0,    0,    0,    0,    0,    0,    0,    0,    0,    0,    0,    0,    0,    0,    0,    0,    0,    0,    0,    0,    0,    0,    0,    0,    0,    0,    0,    0,    0,    0,    0,    0,    0,    0,    0,    0,    0,    0,    0,    0,    0,    0,    0,    0,    0,    0,    0,    0,    0,    0,    0,    0,    0,    0,    0,    0,    0,    0,    0,    0,    0,    0,    0,    0,    0,    0,    0,    0,    0,    0,    0,    0,    0,    0,    0,    0,    0,    0,    0,    0,    0,    0,    0,    0,    0,    0,
      -5,   -9,   -4,  -11,    0,  -11,    0,  -14,    0,  -13,   -4,   -6,    0,    0,   -8,    0,    0,    0,   -4,   -9,    0,   -6,   -6,   -8,  -14,   -5,   -4,    0,  -14,   -5,    0,    0,    0,    0,    0,    0,    0,    0,    0,    0,    0,    0,    0,    0,    0,    0,    0,    0,    0,    0,    0,  -10,    0,    0,  -14,    0,    0,    0,    0,    0,    0,    0,    0,    0,    0,    0,  -10,    0,  -10,    0,    0,    0,    0,    0,    0,    0,    0,    0,    0,    0,    0,    0,    0,    0,    0,    0,    0,    0,    0,    0,    0,    0,    0,    0,    0,    0,    0,    0,    0,    0,    0,    0,    0,    0,    0,    0,    0,    0,    0,    0,    0,    0,    0,    0,    0,    0,    0,    0,    0,    0,    0,    0,    0,    0,    0,    0,    0,    0,    0,    0,    0,    0,    0,    0,    0,    0,    0,    0,    0,    0,    0,    0,   -7,   -4,  -11,    0,    0,    0,    0,    0,    0,    0,    0,    0,    0,    0,    0,    0,    0,    0,    0,    0,    0,    0,    0,    0,    0,    0,    0,    0,    0,    0,    0,    0,    0,    0,    0,    0,    0,    0,    0,    0,    0,    0,    0,    0,    0,    0,    0,    0,    0,    0,    0,    0,    0,    0,    0,    0,    0,    0,    0,    0,    0,    0,    0,    0,    0,    0,    0,    0,    0,    0,    0,    0,    0,    0,    0,    0,    0,    0,    0,    0,    0,    0,    0,    0,    0,    0,    0,    0,    0,    0,    0,    0,    0,    0,    0,    0,    0,    0,    0,    0,    0,    0,    0,    0,    0,    0,    0,    0,    0,    0,    0,
       0,   -5,   -7,    0,   -4,    4,    0,    0,    0,    0,   -5,    6,   -9,   -9,    6,    0,   -9,   -9,    0,    0,   -7,    0,    0,    0,    0,    0,   -6,    0,  -14,    0,    0,   -5,   -6,   -5,    0,   -8,    0,    0,    0,    0,   -6,   -5,    0,   -5,   -6,   -8,   -8,    3,   -8,    0,   -6,   -7,   -8,    0,    6,    0,    0,    0,    0,   -5,    0,    0,    0,    0,    0,    0,    0,    0,    0,    0,    0,    0,    0,    0,    0,    0,    0,    0,    0,    0,    0,    0,    0,    0,    0,    0,    0,    0,    0,    0,    0,    0,    0,    0,    0,    0,    0,    0,    0,    0,    0,    0,    0,    0,    0,    0,    0,    0,    0,    0,    0,    0,    0,    0,    0,    0,    0,    0,    0,    0,    0,    0,    0,    0,    0,    0,    0,    0,    0,    0,    0,    0,    0,    0,    0,    0,    0,    0,    0,    0,    0,    0,   -4,    0,    0,    0,    0,    0,    0,    0,    0,    0,    0,    0,    0,    0,    0,    0,    0,    0,    0,    0,    0,    0,    0,    0,    0,    0,    0,    0,    0,    0,    0,    0,    0,    0,    0,    0,    0,    0,    0,    0,    0,    0,    0,    0,    0,    0,    0,    0,    0,    0,    0,    0,    0,    0,    0,    0,    0,    0,    0,    0,    0,    0,    0,    0,    0,    0,    0,    0,    0,    0,    0,    0,    0,    0,    0,    0,    0,    0,    0,    0,    0,    0,    0,    0,    0,    0,    0,    0,    0,    0,    0,    0,    0,    0,    0,    0,    0,    0,    0,    0,    0,    0,    0,    0,    0,    0,    0,    0,    0,    0,    0,
      -3,    0,   -8,    0,    0,  -22,    0,  -20,   -6,    4,   -6,  -15,   -4,   -4,  -27,    0,   -4,   -4,    0,    5,    0,    6,    0,    0,    7,    0,   -5,    0,  -14,  -17,    0,   -5,   -5,   -5,    0,   -5,    0,    0,    0,   -9,   -5,   -5,    0,    0,   -8,    0,    0,  -12,    0,   -9,    0,    0,    0,   -7,  -25,    0,    0,    0,    0,   -5,    0,    0,    0,    0,   -8,   -6,    0,    0,    0,    0,    0,    0,    0,    0,    0,    0,    0,    0,    0,    0,    0,    0,    0,    0,    0,    0,    0,    0,    0,    0,    0,    0,    0,    0,    0,    0,    0,    0,    0,    0,    0,    0,    0,    0,    0,    0,    0,    0,    0,    0,    0,    0,    0,    0,    0,    0,    0,    0,    0,    0,    0,    0,    0,    0,    0,    0,    0,    0,    0,    0,    0,    0,    0,    0,    0,    0,    0,    0,    0,    0,    0,    0,    0,    0,  -34,    0,    0,    0,    0,    0,    0,    0,    0,    0,    0,    0,    0,    0,    0,    0,    0,    0,    0,    0,    0,    0,    0,    0,    0,    0,    0,    0,    0,    0,    0,    0,    0,    0,    0,    0,    0,    0,    0,    0,    0,    0,    0,    0,    0,    0,    0,    0,    0,    0,    0,    0,    0,    0,    0,    0,    0,    0,    0,    0,    0,    0,    0,    0,    0,    0,    0,    0,    0,    0,    0,    0,    0,    0,    0,    0,    0,    0,    0,    0,    0,    0,    0,    0,    0,    0,    0,    0,    0,    0,    0,    0,    0,    0,    0,    0,    0,    0,    0,    0,    0,    0,    0,    0,    0,    0,    0,    0,    0,
       0,    0,    0,   -3,   -8,    0,    0,    0,    0,    0,    0,    0,    0,    0,    0,    0,    0,    0,    0,    0,    0,    0,    0,    0,    0,    0,    0,    0,   -3,    0,    0,    0,    0,    0,    0,    0,    0,    0,    0,    0,    0,    0,    0,    0,    0,   -6,    0,    0,   -6,    0,    0,   -3,    0,    0,    0,    0,    0,    0,    0,    0,    0,    0,    0,    0,    0,    0,    0,    0,    0,    0,    0,    0,    0,    0,    0,    0,    0,    0,    0,    0,    0,    0,    0,    0,    0,    0,    0,    0,    0,    0,    0,    0,    0,    0,    0,    0,    0,    0,    0,    0,    0,    0,    0,    0,    0,    0,    0,    0,    0,    0,    0,    0,    0,    0,    0,    0,    0,    0,    0,    0,    0,    0,    0,    0,    0,    0,    0,    0,    0,    0,    0,    0,    0,    0,    0,    0,    0,    0,    0,    0,    0,    0,    0,    0,    0,    0,    0,    0,    0,    0,    0,    0,    0,    0,    0,    0,    0,    0,    0,    0,    0,    0,    0,    0,    0,    0,    0,    0,    0,    0,    0,    0,    0,    0,    0,    0,    0,    0,    0,    0,    0,    0,    0,    0,    0,    0,    0,    0,    0,    0,    0,    0,    0,    0,    0,    0,    0,    0,    0,    0,    0,    0,    0,    0,    0,    0,    0,    0,    0,    0,    0,    0,    0,    0,    0,    0,    0,    0,    0,    0,    0,    0,    0,    0,    0,    0,    0,    0,    0,    0,    0,    0,    0,    0,    0,    0,    0,    0,    0,    0,    0,    0,    0,    0,    0,    0,    0,    0,    0,    0,    0,    0,    0,
       0,    0,    0,   -3,    0,   -3,    0,  -12,    0,    0,    0,   -3,    0,    0,   -5,    0,    0,    0,    0,    0,    0,    0,    0,    0,    0,   -6,    0,    0,  -11,    0,    0,    0,    0,    0,    0,    0,    0,    0,    0,    0,    0,    0,    0,    0,    0,    0,    0,    0,    0,   -6,    0,   -6,    0,    0,   -8,    0,    0,    0,    0,    0,    0,    0,    0,    0,    0,    0,   -5,    0,    0,    0,    0,    0,    0,    0,    0,    0,    0,    0,    0,    0,    0,    0,    0,    0,    0,    0,    0,    0,    0,    0,    0,    0,    0,    0,    0,    0,    0,    0,    0,    0,    0,    0,    0,    0,    0,    0,    0,    0,    0,    0,    0,    0,    0,    0,    0,    0,    0,    0,    0,    0,    0,    0,    0,    0,    0,    0,    0,    0,    0,    0,    0,    0,    0,    0,    0,    0,    0,    0,    0,    0,    0,    0,    0,    0,   -4,    0,    0,    0,    0,    0,    0,    0,    0,    0,    0,    0,    0,    0,    0,    0,    0,    0,    0,    0,    0,    0,    0,    0,    0,    0,    0,    0,    0,    0,    0,    0,    0,    0,    0,    0,    0,    0,    0,    0,    0,    0,    0,    0,    0,    0,    0,    0,    0,    0,    0,    0,    0,    0,    0,    0,    0,    0,    0,    0,    0,    0,    0,    0,    0,    0,    0,    0,    0,    0,    0,    0,    0,    0,    0,    0,    0,    0,    0,    0,    0,    0,    0,    0,    0,    0,    0,    0,    0,    0,    0,    0,    0,    0,    0,    0,    0,    0,    0,    0,    0,    0,    0,    0,    0,    0,    0,    0,    0,
       0,    0,   -6,    0,  -11,    5,  -16,    6,    0,    4,   -6,   11,  -12,  -12,    9,    0,  -12,  -12,    0,    6,    0,    7,    3,    9,    7,    7,    0,    0,   -9,    0,    0,   -7,   -7,   -7,    0,   -7,    0,    0,    0,    0,   -7,   -7,    5,    0,   -4,   -5,  -16,    9,   -3,    5,   -6,    0,  -20,    0,   12,    0,    0,    0,    7,   -8,    4,    4,    0,    0,    0,   -4,    0,    0,    0,    0,    0,    0,    0,    0,    0,    0,    0,    0,    0,    0,    0,    0,    0,    0,    0,    0,    0,    0,    0,    0,    0,    0,    0,    0,    0,    0,    0,    0,    0,    0,    0,    0,    0,    0,    0,    0,    0,    0,    0,    0,    0,    0,    0,    0,    0,    0,    0,    0,    0,    0,    0,    0,    0,    0,    0,    0,    0,    0,    0,    0,    0,    0,    0,    0,    0,    0,    0,    0,    0,    0,    0,    0,    0,    0,    5,    0,    0,    0,    0,    0,    0,    0,    0,    0,    0,    0,    0,    0,    0,    0,    0,    0,    0,    0,    0,    0,    0,    0,    0,    0,    0,    0,    0,    0,    0,    0,    0,    0,    0,    0,    0,    0,    0,    0,    0,    0,    0,    0,    0,    0,    0,    0,    0,    0,    0,    0,    0,    0,    0,    0,    0,    0,    0,    0,    0,    0,    0,    0,    0,    0,    0,    0,    0,    0,    0,    0,    0,    0,    0,    0,    0,    0,    0,    0,    0,    0,    0,    0,    0,    0,    0,    0,    0,    0,    0,    0,    0,    0,    0,    0,    0,    0,    0,    0,    0,    0,    0,    0,    0,    0,    0,    0,    0,
       0,  -42,   -3,    0,  -46,    8,  -23,    4,    0,    0,    0,    9,  -15,  -15,    9,    0,  -15,  -15,    5,  -38,   -6,  -33,  -15,    7,  -38,    5,    0,    0,  -11,    0,    0,   -4,   -4,   -4,    0,   -4,    0,    0,    0,    0,   -4,   -4,    0,    0,    0,  -13,  -12,    7,   -7,    3,   -8,   -5,  -13,    4,   10,    0,    0,    0,    0,    0,    0,    0,    0,    0,    0,    0,    0,    0,  -28,    0,    0,    0,    0,    0,    0,    0,    0,    0,    0,    0,    0,    0,    0,    0,    0,    0,    0,    0,    0,    0,    0,    0,    0,    0,    0,    0,    0,    0,    0,    0,    0,    0,    0,    0,    0,    0,    0,    0,    0,    0,    0,    0,    0,    0,    0,    0,    0,    0,    0,    0,    0,    0,    0,    0,    0,    0,    0,    0,    0,    0,    0,    0,    0,    0,    0,    0,    0,    0,    0,    0,    0,    0,  -40,  -39,    5,    0,    0,    0,    0,    0,    0,    0,    0,    0,    0,    0,    0,    0,    0,    0,    0,    0,    0,    0,    0,    0,    0,    0,    0,    0,    0,    0,    0,    0,    0,    0,    0,    0,    0,    0,    0,    0,    0,    0,    0,    0,    0,    0,    0,    0,    0,    0,    0,    0,    0,    0,    0,    0,    0,    0,    0,    0,    0,    0,    0,    0,    0,    0,    0,    0,    0,    0,    0,    0,    0,    0,    0,    0,    0,    0,    0,    0,    0,    0,    0,    0,    0,    0,    0,    0,    0,    0,    0,    0,    0,    0,    0,    0,    0,    0,    0,    0,    0,    0,    0,    0,    0,    0,    0,    0,    0,    0,    0,
       0,    0,    0,    0,    0,    0,    0,    0,    0,    0,    0,    0,    0,    0,    0,    0,    0,    0,    0,    0,    0,   -2,    0,    0,   -3,    0,    0,    0,    0,    0,    0,    0,    0,    0,    0,    0,    0,    0,    0,    0,    0,    0,    0,    0,    0,    0,    0,    0,    0,    0,    0,    0,    0,    0,    0,    0,    0,    0,    0,    0,    0,    0,    0,    0,    0,    0,    0,    0,    0,    0,    0,    0,    0,    0,    0,    0,    0,    0,    0,    0,    0,    0,    0,    0,    0,    0,    0,    0,    0,    0,    0,    0,    0,    0,    0,    0,    0,    0,    0,    0,    0,    0,    0,    0,    0,    0,    0,    0,    0,    0,    0,    0,    0,    0,    0,    0,    0,    0,    0,    0,    0,    0,    0,    0,    0,    0,    0,    0,    0,    0,    0,    0,    0,    0,    0,    0,    0,    0,    0,    0,    0,    0,    0,    0,    0,    0,    0,    0,    0,    0,    0,    0,    0,    0,    0,    0,    0,    0,    0,    0,    0,    0,    0,    0,    0,    0,    0,    0,    0,    0,    0,    0,    0,    0,    0,    0,    0,    0,    0,    0,    0,    0,    0,    0,    0,    0,    0,    0,    0,    0,    0,    0,    0,    0,    0,    0,    0,    0,    0,    0,    0,    0,    0,    0,    0,    0,    0,    0,    0,    0,    0,    0,    0,    0,    0,    0,    0,    0,    0,    0,    0,    0,    0,    0,    0,    0,    0,    0,    0,    0,    0,    0,    0,    0,    0,    0,    0,    0,    0,    0,    0,    0,    0,    0,    0,    0,    0,    0,    0,    0,    0,    0,    0,
      -5,   -8,   -4,   -9,    0,  -11,    0,  -14,    0,  -11,   -4,   -6,    0,    0,   -8,    0,    0,    0,   -3,   -9,    0,   -6,   -5,   -8,  -14,   -5,   -3,    0,  -14,   -4,    0,    0,    0,    0,    0,    0,    0,    0,    0,    0,    0,    0,    0,    0,    0,    0,    0,    0,    0,    0,    0,  -10,    0,    0,  -13,    0,    0,    0,    0,    0,    0,    0,    0,    0,    0,    0,   -9,    0,   -9,    0,    0,    0,    0,    0,    0,    0,    0,    0,    0,    0,    0,    0,    0,    0,    0,    0,    0,    0,    0,    0,    0,    0,    0,    0,    0,    0,    0,    0,    0,    0,    0,    0,    0,    0,    0,    0,    0,    0,    0,    0,    0,    0,    0,    0,    0,    0,    0,    0,    0,    0,    0,    0,    0,    0,    0,    0,    0,    0,    0,    0,    0,    0,    0,    0,    0,    0,    0,    0,    0,    0,    0,    0,   -5,   -3,  -10,    0,    0,    0,    0,    0,    0,    0,    0,    0,    0,    0,    0,    0,    0,    0,    0,    0,    0,    0,    0,    0,    0,    0,    0,    0,    0,    0,    0,    0,    0,    0,    0,    0,    0,    0,    0,    0,    0,    0,    0,    0,    0,    0,    0,    0,    0,    0,    0,    0,    0,    0,    0,    0,    0,    0,    0,    0,    0,    0,    0,    0,    0,    0,    0,    0,    0,    0,    0,    0,    0,    0,    0,    0,    0,    0,    0,    0,    0,    0,    0,    0,    0,    0,    0,    0,    0,    0,    0,    0,    0,    0,    0,    0,    0,    0,    0,    0,    0,    0,    0,    0,    0,    0,    0,    0,    0,    0,    0,
      -4,    0,   -4,   -8,    0,  -30,    0,  -21,    0,    0,    0,  -17,    0,    0,  -32,    0,    0,    0,    0,    0,    0,    0,    0,   -6,    0,    0,   -5,    0,  -14,   -6,    0,   -7,   -7,  -11,    0,   -7,    0,    0,    0,    0,   -7,   -4,    0,    0,    0,    3,    3,    0,    3,    0,    0,   -8,   -6,    0,  -28,    0,    0,    0,    0,   -5,    0,    0,    0,    0,    0,    0,    0,    0,    0,    0,    0,    0,    0,    0,    0,    0,    0,    0,    0,    0,    0,    0,    0,    0,    0,    0,    0,    0,    0,    0,    0,    0,    0,    0,    0,    0,    0,    0,    0,    0,    0,    0,    0,    0,    0,    0,    0,    0,    0,    0,    0,    0,    0,    0,    0,    0,    0,    0,    0,    0,    0,    0,    0,    0,    0,    0,    0,    0,    0,    0,    0,    0,    0,    0,    0,    0,    0,    0,    0,    0,    0,    0,    0,    3,  -38,    0,    0,    0,    0,    0,    0,    0,    0,    0,    0,    0,    0,    0,    0,    0,    0,    0,    0,    0,    0,    0,    0,    0,    0,    0,    0,    0,    0,    0,    0,    0,    0,    0,    0,    0,    0,    0,    0,    0,    0,    0,    0,    0,    0,    0,    0,    0,    0,    0,    0,    0,    0,    0,    0,    0,    0,    0,    0,    0,    0,    0,    0,    0,    0,    0,    0,    0,    0,    0,    0,    0,    0,    0,    0,    0,    0,    0,    0,    0,    0,    0,    0,    0,    0,    0,    0,    0,    0,    0,    0,    0,    0,    0,    0,    0,    0,    0,    0,    0,    0,    0,    0,    0,    0,    0,    0,    0,    0,
      -5,   -8,   -4,    0,    0,  -11,    0,    0,    0,  -11,   -4,   -6,    0,    0,   -8,    0,    0,    0,   -3,   -9,    0,   -6,   -5,   -8,  -14,   -5,   -3,    0,    0,   -5,    0,    0,    0,    0,    0,    0,    0,    5,    0,    0,    0,    0,    0,    0,    0,    0,    0,    0,    0,    0,    0,    0,    0,    0,  -13,    0,    0,    0,    0,    0,    0,    0,    0,    0,    0,    0,   -9,    0,    0,    0,    0,    0,    0,    0,    0,    0,    0,    0,    0,    0,    0,    0,    0,    0,    0,    0,    0,    0,    0,    0,    0,    0,    0,    0,    0,    0,    0,    0,    0,    0,    0,    0,    0,    0,    0,    0,    0,    0,    0,    0,    0,    0,    0,    0,    0,    0,    0,    0,    0,    0,    0,    0,    0,    0,    0,    0,    0,    0,    0,    0,    0,    0,    0,    0,    0,    0,    0,    0,    0,    0,    0,    0,   -5,   -3,   -7,    0,    0,    0,    0,    0,    0,    0,    0,    0,    0,    0,    0,    0,    0,    0,    0,    0,    0,    0,    0,    0,    0,    0,    0,    0,    0,    0,    0,    0,    0,    0,    0,    0,    0,    0,    0,    0,    0,    0,    0,    0,    0,    0,    0,    0,    0,    0,    0,    0,    0,    0,    0,    0,    0,    0,    0,    0,    0,    0,    0,    0,    0,    0,    0,    0,    0,    0,    0,    0,    0,    0,    0,    0,    0,    0,    0,    0,    0,    0,    0,    0,    0,    0,    0,    0,    0,    0,    0,    0,    0,    0,    0,    0,    0,    0,    0,    0,    0,    0,    0,    0,    0,    0,    0,    0,    0,    0,    0,
       0,    0,   -4,    0,    0,    5,    0,    4,    0,   -4,   -5,    9,   -4,   -4,    7,    0,   -4,   -4,    0,    0,    0,   -3,    0,    6,   -6,    5,    0,    0,  -11,    0,    0,    0,    0,    0,    0,    0,    0,    0,    0,    0,    0,    0,    0,    0,    0,    0,    0,    7,    0,    3,   -6,   -5,   -7,    0,   10,    0,    0,    0,    0,   -5,    0,    0,    0,    0,    0,    0,    0,    0,    0,    0,    0,    0,    0,    0,    0,    0,    0,    0,    0,    0,    0,    0,    0,    0,    0,    0,    0,    0,    0,    0,    0,    0,    0,    0,    0,    0,    0,    0,    0,    0,    0,    0,    0,    0,    0,    0,    0,    0,    0,    0,    0,    0,    0,    0,    0,    0,    0,    0,    0,    0,    0,    0,    0,    0,    0,    0,    0,    0,    0,    0,    0,    0,    0,    0,    0,    0,    0,    0,    0,    0,    0,    0,    0,    0,    5,    0,    0,    0,    0,    0,    0,    0,    0,    0,    0,    0,    0,    0,    0,    0,    0,    0,    0,    0,    0,    0,    0,    0,    0,    0,    0,    0,    0,    0,    0,    0,    0,    0,    0,    0,    0,    0,    0,    0,    0,    0,    0,    0,    0,    0,    0,    0,    0,    0,    0,    0,    0,    0,    0,    0,    0,    0,    0,    0,    0,    0,    0,    0,    0,    0,    0,    0,    0,    0,    0,    0,    0,    0,    0,    0,    0,    0,    0,    0,    0,    0,    0,    0,    0,    0,    0,    0,    0,    0,    0,    0,    0,    0,    0,    0,    0,    0,    0,    0,    0,    0,    0,    0,    0,    0,    0,    0,    0,
       0,    0,   -9,    4,    0,  -25,  -16,  -29,  -28,    7,  -17,  -21,   -9,   -9,  -30,    0,   -9,   -9,    0,    8,    0,    9,    6,    5,   10,    0,    0,    0,  -11,  -15,    0,  -18,  -18,  -18,    0,  -18,    0,    0,    0,  -13,  -18,  -18,  -15,    0,  -11,   -7,  -27,   -6,   -7,  -10,   -8,    0,  -28,  -25,  -24,    0,    0,    7,   10,  -26,   17,    7,    4,    0,  -24,  -22,    0,    0,    0,    0,    0,    0,    0,    0,    0,    0,    0,    0,    0,    0,    0,    0,    0,    0,    0,    0,    0,    0,    0,    0,    0,    0,    0,    0,    0,    0,    0,    0,    0,    0,    0,    0,    0,    0,    0,    0,    0,    0,    0,    0,    0,    0,    0,    0,    0,    0,    0,    0,    0,    0,    0,    0,    0,    0,    0,    0,    0,    0,    0,    0,    0,    0,    0,    0,    0,    0,    0,    0,    0,    0,    0,    0,    0,    0,  -22,    0,    0,    0,    0,    0,    0,    0,    0,    0,    0,    0,    0,    0,    0,    0,    0,    0,    0,    0,    0,    0,    0,    0,    0,    0,    0,    0,    0,    0,    0,    0,    0,    0,    0,    0,    0,    0,    0,    0,    0,    0,    0,    0,    0,    0,    0,    0,    0,    0,    0,    0,    0,    0,    0,    0,    0,    0,    0,    0,    0,    0,    0,    0,    0,    0,    0,    0,    0,    0,    0,    0,    0,    0,    0,    0,    0,    0,    0,    0,    0,    0,    0,    0,    0,    0,    0,    0,    0,    0,    0,    0,    0,    0,    0,    0,    0,    0,    0,    0,    0,    0,    0,    0,    0,    0,    0,    0,    0,
       0,    0,   -3,    0,    0,   -3,    0,  -14,   -3,    0,    0,   -3,    0,    0,   -5,    0,    0,    0,    0,    0,    0,    0,    0,    0,    0,   -5,    0,    0,  -12,   -5,    0,    0,    0,    0,    0,    0,    0,    0,    0,    0,    0,    0,    0,    0,    0,    0,    0,    0,    0,   -6,   -3,   -7,    0,    0,  -11,    0,    0,    0,    0,    0,    0,    0,    0,    0,    0,    0,   -5,    0,    0,    0,    0,    0,    0,    0,    0,    0,    0,    0,    0,    0,    0,    0,    0,    0,    0,    0,    0,    0,    0,    0,    0,    0,    0,    0,    0,    0,    0,    0,    0,    0,    0,    0,    0,    0,    0,    0,    0,    0,    0,    0,    0,    0,    0,    0,    0,    0,    0,    0,    0,    0,    0,    0,    0,    0,    0,    0,    0,    0,    0,    0,    0,    0,    0,    0,    0,    0,    0,    0,    0,    0,    0,    0,    0,    0,   -7,    0,    0,    0,    0,    0,    0,    0,    0,    0,    0,    0,    0,    0,    0,    0,    0,    0,    0,    0,    0,    0,    0,    0,    0,    0,    0,    0,    0,    0,    0,    0,    0,    0,    0,    0,    0,    0,    0,    0,    0,    0,    0,    0,    0,    0,    0,    0,    0,    0,    0,    0,    0,    0,    0,    0,    0,    0,    0,    0,    0,    0,    0,    0,    0,    0,    0,    0,    0,    0,    0,    0,    0,    0,    0,    0,    0,    0,    0,    0,    0,    0,    0,    0,    0,    0,    0,    0,    0,    0,    0,    0,    0,    0,    0,    0,    0,    0,    0,    0,    0,    0,    0,    0,    0,    0,    0,    0,    0,
       0,    5,  -11,    5,    0,  -25,   -3,  -22,   -7,    8,  -13,  -21,   -6,   -6,  -32,   -2,   -6,   -6,    0,    9,    0,   10,    7,    6,   11,    0,    0,    0,   -9,   -8,    0,  -15,  -15,  -15,    0,  -15,    0,    0,    0,  -10,  -15,  -15,   -5,    0,   -8,    0,    0,    0,    0,   -1,   -8,    0,  -14,   -4,  -27,    0,    4,    0,   11,  -17,   14,   10,    4,    0,   -9,   -8,    0,    0,    0,    0,    0,    0,    0,    0,    0,    0,    0,    0,    0,    0,    0,    0,    0,    0,    0,    0,    0,    0,    0,    0,    0,    0,    0,    0,    0,    0,    0,    0,    0,    0,    0,    0,    0,    0,    0,    0,    0,    0,    0,    0,    0,    0,    0,    0,    0,    0,    0,    0,    0,    0,    0,    0,    0,    0,    0,    0,    0,    0,    0,    0,    0,    0,    0,    0,    0,    0,    0,    0,    0,    0,    0,    0,    6,    8,  -25,    0,    0,    0,    0,    0,    0,    0,    0,    0,    0,    0,    0,    0,    0,    0,    0,    0,    0,    0,    0,    0,    0,    0,    0,    0,    0,    0,    0,    0,    0,    0,    0,    0,    0,    0,    0,    0,    0,    0,    0,    0,    0,    0,    0,    0,    0,    0,    0,    0,    0,    0,    0,    0,    0,    0,    0,    0,    0,    0,    0,    0,    0,    0,    0,    0,    0,    0,    0,    0,    0,    0,    0,    0,    0,    0,    0,    0,    0,    0,    0,    0,    0,    0,    0,    0,    0,    0,    0,    0,    0,    0,    0,    0,    0,    0,    0,    0,    0,    0,    0,    0,    0,    0,    0,    0,    0,    0,    0,
       0,    4,   -5,    0,    0,  -12,    0,  -16,   -4,    5,   -6,   -6,   -5,   -5,  -20,    0,   -5,   -5,    0,    6,    0,    7,    4,    3,    8,    0,    0,    0,  -12,  -10,    0,   -7,   -7,   -7,    0,   -9,    0,    0,    0,   -7,   -7,   -7,   -6,    0,   -6,    0,    0,    0,    0,    0,   -6,    0,   -7,    0,  -16,    0,    0,    0,    6,   -9,    4,    0,    0,    0,   -5,    0,    0,    0,    0,    0,    0,    0,    0,    0,    0,    0,    0,    0,    0,    0,    0,    0,    0,    0,    0,    0,    0,    0,    0,    0,    0,    0,    0,    0,    0,    0,    0,    0,    0,    0,    0,    0,    0,    0,    0,    0,    0,    0,    0,    0,    0,    0,    0,    0,    0,    0,    0,    0,    0,    0,    0,    0,    0,    0,    0,    0,    0,    0,    0,    0,    0,    0,    0,    0,    0,    0,    0,    0,    0,    0,    0,    0,    6,    8,  -13,    0,    0,    0,    0,    0,    0,    0,    0,    0,    0,    0,    0,    0,    0,    0,    0,    0,    0,    0,    0,    0,    0,    0,    0,    0,    0,    0,    0,    0,    0,    0,    0,    0,    0,    0,    0,    0,    0,    0,    0,    0,    0,    0,    0,    0,    0,    0,    0,    0,    0,    0,    0,    0,    0,    0,    0,    0,    0,    0,    0,    0,    0,    0,    0,    0,    0,    0,    0,    0,    0,    0,    0,    0,    0,    0,    0,    0,    0,    0,    0,    0,    0,    0,    0,    0,    0,    0,    0,    0,    0,    0,    0,    0,    0,    0,    0,    0,    0,    0,    0,    0,    0,    0,    0,    0,    0,    0,    0,
       0,    0,   -8,    0,   -9,    4,   -9,    3,    0,    0,   -9,    9,   -8,   -8,    7,    0,   -8,   -8,    0,    4,    0,    6,    0,    6,    6,    4,    0,    0,  -11,    0,    0,   -6,   -6,   -6,    0,   -6,    0,    0,    0,    0,   -6,   -6,    0,    0,   -3,   -4,  -12,    6,   -2,    0,   -9,    0,  -16,    0,    9,    0,    0,    0,    0,  -10,    0,    0,    0,    0,    0,   -6,    0,    0,    0,    0,    0,    0,    0,    0,    0,    0,    0,    0,    0,    0,    0,    0,    0,    0,    0,    0,    0,    0,    0,    0,    0,    0,    0,    0,    0,    0,    0,    0,    0,    0,    0,    0,    0,    0,    0,    0,    0,    0,    0,    0,    0,    0,    0,    0,    0,    0,    0,    0,    0,    0,    0,    0,    0,    0,    0,    0,    0,    0,    0,    0,    0,    0,    0,    0,    0,    0,    0,    0,    0,    0,    0,    0,    0,    0,    3,    0,    0,    0,    0,    0,    0,    0,    0,    0,    0,    0,    0,    0,    0,    0,    0,    0,    0,    0,    0,    0,    0,    0,    0,    0,    0,    0,    0,    0,    0,    0,    0,    0,    0,    0,    0,    0,    0,    0,    0,    0,    0,    0,    0,    0,    0,    0,    0,    0,    0,    0,    0,    0,    0,    0,    0,    0,    0,    0,    0,    0,    0,    0,    0,    0,    0,    0,    0,    0,    0,    0,    0,    0,    0,    0,    0,    0,    0,    0,    0,    0,    0,    0,    0,    0,    0,    0,    0,    0,    0,    0,    0,    0,    0,    0,    0,    0,    0,    0,    0,    0,    0,    0,    0,    0,    0,    0,    0,
       0,    0,  -14,    6,    0,  -22,  -16,  -27,  -13,    8,  -19,  -26,  -14,  -14,  -38,   -3,  -14,  -14,    0,   10,    0,   11,    8,    7,   12,    4,    0,    0,   -9,  -14,    0,  -16,  -16,  -16,    0,  -16,    0,    0,    0,  -13,  -16,  -16,   -7,    0,  -11,    0,    0,   -5,    0,   -9,   -7,    0,  -25,  -11,  -27,    0,    0,    0,   14,  -26,   13,   11,    0,    0,  -14,  -13,    0,    0,    0,    0,    0,    0,    0,    0,    0,    0,    0,    0,    0,    0,    0,    0,    0,    0,    0,    0,    0,    0,    0,    0,    0,    0,    0,    0,    0,    0,    0,    0,    0,    0,    0,    0,    0,    0,    0,    0,    0,    0,    0,    0,    0,    0,    0,    0,    0,    0,    0,    0,    0,    0,    0,    0,    0,    0,    0,    0,    0,    0,    0,    0,    0,    0,    0,    0,    0,    0,    0,    0,    0,    0,    0,    0,    4,    6,  -26,    0,    0,    0,    0,    0,    0,    0,    0,    0,    0,    0,    0,    0,    0,    0,    0,    0,    0,    0,    0,    0,    0,    0,    0,    0,    0,    0,    0,    0,    0,    0,    0,    0,    0,    0,    0,    0,    0,    0,    0,    0,    0,    0,    0,    0,    0,    0,    0,    0,    0,    0,    0,    0,    0,    0,    0,    0,    0,    0,    0,    0,    0,    0,    0,    0,    0,    0,    0,    0,    0,    0,    0,    0,    0,    0,    0,    0,    0,    0,    0,    0,    0,    0,    0,    0,    0,    0,    0,    0,    0,    0,    0,    0,    0,    0,    0,    0,    0,    0,    0,    0,    0,    0,    0,    0,    0,    0,    0,
       0,    0,   -7,    0,    0,    4,  -20,    0,    0,    0,   -5,    6,  -12,  -12,    6,    0,  -12,  -12,    0,    0,   -5,    3,    0,    0,    4,    0,   -6,    0,  -14,    0,    0,   -5,   -6,   -5,    0,   -8,    0,    0,    0,    0,   -6,   -5,    0,   -4,   -6,   -8,   -8,    3,   -8,    0,  -12,   -5,  -17,    0,    6,    0,    0,    0,    3,   -5,    4,    0,    0,    0,    0,    0,    0,    0,    0,    0,    0,    0,    0,    0,    0,    0,    0,    0,    0,    0,    0,    0,    0,    0,    0,    0,    0,    0,    0,    0,    0,    0,    0,    0,    0,    0,    0,    0,    0,    0,    0,    0,    0,    0,    0,    0,    0,    0,    0,    0,    0,    0,    0,    0,    0,    0,    0,    0,    0,    0,    0,    0,    0,    0,    0,    0,    0,    0,    0,    0,    0,    0,    0,    0,    0,    0,    0,    0,    0,    0,    0,    0,    0,    0,    0,    0,    0,    0,    0,    0,    0,    0,    0,    0,    0,    0,    0,    0,    0,    0,    0,    0,    0,    0,    0,    0,    0,    0,    0,    0,    0,    0,    0,    0,    0,    0,    0,    0,    0,    0,    0,    0,    0,    0,    0,    0,    0,    0,    0,    0,    0,    0,    0,    0,    0,    0,    0,    0,    0,    0,    0,    0,    0,    0,    0,    0,    0,    0,    0,    0,    0,    0,    0,    0,    0,    0,    0,    0,    0,    0,    0,    0,    0,    0,    0,    0,    0,    0,    0,    0,    0,    0,    0,    0,    0,    0,    0,    0,    0,    0,    0,    0,    0,    0,    0,    0,    0,    0,    0,    0,    0,    0,    0,
       0,    0,    0,    0,    0,    0,    0,    0,    0,    0,    0,   -9,  -14,  -14,   -9,    0,  -14,  -14,   -9,  -11,  -13,  -10,  -12,  -12,   -9,  -14,    0,    0,   27,    0,    0,    0,    0,    0,    0,    0,    0,    0,    0,    0,    0,    0,    0,    0,    0,    0,    0,    0,    0,    0,    0,    0,    0,    0,   -9,    0,    0,    0,    0,    0,    0,    0,    0,    0,    0,    0,    0,    0,    0,    0,  -11,  -14,   -6,   -7,   -8,  -10,   -9,    9,  -10,    0,    0,  -14,  -14,  -12,  -16,    0,  -12,    0,    0,    0,    0,    0,    0,    0,    0,    0,    0,    0,    0,    0,    0,    0,    0,    0,    0,    0,    0,    0,    0,    0,    0,    0,    0,    0,    0,    0,    0,    0,  -16,    0,   -9,    0,    0,   -9,    0,    0,   -5,    0,    0,  -10,    0,    0,    0,    0,    0,    0,    0,    0,    0,    0,    0,    0,    0,    0,    0,    0,    0,    0,    0,    0,    0,    0,    0,    0,    0,    0,    0,    0,    0,    0,    0,    0,    0,    0,    0,    0,    0,    0,    0,    0,    0,    0,    0,    0,    0,    0,    0,    0,    0,    0,    0,    0,    0,    0,    0,    0,    0,    0,    0,    0,    0,    0,    0,    0,    0,    0,    0,    0,    0,    0,    0,    0,    0,    0,    0,    0,    0,    0,    0,    0,    0,    0,    0,    0,    0,    0,    0,    0,    0,    0,    0,    0,    0,    0,    0,    0,    0,    0,    0,    0,    0,    0,    0,    0,    0,    0,    0,    0,    0,    0,    0,    0,    0,    0,    0,    0,    0,    0,    0,    0,    0,    0,    0,
       0,    0,    0,    0,    0,    0,    0,    0,    0,    0,    0,    0,   -3,   -3,    0,    0,   -3,   -3,    0,    0,    0,    0,   -3,   -3,    0,   -5,    0,    0,    0,    0,    0,    0,    0,    0,    0,    0,    0,    0,    0,    0,    0,    0,    0,    0,    0,    0,    0,    0,    0,    0,    0,    0,    0,    0,    0,    0,    0,    0,    0,    0,    0,    0,    0,    0,    0,    0,    0,    0,    0,    0,    0,   -3,   -3,    0,    0,    0,    0,    0,    0,    0,    0,   -3,   -3,   -3,   -7,    0,   -4,    0,    0,    0,    0,    0,    0,    0,    0,    0,    0,    0,    0,    0,    0,    0,    0,    0,    0,    0,    0,    0,    0,    0,    0,    0,    0,    0,    0,    0,    0,    0,   -7,    0,    0,    0,    0,    0,    0,    0,   -6,    0,    0,    0,    0,    0,    0,    0,    0,    0,    0,    0,    0,    0,    0,    0,    0,    0,    0,    0,    0,    0,    0,    0,    0,    0,    0,    0,    0,    0,    0,    0,    0,    0,    0,    0,    0,    0,    0,    0,    0,    0,    0,    0,    0,    0,    0,    0,    0,    0,    0,    0,    0,    0,    0,    0,    0,    0,    0,    0,    0,    0,    0,    0,    0,    0,    0,    0,    0,    0,    0,    0,    0,    0,    0,    0,    0,    0,    0,    0,    0,    0,    0,    0,    0,    0,    0,    0,    0,    0,    0,    0,    0,    0,    0,    0,    0,    0,    0,    0,    0,    0,    0,    0,    0,    0,    0,    0,    0,    0,    0,    0,    0,    0,    0,    0,    0,    0,    0,    0,    0,    0,    0,    0,    0,    0,    0,
       0,   -9,    0,   -8,   -7,    0,    0,    0,    0,   -9,    0,    0,    0,    0,    0,    0,    0,    0,    0,    0,    0,    0,    0,    0,    0,    0,    0,    0,  -10,    0,    0,    0,    0,    0,    0,    0,    0,    0,    0,    0,    0,    0,    0,    0,    0,   -5,   -4,    0,   -5,    0,    0,   -7,    0,    0,    0,    0,    0,    0,    0,    0,    0,    0,    0,    0,    0,    0,    0,    0,    0,    0,    0,    0,    0,    0,    0,    0,    0,    0,    0,    0,    0,    0,    0,    0,    0,    0,    0,    0,    0,    0,    0,    0,    0,    0,    0,    0,    0,    0,    0,    0,    0,    0,    0,    0,    0,    0,    0,    0,    0,    0,    0,    0,    0,    0,    0,    0,    0,    0,    0,    0,    0,    0,    0,    0,    0,    0,    0,    0,    0,    0,    0,    0,    0,    0,    0,    0,    0,    0,    0,    0,    0,    0,    0,   -8,    0,    0,    0,    0,    0,    0,    0,    0,    0,    0,    0,    0,    0,    0,    0,    0,    0,    0,    0,    0,    0,    0,    0,    0,    0,    0,    0,    0,    0,    0,    0,    0,    0,    0,    0,    0,    0,    0,    0,    0,    0,    0,    0,    0,    0,    0,    0,    0,    0,    0,    0,    0,    0,    0,    0,    0,    0,    0,    0,    0,    0,    0,    0,    0,    0,    0,    0,    0,    0,    0,    0,    0,    0,    0,    0,    0,    0,    0,    0,    0,    0,    0,    0,    0,    0,    0,    0,    0,    0,    0,    0,    0,    0,    0,    0,    0,    0,    0,    0,    0,    0,    0,    0,    0,    0,    0,    0,    0,    0,
       0,  -12,    0,   -9,    0,    0,    0,   -7,    0,   -9,    0,    0,    0,    0,    0,    0,    0,    0,    0,    0,    0,    0,    0,    0,    0,    0,    0,    0,  -10,    0,    0,    0,    0,    0,    0,    0,    0,    0,    0,    0,    0,    0,    0,    0,    0,   -4,   -4,   -6,   -4,   -7,    0,   -7,    0,    0,    0,    0,    0,    0,    0,    0,    0,    0,    0,    0,    0,    0,    0,    0,    0,    0,    0,    0,    0,    0,    0,    0,    0,    0,    0,    0,    0,    0,    0,    0,    0,    0,    0,    0,    0,    0,    0,    0,    0,    0,    0,    0,    0,    0,    0,    0,    0,    0,    0,    0,    0,    0,    0,    0,    0,    0,    0,    0,    0,    0,    0,    0,    0,    0,    0,    0,    0,    0,    0,    0,    0,    0,    0,    0,    0,    0,    0,    0,    0,    0,    0,    0,    0,    0,    0,    0,    0,    0,  -11,  -11,    0,    0,    0,    0,    0,    0,    0,    0,    0,    0,    0,    0,    0,    0,    0,    0,    0,    0,    0,    0,    0,    0,    0,    0,    0,    0,    0,    0,    0,    0,    0,    0,    0,    0,    0,    0,    0,    0,    0,    0,    0,    0,    0,    0,    0,    0,    0,    0,    0,    0,    0,    0,    0,    0,    0,    0,    0,    0,    0,    0,    0,    0,    0,    0,    0,    0,    0,    0,    0,    0,    0,    0,    0,    0,    0,    0,    0,    0,    0,    0,    0,    0,    0,    0,    0,    0,    0,    0,    0,    0,    0,    0,    0,    0,    0,    0,    0,    0,    0,    0,    0,    0,    0,    0,    0,    0,    0,    0,    0,
       0,    0,    0,    0,    0,    3,  -11,    0,    0,    0,    0,    0,    0,    0,    0,    0,    0,    0,    0,    0,    0,    0,    0,    0,    0,    0,    0,    0,   -9,    0,    0,    0,   -4,    0,    0,   -5,    0,    0,    0,    0,   -4,    0,    0,    0,    0,    4,    3,    5,    4,    0,   -7,    0,  -10,    0,    0,    0,    0,    0,    0,    0,    0,    0,    0,    0,    0,    0,    0,    0,    0,    0,    0,    0,    0,    0,    0,    0,    0,    0,    0,    0,    0,    0,    0,    0,    0,    0,    0,    0,    0,    0,    0,    0,    0,    0,    0,    0,    0,    0,    0,    0,    0,    0,    0,    0,    0,    0,    0,    0,    0,    0,    0,    0,    0,    0,    0,    0,    0,    0,    0,    0,    0,    0,    0,    0,    0,    0,    0,    0,    0,    0,    0,    0,    0,    0,    0,    0,    0,    0,    0,    0,    0,    0,    0,    0,    0,    0,    0,    0,    0,    0,    0,    0,    0,    0,    0,    0,    0,    0,    0,    0,    0,    0,    0,    0,    0,    0,    0,    0,    0,    0,    0,    0,    0,    0,    0,    0,    0,    0,    0,    0,    0,    0,    0,    0,    0,    0,    0,    0,    0,    0,    0,    0,    0,    0,    0,    0,    0,    0,    0,    0,    0,    0,    0,    0,    0,    0,    0,    0,    0,    0,    0,    0,    0,    0,    0,    0,    0,    0,    0,    0,    0,    0,    0,    0,    0,    0,    0,    0,    0,    0,    0,    0,    0,    0,    0,    0,    0,    0,    0,    0,    0,    0,    0,    0,    0,    0,    0,    0,    0,    0,    0,    0,    0,
       0,    0,    0,   13,    4,  -17,  -12,  -14,    0,    8,    0,    0,    0,    0,    0,    0,    0,    0,    0,    0,    0,    0,    0,    0,    0,    0,    0,    0,   13,    0,    0,    0,    0,    0,    0,    0,    0,    0,    0,    0,    0,    0,    0,    0,    0,    6,    6,    5,    6,    0,    0,   13,   -6,    3,    0,    0,   10,    0,   13,   -6,   13,   10,   13,    0,    0,    0,    0,    0,    0,    0,    0,    0,    0,    0,    0,    0,    0,    0,    0,    0,    0,    0,    0,    0,    0,    0,    0,    0,    0,    0,    0,    0,    0,    0,    0,    0,    0,    0,    0,    0,    0,    0,    0,    0,    0,    0,    0,    0,    0,    0,    0,    0,    0,    0,    0,    0,    0,    0,    0,    0,    0,    0,    0,    0,    0,    0,    0,    0,    0,    0,    0,    0,    0,    0,    0,    0,    0,    0,    0,    0,    0,    0,    0,    7,  -18,    0,    0,    0,    0,    0,    0,    0,    0,    0,    0,    0,    0,    0,    0,    0,    0,    0,    0,    0,    0,    0,    0,    0,    0,    0,    0,    0,    0,    0,    0,    0,    0,    0,    0,    0,    0,    0,    0,    0,    0,    0,    0,    0,    0,    0,    0,    0,    0,    0,    0,    0,    0,    0,    0,    0,    0,    0,    0,    0,    0,    0,    0,    0,    0,    0,    0,    0,    0,    0,    0,    0,    0,    0,    0,    0,    0,    0,    0,    0,    0,    0,    0,    0,    0,    0,    0,    0,    0,    0,    0,    0,    0,    0,    0,    0,    0,    0,    0,    0,    0,    0,    0,    0,    0,    0,    0,    0,    0,
       0,  -12,    0,   -8,   -7,    0,    0,    0,    0,   -9,    0,    0,    0,    0,    0,    0,    0,    0,    0,    0,    0,    0,    0,    0,    0,    0,    0,    0,  -10,    0,    0,    0,    0,    0,    0,    0,    0,    0,    0,    0,    0,    0,    0,    0,    0,   -5,   -4,    0,   -6,    0,    0,   -7,    0,    0,    0,    0,    0,    0,    0,    0,    0,    0,    0,    0,    0,    0,    0,    0,    0,    0,    0,    0,    0,    0,    0,    0,    0,    0,    0,    0,    0,    0,    0,    0,    0,    0,    0,    0,    0,    0,    0,    0,    0,    0,    0,    0,    0,    0,    0,    0,    0,    0,    0,    0,    0,    0,    0,    0,    0,    0,    0,    0,    0,    0,    0,    0,    0,    0,    0,    0,    0,    0,    0,    0,    0,    0,    0,    0,    0,    0,    0,    0,    0,    0,    0,    0,    0,    0,    0,    0,    0,    0,  -10,  -10,    0,    0,    0,    0,    0,    0,    0,    0,    0,    0,    0,    0,    0,    0,    0,    0,    0,    0,    0,    0,    0,    0,    0,    0,    0,    0,    0,    0,    0,    0,    0,    0,    0,    0,    0,    0,    0,    0,    0,    0,    0,    0,    0,    0,    0,    0,    0,    0,    0,    0,    0,    0,    0,    0,    0,    0,    0,    0,    0,    0,    0,    0,    0,    0,    0,    0,    0,    0,    0,    0,    0,    0,    0,    0,    0,    0,    0,    0,    0,    0,    0,    0,    0,    0,    0,    0,    0,    0,    0,    0,    0,    0,    0,    0,    0,    0,    0,    0,    0,    0,    0,    0,    0,    0,    0,    0,    0,    0,    0,
       0,    0,    0,    0,    0,    0,    0,    0,    0,    0,    0,    0,    0,    0,    0,    0,    0,    0,    0,    0,    0,    0,    0,    0,    0,    0,    0,    0,    0,    0,    0,    0,    0,    0,    0,    0,    0,    3,    0,    0,    0,    0,    0,    0,    0,    0,    0,    0,    0,    0,    0,    0,    0,    0,    0,    0,    0,    0,    0,    0,    0,    0,    0,    0,    0,    0,    0,    0,    0,    0,    0,    0,    0,    0,    0,    0,    0,    0,    0,    0,    0,    0,    0,    0,    0,    0,    0,    0,    0,    0,    0,    0,    0,    0,    0,    0,    0,    0,    0,    0,    0,    0,    0,    0,    0,    0,    0,    0,    0,    0,    0,    0,    0,    0,    0,    0,    0,    0,    0,    0,    0,    0,    0,    0,    0,    0,    0,    0,    0,    0,    0,    0,    0,    0,    0,    0,    0,    0,    0,    0,    0,    0,    0,    0,    0,    0,    0,    0,    0,    0,    0,    0,    0,    0,    0,    0,    0,    0,    0,    0,    0,    0,    0,    0,    0,    0,    0,    0,    0,    0,    0,    0,    0,    0,    0,    0,    0,    0,    0,    0,    0,    0,    0,    0,    0,    0,    0,    0,    0,    0,    0,    0,    0,    0,    0,    0,    0,    0,    0,    0,    0,    0,    0,    0,    0,    0,    0,    0,    0,    0,    0,    0,    0,    0,    0,    0,    0,    0,    0,    0,    0,    0,    0,    0,    0,    0,    0,    0,    0,    0,    0,    0,    0,    0,    0,    0,    0,    0,    0,    0,    0,    0,    0,    0,    0,    0,    0,    0,    0,    0,    0,    0,    0,
       0,    0,    0,    0,    0,    0,   -9,    4,    0,    0,   -7,    0,    0,    0,    0,    0,    0,    0,    0,    0,    0,    0,    0,    0,    0,    0,    0,    0,   -8,    0,    0,   -9,   -9,   -9,    0,  -10,    0,    0,    0,    0,  -10,   -9,    0,    0,    0,    0,    0,    6,    0,    0,   -6,    0,  -11,    0,    0,    0,    0,    0,    0,   -9,    0,    0,    0,    0,    0,    0,    0,    0,    0,    0,    0,    0,    0,    0,    0,    0,    0,    0,    0,    0,    0,    0,    0,    0,    0,    0,    0,    0,    0,    0,    0,    0,    0,    0,    0,    0,    0,    0,    0,    0,    0,    0,    0,    0,    0,    0,    0,    0,    0,    0,    0,    0,    0,    0,    0,    0,    0,    0,    0,    0,    0,    0,    0,    0,    0,    0,    0,    0,    0,    0,    0,    0,    0,    0,    0,    0,    0,    0,    0,    0,    0,    0,    0,    0,    0,    0,    0,    0,    0,    0,    0,    0,    0,    0,    0,    0,    0,    0,    0,    0,    0,    0,    0,    0,    0,    0,    0,    0,    0,    0,    0,    0,    0,    0,    0,    0,    0,    0,    0,    0,    0,    0,    0,    0,    0,    0,    0,    0,    0,    0,    0,    0,    0,    0,    0,    0,    0,    0,    0,    0,    0,    0,    0,    0,    0,    0,    0,    0,    0,    0,    0,    0,    0,    0,    0,    0,    0,    0,    0,    0,    0,    0,    0,    0,    0,    0,    0,    0,    0,    0,    0,    0,    0,    0,    0,    0,    0,    0,    0,    0,    0,    0,    0,    0,    0,    0,    0,    0,    0,    0,    0,    0,    0,
       0,  -10,    0,   -8,   -7,    0,    0,    0,    0,   -9,    0,    0,    0,    0,    0,    0,    0,    0,    0,    0,    0,    0,    0,    0,    0,    0,    0,    0,  -10,    0,    0,    0,    0,    0,    0,    0,    0,    0,    0,    0,    0,    0,    0,    0,    0,   -5,   -5,    0,   -6,    0,    0,   -7,    0,    0,    0,    0,    0,    0,    0,    0,    0,    0,    0,    0,    0,    0,    0,    0,    0,    0,    0,    0,    0,    0,    0,    0,    0,    0,    0,    0,    0,    0,    0,    0,    0,    0,    0,    0,    0,    0,    0,    0,    0,    0,    0,    0,    0,    0,    0,    0,    0,    0,    0,    0,    0,    0,    0,    0,    0,    0,    0,    0,    0,    0,    0,    0,    0,    0,    0,    0,    0,    0,    0,    0,    0,    0,    0,    0,    0,    0,    0,    0,    0,    0,    0,    0,    0,    0,    0,    0,    0,    0,   -7,   -9,    0,    0,    0,    0,    0,    0,    0,    0,    0,    0,    0,    0,    0,    0,    0,    0,    0,    0,    0,    0,    0,    0,    0,    0,    0,    0,    0,    0,    0,    0,    0,    0,    0,    0,    0,    0,    0,    0,    0,    0,    0,    0,    0,    0,    0,    0,    0,    0,    0,    0,    0,    0,    0,    0,    0,    0,    0,    0,    0,    0,    0,    0,    0,    0,    0,    0,    0,    0,    0,    0,    0,    0,    0,    0,    0,    0,    0,    0,    0,    0,    0,    0,    0,    0,    0,    0,    0,    0,    0,    0,    0,    0,    0,    0,    0,    0,    0,    0,    0,    0,    0,    0,    0,    0,    0,    0,    0,    0,    0,
       0,  -11,    0,   -9,   -7,    0,    0,   -8,    0,  -10,    0,    0,    0,    0,    0,    0,    0,    0,    0,    0,    0,    0,    0,    0,    0,    0,    0,    0,  -10,    0,    0,    0,    0,    0,    0,    0,    0,    0,    0,    0,    0,    0,    0,    0,    0,   -5,   -4,   -6,   -5,   -7,    0,   -7,    0,    0,    0,    0,    0,    0,    0,    0,    0,    0,    0,    0,    0,    0,    0,    0,    0,    0,    0,    0,    0,    0,    0,    0,    0,    0,    0,    0,    0,    0,    0,    0,    0,    0,    0,    0,    0,    0,    0,    0,    0,    0,    0,    0,    0,    0,    0,    0,    0,    0,    0,    0,    0,    0,    0,    0,    0,    0,    0,    0,    0,    0,    0,    0,    0,    0,    0,    0,    0,    0,    0,    0,    0,    0,    0,    0,    0,    0,    0,    0,    0,    0,    0,    0,    0,    0,    0,    0,    0,    0,   -7,   -9,    0,    0,    0,    0,    0,    0,    0,    0,    0,    0,    0,    0,    0,    0,    0,    0,    0,    0,    0,    0,    0,    0,    0,    0,    0,    0,    0,    0,    0,    0,    0,    0,    0,    0,    0,    0,    0,    0,    0,    0,    0,    0,    0,    0,    0,    0,    0,    0,    0,    0,    0,    0,    0,    0,    0,    0,    0,    0,    0,    0,    0,    0,    0,    0,    0,    0,    0,    0,    0,    0,    0,    0,    0,    0,    0,    0,    0,    0,    0,    0,    0,    0,    0,    0,    0,    0,    0,    0,    0,    0,    0,    0,    0,    0,    0,    0,    0,    0,    0,    0,    0,    0,    0,    0,    0,    0,    0,    0,    0,
       0,  -11,    0,   -9,   -7,    0,    0,   -7,    0,   -9,    0,    0,    0,    0,    0,    0,    0,    0,    0,    0,    0,    0,    0,    0,    0,    0,    0,    0,  -10,    0,    0,    0,    0,    0,    0,    0,    0,    0,    0,    0,    0,    0,    0,    0,    0,   -5,   -4,   -6,   -5,   -6,    0,   -7,    0,    0,    0,    0,    0,    0,    0,    0,    0,    0,    0,    0,    0,    0,    0,    0,    0,    0,    0,    0,    0,    0,    0,    0,    0,    0,    0,    0,    0,    0,    0,    0,    0,    0,    0,    0,    0,    0,    0,    0,    0,    0,    0,    0,    0,    0,    0,    0,    0,    0,    0,    0,    0,    0,    0,    0,    0,    0,    0,    0,    0,    0,    0,    0,    0,    0,    0,    0,    0,    0,    0,    0,    0,    0,    0,    0,    0,    0,    0,    0,    0,    0,    0,    0,    0,    0,    0,    0,    0,    0,   -7,   -9,    0,    0,    0,    0,    0,    0,    0,    0,    0,    0,    0,    0,    0,    0,    0,    0,    0,    0,    0,    0,    0,    0,    0,    0,    0,    0,    0,    0,    0,    0,    0,    0,    0,    0,    0,    0,    0,    0,    0,    0,    0,    0,    0,    0,    0,    0,    0,    0,    0,    0,    0,    0,    0,    0,    0,    0,    0,    0,    0,    0,    0,    0,    0,    0,    0,    0,    0,    0,    0,    0,    0,    0,    0,    0,    0,    0,    0,    0,    0,    0,    0,    0,    0,    0,    0,    0,    0,    0,    0,    0,    0,    0,    0,    0,    0,    0,    0,    0,    0,    0,    0,    0,    0,    0,    0,    0,    0,    0,    0,
       0,    0,    0,    0,    0,    0,    0,    0,    0,    0,    0,    0,    0,    0,    0,    0,    0,    0,    0,    0,    0,    0,    0,    0,    0,    0,    0,    0,    0,    0,    0,    0,    0,    0,    0,    0,    0,   10,    0,    0,    0,    0,    0,    0,    0,    0,    0,    0,    0,    0,    0,    0,    0,    0,    0,    0,    0,    0,    0,    0,    0,    0,    0,    0,    0,    0,    0,    0,    0,    0,    0,    0,    0,    0,    0,    0,    0,    0,    0,    0,    0,    0,    0,    0,    0,    0,    0,    0,    0,    0,    0,    0,    0,    0,    0,    0,    0,    0,    0,    0,    0,    0,    0,    0,    0,    0,    0,    0,    0,    0,    0,    0,    0,    0,    0,    0,    0,    0,    0,    0,    0,    0,    0,    0,    0,    0,    0,    0,    0,    0,    0,    0,    0,    0,    0,    0,    0,    0,    0,    0,    0,    0,    0,    0,    0,    0,    0,    0,    0,    0,    0,    0,    0,    0,    0,    0,    0,    0,    0,    0,    0,    0,    0,    0,    0,    0,    0,    0,    0,    0,    0,    0,    0,    0,    0,    0,    0,    0,    0,    0,    0,    0,    0,    0,    0,    0,    0,    0,    0,    0,    0,    0,    0,    0,    0,    0,    0,    0,    0,    0,    0,    0,    0,    0,    0,    0,    0,    0,    0,    0,    0,    0,    0,    0,    0,    0,    0,    0,    0,    0,    0,    0,    0,    0,    0,    0,    0,    0,    0,    0,    0,    0,    0,    0,    0,    0,    0,    0,    0,    0,    0,    0,    0,    0,    0,    0,    0,    0,    0,    0,    0,    0,    0,
       0,    0,    0,    0,    4,  -18,  -11,  -15,    0,  -14,    0,    0,    0,    0,    0,    0,    0,    0,    0,    0,    0,    0,    0,    0,    0,    0,    0,    0,   -8,    0,    0,    0,    0,    0,    0,    0,    0,    0,    0,    0,    0,   -4,    0,    0,    0,    7,    6,    5,    7,    0,    0,    0,   -7,    0,    0,    0,    0,    0,    0,   -6,    0,    0,    0,    0,    0,    0,    0,    0,    0,    0,    0,    0,    0,    0,    0,    0,    0,    0,    0,    0,    0,    0,    0,    0,    0,    0,    0,    0,    0,    0,    0,    0,    0,    0,    0,    0,    0,    0,    0,    0,    0,    0,    0,    0,    0,    0,    0,    0,    0,    0,    0,    0,    0,    0,    0,    0,    0,    0,    0,    0,    0,    0,    0,    0,    0,    0,    0,    0,    0,    0,    0,    0,    0,    0,    0,    0,    0,    0,    0,    0,    0,    0,    0,    5,  -17,    0,    0,    0,    0,    0,    0,    0,    0,    0,    0,    0,    0,    0,    0,    0,    0,    0,    0,    0,    0,    0,    0,    0,    0,    0,    0,    0,    0,    0,    0,    0,    0,    0,    0,    0,    0,    0,    0,    0,    0,    0,    0,    0,    0,    0,    0,    0,    0,    0,    0,    0,    0,    0,    0,    0,    0,    0,    0,    0,    0,    0,    0,    0,    0,    0,    0,    0,    0,    0,    0,    0,    0,    0,    0,    0,    0,    0,    0,    0,    0,    0,    0,    0,    0,    0,    0,    0,    0,    0,    0,    0,    0,    0,    0,    0,    0,    0,    0,    0,    0,    0,    0,    0,    0,    0,    0,    0,    0,
       0,    0,    0,    0,    0,    4,  -13,    0,    0,    0,    0,    0,    0,    0,    0,    0,    0,    0,    0,    0,    0,    0,    0,    0,    0,    0,    0,    0,   -9,    0,    0,   -4,   -5,   -3,    0,   -3,    0,    0,    0,    0,   -5,   -4,    0,    0,    0,    0,    0,    6,    0,    0,   -7,    0,   -9,    0,    0,    0,    0,    0,    0,   -4,    0,    0,    0,    0,    0,    0,    0,    0,    0,    0,    0,    0,    0,    0,    0,    0,    0,    0,    0,    0,    0,    0,    0,    0,    0,    0,    0,    0,    0,    0,    0,    0,    0,    0,    0,    0,    0,    0,    0,    0,    0,    0,    0,    0,    0,    0,    0,    0,    0,    0,    0,    0,    0,    0,    0,    0,    0,    0,    0,    0,    0,    0,    0,    0,    0,    0,    0,    0,    0,    0,    0,    0,    0,    0,    0,    0,    0,    0,    0,    0,    0,    0,    0,    0,    0,    0,    0,    0,    0,    0,    0,    0,    0,    0,    0,    0,    0,    0,    0,    0,    0,    0,    0,    0,    0,    0,    0,    0,    0,    0,    0,    0,    0,    0,    0,    0,    0,    0,    0,    0,    0,    0,    0,    0,    0,    0,    0,    0,    0,    0,    0,    0,    0,    0,    0,    0,    0,    0,    0,    0,    0,    0,    0,    0,    0,    0,    0,    0,    0,    0,    0,    0,    0,    0,    0,    0,    0,    0,    0,    0,    0,    0,    0,    0,    0,    0,    0,    0,    0,    0,    0,    0,    0,    0,    0,    0,    0,    0,    0,    0,    0,    0,    0,    0,    0,    0,    0,    0,    0,    0,    0,    0,    0,
       0,    0,    0,    0,    3,  -12,    0,  -11,    0,  -13,    0,    0,    0,    0,    0,    0,    0,    0,    0,    0,    0,    0,    0,    0,    0,    0,    0,    0,   -9,    0,    0,   -5,   -5,   -5,    0,   -4,    0,    0,    0,    0,   -5,   -5,    0,    0,    0,    6,    6,    5,    6,    0,    0,    0,    0,    0,    0,    0,    0,    0,    0,   -6,    0,    0,    0,    0,    0,    0,    0,    0,    0,    0,    0,    0,    0,    0,    0,    0,    0,    0,    0,    0,    0,    0,    0,    0,    0,    0,    0,    0,    0,    0,    0,    0,    0,    0,    0,    0,    0,    0,    0,    0,    0,    0,    0,    0,    0,    0,    0,    0,    0,    0,    0,    0,    0,    0,    0,    0,    0,    0,    0,    0,    0,    0,    0,    0,    0,    0,    0,    0,    0,    0,    0,    0,    0,    0,    0,    0,    0,    0,    0,    0,    0,    0,    0,    4,  -12,    0,    0,    0,    0,    0,    0,    0,    0,    0,    0,    0,    0,    0,    0,    0,    0,    0,    0,    0,    0,    0,    0,    0,    0,    0,    0,    0,    0,    0,    0,    0,    0,    0,    0,    0,    0,    0,    0,    0,    0,    0,    0,    0,    0,    0,    0,    0,    0,    0,    0,    0,    0,    0,    0,    0,    0,    0,    0,    0,    0,    0,    0,    0,    0,    0,    0,    0,    0,    0,    0,    0,    0,    0,    0,    0,    0,    0,    0,    0,    0,    0,    0,    0,    0,    0,    0,    0,    0,    0,    0,    0,    0,    0,    0,    0,    0,    0,    0,    0,    0,    0,    0,    0,    0,    0,    0,    0,    0,
       0,    0,    0,    0,    3,  -11,    0,   -9,    0,  -12,    0,    0,    0,    0,    0,    0,    0,    0,    0,    0,    0,    0,    0,    0,    0,    0,    0,    0,   -9,    0,    0,   -4,    0,    0,    0,    0,    0,    0,    0,    0,   -4,    0,    0,    0,    0,    6,    6,    5,    6,    0,    0,    0,    0,    0,    0,    0,    0,    0,    0,   -5,    0,    0,    0,    0,    0,    0,    0,    0,    0,    0,    0,    0,    0,    0,    0,    0,    0,    0,    0,    0,    0,    0,    0,    0,    0,    0,    0,    0,    0,    0,    0,    0,    0,    0,    0,    0,    0,    0,    0,    0,    0,    0,    0,    0,    0,    0,    0,    0,    0,    0,    0,    0,    0,    0,    0,    0,    0,    0,    0,    0,    0,    0,    0,    0,    0,    0,    0,    0,    0,    0,    0,    0,    0,    0,    0,    0,    0,    0,    0,    0,    0,    0,    0,    4,  -10,    0,    0,    0,    0,    0,    0,    0,    0,    0,    0,    0,    0,    0,    0,    0,    0,    0,    0,    0,    0,    0,    0,    0,    0,    0,    0,    0,    0,    0,    0,    0,    0,    0,    0,    0,    0,    0,    0,    0,    0,    0,    0,    0,    0,    0,    0,    0,    0,    0,    0,    0,    0,    0,    0,    0,    0,    0,    0,    0,    0,    0,    0,    0,    0,    0,    0,    0,    0,    0,    0,    0,    0,    0,    0,    0,    0,    0,    0,    0,    0,    0,    0,    0,    0,    0,    0,    0,    0,    0,    0,    0,    0,    0,    0,    0,    0,    0,    0,    0,    0,    0,    0,    0,    0,    0,    0,    0,    0,
       0,    0,    0,    0,    0,    0,    0,    0,    0,    0,    0,    0,    0,    0,    0,    0,    0,    0,    0,    0,    0,    0,    0,    0,    0,    0,    0,    0,   -9,    0,    0,   -7,   -7,   -7,    0,   -7,    0,    0,    0,    0,   -7,   -7,    0,    0,    0,    0,    0,    6,    0,    0,   -7,    0,  -10,    0,    0,    0,    0,    0,    0,   -8,    0,    0,    0,    0,    0,    0,    0,    0,    0,    0,    0,    0,    0,    0,    0,    0,    0,    0,    0,    0,    0,    0,    0,    0,    0,    0,    0,    0,    0,    0,    0,    0,    0,    0,    0,    0,    0,    0,    0,    0,    0,    0,    0,    0,    0,    0,    0,    0,    0,    0,    0,    0,    0,    0,    0,    0,    0,    0,    0,    0,    0,    0,    0,    0,    0,    0,    0,    0,    0,    0,    0,    0,    0,    0,    0,    0,    0,    0,    0,    0,    0,    0,    0,    0,    0,    0,    0,    0,    0,    0,    0,    0,    0,    0,    0,    0,    0,    0,    0,    0,    0,    0,    0,    0,    0,    0,    0,    0,    0,    0,    0,    0,    0,    0,    0,    0,    0,    0,    0,    0,    0,    0,    0,    0,    0,    0,    0,    0,    0,    0,    0,    0,    0,    0,    0,    0,    0,    0,    0,    0,    0,    0,    0,    0,    0,    0,    0,    0,    0,    0,    0,    0,    0,    0,    0,    0,    0,    0,    0,    0,    0,    0,    0,    0,    0,    0,    0,    0,    0,    0,    0,    0,    0,    0,    0,    0,    0,    0,    0,    0,    0,    0,    0,    0,    0,    0,    0,    0,    0,    0,    0,    0,    0,
       0,    0,    0,    0,    0,    0,    0,    0,    0,    0,    0,    0,    0,    0,    0,    0,    0,    0,    0,    0,    0,    0,    0,    0,    0,    0,    0,    0,  -11,    0,    0,   -6,   -7,   -6,   -4,   -7,    0,    0,    0,    0,   -7,   -6,    0,   -4,   -4,    0,    0,    0,    0,    0,   -9,   -7,  -11,    0,    0,    0,    0,    0,    0,   -6,    0,    0,    0,    0,    0,    0,    0,    0,    0,    0,    0,    0,    0,    0,    0,    0,    0,    0,    0,    0,    0,    0,    0,    0,    0,    0,    0,    0,    0,    0,    0,    0,    0,    0,    0,    0,    0,    0,    0,    0,    0,    0,    0,    0,    0,    0,    0,    0,    0,    0,    0,    0,    0,    0,    0,    0,    0,    0,    0,    0,    0,    0,    0,    0,    0,    0,    0,    0,    0,    0,    0,    0,    0,    0,    0,    0,    0,    0,    0,    0,    0,    0,    0,    0,    0,    0,    0,    0,    0,    0,    0,    0,    0,    0,    0,    0,    0,    0,    0,    0,    0,    0,    0,    0,    0,    0,    0,    0,    0,    0,    0,    0,    0,    0,    0,    0,    0,    0,    0,    0,    0,    0,    0,    0,    0,    0,    0,    0,    0,    0,    0,    0,    0,    0,    0,    0,    0,    0,    0,    0,    0,    0,    0,    0,    0,    0,    0,    0,    0,    0,    0,    0,    0,    0,    0,    0,    0,    0,    0,    0,    0,    0,    0,    0,    0,    0,    0,    0,    0,    0,    0,    0,    0,    0,    0,    0,    0,    0,    0,    0,    0,    0,    0,    0,    0,    0,    0,    0,    0,    0,    0,    0,    0,
       0,    0,    0,    0,    0,    0,    0,    0,    0,    0,    0,   -4,   -9,  -10,   -4,    0,  -10,  -10,   -7,    0,   -8,    0,    0,    0,    0,   -6,    0,    0,    0,    0,    0,    0,    0,    0,    0,    0,    0,    0,    0,    0,    0,    0,    0,    0,    0,    0,    0,    0,    0,    0,    0,   27,    0,    0,   -4,    0,    0,    0,    0,    0,    0,    0,    0,    0,    0,    0,    0,    0,    0,    0,    0,   -9,   -6,    0,    0,    0,   -4,    9,    0,    0,    0,  -10,  -10,    0,   -4,    0,   -7,    0,    0,    0,    0,    0,    0,    0,    0,    0,    0,    0,    0,    0,    0,    0,    0,    0,    0,    0,    0,    0,    0,    0,    0,    0,    0,    0,    0,    0,    0,    0,  -11,    0,    0,    0,    0,   -3,    0,    0,   -5,    0,    0,   -3,    0,    0,    0,    0,    0,    0,    0,    0,    0,    0,    0,    0,    0,    0,    0,    0,    0,    0,    0,    0,    0,    0,    0,    0,    0,    0,    0,    0,    0,    0,    0,    0,    0,    0,    0,    0,    0,    0,    0,    0,    0,    0,    0,    0,    0,    0,    0,    0,    0,    0,    0,    0,    0,    0,    0,    0,    0,    0,    0,    0,    0,    0,    0,    0,    0,    0,    0,    0,    0,    0,    0,    0,    0,    0,    0,    0,    0,    0,    0,    0,    0,    0,    0,    0,    0,    0,    0,    0,    0,    0,    0,    0,    0,    0,    0,    0,    0,    0,    0,    0,    0,    0,    0,    0,    0,    0,    0,    0,    0,    0,    0,    0,    0,    0,    0,    0,    0,    0,    0,    0,    0,    0,    0,
       0,    0,    0,    0,    0,    0,    0,    0,    0,    0,    0,   -7,    0,    0,   -7,    0,    0,    0,   -6,   -8,   -4,   -8,   -6,  -10,   -8,  -11,    0,    0,    0,    0,    0,    0,    0,    0,    0,    0,    0,    0,    0,    0,    0,    0,    0,    0,    0,    0,    0,    0,    0,    0,    0,    0,    0,    0,   -7,    0,    0,    0,    0,    0,    0,    0,    0,    0,    0,    0,    0,    0,    0,    0,   -8,    0,   -6,   -5,   -6,   -8,   -7,   -6,   -8,   -9,    0,    0,    0,  -10,    0,   -8,   -5,    0,    0,    0,    0,    0,    0,    0,    0,    0,    0,    0,    0,    0,    0,    0,    0,    0,    0,    0,    0,    0,    0,    0,    0,    0,    0,    0,    0,    0,    0,    0,    0,    0,   -8,    0,    0,    0,    0,    0,    0,    0,    0,   -8,    0,    0,    0,    0,    0,    0,    0,    0,    0,    0,    0,    0,    0,    0,    0,    0,    0,    0,    0,    0,    0,    0,    0,    0,    0,    0,    0,    0,    0,    0,    0,    0,    0,    0,    0,    0,    0,    0,    0,    0,    0,    0,    0,    0,    0,    0,    0,    0,    0,    0,    0,    0,    0,    0,    0,    0,    0,    0,    0,    0,    0,    0,    0,    0,    0,    0,    0,    0,    0,    0,    0,    0,    0,    0,    0,    0,    0,    0,    0,    0,    0,    0,    0,    0,    0,    0,    0,    0,    0,    0,    0,    0,    0,    0,    0,    0,    0,    0,    0,    0,    0,    0,    0,    0,    0,    0,    0,    0,    0,    0,    0,    0,    0,    0,    0,    0,    0,    0,    0,    0,    0,    0,    0,
       0,    0,    0,    0,    0,    0,    0,    0,    0,    0,    0,    0,    0,    0,    0,    0,    0,    0,    0,  -28,   -4,  -10,   -7,    0,  -16,   -4,    0,    0,    0,    0,    0,    0,    0,    0,    0,    0,    0,    0,    0,    0,    0,    0,    0,    0,    0,    0,    0,    0,    0,    0,    0,    0,    0,    0,    0,    0,    0,    0,    0,    0,    0,    0,    0,    0,    0,    0,    0,    0,    0,    0,    0,    0,    0,    0,    0,    0,    0,    0,    0,    0,    0,    0,    0,    0,    0,    0,    0,    0,    0,    0,    0,    0,    0,    0,    0,    0,    0,    0,    0,    0,    0,    0,    0,    0,    0,    0,    0,    0,    0,    0,    0,    0,    0,    0,    0,    0,    0,    0,    0,    0,    0,    0,    0,    0,    0,    0,    0,    0,    0,    0,    0,    0,    0,    0,    0,    0,    0,    0,    0,    0,    0,    0,    0,    0,    0,    0,    0,    0,    0,    0,    0,    0,    0,    0,    0,    0,    0,    0,    0,    0,    0,    0,    0,    0,    0,    0,    0,    0,    0,    0,    0,    0,    0,    0,    0,    0,    0,    0,    0,    0,    0,    0,    0,    0,    0,    0,    0,    0,    0,    0,    0,    0,    0,    0,    0,    0,    0,    0,    0,    0,    0,    0,    0,    0,    0,    0,    0,    0,    0,    0,    0,    0,    0,    0,    0,    0,    0,    0,    0,    0,    0,    0,    0,    0,    0,    0,    0,    0,    0,    0,    0,    0,    0,    0,    0,    0,    0,    0,    0,    0,    0,    0,    0,    0,    0,    0,    0,    0,    0,    0,    0,    0,    0,
       0,    0,    0,    0,    0,    0,    0,    0,    0,    0,    0,    0,    0,    0,    0,    0,    0,    0,    0,  -26,    0,   -4,    0,    0,  -11,    0,    0,    0,    0,    0,    0,    0,    0,    0,    0,    0,    0,    0,    0,    0,    0,    0,    0,    0,    0,    0,    0,    0,    0,    0,    0,    0,    0,    0,    0,    0,    0,    0,    0,    0,    0,    0,    0,    0,    0,    0,    0,    0,    0,    0,  -26,    0,    0,    0,    0,    0,    0,    0,    0,    0,    0,    0,    0,    0,    0,    0,    0,    0,    0,    0,    0,    0,    0,    0,    0,    0,    0,    0,    0,    0,    0,    0,    0,    0,    0,    0,    0,    0,    0,    0,    0,    0,    0,    0,    0,    0,    0,    0,    0,    0,  -11,    0,    0,    0,    0,    0,    0,    0,    0,    0,    0,    0,    0,    0,    0,    0,    0,    0,    0,    0,    0,    0,    0,    0,    0,    0,    0,    0,    0,    0,    0,    0,    0,    0,    0,    0,    0,    0,    0,    0,    0,    0,    0,    0,    0,    0,    0,    0,    0,    0,    0,    0,    0,    0,    0,    0,    0,    0,    0,    0,    0,    0,    0,    0,    0,    0,    0,    0,    0,    0,    0,    0,    0,    0,    0,    0,    0,    0,    0,    0,    0,    0,    0,    0,    0,    0,    0,    0,    0,    0,    0,    0,    0,    0,    0,    0,    0,    0,    0,    0,    0,    0,    0,    0,    0,    0,    0,    0,    0,    0,    0,    0,    0,    0,    0,    0,    0,    0,    0,    0,    0,    0,    0,    0,    0,    0,    0,    0,    0,    0,    0,    0,    0,
       0,    0,    0,    0,    0,    0,    0,    0,    0,    0,    0,   -7,    0,    0,  -14,    0,    0,    0,   -7,  -29,    0,  -15,   -7,  -17,  -26,  -14,    0,    0,    0,    0,    0,    0,    0,    0,    0,    0,    0,    0,    0,    0,    0,    0,    0,    0,    0,    0,    0,    0,    0,    0,    0,    0,    0,    0,  -15,    0,    0,    0,    0,    0,    0,    0,    0,    0,    0,    0,    0,    0,    0,    0,  -29,    0,   -8,  -12,  -12,  -18,   -7,  -11,  -19,  -13,    0,    0,    0,  -17,   -5,  -14,   -8,    0,    0,    0,    0,    0,    0,    0,    0,    0,    0,    0,    0,    0,    0,    0,    0,    0,    0,    0,    0,    0,    0,    0,    0,    0,    0,    0,    0,    0,    0,    0,    0,    0,  -26,    0,    0,   -3,    0,    0,    0,    0,    0,  -13,    0,    0,    0,    0,    0,    0,    0,    0,    0,    0,    0,    0,    0,    0,    0,    0,    0,    0,    0,    0,    0,    0,    0,    0,    0,    0,    0,    0,    0,    0,    0,    0,    0,    0,    0,    0,    0,    0,    0,    0,    0,    0,    0,    0,    0,    0,    0,    0,    0,    0,    0,    0,    0,    0,    0,    0,    0,    0,    0,    0,    0,    0,    0,    0,    0,    0,    0,    0,    0,    0,    0,    0,    0,    0,    0,    0,    0,    0,    0,    0,    0,    0,    0,    0,    0,    0,    0,    0,    0,    0,    0,    0,    0,    0,    0,    0,    0,    0,    0,    0,    0,    0,    0,    0,    0,    0,    0,    0,    0,    0,    0,    0,    0,    0,    0,    0,    0,    0,    0,    0,    0,    0,    0,
       0,    0,    0,    0,    0,    0,    0,    0,    0,    0,    0,  -15,  -12,  -12,  -21,    0,  -12,  -12,  -10,  -37,  -15,  -16,  -13,  -23,  -22,  -23,    0,    0,    0,    0,    0,    0,    0,    0,    0,    0,    0,    0,    0,    0,    0,    0,    0,    0,    0,    0,    0,    0,    0,    0,    0,    0,    0,    0,  -24,    0,    0,    0,    0,    0,    0,    0,    0,    0,    0,    0,    0,    0,    0,    0,    0,    0,    0,    0,    0,    0,    0,    0,    0,    0,    0,    0,    0,    0,    0,    0,    0,    0,    0,    0,    0,    0,    0,    0,    0,    0,    0,    0,    0,    0,    0,    0,    0,    0,    0,    0,    0,    0,    0,    0,    0,    0,    0,    0,    0,    0,    0,    0,    0,    0,    0,    0,    0,    0,    0,    0,    0,    0,    0,    0,    0,    0,    0,    0,    0,    0,    0,    0,    0,    0,    0,    0,    0,    0,    0,    0,    0,    0,    0,    0,    0,    0,    0,    0,    0,    0,    0,    0,    0,    0,    0,    0,    0,    0,    0,    0,    0,    0,    0,    0,    0,    0,    0,    0,    0,    0,    0,    0,    0,    0,    0,    0,    0,    0,    0,    0,    0,    0,    0,    0,    0,    0,    0,    0,    0,    0,    0,    0,    0,    0,    0,    0,    0,    0,    0,    0,    0,    0,    0,    0,    0,    0,    0,    0,    0,    0,    0,    0,    0,    0,    0,    0,    0,    0,    0,    0,    0,    0,    0,    0,    0,    0,    0,    0,    0,    0,    0,    0,    0,    0,    0,    0,    0,    0,    0,    0,    0,    0,    0,    0,    0,    0,    0,
      -5,  -11,    0,  -13,    0,  -20,    0,  -14,    0,  -11,    0,   -9,    0,    0,  -19,    0,    0,    0,    0,  -15,    0,   -7,    0,  -14,  -14,  -16,   -5,    0,  -14,   -5,    0,    0,    0,    0,    0,    0,    0,    0,    0,    0,    0,    0,    0,    0,    0,    0,    0,    0,    0,    0,    0,   -9,    0,    0,  -16,    0,    0,    0,    0,    0,    0,    0,    0,    0,    0,    0,  -14,    0,   -8,    0,    0,    0,    0,    0,    0,    0,    0,    0,    0,    0,    0,    0,    0,    0,    0,    0,    0,    0,    0,    0,    0,    0,    0,    0,    0,    0,    0,    0,    0,    0,    0,    0,    0,    0,    0,    0,    0,    0,    0,    0,    0,    0,    0,    0,    0,    0,    0,    0,    0,    0,    0,    0,    0,    0,    0,    0,    0,    0,    0,    0,    0,    0,    0,    0,    0,    0,    0,    0,    0,    0,    0,    0,   -8,   -5,  -19,    0,    0,    0,    0,    0,    0,    0,    0,    0,    0,    0,    0,    0,    0,    0,    0,    0,    0,    0,    0,    0,    0,    0,    0,    0,    0,    0,    0,    0,    0,    0,    0,    0,    0,    0,    0,    0,    0,    0,    0,    0,    0,    0,    0,    0,    0,    0,    0,    0,    0,    0,    0,    0,    0,    0,    0,    0,    0,    0,    0,    0,    0,    0,    0,    0,    0,    0,    0,    0,    0,    0,    0,    0,    0,    0,    0,    0,    0,    0,    0,    0,    0,    0,    0,    0,    0,    0,    0,    0,    0,    0,    0,    0,    0,    0,    0,    0,    0,    0,    0,    0,    0,    0,    0,    0,    0,    0,    0,
       0,  -13,    0,   -9,  -11,    0,    0,    0,    0,   -7,    0,    0,    0,    0,    0,    0,    0,    0,    0,    0,    0,    0,    0,    0,    0,    0,    0,    0,   -7,    0,    0,    0,    0,    0,    0,    0,    0,    0,    0,    0,    0,    0,    0,    0,    0,   -9,   -8,    0,   -9,    0,    0,   -7,    0,    0,    0,    0,    0,    0,    0,    0,    0,    0,    0,    0,    0,    0,    0,  -11,    0,   -7,    0,    0,    0,    0,    0,    0,    0,    0,    0,    0,    0,    0,    0,    0,    0,    0,    0,    0,    0,    0,    0,    0,    0,    0,    0,    0,    0,    0,    0,    0,    0,    0,    0,    0,    0,    0,    0,    0,    0,    0,    0,    0,    0,    0,    0,    0,    0,    0,    0,    0,    0,    0,    0,    0,    0,    0,    0,    0,    0,    0,    0,    0,    0,    0,    0,    0,    0,    0,    0,    0,    0,    0,  -10,  -10,    0,    0,    0,    0,    0,    0,    0,    0,    0,    0,    0,    0,    0,    0,    0,    0,    0,    0,    0,    0,    0,    0,    0,    0,    0,    0,    0,    0,    0,    0,    0,    0,    0,    0,    0,    0,    0,    0,    0,    0,    0,    0,    0,    0,    0,    0,    0,    0,    0,    0,    0,    0,    0,    0,    0,    0,    0,    0,    0,    0,    0,    0,    0,    0,    0,    0,    0,    0,    0,    0,    0,    0,    0,    0,    0,    0,    0,    0,    0,    0,    0,    0,    0,    0,    0,    0,    0,    0,    0,    0,    0,    0,    0,    0,    0,    0,    0,    0,    0,    0,    0,    0,    0,    0,    0,    0,    0,    0,    0,
       0,    0,    0,    0,    0,    0,    0,   -7,    0,    5,    0,    0,    0,    0,    0,    0,    0,    0,    0,    0,    0,    0,    0,    0,    0,    0,    0,    0,    4,    0,    0,    0,    0,    0,    0,    0,    0,    0,    0,    0,    0,    0,    0,    0,    0,    0,    0,    0,    0,    0,    0,    4,    0,    0,    0,    0,    0,    0,    0,    0,    0,    0,    0,    0,    0,    0,    0,    0,    0,    0,    0,    0,    0,    0,    0,    0,    0,    0,    0,    0,    0,    0,    0,    0,    0,    0,    0,    0,    0,    0,    0,    0,    0,    0,    0,    0,    0,    0,    0,    0,    0,    0,    0,    0,    0,    0,    0,    0,    0,    0,    0,    0,    0,    0,    0,    0,    0,    0,    0,    0,    0,    0,    0,    0,    0,    0,    0,    0,    0,    0,    0,    0,    0,    0,    0,    0,    0,    0,    0,    0,    0,    0,    0,    0,    0,    0,    0,    0,    0,    0,    0,    0,    0,    0,    0,    0,    0,    0,    0,    0,    0,    0,    0,    0,    0,    0,    0,    0,    0,    0,    0,    0,    0,    0,    0,    0,    0,    0,    0,    0,    0,    0,    0,    0,    0,    0,    0,    0,    0,    0,    0,    0,    0,    0,    0,    0,    0,    0,    0,    0,    0,    0,    0,    0,    0,    0,    0,    0,    0,    0,    0,    0,    0,    0,    0,    0,    0,    0,    0,    0,    0,    0,    0,    0,    0,    0,    0,    0,    0,    0,    0,    0,    0,    0,    0,    0,    0,    0,    0,    0,    0,    0,    0,    0,    0,    0,    0,    0,    0,    0,    0,    0,    0,
       0,  -13,    0,   -9,   -7,    0,    0,   -7,    0,   -9,    0,    0,    0,    0,    0,    0,    0,    0,    0,    0,    0,    0,    0,    0,    0,    0,    0,    0,  -10,    0,    0,    0,    0,    0,    0,    0,    0,    0,    0,    0,    0,    0,    0,    0,    0,   -5,   -4,   -6,   -5,   -6,    0,   -7,    0,    0,    0,    0,    0,    0,    0,    0,    0,    0,    0,    0,    0,    0,    0,    0,    0,    0,    0,    0,    0,    0,    0,    0,    0,    0,    0,    0,    0,    0,    0,    0,    0,    0,    0,    0,    0,    0,    0,    0,    0,    0,    0,    0,    0,    0,    0,    0,    0,    0,    0,    0,    0,    0,    0,    0,    0,    0,    0,    0,    0,    0,    0,    0,    0,    0,    0,    0,    0,    0,    0,    0,    0,    0,    0,    0,    0,    0,    0,    0,    0,    0,    0,    0,    0,    0,    0,    0,    0,    0,  -12,  -12,    0,    0,    0,    0,    0,    0,    0,    0,    0,    0,    0,    0,    0,    0,    0,    0,    0,    0,    0,    0,    0,    0,    0,    0,    0,    0,    0,    0,    0,    0,    0,    0,    0,    0,    0,    0,    0,    0,    0,    0,    0,    0,    0,    0,    0,    0,    0,    0,    0,    0,    0,    0,    0,    0,    0,    0,    0,    0,    0,    0,    0,    0,    0,    0,    0,    0,    0,    0,    0,    0,    0,    0,    0,    0,    0,    0,    0,    0,    0,    0,    0,    0,    0,    0,    0,    0,    0,    0,    0,    0,    0,    0,    0,    0,    0,    0,    0,    0,    0,    0,    0,    0,    0,    0,    0,    0,    0,    0,    0,
       0,    6,    0,   20,    0,   -4,   -4,    0,   -4,   15,    0,    0,    0,    0,    0,    0,    0,    0,    0,    0,    0,    0,    0,    0,    0,    0,    0,   30,   23,   -4,    5,   -4,   -4,   -4,    0,   -4,    3,    3,    5,   -4,   -4,   -4,   -4,    3,   -4,    0,    0,    0,    0,    0,    0,   23,    0,    0,    0,    0,   23,   31,   37,    0,   37,   37,   29,    0,    0,    0,    0,    0,    0,    0,    0,    0,    0,    0,    0,    0,    0,    0,    0,    0,    0,    0,    0,    0,    0,    0,    0,    0,    0,    0,    0,    0,    0,    0,    0,    0,    0,    0,    0,    0,    0,    0,    0,    0,    0,    0,    0,    0,    0,    0,    0,    0,    0,    0,    0,    0,    0,    0,    0,    0,    0,    0,    0,    0,    0,    0,    0,    0,    0,    0,    0,    0,    0,    0,    0,    0,    0,    0,    0,    0,    0,    0,    0,    7,    0,    0,    0,    0,    0,    0,    0,    0,    0,    0,    0,    0,    0,    0,    0,    0,    0,    0,    0,    0,    0,    0,    0,    0,    0,    0,    0,    0,    0,    0,    0,    0,    0,    0,    0,    0,    0,    0,    0,    0,    0,    0,    0,    0,    0,    0,    0,    0,    0,    0,    0,    0,    0,    0,    0,    0,    0,    0,    0,    0,    0,    0,    0,    0,    0,    0,    0,    0,    0,    0,    0,    0,    0,    0,    0,    0,    0,    0,    0,    0,    0,    0,    0,    0,    0,    0,    0,    0,    0,    0,    0,    0,    0,    0,    0,    0,    0,    0,    0,    0,    0,    0,    0,    0,    0,    0,    0,    0,    0,
       0,    0,    0,    0,    0,    0,    0,    0,    0,    0,    0,    0,    0,    0,    0,    0,    0,    0,    0,    0,    0,    0,    0,    0,    0,    0,    0,    0,    0,    0,    0,    0,    0,    0,    0,    0,    0,    6,    0,    0,    0,    0,    0,    0,    0,    0,    0,    0,    0,   -4,    0,    0,    0,    0,    0,    0,    0,    0,    0,    0,    0,    0,    0,    0,    0,    0,    0,    0,    0,    0,    0,    0,    0,    0,    0,    0,    0,    0,    0,    0,    0,    0,    0,    0,    0,    0,    0,    0,    0,    0,    0,    0,    0,    0,    0,    0,    0,    0,    0,    0,    0,    0,    0,    0,    0,    0,    0,    0,    0,    0,    0,    0,    0,    0,    0,    0,    0,    0,    0,    0,    0,    0,    0,    0,    0,    0,    0,    0,    0,    0,    0,    0,    0,    0,    0,    0,    0,    0,    0,    0,    0,    0,    0,    0,    0,    0,    0,    0,    0,    0,    0,    0,    0,    0,    0,    0,    0,    0,    0,    0,    0,    0,    0,    0,    0,    0,    0,    0,    0,    0,    0,    0,    0,    0,    0,    0,    0,    0,    0,    0,    0,    0,    0,    0,    0,    0,    0,    0,    0,    0,    0,    0,    0,    0,    0,    0,    0,    0,    0,    0,    0,    0,    0,    0,    0,    0,    0,    0,    0,    0,    0,    0,    0,    0,    0,    0,    0,    0,    0,    0,    0,    0,    0,    0,    0,    0,    0,    0,    0,    0,    0,    0,    0,    0,    0,    0,    0,    0,    0,    0,    0,    0,    0,    0,    0,    0,    0,    0,    0,    0,    0,    0,    0,
       0,  -14,    0,    0,   -7,    0,    0,    0,    0,   -8,    0,    0,    0,    0,    0,    0,    0,    0,    0,    0,    0,    0,    0,    0,    0,    0,    0,    0,    0,    0,    0,    0,    0,    0,    0,    0,    0,    0,    0,    0,    0,    0,    0,    0,    0,   -5,   -4,    0,    0,    0,    0,    0,    0,    0,    0,    0,    0,    0,    0,    0,    0,    0,    0,    0,    0,    0,    0,    0,    0,    0,    0,    0,    0,    0,    0,    0,    0,    0,    0,    0,    0,    0,    0,    0,    0,    0,    0,    0,    0,    0,    0,    0,    0,    0,    0,    0,    0,    0,    0,    0,    0,    0,    0,    0,    0,    0,    0,    0,    0,    0,    0,    0,    0,    0,    0,    0,    0,    0,    0,    0,    0,    0,    0,    0,    0,    0,    0,    0,    0,    0,    0,    0,    0,    0,    0,    0,    0,    0,    0,    0,    0,    0,  -11,  -11,    0,    0,    0,    0,    0,    0,    0,    0,    0,    0,    0,    0,    0,    0,    0,    0,    0,    0,    0,    0,    0,    0,    0,    0,    0,    0,    0,    0,    0,    0,    0,    0,    0,    0,    0,    0,    0,    0,    0,    0,    0,    0,    0,    0,    0,    0,    0,    0,    0,    0,    0,    0,    0,    0,    0,    0,    0,    0,    0,    0,    0,    0,    0,    0,    0,    0,    0,    0,    0,    0,    0,    0,    0,    0,    0,    0,    0,    0,    0,    0,    0,    0,    0,    0,    0,    0,    0,    0,    0,    0,    0,    0,    0,    0,    0,    0,    0,    0,    0,    0,    0,    0,    0,    0,    0,    0,    0,    0,    0,
       0,    0,    0,    0,    0,    0,    0,    0,    0,    0,    0,    0,    0,    0,    0,    0,    0,    0,    0,    0,    0,    0,    0,    0,    0,    0,    0,    0,    0,    0,    0,    0,    0,    0,    0,    0,    0,   -5,    0,    0,    0,    0,    0,    0,    0,   -8,   -7,   -5,   -8,    0,    0,    0,    0,    0,    0,    0,    0,    0,    0,    0,    0,    0,    0,    0,    0,    0,    0,  -11,    0,   -8,    0,    0,    0,    0,    0,    0,    0,    0,    0,    0,    0,    0,    0,    0,    0,    0,    0,    0,    0,    0,    0,    0,    0,    0,    0,    0,    0,    0,    0,    0,    0,    0,    0,    0,    0,    0,    0,    0,    0,    0,    0,    0,    0,    0,    0,    0,    0,    0,    0,    0,    0,    0,    0,    0,    0,    0,    0,    0,    0,    0,    0,    0,    0,    0,    0,    0,    0,    0,    0,    0,    0,    0,    0,    0,    0,    0,    0,    0,    0,    0,    0,    0,    0,    0,    0,    0,    0,    0,    0,    0,    0,    0,    0,    0,    0,    0,    0,    0,    0,    0,    0,    0,    0,    0,    0,    0,    0,    0,    0,    0,    0,    0,    0,    0,    0,    0,    0,    0,    0,    0,    0,    0,    0,    0,    0,    0,    0,    0,    0,    0,    0,    0,    0,    0,    0,    0,    0,    0,    0,    0,    0,    0,    0,    0,    0,    0,    0,    0,    0,    0,    0,    0,    0,    0,    0,    0,    0,    0,    0,    0,    0,    0,    0,    0,    0,    0,    0,    0,    0,    0,    0,    0,    0,    0,    0,    0,    0,    0,    0,    0,    0,    0,    0,
       0,    0,    0,    0,    0,    0,    0,    0,    0,    0,    0,  -12,    0,    0,  -21,    0,    0,    0,    0,    0,    0,    0,    0,  -10,   -5,   -5,    0,    0,    0,   -7,   -4,    0,    0,    0,   -4,    0,   -4,   -4,    0,   -4,    0,    0,    0,    0,    0,    0,    0,    0,    0,    0,    0,    0,    0,    0,  -19,   -4,   -4,   -4,   -4,    0,   -4,   -4,   -4,   -4,    0,    0,   -6,    0,    0,    0,    0,    0,    0,    0,    0,    0,    0,    0,    0,    0,    0,    0,    0,    0,    0,    0,    0,    0,    0,    0,    0,    0,    0,    0,    0,    0,    0,    0,    0,    0,    0,    0,    0,    0,    0,    0,    0,    0,    0,    0,    0,    0,    0,    0,    0,    0,    0,    0,    0,    0,    0,    0,    0,    0,    0,    0,    0,    0,    0,    0,    0,    0,    0,    0,    0,    0,    0,    0,    0,    0,    0,    0,    0,    0,    0,    0,    0,    0,    0,    0,    0,    0,    0,    0,    0,    0,    0,    0,    0,    0,    0,    0,    0,    0,    0,    0,    0,    0,    0,    0,    0,    0,    0,    0,    0,    0,    0,    0,    0,    0,    0,    0,    0,    0,    0,    0,    0,    0,    0,    0,    0,    0,    0,    0,    0,    0,    0,    0,    0,    0,    0,    0,    0,    0,    0,    0,    0,    0,    0,    0,    0,    0,    0,    0,    0,    0,    0,    0,    0,    0,    0,    0,    0,    0,    0,    0,    0,    0,    0,    0,    0,    0,    0,    0,    0,    0,    0,    0,    0,    0,    0,    0,    0,    0,    0,    0,    0,    0,    0,    0,    0,    0,    0,
       0,    0,    0,    0,    0,    0,    0,    0,    0,    0,    0,    0,    0,    0,    0,    0,    0,    0,    0,    0,    0,   -5,    0,    0,   -7,    0,    0,    0,    0,    0,    0,    0,    0,    0,    0,    0,    0,    0,    0,    0,    0,    0,    0,    0,    0,    0,    0,    0,    0,    0,    0,    0,    0,    0,    0,    0,    0,    0,    0,    0,    0,    0,    0,   -4,    0,    0,    0,    0,   -5,    0,    0,    0,    0,    0,    0,    0,    0,    0,    0,    0,    0,    0,    0,    0,    0,    0,    0,    0,    0,    0,    0,    0,    0,    0,    0,    0,    0,    0,    0,    0,    0,    0,    0,    0,    0,    0,    0,    0,    0,    0,    0,    0,    0,    0,    0,    0,    0,    0,    0,    0,    0,    0,    0,    0,    0,    0,    0,    0,    0,    0,    0,    0,    0,    0,    0,    0,    0,    0,    0,    0,    0,    0,    0,    0,    0,    0,    0,    0,    0,    0,    0,    0,    0,    0,    0,    0,    0,    0,    0,    0,    0,    0,    0,    0,    0,    0,    0,    0,    0,    0,    0,    0,    0,    0,    0,    0,    0,    0,    0,    0,    0,    0,    0,    0,    0,    0,    0,    0,    0,    0,    0,    0,    0,    0,    0,    0,    0,    0,    0,    0,    0,    0,    0,    0,    0,    0,    0,    0,    0,    0,    0,    0,    0,    0,    0,    0,    0,    0,    0,    0,    0,    0,    0,    0,    0,    0,    0,    0,    0,    0,    0,    0,    0,    0,    0,    0,    0,    0,    0,    0,    0,    0,    0,    0,    0,    0,    0,    0,    0,    0,    0,    0,    0,
       0,   -5,   -7,    0,   -4,    4,    0,    0,    0,    0,   -5,    0,    0,    0,    0,    0,    0,    0,    0,    0,    0,    0,    0,    0,    0,    0,   -6,    0,  -14,    0,    0,    0,    0,    0,    0,    0,    0,    0,    0,    0,    0,    0,    0,    0,    0,    0,    0,    0,    0,    0,   -6,   -7,   -8,    0,    0,    0,    0,    0,    0,    0,    0,    0,    0,    0,    0,    0,    0,    0,    0,    0,    0,   -9,    0,    5,    0,    0,    6,    0,    0,    0,    0,   -9,   -9,    0,    0,    0,    0,    0,   -5,    0,    0,    0,   -5,    0,    0,    0,    0,   -6,    0,   -5,   -5,   -8,   -6,    3,   -6,    0,   -5,    0,    0,    0,    0,    0,    0,    0,    0,    0,   -5,    0,   -8,   -4,    0,   -8,    0,    0,    0,    0,   -6,    0,    0,    0,   -6,    0,    0,    0,    0,    0,    0,    0,    0,    0,    0,    0,   -4,    0,    0,    0,    0,    0,    0,    0,    0,    0,    0,    0,    0,    0,    0,    0,    0,    0,    0,    0,    0,    0,    0,    0,    0,    0,    0,    0,    0,    0,    0,    0,    0,    0,    0,    0,    0,    0,    0,    0,    0,    0,    0,    0,    0,    0,    0,    0,    0,    0,    0,    0,    0,    0,    0,    0,    0,    0,    0,    0,    0,    0,    0,    0,    0,    0,    0,    0,    0,    0,    0,    0,    0,    0,    0,    0,    0,    0,    0,    0,    0,    0,    0,    0,    0,    0,    0,    0,    0,    0,    0,    0,    0,    0,    0,    0,    0,    0,    0,    0,    0,    0,    0,    0,    0,    0,    0,    0,    0,    0,    0,
      -4,  -12,    0,   -6,  -10,   -4,    5,   -5,   -4,   -4,    0,    0,    0,    0,    0,    0,    0,    0,    0,    0,    0,    0,    0,    0,    0,    0,   -6,    0,  -14,    0,    0,    0,    0,    0,    0,    0,    0,    0,    0,    0,    0,    0,    0,    0,    0,    0,    0,    0,    0,    0,    0,   -9,    0,    0,    0,    0,    0,    0,    0,    0,    0,    0,    0,    0,    0,    0,    0,    0,    0,    0,    0,    0,    0,    0,    0,   -4,    0,    0,   -6,    0,    0,    0,    0,   -6,   -7,    0,   -6,    0,    0,    0,    0,    0,    0,   -6,   -3,    0,    0,    0,    0,    0,  -11,   -5,    0,   -5,    0,    0,  -11,    0,    0,    0,    0,    0,    0,    0,    0,    0,  -11,   -3,    0,    0,    0,   -5,    0,   -6,    0,    0,    0,    0,   -3,    0,  -10,   -3,    0,    0,    0,    0,    0,    0,    0,    0,    0,    0,    0,    0,    0,    0,    0,    0,    0,    0,    0,    0,    0,    0,    0,    0,    0,    0,    0,    0,    0,    0,    0,    0,    0,    0,    0,    0,    0,    0,    0,    0,    0,    0,    0,    0,    0,    0,    0,    0,    0,    0,    0,    0,    0,    0,    0,    0,    0,    0,    0,    0,    0,    0,    0,    0,    0,    0,    0,    0,    0,    0,    0,    0,    0,    0,    0,    0,    0,    0,    0,    0,    0,    0,    0,    0,    0,    0,    0,    0,    0,    0,    0,    0,    0,    0,    0,    0,    0,    0,    0,    0,    0,    0,    0,    0,    0,    0,    0,    0,    0,    0,    0,    0,    0,    0,    0,    0,    0,    0,    0,    0,    0,
       0,    0,   -9,    4,    0,  -25,  -16,  -29,  -28,    7,  -17,    0,    0,    0,    0,    0,    0,    0,    0,    0,    0,    0,    0,    0,    0,    0,    0,    0,  -11,    0,    0,    0,    0,    0,    0,    0,    0,    0,    0,    0,    0,    0,    0,    0,    0,    0,    0,    0,    0,    0,   -8,    0,  -28,  -25,    0,    0,    0,    0,    0,    0,    0,    0,    0,    0,    0,    0,    0,    0,    0,    0,    8,   -9,    0,  -37,  -22,    7,  -21,  -21,    0,    0,    0,   -9,   -9,    5,    0,    6,    0,  -32,    0,  -30,  -31,  -38,  -38,  -25,  -27,  -38,  -35,  -38,  -31,  -38,  -21,  -21,  -26,  -22,  -25,  -31,  -21,  -26,  -37,    9,  -38,  -35,    0,   14,    0,    9,    0,  -25,   -7,  -40,    0,  -21,    0,    0,  -31,  -32,    0,  -32,  -44,    0,  -21,  -37,    0,    0,    0,    0,    0,    0,    0,    0,    0,    0,    0,    0,  -22,    0,    0,    0,    0,    0,    0,    0,    0,    0,    0,    0,    0,    0,    0,    0,    0,    0,    0,    0,    0,    0,    0,    0,    0,    0,    0,    0,    0,    0,    0,    0,    0,    0,    0,    0,    0,    0,    0,    0,    0,    0,    0,    0,    0,    0,    0,    0,    0,    0,    0,    0,    0,    0,    0,    0,    0,    0,    0,    0,    0,    0,    0,    0,    0,    0,    0,    0,    0,    0,    0,    0,    0,    0,    0,    0,    0,    0,    0,    0,    0,    0,    0,    0,    0,    0,    0,    0,    0,    0,    0,    0,    0,    0,    0,    0,    0,    0,    0,    0,    0,    0,    0,    0,    0,    0,    0,    0,    0,
       0,    0,   -8,    0,    0,    7,  -10,    0,    0,    5,   -6,    0,    0,    0,    0,    0,    0,    0,    0,    0,    0,    0,    0,    0,    0,    0,   -3,    0,    0,    0,    0,    0,    0,    0,    0,    0,    0,    0,    0,    0,    0,    0,    0,    0,    0,    0,    0,    0,    0,    0,   -9,    0,  -15,    0,    0,    0,    0,    0,    0,    0,    0,    0,    0,    0,    0,    0,    0,    0,    0,    0,    6,   -7,    0,    7,    6,    0,    7,    6,    0,    0,    0,   -7,   -7,    4,    0,    0,    0,    0,   -5,    0,    0,    6,   -5,    5,    0,    6,    0,   -5,    0,   -5,  -11,   -5,   -5,    5,  -16,    0,  -11,    0,    0,    7,    0,    0,    0,    0,    0,    7,    0,    0,  -10,   -3,    6,   -5,    0,    0,  -17,    0,   -4,    0,    0,    0,  -12,    0,    0,    0,    0,    0,    0,    0,    0,    0,    0,    0,    0,    4,    6,    0,    0,    0,    0,    0,    0,    0,    0,    0,    0,    0,    0,    0,    0,    0,    0,    0,    0,    0,    0,    0,    0,    0,    0,    0,    0,    0,    0,    0,    0,    0,    0,    0,    0,    0,    0,    0,    0,    0,    0,    0,    0,    0,    0,    0,    0,    0,    0,    0,    0,    0,    0,    0,    0,    0,    0,    0,    0,    0,    0,    0,    0,    0,    0,    0,    0,    0,    0,    0,    0,    0,    0,    0,    0,    0,    0,    0,    0,    0,    0,    0,    0,    0,    0,    0,    0,    0,    0,    0,    0,    0,    0,    0,    0,    0,    0,    0,    0,    0,    0,    0,    0,    0,    0,    0,    0,    0,    0,
       0,   -4,    0,    0,   -6,    0,    0,    0,    0,    0,    0,    0,    0,    0,    0,    0,    0,    0,    0,    0,    0,    0,    0,    0,    0,    0,    0,    0,    0,    0,    0,    0,    0,    0,    0,    0,    0,    0,    0,    0,    0,    0,    0,    0,    0,    0,    0,    0,    0,    0,    0,    0,    0,    0,    0,    0,    0,    0,    0,    0,    0,    0,    0,    0,    0,    0,    0,    0,    0,    0,    0,    0,    0,    0,    0,    0,    0,    0,    0,    0,    0,    0,    0,    0,    0,    0,    0,    0,    0,    0,    0,    0,    0,    0,    0,    0,    0,    0,    0,    0,  -15,   -5,    0,    0,    0,    0,  -11,    0,    0,    0,    0,    0,    0,    0,    0,    0,   -8,    0,    0,    0,    0,   -5,    0,    0,    0,    0,    0,    0,    0,    0,   -7,    0,    0,    0,    0,    0,    0,    0,    0,    0,    0,    0,    0,    0,    0,    0,    0,    0,    0,    0,    0,    0,    0,    0,    0,    0,    0,    0,    0,    0,    0,    0,    0,    0,    0,    0,    0,    0,    0,    0,    0,    0,    0,    0,    0,    0,    0,    0,    0,    0,    0,    0,    0,    0,    0,    0,    0,    0,    0,    0,    0,    0,    0,    0,    0,    0,    0,    0,    0,    0,    0,    0,    0,    0,    0,    0,    0,    0,    0,    0,    0,    0,    0,    0,    0,    0,    0,    0,    0,    0,    0,    0,    0,    0,    0,    0,    0,    0,    0,    0,    0,    0,    0,    0,    0,    0,    0,    0,    0,    0,    0,    0,    0,    0,    0,    0,    0,    0,    0,    0,    0,    0,    0,
      -5,  -25,   -6,   -7,  -12,    0,    0,    0,    0,  -10,   -4,    0,    0,    0,    0,    0,    0,    0,    0,    0,    0,    0,    0,    0,    0,    0,   -6,    0,  -17,    0,    0,    0,    0,    0,    0,    0,    0,    0,    0,    0,    0,    0,    0,    0,    0,    0,    0,    0,    0,    0,    0,  -12,    0,    0,    0,    0,    0,    0,    0,    0,    0,    0,    0,    0,    0,    0,    0,    0,    0,    0,  -17,   -4,    0,    0,    0,    0,    0,    0,    0,    0,    0,   -4,   -5,    0,  -10,    0,    0,    0,   -4,    0,    0,    0,    0,    0,    0,    0,    0,    0,    0,    0,  -12,   -8,    0,    0,    0,    0,  -12,    0,    0,   -5,    0,    0,   -6,   -6,   -6,   -5,  -12,   -4,   -4,    0,    0,   -7,   -4,   -7,    0,    0,   -3,    0,    0,    0,  -13,    0,    0,    0,    0,    0,    0,    0,    0,    0,    0,    0,    0,    0,    0,    0,    0,    0,    0,    0,    0,    0,    0,    0,    0,    0,    0,    0,    0,    0,    0,    0,    0,    0,    0,    0,    0,    0,    0,    0,    0,    0,    0,    0,    0,    0,    0,    0,    0,    0,    0,    0,    0,    0,    0,    0,    0,    0,    0,    0,    0,    0,    0,    0,    0,    0,    0,    0,    0,    0,    0,    0,    0,    0,    0,    0,    0,    0,    0,    0,    0,    0,    0,    0,    0,    0,    0,    0,    0,    0,    0,    0,    0,    0,    0,    0,    0,    0,    0,    0,    0,    0,    0,    0,    0,    0,    0,    0,    0,    0,    0,    0,    0,    0,    0,    0,    0,    0,    0,    0,    0,    0,    0,
       0,    0,   -6,    0,  -11,    5,  -16,    6,    0,    4,   -6,    0,    0,    0,    0,    0,    0,    0,    0,    0,    0,    0,    0,    0,    0,    0,    0,    0,   -9,    0,    0,    0,    0,    0,    0,    0,    0,    0,    0,    0,    0,    0,    0,    0,    0,    0,    0,    0,    0,    0,   -6,    0,  -20,    0,    0,    0,    0,    0,    0,    0,    0,    0,    0,    0,    0,    0,    0,    0,    0,    0,    6,  -12,    0,    8,    8,    0,   11,    9,    8,    5,    0,  -12,  -12,    9,    0,    7,    6,    0,   -8,    0,    0,    9,   -6,    9,    0,    8,    0,   -6,    0,   -6,  -13,  -16,   -9,    9,  -20,    0,   -8,    6,    6,    7,   -6,    5,    0,    0,    0,    7,   -8,    0,  -14,   -7,    0,  -16,    0,  -13,  -20,    0,   -6,   -5,    0,    6,  -17,    0,    0,    0,    0,    0,    0,    0,    0,    0,    0,    0,    0,    0,    5,    0,    0,    0,    0,    0,    0,    0,    0,    0,    0,    0,    0,    0,    0,    0,    0,    0,    0,    0,    0,    0,    0,    0,    0,    0,    0,    0,    0,    0,    0,    0,    0,    0,    0,    0,    0,    0,    0,    0,    0,    0,    0,    0,    0,    0,    0,    0,    0,    0,    0,    0,    0,    0,    0,    0,    0,    0,    0,    0,    0,    0,    0,    0,    0,    0,    0,    0,    0,    0,    0,    0,    0,    0,    0,    0,    0,    0,    0,    0,    0,    0,    0,    0,    0,    0,    0,    0,    0,    0,    0,    0,    0,    0,    0,    0,    0,    0,    0,    0,    0,    0,    0,    0,    0,    0,    0,    0,    0,
       0,    5,  -11,    5,    0,  -25,   -3,  -22,   -7,    8,  -13,    0,    0,    0,    0,    0,    0,    0,    0,    0,    0,    0,    0,    0,    0,    0,    0,    0,   -9,    0,    0,    0,    0,    0,    0,    0,    0,    0,    0,    0,    0,    0,    0,    0,    0,    0,    0,    0,    0,    0,   -8,    0,  -14,   -4,    0,    0,    0,    0,    0,    0,    0,    0,    0,    0,    0,    0,    0,    0,    0,    0,    9,   -6,    0,  -27,  -21,    8,  -21,  -20,    5,    0,   -2,   -6,   -6,    6,    0,    6,    0,   -9,   -6,   -6,   -6,  -21,  -13,    0,    0,  -21,  -10,  -13,   -6,  -13,    0,    0,  -13,    0,    0,   -6,    0,    0,  -10,   11,  -13,   -6,    0,   14,    0,   11,    0,    0,   -7,  -13,    0,    0,    0,    0,    0,   -9,    0,   -8,    0,    0,    0,    0,    0,    0,    0,    0,    0,    0,    0,    0,    0,    0,    6,    8,  -25,    0,    0,    0,    0,    0,    0,    0,    0,    0,    0,    0,    0,    0,    0,    0,    0,    0,    0,    0,    0,    0,    0,    0,    0,    0,    0,    0,    0,    0,    0,    0,    0,    0,    0,    0,    0,    0,    0,    0,    0,    0,    0,    0,    0,    0,    0,    0,    0,    0,    0,    0,    0,    0,    0,    0,    0,    0,    0,    0,    0,    0,    0,    0,    0,    0,    0,    0,    0,    0,    0,    0,    0,    0,    0,    0,    0,    0,    0,    0,    0,    0,    0,    0,    0,    0,    0,    0,    0,    0,    0,    0,    0,    0,    0,    0,    0,    0,    0,    0,    0,    0,    0,    0,    0,    0,    0,    0,    0,
       0,  -26,   -6,    0,  -21,    9,    0,    6,    0,    0,   -5,    0,    0,    0,    0,    0,    0,    0,    0,    0,    0,    0,    0,    0,    0,    0,    0,    0,   -9,    0,    0,    0,    0,    0,    0,    0,    0,    0,    0,    0,    0,    0,    0,    0,    0,    0,    0,    0,    0,    0,   -7,   -3,   -6,    0,    0,    0,    0,    0,    0,    0,    0,    0,    0,    0,    0,    0,    0,    0,    0,    0,  -21,   -6,    5,    9,    8,    0,   11,    9,    7,    5,    0,   -6,   -6,    8,  -17,    7,    5,    0,   -5,    0,    0,    9,   -4,    9,    0,    8,    0,   -4,    0,   -4,  -13,   -5,   -4,    9,   -9,    0,   -8,    6,    6,    0,    0,    5,    0,    0,    0,    0,   -8,    0,   -8,    0,  -26,   -7,    0,  -12,   -6,    0,   -5,    0,    0,    6,  -12,    0,    0,    0,    0,    0,    0,    0,    0,    0,    0,    0,  -24,  -23,    8,    0,    0,    0,    0,    0,    0,    0,    0,    0,    0,    0,    0,    0,    0,    0,    0,    0,    0,    0,    0,    0,    0,    0,    0,    0,    0,    0,    0,    0,    0,    0,    0,    0,    0,    0,    0,    0,    0,    0,    0,    0,    0,    0,    0,    0,    0,    0,    0,    0,    0,    0,    0,    0,    0,    0,    0,    0,    0,    0,    0,    0,    0,    0,    0,    0,    0,    0,    0,    0,    0,    0,    0,    0,    0,    0,    0,    0,    0,    0,    0,    0,    0,    0,    0,    0,    0,    0,    0,    0,    0,    0,    0,    0,    0,    0,    0,    0,    0,    0,    0,    0,    0,    0,    0,    0,    0,    0,    0,
       0,   -4,   -4,   -8,   -4,   -3,    0,   -7,   -4,   -7,    0,    0,    0,    0,    0,    0,    0,    0,    0,    0,    0,    0,    0,    0,    0,    0,   -4,    0,  -11,    0,    0,    0,    0,    0,    0,    0,    0,    0,    0,    0,    0,    0,    0,    0,    0,    0,    0,    0,    0,    0,    0,   -7,    0,    0,    0,    0,    0,    0,    0,    0,    0,    0,    0,    0,    0,    0,    0,    0,    0,    0,    0,    0,    0,    0,    0,   -4,    0,    0,   -6,    0,    0,    0,   -3,   -7,   -6,    0,   -5,    0,    0,    0,    0,    0,    0,    0,   -4,    0,    0,    0,    0,    0,    0,    0,    0,    0,    0,    0,    0,    0,    0,    0,    0,    0,    0,    0,   -3,    0,    0,    0,    0,    0,   -8,    0,    0,    0,    0,    0,    0,    0,   -4,    0,    0,   -4,    0,    0,    0,    0,    0,    0,    0,    0,    0,    0,    0,    0,    0,    0,    0,    0,    0,    0,    0,    0,    0,    0,    0,    0,    0,    0,    0,    0,    0,    0,    0,    0,    0,    0,    0,    0,    0,    0,    0,    0,    0,    0,    0,    0,    0,    0,    0,    0,    0,    0,    0,    0,    0,    0,    0,    0,    0,    0,    0,    0,    0,    0,    0,    0,    0,    0,    0,    0,    0,    0,    0,    0,    0,    0,    0,    0,    0,    0,    0,    0,    0,    0,    0,    0,    0,    0,    0,    0,    0,    0,    0,    0,    0,    0,    0,    0,    0,    0,    0,    0,    0,    0,    0,    0,    0,    0,    0,    0,    0,    0,    0,    0,    0,    0,    0,    0,    0,    0,    0,    0,    0,
       0,   -4,    0,    9,   -6,    6,    0,   14,    0,    0,    0,    0,    0,    0,    0,    0,    0,    0,    0,    0,    0,    0,    0,    0,    0,    0,    0,    0,    8,    0,    0,    0,    0,    0,    0,    0,    0,    0,    0,    0,    0,    0,    0,    0,    0,    0,    0,    0,    0,    0,   -5,    8,   -5,    0,    0,    0,    0,    0,    0,    0,    0,    0,    0,    0,    0,    0,    0,    0,    0,    0,    0,   -6,    0,    8,    7,    0,    8,    7,    6,    5,    0,   -6,   -9,    6,   -9,    6,    0,    0,    0,    0,    0,    7,    0,    7,    0,    7,    0,    0,    0,    0,    0,   10,    0,    7,   -6,    0,    0,    0,    5,    0,    0,    0,    0,    0,   22,    0,    0,    0,   -8,    0,    0,    0,    0,    0,    0,    0,   -3,    0,    0,    6,   10,    0,    0,    0,    0,    0,    0,    0,    0,    0,    0,    0,    0,    0,    0,    0,    0,    0,    0,    0,    0,    0,    0,    0,    0,    0,    0,    0,    0,    0,    0,    0,    0,    0,    0,    0,    0,    0,    0,    0,    0,    0,    0,    0,    0,    0,    0,    0,    0,    0,    0,    0,    0,    0,    0,    0,    0,    0,    0,    0,    0,    0,    0,    0,    0,    0,    0,    0,    0,    0,    0,    0,    0,    0,    0,    0,    0,    0,    0,    0,    0,    0,    0,    0,    0,    0,    0,    0,    0,    0,    0,    0,    0,    0,    0,    0,    0,    0,    0,    0,    0,    0,    0,    0,    0,    0,    0,    0,    0,    0,    0,    0,    0,    0,    0,    0,    0,    0,    0,    0,    0,    0,    0,
       0,   -4,   -4,   -9,    0,    0,    0,   -5,   -4,   -4,    0,    0,    0,    0,    0,    0,    0,    0,    0,    0,    0,    0,    0,    0,    0,    0,   -4,    0,  -13,    0,    0,    0,    0,    0,    0,    0,    0,    0,    0,    0,    0,    0,    0,    0,    0,    0,    0,    0,    0,    0,    0,   -9,    0,    0,    0,    0,    0,    0,    0,    0,    0,    0,    0,    0,    0,    0,    0,    0,    0,    0,    0,    0,    0,    0,    0,   -3,    0,    0,   -5,    0,    0,    0,   -4,   -5,   -5,    0,   -5,    0,    0,    0,    0,    0,    0,    0,    0,    0,    0,    0,    0,    0,    0,    0,    0,    0,    0,    0,    0,    0,    0,    0,    0,    0,    0,    0,   -3,    0,    0,    0,    0,    0,    0,    0,    0,    0,    0,    0,    0,    0,    0,    0,    0,    0,    0,    0,    0,    0,    0,    0,    0,    0,    0,    0,    0,    0,    0,    0,    0,    0,    0,    0,    0,    0,    0,    0,    0,    0,    0,    0,    0,    0,    0,    0,    0,    0,    0,    0,    0,    0,    0,    0,    0,    0,    0,    0,    0,    0,    0,    0,    0,    0,    0,    0,    0,    0,    0,    0,    0,    0,    0,    0,    0,    0,    0,    0,    0,    0,    0,    0,    0,    0,    0,    0,    0,    0,    0,    0,    0,    0,    0,    0,    0,    0,    0,    0,    0,    0,    0,    0,    0,    0,    0,    0,    0,    0,    0,    0,    0,    0,    0,    0,    0,    0,    0,    0,    0,    0,    0,    0,    0,    0,    0,    0,    0,    0,    0,    0,    0,    0,    0,    0,    0,    0,    0,
       0,   -5,   -5,   -7,   -5,    0,    0,    0,    0,   -4,   -4,    0,    0,    0,    0,    0,    0,    0,    0,    0,    0,    0,    0,    0,    0,    0,   -4,    0,  -11,    0,    0,    0,    0,    0,    0,    0,    0,    0,    0,    0,    0,    0,    0,    0,    0,    0,    0,    0,    0,    0,    0,   -8,    0,    0,    0,    0,    0,    0,    0,    0,    0,    0,    0,    0,    0,    0,    0,    0,    0,    0,    0,    0,    0,    0,    0,   -2,    0,    0,    0,    0,    0,    0,    0,    0,    0,    0,    0,    0,    0,    0,    0,    0,    0,    0,    0,    0,    0,    0,    0,    0,    0,    0,   -3,    0,   -4,    0,    0,    0,    0,    0,    0,    0,    0,    0,    0,    0,    0,    0,    0,    0,   -3,    0,    0,    0,    0,    0,    0,    0,    0,    0,    0,    0,    0,    0,    0,    0,    0,    0,    0,    0,    0,    0,    0,    0,    0,    0,    0,    0,    0,    0,    0,    0,    0,    0,    0,    0,    0,    0,    0,    0,    0,    0,    0,    0,    0,    0,    0,    0,    0,    0,    0,    0,    0,    0,    0,    0,    0,    0,    0,    0,    0,    0,    0,    0,    0,    0,    0,    0,    0,    0,    0,    0,    0,    0,    0,    0,    0,    0,    0,    0,    0,    0,    0,    0,    0,    0,    0,    0,    0,    0,    0,    0,    0,    0,    0,    0,    0,    0,    0,    0,    0,    0,    0,    0,    0,    0,    0,    0,    0,    0,    0,    0,    0,    0,    0,    0,    0,    0,    0,    0,    0,    0,    0,    0,    0,    0,    0,    0,    0,    0,    0,    0,    0,
      -5,   -8,   -4,   -9,    0,  -11,    5,  -14,    0,  -11,   -4,    0,    0,    0,    0,    0,    0,    0,    0,    0,    0,    0,    0,    0,    0,    0,   -3,    0,  -14,    0,    0,    0,    0,    0,    0,    0,    0,    0,    0,    0,    0,    0,    0,    0,    0,    0,    0,    0,    0,    0,    0,  -10,    0,    0,    0,    0,    0,    0,    0,    0,    0,    0,    0,    0,    0,    0,    0,    0,    0,    0,   -9,    0,    0,   -8,   -8,  -12,   -6,   -7,  -16,  -10,    0,    0,    0,   -8,    0,  -10,    0,   -4,    0,    0,    0,   -8,    0,   -3,   -4,   -9,    0,    0,    0,    0,    0,    0,    0,    0,    0,    0,    0,    0,    0,   -4,    0,    0,   -4,   -4,   -5,    0,    0,    0,    0,    0,  -14,    0,    0,    0,    0,    0,    0,    0,   -4,   -9,    0,   -4,    0,    0,    0,    0,    0,    0,    0,    0,    0,    0,   -5,   -3,  -10,    0,    0,    0,    0,    0,    0,    0,    0,    0,    0,    0,    0,    0,    0,    0,    0,    0,    0,    0,    0,    0,    0,    0,    0,    0,    0,    0,    0,    0,    0,    0,    0,    0,    0,    0,    0,    0,    0,    0,    0,    0,    0,    0,    0,    0,    0,    0,    0,    0,    0,    0,    0,    0,    0,    0,    0,    0,    0,    0,    0,    0,    0,    0,    0,    0,    0,    0,    0,    0,    0,    0,    0,    0,    0,    0,    0,    0,    0,    0,    0,    0,    0,    0,    0,    0,    0,    0,    0,    0,    0,    0,    0,    0,    0,    0,    0,    0,    0,    0,    0,    0,    0,    0,    0,    0,    0,    0,    0,
      -4,    0,   -4,   -8,    0,  -30,    0,  -21,    0,    0,    0,    0,    0,    0,    0,    0,    0,    0,    0,    0,    0,    0,    0,    0,    0,    0,   -5,    0,  -14,    0,    0,    0,    0,    0,    0,    0,    0,    0,    0,    0,    0,    0,    0,    0,    0,    0,    0,    0,    0,    0,    0,   -8,   -6,    0,    0,    0,    0,    0,    0,    0,    0,    0,    0,    0,    0,    0,    0,    0,    0,    0,    0,    0,    0,  -31,  -24,    0,  -17,  -23,   -9,   -5,    0,    0,    0,   -6,    0,    0,    0,   -6,    0,    0,    0,  -15,    0,    0,    0,  -16,   -4,    0,    0,    0,    0,    3,    0,    0,    0,    0,    0,    0,    0,    0,    0,    0,    0,    0,    0,    0,    0,    5,    0,    0,    0,    3,    0,    5,    0,   -4,    0,    0,    0,    0,    0,    0,    0,    0,    0,    0,    0,    0,    0,    0,    0,    0,    0,    3,  -38,    0,    0,    0,    0,    0,    0,    0,    0,    0,    0,    0,    0,    0,    0,    0,    0,    0,    0,    0,    0,    0,    0,    0,    0,    0,    0,    0,    0,    0,    0,    0,    0,    0,    0,    0,    0,    0,    0,    0,    0,    0,    0,    0,    0,    0,    0,    0,    0,    0,    0,    0,    0,    0,    0,    0,    0,    0,    0,    0,    0,    0,    0,    0,    0,    0,    0,    0,    0,    0,    0,    0,    0,    0,    0,    0,    0,    0,    0,    0,    0,    0,    0,    0,    0,    0,    0,    0,    0,    0,    0,    0,    0,    0,    0,    0,    0,    0,    0,    0,    0,    0,    0,    0,    0,    0,    0,    0,    0,
       0,    0,   -9,    4,    0,  -25,  -16,  -29,  -28,    7,  -17,    0,    0,    0,    0,    0,    0,    0,    0,    0,    0,    0,    0,    0,    0,    0,    0,    0,  -11,    0,    0,    0,    0,    0,    0,    0,    0,    0,    0,    0,    0,    0,    0,    0,    0,    0,    0,    0,    0,    0,   -8,    0,  -28,  -25,    0,    0,    0,    0,    0,    0,    0,    0,    0,    0,    0,    0,    0,    0,    0,    0,    8,   -9,    0,  -22,  -22,    7,  -21,  -21,    0,    0,    0,   -9,   -9,    5,    0,    6,    0,  -15,    0,  -25,  -25,  -23,  -18,  -23,  -27,  -23,  -25,  -18,  -13,  -18,  -21,   -7,  -18,   -6,  -25,  -25,  -21,  -26,  -25,    9,  -26,  -26,    0,   14,    0,    9,    0,  -23,   -7,  -26,   10,   -7,    0,    0,  -22,  -27,    0,  -27,  -45,    0,  -21,  -38,    0,    0,    0,    0,    0,    0,    0,    0,    0,    0,    0,    0,  -22,    0,    0,    0,    0,    0,    0,    0,    0,    0,    0,    0,    0,    0,    0,    0,    0,    0,    0,    0,    0,    0,    0,    0,    0,    0,    0,    0,    0,    0,    0,    0,    0,    0,    0,    0,    0,    0,    0,    0,    0,    0,    0,    0,    0,    0,    0,    0,    0,    0,    0,    0,    0,    0,    0,    0,    0,    0,    0,    0,    0,    0,    0,    0,    0,    0,    0,    0,    0,    0,    0,    0,    0,    0,    0,    0,    0,    0,    0,    0,    0,    0,    0,    0,    0,    0,    0,    0,    0,    0,    0,    0,    0,    0,    0,    0,    0,    0,    0,    0,    0,    0,    0,    0,    0,    0,    0,    0,    0,
      -5,   -8,   -4,   -9,    0,  -11,    0,  -14,    0,  -11,   -4,    0,    0,    0,    0,    0,    0,    0,    0,    0,    0,    0,    0,    0,    0,    0,   -3,    0,  -14,    0,    0,    0,    0,    0,    0,    0,    0,    0,    0,    0,    0,    0,    0,    0,    0,    0,    0,    0,    0,    0,    0,  -10,    0,    0,    0,    0,    0,    0,    0,    0,    0,    0,    0,    0,    0,    0,    0,    0,    0,    0,   -9,    0,    0,  -18,  -19,  -12,   -6,  -18,  -20,  -15,    0,    0,    0,   -8,    0,  -13,    0,   -6,    0,   -5,   -4,  -13,    0,   -4,   -3,  -14,   -6,    0,   -5,    0,    0,    0,    0,    0,    0,   -4,    0,    0,    0,   -5,    0,    0,   -5,   -5,   -5,   -5,    0,    0,    0,    0,    0,    0,   -5,    0,    0,   -6,    0,    0,   -3,  -19,    0,   -3,    0,    0,    0,    0,    0,    0,    0,    0,    0,    0,   -5,   -3,  -10,    0,    0,    0,    0,    0,    0,    0,    0,    0,    0,    0,    0,    0,    0,    0,    0,    0,    0,    0,    0,    0,    0,    0,    0,    0,    0,    0,    0,    0,    0,    0,    0,    0,    0,    0,    0,    0,    0,    0,    0,    0,    0,    0,    0,    0,    0,    0,    0,    0,    0,    0,    0,    0,    0,    0,    0,    0,    0,    0,    0,    0,    0,    0,    0,    0,    0,    0,    0,    0,    0,    0,    0,    0,    0,    0,    0,    0,    0,    0,    0,    0,    0,    0,    0,    0,    0,    0,    0,    0,    0,    0,    0,    0,    0,    0,    0,    0,    0,    0,    0,    0,    0,    0,    0,    0,    0,    0,    0,
       0,    0,   -8,    0,   -9,    4,   -9,    3,    0,    0,   -9,    0,    0,    0,    0,    0,    0,    0,    0,    0,    0,    0,    0,    0,    0,    0,    0,    0,  -11,    0,    0,    0,    0,    0,    0,    0,    0,    0,    0,    0,    0,    0,    0,    0,    0,    0,    0,    0,    0,    0,   -9,    0,  -16,    0,    0,    0,    0,    0,    0,    0,    0,    0,    0,    0,    0,    0,    0,    0,    0,    0,    4,   -8,    0,    0,    0,    0,    9,    0,    0,    0,    0,   -8,   -8,    6,    0,    0,    0,    0,   -9,    0,    0,    7,   -6,    7,    0,    6,    0,   -6,    0,   -6,  -10,   -2,   -6,    6,  -15,    0,  -10,    0,    0,    6,   -7,    0,    0,    0,    0,    6,   -9,    0,    0,   -8,    6,   -4,    0,    0,  -16,    0,    0,   -6,    0,    0,  -11,    0,    0,    0,    0,    0,    0,    0,    0,    0,    0,    0,    0,    0,    3,    0,    0,    0,    0,    0,    0,    0,    0,    0,    0,    0,    0,    0,    0,    0,    0,    0,    0,    0,    0,    0,    0,    0,    0,    0,    0,    0,    0,    0,    0,    0,    0,    0,    0,    0,    0,    0,    0,    0,    0,    0,    0,    0,    0,    0,    0,    0,    0,    0,    0,    0,    0,    0,    0,    0,    0,    0,    0,    0,    0,    0,    0,    0,    0,    0,    0,    0,    0,    0,    0,    0,    0,    0,    0,    0,    0,    0,    0,    0,    0,    0,    0,    0,    0,    0,    0,    0,    0,    0,    0,    0,    0,    0,    0,    0,    0,    0,    0,    0,    0,    0,    0,    0,    0,    0,    0,    0,    0,
       0,   -4,    0,    9,   -6,    6,    0,   14,    0,    0,    0,    0,    0,    0,    0,    0,    0,    0,    0,    0,    0,    0,    0,    0,    0,    0,    0,    0,    8,    0,    0,    0,    0,    0,    0,    0,    0,    0,    0,    0,    0,    0,    0,    0,    0,    0,    0,    0,    0,    0,   -5,    8,   -5,    0,    0,    0,    0,    0,    0,    0,    0,    0,    0,    0,    0,    0,    0,    0,    0,    0,    0,   -6,    0,    8,    7,    0,    8,    7,    6,    5,    0,   -6,   -9,    6,   -9,    6,    0,    0,    0,    0,    0,    7,    0,    7,    0,    7,    0,    0,    0,    0,    0,   10,    0,    7,   -6,    0,    0,    0,    5,    0,    0,    0,    0,    0,   23,    0,    0,    0,   -8,    0,    0,    0,    0,    0,    0,    0,   -3,    0,    0,    6,   10,    0,    0,    0,    0,    0,    0,    0,    0,    0,    0,    0,    0,    0,    0,    0,    0,    0,    0,    0,    0,    0,    0,    0,    0,    0,    0,    0,    0,    0,    0,    0,    0,    0,    0,    0,    0,    0,    0,    0,    0,    0,    0,    0,    0,    0,    0,    0,    0,    0,    0,    0,    0,    0,    0,    0,    0,    0,    0,    0,    0,    0,    0,    0,    0,    0,    0,    0,    0,    0,    0,    0,    0,    0,    0,    0,    0,    0,    0,    0,    0,    0,    0,    0,    0,    0,    0,    0,    0,    0,    0,    0,    0,    0,    0,    0,    0,    0,    0,    0,    0,    0,    0,    0,    0,    0,    0,    0,    0,    0,    0,    0,    0,    0,    0,    0,    0,    0,    0,    0,    0,    0,    0,
      -5,   -8,   -4,   -9,    0,  -11,    5,  -14,    0,  -11,   -4,    0,    0,    0,    0,    0,    0,    0,    0,    0,    0,    0,    0,    0,    0,    0,   -3,    0,  -14,    0,    0,    0,    0,    0,    0,    0,    0,    0,    0,    0,    0,    0,    0,    0,    0,    0,    0,    0,    0,    0,    0,  -10,    0,    0,    0,    0,    0,    0,    0,    0,    0,    0,    0,    0,    0,    0,    0,    0,    0,    0,   -9,    0,    0,   -7,   -7,  -11,   -6,   -6,  -15,  -10,    0,    0,    0,   -8,    0,   -9,    0,    0,    0,    0,    0,   -8,    0,    0,   -4,   -9,    0,    0,    0,    0,    0,    0,    0,    0,    0,    0,    0,    0,    0,    0,    0,    0,   -4,   -4,   -5,    0,    0,    0,    0,    0,    0,    0,    0,    0,    0,    0,    0,    0,   -4,   -9,    0,   -4,    0,    0,    0,    0,    0,    0,    0,    0,    0,    0,   -5,   -3,  -10,    0,    0,    0,    0,    0,    0,    0,    0,    0,    0,    0,    0,    0,    0,    0,    0,    0,    0,    0,    0,    0,    0,    0,    0,    0,    0,    0,    0,    0,    0,    0,    0,    0,    0,    0,    0,    0,    0,    0,    0,    0,    0,    0,    0,    0,    0,    0,    0,    0,    0,    0,    0,    0,    0,    0,    0,    0,    0,    0,    0,    0,    0,    0,    0,    0,    0,    0,    0,    0,    0,    0,    0,    0,    0,    0,    0,    0,    0,    0,    0,    0,    0,    0,    0,    0,    0,    0,    0,    0,    0,    0,    0,    0,    0,    0,    0,    0,    0,    0,    0,    0,    0,    0,    0,    0,    0,    0,    0,
       0,   -9,    0,   -8,   -7,    0,    0,    0,    0,   -9,    0,    0,    0,    0,    0,    0,    0,    0,    0,    0,    0,    0,    0,    0,    0,    0,    0,    0,  -10,    0,    0,    0,    0,    0,    0,    0,    0,    0,    0,    0,    0,    0,    0,    0,    0,    0,    0,    0,    0,    0,    0,   -7,    0,    0,    0,    0,    0,    0,    0,    0,    0,    0,    0,    0,    0,    0,    0,    0,    0,    0,    0,    0,    0,    0,    0,    0,    0,    0,    0,    0,    0,    0,    0,    0,    0,    0,    0,    0,    0,    0,    0,    0,    0,    0,    0,    0,    0,    0,    0,    0,    0,   -5,    0,    0,    0,    0,    0,    0,    0,    0,    0,    0,    0,    0,    0,    0,    0,    0,    0,    0,    0,   -5,    0,    0,    0,    0,    0,    0,    0,    0,    0,    0,    0,    0,    0,    0,    0,    0,    0,    0,    0,    0,    0,   -8,    0,    0,    0,    0,    0,    0,    0,    0,    0,    0,    0,    0,    0,    0,    0,    0,    0,    0,    0,    0,    0,    0,    0,    0,    0,    0,    0,    0,    0,    0,    0,    0,    0,    0,    0,    0,    0,    0,    0,    0,    0,    0,    0,    0,    0,    0,    0,    0,    0,    0,    0,    0,    0,    0,    0,    0,    0,    0,    0,    0,    0,    0,    0,    0,    0,    0,    0,    0,    0,    0,    0,    0,    0,    0,    0,    0,    0,    0,    0,    0,    0,    0,    0,    0,    0,    0,    0,    0,    0,    0,    0,    0,    0,    0,    0,    0,    0,    0,    0,    0,    0,    0,    0,    0,    0,    0,    0,    0,    0,
      -4,   -8,   -4,    0,   -6,   -6,    6,   -7,   -6,    0,    0,    0,    0,    0,    0,    0,    0,    0,    0,    0,    0,    0,    0,    0,    0,    0,   -6,    0,    0,    0,    0,    0,    0,    0,    0,    0,    0,    0,    0,    0,    0,    0,    0,    0,    0,    0,    0,    0,    0,    0,    0,    0,    0,    0,    0,    0,    0,    0,    0,    0,    0,    0,    0,    0,    0,    0,    0,    0,    0,    0,    0,    0,    0,    0,    0,    0,    0,    0,    0,    0,    0,    0,    0,    0,    0,    0,    0,    0,    0,    0,    0,    0,    0,   -7,   -5,    0,    0,    0,    0,    0,    0,    0,    0,   -4,    0,    0,    0,    0,    0,    0,    0,    0,    0,    0,    0,    0,    0,    0,    0,    0,    0,    0,    0,    0,    0,    0,    0,    0,   -5,    0,    0,   -5,    0,    0,    0,    0,    0,    0,    0,    0,    0,    0,    0,    0,    0,    0,    0,    0,    0,    0,    0,    0,    0,    0,    0,    0,    0,    0,    0,    0,    0,    0,    0,    0,    0,    0,    0,    0,    0,    0,    0,    0,    0,    0,    0,    0,    0,    0,    0,    0,    0,    0,    0,    0,    0,    0,    0,    0,    0,    0,    0,    0,    0,    0,    0,    0,    0,    0,    0,    0,    0,    0,    0,    0,    0,    0,    0,    0,    0,    0,    0,    0,    0,    0,    0,    0,    0,    0,    0,    0,    0,    0,    0,    0,    0,    0,    0,    0,    0,    0,    0,    0,    0,    0,    0,    0,    0,    0,    0,    0,    0,    0,    0,    0,    0,    0,    0,    0,    0,    0,    0,    0,    0,
       0,  -12,    0,   -8,   -5,    0,    0,    0,    0,   -7,    0,    0,    0,    0,    0,    0,    0,    0,    0,    0,    0,    0,    0,    0,    0,    0,    0,    0,   -9,    0,    0,    0,    0,    0,    0,    0,    0,    0,    0,    0,    0,    0,    0,    0,    0,    0,    0,    0,    0,    0,    0,   -6,    0,    0,    0,    0,    0,    0,    0,    0,    0,    0,    0,    0,    0,    0,    0,    0,    0,    0,    0,    0,    0,    0,    0,    0,    0,    0,    0,    0,    0,    0,    0,    0,    0,    0,    0,    0,    0,    0,    0,    0,    0,    0,    0,    0,    0,    0,    0,    0,    0,    0,    0,    0,    0,    0,    0,    0,    0,    0,    0,    0,    0,    0,    0,    0,    0,    0,    0,    0,    0,    0,    0,    0,    0,    0,    0,    0,    0,    0,    0,    0,    0,    0,    0,    0,    0,    0,    0,    0,    0,    0,    0,    0,    0,    0,    0,    0,    0,    0,    0,    0,    0,    0,    0,    0,    0,    0,    0,    0,    0,    0,    0,    0,    0,    0,    0,    0,    0,    0,    0,    0,    0,    0,    0,    0,    0,    0,    0,    0,    0,    0,    0,    0,    0,    0,    0,    0,    0,    0,    0,    0,    0,    0,    0,    0,    0,    0,    0,    0,    0,    0,    0,    0,    0,    0,    0,    0,    0,    0,    0,    0,    0,    0,    0,    0,    0,    0,    0,    0,    0,    0,    0,    0,    0,    0,    0,    0,    0,    0,    0,    0,    0,    0,    0,    0,    0,    0,    0,    0,    0,    0,    0,    0,    0,    0,    0,    0,    0,    0,    0,    0,    0,
       0,    0,    0,   -5,    0,  -26,  -19,  -15,    0,  -17,    0,    0,    0,    0,    0,    0,    0,    0,    0,    0,    0,    0,    0,    0,    0,    0,    0,    0,   -9,    0,    0,    0,    0,    0,    0,    0,    0,    0,    0,    0,    0,    0,    0,    0,    0,    0,    0,    0,    0,    0,   -6,   -4,   -7,    0,    0,    0,    0,    0,    0,    0,    0,    0,    0,    0,    0,    0,    0,    0,    0,    0,    0,    0,    0,    0,    0,    0,    0,    0,    0,    0,    0,    0,    0,    0,    0,    0,    0,    0,    0,    0,    0,  -15,    0,    0,    0,  -12,    0,    0,    0,    0,    7,    7,    0,    6,    0,    0,    7,    0,    0,    0,    0,    0,    0,    0,    0,    0,    0,    8,    0,    0,    0,    7,    0,    0,    7,    0,    0,    0,    0,    0,    7,    0,    0,    0,    0,    0,    0,    0,    0,    0,    0,    0,    0,    0,    0,    0,    0,    0,    0,    0,    0,    0,    0,    0,    0,    0,    0,    0,    0,    0,    0,    0,    0,    0,    0,    0,    0,    0,    0,    0,    0,    0,    0,    0,    0,    0,    0,    0,    0,    0,    0,    0,    0,    0,    0,    0,    0,    0,    0,    0,    0,    0,    0,    0,    0,    0,    0,    0,    0,    0,    0,    0,    0,    0,    0,    0,    0,    0,    0,    0,    0,    0,    0,    0,    0,    0,    0,    0,    0,    0,    0,    0,    0,    0,    0,    0,    0,    0,    0,    0,    0,    0,    0,    0,    0,    0,    0,    0,    0,    0,    0,    0,    0,    0,    0,    0,    0,    0,    0,    0,    0,    0,    0,
       0,  -10,    0,    8,    0,    0,    0,   11,    0,    0,    0,    0,    0,    0,    0,    0,    0,    0,    0,    0,    0,    0,    0,    0,    0,    0,    0,    0,    8,    0,    0,    0,    0,    0,    0,    0,    0,    0,    0,    0,    0,    0,    0,    0,    0,    0,    0,    0,    0,    0,    0,    8,    0,    0,    0,    0,    0,    0,    0,    0,    0,    0,    0,    0,    0,    0,    0,    0,    0,    0,    0,    0,    0,    0,    0,    0,    0,    0,    0,    0,    0,    0,    0,    0,    0,    0,    0,    0,    0,    0,    0,    7,    0,    7,    0,    7,    0,    0,    0,    0,    0,    8,   -4,    7,   -4,    0,    0,    0,    0,    0,    0,    0,    0,    0,    0,    0,    0,    0,    0,    0,    0,    0,    0,    0,    0,    0,    0,    0,    0,    0,   10,    0,    0,    0,    0,    0,    0,    0,    0,    0,    0,    0,    0,    0,    0,    0,    0,    0,    0,    0,    0,    0,    0,    0,    0,    0,    0,    0,    0,    0,    0,    0,    0,    0,    0,    0,    0,    0,    0,    0,    0,    0,    0,    0,    0,    0,    0,    0,    0,    0,    0,    0,    0,    0,    0,    0,    0,    0,    0,    0,    0,    0,    0,    0,    0,    0,    0,    0,    0,    0,    0,    0,    0,    0,    0,    0,    0,    0,    0,    0,    0,    0,    0,    0,    0,    0,    0,    0,    0,    0,    0,    0,    0,    0,    0,    0,    0,    0,    0,    0,    0,    0,    0,    0,    0,    0,    0,    0,    0,    0,    0,    0,    0,    0,    0,    0,    0,    0,    0,    0,    0,    0,    0,
       0,   -9,    0,   -9,   -6,   -4,    5,   -4,   -4,  -10,    0,    0,    0,    0,    0,    0,    0,    0,    0,    0,    0,    0,    0,    0,    0,    0,   -4,    0,  -10,    0,    0,    0,    0,    0,    0,    0,    0,    0,    0,    0,    0,    0,    0,    0,    0,    0,    0,    0,    0,    0,    0,   -7,    0,    0,    0,    0,    0,    0,    0,    0,    0,    0,    0,    0,    0,    0,    0,    0,    0,    0,    0,    0,    0,    0,    0,    0,    0,    0,    0,    0,    0,    0,    0,    0,    0,    0,    0,    0,    0,    0,    0,    0,    0,    0,   -4,    0,    0,    0,    0,    0,    0,   -4,    0,    0,    0,    0,    0,    0,    0,    0,    0,    0,    0,    0,    0,    0,    0,    0,    0,    0,    0,   -4,    0,    0,    0,    0,    0,    0,   -4,    0,    0,   -4,    0,    0,    0,    0,    0,    0,    0,    0,    0,    0,    0,   -8,    0,    0,    0,    0,    0,    0,    0,    0,    0,    0,    0,    0,    0,    0,    0,    0,    0,    0,    0,    0,    0,    0,    0,    0,    0,    0,    0,    0,    0,    0,    0,    0,    0,    0,    0,    0,    0,    0,    0,    0,    0,    0,    0,    0,    0,    0,    0,    0,    0,    0,    0,    0,    0,    0,    0,    0,    0,    0,    0,    0,    0,    0,    0,    0,    0,    0,    0,    0,    0,    0,    0,    0,    0,    0,    0,    0,    0,    0,    0,    0,    0,    0,    0,    0,    0,    0,    0,    0,    0,    0,    0,    0,    0,    0,    0,    0,    0,    0,    0,    0,    0,    0,    0,    0,    0,    0,    0,    0,    0,
       0,   -4,   -6,    0,    0,    0,   -9,    4,    0,    0,   -7,    0,    0,    0,    0,    0,    0,    0,    0,    0,    0,    0,    0,    0,    0,    0,    0,    0,   -8,    0,    0,    0,    0,    0,    0,    0,    0,    0,    0,    0,    0,    0,    0,    0,    0,    0,    0,    0,    0,    0,   -6,    0,  -11,    0,    0,    0,    0,    0,    0,    0,    0,    0,    0,    0,    0,    0,    0,    0,    0,    0,    0,    0,    0,    0,    0,    0,    0,    0,    0,    0,    0,    0,    0,    0,    0,    0,    0,    0,    0,    0,    0,    8,   -9,    8,    0,    7,    0,  -10,    0,   -9,    0,    0,  -10,    6,    0,    0,    0,    0,    5,    0,   -7,    0,    0,    0,    0,    0,    0,    0,    0,   -8,    0,    0,    0,    0,    0,    0,    0,   -4,    0,    0,    0,    0,    0,    0,    0,    0,    0,    0,    0,    0,    0,    0,    0,    0,    0,    0,    0,    0,    0,    0,    0,    0,    0,    0,    0,    0,    0,    0,    0,    0,    0,    0,    0,    0,    0,    0,    0,    0,    0,    0,    0,    0,    0,    0,    0,    0,    0,    0,    0,    0,    0,    0,    0,    0,    0,    0,    0,    0,    0,    0,    0,    0,    0,    0,    0,    0,    0,    0,    0,    0,    0,    0,    0,    0,    0,    0,    0,    0,    0,    0,    0,    0,    0,    0,    0,    0,    0,    0,    0,    0,    0,    0,    0,    0,    0,    0,    0,    0,    0,    0,    0,    0,    0,    0,    0,    0,    0,    0,    0,    0,    0,    0,    0,    0,    0,    0,    0,    0,    0,    0,    0,    0,    0,
       0,  -12,    0,   -8,   -6,    0,    0,    0,    0,   -8,    0,    0,    0,    0,    0,    0,    0,    0,    0,    0,    0,    0,    0,    0,    0,    0,    0,    0,  -11,    0,    0,    0,    0,    0,    0,    0,    0,    0,    0,    0,    0,    0,    0,    0,    0,    0,    0,    0,    0,    0,    0,   -7,    0,    0,    0,    0,    0,    0,    0,    0,    0,    0,    0,    0,    0,    0,    0,    0,    0,    0,    0,    0,    0,    0,    0,    0,    0,    0,    0,    0,    0,    0,    0,    0,    0,    0,    0,    0,    0,    0,    0,    0,    0,    0,    0,    0,    0,    0,    0,    0,    0,    0,    0,    0,    0,    0,    0,    0,    0,    0,    0,    0,    0,    0,    0,    0,    0,    0,    0,    0,    0,    0,    0,    0,    0,    0,    0,    0,    0,    0,    0,    0,    0,    0,    0,    0,    0,    0,    0,    0,    0,    0,    0,    0,    0,    0,    0,    0,    0,    0,    0,    0,    0,    0,    0,    0,    0,    0,    0,    0,    0,    0,    0,    0,    0,    0,    0,    0,    0,    0,    0,    0,    0,    0,    0,    0,    0,    0,    0,    0,    0,    0,    0,    0,    0,    0,    0,    0,    0,    0,    0,    0,    0,    0,    0,    0,    0,    0,    0,    0,    0,    0,    0,    0,    0,    0,    0,    0,    0,    0,    0,    0,    0,    0,    0,    0,    0,    0,    0,    0,    0,    0,    0,    0,    0,    0,    0,    0,    0,    0,    0,    0,    0,    0,    0,    0,    0,    0,    0,    0,    0,    0,    0,    0,    0,    0,    0,    0,    0,    0,    0,    0,    0,
       0,    0,   -5,    0,    0,    0,   -9,    4,    0,    0,   -7,    0,    0,    0,    0,    0,    0,    0,    0,    0,    0,    0,    0,    0,    0,    0,    0,    0,   -8,    0,    0,    0,    0,    0,    0,    0,    0,    0,    0,    0,    0,    0,    0,    0,    0,    0,    0,    0,    0,    0,   -6,    0,  -11,    0,    0,    0,    0,    0,    0,    0,    0,    0,    0,    0,    0,    0,    0,    0,    0,    0,    0,    0,    0,    0,    0,    0,    0,    0,    0,    0,    0,    0,    0,    0,    0,    0,    0,    0,    0,    0,    0,    8,   -9,    8,    0,    7,    0,  -10,    0,   -9,    0,    0,  -10,    6,    0,    0,    0,    0,    5,    0,   -8,    0,    0,    0,    0,    0,    0,    0,    0,   -8,    0,    0,    0,    0,    0,    0,    0,    0,    0,    0,    0,    0,    0,    0,    0,    0,    0,    0,    0,    0,    0,    0,    0,    0,    0,    0,    0,    0,    0,    0,    0,    0,    0,    0,    0,    0,    0,    0,    0,    0,    0,    0,    0,    0,    0,    0,    0,    0,    0,    0,    0,    0,    0,    0,    0,    0,    0,    0,    0,    0,    0,    0,    0,    0,    0,    0,    0,    0,    0,    0,    0,    0,    0,    0,    0,    0,    0,    0,    0,    0,    0,    0,    0,    0,    0,    0,    0,    0,    0,    0,    0,    0,    0,    0,    0,    0,    0,    0,    0,    0,    0,    0,    0,    0,    0,    0,    0,    0,    0,    0,    0,    0,    0,    0,    0,    0,    0,    0,    0,    0,    0,    0,    0,    0,    0,    0,    0,    0,    0,    0,    0,    0,    0,
       0,  -11,    0,   -9,   -7,   -7,    6,   -8,   -6,  -10,    0,    0,    0,    0,    0,    0,    0,    0,    0,    0,    0,    0,    0,    0,    0,    0,    0,    0,  -10,    0,    0,    0,    0,    0,    0,    0,    0,    0,    0,    0,    0,    0,    0,    0,    0,    0,    0,    0,    0,    0,    0,   -7,    0,    0,    0,    0,    0,    0,    0,    0,    0,    0,    0,    0,    0,    0,    0,    0,    0,    0,    0,    0,    0,    0,    0,    0,    0,    0,    0,    0,    0,    0,    0,    0,    0,    0,    0,    0,    0,    0,    0,    0,    0,   -8,   -6,    0,    0,    0,    0,    0,    0,   -5,    0,   -6,    0,    0,    0,   -4,    0,    0,    0,    0,    0,    0,    0,    0,    0,    0,    0,    0,    0,   -5,    0,    0,    0,    0,    0,    0,   -6,    0,    0,   -6,    0,    0,    0,    0,    0,    0,    0,    0,    0,    0,   -7,   -9,    0,    0,    0,    0,    0,    0,    0,    0,    0,    0,    0,    0,    0,    0,    0,    0,    0,    0,    0,    0,    0,    0,    0,    0,    0,    0,    0,    0,    0,    0,    0,    0,    0,    0,    0,    0,    0,    0,    0,    0,    0,    0,    0,    0,    0,    0,    0,    0,    0,    0,    0,    0,    0,    0,    0,    0,    0,    0,    0,    0,    0,    0,    0,    0,    0,    0,    0,    0,    0,    0,    0,    0,    0,    0,    0,    0,    0,    0,    0,    0,    0,    0,    0,    0,    0,    0,    0,    0,    0,    0,    0,    0,    0,    0,    0,    0,    0,    0,    0,    0,    0,    0,    0,    0,    0,    0,    0,    0,    0,
       0,  -11,   -4,   -9,   -7,   -6,    6,   -7,   -6,   -9,    0,    0,    0,    0,    0,    0,    0,    0,    0,    0,    0,    0,    0,    0,    0,    0,   -6,    0,  -10,    0,    0,    0,    0,    0,    0,    0,    0,    0,    0,    0,    0,    0,    0,    0,    0,    0,    0,    0,    0,    0,    0,   -7,    0,    0,    0,    0,    0,    0,    0,    0,    0,    0,    0,    0,    0,    0,    0,    0,    0,    0,    0,    0,    0,    0,    0,    0,    0,    0,    0,    0,    0,    0,    0,    0,    0,    0,    0,    0,    0,    0,    0,    0,    0,   -7,   -5,    0,    0,    0,    0,    0,    0,   -5,    0,   -6,    0,    0,    0,    0,    0,   -4,    0,    0,    0,    0,    0,    0,    0,    0,    0,    0,    0,   -5,    0,    0,    0,    0,    0,    0,   -5,    0,    0,   -5,    0,    0,    0,    0,    0,    0,    0,    0,    0,    0,   -7,   -9,    0,    0,    0,    0,    0,    0,    0,    0,    0,    0,    0,    0,    0,    0,    0,    0,    0,    0,    0,    0,    0,    0,    0,    0,    0,    0,    0,    0,    0,    0,    0,    0,    0,    0,    0,    0,    0,    0,    0,    0,    0,    0,    0,    0,    0,    0,    0,    0,    0,    0,    0,    0,    0,    0,    0,    0,    0,    0,    0,    0,    0,    0,    0,    0,    0,    0,    0,    0,    0,    0,    0,    0,    0,    0,    0,    0,    0,    0,    0,    0,    0,    0,    0,    0,    0,    0,    0,    0,    0,    0,    0,    0,    0,    0,    0,    0,    0,    0,    0,    0,    0,    0,    0,    0,    0,    0,    0,    0,    0,
       0,    0,    0,    0,    0,    3,  -11,    0,    0,    0,    0,    0,    0,    0,    0,    0,    0,    0,    0,    0,    0,    0,    0,    0,    0,    0,    0,    0,   -9,    0,    0,    0,    0,    0,    0,    0,    0,    0,    0,    0,    0,    0,    0,    0,    0,    0,    0,    0,    0,    0,   -7,   -4,  -10,    0,    0,    0,    0,    0,    0,    0,    0,    0,    0,    0,    0,    0,    0,    0,    0,    0,    0,    0,    0,    0,    0,    0,    0,    0,    0,    0,    0,    0,    0,    0,    0,    0,    0,    0,    0,    0,    0,    7,    0,    7,    0,    6,    0,   -4,    0,    0,    5,    4,   -4,    5,    0,    0,    5,    0,    0,    0,    0,    0,    0,    0,    0,    0,    0,    0,    0,    0,    0,    4,    0,    0,    0,    0,    0,    0,    0,    0,    0,    0,    0,    0,    0,    0,    0,    0,    0,    0,    0,    0,    0,    0,    0,    0,    0,    0,    0,    0,    0,    0,    0,    0,    0,    0,    0,    0,    0,    0,    0,    0,    0,    0,    0,    0,    0,    0,    0,    0,    0,    0,    0,    0,    0,    0,    0,    0,    0,    0,    0,    0,    0,    0,    0,    0,    0,    0,    0,    0,    0,    0,    0,    0,    0,    0,    0,    0,    0,    0,    0,    0,    0,    0,    0,    0,    0,    0,    0,    0,    0,    0,    0,    0,    0,    0,    0,    0,    0,    0,    0,    0,    0,    0,    0,    0,    0,    0,    0,    0,    0,    0,    0,    0,    0,    0,    0,    0,    0,    0,    0,    0,    0,    0,    0,    0,    0,    0,    0,    0,    0,    0,    0,
       0,    0,    0,   -4,    0,  -17,  -10,  -15,    0,  -16,    0,    0,    0,    0,    0,    0,    0,    0,    0,    0,    0,    0,    0,    0,    0,    0,    0,    0,   -8,    0,    0,    0,    0,    0,    0,    0,    0,    0,    0,    0,    0,    0,    0,    0,    0,    0,    0,    0,    0,    0,   -6,   -4,   -6,    0,    0,    0,    0,    0,    0,    0,    0,    0,    0,    0,    0,    0,    0,    0,    0,    0,    0,    0,    0,    0,    0,    0,    0,    0,    0,    0,    0,    0,    0,    0,    0,    0,    0,    0,    0,    0,    0,  -12,    0,    0,    0,  -12,    0,    0,    0,    0,    7,    7,    0,    6,    0,    0,    7,    0,    0,    0,    0,    0,    0,    0,    0,    0,    0,    8,    0,    0,    0,    7,    0,    0,    7,    0,    0,    0,    0,    0,    7,    0,    0,    0,    0,    0,    0,    0,    0,    0,    0,    0,    0,    0,    0,    0,    0,    0,    0,    0,    0,    0,    0,    0,    0,    0,    0,    0,    0,    0,    0,    0,    0,    0,    0,    0,    0,    0,    0,    0,    0,    0,    0,    0,    0,    0,    0,    0,    0,    0,    0,    0,    0,    0,    0,    0,    0,    0,    0,    0,    0,    0,    0,    0,    0,    0,    0,    0,    0,    0,    0,    0,    0,    0,    0,    0,    0,    0,    0,    0,    0,    0,    0,    0,    0,    0,    0,    0,    0,    0,    0,    0,    0,    0,    0,    0,    0,    0,    0,    0,    0,    0,    0,    0,    0,    0,    0,    0,    0,    0,    0,    0,    0,    0,    0,    0,    0,    0,    0,    0,    0,    0,    0,
       0,    0,    0,   -5,    0,   -7,    0,  -10,    0,  -11,    0,    0,    0,    0,    0,    0,    0,    0,    0,    0,    0,    0,    0,    0,    0,    0,    0,    0,   -9,    0,    0,    0,    0,    0,    0,    0,    0,    0,    0,    0,    0,    0,    0,    0,    0,    0,    0,    0,    0,    0,    0,   -4,    0,    0,    0,    0,    0,    0,    0,    0,    0,    0,    0,    0,    0,    0,    0,    0,    0,    0,    0,    0,    0,    0,    0,    0,    0,    0,    0,    0,    0,    0,    0,    0,    0,    0,    0,    0,    0,    0,    0,   -8,   -4,    0,    0,   -9,    0,   -4,    0,   -4,    7,    6,   -4,    4,    0,    0,    7,    0,    0,    0,    0,    0,    0,    0,    0,    0,    0,    6,    0,    0,    0,    6,    0,    0,    0,    0,    0,    0,    0,    0,    6,    0,    0,    0,    0,    0,    0,    0,    0,    0,    0,    0,    0,    4,  -10,    0,    0,    0,    0,    0,    0,    0,    0,    0,    0,    0,    0,    0,    0,    0,    0,    0,    0,    0,    0,    0,    0,    0,    0,    0,    0,    0,    0,    0,    0,    0,    0,    0,    0,    0,    0,    0,    0,    0,    0,    0,    0,    0,    0,    0,    0,    0,    0,    0,    0,    0,    0,    0,    0,    0,    0,    0,    0,    0,    0,    0,    0,    0,    0,    0,    0,    0,    0,    0,    0,    0,    0,    0,    0,    0,    0,    0,    0,    0,    0,    0,    0,    0,    0,    0,    0,    0,    0,    0,    0,    0,    0,    0,    0,    0,    0,    0,    0,    0,    0,    0,    0,    0,    0,    0,    0,    0,    0,
      -7,  -11,    0,   -9,   -7,   -8,    6,   -8,   -7,  -10,    0,    0,    0,    0,    0,    0,    0,    0,    0,    0,    0,    0,    0,    0,    0,    0,   -6,    0,  -10,    0,    0,    0,    0,    0,    0,    0,    0,    0,    0,    0,    0,    0,    0,    0,    0,    0,    0,    0,    0,    0,    0,   -7,    0,    0,    0,    0,    0,    0,    0,    0,    0,    0,    0,    0,    0,    0,    0,    0,    0,    0,    0,    0,    0,    0,    0,    0,    0,    0,    0,    0,    0,    0,    0,    0,    0,    0,    0,    0,    0,    0,    0,    0,    0,   -9,   -7,   -4,    0,    0,    0,    0,    0,   -5,    0,   -6,    0,    0,    0,   -5,    0,   -4,    0,    0,    0,    0,    0,    0,    0,    0,    0,    0,    0,    0,    0,    0,    0,    0,    0,    0,   -7,    0,   -4,   -7,    0,    0,    0,    0,    0,    0,    0,    0,    0,    0,   -7,   -9,    0,    0,    0,    0,    0,    0,    0,    0,    0,    0,    0,    0,    0,    0,    0,    0,    0,    0,    0,    0,    0,    0,    0,    0,    0,    0,    0,    0,    0,    0,    0,    0,    0,    0,    0,    0,    0,    0,    0,    0,    0,    0,    0,    0,    0,    0,    0,    0,    0,    0,    0,    0,    0,    0,    0,    0,    0,    0,    0,    0,    0,    0,    0,    0,    0,    0,    0,    0,    0,    0,    0,    0,    0,    0,    0,    0,    0,    0,    0,    0,    0,    0,    0,    0,    0,    0,    0,    0,    0,    0,    0,    0,    0,    0,    0,    0,    0,    0,    0,    0,    0,    0,    0,    0,    0,    0,    0,    0,    0,
       0,    0,   -5,    0,    0,    0,   -5,    0,    0,   -4,   -4,    0,    0,    0,    0,    0,    0,    0,    0,    0,    0,    0,    0,    0,    0,    0,    0,    0,   -9,    0,    0,    0,    0,    0,    0,    0,    0,    0,    0,    0,    0,    0,    0,    0,    0,    0,    0,    0,    0,    0,   -7,   -4,  -10,    0,    0,    0,    0,    0,    0,    0,    0,    0,    0,    0,    0,    0,    0,    0,    0,    0,    0,    0,    0,    0,    0,    0,    0,    0,    0,    0,    0,    0,    0,    0,    0,    0,    0,    0,    0,    0,    0,    7,   -7,    7,    0,    6,    0,   -7,    0,   -7,    0,    0,   -7,    6,    0,    0,    0,    0,    0,    0,   -5,    0,    0,    0,    0,    0,    0,    0,    0,   -5,    0,    0,    0,    0,    0,    0,    0,    0,    0,    0,    0,    0,    0,    0,    0,    0,    0,    0,    0,    0,    0,    0,    0,    0,    0,    0,    0,    0,    0,    0,    0,    0,    0,    0,    0,    0,    0,    0,    0,    0,    0,    0,    0,    0,    0,    0,    0,    0,    0,    0,    0,    0,    0,    0,    0,    0,    0,    0,    0,    0,    0,    0,    0,    0,    0,    0,    0,    0,    0,    0,    0,    0,    0,    0,    0,    0,    0,    0,    0,    0,    0,    0,    0,    0,    0,    0,    0,    0,    0,    0,    0,    0,    0,    0,    0,    0,    0,    0,    0,    0,    0,    0,    0,    0,    0,    0,    0,    0,    0,    0,    0,    0,    0,    0,    0,    0,    0,    0,    0,    0,    0,    0,    0,    0,    0,    0,    0,    0,    0,    0,    0,    0,    0,
       0,  -10,    0,    8,    0,    0,    0,   11,    0,    0,    0,    0,    0,    0,    0,    0,    0,    0,    0,    0,    0,    0,    0,    0,    0,    0,    0,    0,    8,    0,    0,    0,    0,    0,    0,    0,    0,    0,    0,    0,    0,    0,    0,    0,    0,    0,    0,    0,    0,    0,    0,    8,    0,    0,    0,    0,    0,    0,    0,    0,    0,    0,    0,    0,    0,    0,    0,    0,    0,    0,    0,    0,    0,    0,    0,    0,    0,    0,    0,    0,    0,    0,    0,    0,    0,    0,    0,    0,    0,    0,    0,    7,    0,    7,    0,    7,    0,    0,    0,    0,    0,    8,   -4,    7,   -4,    0,    0,    0,    0,    0,    0,    0,    0,    0,   28,    0,    0,    0,    0,    0,    0,    0,    0,    0,    0,    0,    0,    0,    0,    0,   10,    0,    0,    0,    0,    0,    0,    0,    0,    0,    0,    0,    0,    0,    0,    0,    0,    0,    0,    0,    0,    0,    0,    0,    0,    0,    0,    0,    0,    0,    0,    0,    0,    0,    0,    0,    0,    0,    0,    0,    0,    0,    0,    0,    0,    0,    0,    0,    0,    0,    0,    0,    0,    0,    0,    0,    0,    0,    0,    0,    0,    0,    0,    0,    0,    0,    0,    0,    0,    0,    0,    0,    0,    0,    0,    0,    0,    0,    0,    0,    0,    0,    0,    0,    0,    0,    0,    0,    0,    0,    0,    0,    0,    0,    0,    0,    0,    0,    0,    0,    0,    0,    0,    0,    0,    0,    0,    0,    0,    0,    0,    0,    0,    0,    0,    0,    0,    0,    0,    0,    0,    0,    0,
       0,  -27,    0,   -8,  -17,    0,    0,    0,    0,   -6,    0,    0,    0,    0,    0,    0,    0,    0,    0,    0,    0,    0,    0,    0,    0,    0,    0,    0,  -11,    0,    0,    0,    0,    0,    0,    0,    0,    0,    0,    0,    0,    0,    0,    0,    0,    0,    0,    0,    0,    0,    0,   -6,    0,    0,    0,    0,    0,    0,    0,    0,    0,    0,    0,    0,    0,    0,    0,    0,    0,    0,    0,    0,    0,    0,    0,    0,    0,    0,    0,    0,    0,    0,    0,    0,    0,    0,    0,    0,    0,    0,    0,    0,    0,    0,    0,    0,    0,    0,    0,    0,  -16,   -6,    0,    0,    0,    0,  -11,    0,    0,    0,    0,    0,    0,    0,    0,    0,    0,    0,    0,    0,    0,   -6,    0,    0,    0,    0,    0,    0,    0,    0,   -7,    0,    0,    0,    0,    0,    0,    0,    0,    0,    0,    0,    0,    0,    0,    0,    0,    0,    0,    0,    0,    0,    0,    0,    0,    0,    0,    0,    0,    0,    0,    0,    0,    0,    0,    0,    0,    0,    0,    0,    0,    0,    0,    0,    0,    0,    0,    0,    0,    0,    0,    0,    0,    0,    0,    0,    0,    0,    0,    0,    0,    0,    0,    0,    0,    0,    0,    0,    0,    0,    0,    0,    0,    0,    0,    0,    0,    0,    0,    0,    0,    0,    0,    0,    0,    0,    0,    0,    0,    0,    0,    0,    0,    0,    0,    0,    0,    0,    0,    0,    0,    0,    0,    0,    0,    0,    0,    0,    0,    0,    0,    0,    0,    0,    0,    0,    0,    0,    0,    0,    0,    0,    0,
       0,  -11,    0,   -9,   -7,   -6,    6,   -8,   -5,  -10,    0,    0,    0,    0,    0,    0,    0,    0,    0,    0,    0,    0,    0,    0,    0,    0,    0,    0,  -10,    0,    0,    0,    0,    0,    0,    0,    0,    0,    0,    0,    0,    0,    0,    0,    0,    0,    0,    0,    0,    0,    0,   -7,    0,    0,    0,    0,    0,    0,    0,    0,    0,    0,    0,    0,    0,    0,    0,    0,    0,    0,    0,    0,    0,    0,    0,    0,    0,    0,    0,    0,    0,    0,    0,    0,    0,    0,    0,    0,    0,    0,    0,    0,    0,   -7,   -5,    0,    0,    0,    0,    0,    0,   -5,    0,   -6,    0,    0,    0,   -4,    0,    0,    0,    0,    0,    0,    0,    0,    0,    0,    0,    0,    0,    0,    0,    0,    0,    0,    0,    0,   -5,    0,    0,   -5,    0,    0,    0,    0,    0,    0,    0,    0,    0,    0,   -7,   -9,    0,    0,    0,    0,    0,    0,    0,    0,    0,    0,    0,    0,    0,    0,    0,    0,    0,    0,    0,    0,    0,    0,    0,    0,    0,    0,    0,    0,    0,    0,    0,    0,    0,    0,    0,    0,    0,    0,    0,    0,    0,    0,    0,    0,    0,    0,    0,    0,    0,    0,    0,    0,    0,    0,    0,    0,    0,    0,    0,    0,    0,    0,    0,    0,    0,    0,    0,    0,    0,    0,    0,    0,    0,    0,    0,    0,    0,    0,    0,    0,    0,    0,    0,    0,    0,    0,    0,    0,    0,    0,    0,    0,    0,    0,    0,    0,    0,    0,    0,    0,    0,    0,    0,    0,    0,    0,    0,    0,    0,
       0,  -11,    0,   -9,   -7,   -7,    6,   -8,   -6,  -10,    0,    0,    0,    0,    0,    0,    0,    0,    0,    0,    0,    0,    0,    0,    0,    0,    0,    0,  -10,    0,    0,    0,    0,    0,    0,    0,    0,    0,    0,    0,    0,    0,    0,    0,    0,    0,    0,    0,    0,    0,    0,   -7,    0,    0,    0,    0,    0,    0,    0,    0,    0,    0,    0,    0,    0,    0,    0,    0,    0,    0,    0,    0,    0,    0,    0,    0,    0,    0,    0,    0,    0,    0,    0,    0,    0,    0,    0,    0,    0,    0,    0,    0,    0,   -8,   -6,    0,    0,    0,    0,    0,    0,   -5,    0,   -6,    0,    0,    0,   -4,    0,    0,    0,    0,    0,    0,    0,    0,    0,    0,    0,    0,    0,    0,    0,    0,    0,    0,    0,    0,   -6,    0,    0,   -6,    0,    0,    0,    0,    0,    0,    0,    0,    0,    0,   -7,   -9,    0,    0,    0,    0,    0,    0,    0,    0,    0,    0,    0,    0,    0,    0,    0,    0,    0,    0,    0,    0,    0,    0,    0,    0,    0,    0,    0,    0,    0,    0,    0,    0,    0,    0,    0,    0,    0,    0,    0,    0,    0,    0,    0,    0,    0,    0,    0,    0,    0,    0,    0,    0,    0,    0,    0,    0,    0,    0,    0,    0,    0,    0,    0,    0,    0,    0,    0,    0,    0,    0,    0,    0,    0,    0,    0,    0,    0,    0,    0,    0,    0,    0,    0,    0,    0,    0,    0,    0,    0,    0,    0,    0,    0,    0,    0,    0,    0,    0,    0,    0,    0,    0,    0,    0,    0,    0,    0,    0,    0,
       0,  -19,   -6,    0,   -8,    0,    0,    0,    0,  -10,   -4,    0,    0,    0,    0,    0,    0,    0,    0,    0,    0,    0,    0,    0,    0,    0,   -4,    0,    0,    0,    0,    0,    0,    0,    0,    0,    0,    0,    0,    0,    0,    0,    0,    0,    0,    0,    0,    0,    0,    0,    0,    0,    0,    0,    0,    0,    0,    0,    0,    0,    0,    0,    0,    0,    0,    0,    0,    0,    0,    0,    0,    0,    0,    0,    0,    0,    0,    0,    0,    0,    0,    0,    0,    0,    0,    0,    0,    0,   -4,    0,    0,    0,    0,    0,    0,    0,    0,    0,    0,    0,    0,    0,    0,    0,    0,    0,    0,    0,    0,   -6,    0,    0,    0,    0,    0,    0,    0,    0,    0,    0,    0,    0,    0,    0,    0,    0,    0,    0,    0,    0,    0,    0,    0,    0,    0,    0,    0,    0,    0,    0,    0,    0,    0,    0,    0,    0,    0,    0,    0,    0,    0,    0,    0,    0,    0,    0,    0,    0,    0,    0,    0,    0,    0,    0,    0,    0,    0,    0,    0,    0,    0,    0,    0,    0,    0,    0,    0,    0,    0,    0,    0,    0,    0,    0,    0,    0,    0,    0,    0,    0,    0,    0,    0,    0,    0,    0,    0,    0,    0,    0,    0,    0,    0,    0,    0,    0,    0,    0,    0,    0,    0,    0,    0,    0,    0,    0,    0,    0,    0,    0,    0,    0,    0,    0,    0,    0,    0,    0,    0,    0,    0,    0,    0,    0,    0,    0,    0,    0,    0,    0,    0,    0,    0,    0,    0,    0,    0,    0,    0,    0,    0,    0,    0,
       0,   -4,   -6,    0,    0,    0,   -5,    0,    0,   -5,   -4,    0,    0,    0,    0,    0,    0,    0,    0,    0,    0,    0,    0,    0,    0,    0,   -4,    0,  -11,    0,    0,    0,    0,    0,    0,    0,    0,    0,    0,    0,    0,    0,    0,    0,    0,    0,    0,    0,    0,    0,   -8,   -6,  -10,    0,    0,    0,    0,    0,    0,    0,    0,    0,    0,    0,    0,    0,    0,    0,    0,    0,    0,    0,    0,    0,    0,    0,    0,    0,    0,    0,    0,    0,    0,    0,    0,    0,    0,    0,    0,    0,    0,    0,   -4,    0,    0,    0,    0,   -4,    0,   -4,    0,    0,   -5,    0,    0,    0,    0,    0,    0,    0,   -4,    0,    0,    0,    0,    0,    0,    0,    0,   -4,    0,    0,    0,    0,    0,    0,    0,    0,    0,    0,    0,    0,    0,    0,    0,    0,    0,    0,    0,    0,    0,    0,    0,    0,    0,    0,    0,    0,    0,    0,    0,    0,    0,    0,    0,    0,    0,    0,    0,    0,    0,    0,    0,    0,    0,    0,    0,    0,    0,    0,    0,    0,    0,    0,    0,    0,    0,    0,    0,    0,    0,    0,    0,    0,    0,    0,    0,    0,    0,    0,    0,    0,    0,    0,    0,    0,    0,    0,    0,    0,    0,    0,    0,    0,    0,    0,    0,    0,    0,    0,    0,    0,    0,    0,    0,    0,    0,    0,    0,    0,    0,    0,    0,    0,    0,    0,    0,    0,    0,    0,    0,    0,    0,    0,    0,    0,    0,    0,    0,    0,    0,    0,    0,    0,    0,    0,    0,    0,    0,    0,    0,    0,    0,
       0,   -8,    0,   -9,    0,    0,    0,    0,    0,   -6,    0,    0,    0,    0,    0,    0,    0,    0,    0,    0,    0,    0,    0,    0,    0,    0,    0,    0,  -12,    0,    0,    0,    0,    0,    0,    0,    0,    0,    0,    0,    0,    0,    0,    0,    0,    0,    0,    0,    0,    0,   -4,   -7,    0,    0,    0,    0,    0,    0,    0,    0,    0,    0,    0,    0,    0,    0,    0,    0,    0,    0,    0,    0,    0,    0,    0,    0,    0,    0,    0,    0,    0,    0,    0,    0,    0,    0,    0,    0,    0,    0,    0,    0,    0,    0,    0,    0,    0,    0,    0,    0,    0,    0,    0,    0,    0,    0,    0,    0,    0,    0,    0,    0,    0,    0,    0,    0,    0,    0,    0,    0,    0,    0,    0,    0,    0,    0,    0,    0,    0,    0,    0,    0,    0,    0,    0,    0,    0,    0,    0,    0,    0,    0,    0,    0,    0,    0,    0,    0,    0,    0,    0,    0,    0,    0,    0,    0,    0,    0,    0,    0,    0,    0,    0,    0,    0,    0,    0,    0,    0,    0,    0,    0,    0,    0,    0,    0,    0,    0,    0,    0,    0,    0,    0,    0,    0,    0,    0,    0,    0,    0,    0,    0,    0,    0,    0,    0,    0,    0,    0,    0,    0,    0,    0,    0,    0,    0,    0,    0,    0,    0,    0,    0,    0,    0,    0,    0,    0,    0,    0,    0,    0,    0,    0,    0,    0,    0,    0,    0,    0,    0,    0,    0,    0,    0,    0,    0,    0,    0,    0,    0,    0,    0,    0,    0,    0,    0,    0,    0,    0,    0,    0,    0,    0,
       0,  -19,   -6,   -8,   -8,    0,    0,    0,    0,  -10,   -4,    0,    0,    0,    0,    0,    0,    0,    0,    0,    0,    0,    0,    0,    0,    0,   -4,    0,  -14,    0,    0,    0,    0,    0,    0,    0,    0,    0,    0,    0,    0,    0,    0,    0,    0,    0,    0,    0,    0,    0,    0,  -11,    0,    0,    0,    0,    0,    0,    0,    0,    0,    0,    0,    0,    0,    0,    0,    0,    0,    0,    0,    0,    0,    0,    0,    0,    0,    0,    0,    0,    0,    0,    0,    0,    0,    0,    0,    0,   -4,    0,    0,    0,    0,    0,    0,    0,    0,    0,    0,    0,    0,    0,    0,    0,    0,    0,    0,    0,    0,   -4,    0,    0,    0,    0,    0,    0,    0,    0,    0,    0,    0,    0,    0,    0,    0,    0,    0,    0,    0,    0,    0,    0,    0,    0,    0,    0,    0,    0,    0,    0,    0,    0,    0,    0,    0,    0,    0,    0,    0,    0,    0,    0,    0,    0,    0,    0,    0,    0,    0,    0,    0,    0,    0,    0,    0,    0,    0,    0,    0,    0,    0,    0,    0,    0,    0,    0,    0,    0,    0,    0,    0,    0,    0,    0,    0,    0,    0,    0,    0,    0,    0,    0,    0,    0,    0,    0,    0,    0,    0,    0,    0,    0,    0,    0,    0,    0,    0,    0,    0,    0,    0,    0,    0,    0,    0,    0,    0,    0,    0,    0,    0,    0,    0,    0,    0,    0,    0,    0,    0,    0,    0,    0,    0,    0,    0,    0,    0,    0,    0,    0,    0,    0,    0,    0,    0,    0,    0,    0,    0,    0,    0,    0,    0,
       0,  -25,    0,   -8,  -17,    0,    0,    0,    0,   -6,    0,    0,    0,    0,    0,    0,    0,    0,    0,    0,    0,    0,    0,    0,    0,    0,    0,    0,  -11,    0,    0,    0,    0,    0,    0,    0,    0,    0,    0,    0,    0,    0,    0,    0,    0,    0,    0,    0,    0,    0,    0,   -6,    0,    0,    0,    0,    0,    0,    0,    0,    0,    0,    0,    0,    0,    0,    0,    0,    0,    0,    0,    0,    0,    0,    0,    0,    0,    0,    0,    0,    0,    0,    0,    0,    0,    0,    0,    0,    0,    0,    0,    0,    0,    0,    0,    0,    0,    0,    0,    0,  -13,   -6,    0,    0,    0,    0,  -10,    0,    0,    0,    0,    0,    0,    0,    0,    0,    0,    0,    0,    0,    0,   -6,    0,    0,    0,    0,    0,    0,    0,    0,   -7,    0,    0,    0,    0,    0,    0,    0,    0,    0,    0,    0,    0,    0,    0,    0,    0,    0,    0,    0,    0,    0,    0,    0,    0,    0,    0,    0,    0,    0,    0,    0,    0,    0,    0,    0,    0,    0,    0,    0,    0,    0,    0,    0,    0,    0,    0,    0,    0,    0,    0,    0,    0,    0,    0,    0,    0,    0,    0,    0,    0,    0,    0,    0,    0,    0,    0,    0,    0,    0,    0,    0,    0,    0,    0,    0,    0,    0,    0,    0,    0,    0,    0,    0,    0,    0,    0,    0,    0,    0,    0,    0,    0,    0,    0,    0,    0,    0,    0,    0,    0,    0,    0,    0,    0,    0,    0,    0,    0,    0,    0,    0,    0,    0,    0,    0,    0,    0,    0,    0,    0,    0,    0,
       0,    0,   -6,    7,    0,    0,  -22,  -23,  -16,   12,  -13,    0,    0,    0,    0,    0,    0,    0,    0,    0,    0,    0,    0,    0,    0,    0,    0,    0,    8,    0,    0,    0,    0,    0,    0,    0,    0,    0,    0,    0,    0,    0,    0,    0,    0,    0,    0,    0,    0,    0,    0,    8,  -30,  -15,    0,    0,    0,    0,    0,    0,    0,    0,    0,    0,    0,    0,    0,    0,    0,    0,   13,   -6,    0,    0,  -17,   11,  -23,  -17,    7,    6,    0,   -6,  -10,    8,    6,   11,    0,  -18,    0,  -15,  -17,  -35,  -29,  -11,  -13,  -32,  -21,  -29,  -17,  -30,   -6,   -6,  -26,   -8,  -12,  -17,   -6,  -12,  -25,   15,  -29,  -21,    0,    0,    0,   15,    0,  -11,   -7,  -30,    0,   -6,    0,    0,  -17,  -18,    0,  -19,  -13,    6,   -7,  -13,    0,    0,    0,    0,    0,    0,    0,    0,    0,    0,    0,    0,    0,    0,    0,    0,    0,    0,    0,    0,    0,    0,    0,    0,    0,    0,    0,    0,    0,    0,    0,    0,    0,    0,    0,    0,    0,    0,    0,    0,    0,    0,    0,    0,    0,    0,    0,    0,    0,    0,    0,    0,    0,    0,    0,    0,    0,    0,    0,    0,    0,    0,    0,    0,    0,    0,    0,    0,    0,    0,    0,    0,    0,    0,    0,    0,    0,    0,    0,    0,    0,    0,    0,    0,    0,    0,    0,    0,    0,    0,    0,    0,    0,    0,    0,    0,    0,    0,    0,    0,    0,    0,    0,    0,    0,    0,    0,    0,    0,    0,    0,    0,    0,    0,    0,    0,    0,    0,    0,    0,    0,
       0,    0,    0,    0,    7,  -26,   -7,  -15,    0,  -12,    0,    0,    0,    0,    0,    0,    0,    0,    0,    0,    0,    0,    0,    0,    0,    0,    0,    0,   -5,    0,    0,    0,    0,    0,    0,    0,    0,    0,    0,    0,    0,    0,    0,    0,    0,    0,    0,    0,    0,    0,    0,    0,   -5,    6,    0,    0,    0,    0,    0,    0,    0,    0,    0,    0,    0,    0,    0,    0,    0,    0,    0,    0,    0,    0,    0,    0,    0,    0,    0,    0,    0,    0,    0,    0,    0,    0,    0,    0,    0,    0,    0,   -9,    0,    7,    0,   -9,    0,    0,    0,    0,   11,   11,    0,   10,    6,    0,   11,    6,    0,    0,    0,    0,    0,    0,    0,    0,    0,   10,    0,    0,    0,   11,    0,    0,    8,    0,    0,    0,    0,    0,   10,    0,    0,    0,    0,    0,    0,    0,    0,    0,    0,    0,    0,    0,    0,    0,    0,    0,    0,    0,    0,    0,    0,    0,    0,    0,    0,    0,    0,    0,    0,    0,    0,    0,    0,    0,    0,    0,    0,    0,    0,    0,    0,    0,    0,    0,    0,    0,    0,    0,    0,    0,    0,    0,    0,    0,    0,    0,    0,    0,    0,    0,    0,    0,    0,    0,    0,    0,    0,    0,    0,    0,    0,    0,    0,    0,    0,    0,    0,    0,    0,    0,    0,    0,    0,    0,    0,    0,    0,    0,    0,    0,    0,    0,    0,    0,    0,    0,    0,    0,    0,    0,    0,    0,    0,    0,    0,    0,    0,    0,    0,    0,    0,    0,    0,    0,    0,    0,    0,    0,    0,    0,    0,
       0,  -14,   -4,    0,   -6,    0,    0,    0,    0,   -5,    0,    0,    0,    0,    0,    0,    0,    0,    0,    0,    0,    0,    0,    0,    0,    0,    0,    0,    0,    0,    0,    0,    0,    0,    0,    0,    0,    0,    0,    0,    0,    0,    0,    0,    0,    0,    0,    0,    0,    0,    0,    0,    0,    0,    0,    0,    0,    0,    0,    0,    0,    0,    0,    0,    0,    0,    0,    0,    0,    0,    0,    0,    0,    0,    0,    0,    0,    0,    0,    0,    0,    0,    0,    0,    0,    0,    0,    0,    0,    0,    0,    0,    0,    0,    0,    0,    0,    0,    0,    0,    0,    0,    0,    0,   -6,    0,    0,    0,    0,    0,    0,    0,    0,    0,    0,    0,    0,    0,    0,    0,    0,    0,    0,    0,    0,    0,    0,    0,    0,    0,    0,    0,    0,    0,    0,    0,    0,    0,    0,    0,    0,    0,    0,    0,    0,    0,    0,    0,    0,    0,    0,    0,    0,    0,    0,    0,    0,    0,    0,    0,    0,    0,    0,    0,    0,    0,    0,    0,    0,    0,    0,    0,    0,    0,    0,    0,    0,    0,    0,    0,    0,    0,    0,    0,    0,    0,    0,    0,    0,    0,    0,    0,    0,    0,    0,    0,    0,    0,    0,    0,    0,    0,    0,    0,    0,    0,    0,    0,    0,    0,    0,    0,    0,    0,    0,    0,    0,    0,    0,    0,    0,    0,    0,    0,    0,    0,    0,    0,    0,    0,    0,    0,    0,    0,    0,    0,    0,    0,    0,    0,    0,    0,    0,    0,    0,    0,    0,    0,    0,    0,    0,    0,    0,
       0,  -32,    0,    0,  -22,    0,    0,    0,    0,   -4,    0,    0,    0,    0,    0,    0,    0,    0,    0,    0,    0,    0,    0,    0,    0,    0,    0,    0,    0,    0,    0,    0,    0,    0,    0,    0,    0,    0,    0,    0,    0,    0,    0,    0,    0,    0,    0,    0,    0,    0,    0,    0,    0,    0,    0,    0,    0,    0,    0,    0,    0,    0,    0,    0,    0,    0,    0,    0,    0,    0,    0,    0,    0,    0,    0,    0,    0,    0,    0,    0,    0,    0,    0,    0,    0,    0,    0,    0,    0,    0,    0,    0,    0,    0,    0,    5,    0,    0,    0,    0,  -17,    0,    0,    0,   -5,    0,  -11,    0,    0,    0,    0,    0,    0,    0,    0,    0,    0,    0,    0,    0,    0,   -9,    0,    0,   -5,    0,    0,    0,    0,    0,    0,    0,    0,    0,    0,    0,    0,    0,    0,    0,    0,    0,    0,    0,    0,    0,    0,    0,    0,    0,    0,    0,    0,    0,    0,    0,    0,    0,    0,    0,    0,    0,    0,    0,    0,    0,    0,    0,    0,    0,    0,    0,    0,    0,    0,    0,    0,    0,    0,    0,    0,    0,    0,    0,    0,    0,    0,    0,    0,    0,    0,    0,    0,    0,    0,    0,    0,    0,    0,    0,    0,    0,    0,    0,    0,    0,    0,    0,    0,    0,    0,    0,    0,    0,    0,    0,    0,    0,    0,    0,    0,    0,    0,    0,    0,    0,    0,    0,    0,    0,    0,    0,    0,    0,    0,    0,    0,    0,    0,    0,    0,    0,    0,    0,    0,    0,    0,    0,    0,    0,    0,    0,    0,
      -6,  -19,   -4,    0,   -6,  -11,    6,    0,   -5,  -11,    0,    0,    0,    0,    0,    0,    0,    0,    0,    0,    0,    0,    0,    0,    0,    0,   -7,    0,    0,    0,    0,    0,    0,    0,    0,    0,    0,    0,    0,    0,    0,    0,    0,    0,    0,    0,    0,    0,    0,    0,    0,    0,    0,    0,    0,    0,    0,    0,    0,    0,    0,    0,    0,    0,    0,    0,    0,    0,    0,    0,  -21,    0,   -6,   -5,   -6,  -11,   -5,    0,  -13,   -7,    0,    0,    0,  -12,   -4,   -7,   -6,    0,    0,    0,    0,    0,    0,  -10,   -7,   -7,    0,    0,   -3,    0,    0,    0,    0,   -6,    0,   -5,    0,   -6,    0,   -5,    0,    0,   -5,   -5,    9,   -5,    0,    0,    0,    0,    0,    0,   -5,    0,    0,    0,    0,    0,   -7,   -7,    0,   -7,    0,    0,    0,    0,    0,    0,    0,    0,    0,    0,    0,    0,    0,    0,    0,    0,    0,    0,    0,    0,    0,    0,    0,    0,    0,    0,    0,    0,    0,    0,    0,    0,    0,    0,    0,    0,    0,    0,    0,    0,    0,    0,    0,    0,    0,    0,    0,    0,    0,    0,    0,    0,    0,    0,    0,    0,    0,    0,    0,    0,    0,    0,    0,    0,    0,    0,    0,    0,    0,    0,    0,    0,    0,    0,    0,    0,    0,    0,    0,    0,    0,    0,    0,    0,    0,    0,    0,    0,    0,    0,    0,    0,    0,    0,    0,    0,    0,    0,    0,    0,    0,    0,    0,    0,    0,    0,    0,    0,    0,    0,    0,    0,    0,    0,    0,    0,    0,    0,    0,    0,    0,
       0,  -22,    0,    0,  -10,   -4,    0,    0,   -4,  -10,    0,    0,    0,    0,    0,    0,    0,    0,    0,    0,    0,    0,    0,    0,    0,    0,   -5,    0,    0,    0,    0,    0,    0,    0,    0,    0,    0,    0,    0,    0,    0,    0,    0,    0,    0,    0,    0,    0,    0,    0,    0,    0,    0,    0,    0,    0,    0,    0,    0,    0,    0,    0,    0,    0,    0,    0,    0,    0,    0,    0,    0,    0,    0,    0,    0,    0,    0,    0,    0,    0,    0,    0,    0,    0,    0,    0,    0,    0,    0,    0,    0,    0,    0,   -5,    0,    0,    0,    0,    0,    0,  -11,    0,    0,   -5,    0,    0,  -11,    0,    0,    0,    0,    0,    0,    0,    0,    0,    0,    0,    0,    0,    0,   -5,    0,    0,    0,    0,    0,    0,    0,    0,    0,    0,    0,    0,    0,    0,    0,    0,    0,    0,    0,    0,    0,    0,    0,    0,    0,    0,    0,    0,    0,    0,    0,    0,    0,    0,    0,    0,    0,    0,    0,    0,    0,    0,    0,    0,    0,    0,    0,    0,    0,    0,    0,    0,    0,    0,    0,    0,    0,    0,    0,    0,    0,    0,    0,    0,    0,    0,    0,    0,    0,    0,    0,    0,    0,    0,    0,    0,    0,    0,    0,    0,    0,    0,    0,    0,    0,    0,    0,    0,    0,    0,    0,    0,    0,    0,    0,    0,    0,    0,    0,    0,    0,    0,    0,    0,    0,    0,    0,    0,    0,    0,    0,    0,    0,    0,    0,    0,    0,    0,    0,    0,    0,    0,    0,    0,    0,    0,    0,    0,    0,    0,    0,
       0,    0,  -14,    6,    0,  -22,  -16,  -27,  -13,    8,  -19,    0,    0,    0,    0,    0,    0,    0,    0,    0,    0,    0,    0,    0,    0,    0,    0,    0,   -9,    0,    0,    0,    0,    0,    0,    0,    0,    0,    0,    0,    0,    0,    0,    0,    0,    0,    0,    0,    0,    0,   -7,    0,  -25,  -11,    0,    0,    0,    0,    0,    0,    0,    0,    0,    0,    0,    0,    0,    0,    0,    0,   10,  -14,    0,    0,    0,    0,  -26,    0,    0,    0,   -3,  -14,    0,    7,    0,    0,    0,  -14,   -9,  -11,  -12,  -25,  -16,   -6,   -8,  -25,  -16,  -16,  -13,  -16,    0,    0,  -23,   -5,   -7,  -12,    0,   -7,  -18,   11,  -22,  -14,    0,    0,    0,   11,    0,   -4,    0,  -22,   12,    0,    0,    0,   -9,  -14,    0,  -14,   -8,    0,    0,   -8,    0,    0,    0,    0,    0,    0,    0,    0,    0,    0,    4,    6,  -26,    0,    0,    0,    0,    0,    0,    0,    0,    0,    0,    0,    0,    0,    0,    0,    0,    0,    0,    0,    0,    0,    0,    0,    0,    0,    0,    0,    0,    0,    0,    0,    0,    0,    0,    0,    0,    0,    0,    0,    0,    0,    0,    0,    0,    0,    0,    0,    0,    0,    0,    0,    0,    0,    0,    0,    0,    0,    0,    0,    0,    0,    0,    0,    0,    0,    0,    0,    0,    0,    0,    0,    0,    0,    0,    0,    0,    0,    0,    0,    0,    0,    0,    0,    0,    0,    0,    0,    0,    0,    0,    0,    0,    0,    0,    0,    0,    0,    0,    0,    0,    0,    0,    0,    0,    0,    0,    0,    0,
       0,    0,    0,   -4,    3,  -12,    0,  -11,    0,  -13,    0,    0,    0,    0,    0,    0,    0,    0,    0,    0,    0,    0,    0,    0,    0,    0,    0,    0,   -9,    0,    0,    0,    0,    0,    0,    0,    0,    0,    0,    0,    0,    0,    0,    0,    0,    0,    0,    0,    0,    0,    0,   -4,    0,    0,    0,    0,    0,    0,    0,    0,    0,    0,    0,    0,    0,    0,    0,    0,    0,    0,    0,    0,    0,    0,    0,    0,    0,    0,    0,    0,    0,    0,    0,    0,    0,    0,    0,    0,    0,    0,    0,   -9,   -5,    0,    0,  -12,    0,   -5,    0,   -5,    7,    6,    0,    5,    0,    0,    7,    0,    0,    0,    0,    0,    0,    0,    0,    0,    0,    6,    0,    0,    0,    6,    0,    0,    0,    0,    0,    0,    0,    0,    7,    0,    0,    0,    0,    0,    0,    0,    0,    0,    0,    0,    0,    4,  -12,    0,    0,    0,    0,    0,    0,    0,    0,    0,    0,    0,    0,    0,    0,    0,    0,    0,    0,    0,    0,    0,    0,    0,    0,    0,    0,    0,    0,    0,    0,    0,    0,    0,    0,    0,    0,    0,    0,    0,    0,    0,    0,    0,    0,    0,    0,    0,    0,    0,    0,    0,    0,    0,    0,    0,    0,    0,    0,    0,    0,    0,    0,    0,    0,    0,    0,    0,    0,    0,    0,    0,    0,    0,    0,    0,    0,    0,    0,    0,    0,    0,    0,    0,    0,    0,    0,    0,    0,    0,    0,    0,    0,    0,    0,    0,    0,    0,    0,    0,    0,    0,    0,    0,    0,    0,    0,    0,    0,
      -4,  -29,   -5,   -6,   -9,    0,    0,    0,    0,   -9,    0,    0,    0,    0,    0,    0,    0,    0,    0,    0,    0,    0,    0,    0,    0,    0,   -6,    0,  -16,    0,    0,    0,    0,    0,    0,    0,    0,    0,    0,    0,    0,    0,    0,    0,    0,    0,    0,    0,    0,    0,    0,  -11,    0,    0,    0,    0,    0,    0,    0,    0,    0,    0,    0,    0,    0,    0,    0,    0,    0,    0,  -27,    0,    0,    0,    0,    0,    0,    0,    0,    0,    0,    0,    0,    0,   -7,    0,    0,    0,    0,    0,    0,    0,    0,    0,    0,    0,    0,    0,    0,    0,    0,    0,    0,    0,    0,    0,    0,    0,    0,    0,    0,    0,    0,    0,    0,    0,    0,    0,    0,    0,    0,    0,    0,   -4,    0,    0,    0,    0,    0,    0,    0,    0,    0,    0,    0,    0,    0,    0,    0,    0,    0,    0,    0,    0,    0,    0,    0,    0,    0,    0,    0,    0,    0,    0,    0,    0,    0,    0,    0,    0,    0,    0,    0,    0,    0,    0,    0,    0,    0,    0,    0,    0,    0,    0,    0,    0,    0,    0,    0,    0,    0,    0,    0,    0,    0,    0,    0,    0,    0,    0,    0,    0,    0,    0,    0,    0,    0,    0,    0,    0,    0,    0,    0,    0,    0,    0,    0,    0,    0,    0,    0,    0,    0,    0,    0,    0,    0,    0,    0,    0,    0,    0,    0,    0,    0,    0,    0,    0,    0,    0,    0,    0,    0,    0,    0,    0,    0,    0,    0,    0,    0,    0,    0,    0,    0,    0,    0,    0,    0,    0,    0,    0,    0,
       0,  -19,   -6,   -8,   -8,    0,    0,    0,    0,  -10,   -4,    0,    0,    0,    0,    0,    0,    0,    0,    0,    0,    0,    0,    0,    0,    0,   -5,    0,  -15,    0,    0,    0,    0,    0,    0,    0,    0,    0,    0,    0,    0,    0,    0,    0,    0,    0,    0,    0,    0,    0,    0,  -12,    0,    0,    0,    0,    0,    0,    0,    0,    0,    0,    0,    0,    0,    0,    0,    0,    0,    0,    0,    0,    0,    0,    0,    0,    0,    0,    0,    0,    0,    0,    0,    0,    0,    0,    0,    0,   -4,    0,    0,    0,    0,    0,    0,    0,    0,    0,    0,    0,    0,    0,    0,    0,    0,    0,    0,    0,    0,   -4,    0,    0,    0,    0,    0,    0,    0,    0,    0,    0,    0,    0,    0,    0,    0,    0,    0,    0,    0,    0,    0,    0,    0,    0,    0,    0,    0,    0,    0,    0,    0,    0,    0,    0,    0,    0,    0,    0,    0,    0,    0,    0,    0,    0,    0,    0,    0,    0,    0,    0,    0,    0,    0,    0,    0,    0,    0,    0,    0,    0,    0,    0,    0,    0,    0,    0,    0,    0,    0,    0,    0,    0,    0,    0,    0,    0,    0,    0,    0,    0,    0,    0,    0,    0,    0,    0,    0,    0,    0,    0,    0,    0,    0,    0,    0,    0,    0,    0,    0,    0,    0,    0,    0,    0,    0,    0,    0,    0,    0,    0,    0,    0,    0,    0,    0,    0,    0,    0,    0,    0,    0,    0,    0,    0,    0,    0,    0,    0,    0,    0,    0,    0,    0,    0,    0,    0,    0,    0,    0,    0,    0,    0,    0,
       0,   -6,   -4,  -11,    0,   -6,    0,   -7,    0,   -6,    0,    0,    0,    0,    0,    0,    0,    0,    0,    0,    0,    0,    0,    0,    0,    0,   -6,    0,  -15,    0,    0,    0,    0,    0,    0,    0,    0,    0,    0,    0,    0,    0,    0,    0,    0,    0,    0,    0,    0,    0,    0,  -10,    0,    0,    0,    0,    0,    0,    0,    0,    0,    0,    0,    0,    0,    0,    0,    0,    0,    0,    0,    0,    0,    0,    0,   -7,    0,    0,   -4,   -4,    0,    0,    0,   -4,    0,   -3,    0,   -6,    0,    0,    0,    0,    0,    0,    0,    0,   -4,    0,    0,    0,    0,    0,    0,    0,    0,    0,    0,    0,    0,    0,    0,    0,   -5,   -5,   -5,    0,    0,    0,    0,    0,    0,    0,    0,    0,    0,   -6,    0,   -5,    0,   -3,    0,    0,    0,    0,    0,    0,    0,    0,    0,    0,    0,    0,    0,    0,    0,    0,    0,    0,    0,    0,    0,    0,    0,    0,    0,    0,    0,    0,    0,    0,    0,    0,    0,    0,    0,    0,    0,    0,    0,    0,    0,    0,    0,    0,    0,    0,    0,    0,    0,    0,    0,    0,    0,    0,    0,    0,    0,    0,    0,    0,    0,    0,    0,    0,    0,    0,    0,    0,    0,    0,    0,    0,    0,    0,    0,    0,    0,    0,    0,    0,    0,    0,    0,    0,    0,    0,    0,    0,    0,    0,    0,    0,    0,    0,    0,    0,    0,    0,    0,    0,    0,    0,    0,    0,    0,    0,    0,    0,    0,    0,    0,    0,    0,    0,    0,    0,    0,    0,    0,    0,    0,    0,    0,
       0,  -15,    0,  -10,   -6,   -4,    5,   -4,   -4,  -11,    0,    0,    0,    0,    0,    0,    0,    0,    0,    0,    0,    0,    0,    0,    0,    0,   -4,    0,  -13,    0,    0,    0,    0,    0,    0,    0,    0,    0,    0,    0,    0,    0,    0,    0,    0,    0,    0,    0,    0,    0,    0,   -9,    0,    0,    0,    0,    0,    0,    0,    0,    0,    0,    0,    0,    0,    0,    0,    0,    0,    0,    0,    0,    0,    0,    0,    0,    0,    0,    0,    0,    0,    0,    0,    0,    0,    0,    0,    0,    0,    0,    0,    0,    0,    0,   -4,    0,    0,    0,    0,    0,    0,    0,    0,    0,    0,    0,    0,    0,    0,    0,    0,    0,    0,    0,    0,    0,    0,    0,    0,    0,    0,    0,    0,    0,    0,    0,    0,    0,   -4,    0,    0,   -4,    0,    0,    0,    0,    0,    0,    0,    0,    0,    0,    0,    0,    0,    0,    0,    0,    0,    0,    0,    0,    0,    0,    0,    0,    0,    0,    0,    0,    0,    0,    0,    0,    0,    0,    0,    0,    0,    0,    0,    0,    0,    0,    0,    0,    0,    0,    0,    0,    0,    0,    0,    0,    0,    0,    0,    0,    0,    0,    0,    0,    0,    0,    0,    0,    0,    0,    0,    0,    0,    0,    0,    0,    0,    0,    0,    0,    0,    0,    0,    0,    0,    0,    0,    0,    0,    0,    0,    0,    0,    0,    0,    0,    0,    0,    0,    0,    0,    0,    0,    0,    0,    0,    0,    0,    0,    0,    0,    0,    0,    0,    0,    0,    0,    0,    0,    0,    0,    0,    0,    0,    0,
       0,    0,   -4,    0,    0,    0,    0,    0,    0,   -4,    0,    0,    0,    0,    0,    0,    0,    0,    0,    0,    0,    0,    0,    0,    0,    0,    0,    0,    0,    0,    0,    0,    0,    0,    0,    0,    0,    0,    0,    0,    0,    0,    0,    0,    0,    0,    0,    0,    0,    0,   -6,    0,   -5,    0,    0,    0,    0,    0,    0,    0,    0,    0,    0,    0,    0,    0,    0,    0,    0,    0,    0,    0,    0,    0,    0,    0,    0,    0,    0,    0,    0,    0,    0,    0,    0,    0,    0,    0,    0,    0,    0,    0,    0,    0,    0,    0,    0,    0,    0,    0,    0,    0,    0,    0,    0,    0,    0,    0,    0,    0,    0,    0,    0,    0,    0,    0,    0,    0,    0,    0,    0,    0,    0,    0,    0,    0,    0,    0,    0,    0,    0,    0,    0,    0,    0,    0,    0,    0,    0,    0,    0,    0,    0,    0,    0,    0,    0,    0,    0,    0,    0,    0,    0,    0,    0,    0,    0,    0,    0,    0,    0,    0,    0,    0,    0,    0,    0,    0,    0,    0,    0,    0,    0,    0,    0,    0,    0,    0,    0,    0,    0,    0,    0,    0,    0,    0,    0,    0,    0,    0,    0,    0,    0,    0,    0,    0,    0,    0,    0,    0,    0,    0,    0,    0,    0,    0,    0,    0,    0,    0,    0,    0,    0,    0,    0,    0,    0,    0,    0,    0,    0,    0,    0,    0,    0,    0,    0,    0,    0,    0,    0,    0,    0,    0,    0,    0,    0,    0,    0,    0,    0,    0,    0,    0,    0,    0,    0,    0,    0,    0,    0,    0,    0,
       0,   -8,   -4,    0,    0,    0,    0,    0,    0,   -8,    0,    0,    0,    0,    0,    0,    0,    0,    0,    0,    0,    0,    0,    0,    0,    0,    0,    0,    0,    0,    0,    0,    0,    0,    0,    0,    0,    0,    0,    0,    0,    0,    0,    0,    0,    0,    0,    0,    0,    0,    0,    0,    0,    0,    0,    0,    0,    0,    0,    0,    0,    0,    0,    0,    0,    0,    0,    0,    0,    0,    0,    0,    0,    0,    0,    0,    0,    0,    0,    0,    0,    0,    0,    0,    0,    0,    0,    0,    0,    0,    0,    0,    0,    0,    0,    0,    0,    0,    0,    0,    0,    0,   -4,    0,    0,    0,    0,    0,    0,    0,    0,    0,    0,    0,    0,    0,    0,    0,    0,   -4,    0,    0,    0,    0,    0,    0,    0,    0,    0,    0,    0,    0,    0,    0,    0,    0,    0,    0,    0,    0,    0,    0,    0,    0,    0,    0,    0,    0,    0,    0,    0,    0,    0,    0,    0,    0,    0,    0,    0,    0,    0,    0,    0,    0,    0,    0,    0,    0,    0,    0,    0,    0,    0,    0,    0,    0,    0,    0,    0,    0,    0,    0,    0,    0,    0,    0,    0,    0,    0,    0,    0,    0,    0,    0,    0,    0,    0,    0,    0,    0,    0,    0,    0,    0,    0,    0,    0,    0,    0,    0,    0,    0,    0,    0,    0,    0,    0,    0,    0,    0,    0,    0,    0,    0,    0,    0,    0,    0,    0,    0,    0,    0,    0,    0,    0,    0,    0,    0,    0,    0,    0,    0,    0,    0,    0,    0,    0,    0,    0,    0,    0,    0,    0,
       0,  -14,    0,  -10,   -6,   -5,    5,   -4,   -4,  -10,    0,    0,    0,    0,    0,    0,    0,    0,    0,    0,    0,    0,    0,    0,    0,    0,   -4,    0,  -13,    0,    0,    0,    0,    0,    0,    0,    0,    0,    0,    0,    0,    0,    0,    0,    0,    0,    0,    0,    0,    0,    0,   -9,    0,    0,    0,    0,    0,    0,    0,    0,    0,    0,    0,    0,    0,    0,    0,    0,    0,    0,    0,    0,    0,    0,    0,    0,    0,    0,    0,    0,    0,    0,    0,    0,    0,    0,    0,    0,    0,    0,    0,    0,    0,    0,   -4,    0,    0,    0,    0,    0,    0,    0,    0,    0,    0,    0,    0,    0,    0,    0,    0,    0,    0,    0,    0,    0,    0,    0,    0,    0,    0,    0,    0,    0,    0,    0,    0,    0,   -4,    0,    0,   -4,    0,    0,    0,    0,    0,    0,    0,    0,    0,    0,    0,    0,    0,    0,    0,    0,    0,    0,    0,    0,    0,    0,    0,    0,    0,    0,    0,    0,    0,    0,    0,    0,    0,    0,    0,    0,    0,    0,    0,    0,    0,    0,    0,    0,    0,    0,    0,    0,    0,    0,    0,    0,    0,    0,    0,    0,    0,    0,    0,    0,    0,    0,    0,    0,    0,    0,    0,    0,    0,    0,    0,    0,    0,    0,    0,    0,    0,    0,    0,    0,    0,    0,    0,    0,    0,    0,    0,    0,    0,    0,    0,    0,    0,    0,    0,    0,    0,    0,    0,    0,    0,    0,    0,    0,    0,    0,    0,    0,    0,    0,    0,    0,    0,    0,    0,    0,    0,    0,    0,    0,    0,
      -5,   -8,   -4,   -9,    0,  -11,    5,  -14,    0,  -11,   -4,    0,    0,    0,    0,    0,    0,    0,    0,    0,    0,    0,    0,    0,    0,    0,   -3,    0,  -14,    0,    0,    0,    0,    0,    0,    0,    0,    0,    0,    0,    0,    0,    0,    0,    0,    0,    0,    0,    0,    0,    0,  -10,    0,    0,    0,    0,    0,    0,    0,    0,    0,    0,    0,    0,    0,    0,    0,    0,    0,    0,   -9,    0,    0,    0,    0,    0,   -6,    0,    0,    0,    0,    0,    0,   -8,    0,    0,    0,   -4,    0,    0,    0,   -7,    0,    0,   -4,   -8,    0,    0,    0,    0,    0,    0,    0,    0,    0,    0,    0,    0,    0,    0,    0,    0,   -4,   -4,   -4,    0,    0,    0,    0,    0,  -14,    0,    0,    0,    0,    0,    0,    0,   -4,    0,    0,   -4,    0,    0,    0,    0,    0,    0,    0,    0,    0,    0,   -5,   -3,  -10,    0,    0,    0,    0,    0,    0,    0,    0,    0,    0,    0,    0,    0,    0,    0,    0,    0,    0,    0,    0,    0,    0,    0,    0,    0,    0,    0,    0,    0,    0,    0,    0,    0,    0,    0,    0,    0,    0,    0,    0,    0,    0,    0,    0,    0,    0,    0,    0,    0,    0,    0,    0,    0,    0,    0,    0,    0,    0,    0,    0,    0,    0,    0,    0,    0,    0,    0,    0,    0,    0,    0,    0,    0,    0,    0,    0,    0,    0,    0,    0,    0,    0,    0,    0,    0,    0,    0,    0,    0,    0,    0,    0,    0,    0,    0,    0,    0,    0,    0,    0,    0,    0,    0,    0,    0,    0,    0,    0,
       0,  -11,    0,   -9,   -7,   -6,    6,   -8,   -5,  -10,    0,    0,    0,    0,    0,    0,    0,    0,    0,    0,    0,    0,    0,    0,    0,    0,    0,    0,  -10,    0,    0,    0,    0,    0,    0,    0,    0,    0,    0,    0,    0,    0,    0,    0,    0,    0,    0,    0,    0,    0,    0,   -7,    0,    0,    0,    0,    0,    0,    0,    0,    0,    0,    0,    0,    0,    0,    0,    0,    0,    0,    0,    0,    0,    0,    0,    0,    0,    0,    0,    0,    0,    0,    0,    0,    0,    0,    0,    0,    0,    0,    0,    0,    0,   -7,   -6,    0,    0,    0,    0,    0,    0,   -5,    0,   -6,    0,    0,    0,   -4,    0,    0,    0,    0,    0,    0,    0,    0,    0,    0,    0,    0,    0,   -5,    0,    0,    0,    0,    0,    0,   -6,    0,    0,   -6,    0,    0,    0,    0,    0,    0,    0,    0,    0,    0,   -7,   -9,    0,    0,    0,    0,    0,    0,    0,    0,    0,    0,    0,    0,    0,    0,    0,    0,    0,    0,    0,    0,    0,    0,    0,    0,    0,    0,    0,    0,    0,    0,    0,    0,    0,    0,    0,    0,    0,    0,    0,    0,    0,    0,    0,    0,    0,    0,    0,    0,    0,    0,    0,    0,    0,    0,    0,    0,    0,    0,    0,    0,    0,    0,    0,    0,    0,    0,    0,    0,    0,    0,    0,    0,    0,    0,    0,    0,    0,    0,    0,    0,    0,    0,    0,    0,    0,    0,    0,    0,    0,    0,    0,    0,    0,    0,    0,    0,    0,    0,    0,    0,    0,    0,    0,    0,    0,    0,    0,    0,    0,
       0,    0,   -4,    0,   -6,   -4,    0,   -5,   -4,    0,    0,    0,    0,    0,    0,    0,    0,    0,    0,    0,    0,    0,    0,    0,    0,    0,   -5,    0,  -14,    0,    0,    0,    0,    0,    0,    0,    0,    0,    0,    0,    0,    0,    0,    0,    0,    0,    0,    0,    0,    0,    0,   -5,    0,    0,    0,    0,    0,    0,    0,    0,    0,    0,    0,    0,    0,    0,    0,    0,    0,    0,    0,    0,    0,    0,    0,    0,    0,    0,    0,    0,    0,    0,   -4,    0,    0,    0,   -6,    0,    0,    0,    0,    0,    0,   -5,    0,    0,    0,    0,    0,    0,  -11,   -7,    0,   -4,    0,    0,  -11,    0,   -4,    0,    0,    0,   -4,   -4,   -4,    0,   -9,   -4,    0,    0,    0,   -7,    0,   -8,    0,    0,    0,    0,    0,    0,  -10,    0,    0,    0,    0,    0,    0,    0,    0,    0,    0,    0,    0,    0,    0,    0,    0,    0,    0,    0,    0,    0,    0,    0,    0,    0,    0,    0,    0,    0,    0,    0,    0,    0,    0,    0,    0,    0,    0,    0,    0,    0,    0,    0,    0,    0,    0,    0,    0,    0,    0,    0,    0,    0,    0,    0,    0,    0,    0,    0,    0,    0,    0,    0,    0,    0,    0,    0,    0,    0,    0,    0,    0,    0,    0,    0,    0,    0,    0,    0,    0,    0,    0,    0,    0,    0,    0,    0,    0,    0,    0,    0,    0,    0,    0,    0,    0,    0,    0,    0,    0,    0,    0,    0,    0,    0,    0,    0,    0,    0,    0,    0,    0,    0,    0,    0,    0,    0,    0,    0,    0,    0,    0,
       0,   -7,   -6,    0,    0,    0,    0,    0,    0,   -5,   -4,    0,    0,    0,    0,    0,    0,    0,    0,    0,    0,    0,    0,    0,    0,    0,    0,    0,    0,    0,    0,    0,    0,    0,    0,    0,    0,    0,    0,    0,    0,    0,    0,    0,    0,    0,    0,    0,    0,    0,   -7,    0,   -8,    0,    0,    0,    0,    0,    0,    0,    0,    0,    0,    0,    0,    0,    0,    0,    0,    0,    0,    0,    0,    0,    0,    0,    0,    0,    0,    0,    0,    0,    0,    0,    0,    0,    0,    0,    0,    0,    0,    0,    0,    0,    0,    0,    0,   -4,    0,    0,    0,    0,   -4,    0,    0,    0,    0,    0,    0,    0,    0,    0,    0,    0,    0,    0,    0,    0,    0,   -4,    0,    0,    0,    0,    0,    0,    0,    0,    0,    0,    0,    0,    0,    0,    0,    0,    0,    0,    0,    0,    0,    0,    0,    0,    0,    0,    0,    0,    0,    0,    0,    0,    0,    0,    0,    0,    0,    0,    0,    0,    0,    0,    0,    0,    0,    0,    0,    0,    0,    0,    0,    0,    0,    0,    0,    0,    0,    0,    0,    0,    0,    0,    0,    0,    0,    0,    0,    0,    0,    0,    0,    0,    0,    0,    0,    0,    0,    0,    0,    0,    0,    0,    0,    0,    0,    0,    0,    0,    0,    0,    0,    0,    0,    0,    0,    0,    0,    0,    0,    0,    0,    0,    0,    0,    0,    0,    0,    0,    0,    0,    0,    0,    0,    0,    0,    0,    0,    0,    0,    0,    0,    0,    0,    0,    0,    0,    0,    0,    0,    0,    0,    0,    0,
       0,    0,    0,    0,    0,    0,    0,    0,    0,    0,    0,    0,    0,    0,    0,    0,    0,    0,    0,    0,    0,    0,    0,    0,    0,    0,    0,    0,    0,    0,    0,    0,    0,    0,    0,    0,    0,    0,    0,    0,    0,    0,    0,    0,    0,    0,    0,    0,    0,    0,    0,    0,    0,    0,    0,    0,    0,    0,    0,    0,    0,    0,    0,    0,    0,    0,    0,    0,    0,    0,    0,    0,    0,    0,    0,    0,    0,    0,    0,    0,    0,    0,    0,    0,    0,    0,    0,    0,    0,    0,    0,    0,    0,    0,    0,    0,    0,    0,    0,    0,    0,    0,    0,    0,    0,    0,    0,    0,    0,    0,    0,    0,    0,    0,    0,    0,    0,    0,    0,    0,    0,    0,    0,    0,    0,    0,    0,    0,    0,    0,    0,    0,   -2,    9,    0,    0,   -4,   -6,   -2,   -5,   -3,    0,    0,    0,    0,  -10,    0,    0,    0,    0,    0,    0,    0,    0,    0,    0,    0,    0,    0,    0,    0,    0,    0,    0,    0,    0,    0,    0,    0,    0,    0,    0,    0,    0,    0,    0,    0,    0,    0,    0,    0,    0,    0,    0,    0,    0,    0,    0,    0,    0,    0,    0,    0,    0,    0,    0,    0,    0,    0,    0,    0,    0,    0,    0,    0,    0,    0,    0,    0,    0,    0,    0,    0,    0,    0,    0,    0,    0,    0,    0,    0,    0,    0,    0,    0,    0,    0,    0,    0,    0,    0,    0,    0,    0,    0,    0,    0,    0,    0,    0,    0,    0,    0,    0,    0,    0,    0,    0,    0,    0,    0,    0,    0,
       0,    0,    0,    0,    0,    0,    0,    0,    0,    0,    0,    0,    0,    0,    0,    0,    0,    0,    0,    0,    0,    0,    0,    0,    0,    0,    0,    0,    0,    0,    0,    0,    0,    0,    0,    0,    0,    0,    0,    0,    0,    0,    0,    0,    0,    0,    0,    0,    0,    0,    0,    0,    0,    0,    0,    0,    0,    0,    0,    0,    0,    0,    0,    0,    0,    0,    0,    0,    0,    0,    0,    0,    0,    0,    0,    0,    0,    0,    0,    0,    0,    0,    0,    0,    0,    0,    0,    0,    0,    0,    0,    0,    0,    0,    0,    0,    0,    0,    0,    0,    0,    0,    0,    0,    0,    0,    0,    0,    0,    0,    0,    0,    0,    0,    0,    0,    0,    0,    0,    0,    0,    0,    0,    0,    0,    0,    0,    0,    0,    0,    0,    0,    0,    0,    0,    0,    0,    0,    0,   -9,    0,    0,    0,    0,    0,   -5,    0,    0,    0,    0,    0,    0,    0,    0,    0,    0,    0,    0,    0,    0,    0,    0,    0,    0,    0,    0,    0,    0,    0,    0,    0,    0,    0,    0,    0,    0,    0,    0,    0,    0,    0,    0,    0,    0,    0,    0,    0,    0,    0,    0,    0,    0,    0,    0,    0,    0,    0,    0,    0,    0,    0,    0,    0,    0,    0,    0,    0,    0,    0,    0,    0,    0,    0,    0,    0,    0,    0,    0,    0,    0,    0,    0,    0,    0,    0,    0,    0,    0,    0,    0,    0,    0,    0,    0,    0,    0,    0,    0,    0,    0,    0,    0,    0,    0,    0,    0,    0,    0,    0,    0,    0,    0,    0,
       0,    0,    0,    0,    0,    0,    0,    0,    0,    0,    0,    0,    0,    0,    0,    0,    0,    0,    0,    0,    0,    0,    0,    0,    0,    0,    0,    0,    0,    0,    0,    0,    0,    0,    0,    0,    0,    0,    0,    0,    0,    0,    0,    0,    0,    0,    0,    0,    0,    0,    0,    0,    0,    0,    0,    0,    0,    0,    0,    0,    0,    0,    0,    0,    0,    0,    0,    0,    0,    0,    0,    0,    0,    0,    0,    0,    0,    0,    0,    0,    0,    0,    0,    0,    0,    0,    0,    0,    0,    0,    0,    0,    0,    0,    0,    0,    0,    0,    0,    0,    0,    0,    0,    0,    0,    0,    0,    0,    0,    0,    0,    0,    0,    0,    0,    0,    0,    0,    0,    0,    0,    0,    0,    0,    0,    0,    0,    0,    0,    0,    0,    0,    0,    0,   -4,    0,    0,    0,    0,    0,   -4,    0,    0,    0,    0,    0,    0,    0,    0,    0,    0,    0,    0,    0,    0,    0,    0,    0,    0,    0,    0,    0,    0,    0,    0,    0,    0,    0,    0,    0,    0,    0,    0,    0,    0,    0,    0,    0,    0,    0,    0,    0,    0,    0,    0,    0,    0,    0,    0,    0,    0,    0,    0,    0,    0,    0,    0,    0,    0,    0,    0,    0,    0,    0,    0,    0,    0,    0,    0,    0,    0,    0,    0,    0,    0,    0,    0,    0,    0,    0,    0,    0,    0,    0,    0,    0,    0,    0,    0,    0,    0,    0,    0,    0,    0,    0,    0,    0,    0,    0,    0,    0,    0,    0,    0,    0,    0,    0,    0,    0,    0,    0,    0,
       0,    0,    0,    0,    0,    0,    0,    0,    0,    0,    0,    0,    0,    0,    0,    0,    0,    0,    0,    0,    0,    0,    0,    0,    0,    0,    0,    0,    0,    0,    0,    0,    0,    0,    0,    0,    0,    0,    0,    0,    0,    0,    0,    0,    0,    0,    0,    0,    0,    0,    0,    0,    0,    0,    0,    0,    0,    0,    0,    0,    0,    0,    0,    0,    0,    0,    0,    0,    0,    0,    0,    0,    0,    0,    0,    0,    0,    0,    0,    0,    0,    0,    0,    0,    0,    0,    0,    0,    0,    0,    0,    0,    0,    0,    0,    0,    0,    0,    0,    0,    0,    0,    0,    0,    0,    0,    0,    0,    0,    0,    0,    0,    0,    0,    0,    0,    0,    0,    0,    0,    0,    0,    0,    0,    0,    0,    0,    0,    0,    0,    0,    0,    0,   -5,    0,    0,    0,    0,    0,  -10,    2,    4,    0,    0,    0,   -3,    0,    0,    0,    0,    0,    0,    0,    0,    0,    0,    0,    0,    0,    0,    0,    0,    0,    0,    0,    0,    0,    0,    0,    0,    0,    0,    0,    0,    0,    0,    0,    0,    0,    0,    0,    0,    0,    0,    0,    0,    0,    0,    0,    0,    0,    0,    0,    0,    0,    0,    0,    0,    0,    0,    0,    0,    0,    0,    0,    0,    0,    0,    0,    0,    0,    0,    0,    0,    0,    0,    0,    0,    0,    0,    0,    0,    0,    0,    0,    0,    0,    0,    0,    0,    0,    0,    0,    0,    0,    0,    0,    0,    0,    0,    0,    0,    0,    0,    0,    0,    0,    0,    0,    0,    0,    0,    0,
       0,    0,    0,    0,    0,    0,    0,    0,    0,    0,    0,    0,    0,    0,    0,    0,    0,    0,    0,    0,    0,    0,    0,    0,    0,    0,    0,    0,    0,    0,    0,    0,    0,    0,    0,    0,    0,    0,    0,    0,    0,    0,    0,    0,    0,    0,    0,    0,    0,    0,    0,    0,    0,    0,    0,    0,    0,    0,    0,    0,    0,    0,    0,    0,    0,    0,    0,    0,    0,    0,    0,    0,    0,    0,    0,    0,    0,    0,    0,    0,    0,    0,    0,    0,    0,    0,    0,    0,    0,    0,    0,    0,    0,    0,    0,    0,    0,    0,    0,    0,    0,    0,    0,    0,    0,    0,    0,    0,    0,    0,    0,    0,    0,    0,    0,    0,    0,    0,    0,    0,    0,    0,    0,    0,    0,    0,    0,    0,    0,    0,    0,    0,   -4,    0,    0,    0,    0,    0,    0,   -7,    0,    0,    0,    0,    0,    0,    0,    0,    0,    0,    0,    0,    0,    0,    0,    0,    0,    0,    0,    0,    0,    0,    0,    0,    0,    0,    0,    0,    0,    0,    0,    0,    0,    0,    0,    0,    0,    0,    0,    0,    0,    0,    0,    0,    0,    0,    0,    0,    0,    0,    0,    0,    0,    0,    0,    0,    0,    0,    0,    0,    0,    0,    0,    0,    0,    0,    0,    0,    0,    0,    0,    0,    0,    0,    0,    0,    0,    0,    0,    0,    0,    0,    0,    0,    0,    0,    0,    0,    0,    0,    0,    0,    0,    0,    0,    0,    0,    0,    0,    0,    0,    0,    0,    0,    0,    0,    0,    0,    0,    0,    0,    0,    0,
       0,    0,    0,    0,    0,    0,    0,    0,    0,    0,    0,    0,    0,    0,    0,    0,    0,    0,    0,    0,    0,    0,    0,    0,    0,    0,    0,    0,    0,    0,    0,    0,    0,    0,    0,    0,    0,    0,    0,    0,    0,    0,    0,    0,    0,    0,    0,    0,    0,    0,    0,    0,    0,    0,    0,    0,    0,    0,    0,    0,    0,    0,    0,    0,    0,    0,    0,    0,    0,    0,    0,    0,    0,    0,    0,    0,    0,    0,    0,    0,    0,    0,    0,    0,    0,    0,    0,    0,    0,    0,    0,    0,    0,    0,    0,    0,    0,    0,    0,    0,    0,    0,    0,    0,    0,    0,    0,    0,    0,    0,    0,    0,    0,    0,    0,    0,    0,    0,    0,    0,    0,    0,    0,    0,    0,    0,    0,    0,    0,    0,    0,    0,    0,   -5,    0,    0,    0,    0,    0,  -17,   -1,    2,    0,    0,    0,   -5,    0,    0,    0,    0,    0,    0,    0,    0,    0,    0,    0,    0,    0,    0,    0,    0,    0,    0,    0,    0,    0,    0,    0,    0,    0,    0,    0,    0,    0,    0,    0,    0,    0,    0,    0,    0,    0,    0,    0,    0,    0,    0,    0,    0,    0,    0,    0,    0,    0,    0,    0,    0,    0,    0,    0,    0,    0,    0,    0,    0,    0,    0,    0,    0,    0,    0,    0,    0,    0,    0,    0,    0,    0,    0,    0,    0,    0,    0,    0,    0,    0,    0,    0,    0,    0,    0,    0,    0,    0,    0,    0,    0,    0,    0,    0,    0,    0,    0,    0,    0,    0,    0,    0,    0,    0,    0,    0,
       0,    0,    0,    0,    0,    0,    0,    0,    0,    0,    0,    0,    0,    0,    0,    0,    0,    0,    0,    0,    0,    0,    0,    0,    0,    0,    0,    0,    0,    0,    0,    0,    0,    0,    0,    0,    0,    0,    0,    0,    0,    0,    0,    0,    0,    0,    0,    0,    0,    0,    0,    0,    0,    0,    0,    0,    0,    0,    0,    0,    0,    0,    0,    0,    0,    0,    0,    0,    0,    0,    0,    0,    0,    0,    0,    0,    0,    0,    0,    0,    0,    0,    0,    0,    0,    0,    0,    0,    0,    0,    0,    0,    0,    0,    0,    0,    0,    0,    0,    0,    0,    0,    0,    0,    0,    0,    0,    0,    0,    0,    0,    0,    0,    0,    0,    0,    0,    0,    0,    0,    0,    0,    0,    0,    0,    0,    0,    0,    0,    0,    0,    0,    0,    0,    0,    0,    0,    0,    0,    0,    0,    0,    0,    0,    0,    1,    0,    0,    0,    0,    0,    0,    0,    0,    0,    0,    0,    0,    0,    0,    0,    0,    0,    0,    0,    0,    0,    0,    0,    0,    0,    0,    0,    0,    0,    0,    0,    0,    0,    0,    0,    0,    0,    0,    0,    0,    0,    0,    0,    0,    0,    0,    0,    0,    0,    0,    0,    0,    0,    0,    0,    0,    0,    0,    0,    0,    0,    0,    0,    0,    0,    0,    0,    0,    0,    0,    0,    0,    0,    0,    0,    0,    0,    0,    0,    0,    0,    0,    0,    0,    0,    0,    0,    0,    0,    0,    0,    0,    0,    0,    0,    0,    0,    0,    0,    0,    0,    0,    0,    0,    0,    0,    0,
       0,    0,    0,    0,    0,    0,    0,    0,    0,    0,    0,    0,    0,    0,    0,    0,    0,    0,    0,    0,    0,    0,    0,    0,    0,    0,    0,    0,    0,    0,    0,    0,    0,    0,    0,    0,    0,    0,    0,    0,    0,    0,    0,    0,    0,    0,    0,    0,    0,    0,    0,    0,    0,    0,    0,    0,    0,    0,    0,    0,    0,    0,    0,    0,    0,    0,    0,    0,    0,    0,    0,    0,    0,    0,    0,    0,    0,    0,    0,    0,    0,    0,    0,    0,    0,    0,    0,    0,    0,    0,    0,    0,    0,    0,    0,    0,    0,    0,    0,    0,    0,    0,    0,    0,    0,    0,    0,    0,    0,    0,    0,    0,    0,    0,    0,    0,    0,    0,    0,    0,    0,    0,    0,    0,    0,    0,    0,    0,    0,    0,    0,    0,   -6,   -1,    0,    0,    0,    0,    0,   -5,    0,    0,    0,    0,    0,    0,    0,    0,    0,    0,    0,    0,    0,    0,    0,    0,    0,    0,    0,    0,    0,    0,    0,    0,    0,    0,    0,    0,    0,    0,    0,    0,    0,    0,    0,    0,    0,    0,    0,    0,    0,    0,    0,    0,    0,    0,    0,    0,    0,    0,    0,    0,    0,    0,    0,    0,    0,    0,    0,    0,    0,    0,    0,    0,    0,    0,    0,    0,    0,    0,    0,    0,    0,    0,    0,    0,    0,    0,    0,    0,    0,    0,    0,    0,    0,    0,    0,    0,    0,    0,    0,    0,    0,    0,    0,    0,    0,    0,    0,    0,    0,    0,    0,    0,    0,    0,    0,    0,    0,    0,    0,    0,    0,
       0,    0,    0,    0,    0,    0,    0,    0,    0,    0,    0,    0,    0,    0,    0,    0,    0,    0,    0,    0,    0,    0,    0,    0,    0,    0,    0,    0,    0,    0,    0,    0,    0,    0,    0,    0,    0,    0,    0,    0,    0,    0,    0,    0,    0,    0,    0,    0,    0,    0,    0,    0,    0,    0,    0,    0,    0,    0,    0,    0,    0,    0,    0,    0,    0,    0,    0,    0,    0,    0,    0,    0,    0,    0,    0,    0,    0,    0,    0,    0,    0,    0,    0,    0,    0,    0,    0,    0,    0,    0,    0,    0,    0,    0,    0,    0,    0,    0,    0,    0,    0,    0,    0,    0,    0,    0,    0,    0,    0,    0,    0,    0,    0,    0,    0,    0,    0,    0,    0,    0,    0,    0,    0,    0,    0,    0,    0,    0,    0,    0,    0,    0,    0,    0,    0,    0,    0,    0,    0,  -11,    0,    0,    0,    0,    0,    0,    0,    0,    0,    0,    0,    0,    0,    0,    0,    0,    0,    0,    0,    0,    0,    0,    0,    0,    0,    0,    0,    0,    0,    0,    0,    0,    0,    0,    0,    0,    0,    0,    0,    0,    0,    0,    0,    0,    0,    0,    0,    0,    0,    0,    0,    0,    0,    0,    0,    0,    0,    0,    0,    0,    0,    0,    0,    0,    0,    0,    0,    0,    0,    0,    0,    0,    0,    0,    0,    0,    0,    0,    0,    0,    0,    0,    0,    0,    0,    0,    0,    0,    0,    0,    0,    0,    0,    0,    0,    0,    0,    0,    0,    0,    0,    0,    0,    0,    0,    0,    0,    0,    0,    0,    0,    0,    0,
       0,    0,    0,    0,    0,    0,    0,    0,    0,    0,    0,    0,    0,    0,    0,    0,    0,    0,    0,    0,    0,    0,    0,    0,    0,    0,    0,    0,    0,    0,    0,    0,    0,    0,    0,    0,    0,    0,    0,    0,    0,    0,    0,    0,    0,    0,    0,    0,    0,    0,    0,    0,    0,    0,    0,    0,    0,    0,    0,    0,    0,    0,    0,    0,    0,    0,    0,    0,    0,    0,    0,    0,    0,    0,    0,    0,    0,    0,    0,    0,    0,    0,    0,    0,    0,    0,    0,    0,    0,    0,    0,    0,    0,    0,    0,    0,    0,    0,    0,    0,    0,    0,    0,    0,    0,    0,    0,    0,    0,    0,    0,    0,    0,    0,    0,    0,    0,    0,    0,    0,    0,    0,    0,    0,    0,    0,    0,    0,    0,    0,    0,    0,    0,   -7,    0,    0,    0,    0,    0,    0,    0,    0,    0,    0,    0,    0,    0,    0,    0,    0,    0,    0,    0,    0,    0,    0,    0,    0,    0,    0,    0,    0,    0,    0,    0,    0,    0,    0,    0,    0,    0,    0,    0,    0,    0,    0,    0,    0,    0,    0,    0,    0,    0,    0,    0,    0,    0,    0,    0,    0,    0,    0,    0,    0,    0,    0,    0,    0,    0,    0,    0,    0,    0,    0,    0,    0,    0,    0,    0,    0,    0,    0,    0,    0,    0,    0,    0,    0,    0,    0,    0,    0,    0,    0,    0,    0,    0,    0,    0,    0,    0,    0,    0,    0,    0,    0,    0,    0,    0,    0,    0,    0,    0,    0,    0,    0,    0,    0,    0,    0,    0,    0,    0,
       0,    0,    0,    0,    0,    0,    0,    0,    0,    0,    0,    0,    0,    0,    0,    0,    0,    0,    0,    0,    0,    0,    0,    0,    0,    0,    0,    0,    0,    0,    0,    0,    0,    0,    0,    0,    0,    0,    0,    0,    0,    0,    0,    0,    0,    0,    0,    0,    0,    0,    0,    0,    0,    0,    0,    0,    0,    0,    0,    0,    0,    0,    0,    0,    0,    0,    0,    0,    0,    0,    0,    0,    0,    0,    0,    0,    0,    0,    0,    0,    0,    0,    0,    0,    0,    0,    0,    0,    0,    0,    0,    0,    0,    0,    0,    0,    0,    0,    0,    0,    0,    0,    0,    0,    0,    0,    0,    0,    0,    0,    0,    0,    0,    0,    0,    0,    0,    0,    0,    0,    0,    0,    0,    0,    0,    0,    0,    0,    0,    0,    0,    0,    0,   -4,    0,    5,    0,    0,    0,    0,    4,    0,    0,    0,    0,    3,    0,    0,    0,    0,    0,    0,    0,    0,    0,    0,    0,    0,    0,    0,    0,    0,    0,    0,    0,    0,    0,    0,    0,    0,    0,    0,    0,    0,    0,    0,    0,    0,    0,    0,    0,    0,    0,    0,    0,    0,    0,    0,    0,    0,    0,    0,    0,    0,    0,    0,    0,    0,    0,    0,    0,    0,    0,    0,    0,    0,    0,    0,    0,    0,    0,    0,    0,    0,    0,    0,    0,    0,    0,    0,    0,    0,    0,    0,    0,    0,    0,    0,    0,    0,    0,    0,    0,    0,    0,    0,    0,    0,    0,    0,    0,    0,    0,    0,    0,    0,    0,    0,    0,    0,    0,    0,    0,
       0,    0,    0,    0,    0,    0,    0,    0,    0,    0,    0,    0,    0,    0,    0,    0,    0,    0,    0,    0,    0,    0,    0,    0,    0,    0,    0,    0,    0,    0,    0,    0,    0,    0,    0,    0,    0,    0,    0,    0,    0,    0,    0,    0,    0,    0,    0,    0,    0,    0,    0,    0,    0,    0,    0,    0,    0,    0,    0,    0,    0,    0,    0,    0,    0,    0,    0,    0,    0,    0,    0,    0,    0,    0,    0,    0,    0,    0,    0,    0,    0,    0,    0,    0,    0,    0,    0,    0,    0,    0,    0,    0,    0,    0,    0,    0,    0,    0,    0,    0,    0,    0,    0,    0,    0,    0,    0,    0,    0,    0,    0,    0,    0,    0,    0,    0,    0,    0,    0,    0,    0,    0,    0,    0,    0,    0,    0,    0,    0,    0,    0,    0,   -5,  -25,  -15,    0,   -5,   -4,  -13,    0,   -5,  -25,    0,    0,    0,   -3,    0,    0,    0,    0,    0,    0,    0,    0,    0,    0,    0,    0,    0,    0,    0,    0,    0,    0,    0,    0,    0,    0,    0,    0,    0,    0,    0,    0,    0,    0,    0,    0,    0,    0,    0,    0,    0,    0,    0,    0,    0,    0,    0,    0,    0,    0,    0,    0,    0,    0,    0,    0,    0,    0,    0,    0,    0,    0,    0,    0,    0,    0,    0,    0,    0,    0,    0,    0,    0,    0,    0,    0,    0,    0,    0,    0,    0,    0,    0,    0,    0,    0,    0,    0,    0,    0,    0,    0,    0,    0,    0,    0,    0,    0,    0,    0,    0,    0,    0,    0,    0,    0,    0,    0,    0,    0,    0,
       0,    0,    0,    0,    0,    0,    0,    0,    0,    0,    0,    0,    0,    0,    0,    0,    0,    0,    0,    0,    0,    0,    0,    0,    0,    0,    0,    0,    0,    0,    0,    0,    0,    0,    0,    0,    0,    0,    0,    0,    0,    0,    0,    0,    0,    0,    0,    0,    0,    0,    0,    0,    0,    0,    0,    0,    0,    0,    0,    0,    0,    0,    0,    0,    0,    0,    0,    0,    0,    0,    0,    0,    0,    0,    0,    0,    0,    0,    0,    0,    0,    0,    0,    0,    0,    0,    0,    0,    0,    0,    0,    0,    0,    0,    0,    0,    0,    0,    0,    0,    0,    0,    0,    0,    0,    0,    0,    0,    0,    0,    0,    0,    0,    0,    0,    0,    0,    0,    0,    0,    0,    0,    0,    0,    0,    0,    0,    0,    0,    0,    0,    0,    0,   -7,   -1,    0,    0,    0,    0,   -3,    0,    0,    0,    0,    0,    0,    0,    0,    0,    0,    0,    0,    0,    0,    0,    0,    0,    0,    0,    0,    0,    0,    0,    0,    0,    0,    0,    0,    0,    0,    0,    0,    0,    0,    0,    0,    0,    0,    0,    0,    0,    0,    0,    0,    0,    0,    0,    0,    0,    0,    0,    0,    0,    0,    0,    0,    0,    0,    0,    0,    0,    0,    0,    0,    0,    0,    0,    0,    0,    0,    0,    0,    0,    0,    0,    0,    0,    0,    0,    0,    0,    0,    0,    0,    0,    0,    0,    0,    0,    0,    0,    0,    0,    0,    0,    0,    0,    0,    0,    0,    0,    0,    0,    0,    0,    0,    0,    0,    0,    0,    0,    0,    0,
       0,    0,    0,    0,    0,    0,    0,    0,    0,    0,    0,    0,    0,    0,    0,    0,    0,    0,    0,    0,    0,    0,    0,    0,    0,    0,    0,    0,    0,    0,    0,    0,    0,    0,    0,    0,    0,    0,    0,    0,    0,    0,    0,    0,    0,    0,    0,    0,    0,    0,    0,    0,    0,    0,    0,    0,    0,    0,    0,    0,    0,    0,    0,    0,    0,    0,    0,    0,    0,    0,    0,    0,    0,    0,    0,    0,    0,    0,    0,    0,    0,    0,    0,    0,    0,    0,    0,    0,    0,    0,    0,    0,    0,    0,    0,    0,    0,    0,    0,    0,    0,    0,    0,    0,    0,    0,    0,    0,    0,    0,    0,    0,    0,    0,    0,    0,    0,    0,    0,    0,    0,    0,    0,    0,    0,    0,    0,    0,    0,    0,    0,    0,    0,    0,    0,    0,    0,    0,    0,  -25,    0,    0,    0,    0,    0,    0,    0,    0,    0,    0,    0,    0,    0,    0,    0,    0,    0,    0,    0,    0,    0,    0,    0,    0,    0,    0,    0,    0,    0,    0,    0,    0,    0,    0,    0,    0,    0,    0,    0,    0,    0,    0,    0,    0,    0,    0,    0,    0,    0,    0,    0,    0,    0,    0,    0,    0,    0,    0,    0,    0,    0,    0,    0,    0,    0,    0,    0,    0,    0,    0,    0,    0,    0,    0,    0,    0,    0,    0,    0,    0,    0,    0,    0,    0,    0,    0,    0,    0,    0,    0,    0,    0,    0,    0,    0,    0,    0,    0,    0,    0,    0,    0,    0,    0,    0,    0,    0,    0,    0,    0,    0,    0,    0,
       0,    0,    0,    0,    0,    0,    0,    0,    0,    0,    0,  -25,   -7,   -7,  -38,    0,   -7,   -7,    0,    0,    0,    6,    6,    0,    4,    0,    0,    0,    0,    0,    0,    0,    0,    0,    0,    0,    0,    0,    0,    0,    0,    0,    0,    0,    0,    0,    0,    0,    0,    0,    0,    0,    0,    0,  -44,    0,    0,    0,    0,    0,    0,    0,    0,    0,    0,    0,    0,    0,    0,    0,    0,   -7,    0,    0,    0,    0,  -25,    0,    0,    0,    0,   -7,   -7,    0,    0,    0,    0,    0,    0,    0,    0,    0,    0,    0,    0,    0,    0,    0,    0,    0,    0,    0,    0,    0,    0,    0,    0,    0,    0,    0,    0,    0,    0,    0,    0,    0,    0,    0,    0,    0,    4,    0,    0,    0,    0,    0,    0,    0,    0,    0,    0,    0,    0,    0,    0,    0,    0,    0,    0,    0,    0,    0,    0,    0,    0,    0,    0,    0,    0,    0,    0,    0,    0,    0,    0,    0,    0,    0,    0,    0,    0,    0,    0,    0,    0,    0,    0,    0,    0,    0,    0,    0,    0,    0,    0,    0,    0,    0,    0,    0,    0,    0,    0,    0,    0,    0,    0,    0,    0,    0,    0,    0,    0,    0,    0,    0,    0,    0,    0,    0,    0,    0,    0,    0,    0,    0,    0,    0,    0,    0,    0,    0,    0,    0,    0,    0,    0,    0,    0,    0,    0,    0,    0,    0,    0,    0,    0,    0,    0,    0,    0,    0,    0,    0,    0,    0,    0,    0,    0,    0,    0,    0,    0,    0,    0,    0,    0,    0,    0,    0,    0,    0,    0,
       0,    0,    0,    0,    0,    0,    0,    0,    0,    0,    0,    9,   -8,   -8,    9,    0,   -9,  -10,    5,  -22,   -6,  -25,  -11,    4,  -26,    7,    0,    0,    0,    0,    0,    0,    0,    0,    0,    0,    0,    0,    0,    0,    0,    0,    0,    0,    0,    0,    0,    0,    0,    0,    0,    0,    0,    0,    7,    0,    0,    0,    0,    0,    0,    0,    0,    0,    0,    0,    0,    0,    0,    0,  -22,   -8,    0,    0,    0,    0,    9,    0,    0,    0,    0,   -9,   -9,    4,    0,    0,    0,    0,    0,    0,    0,    0,    0,    0,    0,    0,    0,    0,    0,    0,    0,    0,    0,    0,    0,    0,    0,    0,    0,    0,    0,    0,    0,    0,    0,    0,    0,    0,    0,    0,  -26,    0,    0,    0,    0,    0,    0,    0,    0,    0,    0,    0,    0,    0,    0,    0,    0,    0,    0,    0,    0,    0,    0,    0,    0,    0,    0,    0,    0,    0,    0,    0,    0,    0,    0,    0,    0,    0,    0,    0,    0,    0,    0,    0,    0,    0,    0,    0,    0,    0,    0,    0,    0,    0,    0,    0,    0,    0,    0,    0,    0,    0,    0,    0,    0,    0,    0,    0,    0,    0,    0,    0,    0,    0,    0,    0,    0,    0,    0,    0,    0,    0,    0,    0,    0,    0,    0,    0,    0,    0,    0,    0,    0,    0,    0,    0,    0,    0,    0,    0,    0,    0,    0,    0,    0,    0,    0,    0,    0,    0,    0,    0,    0,    0,    0,    0,    0,    0,    0,    0,    0,    0,    0,    0,    0,    0,    0,    0,    0,    0,    0,    0,    0,
       0,    0,    0,    0,    0,    0,    0,    0,    0,    0,    0,    0,    0,    0,    0,    0,    0,    0,    0,    0,    0,    0,    0,    0,    0,    0,    0,    0,    0,    0,    0,    0,    0,    0,    0,    0,    0,    0,    0,    0,    0,    0,    0,    0,    0,    0,    0,    0,    0,    0,    0,    0,    0,    0,    0,    0,    0,    0,    0,    0,    0,    0,    0,    0,    0,    0,    0,    0,    0,    0,    0,    0,    0,    0,    0,    0,    0,    0,    0,    0,    0,    0,    0,    0,    0,    0,    0,    0,    0,    0,    0,    0,    0,    0,    0,    0,    0,    0,    0,    0,    0,    0,    0,    0,    0,    0,    0,    0,    0,    0,    0,    0,    0,    0,    0,    0,    0,    0,    0,    0,    0,    0,    0,    0,    0,    0,    0,    0,    0,    0,    0,    0,    0,    0,    0,    0,    0,    0,    0,    0,    0,    0,    0,    0,    0,    0,    0,    0,    0,    0,    0,    0,    0,    0,    0,    0,    0,    0,    0,    0,    0,    0,    0,    0,    0,    0,    0,    0,    0,    0,    0,    0,   -7,   -7,    0,    0,    0,    0,    0,    0,    0,    0,    0,    0,    0,    0,    0,    0,    0,    0,    0,    0,    0,    0,    0,    0,    0,    0,    0,    0,    0,    0,    0,    0,    0,    0,    0,    0,    0,    0,    0,    0,    0,    0,    0,    0,   -3,   -3,    0,    0,    0,    0,    0,    0,    0,    0,    0,    0,    0,    0,    0,   -7,    0,    0,    0,    0,    0,    0,    0,    0,    0,    0,    0,    0,    0,    0,    0,    0,    0,    0,    0,    0,    0,
       0,    0,    0,    0,    0,    0,    0,    0,    0,    0,    0,    0,    0,    0,    0,    0,    0,    0,    0,    0,    0,    0,    0,    0,    0,    0,    0,    0,    0,    0,    0,    0,    0,    0,    0,    0,    0,    0,    0,    0,    0,    0,    0,    0,    0,    0,    0,    0,    0,    0,    0,    0,    0,    0,    0,    0,    0,    0,    0,    0,    0,    0,    0,    0,    0,    0,    0,    0,    0,    0,    0,    0,    0,    0,    0,    0,    0,    0,    0,    0,    0,    0,    0,    0,    0,    0,    0,    0,    0,    0,    0,    0,    0,    0,    0,    0,    0,    0,    0,    0,    0,    0,    0,    0,    0,    0,    0,    0,    0,    0,    0,    0,    0,    0,    0,    0,    0,    0,    0,    0,    0,    0,    0,    0,    0,    0,    0,    0,    0,    0,    0,    0,    0,    0,    0,    0,    0,    0,    0,    0,    0,    0,    0,    0,    0,    0,    0,    0,    0,    0,    0,    0,    0,    0,    0,    0,    0,    0,    0,    0,    0,    0,    0,    0,    0,    0,    0,    0,    0,    0,    0,    0,   -7,   -7,    0,    0,    0,    0,    0,    0,    0,    0,    0,    0,    0,    0,    0,    0,    0,    0,    0,    0,    0,    0,    0,    0,    0,    0,    0,    0,    0,    0,    0,    0,    0,    0,    0,    0,    0,    0,    0,    0,    0,    0,    0,    0,    0,    0,    0,    0,    0,    0,    0,    0,    0,    0,    0,    0,    0,    0,    0,    0,    0,    0,    0,    0,    0,    0,    0,    0,    0,    0,    0,    0,    0,    0,    0,    0,    0,    0,    0,    0,    0,
       0,    0,    0,    0,    0,    0,    0,    0,    0,    0,    0,    0,    0,    0,    0,    0,    0,    0,    0,    0,    0,    0,    0,    0,    0,    0,    0,    0,    0,    0,    0,    0,    0,    0,    0,    0,    0,    0,    0,    0,    0,    0,    0,    0,    0,    0,    0,    0,    0,    0,    0,    0,    0,    0,    0,    0,    0,    0,    0,    0,    0,    0,    0,    0,    0,    0,    0,    0,    0,    0,    0,    0,    0,    0,    0,    0,    0,    0,    0,    0,    0,    0,    0,    0,    0,    0,    0,    0,    0,    0,    0,    0,    0,    0,    0,    0,    0,    0,    0,    0,    0,    0,    0,    0,    0,    0,    0,    0,    0,    0,    0,    0,    0,    0,    0,    0,    0,    0,    0,    0,    0,    0,    0,    0,    0,    0,    0,    0,    0,    0,    0,    0,    0,    0,    0,    0,    0,    0,    0,    0,    0,    0,    0,    0,    0,    0,    0,    0,    0,    0,    0,    0,    0,    0,    0,    0,    0,    0,    0,    0,    0,    0,    0,    0,    0,    0,    0,    0,    0,    0,    0,    0,  -10,  -10,    0,    0,    0,    0,    0,    0,    0,    0,    0,    0,    0,    0,    0,    0,    0,    0,    0,    0,   -7,    0,    0,    0,    0,    0,    0,    0,    0,    0,    0,    0,    0,    0,    0,    0,    0,    0,    0,    0,    0,    0,    0,    0,    0,    0,    0,    0,    0,    0,    0,    0,    0,    0,    0,    0,    0,    0,    0,    0,    0,    0,    0,    0,    0,    0,    0,    0,    0,    0,    0,    0,    0,    0,    0,    0,    0,    0,    0,    0,    0,
       0,    0,    0,    0,    0,    0,    0,    0,    0,    0,    0,    0,    0,    0,    0,    0,    0,    0,    0,    0,    0,    0,    0,    0,    0,    0,    0,    0,    0,    0,    0,    0,    0,    0,    0,    0,    0,    0,    0,    0,    0,    0,    0,    0,    0,    0,    0,    0,    0,    0,    0,    0,    0,    0,    0,    0,    0,    0,    0,    0,    0,    0,    0,    0,    0,    0,    0,    0,    0,    0,    0,    0,    0,    0,    0,    0,    0,    0,    0,    0,    0,    0,    0,    0,    0,    0,    0,    0,    0,    0,    0,    0,    0,    0,    0,    0,    0,    0,    0,    0,    0,    0,    0,    0,    0,    0,    0,    0,    0,    0,    0,    0,    0,    0,    0,    0,    0,    0,    0,    0,    0,    0,    0,    0,    0,    0,    0,    0,    0,    0,    0,    0,    0,    0,    0,    0,    0,    0,    0,    0,    0,    0,    0,    0,    0,    0,    0,    0,    0,    0,    0,    0,    0,    0,    0,    0,    0,    0,    0,    0,    0,    0,    0,    0,    0,    0,    0,    0,    0,    0,    0,    0,    0,    0,    0,    0,    0,    0,    0,    0,    0,    0,    0,    0,    0,    0,    0,    0,    0,    0,    0,    0,    0,    0,    0,    0,    0,    0,    0,    0,    0,    0,    0,    0,    0,    0,    0,    0,    0,    0,    0,    0,    0,    0,    0,    0,    0,    0,    0,    0,    0,    0,    0,    0,    0,    0,    0,    0,    0,    0,    0,   -7,   -7,   -7,    0,    0,    0,    0,    0,    0,    0,    0,    0,    0,    0,    0,    0,    0,    0,    0,    0,  -33,  -27,
       0,    0,    0,    0,    0,    0,    0,    0,    0,    0,    0,    0,    0,    0,    0,    0,    0,    0,    0,    0,    0,    0,    0,    0,    0,    0,    0,    0,    0,    0,    0,    0,    0,    0,    0,    0,    0,    0,    0,    0,    0,    0,    0,    0,    0,    0,    0,    0,    0,    0,    0,    0,    0,    0,    0,    0,    0,    0,    0,    0,    0,    0,    0,    0,    0,    0,    0,    0,    0,    0,    0,    0,    0,    0,    0,    0,    0,    0,    0,    0,    0,    0,    0,    0,    0,    0,    0,    0,    0,    0,    0,    0,    0,    0,    0,    0,    0,    0,    0,    0,    0,    0,    0,    0,    0,    0,    0,    0,    0,    0,    0,    0,    0,    0,    0,    0,    0,    0,    0,    0,    0,    0,    0,    0,    0,    0,    0,    0,    0,    0,    0,    0,    0,    0,    0,    0,    0,    0,    0,    0,    0,    0,    0,    0,    0,    0,    0,    0,    0,    0,    0,    0,    0,    0,    0,    0,  -10,  -10,  -10,  -10,    0,    0,    0,    0,    0,    0,    0,    0,    0,    0,  -10,  -10,  -17,  -10,    0,    0,    0,    0,    0,    0,    0,    0,    0,    0,  -23,    0,    0,    0,    0,    0,    0,    0,    0,    0,  -10,    0,    0,    0,    0,    0,    0,    0,    0,    0,    0,    0,    0,    0,    0,    0,  -10,    0,    0,    0,    0,    0,    0,    0,    0,    0,    0,    0,    0,    0,    0,    0,    0,    0,    0,    0,    0,   -7,   -7,    0,   -7,   -7,   -7,    0,    0,    0,    0,    0,    0,    0,    0,    0,    0,    0,    0,    0,    0,    0,    0,
       0,    0,    0,    0,    0,    0,    0,    0,    0,    0,    0,    0,    0,    0,    0,    0,    0,    0,    0,    0,    0,    0,    0,    0,    0,    0,    0,    0,    0,    0,    0,    0,    0,    0,    0,    0,    0,    0,    0,    0,    0,    0,    0,    0,    0,    0,    0,    0,    0,    0,    0,    0,    0,    0,    0,    0,    0,    0,    0,    0,    0,    0,    0,    0,    0,    0,    0,    0,    0,    0,    0,    0,    0,    0,    0,    0,    0,    0,    0,    0,    0,    0,    0,    0,    0,    0,    0,    0,    0,    0,    0,    0,    0,    0,    0,    0,    0,    0,    0,    0,    0,    0,    0,    0,    0,    0,    0,    0,    0,    0,    0,    0,    0,    0,    0,    0,    0,    0,    0,    0,    0,    0,    0,    0,    0,    0,    0,    0,    0,    0,    0,    0,    0,    0,    0,    0,    0,    0,    0,    0,    0,    0,    0,    0,    0,    0,    0,    0,    0,    0,    0,    0,    0,    0,    0,    0,    0,    0,    0,    0,    0,    0,    0,    0,    0,    0,    0,    0,    0,    0,    0,    0,    0,    0,    0,    0,    0,    0,  -13,    0,    0,    0,    0,    0,    0,    0,    0,    0,    0,    0,    0,    0,  -17,    0,    0,    0,    0,    0,    0,    0,    0,    0,    0,    0,    0,    0,    0,    0,    0,    0,    0,    0,    0,    0,    0,    0,    0,    0,    0,    0,    0,    0,    0,    0,    0,    0,    0,    0,    0,    0,    0,    0,    0,    0,    0,    0,    0,    0,    0,    0,    0,    0,    0,    0,    0,    0,    0,    0,    0,    0,    0,  -20,  -17,
       0,    0,    0,    0,    0,    0,    0,    0,    0,    0,    0,    0,    0,    0,    0,    0,    0,    0,    0,    0,    0,    0,    0,    0,    0,    0,    0,    0,    0,    0,    0,    0,    0,    0,    0,    0,    0,    0,    0,    0,    0,    0,    0,    0,    0,    0,    0,    0,    0,    0,    0,    0,    0,    0,    0,    0,    0,    0,    0,    0,    0,    0,    0,    0,    0,    0,    0,    0,    0,    0,    0,    0,    0,    0,    0,    0,    0,    0,    0,    0,    0,    0,    0,    0,    0,    0,    0,    0,    0,    0,    0,    0,    0,    0,    0,    0,    0,    0,    0,    0,    0,    0,    0,    0,    0,    0,    0,    0,    0,    0,    0,    0,    0,    0,    0,    0,    0,    0,    0,    0,    0,    0,    0,    0,    0,    0,    0,    0,    0,    0,    0,    0,    0,    0,    0,    0,    0,    0,    0,    0,    0,    0,    0,    0,    0,    0,    0,    0,    0,    0,    0,    0,    0,    0,    0,    0,    0,    0,    0,    0,    0,    0,    0,    0,    0,    0,    0,    0,    0,    0,    0,    0,    0,    0,    0,    0,    0,    0,    0,    0,    0,    0,    0,    0,    0,    0,    0,    0,    0,    0,    0,    0,  -17,    0,    0,    0,    0,    0,    0,    0,    0,    0,    0,    0,    0,    0,    0,    0,    0,    0,    0,    0,    0,    0,    0,    0,    0,    0,    0,    0,    0,    0,    0,    0,    0,    0,    0,    0,    0,    0,    0,    0,    0,    0,    0,    0,    0,    0,    0,    0,    0,    0,    0,    0,    0,    0,    0,    0,    0,    0,    0,  -20,  -20,
       0,    0,    0,    0,    0,    0,    0,    0,    0,    0,    0,    0,    0,    0,    0,    0,    0,    0,    0,    0,    0,    0,    0,    0,    0,    0,    0,    0,    0,    0,    0,    0,    0,    0,    0,    0,    0,    0,    0,    0,    0,    0,    0,    0,    0,    0,    0,    0,    0,    0,    0,    0,    0,    0,    0,    0,    0,    0,    0,    0,    0,    0,    0,    0,    0,    0,    0,    0,    0,    0,    0,    0,    0,    0,    0,    0,    0,    0,    0,    0,    0,    0,    0,    0,    0,    0,    0,    0,    0,    0,    0,    0,    0,    0,    0,    0,    0,    0,    0,    0,    0,    0,    0,    0,    0,    0,    0,    0,    0,    0,    0,    0,    0,    0,    0,    0,    0,    0,    0,    0,    0,    0,    0,    0,    0,    0,    0,    0,    0,    0,    0,    0,    0,    0,    0,    0,    0,    0,    0,    0,    0,    0,    0,    0,    0,    0,    0,  -13,    0,  -13,   -7,  -10,  -10,    0,    0,    0,    0,    0,    0,    0,    0,    0,    0,    0,    0,    0,    0,    0,    0,  -13,    0,    0,    0,    0,    0,    0,    0,    0,    0,    0,    0,    0,    0,    0,    0,    0,    0,    0,    0,    0,    0,    0,    0,    0,   -7,    0,    0,    0,    0,    0,    0,    0,    0,    0,    0,    0,    0,    0,    0,    0,    0,    0,    0,    0,    0,    0,    0,    0,    0,    0,    0,    0,    0,    0,    0,    0,    0,    0,    0,    0,    0,    0,    0,    0,    0,    0,    0,    0,    0,    0,    0,    0,    0,    0,    0,    0,    0,    0,    0,    0,    0,  -10,  -10,
       0,    0,    0,    0,    0,    0,    0,    0,    0,    0,    0,    0,    0,    0,    0,    0,    0,    0,    0,    0,    0,    0,    0,    0,    0,    0,    0,    0,    0,    0,    0,    0,    0,    0,    0,    0,    0,    0,    0,    0,    0,    0,    0,    0,    0,    0,    0,    0,    0,    0,    0,    0,    0,    0,    0,    0,    0,    0,    0,    0,    0,    0,    0,    0,    0,    0,    0,    0,    0,    0,    0,    0,    0,    0,    0,    0,    0,    0,    0,    0,    0,    0,    0,    0,    0,    0,    0,    0,    0,    0,    0,    0,    0,    0,    0,    0,    0,    0,    0,    0,    0,    0,    0,    0,    0,    0,    0,    0,    0,    0,    0,    0,    0,    0,    0,    0,    0,    0,    0,    0,    0,    0,    0,    0,    0,    0,    0,    0,    0,    0,    0,    0,    0,    0,    0,    0,    0,    0,    0,    0,    0,    0,    0,    0,    0,    0,    0,   -7,    0,  -10,    0,   -7,  -13,    0,    0,    0,    0,    0,    7,    7,    0,    0,    0,    0,    0,    0,    0,    0,    0,  -13,    0,    0,    0,    0,    0,    0,    0,    0,    0,    0,    0,    0,    0,    0,    0,    0,    0,    0,   -7,    0,  -10,  -17,    0,    0,    0,    0,    0,    0,    0,    0,    0,    0,    0,    0,    0,    0,    0,    0,    0,    0,    0,    0,    0,    0,    0,    0,    0,    0,    0,    0,    0,    0,    0,    0,    0,    0,    0,    0,    0,    0,    0,    0,    0,    0,    0,    0,    0,    0,    0,    0,    0,    0,    0,    0,    0,    0,    0,    0,    0,    0,    0,  -20,  -13,
       0,    0,    0,    0,    0,    0,    0,    0,    0,    0,    0,    0,    0,    0,    0,    0,    0,    0,    0,    0,    0,    0,    0,    0,    0,    0,    0,    0,    0,    0,    0,    0,    0,    0,    0,    0,    0,    0,    0,    0,    0,    0,    0,    0,    0,    0,    0,    0,    0,    0,    0,    0,    0,    0,    0,    0,    0,    0,    0,    0,    0,    0,    0,    0,    0,    0,    0,    0,    0,    0,    0,    0,    0,    0,    0,    0,    0,    0,    0,    0,    0,    0,    0,    0,    0,    0,    0,    0,    0,    0,    0,    0,    0,    0,    0,    0,    0,    0,    0,    0,    0,    0,    0,    0,    0,    0,    0,    0,    0,    0,    0,    0,    0,    0,    0,    0,    0,    0,    0,    0,    0,    0,    0,    0,    0,    0,    0,    0,    0,    0,    0,    0,    0,    0,    0,    0,    0,    0,    0,    0,    0,    0,    0,    0,    0,    0,    0,    0,    0,    0,   -7,    0,    0,    0,    0,    0,    0,    0,    0,    0,    0,    0,    0,    0,    0,    0,    0,    0,    0,    0,    0,    0,  -10,  -10,    0,    0,    0,    0,    0,    0,    0,    0,    0,    0,    0,    0,   13,    0,    0,    0,    0,    0,    0,    0,   -7,    0,    0,    0,    0,    0,    0,    0,    0,    0,    0,    0,    0,    0,    0,    0,    0,    0,    0,    0,    0,    0,    0,    0,    0,    0,    0,    0,    0,    0,    0,    0,    0,    0,    0,    0,    0,    0,    0,    0,    0,    0,    0,    0,    0,    0,    0,    0,    0,    0,    0,    0,    0,    0,    0,    0,    0,  -10,    0,
       0,    0,    0,    0,    0,    0,    0,    0,    0,    0,    0,    0,    0,    0,    0,    0,    0,    0,    0,    0,    0,    0,    0,    0,    0,    0,    0,    0,    0,    0,    0,    0,    0,    0,    0,    0,    0,    0,    0,    0,    0,    0,    0,    0,    0,    0,    0,    0,    0,    0,    0,    0,    0,    0,    0,    0,    0,    0,    0,    0,    0,    0,    0,    0,    0,    0,    0,    0,    0,    0,    0,    0,    0,    0,    0,    0,    0,    0,    0,    0,    0,    0,    0,    0,    0,    0,    0,    0,    0,    0,    0,    0,    0,    0,    0,    0,    0,    0,    0,    0,    0,    0,    0,    0,    0,    0,    0,    0,    0,    0,    0,    0,    0,    0,    0,    0,    0,    0,    0,    0,    0,    0,    0,    0,    0,    0,    0,    0,    0,    0,    0,    0,    0,    0,    0,    0,    0,    0,    0,    0,    0,    0,    0,    0,    0,    0,    0,    0,    0,    0,   -7,    0,    0,    0,    0,    0,    0,    0,    0,    0,    0,    0,    0,    0,    0,    0,    0,    0,    0,    0,    0,    0,    3,    3,    0,    0,    0,    0,    0,    0,    0,    0,    0,    0,    0,    0,   10,    0,    0,    0,    0,    0,    0,    0,   -7,    0,    0,    0,    0,    0,    0,    0,    0,    0,    0,    0,    0,    0,    0,    0,    0,    0,    0,    0,    0,    0,    0,    0,    0,    0,    0,    0,    0,    0,    0,    0,    0,    0,    0,    0,    0,    0,    0,    0,    0,    0,    0,    0,    0,    0,    0,    0,    0,    0,    0,    0,    0,    0,    0,    0,    0,  -17,  -10,
       0,    0,    0,    0,    0,    0,    0,    0,    0,    0,    0,    0,    0,    0,    0,    0,    0,    0,    0,    0,    0,    0,    0,    0,    0,    0,    0,    0,    0,    0,    0,    0,    0,    0,    0,    0,    0,    0,    0,    0,    0,    0,    0,    0,    0,    0,    0,    0,    0,    0,    0,    0,    0,    0,    0,    0,    0,    0,    0,    0,    0,    0,    0,    0,    0,    0,    0,    0,    0,    0,    0,    0,    0,    0,    0,    0,    0,    0,    0,    0,    0,    0,    0,    0,    0,    0,    0,    0,    0,    0,    0,    0,    0,    0,    0,    0,    0,    0,    0,    0,    0,    0,    0,    0,    0,    0,    0,    0,    0,    0,    0,    0,    0,    0,    0,    0,    0,    0,    0,    0,    0,    0,    0,    0,    0,    0,    0,    0,    0,    0,    0,    0,    0,    0,    0,    0,    0,    0,    0,    0,    0,    0,    0,    0,    0,    0,    0,    0,    0,    0,    0,    0,    0,    0,    0,    0,    0,    0,    0,    0,    0,    0,    0,    0,    0,    0,    0,    0,    0,    0,    0,    0,    0,    0,    0,    0,    0,    0,    0,    0,    0,    0,    0,    0,    0,    0,    0,    0,    0,    0,    0,    0,    0,    0,    0,    0,    0,    0,    0,    0,    0,    0,    0,    0,    0,    0,    0,    0,    0,    0,    0,    0,    0,    0,    0,    0,    0,    0,    0,    0,    0,    0,    0,    0,    0,    0,    0,    0,    0,    0,    0,    0,    0,    0,    0,    0,    0,    0,    0,    0,    0,    0,    0,    0,    0,    0,    0,    0,    0,    0,    0,  -17,  -17,
       0,    0,    0,    0,    0,    0,    0,    0,    0,    0,    0,    0,    0,    0,    0,    0,    0,    0,    0,    0,    0,    0,    0,    0,    0,    0,    0,    0,    0,    0,    0,    0,    0,    0,    0,    0,    0,    0,    0,    0,    0,    0,    0,    0,    0,    0,    0,    0,    0,    0,    0,    0,    0,    0,    0,    0,    0,    0,    0,    0,    0,    0,    0,    0,    0,    0,    0,    0,    0,    0,    0,    0,    0,    0,    0,    0,    0,    0,    0,    0,    0,    0,    0,    0,    0,    0,    0,    0,    0,    0,    0,    0,    0,    0,    0,    0,    0,    0,    0,    0,    0,    0,    0,    0,    0,    0,    0,    0,    0,    0,    0,    0,    0,    0,    0,    0,    0,    0,    0,    0,    0,    0,    0,    0,    0,    0,    0,    0,    0,    0,    0,    0,    0,    0,    0,    0,    0,    0,    0,    0,    0,    0,    0,    0,    0,    0,    0,    0,    0,    0,    0,    0,    0,    0,    0,    0,    0,    0,    0,    0,    0,    0,    0,    0,    0,    0,    0,    0,    0,    0,    0,    0,    0,    0,    0,    0,    0,    0,    0,    0,    0,    0,    0,    0,    0,    0,    0,    0,    0,    0,    0,    0,    0,    0,    0,    0,    0,    0,    0,    0,    0,    0,    0,    0,    0,    0,    0,    0,    0,    0,    0,    0,    0,    0,    0,    0,    0,    0,    0,    0,    0,    0,    0,    0,    0,    0,    0,    0,    0,    0,    0,    0,    0,    0,    0,    0,    0,    0,    0,    0,    0,    0,    0,    0,    0,    0,    0,    0,    0,    0,    0,  -33,  -17,
       0,    0,    0,    0,    0,    0,    0,    0,    0,    0,    0,    0,    0,    0,    0,    0,    0,    0,    0,    0,    0,    0,    0,    0,    0,    0,    0,    0,    0,    0,    0,    0,    0,    0,    0,    0,    0,    0,    0,    0,    0,    0,    0,    0,    0,    0,    0,    0,    0,    0,    0,    0,    0,    0,    0,    0,    0,    0,    0,    0,    0,    0,    0,    0,    0,    0,    0,    0,    0,    0,    0,    0,    0,    0,    0,    0,    0,    0,    0,    0,    0,    0,    0,    0,    0,    0,    0,    0,    0,    0,    0,    0,    0,    0,    0,    0,    0,    0,    0,    0,    0,    0,    0,    0,    0,    0,    0,    0,    0,    0,    0,    0,    0,    0,    0,    0,    0,    0,    0,    0,    0,    0,    0,    0,    0,    0,    0,    0,    0,    0,    0,    0,    0,    0,    0,    0,    0,    0,    0,    0,    0,    0,    0,    0,    0,    0,    0,    0,    0,    0,    0,    0,    0,    0,    0,    0,    0,    0,    0,    0,    0,   -7,   -7,    0,    0,    0,    0,    0,    0,  -23,    0,    0,    0,    0,    0,    0,    0,    0,    0,    0,    0,    0,    0,    0,    0,    0,    0,    0,    0,    0,    0,    0,    0,    0,    0,    0,    0,    0,    0,    0,    0,    0,    0,    0,    0,    0,    0,    0,    0,    0,    0,    0,    0,    0,    0,    0,    0,    0,    0,    0,    0,    0,    0,    0,    0,    0,    0,    0,    0,    0,    0,    0,    0,    0,    0,    0,    0,    0,    0,    0,    0,    0,    0,    0,    0,    0,    0,    0,    0,    0,    0,  -17,  -10,
       0,    0,    0,    0,    0,    0,    0,    0,    0,    0,    0,    0,    0,    0,    0,    0,    0,    0,    0,    0,    0,    0,    0,    0,    0,    0,    0,    0,    0,    0,    0,    0,    0,    0,    0,    0,    0,    0,    0,    0,    0,    0,    0,    0,    0,    0,    0,    0,    0,    0,    0,    0,    0,    0,    0,    0,    0,    0,    0,    0,    0,    0,    0,    0,    0,    0,    0,    0,    0,    0,    0,    0,    0,    0,    0,    0,    0,    0,    0,    0,    0,    0,    0,    0,    0,    0,    0,    0,    0,    0,    0,    0,    0,    0,    0,    0,    0,    0,    0,    0,    0,    0,    0,    0,    0,    0,    0,    0,    0,    0,    0,    0,    0,    0,    0,    0,    0,    0,    0,    0,    0,    0,    0,    0,    0,    0,    0,    0,    0,    0,    0,    0,    0,    0,    0,    0,    0,    0,    0,    0,    0,    0,    0,    0,    0,    0,    0,    0,    0,    0,    0,    0,    0,    0,    0,    0,    0,    0,    0,    0,    0,    3,    3,    0,    0,    0,    0,    0,    0,    0,    0,    0,    3,    3,    0,    0,    0,    0,    0,    0,    0,    0,    0,    0,    0,    0,    0,    0,    0,    0,    0,    0,    0,    0,    0,    0,    0,    0,    0,    0,    0,    0,    0,    0,    0,    0,    0,    0,    0,    0,    0,    0,    0,    0,    0,    0,    0,    0,    0,    0,    0,    0,    0,    0,    0,    0,    0,    0,    0,    0,    0,    0,    0,    0,    0,    0,    0,    0,    0,    0,    0,    0,    0,    0,    0,    0,    0,    0,    0,    0,    0,    3,    0,
       0,    0,    0,    0,    0,    0,    0,    0,    0,    0,    0,    0,    0,    0,    0,    0,    0,    0,    0,    0,    0,    0,    0,    0,    0,    0,    0,    0,    0,    0,    0,    0,    0,    0,    0,    0,    0,    0,    0,    0,    0,    0,    0,    0,    0,    0,    0,    0,    0,    0,    0,    0,    0,    0,    0,    0,    0,    0,    0,    0,    0,    0,    0,    0,    0,    0,    0,    0,    0,    0,    0,    0,    0,    0,    0,    0,    0,    0,    0,    0,    0,    0,    0,    0,    0,    0,    0,    0,    0,    0,    0,    0,    0,    0,    0,    0,    0,    0,    0,    0,    0,    0,    0,    0,    0,    0,    0,    0,    0,    0,    0,    0,    0,    0,    0,    0,    0,    0,    0,    0,    0,    0,    0,    0,    0,    0,    0,    0,    0,    0,    0,    0,    0,    0,    0,    0,    0,    0,    0,    0,    0,    0,    0,    0,    0,    0,    0,    0,    0,    0,    0,    0,    0,    0,    0,    0,    0,    0,    0,    0,    0,    0,    0,    0,    0,    0,    0,    0,    0,    0,    0,    0,    0,    0,    0,    0,    0,    0,    0,    0,    0,    0,    0,    0,    0,    0,    0,    0,    0,    0,    0,    0,  -13,    0,    0,    0,    0,    0,    0,    0,    0,    0,    0,    0,    0,    0,    0,    0,    0,    0,    0,    0,    0,    0,    0,    0,    0,    0,    0,    0,    0,    0,    0,    0,    0,    0,    0,    0,    0,    0,    0,    0,    0,    0,    0,    0,    0,    0,    0,    0,    0,    0,    0,    0,    0,    0,    0,    0,    0,    0,    0,    0,    0,
       0,    0,    0,    0,    0,    0,    0,    0,    0,    0,    0,    0,    0,    0,    0,    0,    0,    0,    0,    0,    0,    0,    0,    0,    0,    0,    0,    0,    0,    0,    0,    0,    0,    0,    0,    0,    0,    0,    0,    0,    0,    0,    0,    0,    0,    0,    0,    0,    0,    0,    0,    0,    0,    0,    0,    0,    0,    0,    0,    0,    0,    0,    0,    0,    0,    0,    0,    0,    0,    0,    0,    0,    0,    0,    0,    0,    0,    0,    0,    0,    0,    0,    0,    0,    0,    0,    0,    0,    0,    0,    0,    0,    0,    0,    0,    0,    0,    0,    0,    0,    0,    0,    0,    0,    0,    0,    0,    0,    0,    0,    0,    0,    0,    0,    0,    0,    0,    0,    0,    0,    0,    0,    0,    0,    0,    0,    0,    0,    0,    0,    0,    0,    0,    0,    0,    0,    0,    0,    0,    0,    0,    0,    0,    0,    0,    0,    0,    0,    0,    0,    0,    0,    0,    0,    0,    0,    0,    0,    0,    0,    0,   -7,   -7,    0,    0,    0,    0,    0,    0,    0,  -20,  -20,  -10,  -10,    0,    0,    0,    0,    0,    0,    0,    0,    0,    0,    0,    0,    0,    0,    0,   -3,    0,    0,    0,    0,    0,    0,    0,    0,    0,    0,    0,    0,    0,    0,    0,    0,    0,    0,    0,    0,   -7,    0,    0,    0,    0,    0,    0,    0,    0,    0,    0,    0,    0,    0,    0,    0,    0,    0,    0,    0,    0,    0,    0,    0,    0,    0,    0,    0,    0,    0,    0,    0,    0,    0,    0,    0,    0,    0,    0,    0,    0,    0,    0,
       0,    0,    0,    0,    0,    0,    0,    0,    0,    0,    0,    0,    0,    0,    0,    0,    0,    0,    0,    0,    0,    0,    0,    0,    0,    0,    0,    0,    0,    0,    0,    0,    0,    0,    0,    0,    0,    0,    0,    0,    0,    0,    0,    0,    0,    0,    0,    0,    0,    0,    0,    0,    0,    0,    0,    0,    0,    0,    0,    0,    0,    0,    0,    0,    0,    0,    0,    0,    0,    0,    0,    0,    0,    0,    0,    0,    0,    0,    0,    0,    0,    0,    0,    0,    0,    0,    0,    0,    0,    0,    0,    0,    0,    0,    0,    0,    0,    0,    0,    0,    0,    0,    0,    0,    0,    0,    0,    0,    0,    0,    0,    0,    0,    0,    0,    0,    0,    0,    0,    0,    0,    0,    0,    0,    0,    0,    0,    0,    0,    0,    0,    0,    0,    0,    0,    0,    0,    0,    0,    0,    0,    0,    0,    0,    0,    0,    0,   -7,    0,  -10,    0,  -13,   -7,    0,    0,    0,    0,    0,    0,    0,    0,    0,    0,    0,    0,    0,    0,    0,    0,  -13,    0,    0,    3,    3,    0,    0,    0,    0,    0,    0,    0,   -7,   -7,   -7,  -23,    0,    0,    0,   -7,    0,    0,    0,    0,    0,    0,    0,    0,    0,    0,    0,    0,    0,    0,    0,    0,    0,  -10,    0,    0,    0,    0,    0,    0,    0,    0,    0,    0,    0,    0,    0,    0,    0,    0,    0,    0,    0,    0,  -20,    0,    0,    0,    0,    0,    0,  -30,  -23,  -30,    0,    0,    0,    0,    0,    0,    0,    0,    0,    0,    0,    0,    0,    0,  -13,  -13,
       0,    0,    0,    0,    0,    0,    0,    0,    0,    0,    0,    0,    0,    0,    0,    0,    0,    0,    0,    0,    0,    0,    0,    0,    0,    0,    0,    0,    0,    0,    0,    0,    0,    0,    0,    0,    0,    0,    0,    0,    0,    0,    0,    0,    0,    0,    0,    0,    0,    0,    0,    0,    0,    0,    0,    0,    0,    0,    0,    0,    0,    0,    0,    0,    0,    0,    0,    0,    0,    0,    0,    0,    0,    0,    0,    0,    0,    0,    0,    0,    0,    0,    0,    0,    0,    0,    0,    0,    0,    0,    0,    0,    0,    0,    0,    0,    0,    0,    0,    0,    0,    0,    0,    0,    0,    0,    0,    0,    0,    0,    0,    0,    0,    0,    0,    0,    0,    0,    0,    0,    0,    0,    0,    0,    0,    0,    0,    0,    0,    0,    0,    0,    0,    0,    0,    0,    0,    0,    0,    0,    0,    0,    0,    0,    0,    0,    0,    0,    0,    0,    0,    0,    0,    0,    0,    0,    0,    0,    0,    0,    0,    0,    0,    0,    0,    0,   -3,    0,    0,    0,    0,    0,    0,    0,    0,    0,    0,    0,    0,    0,    0,    0,    0,    0,  -17,    0,    0,    0,    0,    0,    0,    0,    0,    0,    0,    0,    0,    0,    0,    0,    0,    0,    0,    0,    0,    0,    0,    0,    0,    0,    0,    0,    0,    0,    0,    0,    0,    0,    0,    0,    0,    0,    0,    0,    0,    0,    0,  -23,    0,    0,    0,    0,    0,    0,  -23,  -23,  -23,    0,    0,    0,    0,    0,    0,    0,    0,    0,    0,    0,    0,    0,    0,  -17,  -13,
       0,    0,    0,    0,    0,    0,    0,    0,    0,    0,    0,    0,    0,    0,    0,    0,    0,    0,    0,    0,    0,    0,    0,    0,    0,    0,    0,    0,    0,    0,    0,    0,    0,    0,    0,    0,    0,    0,    0,    0,    0,    0,    0,    0,    0,    0,    0,    0,    0,    0,    0,    0,    0,    0,    0,    0,    0,    0,    0,    0,    0,    0,    0,    0,    0,    0,    0,    0,    0,    0,    0,    0,    0,    0,    0,    0,    0,    0,    0,    0,    0,    0,    0,    0,    0,    0,    0,    0,    0,    0,    0,    0,    0,    0,    0,    0,    0,    0,    0,    0,    0,    0,    0,    0,    0,    0,    0,    0,    0,    0,    0,    0,    0,    0,    0,    0,    0,    0,    0,    0,    0,    0,    0,    0,    0,    0,    0,    0,    0,    0,    0,    0,    0,    0,    0,    0,    0,    0,    0,    0,    0,    0,    0,    0,    0,    0,    0,    0,    0,    0,    0,    0,    0,    0,    0,    0,    0,    0,    0,    0,    0,    7,    7,    0,    0,    0,    0,    0,    0,    0,    0,    0,   10,   10,    0,    0,    0,    0,    0,    0,    0,    0,    0,    0,  -17,    0,    0,    0,    0,    0,    0,    0,    0,    0,    0,    0,    0,    0,    0,    0,    0,    0,    0,    0,    0,    0,    0,    0,    0,    0,    0,    0,    0,    0,    0,    0,    0,    0,    0,    0,    0,    0,    0,    0,    0,    0,    0,    0,    0,    0,    0,    0,    0,    0,    0,    0,    0,    0,    0,    0,    0,    0,    0,    0,    0,    0,    0,    0,    0,    0,    0,    0,    0,
       0,    0,    0,    0,    0,    0,    0,    0,    0,    0,    0,    0,    0,    0,    0,    0,    0,    0,    0,    0,    0,    0,    0,    0,    0,    0,    0,    0,    0,    0,    0,    0,    0,    0,    0,    0,    0,    0,    0,    0,    0,    0,    0,    0,    0,    0,    0,    0,    0,    0,    0,    0,    0,    0,    0,    0,    0,    0,    0,    0,    0,    0,    0,    0,    0,    0,    0,    0,    0,    0,    0,    0,    0,    0,    0,    0,    0,    0,    0,    0,    0,    0,    0,    0,    0,    0,    0,    0,    0,    0,    0,    0,    0,    0,    0,    0,    0,    0,    0,    0,    0,    0,    0,    0,    0,    0,    0,    0,    0,    0,    0,    0,    0,    0,    0,    0,    0,    0,    0,    0,    0,    0,    0,    0,    0,    0,    0,    0,    0,    0,    0,    0,    0,    0,    0,    0,    0,    0,    0,    0,    0,    0,    0,    0,    0,    0,    0,    0,    0,    0,    0,    0,    0,    0,    0,    0,    0,    0,    0,    0,    0,    0,    0,    0,    0,    0,    0,    0,    0,    0,    0,    0,    0,    0,    0,    0,    0,    0,    0,    0,    0,    0,    0,    0,    0,    0,    0,    0,    0,    0,    0,    0,    0,    0,    0,    0,    0,    0,    0,    0,    0,    0,    0,    0,    0,    0,    0,    0,    0,    0,    0,    0,    0,    0,    0,    0,    0,    0,    0,    0,    0,    0,    0,    0,    0,    0,    0,    0,    0,    0,    0,    0,    0,    0,    0,    0,    0,    0,    0,    0,    0,    0,    0,    0,    0,    0,    0,    0,    0,    0,    0,  -17,   -7,
       0,    0,    0,    0,    0,    0,    0,    0,    0,    0,    0,    0,    0,    0,    0,    0,    0,    0,    0,    0,    0,    0,    0,    0,    0,    0,    0,    0,    0,    0,    0,    0,    0,    0,    0,    0,    0,    0,    0,    0,    0,    0,    0,    0,    0,    0,    0,    0,    0,    0,    0,    0,    0,    0,    0,    0,    0,    0,    0,    0,    0,    0,    0,    0,    0,    0,    0,    0,    0,    0,    0,    0,    0,    0,    0,    0,    0,    0,    0,    0,    0,    0,    0,    0,    0,    0,    0,    0,    0,    0,    0,    0,    0,    0,    0,    0,    0,    0,    0,    0,    0,    0,    0,    0,    0,    0,    0,    0,    0,    0,    0,    0,    0,    0,    0,    0,    0,    0,    0,    0,    0,    0,    0,    0,    0,    0,    0,    0,    0,    0,    0,    0,    0,    0,    0,    0,    0,    0,    0,    0,    0,    0,    0,    0,    0,    0,    0,    0,    0,    0,    0,    0,    0,    0,    0,    0,    0,    0,    0,    0,    0,    0,    0,    0,    0,    0,    0,    0,    0,    0,    0,    0,    0,    0,    0,    0,    0,    0,    0,    0,    0,    0,    0,    0,    0,  -10,    0,    0,    0,    0,    0,    0,    0,    0,    0,    0,  -20,    0,    0,    0,    0,    0,    0,    0,    0,    0,    0,    0,    0,    0,    0,    0,    0,    0,    0,    0,    0,    0,    0,    0,    0,    0,    0,    0,    0,    0,    0,    0,    0,    0,    0,    0,    0,    0,    0,    0,    0,    0,    0,    0,    0,    0,    0,    0,    0,    0,    0,    0,    0,    0,    0,   -7,    0,
       0,    0,    0,    0,    0,    0,    0,    0,    0,    0,    0,    0,    0,    0,    0,    0,    0,    0,    0,    0,    0,    0,    0,    0,    0,    0,    0,    0,    0,    0,    0,    0,    0,    0,    0,    0,    0,    0,    0,    0,    0,    0,    0,    0,    0,    0,    0,    0,    0,    0,    0,    0,    0,    0,    0,    0,    0,    0,    0,    0,    0,    0,    0,    0,    0,    0,    0,    0,    0,    0,    0,    0,    0,    0,    0,    0,    0,    0,    0,    0,    0,    0,    0,    0,    0,    0,    0,    0,    0,    0,    0,    0,    0,    0,    0,    0,    0,    0,    0,    0,    0,    0,    0,    0,    0,    0,    0,    0,    0,    0,    0,    0,    0,    0,    0,    0,    0,    0,    0,    0,    0,    0,    0,    0,    0,    0,    0,    0,    0,    0,    0,    0,    0,    0,    0,    0,    0,    0,    0,    0,    0,    0,    0,    0,    0,    0,    0,    0,    0,    0,    0,    0,    0,    0,    0,    0,    0,    0,    0,    0,    0,    0,    0,    0,    0,    0,    0,    0,    0,    0,    0,    0,    0,    0,    0,    0,    0,    0,    0,    0,    0,    0,    0,    0,    0,   -7,    0,    0,    0,    0,    0,    0,    0,    0,    0,    0,  -20,    0,    0,    0,    0,    0,    0,    0,    0,    0,    0,    0,    0,    0,    0,    0,    0,    0,    0,    0,    0,    0,    0,    0,    0,    0,    0,    0,    0,    0,    0,    0,    0,    0,    0,    0,    0,    0,    0,    0,    0,    0,    0,    0,    0,    0,    0,    0,    0,    0,    0,    0,    0,    0,    0,  -17,  -10,
       0,    0,    0,    0,    0,    0,    0,    0,    0,    0,    0,    0,    0,    0,    0,    0,    0,    0,    0,    0,    0,    0,    0,    0,    0,    0,    0,    0,    0,    0,    0,    0,    0,    0,    0,    0,    0,    0,    0,    0,    0,    0,    0,    0,    0,    0,    0,    0,    0,    0,    0,    0,    0,    0,    0,    0,    0,    0,    0,    0,    0,    0,    0,    0,    0,    0,    0,    0,    0,    0,    0,    0,    0,    0,    0,    0,    0,    0,    0,    0,    0,    0,    0,    0,    0,    0,    0,    0,    0,    0,    0,    0,    0,    0,    0,    0,    0,    0,    0,    0,    0,    0,    0,    0,    0,    0,    0,    0,    0,    0,    0,    0,    0,    0,    0,    0,    0,    0,    0,    0,    0,    0,    0,    0,    0,    0,    0,    0,    0,    0,    0,    0,    0,    0,    0,    0,    0,    0,    0,    0,    0,    0,    0,    0,    0,    0,    0,    0,    0,    0,    0,    0,    0,    0,    0,    0,    0,    0,    0,    0,    0,    0,    0,    0,    0,    0,    0,    0,    0,    0,    0,    0,    0,    0,    0,    0,    0,    0,    0,    0,    0,    0,    0,    0,    0,    0,    0,    0,    0,    0,    0,    0,    0,    0,    0,    0,    0,    0,    0,    0,    0,    0,    0,    0,    0,    0,    0,    0,    0,    0,    0,    0,    0,    0,    0,    0,    0,    0,    0,    0,    0,    0,    0,    0,    0,    0,    0,    0,    0,    0,    0,    0,    0,    0,    0,    0,    0,    0,    0,    0,    0,    0,    0,    0,    0,    0,    0,    0,    0,    0,    0,  -17,  -13,
       0,    0,    0,    0,    0,    0,    0,    0,    0,    0,    0,    0,    0,    0,    0,    0,    0,    0,    0,    0,    0,    0,    0,    0,    0,    0,    0,    0,    0,    0,    0,    0,    0,    0,    0,    0,    0,    0,    0,    0,    0,    0,    0,    0,    0,    0,    0,    0,    0,    0,    0,    0,    0,    0,    0,    0,    0,    0,    0,    0,    0,    0,    0,    0,    0,    0,    0,    0,    0,    0,    0,    0,    0,    0,    0,    0,    0,    0,    0,    0,    0,    0,    0,    0,    0,    0,    0,    0,    0,    0,    0,    0,    0,    0,    0,    0,    0,    0,    0,    0,    0,    0,    0,    0,    0,    0,    0,    0,    0,    0,    0,    0,    0,    0,    0,    0,    0,    0,    0,    0,    0,    0,    0,    0,    0,    0,    0,    0,    0,    0,    0,    0,    0,    0,    0,    0,    0,    0,    0,    0,    0,    0,    0,    0,    0,    0,    0,    0,    0,    0,    0,    0,    0,    0,    0,    0,    0,    0,    0,    0,    0,    0,    0,    0,    0,    0,    0,    0,    0,    0,    0,    0,  -17,    0,    0,    0,    0,   10,    0,    0,    0,    0,    0,    0,    0,    0,    0,    0,    0,    0,    0,    0,    0,    0,    0,    0,    0,    0,    0,    0,    0,    0,    0,    0,    0,    0,    0,    0,    0,    0,    0,    0,    0,    0,    0,    0,    0,    0,    0,    0,    0,    0,    0,    0,    0,    0,    0,    0,    0,    0,    0,    0,    0,    0,    0,    0,    0,    0,    0,    0,    0,    0,    0,    0,    0,    0,    0,    0,    0,    0,    0,    0,    0,
       0,    0,    0,    0,    0,    0,    0,    0,    0,    0,    0,    0,    0,    0,    0,    0,    0,    0,    0,    0,    0,    0,    0,    0,    0,    0,    0,    0,    0,    0,    0,    0,    0,    0,    0,    0,    0,    0,    0,    0,    0,    0,    0,    0,    0,    0,    0,    0,    0,    0,    0,    0,    0,    0,    0,    0,    0,    0,    0,    0,    0,    0,    0,    0,    0,    0,    0,    0,    0,    0,    0,    0,    0,    0,    0,    0,    0,    0,    0,    0,    0,    0,    0,    0,    0,    0,    0,    0,    0,    0,    0,    0,    0,    0,    0,    0,    0,    0,    0,    0,    0,    0,    0,    0,    0,    0,    0,    0,    0,    0,    0,    0,    0,    0,    0,    0,    0,    0,    0,    0,    0,    0,    0,    0,    0,    0,    0,    0,    0,    0,    0,    0,    0,    0,    0,    0,    0,    0,    0,    0,    0,    0,    0,    0,    0,    0,    0,    0,    0,    0,    0,    0,    0,    0,    0,    0,    0,    0,    0,    0,    0,    0,    0,    0,    0,    0,    0,    0,    0,    0,    0,    0,    0,    0,    0,    0,    0,    0,    0,    0,    0,    0,    0,    0,    0,    0,    0,    0,    0,    0,    0,    0,    0,    0,    0,    0,    0,    0,    0,    0,    0,    0,    0,    0,    0,    0,    0,    0,    0,    0,    0,    0,    0,    0,    0,    0,    0,    0,    0,    0,    0,    0,    0,    0,    0,    0,    0,    0,    0,    0,    0,    0,    0,    0,    0,    0,    0,    0,    0,    0,    0,    0,    0,    0,    0,    0,    0,    0,    0,    0,    0,  -13,  -10,
       0,    0,    0,    0,    0,    0,    0,    0,    0,    0,    0,    0,    0,    0,    0,    0,    0,    0,    0,    0,    0,    0,    0,    0,    0,    0,    0,    0,    0,    0,    0,    0,    0,    0,    0,    0,    0,    0,    0,    0,    0,    0,    0,    0,    0,    0,    0,    0,    0,    0,    0,    0,    0,    0,    0,    0,    0,    0,    0,    0,    0,    0,    0,    0,    0,    0,    0,    0,    0,    0,    0,    0,    0,    0,    0,    0,    0,    0,    0,    0,    0,    0,    0,    0,    0,    0,    0,    0,    0,    0,    0,    0,    0,    0,    0,    0,    0,    0,    0,    0,    0,    0,    0,    0,    0,    0,    0,    0,    0,    0,    0,    0,    0,    0,    0,    0,    0,    0,    0,    0,    0,    0,    0,    0,    0,    0,    0,    0,    0,    0,    0,    0,    0,    0,    0,    0,    0,    0,    0,    0,    0,    0,    0,    0,    0,    0,  -10,    0,    0,    0,    0,    0,    0,  -10,    0,    0,  -10,  -10,  -10,  -10,    0,    0,    0,    0,  -10,    0,    0,    0,    0,  -20,   -7,   -7,    0,    0,    0,    0,    0,    0,   -7,   -7,    0,    0,    0,    0,    0,  -17,    0,  -17,    0,    0,    0,    0,    0,    0,    0,    0,    0,    0,    0,    0,    0,    0,    0,    0,    0,    0,    0,    0,    0,    0,    0,    0,    0,    0,    0,    0,    0,    0,    0,    0,    0,    0,    0,    0,    0,    0,    0,    0,    0,    0,    0,    0,    0,    0,    0,    0,    0,    0,    0,    0,    0,    0,    0,    0,    0,    0,    0,    0,    0,    0,    0,  -23,  -17,
       0,    0,    0,    0,    0,    0,    0,    0,    0,    0,    0,    0,    0,    0,    0,    0,    0,    0,    0,    0,    0,    0,    0,    0,    0,    0,    0,    0,    0,    0,    0,    0,    0,    0,    0,    0,    0,    0,    0,    0,    0,    0,    0,    0,    0,    0,    0,    0,    0,    0,    0,    0,    0,    0,    0,    0,    0,    0,    0,    0,    0,    0,    0,    0,    0,    0,    0,    0,    0,    0,    0,    0,    0,    0,    0,    0,    0,    0,    0,    0,    0,    0,    0,    0,    0,    0,    0,    0,    0,    0,    0,    0,    0,    0,    0,    0,    0,    0,    0,    0,    0,    0,    0,    0,    0,    0,    0,    0,    0,    0,    0,    0,    0,    0,    0,    0,    0,    0,    0,    0,    0,    0,    0,    0,    0,    0,    0,    0,    0,    0,    0,    0,    0,    0,    0,    0,    0,    0,    0,    0,    0,    0,    0,    0,    0,    0,   -3,    0,    0,    0,    0,    0,    0,    0,    0,    0,    0,    0,    0,    7,    0,    0,    0,    0,    0,    0,    0,    0,    0,    0,    0,    0,    0,    0,    0,    0,    0,    0,    0,    0,    0,    0,    0,    0,    0,    0,    0,    0,    0,    0,    0,    0,    0,    0,    0,    0,    0,    0,    0,    0,    0,    0,    0,    0,    0,    0,    0,    0,    0,    0,    0,    0,    0,    0,    0,    0,    0,    0,    0,    0,    0,    0,    0,    0,    0,    0,    0,    0,    0,    0,    0,    0,    0,    0,    0,    0,    0,    0,    0,    0,    0,    0,    0,    0,    0,    0,    0,    0,    0,    0,    0,  -13,  -13,
       0,    0,    0,    0,    0,    0,    0,    0,    0,    0,    0,    0,    0,    0,    0,    0,    0,    0,    0,    0,    0,    0,    0,    0,    0,    0,    0,    0,    0,    0,    0,    0,    0,    0,    0,    0,    0,    0,    0,    0,    0,    0,    0,    0,    0,    0,    0,    0,    0,    0,    0,    0,    0,    0,    0,    0,    0,    0,    0,    0,    0,    0,    0,    0,    0,    0,    0,    0,    0,    0,    0,    0,    0,    0,    0,    0,    0,    0,    0,    0,    0,    0,    0,    0,    0,    0,    0,    0,    0,    0,    0,    0,    0,    0,    0,    0,    0,    0,    0,    0,    0,    0,    0,    0,    0,    0,    0,    0,    0,    0,    0,    0,    0,    0,    0,    0,    0,    0,    0,    0,    0,    0,    0,    0,    0,    0,    0,    0,    0,    0,    0,    0,    0,    0,    0,    0,    0,    0,    0,    0,    0,    0,    0,    0,    0,    0,    0,    0,    0,    0,    0,    0,    0,    0,    0,    0,    0,    0,  -10,    0,    0,  -10,  -10,    0,  -10,    0,    0,    0,    0,  -10,  -13,  -13,  -10,  -10,    0,    0,  -10,   -3,    0,    0,    0,    0,    0,    0,  -17,    0,    0,    0,    0,    0,    0,    0,    0,    0,    0,    0,    0,    0,    0,    0,    0,    0,    0,    0,    0,    0,    0,    0,    0,    0,    0,    0,    0,    0,    0,    0,    0,    0,    0,    0,    0,    0,    0,    0,    0,    0,    0,    0,    0,    0,    0,    0,    0,    0,    0,    0,    0,    0,    0,    0,    0,    0,    0,    0,    0,    0,    0,    0,    0,    0,    0,  -13,  -10,
       0,    0,    0,    0,    0,    0,    0,    0,    0,    0,    0,    0,    0,    0,    0,    0,    0,    0,    0,    0,    0,    0,    0,    0,    0,    0,    0,    0,    0,    0,    0,    0,    0,    0,    0,    0,    0,    0,    0,    0,    0,    0,    0,    0,    0,    0,    0,    0,    0,    0,    0,    0,    0,    0,    0,    0,    0,    0,    0,    0,    0,    0,    0,    0,    0,    0,    0,    0,    0,    0,    0,    0,    0,    0,    0,    0,    0,    0,    0,    0,    0,    0,    0,    0,    0,    0,    0,    0,    0,    0,    0,    0,    0,    0,    0,    0,    0,    0,    0,    0,    0,    0,    0,    0,    0,    0,    0,    0,    0,    0,    0,    0,    0,    0,    0,    0,    0,    0,    0,    0,    0,    0,    0,    0,    0,    0,    0,    0,    0,    0,    0,    0,    0,    0,    0,    0,    0,    0,    0,    0,    0,    0,    0,    0,    0,    0,    0,    0,    0,    0,    0,    0,    0,    0,    0,    0,  -10,  -10,  -10,  -10,  -10,    0,    0,    0,  -10,    0,    0,    0,    0,    0,  -10,  -10,   -7,   -7,    0,    0,   -7,    0,    0,    0,    0,    0,    0,    0,  -17,    0,  -10,    0,    0,    0,    0,    0,    0,    0,    0,    0,    0,    0,    0,    0,    0,    0,    0,    0,    0,    0,    0,    0,    0,    0,    0,    0,    0,    0,    0,    0,    0,    0,    0,    0,    0,    0,    0,    0,    0,    0,    0,    0,    0,    0,    0,    0,    0,    0,    0,    0,    0,    0,    0,    0,    0,    0,    0,    0,    0,    0,    0,    0,    0,    0,    0,  -17,  -17,
       0,    0,    0,    0,    0,    0,    0,    0,    0,    0,    0,    0,    0,    0,    0,    0,    0,    0,    0,    0,    0,    0,    0,    0,    0,    0,    0,    0,    0,    0,    0,    0,    0,    0,    0,    0,    0,    0,    0,    0,    0,    0,    0,    0,    0,    0,    0,    0,    0,    0,    0,    0,    0,    0,    0,    0,    0,    0,    0,    0,    0,    0,    0,    0,    0,    0,    0,    0,    0,    0,    0,    0,    0,    0,    0,    0,    0,    0,    0,    0,    0,    0,    0,    0,    0,    0,    0,    0,    0,    0,    0,    0,    0,    0,    0,    0,    0,    0,    0,    0,    0,    0,    0,    0,    0,    0,    0,    0,    0,    0,    0,    0,    0,    0,    0,    0,    0,    0,    0,    0,    0,    0,    0,    0,    0,    0,    0,    0,    0,    0,    0,    0,    0,    0,    0,    0,    0,    0,    0,    0,    0,    0,    0,    0,    0,    0,    0,    0,    0,    0,    0,    0,    0,    0,    0,   -7,    0,    0,   -7,   -7,   -7,    3,    3,    0,   -7,    0,    0,    0,    0,    0,    0,    0,    0,    0,    0,    0,    0,    0,    0,    0,    0,    0,    0,    0,    0,    0,    0,    0,    0,    0,    0,    0,    0,    0,    0,    0,    0,    0,    0,    0,    0,    0,    0,    0,    0,    0,    0,    0,    0,    0,    0,    0,    0,    0,    0,    0,    0,    0,    0,    0,    0,    0,    0,    0,    0,    0,    0,    0,    0,    0,    0,    0,    0,    0,    0,    0,    0,    0,    0,    0,    0,    0,    0,    0,    0,    0,    0,    0,    0,    0,    0,  -17,  -10,
       0,    0,    0,    0,    0,    0,    0,    0,    0,    0,    0,    0,    0,    0,    0,    0,    0,    0,    0,    0,    0,    0,    0,    0,    0,    0,    0,    0,    0,    0,    0,    0,    0,    0,    0,    0,    0,    0,    0,    0,    0,    0,    0,    0,    0,    0,    0,    0,    0,    0,    0,    0,    0,    0,    0,    0,    0,    0,    0,    0,    0,    0,    0,    0,    0,    0,    0,    0,    0,    0,    0,    0,    0,    0,    0,    0,    0,    0,    0,    0,    0,    0,    0,    0,    0,    0,    0,    0,    0,    0,    0,    0,    0,    0,    0,    0,    0,    0,    0,    0,    0,    0,    0,    0,    0,    0,    0,    0,    0,    0,    0,    0,    0,    0,    0,    0,    0,    0,    0,    0,    0,    0,    0,    0,    0,    0,    0,    0,    0,    0,    0,    0,    0,    0,    0,    0,    0,    0,    0,    0,    0,    0,    0,    0,    0,    0,    0,    0,    0,    0,    0,    0,    0,    0,    0,    0,   -7,   -7,    0,    0,    0,    0,    0,    0,    0,    0,    0,  -10,    0,    0,    0,    0,    0,    0,    0,    0,    0,    0,    0,    0,   -7,    0,    0,    0,    0,    0,    0,    0,    0,    0,    0,    0,    0,    0,    0,    0,    0,    0,    0,    0,    0,    0,    0,    0,    0,    0,    0,    0,    0,    0,    0,    0,    0,    0,    0,    0,    0,    0,    0,    0,    0,    0,    0,    0,    0,    0,    0,    0,    0,    0,    0,    0,    0,    0,    0,    0,    0,    0,    0,    0,    0,    0,    0,    0,    0,    0,    0,    0,    0,    0,    0,   -3,    3,
       0,    0,    0,    0,    0,    0,    0,    0,    0,    0,    0,    0,    0,    0,    0,    0,    0,    0,    0,    0,    0,    0,    0,    0,    0,    0,    0,    0,    0,    0,    0,    0,    0,    0,    0,    0,    0,    0,    0,    0,    0,    0,    0,    0,    0,    0,    0,    0,    0,    0,    0,    0,    0,    0,    0,    0,    0,    0,    0,    0,    0,    0,    0,    0,    0,    0,    0,    0,    0,    0,    0,    0,    0,    0,    0,    0,    0,    0,    0,    0,    0,    0,    0,    0,    0,    0,    0,    0,    0,    0,    0,    0,    0,    0,    0,    0,    0,    0,    0,    0,    0,    0,    0,    0,    0,    0,    0,    0,    0,    0,    0,    0,    0,    0,    0,    0,    0,    0,    0,    0,    0,    0,    0,    0,    0,    0,    0,    0,    0,    0,    0,    0,    0,    0,    0,    0,    0,    0,    0,    0,    0,    0,    0,    0,    0,    0,    0,    0,    0,    0,    0,    0,    0,    0,    0,    0,    0,    0,    0,    0,    0,    0,    0,    0,    0,    0,    0,    0,    0,    0,    0,    0,    0,    0,    0,    0,    0,    0,    0,    0,    0,    0,    0,    0,    0,    0,    0,    0,    0,    0,    0,    0,    0,    0,    0,    0,    0,    0,    0,    0,    0,    0,    0,    0,    0,    0,    0,    0,    0,    0,    0,    0,    0,    0,    0,    0,    0,    0,    0,    0,    0,    0,    0,    0,    0,    0,    0,    0,    0,    0,    0,    0,    0,    0,    0,    0,    0,    0,    0,    0,    0,    0,    0,    0,    0,    0,    0,    0,    0,    0,    0,  -13,    0,
       0,    0,    0,    0,    0,    0,    0,    0,    0,    0,    0,    0,    0,    0,    0,    0,    0,    0,    0,    0,    0,    0,    0,    0,    0,    0,    0,    0,    0,    0,    0,    0,    0,    0,    0,    0,    0,    0,    0,    0,    0,    0,    0,    0,    0,    0,    0,    0,    0,    0,    0,    0,    0,    0,    0,    0,    0,    0,    0,    0,    0,    0,    0,    0,    0,    0,    0,    0,    0,    0,    0,    0,    0,    0,    0,    0,    0,    0,    0,    0,    0,    0,    0,    0,    0,    0,    0,    0,    0,    0,    0,    0,    0,    0,    0,    0,    0,    0,    0,    0,    0,    0,    0,    0,    0,    0,    0,    0,    0,    0,    0,    0,    0,    0,    0,    0,    0,    0,    0,    0,    0,    0,    0,    0,    0,    0,    0,    0,    0,    0,    0,    0,    0,    0,    0,    0,    0,    0,    0,    0,    0,    0,    0,    0,    0,    0,    0,    0,    0,    0,    0,    0,    0,    0,    0,    0,  -10,    0,    0,    0,    0,    0,    0,    0,    0,    0,    0,    0,    0,    0,    0,    0,    0,    0,    0,    0,    0,    0,    0,    0,    0,    0,    0,    0,    0,    0,    0,    0,    0,    0,    0,    0,    0,    0,    0,    0,    0,    0,    0,    0,    0,    0,    0,    0,    0,    0,    0,    0,    0,    0,    0,    0,    0,    0,    0,    0,    0,    0,    0,    0,    0,    0,    0,    0,    0,    0,    0,    0,    0,    0,    0,    0,    0,    0,    0,    0,    0,    0,    0,    0,    0,    0,    0,    0,    0,    0,    0,    0,    0,    0,    0,  -20,  -10,
       0,    0,    0,    0,    0,    0,    0,    0,    0,    0,    0,    0,    0,    0,    0,    0,    0,    0,    0,    0,    0,    0,    0,    0,    0,    0,    0,    0,    0,    0,    0,    0,    0,    0,    0,    0,    0,    0,    0,    0,    0,    0,    0,    0,    0,    0,    0,    0,    0,    0,    0,    0,    0,    0,    0,    0,    0,    0,    0,    0,    0,    0,    0,    0,    0,    0,    0,    0,    0,    0,    0,    0,    0,    0,    0,    0,    0,    0,    0,    0,    0,    0,    0,    0,    0,    0,    0,    0,    0,    0,    0,    0,    0,    0,    0,    0,    0,    0,    0,    0,    0,    0,    0,    0,    0,    0,    0,    0,    0,    0,    0,    0,    0,    0,    0,    0,    0,    0,    0,    0,    0,    0,    0,    0,    0,    0,    0,    0,    0,    0,    0,    0,    0,    0,    0,    0,    0,    0,    0,    0,    0,    0,    0,    0,    0,    0,    0,    0,    0,    0,    0,    0,    0,    0,    0,    0,    0,    0,    0,    0,    0,    0,    0,    0,    0,   -7,   -7,    0,    0,    0,    0,    0,    0,    0,    0,    0,    0,    0,    0,    0,    0,    0,    0,    0,    0,    0,    0,    0,    0,    0,    0,    0,    0,    0,    0,    0,    0,    0,    0,    0,    0,    0,    0,    0,    0,    0,    0,    0,    0,    0,    0,    0,    0,    0,    0,    0,    0,    0,    0,    0,    0,    0,    0,    0,    0,    0,    0,    0,    0,    0,    0,    0,    0,    0,    0,    0,    0,    0,    0,    0,    0,    0,    0,    0,    0,    0,    0,    0,    0,    0,    0,    0,    0,
       0,    0,    0,    0,    0,    0,    0,    0,    0,    0,    0,    0,    0,    0,    0,    0,    0,    0,    0,    0,    0,    0,    0,    0,    0,    0,    0,    0,    0,    0,    0,    0,    0,    0,    0,    0,    0,    0,    0,    0,    0,    0,    0,    0,    0,    0,    0,    0,    0,    0,    0,    0,    0,    0,    0,    0,    0,    0,    0,    0,    0,    0,    0,    0,    0,    0,    0,    0,    0,    0,    0,    0,    0,    0,    0,    0,    0,    0,    0,    0,    0,    0,    0,    0,    0,    0,    0,    0,    0,    0,    0,    0,    0,    0,    0,    0,    0,    0,    0,    0,    0,    0,    0,    0,    0,    0,    0,    0,    0,    0,    0,    0,    0,    0,    0,    0,    0,    0,    0,    0,    0,    0,    0,    0,    0,    0,    0,    0,    0,    0,    0,    0,    0,    0,    0,    0,    0,    0,    0,    0,    0,    0,    0,    0,    0,    0,    0,    0,    0,    0,    0,    0,    0,    0,    7,    0,    0,    0,    0,    0,    0,    0,    0,    0,    0,    0,    0,    0,    0,    0,    0,    0,    0,    0,    0,    0,    0,    0,    0,    0,    0,    0,    0,    0,    0,    0,    0,    0,    0,    0,    0,    0,    0,    0,    0,    0,    0,    0,    0,    0,    0,    0,    0,    0,    0,    0,    0,    0,    0,    0,    0,    0,    0,    0,    0,    0,    0,    0,    0,    0,    0,    0,    0,    0,    0,    0,    0,    0,    0,    0,    0,    0,    0,    0,    0,    0,    0,    0,    0,    0,    0,    0,    0,    0,    0,    0,    0,    0,    0,    0,    0,    0,    0,
       0,    0,    0,    0,    0,    0,    0,    0,    0,    0,    0,    0,    0,    0,    0,    0,    0,    0,    0,    0,    0,    0,    0,    0,    0,    0,    0,    0,    0,    0,    0,    0,    0,    0,    0,    0,    0,    0,    0,    0,    0,    0,    0,    0,    0,    0,    0,    0,    0,    0,    0,    0,    0,    0,    0,    0,    0,    0,    0,    0,    0,    0,    0,    0,    0,    0,    0,    0,    0,    0,    0,    0,    0,    0,    0,    0,    0,    0,    0,    0,    0,    0,    0,    0,    0,    0,    0,    0,    0,    0,    0,    0,    0,    0,    0,    0,    0,    0,    0,    0,    0,    0,    0,    0,    0,    0,    0,    0,    0,    0,    0,    0,    0,    0,    0,    0,    0,    0,    0,    0,    0,    0,    0,    0,    0,    0,    0,    0,    0,    0,    0,    0,    0,    0,    0,    0,    0,    0,    0,    0,    0,    0,    0,    0,    0,    0,    0,    0,    0,    0,    0,    0,    0,    0,    0,    0,    0,    0,    0,    0,    0,    0,    0,    0,    0,    0,    0,    0,    0,    0,    0,    0,    0,    0,  -10,  -10,    0,    0,    0,    0,    0,    0,    0,    0,    0,    0,    0,    0,    0,    0,    0,    0,    0,    0,    0,    0,    0,    0,    0,    0,    0,    0,    0,    0,    0,    0,    0,    0,    0,    0,    0,    0,    0,    0,    0,    0,    0,    0,    0,    0,    0,    0,    0,    0,    0,    0,    0,    0,    0,    0,    0,    0,    0,    0,    0,    0,    0,    0,    0,    0,    0,    0,    0,    0,    0,    0,    0,    0,    0,    0,    0,  -17,  -13,
       0,    0,    0,    0,    0,    0,    0,    0,    0,    0,    0,    0,    0,    0,    0,    0,    0,    0,    0,    0,    0,    0,    0,    0,    0,    0,    0,    0,    0,    0,    0,    0,    0,    0,    0,    0,    0,    0,    0,    0,    0,    0,    0,    0,    0,    0,    0,    0,    0,    0,    0,    0,    0,    0,    0,    0,    0,    0,    0,    0,    0,    0,    0,    0,    0,    0,    0,    0,    0,    0,    0,    0,    0,    0,    0,    0,    0,    0,    0,    0,    0,    0,    0,    0,    0,    0,    0,    0,    0,    0,    0,    0,    0,    0,    0,    0,    0,    0,    0,    0,    0,    0,    0,    0,    0,    0,    0,    0,    0,    0,    0,    0,    0,    0,    0,    0,    0,    0,    0,    0,    0,    0,    0,    0,    0,    0,    0,    0,    0,    0,    0,    0,    0,    0,    0,    0,    0,    0,    0,    0,    0,    0,    0,    0,    0,    0,    0,    0,    0,    0,    0,    0,    0,    0,    0,    0,    0,    0,    0,    0,    0,    0,    0,    0,    0,    0,    0,    0,    0,    0,    0,    0,    0,    0,    0,    0,    0,    0,    0,    0,    0,    0,    0,    0,    0,    0,    0,    0,    0,    0,    0,    0,    0,    0,    0,    0,    0,    0,    0,    0,    0,    0,    0,    0,    0,    0,    0,    0,    0,    0,    0,    0,    0,    0,    0,    0,    0,    0,    0,    0,    0,    0,    0,    0,    0,    0,    0,    0,    0,    0,    0,    0,    0,    0,    0,    0,    0,    0,    0,    0,    0,    0,    0,    0,    0,    0,    0,    0,    0,    0,    0,    0,  -17,
       0,    0,    0,    0,    0,    0,    0,    0,    0,    0,    0,    0,    0,    0,    0,    0,    0,    0,    0,    0,    0,    0,    0,    0,    0,    0,    0,    0,    0,    0,    0,    0,    0,    0,    0,    0,    0,    0,    0,    0,    0,    0,    0,    0,    0,    0,    0,    0,    0,    0,    0,    0,    0,    0,    0,    0,    0,    0,    0,    0,    0,    0,    0,    0,    0,    0,    0,    0,    0,    0,    0,    0,    0,    0,    0,    0,    0,    0,    0,    0,    0,    0,    0,    0,    0,    0,    0,    0,    0,    0,    0,    0,    0,    0,    0,    0,    0,    0,    0,    0,    0,    0,    0,    0,    0,    0,    0,    0,    0,    0,    0,    0,    0,    0,    0,    0,    0,    0,    0,    0,    0,    0,    0,    0,    0,    0,    0,    0,    0,    0,    0,    0,    0,    0,    0,    0,    0,    0,    0,    0,    0,    0,    0,    0,    0,    0,    0,    0,    0,    0,    0,    0,    0,    0,    0,    0,    0,    0,    0,    0,    0,    0,    0,    0,    0,    0,    0,    0,    0,    0,    0,    0,    0,    0,    0,    0,    0,    0,    0,    0,    0,    0,    0,    0,    0,    0,    0,    0,    0,    0,    0,    0,    0,    0,    0,    0,    0,    0,    0,    0,    0,    0,    0,    0,    0,    0,    0,    0,    0,    0,    0,    0,    0,    0,    0,    0,    0,    0,    0,    0,    0,    0,    0,    0,    0,    0,    0,    0,    0,    0,    0,    0,    0,    0,    0,    0,    0,    0,    0,    0,    0,    0,    0,    0,    0,    0,    0,    0,    0,    0,    0,  -23,  -17,
       0,    0,    0,    0,    0,    0,    0,    0,    0,    0,    0,    0,    0,    0,    0,    0,    0,    0,    0,    0,    0,    0,    0,    0,    0,    0,    0,    0,    0,    0,    0,    0,    0,    0,    0,    0,    0,    0,    0,    0,    0,    0,    0,    0,    0,    0,    0,    0,    0,    0,    0,    0,    0,    0,    0,    0,    0,    0,    0,    0,    0,    0,    0,    0,    0,    0,    0,    0,    0,    0,    0,    0,    0,    0,    0,    0,    0,    0,    0,    0,    0,    0,    0,    0,    0,    0,    0,    0,    0,    0,    0,    0,    0,    0,    0,    0,    0,    0,    0,    0,    0,    0,    0,    0,    0,    0,    0,    0,    0,    0,    0,    0,    0,    0,    0,    0,    0,    0,    0,    0,    0,    0,    0,    0,    0,    0,    0,    0,    0,    0,    0,    0,    0,    0,    0,    0,    0,    0,    0,    0,    0,    0,    0,    0,    0,    0,    0,    0,    0,    0,    0,    0,    0,    0,    0,    0,    0,    0,    0,    0,    0,    0,    0,    0,    0,    0,    0,  -10,  -10,    0,    0,    0,    0,    0,    0,    0,    0,    0,    0,    0,    0,    0,    0,    0,    0,    0,    0,    0,    0,    0,    0,    0,    0,    0,    0,    0,    0,    0,    0,    0,    0,    0,    0,    0,    0,    0,    0,    0,    0,    0,    0,    0,    0,    0,    0,    0,    0,    0,    0,    0,    0,    0,    0,    0,    0,    0,    0,    0,    0,    0,    0,    0,    0,    0,    0,    0,    0,    0,    0,    0,    0,    0,    0,    0,    0,    0,    0,    0,    0,    0,    0,   -7,    0,
       0,    0,    0,    0,    0,    0,    0,    0,    0,    0,    0,    0,    0,    0,    0,    0,    0,    0,    0,    0,    0,    0,    0,    0,    0,    0,    0,    0,    0,    0,    0,    0,    0,    0,    0,    0,    0,    0,    0,    0,    0,    0,    0,    0,    0,    0,    0,    0,    0,    0,    0,    0,    0,    0,    0,    0,    0,    0,    0,    0,    0,    0,    0,    0,    0,    0,    0,    0,    0,    0,    0,    0,    0,    0,    0,    0,    0,    0,    0,    0,    0,    0,    0,    0,    0,    0,    0,    0,    0,    0,    0,    0,    0,    0,    0,    0,    0,    0,    0,    0,    0,    0,    0,    0,    0,    0,    0,    0,    0,    0,    0,    0,    0,    0,    0,    0,    0,    0,    0,    0,    0,    0,    0,    0,    0,    0,    0,    0,    0,    0,    0,    0,    0,    0,    0,    0,    0,    0,    0,    0,    0,    0,    0,    0,    0,    0,    0,    0,    0,    0,    0,    0,    0,    0,    0,    0,    0,    0,    0,    0,    0,    0,    0,    0,    0,    0,    0,    3,    3,    0,    0,    0,    0,    0,    0,    0,    0,    0,    0,    0,    0,    0,    0,    0,    0,    0,    0,    0,    0,    0,    0,    0,    0,    0,    0,    0,    0,    0,    0,    0,    0,    0,    0,    0,    0,    0,    0,    0,    0,    0,    0,    0,    0,    0,    0,    0,    0,    0,    0,    0,    0,    0,    0,    0,    0,    0,    0,    0,    0,    0,    0,    0,    0,    0,    0,    0,    0,    0,    0,    0,    0,    0,    0,    0,    0,    0,    0,    0,    0,    0,    0,  -17,   -7,
       0,    0,    0,    0,    0,    0,    0,    0,    0,    0,    0,    0,    0,    0,    0,    0,    0,    0,    0,    0,    0,    0,    0,    0,    0,    0,    0,    0,    0,    0,    0,    0,    0,    0,    0,    0,    0,    0,    0,    0,    0,    0,    0,    0,    0,    0,    0,    0,    0,    0,    0,    0,    0,    0,    0,    0,    0,    0,    0,    0,    0,    0,    0,    0,    0,    0,    0,    0,    0,    0,    0,    0,    0,    0,    0,    0,    0,    0,    0,    0,    0,    0,    0,    0,    0,    0,    0,    0,    0,    0,    0,    0,    0,    0,    0,    0,    0,    0,    0,    0,    0,    0,    0,    0,    0,    0,    0,    0,    0,    0,    0,    0,    0,    0,    0,    0,    0,    0,    0,    0,    0,    0,    0,    0,    0,    0,    0,    0,    0,    0,    0,    0,    0,    0,    0,    0,    0,    0,    0,    0,    0,    0,    0,    0,    0,    0,    0,    0,    0,    0,    0,    0,    0,    0,    0,    0,    0,    0,    0,    0,    0,    0,    0,    0,    0,    0,    0,    0,    0,    0,    0,    0,  -23,  -23,  -17,  -17,    0,    0,    0,    0,    0,    0,    0,    0,    0,    0,    0,    0,    0,    0,    0,    0,    0,    0,    0,    0,    0,    0,    0,    0,    0,    0,    0,    0,    0,    0,    0,    0,    0,    0,    0,    0,    0,    0,    0,    0,    0,    0,    0,    0,    0,    0,    0,    0,    0,    0,    0,    0,    0,    0,    0,    0,    0,    0,    0,    0,    0,    0,    0,    0,    0,    0,    0,    0,    0,    0,    0,    0,    0,    0,    0,  -10,    0,
       0,    0,    0,    0,    0,    0,    0,    0,    0,    0,    0,    0,    0,    0,    0,    0,    0,    0,    0,    0,    0,    0,    0,    0,    0,    0,    0,    0,    0,    0,    0,    0,    0,    0,    0,    0,    0,    0,    0,    0,    0,    0,    0,    0,    0,    0,    0,    0,    0,    0,    0,    0,    0,    0,    0,    0,    0,    0,    0,    0,    0,    0,    0,    0,    0,    0,    0,    0,    0,    0,    0,    0,    0,    0,    0,    0,    0,    0,    0,    0,    0,    0,    0,    0,    0,    0,    0,    0,    0,    0,    0,    0,    0,    0,    0,    0,    0,    0,    0,    0,    0,    0,    0,    0,    0,    0,    0,    0,    0,    0,    0,    0,    0,    0,    0,    0,    0,    0,    0,    0,    0,    0,    0,    0,    0,    0,    0,    0,    0,    0,    0,    0,    0,    0,    0,    0,    0,    0,    0,    0,    0,    0,    0,    0,    0,    0,    0,    0,    0,    0,    0,    0,    0,    0,    0,    0,    0,    0,    0,    0,    0,    0,    0,    0,    0,    0,    0,    0,    0,    0,    0,    0,  -13,  -13,    0,  -13,    0,    0,    0,    0,    0,    0,    0,    0,    0,    0,    0,    0,    0,    0,    0,    0,    0,    0,    0,    0,    0,    0,    0,    0,    0,    0,    0,    0,    0,    0,    0,    0,    0,    0,    0,    0,    0,    0,    0,    0,    0,    0,    0,    0,    0,    0,    0,    0,    0,    0,    0,    0,    0,    0,    0,    0,    0,    0,    0,    0,    0,    0,    0,    0,    0,    0,    0,    0,    0,    0,    0,    0,    0,    0,    0,  -10,    0,
       0,    0,    0,    0,    0,    0,    0,    0,    0,    0,    0,    0,    0,    0,    0,    0,    0,    0,    0,    0,    0,    0,    0,    0,    0,    0,    0,    0,    0,    0,    0,    0,    0,    0,    0,    0,    0,    0,    0,    0,    0,    0,    0,    0,    0,    0,    0,    0,    0,    0,    0,    0,    0,    0,    0,    0,    0,    0,    0,    0,    0,    0,    0,    0,    0,    0,    0,    0,    0,    0,    0,    0,    0,    0,    0,    0,    0,    0,    0,    0,    0,    0,    0,    0,    0,    0,    0,    0,    0,    0,    0,    0,    0,    0,    0,    0,    0,    0,    0,    0,    0,    0,    0,    0,    0,    0,    0,    0,    0,    0,    0,    0,    0,    0,    0,    0,    0,    0,    0,    0,    0,    0,    0,    0,    0,    0,    0,    0,    0,    0,    0,    0,    0,    0,    0,    0,    0,    0,    0,    0,    0,    0,    0,    0,    0,    0,    0,    0,    0,    0,    0,    0,    0,    0,    0,    0,    0,    0,    0,    0,    0,    0,    0,    0,    0,    0,    0,    0,    0,    0,    0,    0,  -13,  -13,  -13,  -13,    0,    0,    0,    0,    0,    0,    0,    0,    0,    0,    0,    0,    0,    0,    0,    0,    0,    0,    0,    0,    0,    0,    0,    0,    0,    0,    0,    0,    0,    0,    0,    0,    0,    0,    0,    0,    0,    0,    0,    0,    0,    0,    0,    0,    0,    0,    0,    0,    0,    0,    0,    0,    0,    0,    0,    0,    0,    0,    0,    0,    0,    0,    0,    0,    0,    0,    0,    0,    0,    0,    0,    0,    0,    0,    0,  -10,    0,
       0,    0,    0,    0,    0,    0,    0,    0,    0,    0,    0,    0,    0,    0,    0,    0,    0,    0,    0,    0,    0,    0,    0,    0,    0,    0,    0,    0,    0,    0,    0,    0,    0,    0,    0,    0,    0,    0,    0,    0,    0,    0,    0,    0,    0,    0,    0,    0,    0,    0,    0,    0,    0,    0,    0,    0,    0,    0,    0,    0,    0,    0,    0,    0,    0,    0,    0,    0,    0,    0,    0,    0,    0,    0,    0,    0,    0,    0,    0,    0,    0,    0,    0,    0,    0,    0,    0,    0,    0,    0,    0,    0,    0,    0,    0,    0,    0,    0,    0,    0,    0,    0,    0,    0,    0,    0,    0,    0,    0,    0,    0,    0,    0,    0,    0,    0,    0,    0,    0,    0,    0,    0,    0,    0,    0,    0,    0,    0,    0,    0,    0,    0,    0,    0,    0,    0,    0,    0,    0,    0,    0,    0,    0,    0,    0,    0,    0,    0,    0,    0,    0,    0,    0,    0,    0,    0,    0,    0,    0,    0,    0,    0,    0,    0,    0,    0,    0,    0,    0,    0,    0,    0,    0,    0,    0,    0,    0,    0,    0,    0,    0,    0,    0,    3,    0,    0,    0,    0,    0,    0,    0,    0,    0,    0,    0,    0,    0,    0,    0,    0,    0,    0,    0,    0,    0,    0,    0,    0,    0,    0,    0,    0,    0,    0,    0,    0,    0,    0,    0,    0,    0,    0,    0,    0,    0,    0,    0,    0,    0,    0,    0,    0,    0,    0,    0,    0,    0,    0,    0,    0,    0,    0,    0,    0,    0,    0,    0,    0,    0,    0,    0,    0,    0,
       0,    0,    0,    0,    0,    0,    0,    0,    0,    0,    0,    0,    0,    0,    0,    0,    0,    0,    0,    0,    0,    0,    0,    0,    0,    0,    0,    0,    0,    0,    0,    0,    0,    0,    0,    0,    0,    0,    0,    0,    0,    0,    0,    0,    0,    0,    0,    0,    0,    0,    0,    0,    0,    0,    0,    0,    0,    0,    0,    0,    0,    0,    0,    0,    0,    0,    0,    0,    0,    0,    0,    0,    0,    0,    0,    0,    0,    0,    0,    0,    0,    0,    0,    0,    0,    0,    0,    0,    0,    0,    0,    0,    0,    0,    0,    0,    0,    0,    0,    0,    0,    0,    0,    0,    0,    0,    0,    0,    0,    0,    0,    0,    0,    0,    0,    0,    0,    0,    0,    0,    0,    0,    0,    0,    0,    0,    0,    0,    0,    0,    0,    0,    0,    0,    0,    0,    0,    0,    0,    0,    0,    0,    0,    0,    0,    0,    0,    0,    0,    0,    0,    0,    0,    0,    0,    0,    0,    0,    0,    0,    0,    0,    0,  -10,    0,    0,    0,    0,    0,  -13,    0,    0,    0,    0,    0,    0,    0,    0,    0,    0,    0,    0,    0,    0,    0,    0,    0,    0,    0,    0,    0,    0,    0,    0,    0,    0,    0,    0,    0,    0,    0,    0,    0,    0,    0,    0,    0,    0,    0,    0,    0,    0,    0,    0,    0,    0,    0,    0,    0,    0,    0,    0,    0,    0,    0,    0,    0,    0,    0,    0,    0,    0,    0,    0,    0,    0,    0,    0,    0,    0,    0,    0,    0,    0,    0,    0,    0,    0,    0,    0,    0,  -17,  -13,
       0,    0,    0,    0,    0,    0,    0,    0,    0,    0,    0,    0,    0,    0,    0,    0,    0,    0,    0,    0,    0,    0,    0,    0,    0,    0,    0,    0,    0,    0,    0,    0,    0,    0,    0,    0,    0,    0,    0,    0,    0,    0,    0,    0,    0,    0,    0,    0,    0,    0,    0,    0,    0,    0,    0,    0,    0,    0,    0,    0,    0,    0,    0,    0,    0,    0,    0,    0,    0,    0,    0,    0,    0,    0,    0,    0,    0,    0,    0,    0,    0,    0,    0,    0,    0,    0,    0,    0,    0,    0,    0,    0,    0,    0,    0,    0,    0,    0,    0,    0,    0,    0,    0,    0,    0,    0,    0,    0,    0,    0,    0,    0,    0,    0,    0,    0,    0,    0,    0,    0,    0,    0,    0,    0,    0,    0,    0,    0,    0,    0,    0,    0,    0,    0,    0,    0,    0,    0,    0,    0,    0,    0,    0,    0,    0,    0,    0,    0,    0,    0,    0,    0,    0,    0,    0,    0,    0,    0,    0,    0,    0,    0,    0,    0,    0,    0,    0,    0,    0,    0,    0,    0,    0,    0,    0,    0,    0,    0,    0,    0,    0,    0,    0,    0,    0,    0,    0,    0,    0,    0,    0,    0,    0,    0,    0,    0,    0,    0,    0,    0,    0,    0,    0,    0,    0,    0,    0,    0,    0,    0,    0,    0,    0,    0,    0,    0,    0,    0,    0,    0,    0,    0,    0,    0,    0,    0,    0,    0,    0,    0,    0,    0,    0,    0,    0,    0,    0,    0,    0,    0,    0,    0,    0,    0,    0,    0,    0,    0,    0,    0,    0,  -13,  -13,
       0,    0,    0,    0,    0,    0,    0,    0,    0,    0,    0,    0,    0,    0,    0,    0,    0,    0,    0,    0,    0,    0,    0,    0,    0,    0,    0,    0,    0,    0,    0,    0,    0,    0,    0,    0,    0,    0,    0,    0,    0,    0,    0,    0,    0,    0,    0,    0,    0,    0,    0,    0,    0,    0,    0,    0,    0,    0,    0,    0,    0,    0,    0,    0,    0,    0,    0,    0,    0,    0,    0,    0,    0,    0,    0,    0,    0,    0,    0,    0,    0,    0,    0,    0,    0,    0,    0,    0,    0,    0,    0,    0,    0,    0,    0,    0,    0,    0,    0,    0,    0,    0,    0,    0,    0,    0,    0,    0,    0,    0,    0,    0,    0,    0,    0,    0,    0,    0,    0,    0,    0,    0,    0,    0,    0,    0,    0,    0,    0,    0,    0,    0,    0,    0,    0,    0,    0,    0,    0,    0,    0,    0,    0,    0,    0,    0,    0,    0,   -7,    0,  -10,    0,    0,    0,    0,    0,    0,    0,    0,    0,    0,    0,    0,    0,   -7,    0,    0,    0,    0,    0,  -13,    0,  -13,  -13,   -7,   -7,    0,    0,    0,    0,    0,    0,    0,    0,    0,    0,    0,    0,    0,    0,    0,    0,    0,    0,    0,    0,    0,    0,    0,    0,    0,    0,    0,    0,    0,    0,    0,    0,    0,    0,    0,    0,    0,    0,    0,    0,    0,    0,    0,    0,    0,    0,    0,    0,    0,    0,    0,    0,    0,    0,    0,    0,    0,    0,    0,    0,    0,    0,    0,    0,    0,    0,    0,    0,    0,    0,    0,    0,    0,    0,    0,  -13,  -10,
       0,    0,    0,    0,    0,    0,    0,    0,    0,    0,    0,    0,    0,    0,    0,    0,    0,    0,    0,    0,    0,    0,    0,    0,    0,    0,    0,    0,    0,    0,    0,    0,    0,    0,    0,    0,    0,    0,    0,    0,    0,    0,    0,    0,    0,    0,    0,    0,    0,    0,    0,    0,    0,    0,    0,    0,    0,    0,    0,    0,    0,    0,    0,    0,    0,    0,    0,    0,    0,    0,    0,    0,    0,    0,    0,    0,    0,    0,    0,    0,    0,    0,    0,    0,    0,    0,    0,    0,    0,    0,    0,    0,    0,    0,    0,    0,    0,    0,    0,    0,    0,    0,    0,    0,    0,    0,    0,    0,    0,    0,    0,    0,    0,    0,    0,    0,    0,    0,    0,    0,    0,    0,    0,    0,    0,    0,    0,    0,    0,    0,    0,    0,    0,    0,    0,    0,    0,    0,    0,    0,    0,    0,    0,    0,    0,    0,    0,    0,    0,    0,    0,    0,    0,    0,    0,    0,    0,    0,    0,    0,    0,    0,    0,    0,    0,    0,    0,    0,    0,    0,    0,    0,    0,    0,    0,    0,    0,    0,    0,    0,    0,    0,    0,    0,    0,    0,    0,    0,    0,    0,    0,    0,    0,    0,    0,    0,    0,    0,    0,    0,    0,    0,    0,    0,    0,    0,    0,    0,    0,    0,    0,    0,    0,    0,    0,    0,    0,    0,    0,    0,    0,    0,    0,    0,    0,    0,    0,    0,    0,    0,    0,    0,    0,    0,    0,    0,    0,    0,    0,    0,    0,    0,    0,    0,    0,    0,    0,    0,    0,    0,    0,  -17,    0,
       0,    0,    0,    0,    0,    0,    0,    0,    0,    0,    0,    0,    0,    0,    0,    0,    0,    0,    0,    0,    0,    0,    0,    0,    0,    0,    0,    0,    0,    0,    0,    0,    0,    0,    0,    0,    0,    0,    0,    0,    0,    0,    0,    0,    0,    0,    0,    0,    0,    0,    0,    0,    0,    0,    0,    0,    0,    0,    0,    0,    0,    0,    0,    0,    0,    0,    0,    0,    0,    0,    0,    0,    0,    0,    0,    0,    0,    0,    0,    0,    0,    0,    0,    0,    0,    0,    0,    0,    0,    0,    0,    0,    0,    0,    0,    0,    0,    0,    0,    0,    0,    0,    0,    0,    0,    0,    0,    0,    0,    0,    0,    0,    0,    0,    0,    0,    0,    0,    0,    0,    0,    0,    0,    0,    0,    0,    0,    0,    0,    0,    0,    0,    0,    0,    0,    0,    0,    0,    0,    0,    0,    0,    0,    0,    0,    0,    0,    0,    0,    0,    0,    0,    0,    0,    0,    0,    0,    0,    0,    0,    0,    0,    0,    0,    0,    0,    0,    0,    0,    0,    0,    0,    0,    0,    0,    0,    0,    0,    0,    0,    0,   -7,  -10,  -10,    0,    0,    0,    0,    0,    0,    0,    0,    0,    0,    0,    0,    0,    0,    0,    0,    0,    0,    0,    0,    0,    0,    0,    0,    0,    0,    0,    0,    0,    0,    0,    0,    0,    0,    0,    0,    0,    0,    0,    0,    0,    0,    0,    0,    0,    0,    0,    0,    0,    0,    0,    0,    0,    0,    0,    0,    0,    0,    0,    0,    0,    0,    0,    0,    0,    0,    0,  -17,  -10,
       0,    0,    0,    0,    0,    0,    0,    0,    0,    0,    0,    0,    0,    0,    0,    0,    0,    0,    0,    0,    0,    0,    0,    0,    0,    0,    0,    0,    0,    0,    0,    0,    0,    0,    0,    0,    0,    0,    0,    0,    0,    0,    0,    0,    0,    0,    0,    0,    0,    0,    0,    0,    0,    0,    0,    0,    0,    0,    0,    0,    0,    0,    0,    0,    0,    0,    0,    0,    0,    0,    0,    0,    0,    0,    0,    0,    0,    0,    0,    0,    0,    0,    0,    0,    0,    0,    0,    0,    0,    0,    0,    0,    0,    0,    0,    0,    0,    0,    0,    0,    0,    0,    0,    0,    0,    0,    0,    0,    0,    0,    0,    0,    0,    0,    0,    0,    0,    0,    0,    0,    0,    0,    0,    0,    0,    0,    0,    0,    0,    0,    0,    0,    0,    0,    0,    0,    0,    0,    0,    0,    0,    0,    0,    0,    0,    0,    0,    0,    0,  -13,    0,    0,    0,    0,    0,    0,    0,    0,    0,    0,    0,    0,    0,    0,    0,    0,    0,    0,    0,  -10,    0,    0,    0,    0,    0,    0,    0,    0,    0,    0,    0,    0,    0,    0,    0,    0,    0,    0,    0,    0,    0,    0,    0,   -7,  -10,    0,    0,    0,    0,    0,    0,    0,    0,    0,    0,    0,    0,    0,    0,    0,    0,    0,    0,    0,    0,    0,    0,    0,    0,    0,    0,    0,    0,    0,    0,    0,    0,    0,    0,    0,    0,    0,    0,    0,    0,    0,    0,    0,    0,    0,    0,    0,    0,    0,    0,    0,    0,    0,    0,    0,    0,    0,    0,
       0,    0,    0,    0,    0,    0,    0,    0,    0,    0,    0,    0,    0,    0,    0,    0,    0,    0,    0,    0,    0,    0,    0,    0,    0,    0,    0,    0,    0,    0,    0,    0,    0,    0,    0,    0,    0,    0,    0,    0,    0,    0,    0,    0,    0,    0,    0,    0,    0,    0,    0,    0,    0,    0,    0,    0,    0,    0,    0,    0,    0,    0,    0,    0,    0,    0,    0,    0,    0,    0,    0,    0,    0,    0,    0,    0,    0,    0,    0,    0,    0,    0,    0,    0,    0,    0,    0,    0,    0,    0,    0,    0,    0,    0,    0,    0,    0,    0,    0,    0,    0,    0,    0,    0,    0,    0,    0,    0,    0,    0,    0,    0,    0,    0,    0,    0,    0,    0,    0,    0,    0,    0,    0,    0,    0,    0,    0,    0,    0,    0,    0,    0,    0,    0,    0,    0,    0,    0,    0,    0,    0,    0,    0,    0,    0,    0,    0,    0,    0,    0,    0,    0,    0,    0,    0,    0,    0,    0,    0,    0,    0,   -7,   -7,   -7,    0,    0,    0,    0,    0,    0,    0,    0,  -10,  -10,    0,    0,    0,    0,    0,    0,    0,    0,    0,    0,    0,    0,    0,    0,    0,    0,    0,    0,    0,    0,    0,    0,    0,    0,    0,    0,    0,    0,    0,    0,    0,    0,    0,    0,    0,    0,    0,    0,    0,    0,    0,    0,    0,    0,    0,    0,    0,    0,    0,    0,    0,    0,    0,    0,    0,    0,    0,    0,    0,    0,    0,    0,    0,    0,    0,    0,    0,    0,    0,    0,    0,    0,    0,    0,    0,    0,    0,  -10,    0,
       0,    0,    0,    0,    0,    0,    0,    0,    0,    0,    0,    0,    0,    0,    0,    0,    0,    0,    0,    0,    0,    0,    0,    0,    0,    0,    0,    0,    0,    0,    0,    0,    0,    0,    0,    0,    0,    0,    0,    0,    0,    0,    0,    0,    0,    0,    0,    0,    0,    0,    0,    0,    0,    0,    0,    0,    0,    0,    0,    0,    0,    0,    0,    0,    0,    0,    0,    0,    0,    0,    0,    0,    0,    0,    0,    0,    0,    0,    0,    0,    0,    0,    0,    0,    0,    0,    0,    0,    0,    0,    0,    0,    0,    0,    0,    0,    0,    0,    0,    0,    0,    0,    0,    0,    0,    0,    0,    0,    0,    0,    0,    0,    0,    0,    0,    0,    0,    0,    0,    0,    0,    0,    0,    0,    0,    0,    0,    0,    0,    0,    0,    0,    0,    0,    0,    0,    0,    0,    0,    0,    0,    0,    0,    0,    0,    0,    0,    0,    0,    0,    0,    0,    0,    0,    0,    0,    0,    0,    0,    0,    0,    0,    0,    0,    0,    0,    0,    0,    0,    0,    3,    0,    0,    0,    0,    0,    0,    0,    0,    0,    0,    0,    0,    0,    0,    0,    0,    0,    0,    0,    0,    0,    0,    0,    0,    0,    0,    0,    0,    0,    0,    0,    0,    0,    0,    0,    0,    0,    0,    0,    0,    0,    0,    0,    0,    0,    0,    0,    0,    0,    0,    0,    0,    0,    0,    0,    0,    0,    0,    0,    0,    0,    0,    0,    0,    0,    0,    0,    0,    0,    0,    0,    0,    0,    0,    0,    0,    0,    0,    0,    0,  -23,  -13,
       0,    0,    0,    0,    0,    0,    0,    0,    0,    0,    0,    0,    0,    0,    0,    0,    0,    0,    0,    0,    0,    0,    0,    0,    0,    0,    0,    0,    0,    0,    0,    0,    0,    0,    0,    0,    0,    0,    0,    0,    0,    0,    0,    0,    0,    0,    0,    0,    0,    0,    0,    0,    0,    0,    0,    0,    0,    0,    0,    0,    0,    0,    0,    0,    0,    0,    0,    0,    0,    0,    0,    0,    0,    0,    0,    0,    0,    0,    0,    0,    0,    0,    0,    0,    0,    0,    0,    0,    0,    0,    0,    0,    0,    0,    0,    0,    0,    0,    0,    0,    0,    0,    0,    0,    0,    0,    0,    0,    0,    0,    0,    0,    0,    0,    0,    0,    0,    0,    0,    0,    0,    0,    0,    0,    0,    0,    0,    0,    0,    0,    0,    0,    0,    0,    0,    0,    0,    0,    0,    0,    0,    0,    0,    0,    0,    0,    0,    0,    0,    0,    0,    0,    0,    0,    0,    0,    0,    0,    0,    0,    0,    0,    0,    0,    0,    0,    0,    0,    0,    0,  -13,  -13,    0,    0,    0,    0,    0,    0,    0,    0,    0,    0,    0,    0,    0,    0,    0,    0,    0,    0,    0,    0,    0,    0,    0,    0,    0,    0,    0,    0,    0,    0,    0,    0,    0,    0,    0,    0,    0,    0,    0,    0,    0,    0,    0,    0,    0,    0,    0,    0,   -7,    0,    0,    0,    0,    0,    0,    0,    0,    0,    0,    0,    0,    0,    0,    0,    0,  -13,    0,    0,    0,    0,    0,    0,    0,    0,    0,    0,    0,    0,    0,    0,    0,
       0,    0,    0,    0,    0,    0,    0,    0,    0,    0,    0,    0,    0,    0,    0,    0,    0,    0,    0,    0,    0,    0,    0,    0,    0,    0,    0,    0,    0,    0,    0,    0,    0,    0,    0,    0,    0,    0,    0,    0,    0,    0,    0,    0,    0,    0,    0,    0,    0,    0,    0,    0,    0,    0,    0,    0,    0,    0,    0,    0,    0,    0,    0,    0,    0,    0,    0,    0,    0,    0,    0,    0,    0,    0,    0,    0,    0,    0,    0,    0,    0,    0,    0,    0,    0,    0,    0,    0,    0,    0,    0,    0,    0,    0,    0,    0,    0,    0,    0,    0,    0,    0,    0,    0,    0,    0,    0,    0,    0,    0,    0,    0,    0,    0,    0,    0,    0,    0,    0,    0,    0,    0,    0,    0,    0,    0,    0,    0,    0,    0,    0,    0,    0,    0,    0,    0,    0,    0,    0,    0,    0,    0,    0,    0,    0,    0,    0,    0,    0,    0,    0,    0,    0,    0,    0,    0,    0,    0,    0,    0,    0,    0,    0,    0,    0,    0,    0,    0,    0,    0,   -7,   -7,  -10,  -10,    0,    0,    0,    0,    0,    0,    0,    3,    3,    3,    0,    0,    0,    0,    0,    0,    0,    0,    0,    0,    0,    0,    0,    0,    0,    0,    0,    0,    0,    0,    0,    0,    0,    0,    0,    0,    0,    0,    0,    0,    0,    0,    0,    0,    0,    0,    0,    0,    0,    0,    0,    0,    0,    0,    0,    0,    0,    0,    0,    0,    0,    0,    0,    0,    0,    0,    0,    0,    0,    0,    0,    0,    0,    0,    0,    0,    0,    0,    0,
       0,    0,    0,    0,    0,    0,    0,    0,    0,    0,    0,    0,    0,    0,    0,    0,    0,    0,    0,    0,    0,    0,    0,    0,    0,    0,    0,    0,    0,    0,    0,    0,    0,    0,    0,    0,    0,    0,    0,    0,    0,    0,    0,    0,    0,    0,    0,    0,    0,    0,    0,    0,    0,    0,    0,    0,    0,    0,    0,    0,    0,    0,    0,    0,    0,    0,    0,    0,    0,    0,    0,    0,    0,    0,    0,    0,    0,    0,    0,    0,    0,    0,    0,    0,    0,    0,    0,    0,    0,    0,    0,    0,    0,    0,    0,    0,    0,    0,    0,    0,    0,    0,    0,    0,    0,    0,    0,    0,    0,    0,    0,    0,    0,    0,    0,    0,    0,    0,    0,    0,    0,    0,    0,    0,    0,    0,    0,    0,    0,    0,    0,    0,    0,    0,    0,    0,    0,    0,    0,    0,    0,    0,    0,    0,    0,    0,    0,    0,    0,    0,    0,    0,    0,    0,    0,    0,    0,    0,    0,    0,    0,    0,    0,    0,    0,    0,    0,    0,    0,    0,    0,    0,    0,    0,    0,    0,    0,    0,    0,    0,    0,    0,    0,    0,    0,    0,    0,    0,    0,    0,    0,    0,    0,    0,    0,  -17,    0,    0,    0,    0,    0,    0,    0,    0,    0,    0,    0,    0,    0,    0,    0,    0,    0,    0,    0,    0,    0,    0,    0,    0,    0,    0,    0,    0,    0,    0,    0,    0,    0,    0,    0,    0,    0,    0,    0,    0,    0,    0,    0,    0,    0,    0,    0,    0,    0,    0,    0,    0,    0,    0,    0,    0,    0,
       0,    0,    0,    0,    0,    0,    0,    0,    0,    0,    0,    0,    0,    0,    0,    0,    0,    0,    0,    0,    0,    0,    0,    0,    0,    0,    0,    0,    0,    0,    0,    0,    0,    0,    0,    0,    0,    0,    0,    0,    0,    0,    0,    0,    0,    0,    0,    0,    0,    0,    0,    0,    0,    0,    0,    0,    0,    0,    0,    0,    0,    0,    0,    0,    0,    0,    0,    0,    0,    0,    0,    0,    0,    0,    0,    0,    0,    0,    0,    0,    0,    0,    0,    0,    0,    0,    0,    0,    0,    0,    0,    0,    0,    0,    0,    0,    0,    0,    0,    0,    0,    0,    0,    0,    0,    0,    0,    0,    0,    0,    0,    0,    0,    0,    0,    0,    0,    0,    0,    0,    0,    0,    0,    0,    0,    0,    0,    0,    0,    0,    0,    0,    0,    0,    0,    0,    0,    0,    0,    0,    0,    0,    0,    0,    0,    0,    0,    0,    0,    0,    0,    0,    0,    0,    0,    0,    0,    0,    0,    0,    0,   -7,    0,    0,    0,    0,    0,    0,    0,    0,    0,    0,  -17,  -17,    0,  -10,    0,    0,    0,    0,    0,    0,    0,    0,    0,    0,    0,    0,    0,    0,    0,    0,    0,    0,    0,    0,    0,    0,    0,    0,    0,    0,    0,    0,    0,    0,    0,    0,    0,    0,    0,    0,    0,    0,    0,    0,    0,    0,    0,    0,    0,    0,    0,    0,    0,    0,    0,    0,    0,    0,    0,    0,    0,    0,    0,    0,    0,    0,    0,    0,    0,    0,    0,    0,    0,    0,    0,    0,    0,    0,    0,    0,    0,
       0,    0,    0,    0,    0,    0,    0,    0,    0,    0,    0,    0,    0,    0,    0,    0,    0,    0,    0,    0,    0,    0,    0,    0,    0,    0,    0,    0,    0,    0,    0,    0,    0,    0,    0,    0,    0,    0,    0,    0,    0,    0,    0,    0,    0,    0,    0,    0,    0,    0,    0,    0,    0,    0,    0,    0,    0,    0,    0,    0,    0,    0,    0,    0,    0,    0,    0,    0,    0,    0,    0,    0,    0,    0,    0,    0,    0,    0,    0,    0,    0,    0,    0,    0,    0,    0,    0,    0,    0,    0,    0,    0,    0,    0,    0,    0,    0,    0,    0,    0,    0,    0,    0,    0,    0,    0,    0,    0,    0,    0,    0,    0,    0,    0,    0,    0,    0,    0,    0,    0,    0,    0,    0,    0,    0,    0,    0,    0,    0,    0,    0,    0,    0,    0,    0,    0,    0,    0,    0,    0,    0,    0,    0,    0,    0,    0,    0,    0,    0,    0,    0,    0,    0,    0,    0,    0,    0,    0,    0,    0,    0,    0,    0,    0,    0,    0,    0,    0,    0,    0,    0,    0,    0,    0,   -7,  -10,    0,    0,    0,    0,    0,  -10,   -7,   -7,    0,    0,    0,    0,    0,    0,    0,    0,    0,    0,    0,    0,    0,    0,    0,    0,  -17,    0,    0,    0,    0,    0,  -17,  -17,    0,    0,    0,    0,  -13,    0,    0,   -7,    0,    0,    0,    0,    0,    0,    0,    0,    0,   -7,    0,  -30,  -13,  -13,   -7,    0,    0,    0,   -7,   -7,   -7,    0,   -7,  -23,  -17,    0,    0,    0,    0,    0,   -3,    0,  -13,    0,  -20,  -33,  -33,
       0,    0,    0,    0,    0,    0,    0,    0,    0,    0,    0,    0,    0,    0,    0,    0,    0,    0,    0,    0,    0,    0,    0,    0,    0,    0,    0,    0,    0,    0,    0,    0,    0,    0,    0,    0,    0,    0,    0,    0,    0,    0,    0,    0,    0,    0,    0,    0,    0,    0,    0,    0,    0,    0,    0,    0,    0,    0,    0,    0,    0,    0,    0,    0,    0,    0,    0,    0,    0,    0,    0,    0,    0,    0,    0,    0,    0,    0,    0,    0,    0,    0,    0,    0,    0,    0,    0,    0,    0,    0,    0,    0,    0,    0,    0,    0,    0,    0,    0,    0,    0,    0,    0,    0,    0,    0,    0,    0,    0,    0,    0,    0,    0,    0,    0,    0,    0,    0,    0,    0,    0,    0,    0,    0,    0,    0,    0,    0,    0,    0,    0,    0,    0,    0,    0,    0,    0,    0,    0,    0,    0,    0,    0,    0,    0,    0,    0,    0,    0,    0,    0,    0,    0,    0,    0,    0,    0,    0,    0,    0,    0,    0,    0,    0,    0,    0,    0,    0,    0,    0,    0,    0,    0,    0,    0,    0,    0,    0,    0,    0,    0,   -3,   -3,   -3,    0,    0,    0,    0,    0,    0,    0,    0,    0,    0,    0,    0,    0,    0,    0,    0,    0,    0,    0,   -3,    0,    0,   -7,   -7,    0,    0,    0,    0,    0,  -10,  -10,    0,    0,    0,  -13,  -13,    0,   -7,    0,    0,    0,   -7,    0,    0,   -7,   -7,   -7,    0,    0,    0,    0,    0,    0,    0,    0,   -7,    0,    0,  -10,    0,   -7,    0,    0,    0,    0,    0,    0,    0,    0,
       0,    0,    0,    0,    0,    0,    0,    0,    0,    0,    0,    0,    0,    0,    0,    0,    0,    0,    0,    0,    0,    0,    0,    0,    0,    0,    0,    0,    0,    0,    0,    0,    0,    0,    0,    0,    0,    0,    0,    0,    0,    0,    0,    0,    0,    0,    0,    0,    0,    0,    0,    0,    0,    0,    0,    0,    0,    0,    0,    0,    0,    0,    0,    0,    0,    0,    0,    0,    0,    0,    0,    0,    0,    0,    0,    0,    0,    0,    0,    0,    0,    0,    0,    0,    0,    0,    0,    0,    0,    0,    0,    0,    0,    0,    0,    0,    0,    0,    0,    0,    0,    0,    0,    0,    0,    0,    0,    0,    0,    0,    0,    0,    0,    0,    0,    0,    0,    0,    0,    0,    0,    0,    0,    0,    0,    0,    0,    0,    0,    0,    0,    0,    0,    0,    0,    0,    0,    0,    0,    0,    0,    0,    0,    0,    0,    0,    0,    0,    0,    0,    0,    0,    0,    0,    0,    0,    0,    0,    0,    0,    0,    0,    0,    0,    0,    0,    0,    0,    0,    0,    0,    0,    0,    0,    0,    0,    0,    0,    0,    0,    0,    0,    0,    0,    0,    0,    0,    0,    0,    0,    0,    0,    0,    0,    0,    0,    0,    0,    0,    0,    0,    0,    0,    0,    0,    0,   -7,   -7,    0,    0,    0,    0,    0,    0,    0,    0,    0,    0,    0,    0,    0,    0,    0,    0,    0,    0,    0,    0,    0,    0,    0,    0,    0,    0,    0,    0,    0,    0,    0,  -10,    0,    0,    0,    0,    0,    0,    0,    0,    0,    0,    0,  -17,  -13,
       0,    0,    0,    0,    0,    0,    0,    0,    0,    0,    0,    0,    0,    0,    0,    0,    0,    0,    0,    0,    0,    0,    0,    0,    0,    0,    0,    0,    0,    0,    0,    0,    0,    0,    0,    0,    0,    0,    0,    0,    0,    0,    0,    0,    0,    0,    0,    0,    0,    0,    0,    0,    0,    0,    0,    0,    0,    0,    0,    0,    0,    0,    0,    0,    0,    0,    0,    0,    0,    0,    0,    0,    0,    0,    0,    0,    0,    0,    0,    0,    0,    0,    0,    0,    0,    0,    0,    0,    0,    0,    0,    0,    0,    0,    0,    0,    0,    0,    0,    0,    0,    0,    0,    0,    0,    0,    0,    0,    0,    0,    0,    0,    0,    0,    0,    0,    0,    0,    0,    0,    0,    0,    0,    0,    0,    0,    0,    0,    0,    0,    0,    0,    0,    0,    0,    0,    0,    0,    0,    0,    0,    0,    0,    0,    0,    0,    0,    0,    0,    0,    0,    0,    0,    0,    0,    0,    0,    0,    0,    0,    0,    0,    0,    0,    0,    0,    0,    0,    0,    0,    0,    0,    0,    0,    0,    0,    0,    0,    0,    0,    0,    0,    0,    0,    0,    0,    0,    0,    0,    0,    0,    0,    0,    0,    0,    0,    0,    0,    0,    0,    0,    0,    0,    0,    0,    0,    0,    0,    0,    0,    0,    0,    0,    0,    0,    0,    0,    0,    0,    0,    0,    0,    0,    0,    0,    0,    0,    0,    0,    0,    0,    0,    0,    0,    0,    0,    0,    0,    0,    0,    0,    0,    0,    0,    0,    0,    0,    0,    0,    0,    0,  -10,    0,
       0,    0,    0,    0,    0,    0,    0,    0,    0,    0,    0,    0,    0,    0,    0,    0,    0,    0,    0,    0,    0,    0,    0,    0,    0,    0,    0,    0,    0,    0,    0,    0,    0,    0,    0,    0,    0,    0,    0,    0,    0,    0,    0,    0,    0,    0,    0,    0,    0,    0,    0,    0,    0,    0,    0,    0,    0,    0,    0,    0,    0,    0,    0,    0,    0,    0,    0,    0,    0,    0,    0,    0,    0,    0,    0,    0,    0,    0,    0,    0,    0,    0,    0,    0,    0,    0,    0,    0,    0,    0,    0,    0,    0,    0,    0,    0,    0,    0,    0,    0,    0,    0,    0,    0,    0,    0,    0,    0,    0,    0,    0,    0,    0,    0,    0,    0,    0,    0,    0,    0,    0,    0,    0,    0,    0,    0,    0,    0,    0,    0,    0,    0,    0,    0,    0,    0,    0,    0,    0,    0,    0,    0,    0,    0,    0,    0,    0,    0,    0,    0,    0,    0,    0,    0,    0,    0,    0,    0,    0,    0,    0,    0,    0,    0,    0,    0,    0,    0,    0,    0,    0,    0,    0,    0,    0,    0,    0,    0,    0,    0,    0,    0,    0,    0,    0,    0,    0,    0,    0,    0,    0,    0,    0,    0,    0,    0,    0,    0,    0,    0,    0,    0,    0,    0,    0,    0,    0,    0,    0,    0,    0,    0,    0,  -10,    0,    0,    0,    0,    0,    0,    0,    0,    0,    0,    0,    0,    0,  -23,    0,    0,    0,    0,    0,    0,    0,    0,    0,    0,    0,    0,    0,    0,    0,    0,    0,    0,    0,    0,  -10,    0,    0,  -10,  -10,
       0,    0,    0,    0,    0,    0,    0,    0,    0,    0,    0,    0,    0,    0,    0,    0,    0,    0,    0,    0,    0,    0,    0,    0,    0,    0,    0,    0,    0,    0,    0,    0,    0,    0,    0,    0,    0,    0,    0,    0,    0,    0,    0,    0,    0,    0,    0,    0,    0,    0,    0,    0,    0,    0,    0,    0,    0,    0,    0,    0,    0,    0,    0,    0,    0,    0,    0,    0,    0,    0,    0,    0,    0,    0,    0,    0,    0,    0,    0,    0,    0,    0,    0,    0,    0,    0,    0,    0,    0,    0,    0,    0,    0,    0,    0,    0,    0,    0,    0,    0,    0,    0,    0,    0,    0,    0,    0,    0,    0,    0,    0,    0,    0,    0,    0,    0,    0,    0,    0,    0,    0,    0,    0,    0,    0,    0,    0,    0,    0,    0,    0,    0,    0,    0,    0,    0,    0,    0,    0,    0,    0,    0,    0,    0,    0,    0,    0,    0,    0,    0,    0,    0,    0,    0,    0,    0,    0,    0,    0,    0,    0,    0,    0,    0,    0,    0,    0,    0,    0,    0,    0,    0,    0,    0,    0,    0,    0,    0,    0,    0,    0,    0,    0,    0,    0,    0,    0,    0,    0,    0,    0,    0,    0,    0,    0,    0,    0,    0,    0,    0,    0,    0,    0,    0,    0,    0,    0,    0,    0,    0,    0,    0,    0,    0,    0,    0,    0,    0,    0,    0,    0,    0,    0,    0,    0,    0,    0,  -13,    0,    0,    0,    0,    0,    0,    0,    0,    0,    0,    0,    0,    0,    0,    0,    0,    0,    0,    0,    0,    0,    0,    0,  -23,  -17,
       0,    0,    0,    0,    0,    0,    0,    0,    0,    0,    0,    0,    0,    0,    0,    0,    0,    0,    0,    0,    0,    0,    0,    0,    0,    0,    0,    0,    0,    0,    0,    0,    0,    0,    0,    0,    0,    0,    0,    0,    0,    0,    0,    0,    0,    0,    0,    0,    0,    0,    0,    0,    0,    0,    0,    0,    0,    0,    0,    0,    0,    0,    0,    0,    0,    0,    0,    0,    0,    0,    0,    0,    0,    0,    0,    0,    0,    0,    0,    0,    0,    0,    0,    0,    0,    0,    0,    0,    0,    0,    0,    0,    0,    0,    0,    0,    0,    0,    0,    0,    0,    0,    0,    0,    0,    0,    0,    0,    0,    0,    0,    0,    0,    0,    0,    0,    0,    0,    0,    0,    0,    0,    0,    0,    0,    0,    0,    0,    0,    0,    0,    0,    0,    0,    0,    0,    0,    0,    0,    0,    0,    0,    0,    0,    0,    0,    0,    0,    0,    0,    0,    0,    0,    0,    0,    0,    0,    0,    0,    0,    0,    0,    0,    0,    0,    0,    0,    0,    0,    0,    0,    0,    0,    0,    0,    0,    0,    0,    0,    0,    0,    0,    0,    0,    0,    0,    0,    0,    0,    0,    0,    0,    0,    0,    0,    0,    0,    0,    0,    0,    0,    0,   -3,    0,    0,    0,  -13,  -13,    0,    0,    0,    0,    0,  -10,   -7,    0,    0,    0,  -13,  -13,    0,    0,    0,    0,    0,    0,    0,  -20,  -17,  -17,  -17,    0,    0,    0,    0,    0,    0,    0,    0,  -27,  -13,    0,    0,    0,    0,    0,  -10,    0,    0,   -7,    0,  -30,  -17,
       0,    0,    0,    0,    0,    0,    0,    0,    0,    0,    0,    0,    0,    0,    0,    0,    0,    0,    0,    0,    0,    0,    0,    0,    0,    0,    0,    0,    0,    0,    0,    0,    0,    0,    0,    0,    0,    0,    0,    0,    0,    0,    0,    0,    0,    0,    0,    0,    0,    0,    0,    0,    0,    0,    0,    0,    0,    0,    0,    0,    0,    0,    0,    0,    0,    0,    0,    0,    0,    0,    0,    0,    0,    0,    0,    0,    0,    0,    0,    0,    0,    0,    0,    0,    0,    0,    0,    0,    0,    0,    0,    0,    0,    0,    0,    0,    0,    0,    0,    0,    0,    0,    0,    0,    0,    0,    0,    0,    0,    0,    0,    0,    0,    0,    0,    0,    0,    0,    0,    0,    0,    0,    0,    0,    0,    0,    0,    0,    0,    0,    0,    0,    0,    0,    0,    0,    0,    0,    0,    0,    0,    0,    0,    0,    0,    0,    0,    0,    0,    0,    0,    0,    0,    0,    0,    0,    0,    0,    0,    0,    0,    0,    0,    0,    0,    0,    0,    0,    0,    0,    0,    0,    0,    0,    0,    0,    0,    0,    0,    0,    0,    0,    0,    0,    0,    0,    0,    0,    0,    0,    0,    0,    0,    0,    0,    0,    0,    0,    0,    0,    0,    0,    0,    0,    0,    0,   -7,   -7,    0,    0,    0,    0,    0,    0,    0,    0,    0,    3,    0,    0,    0,    0,    0,    0,    0,    0,    0,   -7,    0,    0,    0,    0,    0,    0,    0,    0,    0,    0,    0,   -7,    0,    0,    0,    0,    0,    0,    0,    0,    0,    0,    0,  -23,  -17,
       0,    0,    0,    0,    0,    0,    0,    0,    0,    0,    0,    0,    0,    0,    0,    0,    0,    0,    0,    0,    0,    0,    0,    0,    0,    0,    0,    0,    0,    0,    0,    0,    0,    0,    0,    0,    0,    0,    0,    0,    0,    0,    0,    0,    0,    0,    0,    0,    0,    0,    0,    0,    0,    0,    0,    0,    0,    0,    0,    0,    0,    0,    0,    0,    0,    0,    0,    0,    0,    0,    0,    0,    0,    0,    0,    0,    0,    0,    0,    0,    0,    0,    0,    0,    0,    0,    0,    0,    0,    0,    0,    0,    0,    0,    0,    0,    0,    0,    0,    0,    0,    0,    0,    0,    0,    0,    0,    0,    0,    0,    0,    0,    0,    0,    0,    0,    0,    0,    0,    0,    0,    0,    0,    0,    0,    0,    0,    0,    0,    0,    0,    0,    0,    0,    0,    0,    0,    0,    0,    0,    0,    0,    0,    0,    0,    0,    0,    0,    0,    0,    0,    0,    0,    0,    0,    0,    0,    0,    0,    0,    0,    0,    0,    0,    0,    0,    0,    0,    0,    0,    0,    0,    0,    0,    0,    0,    0,    0,    0,    0,    0,    0,    0,    0,    0,    0,    0,    0,    0,    0,    0,    0,    0,    0,    0,    0,    0,    0,    0,    0,   -7,    0,    0,    0,    0,    0,    0,    0,    0,    0,    0,    0,    0,    0,    0,    0,    0,    0,    0,    0,    0,   -7,   -7,    0,    0,    0,    0,  -20,  -13,  -13,  -13,    0,    0,    0,  -10,  -10,  -10,    0,  -10,  -23,  -10,    0,    0,    0,    0,    0,    0,   -7,  -10,    0,    0,  -33,  -17,
       0,    0,    0,    0,    0,    0,    0,    0,    0,    0,    0,    0,    0,    0,    0,    0,    0,    0,    0,    0,    0,    0,    0,    0,    0,    0,    0,    0,    0,    0,    0,    0,    0,    0,    0,    0,    0,    0,    0,    0,    0,    0,    0,    0,    0,    0,    0,    0,    0,    0,    0,    0,    0,    0,    0,    0,    0,    0,    0,    0,    0,    0,    0,    0,    0,    0,    0,    0,    0,    0,    0,    0,    0,    0,    0,    0,    0,    0,    0,    0,    0,    0,    0,    0,    0,    0,    0,    0,    0,    0,    0,    0,    0,    0,    0,    0,    0,    0,    0,    0,    0,    0,    0,    0,    0,    0,    0,    0,    0,    0,    0,    0,    0,    0,    0,    0,    0,    0,    0,    0,    0,    0,    0,    0,    0,    0,    0,    0,    0,    0,    0,    0,    0,    0,    0,    0,    0,    0,    0,    0,    0,    0,    0,    0,    0,    0,    0,    0,    0,    0,    0,    0,    0,    0,    0,    0,    0,    0,    0,    0,    0,    0,    0,    0,    0,    0,    0,    0,    0,    0,    0,    0,    0,    0,    0,    0,    0,    0,    0,    0,    0,    0,    0,    0,    0,    0,    0,    0,    0,    0,    0,    0,    0,    0,    0,    0,    0,    0,    0,  -10,   -7,    0,   -7,    0,    0,    0,    0,    0,    0,    0,    0,    0,    0,    0,    0,    0,    0,    0,    0,    0,    0,    0,    0,    0,    0,    0,    0,  -10,   -7,   -7,   -7,    0,    0,    0,    0,    0,    0,    0,   -3,  -17,  -10,    0,    0,    0,    0,    0,    0,    0,    0,    0,    0,  -23,  -17,
       0,    0,    0,    0,    0,    0,    0,    0,    0,    0,    0,    0,    0,    0,    0,    0,    0,    0,    0,    0,    0,    0,    0,    0,    0,    0,    0,    0,    0,    0,    0,    0,    0,    0,    0,    0,    0,    0,    0,    0,    0,    0,    0,    0,    0,    0,    0,    0,    0,    0,    0,    0,    0,    0,    0,    0,    0,    0,    0,    0,    0,    0,    0,    0,    0,    0,    0,    0,    0,    0,    0,    0,    0,    0,    0,    0,    0,    0,    0,    0,    0,    0,    0,    0,    0,    0,    0,    0,    0,    0,    0,    0,    0,    0,    0,    0,    0,    0,    0,    0,    0,    0,    0,    0,    0,    0,    0,    0,    0,    0,    0,    0,    0,    0,    0,    0,    0,    0,    0,    0,    0,    0,    0,    0,    0,    0,    0,    0,    0,    0,    0,    0,    0,    0,    0,    0,    0,    0,    0,    0,    0,    0,    0,    0,    0,    0,    0,    0,    0,    0,    0,    0,    0,    0,    0,    0,    0,    0,    0,    0,    0,    0,    0,    0,    0,    0,    0,    0,    0,    0,    0,    0,    0,    0,    0,    0,    0,    0,    0,    0,    0,    0,    0,    0,    0,    0,    0,    0,    0,    0,    0,    0,    0,    0,    0,    0,    0,    0,    0,    0,    0,  -13,    0,    0,    0,    0,    0,    0,    0,    0,    0,    0,    0,    0,    0,    0,    0,    0,    0,    0,    0,    0,    0,    0,    0,    0,    0,    0,    0,    0,    0,    0,    0,    0,    0,    0,    0,    0,    0,    0,    0,    0,    0,    0,    0,    0,    0,    0,    0,    0,    0,    0,    0,
       0,    0,    0,    0,    0,    0,    0,    0,    0,    0,    0,    0,    0,    0,    0,    0,    0,    0,    0,    0,    0,    0,    0,    0,    0,    0,    0,    0,    0,    0,    0,    0,    0,    0,    0,    0,    0,    0,    0,    0,    0,    0,    0,    0,    0,    0,    0,    0,    0,    0,    0,    0,    0,    0,    0,    0,    0,    0,    0,    0,    0,    0,    0,    0,    0,    0,    0,    0,    0,    0,    0,    0,    0,    0,    0,    0,    0,    0,    0,    0,    0,    0,    0,    0,    0,    0,    0,    0,    0,    0,    0,    0,    0,    0,    0,    0,    0,    0,    0,    0,    0,    0,    0,    0,    0,    0,    0,    0,    0,    0,    0,    0,    0,    0,    0,    0,    0,    0,    0,    0,    0,    0,    0,    0,    0,    0,    0,    0,    0,    0,    0,    0,    0,    0,    0,    0,    0,    0,    0,    0,    0,    0,    0,    0,    0,    0,    0,    0,    0,    0,    0,    0,    0,    0,    0,    0,    0,    0,    0,    0,    0,    0,    0,    0,    0,    0,    0,    0,    0,    0,    0,    0,    0,    0,    0,    0,    0,    0,    0,    0,    0,    0,    0,    0,    0,    0,    0,    0,    0,    0,    0,    0,    0,    0,    0,    0,    0,    0,    0,    0,    0,    0,    0,    0,    0,    0,    0,    0,    0,    0,    0,    0,    0,    7,    7,    0,    0,    0,    0,    0,    0,    0,    0,    0,    0,    0,    0,    0,    0,    0,    0,    0,    0,    0,    0,    0,    0,    0,    0,    0,    0,    0,    0,    0,    0,    0,    0,    0,    0,    0,    0,    0,    0,
       0,    0,    0,    0,    0,    0,    0,    0,    0,    0,    0,    0,    0,    0,    0,    0,    0,    0,    0,    0,    0,    0,    0,    0,    0,    0,    0,    0,    0,    0,    0,    0,    0,    0,    0,    0,    0,    0,    0,    0,    0,    0,    0,    0,    0,    0,    0,    0,    0,    0,    0,    0,    0,    0,    0,    0,    0,    0,    0,    0,    0,    0,    0,    0,    0,    0,    0,    0,    0,    0,    0,    0,    0,    0,    0,    0,    0,    0,    0,    0,    0,    0,    0,    0,    0,    0,    0,    0,    0,    0,    0,    0,    0,    0,    0,    0,    0,    0,    0,    0,    0,    0,    0,    0,    0,    0,    0,    0,    0,    0,    0,    0,    0,    0,    0,    0,    0,    0,    0,    0,    0,    0,    0,    0,    0,    0,    0,    0,    0,    0,    0,    0,    0,    0,    0,    0,    0,    0,    0,    0,    0,    0,    0,    0,    0,    0,    0,    0,    0,    0,    0,    0,    0,    0,    0,    0,    0,    0,    0,    0,    0,    0,    0,    0,    0,    0,    0,    0,    0,    0,    0,    0,    0,    0,    0,    0,    0,    0,    0,    0,    0,    0,    0,    0,    0,    0,    0,    0,    0,    0,    0,    0,    0,    0,    0,    0,    0,    0,    0,    0,    0,    0,    0,    0,    0,    0,    0,    0,    0,    0,    0,    0,    0,   -7,    0,    0,    0,    0,    0,    0,    0,    0,    0,    0,    0,    0,    0,   -7,  -13,  -13,  -13,    0,    0,    0,    0,    0,    0,    0,    0,   -7,    0,    0,    0,    0,    0,    0,    0,    0,    0,    0,    0,  -23,  -17,
       0,    0,    0,    0,    0,    0,    0,    0,    0,    0,    0,    0,    0,    0,    0,    0,    0,    0,    0,    0,    0,    0,    0,    0,    0,    0,    0,    0,    0,    0,    0,    0,    0,    0,    0,    0,    0,    0,    0,    0,    0,    0,    0,    0,    0,    0,    0,    0,    0,    0,    0,    0,    0,    0,    0,    0,    0,    0,    0,    0,    0,    0,    0,    0,    0,    0,    0,    0,    0,    0,    0,    0,    0,    0,    0,    0,    0,    0,    0,    0,    0,    0,    0,    0,    0,    0,    0,    0,    0,    0,    0,    0,    0,    0,    0,    0,    0,    0,    0,    0,    0,    0,    0,    0,    0,    0,    0,    0,    0,    0,    0,    0,    0,    0,    0,    0,    0,    0,    0,    0,    0,    0,    0,    0,    0,    0,    0,    0,    0,    0,    0,    0,    0,    0,    0,    0,    0,    0,    0,    0,    0,    0,    0,    0,    0,    0,    0,    0,    0,    0,    0,    0,    0,    0,    0,    0,    0,    0,    0,    0,    0,    0,    0,    0,    0,    0,    0,    0,    0,    0,    0,    0,    0,    0,    0,    0,    0,    0,    0,    0,    0,    0,    0,    0,    0,    0,    0,    0,    0,    0,    0,    0,    0,    0,    0,    0,    0,    0,    0,    0,    0,    0,    0,    0,    0,    0,    0,    0,    0,    0,    0,    0,    0,   -3,    0,    0,    0,    0,    0,    0,    0,    0,    0,    0,    0,    0,    0,   -7,    0,    0,    0,    0,    0,    0,    0,    0,    0,    0,    0,   -7,    0,    0,    0,    0,    0,    0,    0,    0,    0,    0,    0,  -20,  -13,
       0,    0,    0,    0,    0,    0,    0,    0,    0,    0,    0,    0,    0,    0,    0,    0,    0,    0,    0,    0,    0,    0,    0,    0,    0,    0,    0,    0,    0,    0,    0,    0,    0,    0,    0,    0,    0,    0,    0,    0,    0,    0,    0,    0,    0,    0,    0,    0,    0,    0,    0,    0,    0,    0,    0,    0,    0,    0,    0,    0,    0,    0,    0,    0,    0,    0,    0,    0,    0,    0,    0,    0,    0,    0,    0,    0,    0,    0,    0,    0,    0,    0,    0,    0,    0,    0,    0,    0,    0,    0,    0,    0,    0,    0,    0,    0,    0,    0,    0,    0,    0,    0,    0,    0,    0,    0,    0,    0,    0,    0,    0,    0,    0,    0,    0,    0,    0,    0,    0,    0,    0,    0,    0,    0,    0,    0,    0,    0,    0,    0,    0,    0,    0,    0,    0,    0,    0,    0,    0,    0,    0,    0,    0,    0,    0,    0,    0,    0,    0,    0,    0,    0,    0,    0,    0,    0,    0,    0,    0,    0,    0,    0,    0,    0,    0,    0,    0,    0,    0,    0,    0,    0,    0,    0,    0,    0,    0,    0,    0,    0,    0,    0,    0,    0,    0,    0,    0,    0,    0,    0,    0,    0,    0,    0,    0,    0,    0,    0,    0,    0,    0,    0,    0,    0,    0,    0,    0,    0,    0,    0,    0,    0,    0,    0,    0,    0,    0,    0,    0,    0,    0,    0,    0,    0,    0,    0,    0,    0,  -10,  -10,  -10,    0,    0,    0,    0,    0,    0,    0,    0,    0,    0,    0,    0,    0,    0,    0,    0,    0,    0,    0,    0,  -10,   -7,
       0,    0,    0,    0,    0,    0,    0,    0,    0,    0,    0,    0,    0,    0,    0,    0,    0,    0,    0,    0,    0,    0,    0,    0,    0,    0,    0,    0,    0,    0,    0,    0,    0,    0,    0,    0,    0,    0,    0,    0,    0,    0,    0,    0,    0,    0,    0,    0,    0,    0,    0,    0,    0,    0,    0,    0,    0,    0,    0,    0,    0,    0,    0,    0,    0,    0,    0,    0,    0,    0,    0,    0,    0,    0,    0,    0,    0,    0,    0,    0,    0,    0,    0,    0,    0,    0,    0,    0,    0,    0,    0,    0,    0,    0,    0,    0,    0,    0,    0,    0,    0,    0,    0,    0,    0,    0,    0,    0,    0,    0,    0,    0,    0,    0,    0,    0,    0,    0,    0,    0,    0,    0,    0,    0,    0,    0,    0,    0,    0,    0,    0,    0,    0,    0,    0,    0,    0,    0,    0,    0,    0,    0,    0,    0,    0,    0,    0,    0,    0,    0,    0,    0,    0,    0,    0,    0,    0,    0,    0,    0,    0,    0,    0,    0,    0,    0,    0,    0,    0,    0,    0,    0,    0,    0,    0,    0,    0,    0,    0,    0,    0,    0,    0,    0,    0,    0,    0,    0,    0,    0,    0,    0,    0,    0,    0,    0,    0,    0,    0,    0,    0,    0,    0,    0,    0,    0,    0,    0,    0,    0,    0,    0,    0,    0,    0,    0,    0,    0,   -7,   -7,    0,    0,    0,    0,    0,    0,    0,   -7,  -20,  -20,  -20,    0,    0,    0,    0,    0,    0,    0,    0,    0,    0,  -17,    0,  -23,    0,    0,    0,    0,    0,    0,    0,  -10,   -7,
       0,    0,    0,    0,    0,    0,    0,    0,    0,    0,    0,    0,    0,    0,    0,    0,    0,    0,    0,    0,    0,    0,    0,    0,    0,    0,    0,    0,    0,    0,    0,    0,    0,    0,    0,    0,    0,    0,    0,    0,    0,    0,    0,    0,    0,    0,    0,    0,    0,    0,    0,    0,    0,    0,    0,    0,    0,    0,    0,    0,    0,    0,    0,    0,    0,    0,    0,    0,    0,    0,    0,    0,    0,    0,    0,    0,    0,    0,    0,    0,    0,    0,    0,    0,    0,    0,    0,    0,    0,    0,    0,    0,    0,    0,    0,    0,    0,    0,    0,    0,    0,    0,    0,    0,    0,    0,    0,    0,    0,    0,    0,    0,    0,    0,    0,    0,    0,    0,    0,    0,    0,    0,    0,    0,    0,    0,    0,    0,    0,    0,    0,    0,    0,    0,    0,    0,    0,    0,    0,    0,    0,    0,    0,    0,    0,    0,    0,    0,    0,    0,    0,    0,    0,    0,    0,    0,    0,    0,    0,    0,    0,    0,    0,    0,    0,    0,    0,    0,    0,    0,    0,    0,    0,    0,    0,    0,    0,    0,    0,    0,    0,    0,    0,    0,    0,    0,    0,    0,    0,    0,    0,    0,    0,    0,    0,    0,    0,    0,    0,    0,    0,    0,    0,    0,    0,    0,    0,    0,    0,    0,    0,    0,    0,    0,    0,    0,    0,    0,    0,    0,    0,    0,    0,    0,    0,    0,    0,    0,    0,    0,    0,    0,    0,    0,  -23,  -23,  -23,  -10,    0,    0,    0,    0,    0,    0,    0,    0,    0,    0,    0,    0,    0,    0,    0,
       0,    0,    0,    0,    0,    0,    0,    0,    0,    0,    0,    0,    0,    0,    0,    0,    0,    0,    0,    0,    0,    0,    0,    0,    0,    0,    0,    0,    0,    0,    0,    0,    0,    0,    0,    0,    0,    0,    0,    0,    0,    0,    0,    0,    0,    0,    0,    0,    0,    0,    0,    0,    0,    0,    0,    0,    0,    0,    0,    0,    0,    0,    0,    0,    0,    0,    0,    0,    0,    0,    0,    0,    0,    0,    0,    0,    0,    0,    0,    0,    0,    0,    0,    0,    0,    0,    0,    0,    0,    0,    0,    0,    0,    0,    0,    0,    0,    0,    0,    0,    0,    0,    0,    0,    0,    0,    0,    0,    0,    0,    0,    0,    0,    0,    0,    0,    0,    0,    0,    0,    0,    0,    0,    0,    0,    0,    0,    0,    0,    0,    0,    0,    0,    0,    0,    0,    0,    0,    0,    0,    0,    0,    0,    0,    0,    0,    0,    0,    0,    0,    0,    0,    0,    0,    0,    0,    0,    0,    0,    0,    0,    0,    0,    0,    0,    0,    0,    0,    0,    0,    0,    0,    0,    0,    0,    0,    0,    0,    0,    0,    0,    0,    0,    0,    0,    0,    0,    0,    0,    0,    0,    0,    0,    0,    0,    0,    0,    0,    0,    0,    0,    0,    0,    0,    0,    0,    0,    0,    0,    0,    0,    0,    0,    0,    0,    0,    0,    0,    0,    0,    0,    0,    0,    0,    0,    0,    0,    0,    0,    0,    0,    0,    0,    0,   -7,    0,    0,    0,    0,    0,   -7,    0,    0,    0,    0,    0,    0,    0,    0,    0,    0,    0,    0,
       0,    0,    0,    0,    0,    0,    0,    0,    0,    0,    0,    0,    0,    0,    0,    0,    0,    0,    0,    0,    0,    0,    0,    0,    0,    0,    0,    0,    0,    0,    0,    0,    0,    0,    0,    0,    0,    0,    0,    0,    0,    0,    0,    0,    0,    0,    0,    0,    0,    0,    0,    0,    0,    0,    0,    0,    0,    0,    0,    0,    0,    0,    0,    0,    0,    0,    0,    0,    0,    0,    0,    0,    0,    0,    0,    0,    0,    0,    0,    0,    0,    0,    0,    0,    0,    0,    0,    0,    0,    0,    0,    0,    0,    0,    0,    0,    0,    0,    0,    0,    0,    0,    0,    0,    0,    0,    0,    0,    0,    0,    0,    0,    0,    0,    0,    0,    0,    0,    0,    0,    0,    0,    0,    0,    0,    0,    0,    0,    0,    0,    0,    0,    0,    0,    0,    0,    0,    0,    0,    0,    0,    0,    0,    0,    0,    0,    0,    0,    0,    0,    0,    0,    0,    0,    0,    0,    0,    0,    0,    0,    0,    0,    0,    0,    0,    0,    0,    0,    0,    0,    0,    0,    0,    0,    0,    0,    0,    0,    0,    0,    0,    0,    0,    0,    0,    0,    0,    0,    0,    0,    0,    0,    0,    0,    0,    0,    0,    0,    0,    0,    0,    0,    0,    0,    0,    0,    0,    0,    0,    0,    0,    0,    0,    0,    0,    0,    0,    0,    0,    0,    0,    0,    0,    0,    0,    0,    0,  -10,    0,    0,    0,    0,    0,    0,   -3,    0,    0,    0,    0,    0,    0,    0,    0,    0,    0,    0,    0,    0,    0,    0,    0,    0,    0,
       0,    0,    0,    0,    0,    0,    0,    0,    0,    0,    0,    0,    0,    0,    0,    0,    0,    0,    0,    0,    0,    0,    0,    0,    0,    0,    0,    0,    0,    0,    0,    0,    0,    0,    0,    0,    0,    0,    0,    0,    0,    0,    0,    0,    0,    0,    0,    0,    0,    0,    0,    0,    0,    0,    0,    0,    0,    0,    0,    0,    0,    0,    0,    0,    0,    0,    0,    0,    0,    0,    0,    0,    0,    0,    0,    0,    0,    0,    0,    0,    0,    0,    0,    0,    0,    0,    0,    0,    0,    0,    0,    0,    0,    0,    0,    0,    0,    0,    0,    0,    0,    0,    0,    0,    0,    0,    0,    0,    0,    0,    0,    0,    0,    0,    0,    0,    0,    0,    0,    0,    0,    0,    0,    0,    0,    0,    0,    0,    0,    0,    0,    0,    0,    0,    0,    0,    0,    0,    0,    0,    0,    0,    0,    0,    0,    0,    0,    0,    0,    0,    0,    0,    0,    0,    0,    0,    0,    0,    0,    0,    0,    0,    0,    0,    0,    0,    0,    0,    0,    0,    0,    0,    0,    0,    0,    0,    0,    0,    0,    0,    0,    0,    0,    0,    0,    0,    0,    0,    0,    0,    0,    0,    0,    0,    0,    0,    0,    0,    0,    0,    0,    0,    0,    0,    0,    0,    0,    0,    0,    0,    0,    0,    0,    0,    0,    0,    0,    0,    0,    0,    0,    0,    0,    0,    0,    0,    0,  -10,    0,    0,    0,    0,    0,    0,    0,    0,    0,    0,    0,   -7,    0,    0,    0,    0,    0,    0,    0,    0,    0,    0,    0,  -23,  -17,
       0,    0,    0,    0,    0,    0,    0,    0,    0,    0,    0,    0,    0,    0,    0,    0,    0,    0,    0,    0,    0,    0,    0,    0,    0,    0,    0,    0,    0,    0,    0,    0,    0,    0,    0,    0,    0,    0,    0,    0,    0,    0,    0,    0,    0,    0,    0,    0,    0,    0,    0,    0,    0,    0,    0,    0,    0,    0,    0,    0,    0,    0,    0,    0,    0,    0,    0,    0,    0,    0,    0,    0,    0,    0,    0,    0,    0,    0,    0,    0,    0,    0,    0,    0,    0,    0,    0,    0,    0,    0,    0,    0,    0,    0,    0,    0,    0,    0,    0,    0,    0,    0,    0,    0,    0,    0,    0,    0,    0,    0,    0,    0,    0,    0,    0,    0,    0,    0,    0,    0,    0,    0,    0,    0,    0,    0,    0,    0,    0,    0,    0,    0,    0,    0,    0,    0,    0,    0,    0,    0,    0,    0,    0,    0,    0,    0,    0,    0,    0,    0,    0,    0,    0,    0,    0,    0,    0,    0,    0,    0,    0,    0,    0,    0,    0,    0,    0,    0,    0,    0,    0,    0,    0,    0,    0,    0,    0,    0,    0,    0,    0,    0,    0,    0,    0,    0,    0,    0,    0,    0,    0,    0,    0,    0,    0,    0,    0,    0,    0,    0,    0,    0,    0,    0,    0,    0,    0,    0,    0,    0,    0,    0,    0,    0,    0,    0,    0,    0,    0,    0,    0,    0,    0,    0,    0,    0,    0,  -10,    0,    0,    0,    0,    0,    0,    0,    0,    0,    0,    0,    0,    0,    0,    0,    0,    0,    0,    0,    0,    0,    0,    0,  -23,  -17,
       0,    0,    0,    0,    0,    0,    0,    0,    0,    0,    0,    0,    0,    0,    0,    0,    0,    0,    0,    0,    0,    0,    0,    0,    0,    0,    0,    0,    0,    0,    0,    0,    0,    0,    0,    0,    0,    0,    0,    0,    0,    0,    0,    0,    0,    0,    0,    0,    0,    0,    0,    0,    0,    0,    0,    0,    0,    0,    0,    0,    0,    0,    0,    0,    0,    0,    0,    0,    0,    0,    0,    0,    0,    0,    0,    0,    0,    0,    0,    0,    0,    0,    0,    0,    0,    0,    0,    0,    0,    0,    0,    0,    0,    0,    0,    0,    0,    0,    0,    0,    0,    0,    0,    0,    0,    0,    0,    0,    0,    0,    0,    0,    0,    0,    0,    0,    0,    0,    0,    0,    0,    0,    0,    0,    0,    0,    0,    0,    0,    0,    0,    0,    0,    0,    0,    0,    0,    0,    0,    0,    0,    0,    0,    0,    0,    0,    0,    0,    0,    0,    0,    0,    0,    0,    0,    0,    0,    0,    0,    0,    0,    0,    0,    0,    0,    0,    0,    0,    0,    0,    0,    0,    0,    0,    0,    0,    0,    0,    0,    0,    0,    0,    0,    0,    0,    0,    0,    0,    0,    0,    0,    0,    0,    0,    0,    0,    0,    0,    0,    0,    0,    0,    0,    0,    0,    0,    0,    0,    0,    0,    0,    0,    0,    0,    0,    0,    0,    0,    0,    0,    0,    0,    0,    0,    0,    0,    0,  -10,    0,    0,    0,    0,    0,    0,    0,    0,    0,    0,    0,    0,  -10,    0,    0,    0,    0,    0,    0,    0,    0,    0,    0,  -17,  -10,
       0,    0,    0,    0,    0,    0,    0,    0,    0,    0,    0,    0,    0,    0,    0,    0,    0,    0,    0,    0,    0,    0,    0,    0,    0,    0,    0,    0,    0,    0,    0,    0,    0,    0,    0,    0,    0,    0,    0,    0,    0,    0,    0,    0,    0,    0,    0,    0,    0,    0,    0,    0,    0,    0,    0,    0,    0,    0,    0,    0,    0,    0,    0,    0,    0,    0,    0,    0,    0,    0,    0,    0,    0,    0,    0,    0,    0,    0,    0,    0,    0,    0,    0,    0,    0,    0,    0,    0,    0,    0,    0,    0,    0,    0,    0,    0,    0,    0,    0,    0,    0,    0,    0,    0,    0,    0,    0,    0,    0,    0,    0,    0,    0,    0,    0,    0,    0,    0,    0,    0,    0,    0,    0,    0,    0,    0,    0,    0,    0,    0,    0,    0,    0,    0,    0,    0,    0,    0,    0,    0,    0,    0,    0,    0,    0,    0,    0,    0,    0,    0,    0,    0,    0,    0,    0,    0,    0,    0,    0,    0,    0,    0,    0,    0,    0,    0,    0,    0,    0,    0,    0,    0,    0,    0,    0,    0,    0,    0,    0,    0,    0,    0,    0,    0,    0,    0,    0,    0,    0,    0,    0,    0,    0,    0,    0,    0,    0,    0,    0,    0,    0,    0,    0,    0,    0,    0,    0,    0,    0,    0,    0,    0,    7,    0,    0,    0,    0,    0,    0,    0,    0,    0,    0,    0,    0,    0,    0,  -10,    0,    0,    0,    0,    0,    0,    0,    0,    0,    0,    0,    0,  -10,    0,    0,    0,    0,    0,    0,    0,    0,    0,    0,  -17,    0,
       0,    0,    0,    0,    0,    0,    0,    0,    0,    0,    0,    0,    0,    0,    0,    0,    0,    0,    0,    0,    0,    0,    0,    0,    0,    0,    0,    0,    0,    0,    0,    0,    0,    0,    0,    0,    0,    0,    0,    0,    0,    0,    0,    0,    0,    0,    0,    0,    0,    0,    0,    0,    0,    0,    0,    0,    0,    0,    0,    0,    0,    0,    0,    0,    0,    0,    0,    0,    0,    0,    0,    0,    0,    0,    0,    0,    0,    0,    0,    0,    0,    0,    0,    0,    0,    0,    0,    0,    0,    0,    0,    0,    0,    0,    0,    0,    0,    0,    0,    0,    0,    0,    0,    0,    0,    0,    0,    0,    0,    0,    0,    0,    0,    0,    0,    0,    0,    0,    0,    0,    0,    0,    0,    0,    0,    0,    0,    0,    0,    0,    0,    0,    0,    0,    0,    0,    0,    0,    0,    0,    0,    0,    0,    0,    0,    0,    0,    0,    0,    0,    0,    0,    0,    0,    0,    0,    0,    0,    0,    0,    0,    0,    0,    0,    0,    0,    0,    0,    0,    0,    0,    0,    0,    0,    0,    0,    0,    0,    0,    0,    0,    0,    0,    0,    0,    0,    0,    0,    0,    0,    0,    0,    0,    0,    0,    0,    0,    0,    0,    0,    0,    0,    0,    0,    0,    0,    0,    0,    0,    0,    0,    0,    0,    0,    0,    0,    0,    0,    0,    0,    0,    0,    0,    0,    0,    0,    0,  -10,    0,    0,    0,    0,    0,    0,    0,    0,    0,    0,    0,   -7,    0,   -3,    0,    0,    0,    0,    0,    0,    0,    0,    0,  -10,  -10,
       0,    0,    0,    0,    0,    0,    0,    0,    0,    0,    0,    0,    0,    0,    0,    0,    0,    0,    0,    0,    0,    0,    0,    0,    0,    0,    0,    0,    0,    0,    0,    0,    0,    0,    0,    0,    0,    0,    0,    0,    0,    0,    0,    0,    0,    0,    0,    0,    0,    0,    0,    0,    0,    0,    0,    0,    0,    0,    0,    0,    0,    0,    0,    0,    0,    0,    0,    0,    0,    0,    0,    0,    0,    0,    0,    0,    0,    0,    0,    0,    0,    0,    0,    0,    0,    0,    0,    0,    0,    0,    0,    0,    0,    0,    0,    0,    0,    0,    0,    0,    0,    0,    0,    0,    0,    0,    0,    0,    0,    0,    0,    0,    0,    0,    0,    0,    0,    0,    0,    0,    0,    0,    0,    0,    0,    0,    0,    0,    0,    0,    0,    0,    0,    0,    0,    0,    0,    0,    0,    0,    0,    0,    0,    0,    0,    0,    0,    0,    0,    0,    0,    0,    0,    0,    0,    0,    0,    0,    0,    0,    0,    0,    0,    0,    0,    0,    0,    0,    0,    0,    0,    0,    0,    0,    0,    0,    0,    0,    0,    0,    0,    0,    0,    0,    0,    0,    0,    0,    0,    0,    0,    0,    0,    0,    0,    0,    0,    0,    0,    0,    0,    0,   -7,    0,    0,    0,    0,    0,    0,    0,    0,    0,    0,    0,    0,    0,    0,    0,    0,    0,    0,    0,    0,    0,    0,    0,    0,  -10,    0,    0,    0,    0,    0,    0,    0,    0,    0,    0,    0,    0,    0,    0,    0,    0,    0,    0,    0,    0,    0,    0,    0,  -23,   -7,
       0,    0,    0,    0,    0,    0,    0,    0,    0,    0,    0,    0,    0,    0,    0,    0,    0,    0,    0,    0,    0,    0,    0,    0,    0,    0,    0,    0,    0,    0,    0,    0,    0,    0,    0,    0,    0,    0,    0,    0,    0,    0,    0,    0,    0,    0,    0,    0,    0,    0,    0,    0,    0,    0,    0,    0,    0,    0,    0,    0,    0,    0,    0,    0,    0,    0,    0,    0,    0,    0,    0,    0,    0,    0,    0,    0,    0,    0,    0,    0,    0,    0,    0,    0,    0,    0,    0,    0,    0,    0,    0,    0,    0,    0,    0,    0,    0,    0,    0,    0,    0,    0,    0,    0,    0,    0,    0,    0,    0,    0,    0,    0,    0,    0,    0,    0,    0,    0,    0,    0,    0,    0,    0,    0,    0,    0,    0,    0,    0,    0,    0,    0,    0,    0,    0,    0,    0,    0,    0,    0,    0,    0,    0,    0,    0,    0,    0,    0,    0,    0,    0,    0,    0,    0,    0,    0,    0,    0,    0,    0,    0,    0,    0,    0,    0,    0,    0,    0,    0,    0,    0,    0,    0,    0,    0,    0,    0,    0,    0,    0,    0,    0,    0,    0,    0,    0,    0,    0,    0,    0,    0,    0,    0,    0,    0,    0,    0,    0,    0,    0,    0,    0,    0,    0,    0,    0,    0,    0,    0,    0,    0,    0,    0,    0,    0,    0,    0,    0,    0,    0,    0,    0,    0,    0,    0,    0,    0,    0,    0,    0,    0,    0,    0,    0,    0,    0,    0,    0,    0,   -7,    0,    0,    0,    0,    0,    0,    0,    0,    0,    0,    0,  -17,   -7,
       0,    0,    0,    0,    0,    0,    0,    0,    0,    0,    0,    0,    0,    0,    0,    0,    0,    0,    0,    0,    0,    0,    0,    0,    0,    0,    0,    0,    0,    0,    0,    0,    0,    0,    0,    0,    0,    0,    0,    0,    0,    0,    0,    0,    0,    0,    0,    0,    0,    0,    0,    0,    0,    0,    0,    0,    0,    0,    0,    0,    0,    0,    0,    0,    0,    0,    0,    0,    0,    0,    0,    0,    0,    0,    0,    0,    0,    0,    0,    0,    0,    0,    0,    0,    0,    0,    0,    0,    0,    0,    0,    0,    0,    0,    0,    0,    0,    0,    0,    0,    0,    0,    0,    0,    0,    0,    0,    0,    0,    0,    0,    0,    0,    0,    0,    0,    0,    0,    0,    0,    0,    0,    0,    0,    0,    0,    0,    0,    0,    0,    0,    0,    0,    0,    0,    0,    0,    0,    0,    0,    0,    0,    0,    0,    0,    0,    0,    0,    0,    0,    0,    0,    0,    0,    0,    0,    0,    0,    0,    0,    0,    0,    0,    0,    0,    0,    0,    0,    0,    0,    0,    0,    0,    0,    0,    0,    0,    0,    0,    0,    0,    0,    0,    0,    0,    0,    0,    0,    0,    0,    0,    0,    0,    0,    0,    0,    0,    0,    0,    0,    0,    0,    0,    0,    0,    0,    0,    0,    0,    0,    0,    0,    0,    0,    0,    0,    0,    0,    0,    0,    0,    0,    0,    0,    0,    0,    0,  -10,    0,    0,    0,    0,    0,    0,    0,    0,    0,    0,    0,   -7,    0,    0,    0,    0,    0,    0,    0,    0,    0,    0,    0,  -13,   -7,
       0,    0,    0,    0,    0,    0,    0,    0,    0,    0,    0,    0,    0,    0,    0,    0,    0,    0,    0,    0,    0,    0,    0,    0,    0,    0,    0,    0,    0,    0,    0,    0,    0,    0,    0,    0,    0,    0,    0,    0,    0,    0,    0,    0,    0,    0,    0,    0,    0,    0,    0,    0,    0,    0,    0,    0,    0,    0,    0,    0,    0,    0,    0,    0,    0,    0,    0,    0,    0,    0,    0,    0,    0,    0,    0,    0,    0,    0,    0,    0,    0,    0,    0,    0,    0,    0,    0,    0,    0,    0,    0,    0,    0,    0,    0,    0,    0,    0,    0,    0,    0,    0,    0,    0,    0,    0,    0,    0,    0,    0,    0,    0,    0,    0,    0,    0,    0,    0,    0,    0,    0,    0,    0,    0,    0,    0,    0,    0,    0,    0,    0,    0,    0,    0,    0,    0,    0,    0,    0,    0,    0,    0,    0,    0,    0,    0,    0,    0,    0,    0,    0,    0,    0,    0,    0,    0,    0,    0,    0,    0,    0,    0,    0,    0,    0,    0,    0,    0,    0,    0,    0,    0,    0,    0,    0,    0,    0,    0,    0,    0,    0,    0,    0,    0,    0,    0,    0,    0,    0,    0,    0,    0,    0,    0,    0,    0,    0,    0,    0,  -20,    0,    0,    0,    0,    0,    0,    0,    0,    0,    0,    0,    0,    0,    0,    0,    0,    0,    0,    0,    0,    0,    0,    0,    0,    0,    0,    0,  -10,   -7,    0,    0,    0,    0,    0,    0,    0,    0,    0,    0,  -10,    0,    0,    0,    0,    0,    0,    0,    0,    0,    0,    0,  -13,   -7,
       0,    0,    0,    0,    0,    0,    0,    0,    0,    0,    0,    0,    0,    0,    0,    0,    0,    0,    0,    0,    0,    0,    0,    0,    0,    0,    0,    0,    0,    0,    0,    0,    0,    0,    0,    0,    0,    0,    0,    0,    0,    0,    0,    0,    0,    0,    0,    0,    0,    0,    0,    0,    0,    0,    0,    0,    0,    0,    0,    0,    0,    0,    0,    0,    0,    0,    0,    0,    0,    0,    0,    0,    0,    0,    0,    0,    0,    0,    0,    0,    0,    0,    0,    0,    0,    0,    0,    0,    0,    0,    0,    0,    0,    0,    0,    0,    0,    0,    0,    0,    0,    0,    0,    0,    0,    0,    0,    0,    0,    0,    0,    0,    0,    0,    0,    0,    0,    0,    0,    0,    0,    0,    0,    0,    0,    0,    0,    0,    0,    0,    0,    0,    0,    0,    0,    0,    0,    0,    0,    0,    0,    0,    0,    0,    0,    0,    0,    0,    0,    0,    0,    0,    0,    0,    0,    0,    0,    0,    0,    0,    0,    0,    0,    0,    0,    0,    0,    0,    0,    0,    0,    0,    0,    0,    0,    0,    0,    0,    0,    0,    0,    0,    0,    0,    0,    0,    0,    0,    0,    0,    0,    0,    0,    0,    0,    0,    0,    0,    0,  -23,    0,    0,    0,    0,    0,    0,    0,    0,    0,    0,    0,    0,    0,    0,    0,    0,    0,    0,    0,    0,    0,    0,    0,    0,    0,    0,    0,    0,    0,    0,    0,    0,    0,    0,    0,    0,    0,    0,    0,   -7,    0,    0,    0,    0,    0,    0,    0,    0,    0,    0,    0,  -17,  -13,
       0,    0,    0,    0,    0,    0,    0,    0,    0,    0,    0,    0,    0,    0,    0,    0,    0,    0,    0,    0,    0,    0,    0,    0,    0,    0,    0,    0,    0,    0,    0,    0,    0,    0,    0,    0,    0,    0,    0,    0,    0,    0,    0,    0,    0,    0,    0,    0,    0,    0,    0,    0,    0,    0,    0,    0,    0,    0,    0,    0,    0,    0,    0,    0,    0,    0,    0,    0,    0,    0,    0,    0,    0,    0,    0,    0,    0,    0,    0,    0,    0,    0,    0,    0,    0,    0,    0,    0,    0,    0,    0,    0,    0,    0,    0,    0,    0,    0,    0,    0,    0,    0,    0,    0,    0,    0,    0,    0,    0,    0,    0,    0,    0,    0,    0,    0,    0,    0,    0,    0,    0,    0,    0,    0,    0,    0,    0,    0,    0,    0,    0,    0,    0,    0,    0,    0,    0,    0,    0,    0,    0,    0,    0,    0,    0,    0,    0,    0,    0,    0,    0,    0,    0,    0,    0,    0,    0,    0,    0,    0,    0,    0,    0,    0,    0,    0,    0,    0,    0,    0,    0,    0,    0,    0,    0,    0,    0,    0,    0,    0,    0,    0,    0,    0,    0,    0,    0,    0,    0,    0,    0,    0,    0,    0,    0,    0,    0,    0,    0,    0,    0,    0,    0,    0,    0,    0,    0,    0,    0,    0,    0,    0,    0,    0,    0,    0,    0,    0,    0,    0,    0,    0,    0,    0,    0,    0,    0,   -7,    0,    0,    0,    0,    0,    0,    0,    0,    0,    0,    0,    0,    0,    0,    0,    0,    0,    0,    0,    0,    0,    0,    0,   -7,    0,
       0,    0,    0,    0,    0,    0,    0,    0,    0,    0,    0,    0,    0,    0,    0,    0,    0,    0,    0,    0,    0,    0,    0,    0,    0,    0,    0,    0,    0,    0,    0,    0,    0,    0,    0,    0,    0,    0,    0,    0,    0,    0,    0,    0,    0,    0,    0,    0,    0,    0,    0,    0,    0,    0,    0,    0,    0,    0,    0,    0,    0,    0,    0,    0,    0,    0,    0,    0,    0,    0,    0,    0,    0,    0,    0,    0,    0,    0,    0,    0,    0,    0,    0,    0,    0,    0,    0,    0,    0,    0,    0,    0,    0,    0,    0,    0,    0,    0,    0,    0,    0,    0,    0,    0,    0,    0,    0,    0,    0,    0,    0,    0,    0,    0,    0,    0,    0,    0,    0,    0,    0,    0,    0,    0,    0,    0,    0,    0,    0,    0,    0,    0,    0,    0,    0,    0,    0,    0,    0,    0,    0,    0,    0,    0,    0,    0,    0,    0,    0,    0,    0,    0,    0,    0,    0,    0,    0,    0,    0,    0,    0,    0,    0,    0,    0,    0,    0,    0,    0,    0,    0,    0,    0,    0,    0,    0,    0,    0,    0,    0,    0,    0,    0,    0,    0,    0,    0,    0,    0,    0,    0,    0,    0,    0,    0,    0,    0,    0,    0,    0,    0,    0,    0,    0,    0,    0,    0,    0,    0,    0,    0,    0,    0,    0,    0,    0,    0,    0,    0,    0,    0,    0,    0,    0,    0,    0,    0,  -17,    0,    0,    0,    0,    0,    0,    0,    0,    0,    0,    0,  -10,    0,    0,    0,    0,    0,    0,    0,    0,    0,    0,    0,  -27,  -27,
       0,    0,    0,    0,    0,    0,    0,    0,    0,    0,    0,    0,    0,    0,    0,    0,    0,    0,    0,    0,    0,    0,    0,    0,    0,    0,    0,    0,    0,    0,    0,    0,    0,    0,    0,    0,    0,    0,    0,    0,    0,    0,    0,    0,    0,    0,    0,    0,    0,    0,    0,    0,    0,    0,    0,    0,    0,    0,    0,    0,    0,    0,    0,    0,    0,    0,    0,    0,    0,    0,    0,    0,    0,    0,    0,    0,    0,    0,    0,    0,    0,    0,    0,    0,    0,    0,    0,    0,    0,    0,    0,    0,    0,    0,    0,    0,    0,    0,    0,    0,    0,    0,    0,    0,    0,    0,    0,    0,    0,    0,    0,    0,    0,    0,    0,    0,    0,    0,    0,    0,    0,    0,    0,    0,    0,    0,    0,    0,    0,    0,    0,    0,    0,    0,    0,    0,    0,    0,    0,    0,    0,    0,    0,    0,    0,    0,    0,    0,    0,    0,    0,    0,    0,    0,    0,    0,    0,    0,    0,    0,    0,    0,    0,    0,    0,    0,    0,    0,    0,    0,    0,    0,    0,    0,    0,    0,    0,    0,    0,    0,    0,    0,    0,    0,    0,    0,    0,    0,    0,    0,    0,    0,    0,    0,    0,    0,    0,    0,    0,    0,    0,    0,    0,    0,    0,    0,    0,    0,    0,    0,    0,    0,    0,    0,    0,    0,    0,    0,    0,    0,    0,    0,    0,    0,    0,    0,    0,   -7,    0,    0,    0,    0,    0,    0,    0,    0,    0,    0,    0,    0,    0,    0,    0,    0,    0,    0,    0,    0,    0,    0,    0,    0,    0,
       0,    0,    0,    0,    0,    0,    0,    0,    0,    0,    0,    0,    0,    0,    0,    0,    0,    0,    0,    0,    0,    0,    0,    0,    0,    0,    0,    0,    0,    0,    0,    0,    0,    0,    0,    0,    0,    0,    0,    0,    0,    0,    0,    0,    0,    0,    0,    0,    0,    0,    0,    0,    0,    0,    0,    0,    0,    0,    0,    0,    0,    0,    0,    0,    0,    0,    0,    0,    0,    0,    0,    0,    0,    0,    0,    0,    0,    0,    0,    0,    0,    0,    0,    0,    0,    0,    0,    0,    0,    0,    0,    0,    0,    0,    0,    0,    0,    0,    0,    0,    0,    0,    0,    0,    0,    0,    0,    0,    0,    0,    0,    0,    0,    0,    0,    0,    0,    0,    0,    0,    0,    0,    0,    0,    0,    0,    0,    0,    0,    0,    0,    0,    0,    0,    0,    0,    0,    0,    0,    0,    0,    0,    0,    0,    0,    0,    0,    0,    0,    0,    0,    0,    0,    0,    0,    0,    0,    0,    0,    0,    0,    0,    0,    0,    0,    0,    0,    0,    0,    0,    0,    0,    0,    0,    0,    0,    0,    0,    0,    0,    0,    0,    0,    0,    0,    0,    0,    0,    0,    0,    0,    0,    0,    0,    0,    0,    0,    0,    0,    0,    0,    0,    0,    0,    0,    0,    0,    0,    0,   -7,    0,    0,    0,    0,    0,    0,    0,    0,    0,    0,    0,    0,    0,    0,    0,    0,    0,    0,    0,    0,    0,    0,    0,    0,    0,    0,    0,    0,    0,    0,    0,    0,    0,    0,    0,    0,    0,    0,    0,    0,    0,    0,    0,
       0,    0,    0,    0,    0,    0,    0,    0,    0,    0,    0,    0,    0,    0,    0,    0,    0,    0,    0,    0,    0,    0,    0,    0,    0,    0,    0,    0,    0,    0,    0,    0,    0,    0,    0,    0,    0,    0,    0,    0,    0,    0,    0,    0,    0,    0,    0,    0,    0,    0,    0,    0,    0,    0,    0,    0,    0,    0,    0,    0,    0,    0,    0,    0,    0,    0,    0,    0,    0,    0,    0,    0,    0,    0,    0,    0,    0,    0,    0,    0,    0,    0,    0,    0,    0,    0,    0,    0,    0,    0,    0,    0,    0,    0,    0,    0,    0,    0,    0,    0,    0,    0,    0,    0,    0,    0,    0,    0,    0,    0,    0,    0,    0,    0,    0,    0,    0,    0,    0,    0,    0,    0,    0,    0,    0,    0,    0,    0,    0,    0,    0,    0,    0,    0,    0,    0,    0,    0,    0,    0,    0,    0,    0,    0,    0,    0,    0,    0,    0,    0,    0,    0,    0,    0,    0,    0,    0,    0,    0,    0,    0,    0,    0,    0,    0,    0,    0,    0,    0,    0,    0,    0,    0,    0,    0,    0,    0,    0,    0,    0,    0,    0,    0,    0,    0,    0,    0,    0,    0,    0,    0,    0,    0,    0,    0,    0,    0,   -7,    0,  -13,    0,    0,   -7,    0,  -10,    0,    0,    0,    0,    0,    0,    0,    0,    0,    0,    0,    0,    0,   -7,    0,    0,    0,    0,    0,    0,    0,    0,    0,    0,    0,    0,    0,    0,    0,    0,    0,    0,    0,    0,    0,    0,    0,    0,   -7,    0,    0,    0,    0,    0,    0,    0,    0,    0,
       0,    0,    0,    0,    0,    0,    0,    0,    0,    0,    0,    0,    0,    0,    0,    0,    0,    0,    0,    0,    0,    0,    0,    0,    0,    0,    0,    0,    0,    0,    0,    0,    0,    0,    0,    0,    0,    0,    0,    0,    0,    0,    0,    0,    0,    0,    0,    0,    0,    0,    0,    0,    0,    0,    0,    0,    0,    0,    0,    0,    0,    0,    0,    0,    0,    0,    0,    0,    0,    0,    0,    0,    0,    0,    0,    0,    0,    0,    0,    0,    0,    0,    0,    0,    0,    0,    0,    0,    0,    0,    0,    0,    0,    0,    0,    0,    0,    0,    0,    0,    0,    0,    0,    0,    0,    0,    0,    0,    0,    0,    0,    0,    0,    0,    0,    0,    0,    0,    0,    0,    0,    0,    0,    0,    0,    0,    0,    0,    0,    0,    0,    0,    0,    0,    0,    0,    0,    0,    0,    0,    0,    0,    0,    0,    0,    0,    0,    0,    0,    0,    0,    0,    0,    0,    0,    0,    0,    0,    0,    0,    0,    0,    0,    0,    0,    0,    0,    0,    0,    0,    0,    0,    0,    0,    0,    0,    0,    0,    0,    0,    0,    0,    0,    0,    0,    0,    0,    0,    0,    0,    0,    0,    0,    0,    0,    0,    0,    0,    0,    0,   -7,    0,    0,    0,    0,    0,    0,    0,    0,    0,    0,    0,    0,    0,    0,    0,    0,    0,    0,    0,    0,    0,    0,   10,    0,    0,    0,    0,    0,    0,    0,    0,    0,    0,    0,    0,    0,    0,    0,    0,    0,    0,    0,    0,    0,    0,    0,    0,    0,    0,    0,    0,    0,
       0,    0,    0,    0,    0,    0,    0,    0,    0,    0,    0,    0,    0,    0,    0,    0,    0,    0,    0,    0,    0,    0,    0,    0,    0,    0,    0,    0,    0,    0,    0,    0,    0,    0,    0,    0,    0,    0,    0,    0,    0,    0,    0,    0,    0,    0,    0,    0,    0,    0,    0,    0,    0,    0,    0,    0,    0,    0,    0,    0,    0,    0,    0,    0,    0,    0,    0,    0,    0,    0,    0,    0,    0,    0,    0,    0,    0,    0,    0,    0,    0,    0,    0,    0,    0,    0,    0,    0,    0,    0,    0,    0,    0,    0,    0,    0,    0,    0,    0,    0,    0,    0,    0,    0,    0,    0,    0,    0,    0,    0,    0,    0,    0,    0,    0,    0,    0,    0,    0,    0,    0,    0,    0,    0,    0,    0,    0,    0,    0,    0,    0,    0,    0,    0,    0,    0,    0,    0,    0,    0,    0,    0,    0,    0,    0,    0,    0,    0,    0,    0,    0,    0,    0,    0,    0,    0,    0,    0,    0,    0,    0,    0,    0,    0,    0,    0,    0,    0,    0,    0,    0,    0,    0,    0,    0,    0,    0,    0,    0,    0,    0,    0,    0,    0,    0,    0,    0,    0,    0,    0,    0,    0,    0,    0,    0,    0,    0,    0,    0,    0,    0,    0,    0,    0,    0,    0,    0,    0,    0,    0,    0,    0,    0,    0,    0,    0,    0,    0,    0,    0,    0,    0,    0,   10,   10,    0,    0,    0,    0,    0,    0,    0,    0,    0,    0,    0,    0,    0,    0,    0,    0,    0,    0,    0,    0,    0,    0,    0,   17,    0,    0,    3,    3,
       0,    0,    0,    0,    0,    0,    0,    0,    0,    0,    0,    0,    0,    0,    0,    0,    0,    0,    0,    0,    0,    0,    0,    0,    0,    0,    0,    0,    0,    0,    0,    0,    0,    0,    0,    0,    0,    0,    0,    0,    0,    0,    0,    0,    0,    0,    0,    0,    0,    0,    0,    0,    0,    0,    0,    0,    0,    0,    0,    0,    0,    0,    0,    0,    0,    0,    0,    0,    0,    0,    0,    0,    0,    0,    0,    0,    0,    0,    0,    0,    0,    0,    0,    0,    0,    0,    0,    0,    0,    0,    0,    0,    0,    0,    0,    0,    0,    0,    0,    0,    0,    0,    0,    0,    0,    0,    0,    0,    0,    0,    0,    0,    0,    0,    0,    0,    0,    0,    0,    0,    0,    0,    0,    0,    0,    0,    0,    0,    0,    0,    0,    0,    0,    0,    0,    0,    0,    0,    0,    0,    0,    0,    0,    0,    0,    0,    0,    0,    0,    0,    0,    0,    0,    0,    0,    0,    0,    0,    0,    0,    0,    0,    0,    0,    0,    0,    0,    0,    0,    0,    0,    0,    0,    0,    0,    0,    0,    0,    0,    0,    0,    0,    0,    0,    0,    0,    0,    0,    0,    0,    0,    0,    0,    0,    0,    0,    0,    0,    0,    0,    0,    0,    0,    0,    0,    0,    0,    0,    0,    0,    0,    0,    0,    0,    0,    0,    0,    0,    0,    0,    0,    0,    0,   10,   10,    0,    0,    0,    0,    0,    0,    0,    0,    0,    0,    0,    0,    0,    0,    0,    0,    0,    0,    0,    0,    0,    0,    0,   17,    0,    0,    0,    0,
       0,    0,    0,    0,    0,    0,    0,    0,    0,    0,    0,    0,    0,    0,    0,    0,    0,    0,    0,    0,    0,    0,    0,    0,    0,    0,    0,    0,    0,    0,    0,    0,    0,    0,    0,    0,    0,    0,    0,    0,    0,    0,    0,    0,    0,    0,    0,    0,    0,    0,    0,    0,    0,    0,    0,    0,    0,    0,    0,    0,    0,    0,    0,    0,    0,    0,    0,    0,    0,    0,    0,    0,    0,    0,    0,    0,    0,    0,    0,    0,    0,    0,    0,    0,    0,    0,    0,    0,    0,    0,    0,    0,    0,    0,    0,    0,    0,    0,    0,    0,    0,    0,    0,    0,    0,    0,    0,    0,    0,    0,    0,    0,    0,    0,    0,    0,    0,    0,    0,    0,    0,    0,    0,    0,    0,    0,    0,    0,    0,    0,    0,    0,    0,    0,    0,    0,    0,    0,    0,    0,    0,    0,    0,    0,    0,    0,    0,    0,    0,    0,    0,    0,    0,    0,    0,    0,    0,    0,    0,    0,    0,    0,    0,    0,    0,    0,    0,    0,    0,    0,    0,    0,    0,    0,    0,    0,    0,    0,    0,    0,    0,    0,    0,    0,    0,    0,    0,    0,    0,    0,    0,    0,    0,    0,    0,    0,    0,    0,    0,   -7,    0,    0,    0,    0,    0,    0,    0,    0,    0,    0,    0,    0,    0,    0,    0,    0,    0,    0,    0,    0,    0,    0,    0,    0,    0,    0,    0,    0,    0,    0,    0,    0,    0,    0,    0,    0,    0,    0,    0,    0,    0,    0,    0,    0,    0,    0,    0,    0,    0,    0,    0,    0,    0,
       0,    0,    0,    0,    0,    0,    0,    0,    0,    0,    0,    0,    0,    0,    0,    0,    0,    0,    0,    0,    0,    0,    0,    0,    0,    0,    0,    0,    0,    0,    0,    0,    0,    0,    0,    0,    0,    0,    0,    0,    0,    0,    0,    0,    0,    0,    0,    0,    0,    0,    0,    0,    0,    0,    0,    0,    0,    0,    0,    0,    0,    0,    0,    0,    0,    0,    0,    0,    0,    0,    0,    0,    0,    0,    0,    0,    0,    0,    0,    0,    0,    0,    0,    0,    0,    0,    0,    0,    0,    0,    0,    0,    0,    0,    0,    0,    0,    0,    0,    0,    0,    0,    0,    0,    0,    0,    0,    0,    0,    0,    0,    0,    0,    0,    0,    0,    0,    0,    0,    0,    0,    0,    0,    0,    0,    0,    0,    0,    0,    0,    0,    0,    0,    0,    0,    0,    0,    0,    0,    0,    0,    0,    0,    0,    0,    0,    0,    0,    0,    0,    0,    0,    0,    0,    0,    0,    0,    0,    0,    0,    0,    0,    0,    0,    0,    0,    0,    0,    0,    0,    0,    0,    0,    0,    0,    0,    0,    0,    0,    0,    0,    0,    0,    0,    0,    0,    0,    0,    0,    0,    0,    0,    0,    0,    0,    0,    0,    0,    0,   -7,    0,    0,    0,    0,    0,    0,    0,    0,   -3,    0,    0,    0,    0,    0,    0,    0,    0,    0,    0,    0,    0,    0,    0,    0,    0,    0,    0,    0,    0,    0,    0,    0,    0,    0,    0,    0,    0,    0,    0,  -10,    0,    0,    0,    0,    0,    0,    0,    0,    7,    0,    0,   -7,   -7,
       0,    0,    0,    0,    0,    0,    0,    0,    0,    0,    0,    0,    0,    0,    0,    0,    0,    0,    0,    0,    0,    0,    0,    0,    0,    0,    0,    0,    0,    0,    0,    0,    0,    0,    0,    0,    0,    0,    0,    0,    0,    0,    0,    0,    0,    0,    0,    0,    0,    0,    0,    0,    0,    0,    0,    0,    0,    0,    0,    0,    0,    0,    0,    0,    0,    0,    0,    0,    0,    0,    0,    0,    0,    0,    0,    0,    0,    0,    0,    0,    0,    0,    0,    0,    0,    0,    0,    0,    0,    0,    0,    0,    0,    0,    0,    0,    0,    0,    0,    0,    0,    0,    0,    0,    0,    0,    0,    0,    0,    0,    0,    0,    0,    0,    0,    0,    0,    0,    0,    0,    0,    0,    0,    0,    0,    0,    0,    0,    0,    0,    0,    0,    0,    0,    0,    0,    0,    0,    0,    0,    0,    0,    0,    0,    0,    0,    0,    0,    0,    0,    0,    0,    0,    0,    0,    0,    0,    0,    0,    0,    0,    0,    0,    0,    0,    0,    0,    0,    0,    0,    0,    0,    0,    0,    0,    0,    0,    0,    0,    0,    0,    0,    0,    0,    0,    0,    0,    0,    0,    0,    0,    0,    0,    0,    0,    0,    0,    0,    0,  -10,    0,    0,    0,    0,    0,    0,    0,    0,    0,    0,    0,    0,    0,    0,    0,    0,    0,    0,    0,    0,    0,    0,    0,    0,    0,    0,    0,    0,    0,    0,    0,    0,    0,    0,    0,    0,    0,    0,    0,    0,    0,    0,    0,    0,    0,    0,    0,    0,    0,    0,    0,  -17,   -7,
       0,    0,    0,    0,    0,    0,    0,    0,    0,    0,    0,    0,    0,    0,    0,    0,    0,    0,    0,    0,    0,    0,    0,    0,    0,    0,    0,    0,    0,    0,    0,    0,    0,    0,    0,    0,    0,    0,    0,    0,    0,    0,    0,    0,    0,    0,    0,    0,    0,    0,    0,    0,    0,    0,    0,    0,    0,    0,    0,    0,    0,    0,    0,    0,    0,    0,    0,    0,    0,    0,    0,    0,    0,    0,    0,    0,    0,    0,    0,    0,    0,    0,    0,    0,    0,    0,    0,    0,    0,    0,    0,    0,    0,    0,    0,    0,    0,    0,    0,    0,    0,    0,    0,    0,    0,    0,    0,    0,    0,    0,    0,    0,    0,    0,    0,    0,    0,    0,    0,    0,    0,    0,    0,    0,    0,    0,    0,    0,    0,    0,    0,    0,    0,    0,    0,    0,    0,    0,    0,    0,    0,    0,    0,    0,    0,    0,    0,    0,    0,    0,    0,    0,    0,    0,    0,    0,    0,    0,    0,    0,    0,    0,    0,    0,    0,    0,    0,    0,    0,    0,    0,    0,    0,    0,    0,    0,    0,    0,    0,    0,    0,    0,    0,    0,    0,    0,    0,    0,    0,    0,    0,    0,    0,    0,    0,    0,    0,    0,    0,  -10,    0,    0,    0,    0,    0,    0,    0,    0,    0,    0,    0,    0,    0,    0,    0,    0,    0,    0,    0,    0,    0,    0,    0,    0,    0,    0,    0,    0,    0,    0,    0,    0,    0,    0,    0,    0,    0,    0,    0,    0,    0,    0,    0,   -7,    0,    0,    0,    0,    0,    0,    0,  -17,   -7,
       0,    0,    0,    0,    0,    0,    0,    0,    0,    0,    0,    0,    0,    0,    0,    0,    0,    0,    0,    0,    0,    0,    0,    0,    0,    0,    0,    0,    0,    0,    0,    0,    0,    0,    0,    0,    0,    0,    0,    0,    0,    0,    0,    0,    0,    0,    0,    0,    0,    0,    0,    0,    0,    0,    0,    0,    0,    0,    0,    0,    0,    0,    0,    0,    0,    0,    0,    0,    0,    0,    0,    0,    0,    0,    0,    0,    0,    0,    0,    0,    0,    0,    0,    0,    0,    0,    0,    0,    0,    0,    0,    0,    0,    0,    0,    0,    0,    0,    0,    0,    0,    0,    0,    0,    0,    0,    0,    0,    0,    0,    0,    0,    0,    0,    0,    0,    0,    0,    0,    0,    0,    0,    0,    0,    0,    0,    0,    0,    0,    0,    0,    0,    0,    0,    0,    0,    0,    0,    0,    0,    0,    0,    0,    0,    0,    0,    0,    0,    0,    0,    0,    0,    0,    0,    0,    0,    0,    0,    0,    0,    0,    0,    0,    0,    0,    0,    0,    0,    0,    0,    0,    0,    0,    0,    0,    0,    0,    0,    0,    0,    0,    0,    0,    0,    0,    0,    0,    0,    0,    0,    0,    0,    0,    0,    0,    0,    0,    0,    0,    0,    0,    0,    0,    0,    0,    0,    0,    0,    0,    0,    0,    0,    0,    0,    0,    0,    0,    0,    0,    0,    0,    0,    0,    0,    0,    0,    0,  -10,    0,    0,    0,    0,    0,    0,    0,    0,    0,    0,    0,    0,    0,    0,    0,    0,    0,    0,    0,    0,    0,    0,    0,  -17,  -10,
       0,    0,    0,    0,    0,    0,    0,    0,    0,    0,    0,    0,    0,    0,    0,    0,    0,    0,    0,    0,    0,    0,    0,    0,    0,    0,    0,    0,    0,    0,    0,    0,    0,    0,    0,    0,    0,    0,    0,    0,    0,    0,    0,    0,    0,    0,    0,    0,    0,    0,    0,    0,    0,    0,    0,    0,    0,    0,    0,    0,    0,    0,    0,    0,    0,    0,    0,    0,    0,    0,    0,    0,    0,    0,    0,    0,    0,    0,    0,    0,    0,    0,    0,    0,    0,    0,    0,    0,    0,    0,    0,    0,    0,    0,    0,    0,    0,    0,    0,    0,    0,    0,    0,    0,    0,    0,    0,    0,    0,    0,    0,    0,    0,    0,    0,    0,    0,    0,    0,    0,    0,    0,    0,    0,    0,    0,    0,    0,    0,    0,    0,    0,    0,    0,    0,    0,    0,    0,    0,    0,    0,    0,    0,    0,    0,    0,    0,    0,    0,    0,    0,    0,    0,    0,    0,    0,    0,    0,    0,    0,    0,    0,    0,    0,    0,    0,    0,    0,    0,    0,    0,    0,    0,    0,    0,    0,    0,    0,    0,    0,    0,    0,    0,    0,    0,    0,    0,    0,    0,    0,    0,    0,    0,    0,    0,    0,    0,    0,    0,    0,    0,    0,    0,    0,    0,    0,    0,    0,    0,    0,    0,    0,    0,    0,    0,    0,    0,    0,    0,    0,    0,    0,    0,    0,    0,    0,    0,    0,    0,    0,    0,  -20,  -20,  -20,    0,    0,    0,    0,    0,    0,    0,    0,    0,    0,    0,  -17,    0,    0,    0,    0,    0,    0,    0,
       0,    0,    0,    0,    0,    0,    0,    0,    0,    0,    0,    0,    0,    0,    0,    0,    0,    0,    0,    0,    0,    0,    0,    0,    0,    0,    0,    0,    0,    0,    0,    0,    0,    0,    0,    0,    0,    0,    0,    0,    0,    0,    0,    0,    0,    0,    0,    0,    0,    0,    0,    0,    0,    0,    0,    0,    0,    0,    0,    0,    0,    0,    0,    0,    0,    0,    0,    0,    0,    0,    0,    0,    0,    0,    0,    0,    0,    0,    0,    0,    0,    0,    0,    0,    0,    0,    0,    0,    0,    0,    0,    0,    0,    0,    0,    0,    0,    0,    0,    0,    0,    0,    0,    0,    0,    0,    0,    0,    0,    0,    0,    0,    0,    0,    0,    0,    0,    0,    0,    0,    0,    0,    0,    0,    0,    0,    0,    0,    0,    0,    0,    0,    0,    0,    0,    0,    0,    0,    0,    0,    0,    0,    0,    0,    0,    0,    0,    0,    0,    0,    0,    0,    0,    0,    0,    0,    0,    0,    0,    0,    0,    0,    0,    0,    0,    0,    0,    0,    0,    0,    0,    0,    0,    0,    0,    0,    0,    0,    0,    0,    0,    0,    0,    0,    0,    0,    0,    0,    0,    0,    0,    0,    0,    0,    0,    0,    0,    0,    0,    0,   -7,    0,    0,    0,    0,    0,    0,    0,    0,    0,    0,    0,    0,    0,    0,    0,    0,    0,    0,    0,    0,    0,    0,    0,    0,    0,    0,  -27,   -7,   -7,   -7,    0,    0,    0,    0,    0,    0,    0,    0,  -10,   -7,    0,    0,    0,    0,    0,    0,    0,    0,    0,    0,  -23,  -17,
       0,    0,    0,    0,    0,    0,    0,    0,    0,    0,    0,    0,    0,    0,    0,    0,    0,    0,    0,    0,    0,    0,    0,    0,    0,    0,    0,    0,    0,    0,    0,    0,    0,    0,    0,    0,    0,    0,    0,    0,    0,    0,    0,    0,    0,    0,    0,    0,    0,    0,    0,    0,    0,    0,    0,    0,    0,    0,    0,    0,    0,    0,    0,    0,    0,    0,    0,    0,    0,    0,    0,    0,    0,    0,    0,    0,    0,    0,    0,    0,    0,    0,    0,    0,    0,    0,    0,    0,    0,    0,    0,    0,    0,    0,    0,    0,    0,    0,    0,    0,    0,    0,    0,    0,    0,    0,    0,    0,    0,    0,    0,    0,    0,    0,    0,    0,    0,    0,    0,    0,    0,    0,    0,    0,    0,    0,    0,    0,    0,    0,    0,    0,    0,    0,    0,    0,    0,    0,    0,    0,    0,    0,    0,    0,    0,    0,    0,    0,    0,    0,    0,    0,    0,    0,    0,    0,    0,    0,    0,    0,    0,    0,    0,    0,    0,    0,    0,    0,    0,    0,    0,    0,    0,    0,    0,    0,    0,    0,    0,    0,    0,    0,    0,    0,    0,    0,    0,    0,    0,    0,    0,    0,    0,    0,    0,    0,    0,    0,   -7,    0,    0,    0,    0,    0,    0,    0,    0,    0,    0,    0,    0,    0,    0,    0,    0,    0,    0,    0,    0,    0,    0,    0,    0,    0,    0,    0,    0,    0,    0,    0,    0,    0,    0,    0,    0,    0,    0,    0,    0,    0,    0,    0,    0,    0,    0,    0,    0,   -7,    0,    0,    0,    0,    0,
       0,    0,    0,    0,    0,    0,    0,    0,    0,    0,    0,    0,    0,    0,    0,    0,    0,    0,    0,    0,    0,    0,    0,    0,    0,    0,    0,    0,    0,    0,    0,    0,    0,    0,    0,    0,    0,    0,    0,    0,    0,    0,    0,    0,    0,    0,    0,    0,    0,    0,    0,    0,    0,    0,    0,    0,    0,    0,    0,    0,    0,    0,    0,    0,    0,    0,    0,    0,    0,    0,    0,    0,    0,    0,    0,    0,    0,    0,    0,    0,    0,    0,    0,    0,    0,    0,    0,    0,    0,    0,    0,    0,    0,    0,    0,    0,    0,    0,    0,    0,    0,    0,    0,    0,    0,    0,    0,    0,    0,    0,    0,    0,    0,    0,    0,    0,    0,    0,    0,    0,    0,    0,    0,    0,    0,    0,    0,    0,    0,    0,    0,    0,    0,    0,    0,    0,    0,    0,    0,    0,    0,    0,    0,    0,    0,    0,    0,    0,    0,    0,    0,    0,    0,    0,    0,    0,    0,    0,    0,    0,    0,    0,    0,    0,    0,    0,    0,    0,    0,    0,    0,    0,    0,    0,    0,    0,    0,    0,    0,    0,    0,   -7,   -7,   -7,    0,    0,    0,    0,    0,    0,    0,    0,    0,    0,    0,    0,    0,    0,    0,    0,    0,    0,    0,    0,    0,    0,    0,    0,    0,    0,    0,    0,    0,    0,    0,    0,    0,    0,    0,    0,    0,    0,    0,    0,    0,    0,    0,    0,    0,    0,    0,    0,    0,    0,    0,    0,    0,    0,    0,    0,    0,    0,    0,    0,    0,    0,    0,    0,    0,    0,    0,    0,    0,
       0,    0,    0,    0,    0,    0,    0,    0,    0,    0,    0,    0,    0,    0,    0,    0,    0,    0,    0,    0,    0,    0,    0,    0,    0,    0,    0,    0,    0,    0,    0,    0,    0,    0,    0,    0,    0,    0,    0,    0,    0,    0,    0,    0,    0,    0,    0,    0,    0,    0,    0,    0,    0,    0,    0,    0,    0,    0,    0,    0,    0,    0,    0,    0,    0,    0,    0,    0,    0,    0,    0,    0,    0,    0,    0,    0,    0,    0,    0,    0,    0,    0,    0,    0,    0,    0,    0,    0,    0,    0,    0,    0,    0,    0,    0,    0,    0,    0,    0,    0,    0,    0,    0,    0,    0,    0,    0,    0,    0,    0,    0,    0,    0,    0,    0,    0,    0,    0,    0,    0,    0,    0,    0,    0,    0,    0,    0,    0,    0,    0,    0,    0,    0,    0,    0,    0,    0,    0,    0,    0,    0,    0,    0,    0,    0,    0,    0,    0,    0,    0,    0,    0,    0,    0,    0,    0,    0,    0,    0,    0,    0,    0,    0,    0,    0,    0,    0,    0,    0,    0,    0,    0,    0,    0,    0,    0,    0,    0,    0,    0,    0,    0,    0,    0,    0,    0,    0,    0,    0,    0,    0,    0,    0,    0,    0,    0,    0,    0,    0,    0,    0,    0,    0,    0,    0,    0,    0,    0,    0,    0,    0,    0,   -7,   -7,   -7,    0,    0,    0,    0,    0,    0,    0,    0,    0,    0,    0,    0,   -7,   -3,   -3,   -3,    0,    0,    0,    0,    0,    0,    0,    0,  -10,  -10,    0,    0,    0,    0,    0,    0,    0,    0,    0,    0,  -17,   -7,
       0,    0,    0,    0,    0,    0,    0,    0,    0,    0,    0,    0,    0,    0,    0,    0,    0,    0,    0,    0,    0,    0,    0,    0,    0,    0,    0,    0,    0,    0,    0,    0,    0,    0,    0,    0,    0,    0,    0,    0,    0,    0,    0,    0,    0,    0,    0,    0,    0,    0,    0,    0,    0,    0,    0,    0,    0,    0,    0,    0,    0,    0,    0,    0,    0,    0,    0,    0,    0,    0,    0,    0,    0,    0,    0,    0,    0,    0,    0,    0,    0,    0,    0,    0,    0,    0,    0,    0,    0,    0,    0,    0,    0,    0,    0,    0,    0,    0,    0,    0,    0,    0,    0,    0,    0,    0,    0,    0,    0,    0,    0,    0,    0,    0,    0,    0,    0,    0,    0,    0,    0,    0,    0,    0,    0,    0,    0,    0,    0,    0,    0,    0,    0,    0,    0,    0,    0,    0,    0,    0,    0,    0,    0,    0,    0,    0,    0,    0,    0,    0,    0,    0,    0,    0,    0,    0,    0,    0,    0,    0,    0,    0,    0,    0,    0,    0,    0,    0,    0,    0,    0,    0,    0,    0,    0,    0,    0,    0,    0,    0,    0,    0,    0,    0,    0,    0,    0,    0,    0,    0,    0,    0,    0,    0,    0,    0,    0,    0,    0,    0,    0,    0,    0,    0,    0,    0,    0,    0,    0,    0,    0,    0,    0,    0,    0,    0,    0,    0,    0,    0,    0,    0,    0,    0,    0,    0,    0,    0,    0,    0,    0,    0,    0,    0,    0,    0,    0,    0,    0,    0,    0,    0,    0,    0,    0,    0,    0,    0,    0,    0,    0,  -10,  -13,
       0,    0,    0,    0,    0,    0,    0,    0,    0,    0,    0,    0,    0,    0,    0,    0,    0,    0,    0,    0,    0,    0,    0,    0,    0,    0,    0,    0,    0,    0,    0,    0,    0,    0,    0,    0,    0,    0,    0,    0,    0,    0,    0,    0,    0,    0,    0,    0,    0,    0,    0,    0,    0,    0,    0,    0,    0,    0,    0,    0,    0,    0,    0,    0,    0,    0,    0,    0,    0,    0,    0,    0,    0,    0,    0,    0,    0,    0,    0,    0,    0,    0,    0,    0,    0,    0,    0,    0,    0,    0,    0,    0,    0,    0,    0,    0,    0,    0,    0,    0,    0,    0,    0,    0,    0,    0,    0,    0,    0,    0,    0,    0,    0,    0,    0,    0,    0,    0,    0,    0,    0,    0,    0,    0,    0,    0,    0,    0,    0,    0,    0,    0,    0,    0,    0,    0,    0,    0,    0,    0,    0,    0,    0,    0,    0,    0,    0,    0,    0,    0,    0,    0,    0,    0,    0,    0,    0,    0,    0,    0,    0,    0,    0,    0,    0,    0,    0,    0,    0,    0,    0,    0,    0,    0,    0,    0,    0,    0,    0,    0,    0,    0,    0,    0,    0,    0,    0,    0,    0,    0,    0,    0,    0,    0,    0,    0,    0,    0,    0,    0,    0,    0,    0,    0,    0,  -10,    0,    0,    0,   -7,    0,    0,    0,    0,    0,    0,    0,    0,    0,    0,    0,    0,    0,    0,    0,    0,    0,    0,    0,    0,    0,    0,    0,    0,    0,    0,    0,    0,    0,   -7,    0,    0,    0,    0,    0,    0,    0,    0,   -7,    0,    0,    0,    0,
       0,    0,    0,    0,    0,    0,    0,    0,    0,    0,    0,    0,    0,    0,    0,    0,    0,    0,    0,    0,    0,    0,    0,    0,    0,    0,    0,    0,    0,    0,    0,    0,    0,    0,    0,    0,    0,    0,    0,    0,    0,    0,    0,    0,    0,    0,    0,    0,    0,    0,    0,    0,    0,    0,    0,    0,    0,    0,    0,    0,    0,    0,    0,    0,    0,    0,    0,    0,    0,    0,    0,    0,    0,    0,    0,    0,    0,    0,    0,    0,    0,    0,    0,    0,    0,    0,    0,    0,    0,    0,    0,    0,    0,    0,    0,    0,    0,    0,    0,    0,    0,    0,    0,    0,    0,    0,    0,    0,    0,    0,    0,    0,    0,    0,    0,    0,    0,    0,    0,    0,    0,    0,    0,    0,    0,    0,    0,    0,    0,    0,    0,    0,    0,    0,    0,    0,    0,    0,    0,    0,    0,    0,    0,    0,    0,    0,    0,    0,    0,    0,    0,    0,    0,    0,    0,    0,    0,    0,    0,    0,    0,    0,    0,    0,    0,    0,    0,    0,    0,    0,    0,    0,    0,    0,    0,    0,    0,    0,    0,    0,    0,    0,    0,    0,    0,    0,    0,    0,    0,    0,    0,    0,    0,    0,    0,    0,    0,    0,    0,    0,    0,    0,    0,    0,    0,    0,    0,    0,    0,    0,    0,    0,    0,    0,    0,    0,    0,    0,    0,    0,    0,    0,    0,    0,    0,    0,    0,    0,    0,    0,    0,    0,    0,    0,    0,    0,    0,    0,    0,   -7,    0,    0,    0,    0,    0,    0,    0,    0,    0,    0,    0,    0,    0,
       0,    0,    0,    0,    0,    0,    0,    0,    0,    0,    0,    0,    0,    0,    0,    0,    0,    0,    0,    0,    0,    0,    0,    0,    0,    0,    0,    0,    0,    0,    0,    0,    0,    0,    0,    0,    0,    0,    0,    0,    0,    0,    0,    0,    0,    0,    0,    0,    0,    0,    0,    0,    0,    0,    0,    0,    0,    0,    0,    0,    0,    0,    0,    0,    0,    0,    0,    0,    0,    0,    0,    0,    0,    0,    0,    0,    0,    0,    0,    0,    0,    0,    0,    0,    0,    0,    0,    0,    0,    0,    0,    0,    0,    0,    0,    0,    0,    0,    0,    0,    0,    0,    0,    0,    0,    0,    0,    0,    0,    0,    0,    0,    0,    0,    0,    0,    0,    0,    0,    0,    0,    0,    0,    0,    0,    0,    0,    0,    0,    0,    0,    0,    0,    0,    0,    0,    0,    0,    0,    0,    0,    0,    0,    0,    0,    0,    0,    0,    0,    0,    0,    0,    0,    0,    0,    0,    0,    0,    0,    0,    0,    0,    0,    0,    0,    0,    0,    0,    0,    0,    0,    0,    0,    0,    0,    0,    0,    0,    0,    0,    0,    0,    0,    0,    0,    0,    0,    0,    0,    0,    0,    0,    0,    0,    0,    0,    0,    0,    0,  -10,    0,    0,    0,    0,    0,    0,    0,    0,    0,    0,    0,    0,    0,    0,    0,    0,    0,    0,    0,    0,    0,    0,    0,    0,    0,    0,    0,  -17,   -3,   -7,   -7,    0,    0,    0,    0,    0,    0,    0,    0,    0,    0,    0,    0,    0,    0,    0,    0,    0,    0,    0,    0,  -17,    0,
       0,    0,    0,    0,    0,    0,    0,    0,    0,    0,    0,    0,    0,    0,    0,    0,    0,    0,    0,    0,    0,    0,    0,    0,    0,    0,    0,    0,    0,    0,    0,    0,    0,    0,    0,    0,    0,    0,    0,    0,    0,    0,    0,    0,    0,    0,    0,    0,    0,    0,    0,    0,    0,    0,    0,    0,    0,    0,    0,    0,    0,    0,    0,    0,    0,    0,    0,    0,    0,    0,    0,    0,    0,    0,    0,    0,    0,    0,    0,    0,    0,    0,    0,    0,    0,    0,    0,    0,    0,    0,    0,    0,    0,    0,    0,    0,    0,    0,    0,    0,    0,    0,    0,    0,    0,    0,    0,    0,    0,    0,    0,    0,    0,    0,    0,    0,    0,    0,    0,    0,    0,    0,    0,    0,    0,    0,    0,    0,    0,    0,    0,    0,    0,    0,    0,    0,    0,    0,    0,    0,    0,    0,    0,    0,    0,    0,    0,    0,    0,    0,    0,    0,    0,    0,    0,    0,    0,    0,    0,    0,    0,    0,    0,    0,    0,    0,    0,    0,    0,    0,    0,    0,    0,    0,    0,    0,    0,    0,    0,    0,    0,    0,    0,    0,    0,    0,    0,    0,    0,    0,    0,    0,    0,    0,    0,    0,    0,    0,    0,    0,    0,    0,    0,    0,    0,    0,    0,    0,    0,    0,    0,    0,    0,    0,    0,    0,    0,    0,    0,    0,    0,    0,    0,    0,    0,    0,    0,  -17,    0,    0,    0,    0,    0,    0,    0,    0,    0,    0,    0,    0,    0,    0,    0,    0,    0,    0,    0,    0,    0,    0,    0,    0,    0,
       0,    0,    0,    0,    0,    0,    0,    0,    0,    0,    0,    0,    0,    0,    0,    0,    0,    0,    0,    0,    0,    0,    0,    0,    0,    0,    0,    0,    0,    0,    0,    0,    0,    0,    0,    0,    0,    0,    0,    0,    0,    0,    0,    0,    0,    0,    0,    0,    0,    0,    0,    0,    0,    0,    0,    0,    0,    0,    0,    0,    0,    0,    0,    0,    0,    0,    0,    0,    0,    0,    0,    0,    0,    0,    0,    0,    0,    0,    0,    0,    0,    0,    0,    0,    0,    0,    0,    0,    0,    0,    0,    0,    0,    0,    0,    0,    0,    0,    0,    0,    0,    0,    0,    0,    0,    0,    0,    0,    0,    0,    0,    0,    0,    0,    0,    0,    0,    0,    0,    0,    0,    0,    0,    0,    0,    0,    0,    0,    0,    0,    0,    0,    0,    0,    0,    0,    0,    0,    0,    0,    0,    0,    0,    0,    0,    0,    0,    0,    0,    0,    0,    0,    0,    0,    0,    0,    0,    0,    0,    0,    0,    0,    0,    0,    0,    0,    0,    0,    0,    0,    0,    0,    0,    0,    0,    0,    0,    0,    0,    0,    0,    0,    0,    0,    0,    0,    0,    0,    0,    0,    0,    0,    0,    0,    0,    0,    0,    0,    0,    0,    0,    0,    0,    0,    0,    0,    0,    0,    0,    0,    0,    0,    0,   -7,   -7,    0,    0,    0,    0,    0,    0,    0,    0,    0,    0,    0,   -7,  -17,    0,    0,    0,  -10,  -10,  -10,    0,    0,    0,    0,    0,   -7,  -10,    0,    0,    0,    0,    0,    0,    0,    0,    0,    0,  -17,  -17,
       0,    0,    0,    0,    0,    0,    0,    0,    0,    0,    0,    0,    0,    0,    0,    0,    0,    0,    0,    0,    0,    0,    0,    0,    0,    0,    0,    0,    0,    0,    0,    0,    0,    0,    0,    0,    0,    0,    0,    0,    0,    0,    0,    0,    0,    0,    0,    0,    0,    0,    0,    0,    0,    0,    0,    0,    0,    0,    0,    0,    0,    0,    0,    0,    0,    0,    0,    0,    0,    0,    0,    0,    0,    0,    0,    0,    0,    0,    0,    0,    0,    0,    0,    0,    0,    0,    0,    0,    0,    0,    0,    0,    0,    0,    0,    0,    0,    0,    0,    0,    0,    0,    0,    0,    0,    0,    0,    0,    0,    0,    0,    0,    0,    0,    0,    0,    0,    0,    0,    0,    0,    0,    0,    0,    0,    0,    0,    0,    0,    0,    0,    0,    0,    0,    0,    0,    0,    0,    0,    0,    0,    0,    0,    0,    0,    0,    0,    0,    0,    0,    0,    0,    0,    0,    0,    0,    0,    0,    0,    0,    0,    0,    0,    0,    0,    0,    0,    0,    0,    0,    0,    0,    0,    0,    0,    0,    0,    0,    0,    0,    0,    0,   -7,    0,    0,    0,    0,    0,    0,    0,    0,    0,    0,    0,    0,    0,    0,    0,    0,    0,    0,    0,    0,    0,    0,    0,    0,    0,    0,    0,    0,    0,    0,    0,    0,    0,    0,    0,    0,    0,    0,    0,    0,    0,    0,    0,    0,    0,    0,    0,    0,    0,    0,    0,    0,    0,    0,    0,    0,    0,    0,    0,    0,    0,    0,    0,    0,    0,    0,    0,    0,    0,    0,
       0,    0,    0,    0,    0,    0,    0,    0,    0,    0,    0,    0,    0,    0,    0,    0,    0,    0,    0,    0,    0,    0,    0,    0,    0,    0,    0,    0,    0,    0,    0,    0,    0,    0,    0,    0,    0,    0,    0,    0,    0,    0,    0,    0,    0,    0,    0,    0,    0,    0,    0,    0,    0,    0,    0,    0,    0,    0,    0,    0,    0,    0,    0,    0,    0,    0,    0,    0,    0,    0,    0,    0,    0,    0,    0,    0,    0,    0,    0,    0,    0,    0,    0,    0,    0,    0,    0,    0,    0,    0,    0,    0,    0,    0,    0,    0,    0,    0,    0,    0,    0,    0,    0,    0,    0,    0,    0,    0,    0,    0,    0,    0,    0,    0,    0,    0,    0,    0,    0,    0,    0,    0,    0,    0,    0,    0,    0,    0,    0,    0,    0,    0,    0,    0,    0,    0,    0,    0,    0,    0,    0,    0,    0,    0,    0,    0,    0,    0,    0,    0,    0,    0,    0,    0,    0,    0,    0,    0,    0,    0,    0,    0,    0,    0,    0,    0,    0,    0,    0,    0,    0,    0,  -20,  -20,    0,    0,    0,    0,    0,    0,    0,  -13,  -13,  -13,    0,    0,    0,    0,    0,    0,    0,    0,    0,    0,    0,    0,    0,    0,  -13,  -13,    0,    0,    0,    0,    0,    0,    0,    0,    0,    0,   -7,   -7,   -7,  -17,  -17,    0,    0,    0,    0,    0,   -7,    0,    0,    0,    0,    0,    0,  -20,   -7,   -3,   -3,  -20,  -20,  -20,    0,    0,    0,    0,    0,  -10,  -13,    0,    0,    0,    0,    0,    0,    0,  -17,    0,    0,    0,    0,
};

static const EpdLigaturePair ubuntu_jp_10_regularLigaturePairs[] = {
    { 0x00660066, 0xFB00 }, // f f -> U+FB00
    { 0x00660069, 0xFB01 }, // f i -> U+FB01
    { 0x0066006C, 0xFB02 }, // f l -> U+FB02
    { 0xFB000069, 0xFB03 }, // U+FB00 i -> U+FB03
    { 0xFB00006C, 0xFB04 }, // U+FB00 l -> U+FB04
};

static const EpdFontData ubuntu_jp_10_regular = {
    ubuntu_jp_10_regularBitmaps,
    ubuntu_jp_10_regularGlyphs,
    ubuntu_jp_10_regularIntervals,
    286,
    24,
    20,
    -4,
    true,
    ubuntu_jp_10_regularGroups,
    15,
    nullptr,
    ubuntu_jp_10_regularKernLeftClasses,
    ubuntu_jp_10_regularKernRightClasses,
    ubuntu_jp_10_regularKernMatrix,
    625,
    680,
    258,
    253,
    ubuntu_jp_10_regularLigaturePairs,
    5,
};
