/**
 * generated by fontconvert.py
 * name: ubuntu_jp_10_bold
 * size: 10
 * mode: 2-bit  compressed: true
 * Command used: fontconvert.py ubuntu_jp_10_bold 10 ../builtinFonts/source/Ubuntu/Ubuntu-Bold.ttf ../builtinFonts/source/NotoSansJP/NotoSansCJKjp-Regular.otf --2bit --compress --additional-intervals 0x3040,0x30FF --additional-intervals 0xFF00,0xFFEF --additional-intervals 0x4E00,0x4E00 --additional-intervals 0x4E0A,0x4E0A --additional-intervals 0x4E0B,0x4E0B --additional-intervals 0x4E21,0x4E21 --additional-intervals 0x4E2D,0x4E2D --additional-intervals 0x4E86,0x4E86 --additional-intervals 0x4ED6,0x4ED6 --additional-intervals 0x4ED8,0x4ED8 --additional-intervals 0x4EF6,0x4EF6 --additional-intervals 0x4F4D,0x4F4D --additional-intervals 0x4F53,0x4F53 --additional-intervals 0x4F59,0x4F59 --additional-intervals 0x4F5C,0x4F5C --additional-intervals 0x4F7F,0x4F7F --additional-intervals 0x4FDD,0x4FDD --additional-intervals 0x4FE1,0x4FE1 --additional-intervals 0x4FEE,0x4FEE --additional-intervals 0x50CF,0x50CF --additional-intervals 0x5143,0x5143 --additional-intervals 0x5148,0x5148 --additional-intervals 0x5149,0x5149 --additional-intervals 0x5165,0x5165 --additional-intervals 0x5168,0x5168 --additional-intervals 0x5185,0x5185 --additional-intervals 0x518D,0x518D --additional-intervals 0x51FA,0x51FA --additional-intervals 0x5206,0x5206 --additional-intervals 0x5207,0x5207 --additional-intervals 0x523B,0x523B --additional-intervals 0x524A,0x524A --additional-intervals 0x524D,0x524D --additional-intervals 0x5272,0x5272 --additional-intervals 0x529B,0x529B --additional-intervals 0x529F,0x529F --additional-intervals 0x52A0,0x52A0 --additional-intervals 0x52D5,0x52D5 --additional-intervals 0x5316,0x5316 --additional-intervals 0x539F,0x539F --additional-intervals 0x53BB,0x53BB --additional-intervals 0x53C2,0x53C2 --additional-intervals 0x53CD,0x53CD --additional-intervals 0x53D6,0x53D6 --additional-intervals 0x53D7,0x53D7 --additional-intervals 0x53EF,0x53EF --additional-intervals 0x53F3,0x53F3 --additional-intervals 0x53F7,0x53F7 --additional-intervals 0x5404,0x5404 --additional-intervals 0x5408,0x5408 --additional-intervals 0x540C,0x540C --additional-intervals 0x540D,0x540D --additional-intervals 0x5411,0x5411 --additional-intervals 0x544A,0x544A --additional-intervals 0x56DE,0x56DE --additional-intervals 0x56E0,0x56E0 --additional-intervals 0x56F2,0x56F2 --additional-intervals 0x5728,0x5728 --additional-intervals 0x57CB,0x57CB --additional-intervals 0x5831,0x5831 --additional-intervals 0x5916,0x5916 --additional-intervals 0x5927,0x5927 --additional-intervals 0x592A,0x592A --additional-intervals 0x592E,0x592E --additional-intervals 0x5931,0x5931 --additional-intervals 0x5B57,0x5B57 --additional-intervals 0x5B58,0x5B58 --additional-intervals 0x5B8C,0x5B8C --additional-intervals 0x5B9A,0x5B9A --additional-intervals 0x5B9B,0x5B9B --additional-intervals 0x5BB3,0x5BB3 --additional-intervals 0x5C0F,0x5C0F --additional-intervals 0x5C3E,0x5C3E --additional-intervals 0x5DE6,0x5DE6 --additional-intervals 0x5E38,0x5E38 --additional-intervals 0x5E83,0x5E83 --additional-intervals 0x5EA6,0x5EA6 --additional-intervals 0x5F53,0x5F53 --additional-intervals 0x5F79,0x5F79 --additional-intervals 0x5F97,0x5F97 --additional-intervals 0x60C5,0x60C5 --additional-intervals 0x6210,0x6210 --additional-intervals 0x623B,0x623B --additional-intervals 0x629E,0x629E --additional-intervals 0x62BC,0x62BC --additional-intervals 0x6357,0x6357 --additional-intervals 0x63A5,0x63A5 --additional-intervals 0x63C3,0x63C3 --additional-intervals 0x64AE,0x64AE --additional-intervals 0x64CD,0x64CD --additional-intervals 0x6557,0x6557 --additional-intervals 0x6570,0x6570 --additional-intervals 0x6587,0x6587 --additional-intervals 0x65B0,0x65B0 --additional-intervals 0x65B9,0x65B9 --additional-intervals 0x65E2,0x65E2 --additional-intervals 0x65E5,0x65E5 --additional-intervals 0x6642,0x6642 --additional-intervals 0x6697,0x6697 --additional-intervals 0x66F8,0x66F8 --additional-intervals 0x66FF,0x66FF --additional-intervals 0x6700,0x6700 --additional-intervals 0x671F,0x671F --additional-intervals 0x672A,0x672A --additional-intervals 0x672B,0x672B --additional-intervals 0x672C,0x672C --additional-intervals 0x6790,0x6790 --additional-intervals 0x691C,0x691C --additional-intervals 0x6A19,0x6A19 --additional-intervals 0x6A2A,0x6A2A --additional-intervals 0x6B21,0x6B21 --additional-intervals 0x6B63,0x6B63 --additional-intervals 0x6B8B,0x6B8B --additional-intervals 0x6BB5,0x6BB5 --additional-intervals 0x6CE8,0x6CE8 --additional-intervals 0x6D88,0x6D88 --additional-intervals 0x6DFB,0x6DFB --additional-intervals 0x6E08,0x6E08 --additional-intervals 0x6E90,0x6E90 --additional-intervals 0x6E96,0x6E96 --additional-intervals 0x7121,0x7121 --additional-intervals 0x7167,0x7167 --additional-intervals 0x7279,0x7279 --additional-intervals 0x72ED,0x72ED --additional-intervals 0x7387,0x7387 --additional-intervals 0x73FE,0x73FE --additional-intervals 0x7528,0x7528 --additional-intervals 0x753B,0x753B --additional-intervals 0x756A,0x756A --additional-intervals 0x767D,0x767D --additional-intervals 0x7684,0x7684 --additional-intervals 0x76EE,0x76EE --additional-intervals 0x77ED,0x77ED --additional-intervals 0x78BA,0x78BA --additional-intervals 0x793A,0x793A --additional-intervals 0x79F0,0x79F0 --additional-intervals 0x79FB,0x79FB --additional-intervals 0x7A7A,0x7A7A --additional-intervals 0x7AE0,0x7AE0 --additional-intervals 0x7AEF,0x7AEF --additional-intervals 0x7B2C,0x7B2C --additional-intervals 0x7B97,0x7B97 --additional-intervals 0x7BC4,0x7BC4 --additional-intervals 0x7D22,0x7D22 --additional-intervals 0x7D30,0x7D30 --additional-intervals 0x7D42,0x7D42 --additional-intervals 0x7D9A,0x7D9A --additional-intervals 0x7DE8,0x7DE8 --additional-intervals 0x7E26,0x7E26 --additional-intervals 0x7F6E,0x7F6E --additional-intervals 0x80FD,0x80FD --additional-intervals 0x811A,0x811A --additional-intervals 0x81EA,0x81EA --additional-intervals 0x822C,0x822C --additional-intervals 0x8272,0x8272 --additional-intervals 0x843D,0x843D --additional-intervals 0x884C,0x884C --additional-intervals 0x8868,0x8868 --additional-intervals 0x898B,0x898B --additional-intervals 0x8996,0x8996 --additional-intervals 0x89A7,0x89A7 --additional-intervals 0x89E3,0x89E3 --additional-intervals 0x8A00,0x8A00 --additional-intervals 0x8A08,0x8A08 --additional-intervals 0x8A18,0x8A18 --additional-intervals 0x8A2D,0x8A2D --additional-intervals 0x8A3C,0x8A3C --additional-intervals 0x8A66,0x8A66 --additional-intervals 0x8A73,0x8A73 --additional-intervals 0x8A8D,0x8A8D --additional-intervals 0x8A9E,0x8A9E --additional-intervals 0x8AAD,0x8AAD --additional-intervals 0x8D77,0x8D77 --additional-intervals 0x8EE2,0x8EE2 --additional-intervals 0x8FBC,0x8FBC --additional-intervals 0x8FD1,0x8FD1 --additional-intervals 0x8FFD,0x8FFD --additional-intervals 0x9000,0x9000 --additional-intervals 0x9001,0x9001 --additional-intervals 0x9032,0x9032 --additional-intervals 0x9069,0x9069 --additional-intervals 0x9078,0x9078 --additional-intervals 0x914D,0x914D --additional-intervals 0x91CF,0x91CF --additional-intervals 0x9332,0x9332 --additional-intervals 0x9577,0x9577 --additional-intervals 0x958B,0x958B --additional-intervals 0x9593,0x9593 --additional-intervals 0x9664,0x9664 --additional-intervals 0x9694,0x9694 --additional-intervals 0x969C,0x969C --additional-intervals 0x96A0,0x96A0 --additional-intervals 0x96C6,0x96C6 --additional-intervals 0x96FB,0x96FB --additional-intervals 0x975E,0x975E --additional-intervals 0x9762,0x9762 --additional-intervals 0x983B,0x983B
 */
#pragma once
#include "EpdFontData.h"

static const uint8_t ubuntu_jp_10_boldBitmaps[41748] = {
    0x9D, 0x57, 0xBD, 0x8E, 0xDD, 0xC6, 0x15, 0x3E, 0x24, 0x1D, 0x4D, 0x02, 0x16, 0x4C, 0xE1, 0x62,
    0x8D, 0x0D, 0xC2, 0x46, 0x85, 0x2B, 0x4F, 0x1D, 0x20, 0xAB, 0xA1, 0xA4, 0x22, 0x30, 0x52, 0xE4,
    0x15, 0x5C, 0xA4, 0x4C, 0xAC, 0x17, 0xD0, 0xDE, 0x61, 0xBC, 0x0F, 0x10, 0x3D, 0x48, 0xDA, 0x00,
    0x2E, 0x76, 0xC9, 0x91, 0x54, 0x6C, 0xE1, 0xC2, 0x74, 0x5C, 0xB8, 0x70, 0x11, 0x02, 0x11, 0x10,
    0x03, 0x02, 0xA2, 0x49, 0x30, 0x05, 0x15, 0x0D, 0x79, 0xF2, 0x9D, 0xB9, 0xBC, 0x77, 0x7F, 0x74,
    0x23, 0x21, 0xB9, 0x73, 0x86, 0x97, 0x73, 0xE6, 0xFF, 0x9C, 0xEF, 0xFC, 0xB0, 0xEB, 0xD2, 0x6F,
    0x73, 0x7A, 0x42, 0xA7, 0xCC, 0xA7, 0x71, 0xB3, 0x2D, 0xE7, 0x27, 0x5F, 0x9E, 0x64, 0xE1, 0x1E,
    0x65, 0xFE, 0x94, 0x72, 0x7F, 0x4E, 0x05, 0x2A, 0x33, 0xB7, 0x52, 0xD5, 0x37, 0x81, 0xCA, 0xA7,
    0x81, 0xAA, 0x67, 0x7E, 0xCF, 0xAB, 0x1F, 0x8E, 0xA4, 0xD5, 0x40, 0xBA, 0x74, 0x64, 0x2A, 0x47,
    0x74, 0x2A, 0x94, 0xF3, 0x58, 0x71, 0xD0, 0xEC, 0x4D, 0xFB, 0x99, 0x69, 0x49, 0x4F, 0x54, 0xB1,
    0xCB, 0xD8, 0xD3, 0xF1, 0x44, 0x59, 0xFC, 0x28, 0x8F, 0x86, 0x27, 0xC3, 0xFE, 0x98, 0xDB, 0xED,
    0x78, 0x50, 0x19, 0x28, 0x92, 0x9E, 0xF3, 0x40, 0xF7, 0x74, 0xE1, 0xE9, 0x97, 0x75, 0x39, 0xE0,
    0x51, 0xB5, 0x68, 0x6A, 0x42, 0xC7, 0x86, 0x30, 0x24, 0xDA, 0x96, 0xB2, 0x09, 0xEB, 0x14, 0xFF,
    0xFA, 0x67, 0x20, 0xF5, 0xED, 0x88, 0x85, 0x9F, 0xE3, 0xA1, 0x1F, 0xA0, 0x69, 0x08, 0x1D, 0xE7,
    0x84, 0x21, 0x7D, 0x4B, 0x05, 0x8F, 0x54, 0xA2, 0x5D, 0x3E, 0x93, 0x33, 0x63, 0xC2, 0x9B, 0x11,
    0xA7, 0x72, 0xE0, 0x29, 0xA7, 0x5F, 0x5D, 0x3A, 0x53, 0xBE, 0x71, 0xF7, 0x72, 0x6E, 0x4D, 0xC3,
    0x8D, 0x91, 0x7B, 0x30, 0x8F, 0x39, 0x9F, 0x85, 0x88, 0xDF, 0xF9, 0x97, 0xE4, 0x0A, 0x5F, 0x8E,
    0x95, 0xD3, 0xE8, 0x37, 0x64, 0x69, 0xB3, 0x16, 0x8B, 0x4D, 0x4C, 0xA3, 0xDB, 0xCA, 0x95, 0x23,
    0x0E, 0xE9, 0x8E, 0xE8, 0x02, 0x1C, 0x69, 0x57, 0x43, 0x39, 0x2A, 0x5F, 0xAC, 0x45, 0xC9, 0xEC,
    0x21, 0xCD, 0xC7, 0x88, 0x23, 0xA2, 0x89, 0x28, 0xD0, 0xD1, 0x9F, 0x9D, 0xE1, 0x41, 0xF3, 0x13,
    0xB5, 0x50, 0xF5, 0xD7, 0x36, 0xFF, 0x94, 0xB2, 0x70, 0x45, 0xCC, 0x7E, 0x4B, 0xD7, 0x99, 0xD8,
    0x5E, 0x0A, 0xB6, 0xFE, 0x1D, 0xD9, 0x49, 0xCA, 0x27, 0x64, 0x1B, 0xDB, 0x7C, 0x42, 0x94, 0x4F,
    0x50, 0x0E, 0x29, 0x5C, 0x71, 0x20, 0x08, 0xBE, 0x86, 0xFC, 0x1B, 0x1C, 0x06, 0x43, 0x69, 0x26,
    0xC8, 0x52, 0xFA, 0x83, 0x0C, 0x29, 0x47, 0xAA, 0x06, 0xE9, 0xD7, 0xAD, 0xF4, 0x5B, 0xA2, 0x6C,
    0x69, 0x14, 0x0F, 0x15, 0x7B, 0xFD, 0x7C, 0x32, 0xF7, 0xA3, 0x21, 0x21, 0x4B, 0xEB, 0x0B, 0x38,
    0xE0, 0xA3, 0x17, 0x63, 0x30, 0x92, 0x4E, 0x68, 0x56, 0xB3, 0x9E, 0xED, 0xFC, 0x8B, 0x0B, 0x7A,
    0xAB, 0xE4, 0x4B, 0xA3, 0x79, 0x84, 0x2E, 0x7F, 0xAE, 0xC2, 0xD5, 0x7E, 0xDA, 0x51, 0x4F, 0x79,
    0xA4, 0xD2, 0xCB, 0xD1, 0x34, 0x43, 0xDF, 0x42, 0xB8, 0xB7, 0x61, 0x07, 0x58, 0x1C, 0xA1, 0x43,
    0x46, 0x0E, 0x05, 0xB7, 0xA2, 0x29, 0xDC, 0x02, 0xC7, 0xCD, 0xA7, 0xBB, 0x2A, 0x60, 0x29, 0xCB,
    0xC3, 0xF1, 0x42, 0x32, 0x59, 0x7B, 0xB2, 0xC0, 0x9A, 0x2F, 0xDE, 0x78, 0xF5, 0x77, 0x5F, 0x5D,
    0x7A, 0xAD, 0xFC, 0x3D, 0xE5, 0x7B, 0x9E, 0xB7, 0x24, 0x13, 0x13, 0xE1, 0xB4, 0x2B, 0x39, 0xD9,
    0xB1, 0x7A, 0x2D, 0x80, 0xAB, 0x05, 0x70, 0x61, 0xBB, 0xF2, 0x87, 0x69, 0x65, 0xB3, 0x5D, 0xF9,
    0x8E, 0xA7, 0xDE, 0x17, 0xEC, 0xCB, 0xD7, 0x49, 0x2C, 0x40, 0x81, 0x74, 0x4D, 0x26, 0xDF, 0x49,
    0xE0, 0x59, 0xAC, 0x39, 0x94, 0x3C, 0x66, 0x02, 0x8E, 0xF5, 0xF0, 0x3B, 0x51, 0xEE, 0xE4, 0xD8,
    0xAD, 0x72, 0xCE, 0xA6, 0x2B, 0x51, 0x63, 0x3C, 0x66, 0x61, 0xAE, 0xFE, 0x62, 0x32, 0xD9, 0xA4,
    0xBF, 0x08, 0xF5, 0x4B, 0x88, 0xD1, 0x89, 0xA8, 0x1F, 0xAC, 0xB2, 0xC5, 0x52, 0x68, 0x02, 0x7A,
    0x10, 0x5D, 0x25, 0x70, 0xF0, 0xE6, 0xE1, 0x64, 0x33, 0x91, 0xBF, 0x4D, 0xBD, 0x35, 0xC7, 0x9C,
    0xD3, 0x8A, 0x8F, 0x7C, 0x8D, 0xB9, 0x00, 0xCB, 0x48, 0x7B, 0xB5, 0xA7, 0xDF, 0xAE, 0x75, 0x93,
    0x4B, 0x37, 0xE0, 0x42, 0x19, 0x4E, 0x3A, 0x2A, 0x86, 0xB4, 0x1A, 0x88, 0x98, 0x89, 0xF0, 0xC4,
    0x3B, 0x38, 0xE0, 0xA3, 0x77, 0x0F, 0xB8, 0xED, 0xDC, 0x7D, 0xF3, 0xB7, 0x24, 0x06, 0xC4, 0x90,
    0x0D, 0xF4, 0xDF, 0x43, 0x83, 0x22, 0x2D, 0xBC, 0x83, 0x03, 0x3E, 0x7A, 0x61, 0xC4, 0x96, 0x45,
    0x93, 0x77, 0xB5, 0x5B, 0x71, 0xD5, 0x53, 0x36, 0xAF, 0x32, 0x50, 0xA3, 0xAC, 0x56, 0x0C, 0xA2,
    0x3F, 0x51, 0xF3, 0x00, 0x4D, 0xF2, 0x13, 0x59, 0x3F, 0x92, 0x9A, 0xB2, 0xBE, 0x49, 0x2A, 0x32,
    0x30, 0xB6, 0xF1, 0xB4, 0xE2, 0x6F, 0xFC, 0xB9, 0xF9, 0xD5, 0x10, 0xA6, 0x8D, 0xC2, 0xE3, 0x62,
    0xFF, 0xD8, 0xA8, 0xD4, 0xF1, 0x97, 0xF1, 0x31, 0x0C, 0xD3, 0x99, 0x3B, 0xF3, 0x42, 0x75, 0x8B,
    0x65, 0xA1, 0xB1, 0x06, 0x52, 0x66, 0x2C, 0x7A, 0x2C, 0x8B, 0x02, 0xD8, 0x02, 0x12, 0x32, 0xA8,
    0x3D, 0x8C, 0x6C, 0x86, 0x3E, 0xE2, 0x4C, 0x79, 0xB0, 0x38, 0x8A, 0xC1, 0x59, 0x60, 0x9B, 0x2C,
    0xF2, 0x17, 0x41, 0x03, 0xA7, 0x8D, 0xF2, 0xE8, 0x09, 0x02, 0x4E, 0xD8, 0x21, 0xAE, 0x21, 0x57,
    0x89, 0xB0, 0x89, 0x79, 0x5B, 0x53, 0x3B, 0xA0, 0x4A, 0x9B, 0x51, 0xD7, 0x92, 0xE1, 0x9D, 0x97,
    0xD4, 0x2F, 0xF3, 0x60, 0x8B, 0xA4, 0x98, 0x21, 0x21, 0x20, 0x7A, 0x38, 0x82, 0x16, 0xB0, 0x3D,
    0x8E, 0x07, 0x6C, 0x09, 0x28, 0xD2, 0x3F, 0x04, 0x4E, 0x3D, 0xF8, 0x66, 0xF8, 0x11, 0xE6, 0x2C,
    0x10, 0x02, 0xA7, 0x33, 0x02, 0x6E, 0xEB, 0x3E, 0x2C, 0xEB, 0xB6, 0xF0, 0x29, 0xCE, 0x42, 0x8C,
    0x16, 0x97, 0xB9, 0xAA, 0xD2, 0x06, 0x1F, 0x80, 0xBA, 0xDA, 0x37, 0xCD, 0x5B, 0x29, 0xD9, 0xB1,
    0x90, 0x98, 0x4B, 0xA2, 0x2B, 0x4E, 0xDC, 0x51, 0x58, 0xE9, 0xAA, 0x6B, 0x5C, 0x69, 0xCF, 0xD9,
    0xD1, 0xCD, 0x1B, 0xFD, 0xE4, 0xD6, 0x8D, 0x4C, 0x03, 0x6E, 0xD3, 0xA3, 0x5A, 0xC1, 0xD7, 0x60,
    0x1A, 0xA8, 0x05, 0x48, 0xE2, 0x86, 0xFA, 0x7F, 0x63, 0xBA, 0x6E, 0x0F, 0x56, 0xF8, 0xD5, 0x7D,
    0xFD, 0x6F, 0x63, 0x6E, 0xFE, 0xC4, 0xC2, 0xDE, 0x41, 0xD5, 0x78, 0xB7, 0x1E, 0x2C, 0x3B, 0xC0,
    0xB8, 0x7E, 0x2D, 0x7A, 0x69, 0x6C, 0x06, 0xE9, 0x14, 0x90, 0x26, 0x6C, 0xC4, 0x22, 0xD4, 0x58,
    0x1C, 0xD8, 0x46, 0x54, 0xA8, 0xC1, 0xE2, 0x12, 0x16, 0x10, 0xB5, 0x40, 0xB0, 0x55, 0x18, 0x93,
    0xEF, 0xB4, 0x2A, 0x12, 0xA7, 0xF7, 0xD3, 0x4E, 0x80, 0x58, 0x03, 0x32, 0x80, 0x33, 0x24, 0x33,
    0x16, 0x78, 0xC0, 0x77, 0x90, 0x99, 0x4A, 0x3C, 0x62, 0x05, 0xA1, 0x9C, 0xD6, 0x88, 0x11, 0xC6,
    0xC0, 0xEC, 0xF4, 0x05, 0x1E, 0x55, 0x34, 0x4D, 0x57, 0x4D, 0x78, 0x28, 0xAF, 0x9B, 0xAE, 0x90,
    0x07, 0x50, 0xDA, 0x5C, 0x50, 0xBA, 0x73, 0xE5, 0x2C, 0xE2, 0x85, 0x45, 0x74, 0xB0, 0xF0, 0x56,
    0x36, 0xA2, 0x76, 0xA8, 0xE6, 0x37, 0xCE, 0x56, 0x5F, 0x3B, 0x5B, 0xBE, 0x72, 0xB6, 0x60, 0x9C,
    0x4F, 0x6A, 0xEF, 0xAE, 0xA1, 0x03, 0x17, 0x79, 0xB1, 0xEA, 0x08, 0x26, 0x31, 0xE8, 0xD1, 0x36,
    0xA5, 0xEF, 0x81, 0xE6, 0x05, 0x15, 0xD6, 0x37, 0x2D, 0x09, 0xD9, 0x45, 0x10, 0xBE, 0xF4, 0xCB,
    0x38, 0x95, 0x50, 0xF7, 0x42, 0xD0, 0x93, 0xEE, 0x12, 0x21, 0x30, 0x4B, 0x9D, 0x10, 0x5E, 0x56,
    0x90, 0xB4, 0x6F, 0x81, 0xE1, 0xFF, 0xDD, 0x28, 0x48, 0x94, 0x86, 0xF5, 0x8B, 0x81, 0x3E, 0x72,
    0x1A, 0xD1, 0x63, 0x6B, 0x4E, 0x71, 0x15, 0xFE, 0xB2, 0xAD, 0xF9, 0xB2, 0xE5, 0xA5, 0xBE, 0xEB,
    0x0A, 0x8A, 0x3B, 0xB3, 0x6B, 0x32, 0x09, 0x50, 0xD3, 0x9A, 0x42, 0x20, 0xB0, 0x21, 0xC8, 0x2D,
    0x8D, 0xC4, 0x8A, 0x47, 0x51, 0x22, 0x0B, 0xCD, 0x1F, 0x65, 0x73, 0x72, 0xCC, 0xF0, 0xD3, 0x6D,
    0x0F, 0x24, 0xEE, 0xAA, 0xF8, 0xE6, 0xFF, 0xA5, 0xF6, 0x2B, 0xB2, 0xDF, 0x57, 0x53, 0xEC, 0x6F,
    0x39, 0xD9, 0x32, 0x4E, 0x06, 0x2F, 0xF4, 0x24, 0x05, 0x39, 0xDB, 0x14, 0xC1, 0xB4, 0x50, 0xB5,
    0x2B, 0x7D, 0x8D, 0x3C, 0xA0, 0x1A, 0x6B, 0xBC, 0xE9, 0x16, 0xDC, 0xA6, 0x80, 0xA1, 0x66, 0xB1,
    0x4B, 0x7E, 0x29, 0xF9, 0x27, 0xF1, 0x53, 0xE2, 0xAF, 0xE0, 0xB7, 0x44, 0xCE, 0xB3, 0x9C, 0x01,
    0x70, 0xD9, 0x64, 0xD1, 0xB4, 0x7D, 0x3E, 0x69, 0xC7, 0x79, 0xA8, 0x9F, 0xF2, 0xC3, 0x50, 0x3D,
    0xE3, 0x33, 0x5F, 0x7D, 0xFB, 0xF2, 0xD2, 0x97, 0x7F, 0xFB, 0xEE, 0xBB, 0x51, 0xBD, 0x79, 0xFE,
    0x12, 0xC1, 0xF2, 0x8C, 0x5D, 0xC1, 0xF7, 0xD9, 0xE5, 0x4C, 0xDC, 0x00, 0x8E, 0x4C, 0xC9, 0x71,
    0xD9, 0xB6, 0x1E, 0xF4, 0x60, 0x5C, 0x05, 0x2D, 0xA9, 0xD7, 0x70, 0x7F, 0x90, 0xAD, 0x24, 0x43,
    0x64, 0xA1, 0x06, 0x83, 0xA4, 0xAC, 0x97, 0xD0, 0x84, 0x90, 0xC2, 0x12, 0x92, 0xA1, 0xD7, 0x01,
    0x66, 0xEC, 0x12, 0xB0, 0xC6, 0x1E, 0x46, 0x65, 0x5A, 0xED, 0xB4, 0x33, 0x4D, 0x85, 0x56, 0xE9,
    0xA1, 0xE1, 0x05, 0x6E, 0x54, 0xE6, 0x43, 0xDC, 0x69, 0x3E, 0x3C, 0xFC, 0xA1, 0x8A, 0xC4, 0x69,
    0x5F, 0xA9, 0x88, 0x29, 0x64, 0x63, 0x71, 0xCC, 0x69, 0x93, 0xFF, 0x13, 0x3D, 0x21, 0x28, 0x48,
    0xFC, 0x92, 0x38, 0x91, 0xC6, 0xD9, 0xB5, 0x9A, 0x29, 0x15, 0x7A, 0x47, 0x49, 0x23, 0x6C, 0x52,
    0x12, 0x36, 0xAB, 0x53, 0x64, 0x2F, 0x53, 0xB2, 0x50, 0xA4, 0xA8, 0x4E, 0x31, 0x79, 0xDB, 0x2E,
    0x8D, 0x00, 0x46, 0xD6, 0x11, 0x43, 0x1A, 0x21, 0x19, 0x05, 0xC2, 0x19, 0x4A, 0xF1, 0x8E, 0xB2,
    0x1D, 0x81, 0x44, 0x06, 0xC7, 0x45, 0x48, 0x56, 0xAF, 0x5C, 0x75, 0x39, 0xD6, 0x67, 0xC1, 0x64,
    0x71, 0x43, 0xF3, 0xCF, 0xE8, 0x33, 0xE6, 0x69, 0x4B, 0x3F, 0x46, 0x1E, 0x64, 0xB0, 0x7E, 0xDE,
    0x96, 0x29, 0x6E, 0x23, 0x86, 0x7F, 0x50, 0xF8, 0x3B, 0x08, 0xEC, 0x1C, 0x4C, 0x91, 0x48, 0x32,
    0xDE, 0xA0, 0x78, 0xFC, 0x3C, 0x9D, 0x69, 0x4F, 0xBD, 0xE0, 0x72, 0xE8, 0xD9, 0x77, 0x2A, 0x74,
    0xF9, 0xD4, 0x65, 0x93, 0x3C, 0x55, 0xE8, 0x25, 0x34, 0xC3, 0x46, 0x30, 0x62, 0x48, 0xE9, 0x98,
    0xD3, 0x43, 0xB3, 0xCD, 0xE1, 0xB6, 0x80, 0xAF, 0x79, 0x94, 0x1C, 0xA4, 0x87, 0x40, 0xFF, 0x94,
    0x2E, 0xBB, 0x52, 0xB6, 0xC4, 0x32, 0xA5, 0x09, 0xC6, 0x01, 0x3B, 0x29, 0xAD, 0xC0, 0x73, 0x10,
    0x0E, 0xF8, 0x59, 0xFF, 0x03, 0xE2, 0xB4, 0x92, 0x6C, 0x28, 0xEA, 0x16, 0x06, 0x32, 0x0B, 0xC9,
    0x82, 0x3F, 0x4D, 0x49, 0x0D, 0x42, 0xF0, 0x0B, 0x24, 0x62, 0x1A, 0x2A, 0x10, 0x6B, 0x4C, 0x27,
    0x9C, 0x57, 0xEA, 0xE8, 0x30, 0x61, 0xCA, 0xED, 0x1D, 0xFF, 0x80, 0x00, 0x8A, 0x44, 0x26, 0xE6,
    0x8B, 0x1C, 0xE9, 0x83, 0x02, 0xEF, 0x01, 0x09, 0x57, 0xC9, 0xCD, 0xED, 0xEB, 0x2F, 0x90, 0x00,
    0x3C, 0xF6, 0xD8, 0x95, 0x1E, 0xCE, 0xF0, 0x6D, 0x3A, 0x61, 0x3E, 0xA1, 0xEE, 0xEA, 0x47, 0xA1,
    0x88, 0x00, 0x53, 0x90, 0x14, 0xF7, 0x50, 0x29, 0x26, 0x13, 0xAC, 0xB7, 0xED, 0xAD, 0x7D, 0x44,
    0xBA, 0xF5, 0xD0, 0xD9, 0x46, 0xAE, 0x32, 0xA5, 0xDB, 0xF4, 0xD4, 0x19, 0xD7, 0x55, 0x43, 0xDA,
    0x79, 0xFA, 0x1C, 0xA3, 0x0E, 0x95, 0x1E, 0x66, 0x62, 0x5C, 0xE9, 0xF4, 0xAC, 0x47, 0x38, 0x90,
    0x88, 0x3A, 0x77, 0xD5, 0xB8, 0x74, 0xE5, 0xB8, 0xE9, 0xD4, 0xE1, 0xAA, 0xDF, 0x77, 0xA9, 0xA4,
    0x02, 0x08, 0x24, 0xEA, 0xA7, 0x10, 0x7E, 0x27, 0x01, 0xA2, 0xE9, 0xF0, 0x0E, 0x0E, 0xF8, 0x59,
    0xDF, 0xEE, 0x56, 0x38, 0x88, 0x0A, 0xA0, 0xA5, 0xB9, 0x7E, 0x37, 0xEA, 0x7F, 0x50, 0x49, 0xFE,
    0x7A, 0xB8, 0xA6, 0x71, 0x27, 0x9C, 0xBD, 0x0A, 0xF6, 0x74, 0x3C, 0xF7, 0x28, 0xB7, 0x6F, 0x99,
    0x33, 0x50, 0xDB, 0x6A, 0x24, 0xB4, 0xF7, 0xA1, 0x78, 0xC4, 0x6F, 0x77, 0xA7, 0x77, 0x1F, 0x56,
    0x03, 0xD2, 0x38, 0x03, 0xFE, 0x4C, 0xBF, 0xDF, 0x0A, 0xE3, 0xC6, 0x64, 0x88, 0x66, 0x36, 0x4B,
    0x39, 0x1F, 0xBC, 0xA2, 0x55, 0x48, 0x9A, 0x01, 0x7F, 0x24, 0xB8, 0x4F, 0x3A, 0x24, 0xAF, 0xF0,
    0x61, 0x0F, 0x26, 0x7D, 0xE6, 0xEB, 0x4B, 0x5F, 0x7D, 0x35, 0x20, 0x8E, 0x21, 0xB9, 0xC7, 0xAE,
    0x59, 0x72, 0x52, 0x5D, 0x31, 0x42, 0x06, 0x98, 0x44, 0x46, 0x79, 0x7C, 0x34, 0xFD, 0xDA, 0x47,
    0xAA, 0xFF, 0x18, 0x22, 0x3E, 0x84, 0x2E, 0xF0, 0x11, 0xF7, 0x8F, 0x0D, 0x12, 0xC7, 0x19, 0xDE,
    0xB1, 0x88, 0xC8, 0x4D, 0xF3, 0x08, 0x53, 0xCE, 0x82, 0x44, 0xBC, 0x2C, 0x62, 0xC5, 0xEA, 0x7B,
    0xF8, 0x3E, 0x71, 0x7A, 0x88, 0x1D, 0xB9, 0xE4, 0x1D, 0xAE, 0xFA, 0x0A, 0x59, 0x73, 0xD8, 0x50,
    0x5C, 0x37, 0xCE, 0xD3, 0xC6, 0xCF, 0x6F, 0x6C, 0xBC, 0xF5, 0x8E, 0x59, 0x94, 0xD4, 0xA6, 0x17,
    0x85, 0x50, 0x4A, 0xF3, 0x41, 0xA3, 0x38, 0xA8, 0x4E, 0x5C, 0x08, 0x3C, 0x85, 0x7C, 0x38, 0xED,
    0x92, 0x28, 0x1C, 0x73, 0x51, 0x8B, 0xF2, 0x6A, 0x90, 0x52, 0x4A, 0x8C, 0x6E, 0x51, 0xE4, 0xEB,
    0x2E, 0x71, 0xD0, 0xB3, 0x20, 0x01, 0xE8, 0xCC, 0x81, 0xDF, 0x4C, 0xF8, 0x22, 0x76, 0xF8, 0x32,
    0x1C, 0xB6, 0x05, 0x5F, 0x83, 0x80, 0xB1, 0x8A, 0xE5, 0xB8, 0x6D, 0x57, 0x03, 0x3B, 0x76, 0xC8,
    0x03, 0x87, 0x8F, 0xF5, 0xF4, 0x18, 0xA1, 0xEB, 0xB1, 0x09, 0x1F, 0xAB, 0xF1, 0x3F, 0xAD, 0x58,
    0x3F, 0x6F, 0xE5, 0xC6, 0x11, 0x1F, 0x92, 0x67, 0x51, 0xF6, 0x26, 0xA0, 0x8A, 0x00, 0x11, 0x92,
    0x18, 0x54, 0xE1, 0x00, 0x41, 0x10, 0x1C, 0x5D, 0x18, 0x48, 0x0A, 0xEB, 0x2D, 0x0D, 0x17, 0x29,
    0xAE, 0xC8, 0x07, 0x48, 0x93, 0xB4, 0x29, 0x72, 0x29, 0x05, 0x44, 0x7A, 0x4B, 0x43, 0x5F, 0x40,
    0xC8, 0x17, 0x88, 0x0B, 0x37, 0x29, 0x02, 0xA7, 0x7C, 0xC5, 0x13, 0xB9, 0x3E, 0x15, 0x2E, 0x5C,
    0x78, 0xCF, 0x57, 0xA4, 0x48, 0x11, 0x3A, 0x3E, 0x24, 0x5D, 0xB2, 0x89, 0x17, 0x30, 0x1D, 0x90,
    0xDC, 0xFC, 0x66, 0xC9, 0xD3, 0xE9, 0x7C, 0x8A, 0xF4, 0x0E, 0xCF, 0x8F, 0x33, 0xC3, 0xE5, 0x72,
    0x77, 0x76, 0x38, 0xFF, 0x76, 0xF6, 0x9D, 0x78, 0x7F, 0x42, 0x87, 0x27, 0xCB, 0x7A, 0xFA, 0xD1,
    0x92, 0x66, 0x68, 0x4C, 0xEA, 0x4D, 0xEE, 0xB5, 0x34, 0xA5, 0x2C, 0x49, 0x12, 0x49, 0x4D, 0xB9,
    0x6F, 0x85, 0x6F, 0x23, 0xDF, 0x3E, 0x1D, 0xA6, 0xDA, 0xD8, 0xDB, 0xC4, 0x5B, 0x61, 0x49, 0x18,
    0x86, 0xC6, 0xEB, 0x09, 0xD0, 0xCE, 0x00, 0x9A, 0x32, 0xDF, 0x01, 0x72, 0xDF, 0x11, 0xD1, 0x37,
    0xE8, 0x75, 0xE9, 0xFB, 0x02, 0x3D, 0x17, 0x36, 0x7F, 0xCB, 0x01, 0xD0, 0xC0, 0x23, 0x3A, 0xF9,
    0x55, 0x55, 0xE8, 0x5C, 0xCB, 0x32, 0x6B, 0x1B, 0x4A, 0xED, 0x40, 0xC9, 0x7F, 0x7B, 0x8A, 0xBC,
    0x23, 0xF2, 0xE0, 0xEE, 0xC7, 0x80, 0x54, 0x54, 0x01, 0xBF, 0xFA, 0xBC, 0x9C, 0x7F, 0x58, 0xE4,
    0xB2, 0x1D, 0xFB, 0xB3, 0xCC, 0xB7, 0xB9, 0x37, 0x45, 0x55, 0xE6, 0x10, 0xA4, 0x83, 0x2C, 0x55,
    0xD1, 0xB4, 0x52, 0xD8, 0x45, 0x62, 0xE5, 0x29, 0x56, 0x36, 0xC2, 0x6B, 0x7C, 0x2B, 0x89, 0xF6,
    0x35, 0xD1, 0x4A, 0xDF, 0x2A, 0xAF, 0xBF, 0x3B, 0xD2, 0x61, 0x46, 0xAA, 0xA8, 0x40, 0xE9, 0xFE,
    0x63, 0x4A, 0xB0, 0x4A, 0x66, 0x72, 0xBD, 0xA0, 0xA4, 0x3D, 0xCE, 0x5B, 0xBB, 0x6A, 0xAC, 0x73,
    0x1D, 0xAD, 0xAC, 0xA3, 0x23, 0xBE, 0xF3, 0x33, 0xF7, 0xF3, 0x7B, 0x1E, 0x97, 0x78, 0x0F, 0xBD,
    0x3C, 0xA6, 0xDC, 0x15, 0x3D, 0x1D, 0xBE, 0x52, 0xCB, 0xF1, 0x64, 0xA1, 0xC6, 0x7C, 0x80, 0x60,
    0xB1, 0xF9, 0x49, 0x6A, 0xEB, 0xEC, 0x61, 0x2F, 0x4F, 0x9D, 0xBA, 0x07, 0x09, 0x1C, 0xDA, 0xE8,
    0x41, 0x3F, 0xDE, 0x7A, 0x6F, 0x27, 0xA0, 0xE4, 0x19, 0x50, 0x1D, 0x5F, 0xCF, 0x89, 0xA2, 0x8C,
    0x5D, 0x29, 0x88, 0x72, 0xE4, 0x56, 0x56, 0xD9, 0x23, 0xA7, 0xDA, 0xD5, 0xEA, 0x08, 0xA2, 0x1C,
    0xAD, 0x9E, 0x13, 0x45, 0x0D, 0x6A, 0xC0, 0xE7, 0x75, 0xEB, 0xE3, 0xF5, 0xB1, 0xEC, 0x44, 0x1B,
    0x39, 0xBA, 0x84, 0xCB, 0x55, 0xAF, 0x76, 0x5E, 0x95, 0x26, 0x37, 0xCA, 0x1D, 0x38, 0x72, 0x89,
    0xCD, 0xB4, 0x24, 0xD9, 0xAB, 0xBE, 0x30, 0xD2, 0xEE, 0xB9, 0xCC, 0x66, 0x96, 0xBA, 0xBD, 0x95,
    0x72, 0xCA, 0xC4, 0x24, 0x34, 0x8B, 0xF5, 0x03, 0xAA, 0x13, 0xFB, 0x3C, 0x34, 0x6F, 0xDB, 0xC6,
    0x4F, 0xF0, 0x6E, 0x4D, 0x74, 0x09, 0xF4, 0xAB, 0x3F, 0x94, 0xA9, 0xF7, 0x3A, 0x07, 0x4A, 0x7F,
    0xEF, 0x19, 0x2C, 0x80, 0x02, 0x48, 0x0A, 0x58, 0xDC, 0x8E, 0x77, 0x49, 0x95, 0xAA, 0xBC, 0x4B,
    0x51, 0x99, 0x56, 0xA9, 0xF9, 0x76, 0x2B, 0xCD, 0x77, 0xCA, 0xD8, 0xE6, 0x56, 0xDA, 0x1F, 0xDA,
    0xF8, 0xF2, 0x4A, 0x3B, 0x78, 0x31, 0x2D, 0xB2, 0xEA, 0x58, 0x68, 0x00, 0x1A, 0x78, 0x4C, 0xD9,
    0x35, 0x89, 0x5E, 0x8D, 0x35, 0xC9, 0xD4, 0x52, 0x7E, 0x01, 0x47, 0x69, 0x07, 0x4A, 0x5D, 0x13,
    0xEE, 0xFC, 0xCC, 0xFD, 0xFC, 0x9E, 0x7F, 0x89, 0x89, 0xDE, 0xA5, 0xC2, 0x24, 0x2D, 0x29, 0x23,
    0x34, 0xFD, 0xD8, 0x64, 0x15, 0xFA, 0x0A, 0x7E, 0xB1, 0x60, 0xB2, 0x4E, 0x75, 0xF2, 0xB0, 0x83,
    0xF6, 0x1F, 0xD9, 0xDF, 0x6A, 0x4A, 0xDB, 0xCF, 0xE1, 0x7A, 0x0F, 0x60, 0xD5, 0xFC, 0x14, 0x44,
    0x52, 0xA2, 0x11, 0x38, 0x20, 0x7D, 0x60, 0x15, 0x9F, 0x81, 0x15, 0xA2, 0x44, 0x99, 0xBC, 0x02,
    0x2B, 0xC9, 0x7D, 0x4B, 0x26, 0x78, 0x0D, 0x2E, 0x4D, 0x99, 0x3C, 0xFA, 0x8F, 0xD7, 0xC9, 0x9F,
    0xDB, 0x53, 0x0E, 0xA6, 0x14, 0x41, 0x58, 0x62, 0xA0, 0xE4, 0xD8, 0x3B, 0x21, 0xC8, 0xDD, 0x23,
    0x1C, 0x23, 0x07, 0x52, 0x18, 0x7A, 0x8F, 0xA4, 0x8B, 0x2D, 0xED, 0x39, 0x88, 0x06, 0xEB, 0x60,
    0x59, 0x87, 0xB1, 0xB4, 0x06, 0xD3, 0xBD, 0xF5, 0x32, 0xD5, 0xCA, 0xF5, 0xB9, 0x56, 0x9F, 0x76,
    0x90, 0x2A, 0xB1, 0x90, 0x2A, 0xFD, 0x1B, 0x04, 0xCA, 0x2E, 0x58, 0xB4, 0x12, 0x02, 0x05, 0xD1,
    0x4E, 0xF8, 0x0B, 0x3B, 0x8A, 0x7B, 0x06, 0x9A, 0x14, 0x83, 0x28, 0xEC, 0x28, 0x71, 0x50, 0x06,
    0xC9, 0x8A, 0x14, 0x5C, 0x2A, 0x2A, 0x15, 0x22, 0xC9, 0xEB, 0x14, 0x01, 0xF8, 0x32, 0x46, 0xE0,
    0xE3, 0x89, 0x97, 0x4A, 0x5B, 0x34, 0x4C, 0x98, 0xC4, 0xD1, 0x4F, 0x85, 0x45, 0xE2, 0x00, 0x36,
    0x60, 0x34, 0x80, 0x4D, 0x3F, 0x50, 0xEC, 0x14, 0x56, 0x97, 0x18, 0x5A, 0x54, 0x19, 0xEC, 0x0E,
    0x34, 0x85, 0xF7, 0xAD, 0x2C, 0x53, 0x8B, 0x37, 0xD0, 0x39, 0x16, 0x8E, 0xC0, 0x0B, 0x1F, 0x31,
    0xF1, 0x28, 0x89, 0xBE, 0x47, 0xDB, 0xF3, 0x8C, 0x79, 0xBE, 0x9E, 0xE6, 0xAE, 0x31, 0xF7, 0xE0,
    0x60, 0x7B, 0x9E, 0x8B, 0x7D, 0x04, 0x0A, 0xF4, 0xF4, 0x4B, 0xB7, 0x3D, 0x2F, 0x77, 0x0C, 0x35,
    0x23, 0x4B, 0xE0, 0xBE, 0x35, 0x2F, 0xB8, 0x25, 0xFD, 0xE8, 0x4F, 0x44, 0x6F, 0x02, 0x73, 0xE8,
    0x31, 0x37, 0x13, 0x1F, 0x09, 0x39, 0x9B, 0x7E, 0xE6, 0x35, 0x62, 0x74, 0xE0, 0x55, 0x8A, 0x99,
    0x57, 0x7E, 0x1D, 0x2F, 0x92, 0x9C, 0x66, 0x91, 0x0F, 0x40, 0xA3, 0x40, 0x13, 0xCF, 0x26, 0x16,
    0x7F, 0x61, 0x9A, 0x7D, 0xC4, 0x54, 0xDE, 0x63, 0x2D, 0x28, 0xC1, 0x74, 0x60, 0x1A, 0x7B, 0x1E,
    0x93, 0x04, 0x9A, 0x05, 0x9A, 0x23, 0xD5, 0x7A, 0xF8, 0x0F, 0xD3, 0x86, 0x44, 0xC8, 0x4C, 0x1D,
    0x21, 0xFA, 0x11, 0x90, 0x23, 0x49, 0xB3, 0x8F, 0xF8, 0x85, 0x70, 0x60, 0xC6, 0xAB, 0x0D, 0xF3,
    0x1D, 0xA3, 0x42, 0xBF, 0x34, 0x2F, 0x85, 0x71, 0x3C, 0x9E, 0xEE, 0x7F, 0x09, 0xA6, 0xBC, 0x36,
    0x7B, 0x1C, 0xBE, 0xB4, 0xD1, 0x53, 0x36, 0x39, 0x23, 0x78, 0x7F, 0xD4, 0x87, 0x8D, 0xE9, 0x9B,
    0xAC, 0x42, 0xE5, 0xBB, 0x19, 0x88, 0x66, 0xF0, 0x76, 0x86, 0xA7, 0x3D, 0xFD, 0x04, 0xB4, 0x4B,
    0xB4, 0x60, 0x46, 0x70, 0xF6, 0xC9, 0x87, 0x5F, 0x6C, 0xFA, 0x01, 0x07, 0x4A, 0x82, 0x6C, 0xF2,
    0xD7, 0x2A, 0x8E, 0x5F, 0x78, 0x7A, 0xF6, 0x53, 0x9D, 0x7F, 0x64, 0x40, 0x5F, 0x74, 0xE2, 0x2E,
    0x84, 0x2E, 0x2A, 0x61, 0x22, 0xCC, 0xCC, 0xF5, 0x4D, 0xD7, 0x0E, 0x65, 0xD8, 0xCB, 0xCF, 0xE9,
    0x37, 0xBC, 0xC4, 0x8D, 0x57, 0x8C, 0x40, 0x91, 0xF6, 0xDC, 0x71, 0x88, 0xDC, 0xCC, 0xF3, 0xCD,
    0x9C, 0x6A, 0x59, 0x82, 0xE2, 0x87, 0x14, 0xB9, 0x39, 0x08, 0xFF, 0x98, 0x1D, 0x83, 0x82, 0x0B,
    0xEB, 0xFB, 0x6D, 0xA6, 0x05, 0x32, 0x56, 0xE2, 0xBC, 0x4F, 0x3A, 0xEF, 0xE3, 0x0E, 0x6D, 0x46,
    0x37, 0xF5, 0xAB, 0x76, 0x76, 0x75, 0xCC, 0x83, 0x3B, 0xAF, 0x5E, 0x87, 0x83, 0x75, 0x14, 0x3D,
    0x68, 0x43, 0xA4, 0x28, 0x88, 0xAB, 0x2A, 0x20, 0x12, 0xA9, 0xE2, 0xD1, 0x3D, 0xB0, 0x06, 0xCA,
    0x9F, 0x69, 0x95, 0x7D, 0xAC, 0x95, 0xF8, 0x97, 0x56, 0x89, 0xD7, 0x8A, 0x18, 0x1B, 0xA0, 0x04,
    0x22, 0x15, 0x72, 0x3E, 0x80, 0xD5, 0xD9, 0xEC, 0x21, 0xCD, 0x70, 0xD8, 0x44, 0x53, 0x92, 0xE7,
    0x6D, 0x73, 0x72, 0x4E, 0xAE, 0x81, 0x8A, 0x56, 0x95, 0xC2, 0x36, 0x08, 0x09, 0x0E, 0x1A, 0x54,
    0x26, 0xDD, 0x18, 0xC2, 0x03, 0x01, 0x84, 0x7E, 0x7E, 0xCF, 0xE3, 0x82, 0x73, 0x36, 0x8F, 0xB1,
    0xCF, 0x83, 0x57, 0x6A, 0xE6, 0x10, 0xA6, 0xA7, 0xE9, 0x6B, 0x2B, 0x9E, 0xB3, 0xC3, 0x4B, 0x7C,
    0xF3, 0x97, 0xEE, 0x69, 0xFA, 0xDA, 0x86, 0xE7, 0xC9, 0x6B, 0x88, 0x68, 0xC4, 0xCB, 0xEF, 0xEC,
    0xD6, 0xBC, 0x22, 0xBB, 0x42, 0x6A, 0xEA, 0xC3, 0x7D, 0x5B, 0x5E, 0xFB, 0x71, 0xB9, 0x14, 0x46,
    0xBE, 0x0F, 0x83, 0x53, 0xD2, 0xC3, 0x45, 0x08, 0x6D, 0xF4, 0xEC, 0xB3, 0x5E, 0xA9, 0x24, 0xF5,
    0xF7, 0x16, 0x43, 0xCD, 0xC4, 0x5A, 0x82, 0x35, 0x0A, 0x8B, 0xF8, 0x0B, 0x37, 0xA6, 0x8F, 0xDC,
    0x90, 0x9D, 0x76, 0xA3, 0x04, 0xEB, 0x35, 0x58, 0x3B, 0xB0, 0x6E, 0x27, 0xD6, 0x12, 0xAC, 0x0F,
    0x21, 0xD2, 0x1D, 0x16, 0x8D, 0x35, 0xE7, 0xC2, 0xBE, 0x46, 0x5C, 0xD9, 0xD2, 0x2B, 0x93, 0xC4,
    0x0D, 0xC9, 0x72, 0x13, 0x84, 0xFB, 0x20, 0x8F, 0x79, 0x2A, 0xB8, 0x1A, 0x63, 0x37, 0xF4, 0x67,
    0x93, 0x79, 0xD8, 0x7D, 0xB8, 0x1C, 0xE5, 0x22, 0xF4, 0x8D, 0xAF, 0x81, 0xE7, 0xEE, 0x2C, 0x1F,
    0x4A, 0xD4, 0xF8, 0x73, 0xB8, 0x52, 0x55, 0x6D, 0xCD, 0x33, 0x79, 0x88, 0xE8, 0xFB, 0xCC, 0x85,
    0xFB, 0xD6, 0xF2, 0x45, 0x25, 0x17, 0x2A, 0xCF, 0xB9, 0x39, 0x57, 0x4D, 0x5C, 0xCA, 0x17, 0x73,
    0x29, 0x2F, 0xB8, 0x94, 0x1F, 0xB9, 0x94, 0xC7, 0x9A, 0x1C, 0xBE, 0x52, 0x5F, 0x96, 0xED, 0x5F,
    0xC5, 0x27, 0xC9, 0xAD, 0x52, 0xDE, 0x71, 0x7E, 0x8B, 0x46, 0x45, 0x35, 0x03, 0x1A, 0x9C, 0xEE,
    0x1C, 0xBF, 0x7A, 0x92, 0x03, 0xE3, 0xB1, 0x84, 0x7F, 0x19, 0x6C, 0x50, 0x96, 0xD4, 0xDB, 0x96,
    0x96, 0x28, 0x97, 0x6B, 0x94, 0x20, 0x35, 0x4A, 0x91, 0x1A, 0x8A, 0xAB, 0x51, 0xAD, 0xD4, 0xB9,
    0xA3, 0x3A, 0x1E, 0x90, 0xD6, 0xC1, 0x65, 0x0F, 0x28, 0x3D, 0x10, 0xCF, 0x85, 0xBB, 0x66, 0xC3,
    0x10, 0x63, 0x99, 0x79, 0x93, 0x79, 0x7B, 0x27, 0xB1, 0x3B, 0x1E, 0xE7, 0x03, 0x07, 0x5F, 0x62,
    0xF0, 0x0E, 0xED, 0x14, 0xC2, 0xEF, 0x86, 0x4F, 0x5D, 0x86, 0xD2, 0xE8, 0x6C, 0xB3, 0x29, 0x4F,
    0x36, 0x06, 0xF1, 0xF1, 0xBC, 0x31, 0xDC, 0x3A, 0x25, 0xF9, 0x14, 0xDB, 0xB1, 0xD9, 0xC9, 0xCB,
    0x49, 0xA1, 0xB7, 0x8E, 0xBF, 0xBA, 0x79, 0x6C, 0x24, 0xD2, 0x1A, 0xC6, 0xA0, 0xF8, 0x43, 0x06,
    0x34, 0xE8, 0x7C, 0xA3, 0x59, 0x62, 0x14, 0x7C, 0x82, 0xF2, 0xBE, 0x64, 0xA2, 0xEF, 0x70, 0x82,
    0xDE, 0xF1, 0x53, 0xC9, 0xE0, 0x8D, 0x8C, 0xA1, 0x50, 0x19, 0x0D, 0x11, 0xCC, 0xE1, 0xB9, 0x38,
    0x04, 0x49, 0xC7, 0x9F, 0xC3, 0x44, 0xCD, 0xD9, 0x74, 0x94, 0x2C, 0x2E, 0x8F, 0x92, 0x25, 0x6A,
    0x5E, 0x70, 0x6A, 0x59, 0x14, 0xD5, 0xD2, 0x21, 0x76, 0x19, 0x96, 0x83, 0x2D, 0x71, 0x10, 0x34,
    0x3B, 0x04, 0x2D, 0x4F, 0x71, 0xD9, 0x54, 0xA9, 0xB7, 0x19, 0x4E, 0x8D, 0x55, 0x2F, 0xFD, 0xC0,
    0x00, 0x26, 0x66, 0x2F, 0xF7, 0x4E, 0xF8, 0x2E, 0x42, 0xBA, 0x78, 0x09, 0xD3, 0x4B, 0x66, 0xBA,
    0xA6, 0xB0, 0xB7, 0x6D, 0x30, 0x65, 0x9F, 0x4D, 0x18, 0xF9, 0x2A, 0xF9, 0x87, 0x8E, 0xDE, 0xA9,
    0x36, 0x99, 0x92, 0x3E, 0x68, 0xC5, 0x23, 0x9B, 0xCE, 0x3B, 0xCE, 0xED, 0xE3, 0x77, 0xF1, 0x55,
    0x12, 0x19, 0x21, 0x0E, 0x7E, 0x7D, 0xDD, 0x15, 0x97, 0xA9, 0xE1, 0x13, 0xD5, 0x3E, 0xFD, 0xBF,
    0x11, 0x51, 0x95, 0xB6, 0xB9, 0x5B, 0x1C, 0xEF, 0x63, 0x88, 0x68, 0xAF, 0xBB, 0xEE, 0x62, 0x47,
    0xCF, 0x35, 0xE8, 0x24, 0x54, 0xDC, 0xDD, 0x02, 0xF4, 0x2A, 0xA7, 0x94, 0x7F, 0x42, 0x61, 0x28,
    0xAE, 0x14, 0x0C, 0xF6, 0xFD, 0x7E, 0xAA, 0xEF, 0xFD, 0x00, 0x7B, 0x8C, 0x21, 0xBC, 0x65, 0x55,
    0x43, 0x72, 0xC6, 0x73, 0x92, 0xEF, 0xF4, 0xC4, 0x27, 0x77, 0x81, 0x08, 0x83, 0xBA, 0x28, 0xFD,
    0xA4, 0x84, 0x21, 0x5F, 0x2E, 0x66, 0x25, 0x14, 0xE3, 0x74, 0xDE, 0x6F, 0x6B, 0x61, 0xAF, 0x3D,
    0xF8, 0xB1, 0x39, 0xD7, 0xA1, 0x38, 0x83, 0x85, 0xD2, 0x4B, 0xC5, 0xB9, 0x1C, 0x8A, 0xFB, 0x00,
    0x2A, 0x43, 0x94, 0x2A, 0x50, 0xB4, 0xD1, 0x83, 0xFE, 0xA8, 0xA9, 0x68, 0x07, 0x09, 0x25, 0x98,
    0xF3, 0xFC, 0xAA, 0x39, 0x6F, 0x9C, 0xB2, 0x1B, 0xF2, 0xA4, 0xAF, 0xE2, 0x2F, 0xCC, 0x9C, 0x24,
    0x6F, 0x9B, 0x12, 0x39, 0x38, 0xA5, 0x8D, 0xEF, 0xE9, 0x2B, 0xE6, 0xBC, 0x69, 0x7C, 0xF2, 0x81,
    0x15, 0x9F, 0x39, 0xD0, 0x0D, 0xC7, 0x93, 0x7D, 0xA2, 0x71, 0xFB, 0xCC, 0x61, 0x9A, 0x1F, 0x9E,
    0x7D, 0x45, 0xCD, 0x1F, 0x53, 0xDF, 0x33, 0xAB, 0x8B, 0x41, 0x66, 0xB5, 0x5C, 0x28, 0xB9, 0x5A,
    0x16, 0xFF, 0x66, 0x56, 0x99, 0x77, 0x77, 0x9B, 0xEA, 0x4E, 0x48, 0xB4, 0xA8, 0x73, 0x51, 0x35,
    0x71, 0x6C, 0x84, 0x9D, 0xE5, 0x5A, 0x6D, 0xAB, 0xD4, 0x4A, 0x0E, 0x5C, 0x9B, 0x22, 0x3B, 0x7F,
    0x8B, 0x38, 0xAE, 0x86, 0x90, 0xE1, 0xF4, 0x66, 0x53, 0x7E, 0xC1, 0xA5, 0x2F, 0x8E, 0x74, 0xD9,
    0xEF, 0x69, 0x67, 0x67, 0xA3, 0x29, 0xB9, 0xA8, 0x50, 0x63, 0x81, 0x4E, 0x5A, 0xB9, 0x7D, 0x89,
    0x9D, 0x50, 0xC4, 0xA0, 0xD6, 0x3A, 0x99, 0x8D, 0x5B, 0x13, 0x92, 0x7C, 0x2F, 0xE3, 0xAE, 0x38,
    0xB5, 0xF9, 0x85, 0xC5, 0x71, 0x02, 0xC5, 0x5A, 0x02, 0x53, 0xFA, 0x92, 0x8B, 0xFF, 0x81, 0x93,
    0x02, 0xCE, 0x09, 0x8D, 0x85, 0xCA, 0xE9, 0xD7, 0x57, 0xFE, 0x3B, 0x00, 0x34, 0xB3, 0xFB, 0xD9,
    0x3A, 0x75, 0x75, 0xDC, 0xD5, 0x51, 0xC7, 0x14, 0xC7, 0x76, 0xFE, 0xA3, 0xC1, 0x34, 0xBE, 0xBC,
    0x3A, 0x58, 0x9C, 0x9A, 0xEC, 0xC3, 0x16, 0x74, 0x16, 0xF5, 0x45, 0xD6, 0xFD, 0x1F, 0xAD, 0x59,
    0x3F, 0x8F, 0xDC, 0xC6, 0x15, 0x7F, 0x24, 0xAD, 0xA5, 0x15, 0xC6, 0xA0, 0x0B, 0x17, 0x17, 0x38,
    0x00, 0x55, 0x5C, 0x91, 0x22, 0x10, 0x53, 0xA8, 0xBC, 0xBB, 0xA1, 0x90, 0x22, 0x08, 0x02, 0x24,
    0xFE, 0x08, 0xF7, 0x05, 0x6C, 0xA5, 0x74, 0x71, 0xD2, 0x8C, 0xA1, 0x22, 0x65, 0xF4, 0x0D, 0xE2,
    0x22, 0xA5, 0x0B, 0x97, 0x2E, 0xEE, 0xC8, 0x91, 0xAF, 0x48, 0x91, 0x42, 0x8C, 0x52, 0xB8, 0x48,
    0x61, 0x26, 0x16, 0xE0, 0x00, 0x02, 0x92, 0x09, 0xCC, 0x44, 0x74, 0xCC, 0xE5, 0xCB, 0xEF, 0x0D,
    0xB9, 0xB9, 0x3D, 0xE9, 0xF6, 0x76, 0xD7, 0xEB, 0xE5, 0x3C, 0x2E, 0x77, 0x38, 0xF3, 0xDE, 0x9B,
    0x37, 0xEF, 0xEF, 0x2C, 0x71, 0x4F, 0x24, 0x20, 0x9F, 0xB4, 0x26, 0xCA, 0x1D, 0x91, 0x02, 0x54,
    0x1D, 0xD1, 0xBC, 0xA7, 0xA0, 0x9F, 0x53, 0xD8, 0x6A, 0x8A, 0x9C, 0xA2, 0xB8, 0xC9, 0x4D, 0xCA,
    0x6C, 0x01, 0x75, 0xCE, 0xDC, 0xA8, 0x22, 0x76, 0x78, 0xD3, 0x56, 0x14, 0xF6, 0x09, 0x5B, 0xB4,
    0x11, 0x4D, 0x32, 0x14, 0x29, 0xD7, 0x29, 0xBB, 0xD7, 0x22, 0x37, 0x63, 0x97, 0x73, 0xAB, 0x22,
    0xDF, 0xB8, 0xC5, 0x73, 0xCC, 0x0D, 0x7D, 0x72, 0x00, 0x22, 0x20, 0x9A, 0x35, 0xBB, 0x13, 0x3E,
    0xB7, 0x11, 0xDB, 0x60, 0xA0, 0x4D, 0x69, 0x2F, 0xD3, 0x2A, 0x41, 0xAB, 0x17, 0x5A, 0x67, 0x0B,
    0x5A, 0xC5, 0x75, 0xB4, 0x80, 0xBF, 0x25, 0x8A, 0xC0, 0x74, 0x0C, 0x88, 0xF0, 0x1B, 0xF4, 0xD7,
    0x10, 0x74, 0x14, 0x5B, 0x4A, 0x0B, 0xCA, 0x1C, 0x25, 0x8E, 0x82, 0x02, 0xF3, 0xEA, 0x69, 0xC1,
    0x40, 0xF7, 0xC3, 0x89, 0x6D, 0xDD, 0x51, 0xCC, 0x4C, 0x19, 0x0F, 0xA4, 0xEA, 0x3D, 0xD2, 0x18,
    0x56, 0xA1, 0x5B, 0x56, 0x35, 0x9F, 0xBE, 0x19, 0x50, 0xA1, 0x5F, 0xD5, 0x37, 0x28, 0xC7, 0xB8,
    0x04, 0xE3, 0xBD, 0xB0, 0x42, 0xA0, 0x33, 0x94, 0x1B, 0xBA, 0x4F, 0x74, 0xC7, 0x63, 0xAB, 0xEA,
    0x58, 0x58, 0xB2, 0x79, 0x5D, 0xA8, 0x82, 0x14, 0xE6, 0xE0, 0x5E, 0x03, 0x7B, 0x93, 0x70, 0x13,
    0x54, 0x35, 0xCD, 0xC8, 0xCF, 0x21, 0x85, 0x65, 0x7C, 0x8D, 0x25, 0xDD, 0xBA, 0xB5, 0x3B, 0x1B,
    0x7B, 0x44, 0x47, 0x78, 0x6D, 0xA2, 0x2F, 0x6B, 0x32, 0x66, 0x23, 0x36, 0x20, 0x16, 0xCA, 0xA0,
    0x34, 0xF2, 0xBD, 0x2B, 0xF9, 0x43, 0x4C, 0xF7, 0x77, 0xDA, 0x4C, 0x04, 0xC7, 0xC7, 0xE3, 0xD2,
    0x45, 0x04, 0x19, 0xD8, 0x9D, 0x7D, 0x07, 0x3B, 0x61, 0xFC, 0xE2, 0xD9, 0x88, 0x20, 0x5E, 0xDF,
    0x8C, 0x0D, 0x48, 0x2A, 0xFC, 0x0A, 0x2C, 0x88, 0xED, 0xE0, 0xF5, 0x34, 0x0D, 0x68, 0x0D, 0x69,
    0xEE, 0x00, 0x4C, 0x3A, 0x60, 0xA3, 0x49, 0x59, 0x0D, 0x59, 0x69, 0x68, 0xCE, 0x05, 0xC8, 0x6F,
    0xF4, 0x07, 0x5C, 0x68, 0xB0, 0x21, 0xE3, 0x65, 0x1E, 0xD1, 0x47, 0x27, 0x50, 0xEB, 0x05, 0xBC,
    0x2F, 0x10, 0x0C, 0x3D, 0xD8, 0xEC, 0x41, 0xB8, 0xC7, 0x0C, 0x40, 0x01, 0xA0, 0xE9, 0xBB, 0x1E,
    0xFB, 0xE5, 0x7D, 0x50, 0xFD, 0x1D, 0xDF, 0xCF, 0x08, 0xDA, 0x4F, 0xDE, 0x0A, 0xEC, 0xBD, 0x26,
    0xB5, 0x89, 0x4B, 0x6D, 0xD4, 0x32, 0x47, 0x1D, 0x73, 0xD8, 0xE1, 0x59, 0xA0, 0x1D, 0xFB, 0x75,
    0x33, 0x59, 0x0B, 0xE6, 0x89, 0x35, 0x7F, 0x84, 0x75, 0x80, 0x09, 0x01, 0x12, 0x83, 0x01, 0xCE,
    0x6B, 0x68, 0xE7, 0x13, 0xED, 0x58, 0x5C, 0x10, 0x68, 0xA7, 0x82, 0x4A, 0xDC, 0x08, 0x16, 0x33,
    0x35, 0xBF, 0xAF, 0xD2, 0xD8, 0x4D, 0xED, 0xA2, 0xA7, 0x1F, 0x1B, 0xCC, 0x3A, 0xE6, 0x66, 0xB1,
    0xF3, 0x06, 0x46, 0x97, 0x72, 0x9F, 0x9B, 0x5E, 0xF1, 0x5C, 0x9A, 0x88, 0xFC, 0xCD, 0x8C, 0xDB,
    0x84, 0xBB, 0xA0, 0x7A, 0x96, 0xFC, 0xC6, 0xC6, 0x6C, 0x46, 0x87, 0xB1, 0x15, 0x95, 0xE8, 0xBC,
    0x86, 0xA7, 0xF1, 0xDA, 0xB0, 0x11, 0x21, 0x3A, 0xF1, 0x2A, 0x73, 0xB2, 0x35, 0x21, 0xD1, 0xE2,
    0x07, 0xCB, 0xBA, 0xBC, 0x86, 0xD0, 0x76, 0xC8, 0xA9, 0x83, 0x9F, 0x13, 0x27, 0x06, 0xFF, 0x15,
    0xCC, 0xD7, 0x21, 0x6F, 0x29, 0xAE, 0xC5, 0x55, 0xA4, 0x78, 0x68, 0xC3, 0x90, 0xE2, 0xCF, 0x4D,
    0xC8, 0x7E, 0x67, 0x6F, 0x6D, 0xBF, 0xAE, 0x65, 0xFB, 0xD8, 0xDB, 0x4C, 0x86, 0x62, 0x96, 0xD9,
    0x3A, 0x4F, 0x75, 0xF3, 0x25, 0x33, 0x55, 0x05, 0x7A, 0x8B, 0x0A, 0xA0, 0x61, 0x76, 0xAA, 0x56,
    0x45, 0xC6, 0x5C, 0x60, 0x7C, 0x41, 0xD5, 0x7F, 0xBD, 0x8D, 0xC1, 0xD4, 0x2A, 0x1B, 0xBC, 0x68,
    0x46, 0x4F, 0x25, 0x5A, 0xC1, 0x3D, 0xF4, 0x10, 0xEA, 0x09, 0xAD, 0x84, 0x72, 0xAA, 0x0F, 0xFA,
    0x9C, 0x7B, 0x30, 0x16, 0x42, 0x79, 0xA9, 0x7F, 0x2D, 0xC2, 0x73, 0x9B, 0xB1, 0x4B, 0x80, 0xC2,
    0xC1, 0xD2, 0xE1, 0xD6, 0xA1, 0xBB, 0x3B, 0xB3, 0x12, 0xFE, 0xD5, 0x05, 0x50, 0x5C, 0x6D, 0x46,
    0x4C, 0xDB, 0xF1, 0x71, 0xAD, 0xF7, 0xDC, 0x52, 0x24, 0xB7, 0xBD, 0x48, 0x6E, 0xD3, 0xB7, 0xE1,
    0x63, 0x17, 0xBA, 0x3E, 0x64, 0xCB, 0x1A, 0xAC, 0x77, 0x8D, 0xA2, 0x18, 0x14, 0x17, 0xB2, 0xE3,
    0xF9, 0xF8, 0x63, 0x7B, 0x76, 0xC4, 0x83, 0x4A, 0x68, 0xAD, 0x2C, 0x05, 0xFF, 0x71, 0x34, 0xC5,
    0x22, 0x28, 0x62, 0x6E, 0xAE, 0x04, 0xE6, 0x0B, 0x58, 0x31, 0x06, 0x1C, 0x21, 0x5B, 0xB8, 0xF3,
    0x6B, 0xC1, 0xF3, 0x1E, 0xB2, 0x86, 0xA5, 0x56, 0x0D, 0x54, 0xB1, 0xAD, 0xB8, 0x29, 0x13, 0x57,
    0x46, 0x57, 0xB4, 0xD4, 0xC6, 0x1E, 0x98, 0x79, 0x10, 0x58, 0xFC, 0x86, 0xC7, 0xBC, 0x80, 0x45,
    0xDF, 0x4B, 0x00, 0xC9, 0x60, 0x83, 0x2B, 0x96, 0x86, 0x87, 0x8C, 0x4D, 0x26, 0xCB, 0xEC, 0xB3,
    0x4F, 0xFB, 0xCC, 0x5E, 0xD5, 0x7E, 0x0E, 0x63, 0xA3, 0xFD, 0x53, 0xE1, 0x33, 0x76, 0x5B, 0xB4,
    0xDB, 0x6F, 0x54, 0xC3, 0x4F, 0x3E, 0xF1, 0x9B, 0xD1, 0x5C, 0x75, 0xA9, 0x41, 0x0D, 0x82, 0xF2,
    0xBA, 0x4B, 0xCF, 0xF5, 0x7C, 0x35, 0x86, 0xEE, 0x44, 0x77, 0x92, 0xED, 0x65, 0xF6, 0xBA, 0xEB,
    0xE4, 0x50, 0xF5, 0x49, 0xB3, 0x1A, 0xCB, 0xF5, 0xB3, 0x53, 0xA3, 0xA0, 0x33, 0xCA, 0xE6, 0x36,
    0x2D, 0x94, 0x55, 0x56, 0x0C, 0x23, 0x37, 0x57, 0x5D, 0x19, 0x9C, 0xEB, 0x29, 0x34, 0x24, 0xB7,
    0x87, 0xFA, 0x90, 0xF4, 0xE5, 0x4F, 0x79, 0xF1, 0x81, 0xF7, 0xEA, 0x37, 0x86, 0x59, 0xD4, 0x6B,
    0x78, 0x2D, 0x8D, 0x5C, 0x50, 0xCF, 0xD8, 0x1C, 0x46, 0x35, 0x27, 0x0E, 0xED, 0x50, 0x12, 0x3E,
    0x2A, 0x93, 0xE6, 0xFA, 0x46, 0x69, 0x43, 0x5C, 0x07, 0x63, 0x2E, 0x1B, 0x16, 0x94, 0x20, 0x4D,
    0x68, 0xE9, 0xF0, 0x94, 0xF6, 0xDF, 0x1A, 0x05, 0x72, 0x5D, 0x4B, 0x9B, 0xFD, 0xAC, 0xD6, 0xA2,
    0x88, 0x45, 0xF6, 0x35, 0xD1, 0x31, 0x05, 0xF0, 0xD7, 0x73, 0x4A, 0x7F, 0x47, 0x37, 0x6E, 0xC8,
    0xEC, 0xB0, 0x5B, 0xD3, 0xA2, 0x8E, 0x54, 0x4B, 0xDA, 0x89, 0x2F, 0xD2, 0xB0, 0x61, 0x0D, 0x2E,
    0x34, 0x3A, 0x35, 0xB8, 0xD2, 0x0A, 0x7D, 0x60, 0x4A, 0xC3, 0xD6, 0x64, 0x8F, 0x35, 0x4C, 0x5C,
    0xE7, 0x16, 0xEF, 0x30, 0x3C, 0xC6, 0x98, 0x70, 0x8E, 0x39, 0x48, 0x54, 0x20, 0xFB, 0x31, 0x7B,
    0xA1, 0x31, 0x99, 0x11, 0x17, 0xD0, 0xBD, 0x62, 0x32, 0x65, 0xDC, 0x96, 0x59, 0x5D, 0xEA, 0xA2,
    0x9A, 0x4B, 0xD6, 0x84, 0x7B, 0x59, 0x51, 0xA9, 0x6C, 0x99, 0xD6, 0xDE, 0x88, 0x3A, 0x1A, 0xA7,
    0xC1, 0xAD, 0xB4, 0x92, 0x68, 0x4F, 0xE3, 0xD5, 0x62, 0x7C, 0x3F, 0x8E, 0x37, 0xD2, 0xE9, 0xC7,
    0x87, 0xDE, 0x87, 0xC0, 0x40, 0xE0, 0x30, 0x7E, 0x34, 0x19, 0xFB, 0x06, 0x8D, 0xDB, 0xB1, 0x05,
    0x26, 0xB3, 0x95, 0xF9, 0xBD, 0xB7, 0xED, 0xF2, 0xCA, 0xAB, 0x22, 0x5D, 0x2B, 0x9B, 0xD8, 0xAD,
    0xD0, 0x0A, 0x1F, 0x08, 0xE1, 0x67, 0x52, 0x37, 0x84, 0x6E, 0x2D, 0x6E, 0x98, 0x06, 0x64, 0x36,
    0x60, 0xD5, 0x82, 0x24, 0x35, 0x3A, 0x2D, 0x7C, 0x23, 0x69, 0xAB, 0xA9, 0xBC, 0x77, 0x54, 0x1E,
    0xE2, 0x3A, 0xC0, 0xB5, 0x9E, 0xE5, 0xA8, 0xD6, 0x89, 0x93, 0x86, 0x87, 0x2B, 0x91, 0xBD, 0xB4,
    0x51, 0x89, 0x97, 0x71, 0x86, 0x9D, 0x31, 0x17, 0x0E, 0x0F, 0xE3, 0x6B, 0xD9, 0x68, 0xB0, 0x2C,
    0xA6, 0x7A, 0x09, 0xBE, 0x34, 0x24, 0x55, 0x60, 0x82, 0x0C, 0x41, 0x43, 0x00, 0x15, 0xFA, 0xF4,
    0xF2, 0x7B, 0x9F, 0x25, 0x8E, 0x10, 0x7E, 0xEC, 0xD3, 0x90, 0xB1, 0xFD, 0x9B, 0x22, 0x04, 0x85,
    0x41, 0xBC, 0x6C, 0xEE, 0x96, 0xFA, 0xA1, 0x97, 0x4C, 0x62, 0x0F, 0x0F, 0x7C, 0x99, 0x23, 0xA5,
    0xD4, 0x18, 0x2A, 0x68, 0xB1, 0xD3, 0xE0, 0x1F, 0x39, 0xA8, 0x01, 0xD4, 0x00, 0xC9, 0x47, 0x7B,
    0x40, 0x09, 0x50, 0xBF, 0xB2, 0x3A, 0x7D, 0x62, 0x75, 0xF2, 0x4F, 0xAB, 0x91, 0xB7, 0x41, 0x41,
    0x01, 0x95, 0x5D, 0xCA, 0xA4, 0xAD, 0xE4, 0x30, 0x92, 0x22, 0x0B, 0xAD, 0xD0, 0x87, 0x89, 0x7C,
    0x9D, 0x3B, 0xDF, 0x89, 0x1C, 0x4D, 0x65, 0x57, 0x36, 0x85, 0xC8, 0xFB, 0x1B, 0x10, 0x1C, 0x8D,
    0x21, 0xE8, 0xBC, 0xA7, 0xAE, 0x7D, 0x38, 0x0B, 0x5E, 0x38, 0x1F, 0xDE, 0xBC, 0x9D, 0xBD, 0xBE,
    0xBB, 0x18, 0x66, 0x33, 0x71, 0x14, 0x10, 0x3F, 0xA8, 0xC0, 0x75, 0x6C, 0x22, 0x86, 0x7C, 0xC9,
    0xCA, 0x25, 0x4F, 0xFD, 0xB1, 0x0F, 0xD3, 0x2D, 0xB6, 0x6B, 0x00, 0x30, 0xEA, 0x65, 0x55, 0x60,
    0x94, 0x59, 0x05, 0x6B, 0xD9, 0x8D, 0xAF, 0x13, 0x23, 0x4C, 0x1D, 0x7E, 0x92, 0x42, 0x44, 0x7B,
    0xB8, 0x9E, 0x4B, 0xCC, 0xC6, 0x57, 0x89, 0x30, 0xF2, 0x41, 0x0E, 0x6A, 0x0B, 0xC7, 0xC5, 0x92,
    0xBD, 0x75, 0x93, 0xD0, 0x9E, 0x4D, 0x99, 0x0B, 0x5B, 0x55, 0xE7, 0x8D, 0x2E, 0x12, 0x57, 0x81,
    0x75, 0x2C, 0xA1, 0x9D, 0x43, 0xF9, 0x06, 0x5F, 0xF6, 0x47, 0xAD, 0xF4, 0xCB, 0x7B, 0x19, 0x17,
    0xFB, 0x5A, 0xEF, 0x19, 0x16, 0xE9, 0x22, 0x76, 0x4B, 0x09, 0xBA, 0xC4, 0xE5, 0xFC, 0x31, 0xF2,
    0xD7, 0x52, 0xC1, 0x61, 0x16, 0x25, 0x9E, 0x33, 0xA9, 0x4C, 0xDA, 0xA0, 0x32, 0xD4, 0x22, 0xB6,
    0x42, 0x3A, 0x17, 0x29, 0xE3, 0x0E, 0x84, 0x9F, 0x36, 0x21, 0xD7, 0xBE, 0xFE, 0xDC, 0x8C, 0xF6,
    0x1B, 0xDF, 0x03, 0xDD, 0x8C, 0xE8, 0x00, 0xFB, 0x24, 0x7C, 0x1C, 0x1F, 0xEF, 0xCC, 0x03, 0xDD,
    0xD9, 0xA7, 0xD3, 0x93, 0xC0, 0xB5, 0xC2, 0xCC, 0x07, 0x66, 0x23, 0x36, 0xEE, 0x31, 0x77, 0x98,
    0xCF, 0x5D, 0x26, 0x37, 0xD5, 0xE4, 0x88, 0x29, 0x05, 0x6E, 0x95, 0x9C, 0x5C, 0x60, 0x13, 0xD9,
    0x5D, 0xDC, 0x7C, 0x9F, 0x7F, 0xEB, 0xC7, 0xC9, 0x8C, 0x5E, 0xE6, 0xF6, 0x82, 0xA5, 0x0F, 0xAA,
    0xBB, 0x43, 0x91, 0xF0, 0x37, 0x2C, 0x3C, 0xB1, 0xCB, 0x1F, 0xA3, 0x26, 0x45, 0x70, 0x00, 0x52,
    0x29, 0x47, 0x24, 0xD9, 0x24, 0xF4, 0x99, 0x37, 0xFD, 0xDB, 0x84, 0x9F, 0xB3, 0xC3, 0x0C, 0x64,
    0xD9, 0x8B, 0xC4, 0x50, 0x8F, 0xE1, 0x85, 0x3E, 0x9C, 0x4A, 0xED, 0xA1, 0x10, 0x0F, 0x28, 0x65,
    0xCA, 0x14, 0xC9, 0x86, 0x11, 0xC2, 0x61, 0xEC, 0xF3, 0xEF, 0x96, 0xA3, 0x5D, 0x3F, 0x45, 0x3B,
    0x68, 0xD3, 0xA3, 0xC0, 0x49, 0x8A, 0x27, 0x55, 0xCA, 0xDB, 0xF3, 0x0A, 0xD7, 0xCB, 0xEE, 0x7D,
    0x27, 0xEC, 0x34, 0x59, 0x18, 0xE2, 0x5A, 0x30, 0x1F, 0xB9, 0x9E, 0x71, 0x91, 0x8F, 0xCD, 0x1F,
    0xF9, 0xBC, 0xDA, 0xC8, 0x17, 0x04, 0x79, 0x21, 0x0E, 0x06, 0x89, 0x20, 0x4A, 0x36, 0x8A, 0xFF,
    0x22, 0xB6, 0x42, 0xFE, 0xB7, 0xB8, 0xBC, 0x5D, 0x78, 0xDA, 0xDB, 0x3B, 0xBA, 0x9F, 0x75, 0x71,
    0x13, 0x98, 0x55, 0x2B, 0x7E, 0xF5, 0x3C, 0x2A, 0x90, 0x23, 0x90, 0x0E, 0xFB, 0xAA, 0xCC, 0xF1,
    0x78, 0xFE, 0x91, 0x0E, 0x45, 0x84, 0x1D, 0xB9, 0xD7, 0xFB, 0x43, 0xB5, 0xF9, 0x0F, 0x02, 0x94,
    0x7E, 0x28, 0x00, 0x51, 0xF4, 0x19, 0xD9, 0xA6, 0x23, 0x09, 0x9B, 0xC8, 0x60, 0xC8, 0xBB, 0x4C,
    0x98, 0x79, 0xCA, 0x06, 0x4B, 0x56, 0x77, 0x49, 0x0D, 0xA8, 0x1F, 0xEC, 0xAC, 0xB2, 0x6F, 0xA5,
    0xB5, 0x82, 0xE2, 0xA2, 0x7F, 0xBE, 0x28, 0xE8, 0xD8, 0x86, 0x2F, 0xA6, 0xA3, 0xA7, 0xED, 0x28,
    0xDE, 0xF2, 0x21, 0x00, 0x61, 0xE9, 0x49, 0x21, 0xE2, 0xDA, 0x80, 0xE2, 0xE6, 0xF8, 0xDF, 0x06,
    0xFE, 0x03, 0xBF, 0xA2, 0x4C, 0xF6, 0x40, 0x92, 0xAD, 0xB5, 0xC8, 0x9D, 0xDF, 0xE9, 0x53, 0x4A,
    0x3A, 0x1F, 0x35, 0x8D, 0x09, 0xBF, 0xAA, 0xE5, 0x80, 0x48, 0x4D, 0xDE, 0x7E, 0xAB, 0xD5, 0x61,
    0x45, 0xC9, 0x13, 0x13, 0x2D, 0xD5, 0xEC, 0x6B, 0x19, 0xA8, 0x50, 0x9D, 0x2D, 0xC0, 0xEB, 0xDF,
    0x36, 0x70, 0x20, 0x05, 0xBB, 0xF0, 0x38, 0xEA, 0xEC, 0xBB, 0x63, 0x36, 0x72, 0x49, 0x53, 0x90,
    0x9B, 0xCC, 0xD5, 0x90, 0xCC, 0xC3, 0x86, 0xDA, 0xB4, 0x4D, 0x9B, 0x55, 0x87, 0x60, 0x3B, 0xF1,
    0x71, 0x42, 0x27, 0xEF, 0x9E, 0x94, 0xEF, 0xAF, 0xA2, 0x7D, 0x1D, 0x6E, 0xD4, 0x95, 0x1E, 0x56,
    0xE1, 0xBE, 0xBC, 0xA6, 0xAA, 0xAF, 0xFA, 0x0B, 0xBC, 0x41, 0xFB, 0xA1, 0xC4, 0x06, 0x0A, 0x7F,
    0x36, 0xBA, 0xFA, 0x6A, 0xAA, 0x7E, 0xD7, 0x01, 0x02, 0x1C, 0x29, 0xC3, 0xFE, 0x3C, 0x11, 0x9B,
    0x0B, 0xF9, 0x3D, 0xA2, 0xE4, 0xA9, 0x6C, 0xCE, 0xF7, 0x17, 0x55, 0xF9, 0xD5, 0xF9, 0x48, 0xEC,
    0x94, 0x9C, 0x3A, 0xBB, 0x98, 0x1F, 0x09, 0xDD, 0x45, 0x50, 0xDA, 0x85, 0x2E, 0xB4, 0x23, 0x65,
    0xB3, 0x29, 0xD1, 0xA7, 0x58, 0x2C, 0x02, 0xD2, 0x22, 0x22, 0xED, 0x44, 0x38, 0x01, 0x61, 0x09,
    0xE9, 0x1B, 0xD2, 0xF6, 0x07, 0x16, 0x88, 0x2D, 0xF4, 0x85, 0x1D, 0x41, 0x9E, 0x8F, 0x76, 0xE3,
    0x41, 0x8E, 0xC7, 0x10, 0xFF, 0x7E, 0xE9, 0xDB, 0x7C, 0x8C, 0x14, 0x1B, 0x70, 0xB2, 0x8F, 0x74,
    0xF4, 0x04, 0xBA, 0xEF, 0x5A, 0x0A, 0xFF, 0xD4, 0x50, 0x60, 0xEC, 0xCE, 0xD2, 0x20, 0x5B, 0x47,
    0x7F, 0x73, 0xF1, 0xB9, 0x4D, 0xD3, 0xE2, 0xE6, 0x6C, 0x23, 0x36, 0xBE, 0x3D, 0xB9, 0x7A, 0xCC,
    0x4A, 0xE5, 0xC8, 0x45, 0xC9, 0x73, 0xBD, 0x96, 0x58, 0xE3, 0xBD, 0xBC, 0xFF, 0x2F, 0x05, 0x26,
    0x4C, 0xFB, 0xC2, 0xE0, 0x99, 0xF7, 0x4E, 0xF2, 0x1F, 0x07, 0x42, 0x0E, 0x05, 0x77, 0x17, 0x27,
    0x53, 0x72, 0x14, 0x24, 0xC6, 0xD3, 0xAB, 0xE2, 0x41, 0xD0, 0x2B, 0x53, 0x85, 0x5D, 0x6E, 0x39,
    0x6C, 0xB3, 0xC7, 0xFC, 0xD3, 0x36, 0xFD, 0x94, 0x1F, 0xBA, 0xF4, 0xCF, 0xCF, 0xFF, 0xE0, 0x92,
    0x2F, 0x3E, 0xFB, 0xAC, 0x89, 0xBF, 0x39, 0x7F, 0x5E, 0x47, 0xFC, 0x90, 0x6D, 0xC4, 0x77, 0xE1,
    0xD3, 0x99, 0xB8, 0x40, 0x09, 0xC0, 0x72, 0x9A, 0x04, 0x44, 0x12, 0x78, 0xFC, 0xDF, 0x2F, 0x94,
    0xC9, 0xD6, 0x1C, 0x21, 0xC8, 0xD0, 0xDE, 0xDE, 0xFF, 0x35, 0xA6, 0x41, 0x12, 0x20, 0x59, 0xBA,
    0x8A, 0xDD, 0x19, 0xA9, 0x5F, 0xB8, 0x9E, 0xB2, 0xDF, 0xB6, 0x30, 0xE7, 0xCF, 0xCF, 0x3A, 0x4A,
    0xFF, 0xF1, 0x00, 0x89, 0xE0, 0x1C, 0x45, 0x46, 0xD4, 0xE7, 0x0D, 0x5C, 0xA5, 0xE4, 0x91, 0xAD,
    0x24, 0x94, 0x37, 0x25, 0x0F, 0x28, 0x7C, 0x65, 0x43, 0x72, 0x66, 0xF4, 0xCE, 0x3B, 0xD3, 0xEE,
    0xA5, 0x8D, 0x32, 0xB9, 0xCD, 0xAD, 0x2A, 0xD2, 0xA6, 0xA2, 0x04, 0xE9, 0x49, 0x34, 0xF4, 0x58,
    0x22, 0xC6, 0xC8, 0x81, 0xB3, 0xD4, 0xBB, 0x12, 0x73, 0xAF, 0x82, 0x7D, 0x71, 0xE1, 0xE0, 0x1E,
    0xD1, 0x77, 0x8C, 0x2A, 0x25, 0xF5, 0x1A, 0x8B, 0xC7, 0xD2, 0x1F, 0xBA, 0xEC, 0xDC, 0xA5, 0x7F,
    0xAC, 0x91, 0x93, 0x47, 0xF0, 0xD0, 0x10, 0x98, 0x5F, 0x5D, 0xD0, 0xCB, 0x59, 0x5A, 0xE5, 0x44,
    0x8D, 0xC3, 0x06, 0xC9, 0xF4, 0xBF, 0x7A, 0xFF, 0xBD, 0x33, 0x2B, 0xE1, 0x74, 0xCA, 0x26, 0xCF,
    0xA8, 0xA4, 0xA6, 0x7F, 0x89, 0x48, 0x21, 0x9D, 0x5B, 0x80, 0xFF, 0x37, 0x2B, 0x71, 0x7E, 0xE7,
    0xA1, 0x1A, 0xFE, 0x4F, 0x0E, 0x89, 0x25, 0x11, 0xC8, 0xA7, 0xCD, 0x78, 0xD0, 0x28, 0xE3, 0xF4,
    0x04, 0x53, 0x98, 0x2E, 0x7D, 0x98, 0xAE, 0x47, 0x6C, 0xCE, 0xB7, 0x46, 0xA6, 0x97, 0x12, 0xE9,
    0x90, 0x73, 0x63, 0x9A, 0x5A, 0x1C, 0x08, 0x7B, 0x6B, 0x15, 0x2D, 0xB8, 0xFD, 0x1D, 0x90, 0x6F,
    0x45, 0x5A, 0xD4, 0xD2, 0x02, 0xD5, 0x3A, 0xDA, 0x2B, 0x42, 0xCC, 0x2E, 0x3C, 0xF8, 0xC8, 0x5A,
    0x2C, 0x47, 0xD6, 0xB5, 0x6C, 0xA0, 0xC6, 0xCA, 0x41, 0x6C, 0x90, 0xE4, 0xAE, 0xA4, 0xF5, 0xED,
    0x7F, 0xBD, 0x59, 0x31, 0x8F, 0xDC, 0xC6, 0x15, 0x7E, 0x24, 0x85, 0xA5, 0x25, 0x22, 0xA0, 0x8A,
    0x0B, 0xA0, 0x20, 0x07, 0x50, 0x85, 0x0A, 0x15, 0x91, 0xE8, 0x22, 0x45, 0x02, 0x58, 0x37, 0x94,
    0x52, 0xBA, 0xD0, 0x0F, 0x48, 0x63, 0x20, 0x4D, 0x9A, 0x58, 0x2E, 0x54, 0xB8, 0xB8, 0x98, 0x14,
    0x54, 0xB8, 0x0A, 0x70, 0x3F, 0x20, 0x88, 0x8D, 0xA4, 0x75, 0xBA, 0x14, 0x2E, 0x6E, 0x97, 0x73,
    0xB8, 0x52, 0x45, 0x08, 0xA9, 0x54, 0xC3, 0x24, 0x82, 0x93, 0x2E, 0x0C, 0xC2, 0x44, 0x9B, 0x80,
    0xCB, 0xC9, 0xF7, 0xBD, 0xE1, 0x5D, 0x24, 0xDF, 0xE9, 0xB4, 0xE7, 0x3D, 0x78, 0x77, 0xE6, 0xCD,
    0x1E, 0x39, 0x9C, 0xF7, 0x66, 0xDE, 0xCC, 0xF7, 0xBE, 0xC7, 0x13, 0x09, 0x7A, 0x91, 0x60, 0x29,
    0xE5, 0x57, 0x7D, 0xEC, 0x5C, 0x97, 0x39, 0xD7, 0x98, 0x26, 0x6F, 0xCB, 0x22, 0xE9, 0x6A, 0x89,
    0xFA, 0x11, 0x75, 0x25, 0xD1, 0x92, 0x2D, 0xFF, 0xE6, 0x75, 0xDE, 0x47, 0x3F, 0x8B, 0xFE, 0x22,
    0xF5, 0x0B, 0x11, 0x49, 0x2B, 0xAD, 0xF5, 0x67, 0x05, 0xAF, 0x65, 0x6E, 0x25, 0xF9, 0xC1, 0x4A,
    0x4C, 0xB1, 0x10, 0x23, 0xA5, 0xB6, 0xF9, 0xC1, 0x88, 0xEB, 0x83, 0xC4, 0xAE, 0x97, 0xA0, 0x46,
    0x77, 0x91, 0x01, 0x7A, 0x87, 0x5A, 0xCC, 0x12, 0xB5, 0x45, 0x2D, 0xCE, 0xAA, 0x18, 0x45, 0x4C,
    0xE5, 0x24, 0x77, 0xA3, 0xA4, 0x6E, 0x29, 0x81, 0xDB, 0xA3, 0xDE, 0x42, 0x24, 0x2B, 0x16, 0x91,
    0x93, 0x45, 0x34, 0xA0, 0x76, 0x27, 0x6A, 0x19, 0x77, 0x62, 0x5C, 0x87, 0xE7, 0x3A, 0xE8, 0xE6,
    0x33, 0x22, 0x5B, 0x5B, 0xDA, 0xEC, 0xEC, 0x6A, 0x93, 0xF5, 0xDA, 0xC4, 0x8D, 0x36, 0x41, 0x85,
    0xAE, 0x15, 0x66, 0xD1, 0x94, 0x6E, 0xE9, 0x1B, 0xA7, 0x4D, 0xE0, 0x2A, 0x29, 0x2B, 0x98, 0x61,
    0x65, 0xC4, 0x9C, 0x32, 0x0B, 0x85, 0xA5, 0xA4, 0x4D, 0xD2, 0x69, 0x93, 0x35, 0xDA, 0x98, 0x4A,
    0xEF, 0xD5, 0xC2, 0x69, 0x1F, 0x60, 0x86, 0x78, 0xEE, 0x27, 0x4B, 0x34, 0x6E, 0x4C, 0x9C, 0x6B,
    0x31, 0x66, 0x8A, 0x06, 0x1A, 0xD8, 0x50, 0xDF, 0xF5, 0xEB, 0x94, 0xFB, 0x4B, 0x5C, 0x12, 0xD3,
    0xE1, 0xBE, 0xA4, 0x16, 0x2A, 0x25, 0x14, 0xD5, 0xC8, 0x61, 0x0E, 0x9D, 0xC3, 0x98, 0x2A, 0xD3,
    0x67, 0x6E, 0xA4, 0x9A, 0x70, 0xA9, 0xAA, 0x5B, 0xEA, 0xCA, 0xD5, 0xA8, 0x92, 0xFD, 0xEF, 0x0E,
    0x54, 0x14, 0xA1, 0xA7, 0xDA, 0xEE, 0x27, 0x82, 0xE1, 0xC3, 0x10, 0xE2, 0x8B, 0xF8, 0xB9, 0xC5,
    0xA2, 0x87, 0x4E, 0x97, 0x7E, 0x5F, 0xE5, 0x0D, 0xEF, 0x06, 0x09, 0xC6, 0x21, 0x77, 0x7D, 0xE2,
    0x28, 0x33, 0xCA, 0xCE, 0xD8, 0x41, 0xB2, 0xC6, 0x14, 0x03, 0xD6, 0xDE, 0xA0, 0x0F, 0xBD, 0x39,
    0x44, 0xBD, 0x98, 0x66, 0x48, 0x1B, 0xD1, 0x3E, 0xEC, 0x6F, 0x5C, 0x1F, 0xD4, 0x7F, 0x83, 0x2C,
    0x31, 0x0A, 0xBD, 0xB4, 0x91, 0xAC, 0x6A, 0xD8, 0xFF, 0x2F, 0x98, 0x5C, 0xBA, 0x97, 0xD8, 0x43,
    0xA5, 0xEB, 0x6B, 0x5D, 0xA4, 0x5D, 0xDC, 0x1B, 0xA7, 0xCA, 0xDF, 0x58, 0x15, 0x59, 0x9D, 0x59,
    0x5D, 0x7F, 0x5C, 0xD1, 0x1D, 0x35, 0xC3, 0x34, 0x73, 0x38, 0x22, 0x6F, 0x3E, 0x0C, 0xDB, 0x45,
    0xD4, 0xB3, 0xE0, 0x87, 0x70, 0x93, 0x9C, 0x2C, 0x75, 0xD4, 0x95, 0xCF, 0x3A, 0x73, 0xD8, 0x25,
    0x87, 0xD8, 0x36, 0x9D, 0xD4, 0x9D, 0xB8, 0x46, 0x6A, 0xD8, 0x98, 0x5A, 0x9A, 0x5A, 0xF9, 0xA6,
    0xF1, 0x4D, 0xE7, 0x9B, 0xC1, 0x37, 0x0B, 0xDF, 0x98, 0xFB, 0xDA, 0xA4, 0x7F, 0xD4, 0x26, 0xF9,
    0xBB, 0x36, 0x91, 0xD3, 0x46, 0xA6, 0xA6, 0xB6, 0x7B, 0xB5, 0x6E, 0x14, 0x4E, 0x99, 0x2E, 0x5E,
    0x71, 0x13, 0x59, 0x3F, 0x69, 0xCE, 0x34, 0xB5, 0x23, 0x75, 0x8D, 0xD4, 0xB4, 0xAB, 0x7A, 0xA8,
    0x65, 0x4E, 0x1D, 0x73, 0x6A, 0x98, 0x73, 0xFC, 0x39, 0x47, 0x9F, 0x73, 0xEC, 0x39, 0x47, 0x9E,
    0x73, 0xDC, 0x39, 0xF7, 0xC4, 0x9C, 0xDB, 0x63, 0xCE, 0x51, 0xB8, 0x08, 0x5C, 0x05, 0x5D, 0x06,
    0x5D, 0x07, 0xC9, 0xA9, 0xE4, 0xB6, 0xF8, 0xC5, 0x9C, 0x84, 0xFE, 0x89, 0x5B, 0x23, 0x0E, 0x5B,
    0xED, 0x2C, 0x45, 0x6B, 0x64, 0x81, 0x13, 0xCF, 0x65, 0x7A, 0x9B, 0xC0, 0xA7, 0xE6, 0x99, 0x1C,
    0x29, 0xA8, 0x27, 0x6D, 0xFD, 0xFE, 0xDE, 0x87, 0x3E, 0xD3, 0x09, 0xD7, 0x4E, 0x42, 0xAF, 0x02,
    0xBB, 0x17, 0x7A, 0x3A, 0x7F, 0xBD, 0xC6, 0xFD, 0xD5, 0x00, 0x30, 0x58, 0x49, 0x88, 0x8D, 0xC4,
    0xB1, 0xE2, 0x36, 0xE7, 0x11, 0xB1, 0xA8, 0x4D, 0x8E, 0xA3, 0x62, 0x8A, 0xB8, 0x2B, 0x15, 0x82,
    0xC2, 0x21, 0xBC, 0x57, 0x44, 0xCF, 0x6D, 0xE8, 0x0A, 0x99, 0x8B, 0xEE, 0x60, 0x49, 0xC6, 0x22,
    0x75, 0x4D, 0xEA, 0xBA, 0x4B, 0x51, 0x37, 0x73, 0x1D, 0xB6, 0xA6, 0x89, 0xB4, 0xB8, 0x1E, 0xBF,
    0x63, 0xD7, 0x5E, 0xBF, 0x3E, 0xEF, 0x4D, 0x9B, 0x5A, 0x6A, 0xCF, 0xEC, 0x59, 0xDF, 0xAD, 0xAD,
    0x9D, 0xDD, 0xAC, 0x8F, 0x5B, 0xE0, 0x80, 0x24, 0xED, 0x69, 0x5F, 0x9D, 0xD2, 0x7F, 0x00, 0x1A,
    0xA6, 0xF5, 0xC0, 0x77, 0x34, 0xA5, 0xF2, 0x85, 0x78, 0xF4, 0xC3, 0xCA, 0x9D, 0x17, 0x41, 0xAB,
    0x2A, 0x7C, 0xD9, 0x08, 0x31, 0x40, 0xE4, 0x1D, 0x1D, 0xAD, 0xC6, 0xD9, 0xD5, 0xB3, 0x78, 0xB0,
    0x02, 0x7E, 0x02, 0x46, 0x21, 0xF1, 0x1B, 0x57, 0x62, 0x9E, 0xB9, 0x0A, 0x8F, 0x48, 0xF8, 0x4F,
    0x98, 0x80, 0xBD, 0xC4, 0xA7, 0xA6, 0xC7, 0xE4, 0x6D, 0x40, 0x7A, 0x16, 0xA0, 0xCE, 0x66, 0x92,
    0x7E, 0x26, 0xF1, 0xC8, 0x78, 0x20, 0x1F, 0x70, 0xB4, 0x53, 0x4F, 0x07, 0x30, 0xD5, 0x70, 0x95,
    0x3B, 0x00, 0x6A, 0x00, 0xF5, 0xAC, 0xFC, 0x84, 0x4F, 0x1B, 0x89, 0xFE, 0xD2, 0x6A, 0xBB, 0xA9,
    0x29, 0x89, 0x63, 0xE1, 0x46, 0x49, 0x25, 0xBD, 0x5F, 0x40, 0xAE, 0x63, 0x8D, 0xFA, 0x82, 0x41,
    0x21, 0x07, 0xA0, 0xFF, 0xBC, 0x93, 0xF4, 0xA0, 0x97, 0xB8, 0xE8, 0x36, 0xB6, 0x86, 0x8B, 0x8B,
    0x21, 0xDF, 0x13, 0xE9, 0xE5, 0xD6, 0xEF, 0xEC, 0x4E, 0x6C, 0x6F, 0x45, 0x76, 0x2D, 0x83, 0x7E,
    0x0B, 0x63, 0xEA, 0x42, 0xE2, 0x5F, 0x77, 0x92, 0x58, 0x18, 0x53, 0x5D, 0x80, 0x31, 0x22, 0x57,
    0xAE, 0x48, 0xFC, 0x1B, 0x7A, 0xE9, 0xD6, 0xCF, 0xCE, 0x63, 0x0C, 0x63, 0xCD, 0x1F, 0x50, 0x7F,
    0x89, 0xD5, 0xF9, 0xD5, 0xC5, 0x19, 0x84, 0x45, 0x4F, 0xAC, 0x44, 0x70, 0x7A, 0x77, 0x3E, 0x83,
    0x70, 0x6E, 0x33, 0xD7, 0x62, 0x98, 0x4B, 0x31, 0xF0, 0x02, 0xC1, 0x64, 0x65, 0x10, 0x52, 0xEE,
    0x22, 0xB6, 0x20, 0x4C, 0xB6, 0x3C, 0xE1, 0x66, 0x82, 0x08, 0x7E, 0x1E, 0x3E, 0x44, 0x9F, 0xC1,
    0xB7, 0x1B, 0x42, 0x48, 0xE4, 0x0A, 0x14, 0x46, 0xFD, 0x4F, 0xAB, 0xE4, 0x89, 0x85, 0x5C, 0x07,
    0x45, 0xC4, 0xF0, 0xD4, 0x7B, 0xBA, 0x80, 0x6D, 0xE5, 0x01, 0x8D, 0xED, 0x45, 0x59, 0x23, 0x1F,
    0x0B, 0x03, 0xF3, 0xC7, 0x6B, 0x61, 0x1A, 0x54, 0xE9, 0x01, 0xF1, 0xD2, 0x7F, 0x8C, 0x23, 0xF8,
    0x3A, 0xCA, 0x40, 0x65, 0xE4, 0x78, 0x14, 0x93, 0xE7, 0x94, 0xE9, 0x13, 0x4A, 0xF3, 0xBE, 0x23,
    0x2D, 0x49, 0x28, 0x57, 0x94, 0xA1, 0x63, 0x9F, 0x48, 0x65, 0xAA, 0x32, 0x6B, 0xC0, 0x55, 0xE0,
    0x65, 0xCA, 0x5A, 0x28, 0xE1, 0x6E, 0x99, 0xC4, 0xF1, 0x27, 0x19, 0x93, 0x25, 0x1F, 0x70, 0x05,
    0x85, 0xBD, 0x14, 0x2D, 0x53, 0x3B, 0x73, 0x7E, 0x7A, 0xE0, 0x90, 0x21, 0xD7, 0x2A, 0x58, 0x05,
    0xB0, 0xC9, 0xB9, 0x8A, 0xD7, 0xAA, 0x78, 0xFC, 0xE9, 0x58, 0x48, 0xB9, 0x9C, 0x60, 0x12, 0x51,
    0xA6, 0xB9, 0x2C, 0x65, 0xE1, 0xC3, 0xC6, 0x28, 0xDF, 0x55, 0x92, 0x01, 0xFA, 0x82, 0xF0, 0xEB,
    0xBA, 0xB2, 0x00, 0xF1, 0x00, 0x01, 0x01, 0x4C, 0x92, 0x54, 0x16, 0x52, 0xFF, 0x17, 0xC4, 0xF1,
    0x85, 0xD0, 0x64, 0x12, 0x49, 0x12, 0x14, 0x93, 0xB8, 0x42, 0xEB, 0xA3, 0x01, 0xC6, 0x0D, 0xB0,
    0x06, 0xD3, 0x19, 0x07, 0x25, 0x35, 0x97, 0x22, 0xFE, 0xDD, 0xA3, 0x6F, 0x8B, 0x67, 0x8A, 0x29,
    0x12, 0xF5, 0x27, 0x23, 0xD1, 0x1B, 0xED, 0x11, 0x6F, 0xCF, 0xD1, 0xC6, 0x3F, 0xC5, 0x1E, 0x60,
    0x70, 0xF0, 0xB2, 0x45, 0xB8, 0x3D, 0x86, 0x6D, 0x58, 0x08, 0x03, 0x61, 0x1F, 0xCC, 0x03, 0x61,
    0x02, 0x73, 0x82, 0x6D, 0x30, 0x0D, 0x96, 0xA9, 0x61, 0x03, 0xCC, 0x4A, 0x89, 0xEB, 0x1D, 0x6D,
    0x02, 0x84, 0x47, 0x7F, 0xC5, 0x82, 0x93, 0xE8, 0xED, 0xE0, 0xE9, 0x6B, 0x93, 0x45, 0x30, 0xA2,
    0x0C, 0xC0, 0x32, 0x23, 0xD0, 0x72, 0x04, 0xD1, 0x92, 0xAC, 0x12, 0xF6, 0x94, 0x74, 0x1C, 0xA2,
    0x78, 0x09, 0x1B, 0xCB, 0x1C, 0x5C, 0x20, 0x25, 0xBF, 0x45, 0x9F, 0x90, 0xBC, 0x81, 0x14, 0xC2,
    0xD8, 0x1F, 0x3D, 0x94, 0xBC, 0x97, 0x48, 0x09, 0xF6, 0x87, 0x38, 0x82, 0xAF, 0x96, 0xB8, 0x5F,
    0x64, 0xCD, 0xA2, 0x2C, 0xEA, 0x15, 0x77, 0x28, 0xE4, 0xA2, 0x96, 0x85, 0xB1, 0x8B, 0xB4, 0x41,
    0x88, 0x5F, 0x50, 0xD9, 0x37, 0x8D, 0x60, 0x58, 0xD6, 0xD8, 0x4E, 0x69, 0x00, 0x7F, 0xF7, 0x67,
    0xC5, 0xAF, 0x84, 0xF1, 0xCB, 0x12, 0x4F, 0x41, 0xC0, 0xF9, 0xC3, 0x0A, 0x80, 0x44, 0xEB, 0x46,
    0x61, 0xF4, 0xA4, 0x11, 0xD8, 0x46, 0x28, 0x93, 0x9F, 0xCF, 0x63, 0x50, 0xF0, 0xA8, 0xA2, 0x63,
    0xE0, 0x97, 0x4F, 0x26, 0xAF, 0x28, 0x36, 0x11, 0x9E, 0x48, 0x07, 0x33, 0x4B, 0xBE, 0xE4, 0x9A,
    0x80, 0xFB, 0x6D, 0xA5, 0x7B, 0x65, 0xF1, 0xE3, 0x60, 0xC4, 0xDD, 0x92, 0xAC, 0xB8, 0x3A, 0x19,
    0x47, 0x39, 0x2F, 0xD2, 0x7F, 0x94, 0x06, 0x27, 0x0B, 0xEE, 0x08, 0x07, 0x76, 0x20, 0x21, 0xCC,
    0x5A, 0x8E, 0x19, 0x77, 0x57, 0x53, 0xF0, 0xFF, 0x16, 0xBC, 0xEB, 0xC1, 0xEA, 0x94, 0x48, 0x1C,
    0x2E, 0xDF, 0x52, 0xE0, 0x3F, 0x60, 0x53, 0x89, 0x2D, 0xF1, 0x2D, 0xA6, 0x30, 0x4C, 0x5B, 0x78,
    0x6B, 0xA9, 0x92, 0xF8, 0x70, 0x71, 0x69, 0xCB, 0x17, 0x32, 0x65, 0x89, 0xA7, 0xC8, 0xCD, 0x13,
    0x16, 0x1C, 0x5E, 0xA0, 0x5E, 0x4B, 0x96, 0x07, 0xC4, 0xC3, 0xEF, 0xEF, 0x5C, 0x00, 0x1E, 0x60,
    0x4C, 0x0C, 0x89, 0x11, 0xB3, 0xC2, 0x8F, 0x77, 0x2E, 0x3C, 0x28, 0x25, 0xD7, 0xA5, 0x7B, 0x5D,
    0x9A, 0xD7, 0x25, 0x70, 0xF4, 0x6B, 0x52, 0xB8, 0x94, 0x90, 0x5C, 0x4C, 0x2C, 0x01, 0x71, 0x20,
    0xD5, 0x4C, 0x82, 0x50, 0x59, 0xC2, 0x84, 0x46, 0x66, 0xF4, 0x3C, 0x9C, 0x54, 0xF2, 0x7A, 0xC0,
    0x1E, 0xFC, 0x9A, 0xA9, 0xF2, 0x8B, 0x0D, 0x11, 0xE0, 0x1E, 0x20, 0xBD, 0x2C, 0x81, 0x38, 0xEC,
    0x4F, 0xA4, 0xD9, 0xF3, 0x99, 0xC1, 0xAB, 0x55, 0x59, 0xC4, 0x72, 0xCA, 0x27, 0x72, 0x92, 0x91,
    0x23, 0xD4, 0x42, 0xE6, 0x8A, 0x64, 0x85, 0xB9, 0x0A, 0x53, 0x15, 0x66, 0x2A, 0x4C, 0x54, 0x98,
    0xA7, 0x30, 0x4D, 0x61, 0x96, 0xC2, 0x24, 0x85, 0x39, 0x0A, 0x53, 0x14, 0xEF, 0xFE, 0xCC, 0xF2,
    0xB9, 0xA0, 0xE0, 0xD1, 0xC5, 0x29, 0xE0, 0xC0, 0x3F, 0x9C, 0x72, 0x10, 0x9C, 0x04, 0xE4, 0x1F,
    0x0A, 0x4D, 0xA7, 0x14, 0x09, 0xAC, 0x0F, 0xBA, 0x47, 0x7E, 0x23, 0xA6, 0xFF, 0xA0, 0xF5, 0x95,
    0xC9, 0x0D, 0x71, 0xBE, 0x84, 0x9B, 0x35, 0xD0, 0x21, 0x10, 0x0F, 0x44, 0x8E, 0x12, 0x4A, 0x4C,
    0x91, 0x4C, 0xC1, 0x38, 0xF3, 0xD1, 0xAA, 0x7B, 0x35, 0x18, 0xCB, 0x65, 0x91, 0x2F, 0x45, 0x3C,
    0x83, 0xDD, 0x97, 0xE0, 0x09, 0x8B, 0xA6, 0xCB, 0xEB, 0x84, 0x64, 0x5D, 0x1C, 0xC5, 0x91, 0xA3,
    0xED, 0x1A, 0x29, 0xFE, 0x84, 0xD5, 0xB7, 0x10, 0xA4, 0x7D, 0x08, 0xCA, 0x8E, 0xD3, 0x39, 0x05,
    0xD4, 0xCF, 0x37, 0x0C, 0xD7, 0x61, 0xE1, 0xDF, 0x8D, 0x28, 0xBF, 0xC1, 0x38, 0xDB, 0x82, 0xE0,
    0xF3, 0x55, 0x4B, 0x40, 0xF1, 0x10, 0x6D, 0x00, 0xD1, 0x08, 0xD9, 0xE1, 0xCB, 0x7E, 0x8C, 0x9F,
    0xF5, 0xAB, 0xF4, 0xF1, 0x72, 0xC4, 0x9A, 0xD4, 0xFB, 0x58, 0xEC, 0x1E, 0x10, 0xDD, 0x7A, 0x88,
    0xC6, 0xB0, 0x72, 0x07, 0xD0, 0x7E, 0x89, 0xB6, 0xCC, 0x94, 0xA4, 0x1B, 0x4D, 0xE0, 0x3E, 0xF2,
    0xE0, 0xFC, 0xFB, 0x58, 0x8F, 0x49, 0x7E, 0xB8, 0x32, 0xE9, 0xC2, 0xEC, 0x94, 0xE6, 0xCB, 0x4F,
    0xF2, 0x7F, 0x10, 0x9C, 0x71, 0x3A, 0x6E, 0xD7, 0x15, 0x1E, 0x0B, 0x6C, 0x23, 0xE1, 0x9F, 0xB1,
    0x9A, 0x3D, 0xE6, 0xB5, 0x0B, 0x2A, 0x7E, 0xF3, 0xDA, 0xC6, 0xCC, 0x6B, 0x7B, 0x5B, 0x76, 0x72,
    0xA4, 0x18, 0x45, 0x7C, 0x68, 0xC3, 0xBB, 0xEB, 0x91, 0x40, 0xC0, 0x24, 0x31, 0x42, 0x96, 0xBB,
    0x1B, 0xAB, 0x0F, 0x18, 0x00, 0xAA, 0xE4, 0x53, 0xBB, 0x8E, 0xE2, 0xED, 0xCB, 0x72, 0x1B, 0xB6,
    0xDE, 0xAF, 0x68, 0xEB, 0xA3, 0x09, 0x76, 0xA7, 0xA2, 0x0E, 0x67, 0x01, 0x6F, 0xF2, 0xE5, 0xFF,
    0x57, 0x06, 0x5F, 0x66, 0xB1, 0xA4, 0xEF, 0xE3, 0xD9, 0x26, 0xFC, 0x53, 0x27, 0x7B, 0x9F, 0x1F,
    0x45, 0xC4, 0x0E, 0x48, 0x94, 0x57, 0xC3, 0x14, 0xDE, 0xE0, 0x94, 0xE6, 0x6A, 0x46, 0xA0, 0x5C,
    0x02, 0xB9, 0x60, 0x5E, 0x7C, 0x64, 0xDE, 0xB9, 0x74, 0x21, 0xE3, 0x09, 0x5D, 0x13, 0x3D, 0x6D,
    0xD7, 0xD1, 0x72, 0x73, 0x5B, 0xEE, 0xEC, 0x48, 0x96, 0x0A, 0x14, 0x45, 0xF7, 0x48, 0x83, 0x83,
    0xE1, 0x1C, 0xE5, 0xC6, 0x4D, 0xD9, 0xBD, 0x23, 0xB7, 0x33, 0xCE, 0x2E, 0x8C, 0x8A, 0x75, 0x22,
    0x65, 0xD2, 0xE7, 0xAB, 0x3B, 0xB7, 0xB1, 0xAD, 0xBB, 0xB3, 0xBE, 0x49, 0x6B, 0x06, 0x8C, 0xFC,
    0x86, 0xB7, 0x00, 0xE1, 0xBD, 0x4A, 0xB0, 0x98, 0xC2, 0xD5, 0x94, 0x1E, 0x80, 0xF1, 0xEE, 0x8D,
    0x8D, 0xDF, 0x02, 0xBC, 0xC1, 0x45, 0x67, 0xBE, 0x05, 0xC8, 0x1B, 0xCF, 0x7C, 0x68, 0xC2, 0xA6,
    0x2F, 0x21, 0xBE, 0xEE, 0xB5, 0xB3, 0x14, 0x5F, 0xDB, 0x16, 0xE1, 0x1A, 0xE2, 0xEC, 0x48, 0xFC,
    0xD8, 0x0A, 0x4F, 0x4F, 0x4E, 0x76, 0x8F, 0xC8, 0xCA, 0x1D, 0xE0, 0x39, 0xE9, 0xE8, 0x6B, 0x38,
    0xFA, 0x6B, 0x7A, 0xEF, 0x55, 0xDE, 0x3A, 0x4C, 0xBC, 0xB5, 0x2C, 0x3E, 0xBA, 0x21, 0xFB, 0xBB,
    0x1C, 0x11, 0x03, 0xCE, 0x94, 0x9A, 0xCF, 0x5C, 0x91, 0xFB, 0x52, 0xC9, 0xA9, 0x25, 0x50, 0xE8,
    0xB4, 0x92, 0x3C, 0xB6, 0xD3, 0x6B, 0xAB, 0x6F, 0xAE, 0x9E, 0xCE, 0x7E, 0x0F, 0x14, 0xFC, 0xFB,
    0xAB, 0x1A, 0xDF, 0x85, 0xBC, 0xFE, 0xBD, 0x12, 0x0B, 0x0F, 0x1E, 0x1C, 0x6E, 0xBD, 0xC3, 0x9B,
    0xBD, 0x8D, 0x93, 0xE6, 0x77, 0x5F, 0x9D, 0x70, 0xB4, 0xDE, 0xDB, 0x0D, 0x70, 0x11, 0x78, 0x48,
    0xA2, 0xA7, 0x17, 0x90, 0xB3, 0x33, 0x18, 0xA8, 0xF7, 0xD6, 0x7A, 0xC9, 0x03, 0x60, 0x5A, 0x92,
    0x64, 0x55, 0x1F, 0xE8, 0xE9, 0x95, 0x74, 0x44, 0xCA, 0xDA, 0xCA, 0x83, 0x81, 0x11, 0x53, 0x56,
    0xDF, 0x0B, 0x34, 0x73, 0x57, 0xF2, 0x4B, 0xCB, 0xEE, 0xF0, 0x1D, 0x03, 0xEE, 0x04, 0x3D, 0x0C,
    0x06, 0xAE, 0x21, 0xA0, 0x14, 0xE6, 0xAE, 0x18, 0xE6, 0xFB, 0x76, 0x56, 0xDB, 0x2D, 0xD0, 0x4C,
    0xC6, 0x84, 0x2A, 0xD7, 0x37, 0x93, 0xD2, 0xB3, 0x27, 0x68, 0x68, 0xD2, 0x20, 0xEA, 0xBB, 0xE2,
    0xA8, 0xEA, 0x7B, 0xAD, 0xF3, 0x54, 0x7D, 0xAD, 0xEF, 0x2B, 0xD8, 0x8C, 0xFE, 0x6B, 0xE3, 0x17,
    0xEA, 0xC1, 0xFA, 0x35, 0xBF, 0xD6, 0x20, 0x37, 0x66, 0x4C, 0x56, 0x24, 0x80, 0x51, 0x9B, 0x35,
    0x59, 0x91, 0x71, 0x8B, 0xC0, 0xA0, 0x6E, 0x0B, 0x9B, 0x23, 0xD2, 0x77, 0xBE, 0x19, 0x28, 0x99,
    0xC5, 0x7C, 0x12, 0x62, 0x7E, 0x4F, 0x7A, 0x1D, 0xEA, 0x6C, 0xF1, 0x23, 0xF7, 0x44, 0xBD, 0xC0,
    0xA1, 0x79, 0x40, 0x52, 0x85, 0xA0, 0x59, 0x5D, 0xC5, 0x8E, 0x04, 0xB3, 0x18, 0x05, 0xC3, 0x32,
    0xB7, 0x43, 0x56, 0x03, 0x46, 0x92, 0x59, 0x9C, 0x15, 0x46, 0xE8, 0x41, 0x16, 0x15, 0xF3, 0x45,
    0x09, 0xFE, 0xDD, 0x69, 0x92, 0xA1, 0xC1, 0xF4, 0x9D, 0x23, 0xEA, 0x44, 0x0A, 0x77, 0x4A, 0x45,
    0x14, 0x3E, 0xAE, 0x6F, 0xE8, 0x73, 0x46, 0xC2, 0x57, 0xBF, 0x8D, 0x43, 0xFD, 0x0F, 0x63, 0x60,
    0x60, 0x30, 0x60, 0x60, 0xA8, 0x65, 0x60, 0x90, 0x77, 0x60, 0x60, 0xBE, 0xC0, 0xC0, 0xB0, 0x83,
    0x81, 0x41, 0x8E, 0x81, 0x81, 0x0D, 0x8C, 0xE4, 0x40, 0x5C, 0xA6, 0x07, 0x0C, 0xFC, 0x0D, 0x0C,
    0x76, 0x0C, 0x0C, 0x16, 0x0C, 0x20, 0x60, 0xFF, 0x47, 0x34, 0x44, 0x97, 0x61, 0x3F, 0x10, 0xDA,
    0x31, 0xE8, 0x30, 0xD8, 0xF0, 0x33, 0x54, 0xB0, 0x3B, 0x7C, 0x60, 0x3E, 0x74, 0x80, 0xE1, 0x71,
    0x03, 0x43, 0x3D, 0x03, 0x83, 0x2D, 0x03, 0x03, 0x07, 0x48, 0x19, 0xF7, 0x03, 0xFB, 0x3F, 0x35,
    0xB6, 0x00, 0xB5, 0x5A, 0x3B, 0x93, 0xE5, 0x56, 0xB5, 0x5E, 0x92, 0xEC, 0x16, 0xA0, 0x72, 0x69,
    0x82, 0x1B, 0x60, 0x08, 0x44, 0x40, 0x00, 0x09, 0x4A, 0x48, 0x5C, 0xD5, 0xE3, 0x2D, 0x7B, 0x02,
    0x02, 0x02, 0xC8, 0x49, 0xFC, 0x0B, 0x98, 0xD4, 0x54, 0xCD, 0x1C, 0xC9, 0x10, 0x38, 0xED, 0x7F,
    0x00, 0xFF, 0x00, 0x57, 0xDD, 0x1B, 0x74, 0x15, 0x6E, 0x6D, 0xCD, 0x38, 0x70, 0xD0, 0xC1, 0x95,
    0x21, 0x20, 0x20, 0xB0, 0xB0, 0x27, 0x23, 0xB0, 0x66, 0x4A, 0x85, 0xD5, 0x46, 0xD2, 0xE6, 0xFB,
    0xF6, 0x96, 0xCE, 0xA3, 0x1F, 0xD3, 0x7D, 0xE6, 0x40, 0xF7, 0x5E, 0xEB, 0x48, 0x5B, 0x8F, 0xFD,
    0x5A, 0xEB, 0x5B, 0x8F, 0x2D, 0x39, 0x11, 0xBF, 0x15, 0x6F, 0x10, 0x59, 0x89, 0xBC, 0x21, 0xF8,
    0xCB, 0x4D, 0x3F, 0x17, 0x1C, 0xBB, 0x62, 0xDA, 0xB9, 0x6C, 0x6A, 0x06, 0x57, 0xE2, 0x9F, 0x55,
    0xC9, 0x79, 0x0D, 0x2E, 0xB2, 0xF7, 0xB3, 0xDA, 0x98, 0x4C, 0x36, 0x4C, 0x4A, 0xBE, 0xC1, 0x32,
    0x6D, 0x4E, 0xC8, 0x7A, 0xB2, 0x89, 0x75, 0x9A, 0x4C, 0xAD, 0x19, 0x4F, 0x13, 0x5E, 0x48, 0x06,
    0xB2, 0x46, 0xE4, 0x5B, 0x22, 0xA9, 0x1D, 0x02, 0x9E, 0xF9, 0xC3, 0x0D, 0x3D, 0xB9, 0xB9, 0x88,
    0xEE, 0x25, 0x34, 0x46, 0x12, 0x90, 0xAA, 0xDF, 0xB4, 0x55, 0xEC, 0x88, 0x31, 0xCD, 0x9A, 0x26,
    0x71, 0xB7, 0xAA, 0xFA, 0x7B, 0xF6, 0xBE, 0xD0, 0x76, 0xBC, 0x17, 0xCF, 0xD4, 0xB1, 0xE9, 0x53,
    0xD3, 0xAA, 0xE2, 0x3D, 0x95, 0xE1, 0xB2, 0xC4, 0x53, 0x16, 0xE0, 0x81, 0x87, 0x83, 0xF8, 0xE8,
    0xDE, 0xF8, 0xA6, 0x37, 0x2A, 0x33, 0x28, 0xD3, 0x45, 0xA6, 0xC8, 0x77, 0xFF, 0x8E, 0x13, 0x29,
    0x55, 0x06, 0x8E, 0xBF, 0xB0, 0xDD, 0xA3, 0x48, 0xD4, 0xBC, 0xAC, 0xC4, 0xCD, 0x0F, 0x93, 0x3A,
    0x37, 0x95, 0x36, 0x59, 0x72, 0x81, 0x2E, 0x9B, 0x41, 0x2E, 0x71, 0x6F, 0xC3, 0x73, 0x8F, 0x73,
    0x0C, 0x6E, 0x6A, 0x29, 0xC1, 0x5B, 0x99, 0xBC, 0x21, 0xEC, 0x65, 0xF4, 0x06, 0xBF, 0xF7, 0x07,
    0xF2, 0xA8, 0x67, 0x8D, 0x6E, 0x79, 0x35, 0xAF, 0x78, 0xE7, 0x63, 0xCC, 0xD9, 0x88, 0xF9, 0x48,
    0x0B, 0xB9, 0x99, 0x1B, 0xBE, 0x92, 0x7C, 0xB4, 0xDC, 0xD8, 0x7A, 0x9D, 0x91, 0xAB, 0x62, 0xC3,
    0x6D, 0x8D, 0xBB, 0x8A, 0xCE, 0xE5, 0xF2, 0x7D, 0xAC, 0x3E, 0x25, 0x62, 0x21, 0xBB, 0x14, 0x0B,
    0x69, 0x53, 0x80, 0x3A, 0xD0, 0x20, 0x25, 0xE6, 0xB7, 0x94, 0xF1, 0x0A, 0x09, 0x1A, 0x0F, 0x1A,
    0x3B, 0x49, 0x92, 0x64, 0xB3, 0x58, 0xB3, 0x57, 0x79, 0x96, 0x7B, 0x93, 0xE4, 0x41, 0x2F, 0x79,
    0xDC, 0x48, 0xAE, 0x0A, 0xC9, 0x39, 0x74, 0xCC, 0x42, 0x8E, 0xA7, 0xF2, 0x3C, 0x93, 0x3C, 0xAD,
    0x70, 0xAD, 0x95, 0x1C, 0x13, 0x90, 0xFB, 0x1C, 0x21, 0xFB, 0xA5, 0x2A, 0x0A, 0x98, 0xDC, 0xE7,
    0x9C, 0x81, 0x62, 0x48, 0xBB, 0x5F, 0xCC, 0xEF, 0x8C, 0x2B, 0xF4, 0x1B, 0xA4, 0x2B, 0x4C, 0x61,
    0x95, 0x07, 0xA0, 0xE8, 0xAB, 0x2A, 0x4F, 0xFE, 0xBF, 0xCA, 0x15, 0xAE, 0x9D, 0x81, 0x7A, 0x50,
    0x0B, 0x6A, 0x40, 0x15, 0x28, 0x8B, 0xAB, 0x15, 0x5F, 0x72, 0xEF, 0x9E, 0x48, 0xF7, 0x31, 0xC6,
    0xD4, 0x41, 0x7A, 0x6B, 0xF7, 0xBE, 0x2C, 0xAE, 0x55, 0x91, 0x54, 0x49, 0xA5, 0x8A, 0xB8, 0x51,
    0x58, 0xEB, 0x5C, 0x82, 0xEE, 0x0C, 0x0A, 0x8A, 0x4E, 0x52, 0x21, 0x72, 0x2C, 0x7E, 0x0A, 0x4A,
    0x70, 0x3F, 0xBA, 0x95, 0x62, 0x7A, 0x14, 0xFA, 0x9E, 0x3E, 0x73, 0xB3, 0xBE, 0x17, 0x19, 0xB3,
    0x26, 0x81, 0xE8, 0xEE, 0x50, 0x5C, 0xBB, 0x76, 0x54, 0x6B, 0xB5, 0x43, 0xC6, 0x01, 0x7D, 0x18,
    0xC5, 0xEF, 0xD0, 0x9F, 0x16, 0xFD, 0x6A, 0xD2, 0x22, 0x36, 0xA6, 0x02, 0xD5, 0x58, 0xBB, 0x46,
    0x65, 0xAE, 0xA7, 0x1A, 0x32, 0x9F, 0x9B, 0x6E, 0x2E, 0xB3, 0xBE, 0x17, 0xF6, 0x74, 0xC8, 0xFD,
    0x29, 0x97, 0x92, 0xC5, 0x1F, 0x2D, 0x02, 0x74, 0xE9, 0x94, 0xA5, 0x58, 0x6C, 0x68, 0x29, 0x51,
    0x01, 0x37, 0x8F, 0x8E, 0xEC, 0x79, 0x07, 0x5A, 0x16, 0x60, 0xFE, 0xF7, 0x70, 0x0C, 0x61, 0xE5,
    0xF5, 0xF9, 0xB9, 0x3D, 0x74, 0x9C, 0x6F, 0xDC, 0x66, 0x01, 0xD8, 0x8A, 0xAC, 0x5C, 0xB3, 0x91,
    0x6C, 0x00, 0xF3, 0xC8, 0xFC, 0x1E, 0x2C, 0x68, 0x03, 0x0A, 0x9B, 0xA1, 0x32, 0x2D, 0x0C, 0x72,
    0x98, 0x5C, 0x66, 0x7B, 0x21, 0x5F, 0x5E, 0x70, 0x58, 0x69, 0x4D, 0x09, 0x8B, 0x5B, 0xCA, 0x5A,
    0xD8, 0x53, 0xEA, 0x30, 0x41, 0x58, 0x53, 0xD1, 0x5A, 0x73, 0x15, 0xA8, 0x96, 0x80, 0x1A, 0xA7,
    0xB5, 0x3C, 0x36, 0x79, 0x5E, 0x48, 0x30, 0xE4, 0x58, 0xFB, 0xA8, 0xCB, 0xA3, 0x16, 0x7A, 0x9E,
    0x07, 0x03, 0xC4, 0xC0, 0x4D, 0x1C, 0x64, 0x10, 0xA8, 0x54, 0x28, 0xD3, 0xE2, 0xA1, 0x37, 0x88,
    0x3D, 0x44, 0xA0, 0xC0, 0x74, 0x81, 0x69, 0x03, 0xBC, 0x06, 0xA2, 0x2F, 0xFA, 0xC7, 0x9E, 0x51,
    0x06, 0xD3, 0xDF, 0x47, 0xE6, 0xE4, 0x20, 0xE1, 0xFD, 0xE5, 0x3D, 0xF1, 0x3A, 0x08, 0x86, 0x69,
    0x37, 0xC2, 0x7B, 0xC0, 0xFB, 0x0E, 0x52, 0x4E, 0x82, 0xDA, 0x9A, 0x3C, 0x47, 0xF9, 0x4C, 0x25,
    0x08, 0x80, 0x66, 0xE1, 0x0C, 0x60, 0x46, 0x28, 0x03, 0x90, 0x0D, 0x80, 0xB1, 0xE1, 0x31, 0xD6,
    0x19, 0xAF, 0x1C, 0x01, 0xDA, 0x68, 0x59, 0x35, 0x01, 0x18, 0x66, 0x4A, 0x14, 0x26, 0x47, 0xD4,
    0x10, 0x6B, 0x51, 0x8F, 0x13, 0x85, 0xAE, 0x28, 0x25, 0xAB, 0xF4, 0x0C, 0x2C, 0x1E, 0x54, 0x56,
    0xC6, 0x3D, 0x58, 0xD8, 0xA6, 0x59, 0x19, 0x90, 0x61, 0xF8, 0xD9, 0x99, 0xDC, 0x51, 0xCF, 0x6E,
    0xBA, 0x47, 0xF2, 0x67, 0x8B, 0x05, 0xAA, 0x54, 0x9D, 0x36, 0x79, 0x16, 0xB5, 0x1A, 0xFA, 0x34,
    0x81, 0x46, 0x09, 0xFA, 0xC9, 0xEA, 0x56, 0xD0, 0xB1, 0x9E, 0xD7, 0x79, 0x1F, 0xEF, 0x17, 0xFD,
    0x4C, 0xEE, 0xF2, 0xFE, 0x9B, 0x28, 0x5D, 0x2B, 0xA7, 0xB7, 0x28, 0x27, 0x0E, 0x8C, 0xD3, 0xE1,
    0xE2, 0x8A, 0x0A, 0x2D, 0x66, 0x12, 0x13, 0x55, 0x7F, 0x17, 0x2B, 0x26, 0x34, 0xC5, 0xD6, 0x34,
    0x8E, 0xF3, 0xAF, 0x21, 0x46, 0x53, 0x7A, 0xEB, 0xD7, 0xA1, 0xA3, 0x93, 0x44, 0xB6, 0x93, 0xFD,
    0x2E, 0xA0, 0xAB, 0x19, 0x48, 0xEF, 0x48, 0x87, 0x80, 0xA2, 0x78, 0xFD, 0xC2, 0x08, 0x19, 0xBE,
    0x81, 0x88, 0x44, 0xB4, 0x45, 0xC9, 0x17, 0xBD, 0x2E, 0xD4, 0x07, 0x3D, 0x5E, 0xFA, 0x0E, 0x64,
    0x92, 0xAC, 0xB6, 0xA7, 0xC9, 0xDF, 0xFB, 0x9C, 0xD8, 0x66, 0x24, 0xE0, 0xCD, 0xF2, 0x90, 0xCE,
    0xC8, 0xFA, 0x2D, 0x79, 0x91, 0xD4, 0x69, 0xAD, 0xAA, 0x18, 0xCB, 0x13, 0x5E, 0x00, 0x10, 0x79,
    0x0B, 0x75, 0x20, 0x77, 0x6D, 0x8B, 0x86, 0x37, 0x85, 0x3E, 0x51, 0xE1, 0xA2, 0x16, 0xCD, 0xD4,
    0x79, 0xA6, 0x2A, 0xAA, 0x68, 0xD2, 0xBC, 0x02, 0x40, 0x0F, 0x0B, 0x09, 0xB5, 0x79, 0x8B, 0x14,
    0xCD, 0xE7, 0x65, 0xCA, 0x40, 0x35, 0x17, 0xD5, 0x70, 0x00, 0x85, 0x4F, 0x60, 0xB7, 0xA6, 0x78,
    0x97, 0x00, 0x17, 0x7E, 0xFF, 0xAA, 0x0C, 0x13, 0xB3, 0xCD, 0x58, 0x27, 0xFF, 0x01, 0x4E, 0xFF,
    0xA0, 0xDE, 0xE6, 0x04, 0x94, 0xF8, 0x1A, 0x0E, 0xB7, 0x43, 0x16, 0x92, 0x85, 0xCC, 0x94, 0xCD,
    0x8E, 0x1A, 0xFC, 0x96, 0x10, 0xCA, 0x2E, 0x33, 0xE1, 0x98, 0x75, 0xBC, 0xF6, 0xC7, 0x09, 0x7E,
    0x06, 0x91, 0xFA, 0x3A, 0x36, 0x65, 0x84, 0xF0, 0x8E, 0x6C, 0x00, 0xF3, 0x47, 0x5E, 0x98, 0x16,
    0x66, 0x4F, 0xED, 0x05, 0x60, 0x6B, 0x95, 0xDA, 0x9B, 0x2F, 0x19, 0x98, 0x59, 0x8F, 0x46, 0x6B,
    0xE4, 0x34, 0xCB, 0xA2, 0x47, 0x90, 0xC6, 0x23, 0x1A, 0x58, 0x6B, 0xB4, 0x26, 0xF9, 0xB6, 0x47,
    0x5F, 0x97, 0x92, 0x92, 0xD0, 0x93, 0x5A, 0x13, 0xCF, 0x59, 0xFF, 0x26, 0xAE, 0xF3, 0x3E, 0xDE,
    0x7F, 0x44, 0x23, 0x27, 0x47, 0x18, 0x1C, 0x7D, 0xA3, 0x96, 0x80, 0x47, 0x33, 0xE9, 0x4D, 0x3E,
    0x81, 0x72, 0x80, 0xF2, 0xD1, 0x8A, 0xA9, 0x0C, 0xDD, 0x12, 0xF8, 0x52, 0xDB, 0x3C, 0xB4, 0xF5,
    0x00, 0x53, 0xDC, 0xE3, 0xDB, 0xFB, 0xDD, 0xB3, 0x78, 0x2F, 0xDF, 0x73, 0xC4, 0x4E, 0x3C, 0x9C,
    0x32, 0x88, 0x48, 0x15, 0xD1, 0x8E, 0x77, 0x54, 0x2F, 0xF7, 0x1F, 0x37, 0x09, 0xED, 0x7A, 0x15,
    0xB0, 0x57, 0x20, 0x1F, 0x20, 0x19, 0x76, 0xAE, 0xDE, 0x29, 0x61, 0x52, 0x45, 0x53, 0x16, 0xD3,
    0xF1, 0x6D, 0x5F, 0x0B, 0xDA, 0x23, 0xD3, 0xA6, 0xA6, 0x53, 0x81, 0x2D, 0x1C, 0x6F, 0x17, 0x62,
    0xBA, 0xBD, 0x8F, 0x81, 0xDD, 0xD0, 0x8E, 0xE8, 0x02, 0x08, 0x2F, 0xA9, 0x3E, 0xC1, 0x25, 0xFA,
    0xC1, 0x1F, 0x8C, 0x0A, 0x4E, 0x2F, 0xFD, 0xDE, 0x32, 0x7D, 0x32, 0xC2, 0x52, 0x45, 0x06, 0x7E,
    0x65, 0x81, 0xBE, 0x68, 0xD3, 0x68, 0xD3, 0x02, 0x54, 0xB5, 0xA9, 0x79, 0xE0, 0x77, 0xA5, 0xDF,
    0xC3, 0xD7, 0xC3, 0xF1, 0x43, 0x02, 0xC7, 0x5C, 0x4A, 0xEB, 0x08, 0x5E, 0x2D, 0x18, 0xCA, 0x9A,
    0xE8, 0xA2, 0x2C, 0x14, 0x02, 0x31, 0xA0, 0xDA, 0x44, 0xA0, 0x76, 0xA1, 0x8F, 0x71, 0x65, 0x21,
    0xD1, 0x45, 0x68, 0xDA, 0xD8, 0x0C, 0x69, 0x01, 0x2F, 0x7D, 0x64, 0xA1, 0x1B, 0x7F, 0x2F, 0xA1,
    0xC7, 0xDE, 0x7B, 0xFA, 0x99, 0x7A, 0xB7, 0x4B, 0xAB, 0xE4, 0x29, 0xB1, 0xF7, 0x05, 0x01, 0x79,
    0xFA, 0x9A, 0x2A, 0x6F, 0x75, 0x9E, 0x62, 0xCA, 0xA3, 0xE0, 0x9B, 0x7F, 0x0E, 0x12, 0x7F, 0xD1,
    0xC1, 0xA8, 0x3F, 0xED, 0x30, 0xFB, 0x7E, 0x07, 0x94, 0xE0, 0x1A, 0x56, 0x29, 0x6E, 0x89, 0x31,
    0xC5, 0x59, 0x84, 0xC9, 0x8C, 0xEA, 0x7B, 0x51, 0xA3, 0xE0, 0x2D, 0xA1, 0x7E, 0x82, 0xFB, 0xDA,
    0x97, 0x61, 0x0F, 0x73, 0x52, 0xAA, 0xBE, 0xD4, 0x7D, 0x39, 0xF5, 0xFA, 0x45, 0xAF, 0xFF, 0xDC,
    0xEB, 0xA7, 0xBD, 0xC6, 0x25, 0xBF, 0xF7, 0x3C, 0x89, 0x3F, 0x04, 0xCC, 0x17, 0xDE, 0xE8, 0x3C,
    0xD8, 0xDB, 0x1F, 0x29, 0x03, 0x5C, 0x6D, 0x4A, 0x55, 0x94, 0x93, 0xE8, 0x81, 0x9E, 0x25, 0x78,
    0xA9, 0xA5, 0x4C, 0xAB, 0x32, 0xC2, 0xDC, 0xF6, 0xBE, 0x99, 0xE6, 0xD2, 0xAD, 0x50, 0x82, 0x76,
    0x15, 0xB6, 0xAB, 0xA4, 0x5D, 0xE9, 0x7A, 0xA5, 0xB3, 0xD5, 0xFB, 0xB2, 0xC2, 0x64, 0x61, 0x85,
    0xD3, 0x8A, 0xA0, 0xA5, 0x1A, 0x18, 0xF2, 0xD6, 0xD4, 0xAB, 0x6F, 0xFE, 0x55, 0x3F, 0xD6, 0xFF,
    0xA8, 0xCF, 0xD4, 0x79, 0x73, 0x96, 0x7E, 0xD8, 0x9C, 0x25, 0x3F, 0x6B, 0xCE, 0x30, 0xB1, 0x58,
    0xAB, 0x75, 0xD1, 0x66, 0x2E, 0xDB, 0x95, 0x76, 0x6E, 0x3B, 0x2C, 0x32, 0x96, 0x1A, 0x0B, 0x4E,
    0x5B, 0xBA, 0x2C, 0x3B, 0xEA, 0x3D, 0x5D, 0x5C, 0xFB, 0xD4, 0x76, 0xC1, 0x3C, 0x69, 0xBA, 0x5D,
    0x6D, 0x19, 0x52, 0x1C, 0x4A, 0xCF, 0x8E, 0x32, 0xEC, 0xEC, 0x53, 0xF5, 0x25, 0x71, 0x10, 0x5D,
    0x87, 0x94, 0xCA, 0x2A, 0xAD, 0x33, 0x65, 0xCD, 0x8C, 0x8B, 0xC8, 0x12, 0xD3, 0x44, 0xA6, 0xF1,
    0x34, 0xEE, 0xEF, 0x5D, 0x11, 0xEB, 0x1D, 0x5D, 0x2D, 0xA5, 0xC0, 0x12, 0x0E, 0xCA, 0xEF, 0xD3,
    0xDF, 0xB5, 0xC9, 0x27, 0x6D, 0x7C, 0x5E, 0xC3, 0x7F, 0x09, 0x08, 0xA5, 0x19, 0x4D, 0xDB, 0xC8,
    0x48, 0x19, 0x56, 0x50, 0x73, 0x64, 0xC2, 0xC8, 0x99, 0x02, 0xB4, 0x43, 0x80, 0x12, 0xD8, 0x48,
    0xC8, 0x13, 0x06, 0xFD, 0xD7, 0x17, 0xA3, 0x7A, 0xD0, 0x96, 0x0A, 0xB3, 0xCC, 0xDF, 0xF4, 0xAF,
    0xCF, 0x47, 0xD6, 0xF3, 0xBA, 0x68, 0x68, 0xF5, 0xA5, 0x67, 0xD1, 0x32, 0x9A, 0x8D, 0xFF, 0x56,
    0xC3, 0x6F, 0xF2, 0x0D, 0xED, 0x29, 0x9A, 0x0D, 0xA1, 0x9C, 0xE7, 0xAD, 0x7A, 0xD0, 0xAD, 0x64,
    0xB8, 0x69, 0x92, 0x20, 0xD2, 0xAE, 0x58, 0x73, 0xC9, 0xA2, 0xFC, 0x6E, 0x53, 0x7E, 0x4B, 0xB5,
    0x84, 0x38, 0xFB, 0xF0, 0x7B, 0xFD, 0xB9, 0x94, 0x51, 0x53, 0xBE, 0x8C, 0xF0, 0xB2, 0x69, 0x21,
    0x9E, 0xCB, 0x1D, 0x18, 0x9D, 0xE3, 0x7A, 0xC3, 0xB0, 0x1E, 0xC1, 0x16, 0xD3, 0xAD, 0x35, 0x8E,
    0x96, 0xEC, 0x80, 0xAD, 0x95, 0xB4, 0x56, 0xB6, 0xC0, 0x3A, 0x17, 0xF6, 0x97, 0xFA, 0x0B, 0x6F,
    0xA1, 0xC4, 0x3C, 0x6F, 0x93, 0x86, 0x07, 0xA7, 0xCD, 0x67, 0xA0, 0xE7, 0x43, 0x19, 0x3E, 0xB7,
    0xBF, 0x3C, 0x7F, 0x38, 0xBD, 0x33, 0x6C, 0x0B, 0x80, 0xA6, 0xB4, 0x58, 0xF0, 0x08, 0x9D, 0x5C,
    0xD5, 0xC0, 0x95, 0xF4, 0x02, 0x8A, 0x58, 0x50, 0x11, 0xC3, 0xD6, 0xBA, 0xC2, 0xD0, 0xD7, 0xF6,
    0x5E, 0xDC, 0x2A, 0x53, 0xB3, 0xFE, 0x02, 0x0F, 0xC2, 0x78, 0x97, 0xB4, 0xE4, 0x65, 0x04, 0xE4,
    0x85, 0x02, 0x69, 0x0A, 0x9D, 0xCA, 0x36, 0xCC, 0xD6, 0xB9, 0xAB, 0xF6, 0x3E, 0x3E, 0xE1, 0x99,
    0x67, 0x44, 0x0D, 0x62, 0x1A, 0x0B, 0x0E, 0x70, 0x0A, 0xBB, 0x1F, 0xFD, 0x7D, 0x48, 0x9E, 0x0C,
    0xF4, 0x41, 0x7F, 0x60, 0xF3, 0x11, 0xA3, 0xCD, 0x4D, 0x7C, 0xC7, 0x2A, 0xF0, 0x6D, 0x58, 0x13,
    0x3E, 0x6D, 0xA2, 0xBF, 0xB4, 0xE0, 0xB3, 0xC2, 0xDF, 0x76, 0x7F, 0x54, 0xD1, 0x6C, 0x68, 0xC3,
    0x82, 0x83, 0xC4, 0x14, 0x89, 0xD5, 0xB7, 0xE4, 0x29, 0xAC, 0xD5, 0x35, 0x85, 0x32, 0x9E, 0xA0,
    0xF4, 0xF4, 0x95, 0xDE, 0x63, 0xF7, 0x60, 0x40, 0x22, 0xCC, 0x8C, 0x6B, 0xED, 0x36, 0x8C, 0x85,
    0x0A, 0x45, 0x0C, 0x2F, 0x10, 0xEF, 0x65, 0x0A, 0x3E, 0xB2, 0xB1, 0xC2, 0x56, 0xA1, 0x3F, 0x2D,
    0x61, 0x5C, 0x37, 0x10, 0xD8, 0x98, 0x73, 0x9D, 0xA9, 0x77, 0x44, 0xC1, 0x4E, 0x9A, 0xEA, 0x48,
    0x57, 0xFF, 0x03, 0xF8, 0xC5, 0x24, 0xA2, 0x7E, 0x94, 0xFB, 0xC6, 0xDC, 0x97, 0x72, 0xF3, 0xF7,
    0x93, 0x38, 0x53, 0x49, 0x05, 0xEE, 0xC6, 0x0B, 0x57, 0xE0, 0xE5, 0x45, 0xBA, 0x60, 0x80, 0xE5,
    0xEB, 0x78, 0xEB, 0x75, 0xFF, 0x41, 0xAF, 0xBA, 0xBC, 0xCD, 0xA1, 0xB0, 0x13, 0x4D, 0xC2, 0x9A,
    0x41, 0x7D, 0x18, 0xBC, 0x4E, 0x59, 0x80, 0x90, 0xAC, 0x09, 0x19, 0x97, 0x25, 0x88, 0xBC, 0x5A,
    0x0D, 0x77, 0xA3, 0xD5, 0xB0, 0xA0, 0xCD, 0xFB, 0x02, 0xC3, 0x4E, 0xCC, 0x92, 0x4B, 0x0C, 0xC2,
    0xEC, 0x42, 0x40, 0xCB, 0x78, 0x0B, 0xE4, 0x21, 0xB0, 0x47, 0xA8, 0x2B, 0x7D, 0x80, 0xEC, 0xDE,
    0xCB, 0x70, 0x25, 0x5F, 0x75, 0x2B, 0x70, 0x7B, 0x99, 0x84, 0x95, 0xCD, 0xFD, 0xE0, 0x91, 0x9F,
    0xDE, 0xC9, 0x18, 0x6C, 0xEC, 0xC7, 0xB4, 0xD8, 0x8F, 0x7D, 0xE0, 0xED, 0x66, 0xB4, 0x99, 0x0B,
    0x7B, 0x62, 0x0B, 0xF3, 0x48, 0x24, 0x26, 0x65, 0x16, 0xB2, 0x75, 0xE6, 0x42, 0x98, 0x2D, 0x62,
    0xDE, 0xC8, 0x85, 0x5E, 0xC1, 0x4C, 0x51, 0x67, 0xEB, 0xE8, 0x61, 0xE8, 0x8B, 0x6B, 0x71, 0x94,
    0x18, 0xB9, 0xD0, 0xBA, 0x1E, 0x0B, 0x11, 0x38, 0xF3, 0x9E, 0x71, 0x01, 0x16, 0xB8, 0xB8, 0x12,
    0x3D, 0x61, 0x9E, 0xF4, 0x14, 0x74, 0x58, 0x2E, 0x52, 0x6F, 0x80, 0x7C, 0x70, 0xD7, 0x61, 0xC1,
    0xA1, 0xF5, 0xB5, 0xDA, 0x89, 0x9E, 0x9C, 0x8A, 0xD1, 0x44, 0xC1, 0x33, 0xE9, 0x57, 0xCA, 0x18,
    0x15, 0x4D, 0x69, 0xE1, 0x3C, 0x13, 0x6B, 0xA2, 0x30, 0x6D, 0x59, 0x8E, 0xB6, 0x60, 0x16, 0x43,
    0xF8, 0x66, 0x15, 0x13, 0x6C, 0x35, 0x7C, 0x1A, 0xFA, 0x43, 0x68, 0x08, 0x1A, 0x19, 0x30, 0xD5,
    0xE1, 0x13, 0x89, 0x6C, 0x48, 0x22, 0xD6, 0x5D, 0x67, 0x56, 0xC7, 0xA6, 0x4F, 0x24, 0x6D, 0x66,
    0xFF, 0xB5, 0x64, 0x90, 0x2B, 0x50, 0x0E, 0xCC, 0x37, 0x56, 0x40, 0x92, 0x4F, 0xF1, 0xAA, 0x73,
    0xF8, 0x05, 0x9F, 0x57, 0x18, 0x57, 0x26, 0x04, 0xFD, 0x75, 0x34, 0xF5, 0xD1, 0xFF, 0xE1, 0x45,
    0xDD, 0x21, 0xC1, 0xF5, 0x88, 0xF1, 0x8E, 0x08, 0xAE, 0xE7, 0xA0, 0x01, 0xB8, 0x6F, 0x67, 0x51,
    0xAA, 0x28, 0xCA, 0x24, 0x66, 0x7B, 0x8B, 0x5F, 0xC1, 0x1B, 0x70, 0x69, 0x88, 0x40, 0x09, 0x08,
    0xDD, 0x1E, 0x98, 0x08, 0xFC, 0x1A, 0xF3, 0xFF, 0x25, 0xE8, 0x13, 0xD0, 0x03, 0x23, 0x13, 0x82,
    0xE3, 0x21, 0x60, 0x07, 0x1F, 0x89, 0x5D, 0x7A, 0xC8, 0x2E, 0x93, 0x61, 0x24, 0x33, 0x3A, 0xB2,
    0xE7, 0xF0, 0xFF, 0x62, 0xA8, 0x1D, 0x8C, 0x1D, 0x9C, 0x3F, 0x44, 0x53, 0x55, 0x8A, 0x50, 0x3F,
    0xA9, 0xEC, 0x31, 0xEB, 0x70, 0x23, 0x0C, 0xB2, 0x24, 0x05, 0x3C, 0x77, 0x16, 0x1C, 0x24, 0xE6,
    0x84, 0x3A, 0xF3, 0xC1, 0xC0, 0x02, 0xCD, 0x21, 0xC2, 0x9D, 0xD8, 0xF0, 0xB4, 0xA7, 0x5B, 0xED,
    0x99, 0xFC, 0xB5, 0x3C, 0xBF, 0x9F, 0xE7, 0xA9, 0xE1, 0x29, 0x7D, 0xED, 0x36, 0x67, 0x36, 0x6A,
    0x93, 0x5E, 0x49, 0x37, 0xE0, 0x0F, 0xE9, 0x1F, 0x10, 0xF8, 0x97, 0x3F, 0x1E, 0xCA, 0xDC, 0xB9,
    0x90, 0x70, 0x2D, 0xAB, 0x32, 0x68, 0x4A, 0xAF, 0x2D, 0x85, 0xF0, 0xB6, 0x46, 0x94, 0xFD, 0x92,
    0x48, 0x49, 0xE6, 0xCA, 0xAD, 0x48, 0x89, 0x61, 0xCE, 0xA5, 0x12, 0x57, 0xAC, 0x1B, 0xC3, 0xB2,
    0xAE, 0xD9, 0x14, 0xD3, 0xCC, 0xC5, 0x9E, 0xBA, 0x39, 0xD9, 0xBE, 0xC1, 0x65, 0xC3, 0x66, 0x9A,
    0x13, 0xD1, 0x2E, 0xA7, 0x55, 0xCC, 0xF5, 0x36, 0x2C, 0x98, 0xF3, 0x64, 0x6A, 0x8B, 0x70, 0x17,
    0xB5, 0x5F, 0x61, 0xFD, 0x15, 0xD6, 0x5F, 0x15, 0x9B, 0x7E, 0x6C, 0x99, 0x4C, 0x9C, 0x36, 0x30,
    0x99, 0xA5, 0xCF, 0x42, 0x90, 0x61, 0x2C, 0x55, 0x41, 0x14, 0x5F, 0x39, 0x53, 0x65, 0x6C, 0xA6,
    0x4A, 0xD9, 0x4C, 0x55, 0xEC, 0x32, 0x55, 0x86, 0x61, 0x30, 0x25, 0x97, 0x99, 0x2A, 0xBB, 0x61,
    0x10, 0x5F, 0xC3, 0x6F, 0xF5, 0xB6, 0x01, 0x01, 0xDF, 0x40, 0x7E, 0xE2, 0x2F, 0xFE, 0x89, 0xB8,
    0xE3, 0x29, 0xC1, 0x1E, 0xDE, 0x36, 0xC5, 0x3A, 0xD8, 0x62, 0x77, 0xCB, 0x83, 0x31, 0x42, 0xFB,
    0x3E, 0xDE, 0x7A, 0x6C, 0x9D, 0xA6, 0x04, 0x58, 0x45, 0xD8, 0xBA, 0xD5, 0x71, 0x97, 0xD6, 0xEA,
    0xD3, 0x23, 0x41, 0x74, 0x19, 0x32, 0x9A, 0x82, 0xFD, 0x80, 0x8B, 0x6E, 0xD3, 0x52, 0x49, 0x23,
    0xCC, 0xD2, 0xAD, 0x53, 0x57, 0xD3, 0xBC, 0x48, 0x98, 0x09, 0x97, 0xBA, 0xE2, 0x42, 0x31, 0x27,
    0xA8, 0x41, 0xEA, 0x0A, 0xEE, 0x2D, 0x66, 0xA0, 0x02, 0xF4, 0xCF, 0x66, 0x60, 0x84, 0x19, 0x28,
    0xCA, 0x74, 0x2C, 0xA3, 0xB1, 0x0C, 0xA0, 0x60, 0x8F, 0x5D, 0xC9, 0x25, 0x80, 0xC8, 0x62, 0x4D,
    0x8E, 0x81, 0x09, 0xC7, 0x88, 0xF2, 0xDE, 0x1E, 0x98, 0x72, 0x9C, 0x09, 0xC7, 0x6F, 0x63, 0xF5,
    0x8E, 0x4D, 0x96, 0x1F, 0x33, 0xF9, 0x40, 0x4C, 0xC4, 0xBD, 0x5C, 0x3D, 0xAC, 0x4B, 0x09, 0xBF,
    0xB8, 0xFC, 0x08, 0xBE, 0xCC, 0xFF, 0xC2, 0xD5, 0xFA, 0x53, 0x3D, 0x27, 0xD5, 0xE1, 0x03, 0xFD,
    0xA9, 0x45, 0x1D, 0xDD, 0x9B, 0x89, 0x58, 0xC5, 0xED, 0x96, 0xCA, 0xE9, 0x77, 0xD4, 0x41, 0x25,
    0x6B, 0x66, 0x2E, 0xE3, 0x27, 0x46, 0xE2, 0x4F, 0x10, 0xED, 0x7C, 0x8E, 0x55, 0x35, 0x94, 0x5D,
    0x71, 0xBF, 0x3C, 0x67, 0x7D, 0x65, 0x6C, 0x04, 0x01, 0x7D, 0x07, 0x48, 0xC6, 0x2D, 0x54, 0x5B,
    0x60, 0x2D, 0xC4, 0xBC, 0x18, 0xC5, 0xFC, 0xAB, 0x93, 0xE4, 0xF7, 0xF4, 0xC7, 0xA1, 0x43, 0x93,
    0xB8, 0x5F, 0x9E, 0x7F, 0x88, 0xFA, 0x0F, 0xE0, 0x96, 0x00, 0x6C, 0x31, 0x5E, 0x48, 0xE4, 0xC8,
    0xE8, 0x76, 0xC4, 0x84, 0xC9, 0x48, 0x39, 0x1B, 0xCD, 0x82, 0xAA, 0x44, 0x44, 0x77, 0x64, 0xEB,
    0xDC, 0xD5, 0x18, 0x00, 0x3B, 0x86, 0x36, 0x81, 0xCB, 0x1D, 0x17, 0x42, 0xE8, 0x88, 0xC0, 0x57,
    0xB7, 0x69, 0xA5, 0xD1, 0xB4, 0x7E, 0x31, 0x88, 0xF5, 0xFA, 0x4C, 0xE5, 0x7E, 0xBF, 0x86, 0xDB,
    0xD3, 0x8E, 0x20, 0x4D, 0x53, 0x02, 0xEF, 0x33, 0xA9, 0x5F, 0x21, 0x79, 0x37, 0x2D, 0xB4, 0xB5,
    0x3D, 0x61, 0xE9, 0xE6, 0xB0, 0xC8, 0xB8, 0xB2, 0x76, 0xD3, 0x19, 0xD6, 0x67, 0x3B, 0xAC, 0x90,
    0x2D, 0x66, 0xCC, 0x0E, 0xBB, 0x74, 0x75, 0x97, 0xE1, 0xB5, 0xC5, 0x86, 0x60, 0xC0, 0xCD, 0x86,
    0x78, 0xBE, 0x4D, 0xF6, 0x75, 0xBB, 0xFC, 0xBA, 0x3D, 0x1C, 0x80, 0x00, 0xB9, 0xDD, 0xE7, 0x31,
    0xAE, 0x77, 0x39, 0x65, 0xA9, 0x88, 0x1D, 0xAF, 0x2F, 0xF3, 0xC4, 0xEA, 0x70, 0xCE, 0xAD, 0x11,
    0x8A, 0x05, 0xB8, 0x35, 0x30, 0x58, 0x1E, 0xF6, 0x62, 0x8B, 0xCD, 0xCE, 0x15, 0x1A, 0x00, 0x1B,
    0xC5, 0x39, 0x52, 0xF0, 0xCC, 0xE8, 0x5C, 0x25, 0xC5, 0x86, 0x89, 0xDB, 0x8C, 0x08, 0xF9, 0xB2,
    0x90, 0xEF, 0x8A, 0x60, 0xB0, 0x1F, 0xBA, 0xEC, 0x5A, 0x82, 0xF8, 0x41, 0x35, 0x32, 0x67, 0x21,
    0x75, 0x31, 0xC1, 0x8C, 0x4F, 0xB1, 0xE9, 0xC7, 0xE4, 0xB3, 0x61, 0x82, 0x8F, 0xA5, 0xE9, 0x84,
    0x7F, 0xF5, 0x69, 0x0F, 0x63, 0x0F, 0x38, 0xA0, 0xA3, 0x81, 0x17, 0xF8, 0x88, 0xBA, 0x6C, 0xCA,
    0x30, 0x85, 0xB4, 0x78, 0x1F, 0xD1, 0xCD, 0x09, 0xA9, 0xE8, 0xB8, 0x9C, 0xFE, 0x76, 0x14, 0x85,
    0x6E, 0xBF, 0x9D, 0xFC, 0xA2, 0x50, 0x69, 0x5C, 0xA8, 0x3F, 0x26, 0x05, 0x37, 0xFA, 0x22, 0x74,
    0xD0, 0x63, 0xD0, 0x02, 0xF5, 0x16, 0x9B, 0xBC, 0x49, 0xEF, 0x9C, 0x09, 0xCD, 0xE7, 0x4C, 0x28,
    0xEF, 0xB3, 0x0E, 0xC7, 0xC3, 0x0B, 0x4C, 0x07, 0xA7, 0x04, 0x43, 0x0B, 0x09, 0xA0, 0xD5, 0x1C,
    0xB8, 0x9E, 0xA0, 0x1B, 0xC9, 0x6E, 0xE0, 0x9A, 0xB2, 0x5F, 0x0D, 0x73, 0x29, 0x79, 0xC3, 0xBD,
    0xA7, 0x05, 0x9F, 0xF6, 0x4F, 0xA5, 0xF6, 0x1B, 0xF2, 0x76, 0xC9, 0x3A, 0x48, 0x2C, 0x9E, 0xF5,
    0xD8, 0x36, 0x85, 0x49, 0x29, 0x96, 0xB5, 0x0D, 0xD2, 0x58, 0x46, 0xE6, 0x05, 0x52, 0x44, 0x43,
    0x0C, 0x86, 0x22, 0x2A, 0xD0, 0xC4, 0x3B, 0xE9, 0xAC, 0x35, 0x2E, 0xA5, 0x95, 0x5E, 0x9B, 0x6F,
    0x5C, 0xDC, 0xCE, 0x77, 0xAD, 0xDB, 0xF9, 0x69, 0x1B, 0x7F, 0x8E, 0x30, 0xDD, 0xB9, 0x9D, 0xE2,
    0x74, 0x75, 0xBB, 0x5C, 0xDB, 0xD0, 0x37, 0x6C, 0xA8, 0x73, 0x0D, 0xE5, 0xF0, 0xBA, 0xB0, 0x26,
    0xA4, 0x3D, 0x1A, 0x4A, 0x68, 0x0E, 0xDA, 0xED, 0x86, 0x5E, 0x9E, 0xCA, 0xAD, 0xB7, 0x52, 0xB9,
    0xE3, 0x92, 0xCA, 0xED, 0x55, 0xA5, 0x80, 0xA0, 0x08, 0x9F, 0x6C, 0x2C, 0xB2, 0x90, 0xD7, 0x33,
    0x74, 0x87, 0x3F, 0xFD, 0x15, 0xDB, 0xE3, 0xA8, 0x98, 0x86, 0x2A, 0x98, 0x8B, 0x38, 0x37, 0xEA,
    0x81, 0x29, 0xBD, 0x8D, 0xCA, 0x6B, 0x06, 0x73, 0x1B, 0x86, 0x7E, 0xEC, 0xC1, 0x0C, 0x73, 0x78,
    0x1B, 0x36, 0x27, 0x83, 0xB7, 0x19, 0xDC, 0xD7, 0x6C, 0x21, 0x98, 0xAC, 0xAB, 0x64, 0x18, 0xAA,
    0x39, 0x42, 0xC7, 0xD7, 0x34, 0x6E, 0x76, 0xDF, 0xD6, 0x34, 0x59, 0xD3, 0xA6, 0x09, 0x11, 0x76,
    0x83, 0xF6, 0xC8, 0x98, 0x6D, 0xDF, 0xA3, 0xD9, 0x50, 0xB4, 0x43, 0x39, 0x21, 0x66, 0x9B, 0x1E,
    0xB4, 0x36, 0xED, 0xC8, 0x14, 0x66, 0x68, 0xAC, 0x1F, 0xBF, 0x21, 0x6A, 0xD3, 0x4C, 0x00, 0x82,
    0x9D, 0x72, 0x5C, 0x9A, 0xE3, 0x32, 0x37, 0x13, 0x0C, 0x75, 0x08, 0x05, 0x3A, 0x2E, 0x59, 0x16,
    0x17, 0x0B, 0x33, 0x3E, 0x97, 0xB7, 0x58, 0x94, 0x8D, 0xC4, 0x43, 0x4C, 0xCA, 0x5B, 0xB6, 0xA0,
    0x7E, 0xBB, 0xAF, 0x6B, 0x7F, 0xA9, 0x71, 0xBB, 0x8A, 0x76, 0xBB, 0x59, 0xD3, 0x47, 0xCA, 0xAE,
    0xA3, 0x5F, 0xEF, 0x3A, 0x73, 0x1B, 0x1F, 0x29, 0xBA, 0x3E, 0x24, 0x02, 0x40, 0x70, 0xE4, 0x78,
    0xF3, 0x29, 0x91, 0x72, 0x80, 0xC9, 0xA5, 0x05, 0x07, 0x4E, 0x1A, 0xB7, 0x41, 0x6A, 0xEA, 0x23,
    0x9B, 0x12, 0x71, 0x9F, 0x37, 0xC8, 0x0C, 0x0D, 0xC0, 0xAF, 0x23, 0xEB, 0x2A, 0x72, 0x2A, 0x6C,
    0x46, 0xF6, 0xC2, 0xE2, 0xDC, 0x29, 0x62, 0xE5, 0x53, 0xDC, 0x5E, 0x8E, 0x08, 0x2F, 0x1C, 0x7C,
    0xB5, 0x76, 0xAF, 0x7E, 0x12, 0x7E, 0x2C, 0xC1, 0x0D, 0x2F, 0xEA, 0x00, 0x64, 0x9E, 0xCD, 0x5A,
    0x45, 0x20, 0x52, 0x9D, 0xAA, 0x3A, 0x2F, 0x86, 0x3C, 0x4B, 0xAE, 0x6F, 0xDB, 0x35, 0x2B, 0xF6,
    0x1B, 0x86, 0x23, 0xF7, 0x84, 0xFB, 0x8A, 0x81, 0x21, 0x98, 0x53, 0xA1, 0x4B, 0x8C, 0x90, 0x0B,
    0x17, 0xFC, 0x34, 0x37, 0xD5, 0xE9, 0x04, 0xB7, 0x04, 0x31, 0xC2, 0xD2, 0x1D, 0x2C, 0x16, 0x53,
    0xEE, 0xAE, 0x2B, 0x11, 0xBB, 0x42, 0xC3, 0xEC, 0xE8, 0xD2, 0x57, 0x0E, 0x22, 0x19, 0xC7, 0x1A,
    0xFC, 0x99, 0xAE, 0x99, 0xEF, 0x32, 0xFB, 0x3A, 0x5B, 0xE2, 0x8E, 0xFF, 0xDE, 0x5E, 0xA8, 0xBC,
    0xFE, 0x3A, 0xC7, 0xC1, 0xD4, 0x82, 0xB5, 0x46, 0xD4, 0xD4, 0xCD, 0xDF, 0x2B, 0x66, 0x75, 0x77,
    0x9C, 0x3D, 0xBB, 0x4F, 0x09, 0xEF, 0x5C, 0x6F, 0x7B, 0xE2, 0xB8, 0xE6, 0x9B, 0x59, 0xB2, 0xD2,
    0x6C, 0xF6, 0x15, 0xAC, 0x54, 0x89, 0x85, 0x81, 0x71, 0x06, 0xE3, 0x13, 0xA1, 0xC7, 0x1D, 0xD7,
    0x65, 0x5A, 0x94, 0xB9, 0x75, 0xF6, 0x6C, 0xFC, 0x32, 0x8B, 0x18, 0x93, 0xDF, 0x9D, 0x38, 0x67,
    0x5C, 0xD3, 0x13, 0xB7, 0xBB, 0xDE, 0xDB, 0x8C, 0xC3, 0x59, 0xAD, 0x59, 0x49, 0x36, 0x2E, 0x8C,
    0x1F, 0x6D, 0x60, 0x76, 0xC0, 0x92, 0xCE, 0x67, 0x3C, 0xEF, 0x43, 0x7C, 0x01, 0x4C, 0xD5, 0x6F,
    0x88, 0x4B, 0x9C, 0x95, 0x6C, 0xB6, 0x0D, 0x72, 0x46, 0xF6, 0x23, 0x9B, 0x25, 0x59, 0x53, 0xB7,
    0xB2, 0x14, 0xB4, 0x2B, 0x34, 0xBF, 0x92, 0x04, 0xA4, 0xEB, 0xBC, 0xC1, 0xC8, 0x9B, 0xF7, 0x2D,
    0x3A, 0xD2, 0x29, 0xE4, 0x2B, 0xBE, 0x23, 0x07, 0x6D, 0x7A, 0x32, 0x1C, 0x61, 0xDC, 0x6B, 0xB1,
    0xA0, 0x97, 0xDB, 0xD3, 0xC9, 0xF4, 0xB6, 0x31, 0x1F, 0xB5, 0xE8, 0xEC, 0x15, 0x1A, 0x1E, 0x66,
    0xEA, 0x37, 0xB1, 0x70, 0x54, 0xF3, 0x53, 0x8E, 0x9B, 0x1B, 0x9E, 0x6C, 0x19, 0x89, 0xAE, 0x1E,
    0x1E, 0xF9, 0xC3, 0xDE, 0xDB, 0x6E, 0x81, 0xD9, 0xA2, 0x5D, 0x77, 0x7F, 0x93, 0xA0, 0x7D, 0x77,
    0x4E, 0xD0, 0x1E, 0xAD, 0x13, 0xB4, 0xA9, 0x2B, 0xE2, 0xCA, 0xA1, 0x9B, 0xD4, 0x3D, 0x37, 0xA9,
    0xFB, 0x33, 0xE7, 0xF5, 0xB8, 0x10, 0x29, 0x6C, 0x96, 0x98, 0xCB, 0xCF, 0x14, 0x1C, 0x6F, 0xEE,
    0x52, 0xE6, 0xFC, 0xAF, 0x21, 0x29, 0xCF, 0x11, 0x1C, 0x7E, 0xFD, 0x55, 0x75, 0x66, 0x3E, 0xAF,
    0x87, 0xFC, 0xBC, 0x1E, 0xD4, 0xCF, 0xC7, 0x21, 0x8D, 0xC6, 0x41, 0xA2, 0xC1, 0xC5, 0xFD, 0xF6,
    0x15, 0x75, 0xB9, 0xFB, 0x67, 0xBF, 0x67, 0xE9, 0xE7, 0xEF, 0x59, 0x12, 0x97, 0xB5, 0x38, 0xE4,
    0x3B, 0x12, 0xCF, 0x93, 0xE8, 0x13, 0xE6, 0xC2, 0x1D, 0x6A, 0xD2, 0xFB, 0xBB, 0x75, 0xD7, 0xA9,
    0x7B, 0x04, 0x63, 0x8C, 0xE5, 0xEA, 0x1E, 0x1D, 0xDC, 0xFC, 0xA5, 0x4F, 0xDB, 0x6E, 0x6F, 0x7B,
    0x41, 0x26, 0x72, 0xCF, 0xF2, 0xC0, 0x82, 0x5D, 0xF4, 0x37, 0xF2, 0xF8, 0x9C, 0x5C, 0xFD, 0x9C,
    0x18, 0x96, 0x47, 0xE4, 0x23, 0xB9, 0x6F, 0x13, 0xE5, 0x81, 0xE5, 0xB1, 0xE5, 0x49, 0xCD, 0x3D,
    0x73, 0x55, 0x90, 0x6B, 0xBB, 0x7F, 0x1E, 0x4D, 0x51, 0xCF, 0x8B, 0x4C, 0x9C, 0xA0, 0xB3, 0xAF,
    0x05, 0x7D, 0x5C, 0x1D, 0xAD, 0xC1, 0x5D, 0x51, 0x96, 0x95, 0x37, 0x7A, 0x68, 0xDF, 0x30, 0xF7,
    0x0A, 0x16, 0x4E, 0xBF, 0x9A, 0xB2, 0x4B, 0xE9, 0xBF, 0xBD, 0xBE, 0x50, 0x01, 0x64, 0x03, 0xAF,
    0x09, 0xD6, 0x79, 0x76, 0xC7, 0x54, 0x34, 0x37, 0x2B, 0x97, 0x4D, 0xCE, 0x37, 0x2D, 0xC0, 0xA7,
    0x76, 0x53, 0x93, 0x5D, 0x66, 0x3F, 0xF9, 0x3B, 0xE1, 0x1C, 0x02, 0x8B, 0xF0, 0x50, 0x67, 0xA9,
    0xF5, 0xAD, 0xB1, 0x1E, 0xFA, 0x84, 0x93, 0x9B, 0x30, 0x01, 0xD2, 0xBF, 0x16, 0x32, 0x5C, 0xB7,
    0xEF, 0x1F, 0xD4, 0x3B, 0x30, 0xE9, 0x3D, 0x5C, 0x60, 0xDF, 0x64, 0xC1, 0x93, 0x46, 0xA2, 0x2F,
    0x01, 0xC9, 0x4F, 0x5C, 0x66, 0xFC, 0x90, 0xC6, 0xC2, 0xA7, 0x4D, 0xBC, 0x95, 0x63, 0xBF, 0xB5,
    0xED, 0xB9, 0x51, 0x36, 0x2F, 0xEB, 0x0E, 0xFC, 0x77, 0x2D, 0x97, 0xCD, 0x87, 0x2B, 0x86, 0x53,
    0xEB, 0xCC, 0xF8, 0x21, 0x46, 0x2B, 0xFA, 0x5D, 0x1D, 0x7F, 0xDA, 0x82, 0xBB, 0xB7, 0xEC, 0xF5,
    0x91, 0x90, 0x4D, 0xD0, 0x17, 0xEB, 0x6E, 0xDC, 0x9A, 0x1C, 0x99, 0x65, 0xC3, 0xD8, 0xD4, 0x08,
    0x46, 0x00, 0xA9, 0x62, 0x02, 0x78, 0xB0, 0xC9, 0x46, 0x7E, 0xB3, 0xF9, 0x96, 0x07, 0x87, 0x8E,
    0x1B, 0xE3, 0xFC, 0x1E, 0xD2, 0x34, 0xB6, 0xD4, 0xB4, 0x04, 0x25, 0xBF, 0x97, 0x0C, 0x19, 0x28,
    0x55, 0x92, 0x34, 0xEE, 0x4B, 0xC7, 0x7B, 0x31, 0xD3, 0xF5, 0x70, 0x79, 0x1E, 0x8E, 0x2E, 0x6E,
    0x33, 0xFD, 0xC1, 0x9F, 0x1A, 0xC5, 0xD4, 0xF7, 0xEA, 0x8E, 0x1B, 0xAA, 0x5E, 0x7B, 0x0A, 0xB4,
    0xC0, 0xBC, 0xE0, 0xF7, 0xD0, 0x86, 0xA3, 0x07, 0x55, 0x7C, 0xDE, 0x80, 0xDF, 0xB1, 0x6D, 0x69,
    0x1F, 0xC1, 0x69, 0xC1, 0xC0, 0xDB, 0x19, 0xCD, 0x0E, 0xF8, 0x48, 0x28, 0xF8, 0xAC, 0x0D, 0xBF,
    0xEC, 0xC0, 0xB7, 0xB4, 0xF9, 0x65, 0x1B, 0xB3, 0x57, 0x53, 0xEA, 0xF0, 0x4B, 0x64, 0x93, 0x52,
    0x77, 0x6D, 0xDD, 0x96, 0x52, 0x2F, 0xCE, 0x14, 0xDD, 0x77, 0x43, 0xD3, 0xF4, 0x64, 0x93, 0x52,
    0xBF, 0x75, 0x60, 0x7B, 0x34, 0x76, 0xED, 0x8E, 0xD9, 0x4B, 0xDA, 0xE6, 0x14, 0x84, 0x5F, 0x74,
    0xB2, 0x4C, 0xC5, 0x21, 0xDF, 0x66, 0x24, 0x51, 0x91, 0xFE, 0xA2, 0x02, 0x9F, 0x75, 0xE3, 0xB6,
    0x8D, 0x46, 0x86, 0xB0, 0x36, 0x8C, 0x3D, 0xF0, 0x4B, 0xCF, 0x88, 0x1F, 0x6D, 0x54, 0xAF, 0xB0,
    0xA5, 0x73, 0x45, 0x9A, 0x0F, 0xE9, 0xC4, 0x25, 0x69, 0xDE, 0x6B, 0xE7, 0xFC, 0xBB, 0x6F, 0x88,
    0xDC, 0xFF, 0x89, 0xC8, 0x29, 0x04, 0xA0, 0xC5, 0xFB, 0x8B, 0x93, 0x83, 0xFB, 0x23, 0x27, 0xEF,
    0x79, 0x6D, 0x17, 0xFC, 0xA5, 0x89, 0x3E, 0xAC, 0x8E, 0x82, 0xBD, 0xBB, 0xE4, 0x37, 0x90, 0x89,
    0xE7, 0xBD, 0xFD, 0xB5, 0x50, 0x7B, 0xC0, 0x07, 0x56, 0x16, 0x6F, 0x9B, 0x35, 0xDE, 0xDE, 0xBA,
    0x19, 0x7F, 0xA7, 0x3D, 0x88, 0x7E, 0x2E, 0xDB, 0xBB, 0xA1, 0x37, 0x6D, 0x43, 0x20, 0x2C, 0x74,
    0x25, 0x58, 0xCA, 0x75, 0x26, 0xE5, 0x3F, 0xF8, 0x39, 0x94, 0x9C, 0xDE, 0x87, 0x25, 0x59, 0x89,
    0xFD, 0x5D, 0x6F, 0x36, 0xDE, 0x7D, 0x13, 0xFF, 0xDF, 0xAD, 0x98, 0x3F, 0x6C, 0x1B, 0x55, 0x1C,
    0xC7, 0xBF, 0xF7, 0x9E, 0xD5, 0x6B, 0x73, 0xB2, 0x2F, 0x42, 0x0C, 0x1D, 0xEC, 0xB8, 0x43, 0x87,
    0x4A, 0x75, 0x6A, 0x86, 0x22, 0x79, 0x38, 0xDB, 0x87, 0x40, 0x62, 0x60, 0xA0, 0x42, 0xEA, 0x8A,
    0x18, 0x19, 0x0A, 0xCD, 0x90, 0xC1, 0x42, 0x81, 0x1C, 0x30, 0x30, 0x12, 0x89, 0x11, 0x54, 0x65,
    0xCE, 0x40, 0x3D, 0x18, 0x1A, 0x89, 0x52, 0xBF, 0xC2, 0x46, 0x07, 0x0E, 0x2A, 0xC1, 0x80, 0x84,
    0xAE, 0xEA, 0xD0, 0xA1, 0x42, 0xB9, 0xD2, 0x54, 0xB8, 0xF9, 0xD3, 0xE3, 0xFB, 0x9E, 0xCF, 0x71,
    0x12, 0x42, 0xEB, 0x73, 0xEF, 0x72, 0x3F, 0xE9, 0xEE, 0xF2, 0xEE, 0xBD, 0xCF, 0xFB, 0xFD, 0x3F,
    0xA3, 0x05, 0x60, 0x99, 0x72, 0x8D, 0x72, 0x37, 0x00, 0x6E, 0x2B, 0x88, 0x1F, 0x14, 0xE4, 0xCD,
    0x10, 0x32, 0x88, 0xE1, 0xF8, 0x5D, 0xB8, 0x6B, 0x3D, 0xB8, 0xC9, 0x0E, 0x2A, 0xF0, 0xF8, 0x57,
    0x41, 0x03, 0x2E, 0x16, 0x29, 0xFA, 0xBF, 0x18, 0x1D, 0x05, 0x4A, 0x93, 0x52, 0x03, 0x8E, 0x0D,
    0xD0, 0xBE, 0x8A, 0x53, 0x76, 0x00, 0xA9, 0x60, 0x2B, 0x91, 0xA8, 0x73, 0xAF, 0xAA, 0x8E, 0x54,
    0x5D, 0xA9, 0x7A, 0x8E, 0xFA, 0xA8, 0xAF, 0xAA, 0xBF, 0xAA, 0xF4, 0x2D, 0x1F, 0x56, 0x0C, 0x44,
    0xC3, 0x57, 0xAB, 0x14, 0x87, 0x72, 0x26, 0xFD, 0xE7, 0x73, 0xA2, 0x59, 0x9C, 0x76, 0xC9, 0x00,
    0x2D, 0xA6, 0x13, 0x4E, 0x06, 0x56, 0x18, 0xEE, 0xA2, 0xB5, 0x00, 0xDC, 0x0B, 0x60, 0x05, 0x41,
    0x2E, 0x34, 0x66, 0x8E, 0xF3, 0xC0, 0x02, 0x06, 0x4A, 0x5E, 0xC1, 0x8C, 0xCC, 0xC0, 0xA4, 0x89,
    0x2A, 0x14, 0x5B, 0x33, 0xE4, 0xC8, 0x34, 0x0B, 0xDE, 0xA2, 0xD8, 0x82, 0xB8, 0x17, 0x88, 0x20,
    0xB5, 0x89, 0x75, 0x03, 0xEE, 0x7D, 0x75, 0x5C, 0x6B, 0x2F, 0xD6, 0xD6, 0xE9, 0xC7, 0xCE, 0x4A,
    0x3C, 0x87, 0xB8, 0x86, 0x78, 0x5E, 0xC4, 0xD5, 0xAB, 0xB1, 0xBD, 0xD9, 0x05, 0x7A, 0xA9, 0x92,
    0x3C, 0x02, 0xAD, 0xE4, 0xA7, 0x24, 0xC1, 0x77, 0x38, 0xFB, 0x82, 0x35, 0x08, 0x9D, 0x37, 0xC9,
    0x32, 0xB9, 0xD5, 0x78, 0x0C, 0x56, 0x21, 0x36, 0xB8, 0xE0, 0x08, 0x24, 0x5F, 0xEB, 0xD9, 0xB7,
    0x51, 0x7C, 0xDF, 0x28, 0x68, 0x07, 0xD9, 0xD9, 0xB8, 0xB6, 0x75, 0x97, 0xEB, 0xF9, 0x2B, 0xF9,
    0x79, 0xD3, 0xA1, 0xB0, 0xC3, 0x05, 0x8D, 0x66, 0x5F, 0x41, 0x49, 0x06, 0x05, 0x64, 0xA2, 0xDB,
    0x17, 0x88, 0x7A, 0x5B, 0x7C, 0x01, 0x25, 0x40, 0xBE, 0x46, 0x85, 0xEA, 0x11, 0x7D, 0x3F, 0x1F,
    0xE8, 0xE3, 0x9A, 0xB3, 0xB0, 0xE0, 0x97, 0xDF, 0x0A, 0x4A, 0xB6, 0x2F, 0x77, 0xB3, 0x84, 0xA5,
    0x46, 0x20, 0xA1, 0x76, 0xD8, 0xBC, 0xB9, 0x2C, 0xFA, 0x9D, 0x42, 0xA1, 0xEB, 0x97, 0x5F, 0xC8,
    0xCE, 0xD5, 0x48, 0x93, 0xD6, 0x8C, 0xE6, 0x8A, 0x52, 0x2E, 0xE4, 0x66, 0xE4, 0x4D, 0xF0, 0x71,
    0xA1, 0x31, 0x8D, 0xCA, 0xB8, 0x2D, 0xC8, 0x77, 0x19, 0x9C, 0x8E, 0xA2, 0x55, 0xB9, 0x47, 0x2E,
    0x9B, 0x97, 0xCA, 0xEC, 0xDB, 0x7E, 0x71, 0x59, 0x3B, 0x1F, 0xA1, 0x44, 0x26, 0x7D, 0xF1, 0x90,
    0x3E, 0xF5, 0xF4, 0x5B, 0x8E, 0x7E, 0x75, 0x44, 0x30, 0xF0, 0xB2, 0x2C, 0x02, 0x37, 0xAB, 0x35,
    0x0F, 0x06, 0x43, 0x92, 0xA8, 0xAD, 0x35, 0x02, 0x60, 0xFF, 0x99, 0x24, 0xD8, 0x5A, 0xC3, 0xA1,
    0x87, 0x1C, 0xC6, 0xC1, 0xE9, 0xEB, 0x17, 0xD2, 0xA7, 0xE2, 0x31, 0xDC, 0xAB, 0xBE, 0x27, 0xD5,
    0xA2, 0x15, 0x76, 0x11, 0x25, 0x49, 0xF4, 0xE8, 0x22, 0xB7, 0x82, 0x8E, 0xA1, 0x64, 0x92, 0x15,
    0x4F, 0x46, 0xE4, 0xB3, 0xC6, 0xD2, 0x5D, 0x88, 0xC8, 0x54, 0x2B, 0xD6, 0x89, 0x50, 0x3F, 0xCE,
    0x0A, 0x30, 0x2E, 0x79, 0xBD, 0x74, 0xE2, 0x09, 0x19, 0xEA, 0x9F, 0x04, 0x2F, 0x6F, 0x07, 0x2F,
    0x9D, 0x9B, 0x66, 0x51, 0x27, 0x50, 0xE7, 0xFE, 0x56, 0x8D, 0xB6, 0x6F, 0xF4, 0x3F, 0xE1, 0x8A,
    0xDC, 0x70, 0x24, 0x1E, 0xFA, 0xCE, 0x25, 0x1C, 0x3F, 0x31, 0xCD, 0xA2, 0xA3, 0x72, 0xDA, 0xC5,
    0x23, 0x65, 0x7F, 0x8D, 0x13, 0x76, 0x86, 0xFD, 0xA6, 0x65, 0xEF, 0x3A, 0xC4, 0x1F, 0x10, 0x42,
    0xBB, 0x4F, 0x3B, 0x89, 0x5B, 0x6B, 0xAB, 0x9E, 0x8E, 0xB5, 0xF1, 0xD9, 0x4E, 0x54, 0x6B, 0x2D,
    0x38, 0xF4, 0x90, 0xC3, 0x38, 0x78, 0xD6, 0x4C, 0x58, 0x69, 0xE2, 0xD8, 0x7D, 0x5F, 0xBC, 0x32,
    0xB2, 0xFB, 0x0D, 0x5F, 0xDE, 0x0F, 0xE9, 0x92, 0x15, 0x2C, 0xD6, 0xD0, 0x68, 0x27, 0x83, 0xE6,
    0xC5, 0x0B, 0x34, 0xC5, 0x1C, 0xD7, 0xF5, 0x21, 0xB7, 0x58, 0x4A, 0x03, 0x93, 0x5A, 0x43, 0xF1,
    0x40, 0x39, 0xEF, 0x4D, 0xBB, 0x71, 0x19, 0x98, 0xBB, 0xAE, 0xF5, 0x58, 0x97, 0xC8, 0x82, 0x95,
    0xC1, 0xCA, 0xEE, 0xEF, 0x38, 0xF9, 0xA1, 0x19, 0xBF, 0x89, 0x52, 0x65, 0x4A, 0xB5, 0xDB, 0x5F,
    0xA4, 0x75, 0x50, 0x0C, 0xC6, 0x75, 0x70, 0x42, 0x00, 0xB9, 0x09, 0x67, 0x1E, 0x65, 0x7B, 0x6A,
    0x8B, 0x8F, 0x83, 0x8B, 0x17, 0xC2, 0x54, 0xBB, 0xA2, 0xF4, 0x33, 0xB9, 0xFA, 0xFE, 0x70, 0xEB,
    0x54, 0x4B, 0x67, 0xE0, 0x1D, 0x3A, 0x70, 0x7D, 0xAE, 0x44, 0xFF, 0xF0, 0x9E, 0x72, 0x00, 0x2F,
    0x7A, 0x5E, 0x63, 0x69, 0xF6, 0xE0, 0x28, 0xCE, 0xBB, 0xD4, 0x40, 0x7F, 0x05, 0x76, 0x32, 0xA0,
    0xC9, 0x5B, 0x98, 0x67, 0x82, 0xF2, 0x68, 0xF2, 0x45, 0xA6, 0x9C, 0x1E, 0xA5, 0x9B, 0x8A, 0xBE,
    0xEE, 0x50, 0xF4, 0xFF, 0xF4, 0x18, 0x3D, 0xD6, 0xDE, 0x1E, 0x40, 0xBF, 0x7B, 0x20, 0x99, 0xE9,
    0x8E, 0x98, 0x85, 0x98, 0x19, 0xD6, 0xDD, 0x08, 0x9A, 0x22, 0xEA, 0x20, 0xEE, 0xA2, 0x17, 0x63,
    0x91, 0x27, 0x2F, 0x78, 0xCB, 0x87, 0xD5, 0x8D, 0x60, 0x2F, 0x05, 0xEF, 0xED, 0x0C, 0x3A, 0x94,
    0x6D, 0x5D, 0x01, 0x7C, 0x33, 0x85, 0x39, 0x9E, 0x17, 0x6D, 0x98, 0x5D, 0xCA, 0xE3, 0x86, 0x7A,
    0x32, 0x30, 0x6B, 0xD8, 0xBE, 0xD6, 0xF9, 0xD6, 0x83, 0x30, 0x1F, 0x12, 0x7D, 0x9C, 0x4E, 0x9B,
    0xE9, 0x3F, 0xC7, 0xCD, 0xF4, 0x24, 0x3C, 0x85, 0x61, 0xB1, 0x86, 0xB8, 0xEC, 0xE7, 0xC6, 0x33,
    0xCC, 0x28, 0x25, 0x36, 0xD2, 0xFF, 0x8C, 0x1B, 0x69, 0x96, 0x37, 0xB9, 0x1D, 0xB9, 0xFE, 0xFA,
    0x1C, 0xBC, 0x1A, 0xE6, 0x59, 0xB5, 0x78, 0xF2, 0x82, 0xB7, 0x7C, 0x68, 0x6F, 0x47, 0xA6, 0xFE,
    0x75, 0xD2, 0xDE, 0xBE, 0x48, 0x05, 0x5D, 0xCA, 0x4F, 0x41, 0x22, 0x4C, 0x1B, 0xE9, 0x9D, 0xD0,
    0x7E, 0x63, 0x14, 0xA4, 0x93, 0xBA, 0xD1, 0xEE, 0x02, 0xAC, 0xCF, 0x52, 0x90, 0x3A, 0x19, 0xEF,
    0xE4, 0x66, 0x35, 0xF6, 0x0D, 0x27, 0x2E, 0xA7, 0x4D, 0x74, 0x36, 0xAE, 0x3A, 0x07, 0x7E, 0xCB,
    0x46, 0x86, 0xAB, 0xE4, 0xE6, 0x41, 0x87, 0xC2, 0x6C, 0xD8, 0x40, 0xCB, 0xCF, 0xC7, 0x0D, 0xF4,
    0x34, 0x81, 0xA7, 0x3B, 0x55, 0x5D, 0x87, 0x9D, 0x8F, 0x15, 0x8A, 0x16, 0x35, 0xC7, 0xDE, 0xB2,
    0xFF, 0x65, 0x20, 0x93, 0xDD, 0x11, 0xAC, 0x4F, 0x20, 0x03, 0xD6, 0x33, 0x22, 0x42, 0xCA, 0xD1,
    0xB0, 0xC9, 0xC8, 0x9A, 0xA6, 0x84, 0x30, 0xA4, 0xD7, 0xCB, 0x58, 0xAD, 0x99, 0x02, 0xEF, 0x89,
    0xAD, 0xD8, 0xDD, 0x50, 0x4D, 0x11, 0x3E, 0x8D, 0x6D, 0xD4, 0x35, 0x2F, 0x59, 0x0A, 0x6E, 0x3E,
    0x30, 0x64, 0x71, 0xD8, 0x43, 0x71, 0xAE, 0xB8, 0x8C, 0xF3, 0x59, 0x60, 0xF6, 0x52, 0x12, 0x2B,
    0x66, 0x29, 0x27, 0xCD, 0x0C, 0x5B, 0x64, 0x4D, 0x51, 0x46, 0x2F, 0x0B, 0x8C, 0xA9, 0x82, 0x67,
    0x60, 0xBF, 0xFD, 0x8D, 0xB2, 0xE5, 0x9D, 0xBC, 0x60, 0xAA, 0x37, 0x55, 0xE3, 0xDA, 0x57, 0xE7,
    0xEB, 0x19, 0x49, 0xE8, 0x31, 0x4C, 0x1A, 0xF9, 0xA9, 0xE4, 0x3F, 0x9E, 0xAD, 0x93, 0x76, 0x66,
    0xA6, 0xD4, 0xA7, 0x7B, 0xF4, 0x20, 0xEF, 0x99, 0xE7, 0x3A, 0xD6, 0x9B, 0x56, 0x5C, 0xDD, 0x08,
    0x0F, 0x54, 0xD9, 0x75, 0x5D, 0x2B, 0x3A, 0x88, 0x8E, 0x3C, 0x3D, 0x2B, 0xF2, 0xEC, 0xA8, 0xFE,
    0x7D, 0xE4, 0xC4, 0xD1, 0xA1, 0x15, 0x53, 0xA3, 0x8E, 0x4A, 0xCD, 0x34, 0x00, 0x9B, 0xA3, 0x1D,
    0xAF, 0xA6, 0x73, 0x4F, 0x84, 0xA1, 0x7F, 0x3C, 0x70, 0xF9, 0x91, 0xDE, 0x64, 0xB1, 0x7B, 0x47,
    0x17, 0x3C, 0xA1, 0x62, 0x7E, 0x9F, 0x70, 0xFE, 0x89, 0x85, 0x20, 0x20, 0x09, 0x88, 0x02, 0xC3,
    0xC2, 0x24, 0xE7, 0x98, 0xE8, 0xED, 0xCC, 0x60, 0xD5, 0xE5, 0xFC, 0xC0, 0x7C, 0x07, 0x9B, 0xCF,
    0x84, 0xD1, 0x2C, 0xB6, 0xC2, 0x0A, 0x67, 0x8D, 0x58, 0xED, 0x72, 0x81, 0xB1, 0x86, 0xCD, 0x28,
    0xBD, 0x2D, 0x9E, 0xC1, 0x4B, 0x19, 0x60, 0xB4, 0x3E, 0xA9, 0xCD, 0x15, 0xDA, 0x24, 0xA2, 0x51,
    0xF2, 0xD1, 0x0C, 0x79, 0xCC, 0x07, 0x2E, 0x6A, 0xD9, 0x34, 0x63, 0x9A, 0xD9, 0x30, 0xF4, 0xCB,
    0x1F, 0x84, 0xD1, 0xC9, 0x6A, 0x90, 0x17, 0x8C, 0x1B, 0xAA, 0xDA, 0x77, 0x3F, 0x9D, 0xAE, 0x66,
    0x23, 0xD1, 0x21, 0x17, 0x0D, 0x25, 0x17, 0x8A, 0xBD, 0x48, 0xD0, 0xD1, 0x33, 0xF4, 0xFF, 0x19,
    0x03, 0x94, 0x45, 0x3B, 0xFB, 0xC2, 0x0F, 0xA7, 0x78, 0x73, 0x5D, 0x7F, 0x9F, 0xE8, 0x84, 0xC0,
    0xFC, 0x9B, 0x7E, 0x2B, 0xF5, 0xE1, 0x46, 0xED, 0xA0, 0xAE, 0xEA, 0xAA, 0xED, 0xBB, 0x51, 0x1F,
    0x4E, 0xBC, 0x0B, 0xF9, 0x64, 0x07, 0x56, 0xA2, 0x1B, 0x71, 0xCE, 0xD2, 0xA6, 0x97, 0xD4, 0x83,
    0xA3, 0xC5, 0x54, 0x00, 0xC9, 0x81, 0x3B, 0xE9, 0xEF, 0xB5, 0x37, 0xB0, 0xB3, 0x6C, 0xED, 0xB4,
    0xC5, 0xA0, 0xFE, 0x69, 0x5C, 0xFD, 0x31, 0x76, 0x6F, 0x85, 0xCE, 0x86, 0x92, 0x49, 0x20, 0x12,
    0x1F, 0x09, 0x5B, 0x0A, 0x5D, 0x5A, 0x97, 0x07, 0xE8, 0x9B, 0xAF, 0x20, 0x8F, 0x7B, 0x99, 0x3B,
    0x50, 0xB7, 0x63, 0x58, 0xBF, 0x30, 0xFD, 0x3D, 0xE4, 0x92, 0xD7, 0x38, 0x7D, 0x1B, 0xC3, 0x72,
    0x51, 0xF9, 0x1F, 0xD9, 0x9F, 0xE3, 0xD2, 0x71, 0x3D, 0x2C, 0x7A, 0xE8, 0x52, 0xAB, 0x15, 0x2B,
    0x74, 0x85, 0x72, 0xA4, 0xB2, 0x5F, 0xF7, 0xE5, 0x2D, 0x88, 0x9F, 0x81, 0xBF, 0x0C, 0xE7, 0x92,
    0xD1, 0x06, 0x57, 0x8A, 0x66, 0xCF, 0xAA, 0xB8, 0xC5, 0x62, 0xDD, 0x4C, 0x7F, 0xBC, 0xB1, 0xC7,
    0xD3, 0xE6, 0x81, 0x36, 0x30, 0x57, 0x15, 0xF3, 0x81, 0x6A, 0x8E, 0x2C, 0x6C, 0x38, 0xAB, 0xCC,
    0x0F, 0x22, 0xE6, 0x73, 0xA9, 0x01, 0x7B, 0xAE, 0x87, 0x63, 0x76, 0x94, 0x0B, 0x9B, 0x4E, 0x44,
    0x51, 0x54, 0x6C, 0x85, 0x65, 0x27, 0x98, 0x1A, 0xEC, 0x5F, 0x8D, 0x52, 0xBF, 0x6F, 0xD3, 0x40,
    0x14, 0xFE, 0xCE, 0x57, 0x62, 0xA1, 0x6B, 0xEB, 0x0E, 0xA9, 0xD4, 0xC1, 0xA9, 0x23, 0xB1, 0x64,
    0xB0, 0xEB, 0x08, 0x65, 0xF0, 0x90, 0xE6, 0x4C, 0x97, 0x0E, 0x0C, 0x64, 0xE1, 0x7F, 0x60, 0xEC,
    0xD0, 0xA1, 0x43, 0x4B, 0xDC, 0x05, 0x06, 0x96, 0xB0, 0x30, 0x77, 0x60, 0x01, 0x09, 0x89, 0xB1,
    0x48, 0x95, 0x72, 0xA8, 0x03, 0x03, 0x03, 0x27, 0xF1, 0x0F, 0xDC, 0xC0, 0xC0, 0xC6, 0x81, 0x3C,
    0x04, 0x29, 0x25, 0xBC, 0x73, 0x02, 0xA1, 0x05, 0x01, 0x77, 0xDF, 0xBD, 0x5F, 0xBE, 0xF7, 0xEE,
    0xF9, 0xBD, 0x27, 0xED, 0x7A, 0x5F, 0x96, 0xEB, 0x77, 0xFB, 0x72, 0x6A, 0xA7, 0xD3, 0xF1, 0x0F,
    0xD0, 0x52, 0x7F, 0xA7, 0xC0, 0x71, 0xFE, 0x7F, 0x3B, 0x87, 0xC8, 0xA3, 0x3C, 0x85, 0xBC, 0xB4,
    0x8F, 0x70, 0x78, 0x49, 0x16, 0xBB, 0x45, 0x74, 0x47, 0xA5, 0x41, 0x21, 0xA3, 0x5C, 0xA6, 0x15,
    0xA2, 0x62, 0x8E, 0x34, 0x3F, 0x92, 0x38, 0x48, 0xF0, 0xBB, 0x05, 0xE5, 0x02, 0x83, 0xA9, 0x99,
    0xE1, 0x57, 0xE3, 0x55, 0x58, 0xE0, 0xE5, 0x3F, 0xBC, 0xFE, 0x10, 0xC7, 0x3A, 0x08, 0x2D, 0x4B,
    0x39, 0xA6, 0x5D, 0x0A, 0x1D, 0x83, 0xE9, 0x6D, 0x78, 0x76, 0x03, 0x18, 0x6E, 0xE3, 0x94, 0xD9,
    0x11, 0xBB, 0xE0, 0xE3, 0x8A, 0x54, 0xEA, 0x16, 0x46, 0xF9, 0xA8, 0x18, 0x60, 0x09, 0xA2, 0xC4,
    0x04, 0x40, 0x7A, 0xE1, 0x51, 0x1C, 0xF4, 0x52, 0x4E, 0xB1, 0xD0, 0x8D, 0x84, 0xAE, 0x58, 0x50,
    0x54, 0xC6, 0x14, 0xD5, 0x95, 0xFB, 0x8E, 0x89, 0x72, 0x32, 0x28, 0x52, 0x0D, 0x36, 0x9E, 0xDA,
    0x51, 0x09, 0xFE, 0xE5, 0x73, 0x59, 0x4E, 0xE0, 0xBF, 0x37, 0x5F, 0xED, 0x21, 0x82, 0xF3, 0x8A,
    0xA5, 0x3B, 0x95, 0x51, 0xA2, 0xBA, 0x72, 0x06, 0xE7, 0x10, 0xC7, 0xDD, 0xAC, 0xD3, 0x8C, 0x13,
    0xE2, 0x71, 0x96, 0x75, 0x3A, 0xCD, 0xE6, 0x3D, 0x24, 0x10, 0x2E, 0x24, 0x3C, 0xED, 0xDB, 0x40,
    0xCB, 0x62, 0x90, 0xCB, 0x22, 0x20, 0xD9, 0x73, 0xAF, 0xA3, 0x41, 0x01, 0x22, 0x15, 0x18, 0xBF,
    0x0C, 0x4C, 0xA4, 0x24, 0xE9, 0xB3, 0xD5, 0xF6, 0x74, 0x6D, 0x99, 0xDB, 0x90, 0x7B, 0x7A, 0x0F,
    0x8A, 0x29, 0xB4, 0x7D, 0x60, 0x39, 0xC4, 0x16, 0xDF, 0x4B, 0x24, 0xD3, 0xB2, 0xE1, 0xEF, 0x27,
    0x68, 0xAD, 0x00, 0x27, 0x5E, 0xEE, 0xED, 0xE8, 0x93, 0x15, 0x6E, 0x5B, 0x1D, 0xF2, 0x71, 0xBE,
    0x31, 0xD3, 0x89, 0xE7, 0x40, 0x02, 0x21, 0x64, 0xEA, 0x0A, 0x66, 0x4F, 0x84, 0x4C, 0xF7, 0xB8,
    0x49, 0x18, 0xE5, 0xD1, 0xAE, 0x9E, 0xCC, 0x81, 0xD5, 0x9B, 0xF4, 0x91, 0xBD, 0x22, 0x8D, 0x9D,
    0x12, 0x59, 0xBD, 0x41, 0xEA, 0x92, 0xFB, 0x30, 0xBB, 0xE2, 0x96, 0x46, 0x0B, 0x6B, 0x8F, 0xAF,
    0xD5, 0xFB, 0xC9, 0xA3, 0xDD, 0x27, 0x9A, 0x95, 0x34, 0x39, 0xFE, 0x47, 0xF6, 0x3C, 0xCF, 0x1E,
    0xDE, 0xAE, 0x1B, 0x0C, 0xE1, 0xDA, 0xE1, 0x08, 0x9E, 0x52, 0x6F, 0xC0, 0x0D, 0x84, 0x02, 0x95,
    0x98, 0xCA, 0xDB, 0x03, 0x95, 0x09, 0xE3, 0xB9, 0x39, 0x50, 0x88, 0x0A, 0xFA, 0x7B, 0x50, 0xC5,
    0xFD, 0x31, 0xFB, 0x86, 0x74, 0x24, 0x3E, 0xA9, 0xBA, 0x78, 0xC0, 0x0C, 0x78, 0x41, 0xBD, 0x26,
    0x42, 0xCE, 0x39, 0xD5, 0x69, 0x13, 0x7E, 0x81, 0x2E, 0x02, 0x37, 0x01, 0x31, 0xC8, 0x9A, 0x51,
    0xEB, 0xD1, 0xC1, 0x62, 0x55, 0x2A, 0xC5, 0x3D, 0x73, 0xD2, 0x81, 0x8B, 0x37, 0x4C, 0x47, 0x9E,
    0xAE, 0x8B, 0x63, 0x0D, 0x3E, 0x3F, 0xE2, 0x96, 0xC2, 0x26, 0xFD, 0x7C, 0x97, 0x8E, 0xA5, 0x63,
    0x98, 0xA2, 0xCB, 0x6A, 0x11, 0x82, 0x69, 0xCF, 0x72, 0xE3, 0xF8, 0x06, 0xA5, 0x93, 0x50, 0x36,
    0xC9, 0x75, 0x2A, 0x22, 0x3D, 0x48, 0xA3, 0x66, 0x42, 0x70, 0x15, 0x52, 0x3E, 0x21, 0xA5, 0x13,
    0x52, 0x36, 0x21, 0xBD, 0x13, 0x62, 0xFF, 0x67, 0x0A, 0x4E, 0xEE, 0xD1, 0x9C, 0x25, 0xCE, 0x46,
    0x23, 0x45, 0x2D, 0x3B, 0x47, 0xE3, 0x05, 0x3C, 0x83, 0xC6, 0x33, 0xB4, 0xDF, 0x38, 0x8B, 0xB3,
    0xC3, 0x09, 0x6B, 0xAF, 0x91, 0xBD, 0x43, 0xCD, 0xA0, 0xF6, 0x01, 0xD9, 0x5B, 0xA7, 0x92, 0xF1,
    0x3B, 0xBD, 0x8E, 0x21, 0x0E, 0xC3, 0x30, 0x0C, 0x45, 0xDD, 0x16, 0x14, 0x04, 0xA4, 0x37, 0xC8,
    0xF0, 0xA4, 0xB5, 0x17, 0x70, 0xE5, 0x1E, 0xCC, 0x52, 0x76, 0xA8, 0x80, 0x80, 0x49, 0xED, 0x11,
    0x72, 0x84, 0x1C, 0xC1, 0xC0, 0x20, 0xC0, 0x95, 0xD6, 0x91, 0x91, 0xF1, 0xE9, 0xB3, 0x27, 0x3D,
    0xBD, 0xEF, 0x2A, 0x35, 0xE6, 0x8C, 0x79, 0xCD, 0xC8, 0x4C, 0xCD, 0xD5, 0x4E, 0x47, 0xF5, 0x09,
    0xD3, 0x7E, 0xEE, 0x27, 0x24, 0x48, 0x4B, 0x5B, 0xDA, 0x03, 0xA8, 0x92, 0x82, 0x4D, 0x99, 0x94,
    0x4A, 0xA7, 0x5E, 0xE7, 0x8D, 0x6A, 0x34, 0x46, 0xC4, 0x8F, 0x13, 0x2D, 0x1A, 0xB4, 0x5E, 0x86,
    0x32, 0x1E, 0xEE, 0xE9, 0x37, 0x5F, 0xC9, 0x98, 0xD7, 0xBC, 0x08, 0xF2, 0x0B, 0xA3, 0x85, 0x7A,
    0x11, 0x65, 0x66, 0x24, 0x0B, 0xD6, 0x29, 0xD5, 0x79, 0x73, 0x3F, 0xE5, 0x5E, 0x82, 0x90, 0xDC,
    0xA5, 0xFF, 0x2E, 0x94, 0xA8, 0x37, 0x05, 0x1D, 0xC4, 0x1F, 0x04, 0x74, 0x55, 0x96, 0x42, 0x32,
    0xA9, 0x17, 0x2F, 0xD0, 0xA6, 0x1C, 0x35, 0x96, 0x7F, 0xFD, 0x7D, 0x03, 0x4D, 0x8F, 0x31, 0x4E,
    0xC3, 0x40, 0x10, 0x45, 0xBF, 0xB3, 0xC0, 0x16, 0xAB, 0x78, 0x0F, 0x10, 0x45, 0x29, 0x69, 0x82,
    0x2C, 0x68, 0x42, 0x83, 0x3C, 0x12, 0x7D, 0xC4, 0x11, 0x38, 0x02, 0x45, 0x7A, 0xB8, 0x00, 0x52,
    0x8E, 0x90, 0x1B, 0xD0, 0x50, 0x67, 0x7D, 0x00, 0x0A, 0x1F, 0x20, 0x85, 0xCB, 0x14, 0x14, 0x5B,
    0x58, 0xC2, 0x11, 0xB6, 0x3F, 0x63, 0xA7, 0x61, 0xF5, 0x9F, 0xF4, 0x34, 0x2B, 0x8D, 0xFE, 0x2C,
    0x61, 0xB1, 0x4C, 0x2D, 0xE6, 0xDE, 0x61, 0x3E, 0x73, 0x98, 0x2A, 0xE9, 0xF5, 0x1A, 0xE9, 0x6A,
    0x8D, 0x57, 0xB2, 0x70, 0x77, 0xEF, 0x70, 0xB7, 0x5F, 0xB0, 0x2F, 0x07, 0x98, 0xDD, 0xB7, 0x72,
    0x84, 0x29, 0x1B, 0xE5, 0x13, 0x30, 0x02, 0xFB, 0x96, 0x7C, 0xC4, 0x41, 0x1E, 0xC5, 0xFD, 0xCA,
    0x8D, 0x97, 0x7B, 0x23, 0x9B, 0x31, 0x2A, 0x0F, 0x0B, 0xF1, 0x3F, 0x02, 0x81, 0xBE, 0x9C, 0x05,
    0x66, 0x27, 0x84, 0x2E, 0x61, 0x6B, 0x9A, 0x0B, 0x1B, 0x75, 0x12, 0x35, 0xAE, 0x54, 0x29, 0x35,
    0x3A, 0xD1, 0xF9, 0x84, 0x1D, 0xD8, 0x63, 0x71, 0x22, 0xFB, 0x73, 0xB0, 0x07, 0xF6, 0x4F, 0x08,
    0x11, 0x2C, 0x5D, 0x0F, 0xD7, 0x6F, 0xFF, 0x39, 0xC6, 0x5F, 0x5C, 0x51, 0x3C, 0x2B, 0xCF, 0x78,
    0x69, 0xEA, 0xC0, 0x2E, 0x0C, 0x4B, 0xC4, 0xB4, 0x38, 0x7B, 0x26, 0xC8, 0x8A, 0x67, 0xCF, 0xDA,
    0xB1, 0x4D, 0x58, 0xE5, 0xA4, 0x28, 0x80, 0xAF, 0xF4, 0x84, 0xA1, 0x07, 0x15, 0x5D, 0xA5, 0x0D,
    0x90, 0x0D, 0x75, 0x04, 0x79, 0x33, 0x2A, 0x6C, 0x0D, 0x4C, 0x3A, 0xAD, 0x1F, 0x94, 0xAC, 0xC0,
    0x1F, 0x8D, 0x55, 0x31, 0x6C, 0xD3, 0x40, 0x14, 0xFD, 0xB6, 0x53, 0xA5, 0x38, 0x25, 0xCE, 0x82,
    0xD4, 0x01, 0x48, 0x06, 0x86, 0x0E, 0x6D, 0xE9, 0x90, 0xC1, 0x88, 0x54, 0xF5, 0xC6, 0xDA, 0x25,
    0x48, 0x4C, 0x65, 0x85, 0xC9, 0x54, 0x95, 0x5A, 0x55, 0x45, 0xB5, 0xC4, 0xC0, 0x48, 0x16, 0x3A,
    0x77, 0x81, 0xA1, 0x53, 0x86, 0x0E, 0x45, 0x2D, 0x22, 0x73, 0xA7, 0x2C, 0xEC, 0x59, 0x10, 0x12,
    0x93, 0x87, 0x4A, 0x30, 0xD0, 0x98, 0xF7, 0xDF, 0x9D, 0x1D, 0x0B, 0x90, 0xEA, 0x53, 0xF3, 0x24,
    0xDF, 0xFD, 0xFB, 0xEF, 0xBD, 0x7F, 0xFF, 0xAE, 0x52, 0x13, 0x8C, 0x9E, 0x42, 0x8A, 0x9F, 0x37,
    0x02, 0xB4, 0xDF, 0xF7, 0xFB, 0xFD, 0x8D, 0x0C, 0xA3, 0x11, 0xE1, 0xD3, 0x99, 0xE8, 0xEA, 0x9E,
    0xC2, 0x5D, 0xC9, 0x47, 0x47, 0xE4, 0x4C, 0xDC, 0x6B, 0xA9, 0x9F, 0x47, 0xAB, 0xDB, 0xE3, 0xBD,
    0x78, 0xD8, 0x8A, 0x5B, 0x12, 0xCB, 0xCD, 0x7F, 0x2D, 0xDD, 0x3D, 0xCF, 0x1C, 0x01, 0xB1, 0x9E,
    0x88, 0x21, 0xB9, 0x03, 0xD6, 0x0B, 0x51, 0xDE, 0x29, 0x17, 0xCE, 0x14, 0xBC, 0xB1, 0x22, 0x75,
    0xC8, 0xED, 0x82, 0xBD, 0x25, 0x55, 0xB8, 0x20, 0x09, 0xC2, 0x20, 0x0F, 0x22, 0x21, 0x55, 0x13,
    0x42, 0x76, 0x4D, 0x6A, 0x74, 0x1C, 0xD0, 0x32, 0xD8, 0xE1, 0x19, 0xEC, 0x6A, 0x3A, 0x67, 0x57,
    0xBA, 0x33, 0x9D, 0x54, 0xF6, 0x3D, 0x7E, 0x2E, 0x97, 0xD8, 0x85, 0xF9, 0x7F, 0x8B, 0x37, 0x95,
    0x60, 0x37, 0x59, 0x7F, 0x35, 0x59, 0x8B, 0xE3, 0x8A, 0xEC, 0xFB, 0xCF, 0x44, 0x0E, 0x33, 0x91,
    0x0D, 0xE4, 0x78, 0x8C, 0x5A, 0x77, 0x51, 0xF4, 0x2E, 0xAA, 0xDF, 0x85, 0x9A, 0x0E, 0x8B, 0x9F,
    0xDA, 0xE3, 0x08, 0xF2, 0xD3, 0xD0, 0x89, 0x2E, 0x49, 0xDD, 0xA3, 0xA1, 0x78, 0x19, 0xBE, 0x3D,
    0xFC, 0x82, 0x21, 0xE2, 0xF0, 0x4B, 0x31, 0x37, 0x1A, 0x22, 0x7C, 0x93, 0xDB, 0x52, 0xB3, 0x2B,
    0xB0, 0x59, 0x86, 0x25, 0xCD, 0xC3, 0xFF, 0x65, 0x36, 0x13, 0x9B, 0xCC, 0xA1, 0xB9, 0x98, 0x53,
    0x73, 0x83, 0x43, 0xB9, 0xDC, 0x8F, 0x79, 0x8A, 0xEE, 0xBF, 0xD9, 0x53, 0x6A, 0x56, 0xED, 0xF4,
    0x90, 0x1A, 0x4F, 0xEA, 0x4D, 0x3D, 0xEE, 0xBF, 0x10, 0x79, 0x79, 0x72, 0x72, 0x72, 0xFC, 0x05,
    0x45, 0xBD, 0x62, 0x0E, 0xEF, 0xC3, 0xB1, 0xCC, 0x2C, 0x88, 0x77, 0xA1, 0xF0, 0x4E, 0xE1, 0x0D,
    0x36, 0x7A, 0x09, 0x26, 0xDD, 0xA8, 0x57, 0xF4, 0x06, 0x55, 0x52, 0xA6, 0x94, 0x26, 0xA3, 0xF2,
    0x39, 0x70, 0x2A, 0xE6, 0x6A, 0xCC, 0xC0, 0xDD, 0x6F, 0x68, 0x23, 0xF0, 0x63, 0xC8, 0x36, 0x9B,
    0x27, 0x3E, 0x25, 0xAE, 0x10, 0x1B, 0xB9, 0x9B, 0xBA, 0xE2, 0x0A, 0xB1, 0xF1, 0x84, 0xD5, 0xFD,
    0xCE, 0xD3, 0xCF, 0xB4, 0x0F, 0x9F, 0xFE, 0x64, 0x67, 0xBE, 0x55, 0xBC, 0xCF, 0x98, 0x90, 0xD8,
    0x72, 0x14, 0x79, 0x65, 0xA4, 0x59, 0xA1, 0x7B, 0xDD, 0xBF, 0xBA, 0x77, 0x99, 0x4B, 0xD4, 0xE3,
    0x4E, 0x66, 0x4B, 0x86, 0x97, 0xD7, 0xCE, 0x7A, 0x36, 0xA6, 0x8D, 0x6B, 0xCB, 0x67, 0x0F, 0xC1,
    0x17, 0xF9, 0x0C, 0x70, 0x32, 0x40, 0xFD, 0x7C, 0xE4, 0xCB, 0x6A, 0x98, 0xFA, 0xB2, 0x14, 0x76,
    0xB1, 0x10, 0xCA, 0xCD, 0xD0, 0xF0, 0x9B, 0x12, 0x7A, 0x97, 0x3D, 0x7C, 0xE2, 0x1C, 0x42, 0xD9,
    0x18, 0x01, 0xF4, 0x04, 0x65, 0x2E, 0x67, 0xEA, 0xCD, 0x14, 0x18, 0x35, 0x46, 0x99, 0x51, 0x69,
    0x14, 0x1B, 0xF5, 0xC6, 0x89, 0x75, 0x95, 0xDF, 0x4F, 0x1B, 0x30, 0xB6, 0x55, 0x30, 0x15, 0x31,
    0xD5, 0x29, 0x1E, 0x13, 0x53, 0xB5, 0x66, 0xE1, 0xCE, 0xF0, 0xDE, 0x93, 0xE2, 0xA1, 0xB1, 0x61,
    0x5F, 0x95, 0xF7, 0x21, 0x79, 0xAB, 0x0C, 0xE5, 0xBA, 0x26, 0x17, 0xDB, 0xCD, 0xA5, 0xF8, 0x46,
    0x29, 0x77, 0xAD, 0x84, 0x46, 0xB5, 0x59, 0x85, 0x4D, 0xDD, 0x95, 0xDA, 0x0C, 0x55, 0x86, 0x51,
    0x65, 0x14, 0x1A, 0xB5, 0x46, 0xB9, 0x65, 0x32, 0x2F, 0x9C, 0x5B, 0x50, 0x70, 0xF6, 0xB5, 0x06,
    0xEB, 0xBE, 0x3A, 0x9F, 0xD9, 0x59, 0x5F, 0x6B, 0xC9, 0x5C, 0xA6, 0xD2, 0xBB, 0x62, 0x26, 0x59,
    0x1D, 0xAF, 0xC4, 0xD8, 0x21, 0xEE, 0xE4, 0xE2, 0x21, 0x78, 0xCB, 0x58, 0x2E, 0x77, 0xCC, 0x3A,
    0xB1, 0x6D, 0xF5, 0x68, 0x2B, 0x4F, 0x18, 0x53, 0x2A, 0x78, 0x2F, 0x7F, 0xC1, 0xEC, 0x98, 0x63,
    0xE6, 0x26, 0xE7, 0x97, 0x19, 0xF3, 0xA9, 0xBF, 0x15, 0xA1, 0xC3, 0xB2, 0x6C, 0xCC, 0x93, 0xBA,
    0x92, 0x55, 0xBD, 0x2B, 0x0C, 0x68, 0xF3, 0x12, 0x1E, 0x88, 0x07, 0xB5, 0x70, 0x6D, 0xD8, 0xD9,
    0x40, 0xB0, 0xA8, 0xFF, 0x1E, 0x7C, 0xFB, 0x58, 0xCD, 0x46, 0x92, 0x1F, 0xC5, 0xA2, 0xC2, 0x73,
    0xB4, 0x83, 0x83, 0x29, 0xCF, 0x57, 0x7B, 0x0F, 0x0A, 0xE0, 0xA7, 0xAB, 0x0B, 0x0C, 0x31, 0xC1,
    0xE6, 0x04, 0x47, 0x79, 0x26, 0xC7, 0xB6, 0xD7, 0xE2, 0x00, 0x79, 0xD6, 0xB0, 0xB0, 0x80, 0xE8,
    0x3A, 0xFA, 0xCE, 0x49, 0x90, 0x63, 0x70, 0x98, 0x04, 0xA9, 0x24, 0x0B, 0x52, 0xE9, 0x97, 0xFD,
    0xCA, 0xB3, 0xB2, 0xC6, 0x1E, 0x55, 0xAE, 0xA1, 0xFE, 0xD3, 0x79, 0x25, 0x74, 0x23, 0x65, 0x1D,
    0x28, 0x2C, 0x15, 0x30, 0xE0, 0x02, 0xD4, 0xDD, 0x32, 0xC1, 0x76, 0x5B, 0x71, 0x48, 0x9A, 0xB3,
    0x22, 0xBF, 0x6A, 0x55, 0xCD, 0x0B, 0xD0, 0xAE, 0x1E, 0xD4, 0x0B, 0x3D, 0xA9, 0x37, 0xF5, 0xE8,
    0xE4, 0x49, 0xED, 0xDD, 0x6D, 0x47, 0x80, 0xC3, 0xB1, 0x84, 0xCE, 0x8F, 0x53, 0xBC, 0x46, 0x97,
    0xEB, 0x12, 0xFA, 0xBE, 0x5F, 0xE1, 0xCA, 0xF7, 0xC2, 0x1D, 0x5F, 0x82, 0x47, 0x13, 0x1F, 0x0F,
    0x6F, 0x82, 0xB9, 0xA9, 0x2E, 0x1C, 0x28, 0x74, 0x00, 0x7F, 0x00, 0xA5, 0x58, 0xCF, 0x6F, 0xDB,
    0xC8, 0x15, 0x7E, 0x24, 0x6B, 0x11, 0xC5, 0xAC, 0xC5, 0xA2, 0x88, 0x0B, 0x14, 0xB6, 0x22, 0x1F,
    0xB6, 0x40, 0x8A, 0xCA, 0xA1, 0x0A, 0xA8, 0x80, 0x0E, 0x72, 0xC4, 0x6D, 0x0F, 0x3D, 0x14, 0x68,
    0xF7, 0xB0, 0xCC, 0x1E, 0x72, 0xC9, 0x3F, 0xB0, 0xB0, 0x0A, 0x18, 0x0B, 0x07, 0x70, 0x23, 0x62,
    0xFF, 0x02, 0x5F, 0xF6, 0xB6, 0x40, 0x7B, 0xD8, 0xD3, 0x5E, 0xD6, 0x87, 0x14, 0xE8, 0xA2, 0xB1,
    0xC5, 0x6E, 0x81, 0xF6, 0xCA, 0x16, 0xC8, 0x9D, 0x40, 0xE3, 0x53, 0x0F, 0x65, 0x0B, 0x01, 0x95,
    0x53, 0xC5, 0xEC, 0xF7, 0x3D, 0xFE, 0x90, 0xEC, 0x38, 0x72, 0x76, 0x97, 0x16, 0x9F, 0xC9, 0x99,
    0x37, 0xDF, 0xFB, 0x31, 0x6F, 0xDE, 0xBC, 0xE1, 0x43, 0x11, 0x47, 0x7A, 0x22, 0x46, 0x3A, 0x22,
    0x4D, 0x59, 0x17, 0xFC, 0x37, 0x22, 0x7D, 0x71, 0x3E, 0x0E, 0x8F, 0xC5, 0xCE, 0xF3, 0x44, 0x24,
    0xB1, 0x63, 0x91, 0x63, 0x27, 0x10, 0xE9, 0xA1, 0x4B, 0x3A, 0x60, 0x92, 0x75, 0xB0, 0x8B, 0xC1,
    0x40, 0x71, 0x32, 0x10, 0x1B, 0x6C, 0x22, 0xB1, 0x14, 0x57, 0xE3, 0x22, 0x30, 0x79, 0xE6, 0xE6,
    0x33, 0xCB, 0x9E, 0x8B, 0x9C, 0x58, 0x93, 0x53, 0x93, 0xE7, 0xED, 0x3C, 0x1F, 0x46, 0xA7, 0x43,
    0x79, 0x3C, 0x94, 0x97, 0xC3, 0x9F, 0xCE, 0x87, 0xF9, 0xD4, 0xCB, 0x53, 0xFB, 0x22, 0x08, 0xC3,
    0x30, 0xC8, 0xF3, 0x3C, 0x02, 0xD2, 0x2B, 0x77, 0x18, 0xBE, 0x1F, 0xDD, 0xD8, 0xB7, 0x79, 0x0E,
    0x91, 0xA7, 0x7B, 0x9F, 0x88, 0x93, 0x58, 0x33, 0xF1, 0x04, 0xA4, 0x25, 0xEE, 0x27, 0xB0, 0xC1,
    0x6B, 0xC2, 0xB4, 0x81, 0x91, 0xAE, 0x64, 0xAE, 0x74, 0x9D, 0xD8, 0x95, 0x9E, 0x07, 0xEB, 0xFA,
    0x03, 0x58, 0xDA, 0xCA, 0xC0, 0xE5, 0xC5, 0xE4, 0x4A, 0xAC, 0x4C, 0xD6, 0x2F, 0xF6, 0x80, 0xAA,
    0x50, 0x6D, 0x98, 0x31, 0x84, 0x3D, 0xC3, 0x54, 0x64, 0x02, 0xE3, 0x5E, 0xCE, 0xC4, 0x9A, 0xCE,
    0x61, 0xE7, 0x09, 0xEE, 0xB1, 0x98, 0x64, 0x88, 0x71, 0x7E, 0xD0, 0x8E, 0xDB, 0xB1, 0x1F, 0x79,
    0xF1, 0x30, 0xCF, 0xD3, 0x71, 0x9E, 0x67, 0x13, 0xDC, 0xD0, 0x67, 0x76, 0xFA, 0xD9, 0x67, 0xD3,
    0x03, 0x91, 0x6C, 0x20, 0x56, 0x7A, 0x5B, 0x9C, 0xD8, 0x13, 0x37, 0x72, 0x03, 0x13, 0xF0, 0xC9,
    0x4E, 0x76, 0x44, 0xD2, 0x01, 0xBC, 0x09, 0x8E, 0x03, 0x60, 0xEF, 0xA6, 0x85, 0x3C, 0x0F, 0xC2,
    0xD7, 0xC2, 0x10, 0x02, 0xF3, 0x5C, 0x5C, 0x3A, 0xB3, 0x49, 0x47, 0x0E, 0x48, 0xE8, 0x64, 0x79,
    0x04, 0x37, 0x09, 0xC4, 0xE4, 0xB2, 0xCF, 0xD7, 0x3E, 0x49, 0x8B, 0xC4, 0x0B, 0xE8, 0xFE, 0x73,
    0x8E, 0xDD, 0x43, 0xAF, 0x08, 0xDF, 0x85, 0x08, 0x8D, 0xB3, 0x1A, 0x2F, 0x21, 0x5E, 0x42, 0xBC,
    0x84, 0x78, 0x20, 0x8F, 0xEE, 0x9F, 0xD5, 0x78, 0x09, 0xF1, 0x12, 0xE2, 0x25, 0xC4, 0x03, 0xB1,
    0x5F, 0x9C, 0xD5, 0x78, 0xF5, 0xCC, 0xEE, 0xA5, 0xCE, 0xF9, 0x31, 0xC4, 0xED, 0xAA, 0xF8, 0x2F,
    0x42, 0x60, 0x47, 0xC7, 0x30, 0x45, 0xE4, 0x50, 0xC4, 0x7F, 0x07, 0x53, 0x1E, 0xCB, 0x2D, 0xD9,
    0x08, 0xDF, 0x13, 0x02, 0xC3, 0x20, 0xB1, 0xB2, 0xDA, 0x08, 0x35, 0xC7, 0xA0, 0x37, 0x7C, 0x50,
    0x88, 0xC5, 0xE5, 0xAA, 0xFE, 0xB5, 0x25, 0x07, 0xE8, 0x7D, 0x90, 0xA2, 0xF7, 0xA2, 0x00, 0xA8,
    0x6F, 0xF1, 0xBF, 0xD6, 0x3D, 0xC9, 0xE7, 0xF8, 0x8D, 0xF3, 0xB9, 0x1F, 0x8B, 0x97, 0x8A, 0x9B,
    0x09, 0xA3, 0x11, 0xE0, 0x13, 0xCC, 0xA9, 0x38, 0x33, 0xB6, 0x20, 0x00, 0x86, 0x11, 0xA4, 0xCD,
    0x0B, 0x66, 0x9D, 0x42, 0xFE, 0x86, 0x54, 0x71, 0x83, 0x3E, 0x2F, 0x2F, 0x35, 0x27, 0xBE, 0x9E,
    0x6C, 0xDC, 0x7F, 0x16, 0x8A, 0x8E, 0x78, 0x2D, 0x4B, 0x41, 0xE4, 0x53, 0xB1, 0x33, 0x71, 0x52,
    0x31, 0x31, 0x67, 0xDC, 0x17, 0xB9, 0x27, 0xF2, 0x54, 0x64, 0x56, 0x36, 0x43, 0x9B, 0x76, 0x24,
    0x43, 0x91, 0xC7, 0x22, 0x77, 0x65, 0x1C, 0x8C, 0x83, 0xBB, 0xF4, 0x1A, 0xE3, 0x03, 0x37, 0xBA,
    0x38, 0x84, 0xFD, 0x64, 0xC0, 0x40, 0x3B, 0x9E, 0x23, 0x52, 0xA7, 0x32, 0xFC, 0x4F, 0x26, 0xDF,
    0xFD, 0x2F, 0x9C, 0xCD, 0xD5, 0x3A, 0x61, 0xF8, 0xE2, 0xF6, 0x03, 0xB1, 0x5F, 0x4A, 0x3B, 0x69,
    0x7F, 0x1E, 0x9D, 0x47, 0x7D, 0xEB, 0x1F, 0x31, 0x26, 0x1E, 0x43, 0xBB, 0x94, 0xD9, 0x93, 0x3F,
    0x06, 0xB2, 0xE3, 0xFE, 0xED, 0xB9, 0x98, 0x5C, 0xC6, 0x89, 0xBC, 0x2B, 0x56, 0x60, 0x92, 0x97,
    0x32, 0xFC, 0x5F, 0x2E, 0xBB, 0xC3, 0x5F, 0x45, 0x87, 0xBE, 0x89, 0xF8, 0x9F, 0xEF, 0x6C, 0x7F,
    0x28, 0x3A, 0xCF, 0x5F, 0xF9, 0xFE, 0x7D, 0x18, 0xBE, 0x87, 0x08, 0x9C, 0x57, 0x5E, 0xD4, 0xB0,
    0x65, 0x50, 0x38, 0x71, 0x35, 0xF5, 0x83, 0x37, 0x6A, 0xA2, 0x77, 0x99, 0x29, 0x30, 0x1F, 0xA3,
    0xCB, 0x17, 0xD2, 0x17, 0x03, 0x0B, 0x19, 0xC9, 0x46, 0x6A, 0x42, 0x48, 0xF5, 0x10, 0x6A, 0xC7,
    0x5B, 0x88, 0xDB, 0x3E, 0xFC, 0x83, 0xEE, 0x00, 0xEE, 0x86, 0xF7, 0xD7, 0x91, 0x35, 0xAA, 0xEE,
    0xD1, 0x56, 0xA9, 0xCB, 0xA8, 0xD4, 0x6B, 0x09, 0xE3, 0xDB, 0x60, 0x32, 0x4F, 0x9A, 0x98, 0x91,
    0x2D, 0xC4, 0x2F, 0x30, 0xE6, 0xC0, 0xF8, 0x25, 0x30, 0x5C, 0x62, 0x24, 0xC0, 0xC8, 0x80, 0xD1,
    0x7F, 0x15, 0xA3, 0xB8, 0xE2, 0x2A, 0x19, 0x6A, 0x5A, 0x34, 0x5C, 0xAC, 0xCD, 0x4E, 0x95, 0x34,
    0x35, 0x7D, 0x6A, 0x22, 0x65, 0x4A, 0xC5, 0x2F, 0x81, 0x7A, 0x70, 0x94, 0xE1, 0x8C, 0x68, 0xEA,
    0xD5, 0x24, 0xAC, 0xE9, 0x78, 0x44, 0xAD, 0x46, 0xD7, 0x67, 0xE7, 0x5E, 0x31, 0x4C, 0x01, 0x56,
    0x64, 0xE7, 0xFD, 0xEB, 0xB3, 0x33, 0x16, 0x32, 0x12, 0xC6, 0x89, 0x18, 0x24, 0xA5, 0x16, 0x40,
    0xE0, 0xEE, 0x14, 0x32, 0x8E, 0xBB, 0xF4, 0xED, 0x1B, 0xDC, 0xDB, 0x22, 0xDB, 0x37, 0xF1, 0x10,
    0x8B, 0x98, 0x70, 0x50, 0x4A, 0x19, 0x94, 0x45, 0x99, 0x94, 0xCD, 0x6B, 0x1C, 0xD8, 0x79, 0xE0,
    0xE4, 0x81, 0x3B, 0xE5, 0x2A, 0x5C, 0xFD, 0xC3, 0xDA, 0x45, 0x5C, 0x23, 0xB9, 0x5C, 0x14, 0xEA,
    0xFB, 0xD2, 0x46, 0xBE, 0xE7, 0x12, 0xC8, 0xF0, 0x67, 0x25, 0x56, 0x82, 0xD5, 0xF5, 0xB5, 0x88,
    0x1D, 0x5B, 0x9C, 0x06, 0x38, 0xD0, 0x89, 0x11, 0x6B, 0x7E, 0x80, 0x35, 0xF3, 0x1B, 0xFC, 0x61,
    0xAD, 0xBD, 0x93, 0xF9, 0x72, 0xCF, 0xA4, 0x2F, 0x24, 0xF3, 0xAC, 0x14, 0x36, 0x80, 0xA7, 0x20,
    0x5B, 0x5F, 0x95, 0x24, 0x5B, 0x0E, 0x64, 0x75, 0x1C, 0x88, 0x19, 0xB8, 0xD1, 0x8F, 0x3E, 0x9A,
    0xEE, 0xC9, 0x3D, 0x37, 0xC1, 0xAA, 0x57, 0x2B, 0xD4, 0x02, 0xFD, 0xC5, 0x9C, 0x26, 0x6F, 0x2E,
    0x3F, 0xF8, 0x8B, 0xFC, 0xF8, 0xCF, 0xFC, 0xE1, 0x01, 0xAF, 0x76, 0xD1, 0xA5, 0x3F, 0xD5, 0x51,
    0xF5, 0xD3, 0x6C, 0x1A, 0x14, 0x79, 0xC1, 0x04, 0xB2, 0xEA, 0xC2, 0xF4, 0x62, 0xE7, 0xB2, 0xA6,
    0x83, 0x62, 0x4D, 0xBD, 0xF2, 0xFE, 0xDA, 0x6B, 0x19, 0x7F, 0x67, 0xB8, 0x53, 0xB6, 0x96, 0x4F,
    0x6F, 0x8A, 0xB2, 0xCC, 0x67, 0xCF, 0xA4, 0x9D, 0x4A, 0xFB, 0x53, 0x79, 0xF1, 0x94, 0x05, 0x46,
    0xCC, 0x48, 0xC7, 0xEE, 0x88, 0x94, 0xD4, 0x01, 0xED, 0xC9, 0x13, 0xC4, 0xF6, 0x0E, 0x36, 0xBF,
    0x1D, 0x64, 0xA5, 0xC0, 0x9B, 0x0A, 0xD2, 0xD2, 0x5A, 0x40, 0x8A, 0xAD, 0x22, 0x0F, 0x8C, 0xDC,
    0x75, 0xD3, 0x1D, 0xB0, 0x8D, 0xD1, 0xA3, 0x1D, 0xF5, 0xA5, 0x89, 0x5A, 0x13, 0x30, 0x32, 0x5E,
    0x43, 0xBC, 0xDF, 0xC6, 0xB7, 0x65, 0x60, 0x9D, 0x3F, 0x95, 0x6D, 0xF1, 0x93, 0x25, 0xBE, 0x2B,
    0x59, 0x7D, 0xF1, 0x6A, 0x92, 0x3B, 0xFE, 0xEC, 0x70, 0x98, 0xCF, 0x0F, 0x87, 0xD3, 0x3B, 0x2E,
    0x43, 0x14, 0x2D, 0xED, 0xD9, 0x2E, 0x5B, 0x7C, 0x6D, 0x61, 0x86, 0x14, 0x33, 0xA3, 0xF0, 0x1D,
    0x6C, 0xEC, 0xD4, 0x03, 0x31, 0x0D, 0xD5, 0x5B, 0xAA, 0xFA, 0x7E, 0xA9, 0x7A, 0x4B, 0x55, 0x9F,
    0x49, 0xC1, 0xBF, 0x7C, 0x39, 0x10, 0x86, 0xB9, 0x86, 0xB4, 0x77, 0xAF, 0x6B, 0x41, 0x06, 0x32,
    0x11, 0x36, 0xDF, 0x7A, 0x07, 0x92, 0x29, 0xB7, 0xCF, 0xFA, 0xB5, 0xAD, 0x7B, 0xC5, 0x5B, 0x85,
    0xD2, 0xCB, 0x1B, 0x13, 0x9F, 0x87, 0xE5, 0x86, 0xBA, 0x6C, 0xE7, 0x82, 0x87, 0x09, 0x61, 0x0B,
    0x7C, 0x1F, 0x94, 0x7C, 0x23, 0x4D, 0xCE, 0x1B, 0xE1, 0x59, 0xF1, 0xAE, 0xD5, 0x54, 0x20, 0x1B,
    0x0F, 0x4A, 0x1C, 0xB2, 0x33, 0x7D, 0xDC, 0x62, 0x09, 0x11, 0x37, 0xF2, 0x14, 0xF5, 0x4D, 0x7E,
    0x2E, 0x79, 0x20, 0xA4, 0x79, 0x8A, 0x16, 0x69, 0xD0, 0xAB, 0xB5, 0x6E, 0x8F, 0xB0, 0xE9, 0x68,
    0x97, 0x0B, 0xB5, 0xFD, 0xAC, 0xC1, 0xC6, 0x14, 0x2D, 0x8F, 0x54, 0xFC, 0xC2, 0x22, 0x24, 0x22,
    0x5D, 0xFB, 0xB8, 0x37, 0x9F, 0x0B, 0xE7, 0x0A, 0x2F, 0x90, 0x6E, 0xA6, 0xE5, 0x83, 0x34, 0x58,
    0x7F, 0x31, 0x48, 0x70, 0x4D, 0x82, 0xBA, 0x81, 0xBB, 0x9E, 0x58, 0x85, 0x35, 0xE3, 0xCB, 0x73,
    0xB8, 0x51, 0xD7, 0x45, 0xDB, 0x45, 0x5E, 0x61, 0xB0, 0xCC, 0x74, 0x10, 0x75, 0xB4, 0x4E, 0x17,
    0x0D, 0x79, 0x09, 0xAD, 0x98, 0x14, 0x47, 0x25, 0xEA, 0xD5, 0x24, 0x37, 0xC0, 0x73, 0x8A, 0xDE,
    0xC6, 0xB6, 0xCC, 0x9A, 0x66, 0x8A, 0xA9, 0x72, 0x23, 0xD4, 0x41, 0x3B, 0x76, 0x8A, 0x59, 0x42,
    0x4D, 0x64, 0x22, 0x14, 0x74, 0x03, 0xE6, 0xD9, 0x43, 0x47, 0x8B, 0xA8, 0x3F, 0x40, 0x76, 0x8A,
    0x49, 0x93, 0x5D, 0x36, 0x9A, 0xE8, 0x90, 0xD5, 0x90, 0xAE, 0x24, 0xA4, 0x13, 0x0D, 0x19, 0x5E,
    0x0F, 0xE9, 0x10, 0x1D, 0x61, 0x82, 0x03, 0x29, 0xA0, 0x30, 0x82, 0x1C, 0x1C, 0x01, 0x41, 0x41,
    0x29, 0xF2, 0x36, 0x97, 0xD9, 0x13, 0xCA, 0x8D, 0x77, 0xD9, 0x04, 0x16, 0xC2, 0x29, 0xB0, 0x0E,
    0xF8, 0x9D, 0x7B, 0x65, 0xE5, 0xDD, 0xA1, 0xC3, 0x7A, 0x54, 0xE1, 0x27, 0xB3, 0xD2, 0x60, 0x6B,
    0x56, 0xBA, 0xC0, 0x9A, 0x25, 0xAC, 0x27, 0xB0, 0xB8, 0x4F, 0x59, 0x98, 0x98, 0xBF, 0x47, 0x95,
    0xC3, 0x0D, 0x7D, 0xEF, 0x9E, 0xF2, 0x89, 0x8F, 0x4D, 0xA6, 0xA8, 0x75, 0xEE, 0x39, 0x6F, 0x29,
    0xE8, 0xB7, 0x44, 0xBE, 0x83, 0x60, 0x82, 0xD7, 0xEE, 0x70, 0x8D, 0xD0, 0x8A, 0x13, 0x12, 0xA3,
    0x49, 0x80, 0x13, 0x2A, 0xFF, 0xA4, 0xDF, 0x93, 0x13, 0x6E, 0x38, 0x48, 0x56, 0xD6, 0x97, 0x98,
    0x5C, 0xFB, 0x5F, 0x8C, 0x31, 0x0A, 0xF7, 0xF1, 0x60, 0xD3, 0x99, 0xFE, 0x2F, 0x40, 0xF6, 0x9B,
    0x55, 0x7C, 0x72, 0xAA, 0xAB, 0xF9, 0x33, 0x98, 0x16, 0x8B, 0xB9, 0xDE, 0x3F, 0x2A, 0xA7, 0x6E,
    0x18, 0x2D, 0x66, 0xF5, 0x48, 0xCA, 0x5E, 0xE5, 0x2B, 0x67, 0xDC, 0x2E, 0x20, 0x10, 0x51, 0x8E,
    0xB4, 0x3F, 0x47, 0xA1, 0xDD, 0xB7, 0xB0, 0xD9, 0x8C, 0x68, 0xEB, 0x22, 0x2C, 0x1A, 0x4B, 0x61,
    0x51, 0x00, 0x4C, 0xAB, 0xB0, 0x58, 0x88, 0x4C, 0x4A, 0x41, 0x3A, 0x62, 0xBB, 0x76, 0xE6, 0x75,
    0xC8, 0x55, 0x4C, 0xFA, 0xA5, 0x72, 0xD6, 0x05, 0xC6, 0xEC, 0x41, 0xBF, 0x4D, 0x8D, 0x67, 0xCA,
    0xB1, 0x0B, 0x39, 0x33, 0x3A, 0x6C, 0x2F, 0x41, 0xC0, 0x59, 0x70, 0xE7, 0xF8, 0xC8, 0xAD, 0x35,
    0xA0, 0x28, 0x4B, 0xFD, 0x91, 0x2E, 0x81, 0xA8, 0x91, 0xFB, 0xB5, 0x70, 0x5F, 0xB5, 0x57, 0xE7,
    0x6E, 0x16, 0x36, 0x1F, 0xD5, 0xD8, 0x1A, 0xC7, 0xD3, 0x72, 0x31, 0x4D, 0x22, 0x13, 0xB7, 0x9F,
    0x03, 0xE2, 0xFB, 0xB5, 0x1E, 0x3A, 0x4C, 0x95, 0xB5, 0x26, 0xAF, 0xC0, 0xD0, 0xAD, 0xD8, 0x56,
    0x56, 0x1E, 0x3C, 0x46, 0x35, 0x59, 0x1C, 0x3C, 0xB6, 0xAE, 0x39, 0x78, 0xAC, 0xAE, 0xFB, 0xAB,
    0x6A, 0x7F, 0x41, 0xCC, 0xB5, 0x75, 0xFF, 0x52, 0xA1, 0xB8, 0x16, 0x7E, 0x51, 0x69, 0x85, 0x18,
    0x6D, 0x32, 0x4F, 0x0D, 0x38, 0xB4, 0x47, 0xCC, 0x11, 0x75, 0x18, 0x91, 0xAD, 0xCB, 0x42, 0xB3,
    0x2F, 0xB0, 0xB0, 0xC3, 0x42, 0xC8, 0xFB, 0x59, 0xC0, 0x08, 0xA3, 0x56, 0x63, 0xAE, 0x5A, 0x66,
    0x32, 0x84, 0x6C, 0x7D, 0x35, 0xB9, 0xA6, 0x3F, 0xA8, 0x35, 0xFD, 0x90, 0x9A, 0xF2, 0x40, 0x66,
    0x61, 0x37, 0x82, 0x08, 0x43, 0xED, 0x5C, 0xB2, 0xB9, 0xA2, 0xBB, 0x12, 0xA0, 0x0D, 0xD3, 0x65,
    0x8B, 0x07, 0xA1, 0x03, 0xF9, 0xDE, 0xB3, 0x4A, 0x53, 0xD5, 0x7F, 0x4D, 0x31, 0xA9, 0xA4, 0x39,
    0x83, 0xC8, 0x56, 0xED, 0xA1, 0x6E, 0xED, 0xB5, 0xEE, 0xE5, 0xE3, 0x9A, 0xF2, 0xE9, 0x88, 0xEB,
    0xAE, 0x45, 0xF6, 0x51, 0xFD, 0x36, 0xC2, 0xFB, 0x1A, 0xA2, 0x9D, 0xFA, 0xA0, 0x74, 0xC5, 0x89,
    0x5E, 0xD1, 0xAB, 0x7C, 0xA5, 0x45, 0xAB, 0x40, 0xBF, 0x99, 0xA6, 0xEA, 0xC5, 0xE3, 0x0A, 0xEF,
    0x7D, 0x9C, 0x79, 0xC4, 0x5D, 0x92, 0xF1, 0x0D, 0xD4, 0x5D, 0x85, 0x5C, 0x9C, 0xC9, 0x79, 0x3A,
    0x77, 0x78, 0x4E, 0x47, 0x29, 0xDF, 0x97, 0x96, 0x15, 0x77, 0xB0, 0x10, 0x59, 0x40, 0x58, 0xB1,
    0x91, 0xDE, 0xFD, 0x67, 0x3F, 0x97, 0x5F, 0xE7, 0xF9, 0x5F, 0x8B, 0x57, 0xED, 0xE8, 0x58, 0x31,
    0x8E, 0xF7, 0x64, 0x46, 0xF5, 0x95, 0x15, 0x00, 0x05, 0xD4, 0x15, 0x3C, 0x9A, 0xDC, 0xA2, 0x56,
    0xFD, 0xBA, 0xF4, 0xEE, 0x85, 0x61, 0x85, 0xC7, 0x57, 0xED, 0xE8, 0xD0, 0x2B, 0x9E, 0x7E, 0x18,
    0xB9, 0x0E, 0xEF, 0xB4, 0xC2, 0x53, 0x96, 0x56, 0xB7, 0xD1, 0x92, 0xFE, 0x80, 0x9F, 0x1F, 0xBC,
    0x43, 0x14, 0x09, 0x4E, 0xE6, 0xCA, 0x88, 0x44, 0x5F, 0xFB, 0x83, 0x76, 0x53, 0xB6, 0xBA, 0x6E,
    0x85, 0xC7, 0x61, 0x0A, 0xF0, 0x7A, 0x3C, 0x21, 0xDE, 0xE5, 0xCF, 0x19, 0xA3, 0xCB, 0x9F, 0x33,
    0xB6, 0xBA, 0xB2, 0x0A, 0x6F, 0xB5, 0xBD, 0x56, 0x02, 0x3C, 0x3B, 0xE1, 0xAE, 0x14, 0xDC, 0x64,
    0x6F, 0x58, 0x7E, 0xAF, 0xC9, 0x23, 0x2C, 0x39, 0xBB, 0x24, 0x91, 0x7C, 0x14, 0xA5, 0x99, 0xF3,
    0x65, 0x94, 0x0E, 0x3C, 0xBC, 0x7A, 0x87, 0x20, 0x4E, 0x56, 0x11, 0x7D, 0xD5, 0x0E, 0x65, 0x51,
    0xE6, 0x7A, 0xAC, 0x42, 0x29, 0x68, 0xF1, 0xE9, 0x62, 0xF5, 0x09, 0xFA, 0x66, 0xB2, 0x8C, 0xB7,
    0x74, 0x26, 0x2B, 0x8E, 0x92, 0x24, 0xF7, 0x48, 0xFE, 0x0D, 0xE2, 0xFC, 0x89, 0xF9, 0x82, 0x63,
    0x06, 0x24, 0xC7, 0x5A, 0x81, 0x83, 0x98, 0x00, 0x64, 0x87, 0x60, 0x4F, 0x40, 0xB4, 0xFE, 0x36,
    0x1F, 0x87, 0xF7, 0x63, 0x1F, 0xC8, 0x2A, 0x85, 0x3B, 0x29, 0x4F, 0xD9, 0x7B, 0xC8, 0xA2, 0x7B,
    0x88, 0xF8, 0xF6, 0xB9, 0x66, 0xF1, 0xA3, 0xE2, 0xCB, 0x57, 0x4D, 0x37, 0xE3, 0x35, 0xAA, 0xD1,
    0xE6, 0xB0, 0x5B, 0x5A, 0x96, 0xE9, 0xDE, 0x35, 0x59, 0x50, 0x9C, 0x81, 0x4A, 0x14, 0xDC, 0x3E,
    0xF7, 0x82, 0x1F, 0x92, 0xEF, 0x6D, 0xA9, 0xF6, 0x8F, 0x82, 0xAD, 0xA1, 0xD0, 0xEE, 0x45, 0xC9,
    0x4C, 0x71, 0x3A, 0xA9, 0x8F, 0xAF, 0x56, 0x28, 0x5A, 0x73, 0x5A, 0x93, 0xE8, 0x0A, 0x68, 0x25,
    0xAC, 0xC0, 0x52, 0x05, 0x83, 0x7D, 0x2B, 0x31, 0xC1, 0xCC, 0x49, 0xBD, 0xE8, 0xA1, 0x15, 0x35,
    0xE4, 0xFF, 0xAD, 0xBD, 0x0F, 0x94, 0x1C, 0x57, 0x79, 0x27, 0xFA, 0x55, 0xD5, 0xCC, 0x94, 0xAD,
    0x52, 0x77, 0xCD, 0xEE, 0x53, 0x1B, 0x45, 0xEA, 0x9E, 0x9E, 0xDD, 0x23, 0x76, 0x07, 0xD3, 0xA3,
    0x16, 0x7E, 0x6D, 0x28, 0xD9, 0x3D, 0xD3, 0x25, 0x0B, 0xD6, 0xEF, 0xC5, 0x01, 0x26, 0x30, 0x2D,
    0x27, 0x16, 0x58, 0xCA, 0x5B, 0x72, 0x4E, 0x8E, 0x40, 0x76, 0xCB, 0x6E, 0x87, 0x11, 0x8C, 0x34,
    0x65, 0x8B, 0x2C, 0x7B, 0xF0, 0xC6, 0xCC, 0x66, 0x11, 0xC9, 0xD9, 0xB0, 0xCB, 0x84, 0x98, 0x5D,
    0x3C, 0x66, 0xA3, 0x36, 0x1E, 0xC5, 0x32, 0xC8, 0x9A, 0x92, 0xF4, 0x40, 0x6F, 0x71, 0x58, 0x97,
    0x2C, 0x14, 0x6F, 0xD6, 0x61, 0x29, 0xDB, 0x52, 0x7C, 0x90, 0x01, 0x37, 0xA6, 0x65, 0x46, 0xF2,
    0x4C, 0xD7, 0xFB, 0x7E, 0xDF, 0xAD, 0xFE, 0x33, 0x23, 0x89, 0xB0, 0x7B, 0x32, 0x56, 0x7F, 0xAE,
    0xBA, 0x55, 0x75, 0x6F, 0xDD, 0x7B, 0xBF, 0xFF, 0xDF, 0x77, 0x6F, 0x11, 0xF1, 0x5F, 0x9A, 0x7F,
    0xB9, 0x1B, 0xBC, 0x7C, 0x14, 0x79, 0xBD, 0x13, 0x7C, 0xEC, 0x24, 0x88, 0x46, 0x9B, 0x44, 0xCF,
    0x4C, 0x05, 0x46, 0xA3, 0x50, 0xB3, 0x0B, 0x35, 0x27, 0xB7, 0xD9, 0x77, 0x0A, 0x79, 0xD7, 0xD9,
    0xB4, 0x91, 0xE6, 0x36, 0x2F, 0xEA, 0x61, 0xF6, 0x4B, 0xF7, 0x7A, 0x44, 0x55, 0xA2, 0x24, 0x2A,
    0x10, 0x90, 0xE8, 0xFD, 0x1A, 0x95, 0xA2, 0xA8, 0x41, 0xA9, 0xDD, 0x63, 0xA8, 0x54, 0xE3, 0x1B,
    0xD2, 0xA6, 0x4F, 0x94, 0x8F, 0x42, 0xAE, 0xCB, 0xDA, 0x47, 0xC6, 0x62, 0xD2, 0x22, 0x3B, 0x97,
    0x33, 0xBC, 0x62, 0x7A, 0xC2, 0xF0, 0xAB, 0x99, 0xBA, 0xE1, 0xD5, 0x6C, 0x9F, 0x41, 0x96, 0x6C,
    0x3A, 0x16, 0xD1, 0x3E, 0xCA, 0x7F, 0x6E, 0x7D, 0x83, 0x1F, 0xCE, 0xBA, 0x24, 0x7F, 0x0E, 0xFF,
    0x0A, 0x64, 0xF1, 0xCF, 0xF0, 0x0A, 0xA4, 0xFB, 0x7C, 0x1E, 0xF2, 0xAF, 0xCE, 0xBF, 0x5A, 0x91,
    0xDB, 0xCF, 0x99, 0xE4, 0x64, 0x6C, 0x72, 0xEC, 0x0C, 0x91, 0xB9, 0x48, 0xA4, 0xCD, 0x10, 0x7D,
    0x0C, 0x0F, 0x72, 0x37, 0x6A, 0xFC, 0x14, 0xBF, 0x21, 0x83, 0x22, 0x40, 0x06, 0x95, 0xD9, 0x00,
    0x16, 0x80, 0xE9, 0xF2, 0xF3, 0x86, 0x97, 0x23, 0xCF, 0xF0, 0x87, 0x75, 0x5F, 0xF7, 0x93, 0x86,
    0xAF, 0xB9, 0xF6, 0x1D, 0xDC, 0xB0, 0xD1, 0x44, 0x0D, 0x0B, 0xEA, 0x0D, 0xF8, 0xEC, 0x51, 0xA2,
    0x5D, 0xF1, 0x59, 0xAF, 0x4B, 0xEB, 0xA3, 0x05, 0x1A, 0x1D, 0xDB, 0x48, 0xA8, 0xA7, 0xF3, 0xB3,
    0x09, 0xCD, 0x90, 0xC6, 0x2F, 0x7F, 0x6F, 0x40, 0x74, 0x49, 0xDD, 0xAE, 0xA1, 0xB6, 0xE8, 0x02,
    0xD1, 0x5D, 0xF3, 0xD4, 0xFE, 0xEB, 0x9D, 0xE6, 0x3A, 0x22, 0x9A, 0x9A, 0xB6, 0xFC, 0x41, 0xD2,
    0xF9, 0x66, 0x0A, 0xD5, 0x4F, 0xE3, 0x1F, 0xCE, 0x65, 0xCC, 0x88, 0xFA, 0x16, 0x48, 0x8B, 0xF8,
    0xF4, 0x5C, 0xFC, 0x5C, 0xC4, 0xEF, 0x71, 0xC3, 0xD1, 0x76, 0x35, 0xAB, 0xE6, 0x97, 0xC8, 0x9E,
    0xE5, 0xF7, 0xD2, 0x02, 0xF5, 0x0A, 0x79, 0x1E, 0xEF, 0xC3, 0x01, 0xD7, 0x10, 0x92, 0xE5, 0xD6,
    0x68, 0x23, 0xED, 0x7F, 0x34, 0x4D, 0xF9, 0x86, 0xDC, 0x3C, 0x0E, 0x30, 0x7F, 0x99, 0x5F, 0x47,
    0x3B, 0xE4, 0x51, 0xF7, 0xDF, 0x36, 0x97, 0xEC, 0x28, 0xF2, 0x69, 0xD5, 0xC1, 0x8D, 0xF1, 0xB8,
    0xC9, 0x7B, 0x90, 0x89, 0xDB, 0xB2, 0x38, 0xDA, 0x37, 0x87, 0xA2, 0x22, 0xDE, 0x2B, 0xC7, 0x45,
    0x34, 0x40, 0xEE, 0x24, 0x3F, 0xE3, 0xF7, 0x93, 0x36, 0xEB, 0xF2, 0x28, 0xF3, 0x48, 0x6B, 0xDC,
    0xF2, 0xBF, 0x0B, 0x4A, 0x51, 0xB0, 0x90, 0xAA, 0x33, 0x36, 0xA1, 0xEC, 0x5B, 0x4D, 0xD2, 0x9A,
    0x77, 0xFA, 0x56, 0x9D, 0xC2, 0x62, 0x8D, 0x6A, 0x95, 0x1A, 0xD5, 0xAB, 0x35, 0x3D, 0x18, 0xAD,
    0x1F, 0xF2, 0xCC, 0xE0, 0x12, 0x66, 0x95, 0xDA, 0xA0, 0x9F, 0x68, 0xF3, 0x91, 0x23, 0x34, 0x15,
    0x35, 0xB2, 0xEE, 0xBA, 0x39, 0xD2, 0x43, 0x5C, 0x70, 0xA9, 0x82, 0xAB, 0xBF, 0x8F, 0x21, 0x98,
    0xFF, 0x4F, 0x8B, 0x64, 0x36, 0xB8, 0xE5, 0x6C, 0x15, 0x53, 0x08, 0x8C, 0xA8, 0x15, 0xF8, 0x88,
    0xC1, 0x00, 0x4D, 0x54, 0xB5, 0xA3, 0x94, 0xAD, 0x4F, 0x85, 0xA4, 0x4F, 0xBF, 0x83, 0x9F, 0xB8,
    0x9E, 0xE2, 0xF9, 0x68, 0xE1, 0x26, 0x1F, 0x0F, 0x8C, 0x9B, 0xEE, 0x54, 0x14, 0x19, 0xFE, 0xFE,
    0xA3, 0xE6, 0xF1, 0x80, 0x1C, 0xDD, 0xAF, 0x53, 0x55, 0xF7, 0xAB, 0x54, 0xD3, 0xFD, 0x22, 0x85,
    0xBA, 0x3F, 0xA4, 0x05, 0x86, 0xCF, 0x08, 0x66, 0x78, 0x8C, 0x14, 0x0C, 0x2C, 0x46, 0x10, 0x4A,
    0xF6, 0xF0, 0xA3, 0x45, 0x7B, 0x89, 0xA8, 0x47, 0x9B, 0x56, 0xC3, 0x35, 0x48, 0x3D, 0xD4, 0x5B,
    0xE0, 0x4A, 0xCD, 0x1C, 0x03, 0xE3, 0x5F, 0x33, 0x5A, 0x31, 0x4E, 0xE4, 0xB8, 0x8D, 0xF9, 0x68,
    0xC9, 0x74, 0x8F, 0x1D, 0x3B, 0xB4, 0xD5, 0xA7, 0xAA, 0xF1, 0x60, 0x40, 0x35, 0x83, 0xDB, 0x60,
    0x04, 0x9F, 0xA3, 0xD0, 0xF0, 0x1C, 0x55, 0xB3, 0x6F, 0xB8, 0x5C, 0x2F, 0xD7, 0x6C, 0x63, 0xC6,
    0x06, 0x7A, 0x06, 0x50, 0x3D, 0xA3, 0xED, 0x9A, 0x5E, 0x54, 0xAF, 0xF3, 0x90, 0xF3, 0x4B, 0xA4,
    0xFA, 0x5E, 0x0B, 0x4B, 0x51, 0xD3, 0x55, 0x78, 0x81, 0xB1, 0xDC, 0x7B, 0x74, 0x3E, 0x8A, 0xCE,
    0xA5, 0xCA, 0x1F, 0x8D, 0x3B, 0x66, 0xBA, 0x69, 0x7A, 0x8B, 0xDF, 0xFB, 0xE3, 0xA0, 0x07, 0xA1,
    0x91, 0x61, 0x5C, 0xB9, 0x70, 0x88, 0xB4, 0x79, 0xC1, 0x5D, 0x9E, 0x0F, 0xCD, 0xFB, 0xA7, 0xE8,
    0x8F, 0x13, 0xF4, 0x6B, 0x7F, 0xFD, 0xB7, 0x63, 0x4C, 0x97, 0x9F, 0xA1, 0xDE, 0x72, 0x1D, 0x17,
    0x65, 0x58, 0x37, 0x1F, 0xE5, 0xE1, 0x8E, 0xCE, 0x51, 0xAA, 0x7C, 0x37, 0xC5, 0x28, 0xCC, 0x1D,
    0xE7, 0xDE, 0xF0, 0x70, 0xE7, 0xE8, 0x2E, 0x5F, 0x6A, 0x05, 0x46, 0x13, 0x09, 0x5E, 0x70, 0xE5,
    0x6E, 0xAB, 0xF6, 0xB5, 0xFC, 0x1B, 0x51, 0xB8, 0x1E, 0xA3, 0x2A, 0x1D, 0xE1, 0xA7, 0x79, 0x9E,
    0x6C, 0x57, 0xBD, 0x4A, 0x16, 0x55, 0xF2, 0x25, 0x1D, 0x0D, 0xEE, 0xC3, 0xE3, 0xE8, 0x5A, 0x18,
    0x53, 0x55, 0x09, 0xCC, 0x22, 0x46, 0xBF, 0x0D, 0xFC, 0x9B, 0x54, 0x37, 0xE2, 0x81, 0x51, 0xF2,
    0xA9, 0x31, 0x34, 0x63, 0x06, 0x89, 0x42, 0x96, 0xAC, 0xFE, 0x62, 0xDC, 0x3C, 0x1E, 0x97, 0xBA,
    0x8E, 0xC6, 0xBC, 0xC1, 0xE4, 0xC6, 0x34, 0xD4, 0x35, 0x1A, 0xB3, 0x2F, 0xF9, 0x1B, 0xE3, 0x57,
    0xA7, 0x3A, 0xDE, 0xBA, 0x8E, 0xF7, 0x57, 0xC0, 0x2D, 0x00, 0xBF, 0x2B, 0x7D, 0xB3, 0x97, 0xDC,
    0x0A, 0x86, 0xB3, 0x82, 0x0B, 0x35, 0x80, 0x6F, 0x00, 0xDC, 0x8F, 0x61, 0xFE, 0x34, 0x51, 0xC0,
    0x5D, 0x62, 0xE2, 0x2B, 0x62, 0x06, 0x8A, 0xE8, 0x48, 0x8E, 0xF6, 0xA3, 0xCE, 0x2A, 0x2D, 0xFF,
    0xEB, 0x99, 0x2E, 0x92, 0xF6, 0x3F, 0x36, 0x39, 0xA4, 0x9D, 0x19, 0x64, 0x70, 0x1A, 0x37, 0x04,
    0x54, 0x59, 0x35, 0xFB, 0x96, 0x5F, 0xE1, 0x86, 0xBC, 0x1A, 0x4E, 0x3B, 0xE0, 0x09, 0x90, 0xE7,
    0x93, 0xA4, 0xF9, 0xF4, 0x97, 0x3C, 0x1B, 0x3C, 0x16, 0x5C, 0xFD, 0x24, 0x88, 0xAB, 0x88, 0x99,
    0x74, 0x30, 0x38, 0x6B, 0xA8, 0x11, 0xD7, 0x6D, 0xCF, 0x1E, 0xF2, 0x85, 0x18, 0xAF, 0xF1, 0xD7,
    0x1F, 0xCF, 0x76, 0x35, 0xFE, 0x61, 0x78, 0x4A, 0xAE, 0xF6, 0x31, 0x0B, 0x5C, 0x77, 0xD7, 0x63,
    0xAE, 0x9A, 0x79, 0xA2, 0x0F, 0x03, 0xDC, 0x87, 0x6A, 0x0A, 0x5E, 0x36, 0x8A, 0xBE, 0x40, 0xAB,
    0x66, 0x1F, 0x73, 0xE9, 0x97, 0xFF, 0x09, 0x56, 0xD4, 0xDA, 0x60, 0x0E, 0x60, 0xD4, 0xD5, 0x76,
    0x12, 0x57, 0x50, 0x27, 0x4D, 0x6A, 0x07, 0x47, 0xD7, 0x5A, 0x0C, 0xEB, 0x2F, 0x17, 0x05, 0x29,
    0x1F, 0x9B, 0x8C, 0x67, 0x20, 0x29, 0x88, 0x09, 0x0C, 0x5E, 0x4B, 0x51, 0x98, 0xA3, 0x5D, 0x41,
    0x0B, 0x39, 0x5B, 0xB3, 0x68, 0x5D, 0x3E, 0xE4, 0x31, 0x0A, 0xB5, 0xDF, 0xC4, 0x44, 0x8D, 0xAF,
    0xB8, 0x3C, 0x2E, 0xEF, 0xE2, 0x77, 0x0D, 0x86, 0x98, 0xE4, 0xDF, 0x5C, 0xA0, 0x08, 0x68, 0xB9,
    0xED, 0x31, 0x30, 0x22, 0x4C, 0x67, 0x8C, 0x2A, 0x2D, 0x04, 0x5D, 0x0B, 0x04, 0x05, 0xE6, 0x2B,
    0xDE, 0x51, 0x6D, 0x09, 0x09, 0x20, 0xA4, 0x60, 0xA9, 0x47, 0x9D, 0x26, 0xD6, 0xC4, 0x8D, 0x5F,
    0xED, 0xE7, 0x5C, 0xFD, 0xC7, 0x73, 0x4A, 0x73, 0x8C, 0x04, 0xE1, 0x46, 0xCA, 0x7A, 0x76, 0xB4,
    0x44, 0x7A, 0x34, 0x1D, 0x8F, 0xBB, 0xC6, 0xBF, 0x3B, 0xC8, 0xD1, 0xCE, 0x78, 0x0E, 0x3D, 0xC1,
    0x94, 0x57, 0x90, 0x57, 0x68, 0xFD, 0xAA, 0xCB, 0x7F, 0x83, 0x55, 0x91, 0x52, 0x46, 0x30, 0x42,
    0x79, 0x37, 0xFB, 0x3A, 0xD7, 0xD3, 0x04, 0x89, 0xAF, 0x6A, 0xF7, 0x85, 0x01, 0x13, 0x65, 0xD4,
    0x18, 0x9D, 0xFD, 0x72, 0x79, 0x26, 0x2E, 0xDB, 0x8E, 0x41, 0x89, 0x30, 0x96, 0xA0, 0xF2, 0x1C,
    0x33, 0x0B, 0xCA, 0x81, 0x0F, 0x0F, 0x00, 0xFF, 0xAD, 0x08, 0xBD, 0xDA, 0x41, 0x31, 0xB5, 0x0B,
    0x25, 0x09, 0x7F, 0x4E, 0xAE, 0xC4, 0xD0, 0x35, 0x3C, 0x45, 0x99, 0x34, 0x4F, 0x63, 0x26, 0x39,
    0x98, 0x2A, 0xDF, 0x73, 0xD7, 0x18, 0x4F, 0x54, 0x14, 0xF6, 0xAB, 0x81, 0x14, 0x1E, 0xB2, 0x84,
    0x4A, 0x50, 0x4B, 0xC1, 0x6E, 0x01, 0x07, 0x60, 0xE3, 0x14, 0xDE, 0xAC, 0xD9, 0x1E, 0x7A, 0xB4,
    0xB1, 0x3E, 0x8C, 0x49, 0xB6, 0x5D, 0x3F, 0x38, 0x40, 0x06, 0x77, 0x2C, 0x07, 0xBD, 0xF7, 0x2E,
    0xA6, 0xE6, 0xA3, 0xE6, 0x17, 0x4A, 0x4B, 0x63, 0x69, 0x94, 0x75, 0x40, 0x0E, 0xFD, 0x60, 0x36,
    0x97, 0xD3, 0xC6, 0x62, 0x6A, 0x15, 0x60, 0xBB, 0x2C, 0x1F, 0x2D, 0xC1, 0xF7, 0x5D, 0x5F, 0x95,
    0x29, 0xBB, 0x4E, 0x5A, 0xFE, 0xAF, 0x18, 0xED, 0xDC, 0x1F, 0x0B, 0xDC, 0x23, 0x50, 0xC6, 0x7F,
    0xFF, 0xD7, 0x28, 0x75, 0x6C, 0x9E, 0xA5, 0xEF, 0x54, 0xF4, 0x05, 0x2E, 0xE9, 0x6F, 0x95, 0x3B,
    0x1D, 0x68, 0x83, 0x92, 0x1C, 0xB4, 0xA2, 0x90, 0x42, 0x31, 0x30, 0x46, 0x3E, 0x08, 0x62, 0x50,
    0x27, 0x63, 0xDC, 0xEC, 0x57, 0x63, 0xC9, 0xAC, 0x47, 0x8C, 0x4A, 0xDA, 0xC1, 0x1D, 0x5E, 0x6B,
    0x44, 0x81, 0xF3, 0xE0, 0x62, 0xC2, 0xC6, 0x68, 0x52, 0x2B, 0xD3, 0x0D, 0x3C, 0x70, 0x6E, 0xF4,
    0x5A, 0x18, 0xA3, 0xB6, 0x1A, 0xC1, 0x74, 0x7B, 0x78, 0x86, 0xA9, 0x75, 0xB3, 0x21, 0xB3, 0x0B,
    0xC9, 0x1F, 0xFF, 0x71, 0x21, 0xE8, 0x86, 0xBE, 0xBA, 0xDD, 0xE7, 0xC3, 0x6C, 0x8A, 0xFB, 0x38,
    0x91, 0x63, 0x09, 0x15, 0x26, 0xFA, 0xC9, 0xF2, 0x7A, 0xF9, 0x59, 0xAD, 0xEC, 0xA2, 0x7A, 0x6F,
    0xEA, 0x02, 0xBF, 0x74, 0xBF, 0xE1, 0xB5, 0x10, 0x23, 0xD1, 0x06, 0x32, 0xB1, 0x16, 0x2E, 0xE8,
    0xCD, 0x19, 0x54, 0x1F, 0xC6, 0x95, 0x0F, 0xB5, 0xBB, 0x26, 0x60, 0xF3, 0x11, 0x34, 0xC6, 0xB5,
    0xEC, 0x12, 0x46, 0x52, 0x4F, 0x95, 0x99, 0x42, 0x4B, 0x91, 0x27, 0xA4, 0xAA, 0x83, 0x0D, 0x18,
    0xBE, 0xA2, 0x1E, 0x34, 0x11, 0x42, 0x86, 0xF0, 0x95, 0x01, 0x80, 0x1C, 0x35, 0x34, 0x56, 0x84,
    0xA6, 0x22, 0x7F, 0x03, 0xF5, 0x7E, 0x35, 0x26, 0x9B, 0x0C, 0xF5, 0x84, 0xDC, 0xCB, 0xC4, 0x26,
    0xCA, 0xAD, 0xB1, 0x86, 0x76, 0xCD, 0x2F, 0x1A, 0x34, 0xD5, 0x1C, 0x6B, 0x51, 0x5B, 0x2D, 0xCB,
    0x13, 0x56, 0x5F, 0x37, 0xEB, 0x09, 0x17, 0xE8, 0x6A, 0x03, 0xAC, 0xCF, 0x74, 0xEB, 0xA8, 0xBE,
    0x8E, 0xEA, 0x8F, 0x90, 0x3B, 0xC2, 0x38, 0xEE, 0x0F, 0x91, 0xC6, 0xCC, 0x63, 0x43, 0x5B, 0x9B,
    0xEB, 0x9F, 0xFD, 0xE6, 0xA1, 0xC6, 0x7C, 0x74, 0x61, 0x0C, 0xB7, 0x89, 0xDE, 0xC3, 0x75, 0xE8,
    0x27, 0xE6, 0x3D, 0x23, 0xFA, 0xE2, 0x82, 0x59, 0xA7, 0x11, 0xEE, 0x32, 0xEB, 0x89, 0xD2, 0xFD,
    0x64, 0xAC, 0x56, 0x2D, 0xD0, 0xAE, 0xF9, 0x90, 0x4A, 0x97, 0xA8, 0xC3, 0xEA, 0x19, 0x5B, 0x2A,
    0x7C, 0xCD, 0x72, 0xC0, 0xB3, 0xDF, 0x4B, 0x4E, 0xEF, 0x61, 0x48, 0x34, 0xD6, 0x3E, 0x9F, 0x1E,
    0x6B, 0x31, 0x31, 0x19, 0xAF, 0x80, 0x07, 0x5B, 0x7B, 0x96, 0x2F, 0xB0, 0x5A, 0xB7, 0x0F, 0x42,
    0x88, 0x65, 0x2F, 0x04, 0xB0, 0x16, 0x2B, 0x09, 0x03, 0xA4, 0xE4, 0xCA, 0x2D, 0xF3, 0xFC, 0x3A,
    0xA5, 0x0E, 0x77, 0x62, 0x95, 0x69, 0x2A, 0xF2, 0xF2, 0x97, 0xF4, 0x3A, 0xCB, 0x81, 0xB9, 0xFE,
    0x0E, 0x97, 0x00, 0x67, 0xAA, 0x0B, 0xA6, 0x68, 0xF3, 0x2E, 0x95, 0x78, 0xCC, 0x53, 0xB8, 0xFF,
    0x06, 0x6E, 0x76, 0x3D, 0x33, 0x8C, 0xBE, 0xE6, 0x58, 0xD6, 0x9B, 0x9A, 0xE6, 0xEB, 0x85, 0xD6,
    0x2B, 0xD4, 0xDB, 0x00, 0xA7, 0xA2, 0xF2, 0x41, 0xD8, 0x11, 0xA8, 0x6D, 0xFB, 0x02, 0x30, 0x93,
    0xA7, 0xA6, 0x6F, 0xAC, 0x8B, 0xC4, 0x70, 0x5F, 0x02, 0xCF, 0x9B, 0xCC, 0xC3, 0x6E, 0xD8, 0xA2,
    0x6A, 0x36, 0xB9, 0x66, 0x77, 0x9E, 0x6B, 0xF6, 0x0B, 0x71, 0x2D, 0x32, 0xFA, 0x5A, 0x7B, 0x1E,
    0x64, 0x9A, 0x05, 0x61, 0x40, 0xAF, 0x16, 0xD7, 0x9C, 0x45, 0xCD, 0xF6, 0xA3, 0xA8, 0xF3, 0xAE,
    0xF9, 0x80, 0x15, 0xFC, 0xA6, 0x37, 0x7A, 0x50, 0x30, 0xB6, 0xD8, 0x7A, 0xA7, 0xEE, 0x19, 0x5C,
    0x0E, 0x50, 0xA6, 0x87, 0x6D, 0x5D, 0xB8, 0x04, 0x14, 0x37, 0x85, 0x39, 0xFC, 0x16, 0x3F, 0x76,
    0xD7, 0xBC, 0x1F, 0xD7, 0x97, 0x55, 0xF5, 0x31, 0xAC, 0x33, 0xEB, 0xD1, 0x02, 0x66, 0x3D, 0x86,
    0x9F, 0x1C, 0xE4, 0x5A, 0x78, 0x8C, 0x0D, 0x77, 0x79, 0x7D, 0x42, 0x22, 0x82, 0xA7, 0x53, 0xA8,
    0xCF, 0x5A, 0x8A, 0xEB, 0x8B, 0x07, 0x37, 0x27, 0x33, 0xA2, 0xBB, 0x36, 0xB3, 0x5F, 0x73, 0xCB,
    0x12, 0x19, 0x3F, 0xE4, 0x1A, 0x97, 0x94, 0xF2, 0x80, 0xF7, 0x2E, 0xC6, 0x68, 0x58, 0x8B, 0xDF,
    0x7E, 0x4E, 0x89, 0xA9, 0x31, 0x26, 0xEE, 0x30, 0x16, 0x81, 0xB1, 0x6C, 0x61, 0x32, 0xFD, 0x73,
    0x8F, 0xF9, 0xD2, 0xCD, 0xBE, 0x0D, 0x8A, 0xB1, 0x5C, 0x13, 0x0A, 0xD8, 0x14, 0xD3, 0xFD, 0x19,
    0x34, 0x0F, 0x6E, 0x2A, 0x1A, 0x04, 0x54, 0x18, 0x85, 0x09, 0xC5, 0xB6, 0x30, 0xE9, 0x88, 0x95,
    0x51, 0x48, 0x5D, 0xFB, 0x32, 0xE3, 0x86, 0x36, 0x1F, 0x31, 0x11, 0xF6, 0xB5, 0x19, 0xB8, 0x3C,
    0x62, 0x1F, 0xED, 0x67, 0x14, 0x5F, 0x18, 0xA5, 0xD4, 0x24, 0x59, 0xA1, 0x52, 0x3A, 0x6A, 0x18,
    0xD1, 0x50, 0x83, 0x26, 0xCE, 0x24, 0xC6, 0xBD, 0x0E, 0xF0, 0x40, 0x40, 0x03, 0x1A, 0xBF, 0x62,
    0xCE, 0xFA, 0xE2, 0x12, 0xC8, 0xFB, 0x75, 0x8F, 0x12, 0xDA, 0x69, 0x46, 0xC6, 0xC7, 0xA1, 0x26,
    0x35, 0x41, 0x74, 0x6D, 0xD6, 0xC2, 0x8C, 0x89, 0xDF, 0x65, 0xF6, 0x31, 0xF5, 0x06, 0x1D, 0x45,
    0x79, 0x53, 0x5B, 0x4E, 0x0B, 0xB8, 0x5F, 0x67, 0xF0, 0x49, 0x16, 0xA2, 0xB4, 0x1F, 0x2F, 0x34,
    0x02, 0x0E, 0x55, 0x34, 0x58, 0xC6, 0x32, 0x3D, 0x37, 0xDD, 0xA1, 0x36, 0xB3, 0x8E, 0x99, 0x55,
    0x0E, 0xD4, 0xC4, 0x1C, 0xCB, 0xEE, 0x63, 0x5A, 0x30, 0xF3, 0x13, 0xF7, 0x10, 0xDB, 0x76, 0xA6,
    0x6B, 0xF8, 0x15, 0xDD, 0xB7, 0x03, 0x7E, 0xE9, 0x4C, 0x18, 0x52, 0xE0, 0x3C, 0xE0, 0x6B, 0x41,
    0xA1, 0xE4, 0x6B, 0x7E, 0x25, 0x7B, 0x07, 0xAB, 0x4D, 0x03, 0xC3, 0x96, 0x3F, 0x31, 0xE9, 0x98,
    0xF5, 0x52, 0x38, 0x9C, 0x9D, 0x5C, 0xE5, 0xDA, 0x8B, 0x8C, 0x90, 0x60, 0xB0, 0x43, 0xCB, 0x47,
    0xCC, 0x61, 0x8A, 0xBC, 0x71, 0x31, 0xBB, 0x44, 0x53, 0x0B, 0x4F, 0xF3, 0xC8, 0xBC, 0x07, 0xEA,
    0xEE, 0x14, 0xD0, 0x8A, 0x8D, 0x18, 0x5F, 0xE3, 0xD1, 0xF3, 0x0D, 0x00, 0xBB, 0x46, 0xB7, 0xF9,
    0xC3, 0xAC, 0x28, 0xF9, 0x13, 0x15, 0xC7, 0x0C, 0x76, 0x56, 0x0A, 0xE6, 0x11, 0xAA, 0x8D, 0xDE,
    0xBB, 0x96, 0x6A, 0x40, 0xD7, 0x9D, 0xA8, 0xAA, 0x0F, 0x38, 0x3B, 0xC5, 0x7C, 0x5E, 0x6B, 0x54,
    0xF3, 0x3C, 0x3D, 0x15, 0xD3, 0xB3, 0xA1, 0xA7, 0x0F, 0x13, 0x6C, 0x09, 0x26, 0xA1, 0xBA, 0xC3,
    0x83, 0x5B, 0x2F, 0x70, 0xE5, 0x75, 0x87, 0x9B, 0x09, 0x8B, 0x96, 0xAB, 0x07, 0x1B, 0x07, 0xF8,
    0x56, 0xD6, 0xA5, 0xB3, 0x8C, 0xB2, 0x40, 0x18, 0xCA, 0x87, 0xAD, 0xEE, 0xAB, 0xCE, 0x87, 0x00,
    0xD0, 0x1D, 0x18, 0xF0, 0x2B, 0xBF, 0xE6, 0x17, 0x58, 0xF4, 0x78, 0x85, 0xDE, 0x5D, 0x01, 0x86,
    0xB3, 0x03, 0x42, 0xE0, 0x56, 0xC8, 0x3A, 0x1B, 0x83, 0xA7, 0x74, 0xE6, 0xE1, 0xFB, 0x6C, 0xB7,
    0x49, 0x93, 0x09, 0x7A, 0x35, 0x98, 0xB4, 0x6F, 0x0B, 0x02, 0xC7, 0x64, 0xFE, 0xB7, 0x81, 0xCA,
    0x1D, 0x6A, 0xD5, 0x0B, 0xCC, 0xA6, 0x9E, 0xFC, 0x08, 0xF3, 0xEC, 0x27, 0xFE, 0x8A, 0xA7, 0xB1,
    0xE6, 0xF1, 0x34, 0xD6, 0xDC, 0x9C, 0xC1, 0x28, 0x99, 0xD3, 0x76, 0x5D, 0x44, 0x6B, 0x35, 0x05,
    0x0A, 0x6D, 0x70, 0x33, 0x2C, 0xA7, 0x5B, 0xB7, 0xF0, 0x54, 0x94, 0x4C, 0x6F, 0xDE, 0x1D, 0xB5,
    0xE8, 0x93, 0xC1, 0x08, 0x5B, 0x35, 0xF5, 0x9C, 0xF1, 0x5A, 0xD8, 0x9F, 0xA6, 0xF9, 0x2E, 0x2B,
    0x0D, 0xE8, 0x6A, 0xFC, 0x06, 0xB7, 0xF1, 0xF3, 0xEB, 0xD1, 0xD0, 0x6F, 0xA0, 0x8D, 0xC6, 0x3F,
    0x64, 0x1B, 0x7D, 0x34, 0x4D, 0x87, 0x22, 0x37, 0xA4, 0x6F, 0x1E, 0x05, 0x51, 0x41, 0x3D, 0xE6,
    0xC1, 0x9D, 0x03, 0xD9, 0x1E, 0x05, 0xEE, 0xEE, 0x07, 0x1F, 0xFE, 0xB4, 0xCB, 0xED, 0xFE, 0x39,
    0x4C, 0xC0, 0x3F, 0x0B, 0x30, 0x9C, 0xAE, 0x8C, 0x64, 0x0E, 0x77, 0x66, 0x80, 0xE5, 0xB6, 0xCB,
    0x5A, 0xBF, 0xF9, 0x16, 0x86, 0x7E, 0x3E, 0xEC, 0x52, 0x17, 0x80, 0xB5, 0xC6, 0x10, 0xAD, 0xF7,
    0xBE, 0xF1, 0x6F, 0x58, 0x26, 0x55, 0xFC, 0x77, 0xEC, 0xC6, 0x7B, 0x56, 0x31, 0x11, 0x21, 0x03,
    0x7E, 0xBC, 0x84, 0x86, 0x4A, 0xAE, 0x09, 0xB4, 0x61, 0xDC, 0xB9, 0xB9, 0xCE, 0xAD, 0x15, 0x6A,
    0x09, 0xA0, 0x79, 0x12, 0xFD, 0x48, 0xE2, 0x4E, 0x1B, 0x6D, 0x18, 0x41, 0x96, 0xF5, 0xBB, 0x08,
    0x6D, 0xAC, 0x53, 0x06, 0x99, 0x90, 0xB0, 0x91, 0xA0, 0x75, 0xDE, 0xFD, 0x09, 0xAE, 0x7E, 0xCF,
    0xC2, 0x3F, 0x6C, 0xF5, 0xF2, 0xA7, 0x0C, 0xF0, 0x29, 0xC5, 0x57, 0x84, 0x7F, 0x69, 0x75, 0x6A,
    0x71, 0x35, 0xA5, 0x71, 0xD3, 0x74, 0x7B, 0xA6, 0x98, 0x2A, 0x84, 0x9B, 0xDA, 0x60, 0x03, 0x6B,
    0x4D, 0x48, 0xC5, 0x49, 0x38, 0x2E, 0xF4, 0xBA, 0xC6, 0x5A, 0x31, 0x37, 0x10, 0x26, 0xC5, 0xD4,
    0x48, 0x42, 0xD7, 0xC3, 0x8D, 0xDA, 0x63, 0x1D, 0x4C, 0x12, 0x7E, 0xBE, 0x04, 0xC5, 0x35, 0x7B,
    0xF2, 0x23, 0xDC, 0xC2, 0xF3, 0xDF, 0x05, 0x43, 0x0F, 0xE2, 0x56, 0xBC, 0x16, 0xB7, 0xA7, 0x09,
    0xB0, 0xD5, 0x61, 0x7E, 0xE5, 0x41, 0x9B, 0x5F, 0xBE, 0xC1, 0xB2, 0xD7, 0x0C, 0xB8, 0x91, 0xBC,
    0xAB, 0xFB, 0xB9, 0x89, 0x1E, 0xD3, 0xCF, 0xB0, 0x4C, 0x01, 0x83, 0x7B, 0xB4, 0x55, 0xB3, 0x16,
    0xD7, 0xCC, 0x82, 0x2E, 0xFB, 0xD0, 0xE7, 0x50, 0xF3, 0x56, 0x6E, 0xFF, 0xC4, 0xE7, 0x30, 0xF9,
    0x47, 0x44, 0x5D, 0x89, 0x59, 0xF3, 0x1C, 0xB8, 0x8A, 0xAA, 0x99, 0x9B, 0x9A, 0xE3, 0x9A, 0x8D,
    0x5F, 0x5E, 0xB3, 0xC8, 0x9B, 0x3C, 0x06, 0x64, 0x12, 0xA6, 0x40, 0x7D, 0x23, 0x38, 0x3D, 0x17,
    0xDA, 0x2E, 0x4B, 0xC8, 0x8D, 0x18, 0x93, 0xA3, 0xD0, 0xCE, 0x07, 0x63, 0x4D, 0x49, 0x06, 0x50,
    0x6B, 0xB4, 0xB9, 0x58, 0xE7, 0x0F, 0x1D, 0xCB, 0x55, 0xF8, 0x35, 0x12, 0x2C, 0xD5, 0x17, 0xAC,
    0x1E, 0x1A, 0xD8, 0xA8, 0xC3, 0x3E, 0x86, 0x5C, 0xE1, 0xAA, 0xF8, 0x5F, 0x1D, 0x86, 0xE0, 0x24,
    0x2A, 0xCD, 0x82, 0x55, 0x8A, 0x0C, 0x15, 0xB3, 0x50, 0xEC, 0x42, 0x65, 0x02, 0x80, 0xE2, 0xCD,
    0x58, 0x7C, 0xEA, 0xE1, 0xDA, 0xB5, 0x5C, 0x55, 0x7A, 0x88, 0xAB, 0x62, 0x6D, 0xA6, 0x68, 0x6F,
    0x0D, 0xFE, 0x57, 0xAB, 0x12, 0xD6, 0xA1, 0x11, 0x08, 0xCD, 0x75, 0xB4, 0x6D, 0x60, 0x1D, 0x1A,
    0x6C, 0x0F, 0x06, 0x55, 0x06, 0x6E, 0xC5, 0x84, 0x71, 0xA9, 0xCF, 0x9E, 0xE7, 0xDE, 0x70, 0x59,
    0x0D, 0x40, 0xCC, 0x3D, 0x66, 0x1D, 0x21, 0xB3, 0x8E, 0x2D, 0xC2, 0x3A, 0x5E, 0xF4, 0x99, 0x75,
    0xF8, 0x81, 0x63, 0x30, 0x6B, 0xDB, 0xA0, 0x9C, 0x31, 0x2D, 0xFB, 0xF7, 0x7A, 0x6E, 0xF7, 0x23,
    0x09, 0xAD, 0xBC, 0xFD, 0xAF, 0xD2, 0xCC, 0xF7, 0xFD, 0x9C, 0x22, 0x2A, 0xC5, 0xA3, 0x18, 0x70,
    0xBB, 0x41, 0x41, 0x9F, 0xBD, 0xE8, 0x16, 0x30, 0x40, 0x02, 0x98, 0xAC, 0x43, 0x7A, 0x8F, 0xCB,
    0x22, 0xE9, 0x56, 0xE3, 0x6C, 0x93, 0x98, 0xAC, 0xDF, 0xF2, 0x99, 0xAC, 0x5F, 0xAA, 0x17, 0x8D,
    0x57, 0x83, 0xB1, 0x1C, 0xCD, 0x77, 0x99, 0x7A, 0x47, 0xD0, 0xAD, 0xCF, 0xA1, 0x8D, 0x5F, 0x47,
    0x1B, 0x0B, 0x68, 0x83, 0xFE, 0x21, 0xDB, 0x80, 0x50, 0xE7, 0x5F, 0xBF, 0x71, 0x1C, 0x3E, 0x86,
    0x86, 0x76, 0xE7, 0xD9, 0x76, 0xD9, 0x2D, 0x7F, 0xFC, 0xDA, 0x02, 0x97, 0x3D, 0x2A, 0xCA, 0x05,
    0x7E, 0x37, 0xF8, 0xAC, 0xED, 0x9F, 0xA3, 0x11, 0x3D, 0x72, 0x0B, 0xFA, 0xA9, 0xD0, 0x31, 0xFC,
    0xA3, 0x1B, 0x0F, 0x79, 0x6B, 0x44, 0xA5, 0xF8, 0xF7, 0xFF, 0x85, 0x87, 0x39, 0xEA, 0x58, 0x1E,
    0x85, 0xB6, 0x25, 0x1A, 0x32, 0x99, 0xF5, 0x05, 0x86, 0xAB, 0x45, 0xD1, 0x01, 0xD7, 0xFA, 0xD3,
    0xBB, 0x22, 0x77, 0xD8, 0xA6, 0xBC, 0x5F, 0x60, 0x44, 0x6C, 0x54, 0x8A, 0x94, 0xAC, 0x56, 0x40,
    0xEC, 0xA3, 0x75, 0xEE, 0x6B, 0xD6, 0x93, 0x29, 0xCC, 0x7A, 0x14, 0xCB, 0xD3, 0x96, 0x87, 0xA1,
    0x25, 0xA3, 0x88, 0x6E, 0xDC, 0xBF, 0x30, 0xCC, 0x12, 0xFB, 0x51, 0xC6, 0x2A, 0x58, 0x67, 0x22,
    0xB1, 0x75, 0xF0, 0x10, 0x1B, 0xC8, 0x9B, 0x13, 0x8B, 0x02, 0x52, 0xD8, 0xC9, 0x51, 0x2F, 0xE5,
    0x1C, 0xD6, 0x23, 0xEC, 0x3A, 0x03, 0x26, 0x78, 0x0B, 0xEF, 0xC3, 0x2C, 0x6E, 0xFF, 0xEC, 0x12,
    0xD4, 0xB1, 0x30, 0x76, 0xEF, 0x51, 0xCB, 0x63, 0x64, 0xF8, 0xEB, 0x5D, 0xD2, 0x4E, 0x41, 0x0F,
    0x6F, 0x7E, 0x60, 0x3F, 0x3F, 0x91, 0xB0, 0x3C, 0xB3, 0x9E, 0x63, 0xE1, 0xEA, 0x38, 0x14, 0xA6,
    0x73, 0x55, 0x0A, 0x9D, 0x64, 0x9D, 0xE5, 0x96, 0x05, 0xE1, 0xC5, 0x5A, 0x47, 0x58, 0xB0, 0x43,
    0x3D, 0x28, 0x8E, 0x84, 0xA6, 0x97, 0x6D, 0x50, 0x9E, 0xFA, 0xBC, 0x55, 0x0B, 0xB1, 0xAF, 0x23,
    0xE6, 0xCA, 0x5D, 0xB6, 0x22, 0xFD, 0x1A, 0x54, 0x61, 0xB6, 0xC5, 0x19, 0xDE, 0x5D, 0xEE, 0x36,
    0x45, 0x98, 0x91, 0xFF, 0x1A, 0x95, 0x8E, 0xCD, 0xDA, 0xFC, 0x52, 0x4D, 0xD6, 0x71, 0x72, 0xCA,
    0x83, 0xA1, 0xC7, 0x40, 0x4E, 0x07, 0xE0, 0x34, 0xB1, 0x5E, 0x5B, 0xC2, 0x18, 0xC7, 0x8C, 0x8D,
    0xDF, 0x58, 0xD3, 0xE1, 0x29, 0x2C, 0xBB, 0xC6, 0x71, 0x9E, 0xB8, 0x68, 0xBA, 0x68, 0x36, 0x28,
    0x31, 0x35, 0x47, 0x89, 0x0D, 0xC5, 0xFE, 0x22, 0xE5, 0x58, 0xB1, 0x4D, 0xF6, 0xBA, 0xB1, 0xBF,
    0x49, 0x31, 0x3B, 0x4C, 0xAC, 0xF4, 0xD9, 0x8B, 0x99, 0x9D, 0x09, 0x85, 0xC2, 0xF0, 0xAE, 0x1F,
    0xE7, 0x96, 0xEE, 0x65, 0xB6, 0xF0, 0x8B, 0x4B, 0xCC, 0x44, 0x58, 0x85, 0xAE, 0x67, 0xB9, 0x27,
    0xB5, 0x67, 0xE0, 0x8D, 0xE9, 0x4F, 0xF6, 0xF0, 0x30, 0xDB, 0x50, 0x71, 0xCD, 0x2D, 0x1F, 0x6B,
    0x69, 0x81, 0x7E, 0x8B, 0x25, 0x75, 0xE9, 0xC6, 0xCB, 0xD8, 0x01, 0xF3, 0xB7, 0x0A, 0x37, 0x59,
    0x5B, 0xBF, 0x40, 0xB5, 0xF9, 0xD7, 0xBD, 0x57, 0x4E, 0x9C, 0xF0, 0x2F, 0xE8, 0x7E, 0xB8, 0xA8,
    0xFB, 0xF5, 0x06, 0xFF, 0xBF, 0x7E, 0x82, 0x7F, 0x3F, 0x7F, 0xC8, 0xAF, 0x4D, 0xBD, 0xEE, 0xEE,
    0xB4, 0x17, 0xD4, 0x74, 0x1F, 0x11, 0xFF, 0x5C, 0x6B, 0xCA, 0x0B, 0xC0, 0x24, 0x07, 0xE6, 0x20,
    0xAB, 0xCC, 0x8E, 0xDD, 0x5C, 0xA4, 0xC2, 0x64, 0x2E, 0x4B, 0x85, 0x30, 0x67, 0xBA, 0xEF, 0xF1,
    0x72, 0x86, 0x77, 0x2B, 0x53, 0xB5, 0x3F, 0x02, 0x50, 0x1C, 0xE4, 0x53, 0xC7, 0x71, 0x2C, 0xD7,
    0x19, 0x70, 0x06, 0xC8, 0xB1, 0x2E, 0x2F, 0xB0, 0x7E, 0x83, 0x91, 0x12, 0x9E, 0x28, 0x1A, 0xE2,
    0x40, 0xFB, 0xD5, 0x5A, 0x2E, 0x5F, 0x68, 0x5E, 0xE6, 0x21, 0x9F, 0x4C, 0x36, 0x85, 0xCC, 0xD6,
    0x39, 0x0C, 0x66, 0xD8, 0xEA, 0x01, 0x0D, 0x9B, 0x4B, 0xE4, 0x98, 0x3B, 0xBC, 0x11, 0x9B, 0x51,
    0xA0, 0xC9, 0x1C, 0x76, 0x2C, 0xC6, 0x98, 0x16, 0x39, 0xC8, 0xEF, 0x34, 0x0F, 0x1D, 0xBC, 0x0C,
    0xF1, 0xB9, 0xD6, 0xFA, 0x05, 0xAC, 0x06, 0x85, 0x94, 0xFF, 0xD3, 0x26, 0xBF, 0xFF, 0xEB, 0x61,
    0x55, 0x3B, 0xBD, 0xE8, 0xE8, 0xC1, 0x68, 0xFE, 0x90, 0x7F, 0x9D, 0x90, 0x0B, 0x38, 0x30, 0x4C,
    0xB2, 0x8F, 0x03, 0x1F, 0x7E, 0x4D, 0x7A, 0x9F, 0x69, 0x39, 0xF2, 0xB5, 0x71, 0xCA, 0xE5, 0x23,
    0x6F, 0x73, 0x43, 0xAF, 0x97, 0x5C, 0x9A, 0x63, 0x56, 0xE6, 0x38, 0xCB, 0x2C, 0x17, 0x33, 0xD4,
    0x67, 0x23, 0xA6, 0xA7, 0x73, 0x6D, 0x63, 0xB2, 0xC8, 0xEF, 0xE5, 0x94, 0xEA, 0x3C, 0x38, 0x93,
    0xF4, 0x49, 0x2F, 0x49, 0x9F, 0xE6, 0x0E, 0xEE, 0xE3, 0xCE, 0x1C, 0xE5, 0xA9, 0x67, 0x35, 0xC0,
    0xAD, 0xF1, 0xFF, 0xF1, 0xAB, 0xB4, 0x7D, 0xDD, 0xC3, 0x6A, 0xBC, 0x59, 0xE7, 0xD5, 0xA3, 0x96,
    0x95, 0xC0, 0xEF, 0x54, 0xDE, 0xE5, 0x81, 0x9B, 0x68, 0x6D, 0x5D, 0xBD, 0xAE, 0x86, 0x6F, 0x80,
    0xED, 0xA7, 0xF9, 0x28, 0x30, 0x1A, 0xDA, 0x02, 0x63, 0xE2, 0x30, 0xD3, 0x5A, 0xB2, 0x3F, 0x1B,
    0xD8, 0xB4, 0xF7, 0x48, 0x92, 0xC2, 0x1C, 0x6B, 0x76, 0x89, 0x23, 0xB4, 0x9F, 0xED, 0x5B, 0xF8,
    0x1E, 0x56, 0x6A, 0x96, 0xAC, 0x6D, 0xBE, 0x73, 0x31, 0xBB, 0x48, 0xFB, 0x8F, 0x30, 0xE9, 0xD2,
    0xAD, 0x7E, 0x12, 0x0A, 0x49, 0x02, 0x46, 0x49, 0x02, 0x2C, 0x3B, 0x4D, 0x26, 0x80, 0x5D, 0xE1,
    0xE9, 0x2E, 0x02, 0xCC, 0xC1, 0x2C, 0xDC, 0xC9, 0x00, 0x8E, 0xE8, 0xFC, 0x22, 0x03, 0x3B, 0x10,
    0xCD, 0x52, 0xEB, 0x2D, 0xAB, 0xB7, 0x1B, 0xC3, 0xDB, 0x8D, 0xC4, 0x66, 0x1C, 0xDE, 0x4E, 0x6C,
    0xBD, 0x40, 0xBF, 0xA4, 0x2D, 0x30, 0xF5, 0x0D, 0xB3, 0xCE, 0x9F, 0x8C, 0x23, 0x1B, 0x03, 0x5D,
    0xF6, 0x67, 0xD0, 0xB6, 0x3F, 0x87, 0x96, 0xB1, 0x94, 0xDE, 0xA3, 0x2C, 0x9C, 0xF3, 0x0B, 0xF3,
    0x4C, 0x0F, 0xB7, 0x06, 0x93, 0xF0, 0x77, 0xDA, 0xA8, 0xD9, 0x22, 0x03, 0xC0, 0xC2, 0x98, 0x65,
    0x2A, 0x5C, 0x13, 0xBF, 0xDC, 0x24, 0xF5, 0x57, 0xF8, 0x6D, 0xA9, 0x02, 0x5F, 0x7D, 0x65, 0xB9,
    0x29, 0xDF, 0xAE, 0x2F, 0xBF, 0xC8, 0x3D, 0xDE, 0x7F, 0x64, 0x8A, 0xC7, 0xF5, 0x3D, 0xE7, 0x78,
    0xF0, 0xA6, 0x50, 0x1B, 0xE8, 0x09, 0xCC, 0xAD, 0x8A, 0xC7, 0xAB, 0x36, 0x3C, 0x99, 0x5C, 0x9F,
    0x56, 0xE7, 0xCE, 0x1A, 0x3E, 0x77, 0x36, 0xEF, 0x2A, 0x0D, 0xBA, 0x66, 0x79, 0x5D, 0x94, 0xA4,
    0x47, 0x88, 0x89, 0x1C, 0x9C, 0x6C, 0x73, 0x54, 0x5C, 0x91, 0xA0, 0x42, 0xF6, 0xEF, 0x58, 0xCE,
    0xED, 0x67, 0x7D, 0x48, 0x7F, 0x99, 0x55, 0x75, 0xF3, 0x80, 0xA7, 0xFB, 0x49, 0xD3, 0x65, 0xDB,
    0x0D, 0xA6, 0x8A, 0xC3, 0x5D, 0x0F, 0x0A, 0xB9, 0xA9, 0xE3, 0x41, 0x61, 0x22, 0x7C, 0xD2, 0x2F,
    0xD5, 0x83, 0x92, 0x9B, 0xF5, 0x2E, 0x1D, 0xC3, 0xCB, 0x9D, 0x6B, 0x7B, 0x37, 0x78, 0xCE, 0xC7,
    0xF3, 0x6E, 0x2C, 0xCC, 0x81, 0xF1, 0xB4, 0xDF, 0x3D, 0x0A, 0x43, 0x2D, 0x49, 0xB6, 0xD5, 0xB0,
    0xA9, 0x27, 0x97, 0x83, 0x8B, 0x33, 0xCD, 0x93, 0x36, 0x70, 0xAC, 0x11, 0x5B, 0xB9, 0x22, 0x58,
    0x1B, 0xFA, 0x25, 0x32, 0x22, 0xEB, 0xCB, 0x9E, 0xBD, 0xF5, 0xC7, 0xCC, 0x01, 0x99, 0x93, 0xD4,
    0x37, 0xF1, 0x34, 0xCD, 0xB0, 0xDD, 0xD7, 0xF2, 0xB4, 0x58, 0xBD, 0x3B, 0x29, 0x0F, 0x73, 0xBE,
    0xF7, 0x9E, 0xF1, 0xD6, 0xE0, 0x54, 0xE0, 0x80, 0x8C, 0x1A, 0x59, 0xDF, 0x38, 0x37, 0x7A, 0x89,
    0x31, 0x8C, 0x07, 0x71, 0x18, 0xAA, 0xFE, 0x75, 0xE6, 0x7F, 0xC0, 0x54, 0x81, 0x23, 0x16, 0x01,
    0x9C, 0x9E, 0xD6, 0x98, 0xE6, 0x67, 0x0F, 0xC1, 0x9E, 0x68, 0xB6, 0xC6, 0xA3, 0xDE, 0x52, 0xA0,
    0x84, 0x0B, 0x49, 0x43, 0x36, 0xB5, 0x84, 0x85, 0x3C, 0xF1, 0x97, 0xE8, 0x4C, 0xF3, 0x28, 0x54,
    0xBC, 0x0C, 0x6E, 0xCB, 0xD0, 0x26, 0xD3, 0x4D, 0xC0, 0x45, 0x96, 0xA0, 0x5A, 0x86, 0x6D, 0x36,
    0xB6, 0x40, 0x6C, 0xD3, 0x67, 0x0D, 0x25, 0x62, 0x2D, 0x0D, 0x5A, 0x90, 0xA8, 0x4E, 0x11, 0x42,
    0x2B, 0x37, 0xCC, 0x7F, 0x08, 0x8C, 0xD1, 0x01, 0xCF, 0x48, 0xCF, 0x50, 0xEF, 0xF8, 0xF5, 0x70,
    0x20, 0xB9, 0x54, 0xFA, 0x02, 0x2B, 0x3D, 0x6B, 0x62, 0x2E, 0xD7, 0x71, 0xB1, 0x2E, 0x7F, 0x19,
    0x18, 0xD1, 0x62, 0xB7, 0xCC, 0xE3, 0xF1, 0xA7, 0x5B, 0x33, 0x26, 0xEE, 0x5E, 0xCD, 0x4F, 0x1D,
    0x76, 0xC3, 0xF9, 0xA8, 0x5E, 0xA1, 0x70, 0x82, 0x8D, 0x1F, 0x27, 0xCD, 0x1A, 0x59, 0x92, 0x59,
    0xD6, 0xF5, 0xA6, 0xEB, 0x70, 0x0F, 0x10, 0x05, 0xA9, 0x51, 0xF1, 0x46, 0x16, 0xDE, 0x25, 0x2F,
    0x36, 0xFB, 0x34, 0x10, 0x06, 0x53, 0x83, 0xFC, 0x7A, 0x9C, 0x6C, 0xB4, 0x58, 0xE8, 0xDD, 0x3E,
    0x56, 0xE0, 0x73, 0xFC, 0xDE, 0xCD, 0xBF, 0x5B, 0x19, 0x31, 0x47, 0x09, 0xCA, 0x68, 0x06, 0xA4,
    0x43, 0x69, 0xD1, 0x6A, 0xC5, 0x52, 0xA7, 0xFB, 0xFC, 0xA1, 0x60, 0x35, 0x5F, 0xFD, 0x23, 0xEF,
    0x8F, 0xBC, 0x51, 0x9E, 0x96, 0xFF, 0xC7, 0x67, 0xBE, 0xB9, 0x73, 0x35, 0xBF, 0xE5, 0x26, 0x7F,
    0xA7, 0xF7, 0x2E, 0x3F, 0xEB, 0xAE, 0x15, 0x9F, 0x2E, 0x63, 0x1B, 0x68, 0x7F, 0x41, 0x26, 0x96,
    0xA9, 0x8A, 0xBB, 0xC2, 0xCA, 0xD7, 0xBC, 0xCF, 0xA8, 0xD8, 0xE7, 0x8A, 0xC7, 0xBA, 0xC7, 0x21,
    0x2B, 0xBD, 0xD6, 0xF8, 0x40, 0x5E, 0xF3, 0x58, 0xC9, 0xC2, 0xCD, 0x47, 0xE4, 0x49, 0x75, 0x33,
    0x63, 0xCB, 0x54, 0x60, 0x5E, 0x52, 0x5E, 0x82, 0x4E, 0xE0, 0xA6, 0x33, 0x1F, 0xFB, 0x71, 0x41,
    0xC2, 0x0E, 0xE1, 0xBD, 0x5E, 0x97, 0x9B, 0xC2, 0xC2, 0x1C, 0xDB, 0xD0, 0x9F, 0x4B, 0x5B, 0xEA,
    0x08, 0x21, 0x88, 0x47, 0xBF, 0x0A, 0x86, 0x5D, 0x81, 0x7B, 0xBD, 0x0E, 0x0F, 0x0F, 0x5B, 0x7B,
    0x43, 0xFC, 0x86, 0x1B, 0xB2, 0x78, 0x1E, 0x11, 0x9C, 0x1B, 0x67, 0x67, 0x14, 0x22, 0xF0, 0xC1,
    0x3B, 0xCA, 0xE5, 0x9D, 0x53, 0x11, 0x08, 0x84, 0x9F, 0xED, 0xE3, 0x7B, 0x2D, 0x7E, 0xCC, 0xCA,
    0x73, 0xAD, 0xD7, 0x29, 0xDA, 0xCF, 0xC4, 0xEF, 0x70, 0x44, 0x69, 0x86, 0x90, 0xCB, 0x5A, 0x0B,
    0x91, 0xF8, 0xC1, 0xC8, 0xDF, 0x35, 0x3B, 0xFB, 0x78, 0xEC, 0x3C, 0xD0, 0x5C, 0x51, 0x7B, 0x71,
    0xEB, 0x09, 0x30, 0x95, 0x53, 0x5E, 0xB7, 0xD3, 0x4D, 0x61, 0x34, 0x75, 0xFB, 0x19, 0x84, 0x68,
    0x6C, 0x71, 0xBD, 0xC4, 0x55, 0xEE, 0x54, 0x66, 0x85, 0x8A, 0x82, 0xC8, 0xF5, 0x6C, 0x48, 0x7D,
    0x4B, 0x21, 0x95, 0x02, 0x38, 0x16, 0xC2, 0x4E, 0x9C, 0x70, 0xD9, 0x4F, 0xBC, 0x46, 0x52, 0x87,
    0x28, 0x0E, 0xA3, 0x2D, 0x9B, 0xC8, 0x0A, 0x62, 0x9B, 0xC5, 0x14, 0xA4, 0x62, 0xF5, 0x2A, 0xBB,
    0x90, 0x81, 0xAF, 0x24, 0xD3, 0x1E, 0xE0, 0x6B, 0x82, 0xE1, 0x8E, 0x94, 0xBB, 0xF1, 0xD0, 0xEC,
    0x34, 0x2B, 0x71, 0xF5, 0x38, 0xE8, 0xCA, 0x3F, 0x2D, 0x74, 0x64, 0x1E, 0xD0, 0x3D, 0xCB, 0x95,
    0xB9, 0x44, 0x83, 0x70, 0x45, 0x1F, 0x8B, 0x63, 0x14, 0xBA, 0xDF, 0x0D, 0x6E, 0x7C, 0xFC, 0xC2,
    0x63, 0xE2, 0xEB, 0x6E, 0x07, 0x60, 0x05, 0x0C, 0x00, 0x0C, 0x03, 0x14, 0xDB, 0x2E, 0x97, 0x7A,
    0xDB, 0x03, 0x8B, 0xBE, 0x20, 0xFE, 0x62, 0x62, 0x9C, 0xA6, 0xBC, 0xD8, 0x99, 0x2F, 0x6E, 0x28,
    0xE6, 0x3C, 0xEB, 0xF8, 0xAD, 0x96, 0xC9, 0xDC, 0x15, 0xBF, 0xD9, 0x43, 0xB3, 0x8F, 0x72, 0x83,
    0x0B, 0x6D, 0x99, 0x6D, 0x63, 0xBE, 0x56, 0xCD, 0x5E, 0x66, 0x51, 0xDD, 0x45, 0x81, 0x7F, 0x2F,
    0xB8, 0x85, 0x9F, 0xA8, 0x61, 0xAE, 0xEB, 0x5D, 0xCA, 0xA4, 0xF2, 0xF8, 0xA7, 0xCA, 0x7B, 0xC7,
    0x4B, 0x82, 0x3E, 0xDC, 0x8A, 0x01, 0x27, 0x1E, 0xF7, 0x64, 0x84, 0x87, 0xA7, 0xC1, 0x08, 0xCF,
    0xE6, 0xDE, 0x28, 0xF7, 0xAC, 0x5F, 0x3A, 0xCB, 0x3D, 0xE8, 0x1D, 0xEB, 0xD2, 0x16, 0x3B, 0x60,
    0xDD, 0xEC, 0xE3, 0x17, 0xA6, 0xB3, 0x91, 0xB0, 0x52, 0xE9, 0xB1, 0x50, 0xEF, 0x53, 0x08, 0x76,
    0x9D, 0x81, 0xDF, 0xEE, 0x00, 0x18, 0x26, 0xC2, 0x92, 0x0D, 0x06, 0xCC, 0xF6, 0x7C, 0xA6, 0x32,
    0xA3, 0xE5, 0xCF, 0xD5, 0xC0, 0x4E, 0xE9, 0xB1, 0xB8, 0x62, 0x84, 0x09, 0x80, 0x66, 0xFC, 0xBB,
    0xF1, 0xF1, 0xD9, 0xAF, 0xF1, 0x3B, 0x37, 0x79, 0xFA, 0x10, 0xFB, 0x4C, 0xCA, 0x7F, 0xCC, 0xBA,
    0x98, 0xC8, 0x13, 0xFC, 0x42, 0x19, 0x1E, 0xE5, 0xB4, 0x0E, 0x4F, 0x14, 0x6B, 0x88, 0x25, 0xFA,
    0x54, 0x63, 0x82, 0x4A, 0x5D, 0xF6, 0xBA, 0xE6, 0xF6, 0xB0, 0x4C, 0xF7, 0xD9, 0x5C, 0xD2, 0x7D,
    0x6B, 0x03, 0x03, 0x9D, 0xD6, 0x3D, 0x7E, 0x61, 0x56, 0x26, 0x90, 0x49, 0xD6, 0x33, 0x05, 0xA0,
    0x21, 0x13, 0x08, 0x62, 0x91, 0x8A, 0x65, 0x66, 0x00, 0x24, 0xA6, 0x35, 0xC7, 0xAD, 0x31, 0x22,
    0x27, 0x21, 0xF7, 0x87, 0x59, 0xAD, 0x65, 0x09, 0x7C, 0x1D, 0xAD, 0x9B, 0x69, 0x4D, 0x44, 0x1B,
    0x58, 0xF4, 0x7B, 0xD0, 0xA3, 0x17, 0x99, 0x96, 0x7E, 0xC4, 0x73, 0xFD, 0xEF, 0x3A, 0x2E, 0x42,
    0x51, 0x0E, 0x4F, 0x33, 0xB9, 0xAF, 0x8B, 0x9A, 0xEE, 0x54, 0x74, 0x91, 0x11, 0x6B, 0xAC, 0xC3,
    0x3B, 0xAB, 0xCB, 0x1D, 0x74, 0xCA, 0xCF, 0x0F, 0x5F, 0x36, 0xAD, 0x86, 0x8A, 0x92, 0x44, 0xAA,
    0x80, 0x81, 0xE1, 0xFD, 0x6D, 0x18, 0xD8, 0x4B, 0xF4, 0x4E, 0xF0, 0xE6, 0xD2, 0x17, 0x83, 0xD6,
    0x5D, 0xB1, 0x4B, 0xF6, 0xE3, 0x3E, 0x0B, 0x86, 0xC8, 0xCB, 0x47, 0x97, 0xC0, 0xA0, 0x0B, 0xED,
    0xAA, 0x8A, 0x6D, 0x13, 0xA4, 0x43, 0x0F, 0x1D, 0xAD, 0xD4, 0x6B, 0x45, 0xC6, 0xA5, 0x0B, 0x79,
    0x48, 0x96, 0x7D, 0xE5, 0x7B, 0x81, 0xB8, 0x19, 0xA5, 0x76, 0x67, 0xA1, 0x65, 0x1D, 0x45, 0xC1,
    0x60, 0x17, 0x73, 0x17, 0xCB, 0x77, 0xB4, 0xE5, 0x49, 0x15, 0xF3, 0x74, 0x0A, 0x93, 0xB5, 0x10,
    0x47, 0x7D, 0x63, 0x97, 0xB6, 0x06, 0x97, 0x36, 0x1B, 0xCF, 0x6C, 0x76, 0xB8, 0xC6, 0x7B, 0xC9,
    0x3E, 0xF8, 0xDB, 0x82, 0xEE, 0x60, 0x41, 0x36, 0x58, 0x67, 0x06, 0xDC, 0xA1, 0x88, 0x8A, 0x26,
    0xA0, 0xCB, 0xD5, 0xA9, 0x5B, 0x41, 0x95, 0x37, 0xDA, 0xD7, 0x62, 0x2D, 0x59, 0x60, 0x08, 0xD8,
    0x9E, 0xD1, 0x99, 0xDB, 0x35, 0xED, 0x98, 0x45, 0x47, 0xE1, 0xF8, 0xE6, 0xEC, 0xEC, 0x8C, 0x06,
    0x04, 0x37, 0x7C, 0x9E, 0x59, 0x0B, 0xD3, 0x9B, 0xC7, 0x54, 0x4E, 0x76, 0xCD, 0x54, 0xE7, 0x91,
    0xB9, 0x96, 0x47, 0x58, 0xEC, 0xE5, 0x52, 0x2B, 0x18, 0xDC, 0x76, 0x5B, 0xCF, 0xF0, 0x6D, 0x6C,
    0x77, 0x17, 0xC9, 0x1C, 0x02, 0x2F, 0x56, 0xD9, 0x01, 0x88, 0xE8, 0x85, 0xC6, 0x85, 0x43, 0xB3,
    0x33, 0xA6, 0x67, 0xC1, 0xDE, 0xB6, 0xE3, 0xEA, 0xAB, 0x2A, 0xC2, 0xB1, 0xBC, 0x7A, 0x11, 0x42,
    0xD2, 0xA1, 0x7C, 0xDB, 0x4D, 0xDD, 0xC5, 0x75, 0x17, 0x98, 0xE9, 0x1E, 0xB9, 0x76, 0xF8, 0xAE,
    0xF3, 0x9B, 0xE5, 0xFB, 0xE6, 0x15, 0x0B, 0x70, 0x5A, 0xB3, 0x07, 0xF0, 0x0D, 0x09, 0x8B, 0x06,
    0xF2, 0xE6, 0x37, 0xCE, 0xCE, 0x4A, 0xCA, 0xCA, 0x62, 0xB7, 0x93, 0xF4, 0x57, 0x04, 0xF2, 0x18,
    0x57, 0x70, 0xB4, 0xED, 0xB7, 0x1D, 0x43, 0x8F, 0x6A, 0x2B, 0x01, 0x62, 0x6F, 0xF5, 0x5D, 0xC7,
    0x66, 0x2F, 0xCF, 0x2C, 0xBB, 0x50, 0x6F, 0x83, 0xE5, 0xDE, 0x7B, 0xC1, 0x14, 0x30, 0x3E, 0xB0,
    0x14, 0x09, 0xB8, 0xAA, 0xC0, 0x6F, 0x8D, 0x5E, 0x81, 0x8A, 0xF4, 0xCA, 0xEF, 0x31, 0x78, 0xF9,
    0x33, 0x0C, 0x42, 0x62, 0xDE, 0x74, 0x79, 0x26, 0x12, 0xE6, 0x84, 0xD3, 0x16, 0x08, 0x48, 0x79,
    0xA0, 0x05, 0xF4, 0x77, 0x24, 0x66, 0x1B, 0x07, 0xC5, 0xDC, 0x35, 0xDB, 0xA1, 0xAA, 0xA0, 0x25,
    0x31, 0xA8, 0xD4, 0xD6, 0xBE, 0xE2, 0x4C, 0x10, 0xCD, 0x9D, 0x82, 0x94, 0xE6, 0x7B, 0xF9, 0x61,
    0xAF, 0x83, 0xC0, 0x82, 0x53, 0xA2, 0xB0, 0x2C, 0xC6, 0x41, 0xC8, 0xBE, 0xE6, 0x4A, 0x8F, 0xAB,
    0xBC, 0x35, 0x9B, 0x32, 0x47, 0xA8, 0x50, 0xE7, 0xA9, 0xCC, 0xB1, 0xD6, 0x11, 0x24, 0xFB, 0x45,
    0xBF, 0x00, 0xCA, 0xB8, 0x68, 0x2C, 0x60, 0x4A, 0x30, 0x10, 0x28, 0x57, 0x3E, 0xA4, 0x96, 0xF7,
    0x45, 0xAA, 0xCF, 0xB7, 0xAA, 0x47, 0xD4, 0x4B, 0x02, 0x96, 0x42, 0x77, 0xAB, 0x18, 0x5F, 0xC1,
    0xCD, 0x1B, 0x2D, 0x71, 0xA1, 0x77, 0x02, 0x1F, 0x6E, 0xCB, 0x4C, 0x13, 0xA4, 0xC1, 0xB3, 0xC6,
    0xEB, 0xE8, 0xF8, 0xED, 0x01, 0xA2, 0x79, 0x75, 0xE8, 0xE3, 0x93, 0xC8, 0x92, 0xC9, 0x82, 0x4C,
    0x2C, 0xB7, 0xBF, 0xDB, 0x77, 0xB7, 0x1A, 0x9A, 0xB1, 0x35, 0xD4, 0xC7, 0x22, 0x1D, 0x21, 0xC9,
    0xC5, 0x65, 0x22, 0xA9, 0x43, 0xC8, 0x9D, 0x36, 0xF6, 0x53, 0xCC, 0x82, 0xCD, 0x93, 0x21, 0xDE,
    0x7D, 0x01, 0x2D, 0x8E, 0xC0, 0x20, 0xB2, 0xD1, 0x37, 0xD3, 0x5F, 0x1B, 0x73, 0xFC, 0xAB, 0x21,
    0x4F, 0x1F, 0x9B, 0xE9, 0xEB, 0x23, 0x5F, 0x9B, 0x8A, 0xFE, 0xD8, 0x9B, 0x6F, 0xBA, 0x36, 0x3D,
    0x9D, 0x03, 0x19, 0xE4, 0x30, 0xE8, 0x39, 0x34, 0x99, 0x83, 0x11, 0xB8, 0xE2, 0xB1, 0x8D, 0xC8,
    0x34, 0x91, 0x20, 0xA6, 0x36, 0x7B, 0xB0, 0x9D, 0x0F, 0xA0, 0x23, 0xF7, 0xC4, 0xF8, 0x43, 0xD0,
    0xD3, 0xB7, 0x01, 0x24, 0xB4, 0x35, 0x4D, 0x76, 0xEF, 0x7C, 0x9D, 0xB2, 0xD1, 0x85, 0xE0, 0x9D,
    0xD1, 0xA3, 0x86, 0x5F, 0xFA, 0xB2, 0x62, 0xD4, 0x70, 0xFF, 0xA3, 0x0D, 0x1B, 0x48, 0x68, 0x2F,
    0xE7, 0xC7, 0xB6, 0xCB, 0xD8, 0x66, 0xC6, 0xD1, 0x58, 0xF0, 0x8A, 0x0C, 0x0F, 0xE3, 0x30, 0x4B,
    0x77, 0x68, 0xF1, 0x45, 0xA6, 0xC8, 0x09, 0x9E, 0xAA, 0x39, 0x78, 0xDE, 0xD5, 0xA0, 0x63, 0x3C,
    0x6C, 0x25, 0xFF, 0x31, 0x6B, 0x3C, 0xB8, 0x92, 0x81, 0xB4, 0x44, 0xB1, 0x1B, 0x5F, 0x29, 0x25,
    0x31, 0xB9, 0xF5, 0x63, 0xD6, 0x8F, 0xC0, 0xDC, 0x29, 0x62, 0x7A, 0x06, 0x80, 0x5E, 0xFC, 0xF0,
    0x1C, 0x28, 0xBD, 0xCE, 0x1C, 0xBF, 0x4B, 0x29, 0x6F, 0x73, 0xD7, 0x91, 0x65, 0xE8, 0x86, 0xBA,
    0x45, 0x3F, 0xA6, 0x70, 0xB9, 0xCB, 0xB0, 0x6B, 0x72, 0xF0, 0xF2, 0xD9, 0xF2, 0x76, 0xF0, 0x48,
    0x9E, 0x28, 0xA8, 0x80, 0xE6, 0x69, 0x6E, 0x2B, 0x6F, 0x04, 0xD0, 0x6E, 0x17, 0xE6, 0x5A, 0x8E,
    0x4A, 0x61, 0xC0, 0xC8, 0xBB, 0xA1, 0x7D, 0x3C, 0x22, 0x7A, 0xA3, 0x47, 0xF1, 0x4B, 0x7D, 0xA9,
    0x2D, 0x23, 0x14, 0x3B, 0x76, 0xDB, 0xEC, 0xD8, 0x13, 0x76, 0xBC, 0x1D, 0x2C, 0x9F, 0xA5, 0xE0,
    0x04, 0xC6, 0xB8, 0x4E, 0x88, 0x38, 0xF0, 0xD4, 0x64, 0x57, 0x71, 0xC1, 0xA4, 0x15, 0xD4, 0x79,
    0x3E, 0x9A, 0xF2, 0xAA, 0x42, 0xC8, 0x92, 0x3A, 0xB5, 0x88, 0xEA, 0x37, 0x74, 0xB1, 0x63, 0x33,
    0x5C, 0x11, 0xAD, 0xD7, 0x9E, 0xA1, 0xBE, 0x43, 0x11, 0x6B, 0xC0, 0x97, 0x8F, 0x2C, 0x97, 0x69,
    0x0E, 0xB4, 0xD4, 0x63, 0xB3, 0x33, 0x25, 0xA5, 0x7E, 0x74, 0xE2, 0x52, 0xB5, 0x65, 0xA8, 0x2F,
    0xAC, 0x32, 0xDB, 0x42, 0xF8, 0x78, 0xE8, 0x91, 0x03, 0x97, 0x3A, 0xB4, 0xC8, 0xD8, 0x72, 0xD9,
    0x9D, 0xD6, 0xDC, 0x1A, 0xB0, 0xBB, 0x66, 0x21, 0x28, 0x60, 0xA8, 0x0A, 0xC0, 0x95, 0x82, 0x5D,
    0xCC, 0x41, 0xA6, 0xBB, 0x02, 0x93, 0x2B, 0x62, 0x88, 0xF9, 0x56, 0xA5, 0x5A, 0xE7, 0x9D, 0x57,
    0xB3, 0x0A, 0x94, 0xA4, 0x6A, 0xD1, 0xA2, 0x5A, 0xCE, 0x74, 0xEB, 0x49, 0xC3, 0x0D, 0x6D, 0xA5,
    0x0D, 0x7A, 0x6A, 0xD6, 0x46, 0xD4, 0x9C, 0xA1, 0x9B, 0xCC, 0x3B, 0x84, 0xAF, 0xB8, 0x71, 0xDE,
    0xC3, 0x4E, 0xE4, 0x54, 0xD5, 0x4C, 0xD7, 0x72, 0x1D, 0x83, 0x0D, 0xCF, 0x22, 0x5B, 0x9C, 0x94,
    0xD1, 0x82, 0x0C, 0x9E, 0x2B, 0x82, 0x6F, 0x4C, 0x2C, 0xEB, 0xD8, 0xF2, 0x77, 0x90, 0x71, 0x13,
    0xAF, 0xE3, 0x42, 0xF7, 0xE8, 0x81, 0x74, 0xD3, 0x20, 0xDD, 0x55, 0x43, 0x5C, 0xB9, 0x4E, 0x5C,
    0xB3, 0x86, 0x9A, 0x61, 0xB8, 0x85, 0x88, 0x1B, 0xD5, 0x2D, 0xD7, 0xA2, 0x31, 0x1B, 0x6C, 0xAD,
    0xC3, 0x1A, 0x8E, 0x2C, 0x93, 0x33, 0xD9, 0x16, 0xDF, 0x81, 0x69, 0xAD, 0xDA, 0x80, 0x3A, 0xA0,
    0xCD, 0xCE, 0x3E, 0x86, 0x1C, 0x81, 0xE6, 0x55, 0xD3, 0x65, 0x64, 0x56, 0x64, 0x7E, 0xBA, 0xE7,
    0x6C, 0xF9, 0xFC, 0x2C, 0xD7, 0x64, 0x97, 0x67, 0x12, 0xC1, 0x4F, 0xD5, 0x27, 0x01, 0xDE, 0xB4,
    0x11, 0x45, 0x6F, 0xFE, 0x7F, 0xDC, 0xDA, 0x8C, 0xFB, 0x4B, 0xDA, 0xA8, 0x5E, 0x59, 0xFD, 0x0A,
    0xF5, 0x62, 0x7F, 0x3B, 0x6D, 0x27, 0xEE, 0x67, 0x51, 0x5E, 0x4A, 0xFD, 0xE3, 0x63, 0x56, 0xF2,
    0x46, 0x23, 0xD7, 0xC9, 0x2E, 0x38, 0xF4, 0x8C, 0x43, 0xD7, 0x15, 0x5B, 0xF7, 0xA8, 0x7F, 0x43,
    0xA8, 0x78, 0x88, 0xF1, 0x23, 0xCD, 0xBF, 0xCF, 0xB3, 0xF0, 0x38, 0xCE, 0xE7, 0x9E, 0x34, 0x86,
    0x11, 0x99, 0xBF, 0xC4, 0xD7, 0xA7, 0x98, 0x55, 0xEB, 0xF0, 0xA7, 0x6C, 0x50, 0x59, 0x7F, 0x57,
    0xF9, 0xC5, 0xF6, 0x48, 0xFD, 0x0A, 0x30, 0x0B, 0xDD, 0x1B, 0xC2, 0xCA, 0xEF, 0x42, 0xB8, 0x15,
    0x58, 0xD7, 0xE9, 0xCB, 0xC6, 0x36, 0x03, 0xEF, 0xB8, 0x59, 0x59, 0xA0, 0x83, 0x3D, 0x35, 0xE9,
    0x7F, 0xE9, 0x0F, 0x63, 0x18, 0x08, 0x60, 0xC9, 0xF1, 0xA8, 0xAD, 0x38, 0xFB, 0x5C, 0xFC, 0x62,
    0xA1, 0x1E, 0x30, 0xEB, 0x59, 0xE0, 0x76, 0xF3, 0x1F, 0x8C, 0x43, 0xDB, 0x4B, 0x8A, 0xAB, 0x5B,
    0xCC, 0xD4, 0x4B, 0xB4, 0xC8, 0xA2, 0x72, 0x43, 0x29, 0x68, 0x69, 0x81, 0xD5, 0x6E, 0xB0, 0x6A,
    0xF6, 0x9B, 0x8F, 0x89, 0x59, 0x41, 0xDD, 0xC1, 0x74, 0x11, 0xAB, 0x6D, 0xA4, 0xB5, 0x58, 0xB7,
    0xD6, 0x9A, 0xD5, 0x92, 0x5B, 0x0A, 0xAB, 0x66, 0xF8, 0x0E, 0x7E, 0x6C, 0x66, 0x45, 0x2D, 0x2D,
    0xAC, 0xF8, 0x58, 0xE7, 0xAD, 0x24, 0x0B, 0xB4, 0xCB, 0xBE, 0xB2, 0x97, 0x9B, 0xA1, 0xD0, 0xBC,
    0xA6, 0x94, 0x10, 0xCF, 0x07, 0x9D, 0x3C, 0x3A, 0x7E, 0x47, 0x3C, 0x30, 0x8C, 0xA7, 0x45, 0x82,
    0x14, 0x41, 0x4E, 0xC8, 0x8D, 0xE0, 0x16, 0x86, 0x49, 0x98, 0x21, 0x0F, 0xB7, 0x05, 0xDA, 0x62,
    0x6E, 0xE6, 0x83, 0xAF, 0xB9, 0x7C, 0x92, 0x8D, 0x73, 0x3B, 0xA9, 0x0E, 0x4F, 0xD4, 0x4C, 0xBB,
    0xB6, 0x99, 0x76, 0x02, 0xC2, 0x10, 0x0D, 0x1B, 0x27, 0x5C, 0x26, 0xAA, 0x00, 0x95, 0x0A, 0x27,
    0x9A, 0x43, 0xA5, 0x12, 0x6C, 0x94, 0x28, 0xDB, 0x00, 0xE6, 0x50, 0x02, 0x68, 0x2A, 0xC8, 0xCE,
    0x64, 0xC7, 0x27, 0x1B, 0x41, 0xC7, 0xF0, 0x9D, 0x85, 0xD5, 0x98, 0xAB, 0x8A, 0x73, 0xBE, 0x0F,
    0xBA, 0xD2, 0xF5, 0xAB, 0x69, 0xAD, 0xF1, 0x9D, 0x34, 0xE5, 0xF4, 0xE7, 0x91, 0xAE, 0x17, 0xA2,
    0x52, 0x51, 0x8B, 0x26, 0xE2, 0x4A, 0xA1, 0x4F, 0x2F, 0xAB, 0xD4, 0x54, 0x95, 0x0E, 0xB4, 0x2B,
    0x9D, 0x58, 0x26, 0x09, 0x96, 0xAB, 0x7F, 0x26, 0xDB, 0x5F, 0xF3, 0x9E, 0x73, 0x6F, 0x83, 0x4A,
    0x4D, 0x98, 0xBC, 0x57, 0x57, 0x11, 0x25, 0x7B, 0xEE, 0xC2, 0x7C, 0x9D, 0xC5, 0x46, 0xBB, 0xDF,
    0x69, 0xA6, 0x01, 0xFD, 0x11, 0x5C, 0x7E, 0x01, 0x60, 0x06, 0x00, 0x91, 0x82, 0xF5, 0x3E, 0x39,
    0x7D, 0x4D, 0x97, 0x46, 0xE0, 0x9D, 0x29, 0x9D, 0x6B, 0x49, 0x27, 0xE7, 0x5A, 0x60, 0x84, 0xDA,
    0x99, 0x73, 0xB3, 0x8F, 0x8D, 0xA9, 0x12, 0x1E, 0xE0, 0x33, 0x2E, 0x5F, 0x3D, 0x01, 0x20, 0x47,
    0xFB, 0x08, 0xB6, 0x22, 0x39, 0x1A, 0xCB, 0x94, 0xCD, 0x08, 0x9A, 0x8A, 0x83, 0xF1, 0xEF, 0xAB,
    0x99, 0xBA, 0x6B, 0x66, 0xAA, 0x80, 0x0E, 0xB8, 0x18, 0x7B, 0x77, 0xDB, 0x98, 0x7D, 0x55, 0x19,
    0x8D, 0x09, 0x60, 0x49, 0xD4, 0xB7, 0x24, 0x8E, 0xDB, 0x8E, 0x37, 0x83, 0xFF, 0xFE, 0x91, 0xD7,
    0x52, 0x8B, 0xD3, 0x15, 0xD6, 0x6A, 0xBF, 0x0E, 0x5D, 0x7B, 0xA9, 0xAD, 0x7A, 0x74, 0xEC, 0x85,
    0xB9, 0xAB, 0xE8, 0x44, 0x5E, 0x37, 0xC5, 0xB6, 0x19, 0xB5, 0x28, 0xB0, 0x14, 0xF3, 0x34, 0x29,
    0x5D, 0x5D, 0x40, 0xCD, 0x85, 0x29, 0x65, 0xF0, 0xAE, 0xAC, 0xB9, 0xFA, 0xAB, 0xD5, 0xEC, 0xAD,
    0xA8, 0xB9, 0x9D, 0xAA, 0xDC, 0x89, 0x40, 0x66, 0xC1, 0x7A, 0x4D, 0x44, 0xA4, 0x99, 0xC9, 0x8F,
    0xA2, 0xE7, 0x93, 0x20, 0xCA, 0xFE, 0x98, 0x19, 0x2B, 0x8B, 0xA8, 0xD1, 0xCE, 0xA8, 0x58, 0x6E,
    0xDD, 0x3D, 0x11, 0x70, 0xB3, 0x85, 0x1A, 0x2B, 0xB3, 0x8C, 0xA8, 0x13, 0x47, 0x7A, 0x58, 0x50,
    0x74, 0x45, 0x34, 0x43, 0xD4, 0xB7, 0x70, 0xB5, 0x88, 0x66, 0xC7, 0x40, 0x6D, 0xFF, 0x65, 0xE3,
    0x31, 0xB5, 0xBC, 0xCA, 0x4E, 0xAE, 0x8F, 0x8F, 0x26, 0x8E, 0x64, 0xBD, 0x6B, 0xD6, 0xB7, 0xE9,
    0xDA, 0xF5, 0x6D, 0xB8, 0x02, 0x11, 0xF2, 0x90, 0x0D, 0xEB, 0x58, 0x36, 0x4C, 0x77, 0x5D, 0x18,
    0x73, 0xAE, 0x83, 0x8B, 0x06, 0x12, 0xD9, 0x61, 0xFB, 0xDC, 0x13, 0x39, 0xEB, 0x80, 0xBE, 0x99,
    0xBC, 0xD6, 0x88, 0x43, 0x42, 0xB0, 0x24, 0x8B, 0xCE, 0xF7, 0x4D, 0x2F, 0x33, 0xDC, 0xA8, 0xC6,
    0x26, 0x3F, 0xD5, 0x4C, 0x08, 0x02, 0x9D, 0x35, 0x0F, 0x66, 0xD7, 0xC2, 0x36, 0x57, 0x78, 0x44,
    0xB4, 0xA0, 0x86, 0x88, 0x52, 0x0D, 0x49, 0x54, 0x35, 0xCB, 0x1D, 0x40, 0x9A, 0x73, 0x91, 0xC5,
    0x45, 0x58, 0x89, 0x4D, 0x0F, 0x38, 0xD7, 0xEA, 0x2D, 0x63, 0x40, 0x75, 0x66, 0x6C, 0x35, 0x6A,
    0x16, 0x60, 0xAA, 0x5B, 0x50, 0xFD, 0xF4, 0x3F, 0x44, 0xF5, 0x62, 0x5C, 0x46, 0x3E, 0x53, 0xC1,
    0x21, 0x7F, 0x99, 0xB9, 0x1A, 0x8B, 0x78, 0xC1, 0x03, 0x5A, 0x80, 0x88, 0x1F, 0x85, 0x88, 0xB7,
    0xC2, 0x76, 0x4E, 0xD3, 0x11, 0x6A, 0xD9, 0xE4, 0x82, 0x15, 0xAC, 0xAD, 0x1A, 0xE7, 0xE0, 0x2C,
    0x66, 0x12, 0xEC, 0x9D, 0x0F, 0x5B, 0xE1, 0x70, 0x98, 0x33, 0x59, 0x29, 0x62, 0x80, 0x7C, 0xAF,
    0x98, 0x6A, 0xA0, 0x7A, 0x4F, 0x3D, 0x1A, 0x07, 0x02, 0x25, 0x63, 0x65, 0x7D, 0x57, 0xDA, 0xAE,
    0x76, 0x15, 0xC1, 0xB6, 0xC2, 0x09, 0x38, 0x80, 0x2A, 0x72, 0xC0, 0xFA, 0x22, 0x88, 0x60, 0x02,
    0xEA, 0x49, 0x2D, 0x8E, 0x1C, 0x78, 0xDA, 0xF9, 0x43, 0x91, 0xCF, 0x74, 0xF2, 0x9F, 0xC2, 0x5B,
    0xBE, 0x10, 0xCB, 0xCB, 0x9D, 0x2D, 0x17, 0x7E, 0x4C, 0x27, 0x9A, 0xCB, 0x8D, 0x18, 0x75, 0x48,
    0x8A, 0x67, 0x40, 0x00, 0xD9, 0xCF, 0x93, 0x4A, 0x24, 0xE2, 0x73, 0x8A, 0xF3, 0x9B, 0x8C, 0x17,
    0x60, 0x3B, 0x6D, 0x59, 0x00, 0xA7, 0xD9, 0xCF, 0x8A, 0x28, 0x57, 0x0F, 0x45, 0x54, 0xBC, 0x04,
    0x5D, 0x7F, 0x36, 0x48, 0x7D, 0xD5, 0x21, 0xB6, 0x85, 0x3B, 0xE1, 0xC6, 0x0E, 0x98, 0x17, 0x57,
    0xE7, 0xA1, 0xD9, 0x59, 0xEF, 0x6A, 0x57, 0x95, 0x45, 0x64, 0x5E, 0x9E, 0xC7, 0xE8, 0x44, 0x42,
    0x95, 0xF1, 0x92, 0x86, 0x7E, 0xAA, 0x7F, 0x7C, 0x51, 0x8B, 0x2E, 0xCF, 0xF1, 0xC8, 0x85, 0x1F,
    0x73, 0xE0, 0x1D, 0xE1, 0xDE, 0xE5, 0x86, 0x95, 0xCC, 0x4A, 0xB6, 0x82, 0x68, 0xAD, 0xD0, 0xA2,
    0xA7, 0xC6, 0xB4, 0xCB, 0xC7, 0x53, 0xA4, 0xDE, 0x80, 0x8A, 0xEB, 0x98, 0xD3, 0xB1, 0x99, 0xC4,
    0xA3, 0xC1, 0x08, 0xBD, 0xF7, 0x83, 0x18, 0x21, 0x0B, 0x03, 0x66, 0xBA, 0x8C, 0xC4, 0xC8, 0xB3,
    0xEF, 0x76, 0x1A, 0xAD, 0xC8, 0xB6, 0x9B, 0x6B, 0xCB, 0x6A, 0x11, 0xD5, 0x5D, 0x4B, 0x35, 0x6C,
    0xEA, 0xE4, 0x17, 0x66, 0x84, 0x17, 0x81, 0x89, 0xCE, 0xC2, 0x1F, 0x20, 0x9C, 0x00, 0x1C, 0x55,
    0x8F, 0x8D, 0xFB, 0xE2, 0x72, 0x3E, 0x35, 0xB1, 0x5C, 0x13, 0xAB, 0x75, 0x35, 0x09, 0xCE, 0xD6,
    0xD8, 0x05, 0x96, 0xFC, 0xF6, 0x72, 0x19, 0x67, 0xCB, 0x16, 0x89, 0xA4, 0xCA, 0x3B, 0x94, 0x37,
    0x67, 0xD9, 0xC2, 0x11, 0x0B, 0x03, 0x4C, 0xBB, 0x10, 0xA8, 0x60, 0xD4, 0xE2, 0x87, 0x67, 0xE6,
    0x95, 0x75, 0xBB, 0x2C, 0xA1, 0x98, 0x19, 0x67, 0xA3, 0x74, 0x95, 0x72, 0xFC, 0xD0, 0x28, 0xB7,
    0x89, 0x6B, 0x3B, 0xF9, 0x9D, 0x1F, 0x55, 0x6F, 0xBF, 0xE2, 0xEF, 0x46, 0x68, 0xB3, 0xA5, 0x58,
    0x5D, 0xB9, 0x9A, 0xDB, 0x25, 0x6C, 0xBB, 0x5D, 0x48, 0x96, 0x9E, 0xC4, 0xF9, 0x79, 0x43, 0xD2,
    0x8A, 0xCD, 0x3F, 0xEB, 0x1A, 0x3F, 0xBB, 0xFD, 0x6B, 0x87, 0xCB, 0x5A, 0xBA, 0x0A, 0x18, 0x60,
    0x33, 0x26, 0x96, 0xAA, 0x7D, 0x25, 0xA8, 0xB4, 0x41, 0x6D, 0x39, 0xA8, 0x0B, 0xDB, 0xB2, 0xA9,
    0xC1, 0x0C, 0x8C, 0x49, 0xD8, 0xB3, 0xB3, 0x6C, 0x23, 0xDB, 0xB0, 0xAF, 0xED, 0x50, 0xD6, 0x03,
    0xB5, 0x5D, 0x14, 0xBF, 0xCC, 0x09, 0x54, 0xE0, 0xDF, 0x11, 0x87, 0xF9, 0xBD, 0xC3, 0x6F, 0xC2,
    0x5A, 0x2F, 0x39, 0x4C, 0xFE, 0x9B, 0x79, 0x04, 0xA6, 0x98, 0xD0, 0xB1, 0x52, 0x04, 0xF3, 0x8D,
    0x79, 0x87, 0xBA, 0xF4, 0xAB, 0xFC, 0x2E, 0x33, 0x46, 0xB4, 0xEE, 0xEF, 0x52, 0x30, 0xEB, 0xA3,
    0xB3, 0xB3, 0x75, 0xB5, 0x32, 0x09, 0xCE, 0x71, 0x2D, 0x70, 0x04, 0x27, 0xCD, 0x8E, 0x49, 0x04,
    0x97, 0x1C, 0x1C, 0xF2, 0xC7, 0x94, 0xE6, 0xDF, 0x99, 0x8C, 0x96, 0x33, 0x3C, 0xB9, 0xD2, 0x23,
    0xBE, 0x41, 0x96, 0x45, 0x74, 0xB9, 0xC4, 0xDA, 0x41, 0x22, 0x21, 0xEF, 0x2B, 0xDD, 0xE2, 0xCB,
    0x74, 0x6A, 0x06, 0xE2, 0x56, 0x5E, 0x75, 0x6C, 0xF6, 0xF2, 0x34, 0x23, 0xB7, 0x28, 0x85, 0x57,
    0x07, 0xB1, 0x91, 0x01, 0xFF, 0xD4, 0xF2, 0x0A, 0x44, 0x69, 0x63, 0xA5, 0x79, 0xD6, 0xB3, 0x63,
    0x81, 0x8D, 0x57, 0x18, 0x93, 0xE9, 0x01, 0xEE, 0xD4, 0xC1, 0x40, 0xEB, 0xE1, 0x55, 0xB5, 0x7D,
    0x01, 0x6D, 0xE7, 0x79, 0xA3, 0xFD, 0x82, 0x8C, 0xDA, 0x8B, 0xBB, 0x14, 0x59, 0xB5, 0x72, 0xF0,
    0x81, 0xDA, 0xF5, 0x92, 0x98, 0xB8, 0xC0, 0x41, 0xD1, 0x7A, 0x3D, 0x85, 0x49, 0xB1, 0xC6, 0xC2,
    0x96, 0xBF, 0xB1, 0xA8, 0x7C, 0x61, 0x3D, 0xED, 0x84, 0x6B, 0xB3, 0x93, 0x97, 0x3A, 0x8A, 0x4B,
    0xD7, 0x75, 0xF9, 0x67, 0xC4, 0xA0, 0x9B, 0x6C, 0x0D, 0x5C, 0x3B, 0xD3, 0x56, 0xBC, 0xAD, 0xD0,
    0x1F, 0xF2, 0x38, 0x18, 0x88, 0xF5, 0x07, 0xE6, 0xFB, 0xBA, 0x7B, 0x1F, 0xEB, 0xC3, 0x9E, 0x13,
    0x30, 0x48, 0xBB, 0xC2, 0x8A, 0xE6, 0x61, 0x68, 0x7C, 0x73, 0x76, 0xF6, 0x2F, 0x40, 0xDF, 0x19,
    0x80, 0x1C, 0x40, 0x11, 0x60, 0x02, 0xBC, 0xF8, 0x1A, 0x46, 0x5E, 0x5F, 0x23, 0x6E, 0xA3, 0xED,
    0x74, 0x14, 0xF6, 0x92, 0x50, 0x3F, 0x1E, 0x8C, 0xE0, 0xED, 0xF7, 0x6C, 0x0B, 0x65, 0xE0, 0x1D,
    0xC9, 0xBF, 0x41, 0xB8, 0x2A, 0xA0, 0xBA, 0xE6, 0xEB, 0x81, 0xE6, 0x9B, 0x9E, 0xEE, 0xE7, 0xB5,
    0xC7, 0x3D, 0x56, 0x08, 0x3B, 0x72, 0xDF, 0x89, 0x99, 0xCC, 0xC5, 0x72, 0x99, 0xAD, 0xD1, 0xC8,
    0xF4, 0xE0, 0xF0, 0x81, 0xCC, 0x70, 0x78, 0xEE, 0xE3, 0x54, 0xD8, 0xD6, 0xC8, 0x61, 0x68, 0xF6,
    0xC5, 0x04, 0xD7, 0x49, 0xA4, 0xE8, 0x76, 0x7A, 0xAE, 0x41, 0xD7, 0x96, 0xD0, 0xB5, 0x63, 0x78,
    0x70, 0x78, 0x79, 0xD7, 0x04, 0xCC, 0x5D, 0xC3, 0xC0, 0x44, 0xC5, 0x3A, 0xFA, 0x77, 0xEF, 0x55,
    0x64, 0x08, 0x5F, 0x62, 0xF9, 0xAE, 0x9D, 0xE1, 0x37, 0xD6, 0x9E, 0xFF, 0x8C, 0x08, 0x3F, 0xA8,
    0x28, 0xC1, 0xBA, 0x63, 0xB3, 0x17, 0x3C, 0x42, 0xC2, 0xE6, 0x35, 0xC1, 0x54, 0x8C, 0x81, 0x17,
    0x66, 0x5A, 0x69, 0x6A, 0xCB, 0x81, 0x8A, 0x49, 0xE6, 0x30, 0x06, 0x50, 0x51, 0xA8, 0x57, 0x70,
    0x1B, 0xF6, 0xDC, 0xE3, 0xAD, 0x29, 0x9F, 0x01, 0xBA, 0x84, 0x98, 0xF2, 0x97, 0x44, 0xFB, 0xF5,
    0xAE, 0xC4, 0xE5, 0x16, 0x10, 0x7F, 0xEC, 0xA7, 0x18, 0xAD, 0xDB, 0xBA, 0xDA, 0x87, 0xD1, 0xB9,
    0x3D, 0xA8, 0xCA, 0xF1, 0x76, 0x41, 0x02, 0x5C, 0x43, 0xF5, 0x75, 0xD4, 0xEA, 0xC6, 0x75, 0x8C,
    0xAF, 0x57, 0xFA, 0x04, 0x37, 0x2E, 0x73, 0xEE, 0x43, 0x4F, 0x90, 0xA1, 0x22, 0x75, 0x6D, 0xDE,
    0x9D, 0xF7, 0xA6, 0x5A, 0xAE, 0x51, 0x68, 0x2C, 0x62, 0x0A, 0x7B, 0x9B, 0x04, 0xC7, 0xB3, 0xC2,
    0x78, 0x81, 0xAB, 0x47, 0x85, 0xFB, 0x32, 0x32, 0x21, 0xB7, 0xDC, 0x8D, 0xB3, 0x27, 0x93, 0x39,
    0x32, 0x13, 0x6B, 0x8C, 0xCF, 0x8C, 0xB6, 0xAE, 0x40, 0x75, 0x1D, 0x69, 0x3D, 0x06, 0x5D, 0x06,
    0x95, 0xB9, 0x3C, 0x1A, 0xAE, 0x9A, 0xED, 0xFF, 0xDD, 0x9F, 0x32, 0x96, 0x23, 0x9E, 0x09, 0xB6,
    0xB4, 0x95, 0x7A, 0x1D, 0xFE, 0x52, 0x20, 0xEA, 0x9B, 0x84, 0xD4, 0xC2, 0xBF, 0xFF, 0xE6, 0x50,
    0x75, 0x1C, 0x32, 0x56, 0x62, 0x73, 0xF0, 0xE4, 0x5F, 0x66, 0x61, 0xB5, 0x92, 0x71, 0xC8, 0xC8,
    0x4B, 0x68, 0xEB, 0x0D, 0x0C, 0x67, 0x1D, 0x7E, 0xE0, 0x3A, 0xD4, 0xC6, 0x3A, 0xD0, 0xE0, 0x1A,
    0xAC, 0x26, 0x06, 0x33, 0xAA, 0x8D, 0x56, 0xCD, 0x2D, 0xF9, 0x8C, 0x6E, 0x85, 0x23, 0xE5, 0x4B,
    0xE5, 0x10, 0x56, 0x66, 0xE8, 0x54, 0x6A, 0x95, 0xAB, 0x83, 0xA9, 0xA8, 0x1E, 0x3A, 0x0F, 0x94,
    0x6B, 0x7C, 0x4A, 0x83, 0x58, 0x67, 0x2A, 0x8B, 0x4D, 0x4B, 0xC1, 0x1A, 0x95, 0xE2, 0xBF, 0x73,
    0x79, 0xFE, 0x75, 0x25, 0xF6, 0xD0, 0x8C, 0x72, 0x6B, 0xCC, 0xFE, 0x2B, 0x74, 0x55, 0xD0, 0xB9,
    0xA5, 0xC0, 0xA7, 0x33, 0x2B, 0x2A, 0xE8, 0x06, 0x3B, 0xBB, 0x34, 0x5A, 0x88, 0xA6, 0xF9, 0x96,
    0x5F, 0x4A, 0xEC, 0x66, 0x61, 0x31, 0xCF, 0x2C, 0xD3, 0x2D, 0x7F, 0x15, 0x00, 0xB7, 0xA6, 0x64,
    0x99, 0x3E, 0xA6, 0x22, 0x40, 0x83, 0x82, 0xC8, 0x50, 0x24, 0x2B, 0x63, 0xB2, 0x3E, 0xA1, 0x56,
    0xC0, 0x5D, 0xB5, 0x82, 0xA8, 0xDD, 0xB7, 0x2E, 0x32, 0xBB, 0x7C, 0x62, 0xFE, 0x23, 0x94, 0xF7,
    0xE7, 0x1B, 0x69, 0xFA, 0xD4, 0x77, 0x2E, 0x15, 0xD2, 0x74, 0xD3, 0x73, 0x75, 0x86, 0x3A, 0xDF,
    0xA3, 0x20, 0x52, 0x7E, 0x6B, 0x37, 0x4F, 0x02, 0xBE, 0xBB, 0x21, 0x25, 0x50, 0xBF, 0x6A, 0xD4,
    0x27, 0xD0, 0x12, 0x98, 0x64, 0x58, 0x62, 0x2A, 0xD2, 0xBC, 0xDE, 0xF2, 0x98, 0xF0, 0x6D, 0x17,
    0x16, 0x3D, 0x3C, 0xB3, 0x71, 0xE6, 0x24, 0x54, 0x58, 0x5F, 0x7B, 0x85, 0xFB, 0x6A, 0x9C, 0x66,
    0xDA, 0xB7, 0x19, 0xE3, 0xFD, 0x51, 0x00, 0x27, 0xA8, 0xF2, 0xD5, 0xA0, 0x08, 0x90, 0x04, 0xB0,
    0x00, 0x8C, 0xE3, 0x0C, 0x34, 0x1C, 0xD1, 0x72, 0x60, 0x70, 0xEF, 0x5C, 0xA4, 0xD0, 0xAE, 0x01,
    0xD7, 0x73, 0x06, 0x79, 0x28, 0xAB, 0x55, 0xAC, 0xF1, 0xAB, 0x55, 0x78, 0x08, 0x2E, 0x7F, 0xF3,
    0x51, 0xC3, 0x67, 0xAC, 0xB3, 0x4E, 0xF8, 0x15, 0xCA, 0x9E, 0xF4, 0x2A, 0x34, 0x7A, 0xCA, 0xAD,
    0xD0, 0xBB, 0x7D, 0x1E, 0x72, 0x5D, 0xC0, 0x29, 0x7E, 0x03, 0xFD, 0xC4, 0xEC, 0x37, 0x1F, 0xD3,
    0x3B, 0x65, 0x57, 0x01, 0x2C, 0x62, 0x76, 0xA2, 0x1F, 0x63, 0x14, 0x73, 0x49, 0x15, 0xC8, 0x51,
    0x4B, 0x09, 0xB5, 0xD3, 0xE5, 0x8B, 0x65, 0x32, 0x4E, 0x4A, 0xD0, 0x55, 0xCC, 0x80, 0xBC, 0x3F,
    0x48, 0xD3, 0xB4, 0x97, 0x1B, 0x0D, 0xE9, 0x5D, 0x7E, 0x41, 0x93, 0x8E, 0x71, 0x45, 0x9A, 0x9F,
    0x33, 0x00, 0xD3, 0x48, 0xBF, 0xF3, 0x13, 0x58, 0x01, 0xE7, 0x27, 0x2C, 0x81, 0x49, 0x99, 0xAD,
    0xB4, 0x2C, 0x56, 0x61, 0x04, 0xD0, 0xBE, 0x5D, 0x66, 0x1D, 0x32, 0xB6, 0x72, 0xFB, 0xC5, 0xD1,
    0x59, 0x8D, 0x17, 0x84, 0xAA, 0xD0, 0x3F, 0x4C, 0x94, 0x6F, 0x4B, 0xBB, 0xCF, 0xE1, 0x7E, 0xCB,
    0x87, 0x90, 0xCC, 0xFA, 0x58, 0x67, 0x35, 0xEA, 0x27, 0x2F, 0x10, 0xDD, 0xE4, 0xA7, 0x5F, 0xC5,
    0xCC, 0x38, 0xAF, 0x20, 0x71, 0xA2, 0xF2, 0x12, 0x96, 0x83, 0x86, 0x61, 0x9D, 0xF4, 0x93, 0x7E,
    0x38, 0x41, 0xFA, 0x73, 0xE5, 0x8B, 0xF7, 0x90, 0xFE, 0x83, 0xA9, 0xE8, 0x59, 0xF4, 0x50, 0x39,
    0x9D, 0xDA, 0x90, 0xBB, 0x3B, 0xDD, 0x89, 0xEE, 0x49, 0xEA, 0xB3, 0xF6, 0x8A, 0x72, 0xCF, 0x37,
    0x84, 0xA3, 0xA9, 0x14, 0x05, 0xD6, 0x69, 0xAC, 0xF3, 0xE5, 0x6D, 0x4B, 0x34, 0xCA, 0x68, 0x0E,
    0x0B, 0x3B, 0x4D, 0xED, 0x70, 0x98, 0x40, 0x5B, 0x7C, 0x13, 0xBD, 0xE5, 0x7B, 0xCA, 0xE3, 0xAD,
    0xF2, 0x89, 0xB4, 0xA8, 0x10, 0x69, 0xE6, 0x64, 0xA6, 0x9F, 0x66, 0x66, 0xB6, 0x91, 0x19, 0xED,
    0x08, 0xF5, 0x58, 0x88, 0x13, 0xCB, 0xD2, 0x82, 0x76, 0xE6, 0xAD, 0x98, 0x4C, 0xB2, 0x30, 0x8D,
    0x2A, 0xE2, 0x82, 0xAB, 0xB3, 0x4C, 0x61, 0xFB, 0xE2, 0x16, 0xF4, 0x3A, 0x80, 0xEE, 0x61, 0x3F,
    0x1F, 0x30, 0x1C, 0x7D, 0xC1, 0x3B, 0x3F, 0x4E, 0x37, 0x3F, 0x4F, 0x3C, 0xFE, 0x3C, 0xD4, 0x6A,
    0x49, 0x51, 0x37, 0xC4, 0x78, 0x06, 0x2C, 0x41, 0xAF, 0x7E, 0x35, 0x14, 0x11, 0x33, 0x2D, 0xDD,
    0xDD, 0xD9, 0x9E, 0xDF, 0x07, 0xCA, 0x87, 0x79, 0xFC, 0x7F, 0x11, 0xA9, 0x67, 0x6B, 0xC2, 0xEC,
    0x11, 0x35, 0x39, 0x01, 0xE9, 0x90, 0x3F, 0x71, 0xF6, 0xF0, 0x47, 0x69, 0xEF, 0x09, 0xAF, 0x96,
    0xA0, 0x7F, 0x22, 0x50, 0x93, 0x12, 0x4D, 0xAE, 0x6A, 0x3E, 0x96, 0x41, 0x69, 0xC7, 0xF1, 0x6E,
    0x9A, 0x7F, 0x18, 0xE9, 0xDB, 0x7E, 0x5E, 0x32, 0xFB, 0x6C, 0x29, 0x79, 0xE6, 0x98, 0xCB, 0xB3,
    0x1C, 0x9A, 0x5C, 0xF3, 0x1F, 0x20, 0x7D, 0xAF, 0xB5, 0x48, 0xA1, 0x8C, 0x51, 0x72, 0x24, 0x68,
    0x59, 0x97, 0x4C, 0xE3, 0x10, 0xD0, 0xF0, 0x03, 0xF1, 0x13, 0x9D, 0x2F, 0x4F, 0xF0, 0xFC, 0xE2,
    0xEA, 0x3E, 0x79, 0x93, 0x77, 0x09, 0x64, 0x3C, 0xE1, 0xF7, 0x8C, 0x71, 0xC6, 0x37, 0xE0, 0xBF,
    0xF4, 0xAD, 0x6F, 0x01, 0x0E, 0x3F, 0x09, 0x4C, 0x9B, 0xA8, 0x85, 0xFC, 0x56, 0x61, 0x6D, 0x92,
    0xB4, 0xE7, 0xB0, 0xCE, 0x5E, 0xFB, 0xB6, 0x2C, 0xD7, 0x16, 0x74, 0x8E, 0xA7, 0xB7, 0x38, 0x0F,
    0xED, 0xAB, 0x9A, 0x02, 0xA5, 0x0A, 0x1F, 0xD5, 0x5E, 0x44, 0x6D, 0xC6, 0x71, 0x60, 0xA0, 0x1D,
    0xE3, 0x33, 0x44, 0xDF, 0x5E, 0x1F, 0xF7, 0xBC, 0x4B, 0x4A, 0x34, 0x29, 0xD1, 0xA4, 0x44, 0x6B,
    0x97, 0x60, 0xB5, 0x07, 0xDE, 0x53, 0xF3, 0x55, 0xA6, 0xB4, 0x82, 0xAA, 0x44, 0x5D, 0x0D, 0xA0,
    0xD4, 0xF4, 0x8B, 0x74, 0xAB, 0x89, 0xF8, 0x0C, 0xCD, 0x83, 0xE3, 0xDC, 0x22, 0xEC, 0x33, 0xE3,
    0xD9, 0x3C, 0xBF, 0x80, 0xF9, 0xF0, 0x53, 0x0F, 0xF9, 0x64, 0x3F, 0x1C, 0xBC, 0xE6, 0x52, 0xF6,
    0x61, 0xA8, 0x55, 0xB7, 0x3E, 0xAC, 0xBF, 0x15, 0xD0, 0xFD, 0x0F, 0xB3, 0x18, 0xA5, 0xFF, 0xE3,
    0xE1, 0x8F, 0x65, 0xFA, 0xC8, 0x78, 0x58, 0x63, 0x35, 0xC5, 0x78, 0xD8, 0xF6, 0x58, 0x69, 0x7B,
    0xB8, 0x87, 0x45, 0x30, 0x97, 0x1C, 0xB9, 0x5E, 0x4A, 0x8A, 0xD0, 0xE0, 0x58, 0x2E, 0x1A, 0x1E,
    0xEC, 0x75, 0xC3, 0x43, 0x76, 0x83, 0xEE, 0x8A, 0x9E, 0xDC, 0x2F, 0x88, 0x55, 0x13, 0x99, 0x1E,
    0x22, 0xC1, 0x4E, 0x3B, 0x1D, 0x22, 0xCD, 0xEB, 0x94, 0x8F, 0xCD, 0x00, 0xBE, 0x0C, 0x5C, 0xB5,
    0x1F, 0x76, 0x67, 0xD2, 0x94, 0x3D, 0x00, 0xF8, 0xE9, 0x03, 0x28, 0xB9, 0xDF, 0xCB, 0x22, 0x15,
    0xDF, 0x9B, 0x4F, 0x24, 0xC8, 0xF8, 0xFC, 0x99, 0xFF, 0x36, 0x49, 0xC6, 0x1F, 0x58, 0xAF, 0xA1,
    0xFE, 0x89, 0xFB, 0x59, 0x20, 0x3F, 0x1C, 0xBC, 0xC9, 0xDA, 0xE3, 0x1F, 0x18, 0x0B, 0x28, 0xD9,
    0x58, 0x98, 0x20, 0xE3, 0xA1, 0x46, 0x61, 0x23, 0xDF, 0xF9, 0xBE, 0xFA, 0x2A, 0x32, 0x3E, 0x93,
    0x0D, 0xC4, 0x9C, 0x8C, 0xEA, 0x1A, 0x8F, 0xE6, 0xD8, 0xB5, 0x5C, 0xD4, 0xCD, 0x75, 0x87, 0x66,
    0x2F, 0x3F, 0xA6, 0x56, 0xE7, 0xC5, 0x4B, 0xF4, 0x42, 0x58, 0x05, 0x4A, 0x49, 0xEF, 0x85, 0x8F,
    0xD4, 0xC2, 0xF2, 0x17, 0x0B, 0xA9, 0xEB, 0x49, 0x96, 0x89, 0xF3, 0x4B, 0x10, 0x4A, 0xE3, 0x6A,
    0x0A, 0x25, 0x63, 0xB9, 0x0A, 0x70, 0xF1, 0x1E, 0x6E, 0x03, 0xAD, 0xE9, 0x4C, 0x5A, 0x4C, 0xAC,
    0x48, 0x6D, 0x6F, 0xAF, 0xB8, 0x5C, 0x37, 0xFB, 0x17, 0xB3, 0x8F, 0x41, 0x2B, 0x6B, 0x92, 0x09,
    0xD4, 0xB1, 0x54, 0x14, 0xB0, 0x86, 0x86, 0x94, 0x1A, 0x88, 0x48, 0x56, 0xCD, 0xE2, 0xB1, 0xAB,
    0x25, 0x59, 0xEB, 0x9E, 0x5A, 0x5A, 0xDB, 0x6E, 0x43, 0x73, 0xD3, 0x34, 0x66, 0x70, 0xA5, 0x75,
    0x2D, 0x48, 0x23, 0x08, 0x98, 0xE6, 0xC9, 0xAB, 0xA6, 0x99, 0x42, 0x9D, 0x74, 0x52, 0x55, 0x9F,
    0x62, 0x2A, 0x2F, 0x97, 0x54, 0xF5, 0xC0, 0x7F, 0xBC, 0xB0, 0x02, 0x49, 0x80, 0x8C, 0xF2, 0x4A,
    0xD7, 0x2D, 0xA4, 0xFB, 0x59, 0x48, 0x82, 0x4E, 0x96, 0x58, 0x53, 0x5A, 0xEA, 0x97, 0x36, 0x6E,
    0x14, 0xC3, 0x7B, 0x4A, 0xA4, 0x7F, 0xEC, 0xD4, 0x56, 0xEB, 0x5A, 0x55, 0xDE, 0x6D, 0xA9, 0x6B,
    0x09, 0xC6, 0x53, 0xC2, 0x13, 0x7F, 0x2E, 0x06, 0xFF, 0xCB, 0xCA, 0xBD, 0xA2, 0x36, 0x2C, 0x98,
    0x13, 0xC3, 0xBE, 0x28, 0x26, 0xD7, 0x80, 0x58, 0xA1, 0x48, 0x4F, 0xAB, 0xCB, 0x9A, 0x3F, 0x1F,
    0x3E, 0xC4, 0x51, 0x31, 0x6F, 0x7B, 0x62, 0x06, 0x33, 0xD4, 0x55, 0xA7, 0xD4, 0x66, 0x1C, 0x17,
    0x41, 0x2B, 0xA6, 0xC3, 0x24, 0x6C, 0x2D, 0x4D, 0x3D, 0xEB, 0x41, 0xF0, 0x8E, 0x70, 0xC7, 0xBE,
    0x4C, 0x54, 0xDE, 0x5D, 0x76, 0x97, 0x71, 0x38, 0x4D, 0x4A, 0x74, 0xE5, 0xCB, 0xBA, 0x82, 0xFF,
    0xF5, 0xF2, 0xD5, 0x71, 0xD1, 0x57, 0x97, 0x5A, 0xEB, 0x37, 0xFC, 0x6E, 0x20, 0xDE, 0xAB, 0xCB,
    0xB3, 0x17, 0x1E, 0xF7, 0x43, 0xEC, 0x41, 0xA1, 0x80, 0x01, 0x60, 0xF2, 0x14, 0x86, 0xF6, 0x08,
    0x83, 0x8C, 0x7D, 0x1B, 0x33, 0x6C, 0xE3, 0x79, 0xFF, 0xE5, 0x90, 0xDE, 0xF0, 0x5F, 0xF3, 0x58,
    0x7A, 0x09, 0x9F, 0x6E, 0x01, 0x74, 0x5F, 0x8B, 0x3C, 0xE6, 0x5F, 0x5F, 0xE5, 0xF6, 0xCA, 0x5D,
    0xED, 0x75, 0xDE, 0x43, 0x17, 0x13, 0x4E, 0x3F, 0xBB, 0xBB, 0x8C, 0xE4, 0x9E, 0x34, 0xB5, 0xE1,
    0x35, 0xCA, 0x45, 0x13, 0xA4, 0xB7, 0x9D, 0x2D, 0x97, 0xCF, 0x8B, 0x6B, 0x25, 0xEC, 0x82, 0x01,
    0xE0, 0x94, 0x68, 0xA8, 0xA9, 0x56, 0x8E, 0x02, 0xCA, 0x37, 0xE8, 0xFE, 0x2A, 0xEC, 0xAC, 0x60,
    0x5F, 0x15, 0x88, 0xB9, 0x9B, 0xBA, 0xF3, 0x7C, 0x59, 0xDD, 0x5C, 0xC3, 0x86, 0x08, 0xD7, 0x04,
    0x50, 0xD2, 0x3D, 0xB6, 0x51, 0x1E, 0xF7, 0x76, 0x92, 0x4A, 0x0A, 0x55, 0xFE, 0xA6, 0x42, 0x7B,
    0x86, 0x87, 0x65, 0x86, 0x27, 0x44, 0xF9, 0xAE, 0xAB, 0xB5, 0x3B, 0xCA, 0x75, 0x86, 0xA9, 0x63,
    0x7B, 0x7C, 0x76, 0x07, 0x18, 0x69, 0xF4, 0x6D, 0x59, 0x40, 0xE0, 0xB7, 0xA0, 0x16, 0xA8, 0x34,
    0x76, 0x40, 0xD3, 0x53, 0x31, 0x4B, 0x43, 0x72, 0x81, 0x19, 0x91, 0x59, 0x61, 0x47, 0x90, 0xDC,
    0x47, 0x0E, 0x72, 0x2F, 0x69, 0xE3, 0xDD, 0x5E, 0x61, 0xBC, 0x52, 0xD3, 0xF0, 0xB6, 0x5D, 0xBC,
    0x07, 0x0B, 0xCE, 0x92, 0xC6, 0xBF, 0x0A, 0x82, 0xE4, 0xDB, 0xA2, 0xE9, 0x20, 0xC1, 0xE3, 0x10,
    0x24, 0x98, 0xD3, 0x08, 0xF0, 0x19, 0xE8, 0x7E, 0xC6, 0xF0, 0x0E, 0x00, 0x9C, 0xF4, 0xD2, 0xC6,
    0x83, 0xA7, 0xDC, 0xB4, 0x1E, 0x3D, 0xC7, 0xB4, 0x55, 0x46, 0x92, 0xA5, 0xF2, 0xF5, 0x61, 0x5F,
    0x02, 0x33, 0xC8, 0xB3, 0xEE, 0x44, 0xAB, 0x5C, 0xB5, 0xE6, 0x39, 0x81, 0x69, 0x02, 0xE0, 0x61,
    0x2A, 0xA4, 0x53, 0xCF, 0x94, 0x0B, 0x48, 0x5E, 0x2E, 0x30, 0xA5, 0xED, 0x2C, 0xA4, 0xF3, 0x5E,
    0x58, 0x48, 0xDB, 0xBA, 0x5F, 0x48, 0x1B, 0xCF, 0x72, 0x19, 0x1D, 0x4D, 0x30, 0xA8, 0x17, 0x0B,
    0x69, 0xCB, 0x9F, 0x2B, 0xA4, 0x37, 0x6A, 0x7C, 0x95, 0x3B, 0xDE, 0x9F, 0x46, 0x40, 0x28, 0xAD,
    0x35, 0x1A, 0xC4, 0x17, 0x46, 0x28, 0x37, 0x4A, 0x49, 0x6B, 0x91, 0xA9, 0x4B, 0x9F, 0x06, 0xAF,
    0xEF, 0xDF, 0xC9, 0x0A, 0x51, 0xA5, 0x52, 0xAB, 0x51, 0xC5, 0xA9, 0x85, 0x41, 0x25, 0xF7, 0x84,
    0x1F, 0x54, 0x7A, 0x6A, 0x6E, 0x50, 0x29, 0x45, 0x7C, 0xBA, 0xB9, 0xCC, 0xA0, 0x40, 0xAD, 0x23,
    0x29, 0x93, 0x53, 0x01, 0xAD, 0x5B, 0x08, 0xA7, 0x5D, 0xA0, 0x56, 0xC8, 0x07, 0xA5, 0x7A, 0x7F,
    0x2F, 0xAD, 0x43, 0x7E, 0xC8, 0x75, 0xF1, 0x22, 0x3B, 0xC4, 0x86, 0xCA, 0x7B, 0xCB, 0x17, 0xC7,
    0xA3, 0x65, 0x39, 0x78, 0x6E, 0x3E, 0x3A, 0xEE, 0x07, 0xC3, 0xDB, 0x18, 0xE4, 0x34, 0x00, 0x9D,
    0x81, 0x94, 0x5D, 0xF5, 0x14, 0xCA, 0x5D, 0x4E, 0x07, 0x28, 0xF9, 0x25, 0xBF, 0x27, 0x05, 0x64,
    0x1B, 0x8C, 0xD3, 0x62, 0x2B, 0xE0, 0xCB, 0x95, 0x90, 0xD2, 0xAC, 0xB5, 0x17, 0x18, 0x8C, 0x55,
    0xD7, 0xD4, 0x2A, 0xF9, 0x08, 0x3A, 0x5F, 0x81, 0x70, 0x14, 0xF2, 0x11, 0x2B, 0x68, 0x0A, 0xF0,
    0xCD, 0x35, 0x68, 0xD8, 0xF1, 0x2D, 0x30, 0x77, 0xBB, 0x00, 0x97, 0xC9, 0x51, 0xBE, 0xCE, 0x1C,
    0x95, 0xE7, 0x43, 0xBB, 0x92, 0x4A, 0x05, 0x28, 0x33, 0xF5, 0xF1, 0x0B, 0xB3, 0x75, 0xA5, 0x23,
    0x19, 0x02, 0xB0, 0x0A, 0xDA, 0x74, 0x25, 0xB2, 0xC6, 0x84, 0x81, 0xBC, 0x69, 0x46, 0x4D, 0xE6,
    0x8F, 0x13, 0x4A, 0xC5, 0xD5, 0x91, 0x3C, 0x63, 0xF8, 0xCC, 0x4B, 0x4C, 0xEF, 0x28, 0xD6, 0xF6,
    0x0F, 0x76, 0xAD, 0x9C, 0x6A, 0x19, 0x28, 0x25, 0xEC, 0x1A, 0x91, 0xBA, 0xE8, 0xD6, 0x64, 0xD9,
    0x76, 0x93, 0xC2, 0x14, 0x6B, 0x66, 0x21, 0xD6, 0x89, 0x31, 0x48, 0xB4, 0x40, 0x90, 0xC0, 0x3E,
    0x25, 0x09, 0xFA, 0xBB, 0x93, 0x7E, 0xBA, 0x2F, 0x3A, 0xE0, 0xA5, 0x4B, 0x2C, 0x12, 0xD2, 0x1B,
    0x98, 0x0E, 0x62, 0xBC, 0x62, 0x7D, 0x6C, 0x82, 0xF1, 0xAA, 0xC4, 0x8A, 0x35, 0xA5, 0xDC, 0x2B,
    0x0D, 0xB8, 0x68, 0x71, 0xDD, 0xE5, 0x99, 0x0B, 0x47, 0x4B, 0x51, 0x3D, 0xC8, 0x51, 0x50, 0xB9,
    0x02, 0x68, 0x7E, 0x0B, 0xB0, 0x06, 0x1F, 0xE4, 0x98, 0x14, 0x19, 0xB8, 0x0C, 0x58, 0x4E, 0x04,
    0x39, 0x9B, 0xEA, 0xE7, 0x27, 0x87, 0x29, 0x8C, 0x16, 0x9D, 0x52, 0x10, 0xE4, 0x06, 0xD7, 0xB9,
    0xAE, 0xD2, 0xD2, 0x7A, 0x3F, 0xBE, 0xC0, 0x98, 0xD7, 0x6C, 0xAD, 0xF9, 0x67, 0xAD, 0x1F, 0x47,
    0x06, 0xF7, 0x23, 0x67, 0x2C, 0xDD, 0x9D, 0x8F, 0x16, 0x73, 0x89, 0x5C, 0x2E, 0x9D, 0x4B, 0xF0,
    0x51, 0x11, 0x47, 0x8E, 0x02, 0x7C, 0x5A, 0x40, 0x4A, 0x62, 0x2D, 0xC3, 0x47, 0xF5, 0x34, 0xE5,
    0x58, 0xAE, 0x50, 0x6E, 0xBB, 0x9F, 0x7B, 0x27, 0x56, 0xBF, 0xDE, 0x38, 0x36, 0x82, 0xBC, 0xC9,
    0x9E, 0xDE, 0x96, 0xC4, 0xB4, 0x45, 0x1A, 0x64, 0x04, 0x16, 0x05, 0xCE, 0x25, 0xA1, 0xF0, 0xD7,
    0x93, 0x4C, 0xEF, 0x46, 0x98, 0x64, 0x36, 0x6F, 0x87, 0xC9, 0xAC, 0x47, 0x1B, 0x43, 0x9B, 0x6D,
    0xA6, 0x89, 0x10, 0xB9, 0xB5, 0x83, 0xA1, 0xE8, 0x8E, 0x61, 0xF2, 0x2A, 0xB0, 0x57, 0xA0, 0x29,
    0x90, 0xE7, 0x2E, 0xB4, 0x65, 0x1D, 0x20, 0x12, 0x06, 0x69, 0x5A, 0x83, 0x4E, 0x53, 0x86, 0xF6,
    0x63, 0xC6, 0xE2, 0x4C, 0x18, 0x86, 0x2B, 0x09, 0x96, 0x1F, 0x84, 0xAF, 0xCA, 0xFC, 0x20, 0x26,
    0xCE, 0xFC, 0x80, 0x40, 0x5B, 0x4A, 0x64, 0x2D, 0x61, 0x0C, 0xA5, 0xC4, 0x52, 0xCE, 0x2C, 0x6D,
    0xEB, 0x43, 0x2C, 0xCB, 0x8C, 0x03, 0x07, 0x7C, 0x4A, 0xD8, 0x06, 0xAB, 0xCF, 0xE9, 0xA2, 0xC1,
    0x3A, 0x4A, 0xB1, 0x6E, 0x78, 0x49, 0xC6, 0x56, 0xB5, 0x08, 0x73, 0x0D, 0xD1, 0x4A, 0x03, 0x53,
    0xB2, 0x55, 0xB3, 0x4A, 0xAE, 0x5C, 0x69, 0x2E, 0x2A, 0x5B, 0xFA, 0xD0, 0x05, 0xB6, 0x73, 0x2D,
    0x25, 0x2C, 0x07, 0xC1, 0x14, 0x27, 0xE2, 0xEC, 0x9A, 0x39, 0x49, 0x80, 0x49, 0x6D, 0xF7, 0xC5,
    0xF6, 0xBD, 0xF1, 0xAB, 0xE3, 0xCA, 0xAB, 0x33, 0x18, 0xBB, 0x15, 0x0C, 0x7F, 0x83, 0xF0, 0x53,
    0x78, 0x2D, 0x06, 0x7A, 0xB7, 0xFB, 0xA2, 0xA7, 0x37, 0x64, 0x83, 0x98, 0x62, 0x6C, 0x39, 0x2A,
    0x09, 0x90, 0xDA, 0x51, 0xDE, 0xC7, 0x1C, 0xBB, 0xD8, 0x0B, 0x6E, 0x5B, 0xDF, 0x6D, 0xFA, 0x64,
    0xBD, 0x18, 0x32, 0xA2, 0xED, 0xBF, 0x9E, 0x6A, 0x25, 0xAE, 0xCE, 0xF2, 0x79, 0x1C, 0xFB, 0x2E,
    0xA1, 0xD6, 0x8D, 0xAE, 0x84, 0xEB, 0x54, 0xF4, 0x41, 0x76, 0x42, 0x98, 0x17, 0xDA, 0xFF, 0x5D,
    0x71, 0x0E, 0x31, 0x47, 0x9E, 0xC6, 0x60, 0xD6, 0xCD, 0x78, 0xE7, 0x8F, 0x65, 0x00, 0x0E, 0x0C,
    0xF3, 0x2F, 0x66, 0x0F, 0xB9, 0x16, 0x32, 0x56, 0x2D, 0x8B, 0xBB, 0x60, 0x61, 0x90, 0x6C, 0x3D,
    0x40, 0x3A, 0xE9, 0x1B, 0x21, 0xF3, 0xC6, 0x12, 0x8C, 0xA3, 0x92, 0x4B, 0x45, 0xED, 0xAD, 0x3A,
    0x55, 0xD9, 0x40, 0x75, 0x7F, 0xB6, 0x44, 0x56, 0xA3, 0x9F, 0x9B, 0xDE, 0x99, 0x12, 0xF3, 0xA2,
    0x24, 0x6E, 0x6F, 0x93, 0x5E, 0x9E, 0xFD, 0x1A, 0xC3, 0x57, 0xB1, 0x62, 0x9E, 0x5E, 0x61, 0x15,
    0xC8, 0x8C, 0x5E, 0xF6, 0x73, 0x64, 0x96, 0x5F, 0xF2, 0xB1, 0x9E, 0x2B, 0x0C, 0x90, 0x00, 0x1F,
    0x86, 0x15, 0x2E, 0x09, 0x6B, 0x3C, 0x71, 0x51, 0xB8, 0x39, 0x40, 0xC9, 0xA8, 0x0F, 0xC8, 0x28,
    0x64, 0xC2, 0xF5, 0x8C, 0x5D, 0xAB, 0xB8, 0xC9, 0xFD, 0xD3, 0xE1, 0x45, 0x68, 0x05, 0xAF, 0x06,
    0x70, 0x78, 0x45, 0xE2, 0xD0, 0x8D, 0x03, 0x67, 0xEB, 0xDC, 0x1B, 0x1E, 0x8F, 0x9A, 0x6E, 0xE9,
    0xC2, 0xA3, 0x68, 0x34, 0x04, 0x92, 0x54, 0x60, 0xFD, 0x32, 0x5A, 0xDF, 0x70, 0xF6, 0x77, 0xF7,
    0xC9, 0xAE, 0x1B, 0x0D, 0x90, 0x78, 0x41, 0xC0, 0xBF, 0x64, 0x99, 0x5C, 0xD0, 0x2F, 0x96, 0x27,
    0x31, 0x3B, 0x3C, 0x4F, 0x23, 0x92, 0xED, 0xFD, 0xB0, 0x17, 0x47, 0x6D, 0xCC, 0xC8, 0xA5, 0xBE,
    0xE6, 0xED, 0x4D, 0x77, 0x3E, 0xA4, 0x7C, 0x03, 0x0E, 0xBC, 0xB1, 0xD8, 0x97, 0x31, 0x7B, 0xE8,
    0xD1, 0xCE, 0x68, 0xF5, 0x96, 0xC7, 0x4D, 0xB2, 0xA2, 0x45, 0x06, 0x6C, 0x1F, 0x5D, 0x1D, 0xC8,
    0x55, 0xB9, 0xAF, 0x7B, 0x90, 0x25, 0xD8, 0x00, 0xBF, 0x62, 0xDF, 0xA3, 0xAD, 0x34, 0x8D, 0xAE,
    0x4D, 0x12, 0xA0, 0x1D, 0x5E, 0x68, 0x6B, 0x87, 0xED, 0x85, 0x11, 0x89, 0xB6, 0x0B, 0x6C, 0x1E,
    0x2A, 0x6C, 0x73, 0x76, 0xB6, 0x6E, 0xFC, 0x2D, 0xF6, 0x80, 0xC0, 0xF2, 0xE3, 0x22, 0x40, 0x3F,
    0x00, 0x09, 0x90, 0xA8, 0xF4, 0x00, 0xDC, 0x63, 0xAC, 0x30, 0xEE, 0x34, 0xC4, 0x86, 0x38, 0x58,
    0xDE, 0x0E, 0x09, 0x6B, 0x76, 0x03, 0x31, 0x55, 0xC4, 0xBA, 0x6D, 0xB9, 0x3B, 0x16, 0xCB, 0x97,
    0xA0, 0xB7, 0x88, 0xF1, 0x71, 0x91, 0x2F, 0x68, 0xF2, 0xAC, 0xDF, 0xB5, 0x8B, 0x53, 0x7B, 0x45,
    0xC0, 0x14, 0x90, 0x2A, 0xE5, 0xB6, 0x72, 0x23, 0x45, 0xB6, 0x93, 0x7D, 0xB0, 0xAC, 0x50, 0x56,
    0xD4, 0x3C, 0x7E, 0xCA, 0xFC, 0x21, 0x6E, 0xCE, 0xEA, 0xA7, 0xEB, 0xD0, 0xF5, 0xE6, 0xE5, 0x26,
    0xA1, 0xB4, 0xF5, 0x2F, 0x5F, 0x22, 0x04, 0xC0, 0xF3, 0xE7, 0xB0, 0x9F, 0x81, 0x36, 0x4F, 0xFD,
    0x11, 0xB6, 0x46, 0xE2, 0x56, 0xEF, 0x14, 0xF7, 0x92, 0xB1, 0x02, 0xAA, 0xF2, 0x48, 0xB6, 0x0E,
    0x99, 0x51, 0x6E, 0xB2, 0xB5, 0x57, 0xE8, 0x8D, 0xBE, 0xAC, 0x3A, 0x94, 0xD7, 0x9B, 0x84, 0xBA,
    0xC8, 0x0A, 0x34, 0xF3, 0xA3, 0xEC, 0x54, 0xD4, 0xDC, 0x4F, 0x4E, 0xAA, 0x5C, 0x5E, 0xB5, 0x5C,
    0xE1, 0x57, 0x59, 0x30, 0x5C, 0xB3, 0xA8, 0x54, 0xC6, 0x55, 0xA1, 0xBA, 0xAA, 0xEE, 0x9C, 0x46,
    0x8E, 0x70, 0x0A, 0xE6, 0x83, 0x38, 0x93, 0xA0, 0x04, 0xD5, 0x14, 0x60, 0xFC, 0xA8, 0x15, 0x78,
    0xE4, 0xE2, 0xD3, 0x54, 0xD9, 0xAD, 0x15, 0x58, 0x56, 0xD7, 0x0A, 0x0E, 0x5D, 0x09, 0xE4, 0xC2,
    0x08, 0x6E, 0x19, 0x6A, 0x57, 0x80, 0x84, 0xB8, 0x41, 0xD9, 0xD6, 0x4C, 0x6B, 0xE7, 0x5F, 0x5B,
    0x6C, 0x8F, 0xF1, 0x5C, 0x2E, 0x41, 0x81, 0x2E, 0xA2, 0x23, 0x55, 0xCA, 0x1E, 0xC5, 0x62, 0x6A,
    0x7B, 0xAB, 0x1F, 0xA7, 0x54, 0x4A, 0x3C, 0x5E, 0xBF, 0xC4, 0x6C, 0x32, 0x8B, 0x45, 0x9F, 0x6C,
    0x66, 0x15, 0xB2, 0xAF, 0x32, 0x18, 0x65, 0xCC, 0x29, 0x50, 0x17, 0x38, 0x58, 0xAE, 0x82, 0xBA,
    0xA1, 0xEA, 0xF0, 0xA9, 0x5A, 0xDE, 0xD3, 0xDE, 0xE9, 0x24, 0x49, 0x6D, 0x05, 0x78, 0xF6, 0xF1,
    0x6E, 0x9D, 0xB6, 0x5C, 0x66, 0x30, 0x1F, 0xB1, 0xDA, 0x5B, 0x33, 0xAE, 0x04, 0x72, 0xE1, 0x30,
    0x6E, 0x99, 0xE9, 0x68, 0xC1, 0x4A, 0x01, 0x7E, 0x8C, 0xB5, 0x0C, 0x78, 0xA0, 0xE1, 0xB6, 0x93,
    0xCD, 0xE2, 0x8C, 0xB3, 0xFB, 0xCA, 0xAE, 0x85, 0x36, 0x06, 0x54, 0x26, 0x94, 0x43, 0x2A, 0x2B,
    0x1F, 0xC4, 0xB9, 0x50, 0x16, 0x6D, 0x59, 0x2D, 0x5C, 0x63, 0xAC, 0x53, 0x18, 0xBB, 0x02, 0x59,
    0xDB, 0x18, 0xDB, 0x42, 0xE5, 0x3E, 0xA5, 0x09, 0xC0, 0x85, 0x5C, 0x17, 0xF7, 0x7B, 0x17, 0xC8,
    0x47, 0x41, 0xAD, 0x3A, 0xBC, 0x8D, 0x01, 0x8B, 0xD4, 0x2B, 0x80, 0x5C, 0xC5, 0x1C, 0xAD, 0x78,
    0x4C, 0xEA, 0xDB, 0xCB, 0x6F, 0x80, 0xA9, 0x00, 0x33, 0xE3, 0x99, 0x96, 0x32, 0x5C, 0xAD, 0x54,
    0x99, 0xDD, 0xB7, 0x00, 0xAB, 0x2B, 0xBF, 0xCF, 0x6C, 0xA4, 0xF2, 0x40, 0xF9, 0xD2, 0x38, 0x9F,
    0xB2, 0x0E, 0x54, 0xD5, 0x7E, 0xCC, 0xC0, 0xF8, 0x6F, 0x0C, 0xCC, 0xDB, 0xDD, 0x4A, 0x75, 0xA3,
    0x1E, 0x54, 0x1E, 0x58, 0xA0, 0x67, 0x2A, 0x0F, 0x04, 0xB4, 0xB6, 0x22, 0x15, 0xB4, 0xAB, 0xAF,
    0x5D, 0xB5, 0x7A, 0x66, 0xB4, 0x31, 0xD8, 0x7E, 0xE7, 0x17, 0x2A, 0x0F, 0xA0, 0xFA, 0x15, 0x65,
    0xD2, 0x64, 0x35, 0x89, 0xD3, 0x34, 0xC0, 0x04, 0x40, 0x08, 0x70, 0x95, 0xEA, 0x15, 0x7B, 0x6C,
    0x6F, 0x2A, 0x92, 0xBA, 0x93, 0x6D, 0x08, 0xC5, 0x55, 0x6C, 0xE5, 0x53, 0x97, 0x08, 0x4A, 0x4D,
    0x79, 0xCE, 0x0C, 0x6C, 0xB6, 0x60, 0x87, 0x3C, 0x15, 0xA3, 0x21, 0xEB, 0x8B, 0x85, 0x78, 0xEF,
    0x85, 0x2B, 0xC1, 0x4B, 0x7C, 0x95, 0x5E, 0x41, 0x2D, 0x61, 0x3B, 0xF7, 0x43, 0xF3, 0x31, 0x7B,
    0x9A, 0x3F, 0xCF, 0x6C, 0x5F, 0xF3, 0x67, 0x58, 0x09, 0x56, 0xF0, 0x86, 0xEF, 0x1F, 0xDE, 0xFB,
    0x09, 0x2A, 0x2D, 0xAD, 0x2C, 0xD7, 0x7C, 0x94, 0xB7, 0xEE, 0x87, 0x1A, 0xA9, 0xFD, 0x00, 0x50,
    0x5F, 0x80, 0xB5, 0x54, 0xF2, 0xCA, 0x4F, 0x8F, 0xE3, 0x54, 0x82, 0xEC, 0x02, 0x7B, 0xCB, 0x4F,
    0x97, 0x25, 0xAB, 0x34, 0x6A, 0x45, 0x54, 0x0A, 0x1A, 0xB7, 0xD8, 0xBB, 0x77, 0x2B, 0xD7, 0x90,
    0x8D, 0xCE, 0x40, 0xF1, 0x2A, 0x18, 0x0A, 0x6A, 0xDC, 0x62, 0xF4, 0x0B, 0xB3, 0x41, 0xEB, 0xB7,
    0xBD, 0x00, 0x24, 0xD7, 0x0F, 0xF0, 0x9D, 0xC6, 0xD6, 0xAD, 0x5C, 0xF3, 0xDB, 0xFE, 0xF4, 0xC3,
    0x35, 0xE8, 0x45, 0x3F, 0xAF, 0xCA, 0x9D, 0x39, 0xB4, 0x61, 0x24, 0x6A, 0x2C, 0x60, 0x5E, 0xB1,
    0x42, 0xD4, 0x06, 0xAA, 0x2B, 0x18, 0x08, 0x1C, 0x14, 0x8C, 0xE4, 0x11, 0xC0, 0xA3, 0x79, 0x96,
    0xD5, 0xC6, 0xCC, 0xAA, 0x4E, 0xE6, 0xFE, 0xF5, 0xC2, 0xFE, 0x92, 0xE2, 0xBD, 0x05, 0xDC, 0x3B,
    0x2E, 0xD4, 0xB3, 0x04, 0xAF, 0x61, 0x30, 0x90, 0x04, 0xE9, 0xE6, 0x1F, 0x41, 0x2C, 0x62, 0xF3,
    0xFF, 0x44, 0xDC, 0xB5, 0x70, 0x8C, 0x05, 0x4C, 0xA3, 0x86, 0xDD, 0x4B, 0x58, 0x21, 0x72, 0x11,
    0x05, 0x83, 0x42, 0xC4, 0x2A, 0xC7, 0x22, 0x88, 0x2F, 0x99, 0x87, 0x61, 0x9D, 0xD4, 0xC0, 0xAF,
    0x92, 0xA4, 0x96, 0x6B, 0xC0, 0x73, 0x99, 0x94, 0x40, 0x46, 0x52, 0xEC, 0xE3, 0xEB, 0xDB, 0xFE,
    0xBF, 0xCE, 0xD6, 0x24, 0xE9, 0xEE, 0x8C, 0x64, 0x64, 0x9F, 0xC4, 0x02, 0x43, 0xD9, 0xE7, 0x58,
    0xD2, 0x40, 0x4F, 0x82, 0xBC, 0x5F, 0x96, 0xE5, 0xAC, 0x58, 0x08, 0x05, 0xA3, 0x5C, 0x2C, 0xB6,
    0x11, 0x04, 0x2C, 0x1A, 0xAC, 0x9F, 0xB2, 0xE5, 0xAF, 0x2D, 0xE0, 0xFE, 0xD1, 0x9E, 0xD6, 0x66,
    0x52, 0xED, 0x5A, 0xAF, 0x02, 0x8B, 0xA4, 0x92, 0x5D, 0x9A, 0xDC, 0xDE, 0xFC, 0xEC, 0x63, 0x1D,
    0x2F, 0x80, 0xB0, 0xFF, 0x37, 0x44, 0x3B, 0x7F, 0x29, 0x68, 0x73, 0x61, 0xD3, 0x43, 0x50, 0xD8,
    0xDE, 0x89, 0x08, 0xE5, 0xC8, 0x24, 0x7A, 0xDE, 0xC8, 0xB2, 0x69, 0x68, 0x05, 0xA6, 0xBF, 0xC8,
    0x6F, 0xA9, 0xF9, 0x79, 0xD1, 0xB5, 0x7A, 0xDA, 0x7C, 0xBC, 0xCB, 0x92, 0x97, 0x6C, 0x9A, 0xD8,
    0x22, 0xEE, 0xB6, 0x91, 0xFD, 0xDC, 0x0A, 0xA8, 0x74, 0xA3, 0xD6, 0xFB, 0x28, 0x7F, 0x44, 0x97,
    0x27, 0xC2, 0x76, 0x27, 0x24, 0x40, 0x96, 0x77, 0x91, 0x52, 0xCA, 0x38, 0x81, 0x5C, 0xF7, 0x79,
    0x69, 0xB7, 0xB7, 0xD5, 0x6E, 0x55, 0x7A, 0x57, 0x17, 0x18, 0xE6, 0x62, 0x0B, 0x9D, 0x45, 0xCE,
    0x05, 0x64, 0x7B, 0x5A, 0x6E, 0x4E, 0x04, 0x4A, 0x4E, 0xDE, 0xAC, 0x33, 0x1A, 0xCA, 0xB9, 0x72,
    0x63, 0xDC, 0xEE, 0xB7, 0x3A, 0x7E, 0x10, 0xE3, 0xB4, 0x2C, 0xCA, 0xF0, 0x8E, 0x48, 0x18, 0x32,
    0x2F, 0x71, 0x48, 0xF3, 0x9C, 0x2C, 0x27, 0xEA, 0xB4, 0xDB, 0x52, 0x1D, 0x53, 0x8C, 0xD6, 0x8A,
    0x01, 0xA0, 0xA4, 0xA2, 0x00, 0x93, 0x52, 0x85, 0x94, 0xB5, 0x26, 0x01, 0x06, 0x09, 0x6A, 0x71,
    0x37, 0xCA, 0xB8, 0x79, 0x5E, 0x05, 0x71, 0xAF, 0x96, 0xB9, 0x08, 0x50, 0xAA, 0x8B, 0x36, 0xD4,
    0xDE, 0xA1, 0xA2, 0x45, 0xFB, 0x32, 0x6D, 0xA9, 0x1D, 0x07, 0xE1, 0x45, 0x6C, 0x67, 0x1C, 0x4C,
    0x4C, 0x71, 0x55, 0xF5, 0xD4, 0xB6, 0x3A, 0x0B, 0x49, 0x13, 0xD6, 0xD1, 0x46, 0x98, 0xAD, 0xCC,
    0x98, 0x4F, 0x73, 0x4B, 0xFD, 0x67, 0x30, 0xB0, 0x01, 0xA8, 0x6F, 0x25, 0x40, 0x7E, 0x97, 0xDB,
    0xDB, 0x96, 0xBF, 0x69, 0x52, 0x5E, 0x65, 0x28, 0xC8, 0x8B, 0x98, 0xBD, 0xB4, 0x02, 0xCC, 0xDD,
    0xD2, 0x71, 0xE6, 0x45, 0xEB, 0x0F, 0x0C, 0x2F, 0xF6, 0x4B, 0x59, 0x24, 0x7B, 0x65, 0x06, 0xC0,
    0xF1, 0x00, 0x2F, 0x14, 0xF4, 0x32, 0x05, 0x04, 0x16, 0x0B, 0xB9, 0x10, 0x1E, 0xAF, 0x68, 0x89,
    0x45, 0x63, 0x6A, 0xD9, 0x26, 0x65, 0x69, 0x59, 0x75, 0x1F, 0x2D, 0x0E, 0x70, 0x25, 0x9F, 0xE8,
    0x34, 0x74, 0x1D, 0x8F, 0xC9, 0x9F, 0x10, 0xBF, 0x81, 0xAB, 0xEE, 0xDB, 0x09, 0x50, 0x4B, 0x4B,
    0xFA, 0x19, 0x6B, 0xEC, 0xF5, 0x81, 0xB2, 0xAB, 0x61, 0x8F, 0x16, 0x1D, 0x2F, 0x67, 0x7E, 0x90,
    0x81, 0x0D, 0xDF, 0xEC, 0x08, 0x04, 0xCF, 0x06, 0x6C, 0xA7, 0x17, 0x6F, 0x76, 0xD6, 0xDD, 0x0F,
    0x18, 0x4E, 0x94, 0x61, 0x93, 0x8E, 0x29, 0x4E, 0xB8, 0xD0, 0xE1, 0x0F, 0xB1, 0xCE, 0x15, 0xBD,
    0x79, 0xB6, 0x66, 0xF8, 0xF7, 0xF9, 0x15, 0xCB, 0x7D, 0xD9, 0xAF, 0x94, 0x5E, 0x7A, 0xDE, 0xAF,
    0x6C, 0xF8, 0xD4, 0x89, 0xE3, 0xAC, 0x6E, 0x3D, 0x74, 0x2A, 0x64, 0x0D, 0x99, 0x07, 0x7A, 0x04,
    0x9E, 0x97, 0x39, 0x06, 0xD8, 0x04, 0x24, 0x99, 0x77, 0xB5, 0x68, 0x91, 0x11, 0x1C, 0xDE, 0xC6,
    0x9D, 0xED, 0x39, 0x3F, 0xDC, 0xD6, 0x1E, 0x2A, 0xB0, 0xDD, 0xE7, 0xA8, 0x62, 0xA8, 0x6C, 0x90,
    0x8A, 0x62, 0x71, 0x5E, 0x1C, 0xF8, 0x8D, 0x6D, 0x0B, 0x91, 0x8D, 0x63, 0x04, 0x0E, 0xAB, 0xA4,
    0x1F, 0xB2, 0x7F, 0x14, 0x38, 0x5B, 0xDE, 0xA1, 0xCA, 0x74, 0x57, 0xF6, 0x28, 0xE8, 0xA1, 0xCE,
    0x42, 0xA9, 0x2B, 0xA0, 0x9B, 0x41, 0xBE, 0x54, 0x3D, 0x83, 0x78, 0x47, 0x90, 0xD1, 0xE1, 0x3B,
    0xCA, 0x88, 0xC3, 0x26, 0x23, 0xFB, 0xCB, 0x64, 0x90, 0xAA, 0x2F, 0xEB, 0x4F, 0xB1, 0x44, 0x2D,
    0xC9, 0x67, 0x48, 0x07, 0x1F, 0x52, 0xCB, 0xC9, 0xAE, 0xAC, 0x4D, 0x72, 0xF6, 0x69, 0xD5, 0x74,
    0x2C, 0xB1, 0xC7, 0xF0, 0x1A, 0x0D, 0x28, 0x65, 0x05, 0x05, 0xE4, 0xF4, 0x60, 0xF9, 0xAE, 0x31,
    0xC3, 0xED, 0x63, 0x35, 0x76, 0x7B, 0x34, 0x4D, 0xE6, 0xFF, 0x8D, 0x8D, 0x56, 0xC8, 0x3E, 0x14,
    0x9A, 0xEB, 0xA2, 0x1F, 0x91, 0xB5, 0xF1, 0x6E, 0x61, 0x80, 0xEB, 0x16, 0x93, 0xBD, 0x87, 0x9A,
    0xD3, 0xC9, 0xA9, 0x9F, 0x72, 0xD5, 0xFD, 0x49, 0x4A, 0x62, 0xED, 0x5A, 0xC2, 0x81, 0xF2, 0xDC,
    0x4F, 0xB0, 0xFF, 0xC8, 0x5B, 0xB6, 0x90, 0x11, 0xBA, 0x20, 0xF0, 0x79, 0x29, 0xB5, 0xFD, 0x20,
    0x8F, 0x89, 0xB5, 0x5C, 0x31, 0xDD, 0x88, 0x71, 0xBA, 0x55, 0x9C, 0x12, 0x70, 0x15, 0x84, 0x1A,
    0x62, 0x2D, 0x1A, 0x92, 0x0A, 0x34, 0x28, 0xB1, 0x1A, 0x16, 0xEE, 0x41, 0xE4, 0xDC, 0x38, 0x1B,
    0x2F, 0x85, 0xD4, 0x68, 0x50, 0xE3, 0xAB, 0x55, 0xE4, 0xE3, 0x56, 0x33, 0x94, 0x3A, 0xFB, 0xF4,
    0xEE, 0x8E, 0x72, 0x57, 0x51, 0x80, 0xAB, 0xAB, 0x28, 0x87, 0x8A, 0x00, 0x95, 0xD4, 0x53, 0x00,
    0xBE, 0xEC, 0x2D, 0xBB, 0xB2, 0xA0, 0x91, 0xED, 0x47, 0x7D, 0x39, 0xB8, 0x13, 0x00, 0x7C, 0x58,
    0xF0, 0xA7, 0xB7, 0xB3, 0xE4, 0x4E, 0xED, 0xE3, 0x20, 0x7C, 0x8B, 0x95, 0x32, 0x58, 0xB6, 0xF1,
    0x36, 0x59, 0xC9, 0x2E, 0x98, 0x16, 0x58, 0x14, 0xE8, 0x08, 0xAC, 0x8A, 0xAE, 0x56, 0xB3, 0xC4,
    0x2B, 0xCD, 0x63, 0x60, 0x6B, 0x01, 0x93, 0x77, 0x12, 0x5B, 0x2F, 0x11, 0xCF, 0xA9, 0x76, 0x84,
    0x72, 0x92, 0x4F, 0xE0, 0xEC, 0x3A, 0xE8, 0xDA, 0x22, 0x24, 0x7B, 0x5B, 0x3B, 0x57, 0x48, 0x8B,
    0x5A, 0x79, 0x47, 0xC7, 0x8A, 0xA6, 0x69, 0x5D, 0x59, 0x4A, 0x0C, 0x65, 0x81, 0xA2, 0x99, 0x3A,
    0xBF, 0x7D, 0x3C, 0x2E, 0xB1, 0xE0, 0xE1, 0x66, 0x08, 0x9C, 0x54, 0xF9, 0x3D, 0x16, 0x13, 0xAE,
    0x4B, 0x49, 0xC9, 0x0D, 0x49, 0x6A, 0x8C, 0xD9, 0x6C, 0x8D, 0x1C, 0xB1, 0x41, 0x32, 0xAC, 0x8E,
    0xF2, 0x5B, 0xDE, 0x8B, 0x5D, 0x64, 0xEF, 0x5D, 0xC8, 0x36, 0xA9, 0x9F, 0x6D, 0xCC, 0xDF, 0x56,
    0x16, 0xC1, 0xA0, 0xE6, 0xF7, 0x91, 0xA3, 0xF9, 0x36, 0x0D, 0x6B, 0xD8, 0xAB, 0x46, 0xF3, 0x8B,
    0x64, 0x6E, 0xF1, 0xAB, 0xA4, 0x6F, 0xF1, 0x67, 0x94, 0x23, 0x47, 0x3C, 0x91, 0x37, 0xCE, 0x4A,
    0xC6, 0x55, 0x2B, 0x91, 0xAD, 0xB7, 0xCC, 0x48, 0x9D, 0x8F, 0xD3, 0xA3, 0xBA, 0x33, 0xDC, 0xC0,
    0xFA, 0x90, 0x95, 0x75, 0x28, 0xDE, 0x91, 0x43, 0x32, 0x31, 0x69, 0x2E, 0xCF, 0xF4, 0xA2, 0x07,
    0xC3, 0x6C, 0x1B, 0x58, 0xD8, 0x4A, 0x82, 0x46, 0x7A, 0x00, 0x0B, 0x39, 0xC7, 0xF8, 0x2C, 0xE2,
    0x8F, 0x80, 0xF5, 0xBA, 0xD1, 0x24, 0xE3, 0x79, 0x9F, 0x4D, 0xAD, 0x6C, 0x00, 0x5A, 0x9A, 0x3C,
    0x0D, 0x2E, 0x3A, 0x18, 0x0C, 0xC1, 0xCE, 0x09, 0xD2, 0xE2, 0x4A, 0xB5, 0xA1, 0x0D, 0x07, 0xC6,
    0x0F, 0x61, 0x82, 0xC9, 0x6A, 0xA7, 0x40, 0x96, 0xEB, 0x06, 0xF7, 0xDE, 0xC1, 0xEC, 0xE9, 0xCC,
    0x02, 0xF2, 0x40, 0xFE, 0xC8, 0xC5, 0x98, 0x8A, 0xFE, 0x31, 0xC7, 0xBC, 0x93, 0xF5, 0x3B, 0xAA,
    0x5A, 0x5E, 0x85, 0x0A, 0x23, 0xD8, 0x30, 0x77, 0xC3, 0x06, 0xB8, 0xBC, 0xAA, 0x00, 0x75, 0x3E,
    0x95, 0x6C, 0x14, 0xEB, 0x38, 0xA3, 0xE3, 0xE8, 0x49, 0x9E, 0x97, 0x07, 0x04, 0x05, 0x8F, 0x97,
    0xEF, 0x3C, 0xAB, 0x21, 0xCE, 0xA9, 0xF9, 0x83, 0xC0, 0xC8, 0x22, 0x80, 0x0D, 0xA0, 0x0B, 0x82,
    0xB2, 0x61, 0xE4, 0xB2, 0x94, 0x60, 0x72, 0xDE, 0x09, 0x3C, 0x67, 0xB5, 0xEC, 0x00, 0x3F, 0x6B,
    0x4C, 0x83, 0x4E, 0x6B, 0x0C, 0xDE, 0x39, 0xCB, 0xB8, 0xF7, 0xCF, 0xFF, 0x84, 0x2F, 0xBC, 0xE7,
    0x61, 0xAE, 0xE5, 0xFF, 0x04, 0x65, 0xDC, 0xAF, 0xBC, 0xA2, 0xA0, 0x37, 0x8F, 0x19, 0x74, 0xFB,
    0xA8, 0x7A, 0xF5, 0xD3, 0xC0, 0xAA, 0xEB, 0x2E, 0xB6, 0x7B, 0x8C, 0xDD, 0xC5, 0xCF, 0xC2, 0xEC,
    0x85, 0xBB, 0x5D, 0xF7, 0x37, 0x09, 0x56, 0x9A, 0xB3, 0x4C, 0x1A, 0xA6, 0xCB, 0x6F, 0xC3, 0x86,
    0x43, 0x50, 0x60, 0xA3, 0x3C, 0xA8, 0x99, 0x07, 0xC3, 0x90, 0x51, 0x23, 0x7C, 0xC3, 0x67, 0xF0,
    0xA4, 0xC7, 0x7C, 0x7B, 0x0A, 0xCC, 0x7B, 0x84, 0x2C, 0x2D, 0x98, 0xEC, 0x4B, 0x96, 0x8E, 0x2F,
    0x59, 0x89, 0x94, 0xF9, 0x9C, 0x95, 0xA3, 0xBC, 0xF9, 0x88, 0x43, 0x93, 0x3A, 0x93, 0x6E, 0x3F,
    0x7D, 0x6C, 0xB9, 0x0F, 0xBC, 0x2B, 0x13, 0x46, 0x49, 0x58, 0xD9, 0x1F, 0x21, 0x86, 0xAA, 0xE4,
    0xE0, 0x76, 0x9E, 0x1D, 0x03, 0x6B, 0x13, 0x5B, 0x50, 0x9E, 0x35, 0x0F, 0xEE, 0x38, 0x0B, 0x4A,
    0x1F, 0x08, 0x44, 0x85, 0x51, 0x21, 0x8C, 0x11, 0xC6, 0x3C, 0xD1, 0xA5, 0x6E, 0x6E, 0xCA, 0x82,
    0x9E, 0x69, 0x89, 0xDF, 0x29, 0x8F, 0x40, 0xD8, 0x0B, 0x6B, 0x22, 0xCC, 0x83, 0x50, 0x43, 0xF8,
    0xC2, 0x52, 0x17, 0x95, 0x47, 0xEC, 0x13, 0xA0, 0x2C, 0x29, 0x69, 0xC1, 0xE1, 0xF2, 0x27, 0x5A,
    0x77, 0x46, 0x5F, 0xCF, 0x20, 0xF1, 0x3B, 0xC7, 0x24, 0xB8, 0x39, 0x2C, 0x5A, 0x92, 0x74, 0x00,
    0x03, 0x3C, 0xAC, 0x8A, 0x35, 0xA8, 0x76, 0x93, 0x0B, 0x91, 0xF4, 0xF1, 0x8A, 0x4F, 0xA3, 0x94,
    0x3F, 0x83, 0x15, 0x5E, 0x8A, 0xB2, 0x63, 0x57, 0x25, 0x77, 0x17, 0x5A, 0xED, 0x92, 0xE6, 0xD7,
    0x9C, 0xC4, 0x0D, 0xE7, 0x18, 0x94, 0x96, 0x18, 0xC4, 0x65, 0x87, 0xF7, 0xED, 0x96, 0x0B, 0x02,
    0x74, 0x5C, 0x28, 0x9D, 0xE3, 0x0B, 0x37, 0xAA, 0x0B, 0x3B, 0x9D, 0xEB, 0x34, 0x5F, 0x6D, 0x6A,
    0xD4, 0x0D, 0xF2, 0x00, 0xBD, 0x50, 0x3C, 0xB9, 0x8D, 0x41, 0xB0, 0x40, 0xEC, 0xBE, 0xBD, 0x01,
    0xA0, 0x50, 0x5A, 0xBC, 0xE1, 0xFB, 0x85, 0xCD, 0x63, 0xA5, 0xC5, 0x02, 0x9F, 0x1E, 0xDF, 0xBB,
    0xB7, 0xAC, 0x9F, 0x44, 0x0C, 0x5D, 0x6E, 0xF9, 0xEF, 0x6B, 0x0B, 0xFD, 0xE6, 0xA2, 0x53, 0x70,
    0xA6, 0xFC, 0x5A, 0xA1, 0xFA, 0x4F, 0x8F, 0x87, 0x85, 0x9A, 0x7E, 0xF2, 0xC1, 0xC3, 0x4C, 0xBC,
    0xC6, 0xAB, 0x1E, 0xDF, 0x92, 0x45, 0x55, 0x47, 0x19, 0xAC, 0x0F, 0x29, 0xFF, 0xE0, 0x12, 0xD8,
    0x85, 0xDA, 0x4F, 0x66, 0xB0, 0x95, 0x17, 0xC0, 0x5A, 0x38, 0x42, 0x85, 0x4B, 0x37, 0x9C, 0x4B,
    0x50, 0x50, 0x5A, 0x4A, 0x82, 0x8F, 0x5A, 0x40, 0xE2, 0xED, 0x77, 0x1E, 0xD4, 0x4E, 0x0A, 0x12,
    0x23, 0x8E, 0xBE, 0xC4, 0x33, 0x98, 0x7F, 0x95, 0x4F, 0x6F, 0x39, 0xBE, 0x63, 0xDB, 0x79, 0xCD,
    0x4F, 0xE3, 0xBE, 0x11, 0xA0, 0xF3, 0xD4, 0xEB, 0xA8, 0x2A, 0x62, 0x54, 0x5A, 0xFF, 0x6A, 0x23,
    0x7F, 0xB2, 0x49, 0x93, 0xBD, 0x8C, 0x77, 0x3D, 0x9A, 0xD7, 0x4F, 0x63, 0xB0, 0x09, 0xF9, 0x5D,
    0xD2, 0x08, 0xB3, 0x24, 0x74, 0xF7, 0x6D, 0xA8, 0xAF, 0xB4, 0x54, 0x86, 0xBD, 0xC9, 0x72, 0x4C,
    0x3F, 0x1E, 0x7D, 0x7B, 0xB5, 0x7E, 0xFC, 0xAF, 0xBF, 0xBB, 0x5A, 0xFF, 0x9B, 0xD3, 0xDF, 0x5D,
    0x6D, 0x36, 0x9B, 0xDF, 0x5D, 0x3D, 0x75, 0xFC, 0xD9, 0xEF, 0xAE, 0xFE, 0xC7, 0xC7, 0x8F, 0x73,
    0xD9, 0xF1, 0x8B, 0x00, 0x3F, 0x04, 0xF8, 0xCE, 0x71, 0x06, 0xC7, 0x7D, 0x06, 0x27, 0xFC, 0x74,
    0xFE, 0xC1, 0xE7, 0x1E, 0x5A, 0xEC, 0xA5, 0xF7, 0xD2, 0x98, 0x72, 0x49, 0xE8, 0x3E, 0x36, 0xAF,
    0xD3, 0xFD, 0x0A, 0x39, 0x31, 0x7C, 0xDB, 0xF7, 0x51, 0x52, 0x5A, 0x54, 0x25, 0xEA, 0xAA, 0xDC,
    0x29, 0x11, 0x56, 0x5D, 0x62, 0xB7, 0xE6, 0x42, 0x00, 0x27, 0xB3, 0x1F, 0xBD, 0xBE, 0x44, 0xFF,
    0xD8, 0x3F, 0xFD, 0x5F, 0x91, 0x6B, 0x71, 0xFA, 0xBB, 0x80, 0xD1, 0x29, 0x3C, 0x15, 0x9C, 0x84,
    0x37, 0xF9, 0xC2, 0x71, 0xD6, 0x41, 0x9F, 0xBD, 0x7C, 0xEA, 0x08, 0xB2, 0xE2, 0x7E, 0x22, 0x78,
    0xD0, 0x76, 0x85, 0xE8, 0x3E, 0x76, 0xE6, 0xE4, 0xDE, 0x89, 0xF4, 0x49, 0x93, 0xCF, 0xED, 0xE2,
    0xB8, 0xB4, 0xA0, 0xCA, 0x55, 0x8B, 0xD1, 0x73, 0x4B, 0x0C, 0x1F, 0xFA, 0xAB, 0x04, 0xE9, 0x67,
    0x01, 0xCD, 0x4B, 0x28, 0x29, 0x21, 0xC7, 0x81, 0xFE, 0x99, 0x40, 0x99, 0x4E, 0xBE, 0xE7, 0xCE,
    0x26, 0xB6, 0xF5, 0xB1, 0xBE, 0x85, 0x0D, 0x7A, 0x27, 0xF7, 0x70, 0xBB, 0xA7, 0xC2, 0xCA, 0x7E,
    0xCA, 0x7E, 0x8E, 0x2A, 0xD7, 0xA3, 0xDD, 0xC1, 0xD6, 0x3A, 0x11, 0x3B, 0x82, 0xD6, 0x9B, 0xDC,
    0x76, 0x1C, 0xCB, 0x51, 0xB4, 0x13, 0x3E, 0x20, 0x57, 0xC1, 0xE5, 0x27, 0xCF, 0x3E, 0x4D, 0x09,
    0xFD, 0x59, 0x1E, 0x83, 0x84, 0xF6, 0x43, 0xBF, 0xC6, 0x70, 0x89, 0x6F, 0xB5, 0xA3, 0x85, 0x30,
    0xE0, 0xF2, 0xE0, 0x09, 0xE6, 0xE8, 0x9A, 0xFF, 0x49, 0x81, 0x25, 0x2C, 0x6D, 0x64, 0xE5, 0x9C,
    0x39, 0x31, 0xF6, 0x91, 0x33, 0x1E, 0x46, 0x76, 0xA3, 0x65, 0x1C, 0x7F, 0x23, 0xA4, 0x01, 0xED,
    0x45, 0xFF, 0x28, 0xF3, 0xFB, 0xFD, 0x92, 0xC3, 0xDF, 0x83, 0xB6, 0x37, 0x80, 0x0F, 0x27, 0x1C,
    0x08, 0x4A, 0xCB, 0x09, 0xF1, 0xCE, 0x8E, 0x27, 0x89, 0x3E, 0x8B, 0xF0, 0x59, 0x3E, 0x33, 0x7E,
    0x7E, 0x1F, 0x69, 0xD1, 0x6D, 0xA1, 0x43, 0xE6, 0xD3, 0xAF, 0xB0, 0x99, 0xBB, 0xD1, 0xB9, 0x15,
    0x91, 0x01, 0x27, 0x09, 0x4F, 0x5C, 0xED, 0x3A, 0x27, 0xA4, 0xD4, 0xF9, 0xF1, 0xE1, 0x00, 0xF7,
    0x67, 0x99, 0x43, 0x3E, 0xE8, 0xDB, 0x68, 0xCB, 0x67, 0x6B, 0xC1, 0x7E, 0xCD, 0xCD, 0xCB, 0x02,
    0x9B, 0xC3, 0x75, 0xD2, 0xDE, 0x7A, 0x21, 0x98, 0x44, 0x26, 0x0C, 0xBF, 0xD0, 0x1A, 0xD6, 0xD6,
    0xAE, 0x66, 0x33, 0x28, 0xA8, 0xEC, 0x81, 0x1B, 0x2F, 0xCF, 0x3E, 0xFE, 0x23, 0x68, 0xC4, 0x96,
    0x1B, 0x2F, 0x85, 0x67, 0x05, 0x73, 0xB8, 0x1D, 0xB1, 0x52, 0x99, 0x13, 0xC6, 0xF3, 0x92, 0xD2,
    0xF6, 0x0B, 0xAF, 0xE3, 0x43, 0x92, 0x15, 0x67, 0xE6, 0xAB, 0x92, 0xD5, 0xEE, 0x1E, 0x93, 0x3C,
    0xC5, 0x6C, 0x03, 0xBA, 0xBB, 0x36, 0xDF, 0xB2, 0x55, 0xD6, 0xC4, 0x49, 0x68, 0xCF, 0xF4, 0xEE,
    0xFB, 0xCD, 0x43, 0xE7, 0xF2, 0xD1, 0x9B, 0xE7, 0xA8, 0x0F, 0x23, 0x6D, 0xDC, 0x06, 0x70, 0xE0,
    0x36, 0x9F, 0x6E, 0xD8, 0xF6, 0xA1, 0xB3, 0xAC, 0xE4, 0x5E, 0x46, 0x4E, 0x29, 0xFC, 0x21, 0x00,
    0x7C, 0xEA, 0x87, 0xA9, 0x67, 0x3E, 0xC4, 0xA7, 0x4C, 0x2E, 0xA1, 0x1E, 0x1D, 0x70, 0x43, 0xCB,
    0x79, 0x95, 0xB9, 0x8F, 0x93, 0xA4, 0xB0, 0xE0, 0x0C, 0x23, 0x0B, 0x11, 0x3B, 0x4B, 0x6C, 0x90,
    0xFC, 0x92, 0xB5, 0xCB, 0xCD, 0xBC, 0x74, 0x6C, 0x6F, 0x20, 0x66, 0x57, 0x5E, 0xB1, 0xA5, 0x03,
    0x38, 0x24, 0x37, 0x7C, 0x76, 0x1B, 0xD8, 0x35, 0x17, 0xC0, 0xED, 0x29, 0x39, 0x3F, 0x6A, 0xBB,
    0xA9, 0x09, 0x48, 0x1D, 0x66, 0xAC, 0xAE, 0xE5, 0xCB, 0x1E, 0x23, 0x76, 0x13, 0xD3, 0x36, 0xCE,
    0x33, 0xFC, 0x1C, 0xFC, 0x00, 0xDB, 0x4E, 0x9D, 0xBD, 0xC8, 0x12, 0xFD, 0x04, 0xBF, 0x97, 0x82,
    0x76, 0x74, 0xC2, 0x0F, 0xB8, 0xFC, 0x04, 0xA3, 0x10, 0x97, 0x70, 0x9F, 0xEC, 0x6D, 0x2F, 0xBC,
    0x70, 0x96, 0xCB, 0x7F, 0xC8, 0xFD, 0x49, 0x4A, 0x96, 0x78, 0xB2, 0x17, 0x59, 0x88, 0x49, 0x1B,
    0x71, 0xD9, 0xA4, 0xE1, 0x31, 0xBE, 0x24, 0x4D, 0xFF, 0x29, 0x60, 0xCD, 0x4B, 0xAF, 0x6C, 0xA5,
    0xD2, 0xF4, 0xC7, 0x4F, 0x6E, 0x65, 0xA4, 0xD8, 0x68, 0x1C, 0xC0, 0x6A, 0x66, 0x23, 0x12, 0xA6,
    0x32, 0x2E, 0x3B, 0xC2, 0x7E, 0x6A, 0x76, 0x76, 0xAE, 0x0A, 0xA9, 0xBC, 0xE2, 0xF7, 0xCB, 0xAE,
    0xA1, 0x1C, 0xD7, 0x71, 0xDC, 0xAF, 0xA4, 0x6F, 0x08, 0xC3, 0x20, 0x84, 0xFF, 0x31, 0xA4, 0x8A,
    0x03, 0xEB, 0xC9, 0x29, 0x5F, 0x1C, 0xAB, 0x38, 0x72, 0x0A, 0x00, 0xFD, 0x6F, 0xEA, 0x52, 0xF9,
    0xCE, 0x2F, 0x3C, 0xC0, 0xFD, 0x77, 0x2B, 0x9B, 0xF9, 0x48, 0xCA, 0xF8, 0x2A, 0x9F, 0x3A, 0x15,
    0xC3, 0x9D, 0x5A, 0x28, 0x1A, 0xEE, 0x03, 0x63, 0x49, 0x3E, 0x25, 0x53, 0x6D, 0x8C, 0xEA, 0x8A,
    0x57, 0xB9, 0xB5, 0x43, 0xFF, 0x58, 0xDC, 0xC6, 0xC5, 0xF2, 0xC5, 0xF1, 0xCA, 0x7B, 0xF0, 0x6C,
    0x61, 0x83, 0xEE, 0x55, 0x0A, 0xAC, 0x5C, 0x54, 0x0A, 0x69, 0x93, 0x2A, 0x37, 0xDF, 0xBD, 0x7D,
    0x7C, 0xEA, 0x2D, 0xBE, 0xF0, 0xC0, 0x9C, 0xE8, 0x88, 0xA9, 0xB2, 0x5B, 0x29, 0xCC, 0x47, 0x61,
    0x85, 0x31, 0x5B, 0x81, 0xA9, 0x06, 0x9F, 0x3E, 0x30, 0x86, 0x53, 0x95, 0x2A, 0x74, 0xB8, 0x2C,
    0x59, 0x8F, 0x21, 0x68, 0x75, 0xA6, 0x63, 0x11, 0x58, 0xB1, 0xF6, 0x6F, 0x52, 0x1C, 0xA5, 0x9B,
    0xB3, 0x5C, 0xBB, 0x6D, 0x11, 0x08, 0xE8, 0x04, 0x1F, 0x3A, 0x81, 0xBC, 0x95, 0x3E, 0xB2, 0xCE,
    0xA9, 0x30, 0x0D, 0xC9, 0xA7, 0xDD, 0x20, 0xBE, 0x03, 0xF1, 0x53, 0xD8, 0xD1, 0x19, 0xC8, 0x38,
    0x47, 0xA2, 0xB5, 0x05, 0xB8, 0x93, 0xF3, 0xD1, 0xAB, 0x8C, 0x03, 0xBD, 0x4F, 0x6F, 0x99, 0xFA,
    0x02, 0x92, 0xC3, 0x3F, 0xC5, 0x68, 0x74, 0xEA, 0x78, 0xBD, 0x4E, 0xF6, 0x96, 0x67, 0xBD, 0x7D,
    0x34, 0x52, 0xBE, 0xAB, 0xFC, 0x81, 0x96, 0xDF, 0x33, 0xE8, 0x84, 0x9B, 0xE3, 0x92, 0xAE, 0x00,
    0x34, 0x9D, 0x5F, 0xE6, 0x21, 0x55, 0x6B, 0x97, 0x23, 0x60, 0x8A, 0x09, 0xDD, 0xD6, 0x8C, 0x4F,
    0xDB, 0x47, 0x6D, 0x53, 0x50, 0xB9, 0xD5, 0x13, 0x12, 0xFC, 0x8D, 0x0E, 0x45, 0x61, 0xD2, 0x78,
    0xB8, 0x1C, 0x24, 0x8D, 0x03, 0x5B, 0x7D, 0x3B, 0x7A, 0xE8, 0x59, 0xE2, 0x0B, 0x4B, 0x34, 0xF0,
    0x71, 0x06, 0xD1, 0x7F, 0xFE, 0xD3, 0x17, 0x03, 0x62, 0xAB, 0xED, 0x88, 0xFA, 0x8E, 0x83, 0x1B,
    0x96, 0xC7, 0x19, 0x44, 0x4B, 0xCC, 0x36, 0xC2, 0xC4, 0xDB, 0x0E, 0x9E, 0x0B, 0x13, 0x7C, 0x2A,
    0x80, 0xB5, 0xA5, 0x28, 0x3C, 0xBF, 0x5B, 0x9D, 0x96, 0x01, 0x58, 0x7F, 0x89, 0x2F, 0xB8, 0x7C,
    0x81, 0x9F, 0xF0, 0x13, 0xDC, 0x38, 0x0B, 0x9D, 0x93, 0xB7, 0xF9, 0x09, 0xF3, 0xB6, 0x93, 0x5E,
    0xC2, 0xA6, 0x5F, 0xB8, 0x89, 0x22, 0x6D, 0x97, 0xDC, 0x66, 0x6D, 0xFA, 0x5A, 0xBC, 0x45, 0xE9,
    0x28, 0xBA, 0x5A, 0x05, 0x7A, 0xC5, 0xD5, 0x96, 0x67, 0x24, 0x12, 0x8F, 0x80, 0x24, 0xFA, 0x19,
    0x3F, 0x11, 0x1F, 0x44, 0x1A, 0x3E, 0x88, 0x62, 0x1A, 0xEB, 0xFB, 0xEA, 0x69, 0x36, 0xB3, 0xB3,
    0x2C, 0x11, 0x16, 0xD8, 0x0C, 0x49, 0x4B, 0x82, 0xBF, 0xAA, 0x61, 0x6D, 0x17, 0xBC, 0x56, 0xCD,
    0xC7, 0xA4, 0xE6, 0x95, 0x57, 0x2D, 0x41, 0x88, 0x3E, 0x6E, 0xF7, 0xD1, 0x76, 0xBB, 0x3F, 0x90,
    0xEC, 0x89, 0xB4, 0x78, 0xC1, 0x91, 0xE3, 0xA5, 0x4B, 0x8E, 0x57, 0xD6, 0x4B, 0xD3, 0x92, 0xB4,
    0xBB, 0xF1, 0x57, 0x6A, 0xF7, 0xAA, 0xFD, 0x12, 0x9D, 0xF1, 0xA7, 0xB2, 0xDC, 0xF9, 0x4B, 0x9D,
    0x56, 0x8A, 0x69, 0x60, 0x55, 0x03, 0xDF, 0x18, 0x31, 0x83, 0xB4, 0xD6, 0xA0, 0x3C, 0x2B, 0x54,
    0xFB, 0xC9, 0x59, 0x77, 0xEC, 0x6B, 0xC9, 0xAB, 0xD6, 0xBC, 0xB6, 0x93, 0x66, 0x59, 0x93, 0x15,
    0x94, 0xB5, 0x55, 0x58, 0xCF, 0x57, 0xB3, 0xB1, 0xA0, 0xAF, 0x96, 0x14, 0x4E, 0xFE, 0x08, 0xB6,
    0x72, 0xBE, 0xF8, 0x01, 0xC9, 0x1E, 0xB7, 0xC1, 0xF8, 0xEA, 0x92, 0x99, 0xB4, 0x08, 0x9B, 0xC7,
    0x3C, 0x06, 0x98, 0x7C, 0xF2, 0xFD, 0x0C, 0xD3, 0xDF, 0x48, 0x30, 0x74, 0x6A, 0xD0, 0xE3, 0x2B,
    0x35, 0x04, 0xAA, 0xFB, 0x6B, 0x8E, 0x64, 0x36, 0x54, 0x05, 0xCA, 0xCA, 0x9C, 0x27, 0x60, 0xB5,
    0xD0, 0x4E, 0xAC, 0xAC, 0x67, 0x1C, 0xDD, 0x20, 0x81, 0x16, 0xD1, 0xEF, 0xF5, 0x67, 0xB1, 0xFD,
    0x01, 0x32, 0x6D, 0x28, 0x28, 0xD2, 0x3E, 0x6E, 0xF7, 0x75, 0x6E, 0xE5, 0x86, 0xF3, 0xEF, 0xDB,
    0xFB, 0x9B, 0xF0, 0x9F, 0x14, 0x64, 0x3D, 0xFD, 0x04, 0x96, 0xBA, 0xC1, 0x5B, 0x69, 0xFE, 0x18,
    0xB9, 0x97, 0x89, 0x17, 0x01, 0xD3, 0xA7, 0xE1, 0xC5, 0x74, 0x02, 0x94, 0x6F, 0x0A, 0x90, 0x1F,
    0xDA, 0x1F, 0x10, 0x7C, 0xF2, 0x81, 0x71, 0x12, 0xB6, 0x44, 0x1E, 0x6B, 0x0D, 0x9E, 0x5F, 0x80,
    0x47, 0xEE, 0xDF, 0x8A, 0xE5, 0xA0, 0x74, 0xD3, 0x40, 0x68, 0x20, 0xD8, 0xF6, 0x42, 0x19, 0x96,
    0xC6, 0x49, 0x94, 0x4C, 0xC1, 0xEB, 0x19, 0xED, 0x39, 0xF5, 0x7E, 0x6E, 0xB7, 0x72, 0x32, 0xC1,
    0xED, 0xEE, 0x39, 0x95, 0xE0, 0x76, 0x51, 0xAE, 0x96, 0xD8, 0x99, 0x3F, 0x46, 0x48, 0x2D, 0xF1,
    0x3F, 0x64, 0x04, 0x4F, 0x8B, 0x0C, 0x92, 0x7A, 0x36, 0x05, 0x6C, 0x82, 0x72, 0xBB, 0x69, 0x67,
    0x06, 0xBB, 0x85, 0x61, 0x7B, 0xB9, 0xA0, 0xEE, 0xB0, 0x1A, 0xFB, 0xFC, 0xF1, 0x09, 0x56, 0x60,
    0xA7, 0xB1, 0x17, 0x00, 0xF7, 0x11, 0xBD, 0x0E, 0x4C, 0x98, 0x5C, 0xFC, 0xB6, 0xAC, 0x2B, 0x07,
    0x6F, 0xDB, 0xF6, 0xFD, 0xB8, 0xA4, 0x14, 0x6D, 0xDF, 0x76, 0x96, 0x6E, 0x78, 0x2B, 0xCE, 0xAE,
    0x2B, 0xC8, 0xAA, 0x3C, 0xF8, 0xEB, 0x1B, 0x53, 0xD2, 0xDF, 0x4A, 0x61, 0x35, 0xF7, 0xB7, 0xE2,
    0xA0, 0xBF, 0x28, 0x71, 0x02, 0x94, 0x54, 0x02, 0x94, 0xF4, 0x07, 0x28, 0xE1, 0x5E, 0x40, 0xF5,
    0x09, 0xB2, 0x5B, 0xB8, 0xBF, 0xA7, 0x17, 0x80, 0x5D, 0xD3, 0x9E, 0xE8, 0xC5, 0x6B, 0xDA, 0x2B,
    0x42, 0x93, 0xCA, 0x7E, 0xF5, 0x6B, 0x32, 0x9B, 0xE2, 0xA8, 0xFC, 0x9D, 0x0B, 0x97, 0xFF, 0x42,
    0xFC, 0x74, 0x70, 0xCB, 0xB8, 0x58, 0xF9, 0x6A, 0x13, 0x16, 0xA8, 0x5E, 0xCF, 0x9A, 0x36, 0xF2,
    0xD2, 0xF0, 0xE6, 0x55, 0x43, 0x16, 0x23, 0x18, 0x13, 0xC8, 0xB0, 0xB6, 0xE4, 0x9B, 0x27, 0x08,
    0x3C, 0x17, 0x69, 0x02, 0x92, 0x5D, 0x0B, 0xB1, 0xC0, 0xC9, 0xC2, 0xCE, 0xC6, 0xC8, 0x4D, 0xCB,
    0x8B, 0x74, 0xD0, 0x96, 0x2D, 0xD6, 0x2E, 0x76, 0x2F, 0x1B, 0xD2, 0xD5, 0x87, 0x66, 0x04, 0x94,
    0xA2, 0xC0, 0xF0, 0x46, 0x67, 0xBD, 0xF8, 0xF4, 0x1A, 0x40, 0x22, 0x62, 0x58, 0x46, 0x04, 0xDA,
    0x62, 0xF3, 0x8F, 0x99, 0xFC, 0xCB, 0x70, 0x3A, 0xFA, 0xFC, 0xA2, 0xBA, 0xDF, 0x7B, 0xF9, 0x6B,
    0xFC, 0xFE, 0xA5, 0xE6, 0xA3, 0x6C, 0xB8, 0x80, 0xBF, 0x9B, 0x91, 0x7B, 0xF1, 0x6B, 0xAC, 0xBE,
    0xE4, 0xA3, 0x47, 0x59, 0x24, 0xF6, 0x70, 0x2F, 0x36, 0x5A, 0x54, 0x29, 0x53, 0xE9, 0x91, 0x1B,
    0xB9, 0xC3, 0xEF, 0x5A, 0xBA, 0x65, 0x62, 0x8D, 0xE4, 0x07, 0x48, 0xF8, 0x23, 0x87, 0xCD, 0xE7,
    0x64, 0x11, 0x18, 0xEB, 0xDF, 0x1A, 0x9C, 0x14, 0x91, 0xC1, 0xFA, 0x4A, 0xFE, 0xC0, 0x29, 0x36,
    0x6E, 0x2E, 0x51, 0x53, 0x94, 0x9C, 0x35, 0x2D, 0x8D, 0xF2, 0xDE, 0x03, 0x4C, 0xD9, 0x56, 0xC3,
    0xF8, 0x22, 0xC4, 0xB8, 0xB1, 0xA5, 0x1B, 0x9E, 0x64, 0x16, 0xF0, 0x59, 0xC6, 0x23, 0x8B, 0xD9,
    0x75, 0x24, 0x2B, 0xB2, 0xFA, 0x19, 0xFE, 0x1A, 0x5C, 0x23, 0x2C, 0xE4, 0x17, 0xB9, 0x7C, 0xAB,
    0x5B, 0x90, 0x10, 0x38, 0x52, 0x82, 0xB7, 0x9C, 0x0E, 0xC8, 0x9A, 0x0F, 0x9E, 0xF2, 0xA8, 0xF4,
    0x23, 0x60, 0xE6, 0x7A, 0xD1, 0x7A, 0x2C, 0xB2, 0x5E, 0x41, 0xCE, 0xCD, 0x31, 0x56, 0x84, 0xFA,
    0xE4, 0xCB, 0x2A, 0xCA, 0x99, 0x64, 0x7B, 0xF2, 0xBD, 0x8F, 0x86, 0x64, 0xD0, 0x17, 0xE2, 0x95,
    0x06, 0xAB, 0x15, 0x2F, 0x6C, 0xD2, 0x1A, 0x0D, 0x49, 0xAF, 0x25, 0xD9, 0x5B, 0xC6, 0x94, 0xC4,
    0x4C, 0x8A, 0xF7, 0x99, 0x69, 0xED, 0x36, 0xC3, 0xC8, 0x51, 0x98, 0xBD, 0xFC, 0x28, 0x7A, 0x5A,
    0xA3, 0x38, 0x80, 0xA0, 0x4B, 0xB2, 0xA4, 0x58, 0xB7, 0x64, 0xF7, 0xA2, 0x86, 0x84, 0x15, 0x75,
    0xBB, 0x09, 0x77, 0xB2, 0x04, 0xF2, 0x2A, 0x69, 0x23, 0x0C, 0x2B, 0x45, 0xAA, 0xD5, 0x10, 0xDB,
    0x70, 0x2A, 0x3C, 0x5A, 0xFD, 0x15, 0xB7, 0x9F, 0xD8, 0x28, 0x19, 0x85, 0x77, 0xD4, 0x94, 0x84,
    0x46, 0x4F, 0xB6, 0x0D, 0x15, 0x89, 0x88, 0xCC, 0xC6, 0x0A, 0x4E, 0x43, 0x3E, 0x92, 0x14, 0x47,
    0xC9, 0xD6, 0x34, 0xDD, 0x00, 0x79, 0xAB, 0x01, 0x32, 0xF3, 0x02, 0xAB, 0x81, 0x94, 0x82, 0x31,
    0x95, 0xC7, 0x6B, 0xBB, 0xA9, 0x43, 0x0D, 0xD2, 0x5F, 0xC5, 0x32, 0x43, 0xFA, 0x4D, 0xA5, 0x94,
    0x4B, 0x86, 0x51, 0xEF, 0xF6, 0x83, 0x65, 0x5A, 0x93, 0x45, 0x0F, 0xF3, 0xEE, 0xB0, 0x05, 0x1C,
    0x9D, 0x90, 0x94, 0xA5, 0x9F, 0x49, 0x1A, 0xDD, 0x01, 0x77, 0x14, 0xDB, 0xF2, 0xBA, 0xAB, 0x88,
    0xFC, 0x33, 0xE3, 0x2C, 0x10, 0x8E, 0x9F, 0xFC, 0x48, 0x81, 0x55, 0xBF, 0x03, 0xEF, 0xCF, 0x91,
    0x79, 0x87, 0xF1, 0xEB, 0x49, 0xB2, 0x13, 0xC6, 0xBF, 0x30, 0xB1, 0x0D, 0x91, 0x78, 0x24, 0xE7,
    0x3B, 0x3B, 0xFE, 0x08, 0xCB, 0xB3, 0x65, 0x8C, 0x8C, 0x97, 0x24, 0xA9, 0xF5, 0x93, 0xAA, 0xE7,
    0x39, 0xB5, 0x4F, 0xF1, 0x1D, 0x2E, 0xBF, 0x17, 0xF6, 0xBE, 0x18, 0x95, 0x20, 0xB4, 0xF9, 0x9D,
    0x26, 0x56, 0xC2, 0x7F, 0x76, 0x86, 0x76, 0x51, 0xFC, 0xBD, 0x14, 0x92, 0x04, 0xD1, 0xCA, 0xE1,
    0x32, 0xC2, 0x36, 0x28, 0xD1, 0x02, 0x31, 0x9C, 0xFD, 0xF3, 0x5C, 0x62, 0x6E, 0x81, 0xD5, 0x60,
    0x1B, 0x80, 0x60, 0xFB, 0x15, 0xF1, 0x01, 0xB5, 0x92, 0xD9, 0xED, 0x2D, 0xE2, 0x6C, 0x7A, 0x45,
    0x5A, 0x7C, 0xD2, 0xCB, 0x51, 0x8C, 0xE3, 0x64, 0x7C, 0x9E, 0xE7, 0x69, 0x83, 0xF1, 0x87, 0xAC,
    0x31, 0xE6, 0xB7, 0xFE, 0x1B, 0x7E, 0x63, 0xE3, 0xE4, 0x07, 0x31, 0x73, 0xC6, 0xFB, 0xE1, 0xEC,
    0x32, 0x7E, 0x03, 0x2C, 0xDB, 0x90, 0x92, 0x17, 0x64, 0x0B, 0xDE, 0x67, 0x7B, 0xD3, 0x83, 0xFC,
    0x50, 0x32, 0xCD, 0x4A, 0xFD, 0x07, 0x72, 0xE9, 0x0C, 0xCB, 0x80, 0x2A, 0x37, 0x97, 0x29, 0xCE,
    0xE4, 0xFA, 0x28, 0x5D, 0x85, 0x14, 0xE5, 0x6E, 0x8C, 0x81, 0x14, 0x37, 0xF4, 0x30, 0x62, 0x54,
    0xB9, 0x91, 0xB9, 0x8B, 0x7B, 0xC7, 0xE0, 0x58, 0x5F, 0x1C, 0xB2, 0xD8, 0x06, 0xC9, 0x1F, 0x0A,
    0x98, 0x7E, 0xDE, 0xAF, 0xD2, 0x56, 0xF9, 0x2D, 0xF7, 0x20, 0x74, 0x79, 0x9A, 0xCB, 0xCC, 0x07,
    0xF9, 0x74, 0x40, 0x63, 0xA3, 0xF3, 0x3A, 0x42, 0xBA, 0x5E, 0x4B, 0xF5, 0x8D, 0x24, 0xA3, 0x71,
    0x85, 0x4E, 0xAC, 0xA4, 0xC8, 0x86, 0xB6, 0x03, 0xFC, 0x22, 0x5B, 0xDF, 0x90, 0xD1, 0x8B, 0xF6,
    0x69, 0x36, 0x06, 0x47, 0x00, 0x7A, 0x00, 0x52, 0x7F, 0xF7, 0xD7, 0x2F, 0x9C, 0x55, 0x5E, 0x67,
    0x9C, 0x76, 0x40, 0x2F, 0x5F, 0xF8, 0x7E, 0xBE, 0xED, 0x9D, 0xD0, 0x1F, 0xDC, 0xE2, 0x85, 0xC6,
    0x6D, 0x7E, 0x30, 0x67, 0xEB, 0x7E, 0xBD, 0x38, 0xCC, 0x66, 0x7A, 0x72, 0x0D, 0xB9, 0xFD, 0xBD,
    0x76, 0xC4, 0xCC, 0x37, 0xB9, 0x3D, 0x75, 0xF1, 0x13, 0x09, 0x93, 0xC2, 0x74, 0xC2, 0xD4, 0xFD,
    0x5C, 0xC2, 0x34, 0xBD, 0x62, 0x72, 0xFB, 0x7E, 0xB3, 0x61, 0x47, 0x6C, 0x7F, 0x25, 0xCC, 0x2C,
    0x6B, 0x32, 0x66, 0xA6, 0x3C, 0x91, 0x30, 0xD3, 0xE4, 0x08, 0xB0, 0x23, 0x3E, 0x4D, 0x96, 0xF9,
    0x82, 0xF8, 0x08, 0x8C, 0x13, 0x5B, 0xFC, 0xBA, 0xB9, 0xD5, 0x0B, 0x27, 0xB8, 0xFA, 0x5A, 0x8E,
    0xA7, 0xBC, 0x92, 0x5C, 0xA3, 0xB9, 0xFD, 0x3D, 0x3C, 0x43, 0x43, 0xD4, 0x83, 0xAD, 0x32, 0x13,
    0x95, 0xD4, 0xBE, 0xF1, 0x74, 0x85, 0x5B, 0xCB, 0x3C, 0xCD, 0xA7, 0x79, 0x6C, 0x3E, 0xEF, 0x54,
    0xCA, 0xFB, 0xCA, 0x9B, 0x2A, 0xFC, 0x96, 0x83, 0xB2, 0x2F, 0xFA, 0x1E, 0x97, 0xC1, 0xFC, 0xD9,
    0x6D, 0xE7, 0xD7, 0xB3, 0x40, 0x8A, 0x46, 0xE5, 0xD3, 0x36, 0x95, 0x0C, 0x00, 0xBC, 0xE9, 0x15,
    0x20, 0x7D, 0x45, 0xF3, 0xDA, 0x9B, 0xA8, 0xB3, 0x39, 0x39, 0x88, 0x15, 0x76, 0x3D, 0xB0, 0x12,
    0x73, 0x19, 0x8C, 0x94, 0xED, 0x00, 0x1A, 0x75, 0x44, 0xD9, 0x8C, 0x00, 0xBD, 0xB7, 0x43, 0x94,
    0x8C, 0xD4, 0x0A, 0x55, 0x87, 0x06, 0x0B, 0x0E, 0x92, 0xF6, 0x9D, 0x74, 0x15, 0x1B, 0x04, 0xAE,
    0xAE, 0xB2, 0x85, 0xBF, 0x50, 0x7E, 0xFA, 0x20, 0x19, 0x8F, 0x01, 0x71, 0xB2, 0x43, 0x60, 0xB6,
    0xCC, 0xC1, 0x16, 0xF1, 0xD9, 0x0F, 0xE3, 0x39, 0xB0, 0x77, 0xEB, 0x76, 0xA6, 0x9A, 0xC2, 0x46,
    0x48, 0xD0, 0x27, 0xB0, 0x80, 0x3A, 0xFB, 0x2A, 0xEB, 0x1A, 0xD4, 0xBB, 0xA5, 0xEB, 0x6B, 0x36,
    0xCB, 0x62, 0x1D, 0x12, 0x96, 0x70, 0x8C, 0x87, 0xB4, 0x20, 0x7B, 0xAF, 0x65, 0xB9, 0xFA, 0xE7,
    0x3F, 0x02, 0xEF, 0xFC, 0x45, 0x28, 0xDD, 0x67, 0x7E, 0x8F, 0xAC, 0x33, 0xFF, 0xEA, 0x87, 0xDE,
    0x33, 0xA5, 0xE8, 0xA5, 0xC6, 0xD8, 0x9A, 0x9D, 0x9B, 0x06, 0xBB, 0xDD, 0xE0, 0x4F, 0x03, 0x23,
    0xAE, 0x5C, 0xAA, 0x91, 0x2A, 0x43, 0x36, 0x96, 0xA2, 0xCD, 0xF0, 0xE4, 0x04, 0xF2, 0x2D, 0x92,
    0x18, 0x4A, 0x1A, 0x8A, 0x1C, 0xA7, 0xCE, 0x03, 0xE6, 0xA3, 0x4E, 0x49, 0x0B, 0xAA, 0xA7, 0xA4,
    0xFC, 0xB5, 0xAD, 0xB7, 0x33, 0x43, 0x6C, 0x9A, 0x26, 0x76, 0x2A, 0xB0, 0xC5, 0x2D, 0x3B, 0x6C,
    0x62, 0x9B, 0x96, 0x23, 0x80, 0x56, 0x00, 0x5B, 0x46, 0x83, 0x7D, 0xA0, 0xBC, 0xDB, 0x67, 0xEF,
    0x29, 0xCF, 0xC1, 0x6F, 0x5E, 0x50, 0x40, 0x4E, 0xE5, 0x42, 0xA7, 0x6C, 0xC5, 0x05, 0x97, 0x4F,
    0xC1, 0x18, 0x0A, 0x70, 0xB4, 0x17, 0xE0, 0x67, 0x2F, 0x0C, 0x03, 0x38, 0x94, 0xC9, 0xD7, 0xD9,
    0xA0, 0xBE, 0xDE, 0x95, 0x38, 0x78, 0xAC, 0xE3, 0xB7, 0x3A, 0x39, 0x98, 0x3A, 0x3C, 0xB6, 0x93,
    0x4D, 0x8B, 0x46, 0xA5, 0x30, 0x53, 0x29, 0xB4, 0xC0, 0x5C, 0xA1, 0xB2, 0xB2, 0xEC, 0xF0, 0xE1,
    0x6A, 0x5C, 0xD6, 0x76, 0x5D, 0x8B, 0x2C, 0xDC, 0x8C, 0x90, 0xF0, 0x86, 0x96, 0xC2, 0xC5, 0x4C,
    0xA9, 0xF7, 0x2E, 0xB6, 0x26, 0xCC, 0xA8, 0x89, 0xBD, 0x8B, 0x2A, 0x69, 0x38, 0x3E, 0x1D, 0x59,
    0x0A, 0x90, 0x46, 0x44, 0x45, 0x29, 0x7C, 0xA9, 0x6D, 0xD1, 0xD9, 0x71, 0x28, 0x79, 0xB2, 0xC8,
    0x20, 0x2D, 0x8B, 0x0C, 0xD2, 0x16, 0x8B, 0xAA, 0x20, 0xA5, 0x35, 0xE9, 0x1D, 0x7C, 0xCF, 0xDF,
    0xC0, 0x75, 0x2A, 0x2A, 0x45, 0x5A, 0x6B, 0xAB, 0xFF, 0xEA, 0x38, 0x1C, 0xD6, 0xBA, 0x0C, 0x02,
    0xF8, 0xEF, 0x75, 0x57, 0xA5, 0x34, 0xC0, 0x9D, 0x16, 0x7F, 0x6F, 0x67, 0x74, 0x76, 0xF6, 0x90,
    0xA3, 0x36, 0xEB, 0x6B, 0xFF, 0xAE, 0x55, 0x8E, 0x32, 0x5C, 0xC3, 0xF1, 0x06, 0x70, 0xB5, 0x69,
    0xB6, 0x03, 0x24, 0x85, 0x54, 0xC7, 0x66, 0x69, 0x6F, 0x3B, 0x6B, 0x21, 0xA6, 0x62, 0x47, 0x8D,
    0x4D, 0x26, 0x0F, 0xE7, 0x26, 0xB3, 0x48, 0x9B, 0x36, 0x99, 0x73, 0x54, 0xD9, 0x64, 0xFE, 0x13,
    0xAA, 0x6C, 0xDE, 0xCE, 0x56, 0x5E, 0x29, 0x62, 0x7A, 0xDB, 0x64, 0x52, 0x1D, 0xC0, 0xA9, 0x31,
    0x18, 0x02, 0x20, 0x01, 0x6C, 0x9F, 0x33, 0xD8, 0xCC, 0x2A, 0x66, 0xB0, 0x29, 0xD6, 0xA1, 0xCB,
    0xED, 0x05, 0xC0, 0x35, 0x95, 0x36, 0x24, 0xBF, 0xC3, 0xE5, 0xF2, 0xDC, 0xAF, 0x52, 0xF6, 0x4D,
    0x36, 0x5A, 0x5B, 0x65, 0x63, 0x50, 0x66, 0x44, 0x87, 0x73, 0xB9, 0x0B, 0x58, 0x7C, 0x5C, 0x96,
    0xDD, 0x32, 0x93, 0x4F, 0x43, 0x3C, 0x54, 0xEC, 0x68, 0xD1, 0xA9, 0x24, 0xCB, 0x93, 0xFD, 0x15,
    0xE4, 0xE0, 0x01, 0x94, 0xA2, 0xEF, 0x51, 0x2E, 0xF5, 0x34, 0x38, 0x6E, 0x0D, 0x7E, 0xCC, 0x23,
    0x3A, 0x4F, 0x1C, 0x5B, 0x2F, 0x35, 0xED, 0x45, 0xE6, 0x1E, 0x06, 0x1B, 0xE5, 0x81, 0xE9, 0x3E,
    0x78, 0xC2, 0x1F, 0xA0, 0x6D, 0xDB, 0x0E, 0x16, 0x31, 0xCC, 0xFD, 0xED, 0xE0, 0x74, 0xAA, 0x2C,
    0x8B, 0xE3, 0x0E, 0xEE, 0x2D, 0xEB, 0x3E, 0xBF, 0x00, 0x32, 0x07, 0x2D, 0xC3, 0x7D, 0xF2, 0xE4,
    0xB3, 0xA6, 0x6B, 0x6E, 0x75, 0x4D, 0xB6, 0xB3, 0x96, 0xAC, 0x68, 0x74, 0xC7, 0xB8, 0xBD, 0x7D,
    0x29, 0x49, 0x59, 0xF3, 0x3F, 0xDA, 0x54, 0x32, 0xF9, 0x0D, 0xA6, 0xCC, 0x44, 0x92, 0xFE, 0x39,
    0x80, 0x89, 0x53, 0x73, 0x3B, 0x5B, 0xF7, 0x66, 0x84, 0x53, 0x4A, 0xEE, 0x28, 0x9B, 0x6A, 0xC9,
    0x76, 0xA2, 0x95, 0x3E, 0x8F, 0x0C, 0xB2, 0xAB, 0x66, 0xCE, 0x23, 0xAB, 0xBD, 0x6B, 0xB7, 0xBE,
    0x5A, 0x86, 0xB5, 0xB4, 0x30, 0x83, 0x24, 0xEA, 0x8C, 0x16, 0x9A, 0x4C, 0x0C, 0x35, 0x1B, 0x1F,
    0xFF, 0x93, 0x6D, 0x4E, 0xD7, 0x30, 0xB8, 0x4E, 0x85, 0x91, 0xD4, 0xFE, 0x07, 0xB2, 0x49, 0xD5,
    0xBD, 0x90, 0x99, 0xA5, 0x06, 0x7C, 0xAF, 0x6B, 0x64, 0xFD, 0x31, 0x3F, 0x82, 0xB6, 0x6B, 0x23,
    0xF7, 0x94, 0xF1, 0x79, 0x0F, 0xAE, 0x36, 0x75, 0x11, 0xFB, 0xC1, 0x52, 0x1D, 0xCB, 0x05, 0xF4,
    0x86, 0x99, 0x61, 0xD9, 0xBB, 0x64, 0x65, 0x58, 0x16, 0x3D, 0xF5, 0x81, 0x4C, 0x8E, 0x12, 0xDF,
    0xF8, 0x68, 0x86, 0xC7, 0xB0, 0x96, 0x63, 0x3D, 0xB1, 0x5A, 0x73, 0x32, 0x16, 0x1B, 0x03, 0xB5,
    0x0C, 0x26, 0x5A, 0xBD, 0x92, 0x82, 0xFA, 0xA2, 0x50, 0x83, 0x44, 0xAF, 0x20, 0x41, 0xB4, 0x79,
    0x84, 0xDC, 0x4A, 0x0D, 0x2D, 0x92, 0x8D, 0x7B, 0x0F, 0xCE, 0x21, 0x17, 0xC4, 0x63, 0x49, 0x5B,
    0xFB, 0x9D, 0x9F, 0x43, 0x45, 0xF6, 0x4A, 0x68, 0xD7, 0xC5, 0x12, 0xB0, 0xBA, 0xF5, 0x53, 0x24,
    0x2A, 0xEC, 0x87, 0x68, 0x6C, 0xF6, 0x4F, 0xB1, 0xC6, 0xF5, 0xE4, 0x43, 0xE7, 0xEF, 0xA6, 0xC4,
    0x13, 0xB6, 0x9F, 0xA3, 0x62, 0x6D, 0x7F, 0x7D, 0x82, 0x36, 0xD5, 0xFA, 0x47, 0x42, 0x6E, 0x57,
    0xF2, 0xD5, 0x6B, 0xB2, 0x1A, 0xB5, 0x26, 0xCB, 0x84, 0x6B, 0xF2, 0xE1, 0xA8, 0x9D, 0x63, 0xCB,
    0x52, 0x0C, 0xDB, 0x8C, 0xB1, 0x51, 0x49, 0x1A, 0x6E, 0x55, 0x81, 0x61, 0x8C, 0x83, 0x63, 0xB8,
    0x83, 0x7A, 0xDD, 0x38, 0x58, 0xBB, 0xD7, 0xD7, 0xA3, 0xD0, 0xE9, 0x6C, 0x7B, 0x0D, 0xCA, 0x42,
    0x4A, 0x84, 0xBB, 0x82, 0x1D, 0x0A, 0x8B, 0x8C, 0xB9, 0x47, 0xCB, 0x87, 0x84, 0x9B, 0x1B, 0xDA,
    0xEE, 0xF2, 0x3D, 0x63, 0x12, 0xD4, 0x4B, 0xED, 0x50, 0xBB, 0x65, 0xC6, 0x0A, 0x97, 0x64, 0xCB,
    0xC3, 0x8B, 0x2B, 0xE6, 0x51, 0xD0, 0x3A, 0x8D, 0x8F, 0x24, 0x50, 0x9C, 0x42, 0xE2, 0x7C, 0xFC,
    0xC4, 0x72, 0xF9, 0x8B, 0x4F, 0x09, 0x69, 0xFE, 0x26, 0x27, 0xDD, 0x01, 0x37, 0x9C, 0x65, 0x50,
    0x6A, 0x0A, 0x3B, 0x4D, 0x95, 0xC7, 0xE3, 0x50, 0x30, 0x3F, 0xBB, 0x7A, 0x88, 0xC5, 0x58, 0x02,
    0xEB, 0xDD, 0x12, 0x85, 0xD4, 0xE1, 0xF1, 0xE4, 0xA6, 0xA9, 0xA8, 0x79, 0xFD, 0xA6, 0x3D, 0x27,
    0x93, 0xF4, 0xE9, 0x27, 0x4E, 0x26, 0xD7, 0x37, 0x19, 0x8C, 0xBA, 0x38, 0xA5, 0x18, 0xDC, 0x0D,
    0x25, 0xA2, 0xC8, 0xDA, 0x2F, 0xF6, 0x73, 0x87, 0xC5, 0x17, 0xFD, 0x22, 0x8A, 0xEC, 0x89, 0xEC,
    0xDD, 0x2C, 0x7D, 0x8A, 0x16, 0x6D, 0x58, 0x33, 0xA8, 0x8B, 0x3B, 0xA1, 0x8E, 0xB4, 0xFF, 0x1A,
    0xC9, 0xB7, 0x0E, 0x71, 0xA4, 0xB7, 0xD7, 0x5C, 0x18, 0x58, 0x73, 0x21, 0x0A, 0x81, 0x59, 0x5E,
    0x62, 0x2E, 0x6F, 0xFE, 0x2D, 0x13, 0xD8, 0x46, 0x16, 0xCC, 0x7A, 0x23, 0xDD, 0x3B, 0x97, 0x77,
    0xD3, 0x76, 0xBD, 0x47, 0x56, 0x79, 0x2D, 0x6B, 0xA3, 0x39, 0xB0, 0x6F, 0xC7, 0x8E, 0x71, 0x27,
    0x9D, 0x96, 0x7D, 0xEE, 0xA3, 0x50, 0x7D, 0x42, 0x46, 0x8E, 0xE2, 0x78, 0x62, 0xEB, 0xB4, 0x7D,
    0x01, 0xC9, 0x7E, 0xAC, 0x35, 0x96, 0x77, 0x8F, 0x2B, 0x2D, 0x63, 0x18, 0x82, 0xE5, 0x08, 0x3E,
    0x45, 0x88, 0xCD, 0xFD, 0x7B, 0x31, 0x17, 0xD2, 0x86, 0x6A, 0x44, 0xF5, 0x84, 0x92, 0x7B, 0xEF,
    0xBD, 0xBB, 0x4C, 0xC5, 0x22, 0xE2, 0x0C, 0xFD, 0x6B, 0x64, 0x2F, 0x0B, 0x47, 0x17, 0x39, 0x76,
    0xF9, 0xEC, 0x27, 0x70, 0xCC, 0x5D, 0xC8, 0x46, 0x6F, 0x30, 0x4C, 0x3B, 0xF7, 0x75, 0x1F, 0x1F,
    0x9F, 0x04, 0x3C, 0xD9, 0x90, 0x12, 0x79, 0xCA, 0x87, 0xCD, 0xD3, 0xF4, 0x4D, 0x39, 0xB6, 0xB0,
    0x94, 0x17, 0xF6, 0xD5, 0x1A, 0x59, 0x30, 0xD2, 0xC6, 0x03, 0x09, 0x9D, 0xAB, 0x45, 0x10, 0x2A,
    0xD4, 0xBD, 0xBB, 0x1D, 0xEA, 0xAE, 0x53, 0x82, 0x85, 0x40, 0x35, 0x91, 0x6E, 0xEA, 0x61, 0x82,
    0x46, 0x91, 0xAA, 0x61, 0x2E, 0x6E, 0x94, 0xAD, 0x5B, 0xF0, 0xA1, 0xA2, 0xA8, 0xC1, 0x28, 0x30,
    0x96, 0x23, 0xA8, 0x7A, 0x6C, 0xE3, 0x5B, 0xBE, 0x05, 0x13, 0x7F, 0x23, 0xD7, 0x32, 0xAC, 0xAA,
    0x6F, 0xA7, 0x69, 0x1B, 0x5E, 0x36, 0x5A, 0x32, 0xED, 0xCC, 0xEE, 0xDD, 0x23, 0x2C, 0x4A, 0x12,
    0x99, 0x02, 0x03, 0xAB, 0xCE, 0xC0, 0xF8, 0x2E, 0xC0, 0xED, 0x1F, 0x49, 0x27, 0xD6, 0x47, 0x3F,
    0xD8, 0xFD, 0xD1, 0xA9, 0x9F, 0xBD, 0xCE, 0x5A, 0xC7, 0xCC, 0x27, 0xD2, 0x89, 0x9E, 0x3F, 0xE3,
    0x0B, 0xAB, 0xFF, 0x33, 0x83, 0xF4, 0x9F, 0xF3, 0xD5, 0xA1, 0xAF, 0xFC, 0x6D, 0x3A, 0x51, 0xF8,
    0xB3, 0xAF, 0xA7, 0x13, 0x9B, 0x66, 0x90, 0xF7, 0x36, 0x93, 0x29, 0xEF, 0xA6, 0xB1, 0x1E, 0xD6,
    0x5E, 0x5C, 0x10, 0xAB, 0xE6, 0x6B, 0x92, 0x3A, 0x63, 0x9C, 0x1D, 0x23, 0x93, 0xAD, 0x86, 0x06,
    0x8D, 0xE4, 0xB2, 0x3C, 0xEF, 0xC3, 0x85, 0x4F, 0x3F, 0xC8, 0x66, 0x4D, 0xFD, 0xA5, 0x33, 0x3C,
    0x91, 0xFF, 0xDD, 0x9D, 0x17, 0xDD, 0x15, 0x0B, 0x73, 0x2D, 0xED, 0x2D, 0x36, 0x74, 0xA2, 0x1D,
    0x0F, 0x31, 0xF5, 0xBD, 0xBC, 0xC4, 0xC6, 0x4D, 0xCF, 0xF9, 0x7E, 0xD6, 0xC6, 0xD2, 0xAF, 0xC2,
    0x77, 0x99, 0x7E, 0x05, 0x62, 0xC9, 0x79, 0xE5, 0xBD, 0xB0, 0x6D, 0x5E, 0xC2, 0x7A, 0xB0, 0x4D,
    0xA1, 0xB8, 0x80, 0x43, 0xEA, 0xAB, 0x8B, 0xE0, 0x1A, 0x44, 0xDF, 0xD6, 0x4A, 0xE7, 0x40, 0xEE,
    0xEF, 0x45, 0x36, 0xC3, 0xDB, 0x12, 0xAC, 0xA3, 0x71, 0xBB, 0x28, 0xC9, 0x14, 0x7A, 0xF9, 0xD8,
    0x92, 0xE8, 0x11, 0x92, 0x31, 0xF9, 0x9E, 0x0F, 0xE0, 0x9E, 0xEC, 0xFA, 0x07, 0xCA, 0xDB, 0x69,
    0x4A, 0x32, 0x8F, 0xE9, 0xF9, 0x6F, 0x1C, 0x78, 0x98, 0xAE, 0x3B, 0xAB, 0x9F, 0xF4, 0x28, 0xFD,
    0xA2, 0x71, 0xC0, 0xA3, 0xDC, 0x19, 0x40, 0xE7, 0xCC, 0xED, 0xC6, 0x83, 0xB4, 0xE9, 0x74, 0xD2,
    0x38, 0x40, 0x83, 0x41, 0x11, 0xDE, 0xD2, 0xD3, 0x75, 0xEC, 0xE0, 0x3E, 0xED, 0xC2, 0x03, 0xE9,
    0xB6, 0xE2, 0x49, 0x08, 0xE0, 0x35, 0x4D, 0x64, 0x7F, 0x8E, 0xE6, 0x98, 0xA2, 0x86, 0x0B, 0x4C,
    0x5B, 0x56, 0xAD, 0x40, 0x69, 0xE3, 0xFB, 0x00, 0xBF, 0x01, 0xCF, 0xF9, 0xDD, 0x9B, 0xCB, 0xE3,
    0x53, 0x11, 0x04, 0xFE, 0x19, 0x26, 0xAB, 0xEB, 0xFE, 0x66, 0xDF, 0x4D, 0x8F, 0xA4, 0xFF, 0x27,
    0x83, 0xA1, 0x17, 0x0E, 0x45, 0xCD, 0xC2, 0x0B, 0x3F, 0xB8, 0xEF, 0x91, 0xCA, 0xE9, 0xEF, 0xDD,
    0xF4, 0x48, 0xFF, 0x99, 0x3F, 0xBC, 0xE9, 0x11, 0x7A, 0x3E, 0x71, 0xD3, 0x7F, 0x24, 0xAF, 0x87,
    0x46, 0x34, 0xB7, 0x87, 0x95, 0x4F, 0xD6, 0x65, 0x37, 0xE5, 0xD8, 0x54, 0xA9, 0x3A, 0xD8, 0x1E,
    0x3A, 0xCC, 0x15, 0x68, 0xE4, 0x16, 0x3F, 0x5D, 0xA1, 0x61, 0x16, 0x4A, 0x65, 0x56, 0x7A, 0xD2,
    0xF0, 0xB9, 0x04, 0x8E, 0xEE, 0x91, 0x39, 0x34, 0xC7, 0x70, 0x60, 0xA0, 0xA1, 0x63, 0x4C, 0xAB,
    0x5F, 0xF1, 0x48, 0xFB, 0x4E, 0xE1, 0x2B, 0xAC, 0x2A, 0xFC, 0xBF, 0x85, 0xAF, 0x9C, 0xA5, 0x77,
    0xFC, 0x55, 0xE1, 0x65, 0x8F, 0xDE, 0xF1, 0xBD, 0xC2, 0x1B, 0x1E, 0xDD, 0xFC, 0xDD, 0xC2, 0x9B,
    0x1E, 0xED, 0x39, 0x71, 0xF3, 0x4F, 0x3D, 0xFA, 0x1D, 0xFF, 0xDD, 0xCF, 0x61, 0xF5, 0xDB, 0xAD,
    0x5B, 0xB9, 0x6F, 0xDE, 0xBB, 0x29, 0x25, 0x0A, 0x46, 0x98, 0x4B, 0x1A, 0x9E, 0x02, 0x79, 0xB5,
    0xA7, 0xC1, 0x44, 0xBC, 0x8D, 0x44, 0x9C, 0xE1, 0xC2, 0x14, 0xBD, 0x16, 0x5F, 0xC1, 0x65, 0x23,
    0x83, 0xE9, 0xB8, 0x74, 0xAD, 0xA3, 0x76, 0xDC, 0xBF, 0x9D, 0x7D, 0x42, 0x71, 0xF0, 0x27, 0x94,
    0x4D, 0xFC, 0x4F, 0x3E, 0xE4, 0x57, 0xC9, 0x78, 0xF0, 0xF9, 0x67, 0x43, 0x32, 0xDF, 0xF7, 0xC6,
    0x25, 0x08, 0xAA, 0x37, 0xB9, 0xFC, 0xED, 0xEE, 0x8D, 0x3E, 0x42, 0xCD, 0xB7, 0xF9, 0x49, 0xB8,
    0xAD, 0x19, 0xD3, 0x92, 0x14, 0x32, 0xB9, 0x24, 0xE9, 0x25, 0xAC, 0xDD, 0x8F, 0x5E, 0xF6, 0xD7,
    0x50, 0x52, 0x7B, 0xF9, 0xF8, 0x02, 0x97, 0xBC, 0xFC, 0xBA, 0x87, 0x92, 0x73, 0x84, 0x12, 0x26,
    0x35, 0x2E, 0xF1, 0x4D, 0xB9, 0xD3, 0xA2, 0x64, 0xF6, 0x34, 0x93, 0x5A, 0x4F, 0x6F, 0x9B, 0xD4,
    0xEC, 0x85, 0xB4, 0xBD, 0x94, 0x9C, 0x48, 0x27, 0x3F, 0xBA, 0xDA, 0xD9, 0xFD, 0xFE, 0xC4, 0xEA,
    0x5B, 0xA2, 0xEF, 0x25, 0x56, 0x3B, 0xE9, 0x44, 0x82, 0x2F, 0x24, 0x12, 0x7C, 0x21, 0x91, 0x58,
    0xBD, 0x79, 0xF7, 0x47, 0x13, 0xAB, 0x6F, 0x8D, 0x7E, 0xC2, 0x17, 0x0A, 0xB8, 0x50, 0x49, 0x24,
    0x32, 0x13, 0x4F, 0x26, 0x12, 0x69, 0xE7, 0xCF, 0xFF, 0x90, 0xC1, 0xE9, 0xEF, 0xED, 0x1E, 0xDA,
    0xFC, 0xDA, 0x0F, 0x8E, 0x0C, 0xDD, 0x7A, 0xF9, 0x27, 0x50, 0x0D, 0x3F, 0x4A, 0x37, 0x35, 0x20,
    0x7B, 0x5D, 0x58, 0xE4, 0x7D, 0x71, 0x34, 0x3F, 0xA1, 0x76, 0x70, 0x60, 0xDD, 0x63, 0x12, 0x9B,
    0x05, 0xB4, 0x7E, 0x2B, 0xCB, 0x70, 0x8C, 0xB2, 0xAB, 0xDD, 0xB3, 0x13, 0xB6, 0x93, 0x0A, 0x1D,
    0x55, 0x0C, 0xF0, 0xFA, 0xD0, 0x38, 0xCB, 0x44, 0x14, 0x1D, 0x60, 0xE3, 0x61, 0xD5, 0x9D, 0x07,
    0xBC, 0xD3, 0xB4, 0xEA, 0x43, 0x07, 0xDC, 0x33, 0xB4, 0xEA, 0xA6, 0xCF, 0xB2, 0xE1, 0xB7, 0xEA,
    0xDD, 0x8F, 0xD0, 0x31, 0x5A, 0xA5, 0xFF, 0x6B, 0x64, 0x7D, 0x6C, 0x3F, 0xCF, 0x5C, 0xA4, 0x14,
    0xC1, 0x6E, 0x1C, 0xB8, 0xE9, 0x80, 0xCB, 0x3C, 0xFD, 0xA6, 0x87, 0x10, 0x54, 0xBA, 0xC9, 0x0B,
    0x42, 0xC0, 0x4F, 0xFA, 0xB4, 0xFA, 0x26, 0xC8, 0xCC, 0xB4, 0xEE, 0x4D, 0xB9, 0x6C, 0xDD, 0x3E,
    0xF4, 0x66, 0x83, 0x35, 0xDF, 0x43, 0xDE, 0x14, 0x0D, 0xE6, 0x25, 0x6C, 0x24, 0x79, 0x09, 0x36,
    0x92, 0x3B, 0xB0, 0xE8, 0x83, 0x85, 0x6F, 0x08, 0x37, 0x0F, 0x73, 0xE0, 0xB3, 0xDB, 0x0F, 0x8E,
    0x09, 0xCF, 0x79, 0xA7, 0x9F, 0xC0, 0x77, 0x61, 0x97, 0x03, 0x5C, 0xD0, 0xCF, 0xB2, 0xC2, 0x85,
    0xC9, 0xED, 0x6F, 0x07, 0x41, 0x56, 0x01, 0x24, 0x75, 0xD9, 0x1E, 0x4E, 0x96, 0xB9, 0xA6, 0x10,
    0xE5, 0xBF, 0x5E, 0x8C, 0xEE, 0x64, 0x6B, 0x8F, 0x26, 0x46, 0xD4, 0xBB, 0xCB, 0x4C, 0xAE, 0x3C,
    0x8D, 0xF2, 0xD1, 0x61, 0x5B, 0xD6, 0x73, 0xE7, 0x25, 0x9D, 0xEA, 0x28, 0xBC, 0x4D, 0xFA, 0x4F,
    0xF9, 0x05, 0x86, 0xAC, 0xDB, 0x7F, 0xC8, 0xD8, 0xB4, 0x05, 0x06, 0x0E, 0x33, 0xD3, 0xD7, 0xB1,
    0xD7, 0xE5, 0x31, 0x98, 0xE4, 0xE6, 0x39, 0xBA, 0x97, 0x47, 0x4A, 0xEC, 0xEF, 0xB0, 0x86, 0xD0,
    0xBC, 0x0F, 0x88, 0x95, 0x7B, 0x50, 0x2A, 0x50, 0x0E, 0x4B, 0xAE, 0x12, 0x9B, 0xFA, 0x55, 0xA6,
    0x55, 0x8D, 0xF5, 0xCA, 0xA5, 0xCE, 0xCE, 0x59, 0x85, 0x64, 0x3B, 0x97, 0x6E, 0x8E, 0x35, 0x72,
    0x2D, 0x44, 0xB0, 0x1D, 0x0B, 0x57, 0xF2, 0x00, 0x0E, 0x40, 0x7F, 0xBC, 0x8E, 0xE5, 0x5A, 0x00,
    0x1B, 0xE2, 0x4D, 0xD3, 0x57, 0x97, 0xB9, 0x6C, 0x5B, 0x0B, 0x7B, 0x77, 0xB7, 0x17, 0xF6, 0x2A,
    0x47, 0x35, 0xE4, 0xE2, 0xD8, 0xB2, 0xC5, 0x6F, 0x71, 0x86, 0xA0, 0xF6, 0x0B, 0x51, 0x22, 0x4E,
    0x22, 0x3F, 0xEF, 0x98, 0x7E, 0x22, 0xA4, 0xF5, 0x3F, 0xC1, 0x1E, 0x45, 0x23, 0x09, 0x59, 0x6E,
    0x97, 0x90, 0x40, 0x59, 0x62, 0x3D, 0xD2, 0xE1, 0xB3, 0xCD, 0xDB, 0xF0, 0xB1, 0x3E, 0x97, 0x19,
    0x27, 0xFC, 0xEE, 0x3D, 0x2D, 0x9D, 0xFE, 0x7C, 0x79, 0x5B, 0x97, 0xF3, 0x7F, 0x9B, 0x7F, 0xED,
    0x30, 0xC1, 0xB5, 0xEE, 0x34, 0x25, 0x35, 0xCD, 0x12, 0x38, 0xA0, 0x05, 0x7D, 0xF8, 0xF0, 0x45,
    0x60, 0x61, 0xE1, 0x17, 0xC3, 0x12, 0xD2, 0xBF, 0x28, 0x5E, 0x55, 0x39, 0xD6, 0x0A, 0xE8, 0x8F,
    0x61, 0x69, 0x08, 0x34, 0x9B, 0x10, 0x7B, 0x67, 0xA7, 0x2E, 0x26, 0x44, 0xD3, 0xFD, 0x20, 0x4A,
    0x2C, 0x1C, 0x53, 0x46, 0x60, 0x51, 0xE0, 0x1C, 0xEE, 0xD4, 0x17, 0x71, 0x6C, 0xBD, 0xF6, 0x7E,
    0x86, 0x23, 0x2F, 0x3F, 0xC7, 0x25, 0x9B, 0xC2, 0xBE, 0x17, 0x51, 0x0F, 0xB2, 0x42, 0x18, 0xDE,
    0x0E, 0x68, 0xC3, 0xB8, 0x0B, 0x47, 0x60, 0xF5, 0xBD, 0xD4, 0xC0, 0x07, 0xA7, 0xC7, 0x5C, 0x15,
    0x02, 0xEA, 0xE7, 0xA1, 0x65, 0x0D, 0x3E, 0x91, 0xA3, 0x8B, 0xE3, 0x76, 0xF4, 0xB3, 0x28, 0x4A,
    0x20, 0xA5, 0xD2, 0x8E, 0xDE, 0x24, 0x94, 0xCD, 0x2F, 0xD9, 0x9D, 0x15, 0x55, 0xD2, 0x29, 0xE9,
    0xE5, 0x35, 0x8F, 0xCC, 0x2D, 0x7E, 0x2F, 0xDD, 0xC3, 0x9D, 0xCC, 0x9F, 0xE3, 0xDE, 0xAD, 0x91,
    0xE4, 0xB6, 0x38, 0x58, 0xAC, 0x49, 0x6A, 0xD7, 0x1D, 0x70, 0xF6, 0xDE, 0x81, 0x2F, 0x7E, 0x5B,
    0xAB, 0xA8, 0x9A, 0xA0, 0x64, 0x86, 0xEA, 0xAB, 0xB9, 0x87, 0x6F, 0x04, 0xAC, 0xB5, 0x0C, 0xCD,
    0x6F, 0x5D, 0xA0, 0x55, 0x43, 0x87, 0x3F, 0x0B, 0x85, 0xEE, 0x8D, 0x53, 0xD8, 0x65, 0xF3, 0x49,
    0x9E, 0xCB, 0xE4, 0xD0, 0x53, 0xDB, 0xCB, 0x0C, 0x8F, 0x99, 0xC0, 0x03, 0xAC, 0xE8, 0x48, 0xCA,
    0x26, 0x46, 0xAB, 0xE9, 0x30, 0x97, 0xB3, 0x4A, 0x64, 0x62, 0x71, 0x25, 0xE0, 0x26, 0x1B, 0xA9,
    0x3D, 0x4C, 0x7A, 0x50, 0xB3, 0x25, 0x5B, 0xB7, 0xBD, 0x35, 0x51, 0xDB, 0xE6, 0x5C, 0x6C, 0xA9,
    0x84, 0x4B, 0xEA, 0x96, 0xAB, 0x9D, 0xAA, 0x30, 0x93, 0x24, 0x9E, 0x79, 0x58, 0xB2, 0x27, 0xA0,
    0x3B, 0x0F, 0x4D, 0x32, 0x65, 0xAF, 0xC7, 0xEB, 0xB8, 0xC9, 0xD6, 0xE2, 0xD1, 0x54, 0x19, 0xC7,
    0x25, 0xA4, 0x49, 0x75, 0x96, 0x93, 0x4A, 0x4C, 0x6A, 0xD7, 0xA1, 0x59, 0x8A, 0x77, 0xD6, 0x8E,
    0x4B, 0x3A, 0x4F, 0x65, 0x25, 0xE0, 0x98, 0xB9, 0x13, 0x30, 0x6D, 0xAC, 0x84, 0xF1, 0xD5, 0x72,
    0x27, 0x47, 0xD6, 0x8E, 0xDE, 0x27, 0x6F, 0x69, 0x0B, 0x03, 0x70, 0x65, 0x67, 0x68, 0x7F, 0x45,
    0x1E, 0x2B, 0xBE, 0x98, 0x95, 0x13, 0x82, 0x98, 0x14, 0x45, 0x1A, 0x1B, 0xB3, 0xDE, 0x21, 0x25,
    0x96, 0x08, 0x11, 0xC9, 0x75, 0xBB, 0x13, 0x30, 0x6D, 0xB4, 0xA0, 0x29, 0xD0, 0x92, 0xAB, 0x6C,
    0xB3, 0x97, 0xB1, 0x32, 0xA9, 0x47, 0x32, 0xD3, 0xEC, 0xC8, 0x12, 0x63, 0xD1, 0xBA, 0xD3, 0xE7,
    0x16, 0x2D, 0x7C, 0xE1, 0x2C, 0x7A, 0x44, 0x3F, 0x8E, 0xD7, 0xD7, 0x4F, 0x8A, 0x5B, 0xEF, 0x45,
    0xBE, 0x67, 0x42, 0xB6, 0x9B, 0xAD, 0xC5, 0x61, 0x2F, 0x3C, 0x55, 0x12, 0xCC, 0x59, 0x05, 0xFF,
    0x6F, 0x64, 0xBA, 0x21, 0x65, 0xB6, 0xEB, 0x27, 0x7D, 0x4A, 0x9B, 0xF4, 0x96, 0x0B, 0xB8, 0x1F,
    0x5F, 0x6B, 0xC7, 0x4E, 0x84, 0xD9, 0x28, 0x7B, 0xA6, 0xC1, 0x2D, 0xC2, 0x2D, 0xDB, 0x23, 0x11,
    0x77, 0xBB, 0x99, 0x2A, 0xAB, 0x05, 0x16, 0xCD, 0x78, 0x51, 0x48, 0x29, 0x72, 0x13, 0xA8, 0x37,
    0x5E, 0xAA, 0xCB, 0xD0, 0x6E, 0x26, 0xD4, 0x97, 0x4B, 0x15, 0xB4, 0x9B, 0x28, 0x49, 0x96, 0xE3,
    0x92, 0xDE, 0x71, 0xC0, 0xAC, 0xDC, 0x93, 0x5E, 0xB5, 0x12, 0x66, 0xEE, 0xBA, 0x9B, 0x0D, 0xAD,
    0x6C, 0x53, 0x21, 0x51, 0x6B, 0x3F, 0x99, 0x31, 0xC4, 0x8D, 0x0D, 0xD9, 0x82, 0xCB, 0x78, 0x04,
    0x6D, 0x19, 0x7F, 0xC0, 0xED, 0xEE, 0x7A, 0xFC, 0xA0, 0xDA, 0x09, 0x3C, 0xF6, 0x9C, 0x66, 0x9B,
    0xF1, 0x77, 0xD8, 0x04, 0x4E, 0xFD, 0x02, 0x25, 0x6F, 0xFB, 0x23, 0xC9, 0x4E, 0xBA, 0xCD, 0xE7,
    0x63, 0xC0, 0xCC, 0xDD, 0x70, 0x5B, 0xA7, 0x57, 0xC5, 0xF0, 0xBD, 0xA7, 0x19, 0xAE, 0x5F, 0x7C,
    0xC5, 0xCD, 0x36, 0x8F, 0xB9, 0x4F, 0x51, 0x06, 0x5F, 0x7F, 0x11, 0xC7, 0x73, 0x46, 0x70, 0x75,
    0x03, 0x46, 0x58, 0x12, 0xE8, 0xF0, 0xE1, 0x9B, 0x54, 0x19, 0x49, 0xBD, 0xA5, 0xE8, 0x8B, 0x67,
    0xCF, 0x76, 0x46, 0x00, 0xE9, 0x9C, 0x91, 0x32, 0x49, 0x7A, 0x77, 0x8F, 0x93, 0x5A, 0x2E, 0xD1,
    0x2A, 0x51, 0x7A, 0x2F, 0x60, 0x66, 0x3B, 0xDE, 0x33, 0x6D, 0xA6, 0xB8, 0x77, 0x69, 0x49, 0xAF,
    0x53, 0x30, 0xBE, 0x0A, 0x5A, 0x89, 0x13, 0xA0, 0xED, 0x66, 0x5E, 0xFC, 0x81, 0xA9, 0xC3, 0x1F,
    0x45, 0x4F, 0x2B, 0xC8, 0x1A, 0x1A, 0x96, 0x74, 0x52, 0xD6, 0x64, 0x31, 0x18, 0xAC, 0x30, 0x73,
    0x5F, 0x3E, 0x27, 0x79, 0xC1, 0xBD, 0xD0, 0x5A, 0x26, 0xCC, 0x3A, 0xFA, 0xAE, 0xB6, 0xC1, 0x83,
    0xD6, 0xD9, 0xD4, 0x1E, 0xE6, 0x3A, 0xEF, 0xFE, 0x67, 0xC7, 0x59, 0x41, 0x5B, 0x75, 0x8B, 0x5F,
    0x64, 0xF8, 0x6E, 0x16, 0x5F, 0xE9, 0x55, 0xDF, 0xF0, 0x7F, 0xC8, 0x57, 0x5F, 0xF6, 0x5F, 0xE0,
    0x9E, 0x6A, 0x8C, 0x39, 0x48, 0x0D, 0x45, 0x8B, 0x25, 0xD5, 0xE2, 0xC5, 0xF1, 0x78, 0x15, 0x50,
    0x29, 0x7A, 0xDF, 0xF9, 0x31, 0x6E, 0x5D, 0x64, 0xA3, 0xB8, 0x48, 0xED, 0x26, 0xF2, 0x57, 0x88,
    0x14, 0xC4, 0xEC, 0xB4, 0x30, 0x41, 0x7A, 0x3E, 0x0E, 0x9C, 0xCF, 0x36, 0x93, 0x8C, 0xD5, 0x3C,
    0x8F, 0x58, 0xFD, 0xD7, 0x05, 0x33, 0x77, 0x75, 0xAE, 0xAE, 0x66, 0x9B, 0x7B, 0x4D, 0xBC, 0x9F,
    0x11, 0xDB, 0xDE, 0x8E, 0x5A, 0x4F, 0xC4, 0xA2, 0xB1, 0x0C, 0xAD, 0xB6, 0x14, 0xA9, 0x12, 0x1C,
    0xAB, 0x45, 0x5C, 0xD9, 0xA5, 0x56, 0xB8, 0x76, 0x3C, 0xBE, 0x33, 0xBB, 0x34, 0x23, 0x34, 0xFE,
    0x95, 0x93, 0xBF, 0xCE, 0xC7, 0xFA, 0x01, 0x97, 0x32, 0x1F, 0x35, 0x18, 0xB2, 0x7E, 0xBF, 0x15,
    0xD0, 0x34, 0x6E, 0x63, 0x68, 0x1B, 0x5B, 0xF9, 0xEA, 0x24, 0xF3, 0xD9, 0x4C, 0xB9, 0x61, 0x44,
    0xA2, 0xC0, 0x8F, 0xB7, 0x72, 0xF6, 0xE2, 0xDC, 0xFD, 0x0F, 0x4B, 0xEE, 0x7E, 0x5D, 0xB2, 0xF6,
    0xA9, 0x0D, 0x53, 0x7B, 0xC7, 0x84, 0x72, 0xDF, 0x04, 0x3B, 0xCA, 0xE9, 0x67, 0x27, 0x63, 0xEF,
    0x78, 0x42, 0xC1, 0xE1, 0x0F, 0x01, 0xE6, 0xDF, 0x60, 0x66, 0x9A, 0xE4, 0x12, 0x93, 0xEC, 0x1C,
    0x6C, 0x9E, 0xEC, 0xD7, 0xF1, 0xB1, 0xC0, 0xE1, 0x45, 0x88, 0x0C, 0x67, 0xEA, 0xB1, 0xF2, 0x36,
    0xAA, 0xF6, 0x81, 0x21, 0x0D, 0x76, 0xF6, 0xF8, 0x8D, 0x33, 0x31, 0x53, 0xD2, 0x6E, 0x29, 0xFA,
    0x19, 0x7A, 0xD4, 0x59, 0x61, 0xC0, 0x6F, 0x82, 0x09, 0x4C, 0x6F, 0x92, 0xD8, 0x6E, 0xE1, 0x10,
    0xB4, 0xF8, 0xE8, 0xFC, 0xBE, 0x32, 0x4A, 0x1C, 0x94, 0xCC, 0x54, 0xE5, 0x1E, 0x59, 0x40, 0x46,
    0xB5, 0x1A, 0xDE, 0x33, 0x2C, 0x70, 0x3D, 0x0D, 0x6C, 0x82, 0x5A, 0x40, 0x86, 0x23, 0x15, 0x2C,
    0xE0, 0x64, 0xC1, 0xBE, 0xB0, 0x5D, 0x5A, 0xD4, 0xDA, 0x3B, 0x99, 0x42, 0x76, 0xD9, 0x6E, 0xBC,
    0x95, 0x61, 0x3B, 0x10, 0xD2, 0x62, 0x0A, 0xEA, 0x13, 0x7C, 0x08, 0x82, 0xA6, 0x5C, 0xE3, 0xEB,
    0xD8, 0xE5, 0xC6, 0xC4, 0xA7, 0xA1, 0x03, 0x1B, 0x1A, 0x4A, 0x90, 0x81, 0xCB, 0x8C, 0xED, 0x03,
    0x88, 0xD1, 0x3A, 0x02, 0x10, 0x2F, 0x04, 0xB4, 0x8F, 0xB4, 0x57, 0x10, 0x87, 0xB1, 0xD4, 0xAE,
    0x5B, 0xD9, 0x1F, 0x95, 0x77, 0xF1, 0x2B, 0xCC, 0x2F, 0xDB, 0x91, 0x77, 0x0C, 0x34, 0x74, 0x6F,
    0x83, 0xDB, 0x9D, 0xBA, 0x84, 0x76, 0xC5, 0x45, 0x3E, 0x53, 0xE9, 0xF8, 0x64, 0x69, 0xAF, 0xE0,
    0x0F, 0xE8, 0x22, 0xE5, 0x56, 0xE0, 0x94, 0x0B, 0x90, 0x5D, 0x4A, 0x31, 0x44, 0x0E, 0x28, 0x9D,
    0x86, 0x39, 0x49, 0x67, 0x04, 0xBE, 0xE8, 0x62, 0x77, 0x94, 0xBF, 0x03, 0xA3, 0xE4, 0x76, 0x7B,
    0xAF, 0xD1, 0xEE, 0x34, 0xFA, 0xAB, 0xC9, 0x07, 0xE8, 0xEF, 0x64, 0x2B, 0xCD, 0x90, 0xF0, 0x04,
    0x85, 0xB2, 0x57, 0x39, 0x29, 0x78, 0xBE, 0x5C, 0x27, 0xF5, 0x4D, 0xE6, 0x94, 0x2B, 0xEB, 0x1B,
    0x83, 0x20, 0x8E, 0x8B, 0x72, 0x77, 0x02, 0xC4, 0x71, 0x28, 0x50, 0x1F, 0xC4, 0x53, 0x50, 0xF6,
    0xAC, 0xC0, 0xCA, 0x94, 0x5F, 0xDA, 0x5F, 0x8A, 0x95, 0x30, 0xCB, 0x43, 0x70, 0x44, 0x17, 0x15,
    0x0D, 0xF3, 0x54, 0x6B, 0x05, 0x4D, 0x48, 0x1D, 0xE3, 0x6A, 0xCA, 0x45, 0x09, 0xF7, 0x97, 0xA9,
    0x9B, 0xFB, 0xEB, 0x1C, 0x01, 0x44, 0x28, 0x2E, 0x10, 0x9F, 0x53, 0xF0, 0xC4, 0xBF, 0xE4, 0xE3,
    0xD3, 0x51, 0xB8, 0xC0, 0xE3, 0x7C, 0x8E, 0x95, 0x37, 0xEB, 0xD2, 0xB5, 0xDA, 0xED, 0x67, 0xBC,
    0x4E, 0x4B, 0x76, 0x87, 0xED, 0x22, 0xE6, 0x6C, 0x04, 0xF2, 0xAD, 0xF0, 0x9F, 0xED, 0xDE, 0x3E,
    0x2E, 0xA2, 0x73, 0xB1, 0xBD, 0x23, 0x12, 0x60, 0x6A, 0x8B, 0x04, 0xCC, 0x5E, 0x50, 0x11, 0x60,
    0xD9, 0xA4, 0x2A, 0xD0, 0x7F, 0x2C, 0x11, 0x63, 0x04, 0xBB, 0x83, 0xAC, 0xE4, 0xA0, 0x1E, 0x65,
    0x84, 0xD0, 0x5E, 0xC1, 0x2C, 0xA3, 0xDD, 0x9E, 0xAB, 0xB6, 0xDB, 0xD3, 0x83, 0x71, 0xC6, 0x36,
    0x8E, 0x36, 0x55, 0xE5, 0xF3, 0x48, 0x17, 0x41, 0xB3, 0xCF, 0x4B, 0x8B, 0xA6, 0x7C, 0xEF, 0x3D,
    0x2B, 0x30, 0x87, 0x71, 0x4B, 0xB9, 0xE7, 0x99, 0xAA, 0x4A, 0x3E, 0x4A, 0x34, 0x1F, 0xC7, 0xED,
    0x3D, 0x40, 0xA4, 0xA4, 0x55, 0x3E, 0x2E, 0xE5, 0x4D, 0xB5, 0xA7, 0x1D, 0x8D, 0xE6, 0xBF, 0xCA,
    0x18, 0x52, 0x58, 0xBE, 0xF1, 0xB6, 0xCC, 0xAF, 0x6C, 0x8B, 0x71, 0x07, 0xCA, 0x8D, 0xE3, 0x7B,
    0xEF, 0x44, 0x24, 0x59, 0x7A, 0xAD, 0x49, 0xAF, 0xD5, 0x9E, 0x87, 0x06, 0x76, 0xED, 0x48, 0x6D,
    0x9D, 0x8A, 0xBE, 0x44, 0xA5, 0x93, 0x38, 0xD6, 0x62, 0xF8, 0xC1, 0x08, 0xF0, 0xFD, 0x66, 0x07,
    0xAA, 0x92, 0xFF, 0x4B, 0x5F, 0x24, 0xEB, 0x4D, 0x98, 0xF9, 0x57, 0x6D, 0x17, 0x5D, 0xB1, 0xA2,
    0x12, 0x96, 0x14, 0xE2, 0x3B, 0x4A, 0xF8, 0xF0, 0x49, 0x0E, 0xDF, 0xF8, 0xCB, 0xA3, 0xBF, 0xDA,
    0x27, 0x7A, 0xD1, 0xEE, 0x0E, 0xDC, 0xBF, 0xB6, 0x0F, 0x74, 0xC4, 0xDC, 0x9D, 0x4A, 0xA7, 0x64,
    0xEF, 0x48, 0x1F, 0x21, 0x3C, 0xDD, 0x47, 0x49, 0x7C, 0x2C, 0xBB, 0xF4, 0xE8, 0x3E, 0xEE, 0xD4,
    0x8F, 0xCF, 0xE1, 0xD3, 0x7B, 0x6F, 0xE1, 0x63, 0x7D, 0x23, 0xF9, 0x83, 0x71, 0xBB, 0x51, 0x5B,
    0xAD, 0x7B, 0xA9, 0x3C, 0x76, 0xE7, 0x7F, 0xB9, 0x3D, 0x6A, 0x18, 0xBF, 0x85, 0xA4, 0x76, 0x80,
    0x29, 0xE6, 0xDB, 0x85, 0xDF, 0x9F, 0x65, 0x70, 0xDF, 0xEF, 0x02, 0xBC, 0xFD, 0x54, 0xD4, 0xB8,
    0xFF, 0xED, 0xA7, 0x0E, 0xCE, 0x31, 0xA0, 0xC2, 0xDE, 0xEC, 0x29, 0x7C, 0x25, 0x8A, 0x41, 0x05,
    0x60, 0x2A, 0x8A, 0x8F, 0xD2, 0x0F, 0x94, 0x19, 0xF0, 0xA9, 0x9B, 0xAB, 0x68, 0x27, 0xA3, 0xC6,
    0x20, 0x16, 0x05, 0xC0, 0x79, 0x84, 0xDC, 0x74, 0xCD, 0x5F, 0x71, 0xD4, 0x76, 0xA9, 0x76, 0x9C,
    0x74, 0xA1, 0xAC, 0x80, 0x59, 0x71, 0xD4, 0xF1, 0xC5, 0x99, 0x6A, 0x6B, 0xFA, 0x74, 0xF7, 0x63,
    0x6A, 0x0F, 0x69, 0x6D, 0xD1, 0xC6, 0x17, 0xB7, 0x9F, 0xEB, 0x2D, 0x57, 0xE5, 0xBB, 0x4A, 0x05,
    0x1A, 0xD0, 0xF1, 0x0D, 0x6E, 0x2C, 0x26, 0xAE, 0x22, 0xC4, 0x24, 0x5F, 0xA8, 0x4D, 0x95, 0xF7,
    0x32, 0x84, 0x1E, 0xC6, 0x3A, 0x13, 0x76, 0x10, 0xB9, 0xF8, 0x5B, 0x08, 0xB4, 0x3F, 0x91, 0x1C,
    0x60, 0xE9, 0xF5, 0xE4, 0xD6, 0x1D, 0x35, 0x5A, 0xFD, 0x24, 0x0D, 0xF8, 0x94, 0x78, 0x8A, 0xBE,
    0x14, 0x52, 0x6F, 0xCD, 0xFA, 0x12, 0xF3, 0x93, 0x6F, 0x2D, 0xA5, 0x37, 0x52, 0xBE, 0x59, 0xCB,
    0x99, 0x74, 0x8B, 0xAB, 0x2D, 0xB6, 0x37, 0x1D, 0x97, 0x35, 0x0C, 0x48, 0x55, 0x53, 0x3B, 0xF8,
    0xCB, 0xFB, 0x84, 0xED, 0x0D, 0xFD, 0xE5, 0xB4, 0x7D, 0x75, 0xDB, 0xF9, 0x76, 0xC0, 0x83, 0x59,
    0x94, 0xC7, 0x9C, 0xCE, 0xC4, 0x6E, 0x53, 0xFB, 0xD5, 0x27, 0x29, 0x28, 0xE8, 0x65, 0x5A, 0x78,
    0x6D, 0xB1, 0xE4, 0x96, 0x2E, 0xBB, 0xE6, 0x02, 0x24, 0xD7, 0x86, 0x12, 0x6B, 0xCA, 0x75, 0x87,
    0x35, 0xE5, 0x5A, 0x81, 0x41, 0x45, 0x4E, 0x0B, 0xCB, 0x4F, 0x9D, 0x78, 0x0D, 0xE6, 0x18, 0x52,
    0xF7, 0x17, 0x2A, 0x05, 0xCB, 0xA0, 0x18, 0x48, 0x22, 0xD7, 0xF6, 0x3B, 0xC7, 0x2B, 0x85, 0x24,
    0x4E, 0x13, 0x00, 0x45, 0x83, 0x6F, 0xAE, 0x1B, 0x59, 0xAC, 0xF9, 0x5B, 0xE5, 0x2E, 0xAF, 0xBE,
    0x76, 0xD5, 0xD3, 0xCE, 0xB2, 0x4F, 0x2C, 0x24, 0x2C, 0xE4, 0x34, 0x00, 0x66, 0x1E, 0x2B, 0x4F,
    0xE5, 0x48, 0xCA, 0xD2, 0x94, 0xAF, 0x6F, 0x50, 0x4B, 0x73, 0xB4, 0x69, 0x9A, 0x6A, 0x18, 0x75,
    0x7A, 0x60, 0xCE, 0x2E, 0x22, 0x5F, 0x25, 0x49, 0x95, 0x70, 0xCE, 0xF4, 0x2B, 0xCF, 0x07, 0x5A,
    0x7D, 0xCF, 0x73, 0x07, 0xCB, 0x93, 0xF7, 0x7D, 0x66, 0x3E, 0xFA, 0xCC, 0x9E, 0x40, 0x43, 0x36,
    0x0B, 0xC0, 0x9E, 0x6D, 0x67, 0xC7, 0x90, 0x82, 0x56, 0xAF, 0xB0, 0x98, 0xA1, 0x3D, 0xB5, 0x7F,
    0x7B, 0x82, 0xEE, 0x0F, 0x4F, 0x9F, 0xF0, 0x2B, 0xFA, 0x71, 0x3F, 0xAC, 0x58, 0x9A, 0x5F, 0xAD,
    0x24, 0x34, 0x7F, 0x43, 0x05, 0xA9, 0xC2, 0xFD, 0x71, 0x3E, 0x32, 0xA3, 0xDE, 0xCF, 0xD8, 0x06,
    0x7E, 0xE0, 0x49, 0xF4, 0x1F, 0x6C, 0xAF, 0xC2, 0xEC, 0x35, 0xD8, 0xE3, 0x87, 0x5A, 0x70, 0x1F,
    0xC0, 0xFD, 0x9E, 0x9C, 0xE2, 0x02, 0x66, 0xA6, 0x72, 0x3F, 0xDC, 0xCF, 0xF7, 0xFF, 0x8B, 0x0D,
    0x85, 0xCA, 0x27, 0xDF, 0xBF, 0xA1, 0xB0, 0xE7, 0xC9, 0x89, 0x6C, 0xE3, 0xFE, 0x33, 0x63, 0x54,
    0xA8, 0x18, 0x3B, 0x22, 0x06, 0xAE, 0xDF, 0x06, 0x27, 0xEB, 0xFD, 0x1A, 0xB9, 0x2A, 0x55, 0x78,
    0xAA, 0xC1, 0x2F, 0xF4, 0xC0, 0x53, 0x78, 0xF6, 0x89, 0xBD, 0xDB, 0xC7, 0x2A, 0xA1, 0xC3, 0x9D,
    0x61, 0xEA, 0x5A, 0xBC, 0x0F, 0x79, 0xEF, 0xF7, 0x41, 0xF5, 0xAB, 0x9C, 0x66, 0x3C, 0xAD, 0x3C,
    0xE1, 0x53, 0x58, 0x79, 0x17, 0x8E, 0x6E, 0xC6, 0xD1, 0xCD, 0x7C, 0xB4, 0x07, 0xE9, 0xD4, 0xF7,
    0xC3, 0x9F, 0x5A, 0xC1, 0x5E, 0xF0, 0x95, 0xDE, 0xF2, 0xD9, 0x71, 0xF9, 0x70, 0xAB, 0x80, 0xC1,
    0xF8, 0xCB, 0x96, 0xE4, 0x4E, 0x35, 0xB6, 0xCD, 0x07, 0x0F, 0x7C, 0xEB, 0xF2, 0x17, 0xC6, 0x2A,
    0x7B, 0x1E, 0xF2, 0xEB, 0x95, 0xF0, 0xF4, 0x71, 0xBF, 0x12, 0x84, 0x67, 0xBC, 0x3D, 0xFE, 0xF4,
    0xED, 0xEE, 0x7D, 0x27, 0x31, 0x2E, 0xF8, 0xDA, 0x4A, 0x65, 0x0F, 0x8E, 0xB0, 0xB3, 0x31, 0x22,
    0x5F, 0x75, 0x19, 0xB0, 0x3D, 0x35, 0xCB, 0xA5, 0xFB, 0x5F, 0x4A, 0xFD, 0xCC, 0xAB, 0x18, 0x43,
    0xFD, 0x3C, 0x56, 0x43, 0xBD, 0x95, 0x4A, 0x66, 0xC8, 0x72, 0x2A, 0x6B, 0xF3, 0x4B, 0x6B, 0x06,
    0x65, 0x8B, 0xAB, 0xB5, 0xB2, 0x14, 0xD6, 0x91, 0x45, 0x06, 0x17, 0x77, 0x60, 0xBB, 0x01, 0x71,
    0x40, 0x99, 0x3E, 0xB4, 0x67, 0x5B, 0x2C, 0x96, 0x51, 0xF1, 0x85, 0xFF, 0x23, 0x29, 0x51, 0x0E,
    0x5F, 0x4D, 0xCA, 0xB5, 0x20, 0x19, 0x97, 0x2C, 0x76, 0xA5, 0x9F, 0x42, 0x99, 0x52, 0xB1, 0xB3,
    0x9F, 0x80, 0x8D, 0xEE, 0x4F, 0xE7, 0x5D, 0x5A, 0x1F, 0xA6, 0xF5, 0x4B, 0x34, 0x1A, 0xA7, 0x5E,
    0xAD, 0x6D, 0x7D, 0x06, 0x2B, 0x5E, 0xE8, 0x53, 0x53, 0x5B, 0x5A, 0x34, 0x2A, 0xDC, 0xF7, 0xC2,
    0xFD, 0x4B, 0xF7, 0x37, 0x0B, 0x38, 0xDA, 0x64, 0x36, 0xEF, 0x8F, 0xDA, 0xBA, 0x4B, 0xBC, 0x34,
    0xC8, 0xC2, 0xB7, 0x38, 0xE3, 0xA3, 0x9A, 0x11, 0x03, 0x3E, 0xFD, 0x93, 0x3E, 0xC2, 0x07, 0x17,
    0xA1, 0x8F, 0x60, 0xA9, 0x87, 0xCB, 0x96, 0xD8, 0x34, 0x14, 0xF1, 0x50, 0x81, 0xDE, 0x3B, 0xBD,
    0x8B, 0xE5, 0x6C, 0xE4, 0x81, 0x63, 0xB7, 0xCA, 0x04, 0xD8, 0x5C, 0xB6, 0x88, 0xAB, 0xE3, 0x71,
    0x19, 0x5B, 0x23, 0xB4, 0xBE, 0x1E, 0x32, 0x63, 0x98, 0x8E, 0xA2, 0x5B, 0x3E, 0x80, 0x9D, 0xBA,
    0x90, 0x9C, 0x4A, 0x13, 0xF0, 0xD0, 0xD4, 0x49, 0xF6, 0xEF, 0x09, 0x61, 0x6D, 0x4D, 0x53, 0x77,
    0xAC, 0xB2, 0xDE, 0xBD, 0x7E, 0x5D, 0xED, 0xF2, 0x77, 0xCF, 0xB6, 0xB3, 0x21, 0xA2, 0x02, 0xA1,
    0x93, 0xD9, 0xC6, 0x20, 0x1B, 0xF9, 0xF1, 0xA9, 0x00, 0x39, 0x95, 0x0B, 0xED, 0xB2, 0x78, 0x73,
    0xC0, 0x72, 0x39, 0xDC, 0x20, 0x82, 0x46, 0xA5, 0x4C, 0x0C, 0x69, 0xCC, 0x2A, 0x56, 0x0D, 0x71,
    0x27, 0x69, 0x55, 0xBE, 0xCE, 0x02, 0x6F, 0xD5, 0xF0, 0x58, 0x12, 0xF6, 0xAF, 0xC1, 0x0A, 0x5F,
    0x76, 0xDF, 0x87, 0xD9, 0xFA, 0x29, 0x45, 0x6F, 0xC1, 0x06, 0x92, 0x12, 0x6B, 0xE8, 0x8C, 0xC7,
    0xB6, 0xF3, 0xD0, 0x93, 0x5C, 0x92, 0x1E, 0x7A, 0x0F, 0x16, 0xC4, 0x0C, 0x7D, 0x92, 0x4B, 0x06,
    0x27, 0xCE, 0xE0, 0x9E, 0x37, 0x4F, 0xF2, 0x31, 0x99, 0x58, 0x0C, 0x4A, 0x03, 0x92, 0xA3, 0xB0,
    0xA0, 0x87, 0x47, 0x28, 0xEB, 0x67, 0xDD, 0x01, 0x9E, 0x97, 0xB5, 0x4C, 0x3E, 0xFF, 0x3F, 0x95,
    0x8F, 0xB1, 0x11, 0xC2, 0x30, 0x0C, 0x45, 0x15, 0x1A, 0x17, 0x29, 0x3C, 0x00, 0x85, 0x47, 0xD0,
    0x08, 0x56, 0x1D, 0x8A, 0x8C, 0x64, 0x4F, 0x16, 0x34, 0x42, 0x46, 0x60, 0x84, 0x94, 0x29, 0xE2,
    0x08, 0x49, 0x47, 0x0E, 0x2A, 0x20, 0xC5, 0x7B, 0xC5, 0xB7, 0xFD, 0xCF, 0x3F, 0xEC, 0x9D, 0x10,
    0x4A, 0x2F, 0x35, 0xEF, 0x49, 0xA8, 0x00, 0x32, 0x4C, 0x80, 0x04, 0xF7, 0x86, 0x42, 0x6F, 0x79,
    0xF6, 0x87, 0x42, 0x4B, 0x80, 0x2D, 0xD7, 0xAC, 0x14, 0x48, 0x1A, 0x82, 0x55, 0xD1, 0x81, 0x5D,
    0xFA, 0x46, 0x68, 0x57, 0x42, 0xBD, 0x97, 0x95, 0xF2, 0xCA, 0x7E, 0xBC, 0x67, 0x65, 0x99, 0x20,
    0x2A, 0x97, 0x25, 0xE8, 0x9E, 0x5B, 0xB5, 0x41, 0xE3, 0x6C, 0x8B, 0xE2, 0x6C, 0x93, 0xFA, 0xEA,
    0x9F, 0xF3, 0x51, 0x23, 0x7F, 0xDA, 0xF2, 0x78, 0xC2, 0xD6, 0x3F, 0xB0, 0xF7, 0xB3, 0xF7, 0xB3,
    0xF5, 0x1F, 0xA7, 0x27, 0xFB, 0x1F, 0xEE, 0xCD, 0x77, 0xAF, 0xE6, 0x6E, 0x7D, 0x02, 0xB5, 0x5A,
    0x5D, 0x6C, 0x1C, 0xD7, 0x75, 0x3E, 0x33, 0x23, 0x69, 0x5C, 0x0E, 0x77, 0x87, 0x40, 0xB4, 0x49,
    0x6A, 0xEF, 0x72, 0xF5, 0xA0, 0x00, 0x04, 0x43, 0x72, 0x19, 0x63, 0xDB, 0xAE, 0x9A, 0x25, 0xF7,
    0x3A, 0x29, 0x60, 0xA0, 0xCA, 0x0F, 0x9B, 0x78, 0xED, 0xA2, 0x2A, 0x12, 0x02, 0x7D, 0x69, 0x95,
    0xD8, 0x5E, 0xB7, 0x5B, 0x98, 0x6E, 0x68, 0x72, 0x6C, 0x3F, 0xF8, 0x21, 0xA8, 0xC1, 0x87, 0xFA,
    0xC9, 0x0F, 0x65, 0x0A, 0x05, 0x51, 0x56, 0x2D, 0x38, 0x89, 0x57, 0x36, 0x2D, 0xCB, 0xDC, 0x71,
    0x09, 0x34, 0x40, 0x5D, 0xB7, 0x63, 0x1B, 0x74, 0x81, 0xB8, 0x09, 0xC6, 0xF1, 0x1F, 0x2A, 0xDA,
    0xCD, 0xD8, 0x5A, 0x56, 0x6B, 0x91, 0xDA, 0xDB, 0xEF, 0xDC, 0x99, 0x21, 0x97, 0x14, 0x29, 0x19,
    0x45, 0xBB, 0x73, 0xCF, 0xE5, 0xCC, 0x9D, 0xFB, 0x7B, 0x7E, 0xBE, 0x73, 0xEE, 0x1D, 0x9E, 0x59,
    0x5E, 0x6E, 0xE2, 0x57, 0xAF, 0xD5, 0x6A, 0x44, 0xD3, 0x9D, 0x7A, 0x39, 0xAF, 0x2E, 0xBB, 0x9C,
    0x1E, 0x4A, 0x0F, 0xA5, 0xA8, 0xD8, 0x47, 0x34, 0x9E, 0x02, 0xF5, 0x13, 0xD5, 0xFA, 0xA9, 0x22,
    0x65, 0x3B, 0x73, 0xFE, 0xDE, 0x29, 0x5A, 0xCC, 0x12, 0x2D, 0x0C, 0x11, 0xF9, 0x4C, 0x45, 0x6A,
    0x49, 0x19, 0x66, 0xD6, 0xFE, 0x72, 0x4A, 0xF3, 0xC6, 0x49, 0xF3, 0x6A, 0xA4, 0x3B, 0x4C, 0xD3,
    0xC4, 0xBF, 0x7E, 0x95, 0xEE, 0x23, 0x43, 0xB6, 0x6D, 0xF1, 0x70, 0x8E, 0x6E, 0x19, 0x25, 0xCA,
    0x13, 0xD9, 0x3E, 0xE9, 0x5D, 0xA2, 0x42, 0x40, 0xDA, 0x16, 0xD1, 0x18, 0x0A, 0x90, 0x26, 0x68,
    0xAC, 0x70, 0x69, 0x4B, 0x6B, 0x2D, 0xC4, 0xAD, 0x6E, 0x21, 0x2B, 0xA0, 0x1A, 0x8D, 0xCE, 0x90,
    0x4F, 0xC5, 0xAC, 0xE6, 0x61, 0x2E, 0x86, 0xA0, 0x5A, 0xDA, 0xC4, 0x6C, 0x52, 0x98, 0x56, 0x31,
    0x95, 0x2D, 0x88, 0x52, 0xB6, 0xF8, 0x8C, 0x9F, 0x9B, 0x71, 0xFD, 0xC0, 0x0C, 0xFE, 0x91, 0x07,
    0x7F, 0x14, 0x99, 0xA1, 0x3B, 0xE3, 0xD4, 0xA7, 0xE3, 0xAE, 0x5F, 0xF3, 0x5C, 0x1A, 0xA2, 0x0D,
    0x9F, 0xC6, 0xA9, 0x20, 0xB4, 0x6B, 0x44, 0xE6, 0x53, 0x82, 0x6C, 0xC3, 0xA3, 0xB4, 0x0E, 0x32,
    0x1C, 0xB2, 0x30, 0xB4, 0x81, 0x49, 0x18, 0xA1, 0xE6, 0xD8, 0x6D, 0xC3, 0x29, 0x4F, 0x98, 0xC2,
    0xB5, 0xBF, 0x4E, 0xA1, 0xF1, 0x01, 0x85, 0xB4, 0x45, 0xCB, 0x9A, 0xA4, 0xCA, 0xD2, 0x4B, 0x9E,
    0x79, 0x4D, 0x73, 0x78, 0x45, 0xCC, 0xB1, 0x5A, 0x6D, 0x9C, 0x16, 0x34, 0xDF, 0x10, 0x36, 0xE5,
    0x68, 0x84, 0x4A, 0x54, 0xC7, 0x3C, 0x93, 0xAB, 0x48, 0x65, 0xCA, 0x52, 0x9A, 0x4C, 0x81, 0x11,
    0x16, 0x8E, 0xA2, 0x86, 0x45, 0x86, 0x83, 0xE9, 0x07, 0xE4, 0xC6, 0x15, 0x8A, 0xEA, 0xAF, 0x4B,
    0x81, 0xE6, 0x19, 0x8E, 0x85, 0x1A, 0x60, 0xA4, 0x41, 0xBB, 0xA8, 0x6E, 0x50, 0x33, 0x7F, 0xA7,
    0xE9, 0xE9, 0x9B, 0x2F, 0x28, 0x3E, 0x29, 0x5E, 0xE1, 0xDE, 0xBE, 0xD3, 0x72, 0x66, 0xF0, 0x6E,
    0x6F, 0x7D, 0x22, 0x41, 0xE0, 0xFE, 0xBE, 0x94, 0xB9, 0x7B, 0xAD, 0x0A, 0xE1, 0xC9, 0x83, 0xDE,
    0x13, 0x79, 0x10, 0x40, 0xDE, 0xB1, 0x3D, 0xDD, 0x31, 0xC4, 0x20, 0xD6, 0x43, 0x94, 0xA9, 0x56,
    0xA3, 0x36, 0xB3, 0x2F, 0x94, 0x69, 0xFB, 0x67, 0xAA, 0x3C, 0xAB, 0xF2, 0x1A, 0x67, 0xAA, 0xF5,
    0xFF, 0x7D, 0xF1, 0xB1, 0x68, 0xB8, 0x96, 0x43, 0xC6, 0x66, 0x48, 0xB6, 0x98, 0xA1, 0x41, 0xF0,
    0xB9, 0x8C, 0xBC, 0x8C, 0x99, 0x96, 0x7A, 0xA8, 0xAC, 0x28, 0xAD, 0xDE, 0x71, 0x1D, 0xAE, 0xCB,
    0x6D, 0xB8, 0xAD, 0xB6, 0x4C, 0x85, 0x0E, 0x1D, 0x9E, 0x21, 0x5E, 0xD1, 0x0D, 0xD3, 0xE9, 0x95,
    0xB3, 0x52, 0x42, 0xF5, 0x84, 0xB5, 0x1E, 0x4E, 0xD2, 0xF2, 0x51, 0x74, 0xB7, 0x93, 0x9A, 0xA4,
    0x85, 0x04, 0x8D, 0xB1, 0x05, 0x4D, 0x10, 0xB5, 0xC9, 0xF4, 0x29, 0xDF, 0x68, 0x80, 0x39, 0x5A,
    0xCB, 0xB1, 0x36, 0xC3, 0x09, 0x9A, 0x55, 0xD5, 0x46, 0x38, 0xD7, 0x43, 0x1E, 0xF8, 0x3B, 0x18,
    0x1F, 0x85, 0x39, 0xA2, 0xC1, 0x63, 0x94, 0x9B, 0xA0, 0x72, 0x7E, 0xBD, 0xAD, 0x49, 0x87, 0xDF,
    0x92, 0x09, 0xB2, 0x5D, 0x54, 0x07, 0xCD, 0x80, 0x42, 0x17, 0x7D, 0xBB, 0x64, 0x3A, 0x2E, 0x56,
    0xE2, 0xA2, 0x0B, 0x97, 0xE6, 0xA5, 0x14, 0xC3, 0x8D, 0xAB, 0x60, 0x80, 0xBB, 0x8B, 0x6C, 0xB9,
    0x65, 0x37, 0xCE, 0xA6, 0x89, 0xA2, 0x94, 0xCB, 0x50, 0x5E, 0x06, 0x69, 0xAD, 0x43, 0x3C, 0x2F,
    0x1E, 0x0C, 0x69, 0x80, 0x26, 0xCA, 0x74, 0x31, 0xBF, 0x1E, 0xEA, 0x52, 0x60, 0x2A, 0xE6, 0x66,
    0x3B, 0x4F, 0xE3, 0x98, 0xDD, 0x8C, 0xEA, 0xE4, 0xC3, 0x96, 0xB8, 0x72, 0x2E, 0xB8, 0x46, 0xED,
    0x36, 0x95, 0x42, 0x2A, 0x37, 0xA9, 0x3C, 0x43, 0x33, 0x13, 0x14, 0xDA, 0xEB, 0xBE, 0xB6, 0x42,
    0x60, 0x41, 0xA3, 0x81, 0xDE, 0x42, 0xD2, 0x7D, 0xA8, 0x2C, 0x1B, 0x65, 0x5A, 0xAD, 0x0B, 0x3C,
    0xAA, 0xAB, 0xF6, 0x61, 0x9C, 0xB4, 0x80, 0x13, 0xF7, 0xFF, 0x6E, 0x1B, 0xFC, 0xCF, 0x51, 0x36,
    0x47, 0x39, 0x9B, 0x46, 0x4C, 0xBF, 0xA4, 0x77, 0x03, 0xEB, 0xA9, 0x20, 0x47, 0x17, 0x21, 0x11,
    0x08, 0x08, 0xF2, 0x19, 0xA3, 0x51, 0xFB, 0xDD, 0x0E, 0xEC, 0x5A, 0x5B, 0x01, 0x7F, 0x83, 0x41,
    0x5A, 0x2E, 0x53, 0xB9, 0x4C, 0x39, 0x88, 0x0D, 0x75, 0xC6, 0x68, 0xDE, 0x5E, 0xFF, 0xA5, 0xD6,
    0x4D, 0xAB, 0x25, 0x30, 0x13, 0x6F, 0xD1, 0xC2, 0xFC, 0xAF, 0x7D, 0xE0, 0xC3, 0x68, 0x65, 0x2C,
    0x51, 0xBC, 0xB1, 0xCA, 0xE8, 0x28, 0x55, 0x68, 0x8C, 0x76, 0xFF, 0x06, 0x51, 0x56, 0x10, 0x06,
    0x2C, 0x6C, 0x54, 0xF1, 0x28, 0x51, 0xA3, 0x39, 0xBE, 0x69, 0x23, 0x9B, 0x87, 0x55, 0xE8, 0x7C,
    0x53, 0xE8, 0xBD, 0x51, 0xEF, 0xC9, 0x0C, 0xE8, 0xC6, 0xB7, 0x56, 0xD4, 0x23, 0x9B, 0x01, 0x9B,
    0x43, 0x32, 0x68, 0x62, 0x1A, 0x45, 0x7E, 0x98, 0xFC, 0x44, 0x3D, 0xCD, 0x25, 0x8F, 0xF3, 0x6C,
    0xAD, 0xD7, 0xCF, 0xA7, 0xBE, 0xBD, 0x22, 0x2C, 0x3B, 0xBF, 0xEE, 0xCF, 0x50, 0x38, 0x00, 0xBD,
    0xE3, 0x14, 0x92, 0xE9, 0x31, 0x64, 0x96, 0x95, 0x00, 0xDC, 0xA4, 0xDE, 0x34, 0x6B, 0xA2, 0x7A,
    0x3C, 0xC4, 0x7D, 0xCB, 0x80, 0xA7, 0x72, 0x1F, 0x4B, 0xC5, 0x14, 0x10, 0x9D, 0xE6, 0x81, 0x9F,
    0x14, 0x64, 0xB5, 0xAE, 0xE7, 0x0E, 0x99, 0x8F, 0x79, 0xB5, 0x22, 0xB0, 0xAE, 0x56, 0xCC, 0x22,
    0xAB, 0x8D, 0x18, 0x62, 0x71, 0x7C, 0xC4, 0x04, 0x74, 0xE7, 0xF2, 0x8F, 0x3B, 0x25, 0xEB, 0xA3,
    0x2E, 0xB3, 0x5D, 0x61, 0x30, 0x7A, 0x62, 0x90, 0xD3, 0x36, 0xD8, 0x24, 0x0B, 0x52, 0x44, 0xB0,
    0x42, 0x36, 0x0A, 0xF3, 0x28, 0x99, 0xF0, 0xA1, 0x0B, 0x18, 0xC9, 0x65, 0x55, 0xA8, 0x63, 0x30,
    0x28, 0xBC, 0x37, 0x02, 0xFD, 0x1D, 0x24, 0x73, 0xED, 0x7E, 0xB2, 0xA0, 0xB7, 0x36, 0x7A, 0xC8,
    0xA1, 0x04, 0x6F, 0xFC, 0x32, 0x0C, 0x87, 0x57, 0x50, 0x91, 0x3E, 0x4D, 0x36, 0xB6, 0xB0, 0x84,
    0xB1, 0xD8, 0x5E, 0xED, 0xD8, 0x96, 0x67, 0xC1, 0xDC, 0x90, 0x26, 0xFE, 0x68, 0x05, 0xF7, 0x96,
    0x28, 0xAB, 0x76, 0x09, 0xD9, 0x62, 0xB2, 0xB1, 0x82, 0xF7, 0x6F, 0x13, 0xDD, 0xDF, 0x26, 0x1D,
    0x50, 0x64, 0x7B, 0x26, 0xEB, 0x38, 0xB3, 0x82, 0xF5, 0x99, 0xB9, 0xB3, 0x8B, 0x66, 0xE2, 0x77,
    0xAC, 0x25, 0xA8, 0xEB, 0x19, 0x98, 0x0F, 0xDD, 0xDF, 0xA1, 0xF9, 0xAE, 0xA0, 0xB9, 0xA5, 0x10,
    0xEF, 0x5F, 0x00, 0xE5, 0x41, 0xC0, 0x50, 0xB0, 0x15, 0x48, 0xB1, 0x87, 0xB8, 0x8C, 0x11, 0x24,
    0xAF, 0xEA, 0xCE, 0x2D, 0xB5, 0x55, 0xDB, 0x8A, 0xDC, 0x9A, 0x6C, 0x9C, 0xDD, 0x03, 0x1A, 0x15,
    0xE9, 0x4D, 0x36, 0x9C, 0x3D, 0x85, 0xA8, 0x86, 0xCA, 0xF0, 0x87, 0x57, 0x1B, 0x8B, 0xE1, 0x8E,
    0xB9, 0x70, 0x92, 0xD2, 0xB9, 0xDA, 0x10, 0x7B, 0x0A, 0xA3, 0x44, 0xB7, 0x7D, 0x4C, 0x9A, 0x6C,
    0x79, 0x66, 0xA0, 0x7B, 0x00, 0x19, 0x35, 0xFF, 0x72, 0x4C, 0xB3, 0x6A, 0x5D, 0x32, 0x2C, 0x53,
    0x03, 0x44, 0x21, 0xDE, 0x85, 0x10, 0x54, 0x68, 0x06, 0x5A, 0x88, 0x36, 0x80, 0xA2, 0x2E, 0xAB,
    0x88, 0x73, 0x10, 0x49, 0x35, 0xEE, 0x92, 0x73, 0xE3, 0x3A, 0x9D, 0x46, 0xF7, 0x4C, 0xAC, 0x6F,
    0x37, 0x4C, 0x8D, 0xAB, 0x67, 0x50, 0x99, 0x34, 0xFF, 0x26, 0x49, 0xF7, 0x07, 0x74, 0xBF, 0x69,
    0x7A, 0x15, 0x20, 0x6A, 0x07, 0xF3, 0x03, 0xC4, 0xD0, 0x32, 0x85, 0x7A, 0x40, 0xA1, 0xE5, 0x50,
    0x58, 0xC0, 0x02, 0xB0, 0xB0, 0x0F, 0x81, 0x35, 0x57, 0xE0, 0x92, 0xE5, 0xD7, 0x89, 0xAE, 0xA1,
    0xBC, 0x0D, 0x90, 0x0D, 0x81, 0xB5, 0x21, 0x46, 0x02, 0x3A, 0x81, 0xF2, 0x20, 0x4B, 0xB8, 0x89,
    0xEA, 0xDF, 0x34, 0x5D, 0x68, 0x2C, 0xB6, 0x64, 0x88, 0x6E, 0x3B, 0x5B, 0xA4, 0x75, 0xBA, 0xA4,
    0x77, 0x36, 0xC9, 0x58, 0xBE, 0x22, 0xAC, 0xD2, 0x65, 0x2F, 0x5D, 0xFA, 0xC8, 0xCB, 0x95, 0xC2,
    0xA0, 0x5C, 0x0A, 0xDD, 0x62, 0x29, 0xAC, 0xBB, 0xA5, 0xB0, 0x1C, 0x94, 0xC2, 0x41, 0xAF, 0x14,
    0xDA, 0x20, 0x4B, 0x94, 0x42, 0x8D, 0x51, 0x91, 0x4A, 0xCB, 0xE0, 0xC9, 0x45, 0x50, 0x0B, 0xF4,
    0xAC, 0x63, 0x3A, 0x4F, 0x7B, 0x40, 0xE7, 0x10, 0xD4, 0x04, 0x95, 0x41, 0x83, 0x20, 0xEB, 0xCB,
    0x8E, 0x6B, 0xAC, 0x3A, 0xAE, 0xF6, 0x16, 0x90, 0xFB, 0x59, 0x50, 0x05, 0x94, 0x67, 0x14, 0x77,
    0x68, 0xFE, 0x6D, 0x32, 0xBA, 0x5D, 0xDC, 0xD9, 0xDE, 0x04, 0xE9, 0x01, 0x96, 0xCA, 0x76, 0xD0,
    0x44, 0xDF, 0x33, 0xA0, 0x32, 0x7B, 0x07, 0xBE, 0xE7, 0x32, 0x7E, 0x37, 0x8A, 0x3A, 0x5C, 0xD7,
    0xE8, 0x4A, 0xE2, 0xB6, 0x2D, 0x29, 0x2E, 0x9C, 0x6B, 0xBB, 0x34, 0xEB, 0xD2, 0xA8, 0x4B, 0x83,
    0x2E, 0xE5, 0xE0, 0x17, 0x5C, 0xAD, 0xD3, 0x92, 0xC1, 0x85, 0x1F, 0xEE, 0xB3, 0xEA, 0x9B, 0x8C,
    0xB7, 0x4D, 0xC9, 0x78, 0x5C, 0xC7, 0x16, 0x96, 0x67, 0x5C, 0x6D, 0xA9, 0xB6, 0x8C, 0x30, 0xA4,
    0x6F, 0x70, 0x47, 0x08, 0x84, 0x0E, 0x9F, 0x69, 0xC1, 0x55, 0x61, 0x02, 0xE8, 0x7A, 0x16, 0xC4,
    0xC8, 0x3A, 0x18, 0xFF, 0x9D, 0x55, 0xE5, 0x98, 0x1F, 0xB9, 0x50, 0x42, 0x17, 0x60, 0xE1, 0x1A,
    0x3E, 0xCA, 0x43, 0xD0, 0x72, 0xEC, 0xBD, 0x80, 0x55, 0x50, 0x4B, 0x73, 0xF3, 0x1A, 0xEE, 0x72,
    0x68, 0x45, 0x8A, 0xF2, 0xD0, 0x6B, 0x0B, 0x88, 0xC5, 0x6E, 0x90, 0x6E, 0x83, 0x84, 0x68, 0x25,
    0x86, 0x1C, 0x4B, 0x0C, 0x80, 0x1E, 0x46, 0xED, 0xFC, 0x26, 0xA4, 0x26, 0x17, 0x18, 0x70, 0xC3,
    0xE1, 0xA5, 0x4B, 0x8B, 0x28, 0xA6, 0xFF, 0x0D, 0xDD, 0x48, 0xD7, 0x13, 0x62, 0x8F, 0xDB, 0x54,
    0xC4, 0xB8, 0x63, 0x03, 0x3C, 0x27, 0xC9, 0xDE, 0x84, 0x6A, 0x23, 0xFC, 0x64, 0x3B, 0x03, 0x76,
    0xC1, 0x53, 0xE9, 0xBE, 0x0D, 0x5C, 0x60, 0x4C, 0x33, 0x11, 0xA7, 0xF1, 0x9D, 0x0E, 0xAC, 0xD3,
    0x82, 0x11, 0x55, 0x83, 0xDC, 0x7A, 0xE4, 0xC3, 0x59, 0xA2, 0x63, 0x3E, 0x83, 0x8E, 0xC2, 0xCA,
    0x19, 0xAC, 0x98, 0x11, 0xAE, 0x12, 0xE7, 0x69, 0x3C, 0x3F, 0x28, 0x72, 0xE0, 0xE2, 0xD3, 0x0E,
    0x22, 0x14, 0x7A, 0x8B, 0xD1, 0x4D, 0x7B, 0xD5, 0x2B, 0x91, 0xF5, 0xA5, 0x17, 0xFD, 0x3A, 0x01,
    0x9F, 0x39, 0x0A, 0x78, 0xCC, 0x09, 0x11, 0x67, 0xFC, 0x4C, 0xD4, 0x03, 0xD2, 0x5F, 0xA2, 0x12,
    0x0C, 0xE9, 0x97, 0x34, 0x81, 0x1E, 0x3F, 0xA0, 0x31, 0xE4, 0x5B, 0x0A, 0x81, 0x2F, 0x72, 0xFF,
    0xB3, 0xE8, 0x63, 0x34, 0x1E, 0x83, 0x57, 0x62, 0xBC, 0x02, 0x4C, 0xBE, 0x8C, 0xB7, 0x2D, 0xAC,
    0xBF, 0x42, 0x11, 0x6D, 0xC2, 0x09, 0xBC, 0xE6, 0x61, 0xCE, 0x6C, 0x41, 0xCB, 0x0A, 0x6D, 0xCB,
    0xE0, 0x71, 0x13, 0xF8, 0x96, 0xAC, 0x79, 0xAC, 0xB7, 0x0F, 0x0F, 0x2E, 0xFD, 0x57, 0xE8, 0xE3,
    0x8A, 0x13, 0xB5, 0x1F, 0x8B, 0x05, 0xB7, 0x0F, 0x41, 0x3E, 0xE2, 0xD6, 0x06, 0x74, 0x87, 0xE3,
    0x0E, 0xC8, 0x5D, 0x81, 0x18, 0x6C, 0x57, 0xF1, 0x3F, 0x1F, 0x03, 0x17, 0x94, 0x8D, 0x43, 0x04,
    0x2E, 0x4E, 0x30, 0x6D, 0xAE, 0xD1, 0x10, 0xD8, 0x2C, 0x38, 0x95, 0xB0, 0x48, 0x37, 0xBF, 0x2A,
    0x61, 0xE4, 0xE9, 0x94, 0x9B, 0xA5, 0x94, 0xCA, 0x0D, 0xA1, 0xFE, 0xF8, 0xFF, 0x9F, 0x2F, 0x74,
    0xCA, 0x4C, 0x0D, 0x87, 0x3D, 0x01, 0xFD, 0xFE, 0x97, 0x3B, 0x1F, 0x1E, 0x11, 0x39, 0xBF, 0x58,
    0x67, 0x68, 0x67, 0x94, 0xFD, 0x53, 0xB0, 0xC6, 0x8A, 0x3C, 0x78, 0x61, 0xDD, 0x3F, 0xCE, 0x3C,
    0x71, 0x49, 0x6B, 0xEA, 0xB2, 0x5D, 0x10, 0xF5, 0x19, 0xAA, 0xBB, 0xD4, 0x6C, 0xEA, 0xED, 0xCA,
    0x52, 0xD3, 0x6A, 0x17, 0xF7, 0xFA, 0x80, 0x96, 0xB3, 0xB9, 0x1E, 0x5E, 0xA3, 0x4E, 0xC8, 0xAA,
    0x84, 0x34, 0xAA, 0x12, 0x6E, 0x66, 0x3B, 0xD4, 0x96, 0xBF, 0x0E, 0x3E, 0xEC, 0x72, 0xB0, 0x65,
    0x6D, 0xB6, 0x0B, 0x74, 0xAC, 0xAC, 0x58, 0x1E, 0x21, 0x72, 0x5D, 0xF1, 0xBA, 0x40, 0xC7, 0xAD,
    0x4D, 0x04, 0x58, 0x4E, 0x14, 0x02, 0x6E, 0x27, 0x6D, 0xE5, 0x5B, 0xD6, 0x66, 0x37, 0x4F, 0x93,
    0x70, 0xB6, 0x88, 0xA0, 0xEB, 0x34, 0xD8, 0x54, 0x37, 0x2A, 0xEA, 0x9A, 0xB3, 0xD7, 0xFF, 0x4B,
    0x47, 0xD4, 0x05, 0x7D, 0x37, 0xAE, 0x76, 0x20, 0xA3, 0x44, 0xA3, 0x2C, 0x96, 0x2F, 0x4D, 0x20,
    0xDE, 0x29, 0xC7, 0x22, 0xB7, 0xC5, 0x21, 0xD4, 0xC1, 0x3E, 0xE4, 0x7E, 0x60, 0x85, 0x76, 0x17,
    0xBB, 0x9C, 0x87, 0x77, 0xC2, 0xC1, 0x8A, 0xEC, 0x0C, 0x5F, 0x3D, 0x43, 0xFB, 0x7A, 0xB6, 0xED,
    0x04, 0x48, 0x31, 0x5F, 0xDF, 0x40, 0x74, 0xD0, 0x04, 0x26, 0x94, 0x14, 0xD9, 0x98, 0xBD, 0xF9,
    0x3A, 0x6C, 0x11, 0x5A, 0xCB, 0x9C, 0xCF, 0xF1, 0x48, 0x8D, 0xBF, 0x41, 0x2C, 0x23, 0x79, 0xCF,
    0x24, 0x4A, 0x88, 0x64, 0x58, 0x4B, 0xF3, 0x4F, 0xBE, 0x00, 0xEF, 0xBF, 0x70, 0x9D, 0x33, 0x6A,
    0x39, 0xCF, 0x6F, 0x86, 0x2B, 0xD4, 0x6E, 0x82, 0xAF, 0x8C, 0x6D, 0xFB, 0xA4, 0xD1, 0xCA, 0x6F,
    0x62, 0x05, 0x3D, 0x3F, 0x0E, 0x6F, 0x2C, 0x8F, 0x74, 0x11, 0x47, 0x51, 0x88, 0x94, 0x3E, 0x49,
    0x42, 0x2B, 0x44, 0x23, 0x2B, 0x54, 0x68, 0x73, 0x38, 0xB4, 0x77, 0x75, 0xBA, 0x0F, 0xA7, 0x06,
    0xC7, 0x1C, 0xCE, 0xD0, 0x87, 0x21, 0x5D, 0x09, 0x49, 0x2E, 0xD3, 0xD6, 0x28, 0xBB, 0xE9, 0xD0,
    0xF4, 0xF8, 0x2D, 0xC7, 0xF8, 0xE1, 0x81, 0x57, 0x93, 0x26, 0x97, 0xED, 0x76, 0x6D, 0xDE, 0x99,
    0x17, 0x0F, 0xCA, 0xB7, 0x64, 0x30, 0x47, 0x5D, 0xEE, 0x6A, 0x99, 0xD1, 0x05, 0x6B, 0xAB, 0x83,
    0x4D, 0x37, 0xC9, 0xDC, 0x96, 0xF3, 0xAC, 0xBC, 0x09, 0x2B, 0x78, 0x5B, 0x02, 0xFD, 0x81, 0x79,
    0xCE, 0x2A, 0x1C, 0x60, 0xFE, 0xCF, 0x28, 0xB2, 0xC4, 0x8C, 0x92, 0x7B, 0x5E, 0xBD, 0xE3, 0x3A,
    0x5C, 0x37, 0x51, 0xC9, 0xE5, 0x1E, 0x95, 0x1C, 0x89, 0x55, 0x52, 0x8B, 0x55, 0x72, 0x0F, 0x23,
    0xB4, 0x95, 0xAF, 0xED, 0x51, 0xB7, 0xFA, 0x2E, 0x75, 0xEB, 0xEA, 0xDD, 0xC1, 0x3D, 0x1A, 0x5A,
    0x2C, 0x04, 0xC5, 0x6E, 0xF0, 0x45, 0x8F, 0x11, 0xA7, 0x7C, 0xC0, 0xEE, 0xEC, 0x48, 0x57, 0x14,
    0xCE, 0x21, 0xD2, 0x9C, 0x2A, 0xAB, 0x60, 0xD9, 0xFA, 0x18, 0x7A, 0x08, 0x6C, 0xC4, 0x34, 0x67,
    0xA6, 0xA9, 0x39, 0xFF, 0x54, 0x78, 0x44, 0xC5, 0xA9, 0xD8, 0x6C, 0x47, 0x09, 0x01, 0xCA, 0xB9,
    0x4B, 0x67, 0x0C, 0x86, 0xBE, 0x9D, 0xC4, 0xAF, 0x7C, 0x05, 0x48, 0xDD, 0xBF, 0xC7, 0xA6, 0x10,
    0xB6, 0xB8, 0x6F, 0x02, 0x03, 0x67, 0x61, 0xA3, 0x2B, 0x75, 0xD8, 0x68, 0xB2, 0xB3, 0x54, 0xBB,
    0x4A, 0x15, 0x9F, 0xD6, 0xA1, 0x0B, 0x31, 0x52, 0xBE, 0x02, 0xDC, 0x78, 0x0B, 0xD0, 0xF6, 0x74,
    0x8C, 0x96, 0x93, 0x1C, 0xA5, 0x41, 0x64, 0x65, 0xE0, 0x74, 0x38, 0x42, 0xEF, 0x6B, 0xFE, 0xA0,
    0xFE, 0x32, 0xA2, 0x39, 0xE3, 0x09, 0x38, 0x0D, 0xE3, 0xA4, 0xE1, 0x98, 0x77, 0x9A, 0x77, 0x0A,
    0xE3, 0xFB, 0xC6, 0xF7, 0xC9, 0x78, 0x59, 0xFF, 0x57, 0xD2, 0xFF, 0x43, 0xFB, 0x05, 0x63, 0x3A,
    0xFC, 0x6D, 0x07, 0x19, 0xD0, 0x19, 0x62, 0x00, 0x56, 0x33, 0x04, 0x3F, 0xEF, 0x70, 0x97, 0xF3,
    0x0C, 0xC5, 0xFA, 0xAB, 0x3E, 0xDC, 0x95, 0x4D, 0xB3, 0x30, 0xCE, 0x9D, 0xF9, 0xC4, 0xA8, 0xCD,
    0x3B, 0x5D, 0xEC, 0x1C, 0x59, 0xC1, 0xE8, 0x4D, 0xCC, 0xE7, 0xA7, 0x98, 0xCF, 0xF7, 0x78, 0x3E,
    0x31, 0x0A, 0x27, 0xA1, 0x32, 0xD0, 0xE2, 0x36, 0x54, 0x29, 0xF0, 0x2B, 0xD9, 0x1E, 0x6E, 0xA8,
    0xCD, 0x2C, 0xA0, 0x7A, 0x4C, 0x45, 0x97, 0x3D, 0x4F, 0x73, 0x0D, 0xB8, 0xFE, 0x8E, 0x1E, 0x9A,
    0xC2, 0x22, 0xBE, 0x4C, 0x75, 0x59, 0xE8, 0x68, 0x96, 0xCF, 0x33, 0xE2, 0x27, 0xF5, 0x46, 0xE8,
    0xE1, 0xC0, 0xF8, 0x3E, 0xBF, 0x81, 0x13, 0x74, 0x1B, 0xA0, 0x75, 0xFB, 0xC2, 0xBD, 0x8E, 0x48,
    0xD5, 0x70, 0x8C, 0x9E, 0x52, 0x8B, 0xE1, 0xE3, 0x34, 0x9B, 0x1F, 0xB6, 0x2D, 0x87, 0xEC, 0x3B,
    0x2E, 0xB2, 0x8E, 0xE4, 0x11, 0x72, 0xA1, 0x80, 0x41, 0xFF, 0xB4, 0xA0, 0x47, 0x1C, 0x6D, 0x55,
    0x18, 0x69, 0xEA, 0xCB, 0x52, 0xAA, 0x48, 0xD9, 0x71, 0x1A, 0xAA, 0x51, 0x71, 0x91, 0x8A, 0x3E,
    0x8D, 0x27, 0x09, 0xF7, 0x43, 0x8B, 0x94, 0xAD, 0x51, 0x7F, 0x91, 0xAB, 0x19, 0x29, 0xD2, 0x7F,
    0x46, 0xF4, 0xAA, 0x73, 0x6C, 0x9A, 0x46, 0x8A, 0x94, 0x8E, 0x4A, 0x1E, 0x27, 0x6D, 0x95, 0xE8,
    0x35, 0x41, 0x7F, 0xE7, 0xD0, 0x0F, 0x3C, 0x7A, 0x40, 0x25, 0xDC, 0xE0, 0xF1, 0x35, 0x87, 0x56,
    0xB9, 0x89, 0xF1, 0x55, 0x6E, 0x9E, 0x85, 0xCB, 0xE1, 0x23, 0x2B, 0x2B, 0x28, 0x0D, 0x8D, 0xF7,
    0x8F, 0xF7, 0x97, 0x86, 0x2C, 0x28, 0x8B, 0xEC, 0x6C, 0xDC, 0x15, 0xD0, 0x7E, 0xD7, 0x02, 0x9F,
    0x4F, 0xE5, 0xF6, 0xBB, 0x32, 0xF7, 0xCE, 0x5F, 0x3B, 0x0A, 0xCF, 0x98, 0x17, 0x86, 0x8F, 0x60,
    0x76, 0xFA, 0xE8, 0xE4, 0xFC, 0xC4, 0x70, 0x03, 0x9B, 0x7A, 0xB5, 0x37, 0x35, 0xD5, 0xB6, 0xB2,
    0x8F, 0x2A, 0x5D, 0x1A, 0xFE, 0x07, 0x75, 0xCC, 0x15, 0xED, 0xAF, 0x6B, 0xD8, 0xAD, 0xB1, 0x24,
    0xF2, 0xDC, 0x2F, 0x3D, 0x39, 0x25, 0xB7, 0x68, 0xE8, 0xF0, 0x78, 0xDF, 0x62, 0x9F, 0xD7, 0x87,
    0xDA, 0x29, 0x54, 0x1C, 0x81, 0x97, 0x52, 0xE7, 0x22, 0x43, 0xB8, 0x71, 0x35, 0xDF, 0xF4, 0x0A,
    0xDE, 0x8C, 0x37, 0xE0, 0xD1, 0xF6, 0xC5, 0xF2, 0x39, 0x35, 0x25, 0x3B, 0x7E, 0x51, 0x5D, 0xE3,
    0xE8, 0x34, 0x20, 0xCF, 0x70, 0x6C, 0x1E, 0x86, 0x3E, 0xF7, 0x87, 0x95, 0x2D, 0xDD, 0xE9, 0xBD,
    0xBE, 0xF3, 0x9F, 0xF3, 0x5D, 0xB5, 0x95, 0x5C, 0xA4, 0xE9, 0x4A, 0x37, 0xB3, 0xA1, 0x05, 0x46,
    0x60, 0x2C, 0xA6, 0xA7, 0x47, 0xA6, 0xEB, 0xD3, 0x03, 0xD3, 0x46, 0xA0, 0x09, 0x9E, 0x60, 0xEA,
    0x50, 0x7A, 0x2E, 0xFF, 0x41, 0xAB, 0xDF, 0xCC, 0x1A, 0x45, 0xE3, 0x18, 0xCB, 0x8F, 0xDB, 0x6A,
    0xCE, 0xE1, 0xE9, 0x7C, 0x47, 0xCD, 0x25, 0xBA, 0xC6, 0x69, 0x3C, 0xF3, 0x1C, 0x2F, 0xB2, 0x3A,
    0xD5, 0x0A, 0xD5, 0x13, 0x3C, 0x24, 0xFF, 0xA5, 0xF1, 0xD3, 0x2E, 0xC4, 0x3A, 0xAE, 0xD3, 0xA7,
    0xFA, 0xFE, 0xE2, 0xF7, 0x6F, 0xFF, 0xEB, 0x2F, 0x7C, 0xE5, 0x78, 0x56, 0xB5, 0xC3, 0xEC, 0x74,
    0xCF, 0xA2, 0xDF, 0x80, 0xC5, 0x0A, 0xA9, 0x6C, 0xF8, 0x74, 0x83, 0x1D, 0x05, 0xBB, 0x66, 0x93,
    0x94, 0x91, 0x90, 0xBE, 0x4C, 0x7A, 0x84, 0xC2, 0x22, 0x2A, 0x66, 0xEE, 0xE5, 0x94, 0x5E, 0x0F,
    0xF0, 0x46, 0x55, 0x30, 0xCF, 0x4C, 0xC1, 0x81, 0xE4, 0x08, 0xBB, 0x05, 0x6C, 0xA9, 0xED, 0x26,
    0x4D, 0x60, 0x3A, 0x45, 0xE5, 0xD5, 0xAF, 0x4F, 0x82, 0x8F, 0x9B, 0xA2, 0xD4, 0x92, 0x08, 0x67,
    0x69, 0xD1, 0x4C, 0x92, 0x45, 0x53, 0x69, 0x15, 0x05, 0x44, 0x22, 0x81, 0x69, 0x05, 0x1C, 0x6E,
    0x1D, 0x56, 0xAE, 0xA2, 0x20, 0xBD, 0x5B, 0xAF, 0x3A, 0x37, 0xD8, 0x7C, 0x0C, 0x5F, 0x5D, 0xA8,
    0xC8, 0x80, 0xB6, 0x83, 0x16, 0x95, 0x4E, 0x5F, 0x70, 0x5A, 0xD2, 0x63, 0x3F, 0xDD, 0x66, 0xC8,
    0xD2, 0x11, 0x72, 0x42, 0x37, 0x8B, 0xAC, 0xA1, 0xF5, 0x22, 0x2D, 0xAA, 0x3A, 0x98, 0xB3, 0xB6,
    0x98, 0x04, 0x23, 0x3E, 0x1F, 0xC6, 0x0D, 0x5F, 0x12, 0xD8, 0x5E, 0x92, 0xE7, 0x69, 0x48, 0x2F,
    0x7A, 0xFA, 0x8B, 0x9E, 0xF1, 0x88, 0x67, 0xDC, 0xE1, 0x99, 0x9A, 0x67, 0xEB, 0x4E, 0xCE, 0x70,
    0xCA, 0x9F, 0x17, 0xC5, 0x0A, 0x45, 0x27, 0x7F, 0xCC, 0x99, 0xDF, 0x23, 0xE3, 0x1A, 0x47, 0xF2,
    0x80, 0x0E, 0xB0, 0x0B, 0x60, 0xA7, 0xBD, 0x21, 0xCC, 0x2E, 0xC7, 0xE1, 0x8B, 0x1E, 0x77, 0x18,
    0xF7, 0x8C, 0xD9, 0x2D, 0x90, 0xA6, 0xB0, 0x92, 0x59, 0xFA, 0x24, 0x76, 0xEC, 0x94, 0x36, 0x29,
    0xDB, 0x47, 0xA5, 0x14, 0xB9, 0x29, 0x1A, 0xC8, 0xAA, 0x85, 0x17, 0xD5, 0x11, 0x8F, 0xAF, 0xCE,
    0xBC, 0x54, 0x04, 0x70, 0x68, 0xDB, 0x59, 0x0A, 0x1E, 0xD1, 0x6C, 0x2C, 0x58, 0xD2, 0x4F, 0xC1,
    0x68, 0xB2, 0x54, 0xCA, 0xD2, 0x78, 0x96, 0x75, 0x32, 0x6E, 0xA8, 0xF4, 0x58, 0x53, 0xFD, 0x6B,
    0xDC, 0x68, 0x5E, 0x9E, 0x5E, 0x8A, 0x41, 0xA3, 0xE7, 0x52, 0xA5, 0x7D, 0x47, 0xFA, 0xC8, 0x4C,
    0xD2, 0xE7, 0x97, 0x98, 0x7B, 0x66, 0x4F, 0xC9, 0x91, 0x94, 0x32, 0x8F, 0x6C, 0x2C, 0x0B, 0xC6,
    0x6E, 0x81, 0xE0, 0x8C, 0x9D, 0xB1, 0xA6, 0x16, 0xA2, 0x4C, 0x01, 0x61, 0x4B, 0x60, 0x69, 0xBE,
    0xCE, 0x4B, 0x12, 0xDB, 0xCA, 0x01, 0xBB, 0xB3, 0x7C, 0xB6, 0x25, 0xCC, 0xBC, 0xAF, 0x21, 0xEC,
    0x44, 0xA9, 0xB8, 0x42, 0x4A, 0xF5, 0xA9, 0x4E, 0xEB, 0xE8, 0x1A, 0x18, 0x85, 0xC0, 0x5B, 0x58,
    0xBA, 0x37, 0xAA, 0xF9, 0x43, 0x71, 0x34, 0xA8, 0xB8, 0x1A, 0x25, 0xDD, 0x33, 0x5A, 0xDE, 0x6D,
    0xFF, 0xED, 0xB5, 0xBE, 0x2C, 0x3E, 0x65, 0x12, 0x00, 0xC9, 0xE8, 0xEF, 0x79, 0x0B, 0x6E, 0xAC,
    0xC3, 0xE1, 0x38, 0x53, 0x06, 0xEB, 0x4F, 0xCD, 0xA4, 0xA2, 0x45, 0xA5, 0x3E, 0x1A, 0x49, 0xD1,
    0xA1, 0x6C, 0xCF, 0xC1, 0xD9, 0x36, 0x33, 0x05, 0x9F, 0xA7, 0xC5, 0x67, 0xB5, 0x01, 0x4B, 0x44,
    0x7B, 0x47, 0xE8, 0xD2, 0x33, 0xBE, 0xE4, 0x59, 0x2C, 0x56, 0x31, 0xB1, 0x4A, 0xC5, 0x4D, 0x75,
    0x5A, 0x34, 0xAA, 0xDC, 0xCA, 0x83, 0x31, 0x28, 0xD8, 0x22, 0x8E, 0x4D, 0xD5, 0x09, 0x8D, 0xE8,
    0x93, 0xC2, 0x86, 0xFB, 0x1B, 0x8F, 0xD3, 0xF0, 0x05, 0xA5, 0x78, 0x35, 0xC5, 0x7C, 0x37, 0xEE,
    0x39, 0x12, 0x31, 0xC4, 0xA7, 0xA9, 0xE3, 0xDD, 0x63, 0x9E, 0x3F, 0xEE, 0xFB, 0xC5, 0x1F, 0x78,
    0xA5, 0x9F, 0x78, 0x23, 0xDF, 0xF0, 0xB2, 0x46, 0xC2, 0x90, 0xB4, 0xE2, 0x46, 0x39, 0xD6, 0x76,
    0x6C, 0xC2, 0x75, 0x35, 0x88, 0x2D, 0x05, 0xF8, 0xB6, 0x3D, 0x66, 0x45, 0xFA, 0x18, 0x25, 0x1E,
    0x22, 0x19, 0x25, 0x5A, 0x94, 0xA5, 0x86, 0x28, 0xF5, 0x5C, 0x93, 0x54, 0xF1, 0x4E, 0xB4, 0x4B,
    0xA5, 0xD2, 0xA1, 0x9D, 0xB2, 0xA3, 0xC9, 0x69, 0x6F, 0x92, 0x76, 0x4D, 0xBA, 0x96, 0x58, 0x91,
    0xEA, 0x14, 0x53, 0x37, 0x93, 0xA9, 0xA7, 0x23, 0xE1, 0x1D, 0xFC, 0xC3, 0xCC, 0x78, 0x72, 0x67,
    0x81, 0x64, 0x29, 0xAC, 0x24, 0xFB, 0xD9, 0xA1, 0xC1, 0xA2, 0xE5, 0xEA, 0x21, 0xB0, 0xA5, 0x6D,
    0x7E, 0xD7, 0x4E, 0x95, 0x6F, 0x69, 0x32, 0x52, 0x0C, 0xC4, 0xBC, 0xEA, 0xBB, 0x20, 0xF2, 0x32,
    0x51, 0x95, 0xC8, 0xD2, 0xB1, 0xF0, 0xCB, 0x64, 0x5D, 0xF6, 0x26, 0xC7, 0x83, 0xE2, 0xF8, 0x74,
    0xCC, 0xD5, 0x68, 0x52, 0xFD, 0xEA, 0x78, 0x9F, 0x0F, 0xF8, 0x8B, 0xD1, 0x79, 0xBD, 0xAE, 0xCE,
    0xEB, 0xD9, 0x1F, 0xC6, 0x27, 0x76, 0x7A, 0x3F, 0xBB, 0x19, 0x56, 0x58, 0xB8, 0x46, 0x83, 0xFA,
    0x0C, 0x91, 0xD2, 0x9D, 0x94, 0xEE, 0x65, 0x35, 0x6F, 0x84, 0xB0, 0xC1, 0xF3, 0x8B, 0x14, 0xD4,
    0x68, 0x71, 0x9A, 0x16, 0x8E, 0x47, 0x38, 0x79, 0xA8, 0x98, 0x2D, 0x2E, 0x57, 0xFC, 0xC9, 0x9E,
    0x8D, 0x4E, 0x89, 0x2A, 0x2B, 0xF6, 0xC7, 0xCA, 0x56, 0x08, 0x66, 0xB1, 0xED, 0x22, 0x28, 0x9D,
    0x28, 0x6B, 0x39, 0x56, 0x23, 0x84, 0x30, 0x90, 0xD0, 0x60, 0x64, 0x90, 0x42, 0xC9, 0x18, 0x32,
    0xAB, 0x51, 0xAA, 0xA4, 0x4C, 0x31, 0x4D, 0x75, 0x8B, 0x6A, 0x86, 0x33, 0xA0, 0x47, 0x16, 0x0F,
    0x5F, 0x3A, 0x15, 0xB3, 0x69, 0x87, 0xED, 0x0E, 0x9F, 0xC6, 0x25, 0x8F, 0xA9, 0x3F, 0x17, 0xFD,
    0x0F, 0x38, 0xD9, 0x9A, 0x57, 0xAA, 0xF9, 0xE3, 0xB5, 0xC5, 0x63, 0xB5, 0x29, 0x14, 0x1A, 0xD0,
    0x57, 0x27, 0xE2, 0x6D, 0x30, 0xDC, 0x08, 0x58, 0x7D, 0x12, 0xEB, 0x3A, 0x82, 0x30, 0xE0, 0xBB,
    0xEA, 0x00, 0x53, 0xED, 0x6E, 0x58, 0xBF, 0x47, 0xD4, 0x24, 0x0F, 0x61, 0xB2, 0x76, 0x40, 0x2F,
    0x00, 0xCD, 0xD5, 0x99, 0x26, 0xB6, 0xFA, 0x7C, 0x1A, 0x07, 0xBE, 0x4F, 0x52, 0xDE, 0xD7, 0xB6,
    0xE2, 0x73, 0xFD, 0x08, 0x87, 0xB4, 0x24, 0x54, 0x8B, 0x11, 0x25, 0xE6, 0x9E, 0x48, 0x1B, 0xCC,
    0xBA, 0xF4, 0x92, 0x37, 0xDF, 0xF5, 0x1F, 0x8A, 0xC0, 0x4A, 0x57, 0x86, 0x66, 0x32, 0x3B, 0xD2,
    0x69, 0xB2, 0xBE, 0x4A, 0xFA, 0xFB, 0x1C, 0x31, 0x71, 0xE7, 0xD8, 0x8F, 0xAC, 0x93, 0xBE, 0xEA,
    0x00, 0x1A, 0x2D, 0x65, 0x30, 0x43, 0x6A, 0x04, 0xA8, 0x6D, 0x1E, 0x1A, 0x13, 0xC1, 0x9E, 0x17,
    0xA1, 0xE9, 0x02, 0xAF, 0xB9, 0xA7, 0x84, 0xA7, 0x71, 0xD5, 0xA3, 0x79, 0xEF, 0x88, 0x62, 0xB5,
    0x49, 0xC2, 0x30, 0x03, 0xA3, 0xEB, 0x17, 0x02, 0xEF, 0x7B, 0x8F, 0x7A, 0xFA, 0xAA, 0x40, 0x58,
    0xA0, 0xFD, 0x73, 0x52, 0x33, 0x50, 0x29, 0x52, 0xD0, 0x29, 0xF4, 0xCF, 0xC6, 0x11, 0xBB, 0xF2,
    0x48, 0x54, 0x51, 0x4A, 0xCE, 0xE5, 0x87, 0x97, 0x16, 0xE7, 0x63, 0x3F, 0x50, 0x91, 0xC3, 0x31,
    0xF8, 0x0D, 0x2F, 0x55, 0x64, 0x02, 0x7E, 0xC3, 0x4B, 0xF3, 0x7C, 0x4F, 0xB7, 0x9E, 0xA5, 0xC2,
    0xB5, 0x1D, 0x4D, 0x3E, 0xFD, 0x63, 0x76, 0x48, 0x71, 0x4F, 0x91, 0xDC, 0x87, 0x62, 0xB9, 0x47,
    0x10, 0xC0, 0xAC, 0x1D, 0x08, 0x6A, 0xFE, 0x9E, 0x6B, 0x01, 0xFA, 0x45, 0xBE, 0xEE, 0x99, 0x4E,
    0x1E, 0xA1, 0x43, 0x5F, 0x71, 0x6F, 0x4A, 0xC5, 0x69, 0x20, 0x55, 0xAC, 0xF5, 0x17, 0x83, 0xEC,
    0x6F, 0x79, 0x43, 0x5F, 0x64, 0xEF, 0x81, 0x58, 0x15, 0x56, 0x71, 0x7C, 0x5F, 0x37, 0xA9, 0x53,
    0xD1, 0xA0, 0x62, 0x9A, 0x8A, 0x59, 0x2A, 0x42, 0xF9, 0x43, 0x42, 0x88, 0x3E, 0xA9, 0x2A, 0x47,
    0x6A, 0xFA, 0x57, 0x4B, 0x8C, 0x76, 0x07, 0x25, 0xAE, 0x70, 0x8E, 0xA6, 0xCD, 0xC8, 0x9F, 0x93,
    0x6B, 0x26, 0xC9, 0x22, 0xB7, 0x8F, 0x06, 0x52, 0xC9, 0xF2, 0x4A, 0x3B, 0xCB, 0x43, 0x00, 0xAA,
    0xA9, 0xCF, 0x3E, 0x75, 0xA5, 0x51, 0x69, 0x8D, 0xCC, 0x3D, 0x80, 0x1D, 0x39, 0x64, 0x65, 0x00,
    0x73, 0xC9, 0x81, 0xB9, 0x4E, 0x7F, 0x22, 0xBE, 0xE0, 0x0D, 0x39, 0xFD, 0x88, 0x5E, 0x6F, 0x17,
    0x7F, 0xE0, 0xDC, 0x2E, 0xC6, 0xD4, 0xC7, 0x93, 0x4C, 0xF5, 0x94, 0x60, 0xA0, 0xBC, 0x31, 0x41,
    0x3E, 0xD7, 0x5A, 0x5B, 0x99, 0x7B, 0x33, 0xB3, 0x30, 0xF3, 0xF2, 0x0D, 0x29, 0x01, 0x9B, 0x8E,
    0x45, 0x99, 0x19, 0x4C, 0xA9, 0xD4, 0x4B, 0x10, 0x4D, 0x29, 0xEF, 0x51, 0xA9, 0x14, 0xD0, 0x89,
    0x70, 0x99, 0x7E, 0xD7, 0xCB, 0x26, 0x47, 0x0A, 0xA5, 0x1B, 0xD0, 0x89, 0x6A, 0x15, 0x4E, 0x5E,
    0xAA, 0x4F, 0x5F, 0xAE, 0x2D, 0x3D, 0xF7, 0xF0, 0x73, 0xC2, 0xE5, 0xC8, 0x0E, 0x6F, 0x5D, 0xE8,
    0xB7, 0x4B, 0x17, 0x41, 0x5B, 0xE4, 0xEA, 0xFF, 0x46, 0xEE, 0x3D, 0x8F, 0x3B, 0xAD, 0xAE, 0x16,
    0x54, 0x95, 0x45, 0x15, 0xC1, 0x32, 0x10, 0xDA, 0x84, 0x87, 0xAB, 0x22, 0x84, 0x13, 0x0B, 0x8D,
    0x37, 0xB0, 0xD7, 0x34, 0x9C, 0xD0, 0x32, 0x9C, 0x8D, 0x1F, 0x3D, 0x2E, 0xE4, 0xAF, 0xBA, 0xAA,
    0x26, 0x1F, 0xD4, 0xF0, 0x46, 0xFE, 0xA0, 0x39, 0xF0, 0x3B, 0xD4, 0x71, 0x5A, 0x97, 0xA5, 0x77,
    0xFE, 0x9B, 0x6B, 0xC2, 0x85, 0x24, 0xF6, 0xA3, 0x67, 0x9E, 0x5D, 0x13, 0xAD, 0xB7, 0xA4, 0xB7,
    0xC3, 0x5B, 0x43, 0x51, 0xA6, 0x7A, 0x8F, 0xE0, 0xB2, 0x7A, 0xFC, 0x09, 0xA3, 0xAE, 0xB4, 0x43,
    0x7A, 0x19, 0xAC, 0x4D, 0x5E, 0x91, 0x5E, 0xF5, 0xFC, 0xDD, 0x88, 0x7D, 0x34, 0x45, 0xD5, 0xA6,
    0xE6, 0xC9, 0xB6, 0xE6, 0x01, 0x5C, 0x14, 0x6D, 0xFC, 0x19, 0x9E, 0x3B, 0xA0, 0xCB, 0xD2, 0xAF,
    0x3E, 0xBD, 0xE6, 0x63, 0x2B, 0xA5, 0xA8, 0x0A, 0x92, 0x97, 0x1D, 0x1F, 0x7B, 0x06, 0x45, 0x1B,
    0x3F, 0x5A, 0xF3, 0xE5, 0x7B, 0x52, 0x79, 0x66, 0x94, 0x07, 0x78, 0x1F, 0x90, 0xA2, 0x35, 0xDC,
    0xCB, 0x80, 0xCB, 0x50, 0x4F, 0xD1, 0xC6, 0xB9, 0xB5, 0x00, 0x75, 0x95, 0xF1, 0xC9, 0x30, 0x4B,
    0x55, 0x17, 0xA2, 0x88, 0xA9, 0xEA, 0x8E, 0xA2, 0x6C, 0x94, 0x0F, 0x2C, 0x40, 0x97, 0x9D, 0x8D,
    0x73, 0xAF, 0x84, 0x72, 0x3D, 0xFA, 0x00, 0x29, 0x3F, 0x92, 0x41, 0xF5, 0xA7, 0x6B, 0x42, 0x6D,
    0xA1, 0x40, 0x7C, 0x8F, 0x32, 0x3F, 0x04, 0x46, 0x31, 0x6D, 0x34, 0xD6, 0xA6, 0xE4, 0xBB, 0x3C,
    0x16, 0xEA, 0x7D, 0xF8, 0x9E, 0x4F, 0x2E, 0x36, 0x0F, 0xA0, 0x6A, 0xF8, 0x9A, 0x23, 0x41, 0x21,
    0x45, 0xB4, 0xF1, 0xC3, 0xF7, 0x7C, 0xB9, 0xCE, 0x7B, 0x98, 0xA3, 0x24, 0x83, 0x11, 0xAA, 0xBE,
    0xF9, 0xF0, 0x14, 0xAD, 0x63, 0x3E, 0xC1, 0x21, 0x3C, 0x4B, 0xDA, 0xF8, 0xC6, 0xAA, 0x17, 0x02,
    0xAF, 0x98, 0x36, 0x9E, 0x59, 0xF5, 0xE4, 0xDB, 0x30, 0x78, 0xD4, 0x65, 0x19, 0x9C, 0xA8, 0x9E,
    0x72, 0x4A, 0x40, 0xC4, 0xFD, 0x88, 0xDF, 0x71, 0x1D, 0x52, 0x72, 0x33, 0x44, 0x42, 0x93, 0x8D,
    0x73, 0xAC, 0x43, 0x62, 0xBF, 0x32, 0xF7, 0xB7, 0x1F, 0xF1, 0xDC, 0xDF, 0x79, 0x51, 0xD1, 0xF9,
    0x67, 0x5F, 0xF7, 0x5A, 0x90, 0x47, 0xF2, 0xBC, 0xAB, 0xAC, 0x98, 0xA3, 0x84, 0xCE, 0x37, 0x73,
    0xD4, 0x6A, 0xF3, 0xFD, 0x18, 0x08, 0x10, 0x51, 0xBC, 0xEC, 0x9D, 0x7F, 0xFE, 0x95, 0xB0, 0xB5,
    0x19, 0x9F, 0x90, 0xA5, 0x7B, 0x88, 0xB7, 0x97, 0xF9, 0xF8, 0xB0, 0xF1, 0x79, 0xC0, 0xF9, 0x9B,
    0x21, 0xF6, 0x70, 0x73, 0x80, 0x65, 0xDB, 0x03, 0xAE, 0x08, 0xCD, 0xE9, 0x23, 0x0E, 0xEF, 0x23,
    0xB2, 0xC9, 0xF0, 0x6D, 0x61, 0x84, 0x79, 0xC7, 0xAE, 0x4F, 0x78, 0xA3, 0xE5, 0x66, 0xB8, 0x6C,
    0x07, 0xE5, 0x01, 0xC3, 0x39, 0xC4, 0x07, 0x50, 0xD6, 0xA5, 0x0E, 0xBA, 0x1B, 0x53, 0x87, 0x4F,
    0x7C, 0xEC, 0x53, 0x04, 0x95, 0xD4, 0x47, 0x3D, 0x1B, 0x01, 0xF8, 0x2C, 0xE9, 0x2C, 0xD2, 0x8C,
    0x3A, 0x78, 0x74, 0x32, 0xF7, 0x57, 0xF7, 0x8C, 0x0F, 0x55, 0x7C, 0x1A, 0xE3, 0x07, 0x6D, 0x6C,
    0x71, 0x27, 0xC5, 0xC3, 0x8C, 0x10, 0xFC, 0x4A, 0x22, 0x24, 0x38, 0xBC, 0xF1, 0x99, 0x77, 0x20,
    0x7D, 0xF6, 0x87, 0xA1, 0xCA, 0x0C, 0xE8, 0x51, 0x1B, 0x4E, 0x53, 0xDF, 0x32, 0x43, 0x32, 0xBF,
    0x65, 0x97, 0xA9, 0x60, 0x5D, 0xCC, 0xD3, 0x10, 0x82, 0x85, 0x9E, 0xA0, 0x22, 0x15, 0x51, 0xE6,
    0x3E, 0x65, 0x1E, 0x42, 0x0D, 0x55, 0x88, 0x97, 0x8A, 0x1D, 0xB6, 0xF6, 0x11, 0x60, 0xC8, 0x7B,
    0x0E, 0x38, 0x94, 0x77, 0x06, 0x80, 0x5B, 0x6A, 0x5A, 0x10, 0x91, 0x0A, 0x91, 0x99, 0x0E, 0x9F,
    0x72, 0x60, 0x06, 0xCE, 0xE7, 0xA6, 0x8C, 0x9D, 0x32, 0x45, 0x5A, 0x2C, 0xEA, 0x6A, 0x2F, 0x0C,
    0x50, 0x24, 0xC2, 0x5D, 0xB0, 0xA0, 0xDA, 0x7F, 0x66, 0xED, 0x39, 0x61, 0x78, 0x75, 0x3A, 0x88,
    0x5A, 0x30, 0xB5, 0x2A, 0xEA, 0x27, 0x22, 0xC1, 0x7C, 0xF9, 0x7C, 0xD5, 0x8B, 0xBE, 0x9D, 0x2F,
    0x90, 0x71, 0xA9, 0x0D, 0x26, 0x96, 0xD5, 0x69, 0x31, 0xFF, 0x35, 0xDE, 0x6D, 0xAB, 0x72, 0xDA,
    0x73, 0x02, 0xB5, 0x31, 0x25, 0xC3, 0xEB, 0xCF, 0xA5, 0x78, 0x4B, 0x32, 0x3D, 0xE2, 0xF6, 0x5C,
    0xE7, 0x67, 0x5B, 0x5B, 0xEE, 0xC8, 0xEE, 0xAB, 0x36, 0x42, 0x9F, 0x65, 0xC3, 0x4F, 0xAE, 0x87,
    0xA6, 0xE6, 0x3B, 0x7B, 0xEF, 0xA2, 0x8B, 0xF7, 0xAE, 0xB5, 0xED, 0x76, 0xAD, 0xAD, 0xF3, 0xB3,
    0x7B, 0xEF, 0x76, 0xFA, 0xA3, 0xDE, 0x86, 0xF5, 0x6A, 0x53, 0xB6, 0x77, 0x97, 0x6C, 0x77, 0x48,
    0x8B, 0x01, 0xB9, 0x7B, 0x53, 0x26, 0x0C, 0x2A, 0xE1, 0x3E, 0xE5, 0x3B, 0x49, 0xED, 0x1E, 0xB6,
    0x7B, 0x92, 0xED, 0x6A, 0x73, 0xEF, 0xDD, 0xC1, 0x63, 0xA0, 0xEB, 0x4C, 0x4F, 0xEF, 0xF3, 0xBB,
    0x1F, 0x77, 0x8F, 0xC1, 0x5E, 0x46, 0xF3, 0x6F, 0x96, 0x55, 0xEF, 0x7E, 0x07, 0x78, 0x29, 0x13,
    0xC9, 0x25, 0xDF, 0x83, 0x0F, 0xC8, 0xCA, 0x51, 0xF6, 0x90, 0x40, 0x36, 0xEF, 0x25, 0x8F, 0x71,
    0x56, 0x9D, 0x6B, 0x41, 0x2F, 0xBA, 0x3F, 0x3C, 0xB0, 0x83, 0xE3, 0xDB, 0xDB, 0x08, 0x3E, 0xAB,
    0x36, 0x4F, 0xEE, 0x9F, 0xB9, 0x51, 0xF6, 0xB7, 0x9C, 0xC9, 0xED, 0x47, 0x64, 0x3F, 0xB9, 0xE7,
    0x24, 0xD4, 0xEE, 0xCA, 0x49, 0xCA, 0x4C, 0xED, 0xDB, 0x56, 0x7D, 0x32, 0x3F, 0xD2, 0xBB, 0x8C,
    0xEB, 0xA9, 0xBC, 0x1F, 0x55, 0xEB, 0x52, 0x76, 0xEB, 0xD5, 0xBB, 0xF6, 0x6D, 0x73, 0x9C, 0x06,
    0xF8, 0x2C, 0xA2, 0xCE, 0x1F, 0x13, 0x6E, 0x9E, 0x29, 0x4E, 0x56, 0xD9, 0x30, 0xA2, 0x3B, 0xE6,
    0xAE, 0x0A, 0xE1, 0x6E, 0x96, 0x2D, 0xEC, 0x20, 0x80, 0xF5, 0x49, 0xB2, 0xCC, 0xE9, 0xD6, 0x4B,
    0xF0, 0x77, 0x3F, 0x3E, 0xC9, 0x31, 0x0B, 0xCA, 0x46, 0x0E, 0x9F, 0x42, 0x66, 0xCB, 0xE4, 0x71,
    0x77, 0x16, 0x37, 0xDB, 0x66, 0x8E, 0xFE, 0x18, 0xFB, 0xD0, 0xD5, 0x1B, 0x65, 0xDF, 0x5C, 0x85,
    0x3D, 0x5F, 0x5E, 0x15, 0x99, 0x26, 0x3F, 0xD6, 0x54, 0x76, 0x0F, 0x67, 0x72, 0xFB, 0x71, 0x77,
    0x16, 0x35, 0xDB, 0x39, 0xDF, 0xFE, 0x04, 0xEB, 0x38, 0x7C, 0x92, 0xF1, 0xE7, 0x0D, 0xCA, 0x7C,
    0x5B, 0xA8, 0x38, 0xF6, 0xA6, 0xD9, 0xF6, 0x3A, 0x22, 0xEE, 0x3E, 0x77, 0xEA, 0x49, 0x41, 0x75,
    0x8E, 0xA7, 0x6E, 0x9C, 0x4D, 0x63, 0x52, 0x3B, 0x92, 0xD9, 0xE3, 0x4B, 0x6E, 0x40, 0x99, 0xAF,
    0x01, 0x0A, 0x9F, 0xC8, 0xDC, 0x75, 0x70, 0x9D, 0xD2, 0x75, 0xBF, 0x68, 0xB7, 0xD9, 0x17, 0x13,
    0xC7, 0x96, 0xB2, 0x43, 0xD6, 0xCF, 0x07, 0x29, 0x8F, 0xE7, 0x51, 0x50, 0x79, 0x0F, 0x71, 0xB9,
    0xF5, 0xF3, 0x3C, 0xEA, 0x6D, 0x45, 0x9F, 0x2A, 0x93, 0xB6, 0x9F, 0xC6, 0x06, 0x0A, 0x65, 0x46,
    0x90, 0x87, 0x5B, 0xD1, 0xD4, 0xCA, 0xED, 0x98, 0x03, 0x66, 0x74, 0x9E, 0x4A, 0x9F, 0x5E, 0x9B,
    0x52, 0x56, 0xCC, 0xFE, 0x85, 0x55, 0x90, 0x17, 0x5B, 0x68, 0x34, 0xD4, 0x57, 0x14, 0xA0, 0xB1,
    0xC4, 0x72, 0xBF, 0x1D, 0x37, 0xD9, 0x45, 0xD1, 0x57, 0xA3, 0xED, 0x83, 0x53, 0x4A, 0xCE, 0x53,
    0x15, 0xE4, 0xA8, 0x4F, 0xB4, 0xE8, 0xCE, 0x72, 0x2C, 0xC1, 0xFF, 0x5E, 0x41, 0x01, 0xFF, 0x23,
    0x52, 0x3D, 0xFA, 0xD4, 0x98, 0xF7, 0xD5, 0xBF, 0x5A, 0xF0, 0xC2, 0x92, 0xBF, 0xDB, 0x64, 0xAA,
    0xA3, 0x02, 0xFE, 0xF7, 0x8F, 0x26, 0x7B, 0xDD, 0x65, 0xDE, 0xAF, 0xBE, 0x6F, 0x08, 0x53, 0xFC,
    0x8B, 0x21, 0x8C, 0x3B, 0x5E, 0x36, 0xC9, 0x78, 0xF4, 0x09, 0xF5, 0x85, 0x47, 0x86, 0xDA, 0xEA,
    0x9D, 0xA8, 0xFA, 0x9A, 0xF1, 0x15, 0xA2, 0x7F, 0x37, 0xFE, 0x98, 0xA8, 0xA1, 0x9F, 0xC5, 0xAE,
    0x8A, 0xFF, 0x9D, 0x68, 0x96, 0xFF, 0xB7, 0x84, 0xBF, 0xBF, 0x0F, 0xD4, 0xF6, 0xFF, 0xF1, 0x29,
    0x5A, 0xF2, 0x2F, 0x42, 0x93, 0xD5, 0xA9, 0x79, 0x0E, 0xAC, 0x78, 0xF8, 0x78, 0xE3, 0xC9, 0xBB,
    0x53, 0x6C, 0x48, 0x02, 0xBB, 0x3D, 0xF1, 0x8B, 0x07, 0x5E, 0xD2, 0xBC, 0x83, 0x2E, 0x15, 0xA4,
    0x72, 0x78, 0x3D, 0xC8, 0x13, 0xCF, 0xDC, 0xE3, 0xB7, 0x64, 0x18, 0x9F, 0x3A, 0x8D, 0xC4, 0x50,
    0x75, 0x70, 0xE3, 0x07, 0xFE, 0xE9, 0xC4, 0xCB, 0x83, 0x1D, 0x13, 0x2E, 0x9D, 0x77, 0xAB, 0x99,
    0x6A, 0x4B, 0xF6, 0x5E, 0x47, 0x02, 0x1A, 0xCA, 0xD2, 0xF4, 0x11, 0x5A, 0x30, 0x38, 0xE1, 0x06,
    0x8F, 0x28, 0xFC, 0x1F,
};

static const EpdGlyph ubuntu_jp_10_boldGlyphs[] = {
    { 0, 0, 0, 0, 0, 0, 0 }, // U+0000
    { 0, 0, 0, 0, 0, 0, 0 }, // U+0008
    { 0, 0, 80, 0, 0, 0, 0 }, // U+0009
    { 0, 0, 80, 0, 0, 0, 0 }, // U+000D
    { 0, 0, 0, 0, 0, 0, 0 }, // U+001D
    { 0, 0, 80, 0, 0, 0, 0 }, // U+0020
    { 4, 15, 95, 1, 15, 15, 0 }, // !
    { 8, 6, 155, 1, 16, 12, 15 }, // "
    { 13, 15, 233, 1, 15, 49, 27 }, // #
    { 11, 19, 189, 0, 16, 53, 76 }, // $
    { 19, 15, 306, 0, 15, 72, 129 }, // %
    { 15, 15, 235, 0, 15, 57, 201 }, // &
    { 4, 6, 82, 1, 16, 6, 258 }, // '
    { 7, 20, 119, 1, 16, 35, 264 }, // (
    { 6, 20, 119, 0, 16, 30, 299 }, // )
    { 10, 8, 167, 0, 15, 20, 329 }, // *
    { 10, 11, 189, 1, 12, 28, 349 }, // +
    { 5, 6, 82, 0, 3, 8, 377 }, // ,
    { 7, 3, 113, 0, 8, 6, 385 }, // -
    { 5, 4, 82, 0, 4, 5, 391 }, // .
    { 11, 20, 146, -1, 16, 55, 396 }, // /
    { 12, 15, 189, 0, 15, 45, 451 }, // 0
    { 8, 15, 189, 1, 15, 30, 496 }, // 1
    { 11, 15, 189, 0, 15, 42, 526 }, // 2
    { 11, 15, 189, 0, 15, 42, 568 }, // 3
    { 12, 15, 189, 0, 15, 45, 610 }, // 4
    { 11, 15, 189, 0, 15, 42, 655 }, // 5
    { 12, 15, 189, 0, 15, 45, 697 }, // 6
    { 12, 15, 189, 0, 15, 45, 742 }, // 7
    { 12, 15, 189, 0, 15, 45, 787 }, // 8
    { 12, 15, 189, 0, 15, 45, 832 }, // 9
    { 5, 11, 82, 0, 11, 14, 877 }, // :
    { 5, 14, 82, 0, 11, 18, 891 }, // ;
    { 10, 11, 189, 1, 12, 28, 909 }, // <
    { 10, 8, 189, 1, 10, 20, 937 }, // =
    { 10, 11, 189, 1, 12, 28, 957 }, // >
    { 10, 16, 152, 0, 16, 40, 985 }, // ?
    { 19, 18, 325, 1, 15, 86, 1025 }, // @
    { 15, 15, 240, 0, 15, 57, 1111 }, // A
    { 13, 15, 224, 1, 15, 49, 1168 }, // B
    { 13, 15, 216, 1, 15, 49, 1217 }, // C
    { 14, 15, 246, 1, 15, 53, 1266 }, // D
    { 11, 15, 202, 1, 15, 42, 1319 }, // E
    { 11, 15, 191, 1, 15, 42, 1361 }, // F
    { 13, 15, 234, 1, 15, 49, 1403 }, // G
    { 13, 15, 245, 1, 15, 49, 1452 }, // H
    { 4, 15, 105, 1, 15, 15, 1501 }, // I
    { 10, 15, 176, 0, 15, 38, 1516 }, // J
    { 14, 15, 228, 1, 15, 53, 1554 }, // K
    { 11, 15, 188, 1, 15, 42, 1607 }, // L
    { 17, 15, 299, 1, 15, 64, 1649 }, // M
    { 14, 15, 252, 1, 15, 53, 1713 }, // N
    { 15, 15, 263, 1, 15, 57, 1766 }, // O
    { 12, 15, 215, 1, 15, 45, 1823 }, // P
    { 15, 18, 263, 1, 15, 68, 1868 }, // Q
    { 13, 15, 222, 1, 15, 49, 1936 }, // R
    { 12, 15, 194, 0, 15, 45, 1985 }, // S
    { 13, 15, 205, 0, 15, 49, 2030 }, // T
    { 13, 15, 236, 1, 15, 49, 2079 }, // U
    { 15, 15, 241, 0, 15, 57, 2128 }, // V
    { 20, 15, 316, 0, 15, 75, 2185 }, // W
    { 14, 15, 225, 0, 15, 53, 2260 }, // X
    { 14, 15, 220, 0, 15, 53, 2313 }, // Y
    { 13, 15, 203, 0, 15, 49, 2366 }, // Z
    { 7, 20, 124, 1, 16, 35, 2415 }, // [
    { 11, 20, 146, -1, 16, 55, 2450 }, // <backslash>
    { 6, 20, 124, 0, 16, 30, 2505 }, // ]
    { 12, 9, 189, 0, 15, 27, 2535 }, // ^
    { 11, 3, 167, 0, -1, 9, 2562 }, // _
    { 6, 5, 95, 0, 17, 8, 2571 }, // `
    { 11, 11, 184, 0, 11, 31, 2579 }, // a
    { 11, 16, 201, 1, 16, 44, 2610 }, // b
    { 10, 11, 167, 0, 11, 28, 2654 }, // c
    { 12, 16, 201, 0, 16, 48, 2682 }, // d
    { 12, 11, 195, 0, 11, 33, 2730 }, // e
    { 9, 16, 141, 1, 16, 36, 2763 }, // f
    { 11, 15, 198, 0, 11, 42, 2799 }, // g
    { 10, 16, 196, 1, 16, 40, 2841 }, // h
    { 4, 16, 96, 1, 16, 16, 2881 }, // i
    { 7, 20, 96, -2, 16, 35, 2897 }, // j
    { 11, 16, 193, 1, 16, 44, 2932 }, // k
    { 6, 16, 105, 1, 16, 24, 2976 }, // l
    { 16, 11, 287, 1, 11, 44, 3000 }, // m
    { 10, 11, 196, 1, 11, 28, 3044 }, // n
    { 12, 11, 202, 0, 11, 33, 3072 }, // o
    { 11, 15, 201, 1, 11, 42, 3105 }, // p
    { 12, 15, 201, 0, 11, 45, 3147 }, // q
    { 8, 11, 141, 1, 11, 22, 3192 }, // r
    { 10, 11, 162, 0, 11, 28, 3214 }, // s
    { 8, 14, 148, 1, 14, 28, 3242 }, // t
    { 10, 11, 196, 1, 11, 28, 3270 }, // u
    { 12, 11, 183, 0, 11, 33, 3298 }, // v
    { 17, 11, 261, 0, 11, 47, 3331 }, // w
    { 12, 11, 185, 0, 11, 33, 3378 }, // x
    { 12, 15, 182, 0, 11, 45, 3411 }, // y
    { 10, 11, 167, 0, 11, 28, 3456 }, // z
    { 8, 20, 124, 0, 16, 40, 3484 }, // {
    { 4, 20, 107, 1, 16, 20, 3524 }, // |
    { 8, 20, 124, 0, 16, 40, 3544 }, // }
    { 12, 5, 189, 0, 9, 15, 3584 }, // ~
    { 0, 0, 80, 0, 0, 0, 0 }, // U+00A0
    { 4, 15, 95, 1, 11, 15, 0 }, // U+00A1
    { 10, 16, 189, 0, 14, 40, 15 }, // U+00A2
    { 11, 15, 189, 0, 15, 42, 55 }, // U+00A3
    { 12, 11, 189, 0, 13, 33, 97 }, // U+00A4
    { 14, 15, 189, -1, 15, 53, 130 }, // U+00A5
    { 4, 20, 101, 1, 16, 20, 183 }, // U+00A6
    { 11, 19, 172, 0, 15, 53, 203 }, // U+00A7
    { 9, 3, 179, 1, 16, 7, 256 }, // U+00A8
    { 15, 15, 265, 1, 15, 57, 263 }, // U+00A9
    { 8, 8, 133, 0, 15, 16, 320 }, // U+00AA
    { 12, 11, 199, 0, 11, 33, 336 }, // U+00AB
    { 10, 8, 189, 1, 9, 20, 369 }, // U+00AC
    { 7, 3, 113, 0, 8, 6, 389 }, // U+00AD
    { 15, 15, 265, 1, 15, 57, 395 }, // U+00AE
    { 8, 2, 125, 0, 15, 4, 452 }, // U+00AF
    { 8, 6, 121, 0, 16, 12, 456 }, // U+00B0
    { 10, 15, 189, 1, 15, 38, 468 }, // U+00B1
    { 7, 9, 121, 0, 15, 16, 506 }, // U+00B2
    { 7, 9, 121, 0, 15, 16, 522 }, // U+00B3
    { 6, 5, 95, 0, 17, 8, 538 }, // U+00B4
    { 10, 15, 198, 1, 11, 38, 546 }, // U+00B5
    { 14, 19, 237, 0, 15, 67, 584 }, // U+00B6
    { 5, 4, 82, 0, 9, 5, 651 }, // U+00B7
    { 6, 6, 109, 0, 1, 9, 656 }, // U+00B8
    { 6, 9, 121, 0, 15, 14, 665 }, // U+00B9
    { 9, 8, 152, 0, 15, 18, 679 }, // U+00BA
    { 13, 11, 199, 0, 11, 36, 697 }, // U+00BB
    { 19, 15, 293, 0, 15, 72, 733 }, // U+00BC
    { 18, 15, 293, 0, 15, 68, 805 }, // U+00BD
    { 19, 15, 293, 0, 15, 72, 873 }, // U+00BE
    { 10, 15, 152, 0, 11, 38, 945 }, // U+00BF
    { 15, 21, 240, 0, 21, 79, 983 }, // U+00C0
    { 15, 21, 240, 0, 21, 79, 1062 }, // U+00C1
    { 15, 21, 240, 0, 21, 79, 1141 }, // U+00C2
    { 15, 19, 240, 0, 19, 72, 1220 }, // U+00C3
    { 15, 19, 240, 0, 19, 72, 1292 }, // U+00C4
    { 15, 19, 240, 0, 19, 72, 1364 }, // U+00C5
    { 21, 15, 331, 0, 15, 79, 1436 }, // U+00C6
    { 13, 20, 216, 1, 15, 65, 1515 }, // U+00C7
    { 11, 21, 202, 1, 21, 58, 1580 }, // U+00C8
    { 11, 21, 202, 1, 21, 58, 1638 }, // U+00C9
    { 11, 21, 202, 1, 21, 58, 1696 }, // U+00CA
    { 11, 19, 202, 1, 19, 53, 1754 }, // U+00CB
    { 6, 21, 105, 0, 21, 32, 1807 }, // U+00CC
    { 5, 21, 105, 1, 21, 27, 1839 }, // U+00CD
    { 7, 21, 105, 0, 21, 37, 1866 }, // U+00CE
    { 9, 19, 105, -1, 19, 43, 1903 }, // U+00CF
    { 15, 15, 249, 0, 15, 57, 1946 }, // U+00D0
    { 14, 19, 252, 1, 19, 67, 2003 }, // U+00D1
    { 15, 21, 263, 1, 21, 79, 2070 }, // U+00D2
    { 15, 21, 263, 1, 21, 79, 2149 }, // U+00D3
    { 15, 21, 263, 1, 21, 79, 2228 }, // U+00D4
    { 15, 19, 263, 1, 19, 72, 2307 }, // U+00D5
    { 15, 19, 263, 1, 19, 72, 2379 }, // U+00D6
    { 10, 9, 189, 1, 11, 23, 2451 }, // U+00D7
    { 15, 17, 263, 1, 16, 64, 2474 }, // U+00D8
    { 13, 21, 236, 1, 21, 69, 2538 }, // U+00D9
    { 13, 21, 236, 1, 21, 69, 2607 }, // U+00DA
    { 13, 21, 236, 1, 21, 69, 2676 }, // U+00DB
    { 13, 19, 236, 1, 19, 62, 2745 }, // U+00DC
    { 14, 21, 220, 0, 21, 74, 2807 }, // U+00DD
    { 12, 15, 215, 1, 15, 45, 2881 }, // U+00DE
    { 13, 16, 220, 1, 16, 52, 2926 }, // U+00DF
    { 11, 17, 184, 0, 17, 47, 2978 }, // U+00E0
    { 11, 17, 184, 0, 17, 47, 3025 }, // U+00E1
    { 11, 17, 184, 0, 17, 47, 3072 }, // U+00E2
    { 11, 16, 184, 0, 16, 44, 3119 }, // U+00E3
    { 11, 16, 184, 0, 16, 44, 3163 }, // U+00E4
    { 11, 18, 184, 0, 18, 50, 3207 }, // U+00E5
    { 18, 11, 291, 0, 11, 50, 3257 }, // U+00E6
    { 10, 15, 167, 0, 11, 38, 3307 }, // U+00E7
    { 12, 17, 195, 0, 17, 51, 3345 }, // U+00E8
    { 12, 17, 195, 0, 17, 51, 3396 }, // U+00E9
    { 12, 17, 195, 0, 17, 51, 3447 }, // U+00EA
    { 12, 16, 195, 0, 16, 48, 3498 }, // U+00EB
    { 6, 17, 96, 0, 17, 26, 3546 }, // U+00EC
    { 6, 17, 96, 0, 17, 26, 3572 }, // U+00ED
    { 8, 17, 96, -1, 17, 34, 3598 }, // U+00EE
    { 9, 16, 96, -2, 16, 36, 3632 }, // U+00EF
    { 13, 16, 200, 0, 16, 52, 3668 }, // U+00F0
    { 10, 16, 196, 1, 16, 40, 3720 }, // U+00F1
    { 12, 17, 202, 0, 17, 51, 3760 }, // U+00F2
    { 12, 17, 202, 0, 17, 51, 3811 }, // U+00F3
    { 12, 17, 202, 0, 17, 51, 3862 }, // U+00F4
    { 12, 16, 202, 0, 16, 48, 3913 }, // U+00F5
    { 12, 16, 202, 0, 16, 48, 3961 }, // U+00F6
    { 10, 13, 189, 1, 13, 33, 4009 }, // U+00F7
    { 12, 13, 202, 0, 12, 39, 4042 }, // U+00F8
    { 10, 17, 196, 1, 17, 43, 4081 }, // U+00F9
    { 10, 17, 196, 1, 17, 43, 4124 }, // U+00FA
    { 10, 17, 196, 1, 17, 43, 4167 }, // U+00FB
    { 10, 16, 196, 1, 16, 40, 4210 }, // U+00FC
    { 12, 21, 182, 0, 17, 63, 4250 }, // U+00FD
    { 11, 20, 201, 1, 16, 55, 4313 }, // U+00FE
    { 12, 20, 182, 0, 16, 60, 4368 }, // U+00FF
    { 15, 18, 240, 0, 18, 68, 0 }, // U+0100
    { 11, 15, 184, 0, 15, 42, 68 }, // U+0101
    { 15, 19, 240, 0, 19, 72, 110 }, // U+0102
    { 11, 16, 184, 0, 16, 44, 182 }, // U+0103
    { 16, 20, 240, 0, 15, 80, 226 }, // U+0104
    { 11, 15, 184, 0, 11, 42, 306 }, // U+0105
    { 13, 21, 216, 1, 21, 69, 348 }, // U+0106
    { 10, 17, 167, 0, 17, 43, 417 }, // U+0107
    { 13, 21, 216, 1, 21, 69, 460 }, // U+0108
    { 10, 17, 167, 0, 17, 43, 529 }, // U+0109
    { 13, 19, 216, 1, 19, 62, 572 }, // U+010A
    { 10, 16, 167, 0, 16, 40, 634 }, // U+010B
    { 13, 21, 216, 1, 21, 69, 674 }, // U+010C
    { 10, 17, 167, 0, 17, 43, 743 }, // U+010D
    { 14, 21, 246, 1, 21, 74, 786 }, // U+010E
    { 16, 16, 228, 0, 16, 64, 860 }, // U+010F
    { 15, 15, 249, 0, 15, 57, 924 }, // U+0110
    { 13, 16, 202, 0, 16, 52, 981 }, // U+0111
    { 11, 18, 202, 1, 18, 50, 1033 }, // U+0112
    { 12, 15, 195, 0, 15, 45, 1083 }, // U+0113
    { 11, 19, 202, 1, 19, 53, 1128 }, // U+0114
    { 12, 16, 195, 0, 16, 48, 1181 }, // U+0115
    { 11, 19, 202, 1, 19, 53, 1229 }, // U+0116
    { 12, 16, 195, 0, 16, 48, 1282 }, // U+0117
    { 12, 20, 202, 1, 15, 60, 1330 }, // U+0118
    { 12, 15, 195, 0, 11, 45, 1390 }, // U+0119
    { 11, 21, 202, 1, 21, 58, 1435 }, // U+011A
    { 12, 17, 195, 0, 17, 51, 1493 }, // U+011B
    { 13, 21, 234, 1, 21, 69, 1544 }, // U+011C
    { 11, 21, 198, 0, 17, 58, 1613 }, // U+011D
    { 13, 19, 234, 1, 19, 62, 1671 }, // U+011E
    { 11, 20, 198, 0, 16, 55, 1733 }, // U+011F
    { 13, 19, 234, 1, 19, 62, 1788 }, // U+0120
    { 11, 20, 198, 0, 16, 55, 1850 }, // U+0121
    { 13, 20, 234, 1, 15, 65, 1905 }, // U+0122
    { 11, 21, 198, 0, 17, 58, 1970 }, // U+0123
    { 13, 21, 245, 1, 21, 69, 2028 }, // U+0124
    { 10, 20, 196, 1, 20, 50, 2097 }, // U+0125
    { 16, 15, 252, 0, 15, 60, 2147 }, // U+0126
    { 12, 16, 200, 0, 16, 48, 2207 }, // U+0127
    { 9, 19, 105, -1, 19, 43, 2255 }, // U+0128
    { 8, 16, 96, -1, 16, 32, 2298 }, // U+0129
    { 8, 18, 105, -1, 18, 36, 2330 }, // U+012A
    { 8, 15, 96, -1, 15, 30, 2366 }, // U+012B
    { 7, 19, 105, 0, 19, 34, 2396 }, // U+012C
    { 8, 16, 96, -1, 16, 32, 2430 }, // U+012D
    { 6, 20, 105, 0, 15, 30, 2462 }, // U+012E
    { 6, 21, 96, 0, 16, 32, 2492 }, // U+012F
    { 4, 19, 105, 1, 19, 19, 2524 }, // U+0130
    { 4, 11, 96, 1, 11, 11, 2543 }, // U+0131
    { 16, 15, 280, 1, 15, 60, 2554 }, // U+0132
    { 10, 20, 192, 1, 16, 50, 2614 }, // U+0133
    { 12, 21, 176, 0, 21, 63, 2664 }, // U+0134
    { 9, 21, 96, -2, 17, 48, 2727 }, // U+0135
    { 14, 20, 228, 1, 15, 70, 2775 }, // U+0136
    { 11, 21, 193, 1, 16, 58, 2845 }, // U+0137
    { 12, 11, 194, 1, 11, 33, 2903 }, // U+0138
    { 11, 21, 188, 1, 21, 58, 2936 }, // U+0139
    { 6, 21, 105, 1, 21, 32, 2994 }, // U+013A
    { 11, 20, 188, 1, 15, 55, 3026 }, // U+013B
    { 6, 21, 105, 1, 16, 32, 3081 }, // U+013C
    { 11, 15, 188, 1, 15, 42, 3113 }, // U+013D
    { 8, 16, 123, 1, 16, 32, 3155 }, // U+013E
    { 11, 15, 188, 1, 15, 42, 3187 }, // U+013F
    { 10, 16, 173, 1, 16, 40, 3229 }, // U+0140
    { 13, 15, 198, 0, 15, 49, 3269 }, // U+0141
    { 9, 16, 121, -1, 16, 36, 3318 }, // U+0142
    { 14, 21, 252, 1, 21, 74, 3354 }, // U+0143
    { 10, 17, 196, 1, 17, 43, 3428 }, // U+0144
    { 14, 20, 252, 1, 15, 70, 3471 }, // U+0145
    { 10, 16, 196, 1, 11, 40, 3541 }, // U+0146
    { 14, 21, 252, 1, 21, 74, 3581 }, // U+0147
    { 10, 17, 196, 1, 17, 43, 3655 }, // U+0148
    { 13, 16, 206, -1, 16, 52, 3698 }, // U+0149
    { 14, 19, 252, 1, 15, 67, 3750 }, // U+014A
    { 10, 15, 196, 1, 11, 38, 3817 }, // U+014B
    { 15, 18, 263, 1, 18, 68, 3855 }, // U+014C
    { 12, 15, 202, 0, 15, 45, 3923 }, // U+014D
    { 15, 19, 263, 1, 19, 72, 3968 }, // U+014E
    { 12, 16, 202, 0, 16, 48, 4040 }, // U+014F
    { 15, 21, 263, 1, 21, 79, 4088 }, // U+0150
    { 12, 17, 202, 0, 17, 51, 4167 }, // U+0151
    { 20, 15, 332, 1, 15, 75, 4218 }, // U+0152
    { 19, 11, 312, 0, 11, 53, 4293 }, // U+0153
    { 13, 21, 222, 1, 21, 69, 4346 }, // U+0154
    { 8, 17, 141, 1, 17, 34, 4415 }, // U+0155
    { 13, 20, 222, 1, 15, 65, 4449 }, // U+0156
    { 9, 16, 141, 0, 11, 36, 4514 }, // U+0157
    { 13, 20, 222, 1, 20, 65, 4550 }, // U+0158
    { 8, 17, 141, 1, 17, 34, 4615 }, // U+0159
    { 12, 21, 194, 0, 21, 63, 4649 }, // U+015A
    { 10, 17, 162, 0, 17, 43, 4712 }, // U+015B
    { 12, 21, 194, 0, 21, 63, 4755 }, // U+015C
    { 10, 17, 162, 0, 17, 43, 4818 }, // U+015D
    { 12, 20, 194, 0, 15, 60, 4861 }, // U+015E
    { 10, 16, 162, 0, 11, 40, 4921 }, // U+015F
    { 12, 21, 194, 0, 21, 63, 4961 }, // U+0160
    { 10, 17, 162, 0, 17, 43, 5024 }, // U+0161
    { 13, 19, 205, 0, 15, 62, 5067 }, // U+0162
    { 8, 18, 148, 1, 14, 36, 5129 }, // U+0163
    { 13, 21, 205, 0, 21, 69, 5165 }, // U+0164
    { 8, 16, 148, 1, 16, 32, 5234 }, // U+0165
    { 13, 15, 205, 0, 15, 49, 5266 }, // U+0166
    { 8, 14, 148, 1, 14, 28, 5315 }, // U+0167
    { 13, 19, 236, 1, 19, 62, 5343 }, // U+0168
    { 10, 16, 196, 1, 16, 40, 5405 }, // U+0169
    { 13, 18, 236, 1, 18, 59, 5445 }, // U+016A
    { 10, 15, 196, 1, 15, 38, 5504 }, // U+016B
    { 13, 19, 236, 1, 19, 62, 5542 }, // U+016C
    { 10, 16, 196, 1, 16, 40, 5604 }, // U+016D
    { 13, 21, 236, 1, 21, 69, 5644 }, // U+016E
    { 10, 18, 196, 1, 18, 45, 5713 }, // U+016F
    { 13, 21, 236, 1, 21, 69, 5758 }, // U+0170
    { 11, 17, 196, 1, 17, 47, 5827 }, // U+0171
    { 13, 19, 236, 1, 15, 62, 5874 }, // U+0172
    { 10, 15, 196, 1, 11, 38, 5936 }, // U+0173
    { 20, 21, 316, 0, 21, 105, 5974 }, // U+0174
    { 17, 17, 261, 0, 17, 73, 6079 }, // U+0175
    { 14, 21, 220, 0, 21, 74, 6152 }, // U+0176
    { 12, 21, 182, 0, 17, 63, 6226 }, // U+0177
    { 14, 19, 220, 0, 19, 67, 6289 }, // U+0178
    { 13, 21, 203, 0, 21, 69, 6356 }, // U+0179
    { 10, 17, 167, 0, 17, 43, 6425 }, // U+017A
    { 13, 19, 203, 0, 19, 62, 6468 }, // U+017B
    { 10, 16, 167, 0, 16, 40, 6530 }, // U+017C
    { 13, 21, 203, 0, 21, 69, 6570 }, // U+017D
    { 10, 17, 167, 0, 17, 43, 6639 }, // U+017E
    { 9, 16, 110, 1, 16, 36, 6682 }, // U+017F
    { 15, 17, 263, 1, 17, 64, 0 }, // U+01A0
    { 13, 13, 202, 0, 13, 43, 64 }, // U+01A1
    { 15, 17, 249, 1, 17, 64, 107 }, // U+01AF
    { 13, 13, 209, 1, 13, 43, 171 }, // U+01B0
    { 26, 20, 433, 1, 20, 130, 214 }, // U+01C4
    { 24, 17, 405, 1, 17, 102, 344 }, // U+01C5
    { 23, 17, 365, 0, 17, 98, 446 }, // U+01C6
    { 21, 15, 363, 1, 15, 79, 544 }, // U+01C7
    { 16, 20, 283, 1, 16, 80, 623 }, // U+01C8
    { 11, 20, 201, 1, 16, 55, 703 }, // U+01C9
    { 25, 15, 427, 1, 15, 94, 758 }, // U+01CA
    { 20, 20, 348, 1, 16, 100, 852 }, // U+01CB
    { 17, 20, 293, 1, 16, 85, 952 }, // U+01CC
    { 15, 21, 240, 0, 21, 79, 1037 }, // U+01CD
    { 11, 17, 184, 0, 17, 47, 1116 }, // U+01CE
    { 7, 21, 105, 0, 21, 37, 1163 }, // U+01CF
    { 8, 17, 96, -1, 17, 34, 1200 }, // U+01D0
    { 15, 21, 263, 1, 21, 79, 1234 }, // U+01D1
    { 12, 17, 202, 0, 17, 51, 1313 }, // U+01D2
    { 13, 21, 236, 1, 21, 69, 1364 }, // U+01D3
    { 10, 17, 196, 1, 17, 43, 1433 }, // U+01D4
    { 13, 22, 236, 1, 22, 72, 1476 }, // U+01D5
    { 10, 18, 196, 1, 18, 45, 1548 }, // U+01D6
    { 13, 22, 236, 1, 22, 72, 1593 }, // U+01D7
    { 10, 19, 196, 1, 19, 48, 1665 }, // U+01D8
    { 13, 21, 236, 1, 21, 69, 1713 }, // U+01D9
    { 10, 19, 196, 1, 19, 48, 1782 }, // U+01DA
    { 13, 22, 236, 1, 22, 72, 1830 }, // U+01DB
    { 10, 19, 196, 1, 19, 48, 1902 }, // U+01DC
    { 12, 11, 195, 0, 11, 33, 1950 }, // U+01DD
    { 15, 22, 240, 0, 22, 83, 1983 }, // U+01DE
    { 11, 18, 184, 0, 18, 50, 2066 }, // U+01DF
    { 15, 22, 240, 0, 22, 83, 2116 }, // U+01E0
    { 11, 18, 184, 0, 18, 50, 2199 }, // U+01E1
    { 21, 18, 331, 0, 18, 95, 2249 }, // U+01E2
    { 18, 15, 291, 0, 15, 68, 2344 }, // U+01E3
    { 15, 15, 243, 1, 15, 57, 2412 }, // U+01E4
    { 13, 15, 201, 0, 11, 49, 2469 }, // U+01E5
    { 13, 21, 234, 1, 21, 69, 2518 }, // U+01E6
    { 11, 21, 198, 0, 17, 58, 2587 }, // U+01E7
    { 14, 21, 228, 1, 21, 74, 2645 }, // U+01E8
    { 11, 20, 193, 1, 20, 55, 2719 }, // U+01E9
    { 15, 19, 263, 1, 15, 72, 2774 }, // U+01EA
    { 12, 15, 202, 0, 11, 45, 2846 }, // U+01EB
    { 15, 22, 263, 1, 18, 83, 2891 }, // U+01EC
    { 12, 19, 202, 0, 15, 57, 2974 }, // U+01ED
    { 12, 21, 205, 0, 21, 63, 3031 }, // U+01EE
    { 10, 22, 172, 0, 18, 55, 3094 }, // U+01EF
    { 9, 21, 96, -2, 17, 48, 3149 }, // U+01F0
    { 26, 15, 433, 1, 15, 98, 3197 }, // U+01F1
    { 24, 15, 405, 1, 15, 90, 3295 }, // U+01F2
    { 23, 16, 365, 0, 16, 92, 3385 }, // U+01F3
    { 13, 21, 234, 1, 21, 69, 3477 }, // U+01F4
    { 11, 21, 198, 0, 17, 58, 3546 }, // U+01F5
    { 21, 15, 354, 1, 15, 79, 3604 }, // U+01F6
    { 13, 19, 224, 1, 15, 62, 3683 }, // U+01F7
    { 14, 21, 252, 1, 21, 74, 3745 }, // U+01F8
    { 10, 17, 196, 1, 17, 43, 3819 }, // U+01F9
    { 15, 22, 240, 0, 22, 83, 3862 }, // U+01FA
    { 11, 20, 184, 0, 20, 55, 3945 }, // U+01FB
    { 21, 21, 331, 0, 21, 111, 4000 }, // U+01FC
    { 18, 17, 291, 0, 17, 77, 4111 }, // U+01FD
    { 15, 21, 263, 1, 20, 79, 4188 }, // U+01FE
    { 12, 18, 202, 0, 17, 54, 4267 }, // U+01FF
    { 15, 21, 240, 0, 21, 79, 4321 }, // U+0200
    { 11, 17, 184, 0, 17, 47, 4400 }, // U+0201
    { 15, 19, 240, 0, 19, 72, 4447 }, // U+0202
    { 11, 15, 184, 0, 15, 42, 4519 }, // U+0203
    { 11, 21, 202, 1, 21, 58, 4561 }, // U+0204
    { 12, 17, 195, 0, 17, 51, 4619 }, // U+0205
    { 11, 19, 202, 1, 19, 53, 4670 }, // U+0206
    { 12, 15, 195, 0, 15, 45, 4723 }, // U+0207
    { 10, 21, 105, -2, 21, 53, 4768 }, // U+0208
    { 9, 17, 96, -2, 17, 39, 4821 }, // U+0209
    { 8, 19, 105, -1, 19, 38, 4860 }, // U+020A
    { 8, 15, 96, -1, 15, 30, 4898 }, // U+020B
    { 15, 21, 263, 1, 21, 79, 4928 }, // U+020C
    { 12, 17, 202, 0, 17, 51, 5007 }, // U+020D
    { 15, 19, 263, 1, 19, 72, 5058 }, // U+020E
    { 12, 15, 202, 0, 15, 45, 5130 }, // U+020F
    { 13, 20, 222, 1, 20, 65, 5175 }, // U+0210
    { 9, 17, 141, 0, 17, 39, 5240 }, // U+0211
    { 13, 19, 222, 1, 19, 62, 5279 }, // U+0212
    { 8, 15, 141, 1, 15, 30, 5341 }, // U+0213
    { 13, 21, 236, 1, 21, 69, 5371 }, // U+0214
    { 10, 17, 196, 1, 17, 43, 5440 }, // U+0215
    { 13, 19, 236, 1, 19, 62, 5483 }, // U+0216
    { 10, 15, 196, 1, 15, 38, 5545 }, // U+0217
    { 12, 20, 194, 0, 15, 60, 5583 }, // U+0218
    { 10, 16, 162, 0, 11, 40, 5643 }, // U+0219
    { 13, 20, 205, 0, 15, 65, 5683 }, // U+021A
    { 8, 19, 148, 1, 14, 38, 5748 }, // U+021B
    { 11, 19, 189, 0, 15, 53, 5786 }, // U+021C
    { 10, 15, 159, 0, 11, 38, 5839 }, // U+021D
    { 13, 21, 245, 1, 21, 69, 5877 }, // U+021E
    { 10, 20, 196, 1, 20, 50, 5946 }, // U+021F
    { 9, 8, 0, 2, 16, 18, 0 }, // U+0300
    { 9, 8, 0, 2, 16, 18, 18 }, // U+0301
    { 8, 2, 0, -4, 16, 4, 36 }, // U+0304
    { 5, 4, 0, 4, 18, 5, 40 }, // U+0307
    { 12, 9, 0, 0, 15, 27, 45 }, // U+030C
    { 8, 3, 130, 0, 15, 6, 72 }, // U+0311
    { 11, 21, 202, 1, 21, 58, 0 }, // U+0400
    { 11, 20, 202, 1, 20, 55, 58 }, // U+0401
    { 17, 15, 271, 0, 15, 64, 113 }, // U+0402
    { 11, 21, 198, 1, 21, 58, 177 }, // U+0403
    { 13, 15, 229, 1, 15, 49, 235 }, // U+0404
    { 12, 15, 194, 0, 15, 45, 284 }, // U+0405
    { 4, 15, 105, 1, 15, 15, 329 }, // U+0406
    { 9, 19, 105, -1, 19, 43, 344 }, // U+0407
    { 10, 15, 176, 0, 15, 38, 387 }, // U+0408
    { 23, 15, 377, 0, 15, 87, 425 }, // U+0409
    { 21, 15, 358, 1, 15, 79, 512 }, // U+040A
    { 16, 15, 257, 0, 15, 60, 591 }, // U+040B
    { 14, 21, 228, 1, 21, 74, 651 }, // U+040C
    { 14, 21, 252, 1, 21, 74, 725 }, // U+040D
    { 14, 20, 217, 0, 20, 70, 799 }, // U+040E
    { 13, 19, 243, 1, 15, 62, 869 }, // U+040F
    { 15, 15, 240, 0, 15, 57, 931 }, // U+0410
    { 12, 15, 217, 1, 15, 45, 988 }, // U+0411
    { 13, 15, 224, 1, 15, 49, 1033 }, // U+0412
    { 11, 15, 198, 1, 15, 42, 1082 }, // U+0413
    { 17, 19, 274, 0, 15, 81, 1124 }, // U+0414
    { 11, 15, 202, 1, 15, 42, 1205 }, // U+0415
    { 21, 15, 328, 0, 15, 79, 1247 }, // U+0416
    { 12, 15, 203, 0, 15, 45, 1326 }, // U+0417
    { 14, 15, 252, 1, 15, 53, 1371 }, // U+0418
    { 14, 20, 252, 1, 20, 70, 1424 }, // U+0419
    { 14, 15, 228, 1, 15, 53, 1494 }, // U+041A
    { 15, 15, 263, 0, 15, 57, 1547 }, // U+041B
    { 17, 15, 299, 1, 15, 64, 1604 }, // U+041C
    { 13, 15, 245, 1, 15, 49, 1668 }, // U+041D
    { 15, 15, 263, 1, 15, 57, 1717 }, // U+041E
    { 13, 15, 243, 1, 15, 49, 1774 }, // U+041F
    { 12, 15, 215, 1, 15, 45, 1823 }, // U+0420
    { 13, 15, 216, 1, 15, 49, 1868 }, // U+0421
    { 13, 15, 205, 0, 15, 49, 1917 }, // U+0422
    { 14, 15, 217, 0, 15, 53, 1966 }, // U+0423
    { 18, 16, 290, 0, 16, 72, 2019 }, // U+0424
    { 14, 15, 225, 0, 15, 53, 2091 }, // U+0425
    { 16, 19, 263, 1, 15, 76, 2144 }, // U+0426
    { 13, 15, 227, 0, 15, 49, 2220 }, // U+0427
    { 19, 15, 340, 1, 15, 72, 2269 }, // U+0428
    { 22, 19, 360, 1, 15, 105, 2341 }, // U+0429
    { 16, 15, 258, 0, 15, 60, 2446 }, // U+042A
    { 17, 15, 309, 1, 15, 64, 2506 }, // U+042B
    { 12, 15, 220, 1, 15, 45, 2570 }, // U+042C
    { 14, 15, 227, 0, 15, 53, 2615 }, // U+042D
    { 21, 15, 360, 1, 15, 79, 2668 }, // U+042E
    { 13, 15, 230, 0, 15, 49, 2747 }, // U+042F
    { 11, 11, 184, 0, 11, 31, 2796 }, // U+0430
    { 12, 16, 200, 0, 16, 48, 2827 }, // U+0431
    { 11, 11, 199, 1, 11, 31, 2875 }, // U+0432
    { 9, 11, 151, 1, 11, 25, 2906 }, // U+0433
    { 14, 14, 226, 0, 11, 49, 2931 }, // U+0434
    { 12, 11, 195, 0, 11, 33, 2980 }, // U+0435
    { 18, 11, 283, 0, 11, 50, 3013 }, // U+0436
    { 10, 11, 165, 0, 11, 28, 3063 }, // U+0437
    { 11, 11, 206, 1, 11, 31, 3091 }, // U+0438
    { 11, 17, 206, 1, 17, 47, 3122 }, // U+0439
    { 12, 11, 195, 1, 11, 33, 3169 }, // U+043A
    { 12, 11, 209, 0, 11, 33, 3202 }, // U+043B
    { 14, 11, 254, 1, 11, 39, 3235 }, // U+043C
    { 10, 11, 198, 1, 11, 28, 3274 }, // U+043D
    { 12, 11, 202, 0, 11, 33, 3302 }, // U+043E
    { 10, 11, 198, 1, 11, 28, 3335 }, // U+043F
    { 11, 15, 201, 1, 11, 42, 3363 }, // U+0440
    { 10, 11, 167, 0, 11, 28, 3405 }, // U+0441
    { 11, 11, 175, 0, 11, 31, 3433 }, // U+0442
    { 12, 15, 182, 0, 11, 45, 3464 }, // U+0443
    { 16, 20, 265, 0, 16, 80, 3509 }, // U+0444
    { 12, 11, 185, 0, 11, 33, 3589 }, // U+0445
    { 12, 14, 211, 1, 11, 42, 3622 }, // U+0446
    { 11, 11, 189, 0, 11, 31, 3664 }, // U+0447
    { 16, 11, 287, 1, 11, 44, 3695 }, // U+0448
    { 18, 14, 300, 1, 11, 63, 3739 }, // U+0449
    { 13, 11, 213, 0, 11, 36, 3802 }, // U+044A
    { 15, 11, 275, 1, 11, 42, 3838 }, // U+044B
    { 11, 11, 188, 1, 11, 31, 3880 }, // U+044C
    { 11, 11, 174, 0, 11, 31, 3911 }, // U+044D
    { 17, 11, 291, 1, 11, 47, 3942 }, // U+044E
    { 11, 11, 195, 0, 11, 31, 3989 }, // U+044F
    { 12, 17, 195, 0, 17, 51, 4020 }, // U+0450
    { 12, 16, 195, 0, 16, 48, 4071 }, // U+0451
    { 12, 20, 200, 0, 16, 60, 4119 }, // U+0452
    { 9, 17, 151, 1, 17, 39, 4179 }, // U+0453
    { 11, 11, 174, 0, 11, 31, 4218 }, // U+0454
    { 10, 11, 162, 0, 11, 28, 4249 }, // U+0455
    { 4, 16, 96, 1, 16, 16, 4277 }, // U+0456
    { 9, 16, 96, -2, 16, 36, 4293 }, // U+0457
    { 7, 20, 96, -2, 16, 35, 4329 }, // U+0458
    { 19, 11, 301, 0, 11, 53, 4364 }, // U+0459
    { 17, 11, 289, 1, 11, 47, 4417 }, // U+045A
    { 12, 16, 200, 0, 16, 48, 4464 }, // U+045B
    { 12, 17, 195, 1, 17, 51, 4512 }, // U+045C
    { 11, 17, 206, 1, 17, 47, 4563 }, // U+045D
    { 12, 21, 182, 0, 17, 63, 4610 }, // U+045E
    { 10, 14, 198, 1, 11, 35, 4673 }, // U+045F
    { 15, 16, 249, 0, 16, 60, 4708 }, // U+0462
    { 13, 16, 212, 0, 16, 52, 4768 }, // U+0463
    { 15, 15, 263, 1, 15, 57, 4820 }, // U+0472
    { 12, 11, 202, 0, 11, 33, 4877 }, // U+0473
    { 18, 15, 264, 0, 15, 68, 4910 }, // U+0474
    { 13, 11, 199, 0, 11, 36, 4978 }, // U+0475
    { 16, 23, 276, 1, 19, 92, 5014 }, // U+048A
    { 13, 19, 210, 1, 16, 62, 5106 }, // U+048B
    { 13, 15, 220, 0, 15, 49, 5168 }, // U+048C
    { 12, 11, 189, 0, 11, 33, 5217 }, // U+048D
    { 12, 15, 218, 1, 15, 45, 5250 }, // U+048E
    { 11, 15, 205, 1, 11, 42, 5295 }, // U+048F
    { 11, 18, 191, 1, 18, 50, 5337 }, // U+0490
    { 9, 14, 154, 1, 14, 32, 5387 }, // U+0491
    { 12, 15, 211, 1, 15, 45, 5419 }, // U+0492
    { 10, 11, 175, 1, 11, 28, 5464 }, // U+0493
    { 13, 19, 225, 1, 15, 62, 5492 }, // U+0494
    { 11, 15, 190, 1, 11, 42, 5554 }, // U+0495
    { 22, 19, 341, 0, 15, 105, 5596 }, // U+0496
    { 18, 14, 291, 0, 11, 63, 5701 }, // U+0497
    { 12, 20, 203, 0, 15, 60, 5764 }, // U+0498
    { 10, 16, 165, 0, 11, 40, 5824 }, // U+0499
    { 15, 19, 246, 1, 15, 72, 5864 }, // U+049A
    { 12, 14, 202, 1, 11, 42, 5936 }, // U+049B
    { 16, 15, 261, 1, 15, 60, 5978 }, // U+049C
    { 14, 11, 227, 1, 11, 39, 6038 }, // U+049D
    { 15, 16, 236, 0, 16, 60, 6077 }, // U+049E
    { 13, 12, 202, 0, 12, 39, 6137 }, // U+049F
    { 17, 15, 266, 0, 15, 64, 6176 }, // U+04A0
    { 14, 11, 219, 0, 11, 39, 6240 }, // U+04A1
    { 16, 19, 269, 1, 15, 76, 6279 }, // U+04A2
    { 12, 14, 212, 1, 11, 42, 6355 }, // U+04A3
    { 17, 15, 279, 1, 15, 64, 6397 }, // U+04A4
    { 13, 11, 218, 1, 11, 36, 6461 }, // U+04A5
    { 22, 19, 370, 1, 15, 105, 6497 }, // U+04A6
    { 17, 15, 291, 1, 11, 64, 6602 }, // U+04A7
    { 16, 19, 267, 1, 15, 76, 6666 }, // U+04A8
    { 13, 14, 211, 0, 11, 46, 6742 }, // U+04A9
    { 13, 20, 216, 1, 15, 65, 6788 }, // U+04AA
    { 10, 15, 167, 0, 11, 38, 6853 }, // U+04AB
    { 13, 19, 205, 0, 15, 62, 6891 }, // U+04AC
    { 11, 14, 168, 0, 11, 39, 6953 }, // U+04AD
    { 14, 15, 220, 0, 15, 53, 6992 }, // U+04AE
    { 12, 15, 183, 0, 11, 45, 7045 }, // U+04AF
    { 14, 15, 220, 0, 15, 53, 7090 }, // U+04B0
    { 12, 15, 183, 0, 11, 45, 7143 }, // U+04B1
    { 15, 19, 239, 0, 15, 72, 7188 }, // U+04B2
    { 12, 14, 196, 0, 11, 42, 7260 }, // U+04B3
    { 20, 19, 313, 0, 15, 95, 7302 }, // U+04B4
    { 15, 14, 232, 0, 11, 53, 7397 }, // U+04B5
    { 14, 19, 241, 1, 15, 67, 7450 }, // U+04B6
    { 13, 14, 196, 0, 11, 46, 7517 }, // U+04B7
    { 12, 15, 227, 1, 15, 45, 7563 }, // U+04B8
    { 11, 11, 187, 0, 11, 31, 7608 }, // U+04B9
    { 13, 15, 233, 1, 15, 49, 7639 }, // U+04BA
    { 10, 16, 196, 1, 16, 40, 7688 }, // U+04BB
    { 18, 15, 293, 0, 15, 68, 7728 }, // U+04BC
    { 14, 11, 236, 0, 11, 39, 7796 }, // U+04BD
    { 18, 19, 293, 0, 15, 86, 7835 }, // U+04BE
    { 14, 14, 236, 0, 11, 49, 7921 }, // U+04BF
    { 4, 15, 105, 1, 15, 15, 7970 }, // U+04C0
    { 21, 20, 328, 0, 20, 105, 7985 }, // U+04C1
    { 18, 17, 283, 0, 17, 77, 8090 }, // U+04C2
    { 13, 19, 234, 1, 15, 62, 8167 }, // U+04C3
    { 11, 15, 191, 1, 11, 42, 8229 }, // U+04C4
    { 18, 19, 277, 0, 15, 86, 8271 }, // U+04C5
    { 14, 14, 225, 0, 11, 49, 8357 }, // U+04C6
    { 13, 19, 245, 1, 15, 62, 8406 }, // U+04C7
    { 11, 15, 200, 1, 11, 42, 8468 }, // U+04C8
    { 16, 19, 262, 1, 15, 76, 8510 }, // U+04C9
    { 12, 14, 209, 1, 11, 42, 8586 }, // U+04CA
    { 13, 19, 227, 0, 15, 62, 8628 }, // U+04CB
    { 11, 14, 189, 0, 11, 39, 8690 }, // U+04CC
    { 19, 19, 317, 1, 15, 91, 8729 }, // U+04CD
    { 16, 14, 265, 1, 11, 56, 8820 }, // U+04CE
    { 4, 15, 96, 1, 15, 15, 8876 }, // U+04CF
    { 15, 20, 240, 0, 20, 75, 8891 }, // U+04D0
    { 11, 17, 184, 0, 17, 47, 8966 }, // U+04D1
    { 15, 19, 240, 0, 19, 72, 9013 }, // U+04D2
    { 11, 16, 184, 0, 16, 44, 9085 }, // U+04D3
    { 21, 15, 331, 0, 15, 79, 9129 }, // U+04D4
    { 18, 11, 291, 0, 11, 50, 9208 }, // U+04D5
    { 11, 20, 202, 1, 20, 55, 9258 }, // U+04D6
    { 12, 17, 195, 0, 17, 51, 9313 }, // U+04D7
    { 14, 15, 243, 1, 15, 53, 9364 }, // U+04D8
    { 12, 11, 195, 0, 11, 33, 9417 }, // U+04D9
    { 14, 19, 243, 1, 19, 67, 9450 }, // U+04DA
    { 12, 16, 195, 0, 16, 48, 9517 }, // U+04DB
    { 21, 19, 328, 0, 19, 100, 9565 }, // U+04DC
    { 18, 16, 283, 0, 16, 72, 9665 }, // U+04DD
    { 12, 20, 203, 0, 20, 60, 9737 }, // U+04DE
    { 10, 16, 165, 0, 16, 40, 9797 }, // U+04DF
    { 12, 15, 205, 0, 15, 45, 9837 }, // U+04E0
    { 10, 15, 172, 0, 11, 38, 9882 }, // U+04E1
    { 14, 18, 252, 1, 18, 63, 9920 }, // U+04E2
    { 11, 15, 206, 1, 15, 42, 9983 }, // U+04E3
    { 14, 19, 252, 1, 19, 67, 10025 }, // U+04E4
    { 11, 16, 206, 1, 16, 44, 10092 }, // U+04E5
    { 15, 19, 263, 1, 19, 72, 10136 }, // U+04E6
    { 12, 16, 202, 0, 16, 48, 10208 }, // U+04E7
    { 15, 15, 263, 1, 15, 57, 10256 }, // U+04E8
    { 12, 11, 202, 0, 11, 33, 10313 }, // U+04E9
    { 15, 19, 263, 1, 19, 72, 10346 }, // U+04EA
    { 12, 16, 202, 0, 16, 48, 10418 }, // U+04EB
    { 14, 19, 227, 0, 19, 67, 10466 }, // U+04EC
    { 11, 16, 174, 0, 16, 44, 10533 }, // U+04ED
    { 14, 18, 217, 0, 18, 63, 10577 }, // U+04EE
    { 12, 19, 182, 0, 15, 57, 10640 }, // U+04EF
    { 14, 19, 217, 0, 19, 67, 10697 }, // U+04F0
    { 12, 20, 182, 0, 16, 60, 10764 }, // U+04F1
    { 14, 21, 217, 0, 21, 74, 10824 }, // U+04F2
    { 12, 21, 182, 0, 17, 63, 10898 }, // U+04F3
    { 13, 19, 227, 0, 19, 62, 10961 }, // U+04F4
    { 11, 16, 189, 0, 16, 44, 11023 }, // U+04F5
    { 11, 19, 198, 1, 15, 53, 11067 }, // U+04F6
    { 9, 14, 151, 1, 11, 32, 11120 }, // U+04F7
    { 17, 19, 309, 1, 19, 81, 11152 }, // U+04F8
    { 15, 16, 275, 1, 16, 60, 11233 }, // U+04F9
    { 13, 21, 203, 0, 16, 69, 0 }, // U+1EA0
    { 10, 17, 188, 1, 12, 43, 69 }, // U+1EA1
    { 13, 21, 203, 0, 21, 69, 112 }, // U+1EA2
    { 10, 18, 188, 1, 18, 45, 181 }, // U+1EA3
    { 13, 22, 203, 0, 22, 72, 226 }, // U+1EA4
    { 11, 20, 188, 1, 20, 55, 298 }, // U+1EA5
    { 13, 22, 203, 0, 22, 72, 353 }, // U+1EA6
    { 11, 19, 188, 0, 19, 53, 425 }, // U+1EA7
    { 13, 22, 203, 0, 22, 72, 478 }, // U+1EA8
    { 11, 19, 188, 1, 19, 53, 550 }, // U+1EA9
    { 13, 24, 203, 0, 24, 78, 603 }, // U+1EAA
    { 10, 20, 188, 1, 20, 50, 681 }, // U+1EAB
    { 13, 26, 203, 0, 21, 85, 731 }, // U+1EAC
    { 10, 23, 188, 1, 18, 58, 816 }, // U+1EAD
    { 13, 23, 203, 0, 23, 75, 874 }, // U+1EAE
    { 10, 20, 188, 1, 20, 50, 949 }, // U+1EAF
    { 13, 23, 203, 0, 23, 75, 999 }, // U+1EB0
    { 10, 20, 188, 1, 20, 50, 1074 }, // U+1EB1
    { 13, 23, 203, 0, 23, 75, 1124 }, // U+1EB2
    { 10, 21, 188, 1, 21, 53, 1199 }, // U+1EB3
    { 13, 23, 203, 0, 23, 75, 1252 }, // U+1EB4
    { 10, 19, 188, 1, 19, 48, 1327 }, // U+1EB5
    { 13, 26, 203, 0, 21, 85, 1375 }, // U+1EB6
    { 10, 23, 188, 1, 18, 58, 1460 }, // U+1EB7
    { 10, 21, 196, 2, 16, 53, 1518 }, // U+1EB8
    { 10, 17, 185, 1, 12, 43, 1571 }, // U+1EB9
    { 10, 21, 196, 2, 21, 53, 1614 }, // U+1EBA
    { 10, 18, 185, 1, 18, 45, 1667 }, // U+1EBB
    { 10, 21, 196, 2, 21, 53, 1712 }, // U+1EBC
    { 10, 17, 185, 1, 17, 43, 1765 }, // U+1EBD
    { 10, 22, 196, 2, 22, 55, 1808 }, // U+1EBE
    { 11, 20, 185, 1, 20, 55, 1863 }, // U+1EBF
    { 11, 22, 196, 1, 22, 61, 1918 }, // U+1EC0
    { 11, 19, 185, 0, 19, 53, 1979 }, // U+1EC1
    { 10, 22, 196, 2, 22, 55, 2032 }, // U+1EC2
    { 10, 19, 185, 1, 19, 48, 2087 }, // U+1EC3
    { 10, 23, 196, 2, 23, 58, 2135 }, // U+1EC4
    { 10, 20, 185, 1, 20, 50, 2193 }, // U+1EC5
    { 10, 26, 196, 2, 21, 65, 2243 }, // U+1EC6
    { 10, 23, 185, 1, 18, 58, 2308 }, // U+1EC7
    { 4, 21, 98, 1, 21, 21, 2366 }, // U+1EC8
    { 4, 19, 92, 1, 19, 19, 2387 }, // U+1EC9
    { 4, 21, 98, 1, 16, 21, 2406 }, // U+1ECA
    { 4, 22, 92, 1, 17, 22, 2427 }, // U+1ECB
    { 14, 21, 247, 1, 16, 74, 2449 }, // U+1ECC
    { 11, 17, 202, 1, 12, 47, 2523 }, // U+1ECD
    { 14, 21, 247, 1, 21, 74, 2570 }, // U+1ECE
    { 11, 18, 202, 1, 18, 50, 2644 }, // U+1ECF
    { 14, 21, 247, 1, 21, 74, 2694 }, // U+1ED0
    { 11, 20, 202, 1, 20, 55, 2768 }, // U+1ED1
    { 14, 21, 247, 1, 21, 74, 2823 }, // U+1ED2
    { 12, 19, 202, 0, 19, 57, 2897 }, // U+1ED3
    { 14, 22, 247, 1, 22, 77, 2954 }, // U+1ED4
    { 11, 19, 202, 1, 19, 53, 3031 }, // U+1ED5
    { 14, 23, 247, 1, 23, 81, 3084 }, // U+1ED6
    { 11, 20, 202, 1, 20, 55, 3165 }, // U+1ED7
    { 14, 25, 247, 1, 20, 88, 3220 }, // U+1ED8
    { 11, 23, 202, 1, 18, 64, 3308 }, // U+1ED9
    { 14, 21, 247, 1, 21, 74, 3372 }, // U+1EDA
    { 12, 19, 202, 1, 19, 57, 3446 }, // U+1EDB
    { 14, 21, 247, 1, 21, 74, 3503 }, // U+1EDC
    { 12, 19, 202, 1, 19, 57, 3577 }, // U+1EDD
    { 14, 21, 247, 1, 21, 74, 3634 }, // U+1EDE
    { 12, 19, 202, 1, 19, 57, 3708 }, // U+1EDF
    { 14, 21, 247, 1, 21, 74, 3765 }, // U+1EE0
    { 12, 18, 202, 1, 18, 54, 3839 }, // U+1EE1
    { 14, 25, 247, 1, 20, 88, 3893 }, // U+1EE2
    { 12, 21, 202, 1, 16, 63, 3981 }, // U+1EE3
    { 11, 21, 240, 2, 16, 58, 4044 }, // U+1EE4
    { 10, 17, 202, 1, 12, 43, 4102 }, // U+1EE5
    { 11, 21, 240, 2, 21, 58, 4145 }, // U+1EE6
    { 10, 19, 202, 1, 19, 48, 4203 }, // U+1EE7
    { 14, 21, 245, 2, 21, 74, 4251 }, // U+1EE8
    { 12, 19, 202, 1, 19, 57, 4325 }, // U+1EE9
    { 14, 21, 245, 2, 21, 74, 4382 }, // U+1EEA
    { 12, 19, 202, 1, 19, 57, 4456 }, // U+1EEB
    { 14, 21, 245, 2, 21, 74, 4513 }, // U+1EEC
    { 12, 19, 202, 1, 19, 57, 4587 }, // U+1EED
    { 14, 21, 245, 2, 21, 74, 4644 }, // U+1EEE
    { 12, 18, 202, 1, 18, 54, 4718 }, // U+1EEF
    { 14, 25, 245, 2, 20, 88, 4772 }, // U+1EF0
    { 12, 21, 202, 1, 16, 63, 4860 }, // U+1EF1
    { 14, 21, 220, 0, 21, 74, 4923 }, // U+1EF2
    { 12, 21, 182, 0, 17, 63, 4997 }, // U+1EF3
    { 13, 21, 177, -1, 16, 69, 5060 }, // U+1EF4
    { 11, 17, 174, 0, 12, 47, 5129 }, // U+1EF5
    { 13, 21, 177, -1, 21, 69, 5176 }, // U+1EF6
    { 11, 24, 174, 0, 19, 66, 5245 }, // U+1EF7
    { 13, 21, 177, -1, 21, 69, 5311 }, // U+1EF8
    { 11, 23, 174, 0, 18, 64, 5380 }, // U+1EF9
    { 0, 0, 167, 0, 0, 0, 0 }, // U+2002
    { 0, 0, 333, 0, 0, 0, 0 }, // U+2003
    { 7, 1, 333, 7, 8, 2, 0 }, // U+2010
    { 7, 2, 116, 0, 7, 4, 2 }, // U+2011
    { 11, 2, 179, 0, 7, 6, 6 }, // U+2012
    { 11, 3, 167, 0, 8, 9, 12 }, // U+2013
    { 21, 3, 333, 0, 8, 16, 21 }, // U+2014
    { 21, 3, 333, 0, 8, 16, 37 }, // U+2015
    { 5, 22, 333, 8, 19, 28, 53 }, // U+2016
    { 5, 6, 81, 0, 16, 8, 81 }, // U+2018
    { 5, 6, 81, 0, 16, 8, 89 }, // U+2019
    { 5, 6, 81, 0, 3, 8, 97 }, // U+201A
    { 10, 6, 151, 0, 16, 15, 105 }, // U+201C
    { 9, 6, 151, 0, 16, 14, 120 }, // U+201D
    { 9, 6, 151, 0, 3, 14, 134 }, // U+201E
    { 10, 18, 165, 0, 15, 45, 148 }, // U+2020
    { 10, 18, 165, 0, 15, 45, 193 }, // U+2021
    { 7, 6, 121, 0, 10, 11, 238 }, // U+2022
    { 14, 3, 333, 3, 9, 11, 249 }, // U+2025
    { 19, 4, 333, 1, 4, 19, 260 }, // U+2026
    { 5, 5, 333, 8, 10, 7, 279 }, // U+2027
    { 27, 15, 440, 0, 15, 102, 286 }, // U+2030
    { 4, 6, 93, 1, 16, 6, 388 }, // U+2032
    { 8, 6, 158, 1, 16, 12, 394 }, // U+2033
    { 5, 4, 333, 7, 20, 5, 406 }, // U+2035
    { 7, 11, 109, 0, 11, 20, 411 }, // U+2039
    { 7, 11, 109, 0, 11, 20, 431 }, // U+203A
    { 16, 16, 333, 2, 16, 64, 451 }, // U+203B
    { 10, 16, 204, 1, 16, 40, 515 }, // U+203C
    { 18, 17, 333, 1, 16, 77, 555 }, // U+2042
    { 11, 15, 51, -4, 15, 42, 632 }, // U+2044
    { 18, 16, 303, 0, 16, 72, 674 }, // U+2047
    { 14, 16, 253, 0, 16, 56, 746 }, // U+2048
    { 14, 16, 253, 1, 16, 56, 802 }, // U+2049
    { 9, 18, 333, 6, 17, 41, 858 }, // U+2051
    { 8, 9, 121, 0, 15, 18, 0 }, // U+2070
    { 8, 8, 121, 0, 15, 16, 18 }, // U+2074
    { 7, 9, 121, 0, 15, 16, 34 }, // U+2075
    { 8, 9, 121, 0, 15, 18, 50 }, // U+2076
    { 8, 8, 121, 0, 15, 16, 68 }, // U+2077
    { 8, 9, 121, 0, 15, 18, 84 }, // U+2078
    { 8, 9, 121, 0, 15, 18, 102 }, // U+2079
    { 8, 9, 121, 0, 9, 18, 120 }, // U+2080
    { 6, 9, 121, 0, 9, 14, 138 }, // U+2081
    { 7, 9, 121, 0, 9, 16, 152 }, // U+2082
    { 7, 9, 121, 0, 9, 16, 168 }, // U+2083
    { 8, 8, 121, 0, 9, 16, 184 }, // U+2084
    { 7, 9, 121, 0, 9, 16, 200 }, // U+2085
    { 8, 9, 121, 0, 9, 18, 216 }, // U+2086
    { 8, 8, 121, 0, 9, 16, 234 }, // U+2087
    { 8, 9, 121, 0, 9, 18, 250 }, // U+2088
    { 8, 9, 121, 0, 9, 18, 268 }, // U+2089
    { 13, 15, 185, -1, 15, 49, 0 }, // U+20A9
    { 11, 16, 185, 1, 16, 44, 49 }, // U+20AB
    { 12, 15, 189, 0, 15, 45, 93 }, // U+20AC
    { 12, 15, 189, 0, 15, 45, 138 }, // U+20AE
    { 12, 15, 189, 0, 15, 45, 183 }, // U+20B4
    { 13, 15, 189, 0, 15, 49, 228 }, // U+20B9
    { 20, 11, 333, 0, 13, 55, 0 }, // U+2190
    { 11, 20, 333, 5, 18, 55, 55 }, // U+2191
    { 21, 11, 333, 0, 13, 58, 110 }, // U+2192
    { 11, 20, 333, 5, 18, 55, 168 }, // U+2193
    { 21, 11, 333, 0, 13, 58, 223 }, // U+2194
    { 11, 20, 333, 5, 18, 55, 281 }, // U+2195
    { 15, 15, 333, 3, 15, 57, 336 }, // U+2196
    { 15, 15, 333, 3, 15, 57, 393 }, // U+2197
    { 15, 15, 333, 3, 16, 57, 450 }, // U+2198
    { 15, 15, 333, 3, 16, 57, 507 }, // U+2199
    { 19, 18, 333, 1, 18, 86, 564 }, // U+21B8
    { 21, 20, 333, 0, 18, 105, 650 }, // U+21B9
    { 21, 20, 333, 0, 18, 105, 755 }, // U+21C4
    { 20, 20, 333, 0, 18, 100, 860 }, // U+21C5
    { 21, 20, 333, 0, 18, 105, 960 }, // U+21C6
    { 21, 18, 333, 0, 17, 95, 1065 }, // U+21CB
    { 21, 18, 333, 0, 17, 95, 1160 }, // U+21CC
    { 20, 15, 333, 0, 15, 75, 1255 }, // U+21D0
    { 21, 15, 333, 0, 15, 79, 1330 }, // U+21D2
    { 21, 15, 333, 0, 15, 79, 1409 }, // U+21D4
    { 20, 16, 333, 0, 16, 80, 1488 }, // U+21E6
    { 15, 20, 333, 3, 18, 75, 1568 }, // U+21E7
    { 20, 16, 333, 1, 16, 80, 1643 }, // U+21E8
    { 15, 20, 333, 3, 18, 75, 1723 }, // U+21E9
    { 20, 20, 333, 0, 18, 100, 1798 }, // U+21F5
    { 17, 17, 333, 2, 16, 73, 0 }, // U+2200
    { 12, 15, 204, 0, 15, 45, 73 }, // U+2202
    { 13, 16, 333, 4, 16, 52, 118 }, // U+2203
    { 17, 16, 333, 2, 16, 68, 170 }, // U+2205
    { 15, 15, 231, 0, 15, 57, 238 }, // U+2206
    { 15, 15, 333, 3, 15, 57, 295 }, // U+2207
    { 17, 14, 333, 2, 15, 60, 352 }, // U+2208
    { 17, 18, 333, 2, 17, 77, 412 }, // U+2209
    { 11, 13, 333, 5, 12, 36, 489 }, // U+220A
    { 17, 14, 333, 2, 15, 60, 525 }, // U+220B
    { 13, 17, 243, 1, 15, 56, 585 }, // U+220F
    { 11, 17, 181, 0, 15, 47, 641 }, // U+2211
    { 10, 3, 189, 1, 8, 8, 688 }, // U+2212
    { 17, 17, 333, 2, 16, 73, 696 }, // U+2213
    { 11, 15, 51, -4, 15, 42, 769 }, // U+2215
    { 5, 4, 82, 0, 9, 5, 811 }, // U+2219
    { 14, 15, 201, 0, 15, 53, 816 }, // U+221A
    { 18, 9, 333, 0, 12, 41, 869 }, // U+221D
    { 13, 7, 212, 0, 10, 23, 910 }, // U+221E
    { 16, 16, 333, 3, 16, 64, 933 }, // U+221F
    { 17, 15, 333, 2, 15, 64, 997 }, // U+2220
    { 3, 16, 333, 9, 16, 12, 1061 }, // U+2223
    { 13, 17, 333, 4, 16, 56, 1073 }, // U+2225
    { 13, 17, 333, 4, 16, 56, 1129 }, // U+2226
    { 17, 17, 333, 2, 17, 73, 1185 }, // U+2227
    { 17, 17, 333, 2, 16, 73, 1258 }, // U+2228
    { 15, 16, 333, 3, 16, 60, 1331 }, // U+2229
    { 15, 16, 333, 3, 16, 60, 1391 }, // U+222A
    { 9, 21, 134, 0, 16, 48, 1451 }, // U+222B
    { 17, 20, 333, 2, 18, 85, 1499 }, // U+222C
    { 20, 20, 333, 0, 18, 100, 1584 }, // U+222D
    { 9, 20, 333, 6, 18, 45, 1684 }, // U+222E
    { 15, 14, 333, 3, 15, 53, 1729 }, // U+2234
    { 15, 14, 333, 3, 15, 53, 1782 }, // U+2235
    { 4, 14, 333, 8, 15, 14, 1835 }, // U+2236
    { 15, 14, 333, 3, 15, 53, 1849 }, // U+2237
    { 21, 9, 333, 0, 12, 48, 1902 }, // U+223D
    { 17, 9, 333, 2, 13, 39, 1950 }, // U+2243
    { 17, 11, 333, 2, 13, 47, 1989 }, // U+2245
    { 12, 11, 189, 0, 12, 33, 2036 }, // U+2248
    { 21, 16, 333, 0, 16, 84, 2069 }, // U+224C
    { 10, 14, 189, 1, 14, 35, 2153 }, // U+2260
    { 16, 11, 333, 2, 13, 44, 2188 }, // U+2261
    { 16, 16, 333, 2, 16, 64, 2232 }, // U+2262
    { 10, 13, 189, 1, 13, 33, 2296 }, // U+2264
    { 10, 13, 189, 1, 13, 33, 2329 }, // U+2265
    { 17, 19, 333, 2, 18, 81, 2362 }, // U+2266
    { 17, 19, 333, 2, 18, 81, 2443 }, // U+2267
    { 19, 17, 333, 1, 16, 81, 2524 }, // U+226A
    { 19, 17, 333, 1, 16, 81, 2605 }, // U+226B
    { 17, 18, 333, 2, 17, 77, 2686 }, // U+226E
    { 17, 18, 333, 2, 17, 77, 2763 }, // U+226F
    { 17, 18, 333, 2, 17, 77, 2840 }, // U+2272
    { 17, 18, 333, 2, 17, 77, 2917 }, // U+2273
    { 17, 20, 333, 2, 18, 85, 2994 }, // U+2276
    { 18, 20, 333, 1, 18, 90, 3079 }, // U+2277
    { 17, 14, 333, 2, 15, 60, 3169 }, // U+2282
    { 17, 14, 333, 2, 15, 60, 3229 }, // U+2283
    { 17, 18, 333, 2, 17, 77, 3289 }, // U+2284
    { 17, 18, 333, 2, 17, 77, 3366 }, // U+2285
    { 17, 17, 333, 2, 16, 73, 3443 }, // U+2286
    { 17, 17, 333, 2, 16, 73, 3516 }, // U+2287
    { 17, 18, 333, 2, 16, 77, 3589 }, // U+228A
    { 17, 18, 333, 2, 16, 77, 3666 }, // U+228B
    { 17, 16, 333, 2, 16, 68, 3743 }, // U+2295
    { 17, 16, 333, 2, 16, 68, 3811 }, // U+2296
    { 17, 16, 333, 2, 16, 68, 3879 }, // U+2297
    { 17, 16, 333, 2, 16, 68, 3947 }, // U+2298
    { 17, 16, 333, 2, 16, 68, 4015 }, // U+2299
    { 17, 18, 333, 2, 17, 77, 4083 }, // U+22A0
    { 17, 16, 333, 2, 16, 68, 4160 }, // U+22A5
    { 17, 17, 333, 1, 17, 73, 4228 }, // U+22BF
    { 18, 20, 333, 1, 18, 90, 4301 }, // U+22DA
    { 17, 20, 333, 2, 18, 85, 4391 }, // U+22DB
    { 17, 3, 333, 2, 9, 13, 4476 }, // U+22EF
    { 15, 16, 333, 3, 15, 60, 0 }, // U+3041
    { 17, 19, 333, 2, 17, 81, 60 }, // U+3042
    { 15, 13, 333, 3, 12, 49, 141 }, // U+3043
    { 18, 15, 333, 2, 15, 68, 190 }, // U+3044
    { 13, 16, 333, 4, 14, 52, 258 }, // U+3045
    { 14, 18, 333, 3, 17, 63, 310 }, // U+3046
    { 15, 16, 333, 3, 14, 60, 373 }, // U+3047
    { 17, 18, 333, 2, 17, 77, 433 }, // U+3048
    { 16, 14, 333, 3, 13, 56, 510 }, // U+3049
    { 18, 18, 333, 2, 17, 81, 566 }, // U+304A
    { 20, 18, 333, 1, 17, 90, 647 }, // U+304B
    { 20, 19, 333, 1, 18, 95, 737 }, // U+304C
    { 15, 18, 333, 3, 17, 68, 832 }, // U+304D
    { 18, 19, 333, 2, 18, 86, 900 }, // U+304E
    { 13, 19, 333, 3, 17, 62, 986 }, // U+304F
    { 15, 19, 333, 3, 17, 72, 1048 }, // U+3050
    { 18, 19, 333, 2, 17, 86, 1120 }, // U+3051
    { 19, 20, 333, 2, 18, 95, 1206 }, // U+3052
    { 15, 16, 333, 3, 15, 60, 1301 }, // U+3053
    { 18, 19, 333, 3, 18, 86, 1361 }, // U+3054
    { 15, 18, 333, 3, 17, 68, 1447 }, // U+3055
    { 18, 21, 333, 3, 19, 95, 1515 }, // U+3056
    { 15, 18, 333, 4, 17, 68, 1610 }, // U+3057
    { 15, 18, 333, 4, 17, 68, 1678 }, // U+3058
    { 19, 19, 333, 1, 17, 91, 1746 }, // U+3059
    { 19, 20, 333, 1, 18, 95, 1837 }, // U+305A
    { 20, 18, 333, 0, 17, 90, 1932 }, // U+305B
    { 21, 18, 333, 0, 17, 95, 2022 }, // U+305C
    { 17, 19, 333, 2, 17, 81, 2117 }, // U+305D
    { 18, 19, 333, 1, 17, 86, 2198 }, // U+305E
    { 17, 18, 333, 2, 17, 77, 2284 }, // U+305F
    { 19, 18, 333, 1, 17, 86, 2361 }, // U+3060
    { 16, 19, 333, 2, 17, 76, 2447 }, // U+3061
    { 20, 20, 333, 1, 18, 100, 2523 }, // U+3062
    { 15, 12, 333, 3, 11, 45, 2623 }, // U+3063
    { 18, 14, 333, 1, 14, 63, 2668 }, // U+3064
    { 19, 18, 333, 1, 18, 86, 2731 }, // U+3065
    { 18, 16, 333, 1, 15, 72, 2817 }, // U+3066
    { 19, 16, 333, 1, 15, 76, 2889 }, // U+3067
    { 14, 18, 333, 4, 17, 63, 2965 }, // U+3068
    { 18, 19, 333, 3, 18, 86, 3028 }, // U+3069
    { 19, 18, 333, 1, 17, 86, 3114 }, // U+306A
    { 17, 17, 333, 2, 16, 73, 3200 }, // U+306B
    { 20, 18, 333, 1, 17, 90, 3273 }, // U+306C
    { 20, 18, 333, 1, 17, 90, 3363 }, // U+306D
    { 18, 16, 333, 1, 15, 72, 3453 }, // U+306E
    { 18, 18, 333, 2, 17, 81, 3525 }, // U+306F
    { 20, 20, 333, 1, 18, 100, 3606 }, // U+3070
    { 20, 20, 333, 1, 18, 100, 3706 }, // U+3071
    { 18, 17, 333, 2, 16, 77, 3806 }, // U+3072
    { 20, 20, 333, 1, 18, 100, 3883 }, // U+3073
    { 20, 19, 333, 1, 17, 95, 3983 }, // U+3074
    { 21, 18, 333, 0, 17, 95, 4078 }, // U+3075
    { 20, 18, 333, 0, 17, 90, 4173 }, // U+3076
    { 20, 18, 333, 0, 17, 90, 4263 }, // U+3077
    { 19, 14, 333, 1, 14, 67, 4353 }, // U+3078
    { 20, 16, 333, 0, 16, 80, 4420 }, // U+3079
    { 20, 15, 333, 0, 15, 75, 4500 }, // U+307A
    { 18, 18, 333, 2, 17, 81, 4575 }, // U+307B
    { 20, 20, 333, 1, 18, 100, 4656 }, // U+307C
    { 20, 20, 333, 1, 18, 100, 4756 }, // U+307D
    { 16, 18, 333, 3, 17, 72, 4856 }, // U+307E
    { 19, 18, 333, 1, 16, 86, 4928 }, // U+307F
    { 19, 18, 333, 1, 17, 86, 5014 }, // U+3080
    { 18, 19, 333, 1, 17, 86, 5100 }, // U+3081
    { 18, 18, 333, 1, 17, 81, 5186 }, // U+3082
    { 16, 16, 333, 2, 14, 64, 5267 }, // U+3083
    { 19, 19, 333, 1, 17, 91, 5331 }, // U+3084
    { 14, 16, 333, 4, 14, 56, 5422 }, // U+3085
    { 17, 19, 333, 2, 17, 81, 5478 }, // U+3086
    { 14, 15, 333, 3, 13, 53, 5559 }, // U+3087
    { 16, 18, 333, 2, 17, 72, 5612 }, // U+3088
    { 15, 19, 333, 3, 17, 72, 5684 }, // U+3089
    { 13, 19, 333, 4, 17, 62, 5756 }, // U+308A
    { 16, 17, 333, 2, 16, 68, 5818 }, // U+308B
    { 20, 18, 333, 1, 17, 90, 5886 }, // U+308C
    { 16, 18, 333, 2, 16, 72, 5976 }, // U+308D
    { 17, 15, 333, 2, 14, 64, 6048 }, // U+308E
    { 19, 18, 333, 1, 17, 86, 6112 }, // U+308F
    { 18, 18, 333, 1, 17, 81, 6198 }, // U+3090
    { 19, 18, 333, 1, 17, 86, 6279 }, // U+3091
    { 18, 18, 333, 1, 17, 81, 6365 }, // U+3092
    { 19, 18, 333, 1, 17, 86, 6446 }, // U+3093
    { 18, 18, 333, 2, 17, 81, 6532 }, // U+3094
    { 16, 15, 333, 3, 13, 60, 6613 }, // U+3095
    { 15, 15, 333, 3, 13, 57, 6673 }, // U+3096
    { 6, 5, 0, -6, 19, 8, 6730 }, // U+3099
    { 5, 4, 0, -5, 18, 5, 6738 }, // U+309A
    { 7, 5, 333, 0, 18, 9, 6743 }, // U+309B
    { 6, 5, 333, 0, 17, 8, 6752 }, // U+309C
    { 10, 12, 333, 6, 13, 30, 6760 }, // U+309D
    { 12, 15, 333, 5, 16, 45, 6790 }, // U+309E
    { 17, 20, 333, 1, 18, 85, 6835 }, // U+309F
    { 10, 4, 333, 5, 10, 10, 6920 }, // U+30A0
    { 16, 14, 333, 3, 12, 56, 6930 }, // U+30A1
    { 18, 17, 333, 2, 16, 77, 6986 }, // U+30A2
    { 15, 15, 333, 2, 13, 57, 7063 }, // U+30A3
    { 17, 17, 333, 1, 16, 73, 7120 }, // U+30A4
    { 15, 15, 333, 3, 13, 57, 7193 }, // U+30A5
    { 17, 18, 333, 2, 17, 77, 7250 }, // U+30A6
    { 15, 13, 333, 3, 12, 49, 7327 }, // U+30A7
    { 19, 15, 333, 1, 15, 72, 7376 }, // U+30A8
    { 15, 15, 333, 3, 13, 57, 7448 }, // U+30A9
    { 18, 18, 333, 1, 17, 81, 7505 }, // U+30AA
    { 16, 18, 333, 2, 17, 72, 7586 }, // U+30AB
    { 19, 19, 333, 1, 18, 91, 7658 }, // U+30AC
    { 17, 18, 333, 2, 17, 77, 7749 }, // U+30AD
    { 19, 20, 333, 1, 18, 95, 7826 }, // U+30AE
    { 17, 19, 333, 2, 18, 81, 7921 }, // U+30AF
    { 19, 20, 333, 1, 18, 95, 8002 }, // U+30B0
    { 19, 18, 333, 1, 17, 86, 8097 }, // U+30B1
    { 19, 20, 333, 1, 18, 95, 8183 }, // U+30B2
    { 15, 16, 333, 3, 15, 60, 8278 }, // U+30B3
    { 18, 19, 333, 2, 18, 86, 8338 }, // U+30B4
    { 19, 18, 333, 1, 17, 86, 8424 }, // U+30B5
    { 19, 19, 333, 1, 17, 91, 8510 }, // U+30B6
    { 18, 17, 333, 2, 16, 77, 8601 }, // U+30B7
    { 19, 18, 333, 1, 17, 86, 8678 }, // U+30B8
    { 17, 16, 333, 2, 15, 68, 8764 }, // U+30B9
    { 19, 19, 333, 1, 18, 91, 8832 }, // U+30BA
    { 18, 18, 333, 1, 17, 81, 8923 }, // U+30BB
    { 20, 19, 333, 0, 18, 95, 9004 }, // U+30BC
    { 16, 16, 333, 2, 15, 64, 9099 }, // U+30BD
    { 18, 19, 333, 2, 18, 86, 9163 }, // U+30BE
    { 18, 19, 333, 1, 18, 86, 9249 }, // U+30BF
    { 19, 20, 333, 1, 18, 95, 9335 }, // U+30C0
    { 19, 18, 333, 1, 17, 86, 9430 }, // U+30C1
    { 19, 18, 333, 1, 16, 86, 9516 }, // U+30C2
    { 15, 14, 333, 3, 12, 53, 9602 }, // U+30C3
    { 17, 17, 333, 2, 16, 73, 9655 }, // U+30C4
    { 19, 19, 333, 1, 18, 91, 9728 }, // U+30C5
    { 19, 18, 333, 1, 16, 86, 9819 }, // U+30C6
    { 20, 20, 333, 1, 18, 100, 9905 }, // U+30C7
    { 12, 17, 333, 6, 16, 51, 10005 }, // U+30C8
    { 13, 17, 333, 6, 16, 56, 10056 }, // U+30C9
    { 18, 18, 333, 2, 17, 81, 10112 }, // U+30CA
    { 18, 13, 333, 1, 14, 59, 10193 }, // U+30CB
    { 16, 16, 333, 2, 15, 64, 10252 }, // U+30CC
    { 19, 18, 333, 1, 17, 86, 10316 }, // U+30CD
    { 15, 16, 333, 2, 16, 60, 10402 }, // U+30CE
    { 19, 15, 333, 1, 15, 72, 10462 }, // U+30CF
    { 19, 18, 333, 1, 18, 86, 10534 }, // U+30D0
    { 20, 18, 333, 1, 17, 90, 10620 }, // U+30D1
    { 14, 17, 333, 4, 17, 60, 10710 }, // U+30D2
    { 17, 19, 333, 3, 18, 81, 10770 }, // U+30D3
    { 17, 18, 333, 3, 17, 77, 10851 }, // U+30D4
    { 15, 16, 333, 3, 15, 60, 10928 }, // U+30D5
    { 19, 20, 333, 2, 19, 95, 10988 }, // U+30D6
    { 19, 18, 333, 2, 17, 86, 11083 }, // U+30D7
    { 19, 14, 333, 1, 14, 67, 11169 }, // U+30D8
    { 19, 16, 333, 1, 16, 76, 11236 }, // U+30D9
    { 19, 16, 333, 1, 16, 76, 11312 }, // U+30DA
    { 19, 18, 333, 1, 17, 86, 11388 }, // U+30DB
    { 19, 19, 333, 1, 18, 91, 11474 }, // U+30DC
    { 19, 19, 333, 1, 18, 91, 11565 }, // U+30DD
    { 18, 16, 333, 2, 15, 72, 11656 }, // U+30DE
    { 14, 17, 333, 3, 16, 60, 11728 }, // U+30DF
    { 19, 18, 333, 1, 17, 86, 11788 }, // U+30E0
    { 17, 17, 333, 2, 16, 73, 11874 }, // U+30E1
    { 17, 16, 333, 2, 16, 68, 11947 }, // U+30E2
    { 16, 15, 333, 3, 13, 60, 12015 }, // U+30E3
    { 19, 18, 333, 1, 17, 86, 12075 }, // U+30E4
    { 15, 11, 333, 3, 11, 42, 12161 }, // U+30E5
    { 19, 14, 333, 1, 15, 67, 12203 }, // U+30E6
    { 13, 14, 333, 4, 12, 46, 12270 }, // U+30E7
    { 15, 16, 333, 3, 15, 60, 12316 }, // U+30E8
    { 17, 17, 333, 2, 16, 73, 12376 }, // U+30E9
    { 13, 17, 333, 4, 16, 56, 12449 }, // U+30EA
    { 19, 17, 333, 1, 16, 81, 12505 }, // U+30EB
    { 15, 16, 333, 4, 16, 60, 12586 }, // U+30EC
    { 15, 16, 333, 3, 15, 60, 12646 }, // U+30ED
    { 15, 14, 333, 3, 12, 53, 12706 }, // U+30EE
    { 17, 16, 333, 2, 15, 68, 12759 }, // U+30EF
    { 19, 18, 333, 1, 17, 86, 12827 }, // U+30F0
    { 19, 15, 333, 1, 15, 72, 12913 }, // U+30F1
    { 16, 17, 333, 3, 16, 68, 12985 }, // U+30F2
    { 18, 16, 333, 2, 16, 72, 13053 }, // U+30F3
    { 18, 19, 333, 2, 18, 86, 13125 }, // U+30F4
    { 14, 16, 333, 3, 14, 56, 13211 }, // U+30F5
    { 16, 15, 333, 2, 13, 60, 13267 }, // U+30F6
    { 18, 21, 333, 2, 19, 95, 13327 }, // U+30F7
    { 19, 19, 333, 1, 18, 91, 13422 }, // U+30F8
    { 19, 18, 333, 1, 18, 86, 13513 }, // U+30F9
    { 18, 21, 333, 2, 19, 95, 13599 }, // U+30FA
    { 5, 5, 333, 8, 10, 7, 13694 }, // U+30FB
    { 17, 3, 333, 2, 10, 13, 13701 }, // U+30FC
    { 10, 10, 333, 6, 12, 25, 13714 }, // U+30FD
    { 12, 14, 333, 5, 16, 42, 13739 }, // U+30FE
    { 13, 18, 333, 4, 16, 59, 13781 }, // U+30FF
    { 20, 2, 333, 0, 9, 10, 13840 }, // U+4E00
    { 19, 19, 333, 1, 18, 91, 13850 }, // U+4E0A
    { 19, 18, 333, 1, 16, 86, 13941 }, // U+4E0B
    { 19, 18, 333, 1, 16, 86, 14027 }, // U+4E21
    { 18, 20, 333, 1, 18, 90, 14113 }, // U+4E2D
    { 17, 19, 333, 2, 17, 81, 14203 }, // U+4E86
    { 21, 20, 333, 0, 18, 105, 14284 }, // U+4ED6
    { 20, 20, 333, 0, 18, 100, 14389 }, // U+4ED8
    { 20, 20, 333, 0, 18, 100, 14489 }, // U+4EF6
    { 21, 20, 333, 0, 18, 105, 14589 }, // U+4F4D
    { 21, 20, 333, 0, 18, 105, 14694 }, // U+4F53
    { 21, 20, 333, 0, 18, 105, 14799 }, // U+4F59
    { 21, 20, 333, 0, 18, 105, 14904 }, // U+4F5C
    { 21, 20, 333, 0, 18, 105, 15009 }, // U+4F7F
    { 21, 20, 333, 0, 18, 105, 15114 }, // U+4FDD
    { 21, 20, 333, 0, 18, 105, 15219 }, // U+4FE1
    { 21, 20, 333, 0, 18, 105, 15324 }, // U+4FEE
    { 21, 20, 333, 0, 18, 105, 15429 }, // U+50CF
    { 20, 18, 333, 0, 16, 90, 15534 }, // U+5143
    { 20, 20, 333, 0, 18, 100, 15624 }, // U+5148
    { 20, 20, 333, 0, 18, 100, 15724 }, // U+5149
    { 21, 19, 333, 0, 17, 100, 15824 }, // U+5165
    { 21, 19, 333, 0, 18, 100, 15924 }, // U+5168
    { 17, 20, 333, 2, 18, 85, 16024 }, // U+5185
    { 21, 19, 333, 0, 17, 100, 16109 }, // U+518D
    { 17, 20, 333, 2, 18, 85, 16209 }, // U+51FA
    { 21, 20, 333, 0, 18, 105, 16294 }, // U+5206
    { 20, 20, 333, 0, 18, 100, 16399 }, // U+5207
    { 20, 20, 333, 0, 18, 100, 16499 }, // U+523B
    { 19, 20, 333, 1, 18, 95, 16599 }, // U+524A
    { 19, 20, 333, 1, 18, 95, 16694 }, // U+524D
    { 19, 20, 333, 1, 18, 95, 16789 }, // U+5272
    { 18, 20, 333, 1, 18, 90, 16884 }, // U+529B
    { 20, 20, 333, 0, 18, 100, 16974 }, // U+529F
    { 20, 20, 333, 0, 18, 100, 17074 }, // U+52A0
    { 20, 20, 333, 0, 18, 100, 17174 }, // U+52D5
    { 21, 20, 333, 0, 18, 105, 17274 }, // U+5316
    { 21, 19, 333, 0, 17, 100, 17379 }, // U+539F
    { 19, 20, 333, 1, 18, 95, 17479 }, // U+53BB
    { 21, 20, 333, 0, 18, 105, 17574 }, // U+53C2
    { 19, 19, 333, 1, 17, 91, 17679 }, // U+53CD
    { 21, 19, 333, 0, 17, 100, 17770 }, // U+53D6
    { 19, 20, 333, 1, 18, 95, 17870 }, // U+53D7
    { 19, 18, 333, 1, 16, 86, 17965 }, // U+53EF
    { 20, 20, 333, 0, 18, 100, 18051 }, // U+53F3
    { 19, 19, 333, 1, 17, 91, 18151 }, // U+53F7
    { 21, 20, 333, 0, 18, 105, 18242 }, // U+5404
    { 21, 20, 333, 0, 18, 105, 18347 }, // U+5408
    { 19, 19, 333, 1, 17, 91, 18452 }, // U+540C
    { 19, 20, 333, 0, 18, 95, 18543 }, // U+540D
    { 17, 20, 333, 2, 18, 85, 18638 }, // U+5411
    { 19, 20, 333, 1, 18, 95, 18723 }, // U+544A
    { 19, 19, 333, 1, 17, 91, 18818 }, // U+56DE
    { 19, 19, 333, 1, 17, 91, 18909 }, // U+56E0
    { 19, 19, 333, 1, 17, 91, 19000 }, // U+56F2
    { 20, 20, 333, 0, 18, 100, 19091 }, // U+5728
    { 21, 19, 333, 0, 18, 100, 19191 }, // U+57CB
    { 21, 21, 333, 0, 18, 111, 19291 }, // U+5831
    { 21, 20, 333, 0, 18, 105, 19402 }, // U+5916
    { 20, 20, 333, 0, 18, 100, 19507 }, // U+5927
    { 21, 20, 333, 0, 18, 105, 19607 }, // U+592A
    { 21, 20, 333, 0, 18, 105, 19712 }, // U+592E
    { 21, 20, 333, 0, 18, 105, 19817 }, // U+5931
    { 19, 20, 333, 1, 18, 95, 19922 }, // U+5B57
    { 20, 20, 333, 0, 18, 100, 20017 }, // U+5B58
    { 20, 20, 333, 0, 18, 100, 20117 }, // U+5B8C
    { 20, 20, 333, 0, 18, 100, 20217 }, // U+5B9A
    { 20, 20, 333, 0, 18, 100, 20317 }, // U+5B9B
    { 19, 20, 333, 1, 18, 95, 20417 }, // U+5BB3
    { 21, 20, 333, 0, 18, 105, 20512 }, // U+5C0F
    { 20, 19, 333, 0, 17, 95, 20617 }, // U+5C3E
    { 20, 19, 333, 0, 18, 95, 20712 }, // U+5DE6
    { 19, 20, 333, 1, 18, 95, 20807 }, // U+5E38
    { 21, 20, 333, 0, 18, 105, 20902 }, // U+5E83
    { 21, 20, 333, 0, 18, 105, 21007 }, // U+5EA6
    { 17, 20, 333, 2, 18, 85, 21112 }, // U+5F53
    { 21, 20, 333, 0, 18, 105, 21197 }, // U+5F79
    { 20, 20, 333, 0, 18, 100, 21302 }, // U+5F97
    { 20, 20, 333, 0, 18, 100, 21402 }, // U+60C5
    { 20, 20, 333, 0, 18, 100, 21502 }, // U+6210
    { 21, 19, 333, 0, 17, 100, 21602 }, // U+623B
    { 21, 20, 333, 0, 18, 105, 21702 }, // U+629E
    { 20, 20, 333, 0, 18, 100, 21807 }, // U+62BC
    { 20, 20, 333, 0, 18, 100, 21907 }, // U+6357
    { 20, 20, 333, 0, 18, 100, 22007 }, // U+63A5
    { 20, 20, 333, 0, 18, 100, 22107 }, // U+63C3
    { 21, 20, 333, 0, 18, 105, 22207 }, // U+64AE
    { 21, 20, 333, 0, 18, 105, 22312 }, // U+64CD
    { 21, 20, 333, 0, 18, 105, 22417 }, // U+6557
    { 21, 20, 333, 0, 18, 105, 22522 }, // U+6570
    { 21, 20, 333, 0, 18, 105, 22627 }, // U+6587
    { 20, 20, 333, 0, 18, 100, 22732 }, // U+65B0
    { 20, 20, 333, 0, 18, 100, 22832 }, // U+65B9
    { 21, 19, 333, 0, 17, 100, 22932 }, // U+65E2
    { 15, 18, 333, 3, 16, 68, 23032 }, // U+65E5
    { 20, 20, 333, 1, 18, 100, 23100 }, // U+6642
    { 20, 20, 333, 1, 18, 100, 23200 }, // U+6697
    { 19, 20, 333, 1, 18, 95, 23300 }, // U+66F8
    { 21, 20, 333, 0, 18, 105, 23395 }, // U+66FF
    { 20, 19, 333, 1, 17, 95, 23500 }, // U+6700
    { 20, 19, 333, 0, 17, 95, 23595 }, // U+671F
    { 21, 20, 333, 0, 18, 105, 23690 }, // U+672A
    { 21, 20, 333, 0, 18, 105, 23795 }, // U+672B
    { 21, 20, 333, 0, 18, 105, 23900 }, // U+672C
    { 21, 20, 333, 0, 18, 105, 24005 }, // U+6790
    { 21, 20, 333, 0, 18, 105, 24110 }, // U+691C
    { 21, 20, 333, 0, 18, 105, 24215 }, // U+6A19
    { 21, 20, 333, 0, 18, 105, 24320 }, // U+6A2A
    { 21, 20, 333, 0, 18, 105, 24425 }, // U+6B21
    { 19, 17, 333, 1, 16, 81, 24530 }, // U+6B63
    { 21, 20, 333, 0, 18, 105, 24611 }, // U+6B8B
    { 21, 20, 333, 0, 18, 105, 24716 }, // U+6BB5
    { 21, 20, 333, 0, 18, 105, 24821 }, // U+6CE8
    { 20, 20, 333, 0, 18, 100, 24926 }, // U+6D88
    { 21, 20, 333, 0, 18, 105, 25026 }, // U+6DFB
    { 21, 20, 333, 0, 18, 105, 25131 }, // U+6E08
    { 21, 20, 333, 0, 18, 105, 25236 }, // U+6E90
    { 20, 20, 333, 0, 18, 100, 25341 }, // U+6E96
    { 20, 20, 333, 0, 18, 100, 25441 }, // U+7121
    { 20, 19, 333, 0, 17, 95, 25541 }, // U+7167
    { 20, 20, 333, 0, 18, 100, 25636 }, // U+7279
    { 21, 20, 333, 0, 18, 105, 25736 }, // U+72ED
    { 19, 20, 333, 1, 18, 95, 25841 }, // U+7387
    { 21, 19, 333, 0, 17, 100, 25936 }, // U+73FE
    { 19, 18, 333, 0, 16, 86, 26036 }, // U+7528
    { 19, 19, 333, 1, 17, 91, 26122 }, // U+753B
    { 21, 20, 333, 0, 18, 105, 26213 }, // U+756A
    { 16, 20, 333, 2, 18, 80, 26318 }, // U+767D
    { 19, 20, 333, 1, 18, 95, 26398 }, // U+7684
    { 15, 19, 333, 3, 17, 72, 26493 }, // U+76EE
    { 20, 20, 333, 0, 18, 100, 26565 }, // U+77ED
    { 20, 20, 333, 0, 18, 100, 26665 }, // U+78BA
    { 20, 18, 333, 0, 16, 90, 26765 }, // U+793A
    { 21, 20, 333, 0, 18, 105, 26855 }, // U+79F0
    { 21, 20, 333, 0, 18, 105, 26960 }, // U+79FB
    { 19, 19, 333, 1, 18, 91, 27065 }, // U+7A7A
    { 20, 20, 333, 0, 18, 100, 27156 }, // U+7AE0
    { 20, 20, 333, 0, 18, 100, 27256 }, // U+7AEF
    { 20, 20, 333, 0, 18, 100, 27356 }, // U+7B2C
    { 20, 20, 333, 0, 18, 100, 27456 }, // U+7B97
    { 21, 20, 333, 0, 18, 105, 27556 }, // U+7BC4
    { 20, 20, 333, 0, 18, 100, 27661 }, // U+7D22
    { 20, 20, 333, 0, 18, 100, 27761 }, // U+7D30
    { 21, 20, 333, 0, 18, 105, 27861 }, // U+7D42
    { 21, 20, 333, 0, 18, 105, 27966 }, // U+7D9A
    { 20, 20, 333, 0, 18, 100, 28071 }, // U+7DE8
    { 21, 20, 333, 0, 18, 105, 28171 }, // U+7E26
    { 19, 19, 333, 1, 17, 91, 28276 }, // U+7F6E
    { 21, 20, 333, 0, 18, 105, 28367 }, // U+80FD
    { 20, 20, 333, 0, 18, 100, 28472 }, // U+811A
    { 15, 20, 333, 3, 18, 75, 28572 }, // U+81EA
    { 21, 20, 333, 0, 18, 105, 28647 }, // U+822C
    { 20, 20, 333, 0, 18, 100, 28752 }, // U+8272
    { 21, 20, 333, 0, 18, 105, 28852 }, // U+843D
    { 20, 20, 333, 0, 18, 100, 28957 }, // U+884C
    { 21, 20, 333, 0, 18, 105, 29057 }, // U+8868
    { 21, 19, 333, 0, 17, 100, 29162 }, // U+898B
    { 21, 20, 333, 0, 18, 105, 29262 }, // U+8996
    { 20, 20, 333, 0, 18, 100, 29367 }, // U+89A7
    { 21, 20, 333, 0, 18, 105, 29467 }, // U+89E3
    { 19, 19, 333, 1, 17, 91, 29572 }, // U+8A00
    { 21, 20, 333, 0, 18, 105, 29663 }, // U+8A08
    { 21, 19, 333, 0, 17, 100, 29768 }, // U+8A18
    { 21, 19, 333, 0, 17, 100, 29868 }, // U+8A2D
    { 21, 19, 333, 0, 17, 100, 29968 }, // U+8A3C
    { 21, 20, 333, 0, 18, 105, 30068 }, // U+8A66
    { 21, 20, 333, 0, 18, 105, 30173 }, // U+8A73
    { 21, 19, 333, 0, 17, 100, 30278 }, // U+8A8D
    { 21, 19, 333, 0, 17, 100, 30378 }, // U+8A9E
    { 21, 20, 333, 0, 18, 105, 30478 }, // U+8AAD
    { 21, 20, 333, 0, 18, 105, 30583 }, // U+8D77
    { 21, 20, 333, 0, 18, 105, 30688 }, // U+8EE2
    { 21, 20, 333, 0, 18, 105, 30793 }, // U+8FBC
    { 21, 20, 333, 0, 18, 105, 30898 }, // U+8FD1
    { 21, 20, 333, 0, 18, 105, 31003 }, // U+8FFD
    { 21, 20, 333, 0, 18, 105, 31108 }, // U+9000
    { 21, 20, 333, 0, 18, 105, 31213 }, // U+9001
    { 21, 20, 333, 0, 18, 105, 31318 }, // U+9032
    { 21, 20, 333, 0, 18, 105, 31423 }, // U+9069
    { 21, 20, 333, 0, 18, 105, 31528 }, // U+9078
    { 20, 19, 333, 1, 17, 95, 31633 }, // U+914D
    { 20, 19, 333, 0, 17, 95, 31728 }, // U+91CF
    { 21, 20, 333, 0, 18, 105, 31823 }, // U+9332
    { 20, 19, 333, 1, 17, 95, 31928 }, // U+9577
    { 19, 19, 333, 1, 17, 91, 32023 }, // U+958B
    { 19, 19, 333, 1, 17, 91, 32114 }, // U+9593
    { 20, 20, 333, 1, 18, 100, 32205 }, // U+9664
    { 19, 20, 333, 1, 18, 95, 32305 }, // U+9694
    { 19, 20, 333, 1, 18, 95, 32400 }, // U+969C
    { 19, 20, 333, 1, 18, 95, 32495 }, // U+96A0
    { 21, 20, 333, 0, 18, 105, 32590 }, // U+96C6
    { 20, 19, 333, 1, 17, 95, 32695 }, // U+96FB
    { 20, 20, 333, 0, 18, 100, 32790 }, // U+975E
    { 19, 19, 333, 1, 17, 91, 32890 }, // U+9762
    { 21, 20, 333, 0, 18, 105, 32981 }, // U+983B
    { 17, 16, 280, 1, 16, 68, 0 }, // U+FB00
    { 13, 16, 236, 1, 16, 52, 68 }, // U+FB01
    { 15, 16, 245, 1, 16, 60, 120 }, // U+FB02
    { 22, 16, 376, 1, 16, 88, 180 }, // U+FB03
    { 23, 16, 385, 1, 16, 92, 268 }, // U+FB04
    { 3, 16, 333, 9, 16, 12, 0 }, // U+FF01
    { 8, 7, 333, 6, 18, 14, 12 }, // U+FF02
    { 15, 16, 333, 3, 16, 60, 26 }, // U+FF03
    { 12, 22, 333, 4, 19, 66, 86 }, // U+FF04
    { 19, 16, 333, 1, 16, 76, 152 }, // U+FF05
    { 14, 17, 333, 4, 16, 60, 228 }, // U+FF06
    { 3, 7, 333, 9, 18, 6, 288 }, // U+FF07
    { 6, 20, 333, 14, 18, 30, 294 }, // U+FF08
    { 7, 20, 333, 0, 18, 35, 324 }, // U+FF09
    { 15, 16, 333, 3, 16, 60, 359 }, // U+FF0A
    { 16, 16, 333, 2, 16, 64, 419 }, // U+FF0B
    { 5, 8, 333, 2, 5, 10, 483 }, // U+FF0C
    { 16, 2, 333, 2, 9, 8, 493 }, // U+FF0D
    { 4, 4, 333, 3, 4, 4, 501 }, // U+FF0E
    { 21, 20, 333, 0, 18, 105, 505 }, // U+FF0F
    { 13, 16, 333, 4, 16, 52, 610 }, // U+FF10
    { 12, 16, 333, 5, 16, 48, 662 }, // U+FF11
    { 12, 16, 333, 4, 16, 48, 710 }, // U+FF12
    { 12, 16, 333, 4, 16, 48, 758 }, // U+FF13
    { 13, 16, 333, 4, 16, 52, 806 }, // U+FF14
    { 12, 16, 333, 4, 16, 48, 858 }, // U+FF15
    { 11, 16, 333, 5, 16, 44, 906 }, // U+FF16
    { 11, 16, 333, 5, 16, 44, 950 }, // U+FF17
    { 12, 16, 333, 4, 16, 48, 994 }, // U+FF18
    { 12, 16, 333, 4, 16, 48, 1042 }, // U+FF19
    { 4, 14, 333, 8, 15, 14, 1090 }, // U+FF1A
    { 5, 18, 333, 8, 15, 23, 1104 }, // U+FF1B
    { 17, 17, 333, 2, 16, 73, 1127 }, // U+FF1C
    { 16, 6, 333, 2, 11, 24, 1200 }, // U+FF1D
    { 17, 17, 333, 2, 16, 73, 1224 }, // U+FF1E
    { 11, 16, 333, 5, 16, 44, 1297 }, // U+FF1F
    { 19, 20, 333, 1, 18, 95, 1341 }, // U+FF20
    { 15, 16, 333, 3, 16, 60, 1436 }, // U+FF21
    { 13, 16, 333, 4, 16, 52, 1496 }, // U+FF22
    { 14, 16, 333, 4, 16, 56, 1548 }, // U+FF23
    { 14, 16, 333, 4, 16, 56, 1604 }, // U+FF24
    { 12, 16, 333, 5, 16, 48, 1660 }, // U+FF25
    { 11, 16, 333, 6, 16, 44, 1708 }, // U+FF26
    { 14, 16, 333, 3, 16, 56, 1752 }, // U+FF27
    { 13, 16, 333, 4, 16, 52, 1808 }, // U+FF28
    { 11, 16, 333, 5, 16, 44, 1860 }, // U+FF29
    { 10, 16, 333, 5, 16, 40, 1904 }, // U+FF2A
    { 13, 16, 333, 5, 16, 52, 1944 }, // U+FF2B
    { 11, 16, 333, 6, 16, 44, 1996 }, // U+FF2C
    { 15, 16, 333, 3, 16, 60, 2040 }, // U+FF2D
    { 13, 16, 333, 4, 16, 52, 2100 }, // U+FF2E
    { 15, 16, 333, 3, 16, 60, 2152 }, // U+FF2F
    { 12, 16, 333, 5, 16, 48, 2212 }, // U+FF30
    { 16, 20, 333, 3, 16, 80, 2260 }, // U+FF31
    { 13, 16, 333, 5, 16, 52, 2340 }, // U+FF32
    { 13, 16, 333, 4, 16, 52, 2392 }, // U+FF33
    { 14, 16, 333, 3, 16, 56, 2444 }, // U+FF34
    { 13, 16, 333, 4, 16, 52, 2500 }, // U+FF35
    { 15, 16, 333, 3, 16, 60, 2552 }, // U+FF36
    { 21, 16, 333, 0, 16, 84, 2612 }, // U+FF37
    { 13, 16, 333, 4, 16, 52, 2696 }, // U+FF38
    { 13, 16, 333, 4, 16, 52, 2748 }, // U+FF39
    { 13, 16, 333, 4, 16, 52, 2800 }, // U+FF3A
    { 7, 20, 333, 14, 18, 35, 2852 }, // U+FF3B
    { 21, 20, 333, 0, 18, 105, 2887 }, // U+FF3C
    { 6, 20, 333, 0, 18, 30, 2992 }, // U+FF3D
    { 7, 4, 333, 7, 20, 7, 3022 }, // U+FF3E
    { 21, 1, 333, 0, -1, 6, 3029 }, // U+FF3F
    { 5, 4, 333, 7, 20, 5, 3035 }, // U+FF40
    { 11, 12, 333, 5, 12, 33, 3040 }, // U+FF41
    { 12, 17, 333, 5, 17, 51, 3073 }, // U+FF42
    { 11, 12, 333, 5, 12, 33, 3124 }, // U+FF43
    { 12, 17, 333, 4, 17, 51, 3157 }, // U+FF44
    { 13, 12, 333, 4, 12, 39, 3208 }, // U+FF45
    { 12, 18, 333, 5, 18, 54, 3247 }, // U+FF46
    { 13, 17, 333, 4, 12, 56, 3301 }, // U+FF47
    { 11, 17, 333, 5, 17, 47, 3357 }, // U+FF48
    { 4, 17, 333, 8, 17, 17, 3404 }, // U+FF49
    { 10, 22, 333, 4, 17, 55, 3421 }, // U+FF4A
    { 11, 18, 333, 6, 18, 50, 3476 }, // U+FF4B
    { 7, 17, 333, 9, 17, 30, 3526 }, // U+FF4C
    { 19, 12, 333, 1, 12, 57, 3556 }, // U+FF4D
    { 11, 12, 333, 5, 12, 33, 3613 }, // U+FF4E
    { 13, 12, 333, 4, 12, 39, 3646 }, // U+FF4F
    { 12, 17, 333, 5, 12, 51, 3685 }, // U+FF50
    { 12, 17, 333, 4, 12, 51, 3736 }, // U+FF51
    { 10, 12, 333, 6, 12, 30, 3787 }, // U+FF52
    { 11, 12, 333, 5, 12, 33, 3817 }, // U+FF53
    { 12, 16, 333, 5, 16, 48, 3850 }, // U+FF54
    { 11, 12, 333, 5, 12, 33, 3898 }, // U+FF55
    { 13, 12, 333, 4, 12, 39, 3931 }, // U+FF56
    { 19, 12, 333, 1, 12, 57, 3970 }, // U+FF57
    { 12, 12, 333, 4, 12, 36, 4027 }, // U+FF58
    { 13, 17, 333, 4, 12, 56, 4063 }, // U+FF59
    { 11, 12, 333, 5, 12, 33, 4119 }, // U+FF5A
    { 7, 20, 333, 14, 18, 35, 4152 }, // U+FF5B
    { 2, 22, 333, 9, 19, 11, 4187 }, // U+FF5C
    { 7, 20, 333, 0, 18, 35, 4198 }, // U+FF5D
    { 20, 6, 333, 0, 11, 30, 4233 }, // U+FF5E
    { 10, 20, 333, 11, 18, 50, 4263 }, // U+FF5F
    { 9, 20, 333, 0, 18, 45, 4313 }, // U+FF60
    { 8, 8, 167, 0, 6, 16, 4358 }, // U+FF61
    { 7, 14, 167, 3, 18, 25, 4374 }, // U+FF62
    { 8, 14, 167, 0, 12, 28, 4399 }, // U+FF63
    { 7, 6, 167, 0, 5, 11, 4427 }, // U+FF64
    { 4, 4, 167, 3, 10, 4, 4438 }, // U+FF65
    { 9, 16, 167, 1, 15, 36, 4442 }, // U+FF66
    { 7, 13, 167, 2, 12, 23, 4478 }, // U+FF67
    { 7, 14, 167, 1, 13, 25, 4501 }, // U+FF68
    { 7, 15, 167, 2, 13, 27, 4526 }, // U+FF69
    { 8, 12, 167, 1, 11, 24, 4553 }, // U+FF6A
    { 8, 14, 167, 1, 13, 28, 4577 }, // U+FF6B
    { 8, 14, 167, 1, 13, 28, 4605 }, // U+FF6C
    { 8, 12, 167, 1, 11, 24, 4633 }, // U+FF6D
    { 7, 12, 167, 2, 11, 21, 4657 }, // U+FF6E
    { 8, 13, 167, 1, 12, 26, 4678 }, // U+FF6F
    { 9, 3, 167, 1, 9, 7, 4704 }, // U+FF70
    { 9, 16, 167, 1, 15, 36, 4711 }, // U+FF71
    { 10, 17, 167, 0, 16, 43, 4747 }, // U+FF72
    { 9, 18, 167, 1, 17, 41, 4790 }, // U+FF73
    { 10, 15, 167, 0, 15, 38, 4831 }, // U+FF74
    { 9, 18, 167, 1, 17, 41, 4869 }, // U+FF75
    { 10, 18, 167, 0, 17, 45, 4910 }, // U+FF76
    { 9, 17, 167, 1, 16, 39, 4955 }, // U+FF77
    { 9, 18, 167, 1, 17, 41, 4994 }, // U+FF78
    { 10, 18, 167, 0, 17, 45, 5035 }, // U+FF79
    { 8, 15, 167, 1, 15, 30, 5080 }, // U+FF7A
    { 10, 17, 167, 0, 16, 43, 5110 }, // U+FF7B
    { 10, 17, 167, 0, 16, 43, 5153 }, // U+FF7C
    { 10, 16, 167, 0, 15, 40, 5196 }, // U+FF7D
    { 10, 17, 167, 0, 17, 43, 5236 }, // U+FF7E
    { 9, 16, 167, 1, 15, 36, 5279 }, // U+FF7F
    { 10, 19, 167, 0, 17, 48, 5315 }, // U+FF80
    { 10, 18, 167, 0, 17, 45, 5363 }, // U+FF81
    { 10, 16, 167, 0, 15, 40, 5408 }, // U+FF82
    { 10, 17, 167, 0, 16, 43, 5448 }, // U+FF83
    { 7, 17, 167, 2, 16, 30, 5491 }, // U+FF84
    { 10, 18, 167, 0, 17, 45, 5521 }, // U+FF85
    { 10, 13, 167, 0, 14, 33, 5566 }, // U+FF86
    { 8, 16, 167, 1, 15, 32, 5599 }, // U+FF87
    { 10, 18, 167, 0, 17, 45, 5631 }, // U+FF88
    { 8, 16, 167, 1, 15, 32, 5676 }, // U+FF89
    { 10, 15, 167, 0, 15, 38, 5708 }, // U+FF8A
    { 8, 16, 167, 1, 16, 32, 5746 }, // U+FF8B
    { 9, 16, 167, 1, 15, 36, 5778 }, // U+FF8C
    { 10, 14, 167, 0, 14, 35, 5814 }, // U+FF8D
    { 10, 18, 167, 0, 17, 45, 5849 }, // U+FF8E
    { 10, 16, 167, 0, 15, 40, 5894 }, // U+FF8F
    { 8, 17, 167, 1, 16, 34, 5934 }, // U+FF90
    { 10, 17, 167, 0, 16, 43, 5968 }, // U+FF91
    { 10, 17, 167, 0, 16, 43, 6011 }, // U+FF92
    { 10, 15, 167, 0, 15, 38, 6054 }, // U+FF93
    { 10, 17, 167, 0, 16, 43, 6092 }, // U+FF94
    { 10, 14, 167, 0, 14, 35, 6135 }, // U+FF95
    { 8, 16, 167, 1, 15, 32, 6170 }, // U+FF96
    { 9, 17, 167, 1, 16, 39, 6202 }, // U+FF97
    { 7, 17, 167, 2, 16, 30, 6241 }, // U+FF98
    { 11, 16, 167, 0, 15, 44, 6271 }, // U+FF99
    { 9, 16, 167, 1, 16, 36, 6315 }, // U+FF9A
    { 9, 15, 167, 1, 15, 34, 6351 }, // U+FF9B
    { 9, 16, 167, 1, 15, 36, 6385 }, // U+FF9C
    { 9, 16, 167, 1, 15, 36, 6421 }, // U+FF9D
    { 6, 5, 167, 0, 18, 8, 6457 }, // U+FF9E
    { 5, 5, 167, 0, 18, 7, 6465 }, // U+FF9F
    { 0, 0, 307, 0, 0, 0, 6472 }, // U+FFA0
    { 13, 11, 307, 3, 13, 36, 6472 }, // U+FFA1
    { 15, 11, 307, 2, 13, 42, 6508 }, // U+FFA2
    { 16, 12, 307, 2, 14, 48, 6550 }, // U+FFA3
    { 13, 10, 307, 3, 13, 33, 6598 }, // U+FFA4
    { 14, 12, 307, 3, 14, 42, 6631 }, // U+FFA5
    { 14, 11, 307, 3, 13, 39, 6673 }, // U+FFA6
    { 13, 10, 307, 3, 13, 33, 6712 }, // U+FFA7
    { 14, 10, 307, 3, 13, 35, 6745 }, // U+FFA8
    { 13, 11, 307, 3, 13, 36, 6780 }, // U+FFA9
    { 14, 10, 307, 3, 13, 35, 6816 }, // U+FFAA
    { 14, 10, 307, 3, 13, 35, 6851 }, // U+FFAB
    { 14, 11, 307, 3, 14, 39, 6886 }, // U+FFAC
    { 15, 12, 307, 3, 14, 45, 6925 }, // U+FFAD
    { 14, 10, 307, 3, 13, 35, 6970 }, // U+FFAE
    { 14, 10, 307, 3, 13, 35, 7005 }, // U+FFAF
    { 14, 12, 307, 3, 14, 42, 7040 }, // U+FFB0
    { 13, 10, 307, 3, 13, 33, 7082 }, // U+FFB1
    { 13, 11, 307, 3, 14, 36, 7115 }, // U+FFB2
    { 14, 10, 307, 3, 13, 35, 7151 }, // U+FFB3
    { 15, 11, 307, 3, 13, 42, 7186 }, // U+FFB4
    { 14, 11, 307, 3, 13, 39, 7228 }, // U+FFB5
    { 16, 10, 307, 2, 13, 40, 7267 }, // U+FFB6
    { 13, 11, 307, 3, 13, 36, 7307 }, // U+FFB7
    { 14, 11, 307, 3, 13, 39, 7343 }, // U+FFB8
    { 17, 11, 307, 1, 13, 47, 7382 }, // U+FFB9
    { 13, 13, 307, 3, 15, 43, 7429 }, // U+FFBA
    { 13, 11, 307, 3, 13, 36, 7472 }, // U+FFBB
    { 13, 10, 307, 3, 13, 33, 7508 }, // U+FFBC
    { 14, 11, 307, 3, 13, 39, 7541 }, // U+FFBD
    { 13, 12, 307, 3, 14, 39, 7580 }, // U+FFBE
    { 7, 20, 307, 8, 18, 35, 7619 }, // U+FFC2
    { 7, 20, 307, 6, 18, 35, 7654 }, // U+FFC3
    { 7, 20, 307, 7, 18, 35, 7689 }, // U+FFC4
    { 7, 20, 307, 6, 18, 35, 7724 }, // U+FFC5
    { 7, 20, 307, 6, 18, 35, 7759 }, // U+FFC6
    { 10, 20, 307, 4, 18, 50, 7794 }, // U+FFC7
    { 7, 20, 307, 6, 18, 35, 7844 }, // U+FFCA
    { 10, 20, 307, 4, 18, 50, 7879 }, // U+FFCB
    { 18, 10, 307, 1, 14, 45, 7929 }, // U+FFCC
    { 18, 20, 307, 1, 18, 90, 7974 }, // U+FFCD
    { 17, 20, 307, 1, 18, 85, 8064 }, // U+FFCE
    { 15, 20, 307, 2, 18, 75, 8149 }, // U+FFCF
    { 18, 11, 307, 1, 14, 50, 8224 }, // U+FFD2
    { 18, 10, 307, 1, 11, 45, 8274 }, // U+FFD3
    { 17, 20, 307, 1, 18, 85, 8319 }, // U+FFD4
    { 17, 20, 307, 1, 18, 85, 8404 }, // U+FFD5
    { 17, 20, 307, 1, 18, 85, 8489 }, // U+FFD6
    { 18, 10, 307, 1, 11, 45, 8574 }, // U+FFD7
    { 18, 2, 307, 1, 9, 9, 8619 }, // U+FFDA
    { 16, 19, 307, 1, 17, 76, 8628 }, // U+FFDB
    { 3, 19, 307, 8, 17, 15, 8704 }, // U+FFDC
    { 13, 18, 333, 4, 17, 59, 8719 }, // U+FFE0
    { 13, 16, 333, 4, 16, 52, 8778 }, // U+FFE1
    { 16, 7, 333, 2, 11, 28, 8830 }, // U+FFE2
    { 21, 1, 333, 0, 18, 6, 8858 }, // U+FFE3
    { 2, 19, 333, 9, 17, 10, 8864 }, // U+FFE4
    { 14, 16, 333, 3, 16, 56, 8874 }, // U+FFE5
    { 18, 15, 333, 1, 15, 68, 8930 }, // U+FFE6
    { 2, 24, 167, 4, 18, 12, 8998 }, // U+FFE8
    { 10, 11, 167, 0, 13, 28, 9010 }, // U+FFE9
    { 8, 20, 167, 1, 18, 40, 9038 }, // U+FFEA
    { 11, 11, 167, 0, 13, 31, 9078 }, // U+FFEB
    { 8, 20, 167, 1, 18, 40, 9109 }, // U+FFEC
    { 8, 8, 167, 1, 12, 16, 9149 }, // U+FFED
    { 9, 8, 167, 1, 12, 18, 9165 }, // U+FFEE
};

static const EpdUnicodeInterval ubuntu_jp_10_boldIntervals[] = {
    { 0x0, 0x0, 0x0 },
    { 0x8, 0x9, 0x1 },
    { 0xD, 0xD, 0x3 },
    { 0x1D, 0x1D, 0x4 },
    { 0x20, 0x7E, 0x5 },
    { 0xA0, 0xFF, 0x64 },
    { 0x100, 0x17F, 0xC4 },
    { 0x1A0, 0x1A1, 0x144 },
    { 0x1AF, 0x1B0, 0x146 },
    { 0x1C4, 0x21F, 0x148 },
    { 0x300, 0x301, 0x1A4 },
    { 0x304, 0x304, 0x1A6 },
    { 0x307, 0x307, 0x1A7 },
    { 0x30C, 0x30C, 0x1A8 },
    { 0x311, 0x311, 0x1A9 },
    { 0x400, 0x45F, 0x1AA },
    { 0x462, 0x463, 0x20A },
    { 0x472, 0x475, 0x20C },
    { 0x48A, 0x4F9, 0x210 },
    { 0x1EA0, 0x1EF9, 0x280 },
    { 0x2002, 0x2003, 0x2DA },
    { 0x2010, 0x2016, 0x2DC },
    { 0x2018, 0x201A, 0x2E3 },
    { 0x201C, 0x201E, 0x2E6 },
    { 0x2020, 0x2022, 0x2E9 },
    { 0x2025, 0x2027, 0x2EC },
    { 0x2030, 0x2030, 0x2EF },
    { 0x2032, 0x2033, 0x2F0 },
    { 0x2035, 0x2035, 0x2F2 },
    { 0x2039, 0x203C, 0x2F3 },
    { 0x2042, 0x2042, 0x2F7 },
    { 0x2044, 0x2044, 0x2F8 },
    { 0x2047, 0x2049, 0x2F9 },
    { 0x2051, 0x2051, 0x2FC },
    { 0x2070, 0x2070, 0x2FD },
    { 0x2074, 0x2079, 0x2FE },
    { 0x2080, 0x2089, 0x304 },
    { 0x20A9, 0x20A9, 0x30E },
    { 0x20AB, 0x20AC, 0x30F },
    { 0x20AE, 0x20AE, 0x311 },
    { 0x20B4, 0x20B4, 0x312 },
    { 0x20B9, 0x20B9, 0x313 },
    { 0x2190, 0x2199, 0x314 },
    { 0x21B8, 0x21B9, 0x31E },
    { 0x21C4, 0x21C6, 0x320 },
    { 0x21CB, 0x21CC, 0x323 },
    { 0x21D0, 0x21D0, 0x325 },
    { 0x21D2, 0x21D2, 0x326 },
    { 0x21D4, 0x21D4, 0x327 },
    { 0x21E6, 0x21E9, 0x328 },
    { 0x21F5, 0x21F5, 0x32C },
    { 0x2200, 0x2200, 0x32D },
    { 0x2202, 0x2203, 0x32E },
    { 0x2205, 0x220B, 0x330 },
    { 0x220F, 0x220F, 0x337 },
    { 0x2211, 0x2213, 0x338 },
    { 0x2215, 0x2215, 0x33B },
    { 0x2219, 0x221A, 0x33C },
    { 0x221D, 0x2220, 0x33E },
    { 0x2223, 0x2223, 0x342 },
    { 0x2225, 0x222E, 0x343 },
    { 0x2234, 0x2237, 0x34D },
    { 0x223D, 0x223D, 0x351 },
    { 0x2243, 0x2243, 0x352 },
    { 0x2245, 0x2245, 0x353 },
    { 0x2248, 0x2248, 0x354 },
    { 0x224C, 0x224C, 0x355 },
    { 0x2260, 0x2262, 0x356 },
    { 0x2264, 0x2267, 0x359 },
    { 0x226A, 0x226B, 0x35D },
    { 0x226E, 0x226F, 0x35F },
    { 0x2272, 0x2273, 0x361 },
    { 0x2276, 0x2277, 0x363 },
    { 0x2282, 0x2287, 0x365 },
    { 0x228A, 0x228B, 0x36B },
    { 0x2295, 0x2299, 0x36D },
    { 0x22A0, 0x22A0, 0x372 },
    { 0x22A5, 0x22A5, 0x373 },
    { 0x22BF, 0x22BF, 0x374 },
    { 0x22DA, 0x22DB, 0x375 },
    { 0x22EF, 0x22EF, 0x377 },
    { 0x3041, 0x3096, 0x378 },
    { 0x3099, 0x30FF, 0x3CE },
    { 0x4E00, 0x4E00, 0x435 },
    { 0x4E0A, 0x4E0A, 0x436 },
    { 0x4E0B, 0x4E0B, 0x437 },
    { 0x4E21, 0x4E21, 0x438 },
    { 0x4E2D, 0x4E2D, 0x439 },
    { 0x4E86, 0x4E86, 0x43A },
    { 0x4ED6, 0x4ED6, 0x43B },
    { 0x4ED8, 0x4ED8, 0x43C },
    { 0x4EF6, 0x4EF6, 0x43D },
    { 0x4F4D, 0x4F4D, 0x43E },
    { 0x4F53, 0x4F53, 0x43F },
    { 0x4F59, 0x4F59, 0x440 },
    { 0x4F5C, 0x4F5C, 0x441 },
    { 0x4F7F, 0x4F7F, 0x442 },
    { 0x4FDD, 0x4FDD, 0x443 },
    { 0x4FE1, 0x4FE1, 0x444 },
    { 0x4FEE, 0x4FEE, 0x445 },
    { 0x50CF, 0x50CF, 0x446 },
    { 0x5143, 0x5143, 0x447 },
    { 0x5148, 0x5148, 0x448 },
    { 0x5149, 0x5149, 0x449 },
    { 0x5165, 0x5165, 0x44A },
    { 0x5168, 0x5168, 0x44B },
    { 0x5185, 0x5185, 0x44C },
    { 0x518D, 0x518D, 0x44D },
    { 0x51FA, 0x51FA, 0x44E },
    { 0x5206, 0x5206, 0x44F },
    { 0x5207, 0x5207, 0x450 },
    { 0x523B, 0x523B, 0x451 },
    { 0x524A, 0x524A, 0x452 },
    { 0x524D, 0x524D, 0x453 },
    { 0x5272, 0x5272, 0x454 },
    { 0x529B, 0x529B, 0x455 },
    { 0x529F, 0x529F, 0x456 },
    { 0x52A0, 0x52A0, 0x457 },
    { 0x52D5, 0x52D5, 0x458 },
    { 0x5316, 0x5316, 0x459 },
    { 0x539F, 0x539F, 0x45A },
    { 0x53BB, 0x53BB, 0x45B },
    { 0x53C2, 0x53C2, 0x45C },
    { 0x53CD, 0x53CD, 0x45D },
    { 0x53D6, 0x53D6, 0x45E },
    { 0x53D7, 0x53D7, 0x45F },
    { 0x53EF, 0x53EF, 0x460 },
    { 0x53F3, 0x53F3, 0x461 },
    { 0x53F7, 0x53F7, 0x462 },
    { 0x5404, 0x5404, 0x463 },
    { 0x5408, 0x5408, 0x464 },
    { 0x540C, 0x540C, 0x465 },
    { 0x540D, 0x540D, 0x466 },
    { 0x5411, 0x5411, 0x467 },
    { 0x544A, 0x544A, 0x468 },
    { 0x56DE, 0x56DE, 0x469 },
    { 0x56E0, 0x56E0, 0x46A },
    { 0x56F2, 0x56F2, 0x46B },
    { 0x5728, 0x5728, 0x46C },
    { 0x57CB, 0x57CB, 0x46D },
    { 0x5831, 0x5831, 0x46E },
    { 0x5916, 0x5916, 0x46F },
    { 0x5927, 0x5927, 0x470 },
    { 0x592A, 0x592A, 0x471 },
    { 0x592E, 0x592E, 0x472 },
    { 0x5931, 0x5931, 0x473 },
    { 0x5B57, 0x5B57, 0x474 },
    { 0x5B58, 0x5B58, 0x475 },
    { 0x5B8C, 0x5B8C, 0x476 },
    { 0x5B9A, 0x5B9A, 0x477 },
    { 0x5B9B, 0x5B9B, 0x478 },
    { 0x5BB3, 0x5BB3, 0x479 },
    { 0x5C0F, 0x5C0F, 0x47A },
    { 0x5C3E, 0x5C3E, 0x47B },
    { 0x5DE6, 0x5DE6, 0x47C },
    { 0x5E38, 0x5E38, 0x47D },
    { 0x5E83, 0x5E83, 0x47E },
    { 0x5EA6, 0x5EA6, 0x47F },
    { 0x5F53, 0x5F53, 0x480 },
    { 0x5F79, 0x5F79, 0x481 },
    { 0x5F97, 0x5F97, 0x482 },
    { 0x60C5, 0x60C5, 0x483 },
    { 0x6210, 0x6210, 0x484 },
    { 0x623B, 0x623B, 0x485 },
    { 0x629E, 0x629E, 0x486 },
    { 0x62BC, 0x62BC, 0x487 },
    { 0x6357, 0x6357, 0x488 },
    { 0x63A5, 0x63A5, 0x489 },
    { 0x63C3, 0x63C3, 0x48A },
    { 0x64AE, 0x64AE, 0x48B },
    { 0x64CD, 0x64CD, 0x48C },
    { 0x6557, 0x6557, 0x48D },
    { 0x6570, 0x6570, 0x48E },
    { 0x6587, 0x6587, 0x48F },
    { 0x65B0, 0x65B0, 0x490 },
    { 0x65B9, 0x65B9, 0x491 },
    { 0x65E2, 0x65E2, 0x492 },
    { 0x65E5, 0x65E5, 0x493 },
    { 0x6642, 0x6642, 0x494 },
    { 0x6697, 0x6697, 0x495 },
    { 0x66F8, 0x66F8, 0x496 },
    { 0x66FF, 0x66FF, 0x497 },
    { 0x6700, 0x6700, 0x498 },
    { 0x671F, 0x671F, 0x499 },
    { 0x672A, 0x672A, 0x49A },
    { 0x672B, 0x672B, 0x49B },
    { 0x672C, 0x672C, 0x49C },
    { 0x6790, 0x6790, 0x49D },
    { 0x691C, 0x691C, 0x49E },
    { 0x6A19, 0x6A19, 0x49F },
    { 0x6A2A, 0x6A2A, 0x4A0 },
    { 0x6B21, 0x6B21, 0x4A1 },
    { 0x6B63, 0x6B63, 0x4A2 },
    { 0x6B8B, 0x6B8B, 0x4A3 },
    { 0x6BB5, 0x6BB5, 0x4A4 },
    { 0x6CE8, 0x6CE8, 0x4A5 },
    { 0x6D88, 0x6D88, 0x4A6 },
    { 0x6DFB, 0x6DFB, 0x4A7 },
    { 0x6E08, 0x6E08, 0x4A8 },
    { 0x6E90, 0x6E90, 0x4A9 },
    { 0x6E96, 0x6E96, 0x4AA },
    { 0x7121, 0x7121, 0x4AB },
    { 0x7167, 0x7167, 0x4AC },
    { 0x7279, 0x7279, 0x4AD },
    { 0x72ED, 0x72ED, 0x4AE },
    { 0x7387, 0x7387, 0x4AF },
    { 0x73FE, 0x73FE, 0x4B0 },
    { 0x7528, 0x7528, 0x4B1 },
    { 0x753B, 0x753B, 0x4B2 },
    { 0x756A, 0x756A, 0x4B3 },
    { 0x767D, 0x767D, 0x4B4 },
    { 0x7684, 0x7684, 0x4B5 },
    { 0x76EE, 0x76EE, 0x4B6 },
    { 0x77ED, 0x77ED, 0x4B7 },
    { 0x78BA, 0x78BA, 0x4B8 },
    { 0x793A, 0x793A, 0x4B9 },
    { 0x79F0, 0x79F0, 0x4BA },
    { 0x79FB, 0x79FB, 0x4BB },
    { 0x7A7A, 0x7A7A, 0x4BC },
    { 0x7AE0, 0x7AE0, 0x4BD },
    { 0x7AEF, 0x7AEF, 0x4BE },
    { 0x7B2C, 0x7B2C, 0x4BF },
    { 0x7B97, 0x7B97, 0x4C0 },
    { 0x7BC4, 0x7BC4, 0x4C1 },
    { 0x7D22, 0x7D22, 0x4C2 },
    { 0x7D30, 0x7D30, 0x4C3 },
    { 0x7D42, 0x7D42, 0x4C4 },
    { 0x7D9A, 0x7D9A, 0x4C5 },
    { 0x7DE8, 0x7DE8, 0x4C6 },
    { 0x7E26, 0x7E26, 0x4C7 },
    { 0x7F6E, 0x7F6E, 0x4C8 },
    { 0x80FD, 0x80FD, 0x4C9 },
    { 0x811A, 0x811A, 0x4CA },
    { 0x81EA, 0x81EA, 0x4CB },
    { 0x822C, 0x822C, 0x4CC },
    { 0x8272, 0x8272, 0x4CD },
    { 0x843D, 0x843D, 0x4CE },
    { 0x884C, 0x884C, 0x4CF },
    { 0x8868, 0x8868, 0x4D0 },
    { 0x898B, 0x898B, 0x4D1 },
    { 0x8996, 0x8996, 0x4D2 },
    { 0x89A7, 0x89A7, 0x4D3 },
    { 0x89E3, 0x89E3, 0x4D4 },
    { 0x8A00, 0x8A00, 0x4D5 },
    { 0x8A08, 0x8A08, 0x4D6 },
    { 0x8A18, 0x8A18, 0x4D7 },
    { 0x8A2D, 0x8A2D, 0x4D8 },
    { 0x8A3C, 0x8A3C, 0x4D9 },
    { 0x8A66, 0x8A66, 0x4DA },
    { 0x8A73, 0x8A73, 0x4DB },
    { 0x8A8D, 0x8A8D, 0x4DC },
    { 0x8A9E, 0x8A9E, 0x4DD },
    { 0x8AAD, 0x8AAD, 0x4DE },
    { 0x8D77, 0x8D77, 0x4DF },
    { 0x8EE2, 0x8EE2, 0x4E0 },
    { 0x8FBC, 0x8FBC, 0x4E1 },
    { 0x8FD1, 0x8FD1, 0x4E2 },
    { 0x8FFD, 0x8FFD, 0x4E3 },
    { 0x9000, 0x9000, 0x4E4 },
    { 0x9001, 0x9001, 0x4E5 },
    { 0x9032, 0x9032, 0x4E6 },
    { 0x9069, 0x9069, 0x4E7 },
    { 0x9078, 0x9078, 0x4E8 },
    { 0x914D, 0x914D, 0x4E9 },
    { 0x91CF, 0x91CF, 0x4EA },
    { 0x9332, 0x9332, 0x4EB },
    { 0x9577, 0x9577, 0x4EC },
    { 0x958B, 0x958B, 0x4ED },
    { 0x9593, 0x9593, 0x4EE },
    { 0x9664, 0x9664, 0x4EF },
    { 0x9694, 0x9694, 0x4F0 },
    { 0x969C, 0x969C, 0x4F1 },
    { 0x96A0, 0x96A0, 0x4F2 },
    { 0x96C6, 0x96C6, 0x4F3 },
    { 0x96FB, 0x96FB, 0x4F4 },
    { 0x975E, 0x975E, 0x4F5 },
    { 0x9762, 0x9762, 0x4F6 },
    { 0x983B, 0x983B, 0x4F7 },
    { 0xFB00, 0xFB04, 0x4F8 },
    { 0xFF01, 0xFFBE, 0x4FD },
    { 0xFFC2, 0xFFC7, 0x5BB },
    { 0xFFCA, 0xFFCF, 0x5C1 },
    { 0xFFD2, 0xFFD7, 0x5C7 },
    { 0xFFDA, 0xFFDC, 0x5CD },
    { 0xFFE0, 0xFFE6, 0x5D0 },
    { 0xFFE8, 0xFFEE, 0x5D7 },
};

static const EpdFontGroup ubuntu_jp_10_boldGroups[] = {
    { 0, 1902, 3976, 100, 0 },
    { 1902, 1872, 4902, 96, 100 },
    { 3774, 2275, 7582, 128, 196 },
    { 6049, 2221, 6653, 96, 324 },
    { 8270, 84, 93, 6, 420 },
    { 8354, 4151, 12423, 214, 426 },
    { 12505, 1457, 6194, 90, 640 },
    { 13962, 583, 1032, 35, 730 },
    { 14545, 155, 298, 17, 765 },
    { 14700, 229, 303, 6, 782 },
    { 14929, 794, 2048, 25, 788 },
    { 15723, 2087, 5127, 75, 813 },
    { 17810, 18765, 35720, 384, 888 },
    { 36575, 143, 400, 5, 1272 },
    { 36718, 5030, 10483, 225, 1277 },
};

static const EpdKernClassEntry ubuntu_jp_10_boldKernLeftClasses[] = {
    { 0x0022, 1 }, // "
    { 0x0026, 2 }, // &
    { 0x0027, 1 }, // '
    { 0x0028, 3 }, // (
    { 0x0029, 4 }, // )
    { 0x002A, 5 }, // *
    { 0x002C, 6 }, // ,
    { 0x002D, 7 }, // -
    { 0x002E, 6 }, // .
    { 0x002F, 8 }, // /
    { 0x003A, 9 }, // :
    { 0x003B, 9 }, // ;
    { 0x0040, 10 }, // @
    { 0x0041, 11 }, // A
    { 0x0042, 12 }, // B
    { 0x0043, 13 }, // C
    { 0x0044, 14 }, // D
    { 0x0045, 15 }, // E
    { 0x0046, 16 }, // F
    { 0x0047, 17 }, // G
    { 0x0048, 18 }, // H
    { 0x0049, 18 }, // I
    { 0x004A, 19 }, // J
    { 0x004B, 20 }, // K
    { 0x004C, 21 }, // L
    { 0x004D, 22 }, // M
    { 0x004E, 18 }, // N
    { 0x004F, 23 }, // O
    { 0x0050, 24 }, // P
    { 0x0051, 25 }, // Q
    { 0x0052, 26 }, // R
    { 0x0053, 27 }, // S
    { 0x0054, 28 }, // T
    { 0x0055, 29 }, // U
    { 0x0056, 30 }, // V
    { 0x0057, 31 }, // W
    { 0x0058, 32 }, // X
    { 0x0059, 33 }, // Y
    { 0x005A, 34 }, // Z
    { 0x005B, 35 }, // [
    { 0x005C, 36 }, // <backslash>
    { 0x005D, 37 }, // ]
    { 0x0061, 38 }, // a
    { 0x0062, 39 }, // b
    { 0x0063, 40 }, // c
    { 0x0064, 41 }, // d
    { 0x0066, 42 }, // f
    { 0x0067, 43 }, // g
    { 0x0068, 44 }, // h
    { 0x0069, 45 }, // i
    { 0x006A, 46 }, // j
    { 0x006B, 47 }, // k
    { 0x006C, 48 }, // l
    { 0x006D, 49 }, // m
    { 0x006E, 49 }, // n
    { 0x006F, 50 }, // o
    { 0x0070, 39 }, // p
    { 0x0071, 51 }, // q
    { 0x0072, 52 }, // r
    { 0x0073, 53 }, // s
    { 0x0074, 54 }, // t
    { 0x0075, 55 }, // u
    { 0x0076, 56 }, // v
    { 0x0077, 57 }, // w
    { 0x0078, 58 }, // x
    { 0x0079, 59 }, // y
    { 0x007A, 60 }, // z
    { 0x007B, 61 }, // {
    { 0x007D, 62 }, // }
    { 0x00A1, 63 }, // U+00A1
    { 0x00AB, 64 }, // U+00AB
    { 0x00BB, 65 }, // U+00BB
    { 0x00BF, 66 }, // U+00BF
    { 0x00C0, 11 }, // U+00C0
    { 0x00C1, 11 }, // U+00C1
    { 0x00C2, 11 }, // U+00C2
    { 0x00C3, 11 }, // U+00C3
    { 0x00C4, 11 }, // U+00C4
    { 0x00C5, 11 }, // U+00C5
    { 0x00C6, 15 }, // U+00C6
    { 0x00C7, 13 }, // U+00C7
    { 0x00C8, 15 }, // U+00C8
    { 0x00C9, 15 }, // U+00C9
    { 0x00CA, 15 }, // U+00CA
    { 0x00CB, 15 }, // U+00CB
    { 0x00CC, 18 }, // U+00CC
    { 0x00CD, 18 }, // U+00CD
    { 0x00CE, 18 }, // U+00CE
    { 0x00CF, 18 }, // U+00CF
    { 0x00D0, 14 }, // U+00D0
    { 0x00D1, 18 }, // U+00D1
    { 0x00D2, 23 }, // U+00D2
    { 0x00D3, 23 }, // U+00D3
    { 0x00D4, 23 }, // U+00D4
    { 0x00D5, 23 }, // U+00D5
    { 0x00D6, 23 }, // U+00D6
    { 0x00D8, 23 }, // U+00D8
    { 0x00D9, 29 }, // U+00D9
    { 0x00DA, 29 }, // U+00DA
    { 0x00DB, 29 }, // U+00DB
    { 0x00DC, 29 }, // U+00DC
    { 0x00DD, 33 }, // U+00DD
    { 0x00DE, 67 }, // U+00DE
    { 0x00DF, 68 }, // U+00DF
    { 0x00E0, 38 }, // U+00E0
    { 0x00E1, 38 }, // U+00E1
    { 0x00E2, 38 }, // U+00E2
    { 0x00E3, 38 }, // U+00E3
    { 0x00E4, 38 }, // U+00E4
    { 0x00E5, 38 }, // U+00E5
    { 0x00E7, 40 }, // U+00E7
    { 0x00EC, 45 }, // U+00EC
    { 0x00ED, 45 }, // U+00ED
    { 0x00EE, 45 }, // U+00EE
    { 0x00EF, 45 }, // U+00EF
    { 0x00F0, 69 }, // U+00F0
    { 0x00F1, 49 }, // U+00F1
    { 0x00F2, 50 }, // U+00F2
    { 0x00F3, 50 }, // U+00F3
    { 0x00F4, 50 }, // U+00F4
    { 0x00F5, 50 }, // U+00F5
    { 0x00F6, 50 }, // U+00F6
    { 0x00F8, 50 }, // U+00F8
    { 0x00F9, 55 }, // U+00F9
    { 0x00FA, 55 }, // U+00FA
    { 0x00FB, 55 }, // U+00FB
    { 0x00FC, 55 }, // U+00FC
    { 0x00FD, 59 }, // U+00FD
    { 0x00FE, 70 }, // U+00FE
    { 0x00FF, 59 }, // U+00FF
    { 0x0100, 11 }, // U+0100
    { 0x0101, 38 }, // U+0101
    { 0x0102, 11 }, // U+0102
    { 0x0103, 38 }, // U+0103
    { 0x0104, 11 }, // U+0104
    { 0x0105, 38 }, // U+0105
    { 0x0106, 13 }, // U+0106
    { 0x0107, 40 }, // U+0107
    { 0x0108, 13 }, // U+0108
    { 0x0109, 40 }, // U+0109
    { 0x010A, 13 }, // U+010A
    { 0x010B, 40 }, // U+010B
    { 0x010C, 13 }, // U+010C
    { 0x010D, 40 }, // U+010D
    { 0x010E, 14 }, // U+010E
    { 0x010F, 71 }, // U+010F
    { 0x0110, 14 }, // U+0110
    { 0x0111, 41 }, // U+0111
    { 0x0112, 15 }, // U+0112
    { 0x0114, 15 }, // U+0114
    { 0x0116, 15 }, // U+0116
    { 0x0118, 15 }, // U+0118
    { 0x011A, 15 }, // U+011A
    { 0x011C, 17 }, // U+011C
    { 0x011D, 43 }, // U+011D
    { 0x011E, 17 }, // U+011E
    { 0x011F, 43 }, // U+011F
    { 0x0120, 17 }, // U+0120
    { 0x0121, 43 }, // U+0121
    { 0x0122, 17 }, // U+0122
    { 0x0123, 43 }, // U+0123
    { 0x0124, 18 }, // U+0124
    { 0x0125, 44 }, // U+0125
    { 0x0126, 18 }, // U+0126
    { 0x0127, 44 }, // U+0127
    { 0x0128, 18 }, // U+0128
    { 0x0129, 45 }, // U+0129
    { 0x012A, 18 }, // U+012A
    { 0x012B, 45 }, // U+012B
    { 0x012C, 18 }, // U+012C
    { 0x012D, 45 }, // U+012D
    { 0x012E, 18 }, // U+012E
    { 0x012F, 45 }, // U+012F
    { 0x0130, 18 }, // U+0130
    { 0x0131, 45 }, // U+0131
    { 0x0132, 19 }, // U+0132
    { 0x0133, 46 }, // U+0133
    { 0x0134, 19 }, // U+0134
    { 0x0135, 46 }, // U+0135
    { 0x0136, 20 }, // U+0136
    { 0x0137, 47 }, // U+0137
    { 0x0138, 47 }, // U+0138
    { 0x0139, 21 }, // U+0139
    { 0x013A, 48 }, // U+013A
    { 0x013B, 21 }, // U+013B
    { 0x013C, 48 }, // U+013C
    { 0x013D, 21 }, // U+013D
    { 0x013E, 71 }, // U+013E
    { 0x013F, 21 }, // U+013F
    { 0x0140, 48 }, // U+0140
    { 0x0141, 21 }, // U+0141
    { 0x0142, 48 }, // U+0142
    { 0x0143, 18 }, // U+0143
    { 0x0144, 49 }, // U+0144
    { 0x0145, 18 }, // U+0145
    { 0x0146, 49 }, // U+0146
    { 0x0147, 18 }, // U+0147
    { 0x0148, 49 }, // U+0148
    { 0x0149, 49 }, // U+0149
    { 0x014A, 72 }, // U+014A
    { 0x014B, 73 }, // U+014B
    { 0x014C, 23 }, // U+014C
    { 0x014D, 50 }, // U+014D
    { 0x014E, 23 }, // U+014E
    { 0x014F, 50 }, // U+014F
    { 0x0150, 23 }, // U+0150
    { 0x0151, 50 }, // U+0151
    { 0x0152, 15 }, // U+0152
    { 0x0154, 26 }, // U+0154
    { 0x0155, 52 }, // U+0155
    { 0x0156, 26 }, // U+0156
    { 0x0157, 52 }, // U+0157
    { 0x0158, 26 }, // U+0158
    { 0x0159, 52 }, // U+0159
    { 0x015A, 27 }, // U+015A
    { 0x015B, 53 }, // U+015B
    { 0x015C, 27 }, // U+015C
    { 0x015D, 53 }, // U+015D
    { 0x015E, 27 }, // U+015E
    { 0x015F, 53 }, // U+015F
    { 0x0160, 27 }, // U+0160
    { 0x0161, 53 }, // U+0161
    { 0x0162, 28 }, // U+0162
    { 0x0163, 54 }, // U+0163
    { 0x0164, 28 }, // U+0164
    { 0x0165, 54 }, // U+0165
    { 0x0166, 28 }, // U+0166
    { 0x0167, 54 }, // U+0167
    { 0x0168, 29 }, // U+0168
    { 0x0169, 55 }, // U+0169
    { 0x016A, 29 }, // U+016A
    { 0x016B, 55 }, // U+016B
    { 0x016C, 29 }, // U+016C
    { 0x016D, 55 }, // U+016D
    { 0x016E, 29 }, // U+016E
    { 0x016F, 55 }, // U+016F
    { 0x0170, 29 }, // U+0170
    { 0x0171, 55 }, // U+0171
    { 0x0172, 29 }, // U+0172
    { 0x0173, 55 }, // U+0173
    { 0x0174, 31 }, // U+0174
    { 0x0175, 57 }, // U+0175
    { 0x0176, 33 }, // U+0176
    { 0x0177, 59 }, // U+0177
    { 0x0178, 33 }, // U+0178
    { 0x0179, 34 }, // U+0179
    { 0x017A, 60 }, // U+017A
    { 0x017B, 34 }, // U+017B
    { 0x017C, 60 }, // U+017C
    { 0x017D, 34 }, // U+017D
    { 0x017E, 60 }, // U+017E
    { 0x017F, 42 }, // U+017F
    { 0x01A0, 74 }, // U+01A0
    { 0x01C4, 34 }, // U+01C4
    { 0x01C5, 60 }, // U+01C5
    { 0x01C6, 60 }, // U+01C6
    { 0x01C7, 19 }, // U+01C7
    { 0x01C8, 46 }, // U+01C8
    { 0x01C9, 46 }, // U+01C9
    { 0x01CA, 19 }, // U+01CA
    { 0x01CB, 46 }, // U+01CB
    { 0x01CC, 46 }, // U+01CC
    { 0x01CD, 11 }, // U+01CD
    { 0x01CE, 38 }, // U+01CE
    { 0x01CF, 18 }, // U+01CF
    { 0x01D0, 45 }, // U+01D0
    { 0x01D1, 23 }, // U+01D1
    { 0x01D2, 50 }, // U+01D2
    { 0x01D3, 29 }, // U+01D3
    { 0x01D4, 55 }, // U+01D4
    { 0x01D5, 29 }, // U+01D5
    { 0x01D6, 55 }, // U+01D6
    { 0x01D7, 29 }, // U+01D7
    { 0x01D8, 55 }, // U+01D8
    { 0x01D9, 29 }, // U+01D9
    { 0x01DA, 55 }, // U+01DA
    { 0x01DB, 29 }, // U+01DB
    { 0x01DC, 55 }, // U+01DC
    { 0x01DD, 50 }, // U+01DD
    { 0x01DE, 11 }, // U+01DE
    { 0x01DF, 38 }, // U+01DF
    { 0x01E0, 11 }, // U+01E0
    { 0x01E1, 38 }, // U+01E1
    { 0x01E2, 15 }, // U+01E2
    { 0x01E4, 17 }, // U+01E4
    { 0x01E5, 43 }, // U+01E5
    { 0x01E6, 17 }, // U+01E6
    { 0x01E7, 43 }, // U+01E7
    { 0x01E8, 20 }, // U+01E8
    { 0x01E9, 47 }, // U+01E9
    { 0x01EA, 23 }, // U+01EA
    { 0x01EB, 50 }, // U+01EB
    { 0x01EC, 23 }, // U+01EC
    { 0x01ED, 50 }, // U+01ED
    { 0x01EE, 75 }, // U+01EE
    { 0x01EF, 76 }, // U+01EF
    { 0x01F0, 46 }, // U+01F0
    { 0x01F1, 34 }, // U+01F1
    { 0x01F2, 60 }, // U+01F2
    { 0x01F3, 60 }, // U+01F3
    { 0x01F4, 17 }, // U+01F4
    { 0x01F5, 43 }, // U+01F5
    { 0x01F6, 55 }, // U+01F6
    { 0x01F7, 77 }, // U+01F7
    { 0x01F8, 18 }, // U+01F8
    { 0x01F9, 49 }, // U+01F9
    { 0x01FA, 11 }, // U+01FA
    { 0x01FB, 38 }, // U+01FB
    { 0x01FC, 15 }, // U+01FC
    { 0x01FE, 23 }, // U+01FE
    { 0x01FF, 50 }, // U+01FF
    { 0x0200, 11 }, // U+0200
    { 0x0201, 38 }, // U+0201
    { 0x0202, 11 }, // U+0202
    { 0x0203, 38 }, // U+0203
    { 0x0204, 15 }, // U+0204
    { 0x0206, 15 }, // U+0206
    { 0x0208, 18 }, // U+0208
    { 0x0209, 45 }, // U+0209
    { 0x020A, 18 }, // U+020A
    { 0x020B, 45 }, // U+020B
    { 0x020C, 23 }, // U+020C
    { 0x020D, 50 }, // U+020D
    { 0x020E, 23 }, // U+020E
    { 0x020F, 50 }, // U+020F
    { 0x0210, 26 }, // U+0210
    { 0x0211, 52 }, // U+0211
    { 0x0212, 26 }, // U+0212
    { 0x0213, 52 }, // U+0213
    { 0x0214, 29 }, // U+0214
    { 0x0215, 55 }, // U+0215
    { 0x0216, 29 }, // U+0216
    { 0x0217, 55 }, // U+0217
    { 0x0218, 27 }, // U+0218
    { 0x0219, 53 }, // U+0219
    { 0x021A, 28 }, // U+021A
    { 0x021B, 54 }, // U+021B
    { 0x021C, 78 }, // U+021C
    { 0x021E, 18 }, // U+021E
    { 0x021F, 44 }, // U+021F
    { 0x0400, 79 }, // U+0400
    { 0x0401, 79 }, // U+0401
    { 0x0402, 80 }, // U+0402
    { 0x0403, 81 }, // U+0403
    { 0x0404, 82 }, // U+0404
    { 0x0405, 83 }, // U+0405
    { 0x0406, 18 }, // U+0406
    { 0x0407, 18 }, // U+0407
    { 0x0408, 84 }, // U+0408
    { 0x0409, 85 }, // U+0409
    { 0x040A, 85 }, // U+040A
    { 0x040B, 86 }, // U+040B
    { 0x040C, 87 }, // U+040C
    { 0x040D, 18 }, // U+040D
    { 0x040E, 88 }, // U+040E
    { 0x040F, 18 }, // U+040F
    { 0x0410, 89 }, // U+0410
    { 0x0411, 80 }, // U+0411
    { 0x0412, 90 }, // U+0412
    { 0x0413, 81 }, // U+0413
    { 0x0414, 91 }, // U+0414
    { 0x0415, 79 }, // U+0415
    { 0x0416, 92 }, // U+0416
    { 0x0417, 93 }, // U+0417
    { 0x0418, 18 }, // U+0418
    { 0x0419, 18 }, // U+0419
    { 0x041A, 87 }, // U+041A
    { 0x041C, 94 }, // U+041C
    { 0x041D, 18 }, // U+041D
    { 0x041E, 95 }, // U+041E
    { 0x041F, 18 }, // U+041F
    { 0x0420, 96 }, // U+0420
    { 0x0421, 82 }, // U+0421
    { 0x0422, 97 }, // U+0422
    { 0x0423, 88 }, // U+0423
    { 0x0424, 98 }, // U+0424
    { 0x0425, 99 }, // U+0425
    { 0x0426, 91 }, // U+0426
    { 0x0428, 18 }, // U+0428
    { 0x0429, 91 }, // U+0429
    { 0x042A, 85 }, // U+042A
    { 0x042B, 18 }, // U+042B
    { 0x042C, 85 }, // U+042C
    { 0x042D, 100 }, // U+042D
    { 0x042E, 95 }, // U+042E
    { 0x0430, 101 }, // U+0430
    { 0x0431, 102 }, // U+0431
    { 0x0432, 103 }, // U+0432
    { 0x0433, 104 }, // U+0433
    { 0x0434, 105 }, // U+0434
    { 0x0435, 106 }, // U+0435
    { 0x0436, 107 }, // U+0436
    { 0x0437, 108 }, // U+0437
    { 0x043A, 109 }, // U+043A
    { 0x043B, 110 }, // U+043B
    { 0x043C, 111 }, // U+043C
    { 0x043D, 112 }, // U+043D
    { 0x043E, 113 }, // U+043E
    { 0x043F, 112 }, // U+043F
    { 0x0440, 114 }, // U+0440
    { 0x0441, 115 }, // U+0441
    { 0x0442, 116 }, // U+0442
    { 0x0443, 117 }, // U+0443
    { 0x0444, 118 }, // U+0444
    { 0x0445, 119 }, // U+0445
    { 0x0446, 105 }, // U+0446
    { 0x0447, 112 }, // U+0447
    { 0x0448, 112 }, // U+0448
    { 0x0449, 105 }, // U+0449
    { 0x044A, 120 }, // U+044A
    { 0x044B, 112 }, // U+044B
    { 0x044C, 120 }, // U+044C
    { 0x044D, 121 }, // U+044D
    { 0x044E, 122 }, // U+044E
    { 0x044F, 123 }, // U+044F
    { 0x0450, 106 }, // U+0450
    { 0x0451, 106 }, // U+0451
    { 0x0452, 124 }, // U+0452
    { 0x0453, 104 }, // U+0453
    { 0x0454, 125 }, // U+0454
    { 0x0455, 126 }, // U+0455
    { 0x0456, 127 }, // U+0456
    { 0x0457, 127 }, // U+0457
    { 0x0458, 128 }, // U+0458
    { 0x0459, 120 }, // U+0459
    { 0x045A, 120 }, // U+045A
    { 0x045B, 129 }, // U+045B
    { 0x045C, 109 }, // U+045C
    { 0x045E, 117 }, // U+045E
    { 0x045F, 130 }, // U+045F
    { 0x0462, 80 }, // U+0462
    { 0x0463, 131 }, // U+0463
    { 0x0472, 95 }, // U+0472
    { 0x0473, 113 }, // U+0473
    { 0x0474, 132 }, // U+0474
    { 0x0475, 133 }, // U+0475
    { 0x048A, 91 }, // U+048A
    { 0x048B, 105 }, // U+048B
    { 0x048C, 85 }, // U+048C
    { 0x048D, 120 }, // U+048D
    { 0x048F, 114 }, // U+048F
    { 0x0490, 81 }, // U+0490
    { 0x0491, 104 }, // U+0491
    { 0x0492, 81 }, // U+0492
    { 0x0493, 104 }, // U+0493
    { 0x0494, 80 }, // U+0494
    { 0x0495, 134 }, // U+0495
    { 0x0496, 92 }, // U+0496
    { 0x0497, 107 }, // U+0497
    { 0x0498, 93 }, // U+0498
    { 0x0499, 108 }, // U+0499
    { 0x049A, 87 }, // U+049A
    { 0x049B, 109 }, // U+049B
    { 0x049C, 87 }, // U+049C
    { 0x049D, 109 }, // U+049D
    { 0x049E, 87 }, // U+049E
    { 0x049F, 109 }, // U+049F
    { 0x04A0, 87 }, // U+04A0
    { 0x04A1, 109 }, // U+04A1
    { 0x04A2, 91 }, // U+04A2
    { 0x04A3, 105 }, // U+04A3
    { 0x04A4, 97 }, // U+04A4
    { 0x04A5, 104 }, // U+04A5
    { 0x04A6, 85 }, // U+04A6
    { 0x04A7, 135 }, // U+04A7
    { 0x04A8, 136 }, // U+04A8
    { 0x04A9, 137 }, // U+04A9
    { 0x04AA, 82 }, // U+04AA
    { 0x04AB, 115 }, // U+04AB
    { 0x04AC, 97 }, // U+04AC
    { 0x04AD, 116 }, // U+04AD
    { 0x04AE, 138 }, // U+04AE
    { 0x04AF, 139 }, // U+04AF
    { 0x04B0, 138 }, // U+04B0
    { 0x04B1, 139 }, // U+04B1
    { 0x04B2, 99 }, // U+04B2
    { 0x04B3, 119 }, // U+04B3
    { 0x04B4, 91 }, // U+04B4
    { 0x04B5, 105 }, // U+04B5
    { 0x04B6, 91 }, // U+04B6
    { 0x04B7, 105 }, // U+04B7
    { 0x04BA, 140 }, // U+04BA
    { 0x04BB, 141 }, // U+04BB
    { 0x04BC, 142 }, // U+04BC
    { 0x04BE, 142 }, // U+04BE
    { 0x04C0, 18 }, // U+04C0
    { 0x04C1, 92 }, // U+04C1
    { 0x04C2, 107 }, // U+04C2
    { 0x04C3, 143 }, // U+04C3
    { 0x04C4, 144 }, // U+04C4
    { 0x04C6, 105 }, // U+04C6
    { 0x04C7, 84 }, // U+04C7
    { 0x04C8, 145 }, // U+04C8
    { 0x04C9, 91 }, // U+04C9
    { 0x04CA, 105 }, // U+04CA
    { 0x04CC, 112 }, // U+04CC
    { 0x04CD, 91 }, // U+04CD
    { 0x04CE, 105 }, // U+04CE
    { 0x04CF, 18 }, // U+04CF
    { 0x04D0, 89 }, // U+04D0
    { 0x04D1, 101 }, // U+04D1
    { 0x04D2, 89 }, // U+04D2
    { 0x04D3, 101 }, // U+04D3
    { 0x04D4, 146 }, // U+04D4
    { 0x04D5, 147 }, // U+04D5
    { 0x04D6, 79 }, // U+04D6
    { 0x04D7, 106 }, // U+04D7
    { 0x04D8, 148 }, // U+04D8
    { 0x04DA, 148 }, // U+04DA
    { 0x04DC, 92 }, // U+04DC
    { 0x04DD, 107 }, // U+04DD
    { 0x04DE, 93 }, // U+04DE
    { 0x04DF, 108 }, // U+04DF
    { 0x04E0, 149 }, // U+04E0
    { 0x04E1, 150 }, // U+04E1
    { 0x04E2, 18 }, // U+04E2
    { 0x04E4, 18 }, // U+04E4
    { 0x04E6, 95 }, // U+04E6
    { 0x04E7, 113 }, // U+04E7
    { 0x04E8, 95 }, // U+04E8
    { 0x04E9, 113 }, // U+04E9
    { 0x04EA, 95 }, // U+04EA
    { 0x04EB, 113 }, // U+04EB
    { 0x04EC, 100 }, // U+04EC
    { 0x04ED, 108 }, // U+04ED
    { 0x04EE, 88 }, // U+04EE
    { 0x04EF, 117 }, // U+04EF
    { 0x04F0, 88 }, // U+04F0
    { 0x04F1, 117 }, // U+04F1
    { 0x04F2, 88 }, // U+04F2
    { 0x04F3, 117 }, // U+04F3
    { 0x04F6, 81 }, // U+04F6
    { 0x04F7, 104 }, // U+04F7
    { 0x04F8, 18 }, // U+04F8
    { 0x04F9, 112 }, // U+04F9
    { 0x1EA0, 151 }, // U+1EA0
    { 0x1EA1, 152 }, // U+1EA1
    { 0x1EA2, 151 }, // U+1EA2
    { 0x1EA3, 152 }, // U+1EA3
    { 0x1EA4, 151 }, // U+1EA4
    { 0x1EA5, 152 }, // U+1EA5
    { 0x1EA6, 151 }, // U+1EA6
    { 0x1EA7, 152 }, // U+1EA7
    { 0x1EA8, 151 }, // U+1EA8
    { 0x1EA9, 152 }, // U+1EA9
    { 0x1EAA, 151 }, // U+1EAA
    { 0x1EAB, 152 }, // U+1EAB
    { 0x1EAC, 151 }, // U+1EAC
    { 0x1EAD, 152 }, // U+1EAD
    { 0x1EAE, 151 }, // U+1EAE
    { 0x1EAF, 152 }, // U+1EAF
    { 0x1EB0, 151 }, // U+1EB0
    { 0x1EB1, 152 }, // U+1EB1
    { 0x1EB2, 151 }, // U+1EB2
    { 0x1EB3, 152 }, // U+1EB3
    { 0x1EB4, 151 }, // U+1EB4
    { 0x1EB5, 152 }, // U+1EB5
    { 0x1EB6, 151 }, // U+1EB6
    { 0x1EB7, 152 }, // U+1EB7
    { 0x1EB8, 153 }, // U+1EB8
    { 0x1EB9, 154 }, // U+1EB9
    { 0x1EBA, 153 }, // U+1EBA
    { 0x1EBB, 154 }, // U+1EBB
    { 0x1EBC, 153 }, // U+1EBC
    { 0x1EBD, 154 }, // U+1EBD
    { 0x1EBE, 153 }, // U+1EBE
    { 0x1EBF, 154 }, // U+1EBF
    { 0x1EC0, 153 }, // U+1EC0
    { 0x1EC1, 154 }, // U+1EC1
    { 0x1EC2, 153 }, // U+1EC2
    { 0x1EC3, 154 }, // U+1EC3
    { 0x1EC4, 153 }, // U+1EC4
    { 0x1EC5, 154 }, // U+1EC5
    { 0x1EC6, 153 }, // U+1EC6
    { 0x1EC7, 154 }, // U+1EC7
    { 0x1ECC, 155 }, // U+1ECC
    { 0x1ECD, 156 }, // U+1ECD
    { 0x1ECE, 155 }, // U+1ECE
    { 0x1ECF, 156 }, // U+1ECF
    { 0x1ED0, 155 }, // U+1ED0
    { 0x1ED1, 156 }, // U+1ED1
    { 0x1ED2, 155 }, // U+1ED2
    { 0x1ED3, 156 }, // U+1ED3
    { 0x1ED4, 155 }, // U+1ED4
    { 0x1ED5, 156 }, // U+1ED5
    { 0x1ED6, 155 }, // U+1ED6
    { 0x1ED7, 156 }, // U+1ED7
    { 0x1ED8, 155 }, // U+1ED8
    { 0x1ED9, 156 }, // U+1ED9
    { 0x1EDB, 157 }, // U+1EDB
    { 0x1EDD, 157 }, // U+1EDD
    { 0x1EDF, 157 }, // U+1EDF
    { 0x1EE1, 157 }, // U+1EE1
    { 0x1EE3, 157 }, // U+1EE3
    { 0x1EE4, 158 }, // U+1EE4
    { 0x1EE5, 159 }, // U+1EE5
    { 0x1EE6, 158 }, // U+1EE6
    { 0x1EE7, 159 }, // U+1EE7
    { 0x1EE8, 160 }, // U+1EE8
    { 0x1EE9, 161 }, // U+1EE9
    { 0x1EEA, 160 }, // U+1EEA
    { 0x1EEB, 161 }, // U+1EEB
    { 0x1EEC, 160 }, // U+1EEC
    { 0x1EED, 161 }, // U+1EED
    { 0x1EEE, 160 }, // U+1EEE
    { 0x1EEF, 161 }, // U+1EEF
    { 0x1EF0, 160 }, // U+1EF0
    { 0x1EF1, 161 }, // U+1EF1
    { 0x1EF2, 33 }, // U+1EF2
    { 0x1EF3, 59 }, // U+1EF3
    { 0x1EF4, 162 }, // U+1EF4
    { 0x1EF5, 163 }, // U+1EF5
    { 0x1EF6, 162 }, // U+1EF6
    { 0x1EF7, 163 }, // U+1EF7
    { 0x1EF8, 162 }, // U+1EF8
    { 0x1EF9, 163 }, // U+1EF9
    { 0x2011, 164 }, // U+2011
    { 0x2012, 164 }, // U+2012
    { 0x2013, 7 }, // U+2013
    { 0x2014, 7 }, // U+2014
    { 0x2018, 165 }, // U+2018
    { 0x2019, 166 }, // U+2019
    { 0x201A, 167 }, // U+201A
    { 0x201C, 165 }, // U+201C
    { 0x201D, 166 }, // U+201D
    { 0x201E, 167 }, // U+201E
    { 0x2026, 6 }, // U+2026
    { 0x2039, 64 }, // U+2039
    { 0x203A, 65 }, // U+203A
    { 0x3042, 168 }, // U+3042
    { 0x3043, 169 }, // U+3043
    { 0x3044, 170 }, // U+3044
    { 0x3046, 171 }, // U+3046
    { 0x3048, 172 }, // U+3048
    { 0x304B, 173 }, // U+304B
    { 0x304C, 174 }, // U+304C
    { 0x304D, 175 }, // U+304D
    { 0x304E, 176 }, // U+304E
    { 0x304F, 177 }, // U+304F
    { 0x3050, 178 }, // U+3050
    { 0x3051, 179 }, // U+3051
    { 0x3052, 180 }, // U+3052
    { 0x3053, 181 }, // U+3053
    { 0x3054, 182 }, // U+3054
    { 0x3056, 183 }, // U+3056
    { 0x3057, 184 }, // U+3057
    { 0x3059, 185 }, // U+3059
    { 0x305A, 186 }, // U+305A
    { 0x305C, 187 }, // U+305C
    { 0x305D, 188 }, // U+305D
    { 0x305E, 188 }, // U+305E
    { 0x305F, 189 }, // U+305F
    { 0x3060, 190 }, // U+3060
    { 0x3062, 191 }, // U+3062
    { 0x3063, 192 }, // U+3063
    { 0x3064, 179 }, // U+3064
    { 0x3065, 193 }, // U+3065
    { 0x3066, 194 }, // U+3066
    { 0x3067, 195 }, // U+3067
    { 0x3068, 196 }, // U+3068
    { 0x3069, 197 }, // U+3069
    { 0x306B, 198 }, // U+306B
    { 0x306C, 199 }, // U+306C
    { 0x306D, 200 }, // U+306D
    { 0x306E, 201 }, // U+306E
    { 0x306F, 202 }, // U+306F
    { 0x3070, 203 }, // U+3070
    { 0x3071, 203 }, // U+3071
    { 0x3072, 204 }, // U+3072
    { 0x3073, 205 }, // U+3073
    { 0x3074, 206 }, // U+3074
    { 0x3075, 207 }, // U+3075
    { 0x3076, 208 }, // U+3076
    { 0x3077, 208 }, // U+3077
    { 0x3078, 209 }, // U+3078
    { 0x3079, 210 }, // U+3079
    { 0x307A, 211 }, // U+307A
    { 0x307D, 212 }, // U+307D
    { 0x307E, 213 }, // U+307E
    { 0x307F, 214 }, // U+307F
    { 0x3081, 191 }, // U+3081
    { 0x3082, 215 }, // U+3082
    { 0x3083, 216 }, // U+3083
    { 0x3084, 193 }, // U+3084
    { 0x3086, 217 }, // U+3086
    { 0x3088, 218 }, // U+3088
    { 0x3089, 219 }, // U+3089
    { 0x308A, 220 }, // U+308A
    { 0x308B, 221 }, // U+308B
    { 0x308C, 222 }, // U+308C
    { 0x308E, 200 }, // U+308E
    { 0x308F, 223 }, // U+308F
    { 0x3093, 224 }, // U+3093
    { 0x30A1, 179 }, // U+30A1
    { 0x30A2, 225 }, // U+30A2
    { 0x30A4, 226 }, // U+30A4
    { 0x30A9, 179 }, // U+30A9
    { 0x30AA, 227 }, // U+30AA
    { 0x30AB, 228 }, // U+30AB
    { 0x30AC, 228 }, // U+30AC
    { 0x30AD, 229 }, // U+30AD
    { 0x30AE, 230 }, // U+30AE
    { 0x30AF, 231 }, // U+30AF
    { 0x30B0, 232 }, // U+30B0
    { 0x30B1, 233 }, // U+30B1
    { 0x30B2, 234 }, // U+30B2
    { 0x30B3, 235 }, // U+30B3
    { 0x30B4, 236 }, // U+30B4
    { 0x30B5, 237 }, // U+30B5
    { 0x30B6, 238 }, // U+30B6
    { 0x30B7, 239 }, // U+30B7
    { 0x30B8, 240 }, // U+30B8
    { 0x30B9, 241 }, // U+30B9
    { 0x30BB, 242 }, // U+30BB
    { 0x30BC, 243 }, // U+30BC
    { 0x30BD, 244 }, // U+30BD
    { 0x30BE, 245 }, // U+30BE
    { 0x30BF, 246 }, // U+30BF
    { 0x30C0, 247 }, // U+30C0
    { 0x30C1, 248 }, // U+30C1
    { 0x30C2, 249 }, // U+30C2
    { 0x30C3, 216 }, // U+30C3
    { 0x30C4, 250 }, // U+30C4
    { 0x30C5, 251 }, // U+30C5
    { 0x30C6, 252 }, // U+30C6
    { 0x30C7, 253 }, // U+30C7
    { 0x30C8, 228 }, // U+30C8
    { 0x30C9, 254 }, // U+30C9
    { 0x30CA, 255 }, // U+30CA
    { 0x30CC, 256 }, // U+30CC
    { 0x30CD, 257 }, // U+30CD
    { 0x30CE, 258 }, // U+30CE
    { 0x30CF, 259 }, // U+30CF
    { 0x30D0, 260 }, // U+30D0
    { 0x30D1, 261 }, // U+30D1
    { 0x30D3, 262 }, // U+30D3
    { 0x30D5, 263 }, // U+30D5
    { 0x30D6, 264 }, // U+30D6
    { 0x30D7, 265 }, // U+30D7
    { 0x30D9, 236 }, // U+30D9
    { 0x30DE, 266 }, // U+30DE
    { 0x30E0, 267 }, // U+30E0
    { 0x30E1, 228 }, // U+30E1
    { 0x30E4, 268 }, // U+30E4
    { 0x30E5, 269 }, // U+30E5
    { 0x30E8, 270 }, // U+30E8
    { 0x30E9, 271 }, // U+30E9
    { 0x30EA, 272 }, // U+30EA
    { 0x30EB, 273 }, // U+30EB
    { 0x30EC, 274 }, // U+30EC
    { 0x30EF, 275 }, // U+30EF
    { 0x30F0, 276 }, // U+30F0
    { 0x30F2, 179 }, // U+30F2
    { 0x30F3, 277 }, // U+30F3
    { 0x30FA, 278 }, // U+30FA
    { 0x30FC, 279 }, // U+30FC
    { 0xFB00, 42 }, // U+FB00
    { 0xFB01, 45 }, // U+FB01
    { 0xFB02, 48 }, // U+FB02
    { 0xFB03, 45 }, // U+FB03
    { 0xFB04, 48 }, // U+FB04
};

static const EpdKernClassEntry ubuntu_jp_10_boldKernRightClasses[] = {
    { 0x0021, 1 }, // !
    { 0x0022, 2 }, // "
    { 0x0026, 3 }, // &
    { 0x0027, 2 }, // '
    { 0x0028, 4 }, // (
    { 0x0029, 5 }, // )
    { 0x002A, 6 }, // *
    { 0x002C, 7 }, // ,
    { 0x002D, 8 }, // -
    { 0x002E, 7 }, // .
    { 0x002F, 9 }, // /
    { 0x003A, 10 }, // :
    { 0x003B, 10 }, // ;
    { 0x003F, 11 }, // ?
    { 0x0040, 12 }, // @
    { 0x0041, 13 }, // A
    { 0x0042, 14 }, // B
    { 0x0043, 15 }, // C
    { 0x0044, 14 }, // D
    { 0x0045, 14 }, // E
    { 0x0046, 14 }, // F
    { 0x0047, 16 }, // G
    { 0x0048, 14 }, // H
    { 0x0049, 14 }, // I
    { 0x004A, 17 }, // J
    { 0x004B, 14 }, // K
    { 0x004C, 14 }, // L
    { 0x004D, 18 }, // M
    { 0x004E, 14 }, // N
    { 0x004F, 19 }, // O
    { 0x0050, 14 }, // P
    { 0x0051, 19 }, // Q
    { 0x0052, 14 }, // R
    { 0x0053, 20 }, // S
    { 0x0054, 21 }, // T
    { 0x0055, 22 }, // U
    { 0x0056, 23 }, // V
    { 0x0057, 24 }, // W
    { 0x0058, 25 }, // X
    { 0x0059, 26 }, // Y
    { 0x005A, 27 }, // Z
    { 0x005B, 28 }, // [
    { 0x005C, 29 }, // <backslash>
    { 0x005D, 30 }, // ]
    { 0x0061, 31 }, // a
    { 0x0062, 32 }, // b
    { 0x0063, 33 }, // c
    { 0x0064, 34 }, // d
    { 0x0065, 33 }, // e
    { 0x0066, 35 }, // f
    { 0x0067, 33 }, // g
    { 0x0068, 36 }, // h
    { 0x0069, 37 }, // i
    { 0x006A, 38 }, // j
    { 0x006B, 36 }, // k
    { 0x006C, 36 }, // l
    { 0x006D, 39 }, // m
    { 0x006E, 39 }, // n
    { 0x006F, 34 }, // o
    { 0x0070, 39 }, // p
    { 0x0071, 33 }, // q
    { 0x0072, 39 }, // r
    { 0x0073, 40 }, // s
    { 0x0074, 41 }, // t
    { 0x0075, 42 }, // u
    { 0x0076, 43 }, // v
    { 0x0077, 44 }, // w
    { 0x0078, 45 }, // x
    { 0x0079, 46 }, // y
    { 0x007A, 47 }, // z
    { 0x007B, 48 }, // {
    { 0x007D, 49 }, // }
    { 0x00AB, 50 }, // U+00AB
    { 0x00BB, 51 }, // U+00BB
    { 0x00C0, 13 }, // U+00C0
    { 0x00C1, 13 }, // U+00C1
    { 0x00C2, 13 }, // U+00C2
    { 0x00C3, 13 }, // U+00C3
    { 0x00C4, 13 }, // U+00C4
    { 0x00C5, 13 }, // U+00C5
    { 0x00C6, 52 }, // U+00C6
    { 0x00C7, 15 }, // U+00C7
    { 0x00C8, 14 }, // U+00C8
    { 0x00C9, 14 }, // U+00C9
    { 0x00CA, 14 }, // U+00CA
    { 0x00CB, 14 }, // U+00CB
    { 0x00CC, 14 }, // U+00CC
    { 0x00CD, 14 }, // U+00CD
    { 0x00CE, 14 }, // U+00CE
    { 0x00CF, 14 }, // U+00CF
    { 0x00D0, 14 }, // U+00D0
    { 0x00D1, 14 }, // U+00D1
    { 0x00D2, 19 }, // U+00D2
    { 0x00D3, 19 }, // U+00D3
    { 0x00D4, 19 }, // U+00D4
    { 0x00D5, 19 }, // U+00D5
    { 0x00D6, 19 }, // U+00D6
    { 0x00D8, 19 }, // U+00D8
    { 0x00D9, 22 }, // U+00D9
    { 0x00DA, 22 }, // U+00DA
    { 0x00DB, 22 }, // U+00DB
    { 0x00DC, 22 }, // U+00DC
    { 0x00DD, 26 }, // U+00DD
    { 0x00DF, 53 }, // U+00DF
    { 0x00E0, 31 }, // U+00E0
    { 0x00E1, 31 }, // U+00E1
    { 0x00E2, 31 }, // U+00E2
    { 0x00E3, 31 }, // U+00E3
    { 0x00E4, 54 }, // U+00E4
    { 0x00E5, 31 }, // U+00E5
    { 0x00E6, 31 }, // U+00E6
    { 0x00E7, 33 }, // U+00E7
    { 0x00E8, 33 }, // U+00E8
    { 0x00E9, 33 }, // U+00E9
    { 0x00EA, 33 }, // U+00EA
    { 0x00EB, 33 }, // U+00EB
    { 0x00EC, 55 }, // U+00EC
    { 0x00ED, 37 }, // U+00ED
    { 0x00EE, 56 }, // U+00EE
    { 0x00EF, 57 }, // U+00EF
    { 0x00F0, 58 }, // U+00F0
    { 0x00F1, 39 }, // U+00F1
    { 0x00F2, 34 }, // U+00F2
    { 0x00F3, 34 }, // U+00F3
    { 0x00F4, 34 }, // U+00F4
    { 0x00F5, 34 }, // U+00F5
    { 0x00F6, 34 }, // U+00F6
    { 0x00F8, 34 }, // U+00F8
    { 0x00F9, 42 }, // U+00F9
    { 0x00FA, 42 }, // U+00FA
    { 0x00FB, 42 }, // U+00FB
    { 0x00FC, 42 }, // U+00FC
    { 0x00FD, 46 }, // U+00FD
    { 0x00FF, 46 }, // U+00FF
    { 0x0100, 13 }, // U+0100
    { 0x0101, 31 }, // U+0101
    { 0x0102, 13 }, // U+0102
    { 0x0103, 31 }, // U+0103
    { 0x0104, 13 }, // U+0104
    { 0x0105, 31 }, // U+0105
    { 0x0106, 15 }, // U+0106
    { 0x0107, 33 }, // U+0107
    { 0x0108, 15 }, // U+0108
    { 0x0109, 33 }, // U+0109
    { 0x010A, 15 }, // U+010A
    { 0x010B, 33 }, // U+010B
    { 0x010C, 15 }, // U+010C
    { 0x010D, 33 }, // U+010D
    { 0x010E, 14 }, // U+010E
    { 0x010F, 34 }, // U+010F
    { 0x0111, 34 }, // U+0111
    { 0x0112, 14 }, // U+0112
    { 0x0113, 33 }, // U+0113
    { 0x0114, 14 }, // U+0114
    { 0x0115, 33 }, // U+0115
    { 0x0116, 14 }, // U+0116
    { 0x0117, 33 }, // U+0117
    { 0x0118, 14 }, // U+0118
    { 0x0119, 33 }, // U+0119
    { 0x011A, 14 }, // U+011A
    { 0x011B, 33 }, // U+011B
    { 0x011C, 16 }, // U+011C
    { 0x011D, 33 }, // U+011D
    { 0x011E, 16 }, // U+011E
    { 0x011F, 33 }, // U+011F
    { 0x0120, 16 }, // U+0120
    { 0x0121, 33 }, // U+0121
    { 0x0122, 16 }, // U+0122
    { 0x0123, 33 }, // U+0123
    { 0x0124, 14 }, // U+0124
    { 0x0125, 36 }, // U+0125
    { 0x0126, 14 }, // U+0126
    { 0x0127, 36 }, // U+0127
    { 0x0128, 14 }, // U+0128
    { 0x0129, 59 }, // U+0129
    { 0x012A, 14 }, // U+012A
    { 0x012B, 60 }, // U+012B
    { 0x012C, 14 }, // U+012C
    { 0x012D, 61 }, // U+012D
    { 0x012E, 14 }, // U+012E
    { 0x012F, 37 }, // U+012F
    { 0x0130, 14 }, // U+0130
    { 0x0131, 37 }, // U+0131
    { 0x0132, 14 }, // U+0132
    { 0x0133, 37 }, // U+0133
    { 0x0134, 17 }, // U+0134
    { 0x0135, 38 }, // U+0135
    { 0x0136, 14 }, // U+0136
    { 0x0137, 36 }, // U+0137
    { 0x0139, 14 }, // U+0139
    { 0x013A, 36 }, // U+013A
    { 0x013B, 14 }, // U+013B
    { 0x013C, 36 }, // U+013C
    { 0x013D, 14 }, // U+013D
    { 0x013E, 36 }, // U+013E
    { 0x013F, 14 }, // U+013F
    { 0x0140, 36 }, // U+0140
    { 0x0141, 14 }, // U+0141
    { 0x0142, 36 }, // U+0142
    { 0x0143, 14 }, // U+0143
    { 0x0144, 39 }, // U+0144
    { 0x0145, 14 }, // U+0145
    { 0x0146, 39 }, // U+0146
    { 0x0147, 14 }, // U+0147
    { 0x0148, 39 }, // U+0148
    { 0x0149, 39 }, // U+0149
    { 0x014A, 62 }, // U+014A
    { 0x014B, 63 }, // U+014B
    { 0x014C, 19 }, // U+014C
    { 0x014D, 34 }, // U+014D
    { 0x014E, 19 }, // U+014E
    { 0x014F, 34 }, // U+014F
    { 0x0150, 19 }, // U+0150
    { 0x0151, 34 }, // U+0151
    { 0x0152, 19 }, // U+0152
    { 0x0153, 34 }, // U+0153
    { 0x0154, 14 }, // U+0154
    { 0x0155, 39 }, // U+0155
    { 0x0156, 14 }, // U+0156
    { 0x0157, 39 }, // U+0157
    { 0x0158, 14 }, // U+0158
    { 0x0159, 39 }, // U+0159
    { 0x015A, 20 }, // U+015A
    { 0x015B, 40 }, // U+015B
    { 0x015C, 20 }, // U+015C
    { 0x015D, 40 }, // U+015D
    { 0x015E, 20 }, // U+015E
    { 0x015F, 40 }, // U+015F
    { 0x0160, 20 }, // U+0160
    { 0x0161, 40 }, // U+0161
    { 0x0162, 21 }, // U+0162
    { 0x0163, 41 }, // U+0163
    { 0x0164, 21 }, // U+0164
    { 0x0165, 41 }, // U+0165
    { 0x0166, 21 }, // U+0166
    { 0x0167, 41 }, // U+0167
    { 0x0168, 22 }, // U+0168
    { 0x0169, 42 }, // U+0169
    { 0x016A, 22 }, // U+016A
    { 0x016B, 42 }, // U+016B
    { 0x016C, 22 }, // U+016C
    { 0x016D, 42 }, // U+016D
    { 0x016E, 22 }, // U+016E
    { 0x016F, 42 }, // U+016F
    { 0x0170, 22 }, // U+0170
    { 0x0171, 42 }, // U+0171
    { 0x0172, 22 }, // U+0172
    { 0x0173, 42 }, // U+0173
    { 0x0174, 24 }, // U+0174
    { 0x0175, 44 }, // U+0175
    { 0x0176, 26 }, // U+0176
    { 0x0177, 46 }, // U+0177
    { 0x0178, 26 }, // U+0178
    { 0x0179, 27 }, // U+0179
    { 0x017A, 47 }, // U+017A
    { 0x017B, 27 }, // U+017B
    { 0x017C, 47 }, // U+017C
    { 0x017D, 27 }, // U+017D
    { 0x017E, 47 }, // U+017E
    { 0x017F, 35 }, // U+017F
    { 0x01A0, 19 }, // U+01A0
    { 0x01A1, 34 }, // U+01A1
    { 0x01AF, 22 }, // U+01AF
    { 0x01B0, 42 }, // U+01B0
    { 0x01C4, 14 }, // U+01C4
    { 0x01C5, 14 }, // U+01C5
    { 0x01C6, 34 }, // U+01C6
    { 0x01C7, 14 }, // U+01C7
    { 0x01C8, 14 }, // U+01C8
    { 0x01C9, 36 }, // U+01C9
    { 0x01CA, 14 }, // U+01CA
    { 0x01CB, 14 }, // U+01CB
    { 0x01CC, 39 }, // U+01CC
    { 0x01CD, 13 }, // U+01CD
    { 0x01CE, 31 }, // U+01CE
    { 0x01CF, 14 }, // U+01CF
    { 0x01D0, 37 }, // U+01D0
    { 0x01D1, 19 }, // U+01D1
    { 0x01D2, 34 }, // U+01D2
    { 0x01D3, 22 }, // U+01D3
    { 0x01D4, 42 }, // U+01D4
    { 0x01D5, 22 }, // U+01D5
    { 0x01D6, 42 }, // U+01D6
    { 0x01D7, 22 }, // U+01D7
    { 0x01D8, 42 }, // U+01D8
    { 0x01D9, 22 }, // U+01D9
    { 0x01DA, 42 }, // U+01DA
    { 0x01DB, 22 }, // U+01DB
    { 0x01DC, 42 }, // U+01DC
    { 0x01DD, 64 }, // U+01DD
    { 0x01DE, 13 }, // U+01DE
    { 0x01DF, 31 }, // U+01DF
    { 0x01E0, 13 }, // U+01E0
    { 0x01E1, 31 }, // U+01E1
    { 0x01E2, 52 }, // U+01E2
    { 0x01E3, 31 }, // U+01E3
    { 0x01E4, 16 }, // U+01E4
    { 0x01E5, 33 }, // U+01E5
    { 0x01E6, 16 }, // U+01E6
    { 0x01E7, 33 }, // U+01E7
    { 0x01E8, 14 }, // U+01E8
    { 0x01E9, 36 }, // U+01E9
    { 0x01EA, 19 }, // U+01EA
    { 0x01EB, 34 }, // U+01EB
    { 0x01EC, 19 }, // U+01EC
    { 0x01ED, 34 }, // U+01ED
    { 0x01EE, 65 }, // U+01EE
    { 0x01F0, 38 }, // U+01F0
    { 0x01F1, 14 }, // U+01F1
    { 0x01F2, 14 }, // U+01F2
    { 0x01F3, 34 }, // U+01F3
    { 0x01F4, 16 }, // U+01F4
    { 0x01F5, 33 }, // U+01F5
    { 0x01F8, 14 }, // U+01F8
    { 0x01F9, 39 }, // U+01F9
    { 0x01FA, 13 }, // U+01FA
    { 0x01FB, 31 }, // U+01FB
    { 0x01FC, 52 }, // U+01FC
    { 0x01FD, 31 }, // U+01FD
    { 0x01FE, 19 }, // U+01FE
    { 0x01FF, 34 }, // U+01FF
    { 0x0200, 13 }, // U+0200
    { 0x0201, 31 }, // U+0201
    { 0x0202, 13 }, // U+0202
    { 0x0203, 31 }, // U+0203
    { 0x0204, 14 }, // U+0204
    { 0x0205, 33 }, // U+0205
    { 0x0206, 14 }, // U+0206
    { 0x0207, 33 }, // U+0207
    { 0x0208, 14 }, // U+0208
    { 0x0209, 37 }, // U+0209
    { 0x020A, 14 }, // U+020A
    { 0x020B, 37 }, // U+020B
    { 0x020C, 19 }, // U+020C
    { 0x020D, 34 }, // U+020D
    { 0x020E, 19 }, // U+020E
    { 0x020F, 34 }, // U+020F
    { 0x0210, 14 }, // U+0210
    { 0x0211, 39 }, // U+0211
    { 0x0212, 14 }, // U+0212
    { 0x0213, 39 }, // U+0213
    { 0x0214, 22 }, // U+0214
    { 0x0215, 42 }, // U+0215
    { 0x0216, 22 }, // U+0216
    { 0x0217, 42 }, // U+0217
    { 0x0218, 20 }, // U+0218
    { 0x0219, 40 }, // U+0219
    { 0x021A, 21 }, // U+021A
    { 0x021B, 41 }, // U+021B
    { 0x021C, 66 }, // U+021C
    { 0x021D, 67 }, // U+021D
    { 0x021E, 14 }, // U+021E
    { 0x021F, 36 }, // U+021F
    { 0x0402, 68 }, // U+0402
    { 0x0404, 69 }, // U+0404
    { 0x0405, 70 }, // U+0405
    { 0x0408, 71 }, // U+0408
    { 0x0409, 72 }, // U+0409
    { 0x040B, 68 }, // U+040B
    { 0x040E, 73 }, // U+040E
    { 0x0410, 74 }, // U+0410
    { 0x0414, 75 }, // U+0414
    { 0x0416, 76 }, // U+0416
    { 0x0417, 77 }, // U+0417
    { 0x041B, 72 }, // U+041B
    { 0x041C, 78 }, // U+041C
    { 0x041E, 79 }, // U+041E
    { 0x0421, 69 }, // U+0421
    { 0x0422, 68 }, // U+0422
    { 0x0423, 73 }, // U+0423
    { 0x0424, 80 }, // U+0424
    { 0x0425, 81 }, // U+0425
    { 0x0427, 82 }, // U+0427
    { 0x042D, 83 }, // U+042D
    { 0x042F, 84 }, // U+042F
    { 0x0430, 85 }, // U+0430
    { 0x0431, 86 }, // U+0431
    { 0x0432, 87 }, // U+0432
    { 0x0433, 88 }, // U+0433
    { 0x0434, 89 }, // U+0434
    { 0x0435, 90 }, // U+0435
    { 0x0436, 91 }, // U+0436
    { 0x0437, 92 }, // U+0437
    { 0x0438, 88 }, // U+0438
    { 0x0439, 88 }, // U+0439
    { 0x043A, 88 }, // U+043A
    { 0x043B, 93 }, // U+043B
    { 0x043C, 94 }, // U+043C
    { 0x043D, 88 }, // U+043D
    { 0x043E, 95 }, // U+043E
    { 0x043F, 88 }, // U+043F
    { 0x0440, 96 }, // U+0440
    { 0x0441, 97 }, // U+0441
    { 0x0442, 98 }, // U+0442
    { 0x0443, 99 }, // U+0443
    { 0x0444, 100 }, // U+0444
    { 0x0445, 101 }, // U+0445
    { 0x0446, 88 }, // U+0446
    { 0x0447, 102 }, // U+0447
    { 0x0448, 88 }, // U+0448
    { 0x0449, 103 }, // U+0449
    { 0x044A, 104 }, // U+044A
    { 0x044B, 88 }, // U+044B
    { 0x044C, 88 }, // U+044C
    { 0x044D, 105 }, // U+044D
    { 0x044E, 106 }, // U+044E
    { 0x044F, 107 }, // U+044F
    { 0x0450, 90 }, // U+0450
    { 0x0451, 90 }, // U+0451
    { 0x0452, 108 }, // U+0452
    { 0x0453, 88 }, // U+0453
    { 0x0454, 109 }, // U+0454
    { 0x0455, 110 }, // U+0455
    { 0x0456, 111 }, // U+0456
    { 0x0457, 112 }, // U+0457
    { 0x0458, 113 }, // U+0458
    { 0x0459, 93 }, // U+0459
    { 0x045A, 88 }, // U+045A
    { 0x045B, 114 }, // U+045B
    { 0x045C, 88 }, // U+045C
    { 0x045D, 88 }, // U+045D
    { 0x045E, 99 }, // U+045E
    { 0x045F, 103 }, // U+045F
    { 0x0462, 68 }, // U+0462
    { 0x0463, 115 }, // U+0463
    { 0x0472, 79 }, // U+0472
    { 0x0473, 95 }, // U+0473
    { 0x0475, 99 }, // U+0475
    { 0x048B, 88 }, // U+048B
    { 0x048D, 116 }, // U+048D
    { 0x048F, 96 }, // U+048F
    { 0x0491, 88 }, // U+0491
    { 0x0493, 88 }, // U+0493
    { 0x0495, 88 }, // U+0495
    { 0x0496, 76 }, // U+0496
    { 0x0497, 91 }, // U+0497
    { 0x0498, 77 }, // U+0498
    { 0x0499, 92 }, // U+0499
    { 0x049B, 88 }, // U+049B
    { 0x049D, 88 }, // U+049D
    { 0x049F, 88 }, // U+049F
    { 0x04A1, 88 }, // U+04A1
    { 0x04A3, 88 }, // U+04A3
    { 0x04A5, 88 }, // U+04A5
    { 0x04A7, 88 }, // U+04A7
    { 0x04A8, 117 }, // U+04A8
    { 0x04A9, 118 }, // U+04A9
    { 0x04AA, 69 }, // U+04AA
    { 0x04AB, 97 }, // U+04AB
    { 0x04AC, 68 }, // U+04AC
    { 0x04AD, 98 }, // U+04AD
    { 0x04AE, 119 }, // U+04AE
    { 0x04AF, 120 }, // U+04AF
    { 0x04B0, 119 }, // U+04B0
    { 0x04B1, 120 }, // U+04B1
    { 0x04B2, 81 }, // U+04B2
    { 0x04B3, 101 }, // U+04B3
    { 0x04B4, 68 }, // U+04B4
    { 0x04B5, 98 }, // U+04B5
    { 0x04B6, 82 }, // U+04B6
    { 0x04B7, 102 }, // U+04B7
    { 0x04B8, 82 }, // U+04B8
    { 0x04B9, 102 }, // U+04B9
    { 0x04BB, 121 }, // U+04BB
    { 0x04BC, 122 }, // U+04BC
    { 0x04BD, 123 }, // U+04BD
    { 0x04BE, 122 }, // U+04BE
    { 0x04BF, 123 }, // U+04BF
    { 0x04C1, 76 }, // U+04C1
    { 0x04C2, 91 }, // U+04C2
    { 0x04C4, 88 }, // U+04C4
    { 0x04C5, 72 }, // U+04C5
    { 0x04C6, 93 }, // U+04C6
    { 0x04C8, 88 }, // U+04C8
    { 0x04CA, 88 }, // U+04CA
    { 0x04CB, 82 }, // U+04CB
    { 0x04CC, 102 }, // U+04CC
    { 0x04CE, 94 }, // U+04CE
    { 0x04D0, 74 }, // U+04D0
    { 0x04D1, 85 }, // U+04D1
    { 0x04D2, 74 }, // U+04D2
    { 0x04D3, 85 }, // U+04D3
    { 0x04D4, 124 }, // U+04D4
    { 0x04D5, 125 }, // U+04D5
    { 0x04D7, 90 }, // U+04D7
    { 0x04D8, 126 }, // U+04D8
    { 0x04D9, 127 }, // U+04D9
    { 0x04DA, 126 }, // U+04DA
    { 0x04DB, 127 }, // U+04DB
    { 0x04DC, 76 }, // U+04DC
    { 0x04DD, 91 }, // U+04DD
    { 0x04DE, 77 }, // U+04DE
    { 0x04DF, 92 }, // U+04DF
    { 0x04E0, 128 }, // U+04E0
    { 0x04E1, 129 }, // U+04E1
    { 0x04E3, 88 }, // U+04E3
    { 0x04E5, 88 }, // U+04E5
    { 0x04E6, 79 }, // U+04E6
    { 0x04E7, 95 }, // U+04E7
    { 0x04E8, 79 }, // U+04E8
    { 0x04E9, 95 }, // U+04E9
    { 0x04EA, 79 }, // U+04EA
    { 0x04EB, 95 }, // U+04EB
    { 0x04EC, 83 }, // U+04EC
    { 0x04ED, 92 }, // U+04ED
    { 0x04EE, 73 }, // U+04EE
    { 0x04EF, 99 }, // U+04EF
    { 0x04F0, 73 }, // U+04F0
    { 0x04F1, 99 }, // U+04F1
    { 0x04F2, 73 }, // U+04F2
    { 0x04F3, 99 }, // U+04F3
    { 0x04F4, 82 }, // U+04F4
    { 0x04F5, 102 }, // U+04F5
    { 0x04F7, 88 }, // U+04F7
    { 0x04F9, 88 }, // U+04F9
    { 0x1EA0, 130 }, // U+1EA0
    { 0x1EA1, 131 }, // U+1EA1
    { 0x1EA2, 130 }, // U+1EA2
    { 0x1EA3, 131 }, // U+1EA3
    { 0x1EA4, 130 }, // U+1EA4
    { 0x1EA5, 131 }, // U+1EA5
    { 0x1EA6, 130 }, // U+1EA6
    { 0x1EA7, 131 }, // U+1EA7
    { 0x1EA8, 130 }, // U+1EA8
    { 0x1EA9, 131 }, // U+1EA9
    { 0x1EAA, 130 }, // U+1EAA
    { 0x1EAB, 131 }, // U+1EAB
    { 0x1EAC, 130 }, // U+1EAC
    { 0x1EAD, 131 }, // U+1EAD
    { 0x1EAE, 130 }, // U+1EAE
    { 0x1EAF, 131 }, // U+1EAF
    { 0x1EB0, 130 }, // U+1EB0
    { 0x1EB1, 131 }, // U+1EB1
    { 0x1EB2, 130 }, // U+1EB2
    { 0x1EB3, 131 }, // U+1EB3
    { 0x1EB4, 130 }, // U+1EB4
    { 0x1EB5, 131 }, // U+1EB5
    { 0x1EB6, 130 }, // U+1EB6
    { 0x1EB7, 131 }, // U+1EB7
    { 0x1EB9, 132 }, // U+1EB9
    { 0x1EBB, 132 }, // U+1EBB
    { 0x1EBD, 132 }, // U+1EBD
    { 0x1EBF, 132 }, // U+1EBF
    { 0x1EC1, 132 }, // U+1EC1
    { 0x1EC3, 132 }, // U+1EC3
    { 0x1EC5, 132 }, // U+1EC5
    { 0x1EC7, 132 }, // U+1EC7
    { 0x1EC9, 133 }, // U+1EC9
    { 0x1ECB, 133 }, // U+1ECB
    { 0x1ECC, 134 }, // U+1ECC
    { 0x1ECD, 132 }, // U+1ECD
    { 0x1ECE, 134 }, // U+1ECE
    { 0x1ECF, 132 }, // U+1ECF
    { 0x1ED0, 134 }, // U+1ED0
    { 0x1ED1, 132 }, // U+1ED1
    { 0x1ED2, 134 }, // U+1ED2
    { 0x1ED3, 132 }, // U+1ED3
    { 0x1ED4, 134 }, // U+1ED4
    { 0x1ED5, 132 }, // U+1ED5
    { 0x1ED6, 134 }, // U+1ED6
    { 0x1ED7, 132 }, // U+1ED7
    { 0x1ED8, 134 }, // U+1ED8
    { 0x1ED9, 132 }, // U+1ED9
    { 0x1EDA, 134 }, // U+1EDA
    { 0x1EDB, 132 }, // U+1EDB
    { 0x1EDC, 134 }, // U+1EDC
    { 0x1EDD, 132 }, // U+1EDD
    { 0x1EDE, 134 }, // U+1EDE
    { 0x1EDF, 132 }, // U+1EDF
    { 0x1EE0, 134 }, // U+1EE0
    { 0x1EE1, 132 }, // U+1EE1
    { 0x1EE2, 134 }, // U+1EE2
    { 0x1EE3, 132 }, // U+1EE3
    { 0x1EE4, 135 }, // U+1EE4
    { 0x1EE5, 136 }, // U+1EE5
    { 0x1EE6, 135 }, // U+1EE6
    { 0x1EE7, 136 }, // U+1EE7
    { 0x1EE8, 135 }, // U+1EE8
    { 0x1EE9, 136 }, // U+1EE9
    { 0x1EEA, 135 }, // U+1EEA
    { 0x1EEB, 136 }, // U+1EEB
    { 0x1EEC, 135 }, // U+1EEC
    { 0x1EED, 136 }, // U+1EED
    { 0x1EEE, 135 }, // U+1EEE
    { 0x1EEF, 136 }, // U+1EEF
    { 0x1EF0, 135 }, // U+1EF0
    { 0x1EF1, 136 }, // U+1EF1
    { 0x1EF2, 26 }, // U+1EF2
    { 0x1EF3, 46 }, // U+1EF3
    { 0x1EF4, 137 }, // U+1EF4
    { 0x1EF5, 138 }, // U+1EF5
    { 0x1EF6, 137 }, // U+1EF6
    { 0x1EF7, 138 }, // U+1EF7
    { 0x1EF8, 137 }, // U+1EF8
    { 0x1EF9, 138 }, // U+1EF9
    { 0x2011, 139 }, // U+2011
    { 0x2012, 139 }, // U+2012
    { 0x2013, 8 }, // U+2013
    { 0x2014, 8 }, // U+2014
    { 0x2018, 140 }, // U+2018
    { 0x2019, 141 }, // U+2019
    { 0x201A, 142 }, // U+201A
    { 0x201C, 140 }, // U+201C
    { 0x201D, 141 }, // U+201D
    { 0x201E, 142 }, // U+201E
    { 0x2026, 7 }, // U+2026
    { 0x2039, 50 }, // U+2039
    { 0x203A, 51 }, // U+203A
    { 0x2047, 143 }, // U+2047
    { 0x2048, 143 }, // U+2048
    { 0x3042, 144 }, // U+3042
    { 0x3043, 145 }, // U+3043
    { 0x3044, 146 }, // U+3044
    { 0x3045, 147 }, // U+3045
    { 0x3046, 148 }, // U+3046
    { 0x3047, 149 }, // U+3047
    { 0x3049, 150 }, // U+3049
    { 0x304A, 151 }, // U+304A
    { 0x304B, 152 }, // U+304B
    { 0x304C, 153 }, // U+304C
    { 0x304D, 154 }, // U+304D
    { 0x304E, 155 }, // U+304E
    { 0x304F, 156 }, // U+304F
    { 0x3050, 157 }, // U+3050
    { 0x3053, 158 }, // U+3053
    { 0x3054, 158 }, // U+3054
    { 0x3055, 158 }, // U+3055
    { 0x3056, 158 }, // U+3056
    { 0x3059, 159 }, // U+3059
    { 0x305A, 160 }, // U+305A
    { 0x305B, 161 }, // U+305B
    { 0x305C, 161 }, // U+305C
    { 0x305D, 162 }, // U+305D
    { 0x305E, 162 }, // U+305E
    { 0x305F, 163 }, // U+305F
    { 0x3060, 164 }, // U+3060
    { 0x3061, 165 }, // U+3061
    { 0x3062, 166 }, // U+3062
    { 0x3063, 167 }, // U+3063
    { 0x3064, 168 }, // U+3064
    { 0x3065, 169 }, // U+3065
    { 0x3066, 170 }, // U+3066
    { 0x3067, 171 }, // U+3067
    { 0x3068, 172 }, // U+3068
    { 0x3069, 173 }, // U+3069
    { 0x306A, 174 }, // U+306A
    { 0x306E, 175 }, // U+306E
    { 0x306F, 176 }, // U+306F
    { 0x3070, 177 }, // U+3070
    { 0x3071, 177 }, // U+3071
    { 0x3072, 178 }, // U+3072
    { 0x3073, 178 }, // U+3073
    { 0x3074, 178 }, // U+3074
    { 0x3075, 179 }, // U+3075
    { 0x3076, 180 }, // U+3076
    { 0x3077, 181 }, // U+3077
    { 0x3078, 182 }, // U+3078
    { 0x3079, 182 }, // U+3079
    { 0x307A, 182 }, // U+307A
    { 0x307E, 183 }, // U+307E
    { 0x307F, 184 }, // U+307F
    { 0x3082, 185 }, // U+3082
    { 0x3083, 186 }, // U+3083
    { 0x3084, 187 }, // U+3084
    { 0x3085, 188 }, // U+3085
    { 0x3087, 189 }, // U+3087
    { 0x3088, 190 }, // U+3088
    { 0x308A, 191 }, // U+308A
    { 0x308B, 192 }, // U+308B
    { 0x308C, 193 }, // U+308C
    { 0x308D, 194 }, // U+308D
    { 0x3092, 177 }, // U+3092
    { 0x30A1, 195 }, // U+30A1
    { 0x30A2, 196 }, // U+30A2
    { 0x30A3, 197 }, // U+30A3
    { 0x30A4, 198 }, // U+30A4
    { 0x30A5, 195 }, // U+30A5
    { 0x30A6, 199 }, // U+30A6
    { 0x30A7, 200 }, // U+30A7
    { 0x30A8, 201 }, // U+30A8
    { 0x30A9, 202 }, // U+30A9
    { 0x30AB, 203 }, // U+30AB
    { 0x30AC, 203 }, // U+30AC
    { 0x30AF, 204 }, // U+30AF
    { 0x30B0, 205 }, // U+30B0
    { 0x30B2, 206 }, // U+30B2
    { 0x30B3, 207 }, // U+30B3
    { 0x30B4, 207 }, // U+30B4
    { 0x30B5, 208 }, // U+30B5
    { 0x30B6, 209 }, // U+30B6
    { 0x30B7, 210 }, // U+30B7
    { 0x30B8, 210 }, // U+30B8
    { 0x30B9, 211 }, // U+30B9
    { 0x30BA, 212 }, // U+30BA
    { 0x30BB, 213 }, // U+30BB
    { 0x30BC, 213 }, // U+30BC
    { 0x30BD, 214 }, // U+30BD
    { 0x30BE, 215 }, // U+30BE
    { 0x30BF, 216 }, // U+30BF
    { 0x30C0, 217 }, // U+30C0
    { 0x30C1, 213 }, // U+30C1
    { 0x30C3, 195 }, // U+30C3
    { 0x30C4, 218 }, // U+30C4
    { 0x30C5, 218 }, // U+30C5
    { 0x30C6, 219 }, // U+30C6
    { 0x30C7, 220 }, // U+30C7
    { 0x30C8, 221 }, // U+30C8
    { 0x30C9, 222 }, // U+30C9
    { 0x30CA, 223 }, // U+30CA
    { 0x30CB, 213 }, // U+30CB
    { 0x30CD, 224 }, // U+30CD
    { 0x30CE, 225 }, // U+30CE
    { 0x30CF, 226 }, // U+30CF
    { 0x30D0, 227 }, // U+30D0
    { 0x30D1, 228 }, // U+30D1
    { 0x30D5, 229 }, // U+30D5
    { 0x30D6, 230 }, // U+30D6
    { 0x30D7, 231 }, // U+30D7
    { 0x30D8, 232 }, // U+30D8
    { 0x30D9, 233 }, // U+30D9
    { 0x30DA, 234 }, // U+30DA
    { 0x30DE, 235 }, // U+30DE
    { 0x30DF, 236 }, // U+30DF
    { 0x30E0, 237 }, // U+30E0
    { 0x30E1, 238 }, // U+30E1
    { 0x30E3, 239 }, // U+30E3
    { 0x30E4, 240 }, // U+30E4
    { 0x30E5, 241 }, // U+30E5
    { 0x30E6, 242 }, // U+30E6
    { 0x30E9, 243 }, // U+30E9
    { 0x30EB, 244 }, // U+30EB
    { 0x30EC, 245 }, // U+30EC
    { 0x30F3, 246 }, // U+30F3
    { 0x30FB, 247 }, // U+30FB
    { 0x30FC, 248 }, // U+30FC
    { 0xFB00, 35 }, // U+FB00
    { 0xFB01, 35 }, // U+FB01
    { 0xFB02, 35 }, // U+FB02
    { 0xFB03, 35 }, // U+FB03
    { 0xFB04, 35 }, // U+FB04
    { 0xFF0C, 249 }, // U+FF0C
    { 0xFF0E, 250 }, // U+FF0E
};

static const int8_t ubuntu_jp_10_boldKernMatrix[] = {
       0,    0,    0,    0,    0,    0,    0,    0,    0,    0,    0,    0,  -17,    0,    0,    0,  -29,    0,    0,    0,    0,    0,    6,    6,    0,    0,    0,    0,    0,    0,    0,    0,    0,    0,    0,    0,    0,    0,    0,    0,    0,    0,    0,    0,    0,    0,    0,    0,    0,    0,    0,  -36,    0,    0,    0,    0,    0,    0,    0,    0,    0,    0,    0,    0,    0,    0,    0,    6,    0,    0,  -32,  -21,    0,  -19,  -19,    0,    0,    0,    0,   -5,    0,    4,    0,    0,   -5,    0,    0,    0,  -14,  -10,    0,    0,  -15,   -5,  -10,    0,  -11,    0,    0,  -16,    0,    0,    0,    0,    0,    0,   -6,    4,   -8,   -5,    0,    0,    0,    4,    0,    0,    0,  -10,    0,    0,    0,    0,    0,  -33,   -5,    0,   -4,    0,    0,    0,    0,    0,    0,    0,    0,    0,    0,    0,    0,    0,    0,    0,    0,    0,    0,    0,    0,    0,    0,    0,    0,    0,    0,    0,    0,    0,    0,    0,    0,    0,    0,    0,    0,    0,    0,    0,    0,    0,    0,    0,    0,    0,    0,    0,    0,    0,    0,    0,    0,    0,    0,    0,    0,    0,    0,    0,    0,    0,    0,    0,    0,    0,    0,    0,    0,    0,    0,    0,    0,    0,    0,    0,    0,    0,    0,    0,    0,    0,    0,    0,    0,    0,    0,    0,    0,    0,    0,    0,    0,    0,    0,    0,    0,    0,    0,    0,    0,    0,    0,    0,    0,    0,    0,    0,    0,    0,    0,    0,    0,    0,    0,    0,    0,    0,    0,    0,    0,    0,    0,    0,
       0,    0,    0,    0,    0,    0,    0,    0,    0,    0,    0,    0,   10,    0,   -7,   -7,    7,    0,   -7,    0,  -27,    0,  -23,  -13,    3,  -33,    0,    0,    0,    0,   -7,    0,   -7,   -7,    0,    0,    0,    0,    0,    0,    0,    0,  -12,  -10,    3,  -12,    0,    0,    0,    0,    0,    0,    0,   -7,    0,    0,    0,    0,    0,    0,    0,    0,    0,    0,    0,    0,    0,    0,    0,    0,    0,    0,    0,    0,    0,    0,    0,    0,    0,    0,    0,    0,    0,    0,    0,    0,    0,    0,    0,    0,    0,    0,    0,    0,    0,    0,    0,    0,    0,    0,    0,    0,    0,    0,    0,    0,    0,    0,    0,    0,    0,    0,    0,    0,    0,    0,    0,    0,    0,    0,    0,    0,    0,    0,    0,    0,    0,    0,    0,    0,    0,    0,    0,    0,    0,    0,    0,    0,    0,    0,    0,    0,    0,    0,    0,    0,    0,    0,    0,    0,    0,    0,    0,    0,    0,    0,    0,    0,    0,    0,    0,    0,    0,    0,    0,    0,    0,    0,    0,    0,    0,    0,    0,    0,    0,    0,    0,    0,    0,    0,    0,    0,    0,    0,    0,    0,    0,    0,    0,    0,    0,    0,    0,    0,    0,    0,    0,    0,    0,    0,    0,    0,    0,    0,    0,    0,    0,    0,    0,    0,    0,    0,    0,    0,    0,    0,    0,    0,    0,    0,    0,    0,    0,    0,    0,    0,    0,    0,    0,    0,    0,    0,    0,    0,    0,    0,    0,    0,    0,    0,    0,    0,    0,    0,    0,    0,    0,    0,    0,    0,
       0,    0,    0,  -10,   27,   -7,    0,   -3,    0,    0,    0,  -10,    0,    0,   -7,   -7,    0,    0,   -7,    0,    8,    0,   10,    9,    9,   11,    3,    0,    0,    0,   -8,    0,  -10,  -10,   -4,    0,    4,   28,   -7,   -6,    0,   -8,   -3,   -3,    0,   10,    0,    0,    0,    0,    0,    0,   -5,   -8,    4,    4,    4,  -10,    4,    4,    4,    0,    0,    0,    0,    0,    0,    8,   -7,   -4,    0,    0,    6,    0,    7,    7,    0,    0,   -7,  -10,    9,    0,    0,    0,   -8,   -4,   -5,   -5,    7,   -8,    0,    0,    0,   -3,  -10,    0,   -8,    0,   10,  -12,    0,   -7,   -5,    0,    0,   -5,    0,    6,   -6,   -6,    4,    4,   28,    6,    0,    0,  -11,  -10,    8,    0,    0,    0,   -5,    4,   -6,   -4,   -6,    0,    4,    0,    0,    0,    0,    0,    0,    0,    0,    0,    0,    0,    0,    0,    0,    0,    0,    0,    0,    0,    0,    0,    0,    0,    0,    0,    0,    0,    0,    0,    0,    0,    0,    0,    0,    0,    0,    0,    0,    0,    0,    0,    0,    0,    0,    0,    0,    0,    0,    0,    0,    0,    0,    0,    0,    0,    0,    0,    0,    0,    0,    0,    0,    0,    0,    0,    0,    0,    0,    0,    0,    0,    0,    0,    0,    0,    0,    0,    0,    0,    0,    0,    0,    0,    0,    0,    0,    0,    0,    0,    0,    0,    0,    0,    0,    0,    0,    0,    0,    0,    0,    0,    0,    0,    0,    0,    0,    0,    0,    0,    0,    0,    0,    0,    0,    0,    0,    0,    0,    0,    0,    0,
       0,    0,    0,   -8,    0,   -6,    0,    7,    0,    0,    0,   -4,   -7,    0,    0,    0,   -4,    0,    0,    0,   -6,    0,  -11,   -4,   -7,  -13,   -4,    0,    0,    0,    0,    0,    0,    0,    0,    0,    0,    0,    0,    0,    0,    0,    0,    0,   -5,    0,    0,    0,    0,    0,    0,   -7,    0,    0,    0,    0,    0,    0,    0,    0,    0,   -7,    0,    0,    0,    0,    0,   -6,    0,   -5,   -4,    0,   -7,   -7,    0,   -5,   -5,    0,    0,    0,   -7,    0,   -7,   -7,    0,    0,    0,    0,    0,    0,    0,    0,    0,    0,    0,    0,    0,    0,    0,    0,   -5,    0,    0,    0,    0,    0,    0,   -6,    0,    0,    0,    0,    0,    0,    0,    0,    0,    0,  -11,    0,    0,    0,    0,    0,    0,    0,    0,   -6,   -6,    0,    0,    0,    0,    0,    0,    0,    0,    0,    0,    0,    0,    0,    0,    0,    0,    0,    0,    0,    0,    0,    0,    0,    0,    0,    0,    0,    0,    0,    0,    0,    0,    0,    0,    0,    0,    0,    0,    0,    0,    0,    0,    0,    0,    0,    0,    0,    0,    0,    0,    0,    0,    0,    0,    0,    0,    0,    0,    0,    0,    0,    0,    0,    0,    0,    0,    0,    0,    0,    0,    0,    0,    0,    0,    0,    0,    0,    0,    0,    0,    0,    0,    0,    0,    0,    0,    0,    0,    0,    0,    0,    0,    0,    0,    0,    0,    0,    0,    0,    0,    0,    0,    0,    0,    0,    0,    0,    0,    0,    0,    0,    0,    0,    0,    0,    0,    0,    0,    0,    0,    0,
       0,    0,    0,    0,    0,    0,    0,    0,    0,    0,    0,   -6,  -27,    0,    0,    0,  -35,   -3,    0,    0,    0,    0,    0,    0,   -7,   -3,    0,    0,    0,    0,   -6,    0,  -10,  -10,    0,    0,    0,   -3,    0,   -3,    0,    0,    5,    5,    4,    5,    0,    0,    0,    0,    0,  -46,    0,   -6,    0,    0,    0,  -16,    0,    0,    0,   -4,    0,    0,    0,    0,    0,    0,    0,    0,  -35,  -25,   -4,  -27,  -24,   -6,   -5,   -3,    0,    0,   -7,    0,   -5,    0,   -6,    0,    0,    0,  -15,   -5,    0,    0,  -15,   -5,  -10,    0,   -5,    0,    0,   -6,    4,    0,    0,    0,    0,    0,   -4,    0,   -3,   -3,    0,    0,   -3,    0,    0,    0,    0,   -5,    0,    0,    0,    0,    0,  -24,   -4,   -4,    0,   -4,    0,    0,    0,    0,    0,    0,    0,    0,    0,    0,    0,    0,    0,    0,    0,    0,    0,    0,    0,    0,    0,    0,    0,    0,    0,    0,    0,    0,    0,    0,    0,    0,    0,    0,    0,    0,    0,    0,    0,    0,    0,    0,    0,    0,    0,    0,    0,    0,    0,    0,    0,    0,    0,    0,    0,    0,    0,    0,    0,    0,    0,    0,    0,    0,    0,    0,    0,    0,    0,    0,    0,    0,    0,    0,    0,    0,    0,    0,    0,    0,    0,    0,    0,    0,    0,    0,    0,    0,    0,    0,    0,    0,    0,    0,    0,    0,    0,    0,    0,    0,    0,    0,    0,    0,    0,    0,    0,    0,    0,    0,    0,    0,    0,    0,    0,    0,    0,    0,    0,    0,    0,    0,
       0,    0,    0,    0,    0,    0,    0,    0,    0,    0,    0,    0,   10,    0,  -13,  -13,   13,    0,  -13,    4,  -27,  -10,  -27,  -14,    8,  -32,    7,    0,    0,    0,  -10,    0,  -10,  -10,    0,    0,    0,    0,    0,    0,    0,    0,  -19,  -18,    7,  -19,    6,    0,    0,    0,    0,    8,    0,  -10,    0,    0,    0,   -7,    0,    0,    0,    0,    0,    0,    0,    0,    0,  -27,   -5,    4,   13,    8,    0,   10,    9,    4,    5,    0,  -13,  -13,    8,  -25,    0,    0,    0,    0,    0,    0,    9,    0,    0,    5,    9,    0,  -10,    0,    0,  -12,  -10,    0,    7,  -15,    0,   -6,    5,    0,    0,    0,    0,    0,    0,    0,    0,    0,   -5,    0,   -6,    0,  -21,  -11,    0,  -28,  -16,   10,    0,   -3,    0,    4,  -14,    0,    0,    0,    0,    0,    0,    0,    0,    0,    0,    0,    0,    0,    0,    0,    0,    0,    0,    0,    0,    0,    0,    0,    0,    0,    0,    0,    0,    0,    0,    0,    0,    0,    0,    0,    0,    0,    0,    0,    0,    0,    0,    0,    0,    0,    0,    0,    0,    0,    0,    0,    0,    0,    0,    0,    0,    0,    0,    0,    0,    0,    0,    0,    0,    0,    0,    0,    0,    0,    0,    0,    0,    0,    0,    0,    0,    0,    0,    0,    0,    0,    0,    0,    0,    0,    0,    0,    0,    0,    0,    0,    0,    0,    0,    0,    0,    0,    0,    0,    0,    0,    0,    0,    0,    0,    0,    0,    0,    0,    0,    0,    0,    0,    0,    0,    0,    0,    0,    0,    0,    0,
       0,    0,    0,    0,    0,    0,    0,    0,    0,    0,    0,    0,    0,    0,    7,    7,   -5,    0,    7,    0,  -18,    0,  -10,    0,  -11,  -22,   -3,    0,    0,    0,    5,    0,    4,    4,    7,    0,    0,    0,    0,    0,    0,    0,    0,    3,   -7,    0,    0,    0,    0,    0,    0,  -15,    0,    5,    0,    0,    0,    4,    0,    0,    0,    6,    0,    0,    0,    0,    0,  -18,    7,   -3,   -5,    0,   -8,    0,    0,  -10,    0,    0,    7,    6,  -11,    0,   -5,    0,    5,    8,    4,    4,    0,    8,   -8,    0,    0,    0,    4,    4,    8,    0,    0,    8,   -7,    7,    4,    0,    0,    4,    4,    0,   10,    0,    4,    4,    4,    0,    0,    5,    7,    8,  -15,    0,    4,    0,    9,    0,    0,    7,    8,   -5,    0,    0,    0,    0,    0,    0,    0,    0,    0,    0,    0,    0,    0,    0,    0,    0,    0,    0,    0,    0,    0,    0,    0,    0,    0,    0,    0,    0,    0,    0,    0,    0,    0,    0,    0,    0,    0,    0,    0,    0,    0,    0,    0,    0,    0,    0,    0,    0,    0,    0,    0,    0,    0,    0,    0,    0,    0,    0,    0,    0,    0,    0,    0,    0,    0,    0,    0,    0,    0,    0,    0,    0,    0,    0,    0,    0,    0,    0,    0,    0,    0,    0,    0,    0,    0,    0,    0,    0,    0,    0,    0,    0,    0,    0,    0,    0,    0,    0,    0,    0,    0,    0,    0,    0,    0,    0,    0,    0,    0,    0,    0,    0,    0,    0,    0,    0,    0,    0,    0,    0,    0,    0,
       0,    0,    0,    0,    0,    0,    0,    0,    0,    0,    0,  -12,  -22,    0,   -8,   -8,  -24,    0,   -8,    0,   14,    0,   16,   14,   11,   17,    6,    0,    0,    0,  -13,    6,  -19,  -19,    0,    6,    5,    5,  -11,  -10,    0,   -6,    0,    0,    0,    0,   -3,    0,    0,    0,    0,  -40,    0,  -13,    5,    5,    5,  -16,    5,    5,    5,    0,    0,    0,    0,    0,    0,   14,   -6,    0,  -24,  -18,    7,  -22,  -17,    9,    0,    0,   -8,   -6,   11,    4,    0,   -6,  -13,   -4,   -5,   -5,  -15,  -11,    0,    0,  -15,   -9,  -19,   -5,  -11,    0,    0,  -12,    0,    0,   -5,    0,    0,   -4,   -9,    8,   -9,  -10,    5,    5,    5,    8,    0,    0,   -6,  -11,   10,    0,    0,    0,    0,  -18,   -7,    0,   -6,    0,   -3,    0,    0,    0,    0,    0,    0,    0,    0,    0,    0,    0,    0,    0,    0,    0,    0,    0,    0,    0,    0,    0,    0,    0,    0,    0,    0,    0,    0,    0,    0,    0,    0,    0,    0,    0,    0,    0,    0,    0,    0,    0,    0,    0,    0,    0,    0,    0,    0,    0,    0,    0,    0,    0,    0,    0,    0,    0,    0,    0,    0,    0,    0,    0,    0,    0,    0,    0,    0,    0,    0,    0,    0,    0,    0,    0,    0,    0,    0,    0,    0,    0,    0,    0,    0,    0,    0,    0,    0,    0,    0,    0,    0,    0,    0,    0,    0,    0,    0,    0,    0,    0,    0,    0,    0,    0,    0,    0,    0,    0,    0,    0,    0,    0,    0,    0,    0,    0,    0,    0,    0,    0,
       0,    0,    0,    0,    0,    0,    0,    0,    0,    0,    0,    0,    6,    0,    0,    0,    8,    0,    0,    0,  -21,    0,   -4,    0,    5,  -13,    4,    0,    0,    0,    0,    0,    0,    0,    0,    0,    0,    0,    0,    0,    0,    0,    5,    5,    4,    5,    3,    0,    0,    0,    0,    5,    0,    0,    0,    0,    0,    0,    0,    0,    0,    0,    0,    0,    0,    0,    0,  -21,    0,    0,    8,    0,    0,    6,    0,    0,    0,    0,    0,    0,    5,    0,    0,    0,    0,    0,    0,    0,    0,    0,    0,    0,    5,    0,    0,    0,    0,    0,    0,    0,    4,    0,    0,    0,    0,    0,    0,    0,    0,    0,    0,    0,    0,    0,    5,    5,    0,    0,   -7,    0,    0,    5,    5,    7,    0,    0,    0,    0,    0,    0,    0,    0,    0,    0,    0,    0,    0,    0,    0,    0,    0,    0,    0,    0,    0,    0,    0,    0,    0,    0,    0,    0,    0,    0,    0,    0,    0,    0,    0,    0,    0,    0,    0,    0,    0,    0,    0,    0,    0,    0,    0,    0,    0,    0,    0,    0,    0,    0,    0,    0,    0,    0,    0,    0,    0,    0,    0,    0,    0,    0,    0,    0,    0,    0,    0,    0,    0,    0,    0,    0,    0,    0,    0,    0,    0,    0,    0,    0,    0,    0,    0,    0,    0,    0,    0,    0,    0,    0,    0,    0,    0,    0,    0,    0,    0,    0,    0,    0,    0,    0,    0,    0,    0,    0,    0,    0,    0,    0,    0,    0,    0,    0,    0,    0,    0,    0,    0,    0,    0,    0,
       0,    0,    0,    0,    0,    0,    0,    0,    0,    0,    0,    0,   -7,    0,    0,    0,   -6,    0,    0,    0,  -12,    0,  -10,   -4,   -8,  -14,   -4,    0,    0,    0,    0,    0,    0,    0,    0,    0,    0,    0,    0,    0,    0,    0,    0,    0,   -3,    0,    0,    0,    0,    0,    0,  -18,    0,    0,    0,    0,    0,    0,    0,    0,    0,   -5,    0,    0,    0,    0,    0,  -12,    0,   -4,   -6,    0,   -8,   -7,    0,  -11,   -6,    0,    0,    0,   -8,    0,   -9,   -6,    0,    0,    0,    0,    0,    0,    0,    0,    0,    0,    0,    0,    0,    0,    0,    0,   -3,    0,    0,    0,    0,    0,    0,   -5,    0,    0,    0,    0,    0,    0,    0,    0,    0,    0,  -12,    0,    0,    0,    0,   -6,    0,    0,    0,   -6,    0,    0,    0,    0,    0,    0,    0,    0,    0,    0,    0,    0,    0,    0,    0,    0,    0,    0,    0,    0,    0,    0,    0,    0,    0,    0,    0,    0,    0,    0,    0,    0,    0,    0,    0,    0,    0,    0,    0,    0,    0,    0,    0,    0,    0,    0,    0,    0,    0,    0,    0,    0,    0,    0,    0,    0,    0,    0,    0,    0,    0,    0,    0,    0,    0,    0,    0,    0,    0,    0,    0,    0,    0,    0,    0,    0,    0,    0,    0,    0,    0,    0,    0,    0,    0,    0,    0,    0,    0,    0,    0,    0,    0,    0,    0,    0,    0,    0,    0,    0,    0,    0,    0,    0,    0,    0,    0,    0,    0,    0,    0,    0,    0,    0,    0,    0,    0,    0,    0,    0,    0,    0,
       0,  -17,    0,   -6,    0,  -27,   10,    0,    8,    6,  -11,    0,   12,    0,   -8,   -8,   11,    0,   -8,    6,  -27,   -7,  -22,  -13,   12,  -33,    8,    0,  -27,   -9,   -4,    0,   -4,   -4,    0,    0,    0,    0,    0,    3,    0,    0,  -12,   -9,    8,  -12,    5,   -3,    0,   -5,    4,    7,    0,   -4,    0,    0,    0,   -5,    0,    0,    0,    0,    0,    0,    0,  -15,    0,    0,    0,    0,    0,    0,    0,    0,    0,    0,    0,    0,    0,    0,    0,    0,    0,    0,    0,    0,    0,    0,    0,    0,    0,    0,    0,    0,    0,    0,    0,    0,    0,    0,    0,    0,    0,    0,    0,    0,    0,    0,    0,    0,    0,    0,    0,    0,    0,    0,    0,    0,    0,    0,    0,    0,    0,    0,    0,    0,    0,    0,    0,    0,    0,    0,    0,    0,    0,    0,    0,    0,    0,  -25,  -22,   14,    0,    0,    0,    0,    0,    0,    0,    0,    0,    0,    0,    0,    0,    0,    0,    0,    0,    0,    0,    0,    0,    0,    0,    0,    0,    0,    0,    0,    0,    0,    0,    0,    0,    0,    0,    0,    0,    0,    0,    0,    0,    0,    0,    0,    0,    0,    0,    0,    0,    0,    0,    0,    0,    0,    0,    0,    0,    0,    0,    0,    0,    0,    0,    0,    0,    0,    0,    0,    0,    0,    0,    0,    0,    0,    0,    0,    0,    0,    0,    0,    0,    0,    0,    0,    0,    0,    0,    0,    0,    0,    0,    0,    0,    0,    0,    0,    0,    0,    0,    0,    0,    0,    0,    0,    0,    0,    0,    0,
       0,    0,    0,    0,   -4,   -4,    0,    4,  -10,    4,   -7,    0,   -3,    0,    0,    0,    0,    0,    0,    0,   -6,    0,  -10,   -3,   -7,  -11,    0,    0,   -7,   -8,    0,    0,    0,    0,    0,    0,    0,    0,    0,    0,    0,    0,   -3,    0,   -3,   -3,   -3,    0,   -3,    3,    4,   -9,    0,    0,    0,    0,    0,    0,    0,    0,    0,    0,    0,    0,    0,   -5,    0,    0,    0,    0,    0,    0,    0,    0,    0,    0,    0,    0,    0,    0,    0,    0,    0,    0,    0,    0,    0,    0,    0,    0,    0,    0,    0,    0,    0,    0,    0,    0,    0,    0,    0,    0,    0,    0,    0,    0,    0,    0,    0,    0,    0,    0,    0,    0,    0,    0,    0,    0,    0,    0,    0,    0,    0,    0,    0,    0,    0,    0,    0,    0,    0,    0,    0,    0,    0,    0,    0,    0,    0,    0,    0,    4,    0,    0,    0,    0,    0,    0,    0,    0,    0,    0,    0,    0,    0,    0,    0,    0,    0,    0,    0,    0,    0,    0,    0,    0,    0,    0,    0,    0,    0,    0,    0,    0,    0,    0,    0,    0,    0,    0,    0,    0,    0,    0,    0,    0,    0,    0,    0,    0,    0,    0,    0,    0,    0,    0,    0,    0,    0,    0,    0,    0,    0,    0,    0,    0,    0,    0,    0,    0,    0,    0,    0,    0,    0,    0,    0,    0,    0,    0,    0,    0,    0,    0,    0,    0,    0,    0,    0,    0,    0,    0,    0,    0,    0,    0,    0,    0,    0,    0,    0,    0,    0,    0,    0,    0,    0,    0,    0,    0,
       0,    0,    3,   -4,    5,   -3,    8,   -4,    4,    6,    5,    0,    9,    0,   -8,   -8,   10,    0,   -8,    6,    7,    0,    7,    6,    9,    8,    6,    0,    7,    9,    3,    0,   -4,   -4,    0,    0,    0,    0,    0,    2,    0,   -4,    0,    0,    8,    0,    5,    0,    0,   -8,    5,    9,    0,    3,    0,    0,    0,   -3,    0,    0,    0,    0,    0,    0,    0,    0,    0,    0,    0,    0,    0,    0,    0,    0,    0,    0,    0,    0,    0,    0,    0,    0,    0,    0,    0,    0,    0,    0,    0,    0,    0,    0,    0,    0,    0,    0,    0,    0,    0,    0,    0,    0,    0,    0,    0,    0,    0,    0,    0,    0,    0,    0,    0,    0,    0,    0,    0,    0,    0,    0,    0,    0,    0,    0,    0,    0,    0,    0,    0,    0,    0,    0,    0,    0,    0,    0,    0,    0,    0,    7,   12,   13,    0,    0,    0,    0,    0,    0,    0,    0,    0,    0,    0,    0,    0,    0,    0,    0,    0,    0,    0,    0,    0,    0,    0,    0,    0,    0,    0,    0,    0,    0,    0,    0,    0,    0,    0,    0,    0,    0,    0,    0,    0,    0,    0,    0,    0,    0,    0,    0,    0,    0,    0,    0,    0,    0,    0,    0,    0,    0,    0,    0,    0,    0,    0,    0,    0,    0,    0,    0,    0,    0,    0,    0,    0,    0,    0,    0,    0,    0,    0,    0,    0,    0,    0,    0,    0,    0,    0,    0,    0,    0,    0,    0,    0,    0,    0,    0,    0,    0,    0,    0,    0,    0,    0,    0,    0,    0,    0,    0,
       0,    0,    0,    0,   -7,    0,  -13,    7,  -17,    0,   -6,    0,   -8,    0,    0,    0,   -8,    0,    0,    0,   -8,    0,   -8,   -3,  -13,  -15,   -3,    0,    0,   -7,    0,    0,    0,    0,    0,    0,    0,    0,    0,    0,    0,    0,    0,    0,    0,    0,    0,    0,   -5,    3,    0,  -20,    0,    0,    0,    0,    0,    0,    0,    0,    0,    0,    0,    0,   -5,   -7,    0,    0,    0,    0,    0,    0,    0,    0,    0,    0,    0,    0,    0,    0,    0,    0,    0,    0,    0,    0,    0,    0,    0,    0,    0,    0,    0,    0,    0,    0,    0,    0,    0,    0,    0,    0,    0,    0,    0,    0,    0,    0,    0,    0,    0,    0,    0,    0,    0,    0,    0,    0,    0,    0,    0,    0,    0,    0,    0,    0,    0,    0,    0,    0,    0,    0,    0,    0,    0,    0,    0,    0,    0,    0,    3,   -4,    0,    0,    0,    0,    0,    0,    0,    0,    0,    0,    0,    0,    0,    0,    0,    0,    0,    0,    0,    0,    0,    0,    0,    0,    0,    0,    0,    0,    0,    0,    0,    0,    0,    0,    0,    0,    0,    0,    0,    0,    0,    0,    0,    0,    0,    0,    0,    0,    0,    0,    0,    0,    0,    0,    0,    0,    0,    0,    0,    0,    0,    0,    0,    0,    0,    0,    0,    0,    0,    0,    0,    0,    0,    0,    0,    0,    0,    0,    0,    0,    0,    0,    0,    0,    0,    0,    0,    0,    0,    0,    0,    0,    0,    0,    0,    0,    0,    0,    0,    0,    0,    0,    0,    0,    0,    0,    0,    0,
       0,    0,    0,    0,    0,    0,    0,    0,    0,    0,    0,    0,    0,    0,    0,    0,    8,    0,   -6,    0,    0,    0,    4,    0,    7,    3,    4,    0,    0,    0,   -4,    0,   -4,   -4,    0,    0,    0,    0,    0,    0,    0,    0,    0,    0,    7,    0,    0,    0,    0,    0,    4,    6,    0,   -4,    0,    0,    0,   -3,    0,    0,    0,    3,    0,    0,    0,    0,    0,    0,    0,    0,    0,    0,    0,    0,    0,    0,    0,    0,    0,    0,    0,    0,    0,    0,    0,    0,    0,    0,    0,    0,    0,    0,    0,    0,    0,    0,    0,    0,    0,    0,    0,    0,    0,    0,    0,    0,    0,    0,    0,    0,    0,    0,    0,    0,    0,    0,    0,    0,    0,    0,    0,    0,    0,    0,    0,    0,    0,    0,    0,    0,    0,    0,    0,    0,    0,    0,    0,    0,    0,    4,    6,   13,    0,    0,    0,    0,    0,    0,    0,    0,    0,    0,    0,    0,    0,    0,    0,    0,    0,    0,    0,    0,    0,    0,    0,    0,    0,    0,    0,    0,    0,    0,    0,    0,    0,    0,    0,    0,    0,    0,    0,    0,    0,    0,    0,    0,    0,    0,    0,    0,    0,    0,    0,    0,    0,    0,    0,    0,    0,    0,    0,    0,    0,    0,    0,    0,    0,    0,    0,    0,    0,    0,    0,    0,    0,    0,    0,    0,    0,    0,    0,    0,    0,    0,    0,    0,    0,    0,    0,    0,    0,    0,    0,    0,    0,    0,    0,    0,    0,    0,    0,    0,    0,    0,    0,    0,    0,    0,    0,    0,
       0,    0,   -7,   -5,    7,    0,  -21,    5,  -26,    0,    7,   -3,  -16,    0,   -3,   -3,  -25,   -3,   -3,    0,    7,    0,    9,    7,    4,    9,    0,    0,   10,    9,   -8,    0,   -3,   -3,    0,    0,    0,    0,   -7,   -4,    0,   -7,    0,    0,   -3,    0,   -7,    0,    0,    0,   -4,  -39,    0,   -8,    0,    0,    0,   -3,    0,    0,    0,    0,    0,    0,    0,    0,    0,    0,    0,    0,    0,    0,    0,    0,    0,    0,    0,    0,    0,    0,    0,    0,    0,    0,    0,    0,    0,    0,    0,    0,    0,    0,    0,    0,    0,    0,    0,    0,    0,    0,    0,    0,    0,    0,    0,    0,    0,    0,    0,    0,    0,    0,    0,    0,    0,    0,    0,    0,    0,    0,    0,    0,    0,    0,    0,    0,    0,    0,    0,    0,    0,    0,    0,    0,    0,    0,    0,    0,    0,   13,   12,  -21,    0,    0,    0,    0,    0,    0,    0,    0,    0,    0,    0,    0,    0,    0,    0,    0,    0,    0,    0,    0,    0,    0,    0,    0,    0,    0,    0,    0,    0,    0,    0,    0,    0,    0,    0,    0,    0,    0,    0,    0,    0,    0,    0,    0,    0,    0,    0,    0,    0,    0,    0,    0,    0,    0,    0,    0,    0,    0,    0,    0,    0,    0,    0,    0,    0,    0,    0,    0,    0,    0,    0,    0,    0,    0,    0,    0,    0,    0,    0,    0,    0,    0,    0,    0,    0,    0,    0,    0,    0,    0,    0,    0,    0,    0,    0,    0,    0,    0,    0,    0,    0,    0,    0,    0,    0,    0,    0,    0,
       0,    0,    0,    0,    0,   -9,    7,    6,    0,    3,    0,    0,    0,    0,    0,    0,    0,    0,    0,    0,   -3,    0,   -7,   -7,    0,   -7,    0,    0,    0,    0,    0,    0,    0,    0,    0,    0,    0,    0,    0,    0,    0,    0,   -4,    0,    0,   -4,    0,    0,    0,    0,    0,    0,    0,    0,    0,    0,    0,    0,    0,    0,    0,    0,    0,    0,    0,    0,    0,    0,    0,    0,    0,    0,    0,    0,    0,    0,    0,    0,    0,    0,    0,    0,    0,    0,    0,    0,    0,    0,    0,    0,    0,    0,    0,    0,    0,    0,    0,    0,    0,    0,    0,    0,    0,    0,    0,    0,    0,    0,    0,    0,    0,    0,    0,    0,    0,    0,    0,    0,    0,    0,    0,    0,    0,    0,    0,    0,    0,    0,    0,    0,    0,    0,    0,    0,    0,    0,    0,    0,    0,   -3,    0,    8,    0,    0,    0,    0,    0,    0,    0,    0,    0,    0,    0,    0,    0,    0,    0,    0,    0,    0,    0,    0,    0,    0,    0,    0,    0,    0,    0,    0,    0,    0,    0,    0,    0,    0,    0,    0,    0,    0,    0,    0,    0,    0,    0,    0,    0,    0,    0,    0,    0,    0,    0,    0,    0,    0,    0,    0,    0,    0,    0,    0,    0,    0,    0,    0,    0,    0,    0,    0,    0,    0,    0,    0,    0,    0,    0,    0,    0,    0,    0,    0,    0,    0,    0,    0,    0,    0,    0,    0,    0,    0,    0,    0,    0,    0,    0,    0,    0,    0,    0,    0,    0,    0,    0,    0,    0,    0,    0,    0,
       0,    0,    0,    0,    0,    0,    0,    0,   -3,    0,    0,    0,    0,    0,    0,    0,    0,    0,    0,    0,    0,    0,    0,    0,    0,    0,    0,    0,    0,    0,    0,    0,    0,    0,    0,    0,    0,    0,    0,    0,    0,    0,    0,    0,    0,    0,    0,    0,    0,    0,    0,    0,    0,    0,    0,    0,    0,    0,    0,    0,    0,    0,    0,    0,    0,    0,    0,    0,    0,    0,    0,    0,    0,    0,    0,    0,    0,    0,    0,    0,    0,    0,    0,    0,    0,    0,    0,    0,    0,    0,    0,    0,    0,    0,    0,    0,    0,    0,    0,    0,    0,    0,    0,    0,    0,    0,    0,    0,    0,    0,    0,    0,    0,    0,    0,    0,    0,    0,    0,    0,    0,    0,    0,    0,    0,    0,    0,    0,    0,    0,    0,    0,    0,    0,    0,    0,    0,    0,    0,    0,    0,    0,    0,    0,    0,    0,    0,    0,    0,    0,    0,    0,    0,    0,    0,    0,    0,    0,    0,    0,    0,    0,    0,    0,    0,    0,    0,    0,    0,    0,    0,    0,    0,    0,    0,    0,    0,    0,    0,    0,    0,    0,    0,    0,    0,    0,    0,    0,    0,    0,    0,    0,    0,    0,    0,    0,    0,    0,    0,    0,    0,    0,    0,    0,    0,    0,    0,    0,    0,    0,    0,    0,    0,    0,    0,    0,    0,    0,    0,    0,    0,    0,    0,    0,    0,    0,    0,    0,    0,    0,    0,    0,    0,    0,    0,    0,    0,    0,    0,    0,    0,    0,    0,    0,    0,    0,    0,    0,    0,    0,
       0,    0,    0,    0,    0,    0,    0,    0,  -10,    0,    0,    0,   -6,    0,    0,    0,   -4,    0,    0,    0,    0,    0,    0,    0,    0,    0,    0,    0,    3,    0,    0,    0,    0,    0,    0,    0,    0,    0,    0,    0,    0,    0,    0,    0,    0,    0,    0,    0,    0,    0,    3,  -13,    0,    0,    0,    0,    0,    0,    0,    0,    0,    0,    0,    0,    0,    0,    0,    0,    0,    0,    0,    0,    0,    0,    0,    0,    0,    0,    0,    0,    0,    0,    0,    0,    0,    0,    0,    0,    0,    0,    0,    0,    0,    0,    0,    0,    0,    0,    0,    0,    0,    0,    0,    0,    0,    0,    0,    0,    0,    0,    0,    0,    0,    0,    0,    0,    0,    0,    0,    0,    0,    0,    0,    0,    0,    0,    0,    0,    0,    0,    0,    0,    0,    0,    0,    0,    0,    0,    0,    5,    5,    0,    0,    0,    0,    0,    0,    0,    0,    0,    0,    0,    0,    0,    0,    0,    0,    0,    0,    0,    0,    0,    0,    0,    0,    0,    0,    0,    0,    0,    0,    0,    0,    0,    0,    0,    0,    0,    0,    0,    0,    0,    0,    0,    0,    0,    0,    0,    0,    0,    0,    0,    0,    0,    0,    0,    0,    0,    0,    0,    0,    0,    0,    0,    0,    0,    0,    0,    0,    0,    0,    0,    0,    0,    0,    0,    0,    0,    0,    0,    0,    0,    0,    0,    0,    0,    0,    0,    0,    0,    0,    0,    0,    0,    0,    0,    0,    0,    0,    0,    0,    0,    0,    0,    0,    0,    0,    0,    0,    0,
       0,    0,   -7,   -6,    8,  -13,   10,  -17,    8,    3,    0,   -5,    8,    0,  -18,  -18,    7,    0,  -18,    0,    8,    0,    6,    4,   12,    6,    8,    0,    7,    9,   -3,    0,  -13,  -13,    0,    0,    0,    0,    0,    3,   -3,  -11,  -15,  -15,   11,  -15,    7,   -4,    0,  -17,    0,    9,    0,   -3,    0,    0,   14,  -11,   12,   10,    3,    0,    0,   -6,    0,    0,    0,    0,    0,    0,    0,    0,    0,    0,    0,    0,    0,    0,    0,    0,    0,    0,    0,    0,    0,    0,    0,    0,    0,    0,    0,    0,    0,    0,    0,    0,    0,    0,    0,    0,    0,    0,    0,    0,    0,    0,    0,    0,    0,    0,    0,    0,    0,    0,    0,    0,    0,    0,    0,    0,    0,    0,    0,    0,    0,    0,    0,    0,    0,    0,    0,    0,    0,    0,    0,    0,    0,    0,    0,    0,    0,   10,    0,    0,    0,    0,    0,    0,    0,    0,    0,    0,    0,    0,    0,    0,    0,    0,    0,    0,    0,    0,    0,    0,    0,    0,    0,    0,    0,    0,    0,    0,    0,    0,    0,    0,    0,    0,    0,    0,    0,    0,    0,    0,    0,    0,    0,    0,    0,    0,    0,    0,    0,    0,    0,    0,    0,    0,    0,    0,    0,    0,    0,    0,    0,    0,    0,    0,    0,    0,    0,    0,    0,    0,    0,    0,    0,    0,    0,    0,    0,    0,    0,    0,    0,    0,    0,    0,    0,    0,    0,    0,    0,    0,    0,    0,    0,    0,    0,    0,    0,    0,    0,    0,    0,    0,    0,    0,    0,    0,
       3,  -32,    3,    0,    0,  -34,   13,   -7,    6,    8,  -12,    0,   10,    0,   -7,   -7,   10,    3,   -7,    6,  -26,   -3,  -28,  -17,   10,  -33,    6,    0,  -27,  -11,    4,    0,    0,    0,    0,    0,    0,    0,    0,    3,    0,    0,  -16,  -10,   10,  -16,    5,   -5,   -4,   -6,    7,   10,    0,    4,    0,    0,    0,    0,    0,    0,    0,    0,    0,    0,    0,  -17,    0,    0,    0,    0,    0,    0,    0,    0,    0,    0,    0,    0,    0,    0,    0,    0,    0,    0,    0,    0,    0,    0,    0,    0,    0,    0,    0,    0,    0,    0,    0,    0,    0,    0,    0,    0,    0,    0,    0,    0,    0,    0,    0,    0,    0,    0,    0,    0,    0,    0,    0,    0,    0,    0,    0,    0,    0,    0,    0,    0,    0,    0,    0,    0,    0,    0,    0,    0,    0,    0,    0,    0,    0,  -21,  -18,   16,    0,    0,    0,    0,    0,    0,    0,    0,    0,    0,    0,    0,    0,    0,    0,    0,    0,    0,    0,    0,    0,    0,    0,    0,    0,    0,    0,    0,    0,    0,    0,    0,    0,    0,    0,    0,    0,    0,    0,    0,    0,    0,    0,    0,    0,    0,    0,    0,    0,    0,    0,    0,    0,    0,    0,    0,    0,    0,    0,    0,    0,    0,    0,    0,    0,    0,    0,    0,    0,    0,    0,    0,    0,    0,    0,    0,    0,    0,    0,    0,    0,    0,    0,    0,    0,    0,    0,    0,    0,    0,    0,    0,    0,    0,    0,    0,    0,    0,    0,    0,    0,    0,    0,    0,    0,    0,    0,    0,
       0,    0,    0,    0,    0,   -3,    0,    0,   -3,    0,   -5,    0,    0,    0,    0,    0,    0,    0,    0,    0,   -3,    0,   -3,    0,    0,   -5,    0,    0,   -7,    0,    0,    0,    0,    0,    0,    0,    0,    0,    0,    0,    0,    0,    0,    0,    0,    0,    0,    0,    0,    0,    0,    0,    0,    0,    0,    0,    0,    0,    0,    0,    0,    0,    0,    0,    0,    0,    0,    0,    0,    0,    0,    0,    0,    0,    0,    0,    0,    0,    0,    0,    0,    0,    0,    0,    0,    0,    0,    0,    0,    0,    0,    0,    0,    0,    0,    0,    0,    0,    0,    0,    0,    0,    0,    0,    0,    0,    0,    0,    0,    0,    0,    0,    0,    0,    0,    0,    0,    0,    0,    0,    0,    0,    0,    0,    0,    0,    0,    0,    0,    0,    0,    0,    0,    0,    0,    0,    0,    0,    0,   -7,   -5,    0,    0,    0,    0,    0,    0,    0,    0,    0,    0,    0,    0,    0,    0,    0,    0,    0,    0,    0,    0,    0,    0,    0,    0,    0,    0,    0,    0,    0,    0,    0,    0,    0,    0,    0,    0,    0,    0,    0,    0,    0,    0,    0,    0,    0,    0,    0,    0,    0,    0,    0,    0,    0,    0,    0,    0,    0,    0,    0,    0,    0,    0,    0,    0,    0,    0,    0,    0,    0,    0,    0,    0,    0,    0,    0,    0,    0,    0,    0,    0,    0,    0,    0,    0,    0,    0,    0,    0,    0,    0,    0,    0,    0,    0,    0,    0,    0,    0,    0,    0,    0,    0,    0,    0,    0,    0,    0,    0,    0,
       0,    0,    0,    0,   -7,    0,  -13,    7,  -17,    0,   -6,    0,   -8,    0,    0,    0,   -8,    0,    0,    0,   -8,    0,   -8,   -3,  -13,  -15,   -3,    0,    0,   -7,    0,    0,    0,    0,    0,    0,    0,    0,    0,    0,    0,    0,    0,    0,    0,    0,    0,    0,   -4,    3,    0,  -20,    0,    0,    0,    0,    0,    0,    0,    0,    0,    0,    0,    0,   -4,   -7,    0,    0,    0,    0,    0,    0,    0,    0,    0,    0,    0,    0,    0,    0,    0,    0,    0,    0,    0,    0,    0,    0,    0,    0,    0,    0,    0,    0,    0,    0,    0,    0,    0,    0,    0,    0,    0,    0,    0,    0,    0,    0,    0,    0,    0,    0,    0,    0,    0,    0,    0,    0,    0,    0,    0,    0,    0,    0,    0,    0,    0,    0,    0,    0,    0,    0,    0,    0,    0,    0,    0,    0,    0,    0,    3,   -4,    0,    0,    0,    0,    0,    0,    0,    0,    0,    0,    0,    0,    0,    0,    0,    0,    0,    0,    0,    0,    0,    0,    0,    0,    0,    0,    0,    0,    0,    0,    0,    0,    0,    0,    0,    0,    0,    0,    0,    0,    0,    0,    0,    0,    0,    0,    0,    0,    0,    0,    0,    0,    0,    0,    0,    0,    0,    0,    0,    0,    0,    0,    0,    0,    0,    0,    0,    0,    0,    0,    0,    0,    0,    0,    0,    0,    0,    0,    0,    0,    0,    0,    0,    0,    0,    0,    0,    0,    0,    0,    0,    0,    0,    0,    0,    0,    0,    0,    0,    0,    0,    0,    0,    0,    0,    0,    0,    0,
       0,    0,   -7,    0,   -3,    0,  -35,    0,  -26,    4,    0,    0,  -23,    0,    0,    0,  -30,    0,    0,    0,    4,    0,    0,    0,   -7,   -3,    0,   -5,    0,   -4,   -7,    0,   -5,   -5,    0,    0,    0,    0,    0,    0,    0,    0,    7,    7,    4,    7,    0,    0,   -3,   -3,    4,  -42,    0,   -7,    0,    0,    0,   -8,    0,    0,    0,    0,    0,    0,    0,    0,    0,    0,    0,    0,    0,    0,    0,    0,    0,    0,    0,    0,    0,    0,    0,    0,    0,    0,    0,    0,    0,    0,    0,    0,    0,    0,    0,    0,    0,    0,    0,    0,    0,    0,    0,    0,    0,    0,    0,    0,    0,    0,    0,    0,    0,    0,    0,    0,    0,    0,    0,    0,    0,    0,    0,    0,    0,    0,    0,    0,    0,    0,    0,    0,    0,    0,    0,    0,    0,    0,    0,    0,    0,   10,   10,  -31,    0,    0,    0,    0,    0,    0,    0,    0,    0,    0,    0,    0,    0,    0,    0,    0,    0,    0,    0,    0,    0,    0,    0,    0,    0,    0,    0,    0,    0,    0,    0,    0,    0,    0,    0,    0,    0,    0,    0,    0,    0,    0,    0,    0,    0,    0,    0,    0,    0,    0,    0,    0,    0,    0,    0,    0,    0,    0,    0,    0,    0,    0,    0,    0,    0,    0,    0,    0,    0,    0,    0,    0,    0,    0,    0,    0,    0,    0,    0,    0,    0,    0,    0,    0,    0,    0,    0,    0,    0,    0,    0,    0,    0,    0,    0,    0,    0,    0,    0,    0,    0,    0,    0,    0,    0,    0,    0,    0,
       0,    0,    0,    0,   -7,    0,  -13,    7,  -17,    0,   -6,    0,   -8,    0,    0,    0,   -8,    0,    0,    0,   -8,    0,   -8,   -3,  -13,  -15,   -3,    0,    0,   -7,    0,    0,    0,    0,    0,    0,    0,    5,    0,    0,    0,    0,    0,    0,    0,    0,    0,    0,    0,    3,    0,  -20,    0,    0,    0,    0,    0,    0,    0,    0,    0,    0,    0,    0,   -4,    0,    0,    0,    0,    0,    0,    0,    0,    0,    0,    0,    0,    0,    0,    0,    0,    0,    0,    0,    0,    0,    0,    0,    0,    0,    0,    0,    0,    0,    0,    0,    0,    0,    0,    0,    0,    0,    0,    0,    0,    0,    0,    0,    0,    0,    0,    0,    0,    0,    0,    0,    0,    0,    0,    0,    0,    0,    0,    0,    0,    0,    0,    0,    0,    0,    0,    0,    0,    0,    0,    0,    0,    0,    0,    0,    3,   -4,    0,    0,    0,    0,    0,    0,    0,    0,    0,    0,    0,    0,    0,    0,    0,    0,    0,    0,    0,    0,    0,    0,    0,    0,    0,    0,    0,    0,    0,    0,    0,    0,    0,    0,    0,    0,    0,    0,    0,    0,    0,    0,    0,    0,    0,    0,    0,    0,    0,    0,    0,    0,    0,    0,    0,    0,    0,    0,    0,    0,    0,    0,    0,    0,    0,    0,    0,    0,    0,    0,    0,    0,    0,    0,    0,    0,    0,    0,    0,    0,    0,    0,    0,    0,    0,    0,    0,    0,    0,    0,    0,    0,    0,    0,    0,    0,    0,    0,    0,    0,    0,    0,    0,    0,    0,    0,    0,    0,
       0,    0,    0,    0,    0,   -3,    8,   -7,    6,    4,   -5,   -3,   10,    0,   -6,   -6,    9,    0,   -6,    0,   -3,   -3,   -5,    0,    7,  -11,    6,    0,   -3,   -8,   -8,    0,   -8,   -8,    0,    0,    0,    0,    0,    0,   -3,   -3,    0,    0,    6,    0,    3,    0,    0,   -7,    0,    7,    0,   -8,    0,    0,    0,   -9,    0,    0,    0,    0,    0,    0,    0,    0,    0,    0,    0,    0,    0,    0,    0,    0,    0,    0,    0,    0,    0,    0,    0,    0,    0,    0,    0,    0,    0,    0,    0,    0,    0,    0,    0,    0,    0,    0,    0,    0,    0,    0,    0,    0,    0,    0,    0,    0,    0,    0,    0,    0,    0,    0,    0,    0,    0,    0,    0,    0,    0,    0,    0,    0,    0,    0,    0,    0,    0,    0,    0,    0,    0,    0,    0,    0,    0,    0,    0,    0,    0,    4,    4,   11,    0,    0,    0,    0,    0,    0,    0,    0,    0,    0,    0,    0,    0,    0,    0,    0,    0,    0,    0,    0,    0,    0,    0,    0,    0,    0,    0,    0,    0,    0,    0,    0,    0,    0,    0,    0,    0,    0,    0,    0,    0,    0,    0,    0,    0,    0,    0,    0,    0,    0,    0,    0,    0,    0,    0,    0,    0,    0,    0,    0,    0,    0,    0,    0,    0,    0,    0,    0,    0,    0,    0,    0,    0,    0,    0,    0,    0,    0,    0,    0,    0,    0,    0,    0,    0,    0,    0,    0,    0,    0,    0,    0,    0,    0,    0,    0,    0,    0,    0,    0,    0,    0,    0,    0,    0,    0,    0,    0,
       0,    0,    0,    0,   -3,  -12,    3,    9,   -5,    0,   -3,    0,    0,    0,    0,    0,    0,    0,    0,    0,   -7,    0,   -3,   -3,    0,   -3,    0,    0,    0,    0,    4,    0,    0,    0,    0,    0,    0,    0,    0,    0,    0,    0,   -5,   -4,   -4,   -5,    0,    0,    0,    5,    0,   -7,    0,    4,    0,    0,    0,    0,    0,    0,    0,    0,    0,    0,    0,    0,    0,    0,    0,    0,    0,    0,    0,    0,    0,    0,    0,    0,    0,    0,    0,    0,    0,    0,    0,    0,    0,    0,    0,    0,    0,    0,    0,    0,    0,    0,    0,    0,    0,    0,    0,    0,    0,    0,    0,    0,    0,    0,    0,    0,    0,    0,    0,    0,    0,    0,    0,    0,    0,    0,    0,    0,    0,    0,    0,    0,    0,    0,    0,    0,    0,    0,    0,    0,    0,    0,    0,    0,    0,   -7,    0,    6,    0,    0,    0,    0,    0,    0,    0,    0,    0,    0,    0,    0,    0,    0,    0,    0,    0,    0,    0,    0,    0,    0,    0,    0,    0,    0,    0,    0,    0,    0,    0,    0,    0,    0,    0,    0,    0,    0,    0,    0,    0,    0,    0,    0,    0,    0,    0,    0,    0,    0,    0,    0,    0,    0,    0,    0,    0,    0,    0,    0,    0,    0,    0,    0,    0,    0,    0,    0,    0,    0,    0,    0,    0,    0,    0,    0,    0,    0,    0,    0,    0,    0,    0,    0,    0,    0,    0,    0,    0,    0,    0,    0,    0,    0,    0,    0,    0,    0,    0,    0,    0,    0,    0,    0,    0,    0,    0,    0,
       0,    0,   -7,   -6,    8,    0,  -27,  -18,  -33,  -20,    9,  -12,  -27,    0,   -8,   -8,  -28,   -3,   -8,    0,    9,    0,   10,    9,    9,   11,    3,    0,   13,   10,  -25,    0,  -25,  -25,    0,    0,    0,    0,  -23,  -24,    0,  -23,  -25,  -25,  -25,  -25,  -24,   -6,    0,  -25,  -22,  -38,    0,  -25,   -3,    9,   15,  -31,   15,   11,   10,    0,  -18,  -20,    0,    0,    0,    0,    0,    0,    0,    0,    0,    0,    0,    0,    0,    0,    0,    0,    0,    0,    0,    0,    0,    0,    0,    0,    0,    0,    0,    0,    0,    0,    0,    0,    0,    0,    0,    0,    0,    0,    0,    0,    0,    0,    0,    0,    0,    0,    0,    0,    0,    0,    0,    0,    0,    0,    0,    0,    0,    0,    0,    0,    0,    0,    0,    0,    0,    0,    0,    0,    0,    0,    0,    0,    0,    0,    0,    9,    7,  -18,    0,    0,    0,    0,    0,    0,    0,    0,    0,    0,    0,    0,    0,    0,    0,    0,    0,    0,    0,    0,    0,    0,    0,    0,    0,    0,    0,    0,    0,    0,    0,    0,    0,    0,    0,    0,    0,    0,    0,    0,    0,    0,    0,    0,    0,    0,    0,    0,    0,    0,    0,    0,    0,    0,    0,    0,    0,    0,    0,    0,    0,    0,    0,    0,    0,    0,    0,    0,    0,    0,    0,    0,    0,    0,    0,    0,    0,    0,    0,    0,    0,    0,    0,    0,    0,    0,    0,    0,    0,    0,    0,    0,    0,    0,    0,    0,    0,    0,    0,    0,    0,    0,    0,    0,    0,    0,    0,    0,
       0,    0,    0,    0,    0,    0,  -10,    0,  -18,    3,    0,    0,   -7,    0,    0,    0,   -6,    0,    0,    0,    0,    0,    0,    0,    0,    0,    0,    0,    3,    0,    0,    0,    0,    0,    0,    0,    0,    0,    0,    0,    0,    0,    0,    0,    0,    0,    0,    0,    0,    0,    0,  -18,    0,    0,    0,    0,    0,    0,    0,    0,    0,    0,    0,    0,    0,    0,    0,    0,    0,    0,    0,    0,    0,    0,    0,    0,    0,    0,    0,    0,    0,    0,    0,    0,    0,    0,    0,    0,    0,    0,    0,    0,    0,    0,    0,    0,    0,    0,    0,    0,    0,    0,    0,    0,    0,    0,    0,    0,    0,    0,    0,    0,    0,    0,    0,    0,    0,    0,    0,    0,    0,    0,    0,    0,    0,    0,    0,    0,    0,    0,    0,    0,    0,    0,    0,    0,    0,    0,    0,    2,    8,    0,    0,    0,    0,    0,    0,    0,    0,    0,    0,    0,    0,    0,    0,    0,    0,    0,    0,    0,    0,    0,    0,    0,    0,    0,    0,    0,    0,    0,    0,    0,    0,    0,    0,    0,    0,    0,    0,    0,    0,    0,    0,    0,    0,    0,    0,    0,    0,    0,    0,    0,    0,    0,    0,    0,    0,    0,    0,    0,    0,    0,    0,    0,    0,    0,    0,    0,    0,    0,    0,    0,    0,    0,    0,    0,    0,    0,    0,    0,    0,    0,    0,    0,    0,    0,    0,    0,    0,    0,    0,    0,    0,    0,    0,    0,    0,    0,    0,    0,    0,    0,    0,    0,    0,    0,    0,    0,    0,    0,
       0,    6,  -10,  -10,   11,    0,  -27,  -10,  -31,   -4,    9,  -10,  -22,    0,   -8,   -8,  -29,   -3,   -8,    0,   11,    0,   12,   11,   11,   13,    5,    0,   13,   12,  -14,    0,  -18,  -18,    0,    0,    0,    0,   -8,  -13,    0,   -7,    0,    0,    0,    0,   -4,   -6,    0,  -13,    0,  -49,    0,  -14,    7,    0,   17,  -20,   15,   12,   11,    0,   -6,   -7,    0,    0,    0,    0,    0,    0,    0,    0,    0,    0,    0,    0,    0,    0,    0,    0,    0,    0,    0,    0,    0,    0,    0,    0,    0,    0,    0,    0,    0,    0,    0,    0,    0,    0,    0,    0,    0,    0,    0,    0,    0,    0,    0,    0,    0,    0,    0,    0,    0,    0,    0,    0,    0,    0,    0,    0,    0,    0,    0,    0,    0,    0,    0,    0,    0,    0,    0,    0,    0,    0,    0,    0,    0,    0,    0,    9,   12,  -21,    0,    0,    0,    0,    0,    0,    0,    0,    0,    0,    0,    0,    0,    0,    0,    0,    0,    0,    0,    0,    0,    0,    0,    0,    0,    0,    0,    0,    0,    0,    0,    0,    0,    0,    0,    0,    0,    0,    0,    0,    0,    0,    0,    0,    0,    0,    0,    0,    0,    0,    0,    0,    0,    0,    0,    0,    0,    0,    0,    0,    0,    0,    0,    0,    0,    0,    0,    0,    0,    0,    0,    0,    0,    0,    0,    0,    0,    0,    0,    0,    0,    0,    0,    0,    0,    0,    0,    0,    0,    0,    0,    0,    0,    0,    0,    0,    0,    0,    0,    0,    0,    0,    0,    0,    0,    0,    0,    0,
       0,    6,   -7,   -4,    9,    0,  -15,    0,  -21,    0,    8,   -4,  -13,    0,   -3,   -3,  -16,    0,   -3,    0,    9,    0,   11,    9,    9,   12,    4,    0,   13,   11,   -9,    0,  -11,  -11,    0,    0,    0,    0,   -5,   -5,    0,   -5,    4,    4,    3,    4,    0,   -3,    0,   -5,    0,  -18,    0,   -9,    0,    0,   15,  -12,   14,    0,    0,    0,    0,    0,    0,    0,    0,    0,    0,    0,    0,    0,    0,    0,    0,    0,    0,    0,    0,    0,    0,    0,    0,    0,    0,    0,    0,    0,    0,    0,    0,    0,    0,    0,    0,    0,    0,    0,    0,    0,    0,    0,    0,    0,    0,    0,    0,    0,    0,    0,    0,    0,    0,    0,    0,    0,    0,    0,    0,    0,    0,    0,    0,    0,    0,    0,    0,    0,    0,    0,    0,    0,    0,    0,    0,    0,    0,    0,    0,    9,   13,   -8,    0,    0,    0,    0,    0,    0,    0,    0,    0,    0,    0,    0,    0,    0,    0,    0,    0,    0,    0,    0,    0,    0,    0,    0,    0,    0,    0,    0,    0,    0,    0,    0,    0,    0,    0,    0,    0,    0,    0,    0,    0,    0,    0,    0,    0,    0,    0,    0,    0,    0,    0,    0,    0,    0,    0,    0,    0,    0,    0,    0,    0,    0,    0,    0,    0,    0,    0,    0,    0,    0,    0,    0,    0,    0,    0,    0,    0,    0,    0,    0,    0,    0,    0,    0,    0,    0,    0,    0,    0,    0,    0,    0,    0,    0,    0,    0,    0,    0,    0,    0,    0,    0,    0,    0,    0,    0,    0,    0,
       0,    0,   -7,   -6,    9,   -9,    8,  -11,    8,    6,    7,   -5,   12,    0,  -13,  -13,    8,    0,  -13,    6,    9,    0,   10,    9,   12,   11,    8,    0,   10,   10,  -10,    0,  -10,  -10,    0,    0,    0,    0,    0,    3,    0,   -8,   -8,   -8,    8,   -8,    5,   -4,    0,  -12,    0,   12,    0,  -10,    0,    0,   13,   -7,   13,    7,    3,    0,    0,   -5,    0,    0,    0,    0,    0,    0,    0,    0,    0,    0,    0,    0,    0,    0,    0,    0,    0,    0,    0,    0,    0,    0,    0,    0,    0,    0,    0,    0,    0,    0,    0,    0,    0,    0,    0,    0,    0,    0,    0,    0,    0,    0,    0,    0,    0,    0,    0,    0,    0,    0,    0,    0,    0,    0,    0,    0,    0,    0,    0,    0,    0,    0,    0,    0,    0,    0,    0,    0,    0,    0,    0,    0,    0,    0,    0,    3,    5,   11,    0,    0,    0,    0,    0,    0,    0,    0,    0,    0,    0,    0,    0,    0,    0,    0,    0,    0,    0,    0,    0,    0,    0,    0,    0,    0,    0,    0,    0,    0,    0,    0,    0,    0,    0,    0,    0,    0,    0,    0,    0,    0,    0,    0,    0,    0,    0,    0,    0,    0,    0,    0,    0,    0,    0,    0,    0,    0,    0,    0,    0,    0,    0,    0,    0,    0,    0,    0,    0,    0,    0,    0,    0,    0,    0,    0,    0,    0,    0,    0,    0,    0,    0,    0,    0,    0,    0,    0,    0,    0,    0,    0,    0,    0,    0,    0,    0,    0,    0,    0,    0,    0,    0,    0,    0,    0,    0,    0,
       4,    0,  -17,  -13,   11,   -3,  -32,  -22,  -33,  -13,   10,  -20,  -33,    0,  -15,  -15,  -28,   -5,  -15,   -3,   11,    0,   13,   11,   11,   14,    6,    0,   13,   13,  -24,    0,  -29,  -29,    0,    0,    0,    0,  -12,  -23,    0,  -11,   -3,    0,   -7,   -3,  -12,   -5,    0,  -26,   -9,  -48,    0,  -42,    0,    0,   18,  -30,   15,   13,    6,    0,  -10,  -11,    0,    0,    0,    0,    0,    0,    0,    0,    0,    0,    0,    0,    0,    0,    0,    0,    0,    0,    0,    0,    0,    0,    0,    0,    0,    0,    0,    0,    0,    0,    0,    0,    0,    0,    0,    0,    0,    0,    0,    0,    0,    0,    0,    0,    0,    0,    0,    0,    0,    0,    0,    0,    0,    0,    0,    0,    0,    0,    0,    0,    0,    0,    0,    0,    0,    0,    0,    0,    0,    0,    0,    0,    0,    0,    0,    8,   10,  -22,    0,    0,    0,    0,    0,    0,    0,    0,    0,    0,    0,    0,    0,    0,    0,    0,    0,    0,    0,    0,    0,    0,    0,    0,    0,    0,    0,    0,    0,    0,    0,    0,    0,    0,    0,    0,    0,    0,    0,    0,    0,    0,    0,    0,    0,    0,    0,    0,    0,    0,    0,    0,    0,    0,    0,    0,    0,    0,    0,    0,    0,    0,    0,    0,    0,    0,    0,    0,    0,    0,    0,    0,    0,    0,    0,    0,    0,    0,    0,    0,    0,    0,    0,    0,    0,    0,    0,    0,    0,    0,    0,    0,    0,    0,    0,    0,    0,    0,    0,    0,    0,    0,    0,    0,    0,    0,    0,    0,
       0,    0,   -3,    0,    5,    0,    9,   -7,    0,    5,    5,   -3,    9,    0,   -4,   -4,    9,    0,   -4,    4,    5,    0,    7,    5,    9,    8,    4,    0,    7,    7,    4,    0,   -3,   -3,    0,    0,    0,    0,    0,    0,    0,    0,    0,    0,    8,    0,    4,    0,    0,  -10,    5,    9,    0,    4,    0,    3,   12,    0,   11,    3,    0,    0,    0,    0,    0,    0,    0,    0,    0,    0,    0,    0,    0,    0,    0,    0,    0,    0,    0,    0,    0,    0,    0,    0,    0,    0,    0,    0,    0,    0,    0,    0,    0,    0,    0,    0,    0,    0,    0,    0,    0,    0,    0,    0,    0,    0,    0,    0,    0,    0,    0,    0,    0,    0,    0,    0,    0,    0,    0,    0,    0,    0,    0,    0,    0,    0,    0,    0,    0,    0,    0,    0,    0,    0,    0,    0,    0,    0,    0,    7,   10,   14,    0,    0,    0,    0,    0,    0,    0,    0,    0,    0,    0,    0,    0,    0,    0,    0,    0,    0,    0,    0,    0,    0,    0,    0,    0,    0,    0,    0,    0,    0,    0,    0,    0,    0,    0,    0,    0,    0,    0,    0,    0,    0,    0,    0,    0,    0,    0,    0,    0,    0,    0,    0,    0,    0,    0,    0,    0,    0,    0,    0,    0,    0,    0,    0,    0,    0,    0,    0,    0,    0,    0,    0,    0,    0,    0,    0,    0,    0,    0,    0,    0,    0,    0,    0,    0,    0,    0,    0,    0,    0,    0,    0,    0,    0,    0,    0,    0,    0,    0,    0,    0,    0,    0,    0,    0,    0,    0,    0,
       0,    0,    0,    0,    0,    0,    0,    0,    0,    0,    0,    0,   -9,    0,   -7,   -7,   -9,    0,   -7,    0,   10,    0,   12,   10,   10,   13,    5,    0,    0,   30,  -12,    0,  -12,  -12,    0,    0,    3,   31,  -11,  -11,    0,  -12,  -10,  -10,  -10,   10,  -10,    0,    0,    0,    0,   -9,    0,  -12,    3,    3,    3,  -13,    3,    3,    3,    0,    0,    0,    0,    0,    0,   10,  -10,   -5,   -9,   -9,    6,   -9,    6,    8,    0,    0,   -7,  -13,   10,    0,    0,  -11,  -12,   -7,   -9,   -7,    6,  -11,   -7,   -8,   -7,   -9,  -12,    0,  -11,   -8,   10,  -13,  -10,  -12,   -4,   -8,   -8,   -7,   -9,    7,   -9,  -11,    3,    3,   31,    7,   -6,   -5,  -12,  -12,    9,   -7,    0,    0,   -7,    0,   -9,    0,   -9,    0,    4,    0,    0,    0,    0,    0,    0,    0,    0,    0,    0,    0,    0,    0,    0,    0,    0,    0,    0,    0,    0,    0,    0,    0,    0,    0,    0,    0,    0,    0,    0,    0,    0,    0,    0,    0,    0,    0,    0,    0,    0,    0,    0,    0,    0,    0,    0,    0,    0,    0,    0,    0,    0,    0,    0,    0,    0,    0,    0,    0,    0,    0,    0,    0,    0,    0,    0,    0,    0,    0,    0,    0,    0,    0,    0,    0,    0,    0,    0,    0,    0,    0,    0,    0,    0,    0,    0,    0,    0,    0,    0,    0,    0,    0,    0,    0,    0,    0,    0,    0,    0,    0,    0,    0,    0,    0,    0,    0,    0,    0,    0,    0,    0,    0,    0,    0,    0,    0,    0,    0,    0,    0,
       0,    0,    0,    0,    0,    0,    0,    0,    0,    0,    0,    0,    7,  -10,  -13,  -13,    3,  -10,  -13,    0,  -30,  -13,  -37,  -23,    7,  -37,    3,    0,    0,    0,   -8,    0,   -8,   -8,    0,    0,    0,   47,    0,    0,   -3,   -7,  -10,   -7,    0,   20,    0,    0,    0,    0,    0,    7,    0,   -8,    0,    0,    0,   -7,    0,    0,    0,    0,    0,    0,    0,    0,    0,    0,    0,    0,    0,    0,    0,    0,    0,    0,    0,    0,    0,    0,    0,    0,    0,    0,    0,    0,    0,    0,    0,    0,    0,    0,    0,    0,    0,    0,    0,    0,    0,    0,    0,    0,    0,    0,    0,    0,    0,    0,    0,    0,    0,    0,    0,    0,    0,    0,    0,    0,    0,    0,    0,    0,    0,    0,    0,    0,    0,    0,    0,    0,    0,    0,    0,    0,    0,    0,    0,    0,    0,    0,    0,    0,    0,    0,    0,    0,    0,    0,    0,    0,    0,    0,    0,    0,    0,    0,    0,    0,    0,    0,    0,    0,    0,    0,    0,    0,    0,    0,    0,    0,    0,    0,    0,    0,    0,    0,    0,    0,    0,    0,    0,    0,    0,    0,    0,    0,    0,    0,    0,    0,    0,    0,    0,    0,    0,    0,    0,    0,    0,    0,    0,    0,    0,    0,    0,    0,    0,    0,    0,    0,    0,    0,    0,    0,    0,    0,    0,    0,    0,    0,    0,    0,    0,    0,    0,    0,    0,    0,    0,    0,    0,    0,    0,    0,    0,    0,    0,    0,    0,    0,    0,    0,    0,    0,    0,    0,    0,    0,    0,    0,
       0,    0,    0,    0,    0,    0,    0,    0,    0,    0,    0,    0,    0,    0,    0,    0,    0,    0,    0,    0,    0,    0,    0,    0,    0,    0,    0,    0,    0,    0,    0,    0,    0,    0,    0,    0,    0,   11,    0,    0,    0,    0,    0,    0,    0,    0,    0,    0,    0,    0,    0,    0,    0,    0,    0,    0,    0,    0,    0,    0,    0,    0,    0,    0,    0,    0,    0,    0,   -3,   -3,    0,    0,    0,    0,    0,    0,    0,    0,   -3,   -5,    0,    0,   -4,   -4,    0,    0,    0,    0,    0,    0,    0,    0,    0,    0,    0,    0,    0,    0,    0,   -5,    0,    0,    0,    0,    0,    0,    0,    0,    0,    0,    0,    0,   11,    0,    0,    0,   -6,   -5,    0,    0,    0,    0,    0,    0,    0,   -3,    0,    0,   -4,    0,    0,    0,    0,    0,    0,    0,    0,    0,    0,    0,    0,    0,    0,    0,    0,    0,    0,    0,    0,    0,    0,    0,    0,    0,    0,    0,    0,    0,    0,    0,    0,    0,    0,    0,    0,    0,    0,    0,    0,    0,    0,    0,    0,    0,    0,    0,    0,    0,    0,    0,    0,    0,    0,    0,    0,    0,    0,    0,    0,    0,    0,    0,    0,    0,    0,    0,    0,    0,    0,    0,    0,    0,    0,    0,    0,    0,    0,    0,    0,    0,    0,    0,    0,    0,    0,    0,    0,    0,    0,    0,    0,    0,    0,    0,    0,    0,    0,    0,    0,    0,    0,    0,    0,    0,    0,    0,    0,    0,    0,    0,    0,    0,    0,    0,    0,    0,    0,    0,    0,    0,
       0,   -5,    0,    0,   -7,  -10,    0,    0,    0,    0,  -11,    0,    0,    0,    0,    0,    0,    0,    0,    0,    0,    0,    0,    0,    0,    0,    0,    0,  -13,  -11,    0,    0,    0,    0,    0,    0,    0,    0,    0,    0,    0,    0,   -4,   -3,    0,   -4,    0,    0,   -6,    0,    0,    0,    0,    0,    0,    0,    0,    0,    0,    0,    0,    0,    0,    0,    0,    0,    0,    0,    0,    0,    0,    0,    0,    0,    0,    0,    0,    0,    0,    0,    0,    0,    0,    0,    0,    0,    0,    0,    0,    0,    0,    0,    0,    0,    0,    0,    0,    0,    0,    0,    0,    0,    0,    0,    0,    0,    0,    0,    0,    0,    0,    0,    0,    0,    0,    0,    0,    0,    0,    0,    0,    0,    0,    0,    0,    0,    0,    0,    0,    0,    0,    0,    0,    0,    0,    0,    0,    0,    0,   -7,   -7,    4,    0,    0,    0,    0,    0,    0,    0,    0,    0,    0,    0,    0,    0,    0,    0,    0,    0,    0,    0,    0,    0,    0,    0,    0,    0,    0,    0,    0,    0,    0,    0,    0,    0,    0,    0,    0,    0,    0,    0,    0,    0,    0,    0,    0,    0,    0,    0,    0,    0,    0,    0,    0,    0,    0,    0,    0,    0,    0,    0,    0,    0,    0,    0,    0,    0,    0,    0,    0,    0,    0,    0,    0,    0,    0,    0,    0,    0,    0,    0,    0,    0,    0,    0,    0,    0,    0,    0,    0,    0,    0,    0,    0,    0,    0,    0,    0,    0,    0,    0,    0,    0,    0,    0,    0,    0,    0,    0,    0,
       0,   -6,    0,    0,   -8,  -10,  -10,    4,   -9,    0,   -9,    0,    0,    0,    0,    0,    0,    0,    0,    0,    0,    0,    0,    0,    0,    0,    0,    0,  -17,  -12,    0,    0,    0,    0,    0,    0,    0,    0,    0,    0,    0,    0,   -5,   -4,   -6,   -5,   -3,    0,   -6,    4,    0,    0,    0,    0,    0,    0,    0,    0,    0,    0,    0,    0,    0,    0,    0,    0,    0,    0,    0,    0,    0,    0,    0,    0,    0,    0,    0,    0,    0,    0,    0,    0,    0,    0,    0,    0,    0,    0,    0,    0,    0,    0,    0,    0,    0,    0,    0,    0,    0,    0,    0,    0,    0,    0,    0,    0,    0,    0,    0,    0,    0,    0,    0,    0,    0,    0,    0,    0,    0,    0,    0,    0,    0,    0,    0,    0,    0,    0,    0,    0,    0,    0,    0,    0,    0,    0,    0,    0,    0,   -9,   -8,    0,    0,    0,    0,    0,    0,    0,    0,    0,    0,    0,    0,    0,    0,    0,    0,    0,    0,    0,    0,    0,    0,    0,    0,    0,    0,    0,    0,    0,    0,    0,    0,    0,    0,    0,    0,    0,    0,    0,    0,    0,    0,    0,    0,    0,    0,    0,    0,    0,    0,    0,    0,    0,    0,    0,    0,    0,    0,    0,    0,    0,    0,    0,    0,    0,    0,    0,    0,    0,    0,    0,    0,    0,    0,    0,    0,    0,    0,    0,    0,    0,    0,    0,    0,    0,    0,    0,    0,    0,    0,    0,    0,    0,    0,    0,    0,    0,    0,    0,    0,    0,    0,    0,    0,    0,    0,    0,    0,    0,
       0,    0,    0,    0,    0,    0,    6,   -3,    0,    3,   -4,   -3,    0,    0,    0,    0,    0,    0,    0,    0,    0,    0,    0,    0,    0,    0,    0,    0,    0,  -12,   -8,    0,   -8,   -8,    0,    0,    0,    0,    0,    0,    0,    0,    3,    3,    4,    3,    0,    0,    0,   -5,    0,    0,    0,   -8,    0,    0,    0,  -10,    0,    0,    0,    0,    0,    0,    0,    0,    0,    0,    0,    0,    0,    0,    0,    0,    0,    0,    0,    0,    0,    0,    0,    0,    0,    0,    0,    0,    0,    0,    0,    0,    0,    0,    0,    0,    0,    0,    0,    0,    0,    0,    0,    0,    0,    0,    0,    0,    0,    0,    0,    0,    0,    0,    0,    0,    0,    0,    0,    0,    0,    0,    0,    0,    0,    0,    0,    0,    0,    0,    0,    0,    0,    0,    0,    0,    0,    0,    0,    0,    0,    4,    8,    8,    0,    0,    0,    0,    0,    0,    0,    0,    0,    0,    0,    0,    0,    0,    0,    0,    0,    0,    0,    0,    0,    0,    0,    0,    0,    0,    0,    0,    0,    0,    0,    0,    0,    0,    0,    0,    0,    0,    0,    0,    0,    0,    0,    0,    0,    0,    0,    0,    0,    0,    0,    0,    0,    0,    0,    0,    0,    0,    0,    0,    0,    0,    0,    0,    0,    0,    0,    0,    0,    0,    0,    0,    0,    0,    0,    0,    0,    0,    0,    0,    0,    0,    0,    0,    0,    0,    0,    0,    0,    0,    0,    0,    0,    0,    0,    0,    0,    0,    0,    0,    0,    0,    0,    0,    0,    0,    0,    0,
       0,    0,    0,    0,   -7,   -8,    0,    7,    0,    0,  -12,    0,    0,    0,    0,    0,    0,    0,    0,    0,    0,    0,    0,    0,    0,    0,    0,    0,  -20,  -11,    0,    0,    0,    0,    0,    0,    0,    0,    0,    0,    0,    0,   -5,   -3,    0,   -5,    0,    0,    0,    0,    0,    0,    0,    0,    0,    0,    0,    0,    0,    0,    0,    0,    0,    0,    0,    0,    0,    0,    0,    0,    0,    0,    0,    0,    0,    0,    0,    0,    0,    0,    0,    0,    0,    0,    0,    0,    0,    0,    0,    0,    0,    0,    0,    0,    0,    0,    0,    0,    0,    0,    0,    0,    0,    0,    0,    0,    0,    0,    0,    0,    0,    0,    0,    0,    0,    0,    0,    0,    0,    0,    0,    0,    0,    0,    0,    0,    0,    0,    0,    0,    0,    0,    0,    0,    0,    0,    0,    0,    0,    4,    5,    3,    0,    0,    0,    0,    0,    0,    0,    0,    0,    0,    0,    0,    0,    0,    0,    0,    0,    0,    0,    0,    0,    0,    0,    0,    0,    0,    0,    0,    0,    0,    0,    0,    0,    0,    0,    0,    0,    0,    0,    0,    0,    0,    0,    0,    0,    0,    0,    0,    0,    0,    0,    0,    0,    0,    0,    0,    0,    0,    0,    0,    0,    0,    0,    0,    0,    0,    0,    0,    0,    0,    0,    0,    0,    0,    0,    0,    0,    0,    0,    0,    0,    0,    0,    0,    0,    0,    0,    0,    0,    0,    0,    0,    0,    0,    0,    0,    0,    0,    0,    0,    0,    0,    0,    0,    0,    0,    0,    0,
       0,    0,    0,    0,   18,    8,  -20,    0,  -21,    6,    9,    0,    0,    0,    0,    0,    0,    0,    0,    0,    0,    0,    0,    0,    0,    0,    0,    0,   27,   17,   -3,    0,   -3,   -3,    0,    0,    4,    4,    0,    0,    0,    0,    9,    9,    7,    9,    0,    0,   10,   -3,    6,    0,    0,   -3,   11,    4,   21,   -7,   19,   17,   19,    0,    0,    0,    0,    0,    0,    0,    0,    0,    0,    0,    0,    0,    0,    0,    0,    0,    0,    0,    0,    0,    0,    0,    0,    0,    0,    0,    0,    0,    0,    0,    0,    0,    0,    0,    0,    0,    0,    0,    0,    0,    0,    0,    0,    0,    0,    0,    0,    0,    0,    0,    0,    0,    0,    0,    0,    0,    0,    0,    0,    0,    0,    0,    0,    0,    0,    0,    0,    0,    0,    0,    0,    0,    0,    0,    0,    0,    0,   13,   18,  -19,    0,    0,    0,    0,    0,    0,    0,    0,    0,    0,    0,    0,    0,    0,    0,    0,    0,    0,    0,    0,    0,    0,    0,    0,    0,    0,    0,    0,    0,    0,    0,    0,    0,    0,    0,    0,    0,    0,    0,    0,    0,    0,    0,    0,    0,    0,    0,    0,    0,    0,    0,    0,    0,    0,    0,    0,    0,    0,    0,    0,    0,    0,    0,    0,    0,    0,    0,    0,    0,    0,    0,    0,    0,    0,    0,    0,    0,    0,    0,    0,    0,    0,    0,    0,    0,    0,    0,    0,    0,    0,    0,    0,    0,    0,    0,    0,    0,    0,    0,    0,    0,    0,    0,    0,    0,    0,    0,    0,
       0,    0,    0,    0,   -4,   -8,    0,    0,    0,    0,   -8,    0,    0,    0,    0,    0,    0,    0,    0,    0,    0,    0,    0,    0,    0,    0,    0,    0,  -10,  -11,    0,    0,    0,    0,    0,    0,    0,    9,    0,    0,    0,    0,   -5,   -3,    0,   -5,    0,    0,    0,    0,    0,    0,    0,    0,    0,    0,    0,    0,    0,    0,    0,    0,    0,    0,    0,    0,    0,    0,    0,    0,    0,    0,    0,    0,    0,    0,    0,    0,    0,    0,    0,    0,    0,    0,    0,    0,    0,    0,    0,    0,    0,    0,    0,    0,    0,    0,    0,    0,    0,    0,    0,    0,    0,    0,    0,    0,    0,    0,    0,    0,    0,    0,    0,    0,    0,    0,    0,    0,    0,    0,    0,    0,    0,    0,    0,    0,    0,    0,    0,    0,    0,    0,    0,    0,    0,    0,    0,    0,    0,   -8,   -5,    3,    0,    0,    0,    0,    0,    0,    0,    0,    0,    0,    0,    0,    0,    0,    0,    0,    0,    0,    0,    0,    0,    0,    0,    0,    0,    0,    0,    0,    0,    0,    0,    0,    0,    0,    0,    0,    0,    0,    0,    0,    0,    0,    0,    0,    0,    0,    0,    0,    0,    0,    0,    0,    0,    0,    0,    0,    0,    0,    0,    0,    0,    0,    0,    0,    0,    0,    0,    0,    0,    0,    0,    0,    0,    0,    0,    0,    0,    0,    0,    0,    0,    0,    0,    0,    0,    0,    0,    0,    0,    0,    0,    0,    0,    0,    0,    0,    0,    0,    0,    0,    0,    0,    0,    0,    0,    0,    0,    0,
       0,   -7,    0,    0,   -7,   -8,    0,    0,    0,    0,  -12,    0,    0,    0,    0,    0,    0,    0,    0,    0,    0,    0,    0,    0,    0,    0,    0,    0,  -20,  -11,    0,    0,    0,    0,    0,    0,    0,    0,    0,    0,    0,    0,   -5,   -3,    0,   -5,    0,    0,   -6,    0,    0,    0,    0,    0,    0,    0,    0,    0,    0,    0,    0,    0,    0,    0,    0,    0,    0,    0,    0,    0,    0,    0,    0,    0,    0,    0,    0,    0,    0,    0,    0,    0,    0,    0,    0,    0,    0,    0,    0,    0,    0,    0,    0,    0,    0,    0,    0,    0,    0,    0,    0,    0,    0,    0,    0,    0,    0,    0,    0,    0,    0,    0,    0,    0,    0,    0,    0,    0,    0,    0,    0,    0,    0,    0,    0,    0,    0,    0,    0,    0,    0,    0,    0,    0,    0,    0,    0,    0,    0,   -8,   -5,    4,    0,    0,    0,    0,    0,    0,    0,    0,    0,    0,    0,    0,    0,    0,    0,    0,    0,    0,    0,    0,    0,    0,    0,    0,    0,    0,    0,    0,    0,    0,    0,    0,    0,    0,    0,    0,    0,    0,    0,    0,    0,    0,    0,    0,    0,    0,    0,    0,    0,    0,    0,    0,    0,    0,    0,    0,    0,    0,    0,    0,    0,    0,    0,    0,    0,    0,    0,    0,    0,    0,    0,    0,    0,    0,    0,    0,    0,    0,    0,    0,    0,    0,    0,    0,    0,    0,    0,    0,    0,    0,    0,    0,    0,    0,    0,    0,    0,    0,    0,    0,    0,    0,    0,    0,    0,    0,    0,    0,
       0,    0,    0,    0,    4,   -8,    0,    0,    0,    0,  -12,    0,    0,    0,    0,    0,    0,    0,    0,    0,    0,    0,    0,    0,    0,    0,    0,    0,  -20,  -11,    0,    0,    0,    0,    0,    0,    0,    0,    0,    0,    0,    0,   -5,   -3,    0,   -5,    0,    0,    0,    0,    0,    0,    0,    0,    0,    0,    0,    0,    0,    0,    0,    0,    0,    0,    0,    0,    0,    0,    0,    0,    0,    0,    0,    0,    0,    0,    0,    0,    0,    0,    0,    0,    0,    0,    0,    0,    0,    0,    0,    0,    0,    0,    0,    0,    0,    0,    0,    0,    0,    0,    0,    0,    0,    0,    0,    0,    0,    0,    0,    0,    0,    0,    0,    0,    0,    0,    0,    0,    0,    0,    0,    0,    0,    0,    0,    0,    0,    0,    0,    0,    0,    0,    0,    0,    0,    0,    0,    0,    0,   -8,   -5,    3,    0,    0,    0,    0,    0,    0,    0,    0,    0,    0,    0,    0,    0,    0,    0,    0,    0,    0,    0,    0,    0,    0,    0,    0,    0,    0,    0,    0,    0,    0,    0,    0,    0,    0,    0,    0,    0,    0,    0,    0,    0,    0,    0,    0,    0,    0,    0,    0,    0,    0,    0,    0,    0,    0,    0,    0,    0,    0,    0,    0,    0,    0,    0,    0,    0,    0,    0,    0,    0,    0,    0,    0,    0,    0,    0,    0,    0,    0,    0,    0,    0,    0,    0,    0,    0,    0,    0,    0,    0,    0,    0,    0,    0,    0,    0,    0,    0,    0,    0,    0,    0,    0,    0,    0,    0,    0,    0,    0,
       0,    0,    0,    0,    4,   -8,    0,    0,    0,    0,  -12,    0,    0,    0,    0,    0,    0,    0,    0,    0,    0,    0,    0,    0,    0,    0,    0,    0,  -20,    3,    0,    0,    0,    0,    0,    0,    0,   10,    0,    0,    0,    0,   -5,   -3,    0,   -5,    0,    0,    0,    0,    0,    0,    0,    0,    0,    0,    0,    0,    0,    0,    0,    0,    0,    0,    0,    0,    0,    0,    0,    0,    0,    0,    0,    0,    0,    0,    0,    0,    0,    0,    0,    0,    0,    0,    0,    0,    0,    0,    0,    0,    0,    0,    0,    0,    0,    0,    0,    0,    0,    0,    0,    0,    0,    0,    0,    0,    0,    0,    0,    0,    0,    0,    0,    0,    0,    0,    0,    0,    0,    0,    0,    0,    0,    0,    0,    0,    0,    0,    0,    0,    0,    0,    0,    0,    0,    0,    0,    0,    0,   -8,   -5,    3,    0,    0,    0,    0,    0,    0,    0,    0,    0,    0,    0,    0,    0,    0,    0,    0,    0,    0,    0,    0,    0,    0,    0,    0,    0,    0,    0,    0,    0,    0,    0,    0,    0,    0,    0,    0,    0,    0,    0,    0,    0,    0,    0,    0,    0,    0,    0,    0,    0,    0,    0,    0,    0,    0,    0,    0,    0,    0,    0,    0,    0,    0,    0,    0,    0,    0,    0,    0,    0,    0,    0,    0,    0,    0,    0,    0,    0,    0,    0,    0,    0,    0,    0,    0,    0,    0,    0,    0,    0,    0,    0,    0,    0,    0,    0,    0,    0,    0,    0,    0,    0,    0,    0,    0,    0,    0,    0,    0,
       0,    0,   -7,   -4,    0,    4,    4,  -15,    7,    3,    0,   -7,    0,    0,    0,    0,    0,    0,    0,    0,    0,    0,    0,    0,    0,    0,    0,    0,    0,   -9,   -3,    0,  -12,  -12,    0,    0,    0,    0,    0,    0,   -3,   -3,    7,    7,    7,    7,    5,   -5,    0,  -12,    0,    0,    0,   -3,    0,    0,    0,  -11,    0,    0,    0,    0,    0,    0,    0,    0,    0,    0,    0,    0,    0,    0,    0,    0,    0,    0,    0,    0,    0,    0,    0,    0,    0,    0,    0,    0,    0,    0,    0,    0,    0,    0,    0,    0,    0,    0,    0,    0,    0,    0,    0,    0,    0,    0,    0,    0,    0,    0,    0,    0,    0,    0,    0,    0,    0,    0,    0,    0,    0,    0,    0,    0,    0,    0,    0,    0,    0,    0,    0,    0,    0,    0,    0,    0,    0,    0,    0,    0,    0,    4,    8,    7,    0,    0,    0,    0,    0,    0,    0,    0,    0,    0,    0,    0,    0,    0,    0,    0,    0,    0,    0,    0,    0,    0,    0,    0,    0,    0,    0,    0,    0,    0,    0,    0,    0,    0,    0,    0,    0,    0,    0,    0,    0,    0,    0,    0,    0,    0,    0,    0,    0,    0,    0,    0,    0,    0,    0,    0,    0,    0,    0,    0,    0,    0,    0,    0,    0,    0,    0,    0,    0,    0,    0,    0,    0,    0,    0,    0,    0,    0,    0,    0,    0,    0,    0,    0,    0,    0,    0,    0,    0,    0,    0,    0,    0,    0,    0,    0,    0,    0,    0,    0,    0,    0,    0,    0,    0,    0,    0,    0,
       0,    0,    0,    0,   -7,   -8,    8,    0,    0,    7,   -5,    0,    0,    0,    0,    0,    0,    0,    0,    0,    0,    0,    0,    0,    0,    0,    0,    0,  -20,  -11,    5,    0,    0,    0,    0,    0,    0,    0,    0,    0,    0,    0,   -4,   -4,    7,   -4,    5,    0,    0,   -5,    7,    0,    0,    5,    0,    0,    0,    0,    0,    0,    0,    0,    0,    0,    0,    0,    0,    0,    0,    0,    0,    0,    0,    0,    0,    0,    0,    0,    0,    0,    0,    0,    0,    0,    0,    0,    0,    0,    0,    0,    0,    0,    0,    0,    0,    0,    0,    0,    0,    0,    0,    0,    0,    0,    0,    0,    0,    0,    0,    0,    0,    0,    0,    0,    0,    0,    0,    0,    0,    0,    0,    0,    0,    0,    0,    0,    0,    0,    0,    0,    0,    0,    0,    0,    0,    0,    0,    0,    0,   -8,   -9,   10,    0,    0,    0,    0,    0,    0,    0,    0,    0,    0,    0,    0,    0,    0,    0,    0,    0,    0,    0,    0,    0,    0,    0,    0,    0,    0,    0,    0,    0,    0,    0,    0,    0,    0,    0,    0,    0,    0,    0,    0,    0,    0,    0,    0,    0,    0,    0,    0,    0,    0,    0,    0,    0,    0,    0,    0,    0,    0,    0,    0,    0,    0,    0,    0,    0,    0,    0,    0,    0,    0,    0,    0,    0,    0,    0,    0,    0,    0,    0,    0,    0,    0,    0,    0,    0,    0,    0,    0,    0,    0,    0,    0,    0,    0,    0,    0,    0,    0,    0,    0,    0,    0,    0,    0,    0,    0,    0,    0,
       0,   -6,    0,    0,   -7,   -8,    0,    0,    0,    0,  -12,    0,    0,    0,    0,    0,    0,    0,    0,    0,    0,    0,    0,    0,    0,    0,    0,    0,  -20,  -11,    0,    0,    0,    0,    0,    0,    0,    0,    0,    0,    0,    0,   -5,   -3,    0,   -5,    0,    0,   -6,    0,    0,    0,    0,    0,    0,    0,    0,    0,    0,    0,    0,    0,    0,    0,    0,    0,    0,    0,    0,    0,    0,    0,    0,    0,    0,    0,    0,    0,    0,    0,    0,    0,    0,    0,    0,    0,    0,    0,    0,    0,    0,    0,    0,    0,    0,    0,    0,    0,    0,    0,    0,    0,    0,    0,    0,    0,    0,    0,    0,    0,    0,    0,    0,    0,    0,    0,    0,    0,    0,    0,    0,    0,    0,    0,    0,    0,    0,    0,    0,    0,    0,    0,    0,    0,    0,    0,    0,    0,    0,   -8,   -5,    4,    0,    0,    0,    0,    0,    0,    0,    0,    0,    0,    0,    0,    0,    0,    0,    0,    0,    0,    0,    0,    0,    0,    0,    0,    0,    0,    0,    0,    0,    0,    0,    0,    0,    0,    0,    0,    0,    0,    0,    0,    0,    0,    0,    0,    0,    0,    0,    0,    0,    0,    0,    0,    0,    0,    0,    0,    0,    0,    0,    0,    0,    0,    0,    0,    0,    0,    0,    0,    0,    0,    0,    0,    0,    0,    0,    0,    0,    0,    0,    0,    0,    0,    0,    0,    0,    0,    0,    0,    0,    0,    0,    0,    0,    0,    0,    0,    0,    0,    0,    0,    0,    0,    0,    0,    0,    0,    0,    0,
       0,   -6,    0,    0,   -8,  -10,  -10,    4,   -9,    0,   -9,    0,    0,    0,    0,    0,    0,    0,    0,    0,    0,    0,    0,    0,    0,    0,    0,    0,  -17,  -12,    0,    0,    0,    0,    0,    0,    0,    0,    0,    0,    0,    0,   -5,   -4,   -6,   -5,   -3,    0,   -8,    4,    0,    0,    0,    0,    0,    0,    0,    0,    0,    0,    0,    0,    0,    0,    0,    0,    0,    0,    0,    0,    0,    0,    0,    0,    0,    0,    0,    0,    0,    0,    0,    0,    0,    0,    0,    0,    0,    0,    0,    0,    0,    0,    0,    0,    0,    0,    0,    0,    0,    0,    0,    0,    0,    0,    0,    0,    0,    0,    0,    0,    0,    0,    0,    0,    0,    0,    0,    0,    0,    0,    0,    0,    0,    0,    0,    0,    0,    0,    0,    0,    0,    0,    0,    0,    0,    0,    0,    0,    0,   -9,   -8,    0,    0,    0,    0,    0,    0,    0,    0,    0,    0,    0,    0,    0,    0,    0,    0,    0,    0,    0,    0,    0,    0,    0,    0,    0,    0,    0,    0,    0,    0,    0,    0,    0,    0,    0,    0,    0,    0,    0,    0,    0,    0,    0,    0,    0,    0,    0,    0,    0,    0,    0,    0,    0,    0,    0,    0,    0,    0,    0,    0,    0,    0,    0,    0,    0,    0,    0,    0,    0,    0,    0,    0,    0,    0,    0,    0,    0,    0,    0,    0,    0,    0,    0,    0,    0,    0,    0,    0,    0,    0,    0,    0,    0,    0,    0,    0,    0,    0,    0,    0,    0,    0,    0,    0,    0,    0,    0,    0,    0,
       0,    0,    0,    0,   -7,   -8,    0,    0,    7,    0,   -8,    0,    0,    0,    0,    0,    0,    0,    0,    0,    0,    0,    0,    0,    0,    0,    0,    0,  -10,  -11,    0,    0,    0,    0,    0,    0,    0,   14,    0,    0,    0,    0,   -5,   -3,    0,   -5,    0,    0,    0,    0,    0,    0,    0,    0,    0,    0,    0,    0,    0,    0,    0,    0,    0,    0,    0,    0,    0,    0,    0,    0,    0,    0,    0,    0,    0,    0,    0,    0,    0,    0,    0,    0,    0,    0,    0,    0,    0,    0,    0,    0,    0,    0,    0,    0,    0,    0,    0,    0,    0,    0,    0,    0,    0,    0,    0,    0,    0,    0,    0,    0,    0,    0,    0,    0,    0,    0,    0,    0,    0,    0,    0,    0,    0,    0,    0,    0,    0,    0,    0,    0,    0,    0,    0,    0,    0,    0,    0,    0,    0,   -8,   -5,    3,    0,    0,    0,    0,    0,    0,    0,    0,    0,    0,    0,    0,    0,    0,    0,    0,    0,    0,    0,    0,    0,    0,    0,    0,    0,    0,    0,    0,    0,    0,    0,    0,    0,    0,    0,    0,    0,    0,    0,    0,    0,    0,    0,    0,    0,    0,    0,    0,    0,    0,    0,    0,    0,    0,    0,    0,    0,    0,    0,    0,    0,    0,    0,    0,    0,    0,    0,    0,    0,    0,    0,    0,    0,    0,    0,    0,    0,    0,    0,    0,    0,    0,    0,    0,    0,    0,    0,    0,    0,    0,    0,    0,    0,    0,    0,    0,    0,    0,    0,    0,    0,    0,    0,    0,    0,    0,    0,    0,
       0,    0,   -7,    0,    0,    6,  -20,    0,  -19,    6,    3,    0,    0,    0,    0,    0,    0,    0,    0,    0,    0,    0,    0,    0,    0,    0,    0,    0,    3,   -3,   -3,    0,   -3,   -3,    0,    0,    0,    0,    0,    0,    0,    0,   10,   10,    7,   10,    3,    0,    0,   -5,    7,    0,    0,   -3,    0,    0,    0,   -5,    0,    0,    0,    0,    0,    0,    0,    0,    0,    0,    0,    0,    0,    0,    0,    0,    0,    0,    0,    0,    0,    0,    0,    0,    0,    0,    0,    0,    0,    0,    0,    0,    0,    0,    0,    0,    0,    0,    0,    0,    0,    0,    0,    0,    0,    0,    0,    0,    0,    0,    0,    0,    0,    0,    0,    0,    0,    0,    0,    0,    0,    0,    0,    0,    0,    0,    0,    0,    0,    0,    0,    0,    0,    0,    0,    0,    0,    0,    0,    0,    0,    9,   16,  -19,    0,    0,    0,    0,    0,    0,    0,    0,    0,    0,    0,    0,    0,    0,    0,    0,    0,    0,    0,    0,    0,    0,    0,    0,    0,    0,    0,    0,    0,    0,    0,    0,    0,    0,    0,    0,    0,    0,    0,    0,    0,    0,    0,    0,    0,    0,    0,    0,    0,    0,    0,    0,    0,    0,    0,    0,    0,    0,    0,    0,    0,    0,    0,    0,    0,    0,    0,    0,    0,    0,    0,    0,    0,    0,    0,    0,    0,    0,    0,    0,    0,    0,    0,    0,    0,    0,    0,    0,    0,    0,    0,    0,    0,    0,    0,    0,    0,    0,    0,    0,    0,    0,    0,    0,    0,    0,    0,    0,
       0,    0,    0,    0,   -4,   -3,    0,    0,   -4,    0,  -12,    0,    0,    0,    0,    0,    0,    0,    0,    0,    0,    0,    0,    0,    0,    0,    0,    0,  -10,  -11,    0,    0,    0,    0,    0,    0,    0,    0,    0,    0,    0,    0,    0,    0,    0,    0,   -3,    0,   -6,    0,    0,    0,    0,    0,    0,    0,    0,    0,    0,    0,    0,    0,    0,    0,    0,    0,    0,    0,    0,    0,    0,    0,    0,    0,    0,    0,    0,    0,    0,    0,    0,    0,    0,    0,    0,    0,    0,    0,    0,    0,    0,    0,    0,    0,    0,    0,    0,    0,    0,    0,    0,    0,    0,    0,    0,    0,    0,    0,    0,    0,    0,    0,    0,    0,    0,    0,    0,    0,    0,    0,    0,    0,    0,    0,    0,    0,    0,    0,    0,    0,    0,    0,    0,    0,    0,    0,    0,    0,    0,    0,    0,    5,    0,    0,    0,    0,    0,    0,    0,    0,    0,    0,    0,    0,    0,    0,    0,    0,    0,    0,    0,    0,    0,    0,    0,    0,    0,    0,    0,    0,    0,    0,    0,    0,    0,    0,    0,    0,    0,    0,    0,    0,    0,    0,    0,    0,    0,    0,    0,    0,    0,    0,    0,    0,    0,    0,    0,    0,    0,    0,    0,    0,    0,    0,    0,    0,    0,    0,    0,    0,    0,    0,    0,    0,    0,    0,    0,    0,    0,    0,    0,    0,    0,    0,    0,    0,    0,    0,    0,    0,    0,    0,    0,    0,    0,    0,    0,    0,    0,    0,    0,    0,    0,    0,    0,    0,    0,    0,    0,    0,
       0,    0,    0,    0,    0,    0,    6,   -3,    0,    3,   -5,    0,    0,    0,    0,    0,    0,    0,    0,    0,    0,    0,    0,    0,    0,    0,    0,    0,   -7,  -11,   -7,    0,   -7,   -7,    0,    0,    0,    0,    0,    0,    0,    0,    3,    3,    6,    3,    0,    0,    0,   -6,    0,    0,    0,   -7,    0,    0,    0,   -3,    0,    0,    0,    0,    0,    0,    0,    0,    0,    0,    0,    0,    0,    0,    0,    0,    0,    0,    0,    0,    0,    0,    0,    0,    0,    0,    0,    0,    0,    0,    0,    0,    0,    0,    0,    0,    0,    0,    0,    0,    0,    0,    0,    0,    0,    0,    0,    0,    0,    0,    0,    0,    0,    0,    0,    0,    0,    0,    0,    0,    0,    0,    0,    0,    0,    0,    0,    0,    0,    0,    0,    0,    0,    0,    0,    0,    0,    0,    0,    0,    0,    5,    0,    8,    0,    0,    0,    0,    0,    0,    0,    0,    0,    0,    0,    0,    0,    0,    0,    0,    0,    0,    0,    0,    0,    0,    0,    0,    0,    0,    0,    0,    0,    0,    0,    0,    0,    0,    0,    0,    0,    0,    0,    0,    0,    0,    0,    0,    0,    0,    0,    0,    0,    0,    0,    0,    0,    0,    0,    0,    0,    0,    0,    0,    0,    0,    0,    0,    0,    0,    0,    0,    0,    0,    0,    0,    0,    0,    0,    0,    0,    0,    0,    0,    0,    0,    0,    0,    0,    0,    0,    0,    0,    0,    0,    0,    0,    0,    0,    0,    0,    0,    0,    0,    0,    0,    0,    0,    0,    0,    0,    0,
       0,    0,    0,    0,   -7,   -8,    0,    0,    0,    0,   -8,    0,    0,    0,    0,    0,    0,    0,    0,    0,    0,    0,    0,    0,    0,    0,    0,    0,  -20,  -10,    0,    0,    0,    0,    0,    0,    0,    0,    0,    0,    0,    0,   -5,   -3,    0,   -5,    0,    0,    0,    0,    0,    0,    0,    0,    0,    0,    0,    0,    0,    0,    0,    0,    0,    0,    0,    0,    0,    0,    0,    0,    0,    0,    0,    0,    0,    0,    0,    0,    0,    0,    0,    0,    0,    0,    0,    0,    0,    0,    0,    0,    0,    0,    0,    0,    0,    0,    0,    0,    0,    0,    0,    0,    0,    0,    0,    0,    0,    0,    0,    0,    0,    0,    0,    0,    0,    0,    0,    0,    0,    0,    0,    0,    0,    0,    0,    0,    0,    0,    0,    0,    0,    0,    0,    0,    0,    0,    0,    0,    0,   -8,   -5,    3,    0,    0,    0,    0,    0,    0,    0,    0,    0,    0,    0,    0,    0,    0,    0,    0,    0,    0,    0,    0,    0,    0,    0,    0,    0,    0,    0,    0,    0,    0,    0,    0,    0,    0,    0,    0,    0,    0,    0,    0,    0,    0,    0,    0,    0,    0,    0,    0,    0,    0,    0,    0,    0,    0,    0,    0,    0,    0,    0,    0,    0,    0,    0,    0,    0,    0,    0,    0,    0,    0,    0,    0,    0,    0,    0,    0,    0,    0,    0,    0,    0,    0,    0,    0,    0,    0,    0,    0,    0,    0,    0,    0,    0,    0,    0,    0,    0,    0,    0,    0,    0,    0,    0,    0,    0,    0,    0,    0,
       0,    0,   -3,    0,    0,    5,  -19,    0,  -13,    5,    0,    0,    0,    0,    0,    0,    0,    0,    0,    0,    0,    0,    0,    0,    0,    0,    0,    0,    0,  -10,   -3,    0,   -5,   -5,    0,    0,    0,    0,    0,    0,    0,    0,    7,    7,    8,    7,    4,    0,    0,    0,    6,    0,    0,   -3,    0,    0,    0,   -6,    0,    0,    0,    0,    0,    0,    0,    0,    0,    0,    0,    0,    0,    0,    0,    0,    0,    0,    0,    0,    0,    0,    0,    0,    0,    0,    0,    0,    0,    0,    0,    0,    0,    0,    0,    0,    0,    0,    0,    0,    0,    0,    0,    0,    0,    0,    0,    0,    0,    0,    0,    0,    0,    0,    0,    0,    0,    0,    0,    0,    0,    0,    0,    0,    0,    0,    0,    0,    0,    0,    0,    0,    0,    0,    0,    0,    0,    0,    0,    0,    0,    7,   13,  -14,    0,    0,    0,    0,    0,    0,    0,    0,    0,    0,    0,    0,    0,    0,    0,    0,    0,    0,    0,    0,    0,    0,    0,    0,    0,    0,    0,    0,    0,    0,    0,    0,    0,    0,    0,    0,    0,    0,    0,    0,    0,    0,    0,    0,    0,    0,    0,    0,    0,    0,    0,    0,    0,    0,    0,    0,    0,    0,    0,    0,    0,    0,    0,    0,    0,    0,    0,    0,    0,    0,    0,    0,    0,    0,    0,    0,    0,    0,    0,    0,    0,    0,    0,    0,    0,    0,    0,    0,    0,    0,    0,    0,    0,    0,    0,    0,    0,    0,    0,    0,    0,    0,    0,    0,    0,    0,    0,    0,
       0,    0,   -3,    0,    0,    6,  -18,    3,  -11,    5,    0,    0,    0,    0,    0,    0,    0,    0,    0,    0,    0,    0,    0,    0,    0,    0,    0,    0,    0,   -9,   -3,    0,   -4,   -4,    0,    0,    0,    0,    0,    0,    0,    0,    7,    7,    7,    7,    5,    0,    0,    0,    6,    0,    0,   -3,    0,    0,    0,   -5,    0,    0,    0,    0,    0,    0,    0,    0,    0,    0,    0,    0,    0,    0,    0,    0,    0,    0,    0,    0,    0,    0,    0,    0,    0,    0,    0,    0,    0,    0,    0,    0,    0,    0,    0,    0,    0,    0,    0,    0,    0,    0,    0,    0,    0,    0,    0,    0,    0,    0,    0,    0,    0,    0,    0,    0,    0,    0,    0,    0,    0,    0,    0,    0,    0,    0,    0,    0,    0,    0,    0,    0,    0,    0,    0,    0,    0,    0,    0,    0,    0,    8,   13,   -9,    0,    0,    0,    0,    0,    0,    0,    0,    0,    0,    0,    0,    0,    0,    0,    0,    0,    0,    0,    0,    0,    0,    0,    0,    0,    0,    0,    0,    0,    0,    0,    0,    0,    0,    0,    0,    0,    0,    0,    0,    0,    0,    0,    0,    0,    0,    0,    0,    0,    0,    0,    0,    0,    0,    0,    0,    0,    0,    0,    0,    0,    0,    0,    0,    0,    0,    0,    0,    0,    0,    0,    0,    0,    0,    0,    0,    0,    0,    0,    0,    0,    0,    0,    0,    0,    0,    0,    0,    0,    0,    0,    0,    0,    0,    0,    0,    0,    0,    0,    0,    0,    0,    0,    0,    0,    0,    0,    0,
       0,    0,   -7,   -4,    0,    4,    6,   -7,    7,    5,    0,   -3,    0,    0,    0,    0,    0,    0,    0,    0,    0,    0,    0,    0,    0,    0,    0,    0,    0,  -10,   -8,    0,   -8,   -8,    0,    0,    0,    0,    0,    0,    0,    0,    8,    7,   11,    8,    6,   -4,    0,   -9,    0,    0,    0,   -8,    0,    0,    0,   -8,    0,    0,    0,    0,    0,    0,    0,    0,    0,    0,    0,    0,    0,    0,    0,    0,    0,    0,    0,    0,    0,    0,    0,    0,    0,    0,    0,    0,    0,    0,    0,    0,    0,    0,    0,    0,    0,    0,    0,    0,    0,    0,    0,    0,    0,    0,    0,    0,    0,    0,    0,    0,    0,    0,    0,    0,    0,    0,    0,    0,    0,    0,    0,    0,    0,    0,    0,    0,    0,    0,    0,    0,    0,    0,    0,    0,    0,    0,    0,    0,    0,    5,    9,    7,    0,    0,    0,    0,    0,    0,    0,    0,    0,    0,    0,    0,    0,    0,    0,    0,    0,    0,    0,    0,    0,    0,    0,    0,    0,    0,    0,    0,    0,    0,    0,    0,    0,    0,    0,    0,    0,    0,    0,    0,    0,    0,    0,    0,    0,    0,    0,    0,    0,    0,    0,    0,    0,    0,    0,    0,    0,    0,    0,    0,    0,    0,    0,    0,    0,    0,    0,    0,    0,    0,    0,    0,    0,    0,    0,    0,    0,    0,    0,    0,    0,    0,    0,    0,    0,    0,    0,    0,    0,    0,    0,    0,    0,    0,    0,    0,    0,    0,    0,    0,    0,    0,    0,    0,    0,    0,    0,    0,
       0,    0,   -3,    0,    0,    5,  -19,    0,  -13,    5,    0,    0,    0,    0,    0,    0,    0,    0,    0,    0,    0,    0,    0,    0,    0,    0,    0,    0,    0,  -10,   -3,    0,   -5,   -5,    0,    0,    0,    0,    0,    0,    0,    0,    7,    7,    8,    7,    4,    0,    0,    0,    6,    0,    0,   -3,    0,    0,    0,   -6,    0,    0,    0,    0,    0,    0,    0,    0,    0,    0,    0,    0,    0,    0,    0,    0,    0,    0,    0,    0,    0,    0,    0,    0,    0,    0,    0,    0,    0,    0,    0,    0,    0,    0,    0,    0,    0,    0,    0,    0,    0,    0,    0,    0,    0,    0,    0,    0,    0,    0,    0,    0,    0,    0,    0,    0,    0,    0,    0,    0,    0,    0,    0,    0,    0,    0,    0,    0,    0,    0,    0,    0,    0,    0,    0,    0,    0,    0,    0,    0,    0,    7,   11,  -14,    0,    0,    0,    0,    0,    0,    0,    0,    0,    0,    0,    0,    0,    0,    0,    0,    0,    0,    0,    0,    0,    0,    0,    0,    0,    0,    0,    0,    0,    0,    0,    0,    0,    0,    0,    0,    0,    0,    0,    0,    0,    0,    0,    0,    0,    0,    0,    0,    0,    0,    0,    0,    0,    0,    0,    0,    0,    0,    0,    0,    0,    0,    0,    0,    0,    0,    0,    0,    0,    0,    0,    0,    0,    0,    0,    0,    0,    0,    0,    0,    0,    0,    0,    0,    0,    0,    0,    0,    0,    0,    0,    0,    0,    0,    0,    0,    0,    0,    0,    0,    0,    0,    0,    0,    0,    0,    0,    0,
       0,    0,    0,    0,    0,    0,    8,    0,    3,    3,   -4,    0,    0,    0,    0,    0,    0,    0,    0,    0,    0,    0,    0,    0,    0,    0,    0,    0,    0,   -9,   -5,    0,   -5,   -5,    0,    0,    0,    0,    0,    0,    0,    0,    6,    6,    7,    6,    0,    0,   -4,   -5,    3,    0,    0,   -5,    0,    0,    0,    0,    0,    0,    0,    0,    0,    0,    0,    0,    0,    0,    0,    0,    0,    0,    0,    0,    0,    0,    0,    0,    0,    0,    0,    0,    0,    0,    0,    0,    0,    0,    0,    0,    0,    0,    0,    0,    0,    0,    0,    0,    0,    0,    0,    0,    0,    0,    0,    0,    0,    0,    0,    0,    0,    0,    0,    0,    0,    0,    0,    0,    0,    0,    0,    0,    0,    0,    0,    0,    0,    0,    0,    0,    0,    0,    0,    0,    0,    0,    0,    0,    0,    5,    9,    9,    0,    0,    0,    0,    0,    0,    0,    0,    0,    0,    0,    0,    0,    0,    0,    0,    0,    0,    0,    0,    0,    0,    0,    0,    0,    0,    0,    0,    0,    0,    0,    0,    0,    0,    0,    0,    0,    0,    0,    0,    0,    0,    0,    0,    0,    0,    0,    0,    0,    0,    0,    0,    0,    0,    0,    0,    0,    0,    0,    0,    0,    0,    0,    0,    0,    0,    0,    0,    0,    0,    0,    0,    0,    0,    0,    0,    0,    0,    0,    0,    0,    0,    0,    0,    0,    0,    0,    0,    0,    0,    0,    0,    0,    0,    0,    0,    0,    0,    0,    0,    0,    0,    0,    0,    0,    0,    0,    0,
       0,    0,    0,    0,    0,    0,    0,    0,    0,    0,    0,    0,    0,    0,   -4,   -5,    0,    0,   -5,    0,    0,    0,    0,    0,    0,    0,    0,    0,    0,    0,    0,    0,    0,    0,    0,    0,    0,    0,    0,    0,    0,    0,    0,    0,    0,    0,    0,    0,   30,    0,    0,    0,    0,    0,    0,    0,    0,    0,    0,    0,    0,    0,    0,    0,    0,    0,    0,    6,   -8,   -5,    0,   -5,    6,    0,    6,    8,    0,    0,   -8,   -9,    6,    0,    0,   -7,   -6,   -5,   -5,   -5,    6,   -7,    0,   -5,    0,   -6,   -7,    0,   -7,   -5,    9,   -9,    0,   -8,   -4,   -5,   -6,   -5,   -6,    7,   -6,   -5,    0,    0,   21,    7,    0,    0,  -10,   -9,    9,    0,    0,    0,    0,    0,   -6,    0,   -6,    0,    4,    0,    0,    0,    0,    0,    0,    0,    0,    0,    0,    0,    0,    0,    0,    0,    0,    0,    0,    0,    0,    0,    0,    0,    0,    0,    0,    0,    0,    0,    0,    0,    0,    0,    0,    0,    0,    0,    0,    0,    0,    0,    0,    0,    0,    0,    0,    0,    0,    0,    0,    0,    0,    0,    0,    0,    0,    0,    0,    0,    0,    0,    0,    0,    0,    0,    0,    0,    0,    0,    0,    0,    0,    0,    0,    0,    0,    0,    0,    0,    0,    0,    0,    0,    0,    0,    0,    0,    0,    0,    0,    0,    0,    0,    0,    0,    0,    0,    0,    0,    0,    0,    0,    0,    0,    0,    0,    0,    0,    0,    0,    0,    0,    0,    0,    0,    0,    0,    0,    0,    0,    0,
       0,    0,    0,    0,    0,    0,    0,    0,    0,    0,    0,    0,    0,    0,    0,    0,   -4,    0,    0,    0,   -6,    0,   -6,    0,   -4,   -5,    0,    0,    0,    0,    0,    0,    0,    0,    0,    0,    0,    0,    0,    0,    0,    0,    0,    0,    0,    0,    0,    0,    0,    0,    0,   -4,    0,    0,    0,    0,    0,    0,    0,    0,    0,    0,    0,    0,    0,    0,    0,   -6,    0,   -5,   -4,   -6,   -7,   -3,   -5,   -4,   -6,    0,    0,    0,   -4,    0,   -7,   -5,    0,    0,    0,    0,   -4,    0,   -4,    0,   -4,    0,    0,    0,    0,    0,    0,    0,    0,    0,    0,    0,    0,    0,    0,    0,    0,    0,    0,    0,    0,    0,    0,    0,    0,    0,   -5,    0,    0,    0,    4,    0,    0,    0,    0,   -7,   -5,    0,    0,    0,    0,    0,    0,    0,    0,    0,    0,    0,    0,    0,    0,    0,    0,    0,    0,    0,    0,    0,    0,    0,    0,    0,    0,    0,    0,    0,    0,    0,    0,    0,    0,    0,    0,    0,    0,    0,    0,    0,    0,    0,    0,    0,    0,    0,    0,    0,    0,    0,    0,    0,    0,    0,    0,    0,    0,    0,    0,    0,    0,    0,    0,    0,    0,    0,    0,    0,    0,    0,    0,    0,    0,    0,    0,    0,    0,    0,    0,    0,    0,    0,    0,    0,    0,    0,    0,    0,    0,    0,    0,    0,    0,    0,    0,    0,    0,    0,    0,    0,    0,    0,    0,    0,    0,    0,    0,    0,    0,    0,    0,    0,    0,    0,    0,    0,    0,    0,    0,    0,
       0,    0,    0,    0,    0,    0,    0,    0,    0,    0,    0,    0,    0,    0,    0,    0,    0,    0,    0,    0,  -21,    0,  -11,   -3,    0,  -16,    0,    0,    0,    0,    0,    0,    0,    0,    0,    0,    0,    0,    0,    0,    0,    0,    0,    0,    0,    0,    0,    0,    0,    0,    0,    0,    0,    0,    0,    0,    0,    0,    0,    0,    0,    0,    0,    0,    0,    0,    0,    0,    0,    0,    0,    0,    0,    0,    0,    0,    0,    0,    0,    0,    0,    0,    0,    0,    0,    0,    0,    0,    0,    0,    0,    0,    0,    0,    0,    0,    0,    0,    0,    0,    0,    0,    0,    0,    0,    0,    0,    0,    0,    0,    0,    0,    0,    0,    0,    0,    0,    0,    0,    0,    0,    0,    0,    0,    0,    0,    0,    0,    0,    0,    0,    0,    0,    0,    0,    0,    0,    0,    0,    0,    0,    0,    0,    0,    0,    0,    0,    0,    0,    0,    0,    0,    0,    0,    0,    0,    0,    0,    0,    0,    0,    0,    0,    0,    0,    0,    0,    0,    0,    0,    0,    0,    0,    0,    0,    0,    0,    0,    0,    0,    0,    0,    0,    0,    0,    0,    0,    0,    0,    0,    0,    0,    0,    0,    0,    0,    0,    0,    0,    0,    0,    0,    0,    0,    0,    0,    0,    0,    0,    0,    0,    0,    0,    0,    0,    0,    0,    0,    0,    0,    0,    0,    0,    0,    0,    0,    0,    0,    0,    0,    0,    0,    0,    0,    0,    0,    0,    0,    0,    0,    0,    0,    0,    0,    0,    0,    0,    0,    0,    0,
       0,    0,    0,    0,    0,    0,    0,    0,    0,    0,    0,    0,    4,    0,    0,    0,    6,    0,    0,    0,  -22,    0,   -3,    0,    0,   -9,    4,    0,    0,    0,    0,    0,    0,    0,    0,    0,    0,    0,    0,    0,    0,    0,    6,    6,    0,    6,    3,    0,    0,    0,    0,    0,    0,    0,    0,    0,    0,    0,    0,    0,    0,    0,    0,    0,    0,    0,    0,  -22,    0,    0,    6,    0,    0,    4,    0,    0,    0,    0,    0,    0,    0,    0,    0,    0,    0,    0,    0,    0,    0,    0,    0,    0,    5,    0,    0,    0,    0,    0,    0,    0,    0,    0,    0,    0,    0,    0,    0,    0,    0,    0,    0,    0,    0,    0,    5,    5,    0,    0,   -6,    4,    0,    5,    4,    0,    0,    0,    0,    0,    0,    0,    0,    0,    0,    0,    0,    0,    0,    0,    0,    0,    0,    0,    0,    0,    0,    0,    0,    0,    0,    0,    0,    0,    0,    0,    0,    0,    0,    0,    0,    0,    0,    0,    0,    0,    0,    0,    0,    0,    0,    0,    0,    0,    0,    0,    0,    0,    0,    0,    0,    0,    0,    0,    0,    0,    0,    0,    0,    0,    0,    0,    0,    0,    0,    0,    0,    0,    0,    0,    0,    0,    0,    0,    0,    0,    0,    0,    0,    0,    0,    0,    0,    0,    0,    0,    0,    0,    0,    0,    0,    0,    0,    0,    0,    0,    0,    0,    0,    0,    0,    0,    0,    0,    0,    0,    0,    0,    0,    0,    0,    0,    0,    0,    0,    0,    0,    0,    0,    0,    0,    0,
       0,    0,    0,    0,    0,    0,    0,    0,    0,    0,    0,    0,   -5,    0,    3,    3,  -10,    0,    3,   -7,  -25,    0,  -14,   -6,  -13,  -27,   -8,    0,    0,    0,    3,    0,    3,    3,    0,    0,    0,    0,    0,    0,    0,    0,    0,    0,   -9,    0,   -6,    0,    0,    0,    0,  -15,    0,    3,    0,    0,    0,    3,    0,    0,    0,    0,    0,    0,    0,    0,    0,  -25,    0,   -7,  -10,   -6,  -11,   -5,   -5,  -15,   -8,    0,    3,    0,  -13,    0,  -10,   -8,    0,    0,    0,    0,   -6,    0,   -9,    0,   -5,    0,    3,    0,    0,    0,    0,    0,   -9,    0,    0,    0,   -4,    0,    0,    0,    0,    0,    0,    0,    0,    0,    0,    0,    0,    0,  -21,    0,    0,    0,    0,   -8,    0,    0,    0,  -10,   -8,    0,    0,    0,    0,    0,    0,    0,    0,    0,    0,    0,    0,    0,    0,    0,    0,    0,    0,    0,    0,    0,    0,    0,    0,    0,    0,    0,    0,    0,    0,    0,    0,    0,    0,    0,    0,    0,    0,    0,    0,    0,    0,    0,    0,    0,    0,    0,    0,    0,    0,    0,    0,    0,    0,    0,    0,    0,    0,    0,    0,    0,    0,    0,    0,    0,    0,    0,    0,    0,    0,    0,    0,    0,    0,    0,    0,    0,    0,    0,    0,    0,    0,    0,    0,    0,    0,    0,    0,    0,    0,    0,    0,    0,    0,    0,    0,    0,    0,    0,    0,    0,    0,    0,    0,    0,    0,    0,    0,    0,    0,    0,    0,    0,    0,    0,    0,    0,    0,    0,    0,    0,
       0,    0,    0,    0,    0,    0,    0,    0,    0,    0,    0,    0,  -14,  -10,  -13,  -13,  -18,   -7,  -13,  -11,  -35,  -11,  -21,  -14,  -21,  -26,  -17,    0,    0,    0,  -13,  -11,  -13,  -13,  -11,  -11,  -11,   23,  -11,  -12,  -11,  -13,   -8,   -8,  -10,    5,  -11,    0,    0,    0,    0,  -24,  -11,  -13,  -11,  -11,  -11,  -14,  -11,  -11,  -11,  -10,    0,    0,    0,    0,    0,    0,    0,    0,    0,    0,    0,    0,    0,    0,    0,    0,    0,    0,    0,    0,    0,    0,    0,    0,    0,    0,    0,    0,    0,    0,    0,    0,    0,    0,    0,    0,    0,    0,    0,    0,    0,    0,    0,    0,    0,    0,    0,    0,    0,    0,    0,    0,    0,    0,    0,    0,    0,    0,    0,    0,    0,    0,    0,    0,    0,    0,    0,    0,    0,    0,    0,    0,    0,    0,    0,    0,    0,    0,    0,    0,    0,    0,    0,    0,    0,    0,    0,    0,    0,    0,    0,    0,    0,    0,    0,    0,    0,    0,    0,    0,    0,    0,    0,    0,    0,    0,    0,    0,    0,    0,    0,    0,    0,    0,    0,    0,    0,    0,    0,    0,    0,    0,    0,    0,    0,    0,    0,    0,    0,    0,    0,    0,    0,    0,    0,    0,    0,    0,    0,    0,    0,    0,    0,    0,    0,    0,    0,    0,    0,    0,    0,    0,    0,    0,    0,    0,    0,    0,    0,    0,    0,    0,    0,    0,    0,    0,    0,    0,    0,    0,    0,    0,    0,    0,    0,    0,    0,    0,    0,    0,    0,    0,    0,    0,    0,    0,    0,    0,
       0,    0,    0,    0,   -8,    0,  -19,    5,  -20,    4,   -9,    0,   -9,    0,    0,    0,  -14,    0,    0,    0,   -7,    0,   -7,   -3,  -12,  -13,   -8,    0,   -7,  -12,   -3,    0,    0,    0,    0,    0,    0,    0,    0,    0,    0,    0,    0,    0,    0,    0,    0,    0,   -7,    5,    0,  -18,    0,   -3,    0,    0,    0,    0,    0,    0,    0,    0,    0,    0,   -7,   -7,    0,    0,    0,    0,    0,    0,    0,    0,    0,    0,    0,    0,    0,    0,    0,    0,    0,    0,    0,    0,    0,    0,    0,    0,    0,    0,    0,    0,    0,    0,    0,    0,    0,    0,    0,    0,    0,    0,    0,    0,    0,    0,    0,    0,    0,    0,    0,    0,    0,    0,    0,    0,    0,    0,    0,    0,    0,    0,    0,    0,    0,    0,    0,    0,    0,    0,    0,    0,    0,    0,    0,    0,    0,    0,    0,    0,    0,    0,    0,    0,    0,    0,    0,    0,    0,    0,    0,    0,    0,    0,    0,    0,    0,    0,    0,    0,    0,    0,    0,    0,    0,    0,    0,    0,    0,    0,    0,    0,    0,    0,    0,    0,    0,    0,    0,    0,    0,    0,    0,    0,    0,    0,    0,    0,    0,    0,    0,    0,    0,    0,    0,    0,    0,    0,    0,    0,    0,    0,    0,    0,    0,    0,    0,    0,    0,    0,    0,    0,    0,    0,    0,    0,    0,    0,    0,    0,    0,    0,    0,    0,    0,    0,    0,    0,    0,    0,    0,    0,    0,    0,    0,    0,    0,    0,    0,    0,    0,    0,    0,    0,    0,    0,    0,    0,
       0,  -12,    0,    0,   -8,  -25,    0,    2,    0,    0,  -15,    0,    0,    0,    0,    0,    0,    0,    0,    0,    0,    0,    0,    0,    0,    0,    0,   -4,  -17,   -7,    0,    0,    0,    0,    0,    0,    0,    0,    0,    0,    0,    0,  -12,  -10,   -3,  -12,    0,    0,   -7,    0,    0,    0,    0,    0,    0,    0,    0,    0,    0,    0,    0,    0,    0,    0,    0,    0,   -9,    0,    0,    0,    0,    0,    0,    0,    0,    0,    0,    0,    0,    0,    0,    0,    0,    0,    0,    0,    0,    0,    0,    0,    0,    0,    0,    0,    0,    0,    0,    0,    0,    0,    0,    0,    0,    0,    0,    0,    0,    0,    0,    0,    0,    0,    0,    0,    0,    0,    0,    0,    0,    0,    0,    0,    0,    0,    0,    0,    0,    0,    0,    0,    0,    0,    0,    0,    0,    0,    0,    0,    0,  -21,  -19,    0,    0,    0,    0,    0,    0,    0,    0,    0,    0,    0,    0,    0,    0,    0,    0,    0,    0,    0,    0,    0,    0,    0,    0,    0,    0,    0,    0,    0,    0,    0,    0,    0,    0,    0,    0,    0,    0,    0,    0,    0,    0,    0,    0,    0,    0,    0,    0,    0,    0,    0,    0,    0,    0,    0,    0,    0,    0,    0,    0,    0,    0,    0,    0,    0,    0,    0,    0,    0,    0,    0,    0,    0,    0,    0,    0,    0,    0,    0,    0,    0,    0,    0,    0,    0,    0,    0,    0,    0,    0,    0,    0,    0,    0,    0,    0,    0,    0,    0,    0,    0,    0,    0,    0,    0,    0,    0,    0,    0,
       0,    0,    0,    0,    5,    0,  -10,    4,   -9,    0,    6,    0,    0,    0,    0,    0,    0,    0,    0,    0,    0,    0,    0,    0,    0,    0,    0,    0,    7,    7,    0,    0,    0,    0,    0,    0,    0,    0,    0,    0,    0,    0,    0,    0,    0,    0,    0,    0,    3,    4,    0,    0,    0,    0,    0,    0,    0,    0,    0,    0,    0,    0,    0,    0,    0,    0,    0,    0,    0,    0,    0,    0,    0,    0,    0,    0,    0,    0,    0,    0,    0,    0,    0,    0,    0,    0,    0,    0,    0,    0,    0,    0,    0,    0,    0,    0,    0,    0,    0,    0,    0,    0,    0,    0,    0,    0,    0,    0,    0,    0,    0,    0,    0,    0,    0,    0,    0,    0,    0,    0,    0,    0,    0,    0,    0,    0,    0,    0,    0,    0,    0,    0,    0,    0,    0,    0,    0,    0,    0,    4,    7,    0,    0,    0,    0,    0,    0,    0,    0,    0,    0,    0,    0,    0,    0,    0,    0,    0,    0,    0,    0,    0,    0,    0,    0,    0,    0,    0,    0,    0,    0,    0,    0,    0,    0,    0,    0,    0,    0,    0,    0,    0,    0,    0,    0,    0,    0,    0,    0,    0,    0,    0,    0,    0,    0,    0,    0,    0,    0,    0,    0,    0,    0,    0,    0,    0,    0,    0,    0,    0,    0,    0,    0,    0,    0,    0,    0,    0,    0,    0,    0,    0,    0,    0,    0,    0,    0,    0,    0,    0,    0,    0,    0,    0,    0,    0,    0,    0,    0,    0,    0,    0,    0,    0,    0,    0,    0,    0,    0,    0,
       0,   -8,    0,    0,   -7,   -5,    0,    0,   -7,    0,   -8,    0,    0,    0,    0,    0,    0,    0,    0,    0,    0,    0,    0,    0,    0,    0,    0,    0,    0,  -10,    0,    0,    0,    0,    0,    0,    0,    0,    0,    0,    0,    0,   -3,    0,   -4,   -3,    0,    0,   -6,    0,    0,    0,    0,    0,    0,    0,    0,    0,    0,    0,    0,    0,    0,    0,    0,    0,    0,    0,    0,    0,    0,    0,    0,    0,    0,    0,    0,    0,    0,    0,    0,    0,    0,    0,    0,    0,    0,    0,    0,    0,    0,    0,    0,    0,    0,    0,    0,    0,    0,    0,    0,    0,    0,    0,    0,    0,    0,    0,    0,    0,    0,    0,    0,    0,    0,    0,    0,    0,    0,    0,    0,    0,    0,    0,    0,    0,    0,    0,    0,    0,    0,    0,    0,    0,    0,    0,    0,    0,    0,   -7,   -5,    0,    0,    0,    0,    0,    0,    0,    0,    0,    0,    0,    0,    0,    0,    0,    0,    0,    0,    0,    0,    0,    0,    0,    0,    0,    0,    0,    0,    0,    0,    0,    0,    0,    0,    0,    0,    0,    0,    0,    0,    0,    0,    0,    0,    0,    0,    0,    0,    0,    0,    0,    0,    0,    0,    0,    0,    0,    0,    0,    0,    0,    0,    0,    0,    0,    0,    0,    0,    0,    0,    0,    0,    0,    0,    0,    0,    0,    0,    0,    0,    0,    0,    0,    0,    0,    0,    0,    0,    0,    0,    0,    0,    0,    0,    0,    0,    0,    0,    0,    0,    0,    0,    0,    0,    0,    0,    0,    0,    0,
       0,    8,    0,    0,   20,    0,   -8,   -7,    0,    0,   12,    0,    0,    0,    0,    0,    0,    0,    0,    0,    0,    0,    0,    0,    0,    0,    0,    0,   30,   23,   -6,    6,  -13,  -13,    0,    9,    6,    6,   -6,  -10,    3,   -5,   11,   11,   10,   13,    8,    0,   23,    0,    0,    0,    0,   -4,   22,   30,   45,    0,   40,   35,   37,    0,    0,    0,    0,    0,    0,    0,    0,    0,    0,    0,    0,    0,    0,    0,    0,    0,    0,    0,    0,    0,    0,    0,    0,    0,    0,    0,    0,    0,    0,    0,    0,    0,    0,    0,    0,    0,    0,    0,    0,    0,    0,    0,    0,    0,    0,    0,    0,    0,    0,    0,    0,    0,    0,    0,    0,    0,    0,    0,    0,    0,    0,    0,    0,    0,    0,    0,    0,    0,    0,    0,    0,    0,    0,    0,    0,    0,    0,    7,    8,    0,    0,    0,    0,    0,    0,    0,    0,    0,    0,    0,    0,    0,    0,    0,    0,    0,    0,    0,    0,    0,    0,    0,    0,    0,    0,    0,    0,    0,    0,    0,    0,    0,    0,    0,    0,    0,    0,    0,    0,    0,    0,    0,    0,    0,    0,    0,    0,    0,    0,    0,    0,    0,    0,    0,    0,    0,    0,    0,    0,    0,    0,    0,    0,    0,    0,    0,    0,    0,    0,    0,    0,    0,    0,    0,    0,    0,    0,    0,    0,    0,    0,    0,    0,    0,    0,    0,    0,    0,    0,    0,    0,    0,    0,    0,    0,    0,    0,    0,    0,    0,    0,    0,    0,    0,    0,    0,    0,    0,
       0,    0,    0,    0,    0,    0,    0,    0,    0,    0,    0,    0,    0,    0,    0,    0,    0,    0,    0,    0,    0,    0,    0,    0,    0,    0,    0,    0,    0,    0,    0,    0,    0,    0,    0,    0,    0,    6,    0,    0,    0,    0,    0,    0,    0,    0,    0,    0,    0,    0,    0,    0,    0,    0,    0,    0,    0,    0,    0,    0,    0,    0,    0,    0,    0,    0,    0,    0,    0,    0,    0,    0,    0,    0,    0,    0,    0,    0,    0,    0,    0,    0,    0,    0,    0,    0,    0,    0,    0,    0,    0,    0,    0,    0,    0,    0,    0,    0,    0,    0,    0,    0,    0,    0,    0,    0,    0,    0,    0,    0,    0,    0,    0,    0,    0,    0,    0,    0,    0,    0,    0,    0,    0,    0,    0,    0,    0,    0,    0,    0,    0,    0,    0,    0,    0,    0,    0,    0,    0,    0,    0,    0,    0,    0,    0,    0,    0,    0,    0,    0,    0,    0,    0,    0,    0,    0,    0,    0,    0,    0,    0,    0,    0,    0,    0,    0,    0,    0,    0,    0,    0,    0,    0,    0,    0,    0,    0,    0,    0,    0,    0,    0,    0,    0,    0,    0,    0,    0,    0,    0,    0,    0,    0,    0,    0,    0,    0,    0,    0,    0,    0,    0,    0,    0,    0,    0,    0,    0,    0,    0,    0,    0,    0,    0,    0,    0,    0,    0,    0,    0,    0,    0,    0,    0,    0,    0,    0,    0,    0,    0,    0,    0,    0,    0,    0,    0,    0,    0,    0,    0,    0,    0,    0,    0,    0,    0,    0,    0,    0,    0,
       0,   -9,    0,    0,    0,   -5,    0,    0,    0,    0,   -6,    0,    0,    0,    0,    0,    0,    0,    0,    0,    0,    0,    0,    0,    0,    0,    0,    0,    0,    0,    0,    0,    0,    0,    0,    0,    0,    0,    0,    0,    0,    0,    0,    0,    0,    0,    0,    0,    0,    0,    0,    0,    0,    0,    0,    0,    0,    0,    0,    0,    0,    0,    0,    0,    0,    0,    0,    0,    0,    0,    0,    0,    0,    0,    0,    0,    0,    0,    0,    0,    0,    0,    0,    0,    0,    0,    0,    0,    0,    0,    0,    0,    0,    0,    0,    0,    0,    0,    0,    0,    0,    0,    0,    0,    0,    0,    0,    0,    0,    0,    0,    0,    0,    0,    0,    0,    0,    0,    0,    0,    0,    0,    0,    0,    0,    0,    0,    0,    0,    0,    0,    0,    0,    0,    0,    0,    0,    0,    0,   -7,   -6,    0,    0,    0,    0,    0,    0,    0,    0,    0,    0,    0,    0,    0,    0,    0,    0,    0,    0,    0,    0,    0,    0,    0,    0,    0,    0,    0,    0,    0,    0,    0,    0,    0,    0,    0,    0,    0,    0,    0,    0,    0,    0,    0,    0,    0,    0,    0,    0,    0,    0,    0,    0,    0,    0,    0,    0,    0,    0,    0,    0,    0,    0,    0,    0,    0,    0,    0,    0,    0,    0,    0,    0,    0,    0,    0,    0,    0,    0,    0,    0,    0,    0,    0,    0,    0,    0,    0,    0,    0,    0,    0,    0,    0,    0,    0,    0,    0,    0,    0,    0,    0,    0,    0,    0,    0,    0,    0,    0,    0,
       0,    0,    0,    0,    0,    0,    0,    0,    0,    0,    0,    0,   -6,    0,    0,    0,   -6,    0,    0,    0,    0,    0,    0,    0,    0,    0,    0,    0,    0,    0,    0,    0,    0,    0,    0,    0,    0,    0,    0,    0,    0,    0,    0,    0,    0,    0,    0,    0,    0,    0,    0,  -12,    0,    0,    0,    0,    0,    0,    0,    0,    0,    0,    0,    0,    0,    0,    0,    0,    0,    0,    0,    0,    0,    0,    0,    0,    0,    0,    0,    0,    0,    0,    0,    0,    0,    0,    0,    0,    0,    0,    0,    0,    0,    0,    0,    0,    0,    0,    0,    0,    0,    0,    0,    0,    0,    0,    0,    0,    0,    0,    0,    0,    0,    0,    0,    0,    0,    0,    0,    0,    0,    0,    0,    0,    0,    0,    0,    0,    0,    0,    0,    0,    0,    0,    0,    0,    0,    0,    0,    0,    0,    0,    0,    0,    0,    0,    0,    0,    0,    0,    0,    0,    0,    0,    0,    0,    0,    0,    0,    0,    0,    0,    0,    0,    0,    0,    0,    0,    0,    0,    0,    0,    0,    0,    0,    0,    0,    0,    0,    0,    0,    0,    0,    0,    0,    0,    0,    0,    0,    0,    0,    0,    0,    0,    0,    0,    0,    0,    0,    0,    0,    0,    0,    0,    0,    0,    0,    0,    0,    0,    0,    0,    0,    0,    0,    0,    0,    0,    0,    0,    0,    0,    0,    0,    0,    0,    0,    0,    0,    0,    0,    0,    0,    0,    0,    0,    0,    0,    0,    0,    0,    0,    0,    0,    0,    0,    0,    0,    0,    0,
       0,    0,    0,    0,    0,    0,    0,    0,    0,    0,    0,    0,    0,    0,    0,    0,    0,    0,    0,    0,    0,    0,    0,    0,    0,    0,    0,    0,    0,    0,    0,    0,    0,    0,    0,    0,    0,    0,    0,    0,    0,    0,   -7,   -6,   -6,   -7,    0,    0,    0,    0,    0,    0,    0,    0,    0,    0,    0,    0,    0,    0,    0,    0,    0,    0,    0,    0,   -8,    0,    0,    0,    0,    0,    0,    0,    0,    0,    0,    0,    0,    0,    0,    0,    0,    0,    0,    0,    0,    0,    0,    0,    0,    0,    0,    0,    0,    0,    0,    0,    0,    0,    0,    0,    0,    0,    0,    0,    0,    0,    0,    0,    0,    0,    0,    0,    0,    0,    0,    0,    0,    0,    0,    0,    0,    0,    0,    0,    0,    0,    0,    0,    0,    0,    0,    0,    0,    0,    0,    0,    0,    0,    0,    0,    0,    0,    0,    0,    0,    0,    0,    0,    0,    0,    0,    0,    0,    0,    0,    0,    0,    0,    0,    0,    0,    0,    0,    0,    0,    0,    0,    0,    0,    0,    0,    0,    0,    0,    0,    0,    0,    0,    0,    0,    0,    0,    0,    0,    0,    0,    0,    0,    0,    0,    0,    0,    0,    0,    0,    0,    0,    0,    0,    0,    0,    0,    0,    0,    0,    0,    0,    0,    0,    0,    0,    0,    0,    0,    0,    0,    0,    0,    0,    0,    0,    0,    0,    0,    0,    0,    0,    0,    0,    0,    0,    0,    0,    0,    0,    0,    0,    0,    0,    0,    0,    0,    0,    0,    0,    0,    0,    0,
       0,    0,    0,    0,    0,    0,    0,    0,    0,    0,    0,    0,    0,    0,    0,    0,    0,    0,    0,    0,    0,    0,    0,    0,    0,    0,    0,    0,    0,    0,    0,    0,    0,    0,    0,    0,    0,   11,    0,    0,    0,    0,    0,    0,    0,    0,    0,    0,    0,    0,    0,    0,    0,    0,    0,    0,    0,    0,    0,    0,    0,    0,    0,    0,    0,    0,    0,    0,    0,    0,    0,    0,    0,    0,    0,    0,    0,    0,    0,    0,    0,    0,    0,    0,    0,    0,    0,    0,    0,    0,    0,    0,    0,    0,    0,    0,    0,    0,    0,    0,    0,    0,    0,    0,    0,    0,    0,    0,    0,    0,    0,    0,    0,    0,    0,    0,    0,    0,    0,    0,    0,    0,    0,    0,    0,    0,    0,    0,    0,    0,    0,    0,    0,    0,    0,    0,    0,    0,    0,    0,    0,    0,    0,    0,    0,    0,    0,    0,    0,    0,    0,    0,    0,    0,    0,    0,    0,    0,    0,    0,    0,    0,    0,    0,    0,    0,    0,    0,    0,    0,    0,    0,    0,    0,    0,    0,    0,    0,    0,    0,    0,    0,    0,    0,    0,    0,    0,    0,    0,    0,    0,    0,    0,    0,    0,    0,    0,    0,    0,    0,    0,    0,    0,    0,    0,    0,    0,    0,    0,    0,    0,    0,    0,    0,    0,    0,    0,    0,    0,    0,    0,    0,    0,    0,    0,    0,    0,    0,    0,    0,    0,    0,    0,    0,    0,    0,    0,    0,    0,    0,    0,    0,    0,    0,    0,    0,    0,    0,    0,    0,
       0,    0,    0,    0,    0,    0,    0,    0,    0,    0,    0,    0,  -11,    0,    0,    0,  -15,    0,    0,    0,    0,    0,    0,    0,   -8,   -4,    0,    0,    0,    0,   -5,    0,    0,    0,    0,    0,    0,    0,    0,    0,    0,    0,    0,    0,    0,    0,    0,    0,    0,    0,    0,  -19,    0,   -5,    0,    0,    0,    0,    0,    0,    0,    0,    0,    0,    0,    0,    0,    0,    0,    0,    0,    0,    0,    0,    0,    0,    0,    0,    0,    0,    0,    0,    0,    0,    0,    0,    0,    0,    0,    0,    0,    0,    0,    0,    0,    0,    0,    0,    0,    0,    0,    0,    0,    0,    0,    0,    0,    0,    0,    0,    0,    0,    0,    0,    0,    0,    0,    0,    0,    0,    0,    0,    0,    0,    0,    0,    0,    0,    0,    0,    0,    0,    0,    0,    0,    0,    0,    0,    0,    0,    0,    0,    0,    0,    0,    0,    0,    0,    0,    0,    0,    0,    0,    0,    0,    0,    0,    0,    0,    0,    0,    0,    0,    0,    0,    0,    0,    0,    0,    0,    0,    0,    0,    0,    0,    0,    0,    0,    0,    0,    0,    0,    0,    0,    0,    0,    0,    0,    0,    0,    0,    0,    0,    0,    0,    0,    0,    0,    0,    0,    0,    0,    0,    0,    0,    0,    0,    0,    0,    0,    0,    0,    0,    0,    0,    0,    0,    0,    0,    0,    0,    0,    0,    0,    0,    0,    0,    0,    0,    0,    0,    0,    0,    0,    0,    0,    0,    0,    0,    0,    0,    0,    0,    0,    0,    0,    0,    0,    0,    0,
       0,    0,    0,    0,    0,    0,    0,    0,    0,    0,    0,    0,    0,    0,    0,    0,    0,    0,    0,    0,    0,    0,   -6,    0,    0,   -7,    0,    0,    0,    0,    0,    0,    0,    0,    0,    0,    0,    0,    0,    0,    0,    0,    0,    0,    0,    0,    0,    0,    0,    0,    0,    0,    0,    0,    0,    0,    0,    0,    0,    0,    0,   -4,    0,    0,    0,    0,    0,    0,    0,    0,    0,    0,    0,    0,    0,    0,    0,    0,    0,    0,    0,    0,    0,    0,    0,    0,    0,    0,    0,    0,    0,    0,    0,    0,    0,    0,    0,    0,    0,    0,    0,    0,    0,    0,    0,    0,    0,    0,    0,    0,    0,    0,    0,    0,    0,    0,    0,    0,    0,    0,    0,    0,    0,    0,    0,    0,    0,    0,    0,    0,    0,    0,    0,    0,    0,    0,    0,    0,    0,    0,    0,    0,    0,    0,    0,    0,    0,    0,    0,    0,    0,    0,    0,    0,    0,    0,    0,    0,    0,    0,    0,    0,    0,    0,    0,    0,    0,    0,    0,    0,    0,    0,    0,    0,    0,    0,    0,    0,    0,    0,    0,    0,    0,    0,    0,    0,    0,    0,    0,    0,    0,    0,    0,    0,    0,    0,    0,    0,    0,    0,    0,    0,    0,    0,    0,    0,    0,    0,    0,    0,    0,    0,    0,    0,    0,    0,    0,    0,    0,    0,    0,    0,    0,    0,    0,    0,    0,    0,    0,    0,    0,    0,    0,    0,    0,    0,    0,    0,    0,    0,    0,    0,    0,    0,    0,    0,    0,    0,    0,    0,
       0,    0,    0,    0,    0,    0,    0,    0,    0,    0,    0,    0,    0,    0,    0,    0,    0,    0,    0,    0,    0,    0,    0,    0,    0,    0,    0,    0,    0,    0,    0,    0,    0,    0,    0,    0,    0,    0,    0,    0,    0,    0,    0,    0,    0,    0,    0,    0,    0,    0,    0,    0,    0,    0,    0,    0,    0,    0,    0,    0,    0,    0,    0,    0,    0,    0,    0,    0,    0,    0,    8,    0,    0,    0,    0,    4,    0,    0,   -6,   -6,    7,    0,    0,    0,    0,    0,    0,    0,    0,    0,    0,    0,    0,    0,   -4,    0,    0,    0,    0,    0,    7,   -4,    0,    0,    0,    0,    0,    0,    0,    0,    0,    0,    0,    0,    0,    0,    0,    0,    0,    0,    0,    0,    0,    9,    0,    0,    0,    0,   -8,    0,    0,    0,    0,    0,    0,    0,    0,    0,    0,    0,    0,    0,    0,    0,    0,    0,    0,    0,    0,    0,    0,    0,    0,    0,    0,    0,    0,    0,    0,    0,    0,    0,    0,    0,    0,    0,    0,    0,    0,    0,    0,    0,    0,    0,    0,    0,    0,    0,    0,    0,    0,    0,    0,    0,    0,    0,    0,    0,    0,    0,    0,    0,    0,    0,    0,    0,    0,    0,    0,    0,    0,    0,    0,    0,    0,    0,    0,    0,    0,    0,    0,    0,    0,    0,    0,    0,    0,    0,    0,    0,    0,    0,    0,    0,    0,    0,    0,    0,    0,    0,    0,    0,    0,    0,    0,    0,    0,    0,    0,    0,    0,    0,    0,    0,    0,    0,    0,    0,    0,    0,
       0,   -5,    0,    0,   -4,   -9,    0,    7,   -6,    0,   -5,    0,    0,    0,    0,    0,    0,    0,    0,    0,    0,    0,    0,    0,    0,    0,    0,   -3,    0,    0,    0,    0,    0,    0,    0,    0,    0,    0,    0,    0,    0,    0,    0,    0,    0,    0,    0,    0,    0,    0,    0,    0,    0,    0,    0,    0,    0,    0,    0,    0,    0,    0,    0,    0,    0,    0,    0,   -5,    0,   -5,    0,    0,   -3,    0,    0,    0,    0,    0,    0,    0,   -5,   -5,   -4,   -7,    0,    0,    0,    0,    0,    0,   -6,    0,    0,    0,    0,    0,    0,   -5,   -5,    0,   -5,    0,    0,   -5,    0,    0,    0,    0,    0,    0,    0,    0,    0,    0,   -5,    0,    0,    0,    0,   -5,    0,   -4,    0,    0,    0,    0,    0,    0,  -12,    0,    0,    0,    0,    0,    0,    0,    0,    0,    0,    0,    0,    0,    0,    0,    0,    0,    0,    0,    0,    0,    0,    0,    0,    0,    0,    0,    0,    0,    0,    0,    0,    0,    0,    0,    0,    0,    0,    0,    0,    0,    0,    0,    0,    0,    0,    0,    0,    0,    0,    0,    0,    0,    0,    0,    0,    0,    0,    0,    0,    0,    0,    0,    0,    0,    0,    0,    0,    0,    0,    0,    0,    0,    0,    0,    0,    0,    0,    0,    0,    0,    0,    0,    0,    0,    0,    0,    0,    0,    0,    0,    0,    0,    0,    0,    0,    0,    0,    0,    0,    0,    0,    0,    0,    0,    0,    0,    0,    0,    0,    0,    0,    0,    0,    0,    0,    0,    0,    0,    0,    0,
       0,    0,    0,   -6,    8,    0,  -27,  -18,  -33,  -20,    9,  -12,    0,    0,    0,    0,    0,    0,    0,    0,    0,    0,    0,    0,    0,    0,    0,   -4,    0,   10,    0,    0,    0,    0,    0,    0,    0,    0,    0,    0,    0,    0,    0,    0,    0,    0,    0,   -9,    0,  -25,  -22,    0,    0,    0,    0,    0,    0,    0,    0,    0,    0,    0,    0,    0,    0,    0,    0,    9,   -6,    0,  -28,  -26,    0,  -27,  -24,    0,    0,   -3,   -8,   -8,    9,    0,    0,   -5,  -25,   -3,  -17,  -17,  -21,  -20,    0,   -3,  -21,  -22,  -25,  -17,  -21,    0,    0,  -24,  -25,  -17,  -17,    0,  -22,  -17,  -17,    0,  -19,  -24,    0,   13,    0,    0,    0,    0,   -6,  -21,    4,    0,    0,    0,  -28,  -36,  -25,   -5,  -20,    0,  -16,    0,    0,    0,    0,    0,    0,    0,    0,    0,    0,    9,    7,    0,    0,    0,    0,    0,    0,    0,    0,    0,    0,    0,    0,    0,    0,    0,    0,    0,    0,    0,    0,    0,    0,    0,    0,    0,    0,    0,    0,    0,    0,    0,    0,    0,    0,    0,    0,    0,    0,    0,    0,    0,    0,    0,    0,    0,    0,    0,    0,    0,    0,    0,    0,    0,    0,    0,    0,    0,    0,    0,    0,    0,    0,    0,    0,    0,    0,    0,    0,    0,    0,    0,    0,    0,    0,    0,    0,    0,    0,    0,    0,    0,    0,    0,    0,    0,    0,    0,    0,    0,    0,    0,    0,    0,    0,    0,    0,    0,    0,    0,    0,    0,    0,    0,    0,    0,    0,    0,    0,    0,
       0,    0,    0,   -4,    5,   -3,    8,   -4,    4,    6,    5,    0,    0,    0,    0,    0,    0,    0,    0,    0,    0,    0,    0,    0,    0,    0,    0,    0,    0,    9,    0,    0,    0,    0,    0,    0,    0,    0,    0,    0,    0,    0,    0,    0,    0,    0,    0,   -5,    5,   -8,    5,    0,    0,    0,    0,    0,    0,    0,    0,    0,    0,    0,    0,    0,    0,    0,    0,    7,   -6,    6,   10,    4,    0,    9,    5,    5,    4,    0,   -8,   -9,    9,    0,    0,    0,    3,    0,    0,    0,    5,    0,    4,    0,    5,    0,   -4,    0,    0,    0,    0,    0,    8,    0,    0,    0,    0,    0,    0,    3,    0,    2,    0,    0,    0,    3,    0,    0,   -6,    0,    4,    0,    0,    0,   -7,    9,    0,   -3,    0,    0,   -5,    0,    0,    0,    0,    0,    0,    0,    0,    0,    0,    7,   12,    0,    0,    0,    0,    0,    0,    0,    0,    0,    0,    0,    0,    0,    0,    0,    0,    0,    0,    0,    0,    0,    0,    0,    0,    0,    0,    0,    0,    0,    0,    0,    0,    0,    0,    0,    0,    0,    0,    0,    0,    0,    0,    0,    0,    0,    0,    0,    0,    0,    0,    0,    0,    0,    0,    0,    0,    0,    0,    0,    0,    0,    0,    0,    0,    0,    0,    0,    0,    0,    0,    0,    0,    0,    0,    0,    0,    0,    0,    0,    0,    0,    0,    0,    0,    0,    0,    0,    0,    0,    0,    0,    0,    0,    0,    0,    0,    0,    0,    0,    0,    0,    0,    0,    0,    0,    0,    0,    0,    0,
       0,   -4,    0,   -4,   -3,  -12,    3,    9,   -5,    0,   -3,    0,    0,    0,    0,    0,    0,    0,    0,    0,    0,    0,    0,    0,    0,    0,    0,   -5,    0,    0,    0,    0,    0,    0,    0,    0,    0,    0,    0,    0,    0,    0,    0,    0,    0,    0,    0,    0,    0,    5,    0,    0,    0,    0,    0,    0,    0,    0,    0,    0,    0,    0,    0,    0,    0,    0,    0,   -7,    0,    0,    0,    0,    0,    0,    0,    0,    0,    0,    0,    0,    0,   -4,   -4,   -7,    4,    0,    0,    0,    0,    0,    0,    0,    0,    0,    0,    0,    0,   -9,   -7,    0,   -4,    0,    0,   -8,    0,    0,    0,    0,    0,    0,    0,    0,    0,    0,   -6,    0,    0,    0,    0,   -8,    0,   -6,    0,    0,    0,    0,    0,    0,  -14,    0,    0,    0,    0,    0,    0,    0,    0,    0,    0,   -7,    0,    0,    0,    0,    0,    0,    0,    0,    0,    0,    0,    0,    0,    0,    0,    0,    0,    0,    0,    0,    0,    0,    0,    0,    0,    0,    0,    0,    0,    0,    0,    0,    0,    0,    0,    0,    0,    0,    0,    0,    0,    0,    0,    0,    0,    0,    0,    0,    0,    0,    0,    0,    0,    0,    0,    0,    0,    0,    0,    0,    0,    0,    0,    0,    0,    0,    0,    0,    0,    0,    0,    0,    0,    0,    0,    0,    0,    0,    0,    0,    0,    0,    0,    0,    0,    0,    0,    0,    0,    0,    0,    0,    0,    0,    0,    0,    0,    0,    0,    0,    0,    0,    0,    0,    0,    0,    0,    0,    0,    0,
       0,    0,    0,    0,    0,    0,    0,    0,  -10,    0,    0,    0,    0,    0,    0,    0,    0,    0,    0,    0,    0,    0,    0,    0,    0,    0,    0,    0,    0,    0,    0,    0,    0,    0,    0,    0,    0,    0,    0,    0,    0,    0,    0,    0,    0,    0,    0,    0,    0,    0,    3,    0,    0,    0,    0,    0,    0,    0,    0,    0,    0,    0,    0,    0,    0,    0,    0,    0,    0,    0,   -4,    0,    0,   -6,    0,    0,    0,    0,    0,    0,    0,    0,    0,    0,    0,    0,    0,    0,    0,    0,    0,    0,    0,    0,    0,    0,    0,    0,    0,    0,    0,    0,    0,    0,    0,    0,    0,    0,    0,    0,    0,    0,    0,    0,    0,    0,    0,    0,    0,    0,    0,    0,    0,    0,    0,    0,    0,    0,    0,    0,    0,    0,    0,    0,    0,    0,    0,    0,    0,    5,    5,    0,    0,    0,    0,    0,    0,    0,    0,    0,    0,    0,    0,    0,    0,    0,    0,    0,    0,    0,    0,    0,    0,    0,    0,    0,    0,    0,    0,    0,    0,    0,    0,    0,    0,    0,    0,    0,    0,    0,    0,    0,    0,    0,    0,    0,    0,    0,    0,    0,    0,    0,    0,    0,    0,    0,    0,    0,    0,    0,    0,    0,    0,    0,    0,    0,    0,    0,    0,    0,    0,    0,    0,    0,    0,    0,    0,    0,    0,    0,    0,    0,    0,    0,    0,    0,    0,    0,    0,    0,    0,    0,    0,    0,    0,    0,    0,    0,    0,    0,    0,    0,    0,    0,    0,    0,    0,    0,    0,    0,
       0,  -20,    0,    0,  -11,   -8,    0,    7,   -6,    0,  -11,    0,    0,    0,    0,    0,    0,    0,    0,    0,    0,    0,    0,    0,    0,    0,    0,   -5,    0,  -13,    0,    0,    0,    0,    0,    0,    0,    0,    0,    0,    0,    0,    0,    0,    0,    0,    0,    0,   -9,    0,    0,    0,    0,    0,    0,    0,    0,    0,    0,    0,    0,    0,    0,    0,    0,    0,    0,  -21,    0,   -5,    0,    0,   -4,    0,    0,   -6,    0,    0,    0,    0,   -5,   -4,   -4,   -9,    0,    0,    0,    0,    0,    0,   -6,    0,    0,    0,    0,    0,    0,   -4,   -4,    0,   -5,    0,    0,   -4,    0,    0,    0,    0,    0,    0,    0,    0,    0,    0,   -5,    0,    0,    0,  -24,   -4,    0,    0,    0,    0,    0,    0,    0,    0,  -10,    0,    0,    0,    0,    0,    0,    0,    0,    0,    0,  -20,  -17,    0,    0,    0,    0,    0,    0,    0,    0,    0,    0,    0,    0,    0,    0,    0,    0,    0,    0,    0,    0,    0,    0,    0,    0,    0,    0,    0,    0,    0,    0,    0,    0,    0,    0,    0,    0,    0,    0,    0,    0,    0,    0,    0,    0,    0,    0,    0,    0,    0,    0,    0,    0,    0,    0,    0,    0,    0,    0,    0,    0,    0,    0,    0,    0,    0,    0,    0,    0,    0,    0,    0,    0,    0,    0,    0,    0,    0,    0,    0,    0,    0,    0,    0,    0,    0,    0,    0,    0,    0,    0,    0,    0,    0,    0,    0,    0,    0,    0,    0,    0,    0,    0,    0,    0,    0,    0,    0,    0,    0,
       0,  -14,    0,    0,    0,   -9,    7,    7,    0,    0,   -6,    0,    0,    0,    0,    0,    0,    0,    0,    0,    0,    0,    0,    0,    0,    0,    0,    0,    0,  -10,    0,    0,    0,    0,    0,    0,    0,    0,    0,    0,    0,    0,    0,    0,    0,    0,    0,    0,   -7,    0,    0,    0,    0,    0,    0,    0,    0,    0,    0,    0,    0,    0,    0,    0,    0,    0,    0,  -15,    0,    0,    0,    0,    0,    0,    0,    0,    0,    0,    0,    0,    0,   -4,    0,    0,    0,    0,    0,    0,    0,    0,    0,    0,    0,    0,    0,    0,    0,   -5,    0,    0,    0,    0,    0,    0,    0,    0,    0,    0,    0,    0,    0,    0,    0,    0,   -5,    0,    0,    0,  -12,   -4,    0,   -4,    0,    8,    0,    0,    0,    0,  -10,    0,    0,    0,    0,    0,    0,    0,    0,    0,    0,  -11,  -11,    0,    0,    0,    0,    0,    0,    0,    0,    0,    0,    0,    0,    0,    0,    0,    0,    0,    0,    0,    0,    0,    0,    0,    0,    0,    0,    0,    0,    0,    0,    0,    0,    0,    0,    0,    0,    0,    0,    0,    0,    0,    0,    0,    0,    0,    0,    0,    0,    0,    0,    0,    0,    0,    0,    0,    0,    0,    0,    0,    0,    0,    0,    0,    0,    0,    0,    0,    0,    0,    0,    0,    0,    0,    0,    0,    0,    0,    0,    0,    0,    0,    0,    0,    0,    0,    0,    0,    0,    0,    0,    0,    0,    0,    0,    0,    0,    0,    0,    0,    0,    0,    0,    0,    0,    0,    0,    0,    0,    0,
       0,    0,    0,   -6,    8,  -13,   10,  -17,    8,    3,    0,   -5,    0,    0,    0,    0,    0,    0,    0,    0,    0,    0,    0,    0,    0,    0,    0,    0,    0,    9,    0,    0,    0,    0,    0,    0,    0,    0,    0,    0,    0,    0,    0,    0,    0,    0,    0,   -5,    6,  -17,    0,    0,    0,    0,    0,    0,    0,    0,    0,    0,    0,    0,    0,    0,    0,    0,    0,    8,  -12,    0,    7,    4,    4,    8,    6,    8,    0,    0,  -18,  -18,   12,    0,    0,    0,   -3,   -7,    0,    0,    6,   -7,    8,    0,    6,    0,  -13,    0,   -7,  -13,  -12,   -9,   11,  -17,    0,   -8,    5,    0,    5,    4,   -6,    3,    0,    0,    0,    4,   -6,    0,  -13,   -7,    6,  -13,    0,   -8,  -18,   13,    0,   -6,   -5,    0,  -19,    0,    0,    0,    0,    0,    0,    0,    0,    0,    0,    0,    0,    0,    0,    0,    0,    0,    0,    0,    0,    0,    0,    0,    0,    0,    0,    0,    0,    0,    0,    0,    0,    0,    0,    0,    0,    0,    0,    0,    0,    0,    0,    0,    0,    0,    0,    0,    0,    0,    0,    0,    0,    0,    0,    0,    0,    0,    0,    0,    0,    0,    0,    0,    0,    0,    0,    0,    0,    0,    0,    0,    0,    0,    0,    0,    0,    0,    0,    0,    0,    0,    0,    0,    0,    0,    0,    0,    0,    0,    0,    0,    0,    0,    0,    0,    0,    0,    0,    0,    0,    0,    0,    0,    0,    0,    0,    0,    0,    0,    0,    0,    0,    0,    0,    0,    0,    0,    0,    0,    0,    0,
       0,    4,    0,  -10,   11,    0,  -27,  -10,  -31,   -4,    9,  -10,    0,    0,    0,    0,    0,    0,    0,    0,    0,    0,    0,    0,    0,    0,    0,    0,    0,   12,    0,    0,    0,    0,    0,    0,    0,    0,    0,    0,    0,    0,    0,    0,    0,    0,    0,   -6,    8,  -13,    0,    0,    0,    0,    0,    0,    0,    0,    0,    0,    0,    0,    0,    0,    0,    0,    0,   11,   -7,    0,  -29,  -22,    6,  -22,  -20,    8,    0,   -3,   -8,   -7,   11,    0,    0,   -7,  -14,   -5,   -6,   -6,  -19,  -12,    0,    0,  -19,  -10,  -18,   -6,  -13,    0,    0,  -13,    0,    0,   -6,    0,    0,   -5,  -10,    7,  -11,  -13,    0,   18,    0,    7,    0,    0,   -7,  -12,    9,    0,    0,    0,    0,  -26,   -8,    0,   -7,    0,    0,    0,    0,    0,    0,    0,    0,    0,    0,    0,    0,    9,   12,    0,    0,    0,    0,    0,    0,    0,    0,    0,    0,    0,    0,    0,    0,    0,    0,    0,    0,    0,    0,    0,    0,    0,    0,    0,    0,    0,    0,    0,    0,    0,    0,    0,    0,    0,    0,    0,    0,    0,    0,    0,    0,    0,    0,    0,    0,    0,    0,    0,    0,    0,    0,    0,    0,    0,    0,    0,    0,    0,    0,    0,    0,    0,    0,    0,    0,    0,    0,    0,    0,    0,    0,    0,    0,    0,    0,    0,    0,    0,    0,    0,    0,    0,    0,    0,    0,    0,    0,    0,    0,    0,    0,    0,    0,    0,    0,    0,    0,    0,    0,    0,    0,    0,    0,    0,    0,    0,    0,    0,
       0,  -19,    0,   -6,    0,  -27,   10,    0,    8,    6,  -11,    0,    0,    0,    0,    0,    0,    0,    0,    0,    0,    0,    0,    0,    0,    0,    0,    0,    0,   -9,    0,    0,    0,    0,    0,    0,    0,    0,    0,    0,    0,    0,    0,    0,    0,    0,    0,   -3,    0,   -5,    4,    0,    0,    0,    0,    0,    0,    0,    0,    0,    0,    0,    0,    0,    0,    0,    0,  -27,   -6,    6,   11,    4,    0,   12,    6,    8,    4,    0,   -8,   -9,   12,  -14,    0,    0,    0,    0,    0,    0,    6,    0,    8,    0,    6,    0,   -4,    0,    0,   -9,   -7,    0,    8,   -8,    0,   -7,    5,    0,    5,    0,    0,    3,    0,    0,    0,    0,   -6,    0,   -7,    0,  -23,   -8,    0,  -12,   -6,   13,    0,   -6,    0,    0,  -14,    0,    0,    0,    0,    0,    0,    0,    0,    0,    0,  -25,  -22,    0,    0,    0,    0,    0,    0,    0,    0,    0,    0,    0,    0,    0,    0,    0,    0,    0,    0,    0,    0,    0,    0,    0,    0,    0,    0,    0,    0,    0,    0,    0,    0,    0,    0,    0,    0,    0,    0,    0,    0,    0,    0,    0,    0,    0,    0,    0,    0,    0,    0,    0,    0,    0,    0,    0,    0,    0,    0,    0,    0,    0,    0,    0,    0,    0,    0,    0,    0,    0,    0,    0,    0,    0,    0,    0,    0,    0,    0,    0,    0,    0,    0,    0,    0,    0,    0,    0,    0,    0,    0,    0,    0,    0,    0,    0,    0,    0,    0,    0,    0,    0,    0,    0,    0,    0,    0,    0,    0,    0,
       0,    0,    0,    0,   -4,   -4,    0,    4,  -10,    4,   -7,    0,    0,    0,    0,    0,    0,    0,    0,    0,    0,    0,    0,    0,    0,    0,    0,    0,    0,   -8,    0,    0,    0,    0,    0,    0,    0,    0,    0,    0,    0,    0,    0,    0,    0,    0,    0,    0,   -6,    3,    4,    0,    0,    0,    0,    0,    0,    0,    0,    0,    0,    0,    0,    0,    0,    0,    0,   -6,    0,   -3,    0,    0,    0,   -3,    0,   -4,    0,    0,    0,    0,   -7,    0,   -4,   -6,    0,    0,    0,    0,    0,    0,    0,    0,    0,    0,    0,    0,    0,    0,    0,    0,   -3,    0,    0,    0,    0,    0,    0,    0,    0,    0,    0,    0,    0,    0,    0,    0,    0,    0,   -7,    0,    0,    0,    0,    0,    0,    0,    0,    0,    0,    0,    0,    0,    0,    0,    0,    0,    0,    0,    0,    0,    0,    0,    0,    0,    0,    0,    0,    0,    0,    0,    0,    0,    0,    0,    0,    0,    0,    0,    0,    0,    0,    0,    0,    0,    0,    0,    0,    0,    0,    0,    0,    0,    0,    0,    0,    0,    0,    0,    0,    0,    0,    0,    0,    0,    0,    0,    0,    0,    0,    0,    0,    0,    0,    0,    0,    0,    0,    0,    0,    0,    0,    0,    0,    0,    0,    0,    0,    0,    0,    0,    0,    0,    0,    0,    0,    0,    0,    0,    0,    0,    0,    0,    0,    0,    0,    0,    0,    0,    0,    0,    0,    0,    0,    0,    0,    0,    0,    0,    0,    0,    0,    0,    0,    0,    0,    0,    0,    0,    0,    0,
       0,   -6,    0,    0,    7,  -12,    9,    0,   12,    0,   -4,    0,    0,    0,    0,    0,    0,    0,    0,    0,    0,    0,    0,    0,    0,    0,    0,    0,    0,    6,    0,    0,    0,    0,    0,    0,    0,    0,    0,    0,    0,    0,    0,    0,    0,    0,    0,   -5,    6,   -5,    0,    0,    0,    0,    0,    0,    0,    0,    0,    0,    0,    0,    0,    0,    0,    0,    0,   -9,    0,    0,    6,    5,    0,    6,    5,    6,    4,    0,    0,  -10,    6,  -10,    0,    0,    0,    0,    0,    0,    5,    0,    6,    0,    6,    0,    0,    0,    0,    0,    7,    0,    6,   -7,    0,    0,    0,    0,    0,    0,    0,    0,    0,    0,   20,    0,    0,    0,    0,    0,   -7,    0,    0,   -7,    0,   11,    0,    0,    0,    0,    0,    0,    0,    0,    0,    0,    0,    0,    0,    0,    0,   -4,   -4,    0,    0,    0,    0,    0,    0,    0,    0,    0,    0,    0,    0,    0,    0,    0,    0,    0,    0,    0,    0,    0,    0,    0,    0,    0,    0,    0,    0,    0,    0,    0,    0,    0,    0,    0,    0,    0,    0,    0,    0,    0,    0,    0,    0,    0,    0,    0,    0,    0,    0,    0,    0,    0,    0,    0,    0,    0,    0,    0,    0,    0,    0,    0,    0,    0,    0,    0,    0,    0,    0,    0,    0,    0,    0,    0,    0,    0,    0,    0,    0,    0,    0,    0,    0,    0,    0,    0,    0,    0,    0,    0,    0,    0,    0,    0,    0,    0,    0,    0,    0,    0,    0,    0,    0,    0,    0,    0,    0,    0,
       0,    0,    0,   -6,    8,  -13,   10,  -17,    8,    3,    4,   -5,    0,    0,    0,    0,    0,    0,    0,    0,    0,    0,    0,    0,    0,    0,    0,    0,    0,    9,    0,    0,    0,    0,    0,    0,    0,    0,    0,    0,    0,    0,    0,    0,    0,    0,    0,   -4,    7,  -17,    0,    0,    0,    0,    0,    0,    0,    0,    0,    0,    0,    0,    0,    0,    0,    0,    0,    8,  -11,    0,    7,    4,    6,    8,    6,    8,    0,    0,  -18,  -15,   12,    0,    0,    0,   -3,   -6,    0,    0,    6,   -6,    8,    0,    6,    0,  -13,    0,   -6,   -9,   -7,   -8,   11,  -12,    0,   -8,    0,    0,    0,    6,   -5,    3,    0,    0,    0,    6,   -6,    0,  -11,   -6,    8,   -9,    0,   -4,  -14,   13,    0,   -3,   -5,    0,  -15,    0,    0,    0,    0,    0,    0,    0,    0,    0,    0,    0,    0,    0,    0,    0,    0,    0,    0,    0,    0,    0,    0,    0,    0,    0,    0,    0,    0,    0,    0,    0,    0,    0,    0,    0,    0,    0,    0,    0,    0,    0,    0,    0,    0,    0,    0,    0,    0,    0,    0,    0,    0,    0,    0,    0,    0,    0,    0,    0,    0,    0,    0,    0,    0,    0,    0,    0,    0,    0,    0,    0,    0,    0,    0,    0,    0,    0,    0,    0,    0,    0,    0,    0,    0,    0,    0,    0,    0,    0,    0,    0,    0,    0,    0,    0,    0,    0,    0,    0,    0,    0,    0,    0,    0,    0,    0,    0,    0,    0,    0,    0,    0,    0,    0,    0,    0,    0,    0,    0,    0,    0,
       0,    0,    0,    0,   -4,   -4,    0,    4,  -10,    4,   -7,    0,    0,    0,    0,    0,    0,    0,    0,    0,    0,    0,    0,    0,    0,    0,    0,    0,    0,   -8,    0,    0,    0,    0,    0,    0,    0,    0,    0,    0,    0,    0,    0,    0,    0,    0,    0,    0,   -6,    3,    4,    0,    0,    0,    0,    0,    0,    0,    0,    0,    0,    0,    0,    0,    0,    0,    0,   -6,    0,   -4,    0,    0,    0,   -3,    0,   -3,    0,    0,    0,    0,   -7,    0,    0,   -5,    0,    0,    0,    0,    0,    0,    0,    0,    0,    0,    0,    0,    0,    0,    0,    0,   -3,    0,    0,    0,    0,    0,    0,    0,    0,    0,    0,    0,    0,    0,    0,    0,    0,    0,   -6,    0,    0,    0,    0,    0,    0,    0,    0,    0,    0,    0,    0,    0,    0,    0,    0,    0,    0,    0,    0,    0,    0,    0,    0,    0,    0,    0,    0,    0,    0,    0,    0,    0,    0,    0,    0,    0,    0,    0,    0,    0,    0,    0,    0,    0,    0,    0,    0,    0,    0,    0,    0,    0,    0,    0,    0,    0,    0,    0,    0,    0,    0,    0,    0,    0,    0,    0,    0,    0,    0,    0,    0,    0,    0,    0,    0,    0,    0,    0,    0,    0,    0,    0,    0,    0,    0,    0,    0,    0,    0,    0,    0,    0,    0,    0,    0,    0,    0,    0,    0,    0,    0,    0,    0,    0,    0,    0,    0,    0,    0,    0,    0,    0,    0,    0,    0,    0,    0,    0,    0,    0,    0,    0,    0,    0,    0,    0,    0,    0,    0,    0,
       0,    0,    0,   -4,   -5,   -3,    0,    0,    0,    0,   -5,    0,    0,    0,    0,    0,    0,    0,    0,    0,    0,    0,    0,    0,    0,    0,    0,   -3,    0,   -4,    0,    0,    0,    0,    0,    0,    0,    0,    0,    0,    0,    0,    0,    0,    0,    0,    0,    0,   -4,    0,    0,    0,    0,    0,    0,    0,    0,    0,    0,    0,    0,    0,    0,    0,    0,    0,    0,   -3,    0,    0,    0,    0,    0,    0,    0,    0,    0,    0,    0,    0,    0,    0,    0,    0,    0,    0,    0,    0,    0,    0,    0,    0,    0,    0,    0,    0,    0,    0,    0,   -4,    0,   -4,    0,    0,    0,    0,    0,    0,    0,    0,    0,    0,    0,    0,    0,    0,    0,    0,   -4,    0,    0,    0,    0,    0,    0,    0,    0,    0,    0,    0,    0,    0,    0,    0,    0,    0,    0,    0,    0,   -7,   -5,    0,    0,    0,    0,    0,    0,    0,    0,    0,    0,    0,    0,    0,    0,    0,    0,    0,    0,    0,    0,    0,    0,    0,    0,    0,    0,    0,    0,    0,    0,    0,    0,    0,    0,    0,    0,    0,    0,    0,    0,    0,    0,    0,    0,    0,    0,    0,    0,    0,    0,    0,    0,    0,    0,    0,    0,    0,    0,    0,    0,    0,    0,    0,    0,    0,    0,    0,    0,    0,    0,    0,    0,    0,    0,    0,    0,    0,    0,    0,    0,    0,    0,    0,    0,    0,    0,    0,    0,    0,    0,    0,    0,    0,    0,    0,    0,    0,    0,    0,    0,    0,    0,    0,    0,    0,    0,    0,    0,    0,
       0,    0,    0,    0,   -7,    0,  -13,    7,  -17,    0,   -6,    0,    0,    0,    0,    0,    0,    0,    0,    0,    0,    0,    0,    0,    0,    0,    0,   -3,    0,   -7,    0,    0,    0,    0,    0,    0,    0,    0,    0,    0,    0,    0,    0,    0,    0,    0,    0,    0,   -8,    3,    0,    0,    0,    0,    0,    0,    0,    0,    0,    0,    0,    0,    0,    0,    0,    0,    0,   -8,    0,    0,   -8,    0,   -8,   -8,    0,  -12,   -7,    0,    0,    0,  -13,    0,   -9,   -5,    0,    0,    0,    0,    0,    0,    0,    0,    0,    0,    0,    0,    0,    0,    0,    0,    0,    0,    0,    0,    0,    0,    0,    0,    0,    0,    0,    0,    0,    0,    0,    0,    0,    0,  -10,    0,    0,    0,    0,   -7,    0,    0,    0,   -8,    0,    0,    0,    0,    0,    0,    0,    0,    0,    0,    0,    0,    3,    0,    0,    0,    0,    0,    0,    0,    0,    0,    0,    0,    0,    0,    0,    0,    0,    0,    0,    0,    0,    0,    0,    0,    0,    0,    0,    0,    0,    0,    0,    0,    0,    0,    0,    0,    0,    0,    0,    0,    0,    0,    0,    0,    0,    0,    0,    0,    0,    0,    0,    0,    0,    0,    0,    0,    0,    0,    0,    0,    0,    0,    0,    0,    0,    0,    0,    0,    0,    0,    0,    0,    0,    0,    0,    0,    0,    0,    0,    0,    0,    0,    0,    0,    0,    0,    0,    0,    0,    0,    0,    0,    0,    0,    0,    0,    0,    0,    0,    0,    0,    0,    0,    0,    0,    0,    0,    0,    0,    0,
       0,    0,    0,    0,   -3,    0,  -35,    0,  -26,    4,    0,    0,    0,    0,    0,    0,    0,    0,    0,    0,    0,    0,    0,    0,    0,    0,    0,   -5,    0,   -4,    0,    0,    0,    0,    0,    0,    0,    0,    0,    0,    0,    0,    0,    0,    0,    0,    0,    0,   -3,   -3,    4,    0,    0,    0,    0,    0,    0,    0,    0,    0,    0,    0,    0,    0,    0,    0,    0,    4,    0,    0,  -30,  -20,    0,  -23,  -19,   -5,   -4,    0,    0,    0,   -7,    0,   -3,    0,   -7,    0,    0,    0,  -14,    0,    0,    0,  -14,   -4,   -5,    0,    0,    0,    4,    0,    4,    0,    0,    0,    0,    0,    0,    0,    0,    0,    0,    0,    0,    0,    0,    4,    0,    0,    0,    4,    0,    4,    0,  -20,    0,    0,    0,    0,    0,    0,    0,    0,    0,    0,    0,    0,    0,    0,    0,   10,   10,    0,    0,    0,    0,    0,    0,    0,    0,    0,    0,    0,    0,    0,    0,    0,    0,    0,    0,    0,    0,    0,    0,    0,    0,    0,    0,    0,    0,    0,    0,    0,    0,    0,    0,    0,    0,    0,    0,    0,    0,    0,    0,    0,    0,    0,    0,    0,    0,    0,    0,    0,    0,    0,    0,    0,    0,    0,    0,    0,    0,    0,    0,    0,    0,    0,    0,    0,    0,    0,    0,    0,    0,    0,    0,    0,    0,    0,    0,    0,    0,    0,    0,    0,    0,    0,    0,    0,    0,    0,    0,    0,    0,    0,    0,    0,    0,    0,    0,    0,    0,    0,    0,    0,    0,    0,    0,    0,    0,    0,
       0,    6,    0,   -6,    8,    0,  -27,  -18,  -33,  -20,    9,  -12,    0,    0,    0,    0,    0,    0,    0,    0,    0,    0,    0,    0,    0,    0,    0,    0,    0,   10,    0,    0,    0,    0,    0,    0,    0,    0,    0,    0,    0,    0,    0,    0,    0,    0,    0,   -6,    6,  -25,  -22,    0,    0,    0,    0,    0,    0,    0,    0,    0,    0,    0,    0,    0,    0,    0,    0,    9,    0,    0,  -28,  -22,    5,  -27,  -21,    6,    0,   -3,   -8,   -4,    9,    0,    0,    0,  -25,    0,    0,    0,  -15,  -16,    0,    0,  -16,   -7,  -25,    0,  -16,    0,    0,  -19,  -25,    0,    0,    0,    0,    0,  -12,    5,  -14,  -24,    0,   16,    0,    5,    0,    0,    0,  -16,    7,    0,    0,    6,    0,  -17,   -4,    0,   -5,    0,    0,    0,    0,    0,    0,    0,    0,    0,    0,    0,    0,    9,    7,    0,    0,    0,    0,    0,    0,    0,    0,    0,    0,    0,    0,    0,    0,    0,    0,    0,    0,    0,    0,    0,    0,    0,    0,    0,    0,    0,    0,    0,    0,    0,    0,    0,    0,    0,    0,    0,    0,    0,    0,    0,    0,    0,    0,    0,    0,    0,    0,    0,    0,    0,    0,    0,    0,    0,    0,    0,    0,    0,    0,    0,    0,    0,    0,    0,    0,    0,    0,    0,    0,    0,    0,    0,    0,    0,    0,    0,    0,    0,    0,    0,    0,    0,    0,    0,    0,    0,    0,    0,    0,    0,    0,    0,    0,    0,    0,    0,    0,    0,    0,    0,    0,    0,    0,    0,    0,    0,    0,    0,
       0,   -4,    0,    0,  -11,    0,  -13,    6,  -13,    0,   -8,    0,    0,    0,    0,    0,    0,    0,    0,    0,    0,    0,    0,    0,    0,    0,    0,   -5,    0,  -12,    0,    0,    0,    0,    0,    0,    0,    0,    0,    0,    0,    0,    0,    0,    0,    0,    0,    0,   -9,    0,    0,    0,    0,    0,    0,    0,    0,    0,    0,    0,    0,    0,    0,    0,    0,    0,    0,   -3,    0,    0,  -12,  -11,  -11,   -9,  -10,  -14,   -9,    0,    0,    0,  -13,    0,  -11,   -4,    0,    0,    0,    0,   -8,    0,    0,    0,   -9,   -3,    0,    0,    0,    0,    0,    0,    0,    0,    0,    0,    0,    0,    0,   -3,    0,    0,    0,    0,    0,   -3,    0,    0,    0,    0,  -11,    0,    0,    0,    0,  -12,    0,    0,    0,  -11,    0,    0,    0,    0,    0,    0,    0,    0,    0,    0,    0,    0,    0,    0,    0,    0,    0,    0,    0,    0,    0,    0,    0,    0,    0,    0,    0,    0,    0,    0,    0,    0,    0,    0,    0,    0,    0,    0,    0,    0,    0,    0,    0,    0,    0,    0,    0,    0,    0,    0,    0,    0,    0,    0,    0,    0,    0,    0,    0,    0,    0,    0,    0,    0,    0,    0,    0,    0,    0,    0,    0,    0,    0,    0,    0,    0,    0,    0,    0,    0,    0,    0,    0,    0,    0,    0,    0,    0,    0,    0,    0,    0,    0,    0,    0,    0,    0,    0,    0,    0,    0,    0,    0,    0,    0,    0,    0,    0,    0,    0,    0,    0,    0,    0,    0,    0,    0,    0,    0,    0,    0,    0,
       0,    0,    0,   -6,    9,   -9,    8,  -11,    8,    6,    7,   -5,    0,    0,    0,    0,    0,    0,    0,    0,    0,    0,    0,    0,    0,    0,    0,    0,    0,   10,    0,    0,    0,    0,    0,    0,    0,    0,    0,    0,    0,    0,    0,    0,    0,    0,    0,   -5,    6,  -12,    0,    0,    0,    0,    0,    0,    0,    0,    0,    0,    0,    0,    0,    0,    0,    0,    0,    9,   -9,    6,    8,    4,    5,   12,    6,    8,    3,    0,  -13,  -13,   12,    0,    0,    0,    0,   -6,    0,    0,    6,   -6,    8,    0,    6,    0,  -10,    0,   -6,   -7,   -6,   -7,    8,  -11,    0,   -7,    0,    0,    0,    5,   -5,    3,    0,    0,    0,    5,   -4,    0,  -10,   -6,    7,   -6,    0,    0,  -12,   13,    0,   -4,   -4,    0,  -13,    0,    0,    0,    0,    0,    0,    0,    0,    0,    0,    3,    5,    0,    0,    0,    0,    0,    0,    0,    0,    0,    0,    0,    0,    0,    0,    0,    0,    0,    0,    0,    0,    0,    0,    0,    0,    0,    0,    0,    0,    0,    0,    0,    0,    0,    0,    0,    0,    0,    0,    0,    0,    0,    0,    0,    0,    0,    0,    0,    0,    0,    0,    0,    0,    0,    0,    0,    0,    0,    0,    0,    0,    0,    0,    0,    0,    0,    0,    0,    0,    0,    0,    0,    0,    0,    0,    0,    0,    0,    0,    0,    0,    0,    0,    0,    0,    0,    0,    0,    0,    0,    0,    0,    0,    0,    0,    0,    0,    0,    0,    0,    0,    0,    0,    0,    0,    0,    0,    0,    0,    0,
       0,    0,    0,    0,   -7,    0,  -13,    7,  -17,    0,   -6,    0,    0,    0,    0,    0,    0,    0,    0,    0,    0,    0,    0,    0,    0,    0,    0,   -3,    0,   -7,    0,    0,    0,    0,    0,    0,    0,    0,    0,    0,    0,    0,    0,    0,    0,    0,    0,    0,   -8,    3,    0,    0,    0,    0,    0,    0,    0,    0,    0,    0,    0,    0,    0,    0,    0,    0,    0,   -8,    0,    0,   -8,    0,   -8,   -8,    0,  -11,   -7,    0,    0,    0,  -13,    0,   -8,   -5,    0,    0,    0,    0,    0,    0,    0,    0,    0,    0,    0,    0,    0,    0,    0,    0,    0,    0,    0,    0,    0,    0,    0,    0,    0,    0,    0,    0,    0,    0,    0,    0,    0,    0,  -10,    0,    0,    0,    0,   -7,    0,    0,    0,   -8,    0,    0,    0,    0,    0,    0,    0,    0,    0,    0,    0,    0,    3,    0,    0,    0,    0,    0,    0,    0,    0,    0,    0,    0,    0,    0,    0,    0,    0,    0,    0,    0,    0,    0,    0,    0,    0,    0,    0,    0,    0,    0,    0,    0,    0,    0,    0,    0,    0,    0,    0,    0,    0,    0,    0,    0,    0,    0,    0,    0,    0,    0,    0,    0,    0,    0,    0,    0,    0,    0,    0,    0,    0,    0,    0,    0,    0,    0,    0,    0,    0,    0,    0,    0,    0,    0,    0,    0,    0,    0,    0,    0,    0,    0,    0,    0,    0,    0,    0,    0,    0,    0,    0,    0,    0,    0,    0,    0,    0,    0,    0,    0,    0,    0,    0,    0,    0,    0,    0,    0,    0,    0,
       0,   -8,    0,    0,   -7,  -10,    0,    5,    0,    0,  -11,    0,    0,    0,    0,    0,    0,    0,    0,    0,    0,    0,    0,    0,    0,    0,    0,    0,    0,  -11,    0,    0,    0,    0,    0,    0,    0,    0,    0,    0,    0,    0,    0,    0,    0,    0,    0,    0,   -6,    0,    0,    0,    0,    0,    0,    0,    0,    0,    0,    0,    0,    0,    0,    0,    0,    0,    0,    0,    0,    0,    0,    0,    0,    0,    0,    0,    0,    0,    0,    0,    0,    0,    0,    0,    0,    0,    0,    0,    0,    0,    0,    0,    0,    0,    0,    0,    0,    0,    0,    0,    0,    0,    0,    0,    0,    0,    0,    0,    0,    0,    0,    0,    0,    0,    0,    0,    0,    0,    0,    0,    0,    0,    0,    0,    0,    0,    0,    0,   -5,    0,    0,    0,    0,    0,    0,    0,    0,    0,    0,   -7,   -7,    0,    0,    0,    0,    0,    0,    0,    0,    0,    0,    0,    0,    0,    0,    0,    0,    0,    0,    0,    0,    0,    0,    0,    0,    0,    0,    0,    0,    0,    0,    0,    0,    0,    0,    0,    0,    0,    0,    0,    0,    0,    0,    0,    0,    0,    0,    0,    0,    0,    0,    0,    0,    0,    0,    0,    0,    0,    0,    0,    0,    0,    0,    0,    0,    0,    0,    0,    0,    0,    0,    0,    0,    0,    0,    0,    0,    0,    0,    0,    0,    0,    0,    0,    0,    0,    0,    0,    0,    0,    0,    0,    0,    0,    0,    0,    0,    0,    0,    0,    0,    0,    0,    0,    0,    0,    0,    0,    0,    0,
       0,    0,    0,    0,    0,   -6,    0,    8,   -6,    0,    0,    0,    0,    0,    0,    0,    0,    0,    0,    0,    0,    0,    0,    0,    0,    0,    0,   -4,    0,    0,    0,    0,    0,    0,    0,    0,    0,    0,    0,    0,    0,    0,    0,    0,    0,    0,    0,    0,    0,    0,    0,    0,    0,    0,    0,    0,    0,    0,    0,    0,    0,    0,    0,    0,    0,    0,    0,    0,    0,    0,    0,    0,    0,    0,    0,    0,    0,    0,    0,    0,    0,    0,    0,    0,    0,    0,    0,    0,    0,    0,   -5,    0,    0,    0,    0,    0,    0,    0,    0,    0,   -4,    0,    0,    0,    0,    0,    0,    0,    0,    0,    0,    0,    0,    0,    0,    0,    0,    0,    0,    0,    0,    0,    0,    0,    0,    0,    0,    0,   -5,    0,    0,    0,    0,    0,    0,    0,    0,    0,    0,    0,    0,    0,    0,    0,    0,    0,    0,    0,    0,    0,    0,    0,    0,    0,    0,    0,    0,    0,    0,    0,    0,    0,    0,    0,    0,    0,    0,    0,    0,    0,    0,    0,    0,    0,    0,    0,    0,    0,    0,    0,    0,    0,    0,    0,    0,    0,    0,    0,    0,    0,    0,    0,    0,    0,    0,    0,    0,    0,    0,    0,    0,    0,    0,    0,    0,    0,    0,    0,    0,    0,    0,    0,    0,    0,    0,    0,    0,    0,    0,    0,    0,    0,    0,    0,    0,    0,    0,    0,    0,    0,    0,    0,    0,    0,    0,    0,    0,    0,    0,    0,    0,    0,    0,    0,    0,    0,    0,    0,    0,    0,
       0,   -7,    0,    0,   -6,   -5,    0,    0,    0,    0,   -6,    0,    0,    0,    0,    0,    0,    0,    0,    0,    0,    0,    0,    0,    0,    0,    0,    0,    0,   -9,    0,    0,    0,    0,    0,    0,    0,    0,    0,    0,    0,    0,    0,    0,    0,    0,    0,    0,   -6,    0,    0,    0,    0,    0,    0,    0,    0,    0,    0,    0,    0,    0,    0,    0,    0,    0,    0,    0,    0,    0,    0,    0,    0,    0,    0,    0,    0,    0,    0,    0,    0,    0,    0,    0,    0,    0,    0,    0,    0,    0,    0,    0,    0,    0,    0,    0,    0,    0,    0,    0,    0,    0,    0,    0,    0,    0,    0,    0,    0,    0,    0,    0,    0,    0,    0,    0,    0,    0,    0,    0,    0,    0,    0,    0,    0,    0,    0,    0,   -4,    0,    0,    0,    0,    0,    0,    0,    0,    0,    0,   -5,   -4,    0,    0,    0,    0,    0,    0,    0,    0,    0,    0,    0,    0,    0,    0,    0,    0,    0,    0,    0,    0,    0,    0,    0,    0,    0,    0,    0,    0,    0,    0,    0,    0,    0,    0,    0,    0,    0,    0,    0,    0,    0,    0,    0,    0,    0,    0,    0,    0,    0,    0,    0,    0,    0,    0,    0,    0,    0,    0,    0,    0,    0,    0,    0,    0,    0,    0,    0,    0,    0,    0,    0,    0,    0,    0,    0,    0,    0,    0,    0,    0,    0,    0,    0,    0,    0,    0,    0,    0,    0,    0,    0,    0,    0,    0,    0,    0,    0,    0,    0,    0,    0,    0,    0,    0,    0,    0,    0,    0,    0,
       0,    0,    0,    0,    0,    0,  -19,    0,  -13,    5,    0,    0,    0,    0,    0,    0,    0,    0,    0,    0,    0,    0,    0,    0,    0,    0,    0,    0,    0,   -7,    0,    0,    0,    0,    0,    0,    0,    0,    0,    0,    0,    0,    0,    0,    0,    0,    0,    0,    0,    0,    5,    0,    0,    0,    0,    0,    0,    0,    0,    0,    0,    0,    0,    0,    0,    0,    0,    0,    0,    0,    0,    0,    0,    0,    0,    0,    0,    0,    0,    0,    0,    0,    0,    0,    0,    0,    0,    0,  -10,    0,    6,    0,  -11,    0,    0,    0,    0,    6,    8,    0,    7,    0,    0,    6,    0,    0,    0,    0,    0,    0,    0,    0,    0,    0,    8,    8,    0,    0,    0,    8,    0,    0,    8,    0,    0,    0,    0,    0,    0,    0,    0,    0,    0,    0,    0,    0,    0,    0,    0,    6,    7,    0,    0,    0,    0,    0,    0,    0,    0,    0,    0,    0,    0,    0,    0,    0,    0,    0,    0,    0,    0,    0,    0,    0,    0,    0,    0,    0,    0,    0,    0,    0,    0,    0,    0,    0,    0,    0,    0,    0,    0,    0,    0,    0,    0,    0,    0,    0,    0,    0,    0,    0,    0,    0,    0,    0,    0,    0,    0,    0,    0,    0,    0,    0,    0,    0,    0,    0,    0,    0,    0,    0,    0,    0,    0,    0,    0,    0,    0,    0,    0,    0,    0,    0,    0,    0,    0,    0,    0,    0,    0,    0,    0,    0,    0,    0,    0,    0,    0,    0,    0,    0,    0,    0,    0,    0,    0,    0,    0,    0,
       0,   -7,    0,    0,    7,   -7,    9,    0,   11,    0,   -4,    0,    0,    0,    0,    0,    0,    0,    0,    0,    0,    0,    0,    0,    0,    0,    0,    0,    0,    6,    0,    0,    0,    0,    0,    0,    0,    0,    0,    0,    0,    0,    0,    0,    0,    0,    0,    0,    6,   -3,    0,    0,    0,    0,    0,    0,    0,    0,    0,    0,    0,    0,    0,    0,    0,    0,    0,    0,    0,    0,    0,    0,    0,    0,    0,    0,    0,    0,    0,    0,    0,    0,    0,    0,    0,    0,    0,    0,    5,    0,    6,    0,    6,    0,    0,    0,    0,   -4,    7,    0,    6,   -4,    0,   -3,    3,    0,    0,    0,    0,    0,    0,    0,   20,    0,    0,    0,    0,    0,    0,    0,    0,    0,    0,    0,    0,    0,    0,    0,    0,    0,    0,    0,    0,    0,    0,    0,    0,    0,    0,   -6,   -4,    0,    0,    0,    0,    0,    0,    0,    0,    0,    0,    0,    0,    0,    0,    0,    0,    0,    0,    0,    0,    0,    0,    0,    0,    0,    0,    0,    0,    0,    0,    0,    0,    0,    0,    0,    0,    0,    0,    0,    0,    0,    0,    0,    0,    0,    0,    0,    0,    0,    0,    0,    0,    0,    0,    0,    0,    0,    0,    0,    0,    0,    0,    0,    0,    0,    0,    0,    0,    0,    0,    0,    0,    0,    0,    0,    0,    0,    0,    0,    0,    0,    0,    0,    0,    0,    0,    0,    0,    0,    0,    0,    0,    0,    0,    0,    0,    0,    0,    0,    0,    0,    0,    0,    0,    0,    0,    0,    0,    0,
       0,   -8,    0,    0,   -7,  -10,   -7,    4,   -4,    0,   -8,    0,    0,    0,    0,    0,    0,    0,    0,    0,    0,    0,    0,    0,    0,    0,    0,    0,    0,  -11,    0,    0,    0,    0,    0,    0,    0,    0,    0,    0,    0,    0,    0,    0,    0,    0,    0,    0,   -6,    4,    0,    0,    0,    0,    0,    0,    0,    0,    0,    0,    0,    0,    0,    0,    0,    0,    0,    0,    0,    0,    0,    0,    0,    0,    0,    0,    0,    0,    0,    0,    0,    0,    0,    0,    0,    0,    0,    0,    0,    0,    0,    0,    0,    0,    0,    0,    0,    0,    0,    0,   -5,    0,    0,    0,    0,    0,    0,    0,    0,    0,    0,    0,    0,    0,    0,    0,    0,    0,    0,    0,    0,    0,    0,    0,    0,    0,    0,    0,   -3,    0,    0,    0,    0,    0,    0,    0,    0,    0,    0,   -3,   -6,    0,    0,    0,    0,    0,    0,    0,    0,    0,    0,    0,    0,    0,    0,    0,    0,    0,    0,    0,    0,    0,    0,    0,    0,    0,    0,    0,    0,    0,    0,    0,    0,    0,    0,    0,    0,    0,    0,    0,    0,    0,    0,    0,    0,    0,    0,    0,    0,    0,    0,    0,    0,    0,    0,    0,    0,    0,    0,    0,    0,    0,    0,    0,    0,    0,    0,    0,    0,    0,    0,    0,    0,    0,    0,    0,    0,    0,    0,    0,    0,    0,    0,    0,    0,    0,    0,    0,    0,    0,    0,    0,    0,    0,    0,    0,    0,    0,    0,    0,    0,    0,    0,    0,    0,    0,    0,    0,    0,    0,
       0,    0,    0,   -4,    0,    4,    4,  -15,    7,    3,    0,   -7,    0,    0,    0,    0,    0,    0,    0,    0,    0,    0,    0,    0,    0,    0,    0,    0,    0,   -9,    0,    0,    0,    0,    0,    0,    0,    0,    0,    0,    0,    0,    0,    0,    0,    0,    0,   -4,    0,  -12,    0,    0,    0,    0,    0,    0,    0,    0,    0,    0,    0,    0,    0,    0,    0,    0,    0,    0,    0,    0,    0,    0,    0,    0,    0,    0,    0,    0,    0,    0,    0,    0,    0,    0,   -3,    0,    0,    0,    6,   -5,    8,    4,    6,    0,  -12,    0,   -5,    5,    6,   -6,    7,    0,    0,    5,    5,    0,    5,    0,    0,    0,    0,    0,    0,    0,    6,    3,    0,   -5,    0,    6,    0,    0,    0,    0,    0,    0,    0,    0,    0,    0,    0,    0,    0,    0,    0,    0,    0,    0,    0,    4,    8,    0,    0,    0,    0,    0,    0,    0,    0,    0,    0,    0,    0,    0,    0,    0,    0,    0,    0,    0,    0,    0,    0,    0,    0,    0,    0,    0,    0,    0,    0,    0,    0,    0,    0,    0,    0,    0,    0,    0,    0,    0,    0,    0,    0,    0,    0,    0,    0,    0,    0,    0,    0,    0,    0,    0,    0,    0,    0,    0,    0,    0,    0,    0,    0,    0,    0,    0,    0,    0,    0,    0,    0,    0,    0,    0,    0,    0,    0,    0,    0,    0,    0,    0,    0,    0,    0,    0,    0,    0,    0,    0,    0,    0,    0,    0,    0,    0,    0,    0,    0,    0,    0,    0,    0,    0,    0,    0,    0,    0,
       0,   -4,    0,    0,   -4,    0,    3,    5,    0,    0,   -4,    0,    0,    0,    0,    0,    0,    0,    0,    0,    0,    0,    0,    0,    0,    0,    0,    0,    0,   -8,    0,    0,    0,    0,    0,    0,    0,    0,    0,    0,    0,    0,    0,    0,    0,    0,    0,    0,   -4,    0,    0,    0,    0,    0,    0,    0,    0,    0,    0,    0,    0,    0,    0,    0,    0,    0,    0,    0,    0,    0,    0,    0,    0,    0,    0,    0,    0,    0,    0,    0,    0,    0,    0,    0,    0,    0,    0,    0,    0,    0,    0,    0,    4,    0,    0,    0,    0,    0,    0,    0,    0,    0,    0,    0,    0,    0,    0,    0,    0,    0,    0,    0,    0,    0,    0,    0,    0,    0,    0,    0,    0,    0,    0,    0,    0,    0,    0,    0,    0,    0,    0,    0,    0,    0,    0,    0,    0,    0,    0,    0,    0,    0,    0,    0,    0,    0,    0,    0,    0,    0,    0,    0,    0,    0,    0,    0,    0,    0,    0,    0,    0,    0,    0,    0,    0,    0,    0,    0,    0,    0,    0,    0,    0,    0,    0,    0,    0,    0,    0,    0,    0,    0,    0,    0,    0,    0,    0,    0,    0,    0,    0,    0,    0,    0,    0,    0,    0,    0,    0,    0,    0,    0,    0,    0,    0,    0,    0,    0,    0,    0,    0,    0,    0,    0,    0,    0,    0,    0,    0,    0,    0,    0,    0,    0,    0,    0,    0,    0,    0,    0,    0,    0,    0,    0,    0,    0,    0,    0,    0,    0,    0,    0,    0,    0,    0,    0,    0,    0,    0,    0,
       0,    0,    0,   -4,    0,    4,    4,  -15,    7,    3,    0,   -7,    0,    0,    0,    0,    0,    0,    0,    0,    0,    0,    0,    0,    0,    0,    0,    0,    0,   -9,    0,    0,    0,    0,    0,    0,    0,    0,    0,    0,    0,    0,    0,    0,    0,    0,    0,   -4,    0,  -12,    0,    0,    0,    0,    0,    0,    0,    0,    0,    0,    0,    0,    0,    0,    0,    0,    0,    0,    0,    0,    0,    0,    0,    0,    0,    0,    0,    0,    0,    0,    0,    0,    0,    0,   -3,    0,    0,    0,    6,   -6,    8,    4,    6,    0,  -12,    0,   -6,    6,    8,   -7,    7,    0,    0,    6,    5,    0,    5,    0,   -4,    0,    0,    0,    0,    0,    8,    4,    0,   -6,    0,    7,    0,    0,    0,    0,    0,    0,    0,    0,    0,    0,    0,    0,    0,    0,    0,    0,    0,    0,    0,    4,    8,    0,    0,    0,    0,    0,    0,    0,    0,    0,    0,    0,    0,    0,    0,    0,    0,    0,    0,    0,    0,    0,    0,    0,    0,    0,    0,    0,    0,    0,    0,    0,    0,    0,    0,    0,    0,    0,    0,    0,    0,    0,    0,    0,    0,    0,    0,    0,    0,    0,    0,    0,    0,    0,    0,    0,    0,    0,    0,    0,    0,    0,    0,    0,    0,    0,    0,    0,    0,    0,    0,    0,    0,    0,    0,    0,    0,    0,    0,    0,    0,    0,    0,    0,    0,    0,    0,    0,    0,    0,    0,    0,    0,    0,    0,    0,    0,    0,    0,    0,    0,    0,    0,    0,    0,    0,    0,    0,    0,    0,
       0,    0,    0,    0,   -5,    0,    0,    4,    0,    0,   -5,    0,    0,    0,    0,    0,    0,    0,    0,    0,    0,    0,    0,    0,    0,    0,    0,    0,    0,   -7,    0,    0,    0,    0,    0,    0,    0,    0,    0,    0,    0,    0,    0,    0,    0,    0,    0,    0,   -4,    0,    0,    0,    0,    0,    0,    0,    0,    0,    0,    0,    0,    0,    0,    0,    0,    0,    0,    0,    0,    0,    0,    0,    0,    0,    0,    0,    0,    0,    0,    0,    0,    0,    0,    0,    0,    0,    0,    0,    0,    0,    0,    0,    0,    0,    0,    0,    0,    0,    0,    0,    0,    0,    0,    0,    0,    0,    0,    0,    0,    0,    0,    0,    0,    0,    0,    0,    0,    0,    0,    0,    0,    0,    0,    0,    0,    0,    0,    0,   -5,    0,    0,    0,    0,    0,    0,    0,    0,    0,    0,    0,    0,    0,    0,    0,    0,    0,    0,    0,    0,    0,    0,    0,    0,    0,    0,    0,    0,    0,    0,    0,    0,    0,    0,    0,    0,    0,    0,    0,    0,    0,    0,    0,    0,    0,    0,    0,    0,    0,    0,    0,    0,    0,    0,    0,    0,    0,    0,    0,    0,    0,    0,    0,    0,    0,    0,    0,    0,    0,    0,    0,    0,    0,    0,    0,    0,    0,    0,    0,    0,    0,    0,    0,    0,    0,    0,    0,    0,    0,    0,    0,    0,    0,    0,    0,    0,    0,    0,    0,    0,    0,    0,    0,    0,    0,    0,    0,    0,    0,    0,    0,    0,    0,    0,    0,    0,    0,    0,    0,    0,    0,
       0,   -4,    0,    0,   -4,   -5,    0,    0,    0,    0,   -5,    0,    0,    0,    0,    0,    0,    0,    0,    0,    0,    0,    0,    0,    0,    0,    0,    0,    0,   -9,    0,    0,    0,    0,    0,    0,    0,    0,    0,    0,    0,    0,    0,    0,    0,    0,    0,    0,   -6,    0,    0,    0,    0,    0,    0,    0,    0,    0,    0,    0,    0,    0,    0,    0,    0,    0,    0,    0,    0,    0,    0,    0,    0,    0,    0,    0,    0,    0,    0,    0,    0,    0,    0,    0,    0,    0,    0,    0,    0,    0,    0,    0,    0,    0,    0,    0,    0,    0,    0,    0,    0,    0,    0,    0,    0,    0,    0,    0,    0,    0,    0,    0,    0,    0,    0,    0,    0,    0,    0,    0,    0,    0,    0,    0,    0,    0,    0,    0,   -7,    0,    0,    0,    0,    0,    0,    0,    0,    0,    0,    0,    0,    0,    0,    0,    0,    0,    0,    0,    0,    0,    0,    0,    0,    0,    0,    0,    0,    0,    0,    0,    0,    0,    0,    0,    0,    0,    0,    0,    0,    0,    0,    0,    0,    0,    0,    0,    0,    0,    0,    0,    0,    0,    0,    0,    0,    0,    0,    0,    0,    0,    0,    0,    0,    0,    0,    0,    0,    0,    0,    0,    0,    0,    0,    0,    0,    0,    0,    0,    0,    0,    0,    0,    0,    0,    0,    0,    0,    0,    0,    0,    0,    0,    0,    0,    0,    0,    0,    0,    0,    0,    0,    0,    0,    0,    0,    0,    0,    0,    0,    0,    0,    0,    0,    0,    0,    0,    0,    0,    0,    0,
       0,    0,    0,    0,   -5,    0,    0,    4,    0,    0,   -5,    0,    0,    0,    0,    0,    0,    0,    0,    0,    0,    0,    0,    0,    0,    0,    0,    0,    0,   -8,    0,    0,    0,    0,    0,    0,    0,    0,    0,    0,    0,    0,    0,    0,    0,    0,    0,    0,   -5,    0,    0,    0,    0,    0,    0,    0,    0,    0,    0,    0,    0,    0,    0,    0,    0,    0,    0,    0,    0,    0,    0,    0,    0,    0,    0,    0,    0,    0,    0,    0,    0,    0,    0,    0,    0,    0,    0,    0,    0,    0,    0,    0,    0,    0,    0,    0,    0,    0,    0,    0,    0,    0,    0,    0,    0,    0,    0,    0,    0,    0,    0,    0,    0,    0,    0,    0,    0,    0,    0,    0,    0,    0,    0,    0,    0,    0,    0,    0,   -5,    0,    0,    0,    0,    0,    0,    0,    0,    0,    0,    0,    0,    0,    0,    0,    0,    0,    0,    0,    0,    0,    0,    0,    0,    0,    0,    0,    0,    0,    0,    0,    0,    0,    0,    0,    0,    0,    0,    0,    0,    0,    0,    0,    0,    0,    0,    0,    0,    0,    0,    0,    0,    0,    0,    0,    0,    0,    0,    0,    0,    0,    0,    0,    0,    0,    0,    0,    0,    0,    0,    0,    0,    0,    0,    0,    0,    0,    0,    0,    0,    0,    0,    0,    0,    0,    0,    0,    0,    0,    0,    0,    0,    0,    0,    0,    0,    0,    0,    0,    0,    0,    0,    0,    0,    0,    0,    0,    0,    0,    0,    0,    0,    0,    0,    0,    0,    0,    0,    0,    0,    0,
       0,  -10,    0,    0,   -8,  -10,  -10,    4,   -9,    0,   -9,    0,    0,    0,    0,    0,    0,    0,    0,    0,    0,    0,    0,    0,    0,    0,    0,    0,    0,  -12,    0,    0,    0,    0,    0,    0,    0,    0,    0,    0,    0,    0,    0,    0,    0,    0,    0,    0,   -7,    4,    0,    0,    0,    0,    0,    0,    0,    0,    0,    0,    0,    0,    0,    0,    0,    0,    0,    0,    0,    0,    0,    0,    0,    0,    0,    0,    0,    0,    0,    0,    0,    0,    0,    0,    0,    0,    0,    0,    0,    0,   -5,    0,    0,    0,    0,    0,    0,    0,    0,    0,   -6,    0,    0,    0,    0,    0,    0,    0,    0,    0,    0,    0,    0,    0,    0,    0,    0,    0,    0,    0,    0,    0,    0,    0,    0,    0,    0,    0,   -5,    0,    0,    0,    0,    0,    0,    0,    0,    0,    0,   -9,   -8,    0,    0,    0,    0,    0,    0,    0,    0,    0,    0,    0,    0,    0,    0,    0,    0,    0,    0,    0,    0,    0,    0,    0,    0,    0,    0,    0,    0,    0,    0,    0,    0,    0,    0,    0,    0,    0,    0,    0,    0,    0,    0,    0,    0,    0,    0,    0,    0,    0,    0,    0,    0,    0,    0,    0,    0,    0,    0,    0,    0,    0,    0,    0,    0,    0,    0,    0,    0,    0,    0,    0,    0,    0,    0,    0,    0,    0,    0,    0,    0,    0,    0,    0,    0,    0,    0,    0,    0,    0,    0,    0,    0,    0,    0,    0,    0,    0,    0,    0,    0,    0,    0,    0,    0,    0,    0,    0,    0,    0,
       0,  -10,    0,    0,  -10,   -5,    0,    8,   -6,    0,   -6,    0,    0,    0,    0,    0,    0,    0,    0,    0,    0,    0,    0,    0,    0,    0,    0,   -5,    0,  -12,    0,    0,    0,    0,    0,    0,    0,    0,    0,    0,    0,    0,    0,    0,    0,    0,    0,    0,   -9,    0,    0,    0,    0,    0,    0,    0,    0,    0,    0,    0,    0,    0,    0,    0,    0,    0,    0,    0,    0,    0,    0,    0,    0,    0,    0,    0,    0,    0,    0,    0,    0,    0,    0,    0,    0,    0,    0,    0,    0,    0,   -5,    0,    0,    0,    0,    0,    0,    0,    0,    0,    0,    0,    0,    0,    0,    0,    0,   -4,    0,    0,    0,    0,    0,    0,    0,    0,    0,    0,    0,    0,    0,    0,    0,    0,    0,    0,    0,    0,   -4,    0,    0,    0,    0,    0,    0,    0,    0,    0,    0,   -7,   -8,    0,    0,    0,    0,    0,    0,    0,    0,    0,    0,    0,    0,    0,    0,    0,    0,    0,    0,    0,    0,    0,    0,    0,    0,    0,    0,    0,    0,    0,    0,    0,    0,    0,    0,    0,    0,    0,    0,    0,    0,    0,    0,    0,    0,    0,    0,    0,    0,    0,    0,    0,    0,    0,    0,    0,    0,    0,    0,    0,    0,    0,    0,    0,    0,    0,    0,    0,    0,    0,    0,    0,    0,    0,    0,    0,    0,    0,    0,    0,    0,    0,    0,    0,    0,    0,    0,    0,    0,    0,    0,    0,    0,    0,    0,    0,    0,    0,    0,    0,    0,    0,    0,    0,    0,    0,    0,    0,    0,    0,
       0,    0,    0,    0,    0,    0,    6,   -3,    0,    3,   -4,   -3,    0,    0,    0,    0,    0,    0,    0,    0,    0,    0,    0,    0,    0,    0,    0,    0,    0,  -12,    0,    0,    0,    0,    0,    0,    0,    0,    0,    0,    0,    0,    0,    0,    0,    0,    0,    0,   -6,   -5,    0,    0,    0,    0,    0,    0,    0,    0,    0,    0,    0,    0,    0,    0,    0,    0,    0,    0,    0,    0,    0,    0,    0,    0,    0,    0,    0,    0,    0,    0,    0,    0,    0,    0,    0,    0,    0,    0,    0,    0,    5,    0,    0,    0,   -8,    0,    0,    0,    0,    0,    4,    0,    0,    0,    0,    0,    0,    0,    0,    0,    0,    0,    0,    0,    3,    0,    0,    0,    0,    3,    0,    0,    0,    0,    0,    0,    0,    0,    0,    0,    0,    0,    0,    0,    0,    0,    0,    0,    0,    4,    8,    0,    0,    0,    0,    0,    0,    0,    0,    0,    0,    0,    0,    0,    0,    0,    0,    0,    0,    0,    0,    0,    0,    0,    0,    0,    0,    0,    0,    0,    0,    0,    0,    0,    0,    0,    0,    0,    0,    0,    0,    0,    0,    0,    0,    0,    0,    0,    0,    0,    0,    0,    0,    0,    0,    0,    0,    0,    0,    0,    0,    0,    0,    0,    0,    0,    0,    0,    0,    0,    0,    0,    0,    0,    0,    0,    0,    0,    0,    0,    0,    0,    0,    0,    0,    0,    0,    0,    0,    0,    0,    0,    0,    0,    0,    0,    0,    0,    0,    0,    0,    0,    0,    0,    0,    0,    0,    0,    0,    0,
       0,    0,    0,    0,    0,    0,  -12,    0,  -14,    0,    0,    0,    0,    0,    0,    0,    0,    0,    0,    0,    0,    0,    0,    0,    0,    0,    0,    0,    0,   -9,    0,    0,    0,    0,    0,    0,    0,    0,    0,    0,    0,    0,    0,    0,    0,    0,    0,    0,   -5,    0,    0,    0,    0,    0,    0,    0,    0,    0,    0,    0,    0,    0,    0,    0,    0,    0,    0,    0,    0,    0,    0,    0,    0,    0,    0,    0,    0,    0,    0,    0,    0,    0,    0,    0,    0,    0,    0,    0,  -10,    0,    5,    0,   -9,    0,    0,    0,    0,    5,    6,   -3,    6,    0,    0,    5,    0,    0,    0,    0,    0,    0,    0,    0,    0,    0,    6,    6,    0,    0,    0,    6,    0,    0,    6,    0,    0,    0,    0,    0,    0,    0,    0,    0,    0,    0,    0,    0,    0,    0,    0,    4,    6,    0,    0,    0,    0,    0,    0,    0,    0,    0,    0,    0,    0,    0,    0,    0,    0,    0,    0,    0,    0,    0,    0,    0,    0,    0,    0,    0,    0,    0,    0,    0,    0,    0,    0,    0,    0,    0,    0,    0,    0,    0,    0,    0,    0,    0,    0,    0,    0,    0,    0,    0,    0,    0,    0,    0,    0,    0,    0,    0,    0,    0,    0,    0,    0,    0,    0,    0,    0,    0,    0,    0,    0,    0,    0,    0,    0,    0,    0,    0,    0,    0,    0,    0,    0,    0,    0,    0,    0,    0,    0,    0,    0,    0,    0,    0,    0,    0,    0,    0,    0,    0,    0,    0,    0,    0,    0,    0,    0,    0,
       0,    0,    0,    0,    0,    0,  -10,    0,  -11,    0,    0,    0,    0,    0,    0,    0,    0,    0,    0,    0,    0,    0,    0,    0,    0,    0,    0,    0,    0,   -7,    0,    0,    0,    0,    0,    0,    0,    0,    0,    0,    0,    0,    0,    0,    0,    0,    0,    0,    0,    0,    0,    0,    0,    0,    0,    0,    0,    0,    0,    0,    0,    0,    0,    0,    0,    0,    0,    0,    0,    0,    0,    0,    0,    0,    0,    0,    0,    0,    0,    0,    0,    0,    0,    0,    0,    0,    0,    0,   -8,    0,    6,    0,   -7,    0,    0,    0,    0,    6,    8,   -4,    7,    0,    0,    6,    0,    0,    0,    0,    0,    0,    0,    0,    0,    0,    8,    7,    0,    0,    0,    8,    0,    0,    4,    0,    0,    0,    0,    0,    0,    0,    0,    0,    0,    0,    0,    0,    0,    0,    0,    4,    7,    0,    0,    0,    0,    0,    0,    0,    0,    0,    0,    0,    0,    0,    0,    0,    0,    0,    0,    0,    0,    0,    0,    0,    0,    0,    0,    0,    0,    0,    0,    0,    0,    0,    0,    0,    0,    0,    0,    0,    0,    0,    0,    0,    0,    0,    0,    0,    0,    0,    0,    0,    0,    0,    0,    0,    0,    0,    0,    0,    0,    0,    0,    0,    0,    0,    0,    0,    0,    0,    0,    0,    0,    0,    0,    0,    0,    0,    0,    0,    0,    0,    0,    0,    0,    0,    0,    0,    0,    0,    0,    0,    0,    0,    0,    0,    0,    0,    0,    0,    0,    0,    0,    0,    0,    0,    0,    0,    0,    0,
       0,  -15,    0,    0,  -12,   -6,    0,    8,   -7,    0,  -10,    0,    0,    0,    0,    0,    0,    0,    0,    0,    0,    0,    0,    0,    0,    0,    0,   -5,    0,  -13,    0,    0,    0,    0,    0,    0,    0,    0,    0,    0,    0,    0,    0,    0,    0,    0,    0,    0,   -9,    0,    0,    0,    0,    0,    0,    0,    0,    0,    0,    0,    0,    0,    0,    0,    0,    0,    0,    0,    0,    0,    0,    0,    0,    0,    0,    0,    0,    0,    0,    0,    0,    0,    0,    0,    0,    0,    0,    0,    0,    0,   -7,   -3,    0,    0,    0,    0,    0,   -3,   -4,    0,   -5,   -2,    0,    0,    0,    0,   -3,   -4,    0,    0,    0,    0,    0,   -4,    0,    0,    0,    0,    0,    0,    0,    0,    0,    0,    0,    0,    0,    0,   -6,    0,    0,    0,    0,    0,    0,    0,    0,    0,    0,  -15,  -12,    0,    0,    0,    0,    0,    0,    0,    0,    0,    0,    0,    0,    0,    0,    0,    0,    0,    0,    0,    0,    0,    0,    0,    0,    0,    0,    0,    0,    0,    0,    0,    0,    0,    0,    0,    0,    0,    0,    0,    0,    0,    0,    0,    0,    0,    0,    0,    0,    0,    0,    0,    0,    0,    0,    0,    0,    0,    0,    0,    0,    0,    0,    0,    0,    0,    0,    0,    0,    0,    0,    0,    0,    0,    0,    0,    0,    0,    0,    0,    0,    0,    0,    0,    0,    0,    0,    0,    0,    0,    0,    0,    0,    0,    0,    0,    0,    0,    0,    0,    0,    0,    0,    0,    0,    0,    0,    0,    0,    0,
       0,    0,    0,   -4,    0,    4,    6,   -7,    7,    5,    0,   -3,    0,    0,    0,    0,    0,    0,    0,    0,    0,    0,    0,    0,    0,    0,    0,    0,    0,  -10,    0,    0,    0,    0,    0,    0,    0,    0,    0,    0,    0,    0,    0,    0,    0,    0,    0,   -3,    0,   -9,    0,    0,    0,    0,    0,    0,    0,    0,    0,    0,    0,    0,    0,    0,    0,    0,    0,    0,    0,    0,    0,    0,    0,    0,    0,    0,    0,    0,    0,    0,    0,    0,    0,    0,    0,    0,    0,    0,    6,   -4,    8,    4,    6,    0,   -8,    0,   -4,    5,    7,   -5,   11,    0,    0,    5,    5,    0,    5,    0,    0,    0,    0,    0,    0,    0,    7,    4,    0,   -4,    0,    6,    0,    0,    0,    0,    0,    0,    0,    0,    0,    0,    0,    0,    0,    0,    0,    0,    0,    0,    0,    5,    9,    0,    0,    0,    0,    0,    0,    0,    0,    0,    0,    0,    0,    0,    0,    0,    0,    0,    0,    0,    0,    0,    0,    0,    0,    0,    0,    0,    0,    0,    0,    0,    0,    0,    0,    0,    0,    0,    0,    0,    0,    0,    0,    0,    0,    0,    0,    0,    0,    0,    0,    0,    0,    0,    0,    0,    0,    0,    0,    0,    0,    0,    0,    0,    0,    0,    0,    0,    0,    0,    0,    0,    0,    0,    0,    0,    0,    0,    0,    0,    0,    0,    0,    0,    0,    0,    0,    0,    0,    0,    0,    0,    0,    0,    0,    0,    0,    0,    0,    0,    0,    0,    0,    0,    0,    0,    0,    0,    0,    0,
       0,  -24,    0,    0,   -7,  -18,    0,    4,    0,    0,   -7,    0,    0,    0,    0,    0,    0,    0,    0,    0,    0,    0,    0,    0,    0,    0,    0,   -4,    0,  -11,    0,    0,    0,    0,    0,    0,    0,    0,    0,    0,    0,    0,    0,    0,    0,    0,    0,    0,   -7,    0,    0,    0,    0,    0,    0,    0,    0,    0,    0,    0,    0,    0,    0,    0,    0,    0,    0,    0,    0,    0,    0,    0,    0,    0,    0,    0,    0,    0,    0,    0,    0,    0,    0,    0,    0,    0,    0,    0,    0,    0,    0,    0,    4,    0,    0,    0,    0,  -12,   -7,    0,    0,    0,    0,   -9,    0,    0,    0,    0,    0,    0,    0,    0,    0,    0,   -8,    0,    0,    0,    0,   -7,    0,    0,    0,    0,    0,    0,    0,    0,  -13,    0,    0,    0,    0,    0,    0,    0,    0,    0,    0,  -21,  -24,    0,    0,    0,    0,    0,    0,    0,    0,    0,    0,    0,    0,    0,    0,    0,    0,    0,    0,    0,    0,    0,    0,    0,    0,    0,    0,    0,    0,    0,    0,    0,    0,    0,    0,    0,    0,    0,    0,    0,    0,    0,    0,    0,    0,    0,    0,    0,    0,    0,    0,    0,    0,    0,    0,    0,    0,    0,    0,    0,    0,    0,    0,    0,    0,    0,    0,    0,    0,    0,    0,    0,    0,    0,    0,    0,    0,    0,    0,    0,    0,    0,    0,    0,    0,    0,    0,    0,    0,    0,    0,    0,    0,    0,    0,    0,    0,    0,    0,    0,    0,    0,    0,    0,    0,    0,    0,    0,    0,    0,
       0,   -8,    0,    0,   -8,  -10,  -10,    4,   -9,    0,   -9,    0,    0,    0,    0,    0,    0,    0,    0,    0,    0,    0,    0,    0,    0,    0,    0,    0,    0,  -12,    0,    0,    0,    0,    0,    0,    0,    0,    0,    0,    0,    0,    0,    0,    0,    0,    0,    0,   -6,    4,    0,    0,    0,    0,    0,    0,    0,    0,    0,    0,    0,    0,    0,    0,    0,    0,    0,    0,    0,    0,    0,    0,    0,    0,    0,    0,    0,    0,    0,    0,    0,    0,    0,    0,    0,    0,    0,    0,    0,    0,    0,    0,    0,    0,    0,    0,    0,    0,    0,    0,   -6,    0,    0,    0,    0,    0,    0,    0,    0,    0,    0,    0,    0,    0,    0,    0,    0,    0,    0,    0,    0,    0,    0,    0,    0,    0,    0,    0,    0,    0,    0,    0,    0,    0,    0,    0,    0,    0,    0,   -9,   -8,    0,    0,    0,    0,    0,    0,    0,    0,    0,    0,    0,    0,    0,    0,    0,    0,    0,    0,    0,    0,    0,    0,    0,    0,    0,    0,    0,    0,    0,    0,    0,    0,    0,    0,    0,    0,    0,    0,    0,    0,    0,    0,    0,    0,    0,    0,    0,    0,    0,    0,    0,    0,    0,    0,    0,    0,    0,    0,    0,    0,    0,    0,    0,    0,    0,    0,    0,    0,    0,    0,    0,    0,    0,    0,    0,    0,    0,    0,    0,    0,    0,    0,    0,    0,    0,    0,    0,    0,    0,    0,    0,    0,    0,    0,    0,    0,    0,    0,    0,    0,    0,    0,    0,    0,    0,    0,    0,    0,    0,
       0,  -10,    0,    0,   -8,  -10,  -10,    4,   -9,    0,   -9,    0,    0,    0,    0,    0,    0,    0,    0,    0,    0,    0,    0,    0,    0,    0,    0,    0,    0,  -12,    0,    0,    0,    0,    0,    0,    0,    0,    0,    0,    0,    0,    0,    0,    0,    0,    0,    0,   -7,    4,    0,    0,    0,    0,    0,    0,    0,    0,    0,    0,    0,    0,    0,    0,    0,    0,    0,    0,    0,    0,    0,    0,    0,    0,    0,    0,    0,    0,    0,    0,    0,    0,    0,    0,    0,    0,    0,    0,    0,    0,   -5,    0,    0,    0,    0,    0,    0,    0,    0,    0,   -6,    0,    0,    0,    0,    0,    0,    0,    0,    0,    0,    0,    0,    0,    0,    0,    0,    0,    0,    0,    0,    0,    0,    0,    0,    0,    0,    0,   -4,    0,    0,    0,    0,    0,    0,    0,    0,    0,    0,   -9,   -8,    0,    0,    0,    0,    0,    0,    0,    0,    0,    0,    0,    0,    0,    0,    0,    0,    0,    0,    0,    0,    0,    0,    0,    0,    0,    0,    0,    0,    0,    0,    0,    0,    0,    0,    0,    0,    0,    0,    0,    0,    0,    0,    0,    0,    0,    0,    0,    0,    0,    0,    0,    0,    0,    0,    0,    0,    0,    0,    0,    0,    0,    0,    0,    0,    0,    0,    0,    0,    0,    0,    0,    0,    0,    0,    0,    0,    0,    0,    0,    0,    0,    0,    0,    0,    0,    0,    0,    0,    0,    0,    0,    0,    0,    0,    0,    0,    0,    0,    0,    0,    0,    0,    0,    0,    0,    0,    0,    0,    0,
       0,    0,    0,    0,   -5,    0,    0,    4,    0,    0,   -5,    0,    0,    0,    0,    0,    0,    0,    0,    0,    0,    0,    0,    0,    0,    0,    0,    0,    0,   -9,    0,    0,    0,    0,    0,    0,    0,    0,    0,    0,    0,    0,    0,    0,    0,    0,    0,    0,   -6,    0,    0,    0,    0,    0,    0,    0,    0,    0,    0,    0,    0,    0,    0,    0,    0,    0,    0,    0,    0,    0,    0,    0,    0,    0,    0,    0,    0,    0,    0,    0,    0,    0,    0,    0,    0,    0,    0,    0,    0,    0,    0,    0,    0,    0,    0,    0,    0,    0,    0,    0,    0,    0,    0,    0,    0,    0,    0,    0,    0,    0,    0,    0,    0,    0,    0,    0,    0,    0,    0,    0,    0,    0,    0,    0,    0,    0,    0,    0,   -5,    0,    0,    0,    0,    0,    0,    0,    0,    0,    0,    0,    0,    0,    0,    0,    0,    0,    0,    0,    0,    0,    0,    0,    0,    0,    0,    0,    0,    0,    0,    0,    0,    0,    0,    0,    0,    0,    0,    0,    0,    0,    0,    0,    0,    0,    0,    0,    0,    0,    0,    0,    0,    0,    0,    0,    0,    0,    0,    0,    0,    0,    0,    0,    0,    0,    0,    0,    0,    0,    0,    0,    0,    0,    0,    0,    0,    0,    0,    0,    0,    0,    0,    0,    0,    0,    0,    0,    0,    0,    0,    0,    0,    0,    0,    0,    0,    0,    0,    0,    0,    0,    0,    0,    0,    0,    0,    0,    0,    0,    0,    0,    0,    0,    0,    0,    0,    0,    0,    0,    0,    0,
       0,  -12,    0,   -5,    0,   -7,    0,    5,    0,    0,   -7,    0,    0,    0,    0,    0,    0,    0,    0,    0,    0,    0,    0,    0,    0,    0,    0,    0,    0,    0,    0,    0,    0,    0,    0,    0,    0,    0,    0,    0,    0,    0,    0,    0,    0,    0,    0,    0,    0,    0,    0,    0,    0,    0,    0,    0,    0,    0,    0,    0,    0,    0,    0,    0,    0,    0,    0,    0,    0,    0,    0,    0,    0,    0,    0,    0,    0,    0,    0,    0,    0,    0,    0,    0,    0,    0,    0,    0,    0,    0,    0,    0,    0,    0,    0,    0,    0,    0,    0,    0,    0,    0,    0,    0,    0,    0,    0,   -5,    0,    0,    0,    0,    9,    0,    0,    0,    0,    0,    0,    0,    0,    0,    0,    0,    0,    0,    0,    0,   -4,    0,    0,    0,    0,    0,    0,    0,    0,    0,    0,  -12,   -9,    0,    0,    0,    0,    0,    0,    0,    0,    0,    0,    0,    0,    0,    0,    0,    0,    0,    0,    0,    0,    0,    0,    0,    0,    0,    0,    0,    0,    0,    0,    0,    0,    0,    0,    0,    0,    0,    0,    0,    0,    0,    0,    0,    0,    0,    0,    0,    0,    0,    0,    0,    0,    0,    0,    0,    0,    0,    0,    0,    0,    0,    0,    0,    0,    0,    0,    0,    0,    0,    0,    0,    0,    0,    0,    0,    0,    0,    0,    0,    0,    0,    0,    0,    0,    0,    0,    0,    0,    0,    0,    0,    0,    0,    0,    0,    0,    0,    0,    0,    0,    0,    0,    0,    0,    0,    0,    0,    0,    0,
       0,    0,    0,    0,    0,    0,    5,    0,    0,    0,   -3,    0,    0,    0,    0,    0,    0,    0,    0,    0,    0,    0,    0,    0,    0,    0,    0,    0,    0,   -8,    0,    0,    0,    0,    0,    0,    0,    0,    0,    0,    0,    0,    0,    0,    0,    0,    0,    0,   -6,   -4,    0,    0,    0,    0,    0,    0,    0,    0,    0,    0,    0,    0,    0,    0,    0,    0,    0,    0,    0,    0,    0,    0,    0,    0,    0,    0,    0,    0,    0,    0,    0,    0,    0,    0,    0,    0,    0,    0,    0,    0,    5,    0,    0,    0,    0,    0,    0,    0,    0,   -3,    5,    0,    0,    0,    0,    0,    0,    0,    0,    0,    0,    0,    0,    0,    0,    0,    0,    0,    0,    0,    0,    0,    0,    0,    0,    0,    0,    0,    0,    0,    0,    0,    0,    0,    0,    0,    0,    0,    0,    0,    0,    0,    0,    0,    0,    0,    0,    0,    0,    0,    0,    0,    0,    0,    0,    0,    0,    0,    0,    0,    0,    0,    0,    0,    0,    0,    0,    0,    0,    0,    0,    0,    0,    0,    0,    0,    0,    0,    0,    0,    0,    0,    0,    0,    0,    0,    0,    0,    0,    0,    0,    0,    0,    0,    0,    0,    0,    0,    0,    0,    0,    0,    0,    0,    0,    0,    0,    0,    0,    0,    0,    0,    0,    0,    0,    0,    0,    0,    0,    0,    0,    0,    0,    0,    0,    0,    0,    0,    0,    0,    0,    0,    0,    0,    0,    0,    0,    0,    0,    0,    0,    0,    0,    0,    0,    0,    0,    0,    0,    0,
       0,    0,    0,    0,   -4,   -3,    0,    0,   -4,    0,  -12,    0,    0,    0,    0,    0,    0,    0,    0,    0,    0,    0,    0,    0,    0,    0,    0,    0,    0,  -11,    0,    0,    0,    0,    0,    0,    0,    0,    0,    0,    0,    0,    0,    0,    0,    0,    0,    0,   -6,    0,    0,    0,    0,    0,    0,    0,    0,    0,    0,    0,    0,    0,    0,    0,    0,    0,    0,    0,    0,    0,    0,    0,    0,    0,    0,    0,    0,    0,    0,    0,    0,    0,    0,    0,    0,    0,    0,    0,    0,    0,    0,    0,    0,    0,    0,    0,    0,    0,    0,    0,    0,    0,    0,    0,    0,    0,    0,    0,    0,    0,    0,    0,    0,    0,    0,    0,    0,    0,    0,    0,    0,    0,    0,    0,    0,    0,    0,    0,   -3,    0,    0,    0,    0,    0,    0,    0,    0,    0,    0,    0,    0,    0,    0,    0,    0,    0,    0,    0,    0,    0,    0,    0,    0,    0,    0,    0,    0,    0,    0,    0,    0,    0,    0,    0,    0,    0,    0,    0,    0,    0,    0,    0,    0,    0,    0,    0,    0,    0,    0,    0,    0,    0,    0,    0,    0,    0,    0,    0,    0,    0,    0,    0,    0,    0,    0,    0,    0,    0,    0,    0,    0,    0,    0,    0,    0,    0,    0,    0,    0,    0,    0,    0,    0,    0,    0,    0,    0,    0,    0,    0,    0,    0,    0,    0,    0,    0,    0,    0,    0,    0,    0,    0,    0,    0,    0,    0,    0,    0,    0,    0,    0,    0,    0,    0,    0,    0,    0,    0,    0,    0,
       0,    0,    0,    0,    4,    0,    0,    4,    0,    0,    0,    0,    0,    0,    0,    0,    0,    0,    0,    0,    0,    0,    0,    0,    0,    0,    0,    0,    0,    0,    0,    0,    0,    0,    0,    0,    0,    0,    0,    0,    0,    0,    0,    0,    0,    0,    0,    0,    0,    0,    0,    0,    0,    0,    0,    0,    0,    0,    0,    0,    0,    0,    0,    0,    0,    0,    0,    0,    0,    0,    0,    0,    0,    0,    0,    0,    0,    0,    0,    0,    0,    0,    0,    0,    0,    0,    0,    0,    0,    0,    0,    0,    0,    0,    0,    0,    0,    0,    0,    0,    0,    0,    0,    0,    0,    0,    0,    0,    0,    0,    0,    0,    0,    0,    0,    0,    0,    0,    0,    0,    0,    0,    0,    0,    0,    0,    0,    0,   -5,    0,    0,    0,    0,    0,    0,    0,    0,    0,    0,    0,    0,    0,    0,    0,    0,    0,    0,    0,    0,    0,    0,    0,    0,    0,    0,    0,    0,    0,    0,    0,    0,    0,    0,    0,    0,    0,    0,    0,    0,    0,    0,    0,    0,    0,    0,    0,    0,    0,    0,    0,    0,    0,    0,    0,    0,    0,    0,    0,    0,    0,    0,    0,    0,    0,    0,    0,    0,    0,    0,    0,    0,    0,    0,    0,    0,    0,    0,    0,    0,    0,    0,    0,    0,    0,    0,    0,    0,    0,    0,    0,    0,    0,    0,    0,    0,    0,    0,    0,    0,    0,    0,    0,    0,    0,    0,    0,    0,    0,    0,    0,    0,    0,    0,    0,    0,    0,    0,    0,    0,    0,
       0,    0,    0,   -4,    4,    0,    0,    4,    0,    0,    0,    0,    0,    0,    0,    0,    0,    0,    0,    0,    0,    0,    0,    0,    0,    0,    0,    0,    0,    3,    0,    0,    0,    0,    0,    0,    0,    0,    0,    0,    0,    0,    0,    0,    0,    0,    0,    0,    0,    0,    0,    0,    0,    0,    0,    0,    0,    0,    0,    0,    0,    0,    0,    0,    0,    0,    0,    0,    0,    0,    0,    0,    0,    0,    0,    0,    0,    0,    0,    0,    0,    0,    0,    0,    0,    0,    0,    0,    0,    0,    0,    0,    0,    0,    0,    0,    0,    0,    0,    0,    0,    0,    0,    0,    0,    0,    0,    0,    0,    0,    0,    0,   10,    0,    0,    0,    0,    0,    0,    0,    0,    0,    0,    0,    0,    0,    0,    0,   -5,    0,    0,    0,    0,    0,    0,    0,    0,    0,    0,    0,    0,    0,    0,    0,    0,    0,    0,    0,    0,    0,    0,    0,    0,    0,    0,    0,    0,    0,    0,    0,    0,    0,    0,    0,    0,    0,    0,    0,    0,    0,    0,    0,    0,    0,    0,    0,    0,    0,    0,    0,    0,    0,    0,    0,    0,    0,    0,    0,    0,    0,    0,    0,    0,    0,    0,    0,    0,    0,    0,    0,    0,    0,    0,    0,    0,    0,    0,    0,    0,    0,    0,    0,    0,    0,    0,    0,    0,    0,    0,    0,    0,    0,    0,    0,    0,    0,    0,    0,    0,    0,    0,    0,    0,    0,    0,    0,    0,    0,    0,    0,    0,    0,    0,    0,    0,    0,    0,    0,    0,    0,
       0,  -12,    0,   -4,   -5,   -7,    0,    5,    0,    0,   -7,    0,    0,    0,    0,    0,    0,    0,    0,    0,    0,    0,    0,    0,    0,    0,    0,    0,    0,  -11,    0,    0,    0,    0,    0,    0,    0,    0,    0,    0,    0,    0,    0,    0,    0,    0,    0,    0,   -9,    0,    0,    0,    0,    0,    0,    0,    0,    0,    0,    0,    0,    0,    0,    0,    0,    0,    0,    0,    0,    0,    0,    0,    0,    0,    0,    0,    0,    0,    0,    0,    0,    0,    0,    0,    0,    0,    0,    0,    0,    0,    0,    0,    0,    0,    0,    0,    0,    0,    0,    0,    0,    0,    0,    0,    0,    0,    0,    0,    0,    0,    0,    0,   -3,    0,    0,    0,    0,    0,    0,    0,    0,    0,    0,    0,    0,    0,    0,    0,   -6,    0,    0,    0,    0,    0,    0,    0,    0,    0,    0,  -11,   -9,    0,    0,    0,    0,    0,    0,    0,    0,    0,    0,    0,    0,    0,    0,    0,    0,    0,    0,    0,    0,    0,    0,    0,    0,    0,    0,    0,    0,    0,    0,    0,    0,    0,    0,    0,    0,    0,    0,    0,    0,    0,    0,    0,    0,    0,    0,    0,    0,    0,    0,    0,    0,    0,    0,    0,    0,    0,    0,    0,    0,    0,    0,    0,    0,    0,    0,    0,    0,    0,    0,    0,    0,    0,    0,    0,    0,    0,    0,    0,    0,    0,    0,    0,    0,    0,    0,    0,    0,    0,    0,    0,    0,    0,    0,    0,    0,    0,    0,    0,    0,    0,    0,    0,    0,    0,    0,    0,    0,    0,
       0,    0,    0,    0,   -5,    0,    0,    4,    0,    0,   -5,    0,    0,    0,    0,    0,    0,    0,    0,    0,    0,    0,    0,    0,    0,    0,    0,    0,    0,   -4,    0,    0,    0,    0,    0,    0,    0,    0,    0,    0,    0,    0,    0,    0,    0,    0,    0,    0,   -4,    0,    0,    0,    0,    0,    0,    0,    0,    0,    0,    0,    0,    0,    0,    0,    0,    0,    0,    0,    0,    0,    0,    0,    0,    0,    0,    0,    0,    0,    0,    0,    0,    0,    0,    0,    0,    0,    0,    0,    0,    0,    0,    0,    0,    0,    0,    0,    0,    0,    0,    0,    0,    0,    0,    0,    0,    0,    0,    0,    0,    0,    0,    0,    0,    0,    0,    0,    0,    0,    0,    0,    0,    0,    0,    0,    0,    0,    0,    0,   -5,    0,    0,    0,    0,    0,    0,    0,    0,    0,    0,    0,    0,    0,    0,    0,    0,    0,    0,    0,    0,    0,    0,    0,    0,    0,    0,    0,    0,    0,    0,    0,    0,    0,    0,    0,    0,    0,    0,    0,    0,    0,    0,    0,    0,    0,    0,    0,    0,    0,    0,    0,    0,    0,    0,    0,    0,    0,    0,    0,    0,    0,    0,    0,    0,    0,    0,    0,    0,    0,    0,    0,    0,    0,    0,    0,    0,    0,    0,    0,    0,    0,    0,    0,    0,    0,    0,    0,    0,    0,    0,    0,    0,    0,    0,    0,    0,    0,    0,    0,    0,    0,    0,    0,    0,    0,    0,    0,    0,    0,    0,    0,    0,    0,    0,    0,    0,    0,    0,    0,    0,    0,
       0,  -17,    0,    0,   -9,  -15,    0,    0,    0,    0,   -9,    0,    0,    0,    0,    0,    0,    0,    0,    0,    0,    0,    0,    0,    0,    0,    0,   -5,    0,  -13,    0,    0,    0,    0,    0,    0,    0,    0,    0,    0,    0,    0,    0,    0,    0,    0,    0,    0,   -9,    0,    0,    0,    0,    0,    0,    0,    0,    0,    0,    0,    0,    0,    0,    0,    0,    0,    0,    0,    0,    0,    0,    0,    0,    0,    0,    0,    0,    0,    0,    0,    0,    0,    0,    0,    0,    0,    0,    0,    0,    0,    0,    0,    0,    0,    0,    0,    0,  -11,   -8,    0,    0,   -3,    0,   -7,    0,    0,   -3,   -4,    0,    0,    0,    0,    0,   -4,  -11,    0,    0,    0,    0,   -8,    0,    0,    0,    0,    0,    0,    0,    0,  -15,    0,    0,    0,    0,    0,    0,    0,    0,    0,    0,  -15,  -12,    0,    0,    0,    0,    0,    0,    0,    0,    0,    0,    0,    0,    0,    0,    0,    0,    0,    0,    0,    0,    0,    0,    0,    0,    0,    0,    0,    0,    0,    0,    0,    0,    0,    0,    0,    0,    0,    0,    0,    0,    0,    0,    0,    0,    0,    0,    0,    0,    0,    0,    0,    0,    0,    0,    0,    0,    0,    0,    0,    0,    0,    0,    0,    0,    0,    0,    0,    0,    0,    0,    0,    0,    0,    0,    0,    0,    0,    0,    0,    0,    0,    0,    0,    0,    0,    0,    0,    0,    0,    0,    0,    0,    0,    0,    0,    0,    0,    0,    0,    0,    0,    0,    0,    0,    0,    0,    0,    0,    0,
       4,    7,    0,   -4,    9,    0,  -33,  -17,  -21,    0,   11,   -9,    0,    0,    0,    0,    0,    0,    0,    0,    0,    0,    0,    0,    0,    0,    0,    0,    0,   13,    0,    0,    0,    0,    0,    0,    0,    0,    0,    0,    0,    0,    0,    0,    0,    0,    0,    0,   13,  -20,    0,    0,    0,    0,    0,    0,    0,    0,    0,    0,    0,    0,    0,    0,    0,    0,    0,   11,   -4,    0,  -27,  -17,   10,  -21,  -16,   10,    7,    0,   -4,   -5,    9,    8,    7,    0,   -6,    0,   -4,   -4,  -17,  -17,    0,    0,  -18,   -8,  -17,   -5,  -18,    0,    0,  -20,    0,    0,   -4,    0,    0,    0,  -14,   12,  -15,  -11,    0,    0,    0,   12,    0,    0,   -4,  -17,   12,    0,    0,    4,   -4,  -31,   -6,    0,   -6,    4,    0,    0,    0,    0,    0,    0,    0,    0,    0,    0,    0,   10,   10,    0,    0,    0,    0,    0,    0,    0,    0,    0,    0,    0,    0,    0,    0,    0,    0,    0,    0,    0,    0,    0,    0,    0,    0,    0,    0,    0,    0,    0,    0,    0,    0,    0,    0,    0,    0,    0,    0,    0,    0,    0,    0,    0,    0,    0,    0,    0,    0,    0,    0,    0,    0,    0,    0,    0,    0,    0,    0,    0,    0,    0,    0,    0,    0,    0,    0,    0,    0,    0,    0,    0,    0,    0,    0,    0,    0,    0,    0,    0,    0,    0,    0,    0,    0,    0,    0,    0,    0,    0,    0,    0,    0,    0,    0,    0,    0,    0,    0,    0,    0,    0,    0,    0,    0,    0,    0,    0,    0,    0,
       0,    5,    0,    0,    0,    6,  -18,    0,  -14,    6,    0,    0,    0,    0,    0,    0,    0,    0,    0,    0,    0,    0,    0,    0,    0,    0,    0,    0,    0,   -4,    0,    0,    0,    0,    0,    0,    0,    0,    0,    0,    0,    0,    0,    0,    0,    0,    0,    0,    0,    0,    7,    0,    0,    0,    0,    0,    0,    0,    0,    0,    0,    0,    0,    0,    0,    0,    0,    0,    0,    0,    0,    0,    0,    0,    0,    0,    0,    0,    0,    0,    0,    0,    0,    0,    0,    0,    0,    0,   -7,    0,    9,    6,   -8,    0,    0,    0,    0,   10,   11,    0,   10,    6,    0,   10,    6,    0,    0,    0,    0,    0,    0,    0,    0,    0,   11,   11,    0,    0,    0,   11,    0,    0,    8,    0,    0,    0,    0,    0,    0,    0,    0,    0,    0,    0,    0,    0,    0,    0,    0,    7,   11,    0,    0,    0,    0,    0,    0,    0,    0,    0,    0,    0,    0,    0,    0,    0,    0,    0,    0,    0,    0,    0,    0,    0,    0,    0,    0,    0,    0,    0,    0,    0,    0,    0,    0,    0,    0,    0,    0,    0,    0,    0,    0,    0,    0,    0,    0,    0,    0,    0,    0,    0,    0,    0,    0,    0,    0,    0,    0,    0,    0,    0,    0,    0,    0,    0,    0,    0,    0,    0,    0,    0,    0,    0,    0,    0,    0,    0,    0,    0,    0,    0,    0,    0,    0,    0,    0,    0,    0,    0,    0,    0,    0,    0,    0,    0,    0,    0,    0,    0,    0,    0,    0,    0,    0,    0,    0,    0,    0,    0,
       0,   -6,    0,   -4,    0,   -6,    7,    0,    0,    0,   -6,    0,    0,    0,    0,    0,    0,    0,    0,    0,    0,    0,    0,    0,    0,    0,    0,    0,    0,    0,    0,    0,    0,    0,    0,    0,    0,    0,    0,    0,    0,    0,    0,    0,    0,    0,    0,    0,    0,    0,    0,    0,    0,    0,    0,    0,    0,    0,    0,    0,    0,    0,    0,    0,    0,    0,    0,    0,    0,    0,    0,    0,    0,    0,    0,    0,    0,    0,    0,    0,    0,    0,    0,    0,    0,    0,    0,    0,    0,    0,    4,    0,    4,    0,    0,    0,    0,    0,    0,    0,    4,   -5,    0,    0,    0,    0,    0,    0,    0,    0,    0,    0,   12,    0,    0,    0,    0,    0,    0,    0,    0,    0,    0,    0,    0,    0,    0,    0,    0,    0,    0,    0,    0,    0,    0,    0,    0,    0,    0,   -5,    0,    0,    0,    0,    0,    0,    0,    0,    0,    0,    0,    0,    0,    0,    0,    0,    0,    0,    0,    0,    0,    0,    0,    0,    0,    0,    0,    0,    0,    0,    0,    0,    0,    0,    0,    0,    0,    0,    0,    0,    0,    0,    0,    0,    0,    0,    0,    0,    0,    0,    0,    0,    0,    0,    0,    0,    0,    0,    0,    0,    0,    0,    0,    0,    0,    0,    0,    0,    0,    0,    0,    0,    0,    0,    0,    0,    0,    0,    0,    0,    0,    0,    0,    0,    0,    0,    0,    0,    0,    0,    0,    0,    0,    0,    0,    0,    0,    0,    0,    0,    0,    0,    0,    0,    0,    0,    0,    0,    0,    0,
       0,  -31,    0,   -4,    0,  -24,    7,    0,    0,    0,   -6,    0,    0,    0,    0,    0,    0,    0,    0,    0,    0,    0,    0,    0,    0,    0,    0,   -4,    0,    0,    0,    0,    0,    0,    0,    0,    0,    0,    0,    0,    0,    0,    0,    0,    0,    0,    0,    0,    0,    0,    0,    0,    0,    0,    0,    0,    0,    0,    0,    0,    0,    0,    0,    0,    0,    0,    0,    0,    0,    0,    0,    0,    0,    0,    0,    0,    0,    0,    0,    0,    0,    0,    0,    0,    0,    0,    0,    0,    0,    0,    4,    0,    4,    0,    0,    0,    0,  -14,    0,    0,    4,   -7,    0,  -11,    0,    0,    0,    0,    0,    0,    0,    0,   12,    0,  -10,    0,    0,    0,    0,  -12,    0,    0,   -7,    0,    0,    0,    0,    0,    0,    0,    0,    0,    0,    0,    0,    0,    0,    0,    0,  -27,  -30,    0,    0,    0,    0,    0,    0,    0,    0,    0,    0,    0,    0,    0,    0,    0,    0,    0,    0,    0,    0,    0,    0,    0,    0,    0,    0,    0,    0,    0,    0,    0,    0,    0,    0,    0,    0,    0,    0,    0,    0,    0,    0,    0,    0,    0,    0,    0,    0,    0,    0,    0,    0,    0,    0,    0,    0,    0,    0,    0,    0,    0,    0,    0,    0,    0,    0,    0,    0,    0,    0,    0,    0,    0,    0,    0,    0,    0,    0,    0,    0,    0,    0,    0,    0,    0,    0,    0,    0,    0,    0,    0,    0,    0,    0,    0,    0,    0,    0,    0,    0,    0,    0,    0,    0,    0,    0,    0,    0,    0,
       0,  -11,    0,    0,    0,   -3,    0,   10,    0,    0,   -7,    0,    0,    0,    0,    0,    0,    0,    0,    0,    0,    0,    0,    0,    0,    0,    0,   -4,    0,    0,    0,    0,    0,    0,    0,    0,    0,    0,    0,    0,    0,    0,    0,    0,    0,    0,    0,    0,    0,    0,    0,    0,    0,    0,    0,    0,    0,    0,    0,    0,    0,    0,    0,    0,    0,    0,    0,  -15,    0,   -6,    0,    0,   -5,    0,    0,   -8,    0,    0,    0,    0,   -7,    0,   -5,   -6,    0,    0,    0,    0,    0,    0,   -4,    0,    0,    0,    0,    0,    0,    0,    0,    0,    0,    0,    0,    0,    0,    0,    0,    0,    0,    0,    0,    0,   11,    0,    0,    0,    0,    0,  -18,    0,    0,    0,    0,    0,    0,    0,    0,    0,    0,    0,    0,    0,    0,    0,    0,    0,    0,    0,    0,  -11,   -8,    0,    0,    0,    0,    0,    0,    0,    0,    0,    0,    0,    0,    0,    0,    0,    0,    0,    0,    0,    0,    0,    0,    0,    0,    0,    0,    0,    0,    0,    0,    0,    0,    0,    0,    0,    0,    0,    0,    0,    0,    0,    0,    0,    0,    0,    0,    0,    0,    0,    0,    0,    0,    0,    0,    0,    0,    0,    0,    0,    0,    0,    0,    0,    0,    0,    0,    0,    0,    0,    0,    0,    0,    0,    0,    0,    0,    0,    0,    0,    0,    0,    0,    0,    0,    0,    0,    0,    0,    0,    0,    0,    0,    0,    0,    0,    0,    0,    0,    0,    0,    0,    0,    0,    0,    0,    0,    0,    0,    0,
       0,  -17,    0,    0,    0,  -11,    0,    8,    5,    0,   -8,    0,    0,    0,    0,    0,    0,    0,    0,    0,    0,    0,    0,    0,    0,    0,    0,    0,    0,    0,    0,    0,    0,    0,    0,    0,    0,    0,    0,    0,    0,    0,    0,    0,    0,    0,    0,    0,    0,    0,    0,    0,    0,    0,    0,    0,    0,    0,    0,    0,    0,    0,    0,    0,    0,    0,    0,    0,    0,    0,    0,    0,    0,    0,    0,    0,    0,    0,    0,    0,    0,    0,    0,    0,    0,    0,    0,    0,    0,    0,    0,    0,    0,    0,    0,    0,    0,   -7,    0,    0,    0,    0,    0,   -5,    0,    0,    0,    0,    0,    0,    0,    0,   14,    0,   -5,    0,    0,    0,    0,   -4,    0,    0,    0,    0,    0,    0,    0,    0,    0,    0,    0,    0,    0,    0,    0,    0,    0,    0,    0,  -15,  -15,    0,    0,    0,    0,    0,    0,    0,    0,    0,    0,    0,    0,    0,    0,    0,    0,    0,    0,    0,    0,    0,    0,    0,    0,    0,    0,    0,    0,    0,    0,    0,    0,    0,    0,    0,    0,    0,    0,    0,    0,    0,    0,    0,    0,    0,    0,    0,    0,    0,    0,    0,    0,    0,    0,    0,    0,    0,    0,    0,    0,    0,    0,    0,    0,    0,    0,    0,    0,    0,    0,    0,    0,    0,    0,    0,    0,    0,    0,    0,    0,    0,    0,    0,    0,    0,    0,    0,    0,    0,    0,    0,    0,    0,    0,    0,    0,    0,    0,    0,    0,    0,    0,    0,    0,    0,    0,    0,    0,    0,
       0,    0,    0,  -11,    8,    0,  -21,  -15,  -25,   -7,    6,  -15,    0,    0,    0,    0,    0,    0,    0,    0,    0,    0,    0,    0,    0,    0,    0,    0,    0,    9,    0,    0,    0,    0,    0,    0,    0,    0,    0,    0,    0,    0,    0,    0,    0,    0,    0,   -5,    9,  -21,   -7,    0,    0,    0,    0,    0,    0,    0,    0,    0,    0,    0,    0,    0,    0,    0,    0,    7,  -11,   -4,  -24,  -21,    7,  -23,  -20,    9,    0,   -4,  -11,  -12,    7,    4,    0,   -9,  -11,   -7,   -9,   -9,  -22,  -19,    0,   -6,  -23,  -14,  -19,  -10,  -20,    0,    0,  -21,    0,   -6,   -9,    0,   -6,   -8,  -16,    7,  -18,  -14,    0,    0,    0,    7,    0,    0,  -11,  -19,   10,    0,    0,    0,   -6,  -20,  -11,    0,  -11,    0,    0,    0,    0,    0,    0,    0,    0,    0,    0,    0,    0,    0,    4,    0,    0,    0,    0,    0,    0,    0,    0,    0,    0,    0,    0,    0,    0,    0,    0,    0,    0,    0,    0,    0,    0,    0,    0,    0,    0,    0,    0,    0,    0,    0,    0,    0,    0,    0,    0,    0,    0,    0,    0,    0,    0,    0,    0,    0,    0,    0,    0,    0,    0,    0,    0,    0,    0,    0,    0,    0,    0,    0,    0,    0,    0,    0,    0,    0,    0,    0,    0,    0,    0,    0,    0,    0,    0,    0,    0,    0,    0,    0,    0,    0,    0,    0,    0,    0,    0,    0,    0,    0,    0,    0,    0,    0,    0,    0,    0,    0,    0,    0,    0,    0,    0,    0,    0,    0,    0,    0,    0,    0,
       0,    0,    0,    0,    0,    0,  -11,    0,   -9,    0,    0,    0,    0,    0,    0,    0,    0,    0,    0,    0,    0,    0,    0,    0,    0,    0,    0,    0,    0,   -7,    0,    0,    0,    0,    0,    0,    0,    0,    0,    0,    0,    0,    0,    0,    0,    0,    0,    0,    0,    0,    3,    0,    0,    0,    0,    0,    0,    0,    0,    0,    0,    0,    0,    0,    0,    0,    0,    0,    0,    0,    0,    0,    0,    0,    0,    0,    0,    0,    0,    0,    0,    0,    0,    0,    0,    0,    0,    0,   -8,    0,    6,    0,   -8,    0,    0,    0,    0,    6,    8,    0,    7,    0,    0,    6,    0,    0,    0,    0,    0,    0,    0,    0,    0,    0,    8,    7,    0,    0,    0,    8,    0,    0,    4,    0,    0,    0,    0,    0,    0,    0,    0,    0,    0,    0,    0,    0,    0,    0,    0,    0,    7,    0,    0,    0,    0,    0,    0,    0,    0,    0,    0,    0,    0,    0,    0,    0,    0,    0,    0,    0,    0,    0,    0,    0,    0,    0,    0,    0,    0,    0,    0,    0,    0,    0,    0,    0,    0,    0,    0,    0,    0,    0,    0,    0,    0,    0,    0,    0,    0,    0,    0,    0,    0,    0,    0,    0,    0,    0,    0,    0,    0,    0,    0,    0,    0,    0,    0,    0,    0,    0,    0,    0,    0,    0,    0,    0,    0,    0,    0,    0,    0,    0,    0,    0,    0,    0,    0,    0,    0,    0,    0,    0,    0,    0,    0,    0,    0,    0,    0,    0,    0,    0,    0,    0,    0,    0,    0,    0,    0,    0,
       0,  -20,    0,   -5,   -4,   -9,    4,    5,    0,    0,  -10,    0,    0,    0,    0,    0,    0,    0,    0,    0,    0,    0,    0,    0,    0,    0,    0,   -5,    0,  -14,    0,    0,    0,    0,    0,    0,    0,    0,    0,    0,    0,    0,    0,    0,    0,    0,    0,    0,  -10,    0,    0,    0,    0,    0,    0,    0,    0,    0,    0,    0,    0,    0,    0,    0,    0,    0,    0,  -21,    0,    0,    0,    0,    0,    0,    0,    0,    0,    0,    0,    0,    0,   -6,    0,    0,    0,    0,    0,    0,    0,    0,    0,    0,    0,    0,    0,    0,    0,    0,    0,    0,    0,    0,    0,    0,    0,    0,    0,    0,    0,    0,    0,    0,    0,    0,    0,    0,    0,    0,  -23,    0,    0,   -4,    0,    5,    0,    0,    0,    0,    0,    0,    0,    0,    0,    0,    0,    0,    0,    0,    0,  -20,  -17,    0,    0,    0,    0,    0,    0,    0,    0,    0,    0,    0,    0,    0,    0,    0,    0,    0,    0,    0,    0,    0,    0,    0,    0,    0,    0,    0,    0,    0,    0,    0,    0,    0,    0,    0,    0,    0,    0,    0,    0,    0,    0,    0,    0,    0,    0,    0,    0,    0,    0,    0,    0,    0,    0,    0,    0,    0,    0,    0,    0,    0,    0,    0,    0,    0,    0,    0,    0,    0,    0,    0,    0,    0,    0,    0,    0,    0,    0,    0,    0,    0,    0,    0,    0,    0,    0,    0,    0,    0,    0,    0,    0,    0,    0,    0,    0,    0,    0,    0,    0,    0,    0,    0,    0,    0,    0,    0,    0,    0,
       0,  -11,    0,   -4,   -5,   -7,    0,    5,    0,    0,   -7,    0,    0,    0,    0,    0,    0,    0,    0,    0,    0,    0,    0,    0,    0,    0,    0,    0,    0,  -11,    0,    0,    0,    0,    0,    0,    0,    0,    0,    0,    0,    0,    0,    0,    0,    0,    0,    0,   -9,    0,    0,    0,    0,    0,    0,    0,    0,    0,    0,    0,    0,    0,    0,    0,    0,    0,    0,    0,    0,    0,    0,    0,    0,    0,    0,    0,    0,    0,    0,    0,    0,    0,    0,    0,    0,    0,    0,    0,    0,    0,    0,    0,    0,    0,    0,    0,    0,    0,    0,    0,    0,    0,    0,    0,    0,    0,    0,    0,    0,    0,    0,    0,   -3,    0,    0,    0,    0,    0,    0,    0,    0,    0,    0,    0,    0,    0,    0,    0,   -6,    0,    0,    0,    0,    0,    0,    0,    0,    0,    0,   -9,   -6,    0,    0,    0,    0,    0,    0,    0,    0,    0,    0,    0,    0,    0,    0,    0,    0,    0,    0,    0,    0,    0,    0,    0,    0,    0,    0,    0,    0,    0,    0,    0,    0,    0,    0,    0,    0,    0,    0,    0,    0,    0,    0,    0,    0,    0,    0,    0,    0,    0,    0,    0,    0,    0,    0,    0,    0,    0,    0,    0,    0,    0,    0,    0,    0,    0,    0,    0,    0,    0,    0,    0,    0,    0,    0,    0,    0,    0,    0,    0,    0,    0,    0,    0,    0,    0,    0,    0,    0,    0,    0,    0,    0,    0,    0,    0,    0,    0,    0,    0,    0,    0,    0,    0,    0,    0,    0,    0,    0,    0,
       0,    0,    0,    0,   -7,    0,    0,    4,   -6,    0,   -5,    0,    0,    0,    0,    0,    0,    0,    0,    0,    0,    0,    0,    0,    0,    0,    0,   -3,    0,   -9,    0,    0,    0,    0,    0,    0,    0,    0,    0,    0,    0,    0,    0,    0,    0,    0,    0,    0,   -6,    0,    0,    0,    0,    0,    0,    0,    0,    0,    0,    0,    0,    0,    0,    0,    0,    0,    0,    0,    0,    0,    0,    0,   -6,    0,    0,    0,    0,    0,    0,    0,    0,    0,   -5,   -5,    0,    0,    0,    0,    0,    0,    0,    0,    0,    0,    0,    0,    0,    0,    0,    0,    0,    0,    0,    0,    0,    0,    0,    0,    0,    0,    0,    0,    0,    0,    0,    0,    0,    0,   -9,    0,    0,    0,    0,    0,    0,    0,    0,    0,    0,    0,    0,    0,    0,    0,    0,    0,    0,    0,    0,    0,    0,    0,    0,    0,    0,    0,    0,    0,    0,    0,    0,    0,    0,    0,    0,    0,    0,    0,    0,    0,    0,    0,    0,    0,    0,    0,    0,    0,    0,    0,    0,    0,    0,    0,    0,    0,    0,    0,    0,    0,    0,    0,    0,    0,    0,    0,    0,    0,    0,    0,    0,    0,    0,    0,    0,    0,    0,    0,    0,    0,    0,    0,    0,    0,    0,    0,    0,    0,    0,    0,    0,    0,    0,    0,    0,    0,    0,    0,    0,    0,    0,    0,    0,    0,    0,    0,    0,    0,    0,    0,    0,    0,    0,    0,    0,    0,    0,    0,    0,    0,    0,    0,    0,    0,    0,    0,    0,    0,    0,    0,
       0,    0,    0,   -6,    0,  -12,    0,    0,    0,    0,    0,    0,    0,    0,    0,    0,    0,    0,    0,    0,    0,    0,    0,    0,    0,    0,    0,   -6,    0,    0,    0,    0,    0,    0,    0,    0,    0,    0,    0,    0,    0,    0,    0,    0,    0,    0,    0,    0,    0,    0,    0,    0,    0,    0,    0,    0,    0,    0,    0,    0,    0,    0,    0,    0,    0,    0,    0,    0,   -5,    0,    0,    0,    0,    0,    0,    0,    0,    0,   -6,   -8,    0,    0,    0,    0,    0,    0,    0,    0,    0,    0,    0,    0,    0,    0,    0,    0,    0,  -12,    0,    0,    0,   -7,    0,  -10,    0,    0,    0,    0,    0,    0,    0,    0,    5,    0,   -9,    0,   -6,    0,    0,  -12,    0,  -11,   -5,    0,    0,   -5,    0,    0,    0,    0,    0,    0,    0,    0,    0,    0,    0,    0,    0,    0,    0,    0,    0,    0,    0,    0,    0,    0,    0,    0,    0,    0,    0,    0,    0,    0,    0,    0,    0,    0,    0,    0,    0,    0,    0,    0,    0,    0,    0,    0,    0,    0,    0,    0,    0,    0,    0,    0,    0,    0,    0,    0,    0,    0,    0,    0,    0,    0,    0,    0,    0,    0,    0,    0,    0,    0,    0,    0,    0,    0,    0,    0,    0,    0,    0,    0,    0,    0,    0,    0,    0,    0,    0,    0,    0,    0,    0,    0,    0,    0,    0,    0,    0,    0,    0,    0,    0,    0,    0,    0,    0,    0,    0,    0,    0,    0,    0,    0,    0,    0,    0,    0,    0,    0,    0,    0,    0,    0,    0,    0,
       0,    0,    0,   -4,    0,    0,    6,    0,    0,    0,    0,    0,    0,    0,    0,    0,    0,    0,    0,    0,    0,    0,    0,    0,    0,    0,    0,    0,    0,    0,    0,    0,    0,    0,    0,    0,    0,    0,    0,    0,    0,    0,    0,    0,    0,    0,    0,    0,    0,   -3,    0,    0,    0,    0,    0,    0,    0,    0,    0,    0,    0,    0,    0,    0,    0,    0,    0,    0,    0,    0,    0,    0,    0,    0,    0,    0,    0,    0,    0,    0,    0,    0,    0,    0,    0,    0,    0,    0,    0,    0,    4,    0,    4,    0,    0,    0,    0,    3,    5,    0,    4,    0,    0,    3,    0,    0,    0,    0,    0,    0,    0,    0,   12,    0,    5,    0,    0,    0,    0,    4,    0,    0,    0,    0,    0,    0,    0,    0,    0,    0,    0,    0,    0,    0,    0,    0,    0,    0,    0,    0,    4,    0,    0,    0,    0,    0,    0,    0,    0,    0,    0,    0,    0,    0,    0,    0,    0,    0,    0,    0,    0,    0,    0,    0,    0,    0,    0,    0,    0,    0,    0,    0,    0,    0,    0,    0,    0,    0,    0,    0,    0,    0,    0,    0,    0,    0,    0,    0,    0,    0,    0,    0,    0,    0,    0,    0,    0,    0,    0,    0,    0,    0,    0,    0,    0,    0,    0,    0,    0,    0,    0,    0,    0,    0,    0,    0,    0,    0,    0,    0,    0,    0,    0,    0,    0,    0,    0,    0,    0,    0,    0,    0,    0,    0,    0,    0,    0,    0,    0,    0,    0,    0,    0,    0,    0,    0,    0,    0,    0,    0,
       0,    0,    0,    0,    0,    0,    0,    4,    0,    0,   -5,    0,    0,    0,    0,    0,    0,    0,    0,    0,    0,    0,    0,    0,    0,    0,    0,    0,    0,    0,    0,    0,    0,    0,    0,    0,    0,    0,    0,    0,    0,    0,    0,    0,    0,    0,    0,    0,    0,    0,    0,    0,    0,    0,    0,    0,    0,    0,    0,    0,    0,    0,    0,    0,    0,    0,    0,    0,    0,    0,    0,    0,    0,    0,    0,    0,    0,    0,    0,    0,    0,    0,    0,    0,    0,    0,    0,    0,    0,    0,    0,    0,    0,    0,    0,    0,    0,    0,    0,    0,    0,    0,    0,    0,    0,    0,    0,    0,    0,    0,    0,    0,    8,    0,    0,    0,    0,    0,    0,    0,    0,    0,    0,    0,    0,    0,    0,    0,   -5,    0,    0,    0,    0,    0,    0,    0,    0,    0,    0,    0,    0,    0,    0,    0,    0,    0,    0,    0,    0,    0,    0,    0,    0,    0,    0,    0,    0,    0,    0,    0,    0,    0,    0,    0,    0,    0,    0,    0,    0,    0,    0,    0,    0,    0,    0,    0,    0,    0,    0,    0,    0,    0,    0,    0,    0,    0,    0,    0,    0,    0,    0,    0,    0,    0,    0,    0,    0,    0,    0,    0,    0,    0,    0,    0,    0,    0,    0,    0,    0,    0,    0,    0,    0,    0,    0,    0,    0,    0,    0,    0,    0,    0,    0,    0,    0,    0,    0,    0,    0,    0,    0,    0,    0,    0,    0,    0,    0,    0,    0,    0,    0,    0,    0,    0,    0,    0,    0,    0,    0,    0,
       0,    0,    0,    0,    0,    0,    8,    0,    0,    0,    0,    0,    0,    0,    0,    0,    0,    0,    0,    0,    0,    0,    0,    0,    0,    0,    0,    0,    0,    0,    0,    0,    0,    0,    0,    0,    0,    0,    0,    0,    0,    0,    0,    0,    0,    0,    0,    0,    0,    0,    0,    0,    0,    0,    0,    0,    0,    0,    0,    0,    0,    0,    0,    0,    0,    0,    0,    0,    0,    0,    4,    0,    0,    4,    0,    4,    0,    0,    0,   -6,    4,    0,    0,    0,    0,    0,    0,    0,    0,    0,    0,    0,    0,    0,    0,    0,    0,    0,    0,    0,    0,    0,    0,    0,    0,    0,    0,    0,    0,    0,    0,    0,    0,    0,    0,    0,    0,    0,    0,    0,    0,    0,    0,    9,    0,    0,    0,    0,    0,    0,    0,    0,    0,    0,    0,    0,    0,    0,    0,    0,    0,    0,    0,    0,    0,    0,    0,    0,    0,    0,    0,    0,    0,    0,    0,    0,    0,    0,    0,    0,    0,    0,    0,    0,    0,    0,    0,    0,    0,    0,    0,    0,    0,    0,    0,    0,    0,    0,    0,    0,    0,    0,    0,    0,    0,    0,    0,    0,    0,    0,    0,    0,    0,    0,    0,    0,    0,    0,    0,    0,    0,    0,    0,    0,    0,    0,    0,    0,    0,    0,    0,    0,    0,    0,    0,    0,    0,    0,    0,    0,    0,    0,    0,    0,    0,    0,    0,    0,    0,    0,    0,    0,    0,    0,    0,    0,    0,    0,    0,    0,    0,    0,    0,    0,    0,    0,    0,    0,    0,    0,
       0,   -8,    0,    0,   -6,   -4,    0,    8,    0,    0,   -6,    0,    0,    0,    0,    0,    0,    0,    0,    0,    0,    0,    0,    0,    0,    0,    0,    0,    0,   -9,    0,    0,    0,    0,    0,    0,    0,    0,    0,    0,    0,    0,    0,    0,    0,    0,    0,    0,   -6,    0,    0,    0,    0,    0,    0,    0,    0,    0,    0,    0,    0,    0,    0,    0,    0,    0,    0,    0,    0,    0,    0,    0,    0,    0,    0,    0,    0,    0,    0,    0,    0,    0,    0,    0,    0,    0,    0,    0,    0,    0,    0,    0,    0,    0,    0,    0,    0,    0,    0,    0,    0,    0,    0,    0,    0,    0,    0,    0,    0,    0,    0,    0,    0,    0,    0,    0,    0,    0,    0,    0,    0,    0,    0,    0,    0,    0,    0,    0,   -3,    0,    0,    0,    0,    0,    0,    0,    0,    0,    0,   -6,   -6,    0,    0,    0,    0,    0,    0,    0,    0,    0,    0,    0,    0,    0,    0,    0,    0,    0,    0,    0,    0,    0,    0,    0,    0,    0,    0,    0,    0,    0,    0,    0,    0,    0,    0,    0,    0,    0,    0,    0,    0,    0,    0,    0,    0,    0,    0,    0,    0,    0,    0,    0,    0,    0,    0,    0,    0,    0,    0,    0,    0,    0,    0,    0,    0,    0,    0,    0,    0,    0,    0,    0,    0,    0,    0,    0,    0,    0,    0,    0,    0,    0,    0,    0,    0,    0,    0,    0,    0,    0,    0,    0,    0,    0,    0,    0,    0,    0,    0,    0,    0,    0,    0,    0,    0,    0,    0,    0,    0,    0,
       0,    0,    0,    0,   -7,    0,   -5,    7,  -11,    0,   -5,    0,    0,    0,    0,    0,    0,    0,    0,    0,    0,    0,    0,    0,    0,    0,    0,    0,    0,   -9,    0,    0,    0,    0,    0,    0,    0,    0,    0,    0,    0,    0,    0,    0,    0,    0,    0,    0,   -7,    0,    0,    0,    0,    0,    0,    0,    0,    0,    0,    0,    0,    0,    0,    0,    0,    0,    0,    0,    0,    0,   -6,    0,   -7,   -6,    0,  -10,   -6,    0,    0,    0,   -9,    0,   -8,   -5,    0,    0,    0,    0,    0,    0,    0,    0,    0,    0,    0,    0,    0,    0,    0,    0,    0,    0,    0,    0,    0,    0,    0,    0,    0,    0,    0,    0,    0,    0,    0,    0,    0,    0,  -10,    0,    0,    0,    0,   -6,    0,    0,    0,   -7,    0,    0,    0,    0,    0,    0,    0,    0,    0,    0,    0,    0,    0,    0,    0,    0,    0,    0,    0,    0,    0,    0,    0,    0,    0,    0,    0,    0,    0,    0,    0,    0,    0,    0,    0,    0,    0,    0,    0,    0,    0,    0,    0,    0,    0,    0,    0,    0,    0,    0,    0,    0,    0,    0,    0,    0,    0,    0,    0,    0,    0,    0,    0,    0,    0,    0,    0,    0,    0,    0,    0,    0,    0,    0,    0,    0,    0,    0,    0,    0,    0,    0,    0,    0,    0,    0,    0,    0,    0,    0,    0,    0,    0,    0,    0,    0,    0,    0,    0,    0,    0,    0,    0,    0,    0,    0,    0,    0,    0,    0,    0,    0,    0,    0,    0,    0,    0,    0,    0,    0,    0,    0,
       0,    0,    0,    0,    0,   -5,    0,    6,   -5,    0,    0,    0,    0,    0,    0,    0,    0,    0,    0,    0,    0,    0,    0,    0,    0,    0,    0,    0,    0,    0,    0,    0,    0,    0,    0,    0,    0,    0,    0,    0,    0,    0,    0,    0,    0,    0,    0,    0,    0,    0,    0,    0,    0,    0,    0,    0,    0,    0,    0,    0,    0,    0,    0,    0,    0,    0,    0,    0,    0,   -4,    0,    0,    0,    0,    0,    0,    0,    0,    0,    0,    0,    0,    0,   -6,    0,    0,    0,    0,    0,    0,   -5,    0,    0,    0,    0,    0,    0,   -6,   -5,    0,   -4,    0,    0,   -6,    0,    0,    0,    0,    0,    0,    0,    0,    0,    0,   -3,    0,    0,    0,    0,   -6,    0,    0,    0,    0,    0,    0,    0,    0,  -12,    0,    0,    0,    0,    0,    0,    0,    0,    0,    0,    0,    0,    0,    0,    0,    0,    0,    0,    0,    0,    0,    0,    0,    0,    0,    0,    0,    0,    0,    0,    0,    0,    0,    0,    0,    0,    0,    0,    0,    0,    0,    0,    0,    0,    0,    0,    0,    0,    0,    0,    0,    0,    0,    0,    0,    0,    0,    0,    0,    0,    0,    0,    0,    0,    0,    0,    0,    0,    0,    0,    0,    0,    0,    0,    0,    0,    0,    0,    0,    0,    0,    0,    0,    0,    0,    0,    0,    0,    0,    0,    0,    0,    0,    0,    0,    0,    0,    0,    0,    0,    0,    0,    0,    0,    0,    0,    0,    0,    0,    0,    0,    0,    0,    0,    0,    0,    0,    0,    0,    0,    0,
       0,    0,    0,   -4,    0,    0,    6,    0,    0,    0,   -5,    0,    0,    0,    0,    0,    0,    0,    0,    0,    0,    0,    0,    0,    0,    0,    0,    0,    0,    0,    0,    0,    0,    0,    0,    0,    0,    0,    0,    0,    0,    0,    0,    0,    0,    0,    0,   -4,    0,   -5,    0,    0,    0,    0,    0,    0,    0,    0,    0,    0,    0,    0,    0,    0,    0,    0,    0,    0,    0,    0,    0,    0,    0,    0,    0,    0,    0,    0,    0,    0,    0,    0,    0,    0,    0,    0,    0,    0,    0,    0,    4,    0,    0,    0,    0,    0,    0,    0,    0,   -4,    4,    0,    0,    0,    0,    0,    0,    0,    0,    0,    0,    0,   13,    0,    0,    0,    0,    0,    0,    0,    0,    0,    0,    0,    0,    0,    0,    0,    0,    0,    0,    0,    0,    0,    0,    0,    0,    0,    0,    0,    0,    0,    0,    0,    0,    0,    0,    0,    0,    0,    0,    0,    0,    0,    0,    0,    0,    0,    0,    0,    0,    0,    0,    0,    0,    0,    0,    0,    0,    0,    0,    0,    0,    0,    0,    0,    0,    0,    0,    0,    0,    0,    0,    0,    0,    0,    0,    0,    0,    0,    0,    0,    0,    0,    0,    0,    0,    0,    0,    0,    0,    0,    0,    0,    0,    0,    0,    0,    0,    0,    0,    0,    0,    0,    0,    0,    0,    0,    0,    0,    0,    0,    0,    0,    0,    0,    0,    0,    0,    0,    0,    0,    0,    0,    0,    0,    0,    0,    0,    0,    0,    0,    0,    0,    0,    0,    0,    0,    0,    0,
       0,    0,    0,    0,    0,    0,    0,    0,    0,    0,    0,    0,    0,    0,    0,    0,    0,    0,    0,    0,    0,    0,    0,    0,    0,    0,    0,    0,    0,    0,    0,    0,    0,    0,    0,    0,    0,    0,    0,    0,    0,    0,    0,    0,    0,    0,    0,    0,    0,    0,    0,    0,    0,    0,    0,    0,    0,    0,    0,    0,    0,    0,    0,    0,    0,    0,    0,    0,    0,    0,    0,    0,    0,    0,    0,    0,    0,    0,    0,    0,    0,    0,    0,    0,    0,    0,    0,    0,    0,    0,    0,    0,    0,    0,    0,    0,    0,    0,    0,    0,    0,    0,    0,    0,    0,    0,    0,    0,    0,    0,    0,    0,    0,    0,    0,    0,    0,    0,    0,    0,    0,    0,    0,    0,    0,    0,    0,    0,    0,   -2,    9,    0,    0,   -4,   -6,   -2,   -5,   -3,    0,    0,    0,    0,  -10,    0,    0,    0,    0,    0,    0,    0,    0,    0,    0,    0,    0,    0,    0,    0,    0,    0,    0,    0,    0,    0,    0,    0,    0,    0,    0,    0,    0,    0,    0,    0,    0,    0,    0,    0,    0,    0,    0,    0,    0,    0,    0,    0,    0,    0,    0,    0,    0,    0,    0,    0,    0,    0,    0,    0,    0,    0,    0,    0,    0,    0,    0,    0,    0,    0,    0,    0,    0,    0,    0,    0,    0,    0,    0,    0,    0,    0,    0,    0,    0,    0,    0,    0,    0,    0,    0,    0,    0,    0,    0,    0,    0,    0,    0,    0,    0,    0,    0,    0,    0,    0,    0,    0,    0,    0,    0,    0,
       0,    0,    0,    0,    0,    0,    0,    0,    0,    0,    0,    0,    0,    0,    0,    0,    0,    0,    0,    0,    0,    0,    0,    0,    0,    0,    0,    0,    0,    0,    0,    0,    0,    0,    0,    0,    0,    0,    0,    0,    0,    0,    0,    0,    0,    0,    0,    0,    0,    0,    0,    0,    0,    0,    0,    0,    0,    0,    0,    0,    0,    0,    0,    0,    0,    0,    0,    0,    0,    0,    0,    0,    0,    0,    0,    0,    0,    0,    0,    0,    0,    0,    0,    0,    0,    0,    0,    0,    0,    0,    0,    0,    0,    0,    0,    0,    0,    0,    0,    0,    0,    0,    0,    0,    0,    0,    0,    0,    0,    0,    0,    0,    0,    0,    0,    0,    0,    0,    0,    0,    0,    0,    0,    0,    0,    0,    0,    0,    0,    0,    0,    0,    0,    0,    0,    0,   -9,    0,    0,    0,    0,    0,   -5,    0,    0,    0,    0,    0,    0,    0,    0,    0,    0,    0,    0,    0,    0,    0,    0,    0,    0,    0,    0,    0,    0,    0,    0,    0,    0,    0,    0,    0,    0,    0,    0,    0,    0,    0,    0,    0,    0,    0,    0,    0,    0,    0,    0,    0,    0,    0,    0,    0,    0,    0,    0,    0,    0,    0,    0,    0,    0,    0,    0,    0,    0,    0,    0,    0,    0,    0,    0,    0,    0,    0,    0,    0,    0,    0,    0,    0,    0,    0,    0,    0,    0,    0,    0,    0,    0,    0,    0,    0,    0,    0,    0,    0,    0,    0,    0,    0,    0,    0,    0,    0,    0,    0,    0,    0,    0,    0,
       0,    0,    0,    0,    0,    0,    0,    0,    0,    0,    0,    0,    0,    0,    0,    0,    0,    0,    0,    0,    0,    0,    0,    0,    0,    0,    0,    0,    0,    0,    0,    0,    0,    0,    0,    0,    0,    0,    0,    0,    0,    0,    0,    0,    0,    0,    0,    0,    0,    0,    0,    0,    0,    0,    0,    0,    0,    0,    0,    0,    0,    0,    0,    0,    0,    0,    0,    0,    0,    0,    0,    0,    0,    0,    0,    0,    0,    0,    0,    0,    0,    0,    0,    0,    0,    0,    0,    0,    0,    0,    0,    0,    0,    0,    0,    0,    0,    0,    0,    0,    0,    0,    0,    0,    0,    0,    0,    0,    0,    0,    0,    0,    0,    0,    0,    0,    0,    0,    0,    0,    0,    0,    0,    0,    0,    0,    0,    0,    0,    0,    0,   -4,    0,    0,    0,    0,    0,   -4,    0,    0,    0,    0,    0,    0,    0,    0,    0,    0,    0,    0,    0,    0,    0,    0,    0,    0,    0,    0,    0,    0,    0,    0,    0,    0,    0,    0,    0,    0,    0,    0,    0,    0,    0,    0,    0,    0,    0,    0,    0,    0,    0,    0,    0,    0,    0,    0,    0,    0,    0,    0,    0,    0,    0,    0,    0,    0,    0,    0,    0,    0,    0,    0,    0,    0,    0,    0,    0,    0,    0,    0,    0,    0,    0,    0,    0,    0,    0,    0,    0,    0,    0,    0,    0,    0,    0,    0,    0,    0,    0,    0,    0,    0,    0,    0,    0,    0,    0,    0,    0,    0,    0,    0,    0,    0,    0,    0,    0,    0,    0,    0,
       0,    0,    0,    0,    0,    0,    0,    0,    0,    0,    0,    0,    0,    0,    0,    0,    0,    0,    0,    0,    0,    0,    0,    0,    0,    0,    0,    0,    0,    0,    0,    0,    0,    0,    0,    0,    0,    0,    0,    0,    0,    0,    0,    0,    0,    0,    0,    0,    0,    0,    0,    0,    0,    0,    0,    0,    0,    0,    0,    0,    0,    0,    0,    0,    0,    0,    0,    0,    0,    0,    0,    0,    0,    0,    0,    0,    0,    0,    0,    0,    0,    0,    0,    0,    0,    0,    0,    0,    0,    0,    0,    0,    0,    0,    0,    0,    0,    0,    0,    0,    0,    0,    0,    0,    0,    0,    0,    0,    0,    0,    0,    0,    0,    0,    0,    0,    0,    0,    0,    0,    0,    0,    0,    0,    0,    0,    0,    0,    0,    0,   -5,    0,    0,    0,    0,    0,  -10,    2,    4,    0,    0,    0,   -3,    0,    0,    0,    0,    0,    0,    0,    0,    0,    0,    0,    0,    0,    0,    0,    0,    0,    0,    0,    0,    0,    0,    0,    0,    0,    0,    0,    0,    0,    0,    0,    0,    0,    0,    0,    0,    0,    0,    0,    0,    0,    0,    0,    0,    0,    0,    0,    0,    0,    0,    0,    0,    0,    0,    0,    0,    0,    0,    0,    0,    0,    0,    0,    0,    0,    0,    0,    0,    0,    0,    0,    0,    0,    0,    0,    0,    0,    0,    0,    0,    0,    0,    0,    0,    0,    0,    0,    0,    0,    0,    0,    0,    0,    0,    0,    0,    0,    0,    0,    0,    0,    0,    0,    0,    0,    0,    0,
       0,    0,    0,    0,    0,    0,    0,    0,    0,    0,    0,    0,    0,    0,    0,    0,    0,    0,    0,    0,    0,    0,    0,    0,    0,    0,    0,    0,    0,    0,    0,    0,    0,    0,    0,    0,    0,    0,    0,    0,    0,    0,    0,    0,    0,    0,    0,    0,    0,    0,    0,    0,    0,    0,    0,    0,    0,    0,    0,    0,    0,    0,    0,    0,    0,    0,    0,    0,    0,    0,    0,    0,    0,    0,    0,    0,    0,    0,    0,    0,    0,    0,    0,    0,    0,    0,    0,    0,    0,    0,    0,    0,    0,    0,    0,    0,    0,    0,    0,    0,    0,    0,    0,    0,    0,    0,    0,    0,    0,    0,    0,    0,    0,    0,    0,    0,    0,    0,    0,    0,    0,    0,    0,    0,    0,    0,    0,    0,    0,   -4,    0,    0,    0,    0,    0,    0,   -7,    0,    0,    0,    0,    0,    0,    0,    0,    0,    0,    0,    0,    0,    0,    0,    0,    0,    0,    0,    0,    0,    0,    0,    0,    0,    0,    0,    0,    0,    0,    0,    0,    0,    0,    0,    0,    0,    0,    0,    0,    0,    0,    0,    0,    0,    0,    0,    0,    0,    0,    0,    0,    0,    0,    0,    0,    0,    0,    0,    0,    0,    0,    0,    0,    0,    0,    0,    0,    0,    0,    0,    0,    0,    0,    0,    0,    0,    0,    0,    0,    0,    0,    0,    0,    0,    0,    0,    0,    0,    0,    0,    0,    0,    0,    0,    0,    0,    0,    0,    0,    0,    0,    0,    0,    0,    0,    0,    0,    0,    0,    0,    0,    0,
       0,    0,    0,    0,    0,    0,    0,    0,    0,    0,    0,    0,    0,    0,    0,    0,    0,    0,    0,    0,    0,    0,    0,    0,    0,    0,    0,    0,    0,    0,    0,    0,    0,    0,    0,    0,    0,    0,    0,    0,    0,    0,    0,    0,    0,    0,    0,    0,    0,    0,    0,    0,    0,    0,    0,    0,    0,    0,    0,    0,    0,    0,    0,    0,    0,    0,    0,    0,    0,    0,    0,    0,    0,    0,    0,    0,    0,    0,    0,    0,    0,    0,    0,    0,    0,    0,    0,    0,    0,    0,    0,    0,    0,    0,    0,    0,    0,    0,    0,    0,    0,    0,    0,    0,    0,    0,    0,    0,    0,    0,    0,    0,    0,    0,    0,    0,    0,    0,    0,    0,    0,    0,    0,    0,    0,    0,    0,    0,    0,    0,   -5,    0,    0,    0,    0,    0,  -17,   -1,    2,    0,    0,    0,   -5,    0,    0,    0,    0,    0,    0,    0,    0,    0,    0,    0,    0,    0,    0,    0,    0,    0,    0,    0,    0,    0,    0,    0,    0,    0,    0,    0,    0,    0,    0,    0,    0,    0,    0,    0,    0,    0,    0,    0,    0,    0,    0,    0,    0,    0,    0,    0,    0,    0,    0,    0,    0,    0,    0,    0,    0,    0,    0,    0,    0,    0,    0,    0,    0,    0,    0,    0,    0,    0,    0,    0,    0,    0,    0,    0,    0,    0,    0,    0,    0,    0,    0,    0,    0,    0,    0,    0,    0,    0,    0,    0,    0,    0,    0,    0,    0,    0,    0,    0,    0,    0,    0,    0,    0,    0,    0,    0,
       0,    0,    0,    0,    0,    0,    0,    0,    0,    0,    0,    0,    0,    0,    0,    0,    0,    0,    0,    0,    0,    0,    0,    0,    0,    0,    0,    0,    0,    0,    0,    0,    0,    0,    0,    0,    0,    0,    0,    0,    0,    0,    0,    0,    0,    0,    0,    0,    0,    0,    0,    0,    0,    0,    0,    0,    0,    0,    0,    0,    0,    0,    0,    0,    0,    0,    0,    0,    0,    0,    0,    0,    0,    0,    0,    0,    0,    0,    0,    0,    0,    0,    0,    0,    0,    0,    0,    0,    0,    0,    0,    0,    0,    0,    0,    0,    0,    0,    0,    0,    0,    0,    0,    0,    0,    0,    0,    0,    0,    0,    0,    0,    0,    0,    0,    0,    0,    0,    0,    0,    0,    0,    0,    0,    0,    0,    0,    0,    0,    0,    0,    0,    0,    0,    0,    0,    0,    0,    0,    0,    0,    0,    1,    0,    0,    0,    0,    0,    0,    0,    0,    0,    0,    0,    0,    0,    0,    0,    0,    0,    0,    0,    0,    0,    0,    0,    0,    0,    0,    0,    0,    0,    0,    0,    0,    0,    0,    0,    0,    0,    0,    0,    0,    0,    0,    0,    0,    0,    0,    0,    0,    0,    0,    0,    0,    0,    0,    0,    0,    0,    0,    0,    0,    0,    0,    0,    0,    0,    0,    0,    0,    0,    0,    0,    0,    0,    0,    0,    0,    0,    0,    0,    0,    0,    0,    0,    0,    0,    0,    0,    0,    0,    0,    0,    0,    0,    0,    0,    0,    0,    0,    0,    0,    0,    0,    0,    0,    0,    0,    0,
       0,    0,    0,    0,    0,    0,    0,    0,    0,    0,    0,    0,    0,    0,    0,    0,    0,    0,    0,    0,    0,    0,    0,    0,    0,    0,    0,    0,    0,    0,    0,    0,    0,    0,    0,    0,    0,    0,    0,    0,    0,    0,    0,    0,    0,    0,    0,    0,    0,    0,    0,    0,    0,    0,    0,    0,    0,    0,    0,    0,    0,    0,    0,    0,    0,    0,    0,    0,    0,    0,    0,    0,    0,    0,    0,    0,    0,    0,    0,    0,    0,    0,    0,    0,    0,    0,    0,    0,    0,    0,    0,    0,    0,    0,    0,    0,    0,    0,    0,    0,    0,    0,    0,    0,    0,    0,    0,    0,    0,    0,    0,    0,    0,    0,    0,    0,    0,    0,    0,    0,    0,    0,    0,    0,    0,    0,    0,    0,    0,   -6,   -1,    0,    0,    0,    0,    0,   -5,    0,    0,    0,    0,    0,    0,    0,    0,    0,    0,    0,    0,    0,    0,    0,    0,    0,    0,    0,    0,    0,    0,    0,    0,    0,    0,    0,    0,    0,    0,    0,    0,    0,    0,    0,    0,    0,    0,    0,    0,    0,    0,    0,    0,    0,    0,    0,    0,    0,    0,    0,    0,    0,    0,    0,    0,    0,    0,    0,    0,    0,    0,    0,    0,    0,    0,    0,    0,    0,    0,    0,    0,    0,    0,    0,    0,    0,    0,    0,    0,    0,    0,    0,    0,    0,    0,    0,    0,    0,    0,    0,    0,    0,    0,    0,    0,    0,    0,    0,    0,    0,    0,    0,    0,    0,    0,    0,    0,    0,    0,    0,    0,    0,
       0,    0,    0,    0,    0,    0,    0,    0,    0,    0,    0,    0,    0,    0,    0,    0,    0,    0,    0,    0,    0,    0,    0,    0,    0,    0,    0,    0,    0,    0,    0,    0,    0,    0,    0,    0,    0,    0,    0,    0,    0,    0,    0,    0,    0,    0,    0,    0,    0,    0,    0,    0,    0,    0,    0,    0,    0,    0,    0,    0,    0,    0,    0,    0,    0,    0,    0,    0,    0,    0,    0,    0,    0,    0,    0,    0,    0,    0,    0,    0,    0,    0,    0,    0,    0,    0,    0,    0,    0,    0,    0,    0,    0,    0,    0,    0,    0,    0,    0,    0,    0,    0,    0,    0,    0,    0,    0,    0,    0,    0,    0,    0,    0,    0,    0,    0,    0,    0,    0,    0,    0,    0,    0,    0,    0,    0,    0,    0,    0,    0,    0,    0,    0,    0,    0,    0,  -11,    0,    0,    0,    0,    0,    0,    0,    0,    0,    0,    0,    0,    0,    0,    0,    0,    0,    0,    0,    0,    0,    0,    0,    0,    0,    0,    0,    0,    0,    0,    0,    0,    0,    0,    0,    0,    0,    0,    0,    0,    0,    0,    0,    0,    0,    0,    0,    0,    0,    0,    0,    0,    0,    0,    0,    0,    0,    0,    0,    0,    0,    0,    0,    0,    0,    0,    0,    0,    0,    0,    0,    0,    0,    0,    0,    0,    0,    0,    0,    0,    0,    0,    0,    0,    0,    0,    0,    0,    0,    0,    0,    0,    0,    0,    0,    0,    0,    0,    0,    0,    0,    0,    0,    0,    0,    0,    0,    0,    0,    0,    0,    0,    0,
       0,    0,    0,    0,    0,    0,    0,    0,    0,    0,    0,    0,    0,    0,    0,    0,    0,    0,    0,    0,    0,    0,    0,    0,    0,    0,    0,    0,    0,    0,    0,    0,    0,    0,    0,    0,    0,    0,    0,    0,    0,    0,    0,    0,    0,    0,    0,    0,    0,    0,    0,    0,    0,    0,    0,    0,    0,    0,    0,    0,    0,    0,    0,    0,    0,    0,    0,    0,    0,    0,    0,    0,    0,    0,    0,    0,    0,    0,    0,    0,    0,    0,    0,    0,    0,    0,    0,    0,    0,    0,    0,    0,    0,    0,    0,    0,    0,    0,    0,    0,    0,    0,    0,    0,    0,    0,    0,    0,    0,    0,    0,    0,    0,    0,    0,    0,    0,    0,    0,    0,    0,    0,    0,    0,    0,    0,    0,    0,    0,    0,   -7,    0,    0,    0,    0,    0,    0,    0,    0,    0,    0,    0,    0,    0,    0,    0,    0,    0,    0,    0,    0,    0,    0,    0,    0,    0,    0,    0,    0,    0,    0,    0,    0,    0,    0,    0,    0,    0,    0,    0,    0,    0,    0,    0,    0,    0,    0,    0,    0,    0,    0,    0,    0,    0,    0,    0,    0,    0,    0,    0,    0,    0,    0,    0,    0,    0,    0,    0,    0,    0,    0,    0,    0,    0,    0,    0,    0,    0,    0,    0,    0,    0,    0,    0,    0,    0,    0,    0,    0,    0,    0,    0,    0,    0,    0,    0,    0,    0,    0,    0,    0,    0,    0,    0,    0,    0,    0,    0,    0,    0,    0,    0,    0,    0,    0,    0,    0,    0,    0,    0,
       0,    0,    0,    0,    0,    0,    0,    0,    0,    0,    0,    0,    0,    0,    0,    0,    0,    0,    0,    0,    0,    0,    0,    0,    0,    0,    0,    0,    0,    0,    0,    0,    0,    0,    0,    0,    0,    0,    0,    0,    0,    0,    0,    0,    0,    0,    0,    0,    0,    0,    0,    0,    0,    0,    0,    0,    0,    0,    0,    0,    0,    0,    0,    0,    0,    0,    0,    0,    0,    0,    0,    0,    0,    0,    0,    0,    0,    0,    0,    0,    0,    0,    0,    0,    0,    0,    0,    0,    0,    0,    0,    0,    0,    0,    0,    0,    0,    0,    0,    0,    0,    0,    0,    0,    0,    0,    0,    0,    0,    0,    0,    0,    0,    0,    0,    0,    0,    0,    0,    0,    0,    0,    0,    0,    0,    0,    0,    0,    0,    0,   -4,    0,    5,    0,    0,    0,    0,    4,    0,    0,    0,    0,    3,    0,    0,    0,    0,    0,    0,    0,    0,    0,    0,    0,    0,    0,    0,    0,    0,    0,    0,    0,    0,    0,    0,    0,    0,    0,    0,    0,    0,    0,    0,    0,    0,    0,    0,    0,    0,    0,    0,    0,    0,    0,    0,    0,    0,    0,    0,    0,    0,    0,    0,    0,    0,    0,    0,    0,    0,    0,    0,    0,    0,    0,    0,    0,    0,    0,    0,    0,    0,    0,    0,    0,    0,    0,    0,    0,    0,    0,    0,    0,    0,    0,    0,    0,    0,    0,    0,    0,    0,    0,    0,    0,    0,    0,    0,    0,    0,    0,    0,    0,    0,    0,    0,    0,    0,    0,    0,    0,
       0,    0,    0,    0,    0,    0,    0,    0,    0,    0,    0,    0,    0,    0,    0,    0,    0,    0,    0,    0,    0,    0,    0,    0,    0,    0,    0,    0,    0,    0,    0,    0,    0,    0,    0,    0,    0,    0,    0,    0,    0,    0,    0,    0,    0,    0,    0,    0,    0,    0,    0,    0,    0,    0,    0,    0,    0,    0,    0,    0,    0,    0,    0,    0,    0,    0,    0,    0,    0,    0,    0,    0,    0,    0,    0,    0,    0,    0,    0,    0,    0,    0,    0,    0,    0,    0,    0,    0,    0,    0,    0,    0,    0,    0,    0,    0,    0,    0,    0,    0,    0,    0,    0,    0,    0,    0,    0,    0,    0,    0,    0,    0,    0,    0,    0,    0,    0,    0,    0,    0,    0,    0,    0,    0,    0,    0,    0,    0,    0,   -5,  -25,  -15,    0,   -5,   -4,  -13,    0,   -5,  -25,    0,    0,    0,   -3,    0,    0,    0,    0,    0,    0,    0,    0,    0,    0,    0,    0,    0,    0,    0,    0,    0,    0,    0,    0,    0,    0,    0,    0,    0,    0,    0,    0,    0,    0,    0,    0,    0,    0,    0,    0,    0,    0,    0,    0,    0,    0,    0,    0,    0,    0,    0,    0,    0,    0,    0,    0,    0,    0,    0,    0,    0,    0,    0,    0,    0,    0,    0,    0,    0,    0,    0,    0,    0,    0,    0,    0,    0,    0,    0,    0,    0,    0,    0,    0,    0,    0,    0,    0,    0,    0,    0,    0,    0,    0,    0,    0,    0,    0,    0,    0,    0,    0,    0,    0,    0,    0,    0,    0,    0,    0,    0,
       0,    0,    0,    0,    0,    0,    0,    0,    0,    0,    0,    0,    0,    0,    0,    0,    0,    0,    0,    0,    0,    0,    0,    0,    0,    0,    0,    0,    0,    0,    0,    0,    0,    0,    0,    0,    0,    0,    0,    0,    0,    0,    0,    0,    0,    0,    0,    0,    0,    0,    0,    0,    0,    0,    0,    0,    0,    0,    0,    0,    0,    0,    0,    0,    0,    0,    0,    0,    0,    0,    0,    0,    0,    0,    0,    0,    0,    0,    0,    0,    0,    0,    0,    0,    0,    0,    0,    0,    0,    0,    0,    0,    0,    0,    0,    0,    0,    0,    0,    0,    0,    0,    0,    0,    0,    0,    0,    0,    0,    0,    0,    0,    0,    0,    0,    0,    0,    0,    0,    0,    0,    0,    0,    0,    0,    0,    0,    0,    0,    0,   -7,   -1,    0,    0,    0,    0,   -3,    0,    0,    0,    0,    0,    0,    0,    0,    0,    0,    0,    0,    0,    0,    0,    0,    0,    0,    0,    0,    0,    0,    0,    0,    0,    0,    0,    0,    0,    0,    0,    0,    0,    0,    0,    0,    0,    0,    0,    0,    0,    0,    0,    0,    0,    0,    0,    0,    0,    0,    0,    0,    0,    0,    0,    0,    0,    0,    0,    0,    0,    0,    0,    0,    0,    0,    0,    0,    0,    0,    0,    0,    0,    0,    0,    0,    0,    0,    0,    0,    0,    0,    0,    0,    0,    0,    0,    0,    0,    0,    0,    0,    0,    0,    0,    0,    0,    0,    0,    0,    0,    0,    0,    0,    0,    0,    0,    0,    0,    0,    0,    0,    0,
       0,    0,    0,    0,    0,    0,    0,    0,    0,    0,    0,    0,    0,    0,    0,    0,    0,    0,    0,    0,    0,    0,    0,    0,    0,    0,    0,    0,    0,    0,    0,    0,    0,    0,    0,    0,    0,    0,    0,    0,    0,    0,    0,    0,    0,    0,    0,    0,    0,    0,    0,    0,    0,    0,    0,    0,    0,    0,    0,    0,    0,    0,    0,    0,    0,    0,    0,    0,    0,    0,    0,    0,    0,    0,    0,    0,    0,    0,    0,    0,    0,    0,    0,    0,    0,    0,    0,    0,    0,    0,    0,    0,    0,    0,    0,    0,    0,    0,    0,    0,    0,    0,    0,    0,    0,    0,    0,    0,    0,    0,    0,    0,    0,    0,    0,    0,    0,    0,    0,    0,    0,    0,    0,    0,    0,    0,    0,    0,    0,    0,    0,    0,    0,    0,    0,    0,  -25,    0,    0,    0,    0,    0,    0,    0,    0,    0,    0,    0,    0,    0,    0,    0,    0,    0,    0,    0,    0,    0,    0,    0,    0,    0,    0,    0,    0,    0,    0,    0,    0,    0,    0,    0,    0,    0,    0,    0,    0,    0,    0,    0,    0,    0,    0,    0,    0,    0,    0,    0,    0,    0,    0,    0,    0,    0,    0,    0,    0,    0,    0,    0,    0,    0,    0,    0,    0,    0,    0,    0,    0,    0,    0,    0,    0,    0,    0,    0,    0,    0,    0,    0,    0,    0,    0,    0,    0,    0,    0,    0,    0,    0,    0,    0,    0,    0,    0,    0,    0,    0,    0,    0,    0,    0,    0,    0,    0,    0,    0,    0,    0,    0,
       0,    0,    0,    0,    0,    0,    0,    0,    0,    0,    0,    0,  -27,    0,  -10,  -10,  -32,   -7,  -10,    5,    6,    6,    9,   11,    5,    9,    7,    0,    0,    0,   -9,    0,  -11,  -14,    0,    0,    0,    0,    0,   -7,    0,    0,    4,    4,    0,    4,    0,    0,    0,    0,    0,  -65,    0,   -9,    0,    0,    0,  -23,    0,    0,    0,    0,    0,    0,    0,    0,    0,    6,    0,    5,  -32,  -20,    0,  -27,  -18,    4,    0,   -7,  -10,   -4,    5,    5,    0,    0,   -9,    0,    0,    0,  -14,  -11,    0,    0,  -15,   -5,  -14,    0,  -10,    0,    0,  -18,    0,    0,    0,    0,    0,    0,   -7,    5,   -8,   -7,    0,    0,    0,    5,    0,    0,    0,   -9,    5,    0,    0,    0,    0,  -34,   -5,    0,   -3,    0,    0,    0,    0,    0,    0,    0,    0,    0,    0,    0,    0,    0,    0,    0,    0,    0,    0,    0,    0,    0,    0,    0,    0,    0,    0,    0,    0,    0,    0,    0,    0,    0,    0,    0,    0,    0,    0,    0,    0,    0,    0,    0,    0,    0,    0,    0,    0,    0,    0,    0,    0,    0,    0,    0,    0,    0,    0,    0,    0,    0,    0,    0,    0,    0,    0,    0,    0,    0,    0,    0,    0,    0,    0,    0,    0,    0,    0,    0,    0,    0,    0,    0,    0,    0,    0,    0,    0,    0,    0,    0,    0,    0,    0,    0,    0,    0,    0,    0,    0,    0,    0,    0,    0,    0,    0,    0,    0,    0,    0,    0,    0,    0,    0,    0,    0,    0,    0,    0,    0,    0,    0,    0,
       0,    0,    0,    0,    0,    0,    0,    0,    0,    0,    0,    0,  -33,    0,  -12,  -12,  -35,    0,  -12,   -7,    6,    4,    9,   10,    5,    7,    6,    0,    0,    0,  -21,   -3,  -24,  -24,   -6,   -3,   -3,    0,  -14,  -26,    0,  -11,   -3,   -3,    0,   -3,  -11,    0,    0,    0,    0,  -43,   -7,  -21,   -3,   -3,   -3,  -24,   -3,   -3,   -3,    0,    0,    0,    0,    0,    0,    6,   -6,   -7,  -35,  -22,    0,  -33,  -21,    0,    0,    0,  -12,   -8,    5,    0,    0,   -4,  -21,    0,   -7,   -7,  -19,  -16,    0,   -5,  -21,  -10,  -24,   -8,  -16,    0,    0,  -23,    0,    0,   -7,    0,   -5,   -6,  -13,    0,  -15,  -26,    0,    0,    0,    0,    0,    0,   -6,  -16,    4,    0,    0,    0,   -4,  -36,  -10,   -4,   -9,    0,   -6,    0,    0,    0,    0,    0,    0,    0,    0,    0,    0,    0,    0,    0,    0,    0,    0,    0,    0,    0,    0,    0,    0,    0,    0,    0,    0,    0,    0,    0,    0,    0,    0,    0,    0,    0,    0,    0,    0,    0,    0,    0,    0,    0,    0,    0,    0,    0,    0,    0,    0,    0,    0,    0,    0,    0,    0,    0,    0,    0,    0,    0,    0,    0,    0,    0,    0,    0,    0,    0,    0,    0,    0,    0,    0,    0,    0,    0,    0,    0,    0,    0,    0,    0,    0,    0,    0,    0,    0,    0,    0,    0,    0,    0,    0,    0,    0,    0,    0,    0,    0,    0,    0,    0,    0,    0,    0,    0,    0,    0,    0,    0,    0,    0,    0,    0,    0,    0,    0,    0,    0,    0,
       0,    0,    0,    0,    0,    0,    0,    0,    0,    0,    0,    0,    7,    0,  -11,  -11,    7,    0,  -11,    3,  -25,   -7,  -42,  -25,    8,  -36,    7,    0,    0,    0,    3,    3,    0,    0,    3,    3,    3,   10,    3,    4,    0,    3,  -14,  -10,    7,  -14,    8,    0,    0,    0,    0,    8,    0,    3,    3,    3,    3,    0,    3,    3,    3,    0,    0,    0,    0,    0,    0,    0,    0,    0,    0,    0,    0,    0,    0,    0,    0,    0,    0,    0,    0,    0,    0,    0,    0,    0,    0,    0,    0,    0,    0,    0,    0,    0,    0,    0,    0,    0,    0,    0,    0,    0,    0,    0,    0,    0,    0,    0,    0,    0,    0,    0,    0,    0,    0,    0,    0,    0,    0,    0,    0,    0,    0,    0,    0,    0,    0,    0,    0,    0,    0,    0,    0,    0,    0,    0,    0,    0,    0,    0,    0,    0,    0,    0,    0,    0,    0,    0,    0,    0,    0,    0,    0,    0,    0,    0,    0,    0,    0,    0,    0,    0,    0,    0,    0,    0,    0,    0,    0,    0,    0,    0,    0,    0,    0,    0,    0,    0,    0,    0,    0,    0,    0,    0,    0,    0,    0,    0,    0,    0,    0,    0,    0,    0,    0,    0,    0,    0,    0,    0,    0,    0,    0,    0,    0,    0,    0,    0,    0,    0,    0,    0,    0,    0,    0,    0,    0,    0,    0,    0,    0,    0,    0,    0,    0,    0,    0,    0,    0,    0,    0,    0,    0,    0,    0,    0,    0,    0,    0,    0,    0,    0,    0,    0,    0,    0,    0,    0,    0,    0,
       0,    0,    0,    0,    0,    0,    0,    0,    0,    0,    0,    0,    0,    0,    0,    0,    0,    0,    0,    0,    0,    0,    0,    0,    0,    0,    0,    0,    0,    0,    0,    0,    0,    0,    0,    0,    0,    0,    0,    0,    0,    0,    0,    0,    0,    0,    0,    0,    0,    0,    0,    0,    0,    0,    0,    0,    0,    0,    0,    0,    0,    0,    0,    0,    0,    0,    0,    0,    0,    0,    0,    0,    0,    0,    0,    0,    0,    0,    0,    0,    0,    0,    0,    0,    0,    0,    0,    0,    0,    0,    0,    0,    0,    0,    0,    0,    0,    0,    0,    0,    0,    0,    0,    0,    0,    0,    0,    0,    0,    0,    0,    0,    0,    0,    0,    0,    0,    0,    0,    0,    0,    0,    0,    0,    0,    0,    0,    0,    0,    0,    0,    0,    0,    0,    0,    0,    0,    0,    0,    0,    0,    0,    0,    0,    0,    0,    0,    0,    0,    0,    0,    0,    0,    0,    0,    0,    0,    0,    0,    0,    0,    0,    0,    0,    0,    0,    0,    0,    0,   -7,   -7,    0,    0,    0,    0,    0,    0,    0,    0,    0,    0,    0,    0,    0,    0,    0,    0,    0,    0,    0,    0,    0,    0,    0,    0,    0,    0,    0,    0,    0,    0,    0,    0,    0,    0,    0,    0,    0,    0,    0,    0,    0,    0,   -3,   -3,    0,    0,    0,    0,    0,    0,    0,    0,    0,    0,    0,    0,    0,   -7,    0,    0,    0,    0,    0,    0,    0,    0,    0,    0,    0,    0,    0,    0,    0,    0,    0,    0,    0,    0,    0,
       0,    0,    0,    0,    0,    0,    0,    0,    0,    0,    0,    0,    0,    0,    0,    0,    0,    0,    0,    0,    0,    0,    0,    0,    0,    0,    0,    0,    0,    0,    0,    0,    0,    0,    0,    0,    0,    0,    0,    0,    0,    0,    0,    0,    0,    0,    0,    0,    0,    0,    0,    0,    0,    0,    0,    0,    0,    0,    0,    0,    0,    0,    0,    0,    0,    0,    0,    0,    0,    0,    0,    0,    0,    0,    0,    0,    0,    0,    0,    0,    0,    0,    0,    0,    0,    0,    0,    0,    0,    0,    0,    0,    0,    0,    0,    0,    0,    0,    0,    0,    0,    0,    0,    0,    0,    0,    0,    0,    0,    0,    0,    0,    0,    0,    0,    0,    0,    0,    0,    0,    0,    0,    0,    0,    0,    0,    0,    0,    0,    0,    0,    0,    0,    0,    0,    0,    0,    0,    0,    0,    0,    0,    0,    0,    0,    0,    0,    0,    0,    0,    0,    0,    0,    0,    0,    0,    0,    0,    0,    0,    0,    0,    0,    0,    0,    0,    0,    0,    0,   -7,   -7,    0,    0,    0,    0,    0,    0,    0,    0,    0,    0,    0,    0,    0,    0,    0,    0,    0,    0,    0,    0,    0,    0,    0,    0,    0,    0,    0,    0,    0,    0,    0,    0,    0,    0,    0,    0,    0,    0,    0,    0,    0,    0,    0,    0,    0,    0,    0,    0,    0,    0,    0,    0,    0,    0,    0,    0,    0,    0,    0,    0,    0,    0,    0,    0,    0,    0,    0,    0,    0,    0,    0,    0,    0,    0,    0,    0,    0,    0,    0,
       0,    0,    0,    0,    0,    0,    0,    0,    0,    0,    0,    0,    0,    0,    0,    0,    0,    0,    0,    0,    0,    0,    0,    0,    0,    0,    0,    0,    0,    0,    0,    0,    0,    0,    0,    0,    0,    0,    0,    0,    0,    0,    0,    0,    0,    0,    0,    0,    0,    0,    0,    0,    0,    0,    0,    0,    0,    0,    0,    0,    0,    0,    0,    0,    0,    0,    0,    0,    0,    0,    0,    0,    0,    0,    0,    0,    0,    0,    0,    0,    0,    0,    0,    0,    0,    0,    0,    0,    0,    0,    0,    0,    0,    0,    0,    0,    0,    0,    0,    0,    0,    0,    0,    0,    0,    0,    0,    0,    0,    0,    0,    0,    0,    0,    0,    0,    0,    0,    0,    0,    0,    0,    0,    0,    0,    0,    0,    0,    0,    0,    0,    0,    0,    0,    0,    0,    0,    0,    0,    0,    0,    0,    0,    0,    0,    0,    0,    0,    0,    0,    0,    0,    0,    0,    0,    0,    0,    0,    0,    0,    0,    0,    0,    0,    0,    0,    0,    0,    0,  -10,  -10,    0,    0,    0,    0,    0,    0,    0,    0,    0,    0,    0,    0,    0,    0,    0,    0,    0,    0,   -7,    0,    0,    0,    0,    0,    0,    0,    0,    0,    0,    0,    0,    0,    0,    0,    0,    0,    0,    0,    0,    0,    0,    0,    0,    0,    0,    0,    0,    0,    0,    0,    0,    0,    0,    0,    0,    0,    0,    0,    0,    0,    0,    0,    0,    0,    0,    0,    0,    0,    0,    0,    0,    0,    0,    0,    0,    0,    0,    0,    0,
       0,    0,    0,    0,    0,    0,    0,    0,    0,    0,    0,    0,    0,    0,    0,    0,    0,    0,    0,    0,    0,    0,    0,    0,    0,    0,    0,    0,    0,    0,    0,    0,    0,    0,    0,    0,    0,    0,    0,    0,    0,    0,    0,    0,    0,    0,    0,    0,    0,    0,    0,    0,    0,    0,    0,    0,    0,    0,    0,    0,    0,    0,    0,    0,    0,    0,    0,    0,    0,    0,    0,    0,    0,    0,    0,    0,    0,    0,    0,    0,    0,    0,    0,    0,    0,    0,    0,    0,    0,    0,    0,    0,    0,    0,    0,    0,    0,    0,    0,    0,    0,    0,    0,    0,    0,    0,    0,    0,    0,    0,    0,    0,    0,    0,    0,    0,    0,    0,    0,    0,    0,    0,    0,    0,    0,    0,    0,    0,    0,    0,    0,    0,    0,    0,    0,    0,    0,    0,    0,    0,    0,    0,    0,    0,    0,    0,    0,    0,    0,    0,    0,    0,    0,    0,    0,    0,    0,    0,    0,    0,    0,    0,    0,    0,    0,    0,    0,    0,    0,    0,    0,    0,    0,    0,    0,    0,    0,    0,    0,    0,    0,    0,    0,    0,    0,    0,    0,    0,    0,    0,    0,    0,    0,    0,    0,    0,    0,    0,    0,    0,    0,    0,    0,    0,    0,    0,    0,    0,    0,    0,    0,    0,    0,    0,    0,    0,    0,    0,    0,    0,    0,    0,    0,    0,    0,    0,    0,    0,   -7,   -7,   -7,    0,    0,    0,    0,    0,    0,    0,    0,    0,    0,    0,    0,    0,    0,    0,    0,    0,  -33,  -27,
       0,    0,    0,    0,    0,    0,    0,    0,    0,    0,    0,    0,    0,    0,    0,    0,    0,    0,    0,    0,    0,    0,    0,    0,    0,    0,    0,    0,    0,    0,    0,    0,    0,    0,    0,    0,    0,    0,    0,    0,    0,    0,    0,    0,    0,    0,    0,    0,    0,    0,    0,    0,    0,    0,    0,    0,    0,    0,    0,    0,    0,    0,    0,    0,    0,    0,    0,    0,    0,    0,    0,    0,    0,    0,    0,    0,    0,    0,    0,    0,    0,    0,    0,    0,    0,    0,    0,    0,    0,    0,    0,    0,    0,    0,    0,    0,    0,    0,    0,    0,    0,    0,    0,    0,    0,    0,    0,    0,    0,    0,    0,    0,    0,    0,    0,    0,    0,    0,    0,    0,    0,    0,    0,    0,    0,    0,    0,    0,    0,    0,    0,    0,    0,    0,    0,    0,    0,    0,    0,    0,    0,    0,    0,    0,    0,    0,    0,    0,    0,    0,    0,    0,    0,  -10,  -10,  -10,  -10,    0,    0,    0,    0,    0,    0,    0,    0,    0,    0,  -10,  -10,  -17,  -10,    0,    0,    0,    0,    0,    0,    0,    0,    0,    0,  -23,    0,    0,    0,    0,    0,    0,    0,    0,    0,  -10,    0,    0,    0,    0,    0,    0,    0,    0,    0,    0,    0,    0,    0,    0,    0,  -10,    0,    0,    0,    0,    0,    0,    0,    0,    0,    0,    0,    0,    0,    0,    0,    0,    0,    0,    0,    0,   -7,   -7,    0,   -7,   -7,   -7,    0,    0,    0,    0,    0,    0,    0,    0,    0,    0,    0,    0,    0,    0,    0,    0,
       0,    0,    0,    0,    0,    0,    0,    0,    0,    0,    0,    0,    0,    0,    0,    0,    0,    0,    0,    0,    0,    0,    0,    0,    0,    0,    0,    0,    0,    0,    0,    0,    0,    0,    0,    0,    0,    0,    0,    0,    0,    0,    0,    0,    0,    0,    0,    0,    0,    0,    0,    0,    0,    0,    0,    0,    0,    0,    0,    0,    0,    0,    0,    0,    0,    0,    0,    0,    0,    0,    0,    0,    0,    0,    0,    0,    0,    0,    0,    0,    0,    0,    0,    0,    0,    0,    0,    0,    0,    0,    0,    0,    0,    0,    0,    0,    0,    0,    0,    0,    0,    0,    0,    0,    0,    0,    0,    0,    0,    0,    0,    0,    0,    0,    0,    0,    0,    0,    0,    0,    0,    0,    0,    0,    0,    0,    0,    0,    0,    0,    0,    0,    0,    0,    0,    0,    0,    0,    0,    0,    0,    0,    0,    0,    0,    0,    0,    0,    0,    0,    0,    0,    0,    0,    0,    0,    0,    0,    0,    0,    0,    0,    0,    0,    0,    0,    0,    0,    0,    0,    0,    0,    0,    0,    0,  -13,    0,    0,    0,    0,    0,    0,    0,    0,    0,    0,    0,    0,    0,  -17,    0,    0,    0,    0,    0,    0,    0,    0,    0,    0,    0,    0,    0,    0,    0,    0,    0,    0,    0,    0,    0,    0,    0,    0,    0,    0,    0,    0,    0,    0,    0,    0,    0,    0,    0,    0,    0,    0,    0,    0,    0,    0,    0,    0,    0,    0,    0,    0,    0,    0,    0,    0,    0,    0,    0,    0,    0,    0,  -20,  -17,
       0,    0,    0,    0,    0,    0,    0,    0,    0,    0,    0,    0,    0,    0,    0,    0,    0,    0,    0,    0,    0,    0,    0,    0,    0,    0,    0,    0,    0,    0,    0,    0,    0,    0,    0,    0,    0,    0,    0,    0,    0,    0,    0,    0,    0,    0,    0,    0,    0,    0,    0,    0,    0,    0,    0,    0,    0,    0,    0,    0,    0,    0,    0,    0,    0,    0,    0,    0,    0,    0,    0,    0,    0,    0,    0,    0,    0,    0,    0,    0,    0,    0,    0,    0,    0,    0,    0,    0,    0,    0,    0,    0,    0,    0,    0,    0,    0,    0,    0,    0,    0,    0,    0,    0,    0,    0,    0,    0,    0,    0,    0,    0,    0,    0,    0,    0,    0,    0,    0,    0,    0,    0,    0,    0,    0,    0,    0,    0,    0,    0,    0,    0,    0,    0,    0,    0,    0,    0,    0,    0,    0,    0,    0,    0,    0,    0,    0,    0,    0,    0,    0,    0,    0,    0,    0,    0,    0,    0,    0,    0,    0,    0,    0,    0,    0,    0,    0,    0,    0,    0,    0,    0,    0,    0,    0,    0,    0,    0,    0,    0,    0,    0,    0,    0,    0,    0,    0,    0,    0,  -17,    0,    0,    0,    0,    0,    0,    0,    0,    0,    0,    0,    0,    0,    0,    0,    0,    0,    0,    0,    0,    0,    0,    0,    0,    0,    0,    0,    0,    0,    0,    0,    0,    0,    0,    0,    0,    0,    0,    0,    0,    0,    0,    0,    0,    0,    0,    0,    0,    0,    0,    0,    0,    0,    0,    0,    0,    0,    0,  -20,  -20,
       0,    0,    0,    0,    0,    0,    0,    0,    0,    0,    0,    0,    0,    0,    0,    0,    0,    0,    0,    0,    0,    0,    0,    0,    0,    0,    0,    0,    0,    0,    0,    0,    0,    0,    0,    0,    0,    0,    0,    0,    0,    0,    0,    0,    0,    0,    0,    0,    0,    0,    0,    0,    0,    0,    0,    0,    0,    0,    0,    0,    0,    0,    0,    0,    0,    0,    0,    0,    0,    0,    0,    0,    0,    0,    0,    0,    0,    0,    0,    0,    0,    0,    0,    0,    0,    0,    0,    0,    0,    0,    0,    0,    0,    0,    0,    0,    0,    0,    0,    0,    0,    0,    0,    0,    0,    0,    0,    0,    0,    0,    0,    0,    0,    0,    0,    0,    0,    0,    0,    0,    0,    0,    0,    0,    0,    0,    0,    0,    0,    0,    0,    0,    0,    0,    0,    0,    0,    0,    0,    0,    0,    0,    0,    0,  -13,    0,  -13,   -7,  -10,  -10,    0,    0,    0,    0,    0,    0,    0,    0,    0,    0,    0,    0,    0,    0,    0,    0,  -13,    0,    0,    0,    0,    0,    0,    0,    0,    0,    0,    0,    0,    0,    0,    0,    0,    0,    0,    0,    0,    0,    0,    0,    0,   -7,    0,    0,    0,    0,    0,    0,    0,    0,    0,    0,    0,    0,    0,    0,    0,    0,    0,    0,    0,    0,    0,    0,    0,    0,    0,    0,    0,    0,    0,    0,    0,    0,    0,    0,    0,    0,    0,    0,    0,    0,    0,    0,    0,    0,    0,    0,    0,    0,    0,    0,    0,    0,    0,    0,    0,    0,  -10,  -10,
       0,    0,    0,    0,    0,    0,    0,    0,    0,    0,    0,    0,    0,    0,    0,    0,    0,    0,    0,    0,    0,    0,    0,    0,    0,    0,    0,    0,    0,    0,    0,    0,    0,    0,    0,    0,    0,    0,    0,    0,    0,    0,    0,    0,    0,    0,    0,    0,    0,    0,    0,    0,    0,    0,    0,    0,    0,    0,    0,    0,    0,    0,    0,    0,    0,    0,    0,    0,    0,    0,    0,    0,    0,    0,    0,    0,    0,    0,    0,    0,    0,    0,    0,    0,    0,    0,    0,    0,    0,    0,    0,    0,    0,    0,    0,    0,    0,    0,    0,    0,    0,    0,    0,    0,    0,    0,    0,    0,    0,    0,    0,    0,    0,    0,    0,    0,    0,    0,    0,    0,    0,    0,    0,    0,    0,    0,    0,    0,    0,    0,    0,    0,    0,    0,    0,    0,    0,    0,    0,    0,    0,    0,    0,    0,   -7,    0,  -10,    0,   -7,  -13,    0,    0,    0,    0,    0,    7,    7,    0,    0,    0,    0,    0,    0,    0,    0,    0,  -13,    0,    0,    0,    0,    0,    0,    0,    0,    0,    0,    0,    0,    0,    0,    0,    0,    0,    0,   -7,    0,  -10,  -17,    0,    0,    0,    0,    0,    0,    0,    0,    0,    0,    0,    0,    0,    0,    0,    0,    0,    0,    0,    0,    0,    0,    0,    0,    0,    0,    0,    0,    0,    0,    0,    0,    0,    0,    0,    0,    0,    0,    0,    0,    0,    0,    0,    0,    0,    0,    0,    0,    0,    0,    0,    0,    0,    0,    0,    0,    0,    0,    0,  -20,  -13,
       0,    0,    0,    0,    0,    0,    0,    0,    0,    0,    0,    0,    0,    0,    0,    0,    0,    0,    0,    0,    0,    0,    0,    0,    0,    0,    0,    0,    0,    0,    0,    0,    0,    0,    0,    0,    0,    0,    0,    0,    0,    0,    0,    0,    0,    0,    0,    0,    0,    0,    0,    0,    0,    0,    0,    0,    0,    0,    0,    0,    0,    0,    0,    0,    0,    0,    0,    0,    0,    0,    0,    0,    0,    0,    0,    0,    0,    0,    0,    0,    0,    0,    0,    0,    0,    0,    0,    0,    0,    0,    0,    0,    0,    0,    0,    0,    0,    0,    0,    0,    0,    0,    0,    0,    0,    0,    0,    0,    0,    0,    0,    0,    0,    0,    0,    0,    0,    0,    0,    0,    0,    0,    0,    0,    0,    0,    0,    0,    0,    0,    0,    0,    0,    0,    0,    0,    0,    0,    0,    0,    0,    0,    0,    0,    0,    0,    0,   -7,    0,    0,    0,    0,    0,    0,    0,    0,    0,    0,    0,    0,    0,    0,    0,    0,    0,    0,    0,    0,    0,  -10,  -10,    0,    0,    0,    0,    0,    0,    0,    0,    0,    0,    0,    0,   13,    0,    0,    0,    0,    0,    0,    0,   -7,    0,    0,    0,    0,    0,    0,    0,    0,    0,    0,    0,    0,    0,    0,    0,    0,    0,    0,    0,    0,    0,    0,    0,    0,    0,    0,    0,    0,    0,    0,    0,    0,    0,    0,    0,    0,    0,    0,    0,    0,    0,    0,    0,    0,    0,    0,    0,    0,    0,    0,    0,    0,    0,    0,    0,    0,  -10,    0,
       0,    0,    0,    0,    0,    0,    0,    0,    0,    0,    0,    0,    0,    0,    0,    0,    0,    0,    0,    0,    0,    0,    0,    0,    0,    0,    0,    0,    0,    0,    0,    0,    0,    0,    0,    0,    0,    0,    0,    0,    0,    0,    0,    0,    0,    0,    0,    0,    0,    0,    0,    0,    0,    0,    0,    0,    0,    0,    0,    0,    0,    0,    0,    0,    0,    0,    0,    0,    0,    0,    0,    0,    0,    0,    0,    0,    0,    0,    0,    0,    0,    0,    0,    0,    0,    0,    0,    0,    0,    0,    0,    0,    0,    0,    0,    0,    0,    0,    0,    0,    0,    0,    0,    0,    0,    0,    0,    0,    0,    0,    0,    0,    0,    0,    0,    0,    0,    0,    0,    0,    0,    0,    0,    0,    0,    0,    0,    0,    0,    0,    0,    0,    0,    0,    0,    0,    0,    0,    0,    0,    0,    0,    0,    0,    0,    0,    0,   -7,    0,    0,    0,    0,    0,    0,    0,    0,    0,    0,    0,    0,    0,    0,    0,    0,    0,    0,    0,    0,    0,    3,    3,    0,    0,    0,    0,    0,    0,    0,    0,    0,    0,    0,    0,   10,    0,    0,    0,    0,    0,    0,    0,   -7,    0,    0,    0,    0,    0,    0,    0,    0,    0,    0,    0,    0,    0,    0,    0,    0,    0,    0,    0,    0,    0,    0,    0,    0,    0,    0,    0,    0,    0,    0,    0,    0,    0,    0,    0,    0,    0,    0,    0,    0,    0,    0,    0,    0,    0,    0,    0,    0,    0,    0,    0,    0,    0,    0,    0,    0,  -17,  -10,
       0,    0,    0,    0,    0,    0,    0,    0,    0,    0,    0,    0,    0,    0,    0,    0,    0,    0,    0,    0,    0,    0,    0,    0,    0,    0,    0,    0,    0,    0,    0,    0,    0,    0,    0,    0,    0,    0,    0,    0,    0,    0,    0,    0,    0,    0,    0,    0,    0,    0,    0,    0,    0,    0,    0,    0,    0,    0,    0,    0,    0,    0,    0,    0,    0,    0,    0,    0,    0,    0,    0,    0,    0,    0,    0,    0,    0,    0,    0,    0,    0,    0,    0,    0,    0,    0,    0,    0,    0,    0,    0,    0,    0,    0,    0,    0,    0,    0,    0,    0,    0,    0,    0,    0,    0,    0,    0,    0,    0,    0,    0,    0,    0,    0,    0,    0,    0,    0,    0,    0,    0,    0,    0,    0,    0,    0,    0,    0,    0,    0,    0,    0,    0,    0,    0,    0,    0,    0,    0,    0,    0,    0,    0,    0,    0,    0,    0,    0,    0,    0,    0,    0,    0,    0,    0,    0,    0,    0,    0,    0,    0,    0,    0,    0,    0,    0,    0,    0,    0,    0,    0,    0,    0,    0,    0,    0,    0,    0,    0,    0,    0,    0,    0,    0,    0,    0,    0,    0,    0,    0,    0,    0,    0,    0,    0,    0,    0,    0,    0,    0,    0,    0,    0,    0,    0,    0,    0,    0,    0,    0,    0,    0,    0,    0,    0,    0,    0,    0,    0,    0,    0,    0,    0,    0,    0,    0,    0,    0,    0,    0,    0,    0,    0,    0,    0,    0,    0,    0,    0,    0,    0,    0,    0,    0,    0,    0,    0,    0,  -17,  -17,
       0,    0,    0,    0,    0,    0,    0,    0,    0,    0,    0,    0,    0,    0,    0,    0,    0,    0,    0,    0,    0,    0,    0,    0,    0,    0,    0,    0,    0,    0,    0,    0,    0,    0,    0,    0,    0,    0,    0,    0,    0,    0,    0,    0,    0,    0,    0,    0,    0,    0,    0,    0,    0,    0,    0,    0,    0,    0,    0,    0,    0,    0,    0,    0,    0,    0,    0,    0,    0,    0,    0,    0,    0,    0,    0,    0,    0,    0,    0,    0,    0,    0,    0,    0,    0,    0,    0,    0,    0,    0,    0,    0,    0,    0,    0,    0,    0,    0,    0,    0,    0,    0,    0,    0,    0,    0,    0,    0,    0,    0,    0,    0,    0,    0,    0,    0,    0,    0,    0,    0,    0,    0,    0,    0,    0,    0,    0,    0,    0,    0,    0,    0,    0,    0,    0,    0,    0,    0,    0,    0,    0,    0,    0,    0,    0,    0,    0,    0,    0,    0,    0,    0,    0,    0,    0,    0,    0,    0,    0,    0,    0,    0,    0,    0,    0,    0,    0,    0,    0,    0,    0,    0,    0,    0,    0,    0,    0,    0,    0,    0,    0,    0,    0,    0,    0,    0,    0,    0,    0,    0,    0,    0,    0,    0,    0,    0,    0,    0,    0,    0,    0,    0,    0,    0,    0,    0,    0,    0,    0,    0,    0,    0,    0,    0,    0,    0,    0,    0,    0,    0,    0,    0,    0,    0,    0,    0,    0,    0,    0,    0,    0,    0,    0,    0,    0,    0,    0,    0,    0,    0,    0,    0,    0,    0,    0,    0,    0,    0,  -33,  -17,
       0,    0,    0,    0,    0,    0,    0,    0,    0,    0,    0,    0,    0,    0,    0,    0,    0,    0,    0,    0,    0,    0,    0,    0,    0,    0,    0,    0,    0,    0,    0,    0,    0,    0,    0,    0,    0,    0,    0,    0,    0,    0,    0,    0,    0,    0,    0,    0,    0,    0,    0,    0,    0,    0,    0,    0,    0,    0,    0,    0,    0,    0,    0,    0,    0,    0,    0,    0,    0,    0,    0,    0,    0,    0,    0,    0,    0,    0,    0,    0,    0,    0,    0,    0,    0,    0,    0,    0,    0,    0,    0,    0,    0,    0,    0,    0,    0,    0,    0,    0,    0,    0,    0,    0,    0,    0,    0,    0,    0,    0,    0,    0,    0,    0,    0,    0,    0,    0,    0,    0,    0,    0,    0,    0,    0,    0,    0,    0,    0,    0,    0,    0,    0,    0,    0,    0,    0,    0,    0,    0,    0,    0,    0,    0,    0,    0,    0,    0,    0,    0,    0,    0,    0,    0,    0,    0,    0,    0,   -7,   -7,    0,    0,    0,    0,    0,    0,  -23,    0,    0,    0,    0,    0,    0,    0,    0,    0,    0,    0,    0,    0,    0,    0,    0,    0,    0,    0,    0,    0,    0,    0,    0,    0,    0,    0,    0,    0,    0,    0,    0,    0,    0,    0,    0,    0,    0,    0,    0,    0,    0,    0,    0,    0,    0,    0,    0,    0,    0,    0,    0,    0,    0,    0,    0,    0,    0,    0,    0,    0,    0,    0,    0,    0,    0,    0,    0,    0,    0,    0,    0,    0,    0,    0,    0,    0,    0,    0,    0,    0,  -17,  -10,
       0,    0,    0,    0,    0,    0,    0,    0,    0,    0,    0,    0,    0,    0,    0,    0,    0,    0,    0,    0,    0,    0,    0,    0,    0,    0,    0,    0,    0,    0,    0,    0,    0,    0,    0,    0,    0,    0,    0,    0,    0,    0,    0,    0,    0,    0,    0,    0,    0,    0,    0,    0,    0,    0,    0,    0,    0,    0,    0,    0,    0,    0,    0,    0,    0,    0,    0,    0,    0,    0,    0,    0,    0,    0,    0,    0,    0,    0,    0,    0,    0,    0,    0,    0,    0,    0,    0,    0,    0,    0,    0,    0,    0,    0,    0,    0,    0,    0,    0,    0,    0,    0,    0,    0,    0,    0,    0,    0,    0,    0,    0,    0,    0,    0,    0,    0,    0,    0,    0,    0,    0,    0,    0,    0,    0,    0,    0,    0,    0,    0,    0,    0,    0,    0,    0,    0,    0,    0,    0,    0,    0,    0,    0,    0,    0,    0,    0,    0,    0,    0,    0,    0,    0,    0,    0,    0,    0,    0,    3,    3,    0,    0,    0,    0,    0,    0,    0,    0,    0,    3,    3,    0,    0,    0,    0,    0,    0,    0,    0,    0,    0,    0,    0,    0,    0,    0,    0,    0,    0,    0,    0,    0,    0,    0,    0,    0,    0,    0,    0,    0,    0,    0,    0,    0,    0,    0,    0,    0,    0,    0,    0,    0,    0,    0,    0,    0,    0,    0,    0,    0,    0,    0,    0,    0,    0,    0,    0,    0,    0,    0,    0,    0,    0,    0,    0,    0,    0,    0,    0,    0,    0,    0,    0,    0,    0,    0,    0,    0,    3,    0,
       0,    0,    0,    0,    0,    0,    0,    0,    0,    0,    0,    0,    0,    0,    0,    0,    0,    0,    0,    0,    0,    0,    0,    0,    0,    0,    0,    0,    0,    0,    0,    0,    0,    0,    0,    0,    0,    0,    0,    0,    0,    0,    0,    0,    0,    0,    0,    0,    0,    0,    0,    0,    0,    0,    0,    0,    0,    0,    0,    0,    0,    0,    0,    0,    0,    0,    0,    0,    0,    0,    0,    0,    0,    0,    0,    0,    0,    0,    0,    0,    0,    0,    0,    0,    0,    0,    0,    0,    0,    0,    0,    0,    0,    0,    0,    0,    0,    0,    0,    0,    0,    0,    0,    0,    0,    0,    0,    0,    0,    0,    0,    0,    0,    0,    0,    0,    0,    0,    0,    0,    0,    0,    0,    0,    0,    0,    0,    0,    0,    0,    0,    0,    0,    0,    0,    0,    0,    0,    0,    0,    0,    0,    0,    0,    0,    0,    0,    0,    0,    0,    0,    0,    0,    0,    0,    0,    0,    0,    0,    0,    0,    0,    0,    0,    0,    0,    0,    0,    0,    0,    0,    0,    0,    0,    0,    0,    0,    0,    0,    0,    0,    0,    0,    0,    0,    0,    0,    0,    0,  -13,    0,    0,    0,    0,    0,    0,    0,    0,    0,    0,    0,    0,    0,    0,    0,    0,    0,    0,    0,    0,    0,    0,    0,    0,    0,    0,    0,    0,    0,    0,    0,    0,    0,    0,    0,    0,    0,    0,    0,    0,    0,    0,    0,    0,    0,    0,    0,    0,    0,    0,    0,    0,    0,    0,    0,    0,    0,    0,    0,    0,
       0,    0,    0,    0,    0,    0,    0,    0,    0,    0,    0,    0,    0,    0,    0,    0,    0,    0,    0,    0,    0,    0,    0,    0,    0,    0,    0,    0,    0,    0,    0,    0,    0,    0,    0,    0,    0,    0,    0,    0,    0,    0,    0,    0,    0,    0,    0,    0,    0,    0,    0,    0,    0,    0,    0,    0,    0,    0,    0,    0,    0,    0,    0,    0,    0,    0,    0,    0,    0,    0,    0,    0,    0,    0,    0,    0,    0,    0,    0,    0,    0,    0,    0,    0,    0,    0,    0,    0,    0,    0,    0,    0,    0,    0,    0,    0,    0,    0,    0,    0,    0,    0,    0,    0,    0,    0,    0,    0,    0,    0,    0,    0,    0,    0,    0,    0,    0,    0,    0,    0,    0,    0,    0,    0,    0,    0,    0,    0,    0,    0,    0,    0,    0,    0,    0,    0,    0,    0,    0,    0,    0,    0,    0,    0,    0,    0,    0,    0,    0,    0,    0,    0,    0,    0,    0,    0,    0,    0,   -7,   -7,    0,    0,    0,    0,    0,    0,    0,  -20,  -20,  -10,  -10,    0,    0,    0,    0,    0,    0,    0,    0,    0,    0,    0,    0,    0,    0,    0,   -3,    0,    0,    0,    0,    0,    0,    0,    0,    0,    0,    0,    0,    0,    0,    0,    0,    0,    0,    0,    0,   -7,    0,    0,    0,    0,    0,    0,    0,    0,    0,    0,    0,    0,    0,    0,    0,    0,    0,    0,    0,    0,    0,    0,    0,    0,    0,    0,    0,    0,    0,    0,    0,    0,    0,    0,    0,    0,    0,    0,    0,    0,    0,    0,
       0,    0,    0,    0,    0,    0,    0,    0,    0,    0,    0,    0,    0,    0,    0,    0,    0,    0,    0,    0,    0,    0,    0,    0,    0,    0,    0,    0,    0,    0,    0,    0,    0,    0,    0,    0,    0,    0,    0,    0,    0,    0,    0,    0,    0,    0,    0,    0,    0,    0,    0,    0,    0,    0,    0,    0,    0,    0,    0,    0,    0,    0,    0,    0,    0,    0,    0,    0,    0,    0,    0,    0,    0,    0,    0,    0,    0,    0,    0,    0,    0,    0,    0,    0,    0,    0,    0,    0,    0,    0,    0,    0,    0,    0,    0,    0,    0,    0,    0,    0,    0,    0,    0,    0,    0,    0,    0,    0,    0,    0,    0,    0,    0,    0,    0,    0,    0,    0,    0,    0,    0,    0,    0,    0,    0,    0,    0,    0,    0,    0,    0,    0,    0,    0,    0,    0,    0,    0,    0,    0,    0,    0,    0,    0,   -7,    0,  -10,    0,  -13,   -7,    0,    0,    0,    0,    0,    0,    0,    0,    0,    0,    0,    0,    0,    0,    0,    0,  -13,    0,    0,    3,    3,    0,    0,    0,    0,    0,    0,    0,   -7,   -7,   -7,  -23,    0,    0,    0,   -7,    0,    0,    0,    0,    0,    0,    0,    0,    0,    0,    0,    0,    0,    0,    0,    0,    0,  -10,    0,    0,    0,    0,    0,    0,    0,    0,    0,    0,    0,    0,    0,    0,    0,    0,    0,    0,    0,    0,  -20,    0,    0,    0,    0,    0,    0,  -30,  -23,  -30,    0,    0,    0,    0,    0,    0,    0,    0,    0,    0,    0,    0,    0,    0,  -13,  -13,
       0,    0,    0,    0,    0,    0,    0,    0,    0,    0,    0,    0,    0,    0,    0,    0,    0,    0,    0,    0,    0,    0,    0,    0,    0,    0,    0,    0,    0,    0,    0,    0,    0,    0,    0,    0,    0,    0,    0,    0,    0,    0,    0,    0,    0,    0,    0,    0,    0,    0,    0,    0,    0,    0,    0,    0,    0,    0,    0,    0,    0,    0,    0,    0,    0,    0,    0,    0,    0,    0,    0,    0,    0,    0,    0,    0,    0,    0,    0,    0,    0,    0,    0,    0,    0,    0,    0,    0,    0,    0,    0,    0,    0,    0,    0,    0,    0,    0,    0,    0,    0,    0,    0,    0,    0,    0,    0,    0,    0,    0,    0,    0,    0,    0,    0,    0,    0,    0,    0,    0,    0,    0,    0,    0,    0,    0,    0,    0,    0,    0,    0,    0,    0,    0,    0,    0,    0,    0,    0,    0,    0,    0,    0,    0,    0,    0,    0,    0,    0,    0,    0,    0,    0,    0,    0,    0,    0,    0,    0,    0,    0,    0,    0,   -3,    0,    0,    0,    0,    0,    0,    0,    0,    0,    0,    0,    0,    0,    0,    0,    0,    0,  -17,    0,    0,    0,    0,    0,    0,    0,    0,    0,    0,    0,    0,    0,    0,    0,    0,    0,    0,    0,    0,    0,    0,    0,    0,    0,    0,    0,    0,    0,    0,    0,    0,    0,    0,    0,    0,    0,    0,    0,    0,    0,    0,  -23,    0,    0,    0,    0,    0,    0,  -23,  -23,  -23,    0,    0,    0,    0,    0,    0,    0,    0,    0,    0,    0,    0,    0,    0,  -17,  -13,
       0,    0,    0,    0,    0,    0,    0,    0,    0,    0,    0,    0,    0,    0,    0,    0,    0,    0,    0,    0,    0,    0,    0,    0,    0,    0,    0,    0,    0,    0,    0,    0,    0,    0,    0,    0,    0,    0,    0,    0,    0,    0,    0,    0,    0,    0,    0,    0,    0,    0,    0,    0,    0,    0,    0,    0,    0,    0,    0,    0,    0,    0,    0,    0,    0,    0,    0,    0,    0,    0,    0,    0,    0,    0,    0,    0,    0,    0,    0,    0,    0,    0,    0,    0,    0,    0,    0,    0,    0,    0,    0,    0,    0,    0,    0,    0,    0,    0,    0,    0,    0,    0,    0,    0,    0,    0,    0,    0,    0,    0,    0,    0,    0,    0,    0,    0,    0,    0,    0,    0,    0,    0,    0,    0,    0,    0,    0,    0,    0,    0,    0,    0,    0,    0,    0,    0,    0,    0,    0,    0,    0,    0,    0,    0,    0,    0,    0,    0,    0,    0,    0,    0,    0,    0,    0,    0,    0,    0,    7,    7,    0,    0,    0,    0,    0,    0,    0,    0,    0,   10,   10,    0,    0,    0,    0,    0,    0,    0,    0,    0,    0,  -17,    0,    0,    0,    0,    0,    0,    0,    0,    0,    0,    0,    0,    0,    0,    0,    0,    0,    0,    0,    0,    0,    0,    0,    0,    0,    0,    0,    0,    0,    0,    0,    0,    0,    0,    0,    0,    0,    0,    0,    0,    0,    0,    0,    0,    0,    0,    0,    0,    0,    0,    0,    0,    0,    0,    0,    0,    0,    0,    0,    0,    0,    0,    0,    0,    0,    0,    0,    0,
       0,    0,    0,    0,    0,    0,    0,    0,    0,    0,    0,    0,    0,    0,    0,    0,    0,    0,    0,    0,    0,    0,    0,    0,    0,    0,    0,    0,    0,    0,    0,    0,    0,    0,    0,    0,    0,    0,    0,    0,    0,    0,    0,    0,    0,    0,    0,    0,    0,    0,    0,    0,    0,    0,    0,    0,    0,    0,    0,    0,    0,    0,    0,    0,    0,    0,    0,    0,    0,    0,    0,    0,    0,    0,    0,    0,    0,    0,    0,    0,    0,    0,    0,    0,    0,    0,    0,    0,    0,    0,    0,    0,    0,    0,    0,    0,    0,    0,    0,    0,    0,    0,    0,    0,    0,    0,    0,    0,    0,    0,    0,    0,    0,    0,    0,    0,    0,    0,    0,    0,    0,    0,    0,    0,    0,    0,    0,    0,    0,    0,    0,    0,    0,    0,    0,    0,    0,    0,    0,    0,    0,    0,    0,    0,    0,    0,    0,    0,    0,    0,    0,    0,    0,    0,    0,    0,    0,    0,    0,    0,    0,    0,    0,    0,    0,    0,    0,    0,    0,    0,    0,    0,    0,    0,    0,    0,    0,    0,    0,    0,    0,    0,    0,    0,    0,    0,    0,    0,    0,    0,    0,    0,    0,    0,    0,    0,    0,    0,    0,    0,    0,    0,    0,    0,    0,    0,    0,    0,    0,    0,    0,    0,    0,    0,    0,    0,    0,    0,    0,    0,    0,    0,    0,    0,    0,    0,    0,    0,    0,    0,    0,    0,    0,    0,    0,    0,    0,    0,    0,    0,    0,    0,    0,    0,    0,    0,    0,    0,  -17,   -7,
       0,    0,    0,    0,    0,    0,    0,    0,    0,    0,    0,    0,    0,    0,    0,    0,    0,    0,    0,    0,    0,    0,    0,    0,    0,    0,    0,    0,    0,    0,    0,    0,    0,    0,    0,    0,    0,    0,    0,    0,    0,    0,    0,    0,    0,    0,    0,    0,    0,    0,    0,    0,    0,    0,    0,    0,    0,    0,    0,    0,    0,    0,    0,    0,    0,    0,    0,    0,    0,    0,    0,    0,    0,    0,    0,    0,    0,    0,    0,    0,    0,    0,    0,    0,    0,    0,    0,    0,    0,    0,    0,    0,    0,    0,    0,    0,    0,    0,    0,    0,    0,    0,    0,    0,    0,    0,    0,    0,    0,    0,    0,    0,    0,    0,    0,    0,    0,    0,    0,    0,    0,    0,    0,    0,    0,    0,    0,    0,    0,    0,    0,    0,    0,    0,    0,    0,    0,    0,    0,    0,    0,    0,    0,    0,    0,    0,    0,    0,    0,    0,    0,    0,    0,    0,    0,    0,    0,    0,    0,    0,    0,    0,    0,    0,    0,    0,    0,    0,    0,    0,    0,    0,    0,    0,    0,    0,    0,    0,    0,    0,    0,    0,  -10,    0,    0,    0,    0,    0,    0,    0,    0,    0,    0,  -20,    0,    0,    0,    0,    0,    0,    0,    0,    0,    0,    0,    0,    0,    0,    0,    0,    0,    0,    0,    0,    0,    0,    0,    0,    0,    0,    0,    0,    0,    0,    0,    0,    0,    0,    0,    0,    0,    0,    0,    0,    0,    0,    0,    0,    0,    0,    0,    0,    0,    0,    0,    0,    0,    0,   -7,    0,
       0,    0,    0,    0,    0,    0,    0,    0,    0,    0,    0,    0,    0,    0,    0,    0,    0,    0,    0,    0,    0,    0,    0,    0,    0,    0,    0,    0,    0,    0,    0,    0,    0,    0,    0,    0,    0,    0,    0,    0,    0,    0,    0,    0,    0,    0,    0,    0,    0,    0,    0,    0,    0,    0,    0,    0,    0,    0,    0,    0,    0,    0,    0,    0,    0,    0,    0,    0,    0,    0,    0,    0,    0,    0,    0,    0,    0,    0,    0,    0,    0,    0,    0,    0,    0,    0,    0,    0,    0,    0,    0,    0,    0,    0,    0,    0,    0,    0,    0,    0,    0,    0,    0,    0,    0,    0,    0,    0,    0,    0,    0,    0,    0,    0,    0,    0,    0,    0,    0,    0,    0,    0,    0,    0,    0,    0,    0,    0,    0,    0,    0,    0,    0,    0,    0,    0,    0,    0,    0,    0,    0,    0,    0,    0,    0,    0,    0,    0,    0,    0,    0,    0,    0,    0,    0,    0,    0,    0,    0,    0,    0,    0,    0,    0,    0,    0,    0,    0,    0,    0,    0,    0,    0,    0,    0,    0,    0,    0,    0,    0,    0,    0,   -7,    0,    0,    0,    0,    0,    0,    0,    0,    0,    0,  -20,    0,    0,    0,    0,    0,    0,    0,    0,    0,    0,    0,    0,    0,    0,    0,    0,    0,    0,    0,    0,    0,    0,    0,    0,    0,    0,    0,    0,    0,    0,    0,    0,    0,    0,    0,    0,    0,    0,    0,    0,    0,    0,    0,    0,    0,    0,    0,    0,    0,    0,    0,    0,    0,    0,  -17,  -10,
       0,    0,    0,    0,    0,    0,    0,    0,    0,    0,    0,    0,    0,    0,    0,    0,    0,    0,    0,    0,    0,    0,    0,    0,    0,    0,    0,    0,    0,    0,    0,    0,    0,    0,    0,    0,    0,    0,    0,    0,    0,    0,    0,    0,    0,    0,    0,    0,    0,    0,    0,    0,    0,    0,    0,    0,    0,    0,    0,    0,    0,    0,    0,    0,    0,    0,    0,    0,    0,    0,    0,    0,    0,    0,    0,    0,    0,    0,    0,    0,    0,    0,    0,    0,    0,    0,    0,    0,    0,    0,    0,    0,    0,    0,    0,    0,    0,    0,    0,    0,    0,    0,    0,    0,    0,    0,    0,    0,    0,    0,    0,    0,    0,    0,    0,    0,    0,    0,    0,    0,    0,    0,    0,    0,    0,    0,    0,    0,    0,    0,    0,    0,    0,    0,    0,    0,    0,    0,    0,    0,    0,    0,    0,    0,    0,    0,    0,    0,    0,    0,    0,    0,    0,    0,    0,    0,    0,    0,    0,    0,    0,    0,    0,    0,    0,    0,    0,    0,    0,    0,    0,    0,    0,    0,    0,    0,    0,    0,    0,    0,    0,    0,    0,    0,    0,    0,    0,    0,    0,    0,    0,    0,    0,    0,    0,    0,    0,    0,    0,    0,    0,    0,    0,    0,    0,    0,    0,    0,    0,    0,    0,    0,    0,    0,    0,    0,    0,    0,    0,    0,    0,    0,    0,    0,    0,    0,    0,    0,    0,    0,    0,    0,    0,    0,    0,    0,    0,    0,    0,    0,    0,    0,    0,    0,    0,    0,    0,    0,  -17,  -13,
       0,    0,    0,    0,    0,    0,    0,    0,    0,    0,    0,    0,    0,    0,    0,    0,    0,    0,    0,    0,    0,    0,    0,    0,    0,    0,    0,    0,    0,    0,    0,    0,    0,    0,    0,    0,    0,    0,    0,    0,    0,    0,    0,    0,    0,    0,    0,    0,    0,    0,    0,    0,    0,    0,    0,    0,    0,    0,    0,    0,    0,    0,    0,    0,    0,    0,    0,    0,    0,    0,    0,    0,    0,    0,    0,    0,    0,    0,    0,    0,    0,    0,    0,    0,    0,    0,    0,    0,    0,    0,    0,    0,    0,    0,    0,    0,    0,    0,    0,    0,    0,    0,    0,    0,    0,    0,    0,    0,    0,    0,    0,    0,    0,    0,    0,    0,    0,    0,    0,    0,    0,    0,    0,    0,    0,    0,    0,    0,    0,    0,    0,    0,    0,    0,    0,    0,    0,    0,    0,    0,    0,    0,    0,    0,    0,    0,    0,    0,    0,    0,    0,    0,    0,    0,    0,    0,    0,    0,    0,    0,    0,    0,    0,    0,    0,    0,    0,    0,    0,  -17,    0,    0,    0,    0,   10,    0,    0,    0,    0,    0,    0,    0,    0,    0,    0,    0,    0,    0,    0,    0,    0,    0,    0,    0,    0,    0,    0,    0,    0,    0,    0,    0,    0,    0,    0,    0,    0,    0,    0,    0,    0,    0,    0,    0,    0,    0,    0,    0,    0,    0,    0,    0,    0,    0,    0,    0,    0,    0,    0,    0,    0,    0,    0,    0,    0,    0,    0,    0,    0,    0,    0,    0,    0,    0,    0,    0,    0,    0,    0,    0,
       0,    0,    0,    0,    0,    0,    0,    0,    0,    0,    0,    0,    0,    0,    0,    0,    0,    0,    0,    0,    0,    0,    0,    0,    0,    0,    0,    0,    0,    0,    0,    0,    0,    0,    0,    0,    0,    0,    0,    0,    0,    0,    0,    0,    0,    0,    0,    0,    0,    0,    0,    0,    0,    0,    0,    0,    0,    0,    0,    0,    0,    0,    0,    0,    0,    0,    0,    0,    0,    0,    0,    0,    0,    0,    0,    0,    0,    0,    0,    0,    0,    0,    0,    0,    0,    0,    0,    0,    0,    0,    0,    0,    0,    0,    0,    0,    0,    0,    0,    0,    0,    0,    0,    0,    0,    0,    0,    0,    0,    0,    0,    0,    0,    0,    0,    0,    0,    0,    0,    0,    0,    0,    0,    0,    0,    0,    0,    0,    0,    0,    0,    0,    0,    0,    0,    0,    0,    0,    0,    0,    0,    0,    0,    0,    0,    0,    0,    0,    0,    0,    0,    0,    0,    0,    0,    0,    0,    0,    0,    0,    0,    0,    0,    0,    0,    0,    0,    0,    0,    0,    0,    0,    0,    0,    0,    0,    0,    0,    0,    0,    0,    0,    0,    0,    0,    0,    0,    0,    0,    0,    0,    0,    0,    0,    0,    0,    0,    0,    0,    0,    0,    0,    0,    0,    0,    0,    0,    0,    0,    0,    0,    0,    0,    0,    0,    0,    0,    0,    0,    0,    0,    0,    0,    0,    0,    0,    0,    0,    0,    0,    0,    0,    0,    0,    0,    0,    0,    0,    0,    0,    0,    0,    0,    0,    0,    0,    0,    0,  -13,  -10,
       0,    0,    0,    0,    0,    0,    0,    0,    0,    0,    0,    0,    0,    0,    0,    0,    0,    0,    0,    0,    0,    0,    0,    0,    0,    0,    0,    0,    0,    0,    0,    0,    0,    0,    0,    0,    0,    0,    0,    0,    0,    0,    0,    0,    0,    0,    0,    0,    0,    0,    0,    0,    0,    0,    0,    0,    0,    0,    0,    0,    0,    0,    0,    0,    0,    0,    0,    0,    0,    0,    0,    0,    0,    0,    0,    0,    0,    0,    0,    0,    0,    0,    0,    0,    0,    0,    0,    0,    0,    0,    0,    0,    0,    0,    0,    0,    0,    0,    0,    0,    0,    0,    0,    0,    0,    0,    0,    0,    0,    0,    0,    0,    0,    0,    0,    0,    0,    0,    0,    0,    0,    0,    0,    0,    0,    0,    0,    0,    0,    0,    0,    0,    0,    0,    0,    0,    0,    0,    0,    0,    0,    0,    0,  -10,    0,    0,    0,    0,    0,    0,  -10,    0,    0,  -10,  -10,  -10,  -10,    0,    0,    0,    0,  -10,    0,    0,    0,    0,  -20,   -7,   -7,    0,    0,    0,    0,    0,    0,   -7,   -7,    0,    0,    0,    0,    0,  -17,    0,  -17,    0,    0,    0,    0,    0,    0,    0,    0,    0,    0,    0,    0,    0,    0,    0,    0,    0,    0,    0,    0,    0,    0,    0,    0,    0,    0,    0,    0,    0,    0,    0,    0,    0,    0,    0,    0,    0,    0,    0,    0,    0,    0,    0,    0,    0,    0,    0,    0,    0,    0,    0,    0,    0,    0,    0,    0,    0,    0,    0,    0,    0,    0,    0,  -23,  -17,
       0,    0,    0,    0,    0,    0,    0,    0,    0,    0,    0,    0,    0,    0,    0,    0,    0,    0,    0,    0,    0,    0,    0,    0,    0,    0,    0,    0,    0,    0,    0,    0,    0,    0,    0,    0,    0,    0,    0,    0,    0,    0,    0,    0,    0,    0,    0,    0,    0,    0,    0,    0,    0,    0,    0,    0,    0,    0,    0,    0,    0,    0,    0,    0,    0,    0,    0,    0,    0,    0,    0,    0,    0,    0,    0,    0,    0,    0,    0,    0,    0,    0,    0,    0,    0,    0,    0,    0,    0,    0,    0,    0,    0,    0,    0,    0,    0,    0,    0,    0,    0,    0,    0,    0,    0,    0,    0,    0,    0,    0,    0,    0,    0,    0,    0,    0,    0,    0,    0,    0,    0,    0,    0,    0,    0,    0,    0,    0,    0,    0,    0,    0,    0,    0,    0,    0,    0,    0,    0,    0,    0,    0,    0,   -3,    0,    0,    0,    0,    0,    0,    0,    0,    0,    0,    0,    0,    7,    0,    0,    0,    0,    0,    0,    0,    0,    0,    0,    0,    0,    0,    0,    0,    0,    0,    0,    0,    0,    0,    0,    0,    0,    0,    0,    0,    0,    0,    0,    0,    0,    0,    0,    0,    0,    0,    0,    0,    0,    0,    0,    0,    0,    0,    0,    0,    0,    0,    0,    0,    0,    0,    0,    0,    0,    0,    0,    0,    0,    0,    0,    0,    0,    0,    0,    0,    0,    0,    0,    0,    0,    0,    0,    0,    0,    0,    0,    0,    0,    0,    0,    0,    0,    0,    0,    0,    0,    0,    0,    0,  -13,  -13,
       0,    0,    0,    0,    0,    0,    0,    0,    0,    0,    0,    0,    0,    0,    0,    0,    0,    0,    0,    0,    0,    0,    0,    0,    0,    0,    0,    0,    0,    0,    0,    0,    0,    0,    0,    0,    0,    0,    0,    0,    0,    0,    0,    0,    0,    0,    0,    0,    0,    0,    0,    0,    0,    0,    0,    0,    0,    0,    0,    0,    0,    0,    0,    0,    0,    0,    0,    0,    0,    0,    0,    0,    0,    0,    0,    0,    0,    0,    0,    0,    0,    0,    0,    0,    0,    0,    0,    0,    0,    0,    0,    0,    0,    0,    0,    0,    0,    0,    0,    0,    0,    0,    0,    0,    0,    0,    0,    0,    0,    0,    0,    0,    0,    0,    0,    0,    0,    0,    0,    0,    0,    0,    0,    0,    0,    0,    0,    0,    0,    0,    0,    0,    0,    0,    0,    0,    0,    0,    0,    0,    0,    0,    0,    0,    0,    0,    0,    0,    0,    0,    0,    0,    0,    0,    0,  -10,    0,    0,  -10,  -10,    0,  -10,    0,    0,    0,    0,  -10,  -13,  -13,  -10,  -10,    0,    0,  -10,   -3,    0,    0,    0,    0,    0,    0,  -17,    0,    0,    0,    0,    0,    0,    0,    0,    0,    0,    0,    0,    0,    0,    0,    0,    0,    0,    0,    0,    0,    0,    0,    0,    0,    0,    0,    0,    0,    0,    0,    0,    0,    0,    0,    0,    0,    0,    0,    0,    0,    0,    0,    0,    0,    0,    0,    0,    0,    0,    0,    0,    0,    0,    0,    0,    0,    0,    0,    0,    0,    0,    0,    0,    0,    0,  -13,  -10,
       0,    0,    0,    0,    0,    0,    0,    0,    0,    0,    0,    0,    0,    0,    0,    0,    0,    0,    0,    0,    0,    0,    0,    0,    0,    0,    0,    0,    0,    0,    0,    0,    0,    0,    0,    0,    0,    0,    0,    0,    0,    0,    0,    0,    0,    0,    0,    0,    0,    0,    0,    0,    0,    0,    0,    0,    0,    0,    0,    0,    0,    0,    0,    0,    0,    0,    0,    0,    0,    0,    0,    0,    0,    0,    0,    0,    0,    0,    0,    0,    0,    0,    0,    0,    0,    0,    0,    0,    0,    0,    0,    0,    0,    0,    0,    0,    0,    0,    0,    0,    0,    0,    0,    0,    0,    0,    0,    0,    0,    0,    0,    0,    0,    0,    0,    0,    0,    0,    0,    0,    0,    0,    0,    0,    0,    0,    0,    0,    0,    0,    0,    0,    0,    0,    0,    0,    0,    0,    0,    0,    0,    0,    0,    0,    0,    0,    0,    0,    0,    0,    0,    0,    0,  -10,  -10,  -10,  -10,  -10,    0,    0,    0,  -10,    0,    0,    0,    0,    0,  -10,  -10,   -7,   -7,    0,    0,   -7,    0,    0,    0,    0,    0,    0,    0,  -17,    0,  -10,    0,    0,    0,    0,    0,    0,    0,    0,    0,    0,    0,    0,    0,    0,    0,    0,    0,    0,    0,    0,    0,    0,    0,    0,    0,    0,    0,    0,    0,    0,    0,    0,    0,    0,    0,    0,    0,    0,    0,    0,    0,    0,    0,    0,    0,    0,    0,    0,    0,    0,    0,    0,    0,    0,    0,    0,    0,    0,    0,    0,    0,    0,    0,    0,  -17,  -17,
       0,    0,    0,    0,    0,    0,    0,    0,    0,    0,    0,    0,    0,    0,    0,    0,    0,    0,    0,    0,    0,    0,    0,    0,    0,    0,    0,    0,    0,    0,    0,    0,    0,    0,    0,    0,    0,    0,    0,    0,    0,    0,    0,    0,    0,    0,    0,    0,    0,    0,    0,    0,    0,    0,    0,    0,    0,    0,    0,    0,    0,    0,    0,    0,    0,    0,    0,    0,    0,    0,    0,    0,    0,    0,    0,    0,    0,    0,    0,    0,    0,    0,    0,    0,    0,    0,    0,    0,    0,    0,    0,    0,    0,    0,    0,    0,    0,    0,    0,    0,    0,    0,    0,    0,    0,    0,    0,    0,    0,    0,    0,    0,    0,    0,    0,    0,    0,    0,    0,    0,    0,    0,    0,    0,    0,    0,    0,    0,    0,    0,    0,    0,    0,    0,    0,    0,    0,    0,    0,    0,    0,    0,    0,    0,    0,    0,    0,    0,    0,    0,    0,    0,   -7,    0,    0,   -7,   -7,   -7,    3,    3,    0,   -7,    0,    0,    0,    0,    0,    0,    0,    0,    0,    0,    0,    0,    0,    0,    0,    0,    0,    0,    0,    0,    0,    0,    0,    0,    0,    0,    0,    0,    0,    0,    0,    0,    0,    0,    0,    0,    0,    0,    0,    0,    0,    0,    0,    0,    0,    0,    0,    0,    0,    0,    0,    0,    0,    0,    0,    0,    0,    0,    0,    0,    0,    0,    0,    0,    0,    0,    0,    0,    0,    0,    0,    0,    0,    0,    0,    0,    0,    0,    0,    0,    0,    0,    0,    0,    0,    0,  -17,  -10,
       0,    0,    0,    0,    0,    0,    0,    0,    0,    0,    0,    0,    0,    0,    0,    0,    0,    0,    0,    0,    0,    0,    0,    0,    0,    0,    0,    0,    0,    0,    0,    0,    0,    0,    0,    0,    0,    0,    0,    0,    0,    0,    0,    0,    0,    0,    0,    0,    0,    0,    0,    0,    0,    0,    0,    0,    0,    0,    0,    0,    0,    0,    0,    0,    0,    0,    0,    0,    0,    0,    0,    0,    0,    0,    0,    0,    0,    0,    0,    0,    0,    0,    0,    0,    0,    0,    0,    0,    0,    0,    0,    0,    0,    0,    0,    0,    0,    0,    0,    0,    0,    0,    0,    0,    0,    0,    0,    0,    0,    0,    0,    0,    0,    0,    0,    0,    0,    0,    0,    0,    0,    0,    0,    0,    0,    0,    0,    0,    0,    0,    0,    0,    0,    0,    0,    0,    0,    0,    0,    0,    0,    0,    0,    0,    0,    0,    0,    0,    0,    0,    0,    0,    0,   -7,   -7,    0,    0,    0,    0,    0,    0,    0,    0,    0,  -10,    0,    0,    0,    0,    0,    0,    0,    0,    0,    0,    0,    0,   -7,    0,    0,    0,    0,    0,    0,    0,    0,    0,    0,    0,    0,    0,    0,    0,    0,    0,    0,    0,    0,    0,    0,    0,    0,    0,    0,    0,    0,    0,    0,    0,    0,    0,    0,    0,    0,    0,    0,    0,    0,    0,    0,    0,    0,    0,    0,    0,    0,    0,    0,    0,    0,    0,    0,    0,    0,    0,    0,    0,    0,    0,    0,    0,    0,    0,    0,    0,    0,    0,    0,   -3,    3,
       0,    0,    0,    0,    0,    0,    0,    0,    0,    0,    0,    0,    0,    0,    0,    0,    0,    0,    0,    0,    0,    0,    0,    0,    0,    0,    0,    0,    0,    0,    0,    0,    0,    0,    0,    0,    0,    0,    0,    0,    0,    0,    0,    0,    0,    0,    0,    0,    0,    0,    0,    0,    0,    0,    0,    0,    0,    0,    0,    0,    0,    0,    0,    0,    0,    0,    0,    0,    0,    0,    0,    0,    0,    0,    0,    0,    0,    0,    0,    0,    0,    0,    0,    0,    0,    0,    0,    0,    0,    0,    0,    0,    0,    0,    0,    0,    0,    0,    0,    0,    0,    0,    0,    0,    0,    0,    0,    0,    0,    0,    0,    0,    0,    0,    0,    0,    0,    0,    0,    0,    0,    0,    0,    0,    0,    0,    0,    0,    0,    0,    0,    0,    0,    0,    0,    0,    0,    0,    0,    0,    0,    0,    0,    0,    0,    0,    0,    0,    0,    0,    0,    0,    0,    0,    0,    0,    0,    0,    0,    0,    0,    0,    0,    0,    0,    0,    0,    0,    0,    0,    0,    0,    0,    0,    0,    0,    0,    0,    0,    0,    0,    0,    0,    0,    0,    0,    0,    0,    0,    0,    0,    0,    0,    0,    0,    0,    0,    0,    0,    0,    0,    0,    0,    0,    0,    0,    0,    0,    0,    0,    0,    0,    0,    0,    0,    0,    0,    0,    0,    0,    0,    0,    0,    0,    0,    0,    0,    0,    0,    0,    0,    0,    0,    0,    0,    0,    0,    0,    0,    0,    0,    0,    0,    0,    0,    0,    0,    0,  -13,    0,
       0,    0,    0,    0,    0,    0,    0,    0,    0,    0,    0,    0,    0,    0,    0,    0,    0,    0,    0,    0,    0,    0,    0,    0,    0,    0,    0,    0,    0,    0,    0,    0,    0,    0,    0,    0,    0,    0,    0,    0,    0,    0,    0,    0,    0,    0,    0,    0,    0,    0,    0,    0,    0,    0,    0,    0,    0,    0,    0,    0,    0,    0,    0,    0,    0,    0,    0,    0,    0,    0,    0,    0,    0,    0,    0,    0,    0,    0,    0,    0,    0,    0,    0,    0,    0,    0,    0,    0,    0,    0,    0,    0,    0,    0,    0,    0,    0,    0,    0,    0,    0,    0,    0,    0,    0,    0,    0,    0,    0,    0,    0,    0,    0,    0,    0,    0,    0,    0,    0,    0,    0,    0,    0,    0,    0,    0,    0,    0,    0,    0,    0,    0,    0,    0,    0,    0,    0,    0,    0,    0,    0,    0,    0,    0,    0,    0,    0,    0,    0,    0,    0,    0,    0,  -10,    0,    0,    0,    0,    0,    0,    0,    0,    0,    0,    0,    0,    0,    0,    0,    0,    0,    0,    0,    0,    0,    0,    0,    0,    0,    0,    0,    0,    0,    0,    0,    0,    0,    0,    0,    0,    0,    0,    0,    0,    0,    0,    0,    0,    0,    0,    0,    0,    0,    0,    0,    0,    0,    0,    0,    0,    0,    0,    0,    0,    0,    0,    0,    0,    0,    0,    0,    0,    0,    0,    0,    0,    0,    0,    0,    0,    0,    0,    0,    0,    0,    0,    0,    0,    0,    0,    0,    0,    0,    0,    0,    0,    0,    0,  -20,  -10,
       0,    0,    0,    0,    0,    0,    0,    0,    0,    0,    0,    0,    0,    0,    0,    0,    0,    0,    0,    0,    0,    0,    0,    0,    0,    0,    0,    0,    0,    0,    0,    0,    0,    0,    0,    0,    0,    0,    0,    0,    0,    0,    0,    0,    0,    0,    0,    0,    0,    0,    0,    0,    0,    0,    0,    0,    0,    0,    0,    0,    0,    0,    0,    0,    0,    0,    0,    0,    0,    0,    0,    0,    0,    0,    0,    0,    0,    0,    0,    0,    0,    0,    0,    0,    0,    0,    0,    0,    0,    0,    0,    0,    0,    0,    0,    0,    0,    0,    0,    0,    0,    0,    0,    0,    0,    0,    0,    0,    0,    0,    0,    0,    0,    0,    0,    0,    0,    0,    0,    0,    0,    0,    0,    0,    0,    0,    0,    0,    0,    0,    0,    0,    0,    0,    0,    0,    0,    0,    0,    0,    0,    0,    0,    0,    0,    0,    0,    0,    0,    0,    0,    0,    0,    0,    0,    0,    0,    0,    0,    0,    0,    0,   -7,   -7,    0,    0,    0,    0,    0,    0,    0,    0,    0,    0,    0,    0,    0,    0,    0,    0,    0,    0,    0,    0,    0,    0,    0,    0,    0,    0,    0,    0,    0,    0,    0,    0,    0,    0,    0,    0,    0,    0,    0,    0,    0,    0,    0,    0,    0,    0,    0,    0,    0,    0,    0,    0,    0,    0,    0,    0,    0,    0,    0,    0,    0,    0,    0,    0,    0,    0,    0,    0,    0,    0,    0,    0,    0,    0,    0,    0,    0,    0,    0,    0,    0,    0,    0,    0,    0,    0,
       0,    0,    0,    0,    0,    0,    0,    0,    0,    0,    0,    0,    0,    0,    0,    0,    0,    0,    0,    0,    0,    0,    0,    0,    0,    0,    0,    0,    0,    0,    0,    0,    0,    0,    0,    0,    0,    0,    0,    0,    0,    0,    0,    0,    0,    0,    0,    0,    0,    0,    0,    0,    0,    0,    0,    0,    0,    0,    0,    0,    0,    0,    0,    0,    0,    0,    0,    0,    0,    0,    0,    0,    0,    0,    0,    0,    0,    0,    0,    0,    0,    0,    0,    0,    0,    0,    0,    0,    0,    0,    0,    0,    0,    0,    0,    0,    0,    0,    0,    0,    0,    0,    0,    0,    0,    0,    0,    0,    0,    0,    0,    0,    0,    0,    0,    0,    0,    0,    0,    0,    0,    0,    0,    0,    0,    0,    0,    0,    0,    0,    0,    0,    0,    0,    0,    0,    0,    0,    0,    0,    0,    0,    0,    0,    0,    0,    0,    0,    0,    0,    0,    7,    0,    0,    0,    0,    0,    0,    0,    0,    0,    0,    0,    0,    0,    0,    0,    0,    0,    0,    0,    0,    0,    0,    0,    0,    0,    0,    0,    0,    0,    0,    0,    0,    0,    0,    0,    0,    0,    0,    0,    0,    0,    0,    0,    0,    0,    0,    0,    0,    0,    0,    0,    0,    0,    0,    0,    0,    0,    0,    0,    0,    0,    0,    0,    0,    0,    0,    0,    0,    0,    0,    0,    0,    0,    0,    0,    0,    0,    0,    0,    0,    0,    0,    0,    0,    0,    0,    0,    0,    0,    0,    0,    0,    0,    0,    0,    0,    0,    0,
       0,    0,    0,    0,    0,    0,    0,    0,    0,    0,    0,    0,    0,    0,    0,    0,    0,    0,    0,    0,    0,    0,    0,    0,    0,    0,    0,    0,    0,    0,    0,    0,    0,    0,    0,    0,    0,    0,    0,    0,    0,    0,    0,    0,    0,    0,    0,    0,    0,    0,    0,    0,    0,    0,    0,    0,    0,    0,    0,    0,    0,    0,    0,    0,    0,    0,    0,    0,    0,    0,    0,    0,    0,    0,    0,    0,    0,    0,    0,    0,    0,    0,    0,    0,    0,    0,    0,    0,    0,    0,    0,    0,    0,    0,    0,    0,    0,    0,    0,    0,    0,    0,    0,    0,    0,    0,    0,    0,    0,    0,    0,    0,    0,    0,    0,    0,    0,    0,    0,    0,    0,    0,    0,    0,    0,    0,    0,    0,    0,    0,    0,    0,    0,    0,    0,    0,    0,    0,    0,    0,    0,    0,    0,    0,    0,    0,    0,    0,    0,    0,    0,    0,    0,    0,    0,    0,    0,    0,    0,    0,    0,    0,    0,    0,    0,    0,    0,    0,    0,    0,    0,  -10,  -10,    0,    0,    0,    0,    0,    0,    0,    0,    0,    0,    0,    0,    0,    0,    0,    0,    0,    0,    0,    0,    0,    0,    0,    0,    0,    0,    0,    0,    0,    0,    0,    0,    0,    0,    0,    0,    0,    0,    0,    0,    0,    0,    0,    0,    0,    0,    0,    0,    0,    0,    0,    0,    0,    0,    0,    0,    0,    0,    0,    0,    0,    0,    0,    0,    0,    0,    0,    0,    0,    0,    0,    0,    0,    0,    0,  -17,  -13,
       0,    0,    0,    0,    0,    0,    0,    0,    0,    0,    0,    0,    0,    0,    0,    0,    0,    0,    0,    0,    0,    0,    0,    0,    0,    0,    0,    0,    0,    0,    0,    0,    0,    0,    0,    0,    0,    0,    0,    0,    0,    0,    0,    0,    0,    0,    0,    0,    0,    0,    0,    0,    0,    0,    0,    0,    0,    0,    0,    0,    0,    0,    0,    0,    0,    0,    0,    0,    0,    0,    0,    0,    0,    0,    0,    0,    0,    0,    0,    0,    0,    0,    0,    0,    0,    0,    0,    0,    0,    0,    0,    0,    0,    0,    0,    0,    0,    0,    0,    0,    0,    0,    0,    0,    0,    0,    0,    0,    0,    0,    0,    0,    0,    0,    0,    0,    0,    0,    0,    0,    0,    0,    0,    0,    0,    0,    0,    0,    0,    0,    0,    0,    0,    0,    0,    0,    0,    0,    0,    0,    0,    0,    0,    0,    0,    0,    0,    0,    0,    0,    0,    0,    0,    0,    0,    0,    0,    0,    0,    0,    0,    0,    0,    0,    0,    0,    0,    0,    0,    0,    0,    0,    0,    0,    0,    0,    0,    0,    0,    0,    0,    0,    0,    0,    0,    0,    0,    0,    0,    0,    0,    0,    0,    0,    0,    0,    0,    0,    0,    0,    0,    0,    0,    0,    0,    0,    0,    0,    0,    0,    0,    0,    0,    0,    0,    0,    0,    0,    0,    0,    0,    0,    0,    0,    0,    0,    0,    0,    0,    0,    0,    0,    0,    0,    0,    0,    0,    0,    0,    0,    0,    0,    0,    0,    0,    0,    0,    0,    0,  -17,
       0,    0,    0,    0,    0,    0,    0,    0,    0,    0,    0,    0,    0,    0,    0,    0,    0,    0,    0,    0,    0,    0,    0,    0,    0,    0,    0,    0,    0,    0,    0,    0,    0,    0,    0,    0,    0,    0,    0,    0,    0,    0,    0,    0,    0,    0,    0,    0,    0,    0,    0,    0,    0,    0,    0,    0,    0,    0,    0,    0,    0,    0,    0,    0,    0,    0,    0,    0,    0,    0,    0,    0,    0,    0,    0,    0,    0,    0,    0,    0,    0,    0,    0,    0,    0,    0,    0,    0,    0,    0,    0,    0,    0,    0,    0,    0,    0,    0,    0,    0,    0,    0,    0,    0,    0,    0,    0,    0,    0,    0,    0,    0,    0,    0,    0,    0,    0,    0,    0,    0,    0,    0,    0,    0,    0,    0,    0,    0,    0,    0,    0,    0,    0,    0,    0,    0,    0,    0,    0,    0,    0,    0,    0,    0,    0,    0,    0,    0,    0,    0,    0,    0,    0,    0,    0,    0,    0,    0,    0,    0,    0,    0,    0,    0,    0,    0,    0,    0,    0,    0,    0,    0,    0,    0,    0,    0,    0,    0,    0,    0,    0,    0,    0,    0,    0,    0,    0,    0,    0,    0,    0,    0,    0,    0,    0,    0,    0,    0,    0,    0,    0,    0,    0,    0,    0,    0,    0,    0,    0,    0,    0,    0,    0,    0,    0,    0,    0,    0,    0,    0,    0,    0,    0,    0,    0,    0,    0,    0,    0,    0,    0,    0,    0,    0,    0,    0,    0,    0,    0,    0,    0,    0,    0,    0,    0,    0,    0,    0,  -23,  -17,
       0,    0,    0,    0,    0,    0,    0,    0,    0,    0,    0,    0,    0,    0,    0,    0,    0,    0,    0,    0,    0,    0,    0,    0,    0,    0,    0,    0,    0,    0,    0,    0,    0,    0,    0,    0,    0,    0,    0,    0,    0,    0,    0,    0,    0,    0,    0,    0,    0,    0,    0,    0,    0,    0,    0,    0,    0,    0,    0,    0,    0,    0,    0,    0,    0,    0,    0,    0,    0,    0,    0,    0,    0,    0,    0,    0,    0,    0,    0,    0,    0,    0,    0,    0,    0,    0,    0,    0,    0,    0,    0,    0,    0,    0,    0,    0,    0,    0,    0,    0,    0,    0,    0,    0,    0,    0,    0,    0,    0,    0,    0,    0,    0,    0,    0,    0,    0,    0,    0,    0,    0,    0,    0,    0,    0,    0,    0,    0,    0,    0,    0,    0,    0,    0,    0,    0,    0,    0,    0,    0,    0,    0,    0,    0,    0,    0,    0,    0,    0,    0,    0,    0,    0,    0,    0,    0,    0,    0,    0,    0,    0,    0,    0,    0,  -10,  -10,    0,    0,    0,    0,    0,    0,    0,    0,    0,    0,    0,    0,    0,    0,    0,    0,    0,    0,    0,    0,    0,    0,    0,    0,    0,    0,    0,    0,    0,    0,    0,    0,    0,    0,    0,    0,    0,    0,    0,    0,    0,    0,    0,    0,    0,    0,    0,    0,    0,    0,    0,    0,    0,    0,    0,    0,    0,    0,    0,    0,    0,    0,    0,    0,    0,    0,    0,    0,    0,    0,    0,    0,    0,    0,    0,    0,    0,    0,    0,    0,    0,    0,   -7,    0,
       0,    0,    0,    0,    0,    0,    0,    0,    0,    0,    0,    0,    0,    0,    0,    0,    0,    0,    0,    0,    0,    0,    0,    0,    0,    0,    0,    0,    0,    0,    0,    0,    0,    0,    0,    0,    0,    0,    0,    0,    0,    0,    0,    0,    0,    0,    0,    0,    0,    0,    0,    0,    0,    0,    0,    0,    0,    0,    0,    0,    0,    0,    0,    0,    0,    0,    0,    0,    0,    0,    0,    0,    0,    0,    0,    0,    0,    0,    0,    0,    0,    0,    0,    0,    0,    0,    0,    0,    0,    0,    0,    0,    0,    0,    0,    0,    0,    0,    0,    0,    0,    0,    0,    0,    0,    0,    0,    0,    0,    0,    0,    0,    0,    0,    0,    0,    0,    0,    0,    0,    0,    0,    0,    0,    0,    0,    0,    0,    0,    0,    0,    0,    0,    0,    0,    0,    0,    0,    0,    0,    0,    0,    0,    0,    0,    0,    0,    0,    0,    0,    0,    0,    0,    0,    0,    0,    0,    0,    0,    0,    0,    0,    0,    0,    3,    3,    0,    0,    0,    0,    0,    0,    0,    0,    0,    0,    0,    0,    0,    0,    0,    0,    0,    0,    0,    0,    0,    0,    0,    0,    0,    0,    0,    0,    0,    0,    0,    0,    0,    0,    0,    0,    0,    0,    0,    0,    0,    0,    0,    0,    0,    0,    0,    0,    0,    0,    0,    0,    0,    0,    0,    0,    0,    0,    0,    0,    0,    0,    0,    0,    0,    0,    0,    0,    0,    0,    0,    0,    0,    0,    0,    0,    0,    0,    0,    0,    0,    0,  -17,   -7,
       0,    0,    0,    0,    0,    0,    0,    0,    0,    0,    0,    0,    0,    0,    0,    0,    0,    0,    0,    0,    0,    0,    0,    0,    0,    0,    0,    0,    0,    0,    0,    0,    0,    0,    0,    0,    0,    0,    0,    0,    0,    0,    0,    0,    0,    0,    0,    0,    0,    0,    0,    0,    0,    0,    0,    0,    0,    0,    0,    0,    0,    0,    0,    0,    0,    0,    0,    0,    0,    0,    0,    0,    0,    0,    0,    0,    0,    0,    0,    0,    0,    0,    0,    0,    0,    0,    0,    0,    0,    0,    0,    0,    0,    0,    0,    0,    0,    0,    0,    0,    0,    0,    0,    0,    0,    0,    0,    0,    0,    0,    0,    0,    0,    0,    0,    0,    0,    0,    0,    0,    0,    0,    0,    0,    0,    0,    0,    0,    0,    0,    0,    0,    0,    0,    0,    0,    0,    0,    0,    0,    0,    0,    0,    0,    0,    0,    0,    0,    0,    0,    0,    0,    0,    0,    0,    0,    0,    0,    0,    0,    0,    0,    0,    0,    0,    0,    0,    0,    0,  -23,  -23,  -17,  -17,    0,    0,    0,    0,    0,    0,    0,    0,    0,    0,    0,    0,    0,    0,    0,    0,    0,    0,    0,    0,    0,    0,    0,    0,    0,    0,    0,    0,    0,    0,    0,    0,    0,    0,    0,    0,    0,    0,    0,    0,    0,    0,    0,    0,    0,    0,    0,    0,    0,    0,    0,    0,    0,    0,    0,    0,    0,    0,    0,    0,    0,    0,    0,    0,    0,    0,    0,    0,    0,    0,    0,    0,    0,    0,    0,  -10,    0,
       0,    0,    0,    0,    0,    0,    0,    0,    0,    0,    0,    0,    0,    0,    0,    0,    0,    0,    0,    0,    0,    0,    0,    0,    0,    0,    0,    0,    0,    0,    0,    0,    0,    0,    0,    0,    0,    0,    0,    0,    0,    0,    0,    0,    0,    0,    0,    0,    0,    0,    0,    0,    0,    0,    0,    0,    0,    0,    0,    0,    0,    0,    0,    0,    0,    0,    0,    0,    0,    0,    0,    0,    0,    0,    0,    0,    0,    0,    0,    0,    0,    0,    0,    0,    0,    0,    0,    0,    0,    0,    0,    0,    0,    0,    0,    0,    0,    0,    0,    0,    0,    0,    0,    0,    0,    0,    0,    0,    0,    0,    0,    0,    0,    0,    0,    0,    0,    0,    0,    0,    0,    0,    0,    0,    0,    0,    0,    0,    0,    0,    0,    0,    0,    0,    0,    0,    0,    0,    0,    0,    0,    0,    0,    0,    0,    0,    0,    0,    0,    0,    0,    0,    0,    0,    0,    0,    0,    0,    0,    0,    0,    0,    0,    0,    0,    0,    0,    0,    0,  -13,  -13,    0,  -13,    0,    0,    0,    0,    0,    0,    0,    0,    0,    0,    0,    0,    0,    0,    0,    0,    0,    0,    0,    0,    0,    0,    0,    0,    0,    0,    0,    0,    0,    0,    0,    0,    0,    0,    0,    0,    0,    0,    0,    0,    0,    0,    0,    0,    0,    0,    0,    0,    0,    0,    0,    0,    0,    0,    0,    0,    0,    0,    0,    0,    0,    0,    0,    0,    0,    0,    0,    0,    0,    0,    0,    0,    0,    0,    0,  -10,    0,
       0,    0,    0,    0,    0,    0,    0,    0,    0,    0,    0,    0,    0,    0,    0,    0,    0,    0,    0,    0,    0,    0,    0,    0,    0,    0,    0,    0,    0,    0,    0,    0,    0,    0,    0,    0,    0,    0,    0,    0,    0,    0,    0,    0,    0,    0,    0,    0,    0,    0,    0,    0,    0,    0,    0,    0,    0,    0,    0,    0,    0,    0,    0,    0,    0,    0,    0,    0,    0,    0,    0,    0,    0,    0,    0,    0,    0,    0,    0,    0,    0,    0,    0,    0,    0,    0,    0,    0,    0,    0,    0,    0,    0,    0,    0,    0,    0,    0,    0,    0,    0,    0,    0,    0,    0,    0,    0,    0,    0,    0,    0,    0,    0,    0,    0,    0,    0,    0,    0,    0,    0,    0,    0,    0,    0,    0,    0,    0,    0,    0,    0,    0,    0,    0,    0,    0,    0,    0,    0,    0,    0,    0,    0,    0,    0,    0,    0,    0,    0,    0,    0,    0,    0,    0,    0,    0,    0,    0,    0,    0,    0,    0,    0,    0,    0,    0,    0,    0,    0,  -13,  -13,  -13,  -13,    0,    0,    0,    0,    0,    0,    0,    0,    0,    0,    0,    0,    0,    0,    0,    0,    0,    0,    0,    0,    0,    0,    0,    0,    0,    0,    0,    0,    0,    0,    0,    0,    0,    0,    0,    0,    0,    0,    0,    0,    0,    0,    0,    0,    0,    0,    0,    0,    0,    0,    0,    0,    0,    0,    0,    0,    0,    0,    0,    0,    0,    0,    0,    0,    0,    0,    0,    0,    0,    0,    0,    0,    0,    0,    0,  -10,    0,
       0,    0,    0,    0,    0,    0,    0,    0,    0,    0,    0,    0,    0,    0,    0,    0,    0,    0,    0,    0,    0,    0,    0,    0,    0,    0,    0,    0,    0,    0,    0,    0,    0,    0,    0,    0,    0,    0,    0,    0,    0,    0,    0,    0,    0,    0,    0,    0,    0,    0,    0,    0,    0,    0,    0,    0,    0,    0,    0,    0,    0,    0,    0,    0,    0,    0,    0,    0,    0,    0,    0,    0,    0,    0,    0,    0,    0,    0,    0,    0,    0,    0,    0,    0,    0,    0,    0,    0,    0,    0,    0,    0,    0,    0,    0,    0,    0,    0,    0,    0,    0,    0,    0,    0,    0,    0,    0,    0,    0,    0,    0,    0,    0,    0,    0,    0,    0,    0,    0,    0,    0,    0,    0,    0,    0,    0,    0,    0,    0,    0,    0,    0,    0,    0,    0,    0,    0,    0,    0,    0,    0,    0,    0,    0,    0,    0,    0,    0,    0,    0,    0,    0,    0,    0,    0,    0,    0,    0,    0,    0,    0,    0,    0,    0,    0,    0,    0,    0,    0,    0,    0,    0,    0,    0,    0,    0,    0,    0,    0,    0,    3,    0,    0,    0,    0,    0,    0,    0,    0,    0,    0,    0,    0,    0,    0,    0,    0,    0,    0,    0,    0,    0,    0,    0,    0,    0,    0,    0,    0,    0,    0,    0,    0,    0,    0,    0,    0,    0,    0,    0,    0,    0,    0,    0,    0,    0,    0,    0,    0,    0,    0,    0,    0,    0,    0,    0,    0,    0,    0,    0,    0,    0,    0,    0,    0,    0,    0,    0,    0,    0,
       0,    0,    0,    0,    0,    0,    0,    0,    0,    0,    0,    0,    0,    0,    0,    0,    0,    0,    0,    0,    0,    0,    0,    0,    0,    0,    0,    0,    0,    0,    0,    0,    0,    0,    0,    0,    0,    0,    0,    0,    0,    0,    0,    0,    0,    0,    0,    0,    0,    0,    0,    0,    0,    0,    0,    0,    0,    0,    0,    0,    0,    0,    0,    0,    0,    0,    0,    0,    0,    0,    0,    0,    0,    0,    0,    0,    0,    0,    0,    0,    0,    0,    0,    0,    0,    0,    0,    0,    0,    0,    0,    0,    0,    0,    0,    0,    0,    0,    0,    0,    0,    0,    0,    0,    0,    0,    0,    0,    0,    0,    0,    0,    0,    0,    0,    0,    0,    0,    0,    0,    0,    0,    0,    0,    0,    0,    0,    0,    0,    0,    0,    0,    0,    0,    0,    0,    0,    0,    0,    0,    0,    0,    0,    0,    0,    0,    0,    0,    0,    0,    0,    0,    0,    0,    0,    0,    0,    0,    0,    0,  -10,    0,    0,    0,    0,    0,  -13,    0,    0,    0,    0,    0,    0,    0,    0,    0,    0,    0,    0,    0,    0,    0,    0,    0,    0,    0,    0,    0,    0,    0,    0,    0,    0,    0,    0,    0,    0,    0,    0,    0,    0,    0,    0,    0,    0,    0,    0,    0,    0,    0,    0,    0,    0,    0,    0,    0,    0,    0,    0,    0,    0,    0,    0,    0,    0,    0,    0,    0,    0,    0,    0,    0,    0,    0,    0,    0,    0,    0,    0,    0,    0,    0,    0,    0,    0,    0,    0,    0,  -17,  -13,
       0,    0,    0,    0,    0,    0,    0,    0,    0,    0,    0,    0,    0,    0,    0,    0,    0,    0,    0,    0,    0,    0,    0,    0,    0,    0,    0,    0,    0,    0,    0,    0,    0,    0,    0,    0,    0,    0,    0,    0,    0,    0,    0,    0,    0,    0,    0,    0,    0,    0,    0,    0,    0,    0,    0,    0,    0,    0,    0,    0,    0,    0,    0,    0,    0,    0,    0,    0,    0,    0,    0,    0,    0,    0,    0,    0,    0,    0,    0,    0,    0,    0,    0,    0,    0,    0,    0,    0,    0,    0,    0,    0,    0,    0,    0,    0,    0,    0,    0,    0,    0,    0,    0,    0,    0,    0,    0,    0,    0,    0,    0,    0,    0,    0,    0,    0,    0,    0,    0,    0,    0,    0,    0,    0,    0,    0,    0,    0,    0,    0,    0,    0,    0,    0,    0,    0,    0,    0,    0,    0,    0,    0,    0,    0,    0,    0,    0,    0,    0,    0,    0,    0,    0,    0,    0,    0,    0,    0,    0,    0,    0,    0,    0,    0,    0,    0,    0,    0,    0,    0,    0,    0,    0,    0,    0,    0,    0,    0,    0,    0,    0,    0,    0,    0,    0,    0,    0,    0,    0,    0,    0,    0,    0,    0,    0,    0,    0,    0,    0,    0,    0,    0,    0,    0,    0,    0,    0,    0,    0,    0,    0,    0,    0,    0,    0,    0,    0,    0,    0,    0,    0,    0,    0,    0,    0,    0,    0,    0,    0,    0,    0,    0,    0,    0,    0,    0,    0,    0,    0,    0,    0,    0,    0,    0,    0,    0,    0,    0,  -13,  -13,
       0,    0,    0,    0,    0,    0,    0,    0,    0,    0,    0,    0,    0,    0,    0,    0,    0,    0,    0,    0,    0,    0,    0,    0,    0,    0,    0,    0,    0,    0,    0,    0,    0,    0,    0,    0,    0,    0,    0,    0,    0,    0,    0,    0,    0,    0,    0,    0,    0,    0,    0,    0,    0,    0,    0,    0,    0,    0,    0,    0,    0,    0,    0,    0,    0,    0,    0,    0,    0,    0,    0,    0,    0,    0,    0,    0,    0,    0,    0,    0,    0,    0,    0,    0,    0,    0,    0,    0,    0,    0,    0,    0,    0,    0,    0,    0,    0,    0,    0,    0,    0,    0,    0,    0,    0,    0,    0,    0,    0,    0,    0,    0,    0,    0,    0,    0,    0,    0,    0,    0,    0,    0,    0,    0,    0,    0,    0,    0,    0,    0,    0,    0,    0,    0,    0,    0,    0,    0,    0,    0,    0,    0,    0,    0,    0,   -7,    0,  -10,    0,    0,    0,    0,    0,    0,    0,    0,    0,    0,    0,    0,    0,   -7,    0,    0,    0,    0,    0,  -13,    0,  -13,  -13,   -7,   -7,    0,    0,    0,    0,    0,    0,    0,    0,    0,    0,    0,    0,    0,    0,    0,    0,    0,    0,    0,    0,    0,    0,    0,    0,    0,    0,    0,    0,    0,    0,    0,    0,    0,    0,    0,    0,    0,    0,    0,    0,    0,    0,    0,    0,    0,    0,    0,    0,    0,    0,    0,    0,    0,    0,    0,    0,    0,    0,    0,    0,    0,    0,    0,    0,    0,    0,    0,    0,    0,    0,    0,    0,    0,    0,    0,  -13,  -10,
       0,    0,    0,    0,    0,    0,    0,    0,    0,    0,    0,    0,    0,    0,    0,    0,    0,    0,    0,    0,    0,    0,    0,    0,    0,    0,    0,    0,    0,    0,    0,    0,    0,    0,    0,    0,    0,    0,    0,    0,    0,    0,    0,    0,    0,    0,    0,    0,    0,    0,    0,    0,    0,    0,    0,    0,    0,    0,    0,    0,    0,    0,    0,    0,    0,    0,    0,    0,    0,    0,    0,    0,    0,    0,    0,    0,    0,    0,    0,    0,    0,    0,    0,    0,    0,    0,    0,    0,    0,    0,    0,    0,    0,    0,    0,    0,    0,    0,    0,    0,    0,    0,    0,    0,    0,    0,    0,    0,    0,    0,    0,    0,    0,    0,    0,    0,    0,    0,    0,    0,    0,    0,    0,    0,    0,    0,    0,    0,    0,    0,    0,    0,    0,    0,    0,    0,    0,    0,    0,    0,    0,    0,    0,    0,    0,    0,    0,    0,    0,    0,    0,    0,    0,    0,    0,    0,    0,    0,    0,    0,    0,    0,    0,    0,    0,    0,    0,    0,    0,    0,    0,    0,    0,    0,    0,    0,    0,    0,    0,    0,    0,    0,    0,    0,    0,    0,    0,    0,    0,    0,    0,    0,    0,    0,    0,    0,    0,    0,    0,    0,    0,    0,    0,    0,    0,    0,    0,    0,    0,    0,    0,    0,    0,    0,    0,    0,    0,    0,    0,    0,    0,    0,    0,    0,    0,    0,    0,    0,    0,    0,    0,    0,    0,    0,    0,    0,    0,    0,    0,    0,    0,    0,    0,    0,    0,    0,    0,    0,  -17,    0,
       0,    0,    0,    0,    0,    0,    0,    0,    0,    0,    0,    0,    0,    0,    0,    0,    0,    0,    0,    0,    0,    0,    0,    0,    0,    0,    0,    0,    0,    0,    0,    0,    0,    0,    0,    0,    0,    0,    0,    0,    0,    0,    0,    0,    0,    0,    0,    0,    0,    0,    0,    0,    0,    0,    0,    0,    0,    0,    0,    0,    0,    0,    0,    0,    0,    0,    0,    0,    0,    0,    0,    0,    0,    0,    0,    0,    0,    0,    0,    0,    0,    0,    0,    0,    0,    0,    0,    0,    0,    0,    0,    0,    0,    0,    0,    0,    0,    0,    0,    0,    0,    0,    0,    0,    0,    0,    0,    0,    0,    0,    0,    0,    0,    0,    0,    0,    0,    0,    0,    0,    0,    0,    0,    0,    0,    0,    0,    0,    0,    0,    0,    0,    0,    0,    0,    0,    0,    0,    0,    0,    0,    0,    0,    0,    0,    0,    0,    0,    0,    0,    0,    0,    0,    0,    0,    0,    0,    0,    0,    0,    0,    0,    0,    0,    0,    0,    0,    0,    0,    0,    0,    0,    0,    0,    0,    0,    0,    0,   -7,  -10,  -10,    0,    0,    0,    0,    0,    0,    0,    0,    0,    0,    0,    0,    0,    0,    0,    0,    0,    0,    0,    0,    0,    0,    0,    0,    0,    0,    0,    0,    0,    0,    0,    0,    0,    0,    0,    0,    0,    0,    0,    0,    0,    0,    0,    0,    0,    0,    0,    0,    0,    0,    0,    0,    0,    0,    0,    0,    0,    0,    0,    0,    0,    0,    0,    0,    0,    0,    0,  -17,  -10,
       0,    0,    0,    0,    0,    0,    0,    0,    0,    0,    0,    0,    0,    0,    0,    0,    0,    0,    0,    0,    0,    0,    0,    0,    0,    0,    0,    0,    0,    0,    0,    0,    0,    0,    0,    0,    0,    0,    0,    0,    0,    0,    0,    0,    0,    0,    0,    0,    0,    0,    0,    0,    0,    0,    0,    0,    0,    0,    0,    0,    0,    0,    0,    0,    0,    0,    0,    0,    0,    0,    0,    0,    0,    0,    0,    0,    0,    0,    0,    0,    0,    0,    0,    0,    0,    0,    0,    0,    0,    0,    0,    0,    0,    0,    0,    0,    0,    0,    0,    0,    0,    0,    0,    0,    0,    0,    0,    0,    0,    0,    0,    0,    0,    0,    0,    0,    0,    0,    0,    0,    0,    0,    0,    0,    0,    0,    0,    0,    0,    0,    0,    0,    0,    0,    0,    0,    0,    0,    0,    0,    0,    0,    0,    0,    0,    0,  -13,    0,    0,    0,    0,    0,    0,    0,    0,    0,    0,    0,    0,    0,    0,    0,    0,    0,    0,    0,  -10,    0,    0,    0,    0,    0,    0,    0,    0,    0,    0,    0,    0,    0,    0,    0,    0,    0,    0,    0,    0,    0,    0,    0,   -7,  -10,    0,    0,    0,    0,    0,    0,    0,    0,    0,    0,    0,    0,    0,    0,    0,    0,    0,    0,    0,    0,    0,    0,    0,    0,    0,    0,    0,    0,    0,    0,    0,    0,    0,    0,    0,    0,    0,    0,    0,    0,    0,    0,    0,    0,    0,    0,    0,    0,    0,    0,    0,    0,    0,    0,    0,    0,    0,    0,
       0,    0,    0,    0,    0,    0,    0,    0,    0,    0,    0,    0,    0,    0,    0,    0,    0,    0,    0,    0,    0,    0,    0,    0,    0,    0,    0,    0,    0,    0,    0,    0,    0,    0,    0,    0,    0,    0,    0,    0,    0,    0,    0,    0,    0,    0,    0,    0,    0,    0,    0,    0,    0,    0,    0,    0,    0,    0,    0,    0,    0,    0,    0,    0,    0,    0,    0,    0,    0,    0,    0,    0,    0,    0,    0,    0,    0,    0,    0,    0,    0,    0,    0,    0,    0,    0,    0,    0,    0,    0,    0,    0,    0,    0,    0,    0,    0,    0,    0,    0,    0,    0,    0,    0,    0,    0,    0,    0,    0,    0,    0,    0,    0,    0,    0,    0,    0,    0,    0,    0,    0,    0,    0,    0,    0,    0,    0,    0,    0,    0,    0,    0,    0,    0,    0,    0,    0,    0,    0,    0,    0,    0,    0,    0,    0,    0,    0,    0,    0,    0,    0,    0,    0,    0,    0,    0,    0,    0,   -7,   -7,   -7,    0,    0,    0,    0,    0,    0,    0,    0,  -10,  -10,    0,    0,    0,    0,    0,    0,    0,    0,    0,    0,    0,    0,    0,    0,    0,    0,    0,    0,    0,    0,    0,    0,    0,    0,    0,    0,    0,    0,    0,    0,    0,    0,    0,    0,    0,    0,    0,    0,    0,    0,    0,    0,    0,    0,    0,    0,    0,    0,    0,    0,    0,    0,    0,    0,    0,    0,    0,    0,    0,    0,    0,    0,    0,    0,    0,    0,    0,    0,    0,    0,    0,    0,    0,    0,    0,    0,    0,  -10,    0,
       0,    0,    0,    0,    0,    0,    0,    0,    0,    0,    0,    0,    0,    0,    0,    0,    0,    0,    0,    0,    0,    0,    0,    0,    0,    0,    0,    0,    0,    0,    0,    0,    0,    0,    0,    0,    0,    0,    0,    0,    0,    0,    0,    0,    0,    0,    0,    0,    0,    0,    0,    0,    0,    0,    0,    0,    0,    0,    0,    0,    0,    0,    0,    0,    0,    0,    0,    0,    0,    0,    0,    0,    0,    0,    0,    0,    0,    0,    0,    0,    0,    0,    0,    0,    0,    0,    0,    0,    0,    0,    0,    0,    0,    0,    0,    0,    0,    0,    0,    0,    0,    0,    0,    0,    0,    0,    0,    0,    0,    0,    0,    0,    0,    0,    0,    0,    0,    0,    0,    0,    0,    0,    0,    0,    0,    0,    0,    0,    0,    0,    0,    0,    0,    0,    0,    0,    0,    0,    0,    0,    0,    0,    0,    0,    0,    0,    0,    0,    0,    0,    0,    0,    0,    0,    0,    0,    0,    0,    0,    0,    0,    0,    0,    0,    0,    0,    0,    3,    0,    0,    0,    0,    0,    0,    0,    0,    0,    0,    0,    0,    0,    0,    0,    0,    0,    0,    0,    0,    0,    0,    0,    0,    0,    0,    0,    0,    0,    0,    0,    0,    0,    0,    0,    0,    0,    0,    0,    0,    0,    0,    0,    0,    0,    0,    0,    0,    0,    0,    0,    0,    0,    0,    0,    0,    0,    0,    0,    0,    0,    0,    0,    0,    0,    0,    0,    0,    0,    0,    0,    0,    0,    0,    0,    0,    0,    0,    0,    0,  -23,  -13,
       0,    0,    0,    0,    0,    0,    0,    0,    0,    0,    0,    0,    0,    0,    0,    0,    0,    0,    0,    0,    0,    0,    0,    0,    0,    0,    0,    0,    0,    0,    0,    0,    0,    0,    0,    0,    0,    0,    0,    0,    0,    0,    0,    0,    0,    0,    0,    0,    0,    0,    0,    0,    0,    0,    0,    0,    0,    0,    0,    0,    0,    0,    0,    0,    0,    0,    0,    0,    0,    0,    0,    0,    0,    0,    0,    0,    0,    0,    0,    0,    0,    0,    0,    0,    0,    0,    0,    0,    0,    0,    0,    0,    0,    0,    0,    0,    0,    0,    0,    0,    0,    0,    0,    0,    0,    0,    0,    0,    0,    0,    0,    0,    0,    0,    0,    0,    0,    0,    0,    0,    0,    0,    0,    0,    0,    0,    0,    0,    0,    0,    0,    0,    0,    0,    0,    0,    0,    0,    0,    0,    0,    0,    0,    0,    0,    0,    0,    0,    0,    0,    0,    0,    0,    0,    0,    0,    0,    0,    0,    0,    0,    0,    0,    0,    0,    0,    0,  -13,  -13,    0,    0,    0,    0,    0,    0,    0,    0,    0,    0,    0,    0,    0,    0,    0,    0,    0,    0,    0,    0,    0,    0,    0,    0,    0,    0,    0,    0,    0,    0,    0,    0,    0,    0,    0,    0,    0,    0,    0,    0,    0,    0,    0,    0,    0,    0,    0,    0,   -7,    0,    0,    0,    0,    0,    0,    0,    0,    0,    0,    0,    0,    0,    0,    0,    0,  -13,    0,    0,    0,    0,    0,    0,    0,    0,    0,    0,    0,    0,    0,    0,    0,
       0,    0,    0,    0,    0,    0,    0,    0,    0,    0,    0,    0,    0,    0,    0,    0,    0,    0,    0,    0,    0,    0,    0,    0,    0,    0,    0,    0,    0,    0,    0,    0,    0,    0,    0,    0,    0,    0,    0,    0,    0,    0,    0,    0,    0,    0,    0,    0,    0,    0,    0,    0,    0,    0,    0,    0,    0,    0,    0,    0,    0,    0,    0,    0,    0,    0,    0,    0,    0,    0,    0,    0,    0,    0,    0,    0,    0,    0,    0,    0,    0,    0,    0,    0,    0,    0,    0,    0,    0,    0,    0,    0,    0,    0,    0,    0,    0,    0,    0,    0,    0,    0,    0,    0,    0,    0,    0,    0,    0,    0,    0,    0,    0,    0,    0,    0,    0,    0,    0,    0,    0,    0,    0,    0,    0,    0,    0,    0,    0,    0,    0,    0,    0,    0,    0,    0,    0,    0,    0,    0,    0,    0,    0,    0,    0,    0,    0,    0,    0,    0,    0,    0,    0,    0,    0,    0,    0,    0,    0,    0,    0,    0,    0,    0,    0,    0,    0,   -7,   -7,  -10,  -10,    0,    0,    0,    0,    0,    0,    0,    3,    3,    3,    0,    0,    0,    0,    0,    0,    0,    0,    0,    0,    0,    0,    0,    0,    0,    0,    0,    0,    0,    0,    0,    0,    0,    0,    0,    0,    0,    0,    0,    0,    0,    0,    0,    0,    0,    0,    0,    0,    0,    0,    0,    0,    0,    0,    0,    0,    0,    0,    0,    0,    0,    0,    0,    0,    0,    0,    0,    0,    0,    0,    0,    0,    0,    0,    0,    0,    0,    0,    0,
       0,    0,    0,    0,    0,    0,    0,    0,    0,    0,    0,    0,    0,    0,    0,    0,    0,    0,    0,    0,    0,    0,    0,    0,    0,    0,    0,    0,    0,    0,    0,    0,    0,    0,    0,    0,    0,    0,    0,    0,    0,    0,    0,    0,    0,    0,    0,    0,    0,    0,    0,    0,    0,    0,    0,    0,    0,    0,    0,    0,    0,    0,    0,    0,    0,    0,    0,    0,    0,    0,    0,    0,    0,    0,    0,    0,    0,    0,    0,    0,    0,    0,    0,    0,    0,    0,    0,    0,    0,    0,    0,    0,    0,    0,    0,    0,    0,    0,    0,    0,    0,    0,    0,    0,    0,    0,    0,    0,    0,    0,    0,    0,    0,    0,    0,    0,    0,    0,    0,    0,    0,    0,    0,    0,    0,    0,    0,    0,    0,    0,    0,    0,    0,    0,    0,    0,    0,    0,    0,    0,    0,    0,    0,    0,    0,    0,    0,    0,    0,    0,    0,    0,    0,    0,    0,    0,    0,    0,    0,    0,    0,    0,    0,    0,    0,    0,    0,    0,    0,    0,    0,    0,    0,    0,    0,    0,    0,    0,    0,    0,    0,    0,    0,    0,    0,    0,    0,    0,    0,    0,    0,    0,  -17,    0,    0,    0,    0,    0,    0,    0,    0,    0,    0,    0,    0,    0,    0,    0,    0,    0,    0,    0,    0,    0,    0,    0,    0,    0,    0,    0,    0,    0,    0,    0,    0,    0,    0,    0,    0,    0,    0,    0,    0,    0,    0,    0,    0,    0,    0,    0,    0,    0,    0,    0,    0,    0,    0,    0,    0,    0,
       0,    0,    0,    0,    0,    0,    0,    0,    0,    0,    0,    0,    0,    0,    0,    0,    0,    0,    0,    0,    0,    0,    0,    0,    0,    0,    0,    0,    0,    0,    0,    0,    0,    0,    0,    0,    0,    0,    0,    0,    0,    0,    0,    0,    0,    0,    0,    0,    0,    0,    0,    0,    0,    0,    0,    0,    0,    0,    0,    0,    0,    0,    0,    0,    0,    0,    0,    0,    0,    0,    0,    0,    0,    0,    0,    0,    0,    0,    0,    0,    0,    0,    0,    0,    0,    0,    0,    0,    0,    0,    0,    0,    0,    0,    0,    0,    0,    0,    0,    0,    0,    0,    0,    0,    0,    0,    0,    0,    0,    0,    0,    0,    0,    0,    0,    0,    0,    0,    0,    0,    0,    0,    0,    0,    0,    0,    0,    0,    0,    0,    0,    0,    0,    0,    0,    0,    0,    0,    0,    0,    0,    0,    0,    0,    0,    0,    0,    0,    0,    0,    0,    0,    0,    0,    0,    0,    0,    0,   -7,    0,    0,    0,    0,    0,    0,    0,    0,    0,    0,  -17,  -17,    0,  -10,    0,    0,    0,    0,    0,    0,    0,    0,    0,    0,    0,    0,    0,    0,    0,    0,    0,    0,    0,    0,    0,    0,    0,    0,    0,    0,    0,    0,    0,    0,    0,    0,    0,    0,    0,    0,    0,    0,    0,    0,    0,    0,    0,    0,    0,    0,    0,    0,    0,    0,    0,    0,    0,    0,    0,    0,    0,    0,    0,    0,    0,    0,    0,    0,    0,    0,    0,    0,    0,    0,    0,    0,    0,    0,    0,    0,    0,
       0,    0,    0,    0,    0,    0,    0,    0,    0,    0,    0,    0,    0,    0,    0,    0,    0,    0,    0,    0,    0,    0,    0,    0,    0,    0,    0,    0,    0,    0,    0,    0,    0,    0,    0,    0,    0,    0,    0,    0,    0,    0,    0,    0,    0,    0,    0,    0,    0,    0,    0,    0,    0,    0,    0,    0,    0,    0,    0,    0,    0,    0,    0,    0,    0,    0,    0,    0,    0,    0,    0,    0,    0,    0,    0,    0,    0,    0,    0,    0,    0,    0,    0,    0,    0,    0,    0,    0,    0,    0,    0,    0,    0,    0,    0,    0,    0,    0,    0,    0,    0,    0,    0,    0,    0,    0,    0,    0,    0,    0,    0,    0,    0,    0,    0,    0,    0,    0,    0,    0,    0,    0,    0,    0,    0,    0,    0,    0,    0,    0,    0,    0,    0,    0,    0,    0,    0,    0,    0,    0,    0,    0,    0,    0,    0,    0,    0,    0,    0,    0,    0,    0,    0,    0,    0,    0,    0,    0,    0,    0,    0,    0,    0,    0,    0,    0,    0,    0,    0,    0,    0,   -7,  -10,    0,    0,    0,    0,    0,  -10,   -7,   -7,    0,    0,    0,    0,    0,    0,    0,    0,    0,    0,    0,    0,    0,    0,    0,    0,  -17,    0,    0,    0,    0,    0,  -17,  -17,    0,    0,    0,    0,  -13,    0,    0,   -7,    0,    0,    0,    0,    0,    0,    0,    0,    0,   -7,    0,  -30,  -13,  -13,   -7,    0,    0,    0,   -7,   -7,   -7,    0,   -7,  -23,  -17,    0,    0,    0,    0,    0,   -3,    0,  -13,    0,  -20,  -33,  -33,
       0,    0,    0,    0,    0,    0,    0,    0,    0,    0,    0,    0,    0,    0,    0,    0,    0,    0,    0,    0,    0,    0,    0,    0,    0,    0,    0,    0,    0,    0,    0,    0,    0,    0,    0,    0,    0,    0,    0,    0,    0,    0,    0,    0,    0,    0,    0,    0,    0,    0,    0,    0,    0,    0,    0,    0,    0,    0,    0,    0,    0,    0,    0,    0,    0,    0,    0,    0,    0,    0,    0,    0,    0,    0,    0,    0,    0,    0,    0,    0,    0,    0,    0,    0,    0,    0,    0,    0,    0,    0,    0,    0,    0,    0,    0,    0,    0,    0,    0,    0,    0,    0,    0,    0,    0,    0,    0,    0,    0,    0,    0,    0,    0,    0,    0,    0,    0,    0,    0,    0,    0,    0,    0,    0,    0,    0,    0,    0,    0,    0,    0,    0,    0,    0,    0,    0,    0,    0,    0,    0,    0,    0,    0,    0,    0,    0,    0,    0,    0,    0,    0,    0,    0,    0,    0,    0,    0,    0,    0,    0,    0,    0,    0,    0,    0,    0,    0,    0,    0,    0,    0,    0,    0,    0,    0,    0,    0,    0,   -3,   -3,   -3,    0,    0,    0,    0,    0,    0,    0,    0,    0,    0,    0,    0,    0,    0,    0,    0,    0,    0,    0,   -3,    0,    0,   -7,   -7,    0,    0,    0,    0,    0,  -10,  -10,    0,    0,    0,  -13,  -13,    0,   -7,    0,    0,    0,   -7,    0,    0,   -7,   -7,   -7,    0,    0,    0,    0,    0,    0,    0,    0,   -7,    0,    0,  -10,    0,   -7,    0,    0,    0,    0,    0,    0,    0,    0,
       0,    0,    0,    0,    0,    0,    0,    0,    0,    0,    0,    0,    0,    0,    0,    0,    0,    0,    0,    0,    0,    0,    0,    0,    0,    0,    0,    0,    0,    0,    0,    0,    0,    0,    0,    0,    0,    0,    0,    0,    0,    0,    0,    0,    0,    0,    0,    0,    0,    0,    0,    0,    0,    0,    0,    0,    0,    0,    0,    0,    0,    0,    0,    0,    0,    0,    0,    0,    0,    0,    0,    0,    0,    0,    0,    0,    0,    0,    0,    0,    0,    0,    0,    0,    0,    0,    0,    0,    0,    0,    0,    0,    0,    0,    0,    0,    0,    0,    0,    0,    0,    0,    0,    0,    0,    0,    0,    0,    0,    0,    0,    0,    0,    0,    0,    0,    0,    0,    0,    0,    0,    0,    0,    0,    0,    0,    0,    0,    0,    0,    0,    0,    0,    0,    0,    0,    0,    0,    0,    0,    0,    0,    0,    0,    0,    0,    0,    0,    0,    0,    0,    0,    0,    0,    0,    0,    0,    0,    0,    0,    0,    0,    0,    0,    0,    0,    0,    0,    0,    0,    0,    0,    0,    0,    0,    0,    0,    0,    0,    0,    0,    0,    0,    0,    0,    0,    0,    0,    0,    0,    0,    0,    0,    0,    0,    0,    0,    0,    0,    0,    0,    0,    0,   -7,   -7,    0,    0,    0,    0,    0,    0,    0,    0,    0,    0,    0,    0,    0,    0,    0,    0,    0,    0,    0,    0,    0,    0,    0,    0,    0,    0,    0,    0,    0,    0,    0,  -10,    0,    0,    0,    0,    0,    0,    0,    0,    0,    0,    0,  -17,  -13,
       0,    0,    0,    0,    0,    0,    0,    0,    0,    0,    0,    0,    0,    0,    0,    0,    0,    0,    0,    0,    0,    0,    0,    0,    0,    0,    0,    0,    0,    0,    0,    0,    0,    0,    0,    0,    0,    0,    0,    0,    0,    0,    0,    0,    0,    0,    0,    0,    0,    0,    0,    0,    0,    0,    0,    0,    0,    0,    0,    0,    0,    0,    0,    0,    0,    0,    0,    0,    0,    0,    0,    0,    0,    0,    0,    0,    0,    0,    0,    0,    0,    0,    0,    0,    0,    0,    0,    0,    0,    0,    0,    0,    0,    0,    0,    0,    0,    0,    0,    0,    0,    0,    0,    0,    0,    0,    0,    0,    0,    0,    0,    0,    0,    0,    0,    0,    0,    0,    0,    0,    0,    0,    0,    0,    0,    0,    0,    0,    0,    0,    0,    0,    0,    0,    0,    0,    0,    0,    0,    0,    0,    0,    0,    0,    0,    0,    0,    0,    0,    0,    0,    0,    0,    0,    0,    0,    0,    0,    0,    0,    0,    0,    0,    0,    0,    0,    0,    0,    0,    0,    0,    0,    0,    0,    0,    0,    0,    0,    0,    0,    0,    0,    0,    0,    0,    0,    0,    0,    0,    0,    0,    0,    0,    0,    0,    0,    0,    0,    0,    0,    0,    0,    0,    0,    0,    0,    0,    0,    0,    0,    0,    0,    0,    0,    0,    0,    0,    0,    0,    0,    0,    0,    0,    0,    0,    0,    0,    0,    0,    0,    0,    0,    0,    0,    0,    0,    0,    0,    0,    0,    0,    0,    0,    0,    0,    0,    0,    0,  -10,    0,
       0,    0,    0,    0,    0,    0,    0,    0,    0,    0,    0,    0,    0,    0,    0,    0,    0,    0,    0,    0,    0,    0,    0,    0,    0,    0,    0,    0,    0,    0,    0,    0,    0,    0,    0,    0,    0,    0,    0,    0,    0,    0,    0,    0,    0,    0,    0,    0,    0,    0,    0,    0,    0,    0,    0,    0,    0,    0,    0,    0,    0,    0,    0,    0,    0,    0,    0,    0,    0,    0,    0,    0,    0,    0,    0,    0,    0,    0,    0,    0,    0,    0,    0,    0,    0,    0,    0,    0,    0,    0,    0,    0,    0,    0,    0,    0,    0,    0,    0,    0,    0,    0,    0,    0,    0,    0,    0,    0,    0,    0,    0,    0,    0,    0,    0,    0,    0,    0,    0,    0,    0,    0,    0,    0,    0,    0,    0,    0,    0,    0,    0,    0,    0,    0,    0,    0,    0,    0,    0,    0,    0,    0,    0,    0,    0,    0,    0,    0,    0,    0,    0,    0,    0,    0,    0,    0,    0,    0,    0,    0,    0,    0,    0,    0,    0,    0,    0,    0,    0,    0,    0,    0,    0,    0,    0,    0,    0,    0,    0,    0,    0,    0,    0,    0,    0,    0,    0,    0,    0,    0,    0,    0,    0,    0,    0,    0,    0,    0,    0,    0,    0,    0,    0,    0,    0,    0,    0,    0,    0,    0,  -10,    0,    0,    0,    0,    0,    0,    0,    0,    0,    0,    0,    0,    0,  -23,    0,    0,    0,    0,    0,    0,    0,    0,    0,    0,    0,    0,    0,    0,    0,    0,    0,    0,    0,    0,  -10,    0,    0,  -10,  -10,
       0,    0,    0,    0,    0,    0,    0,    0,    0,    0,    0,    0,    0,    0,    0,    0,    0,    0,    0,    0,    0,    0,    0,    0,    0,    0,    0,    0,    0,    0,    0,    0,    0,    0,    0,    0,    0,    0,    0,    0,    0,    0,    0,    0,    0,    0,    0,    0,    0,    0,    0,    0,    0,    0,    0,    0,    0,    0,    0,    0,    0,    0,    0,    0,    0,    0,    0,    0,    0,    0,    0,    0,    0,    0,    0,    0,    0,    0,    0,    0,    0,    0,    0,    0,    0,    0,    0,    0,    0,    0,    0,    0,    0,    0,    0,    0,    0,    0,    0,    0,    0,    0,    0,    0,    0,    0,    0,    0,    0,    0,    0,    0,    0,    0,    0,    0,    0,    0,    0,    0,    0,    0,    0,    0,    0,    0,    0,    0,    0,    0,    0,    0,    0,    0,    0,    0,    0,    0,    0,    0,    0,    0,    0,    0,    0,    0,    0,    0,    0,    0,    0,    0,    0,    0,    0,    0,    0,    0,    0,    0,    0,    0,    0,    0,    0,    0,    0,    0,    0,    0,    0,    0,    0,    0,    0,    0,    0,    0,    0,    0,    0,    0,    0,    0,    0,    0,    0,    0,    0,    0,    0,    0,    0,    0,    0,    0,    0,    0,    0,    0,    0,    0,    0,    0,    0,    0,    0,    0,    0,    0,    0,    0,    0,    0,    0,    0,    0,    0,    0,    0,    0,    0,    0,    0,  -13,    0,    0,    0,    0,    0,    0,    0,    0,    0,    0,    0,    0,    0,    0,    0,    0,    0,    0,    0,    0,    0,    0,    0,  -23,  -17,
       0,    0,    0,    0,    0,    0,    0,    0,    0,    0,    0,    0,    0,    0,    0,    0,    0,    0,    0,    0,    0,    0,    0,    0,    0,    0,    0,    0,    0,    0,    0,    0,    0,    0,    0,    0,    0,    0,    0,    0,    0,    0,    0,    0,    0,    0,    0,    0,    0,    0,    0,    0,    0,    0,    0,    0,    0,    0,    0,    0,    0,    0,    0,    0,    0,    0,    0,    0,    0,    0,    0,    0,    0,    0,    0,    0,    0,    0,    0,    0,    0,    0,    0,    0,    0,    0,    0,    0,    0,    0,    0,    0,    0,    0,    0,    0,    0,    0,    0,    0,    0,    0,    0,    0,    0,    0,    0,    0,    0,    0,    0,    0,    0,    0,    0,    0,    0,    0,    0,    0,    0,    0,    0,    0,    0,    0,    0,    0,    0,    0,    0,    0,    0,    0,    0,    0,    0,    0,    0,    0,    0,    0,    0,    0,    0,    0,    0,    0,    0,    0,    0,    0,    0,    0,    0,    0,    0,    0,    0,    0,    0,    0,    0,    0,    0,    0,    0,    0,    0,    0,    0,    0,    0,    0,    0,    0,    0,    0,    0,    0,    0,    0,    0,    0,    0,    0,    0,    0,    0,    0,    0,    0,    0,    0,    0,    0,    0,    0,    0,   -3,    0,    0,    0,  -13,  -13,    0,    0,    0,    0,    0,  -10,   -7,    0,    0,    0,  -13,  -13,    0,    0,    0,    0,    0,    0,    0,  -20,  -17,  -17,  -17,    0,    0,    0,    0,    0,    0,    0,    0,  -27,  -13,    0,    0,    0,    0,    0,  -10,    0,    0,   -7,    0,  -30,  -17,
       0,    0,    0,    0,    0,    0,    0,    0,    0,    0,    0,    0,    0,    0,    0,    0,    0,    0,    0,    0,    0,    0,    0,    0,    0,    0,    0,    0,    0,    0,    0,    0,    0,    0,    0,    0,    0,    0,    0,    0,    0,    0,    0,    0,    0,    0,    0,    0,    0,    0,    0,    0,    0,    0,    0,    0,    0,    0,    0,    0,    0,    0,    0,    0,    0,    0,    0,    0,    0,    0,    0,    0,    0,    0,    0,    0,    0,    0,    0,    0,    0,    0,    0,    0,    0,    0,    0,    0,    0,    0,    0,    0,    0,    0,    0,    0,    0,    0,    0,    0,    0,    0,    0,    0,    0,    0,    0,    0,    0,    0,    0,    0,    0,    0,    0,    0,    0,    0,    0,    0,    0,    0,    0,    0,    0,    0,    0,    0,    0,    0,    0,    0,    0,    0,    0,    0,    0,    0,    0,    0,    0,    0,    0,    0,    0,    0,    0,    0,    0,    0,    0,    0,    0,    0,    0,    0,    0,    0,    0,    0,    0,    0,    0,    0,    0,    0,    0,    0,    0,    0,    0,    0,    0,    0,    0,    0,    0,    0,    0,    0,    0,    0,    0,    0,    0,    0,    0,    0,    0,    0,    0,    0,    0,    0,    0,    0,    0,    0,    0,    0,    0,    0,    0,   -7,   -7,    0,    0,    0,    0,    0,    0,    0,    0,    0,    3,    0,    0,    0,    0,    0,    0,    0,    0,    0,   -7,    0,    0,    0,    0,    0,    0,    0,    0,    0,    0,    0,   -7,    0,    0,    0,    0,    0,    0,    0,    0,    0,    0,    0,  -23,  -17,
       0,    0,    0,    0,    0,    0,    0,    0,    0,    0,    0,    0,    0,    0,    0,    0,    0,    0,    0,    0,    0,    0,    0,    0,    0,    0,    0,    0,    0,    0,    0,    0,    0,    0,    0,    0,    0,    0,    0,    0,    0,    0,    0,    0,    0,    0,    0,    0,    0,    0,    0,    0,    0,    0,    0,    0,    0,    0,    0,    0,    0,    0,    0,    0,    0,    0,    0,    0,    0,    0,    0,    0,    0,    0,    0,    0,    0,    0,    0,    0,    0,    0,    0,    0,    0,    0,    0,    0,    0,    0,    0,    0,    0,    0,    0,    0,    0,    0,    0,    0,    0,    0,    0,    0,    0,    0,    0,    0,    0,    0,    0,    0,    0,    0,    0,    0,    0,    0,    0,    0,    0,    0,    0,    0,    0,    0,    0,    0,    0,    0,    0,    0,    0,    0,    0,    0,    0,    0,    0,    0,    0,    0,    0,    0,    0,    0,    0,    0,    0,    0,    0,    0,    0,    0,    0,    0,    0,    0,    0,    0,    0,    0,    0,    0,    0,    0,    0,    0,    0,    0,    0,    0,    0,    0,    0,    0,    0,    0,    0,    0,    0,    0,    0,    0,    0,    0,    0,    0,    0,    0,    0,    0,    0,    0,    0,    0,    0,   -7,    0,    0,    0,    0,    0,    0,    0,    0,    0,    0,    0,    0,    0,    0,    0,    0,    0,    0,    0,    0,   -7,   -7,    0,    0,    0,    0,  -20,  -13,  -13,  -13,    0,    0,    0,  -10,  -10,  -10,    0,  -10,  -23,  -10,    0,    0,    0,    0,    0,    0,   -7,  -10,    0,    0,  -33,  -17,
       0,    0,    0,    0,    0,    0,    0,    0,    0,    0,    0,    0,    0,    0,    0,    0,    0,    0,    0,    0,    0,    0,    0,    0,    0,    0,    0,    0,    0,    0,    0,    0,    0,    0,    0,    0,    0,    0,    0,    0,    0,    0,    0,    0,    0,    0,    0,    0,    0,    0,    0,    0,    0,    0,    0,    0,    0,    0,    0,    0,    0,    0,    0,    0,    0,    0,    0,    0,    0,    0,    0,    0,    0,    0,    0,    0,    0,    0,    0,    0,    0,    0,    0,    0,    0,    0,    0,    0,    0,    0,    0,    0,    0,    0,    0,    0,    0,    0,    0,    0,    0,    0,    0,    0,    0,    0,    0,    0,    0,    0,    0,    0,    0,    0,    0,    0,    0,    0,    0,    0,    0,    0,    0,    0,    0,    0,    0,    0,    0,    0,    0,    0,    0,    0,    0,    0,    0,    0,    0,    0,    0,    0,    0,    0,    0,    0,    0,    0,    0,    0,    0,    0,    0,    0,    0,    0,    0,    0,    0,    0,    0,    0,    0,    0,    0,    0,    0,    0,    0,    0,    0,    0,    0,    0,    0,    0,    0,    0,    0,    0,    0,    0,    0,    0,    0,    0,    0,    0,    0,    0,    0,    0,    0,    0,    0,    0,  -10,   -7,    0,   -7,    0,    0,    0,    0,    0,    0,    0,    0,    0,    0,    0,    0,    0,    0,    0,    0,    0,    0,    0,    0,    0,    0,    0,    0,  -10,   -7,   -7,   -7,    0,    0,    0,    0,    0,    0,    0,   -3,  -17,  -10,    0,    0,    0,    0,    0,    0,    0,    0,    0,    0,  -23,  -17,
       0,    0,    0,    0,    0,    0,    0,    0,    0,    0,    0,    0,    0,    0,    0,    0,    0,    0,    0,    0,    0,    0,    0,    0,    0,    0,    0,    0,    0,    0,    0,    0,    0,    0,    0,    0,    0,    0,    0,    0,    0,    0,    0,    0,    0,    0,    0,    0,    0,    0,    0,    0,    0,    0,    0,    0,    0,    0,    0,    0,    0,    0,    0,    0,    0,    0,    0,    0,    0,    0,    0,    0,    0,    0,    0,    0,    0,    0,    0,    0,    0,    0,    0,    0,    0,    0,    0,    0,    0,    0,    0,    0,    0,    0,    0,    0,    0,    0,    0,    0,    0,    0,    0,    0,    0,    0,    0,    0,    0,    0,    0,    0,    0,    0,    0,    0,    0,    0,    0,    0,    0,    0,    0,    0,    0,    0,    0,    0,    0,    0,    0,    0,    0,    0,    0,    0,    0,    0,    0,    0,    0,    0,    0,    0,    0,    0,    0,    0,    0,    0,    0,    0,    0,    0,    0,    0,    0,    0,    0,    0,    0,    0,    0,    0,    0,    0,    0,    0,    0,    0,    0,    0,    0,    0,    0,    0,    0,    0,    0,    0,    0,    0,    0,    0,    0,    0,    0,    0,    0,    0,    0,    0,    0,    0,    0,    0,    0,    0,  -13,    0,    0,    0,    0,    0,    0,    0,    0,    0,    0,    0,    0,    0,    0,    0,    0,    0,    0,    0,    0,    0,    0,    0,    0,    0,    0,    0,    0,    0,    0,    0,    0,    0,    0,    0,    0,    0,    0,    0,    0,    0,    0,    0,    0,    0,    0,    0,    0,    0,    0,    0,
       0,    0,    0,    0,    0,    0,    0,    0,    0,    0,    0,    0,    0,    0,    0,    0,    0,    0,    0,    0,    0,    0,    0,    0,    0,    0,    0,    0,    0,    0,    0,    0,    0,    0,    0,    0,    0,    0,    0,    0,    0,    0,    0,    0,    0,    0,    0,    0,    0,    0,    0,    0,    0,    0,    0,    0,    0,    0,    0,    0,    0,    0,    0,    0,    0,    0,    0,    0,    0,    0,    0,    0,    0,    0,    0,    0,    0,    0,    0,    0,    0,    0,    0,    0,    0,    0,    0,    0,    0,    0,    0,    0,    0,    0,    0,    0,    0,    0,    0,    0,    0,    0,    0,    0,    0,    0,    0,    0,    0,    0,    0,    0,    0,    0,    0,    0,    0,    0,    0,    0,    0,    0,    0,    0,    0,    0,    0,    0,    0,    0,    0,    0,    0,    0,    0,    0,    0,    0,    0,    0,    0,    0,    0,    0,    0,    0,    0,    0,    0,    0,    0,    0,    0,    0,    0,    0,    0,    0,    0,    0,    0,    0,    0,    0,    0,    0,    0,    0,    0,    0,    0,    0,    0,    0,    0,    0,    0,    0,    0,    0,    0,    0,    0,    0,    0,    0,    0,    0,    0,    0,    0,    0,    0,    0,    0,    0,    0,    0,    0,    0,    0,    0,    0,    0,    0,    0,    0,    0,    0,    0,    7,    7,    0,    0,    0,    0,    0,    0,    0,    0,    0,    0,    0,    0,    0,    0,    0,    0,    0,    0,    0,    0,    0,    0,    0,    0,    0,    0,    0,    0,    0,    0,    0,    0,    0,    0,    0,    0,    0,    0,
       0,    0,    0,    0,    0,    0,    0,    0,    0,    0,    0,    0,    0,    0,    0,    0,    0,    0,    0,    0,    0,    0,    0,    0,    0,    0,    0,    0,    0,    0,    0,    0,    0,    0,    0,    0,    0,    0,    0,    0,    0,    0,    0,    0,    0,    0,    0,    0,    0,    0,    0,    0,    0,    0,    0,    0,    0,    0,    0,    0,    0,    0,    0,    0,    0,    0,    0,    0,    0,    0,    0,    0,    0,    0,    0,    0,    0,    0,    0,    0,    0,    0,    0,    0,    0,    0,    0,    0,    0,    0,    0,    0,    0,    0,    0,    0,    0,    0,    0,    0,    0,    0,    0,    0,    0,    0,    0,    0,    0,    0,    0,    0,    0,    0,    0,    0,    0,    0,    0,    0,    0,    0,    0,    0,    0,    0,    0,    0,    0,    0,    0,    0,    0,    0,    0,    0,    0,    0,    0,    0,    0,    0,    0,    0,    0,    0,    0,    0,    0,    0,    0,    0,    0,    0,    0,    0,    0,    0,    0,    0,    0,    0,    0,    0,    0,    0,    0,    0,    0,    0,    0,    0,    0,    0,    0,    0,    0,    0,    0,    0,    0,    0,    0,    0,    0,    0,    0,    0,    0,    0,    0,    0,    0,    0,    0,    0,    0,    0,    0,    0,    0,    0,    0,    0,    0,    0,    0,    0,    0,    0,   -7,    0,    0,    0,    0,    0,    0,    0,    0,    0,    0,    0,    0,    0,   -7,  -13,  -13,  -13,    0,    0,    0,    0,    0,    0,    0,    0,   -7,    0,    0,    0,    0,    0,    0,    0,    0,    0,    0,    0,  -23,  -17,
       0,    0,    0,    0,    0,    0,    0,    0,    0,    0,    0,    0,    0,    0,    0,    0,    0,    0,    0,    0,    0,    0,    0,    0,    0,    0,    0,    0,    0,    0,    0,    0,    0,    0,    0,    0,    0,    0,    0,    0,    0,    0,    0,    0,    0,    0,    0,    0,    0,    0,    0,    0,    0,    0,    0,    0,    0,    0,    0,    0,    0,    0,    0,    0,    0,    0,    0,    0,    0,    0,    0,    0,    0,    0,    0,    0,    0,    0,    0,    0,    0,    0,    0,    0,    0,    0,    0,    0,    0,    0,    0,    0,    0,    0,    0,    0,    0,    0,    0,    0,    0,    0,    0,    0,    0,    0,    0,    0,    0,    0,    0,    0,    0,    0,    0,    0,    0,    0,    0,    0,    0,    0,    0,    0,    0,    0,    0,    0,    0,    0,    0,    0,    0,    0,    0,    0,    0,    0,    0,    0,    0,    0,    0,    0,    0,    0,    0,    0,    0,    0,    0,    0,    0,    0,    0,    0,    0,    0,    0,    0,    0,    0,    0,    0,    0,    0,    0,    0,    0,    0,    0,    0,    0,    0,    0,    0,    0,    0,    0,    0,    0,    0,    0,    0,    0,    0,    0,    0,    0,    0,    0,    0,    0,    0,    0,    0,    0,    0,    0,    0,    0,    0,    0,    0,    0,    0,    0,    0,    0,    0,   -3,    0,    0,    0,    0,    0,    0,    0,    0,    0,    0,    0,    0,    0,   -7,    0,    0,    0,    0,    0,    0,    0,    0,    0,    0,    0,   -7,    0,    0,    0,    0,    0,    0,    0,    0,    0,    0,    0,  -20,  -13,
       0,    0,    0,    0,    0,    0,    0,    0,    0,    0,    0,    0,    0,    0,    0,    0,    0,    0,    0,    0,    0,    0,    0,    0,    0,    0,    0,    0,    0,    0,    0,    0,    0,    0,    0,    0,    0,    0,    0,    0,    0,    0,    0,    0,    0,    0,    0,    0,    0,    0,    0,    0,    0,    0,    0,    0,    0,    0,    0,    0,    0,    0,    0,    0,    0,    0,    0,    0,    0,    0,    0,    0,    0,    0,    0,    0,    0,    0,    0,    0,    0,    0,    0,    0,    0,    0,    0,    0,    0,    0,    0,    0,    0,    0,    0,    0,    0,    0,    0,    0,    0,    0,    0,    0,    0,    0,    0,    0,    0,    0,    0,    0,    0,    0,    0,    0,    0,    0,    0,    0,    0,    0,    0,    0,    0,    0,    0,    0,    0,    0,    0,    0,    0,    0,    0,    0,    0,    0,    0,    0,    0,    0,    0,    0,    0,    0,    0,    0,    0,    0,    0,    0,    0,    0,    0,    0,    0,    0,    0,    0,    0,    0,    0,    0,    0,    0,    0,    0,    0,    0,    0,    0,    0,    0,    0,    0,    0,    0,    0,    0,    0,    0,    0,    0,    0,    0,    0,    0,    0,    0,    0,    0,    0,    0,    0,    0,    0,    0,    0,    0,    0,    0,    0,    0,    0,    0,    0,    0,    0,    0,    0,    0,    0,    0,    0,    0,    0,    0,    0,    0,    0,    0,    0,    0,    0,  -10,  -10,  -10,    0,    0,    0,    0,    0,    0,    0,    0,    0,    0,    0,    0,    0,    0,    0,    0,    0,    0,    0,    0,  -10,   -7,
       0,    0,    0,    0,    0,    0,    0,    0,    0,    0,    0,    0,    0,    0,    0,    0,    0,    0,    0,    0,    0,    0,    0,    0,    0,    0,    0,    0,    0,    0,    0,    0,    0,    0,    0,    0,    0,    0,    0,    0,    0,    0,    0,    0,    0,    0,    0,    0,    0,    0,    0,    0,    0,    0,    0,    0,    0,    0,    0,    0,    0,    0,    0,    0,    0,    0,    0,    0,    0,    0,    0,    0,    0,    0,    0,    0,    0,    0,    0,    0,    0,    0,    0,    0,    0,    0,    0,    0,    0,    0,    0,    0,    0,    0,    0,    0,    0,    0,    0,    0,    0,    0,    0,    0,    0,    0,    0,    0,    0,    0,    0,    0,    0,    0,    0,    0,    0,    0,    0,    0,    0,    0,    0,    0,    0,    0,    0,    0,    0,    0,    0,    0,    0,    0,    0,    0,    0,    0,    0,    0,    0,    0,    0,    0,    0,    0,    0,    0,    0,    0,    0,    0,    0,    0,    0,    0,    0,    0,    0,    0,    0,    0,    0,    0,    0,    0,    0,    0,    0,    0,    0,    0,    0,    0,    0,    0,    0,    0,    0,    0,    0,    0,    0,    0,    0,    0,    0,    0,    0,    0,    0,    0,    0,    0,    0,    0,    0,    0,    0,    0,    0,    0,    0,    0,    0,    0,    0,    0,    0,    0,    0,    0,    0,    0,    0,   -7,   -7,    0,    0,    0,    0,    0,    0,    0,   -7,  -20,  -20,  -20,    0,    0,    0,    0,    0,    0,    0,    0,    0,    0,  -17,    0,  -23,    0,    0,    0,    0,    0,    0,    0,  -10,   -7,
       0,    0,    0,    0,    0,    0,    0,    0,    0,    0,    0,    0,    0,    0,    0,    0,    0,    0,    0,    0,    0,    0,    0,    0,    0,    0,    0,    0,    0,    0,    0,    0,    0,    0,    0,    0,    0,    0,    0,    0,    0,    0,    0,    0,    0,    0,    0,    0,    0,    0,    0,    0,    0,    0,    0,    0,    0,    0,    0,    0,    0,    0,    0,    0,    0,    0,    0,    0,    0,    0,    0,    0,    0,    0,    0,    0,    0,    0,    0,    0,    0,    0,    0,    0,    0,    0,    0,    0,    0,    0,    0,    0,    0,    0,    0,    0,    0,    0,    0,    0,    0,    0,    0,    0,    0,    0,    0,    0,    0,    0,    0,    0,    0,    0,    0,    0,    0,    0,    0,    0,    0,    0,    0,    0,    0,    0,    0,    0,    0,    0,    0,    0,    0,    0,    0,    0,    0,    0,    0,    0,    0,    0,    0,    0,    0,    0,    0,    0,    0,    0,    0,    0,    0,    0,    0,    0,    0,    0,    0,    0,    0,    0,    0,    0,    0,    0,    0,    0,    0,    0,    0,    0,    0,    0,    0,    0,    0,    0,    0,    0,    0,    0,    0,    0,    0,    0,    0,    0,    0,    0,    0,    0,    0,    0,    0,    0,    0,    0,    0,    0,    0,    0,    0,    0,    0,    0,    0,    0,    0,    0,    0,    0,    0,    0,    0,    0,    0,    0,    0,    0,    0,    0,    0,    0,    0,    0,    0,    0,    0,    0,    0,  -23,  -23,  -23,  -10,    0,    0,    0,    0,    0,    0,    0,    0,    0,    0,    0,    0,    0,    0,    0,
       0,    0,    0,    0,    0,    0,    0,    0,    0,    0,    0,    0,    0,    0,    0,    0,    0,    0,    0,    0,    0,    0,    0,    0,    0,    0,    0,    0,    0,    0,    0,    0,    0,    0,    0,    0,    0,    0,    0,    0,    0,    0,    0,    0,    0,    0,    0,    0,    0,    0,    0,    0,    0,    0,    0,    0,    0,    0,    0,    0,    0,    0,    0,    0,    0,    0,    0,    0,    0,    0,    0,    0,    0,    0,    0,    0,    0,    0,    0,    0,    0,    0,    0,    0,    0,    0,    0,    0,    0,    0,    0,    0,    0,    0,    0,    0,    0,    0,    0,    0,    0,    0,    0,    0,    0,    0,    0,    0,    0,    0,    0,    0,    0,    0,    0,    0,    0,    0,    0,    0,    0,    0,    0,    0,    0,    0,    0,    0,    0,    0,    0,    0,    0,    0,    0,    0,    0,    0,    0,    0,    0,    0,    0,    0,    0,    0,    0,    0,    0,    0,    0,    0,    0,    0,    0,    0,    0,    0,    0,    0,    0,    0,    0,    0,    0,    0,    0,    0,    0,    0,    0,    0,    0,    0,    0,    0,    0,    0,    0,    0,    0,    0,    0,    0,    0,    0,    0,    0,    0,    0,    0,    0,    0,    0,    0,    0,    0,    0,    0,    0,    0,    0,    0,    0,    0,    0,    0,    0,    0,    0,    0,    0,    0,    0,    0,    0,    0,    0,    0,    0,    0,    0,    0,    0,    0,    0,    0,    0,    0,    0,    0,   -7,    0,    0,    0,    0,    0,   -7,    0,    0,    0,    0,    0,    0,    0,    0,    0,    0,    0,    0,
       0,    0,    0,    0,    0,    0,    0,    0,    0,    0,    0,    0,    0,    0,    0,    0,    0,    0,    0,    0,    0,    0,    0,    0,    0,    0,    0,    0,    0,    0,    0,    0,    0,    0,    0,    0,    0,    0,    0,    0,    0,    0,    0,    0,    0,    0,    0,    0,    0,    0,    0,    0,    0,    0,    0,    0,    0,    0,    0,    0,    0,    0,    0,    0,    0,    0,    0,    0,    0,    0,    0,    0,    0,    0,    0,    0,    0,    0,    0,    0,    0,    0,    0,    0,    0,    0,    0,    0,    0,    0,    0,    0,    0,    0,    0,    0,    0,    0,    0,    0,    0,    0,    0,    0,    0,    0,    0,    0,    0,    0,    0,    0,    0,    0,    0,    0,    0,    0,    0,    0,    0,    0,    0,    0,    0,    0,    0,    0,    0,    0,    0,    0,    0,    0,    0,    0,    0,    0,    0,    0,    0,    0,    0,    0,    0,    0,    0,    0,    0,    0,    0,    0,    0,    0,    0,    0,    0,    0,    0,    0,    0,    0,    0,    0,    0,    0,    0,    0,    0,    0,    0,    0,    0,    0,    0,    0,    0,    0,    0,    0,    0,    0,    0,    0,    0,    0,    0,    0,    0,    0,    0,    0,    0,    0,    0,    0,    0,    0,    0,    0,    0,    0,    0,    0,    0,    0,    0,    0,    0,    0,    0,    0,    0,    0,    0,    0,    0,    0,    0,    0,    0,    0,    0,    0,  -10,    0,    0,    0,    0,    0,    0,   -3,    0,    0,    0,    0,    0,    0,    0,    0,    0,    0,    0,    0,    0,    0,    0,    0,    0,    0,
       0,    0,    0,    0,    0,    0,    0,    0,    0,    0,    0,    0,    0,    0,    0,    0,    0,    0,    0,    0,    0,    0,    0,    0,    0,    0,    0,    0,    0,    0,    0,    0,    0,    0,    0,    0,    0,    0,    0,    0,    0,    0,    0,    0,    0,    0,    0,    0,    0,    0,    0,    0,    0,    0,    0,    0,    0,    0,    0,    0,    0,    0,    0,    0,    0,    0,    0,    0,    0,    0,    0,    0,    0,    0,    0,    0,    0,    0,    0,    0,    0,    0,    0,    0,    0,    0,    0,    0,    0,    0,    0,    0,    0,    0,    0,    0,    0,    0,    0,    0,    0,    0,    0,    0,    0,    0,    0,    0,    0,    0,    0,    0,    0,    0,    0,    0,    0,    0,    0,    0,    0,    0,    0,    0,    0,    0,    0,    0,    0,    0,    0,    0,    0,    0,    0,    0,    0,    0,    0,    0,    0,    0,    0,    0,    0,    0,    0,    0,    0,    0,    0,    0,    0,    0,    0,    0,    0,    0,    0,    0,    0,    0,    0,    0,    0,    0,    0,    0,    0,    0,    0,    0,    0,    0,    0,    0,    0,    0,    0,    0,    0,    0,    0,    0,    0,    0,    0,    0,    0,    0,    0,    0,    0,    0,    0,    0,    0,    0,    0,    0,    0,    0,    0,    0,    0,    0,    0,    0,    0,    0,    0,    0,    0,    0,    0,    0,    0,    0,    0,    0,    0,    0,    0,    0,  -10,    0,    0,    0,    0,    0,    0,    0,    0,    0,    0,    0,   -7,    0,    0,    0,    0,    0,    0,    0,    0,    0,    0,    0,  -23,  -17,
       0,    0,    0,    0,    0,    0,    0,    0,    0,    0,    0,    0,    0,    0,    0,    0,    0,    0,    0,    0,    0,    0,    0,    0,    0,    0,    0,    0,    0,    0,    0,    0,    0,    0,    0,    0,    0,    0,    0,    0,    0,    0,    0,    0,    0,    0,    0,    0,    0,    0,    0,    0,    0,    0,    0,    0,    0,    0,    0,    0,    0,    0,    0,    0,    0,    0,    0,    0,    0,    0,    0,    0,    0,    0,    0,    0,    0,    0,    0,    0,    0,    0,    0,    0,    0,    0,    0,    0,    0,    0,    0,    0,    0,    0,    0,    0,    0,    0,    0,    0,    0,    0,    0,    0,    0,    0,    0,    0,    0,    0,    0,    0,    0,    0,    0,    0,    0,    0,    0,    0,    0,    0,    0,    0,    0,    0,    0,    0,    0,    0,    0,    0,    0,    0,    0,    0,    0,    0,    0,    0,    0,    0,    0,    0,    0,    0,    0,    0,    0,    0,    0,    0,    0,    0,    0,    0,    0,    0,    0,    0,    0,    0,    0,    0,    0,    0,    0,    0,    0,    0,    0,    0,    0,    0,    0,    0,    0,    0,    0,    0,    0,    0,    0,    0,    0,    0,    0,    0,    0,    0,    0,    0,    0,    0,    0,    0,    0,    0,    0,    0,    0,    0,    0,    0,    0,    0,    0,    0,    0,    0,    0,    0,    0,    0,    0,    0,    0,    0,    0,    0,    0,    0,    0,    0,  -10,    0,    0,    0,    0,    0,    0,    0,    0,    0,    0,    0,    0,    0,    0,    0,    0,    0,    0,    0,    0,    0,    0,    0,  -23,  -17,
       0,    0,    0,    0,    0,    0,    0,    0,    0,    0,    0,    0,    0,    0,    0,    0,    0,    0,    0,    0,    0,    0,    0,    0,    0,    0,    0,    0,    0,    0,    0,    0,    0,    0,    0,    0,    0,    0,    0,    0,    0,    0,    0,    0,    0,    0,    0,    0,    0,    0,    0,    0,    0,    0,    0,    0,    0,    0,    0,    0,    0,    0,    0,    0,    0,    0,    0,    0,    0,    0,    0,    0,    0,    0,    0,    0,    0,    0,    0,    0,    0,    0,    0,    0,    0,    0,    0,    0,    0,    0,    0,    0,    0,    0,    0,    0,    0,    0,    0,    0,    0,    0,    0,    0,    0,    0,    0,    0,    0,    0,    0,    0,    0,    0,    0,    0,    0,    0,    0,    0,    0,    0,    0,    0,    0,    0,    0,    0,    0,    0,    0,    0,    0,    0,    0,    0,    0,    0,    0,    0,    0,    0,    0,    0,    0,    0,    0,    0,    0,    0,    0,    0,    0,    0,    0,    0,    0,    0,    0,    0,    0,    0,    0,    0,    0,    0,    0,    0,    0,    0,    0,    0,    0,    0,    0,    0,    0,    0,    0,    0,    0,    0,    0,    0,    0,    0,    0,    0,    0,    0,    0,    0,    0,    0,    0,    0,    0,    0,    0,    0,    0,    0,    0,    0,    0,    0,    0,    0,    0,    0,    0,    0,    0,    0,    0,    0,    0,    0,    0,    0,    0,    0,    0,    0,  -10,    0,    0,    0,    0,    0,    0,    0,    0,    0,    0,    0,    0,  -10,    0,    0,    0,    0,    0,    0,    0,    0,    0,    0,  -17,  -10,
       0,    0,    0,    0,    0,    0,    0,    0,    0,    0,    0,    0,    0,    0,    0,    0,    0,    0,    0,    0,    0,    0,    0,    0,    0,    0,    0,    0,    0,    0,    0,    0,    0,    0,    0,    0,    0,    0,    0,    0,    0,    0,    0,    0,    0,    0,    0,    0,    0,    0,    0,    0,    0,    0,    0,    0,    0,    0,    0,    0,    0,    0,    0,    0,    0,    0,    0,    0,    0,    0,    0,    0,    0,    0,    0,    0,    0,    0,    0,    0,    0,    0,    0,    0,    0,    0,    0,    0,    0,    0,    0,    0,    0,    0,    0,    0,    0,    0,    0,    0,    0,    0,    0,    0,    0,    0,    0,    0,    0,    0,    0,    0,    0,    0,    0,    0,    0,    0,    0,    0,    0,    0,    0,    0,    0,    0,    0,    0,    0,    0,    0,    0,    0,    0,    0,    0,    0,    0,    0,    0,    0,    0,    0,    0,    0,    0,    0,    0,    0,    0,    0,    0,    0,    0,    0,    0,    0,    0,    0,    0,    0,    0,    0,    0,    0,    0,    0,    0,    0,    0,    0,    0,    0,    0,    0,    0,    0,    0,    0,    0,    0,    0,    0,    0,    0,    0,    0,    0,    0,    0,    0,    0,    0,    0,    0,    0,    0,    0,    0,    0,    0,    0,    0,    0,    0,    0,    0,    0,    0,    7,    0,    0,    0,    0,    0,    0,    0,    0,    0,    0,    0,    0,    0,    0,  -10,    0,    0,    0,    0,    0,    0,    0,    0,    0,    0,    0,    0,  -10,    0,    0,    0,    0,    0,    0,    0,    0,    0,    0,  -17,    0,
       0,    0,    0,    0,    0,    0,    0,    0,    0,    0,    0,    0,    0,    0,    0,    0,    0,    0,    0,    0,    0,    0,    0,    0,    0,    0,    0,    0,    0,    0,    0,    0,    0,    0,    0,    0,    0,    0,    0,    0,    0,    0,    0,    0,    0,    0,    0,    0,    0,    0,    0,    0,    0,    0,    0,    0,    0,    0,    0,    0,    0,    0,    0,    0,    0,    0,    0,    0,    0,    0,    0,    0,    0,    0,    0,    0,    0,    0,    0,    0,    0,    0,    0,    0,    0,    0,    0,    0,    0,    0,    0,    0,    0,    0,    0,    0,    0,    0,    0,    0,    0,    0,    0,    0,    0,    0,    0,    0,    0,    0,    0,    0,    0,    0,    0,    0,    0,    0,    0,    0,    0,    0,    0,    0,    0,    0,    0,    0,    0,    0,    0,    0,    0,    0,    0,    0,    0,    0,    0,    0,    0,    0,    0,    0,    0,    0,    0,    0,    0,    0,    0,    0,    0,    0,    0,    0,    0,    0,    0,    0,    0,    0,    0,    0,    0,    0,    0,    0,    0,    0,    0,    0,    0,    0,    0,    0,    0,    0,    0,    0,    0,    0,    0,    0,    0,    0,    0,    0,    0,    0,    0,    0,    0,    0,    0,    0,    0,    0,    0,    0,    0,    0,    0,    0,    0,    0,    0,    0,    0,    0,    0,    0,    0,    0,    0,    0,    0,    0,    0,    0,    0,    0,    0,    0,  -10,    0,    0,    0,    0,    0,    0,    0,    0,    0,    0,    0,   -7,    0,   -3,    0,    0,    0,    0,    0,    0,    0,    0,    0,  -10,  -10,
       0,    0,    0,    0,    0,    0,    0,    0,    0,    0,    0,    0,    0,    0,    0,    0,    0,    0,    0,    0,    0,    0,    0,    0,    0,    0,    0,    0,    0,    0,    0,    0,    0,    0,    0,    0,    0,    0,    0,    0,    0,    0,    0,    0,    0,    0,    0,    0,    0,    0,    0,    0,    0,    0,    0,    0,    0,    0,    0,    0,    0,    0,    0,    0,    0,    0,    0,    0,    0,    0,    0,    0,    0,    0,    0,    0,    0,    0,    0,    0,    0,    0,    0,    0,    0,    0,    0,    0,    0,    0,    0,    0,    0,    0,    0,    0,    0,    0,    0,    0,    0,    0,    0,    0,    0,    0,    0,    0,    0,    0,    0,    0,    0,    0,    0,    0,    0,    0,    0,    0,    0,    0,    0,    0,    0,    0,    0,    0,    0,    0,    0,    0,    0,    0,    0,    0,    0,    0,    0,    0,    0,    0,    0,    0,    0,    0,    0,    0,    0,    0,    0,    0,    0,    0,    0,    0,    0,    0,    0,    0,    0,    0,    0,    0,    0,    0,    0,    0,    0,    0,    0,    0,    0,    0,    0,    0,    0,    0,    0,    0,    0,    0,    0,    0,    0,    0,    0,    0,    0,    0,    0,    0,    0,    0,    0,    0,    0,    0,    0,   -7,    0,    0,    0,    0,    0,    0,    0,    0,    0,    0,    0,    0,    0,    0,    0,    0,    0,    0,    0,    0,    0,    0,    0,    0,  -10,    0,    0,    0,    0,    0,    0,    0,    0,    0,    0,    0,    0,    0,    0,    0,    0,    0,    0,    0,    0,    0,    0,    0,  -23,   -7,
       0,    0,    0,    0,    0,    0,    0,    0,    0,    0,    0,    0,    0,    0,    0,    0,    0,    0,    0,    0,    0,    0,    0,    0,    0,    0,    0,    0,    0,    0,    0,    0,    0,    0,    0,    0,    0,    0,    0,    0,    0,    0,    0,    0,    0,    0,    0,    0,    0,    0,    0,    0,    0,    0,    0,    0,    0,    0,    0,    0,    0,    0,    0,    0,    0,    0,    0,    0,    0,    0,    0,    0,    0,    0,    0,    0,    0,    0,    0,    0,    0,    0,    0,    0,    0,    0,    0,    0,    0,    0,    0,    0,    0,    0,    0,    0,    0,    0,    0,    0,    0,    0,    0,    0,    0,    0,    0,    0,    0,    0,    0,    0,    0,    0,    0,    0,    0,    0,    0,    0,    0,    0,    0,    0,    0,    0,    0,    0,    0,    0,    0,    0,    0,    0,    0,    0,    0,    0,    0,    0,    0,    0,    0,    0,    0,    0,    0,    0,    0,    0,    0,    0,    0,    0,    0,    0,    0,    0,    0,    0,    0,    0,    0,    0,    0,    0,    0,    0,    0,    0,    0,    0,    0,    0,    0,    0,    0,    0,    0,    0,    0,    0,    0,    0,    0,    0,    0,    0,    0,    0,    0,    0,    0,    0,    0,    0,    0,    0,    0,    0,    0,    0,    0,    0,    0,    0,    0,    0,    0,    0,    0,    0,    0,    0,    0,    0,    0,    0,    0,    0,    0,    0,    0,    0,    0,    0,    0,    0,    0,    0,    0,    0,    0,    0,    0,    0,   -7,    0,    0,    0,    0,    0,    0,    0,    0,    0,    0,    0,  -17,   -7,
       0,    0,    0,    0,    0,    0,    0,    0,    0,    0,    0,    0,    0,    0,    0,    0,    0,    0,    0,    0,    0,    0,    0,    0,    0,    0,    0,    0,    0,    0,    0,    0,    0,    0,    0,    0,    0,    0,    0,    0,    0,    0,    0,    0,    0,    0,    0,    0,    0,    0,    0,    0,    0,    0,    0,    0,    0,    0,    0,    0,    0,    0,    0,    0,    0,    0,    0,    0,    0,    0,    0,    0,    0,    0,    0,    0,    0,    0,    0,    0,    0,    0,    0,    0,    0,    0,    0,    0,    0,    0,    0,    0,    0,    0,    0,    0,    0,    0,    0,    0,    0,    0,    0,    0,    0,    0,    0,    0,    0,    0,    0,    0,    0,    0,    0,    0,    0,    0,    0,    0,    0,    0,    0,    0,    0,    0,    0,    0,    0,    0,    0,    0,    0,    0,    0,    0,    0,    0,    0,    0,    0,    0,    0,    0,    0,    0,    0,    0,    0,    0,    0,    0,    0,    0,    0,    0,    0,    0,    0,    0,    0,    0,    0,    0,    0,    0,    0,    0,    0,    0,    0,    0,    0,    0,    0,    0,    0,    0,    0,    0,    0,    0,    0,    0,    0,    0,    0,    0,    0,    0,    0,    0,    0,    0,    0,    0,    0,    0,    0,    0,    0,    0,    0,    0,    0,    0,    0,    0,    0,    0,    0,    0,    0,    0,    0,    0,    0,    0,    0,    0,    0,    0,    0,    0,  -10,    0,    0,    0,    0,    0,    0,    0,    0,    0,    0,    0,   -7,    0,    0,    0,    0,    0,    0,    0,    0,    0,    0,    0,  -13,   -7,
       0,    0,    0,    0,    0,    0,    0,    0,    0,    0,    0,    0,    0,    0,    0,    0,    0,    0,    0,    0,    0,    0,    0,    0,    0,    0,    0,    0,    0,    0,    0,    0,    0,    0,    0,    0,    0,    0,    0,    0,    0,    0,    0,    0,    0,    0,    0,    0,    0,    0,    0,    0,    0,    0,    0,    0,    0,    0,    0,    0,    0,    0,    0,    0,    0,    0,    0,    0,    0,    0,    0,    0,    0,    0,    0,    0,    0,    0,    0,    0,    0,    0,    0,    0,    0,    0,    0,    0,    0,    0,    0,    0,    0,    0,    0,    0,    0,    0,    0,    0,    0,    0,    0,    0,    0,    0,    0,    0,    0,    0,    0,    0,    0,    0,    0,    0,    0,    0,    0,    0,    0,    0,    0,    0,    0,    0,    0,    0,    0,    0,    0,    0,    0,    0,    0,    0,    0,    0,    0,    0,    0,    0,    0,    0,    0,    0,    0,    0,    0,    0,    0,    0,    0,    0,    0,    0,    0,    0,    0,    0,    0,    0,    0,    0,    0,    0,    0,    0,    0,    0,    0,    0,    0,    0,    0,    0,    0,    0,    0,    0,    0,    0,    0,    0,    0,    0,    0,    0,    0,    0,    0,    0,    0,    0,    0,    0,  -20,    0,    0,    0,    0,    0,    0,    0,    0,    0,    0,    0,    0,    0,    0,    0,    0,    0,    0,    0,    0,    0,    0,    0,    0,    0,    0,    0,  -10,   -7,    0,    0,    0,    0,    0,    0,    0,    0,    0,    0,  -10,    0,    0,    0,    0,    0,    0,    0,    0,    0,    0,    0,  -13,   -7,
       0,    0,    0,    0,    0,    0,    0,    0,    0,    0,    0,    0,    0,    0,    0,    0,    0,    0,    0,    0,    0,    0,    0,    0,    0,    0,    0,    0,    0,    0,    0,    0,    0,    0,    0,    0,    0,    0,    0,    0,    0,    0,    0,    0,    0,    0,    0,    0,    0,    0,    0,    0,    0,    0,    0,    0,    0,    0,    0,    0,    0,    0,    0,    0,    0,    0,    0,    0,    0,    0,    0,    0,    0,    0,    0,    0,    0,    0,    0,    0,    0,    0,    0,    0,    0,    0,    0,    0,    0,    0,    0,    0,    0,    0,    0,    0,    0,    0,    0,    0,    0,    0,    0,    0,    0,    0,    0,    0,    0,    0,    0,    0,    0,    0,    0,    0,    0,    0,    0,    0,    0,    0,    0,    0,    0,    0,    0,    0,    0,    0,    0,    0,    0,    0,    0,    0,    0,    0,    0,    0,    0,    0,    0,    0,    0,    0,    0,    0,    0,    0,    0,    0,    0,    0,    0,    0,    0,    0,    0,    0,    0,    0,    0,    0,    0,    0,    0,    0,    0,    0,    0,    0,    0,    0,    0,    0,    0,    0,    0,    0,    0,    0,    0,    0,    0,    0,    0,    0,    0,    0,    0,    0,    0,    0,    0,    0,  -23,    0,    0,    0,    0,    0,    0,    0,    0,    0,    0,    0,    0,    0,    0,    0,    0,    0,    0,    0,    0,    0,    0,    0,    0,    0,    0,    0,    0,    0,    0,    0,    0,    0,    0,    0,    0,    0,    0,    0,   -7,    0,    0,    0,    0,    0,    0,    0,    0,    0,    0,    0,  -17,  -13,
       0,    0,    0,    0,    0,    0,    0,    0,    0,    0,    0,    0,    0,    0,    0,    0,    0,    0,    0,    0,    0,    0,    0,    0,    0,    0,    0,    0,    0,    0,    0,    0,    0,    0,    0,    0,    0,    0,    0,    0,    0,    0,    0,    0,    0,    0,    0,    0,    0,    0,    0,    0,    0,    0,    0,    0,    0,    0,    0,    0,    0,    0,    0,    0,    0,    0,    0,    0,    0,    0,    0,    0,    0,    0,    0,    0,    0,    0,    0,    0,    0,    0,    0,    0,    0,    0,    0,    0,    0,    0,    0,    0,    0,    0,    0,    0,    0,    0,    0,    0,    0,    0,    0,    0,    0,    0,    0,    0,    0,    0,    0,    0,    0,    0,    0,    0,    0,    0,    0,    0,    0,    0,    0,    0,    0,    0,    0,    0,    0,    0,    0,    0,    0,    0,    0,    0,    0,    0,    0,    0,    0,    0,    0,    0,    0,    0,    0,    0,    0,    0,    0,    0,    0,    0,    0,    0,    0,    0,    0,    0,    0,    0,    0,    0,    0,    0,    0,    0,    0,    0,    0,    0,    0,    0,    0,    0,    0,    0,    0,    0,    0,    0,    0,    0,    0,    0,    0,    0,    0,    0,    0,    0,    0,    0,    0,    0,    0,    0,    0,    0,    0,    0,    0,    0,    0,    0,    0,    0,    0,    0,    0,    0,    0,    0,    0,    0,    0,    0,    0,    0,    0,    0,    0,    0,   -7,    0,    0,    0,    0,    0,    0,    0,    0,    0,    0,    0,    0,    0,    0,    0,    0,    0,    0,    0,    0,    0,    0,    0,   -7,    0,
       0,    0,    0,    0,    0,    0,    0,    0,    0,    0,    0,    0,    0,    0,    0,    0,    0,    0,    0,    0,    0,    0,    0,    0,    0,    0,    0,    0,    0,    0,    0,    0,    0,    0,    0,    0,    0,    0,    0,    0,    0,    0,    0,    0,    0,    0,    0,    0,    0,    0,    0,    0,    0,    0,    0,    0,    0,    0,    0,    0,    0,    0,    0,    0,    0,    0,    0,    0,    0,    0,    0,    0,    0,    0,    0,    0,    0,    0,    0,    0,    0,    0,    0,    0,    0,    0,    0,    0,    0,    0,    0,    0,    0,    0,    0,    0,    0,    0,    0,    0,    0,    0,    0,    0,    0,    0,    0,    0,    0,    0,    0,    0,    0,    0,    0,    0,    0,    0,    0,    0,    0,    0,    0,    0,    0,    0,    0,    0,    0,    0,    0,    0,    0,    0,    0,    0,    0,    0,    0,    0,    0,    0,    0,    0,    0,    0,    0,    0,    0,    0,    0,    0,    0,    0,    0,    0,    0,    0,    0,    0,    0,    0,    0,    0,    0,    0,    0,    0,    0,    0,    0,    0,    0,    0,    0,    0,    0,    0,    0,    0,    0,    0,    0,    0,    0,    0,    0,    0,    0,    0,    0,    0,    0,    0,    0,    0,    0,    0,    0,    0,    0,    0,    0,    0,    0,    0,    0,    0,    0,    0,    0,    0,    0,    0,    0,    0,    0,    0,    0,    0,    0,    0,    0,    0,  -17,    0,    0,    0,    0,    0,    0,    0,    0,    0,    0,    0,  -10,    0,    0,    0,    0,    0,    0,    0,    0,    0,    0,    0,  -27,  -27,
       0,    0,    0,    0,    0,    0,    0,    0,    0,    0,    0,    0,    0,    0,    0,    0,    0,    0,    0,    0,    0,    0,    0,    0,    0,    0,    0,    0,    0,    0,    0,    0,    0,    0,    0,    0,    0,    0,    0,    0,    0,    0,    0,    0,    0,    0,    0,    0,    0,    0,    0,    0,    0,    0,    0,    0,    0,    0,    0,    0,    0,    0,    0,    0,    0,    0,    0,    0,    0,    0,    0,    0,    0,    0,    0,    0,    0,    0,    0,    0,    0,    0,    0,    0,    0,    0,    0,    0,    0,    0,    0,    0,    0,    0,    0,    0,    0,    0,    0,    0,    0,    0,    0,    0,    0,    0,    0,    0,    0,    0,    0,    0,    0,    0,    0,    0,    0,    0,    0,    0,    0,    0,    0,    0,    0,    0,    0,    0,    0,    0,    0,    0,    0,    0,    0,    0,    0,    0,    0,    0,    0,    0,    0,    0,    0,    0,    0,    0,    0,    0,    0,    0,    0,    0,    0,    0,    0,    0,    0,    0,    0,    0,    0,    0,    0,    0,    0,    0,    0,    0,    0,    0,    0,    0,    0,    0,    0,    0,    0,    0,    0,    0,    0,    0,    0,    0,    0,    0,    0,    0,    0,    0,    0,    0,    0,    0,    0,    0,    0,    0,    0,    0,    0,    0,    0,    0,    0,    0,    0,    0,    0,    0,    0,    0,    0,    0,    0,    0,    0,    0,    0,    0,    0,    0,   -7,    0,    0,    0,    0,    0,    0,    0,    0,    0,    0,    0,    0,    0,    0,    0,    0,    0,    0,    0,    0,    0,    0,    0,    0,    0,
       0,    0,    0,    0,    0,    0,    0,    0,    0,    0,    0,    0,    0,    0,    0,    0,    0,    0,    0,    0,    0,    0,    0,    0,    0,    0,    0,    0,    0,    0,    0,    0,    0,    0,    0,    0,    0,    0,    0,    0,    0,    0,    0,    0,    0,    0,    0,    0,    0,    0,    0,    0,    0,    0,    0,    0,    0,    0,    0,    0,    0,    0,    0,    0,    0,    0,    0,    0,    0,    0,    0,    0,    0,    0,    0,    0,    0,    0,    0,    0,    0,    0,    0,    0,    0,    0,    0,    0,    0,    0,    0,    0,    0,    0,    0,    0,    0,    0,    0,    0,    0,    0,    0,    0,    0,    0,    0,    0,    0,    0,    0,    0,    0,    0,    0,    0,    0,    0,    0,    0,    0,    0,    0,    0,    0,    0,    0,    0,    0,    0,    0,    0,    0,    0,    0,    0,    0,    0,    0,    0,    0,    0,    0,    0,    0,    0,    0,    0,    0,    0,    0,    0,    0,    0,    0,    0,    0,    0,    0,    0,    0,    0,    0,    0,    0,    0,    0,    0,    0,    0,    0,    0,    0,    0,    0,    0,    0,    0,    0,    0,    0,    0,    0,    0,    0,    0,    0,    0,    0,    0,    0,    0,    0,    0,    0,    0,    0,    0,    0,    0,    0,    0,    0,    0,    0,    0,   -7,    0,    0,    0,    0,    0,    0,    0,    0,    0,    0,    0,    0,    0,    0,    0,    0,    0,    0,    0,    0,    0,    0,    0,    0,    0,    0,    0,    0,    0,    0,    0,    0,    0,    0,    0,    0,    0,    0,    0,    0,    0,    0,    0,
       0,    0,    0,    0,    0,    0,    0,    0,    0,    0,    0,    0,    0,    0,    0,    0,    0,    0,    0,    0,    0,    0,    0,    0,    0,    0,    0,    0,    0,    0,    0,    0,    0,    0,    0,    0,    0,    0,    0,    0,    0,    0,    0,    0,    0,    0,    0,    0,    0,    0,    0,    0,    0,    0,    0,    0,    0,    0,    0,    0,    0,    0,    0,    0,    0,    0,    0,    0,    0,    0,    0,    0,    0,    0,    0,    0,    0,    0,    0,    0,    0,    0,    0,    0,    0,    0,    0,    0,    0,    0,    0,    0,    0,    0,    0,    0,    0,    0,    0,    0,    0,    0,    0,    0,    0,    0,    0,    0,    0,    0,    0,    0,    0,    0,    0,    0,    0,    0,    0,    0,    0,    0,    0,    0,    0,    0,    0,    0,    0,    0,    0,    0,    0,    0,    0,    0,    0,    0,    0,    0,    0,    0,    0,    0,    0,    0,    0,    0,    0,    0,    0,    0,    0,    0,    0,    0,    0,    0,    0,    0,    0,    0,    0,    0,    0,    0,    0,    0,    0,    0,    0,    0,    0,    0,    0,    0,    0,    0,    0,    0,    0,    0,    0,    0,    0,    0,    0,    0,    0,    0,    0,    0,    0,    0,   -7,    0,  -13,    0,    0,   -7,    0,  -10,    0,    0,    0,    0,    0,    0,    0,    0,    0,    0,    0,    0,    0,   -7,    0,    0,    0,    0,    0,    0,    0,    0,    0,    0,    0,    0,    0,    0,    0,    0,    0,    0,    0,    0,    0,    0,    0,    0,   -7,    0,    0,    0,    0,    0,    0,    0,    0,    0,
       0,    0,    0,    0,    0,    0,    0,    0,    0,    0,    0,    0,    0,    0,    0,    0,    0,    0,    0,    0,    0,    0,    0,    0,    0,    0,    0,    0,    0,    0,    0,    0,    0,    0,    0,    0,    0,    0,    0,    0,    0,    0,    0,    0,    0,    0,    0,    0,    0,    0,    0,    0,    0,    0,    0,    0,    0,    0,    0,    0,    0,    0,    0,    0,    0,    0,    0,    0,    0,    0,    0,    0,    0,    0,    0,    0,    0,    0,    0,    0,    0,    0,    0,    0,    0,    0,    0,    0,    0,    0,    0,    0,    0,    0,    0,    0,    0,    0,    0,    0,    0,    0,    0,    0,    0,    0,    0,    0,    0,    0,    0,    0,    0,    0,    0,    0,    0,    0,    0,    0,    0,    0,    0,    0,    0,    0,    0,    0,    0,    0,    0,    0,    0,    0,    0,    0,    0,    0,    0,    0,    0,    0,    0,    0,    0,    0,    0,    0,    0,    0,    0,    0,    0,    0,    0,    0,    0,    0,    0,    0,    0,    0,    0,    0,    0,    0,    0,    0,    0,    0,    0,    0,    0,    0,    0,    0,    0,    0,    0,    0,    0,    0,    0,    0,    0,    0,    0,    0,    0,    0,    0,    0,    0,    0,    0,    0,    0,   -7,    0,    0,    0,    0,    0,    0,    0,    0,    0,    0,    0,    0,    0,    0,    0,    0,    0,    0,    0,    0,    0,    0,   10,    0,    0,    0,    0,    0,    0,    0,    0,    0,    0,    0,    0,    0,    0,    0,    0,    0,    0,    0,    0,    0,    0,    0,    0,    0,    0,    0,    0,    0,
       0,    0,    0,    0,    0,    0,    0,    0,    0,    0,    0,    0,    0,    0,    0,    0,    0,    0,    0,    0,    0,    0,    0,    0,    0,    0,    0,    0,    0,    0,    0,    0,    0,    0,    0,    0,    0,    0,    0,    0,    0,    0,    0,    0,    0,    0,    0,    0,    0,    0,    0,    0,    0,    0,    0,    0,    0,    0,    0,    0,    0,    0,    0,    0,    0,    0,    0,    0,    0,    0,    0,    0,    0,    0,    0,    0,    0,    0,    0,    0,    0,    0,    0,    0,    0,    0,    0,    0,    0,    0,    0,    0,    0,    0,    0,    0,    0,    0,    0,    0,    0,    0,    0,    0,    0,    0,    0,    0,    0,    0,    0,    0,    0,    0,    0,    0,    0,    0,    0,    0,    0,    0,    0,    0,    0,    0,    0,    0,    0,    0,    0,    0,    0,    0,    0,    0,    0,    0,    0,    0,    0,    0,    0,    0,    0,    0,    0,    0,    0,    0,    0,    0,    0,    0,    0,    0,    0,    0,    0,    0,    0,    0,    0,    0,    0,    0,    0,    0,    0,    0,    0,    0,    0,    0,    0,    0,    0,    0,    0,    0,    0,    0,    0,    0,    0,    0,    0,    0,    0,    0,    0,    0,    0,    0,    0,    0,    0,    0,    0,    0,    0,    0,    0,    0,    0,    0,    0,    0,    0,    0,    0,    0,    0,    0,    0,    0,    0,    0,    0,    0,   10,   10,    0,    0,    0,    0,    0,    0,    0,    0,    0,    0,    0,    0,    0,    0,    0,    0,    0,    0,    0,    0,    0,    0,    0,   17,    0,    0,    3,    3,
       0,    0,    0,    0,    0,    0,    0,    0,    0,    0,    0,    0,    0,    0,    0,    0,    0,    0,    0,    0,    0,    0,    0,    0,    0,    0,    0,    0,    0,    0,    0,    0,    0,    0,    0,    0,    0,    0,    0,    0,    0,    0,    0,    0,    0,    0,    0,    0,    0,    0,    0,    0,    0,    0,    0,    0,    0,    0,    0,    0,    0,    0,    0,    0,    0,    0,    0,    0,    0,    0,    0,    0,    0,    0,    0,    0,    0,    0,    0,    0,    0,    0,    0,    0,    0,    0,    0,    0,    0,    0,    0,    0,    0,    0,    0,    0,    0,    0,    0,    0,    0,    0,    0,    0,    0,    0,    0,    0,    0,    0,    0,    0,    0,    0,    0,    0,    0,    0,    0,    0,    0,    0,    0,    0,    0,    0,    0,    0,    0,    0,    0,    0,    0,    0,    0,    0,    0,    0,    0,    0,    0,    0,    0,    0,    0,    0,    0,    0,    0,    0,    0,    0,    0,    0,    0,    0,    0,    0,    0,    0,    0,    0,    0,    0,    0,    0,    0,    0,    0,    0,    0,    0,    0,    0,    0,    0,    0,    0,    0,    0,    0,    0,    0,    0,    0,    0,    0,    0,    0,    0,    0,    0,    0,    0,    0,    0,    0,    0,    0,    0,    0,    0,    0,    0,    0,    0,    0,    0,    0,    0,    0,    0,    0,    0,    0,    0,    0,    0,    0,    0,   10,   10,    0,    0,    0,    0,    0,    0,    0,    0,    0,    0,    0,    0,    0,    0,    0,    0,    0,    0,    0,    0,    0,    0,    0,   17,    0,    0,    0,    0,
       0,    0,    0,    0,    0,    0,    0,    0,    0,    0,    0,    0,    0,    0,    0,    0,    0,    0,    0,    0,    0,    0,    0,    0,    0,    0,    0,    0,    0,    0,    0,    0,    0,    0,    0,    0,    0,    0,    0,    0,    0,    0,    0,    0,    0,    0,    0,    0,    0,    0,    0,    0,    0,    0,    0,    0,    0,    0,    0,    0,    0,    0,    0,    0,    0,    0,    0,    0,    0,    0,    0,    0,    0,    0,    0,    0,    0,    0,    0,    0,    0,    0,    0,    0,    0,    0,    0,    0,    0,    0,    0,    0,    0,    0,    0,    0,    0,    0,    0,    0,    0,    0,    0,    0,    0,    0,    0,    0,    0,    0,    0,    0,    0,    0,    0,    0,    0,    0,    0,    0,    0,    0,    0,    0,    0,    0,    0,    0,    0,    0,    0,    0,    0,    0,    0,    0,    0,    0,    0,    0,    0,    0,    0,    0,    0,    0,    0,    0,    0,    0,    0,    0,    0,    0,    0,    0,    0,    0,    0,    0,    0,    0,    0,    0,    0,    0,    0,    0,    0,    0,    0,    0,    0,    0,    0,    0,    0,    0,    0,    0,    0,    0,    0,    0,    0,    0,    0,    0,    0,    0,    0,    0,    0,    0,    0,    0,   -7,    0,    0,    0,    0,    0,    0,    0,    0,    0,    0,    0,    0,    0,    0,    0,    0,    0,    0,    0,    0,    0,    0,    0,    0,    0,    0,    0,    0,    0,    0,    0,    0,    0,    0,    0,    0,    0,    0,    0,    0,    0,    0,    0,    0,    0,    0,    0,    0,    0,    0,    0,    0,    0,
       0,    0,    0,    0,    0,    0,    0,    0,    0,    0,    0,    0,    0,    0,    0,    0,    0,    0,    0,    0,    0,    0,    0,    0,    0,    0,    0,    0,    0,    0,    0,    0,    0,    0,    0,    0,    0,    0,    0,    0,    0,    0,    0,    0,    0,    0,    0,    0,    0,    0,    0,    0,    0,    0,    0,    0,    0,    0,    0,    0,    0,    0,    0,    0,    0,    0,    0,    0,    0,    0,    0,    0,    0,    0,    0,    0,    0,    0,    0,    0,    0,    0,    0,    0,    0,    0,    0,    0,    0,    0,    0,    0,    0,    0,    0,    0,    0,    0,    0,    0,    0,    0,    0,    0,    0,    0,    0,    0,    0,    0,    0,    0,    0,    0,    0,    0,    0,    0,    0,    0,    0,    0,    0,    0,    0,    0,    0,    0,    0,    0,    0,    0,    0,    0,    0,    0,    0,    0,    0,    0,    0,    0,    0,    0,    0,    0,    0,    0,    0,    0,    0,    0,    0,    0,    0,    0,    0,    0,    0,    0,    0,    0,    0,    0,    0,    0,    0,    0,    0,    0,    0,    0,    0,    0,    0,    0,    0,    0,    0,    0,    0,    0,    0,    0,    0,    0,    0,    0,    0,    0,    0,    0,    0,    0,    0,    0,   -7,    0,    0,    0,    0,    0,    0,    0,    0,   -3,    0,    0,    0,    0,    0,    0,    0,    0,    0,    0,    0,    0,    0,    0,    0,    0,    0,    0,    0,    0,    0,    0,    0,    0,    0,    0,    0,    0,    0,    0,  -10,    0,    0,    0,    0,    0,    0,    0,    0,    7,    0,    0,   -7,   -7,
       0,    0,    0,    0,    0,    0,    0,    0,    0,    0,    0,    0,    0,    0,    0,    0,    0,    0,    0,    0,    0,    0,    0,    0,    0,    0,    0,    0,    0,    0,    0,    0,    0,    0,    0,    0,    0,    0,    0,    0,    0,    0,    0,    0,    0,    0,    0,    0,    0,    0,    0,    0,    0,    0,    0,    0,    0,    0,    0,    0,    0,    0,    0,    0,    0,    0,    0,    0,    0,    0,    0,    0,    0,    0,    0,    0,    0,    0,    0,    0,    0,    0,    0,    0,    0,    0,    0,    0,    0,    0,    0,    0,    0,    0,    0,    0,    0,    0,    0,    0,    0,    0,    0,    0,    0,    0,    0,    0,    0,    0,    0,    0,    0,    0,    0,    0,    0,    0,    0,    0,    0,    0,    0,    0,    0,    0,    0,    0,    0,    0,    0,    0,    0,    0,    0,    0,    0,    0,    0,    0,    0,    0,    0,    0,    0,    0,    0,    0,    0,    0,    0,    0,    0,    0,    0,    0,    0,    0,    0,    0,    0,    0,    0,    0,    0,    0,    0,    0,    0,    0,    0,    0,    0,    0,    0,    0,    0,    0,    0,    0,    0,    0,    0,    0,    0,    0,    0,    0,    0,    0,    0,    0,    0,    0,    0,    0,  -10,    0,    0,    0,    0,    0,    0,    0,    0,    0,    0,    0,    0,    0,    0,    0,    0,    0,    0,    0,    0,    0,    0,    0,    0,    0,    0,    0,    0,    0,    0,    0,    0,    0,    0,    0,    0,    0,    0,    0,    0,    0,    0,    0,    0,    0,    0,    0,    0,    0,    0,    0,  -17,   -7,
       0,    0,    0,    0,    0,    0,    0,    0,    0,    0,    0,    0,    0,    0,    0,    0,    0,    0,    0,    0,    0,    0,    0,    0,    0,    0,    0,    0,    0,    0,    0,    0,    0,    0,    0,    0,    0,    0,    0,    0,    0,    0,    0,    0,    0,    0,    0,    0,    0,    0,    0,    0,    0,    0,    0,    0,    0,    0,    0,    0,    0,    0,    0,    0,    0,    0,    0,    0,    0,    0,    0,    0,    0,    0,    0,    0,    0,    0,    0,    0,    0,    0,    0,    0,    0,    0,    0,    0,    0,    0,    0,    0,    0,    0,    0,    0,    0,    0,    0,    0,    0,    0,    0,    0,    0,    0,    0,    0,    0,    0,    0,    0,    0,    0,    0,    0,    0,    0,    0,    0,    0,    0,    0,    0,    0,    0,    0,    0,    0,    0,    0,    0,    0,    0,    0,    0,    0,    0,    0,    0,    0,    0,    0,    0,    0,    0,    0,    0,    0,    0,    0,    0,    0,    0,    0,    0,    0,    0,    0,    0,    0,    0,    0,    0,    0,    0,    0,    0,    0,    0,    0,    0,    0,    0,    0,    0,    0,    0,    0,    0,    0,    0,    0,    0,    0,    0,    0,    0,    0,    0,    0,    0,    0,    0,    0,    0,  -10,    0,    0,    0,    0,    0,    0,    0,    0,    0,    0,    0,    0,    0,    0,    0,    0,    0,    0,    0,    0,    0,    0,    0,    0,    0,    0,    0,    0,    0,    0,    0,    0,    0,    0,    0,    0,    0,    0,    0,    0,    0,    0,    0,   -7,    0,    0,    0,    0,    0,    0,    0,  -17,   -7,
       0,    0,    0,    0,    0,    0,    0,    0,    0,    0,    0,    0,    0,    0,    0,    0,    0,    0,    0,    0,    0,    0,    0,    0,    0,    0,    0,    0,    0,    0,    0,    0,    0,    0,    0,    0,    0,    0,    0,    0,    0,    0,    0,    0,    0,    0,    0,    0,    0,    0,    0,    0,    0,    0,    0,    0,    0,    0,    0,    0,    0,    0,    0,    0,    0,    0,    0,    0,    0,    0,    0,    0,    0,    0,    0,    0,    0,    0,    0,    0,    0,    0,    0,    0,    0,    0,    0,    0,    0,    0,    0,    0,    0,    0,    0,    0,    0,    0,    0,    0,    0,    0,    0,    0,    0,    0,    0,    0,    0,    0,    0,    0,    0,    0,    0,    0,    0,    0,    0,    0,    0,    0,    0,    0,    0,    0,    0,    0,    0,    0,    0,    0,    0,    0,    0,    0,    0,    0,    0,    0,    0,    0,    0,    0,    0,    0,    0,    0,    0,    0,    0,    0,    0,    0,    0,    0,    0,    0,    0,    0,    0,    0,    0,    0,    0,    0,    0,    0,    0,    0,    0,    0,    0,    0,    0,    0,    0,    0,    0,    0,    0,    0,    0,    0,    0,    0,    0,    0,    0,    0,    0,    0,    0,    0,    0,    0,    0,    0,    0,    0,    0,    0,    0,    0,    0,    0,    0,    0,    0,    0,    0,    0,    0,    0,    0,    0,    0,    0,    0,    0,    0,    0,    0,    0,  -10,    0,    0,    0,    0,    0,    0,    0,    0,    0,    0,    0,    0,    0,    0,    0,    0,    0,    0,    0,    0,    0,    0,    0,  -17,  -10,
       0,    0,    0,    0,    0,    0,    0,    0,    0,    0,    0,    0,    0,    0,    0,    0,    0,    0,    0,    0,    0,    0,    0,    0,    0,    0,    0,    0,    0,    0,    0,    0,    0,    0,    0,    0,    0,    0,    0,    0,    0,    0,    0,    0,    0,    0,    0,    0,    0,    0,    0,    0,    0,    0,    0,    0,    0,    0,    0,    0,    0,    0,    0,    0,    0,    0,    0,    0,    0,    0,    0,    0,    0,    0,    0,    0,    0,    0,    0,    0,    0,    0,    0,    0,    0,    0,    0,    0,    0,    0,    0,    0,    0,    0,    0,    0,    0,    0,    0,    0,    0,    0,    0,    0,    0,    0,    0,    0,    0,    0,    0,    0,    0,    0,    0,    0,    0,    0,    0,    0,    0,    0,    0,    0,    0,    0,    0,    0,    0,    0,    0,    0,    0,    0,    0,    0,    0,    0,    0,    0,    0,    0,    0,    0,    0,    0,    0,    0,    0,    0,    0,    0,    0,    0,    0,    0,    0,    0,    0,    0,    0,    0,    0,    0,    0,    0,    0,    0,    0,    0,    0,    0,    0,    0,    0,    0,    0,    0,    0,    0,    0,    0,    0,    0,    0,    0,    0,    0,    0,    0,    0,    0,    0,    0,    0,    0,    0,    0,    0,    0,    0,    0,    0,    0,    0,    0,    0,    0,    0,    0,    0,    0,    0,    0,    0,    0,    0,    0,    0,    0,    0,    0,    0,    0,    0,    0,    0,    0,  -20,  -20,  -20,    0,    0,    0,    0,    0,    0,    0,    0,    0,    0,    0,  -17,    0,    0,    0,    0,    0,    0,    0,
       0,    0,    0,    0,    0,    0,    0,    0,    0,    0,    0,    0,    0,    0,    0,    0,    0,    0,    0,    0,    0,    0,    0,    0,    0,    0,    0,    0,    0,    0,    0,    0,    0,    0,    0,    0,    0,    0,    0,    0,    0,    0,    0,    0,    0,    0,    0,    0,    0,    0,    0,    0,    0,    0,    0,    0,    0,    0,    0,    0,    0,    0,    0,    0,    0,    0,    0,    0,    0,    0,    0,    0,    0,    0,    0,    0,    0,    0,    0,    0,    0,    0,    0,    0,    0,    0,    0,    0,    0,    0,    0,    0,    0,    0,    0,    0,    0,    0,    0,    0,    0,    0,    0,    0,    0,    0,    0,    0,    0,    0,    0,    0,    0,    0,    0,    0,    0,    0,    0,    0,    0,    0,    0,    0,    0,    0,    0,    0,    0,    0,    0,    0,    0,    0,    0,    0,    0,    0,    0,    0,    0,    0,    0,    0,    0,    0,    0,    0,    0,    0,    0,    0,    0,    0,    0,    0,    0,    0,    0,    0,    0,    0,    0,    0,    0,    0,    0,    0,    0,    0,    0,    0,    0,    0,    0,    0,    0,    0,    0,    0,    0,    0,    0,    0,    0,    0,    0,    0,    0,    0,    0,    0,    0,    0,    0,    0,    0,   -7,    0,    0,    0,    0,    0,    0,    0,    0,    0,    0,    0,    0,    0,    0,    0,    0,    0,    0,    0,    0,    0,    0,    0,    0,    0,    0,  -27,   -7,   -7,   -7,    0,    0,    0,    0,    0,    0,    0,    0,  -10,   -7,    0,    0,    0,    0,    0,    0,    0,    0,    0,    0,  -23,  -17,
       0,    0,    0,    0,    0,    0,    0,    0,    0,    0,    0,    0,    0,    0,    0,    0,    0,    0,    0,    0,    0,    0,    0,    0,    0,    0,    0,    0,    0,    0,    0,    0,    0,    0,    0,    0,    0,    0,    0,    0,    0,    0,    0,    0,    0,    0,    0,    0,    0,    0,    0,    0,    0,    0,    0,    0,    0,    0,    0,    0,    0,    0,    0,    0,    0,    0,    0,    0,    0,    0,    0,    0,    0,    0,    0,    0,    0,    0,    0,    0,    0,    0,    0,    0,    0,    0,    0,    0,    0,    0,    0,    0,    0,    0,    0,    0,    0,    0,    0,    0,    0,    0,    0,    0,    0,    0,    0,    0,    0,    0,    0,    0,    0,    0,    0,    0,    0,    0,    0,    0,    0,    0,    0,    0,    0,    0,    0,    0,    0,    0,    0,    0,    0,    0,    0,    0,    0,    0,    0,    0,    0,    0,    0,    0,    0,    0,    0,    0,    0,    0,    0,    0,    0,    0,    0,    0,    0,    0,    0,    0,    0,    0,    0,    0,    0,    0,    0,    0,    0,    0,    0,    0,    0,    0,    0,    0,    0,    0,    0,    0,    0,    0,    0,    0,    0,    0,    0,    0,    0,    0,    0,    0,    0,    0,    0,   -7,    0,    0,    0,    0,    0,    0,    0,    0,    0,    0,    0,    0,    0,    0,    0,    0,    0,    0,    0,    0,    0,    0,    0,    0,    0,    0,    0,    0,    0,    0,    0,    0,    0,    0,    0,    0,    0,    0,    0,    0,    0,    0,    0,    0,    0,    0,    0,    0,   -7,    0,    0,    0,    0,    0,
       0,    0,    0,    0,    0,    0,    0,    0,    0,    0,    0,    0,    0,    0,    0,    0,    0,    0,    0,    0,    0,    0,    0,    0,    0,    0,    0,    0,    0,    0,    0,    0,    0,    0,    0,    0,    0,    0,    0,    0,    0,    0,    0,    0,    0,    0,    0,    0,    0,    0,    0,    0,    0,    0,    0,    0,    0,    0,    0,    0,    0,    0,    0,    0,    0,    0,    0,    0,    0,    0,    0,    0,    0,    0,    0,    0,    0,    0,    0,    0,    0,    0,    0,    0,    0,    0,    0,    0,    0,    0,    0,    0,    0,    0,    0,    0,    0,    0,    0,    0,    0,    0,    0,    0,    0,    0,    0,    0,    0,    0,    0,    0,    0,    0,    0,    0,    0,    0,    0,    0,    0,    0,    0,    0,    0,    0,    0,    0,    0,    0,    0,    0,    0,    0,    0,    0,    0,    0,    0,    0,    0,    0,    0,    0,    0,    0,    0,    0,    0,    0,    0,    0,    0,    0,    0,    0,    0,    0,    0,    0,    0,    0,    0,    0,    0,    0,    0,    0,    0,    0,    0,    0,    0,    0,    0,    0,    0,    0,   -7,   -7,   -7,    0,    0,    0,    0,    0,    0,    0,    0,    0,    0,    0,    0,    0,    0,    0,    0,    0,    0,    0,    0,    0,    0,    0,    0,    0,    0,    0,    0,    0,    0,    0,    0,    0,    0,    0,    0,    0,    0,    0,    0,    0,    0,    0,    0,    0,    0,    0,    0,    0,    0,    0,    0,    0,    0,    0,    0,    0,    0,    0,    0,    0,    0,    0,    0,    0,    0,    0,    0,    0,
       0,    0,    0,    0,    0,    0,    0,    0,    0,    0,    0,    0,    0,    0,    0,    0,    0,    0,    0,    0,    0,    0,    0,    0,    0,    0,    0,    0,    0,    0,    0,    0,    0,    0,    0,    0,    0,    0,    0,    0,    0,    0,    0,    0,    0,    0,    0,    0,    0,    0,    0,    0,    0,    0,    0,    0,    0,    0,    0,    0,    0,    0,    0,    0,    0,    0,    0,    0,    0,    0,    0,    0,    0,    0,    0,    0,    0,    0,    0,    0,    0,    0,    0,    0,    0,    0,    0,    0,    0,    0,    0,    0,    0,    0,    0,    0,    0,    0,    0,    0,    0,    0,    0,    0,    0,    0,    0,    0,    0,    0,    0,    0,    0,    0,    0,    0,    0,    0,    0,    0,    0,    0,    0,    0,    0,    0,    0,    0,    0,    0,    0,    0,    0,    0,    0,    0,    0,    0,    0,    0,    0,    0,    0,    0,    0,    0,    0,    0,    0,    0,    0,    0,    0,    0,    0,    0,    0,    0,    0,    0,    0,    0,    0,    0,    0,    0,    0,    0,    0,    0,    0,    0,    0,    0,    0,    0,    0,    0,    0,    0,    0,    0,    0,    0,    0,    0,    0,    0,    0,    0,    0,    0,    0,    0,    0,    0,    0,    0,    0,    0,    0,    0,    0,    0,    0,    0,    0,    0,    0,   -7,   -7,   -7,    0,    0,    0,    0,    0,    0,    0,    0,    0,    0,    0,    0,   -7,   -3,   -3,   -3,    0,    0,    0,    0,    0,    0,    0,    0,  -10,  -10,    0,    0,    0,    0,    0,    0,    0,    0,    0,    0,  -17,   -7,
       0,    0,    0,    0,    0,    0,    0,    0,    0,    0,    0,    0,    0,    0,    0,    0,    0,    0,    0,    0,    0,    0,    0,    0,    0,    0,    0,    0,    0,    0,    0,    0,    0,    0,    0,    0,    0,    0,    0,    0,    0,    0,    0,    0,    0,    0,    0,    0,    0,    0,    0,    0,    0,    0,    0,    0,    0,    0,    0,    0,    0,    0,    0,    0,    0,    0,    0,    0,    0,    0,    0,    0,    0,    0,    0,    0,    0,    0,    0,    0,    0,    0,    0,    0,    0,    0,    0,    0,    0,    0,    0,    0,    0,    0,    0,    0,    0,    0,    0,    0,    0,    0,    0,    0,    0,    0,    0,    0,    0,    0,    0,    0,    0,    0,    0,    0,    0,    0,    0,    0,    0,    0,    0,    0,    0,    0,    0,    0,    0,    0,    0,    0,    0,    0,    0,    0,    0,    0,    0,    0,    0,    0,    0,    0,    0,    0,    0,    0,    0,    0,    0,    0,    0,    0,    0,    0,    0,    0,    0,    0,    0,    0,    0,    0,    0,    0,    0,    0,    0,    0,    0,    0,    0,    0,    0,    0,    0,    0,    0,    0,    0,    0,    0,    0,    0,    0,    0,    0,    0,    0,    0,    0,    0,    0,    0,    0,    0,    0,    0,    0,    0,    0,    0,    0,    0,    0,    0,    0,    0,    0,    0,    0,    0,    0,    0,    0,    0,    0,    0,    0,    0,    0,    0,    0,    0,    0,    0,    0,    0,    0,    0,    0,    0,    0,    0,    0,    0,    0,    0,    0,    0,    0,    0,    0,    0,    0,    0,    0,  -10,  -13,
       0,    0,    0,    0,    0,    0,    0,    0,    0,    0,    0,    0,    0,    0,    0,    0,    0,    0,    0,    0,    0,    0,    0,    0,    0,    0,    0,    0,    0,    0,    0,    0,    0,    0,    0,    0,    0,    0,    0,    0,    0,    0,    0,    0,    0,    0,    0,    0,    0,    0,    0,    0,    0,    0,    0,    0,    0,    0,    0,    0,    0,    0,    0,    0,    0,    0,    0,    0,    0,    0,    0,    0,    0,    0,    0,    0,    0,    0,    0,    0,    0,    0,    0,    0,    0,    0,    0,    0,    0,    0,    0,    0,    0,    0,    0,    0,    0,    0,    0,    0,    0,    0,    0,    0,    0,    0,    0,    0,    0,    0,    0,    0,    0,    0,    0,    0,    0,    0,    0,    0,    0,    0,    0,    0,    0,    0,    0,    0,    0,    0,    0,    0,    0,    0,    0,    0,    0,    0,    0,    0,    0,    0,    0,    0,    0,    0,    0,    0,    0,    0,    0,    0,    0,    0,    0,    0,    0,    0,    0,    0,    0,    0,    0,    0,    0,    0,    0,    0,    0,    0,    0,    0,    0,    0,    0,    0,    0,    0,    0,    0,    0,    0,    0,    0,    0,    0,    0,    0,    0,    0,    0,    0,    0,    0,    0,    0,    0,    0,    0,    0,    0,    0,  -10,    0,    0,    0,   -7,    0,    0,    0,    0,    0,    0,    0,    0,    0,    0,    0,    0,    0,    0,    0,    0,    0,    0,    0,    0,    0,    0,    0,    0,    0,    0,    0,    0,    0,   -7,    0,    0,    0,    0,    0,    0,    0,    0,   -7,    0,    0,    0,    0,
       0,    0,    0,    0,    0,    0,    0,    0,    0,    0,    0,    0,    0,    0,    0,    0,    0,    0,    0,    0,    0,    0,    0,    0,    0,    0,    0,    0,    0,    0,    0,    0,    0,    0,    0,    0,    0,    0,    0,    0,    0,    0,    0,    0,    0,    0,    0,    0,    0,    0,    0,    0,    0,    0,    0,    0,    0,    0,    0,    0,    0,    0,    0,    0,    0,    0,    0,    0,    0,    0,    0,    0,    0,    0,    0,    0,    0,    0,    0,    0,    0,    0,    0,    0,    0,    0,    0,    0,    0,    0,    0,    0,    0,    0,    0,    0,    0,    0,    0,    0,    0,    0,    0,    0,    0,    0,    0,    0,    0,    0,    0,    0,    0,    0,    0,    0,    0,    0,    0,    0,    0,    0,    0,    0,    0,    0,    0,    0,    0,    0,    0,    0,    0,    0,    0,    0,    0,    0,    0,    0,    0,    0,    0,    0,    0,    0,    0,    0,    0,    0,    0,    0,    0,    0,    0,    0,    0,    0,    0,    0,    0,    0,    0,    0,    0,    0,    0,    0,    0,    0,    0,    0,    0,    0,    0,    0,    0,    0,    0,    0,    0,    0,    0,    0,    0,    0,    0,    0,    0,    0,    0,    0,    0,    0,    0,    0,    0,    0,    0,    0,    0,    0,    0,    0,    0,    0,    0,    0,    0,    0,    0,    0,    0,    0,    0,    0,    0,    0,    0,    0,    0,    0,    0,    0,    0,    0,    0,    0,    0,    0,    0,    0,    0,    0,    0,    0,   -7,    0,    0,    0,    0,    0,    0,    0,    0,    0,    0,    0,    0,    0,
       0,    0,    0,    0,    0,    0,    0,    0,    0,    0,    0,    0,    0,    0,    0,    0,    0,    0,    0,    0,    0,    0,    0,    0,    0,    0,    0,    0,    0,    0,    0,    0,    0,    0,    0,    0,    0,    0,    0,    0,    0,    0,    0,    0,    0,    0,    0,    0,    0,    0,    0,    0,    0,    0,    0,    0,    0,    0,    0,    0,    0,    0,    0,    0,    0,    0,    0,    0,    0,    0,    0,    0,    0,    0,    0,    0,    0,    0,    0,    0,    0,    0,    0,    0,    0,    0,    0,    0,    0,    0,    0,    0,    0,    0,    0,    0,    0,    0,    0,    0,    0,    0,    0,    0,    0,    0,    0,    0,    0,    0,    0,    0,    0,    0,    0,    0,    0,    0,    0,    0,    0,    0,    0,    0,    0,    0,    0,    0,    0,    0,    0,    0,    0,    0,    0,    0,    0,    0,    0,    0,    0,    0,    0,    0,    0,    0,    0,    0,    0,    0,    0,    0,    0,    0,    0,    0,    0,    0,    0,    0,    0,    0,    0,    0,    0,    0,    0,    0,    0,    0,    0,    0,    0,    0,    0,    0,    0,    0,    0,    0,    0,    0,    0,    0,    0,    0,    0,    0,    0,    0,    0,    0,    0,    0,    0,    0,  -10,    0,    0,    0,    0,    0,    0,    0,    0,    0,    0,    0,    0,    0,    0,    0,    0,    0,    0,    0,    0,    0,    0,    0,    0,    0,    0,    0,  -17,   -3,   -7,   -7,    0,    0,    0,    0,    0,    0,    0,    0,    0,    0,    0,    0,    0,    0,    0,    0,    0,    0,    0,    0,  -17,    0,
       0,    0,    0,    0,    0,    0,    0,    0,    0,    0,    0,    0,    0,    0,    0,    0,    0,    0,    0,    0,    0,    0,    0,    0,    0,    0,    0,    0,    0,    0,    0,    0,    0,    0,    0,    0,    0,    0,    0,    0,    0,    0,    0,    0,    0,    0,    0,    0,    0,    0,    0,    0,    0,    0,    0,    0,    0,    0,    0,    0,    0,    0,    0,    0,    0,    0,    0,    0,    0,    0,    0,    0,    0,    0,    0,    0,    0,    0,    0,    0,    0,    0,    0,    0,    0,    0,    0,    0,    0,    0,    0,    0,    0,    0,    0,    0,    0,    0,    0,    0,    0,    0,    0,    0,    0,    0,    0,    0,    0,    0,    0,    0,    0,    0,    0,    0,    0,    0,    0,    0,    0,    0,    0,    0,    0,    0,    0,    0,    0,    0,    0,    0,    0,    0,    0,    0,    0,    0,    0,    0,    0,    0,    0,    0,    0,    0,    0,    0,    0,    0,    0,    0,    0,    0,    0,    0,    0,    0,    0,    0,    0,    0,    0,    0,    0,    0,    0,    0,    0,    0,    0,    0,    0,    0,    0,    0,    0,    0,    0,    0,    0,    0,    0,    0,    0,    0,    0,    0,    0,    0,    0,    0,    0,    0,    0,    0,    0,    0,    0,    0,    0,    0,    0,    0,    0,    0,    0,    0,    0,    0,    0,    0,    0,    0,    0,    0,    0,    0,    0,    0,    0,    0,    0,    0,  -17,    0,    0,    0,    0,    0,    0,    0,    0,    0,    0,    0,    0,    0,    0,    0,    0,    0,    0,    0,    0,    0,    0,    0,    0,    0,
       0,    0,    0,    0,    0,    0,    0,    0,    0,    0,    0,    0,    0,    0,    0,    0,    0,    0,    0,    0,    0,    0,    0,    0,    0,    0,    0,    0,    0,    0,    0,    0,    0,    0,    0,    0,    0,    0,    0,    0,    0,    0,    0,    0,    0,    0,    0,    0,    0,    0,    0,    0,    0,    0,    0,    0,    0,    0,    0,    0,    0,    0,    0,    0,    0,    0,    0,    0,    0,    0,    0,    0,    0,    0,    0,    0,    0,    0,    0,    0,    0,    0,    0,    0,    0,    0,    0,    0,    0,    0,    0,    0,    0,    0,    0,    0,    0,    0,    0,    0,    0,    0,    0,    0,    0,    0,    0,    0,    0,    0,    0,    0,    0,    0,    0,    0,    0,    0,    0,    0,    0,    0,    0,    0,    0,    0,    0,    0,    0,    0,    0,    0,    0,    0,    0,    0,    0,    0,    0,    0,    0,    0,    0,    0,    0,    0,    0,    0,    0,    0,    0,    0,    0,    0,    0,    0,    0,    0,    0,    0,    0,    0,    0,    0,    0,    0,    0,    0,    0,    0,    0,    0,    0,    0,    0,    0,    0,    0,    0,    0,    0,    0,    0,    0,    0,    0,    0,    0,    0,    0,    0,    0,    0,    0,    0,    0,    0,    0,    0,    0,    0,    0,    0,    0,    0,    0,    0,    0,    0,    0,   -7,   -7,    0,    0,    0,    0,    0,    0,    0,    0,    0,    0,    0,   -7,  -17,    0,    0,    0,  -10,  -10,  -10,    0,    0,    0,    0,    0,   -7,  -10,    0,    0,    0,    0,    0,    0,    0,    0,    0,    0,  -17,  -17,
       0,    0,    0,    0,    0,    0,    0,    0,    0,    0,    0,    0,    0,    0,    0,    0,    0,    0,    0,    0,    0,    0,    0,    0,    0,    0,    0,    0,    0,    0,    0,    0,    0,    0,    0,    0,    0,    0,    0,    0,    0,    0,    0,    0,    0,    0,    0,    0,    0,    0,    0,    0,    0,    0,    0,    0,    0,    0,    0,    0,    0,    0,    0,    0,    0,    0,    0,    0,    0,    0,    0,    0,    0,    0,    0,    0,    0,    0,    0,    0,    0,    0,    0,    0,    0,    0,    0,    0,    0,    0,    0,    0,    0,    0,    0,    0,    0,    0,    0,    0,    0,    0,    0,    0,    0,    0,    0,    0,    0,    0,    0,    0,    0,    0,    0,    0,    0,    0,    0,    0,    0,    0,    0,    0,    0,    0,    0,    0,    0,    0,    0,    0,    0,    0,    0,    0,    0,    0,    0,    0,    0,    0,    0,    0,    0,    0,    0,    0,    0,    0,    0,    0,    0,    0,    0,    0,    0,    0,    0,    0,    0,    0,    0,    0,    0,    0,    0,    0,    0,    0,    0,    0,    0,    0,    0,    0,    0,    0,    0,   -7,    0,    0,    0,    0,    0,    0,    0,    0,    0,    0,    0,    0,    0,    0,    0,    0,    0,    0,    0,    0,    0,    0,    0,    0,    0,    0,    0,    0,    0,    0,    0,    0,    0,    0,    0,    0,    0,    0,    0,    0,    0,    0,    0,    0,    0,    0,    0,    0,    0,    0,    0,    0,    0,    0,    0,    0,    0,    0,    0,    0,    0,    0,    0,    0,    0,    0,    0,    0,    0,    0,
       0,    0,    0,    0,    0,    0,    0,    0,    0,    0,    0,    0,    0,    0,    0,    0,    0,    0,    0,    0,    0,    0,    0,    0,    0,    0,    0,    0,    0,    0,    0,    0,    0,    0,    0,    0,    0,    0,    0,    0,    0,    0,    0,    0,    0,    0,    0,    0,    0,    0,    0,    0,    0,    0,    0,    0,    0,    0,    0,    0,    0,    0,    0,    0,    0,    0,    0,    0,    0,    0,    0,    0,    0,    0,    0,    0,    0,    0,    0,    0,    0,    0,    0,    0,    0,    0,    0,    0,    0,    0,    0,    0,    0,    0,    0,    0,    0,    0,    0,    0,    0,    0,    0,    0,    0,    0,    0,    0,    0,    0,    0,    0,    0,    0,    0,    0,    0,    0,    0,    0,    0,    0,    0,    0,    0,    0,    0,    0,    0,    0,    0,    0,    0,    0,    0,    0,    0,    0,    0,    0,    0,    0,    0,    0,    0,    0,    0,    0,    0,    0,    0,    0,    0,    0,    0,    0,    0,    0,    0,    0,    0,    0,    0,    0,    0,    0,    0,    0,    0,  -20,  -20,    0,    0,    0,    0,    0,    0,    0,  -13,  -13,  -13,    0,    0,    0,    0,    0,    0,    0,    0,    0,    0,    0,    0,    0,    0,  -13,  -13,    0,    0,    0,    0,    0,    0,    0,    0,    0,    0,   -7,   -7,   -7,  -17,  -17,    0,    0,    0,    0,    0,   -7,    0,    0,    0,    0,    0,    0,  -20,   -7,   -3,   -3,  -20,  -20,  -20,    0,    0,    0,    0,    0,  -10,  -13,    0,    0,    0,    0,    0,    0,    0,  -17,    0,    0,    0,    0,
};

static const EpdLigaturePair ubuntu_jp_10_boldLigaturePairs[] = {
    { 0x00660066, 0xFB00 }, // f f -> U+FB00
    { 0x00660069, 0xFB01 }, // f i -> U+FB01
    { 0x0066006C, 0xFB02 }, // f l -> U+FB02
    { 0xFB000069, 0xFB03 }, // U+FB00 i -> U+FB03
    { 0xFB00006C, 0xFB04 }, // U+FB00 l -> U+FB04
};

static const EpdFontData ubuntu_jp_10_bold = {
    ubuntu_jp_10_boldBitmaps,
    ubuntu_jp_10_boldGlyphs,
    ubuntu_jp_10_boldIntervals,
    286,
    24,
    20,
    -4,
    true,
    ubuntu_jp_10_boldGroups,
    15,
    nullptr,
    ubuntu_jp_10_boldKernLeftClasses,
    ubuntu_jp_10_boldKernRightClasses,
    ubuntu_jp_10_boldKernMatrix,
    761,
    742,
    279,
    250,
    ubuntu_jp_10_boldLigaturePairs,
    5,
};
